code,name,last_price,volume,turnover,option_type,strike_time,option_strike_price,option_open_interest,option_implied_volatility,option_delta,option_gamma,option_theta,option_vega,option_expiry_date_distance,option_contract_size,stock_owner,atm_degree_pct,anomaly_reason,scan_symbol,scan_timestamp
US.ARM260501C210000,ARM 260501 210.00C,210.32,7111,2948300.0,CALL,2026-05-01,210.0,2699,112.862,0.522990659,0.04225877,-3.35818058,0.03325899,0,100.0,US.ARM,0.0015214910612399827,"成交额 $2,948,300 ≥ 阈值 $500,000 | 成交量 7,111 手",US.ARM,2026-05-01 14:14:19
US.ARM260501C215000,ARM 260501 215.00C,210.32,9007,2421612.0,CALL,2026-05-01,215.0,3002,116.712,0.326170057,0.03698263,-3.120550382,0.030099201,0,100.0,US.ARM,-0.022251806770635256,"成交额 $2,421,612 ≥ 阈值 $500,000 | 成交量 9,007 手",US.ARM,2026-05-01 14:14:19
US.ARM260508C207500,ARM 260508 207.50C,210.32,1195,1784888.0,CALL,2026-05-08,207.5,466,113.944,0.567061045,0.011391632,-0.938307507,0.119166068,7,100.0,US.ARM,0.013408139977177602,"成交额 $1,784,888 ≥ 阈值 $500,000 | 成交量 1,195 手",US.ARM,2026-05-01 14:14:19
US.ARM260618C300000,ARM 260618 300.00C,210.32,3366,1661590.0,CALL,2026-06-18,300.0,414,85.727,0.167570532,0.003811821,-0.172480899,0.192360271,48,100.0,US.ARM,-0.4263978699125143,"成交额 $1,661,590 ≥ 阈值 $500,000 | 成交量 3,366 手",US.ARM,2026-05-01 14:14:19
US.ARM261016C310000,ARM 261016 310.00C,210.32,1010,1587518.0,CALL,2026-10-16,310.0,1009,75.781,0.321595651,0.003308414,-0.120178746,0.51218307,168,100.0,US.ARM,-0.4739444655762648,"成交额 $1,587,518 ≥ 阈值 $500,000 | 成交量 1,010 手",US.ARM,2026-05-01 14:14:19
US.ARM260618C210000,ARM 260618 210.00C,210.32,619,1519180.0,CALL,2026-06-18,210.0,2355,80.927,0.567151263,0.006333715,-0.262050325,0.301745617,48,100.0,US.ARM,0.0015214910612399827,"成交额 $1,519,180 ≥ 阈值 $500,000 | 成交量 619 手",US.ARM,2026-05-01 14:14:19
US.ARM260821C200000,ARM 260821 200.00C,210.32,317,1330913.0,CALL,2026-08-21,200.0,1205,76.838,0.639637251,0.004169896,-0.158822172,0.437132935,112,100.0,US.ARM,0.04906808672499046,"成交额 $1,330,913 ≥ 阈值 $500,000 | 成交量 317 手",US.ARM,2026-05-01 14:14:19
US.ARM260515C165000,ARM 260515 165.00C,210.32,280,1317412.0,CALL,2026-05-15,165.0,2401,98.586,0.909505062,0.003935202,-0.243942997,0.068526325,14,100.0,US.ARM,0.21548117154811713,"成交额 $1,317,412 ≥ 阈值 $500,000 | 成交量 280 手",US.ARM,2026-05-01 14:14:19
US.ARM260501C205000,ARM 260501 205.00C,210.32,1734,1069047.0,CALL,2026-05-01,205.0,1673,115.684,0.719715309,0.034862756,-2.891828372,0.028123833,0,100.0,US.ARM,0.025294788893115223,"成交额 $1,069,047 ≥ 阈值 $500,000 | 成交量 1,734 手",US.ARM,2026-05-01 14:14:19
US.ARM261016P200000,ARM 261016 200.00P,210.32,305,1036183.0,PUT,2026-10-16,200.0,59,72.936,-0.353528184,0.003600788,-0.106264223,0.531069769,168,100.0,US.ARM,-0.04906808672499046,"成交额 $1,036,183 ≥ 阈值 $500,000 | 成交量 305 手",US.ARM,2026-05-01 14:14:19
US.ARM261016C240000,ARM 261016 240.00C,210.32,336,1035138.0,CALL,2026-10-16,240.0,1651,74.451,0.510050928,0.003747729,-0.133465538,0.570033771,168,100.0,US.ARM,-0.14111829593001146,"成交额 $1,035,138 ≥ 阈值 $500,000 | 成交量 336 手",US.ARM,2026-05-01 14:14:19
US.ARM260501C220000,ARM 260501 220.00C,210.32,5666,1023162.0,CALL,2026-05-01,220.0,4544,116.749,0.171997154,0.026150544,-2.164634352,0.021289617,0,100.0,US.ARM,-0.0460251046025105,"成交额 $1,023,162 ≥ 阈值 $500,000 | 成交量 5,666 手",US.ARM,2026-05-01 14:14:19
US.ARM260515P200000,ARM 260515 200.00P,210.32,814,930826.0,PUT,2026-05-15,200.0,1312,97.068,-0.358184914,0.009159849,-0.523379068,0.156948334,14,100.0,US.ARM,-0.04906808672499046,"成交额 $930,826 ≥ 阈值 $500,000 | 成交量 814 手",US.ARM,2026-05-01 14:14:19
US.ARM260515P190000,ARM 260515 190.00P,210.32,1202,904010.0,PUT,2026-05-15,190.0,1348,95.189,-0.262232546,0.008146376,-0.447046898,0.13691719,14,100.0,US.ARM,-0.09661468238874094,"成交额 $904,010 ≥ 阈值 $500,000 | 成交量 1,202 手",US.ARM,2026-05-01 14:14:19
US.ARM260508C240000,ARM 260508 240.00C,210.32,1755,876875.0,CALL,2026-05-08,240.0,1858,117.642,0.245185437,0.008822872,-0.753976151,0.095288368,7,100.0,US.ARM,-0.14111829593001146,"成交额 $876,875 ≥ 阈值 $500,000 | 成交量 1,755 手",US.ARM,2026-05-01 14:14:19
US.ARM260508C205000,ARM 260508 205.00C,210.32,557,843317.0,CALL,2026-05-08,205.0,1134,116.155,0.595328268,0.011010174,-0.942269231,0.117410239,7,100.0,US.ARM,0.025294788893115223,"成交额 $843,317 ≥ 阈值 $500,000 | 成交量 557 手",US.ARM,2026-05-01 14:14:19
US.ARM260618C200000,ARM 260618 200.00C,210.32,281,837275.0,CALL,2026-06-18,200.0,3217,80.752,0.630988993,0.006088656,-0.252050621,0.289439736,48,100.0,US.ARM,0.04906808672499046,"成交额 $837,275 ≥ 阈值 $500,000 | 成交量 281 手",US.ARM,2026-05-01 14:14:19
US.ARM260508C215000,ARM 260508 215.00C,210.32,648,795669.0,CALL,2026-05-08,215.0,193,113.217,0.480555215,0.011615631,-0.942606692,0.120734262,7,100.0,US.ARM,-0.022251806770635256,"成交额 $795,669 ≥ 阈值 $500,000 | 成交量 648 手",US.ARM,2026-05-01 14:14:19
US.ARM260618C250000,ARM 260618 250.00C,210.32,664,791819.0,CALL,2026-06-18,250.0,3363,82.951,0.34315398,0.005777302,-0.247676806,0.282113667,48,100.0,US.ARM,-0.18866489159376193,"成交额 $791,819 ≥ 阈值 $500,000 | 成交量 664 手",US.ARM,2026-05-01 14:14:19
US.ARM260508C220000,ARM 260508 220.00C,210.32,686,697847.0,CALL,2026-05-08,220.0,837,114.418,0.426224373,0.011310014,-0.934528954,0.118804779,7,100.0,US.ARM,-0.0460251046025105,"成交额 $697,847 ≥ 阈值 $500,000 | 成交量 686 手",US.ARM,2026-05-01 14:14:19
US.ARM260508C210000,ARM 260508 210.00C,210.32,501,691111.0,CALL,2026-05-08,210.0,320,112.426,0.537855739,0.011658507,-0.934643615,0.120333341,7,100.0,US.ARM,0.0015214910612399827,"成交额 $691,111 ≥ 阈值 $500,000 | 成交量 501 手",US.ARM,2026-05-01 14:14:19
US.ARM260508C200000,ARM 260508 200.00C,210.32,341,681114.0,CALL,2026-05-08,200.0,836,117.13,0.650620193,0.010429929,-0.906824107,0.112156522,7,100.0,US.ARM,0.04906808672499046,"成交额 $681,114 ≥ 阈值 $500,000 | 成交量 341 手",US.ARM,2026-05-01 14:14:19
US.ARM260515C220000,ARM 260515 220.00C,210.32,546,642663.0,CALL,2026-05-15,220.0,2315,99.193,0.452008852,0.009499987,-0.584216343,0.166454591,14,100.0,US.ARM,-0.0460251046025105,"成交额 $642,663 ≥ 阈值 $500,000 | 成交量 546 手",US.ARM,2026-05-01 14:14:19
US.ARM260501C200000,ARM 260501 200.00C,210.32,631,608950.0,CALL,2026-05-01,200.0,2524,94.402,0.913492897,0.02000061,-1.074382114,0.013165917,0,100.0,US.ARM,0.04906808672499046,"成交额 $608,950 ≥ 阈值 $500,000 | 成交量 631 手",US.ARM,2026-05-01 14:14:19
US.ARM260515C230000,ARM 260515 230.00C,210.32,653,601476.0,CALL,2026-05-15,230.0,3253,97.628,0.361847233,0.009133791,-0.541565443,0.157511028,14,100.0,US.ARM,-0.09357170026626097,"成交额 $601,476 ≥ 阈值 $500,000 | 成交量 653 手",US.ARM,2026-05-01 14:14:19
US.ARM260918P195000,ARM 260918 195.00P,210.32,203,558765.0,PUT,2026-09-18,195.0,378,74.441,-0.337487377,0.003787114,-0.118165677,0.476711626,140,100.0,US.ARM,-0.0728413845568657,"成交额 $558,765 ≥ 阈值 $500,000 | 成交量 203 手",US.ARM,2026-05-01 14:14:19
US.ARM260515C200000,ARM 260515 200.00C,210.32,251,546258.0,CALL,2026-05-15,200.0,3979,94.494,0.643761864,0.009385712,-0.527671618,0.156660878,14,100.0,US.ARM,0.04906808672499046,"成交额 $546,258 ≥ 阈值 $500,000 | 成交量 251 手",US.ARM,2026-05-01 14:14:19
US.BABA260618C150000,BABA 260618 150.00C,131.88,3646,1117708.0,CALL,2026-06-18,150.0,21882,45.713,0.254735214,0.01459254,-0.075824747,0.154386905,48,100.0,US.BABA,-0.13739763421292087,"成交额 $1,117,708 ≥ 阈值 $500,000 | 成交量 3,646 手",US.BABA,2026-05-01 14:14:47
US.BABA260515C135000,BABA 260515 135.00C,131.88,2353,890171.0,CALL,2026-05-15,135.0,20161,53.103,0.438948177,0.028172392,-0.197795214,0.103901729,14,100.0,US.BABA,-0.023657870791628788,"成交额 $890,171 ≥ 阈值 $500,000 | 成交量 2,353 手",US.BABA,2026-05-01 14:14:47
US.BABA260618C140000,BABA 260618 140.00C,131.88,1433,766328.0,CALL,2026-06-18,140.0,16105,43.984,0.396638989,0.018216333,-0.088993226,0.185449307,48,100.0,US.BABA,-0.061571125265392816,"成交额 $766,328 ≥ 阈值 $500,000 | 成交量 1,433 手",US.BABA,2026-05-01 14:14:47
US.BABA260618C110000,BABA 260618 110.00C,131.88,261,592620.0,CALL,2026-06-18,110.0,1144,48.684,0.872320795,0.008919606,-0.059421396,0.100496753,48,100.0,US.BABA,0.16590840157719136,"成交额 $592,620 ≥ 阈值 $500,000 | 成交量 261 手",US.BABA,2026-05-01 14:14:47
US.BABA260501C130000,BABA 260501 130.00C,131.88,3088,586810.0,CALL,2026-05-01,130.0,2504,58.304,0.737060192,0.106867686,-0.888666231,0.017080807,0,100.0,US.BABA,0.01425538368213524,"成交额 $586,810 ≥ 阈值 $500,000 | 成交量 3,088 手",US.BABA,2026-05-01 14:14:47
US.BABA260508C135000,BABA 260508 135.00C,131.88,3058,528088.0,CALL,2026-05-08,135.0,1035,40.419,0.35960629,0.048699415,-0.199582088,0.071049022,7,100.0,US.BABA,-0.023657870791628788,"成交额 $528,088 ≥ 阈值 $500,000 | 成交量 3,058 手",US.BABA,2026-05-01 14:14:47
US.BABA260618P140000,BABA 260618 140.00P,131.88,387,525146.0,PUT,2026-06-18,140.0,11803,46.544,-0.597492813,0.017535658,-0.081831994,0.185754679,48,100.0,US.BABA,0.061571125265392816,"成交额 $525,146 ≥ 阈值 $500,000 | 成交量 387 手",US.BABA,2026-05-01 14:14:47
US.COIN261016P185000,COIN 261016 185.00P,187.77,664,7251817.0,PUT,2026-10-16,185.0,66,71.925,-0.381746664,0.004202119,-0.095415959,0.486202234,168,100.0,US.COIN,-0.014752090323267882,"成交额 $7,251,817 ≥ 阈值 $500,000 | 成交量 664 手",US.COIN,2026-05-01 14:15:20
US.COIN260508C195000,COIN 260508 195.00C,187.77,4094,2720469.0,CALL,2026-05-08,195.0,5933,89.552,0.411957891,0.016065763,-0.649346016,0.105277362,7,100.0,US.COIN,-0.03850455344304196,"成交额 $2,720,469 ≥ 阈值 $500,000 | 成交量 4,094 手",US.COIN,2026-05-01 14:15:20
US.COIN260618C190000,COIN 260618 190.00C,187.77,850,1579256.0,CALL,2026-06-18,190.0,1565,72.966,0.542556614,0.00793635,-0.21337072,0.271716945,48,100.0,US.COIN,-0.01187623155988704,"成交额 $1,579,256 ≥ 阈值 $500,000 | 成交量 850 手",US.COIN,2026-05-01 14:15:20
US.COIN260508C192500,COIN 260508 192.50C,187.77,2101,1498282.0,CALL,2026-05-08,192.5,120,91.857,0.45376949,0.015947372,-0.679785189,0.107191022,7,100.0,US.COIN,-0.0251903925014645,"成交额 $1,498,282 ≥ 阈值 $500,000 | 成交量 2,101 手",US.COIN,2026-05-01 14:15:20
US.COIN260501C190000,COIN 260501 190.00C,187.77,7137,1413644.0,CALL,2026-05-01,190.0,4753,95.214,0.385171406,0.053863184,-2.421155311,0.028497851,0,100.0,US.COIN,-0.01187623155988704,"成交额 $1,413,644 ≥ 阈值 $500,000 | 成交量 7,137 手",US.COIN,2026-05-01 14:15:20
US.COIN260515C200000,COIN 260515 200.00C,187.77,2190,1391477.0,CALL,2026-05-15,200.0,4489,81.034,0.382181957,0.012544122,-0.410211846,0.143113925,14,100.0,US.COIN,-0.06513287532619688,"成交额 $1,391,477 ≥ 阈值 $500,000 | 成交量 2,190 手",US.COIN,2026-05-01 14:15:20
US.COIN260618C220000,COIN 260618 220.00C,187.77,1600,1365830.0,CALL,2026-06-18,220.0,2610,72.239,0.325991417,0.007282438,-0.189329998,0.246839499,48,100.0,US.COIN,-0.17164616285881656,"成交额 $1,365,830 ≥ 阈值 $500,000 | 成交量 1,600 手",US.COIN,2026-05-01 14:15:20
US.COIN260508C205000,COIN 260508 205.00C,187.77,3510,1346105.0,CALL,2026-05-08,205.0,1772,90.46,0.273345262,0.01359523,-0.551853858,0.089989776,7,100.0,US.COIN,-0.0917611972093518,"成交额 $1,346,105 ≥ 阈值 $500,000 | 成交量 3,510 手",US.COIN,2026-05-01 14:15:20
US.COIN260508C190000,COIN 260508 190.00C,187.77,1447,1142874.0,CALL,2026-05-08,190.0,1274,89.754,0.491689329,0.016427956,-0.669997698,0.107893175,7,100.0,US.COIN,-0.01187623155988704,"成交额 $1,142,874 ≥ 阈值 $500,000 | 成交量 1,447 手",US.COIN,2026-05-01 14:15:20
US.COIN260501C185000,COIN 260501 185.00C,187.77,2976,1103777.0,CALL,2026-05-01,185.0,1642,94.599,0.661307448,0.051883052,-2.303848618,0.027272908,0,100.0,US.COIN,0.014752090323267882,"成交额 $1,103,777 ≥ 阈值 $500,000 | 成交量 2,976 手",US.COIN,2026-05-01 14:15:20
US.COIN260618P180000,COIN 260618 180.00P,187.77,632,983845.0,PUT,2026-06-18,180.0,2753,72.431,-0.379017322,0.007689997,-0.187607687,0.260520998,48,100.0,US.COIN,-0.0413804122064228,"成交额 $983,845 ≥ 阈值 $500,000 | 成交量 632 手",US.COIN,2026-05-01 14:15:20
US.COIN260515C210000,COIN 260515 210.00C,187.77,2158,954387.0,CALL,2026-05-15,210.0,5567,81.643,0.275801931,0.010907643,-0.35902973,0.125376721,14,100.0,US.COIN,-0.11838951909250672,"成交额 $954,387 ≥ 阈值 $500,000 | 成交量 2,158 手",US.COIN,2026-05-01 14:15:20
US.COIN260508C202500,COIN 260508 202.50C,187.77,2034,836718.0,CALL,2026-05-08,202.5,295,90.56,0.305771341,0.014314802,-0.585150502,0.094857322,7,100.0,US.COIN,-0.07844703626777434,"成交额 $836,718 ≥ 阈值 $500,000 | 成交量 2,034 手",US.COIN,2026-05-01 14:15:20
US.COIN260508C200000,COIN 260508 200.00C,187.77,1712,762695.0,CALL,2026-05-08,200.0,1183,90.126,0.338973512,0.015011837,-0.610333438,0.099000304,7,100.0,US.COIN,-0.06513287532619688,"成交额 $762,695 ≥ 阈值 $500,000 | 成交量 1,712 手",US.COIN,2026-05-01 14:15:20
US.COIN260501P197500,COIN 260501 197.50P,187.77,648,749537.0,PUT,2026-05-01,197.5,781,90.871,-0.916524494,0.022742685,-0.863848079,0.011438773,0,100.0,US.COIN,0.05181871438461942,"成交额 $749,537 ≥ 阈值 $500,000 | 成交量 648 手",US.COIN,2026-05-01 14:15:20
US.COIN260501C187500,COIN 260501 187.50C,187.77,2772,747741.0,CALL,2026-05-01,187.5,608,93.3,0.523489223,0.057261709,-2.48026914,0.029686992,0,100.0,US.COIN,0.0014379293816904203,"成交额 $747,741 ≥ 阈值 $500,000 | 成交量 2,772 手",US.COIN,2026-05-01 14:15:20
US.COIN260501C180000,COIN 260501 180.00C,187.77,1037,674309.0,CALL,2026-05-01,180.0,1212,103.528,0.853182938,0.029781835,-1.55314699,0.01713238,0,100.0,US.COIN,0.0413804122064228,"成交额 $674,309 ≥ 阈值 $500,000 | 成交量 1,037 手",US.COIN,2026-05-01 14:15:20
US.COIN260918P170000,COIN 260918 170.00P,187.77,253,593128.0,PUT,2026-09-18,170.0,915,72.974,-0.31864813,0.004225115,-0.101212742,0.415841523,140,100.0,US.COIN,-0.09463705597273264,"成交额 $593,128 ≥ 阈值 $500,000 | 成交量 253 手",US.COIN,2026-05-01 14:15:20
US.COIN260618P175000,COIN 260618 175.00P,187.77,386,540599.0,PUT,2026-06-18,175.0,742,72.617,-0.339230576,0.007376642,-0.181508772,0.250701481,48,100.0,US.COIN,-0.06800873408957772,"成交额 $540,599 ≥ 阈值 $500,000 | 成交量 386 手",US.COIN,2026-05-01 14:15:20
US.COIN260501P187500,COIN 260501 187.50P,187.77,1563,523886.0,PUT,2026-05-01,187.5,2236,92.478,-0.476456835,0.057774942,-2.440098883,0.029686312,0,100.0,US.COIN,-0.0014379293816904203,"成交额 $523,886 ≥ 阈值 $500,000 | 成交量 1,563 手",US.COIN,2026-05-01 14:15:20
US.COIN260501C182500,COIN 260501 182.50C,187.77,1137,522266.0,CALL,2026-05-01,182.5,898,95.63,0.779447747,0.041595356,-1.871324079,0.022103046,0,100.0,US.COIN,0.028066251264845344,"成交额 $522,266 ≥ 阈值 $500,000 | 成交量 1,137 手",US.COIN,2026-05-01 14:15:20
US.COIN260515C190000,COIN 260515 190.00C,187.77,477,508144.0,CALL,2026-05-15,190.0,12702,81.853,0.507364662,0.012987062,-0.436085482,0.14966619,14,100.0,US.COIN,-0.01187623155988704,"成交额 $508,144 ≥ 阈值 $500,000 | 成交量 477 手",US.COIN,2026-05-01 14:15:20
US.INTC260821C65000,INTC 260821 65.00C,94.48,30022,95621881.0,CALL,2026-08-21,65.0,32949,77.674,0.866204745,0.005294587,-0.043889809,0.113217849,112,100.0,US.INTC,0.31202370872142254,"成交额 $95,621,881 ≥ 阈值 $500,000 | 成交量 30,022 手",US.INTC,2026-05-01 14:15:48
US.INTC260515C70000,INTC 260515 70.00C,94.48,12707,30291345.0,CALL,2026-05-15,70.0,32908,97.668,0.949663351,0.005623211,-0.070459459,0.019575471,14,100.0,US.INTC,0.25910245554614736,"成交额 $30,291,345 ≥ 阈值 $500,000 | 成交量 12,707 手",US.INTC,2026-05-01 14:15:48
US.INTC260515C78000,INTC 260515 78.00C,94.48,9213,14907611.0,CALL,2026-05-15,78.0,9450,80.062,0.900978832,0.01152734,-0.096397453,0.032894018,14,100.0,US.INTC,0.17442845046570707,"成交额 $14,907,611 ≥ 阈值 $500,000 | 成交量 9,213 手",US.INTC,2026-05-01 14:15:48
US.INTC260501C95000,INTC 260501 95.00C,94.48,71776,10572759.0,CALL,2026-05-01,95.0,8933,120.756,0.464378501,0.087777913,-1.610042561,0.014895418,0,100.0,US.INTC,-0.005503810330228578,"成交额 $10,572,759 ≥ 阈值 $500,000 | 成交量 71,776 手",US.INTC,2026-05-01 14:15:48
US.INTC260508C100000,INTC 260508 100.00C,94.48,32904,7785879.0,CALL,2026-05-08,100.0,8284,85.388,0.346794365,0.031763693,-0.293934356,0.050242409,7,100.0,US.INTC,-0.05842506350550376,"成交额 $7,785,879 ≥ 阈值 $500,000 | 成交量 32,904 手",US.INTC,2026-05-01 14:15:48
US.INTC260501C90000,INTC 260501 90.00C,94.48,14620,6097672.0,CALL,2026-05-01,90.0,30707,132.512,0.829280839,0.051080181,-1.107448848,0.009511688,0,100.0,US.INTC,0.04741744284504661,"成交额 $6,097,672 ≥ 阈值 $500,000 | 成交量 14,620 手",US.INTC,2026-05-01 14:15:48
US.INTC260501C93000,INTC 260501 93.00C,94.48,24331,5839470.0,CALL,2026-05-01,93.0,7441,123.154,0.636348298,0.081315783,-1.549232295,0.014072839,0,100.0,US.INTC,0.015664690939881497,"成交额 $5,839,470 ≥ 阈值 $500,000 | 成交量 24,331 手",US.INTC,2026-05-01 14:15:48
US.INTC260618C100000,INTC 260618 100.00C,94.48,7273,5708363.0,CALL,2026-06-18,100.0,15548,76.463,0.481343211,0.015121019,-0.112339671,0.13735086,48,100.0,US.INTC,-0.05842506350550376,"成交额 $5,708,363 ≥ 阈值 $500,000 | 成交量 7,273 手",US.INTC,2026-05-01 14:15:48
US.INTC260515C100000,INTC 260515 100.00C,94.48,13895,5176886.0,CALL,2026-05-15,100.0,13879,81.114,0.397301757,0.025182851,-0.209098825,0.072808296,14,100.0,US.INTC,-0.05842506350550376,"成交额 $5,176,886 ≥ 阈值 $500,000 | 成交量 13,895 手",US.INTC,2026-05-01 14:15:48
US.INTC260501C94000,INTC 260501 94.00C,94.48,23463,4583887.0,CALL,2026-05-01,94.0,10178,120.473,0.552369544,0.087573985,-1.599697803,0.014826035,0,100.0,US.INTC,0.00508044030482646,"成交额 $4,583,887 ≥ 阈值 $500,000 | 成交量 23,463 手",US.INTC,2026-05-01 14:15:48
US.INTC260501P92000,INTC 260501 92.00P,94.48,24602,4276960.0,PUT,2026-05-01,92.0,3102,120.896,-0.281066458,0.074414723,-1.351088643,0.01264199,0,100.0,US.INTC,-0.026248941574936537,"成交额 $4,276,960 ≥ 阈值 $500,000 | 成交量 24,602 手",US.INTC,2026-05-01 14:15:48
US.INTC260501P93000,INTC 260501 93.00P,94.48,20730,4112028.0,PUT,2026-05-01,93.0,6439,118.902,-0.359633978,0.083907161,-1.480866528,0.014019409,0,100.0,US.INTC,-0.015664690939881497,"成交额 $4,112,028 ≥ 阈值 $500,000 | 成交量 20,730 手",US.INTC,2026-05-01 14:15:48
US.INTC260501C82000,INTC 260501 82.00C,94.48,3409,3960102.0,CALL,2026-05-01,82.0,4019,204.146,0.963290426,0.010499255,-0.513999235,0.003012028,0,100.0,US.INTC,0.1320914479254869,"成交额 $3,960,102 ≥ 阈值 $500,000 | 成交量 3,409 手",US.INTC,2026-05-01 14:15:48
US.INTC260501C48500,INTC 260501 48.50C,94.48,854,3830514.0,CALL,2026-05-01,48.5,82,685.062,0.995192411,0.000543706,-0.278296719,0.000523425,0,100.0,US.INTC,0.48666384419983066,"成交额 $3,830,514 ≥ 阈值 $500,000 | 成交量 854 手",US.INTC,2026-05-01 14:15:48
US.INTC260508C90000,INTC 260508 90.00C,94.48,5655,3810891.0,CALL,2026-05-08,90.0,6606,84.79,0.679014163,0.031027581,-0.286555119,0.048734611,7,100.0,US.INTC,0.04741744284504661,"成交额 $3,810,891 ≥ 阈值 $500,000 | 成交量 5,655 手",US.INTC,2026-05-01 14:15:48
US.INTC260508C95000,INTC 260508 95.00C,94.48,8693,3535018.0,CALL,2026-05-08,95.0,5285,84.031,0.508538285,0.034873626,-0.316137306,0.054285518,7,100.0,US.INTC,-0.005503810330228578,"成交额 $3,535,018 ≥ 阈值 $500,000 | 成交量 8,693 手",US.INTC,2026-05-01 14:15:48
US.INTC260501C80000,INTC 260501 80.00C,94.48,2327,3311976.0,CALL,2026-05-01,80.0,13042,223.487,0.972640458,0.007522607,-0.437139772,0.002362554,0,100.0,US.INTC,0.153259949195597,"成交额 $3,311,976 ≥ 阈值 $500,000 | 成交量 2,327 手",US.INTC,2026-05-01 14:15:48
US.INTC260515C95000,INTC 260515 95.00C,94.48,5943,3239883.0,CALL,2026-05-15,95.0,15965,79.774,0.521676391,0.026449117,-0.213828886,0.075207324,14,100.0,US.INTC,-0.005503810330228578,"成交额 $3,239,883 ≥ 阈值 $500,000 | 成交量 5,943 手",US.INTC,2026-05-01 14:15:48
US.INTC260821C110000,INTC 260821 110.00C,94.48,2932,3218660.0,CALL,2026-08-21,110.0,11020,78.234,0.457371397,0.009662916,-0.075650093,0.208128072,112,100.0,US.INTC,-0.16426756985605415,"成交额 $3,218,660 ≥ 阈值 $500,000 | 成交量 2,932 手",US.INTC,2026-05-01 14:15:48
US.INTC260508P90000,INTC 260508 90.00P,94.48,9838,2966120.0,PUT,2026-05-08,90.0,5038,83.183,-0.318722442,0.031543509,-0.271594016,0.048587364,7,100.0,US.INTC,-0.04741744284504661,"成交额 $2,966,120 ≥ 阈值 $500,000 | 成交量 9,838 手",US.INTC,2026-05-01 14:15:48
US.INTC260501C49000,INTC 260501 49.00C,94.48,659,2916533.0,CALL,2026-05-01,49.0,589,715.055,0.992980377,0.000728782,-0.411087656,0.000732314,0,100.0,US.INTC,0.4813717188823032,"成交额 $2,916,533 ≥ 阈值 $500,000 | 成交量 659 手",US.INTC,2026-05-01 14:15:48
US.INTC260618C95000,INTC 260618 95.00C,94.48,2817,2737152.0,CALL,2026-06-18,95.0,17799,76.264,0.554378766,0.015035981,-0.111678898,0.136222299,48,100.0,US.INTC,-0.005503810330228578,"成交额 $2,737,152 ≥ 阈值 $500,000 | 成交量 2,817 手",US.INTC,2026-05-01 14:15:48
US.INTC260717C100000,INTC 260717 100.00C,94.48,2641,2671184.0,CALL,2026-07-17,100.0,5196,74.998,0.512345445,0.012206625,-0.087945703,0.17368173,77,100.0,US.INTC,-0.05842506350550376,"成交额 $2,671,184 ≥ 阈值 $500,000 | 成交量 2,641 手",US.INTC,2026-05-01 14:15:48
US.INTC260501P90000,INTC 260501 90.00P,94.48,29434,2652464.0,PUT,2026-05-01,90.0,9540,124.419,-0.156278607,0.051367749,-0.970869168,0.008980952,0,100.0,US.INTC,-0.04741744284504661,"成交额 $2,652,464 ≥ 阈值 $500,000 | 成交量 29,434 手",US.INTC,2026-05-01 14:15:48
US.INTC260501C88000,INTC 260501 88.00C,94.48,4451,2645662.0,CALL,2026-05-01,88.0,11969,143.775,0.898851316,0.032834181,-0.82490752,0.006633792,0,100.0,US.INTC,0.06858594411515669,"成交额 $2,645,662 ≥ 阈值 $500,000 | 成交量 4,451 手",US.INTC,2026-05-01 14:15:48
US.INTC260501C49500,INTC 260501 49.50C,94.48,590,2588010.0,CALL,2026-05-01,49.5,371,704.889,0.992883347,0.000748304,-0.410376674,0.000741239,0,100.0,US.INTC,0.47607959356477564,"成交额 $2,588,010 ≥ 阈值 $500,000 | 成交量 590 手",US.INTC,2026-05-01 14:15:48
US.INTC260501C48000,INTC 260501 48.00C,94.48,567,2565747.0,CALL,2026-05-01,48.0,1329,735.694,0.99316963,0.000691449,-0.412483884,0.000714853,0,100.0,US.INTC,0.4919559695173582,"成交额 $2,565,747 ≥ 阈值 $500,000 | 成交量 567 手",US.INTC,2026-05-01 14:15:48
US.INTC260618C105000,INTC 260618 105.00C,94.48,3718,2431472.0,CALL,2026-06-18,105.0,13914,76.949,0.413508253,0.014687142,-0.110032039,0.134255918,48,100.0,US.INTC,-0.11134631668077895,"成交额 $2,431,472 ≥ 阈值 $500,000 | 成交量 3,718 手",US.INTC,2026-05-01 14:15:48
US.INTC260515P85000,INTC 260515 85.00P,94.48,9185,2376997.0,PUT,2026-05-15,85.0,3221,81.449,-0.229802985,0.01974358,-0.159528665,0.057294394,14,100.0,US.INTC,-0.1003386960203218,"成交额 $2,376,997 ≥ 阈值 $500,000 | 成交量 9,185 手",US.INTC,2026-05-01 14:15:48
US.INTC260821C95000,INTC 260821 95.00C,94.48,1581,2337685.0,CALL,2026-08-21,95.0,5649,77.511,0.59036227,0.009556378,-0.074296477,0.203933107,112,100.0,US.INTC,-0.005503810330228578,"成交额 $2,337,685 ≥ 阈值 $500,000 | 成交量 1,581 手",US.INTC,2026-05-01 14:15:48
US.INTC260821P92500,INTC 260821 92.50P,94.48,1530,2269556.0,PUT,2026-08-21,92.5,30,76.773,-0.38823448,0.009580244,-0.064420656,0.200961081,112,100.0,US.INTC,-0.020956816257409017,"成交额 $2,269,556 ≥ 阈值 $500,000 | 成交量 1,530 手",US.INTC,2026-05-01 14:15:48
US.INTC260717P100000,INTC 260717 100.00P,94.48,1335,2180758.0,PUT,2026-07-17,100.0,350,73.96,-0.491518617,0.012485742,-0.077819769,0.17358221,77,100.0,US.INTC,0.05842506350550376,"成交额 $2,180,758 ≥ 阈值 $500,000 | 成交量 1,335 手",US.INTC,2026-05-01 14:15:48
US.INTC260501C50000,INTC 260501 50.00C,94.48,474,2067817.0,CALL,2026-05-01,50.0,2513,694.821,0.992784647,0.000768426,-0.409656968,0.0007503,0,100.0,US.INTC,0.4707874682472481,"成交额 $2,067,817 ≥ 阈值 $500,000 | 成交量 474 手",US.INTC,2026-05-01 14:15:48
US.INTC260522C100000,INTC 260522 100.00C,94.48,4233,2066137.0,CALL,2026-05-22,100.0,1559,79.266,0.425768129,0.021530271,-0.170711956,0.090046289,21,100.0,US.INTC,-0.05842506350550376,"成交额 $2,066,137 ≥ 阈值 $500,000 | 成交量 4,233 手",US.INTC,2026-05-01 14:15:48
US.INTC260508C94000,INTC 260508 94.00C,94.48,4493,2029109.0,CALL,2026-05-08,94.0,997,84.451,0.543352703,0.034502855,-0.316209006,0.053977033,7,100.0,US.INTC,0.00508044030482646,"成交额 $2,029,109 ≥ 阈值 $500,000 | 成交量 4,493 手",US.INTC,2026-05-01 14:15:48
US.INTC260501C60000,INTC 260501 60.00C,94.48,592,1991321.0,CALL,2026-05-01,60.0,1859,511.273,0.990356718,0.001347169,-0.393169437,0.000967911,0,100.0,US.INTC,0.36494496189669773,"成交额 $1,991,321 ≥ 阈值 $500,000 | 成交量 592 手",US.INTC,2026-05-01 14:15:48
US.INTC260508P93000,INTC 260508 93.00P,94.48,4459,1957654.0,PUT,2026-05-08,93.0,901,82.79,-0.421563848,0.034736979,-0.297054367,0.053240177,7,100.0,US.INTC,-0.015664690939881497,"成交额 $1,957,654 ≥ 阈值 $500,000 | 成交量 4,459 手",US.INTC,2026-05-01 14:15:48
US.INTC260501C96000,INTC 260501 96.00C,94.48,15244,1947347.0,CALL,2026-05-01,96.0,2532,123.396,0.381961554,0.082440509,-1.574358078,0.014295542,0,100.0,US.INTC,-0.016088060965283615,"成交额 $1,947,347 ≥ 阈值 $500,000 | 成交量 15,244 手",US.INTC,2026-05-01 14:15:48
US.INTC260501P94000,INTC 260501 94.00P,94.48,8193,1830272.0,PUT,2026-05-01,94.0,1484,120.495,-0.447651747,0.087563465,-1.590755123,0.014826008,0,100.0,US.INTC,-0.00508044030482646,"成交额 $1,830,272 ≥ 阈值 $500,000 | 成交量 8,193 手",US.INTC,2026-05-01 14:15:48
US.INTC260618C80000,INTC 260618 80.00C,94.48,1000,1800122.0,CALL,2026-06-18,80.0,24698,75.886,0.77541508,0.011454598,-0.086363599,0.103258299,48,100.0,US.INTC,0.153259949195597,"成交额 $1,800,122 ≥ 阈值 $500,000 | 成交量 1,000 手",US.INTC,2026-05-01 14:15:48
US.INTC260618C90000,INTC 260618 90.00C,94.48,1457,1787924.0,CALL,2026-06-18,90.0,13966,75.892,0.629802972,0.014436986,-0.106853428,0.13015713,48,100.0,US.INTC,0.04741744284504661,"成交额 $1,787,924 ≥ 阈值 $500,000 | 成交量 1,457 手",US.INTC,2026-05-01 14:15:48
US.INTC260618C85000,INTC 260618 85.00C,94.48,1180,1744289.0,CALL,2026-06-18,85.0,10803,76.125,0.704362178,0.013163361,-0.098777199,0.119038212,48,100.0,US.INTC,0.1003386960203218,"成交额 $1,744,289 ≥ 阈值 $500,000 | 成交量 1,180 手",US.INTC,2026-05-01 14:15:48
US.INTC260515P90000,INTC 260515 90.00P,94.48,4072,1743433.0,PUT,2026-05-15,90.0,5669,79.222,-0.346591569,0.024692826,-0.189051661,0.069670287,14,100.0,US.INTC,-0.04741744284504661,"成交额 $1,743,433 ≥ 阈值 $500,000 | 成交量 4,072 手",US.INTC,2026-05-01 14:15:48
US.INTC260508C85000,INTC 260508 85.00C,94.48,1710,1698880.0,CALL,2026-05-08,85.0,2687,86.218,0.821078088,0.022276607,-0.210933671,0.035577949,7,100.0,US.INTC,0.1003386960203218,"成交额 $1,698,880 ≥ 阈值 $500,000 | 成交量 1,710 手",US.INTC,2026-05-01 14:15:48
US.INTC260501C100000,INTC 260501 100.00C,94.48,31991,1682669.0,CALL,2026-05-01,100.0,17231,135.331,0.151606712,0.04628636,-1.033712613,0.008802426,0,100.0,US.INTC,-0.05842506350550376,"成交额 $1,682,669 ≥ 阈值 $500,000 | 成交量 31,991 手",US.INTC,2026-05-01 14:15:48
US.INTC260618P100000,INTC 260618 100.00P,94.48,1238,1671507.0,PUT,2026-06-18,100.0,384,75.971,-0.520944837,0.015304728,-0.102484487,0.137223713,48,100.0,US.INTC,0.05842506350550376,"成交额 $1,671,507 ≥ 阈值 $500,000 | 成交量 1,238 手",US.INTC,2026-05-01 14:15:48
US.INTC260821C100000,INTC 260821 100.00C,94.48,1206,1661893.0,CALL,2026-08-21,100.0,1503,77.686,0.54381277,0.009727933,-0.075633899,0.208062209,112,100.0,US.INTC,-0.05842506350550376,"成交额 $1,661,893 ≥ 阈值 $500,000 | 成交量 1,206 手",US.INTC,2026-05-01 14:15:48
US.INTC260918C75000,INTC 260918 75.00C,94.48,626,1661011.0,CALL,2026-09-18,75.0,5817,76.677,0.774131503,0.006685404,-0.052615973,0.176229545,140,100.0,US.INTC,0.20618120237087217,"成交额 $1,661,011 ≥ 阈值 $500,000 | 成交量 626 手",US.INTC,2026-05-01 14:15:48
US.INTC260515P91000,INTC 260515 91.00P,94.48,3444,1611460.0,PUT,2026-05-15,91.0,265,78.946,-0.372488782,0.025407299,-0.193094507,0.071428305,14,100.0,US.INTC,-0.03683319220999157,"成交额 $1,611,460 ≥ 阈值 $500,000 | 成交量 3,444 手",US.INTC,2026-05-01 14:15:48
US.INTC260717C75000,INTC 260717 75.00C,94.48,665,1569274.0,CALL,2026-07-17,75.0,3340,74.721,0.806456354,0.008432701,-0.062857623,0.119537751,77,100.0,US.INTC,0.20618120237087217,"成交额 $1,569,274 ≥ 阈值 $500,000 | 成交量 665 手",US.INTC,2026-05-01 14:15:48
US.INTC260508C97000,INTC 260508 97.00C,94.48,4623,1547315.0,CALL,2026-05-08,97.0,1754,84.068,0.440151742,0.034473206,-0.311737464,0.053685648,7,100.0,US.INTC,-0.026672311600338654,"成交额 $1,547,315 ≥ 阈值 $500,000 | 成交量 4,623 手",US.INTC,2026-05-01 14:15:48
US.INTC260508C93000,INTC 260508 93.00C,94.48,3146,1521635.0,CALL,2026-05-08,93.0,584,84.225,0.578085596,0.034132213,-0.311333715,0.053254439,7,100.0,US.INTC,0.015664690939881497,"成交额 $1,521,635 ≥ 阈值 $500,000 | 成交量 3,146 手",US.INTC,2026-05-01 14:15:48
US.INTC260618C70000,INTC 260618 70.00C,94.48,598,1518623.0,CALL,2026-06-18,70.0,43982,76.332,0.891310642,0.007085874,-0.056207878,0.064249682,48,100.0,US.INTC,0.25910245554614736,"成交额 $1,518,623 ≥ 阈值 $500,000 | 成交量 598 手",US.INTC,2026-05-01 14:15:48
US.INTC260515C96000,INTC 260515 96.00C,94.48,2588,1395678.0,CALL,2026-05-15,96.0,1180,80.365,0.495984135,0.026292135,-0.215443424,0.075314671,14,100.0,US.INTC,-0.016088060965283615,"成交额 $1,395,678 ≥ 阈值 $500,000 | 成交量 2,588 手",US.INTC,2026-05-01 14:15:48
US.INTC260501C54000,INTC 260501 54.00C,94.48,347,1385118.0,CALL,2026-05-01,54.0,466,617.592,0.991927955,0.000954274,-0.403566959,0.0008282,0,100.0,US.INTC,0.42845046570702794,"成交额 $1,385,118 ≥ 阈值 $500,000 | 成交量 347 手",US.INTC,2026-05-01 14:15:48
US.INTC260508C70000,INTC 260508 70.00C,94.48,597,1380334.0,CALL,2026-05-08,70.0,2204,120.916,0.96508957,0.004685303,-0.084623931,0.010494715,7,100.0,US.INTC,0.25910245554614736,"成交额 $1,380,334 ≥ 阈值 $500,000 | 成交量 597 手",US.INTC,2026-05-01 14:15:48
US.INTC260501C52000,INTC 260501 52.00C,94.48,319,1329211.0,CALL,2026-05-01,52.0,722,655.498,0.992372032,0.000855433,-0.406687874,0.000787982,0,100.0,US.INTC,0.44961896697713805,"成交额 $1,329,211 ≥ 阈值 $500,000 | 成交量 319 手",US.INTC,2026-05-01 14:15:48
US.INTC260717C95000,INTC 260717 95.00C,94.48,1045,1295974.0,CALL,2026-07-17,95.0,4670,74.657,0.57085312,0.012074209,-0.086641153,0.171017488,77,100.0,US.INTC,-0.005503810330228578,"成交额 $1,295,974 ≥ 阈值 $500,000 | 成交量 1,045 手",US.INTC,2026-05-01 14:15:48
US.INTC260821C90000,INTC 260821 90.00C,94.48,742,1294275.0,CALL,2026-08-21,90.0,3373,77.396,0.638317416,0.009227124,-0.071903726,0.19661464,112,100.0,US.INTC,0.04741744284504661,"成交额 $1,294,275 ≥ 阈值 $500,000 | 成交量 742 手",US.INTC,2026-05-01 14:15:48
US.INTC260515C90000,INTC 260515 90.00C,94.48,1600,1287955.0,CALL,2026-05-15,90.0,14339,80.187,0.65259162,0.024399797,-0.200269774,0.06973893,14,100.0,US.INTC,0.04741744284504661,"成交额 $1,287,955 ≥ 阈值 $500,000 | 成交量 1,600 手",US.INTC,2026-05-01 14:15:48
US.INTC260717C85000,INTC 260717 85.00C,94.48,763,1278812.0,CALL,2026-07-17,85.0,2269,74.763,0.691984211,0.0108033,-0.078785834,0.153232038,77,100.0,US.INTC,0.1003386960203218,"成交额 $1,278,812 ≥ 阈值 $500,000 | 成交量 763 手",US.INTC,2026-05-01 14:15:48
US.INTC260529C100000,INTC 260529 100.00C,94.48,2336,1259946.0,CALL,2026-05-29,100.0,4148,74.172,0.437955744,0.0200997,-0.139888458,0.104182778,28,100.0,US.INTC,-0.05842506350550376,"成交额 $1,259,946 ≥ 阈值 $500,000 | 成交量 2,336 手",US.INTC,2026-05-01 14:15:48
US.INTC260508C60000,INTC 260508 60.00C,94.48,367,1251682.0,CALL,2026-05-08,60.0,1140,135.771,0.992305183,0.00114628,-0.028011825,0.002883342,7,100.0,US.INTC,0.36494496189669773,"成交额 $1,251,682 ≥ 阈值 $500,000 | 成交量 367 手",US.INTC,2026-05-01 14:15:48
US.INTC260618P80000,INTC 260618 80.00P,94.48,2993,1241658.0,PUT,2026-06-18,80.0,11051,75.47,-0.224201092,0.011519272,-0.078158613,0.103145375,48,100.0,US.INTC,-0.153259949195597,"成交额 $1,241,658 ≥ 阈值 $500,000 | 成交量 2,993 手",US.INTC,2026-05-01 14:15:48
US.INTC260501C53000,INTC 260501 53.00C,94.48,305,1239135.0,CALL,2026-05-01,53.0,2884,600.321,0.994557641,0.000692876,-0.27372917,0.000584521,0,100.0,US.INTC,0.439034716342083,"成交额 $1,239,135 ≥ 阈值 $500,000 | 成交量 305 手",US.INTC,2026-05-01 14:15:48
US.INTC260618C50000,INTC 260618 50.00C,94.48,281,1238305.0,CALL,2026-06-18,50.0,56377,68.877,0.996290827,0.000466393,-0.007540502,0.003819212,48,100.0,US.INTC,0.4707874682472481,"成交额 $1,238,305 ≥ 阈值 $500,000 | 成交量 281 手",US.INTC,2026-05-01 14:15:48
US.INTC260501C92000,INTC 260501 92.00C,94.48,4587,1236476.0,CALL,2026-05-01,92.0,3865,123.244,0.715518096,0.07342024,-1.394901775,0.012715635,0,100.0,US.INTC,0.026248941574936537,"成交额 $1,236,476 ≥ 阈值 $500,000 | 成交量 4,587 手",US.INTC,2026-05-01 14:15:48
US.INTC260515C93000,INTC 260515 93.00C,94.48,1965,1230380.0,CALL,2026-05-15,93.0,1005,80.208,0.574438323,0.025884908,-0.211970573,0.074003505,14,100.0,US.INTC,0.015664690939881497,"成交额 $1,230,380 ≥ 阈值 $500,000 | 成交量 1,965 手",US.INTC,2026-05-01 14:15:48
US.INTC260918C90000,INTC 260918 90.00C,94.48,628,1224491.0,CALL,2026-09-18,90.0,2706,76.152,0.643807323,0.008347689,-0.063355859,0.21854657,140,100.0,US.INTC,0.04741744284504661,"成交额 $1,224,491 ≥ 阈值 $500,000 | 成交量 628 手",US.INTC,2026-05-01 14:15:48
US.INTC260501P95000,INTC 260501 95.00P,94.48,4214,1214098.0,PUT,2026-05-01,95.0,657,119.101,-0.536399153,0.088988949,-1.57844226,0.014892585,0,100.0,US.INTC,0.005503810330228578,"成交额 $1,214,098 ≥ 阈值 $500,000 | 成交量 4,214 手",US.INTC,2026-05-01 14:15:48
US.INTC260501C85000,INTC 260501 85.00C,94.48,1393,1208067.0,CALL,2026-05-01,85.0,12584,160.66,0.954630253,0.015842335,-0.484916059,0.003576707,0,100.0,US.INTC,0.1003386960203218,"成交额 $1,208,067 ≥ 阈值 $500,000 | 成交量 1,393 手",US.INTC,2026-05-01 14:15:48
US.INTC260501C59000,INTC 260501 59.00C,94.48,347,1207982.0,CALL,2026-05-01,59.0,174,528.295,0.990647986,0.001269265,-0.395021285,0.000942299,0,100.0,US.INTC,0.37552921253175275,"成交额 $1,207,982 ≥ 阈值 $500,000 | 成交量 347 手",US.INTC,2026-05-01 14:15:48
US.INTC260501C55000,INTC 260501 55.00C,94.48,308,1196415.0,CALL,2026-05-01,55.0,6234,599.135,0.991692727,0.001008813,-0.40194625,0.000849366,0,100.0,US.INTC,0.4178662150719729,"成交额 $1,196,415 ≥ 阈值 $500,000 | 成交量 308 手",US.INTC,2026-05-01 14:15:48
US.INTC260508P95000,INTC 260508 95.00P,94.48,2224,1190468.0,PUT,2026-05-08,95.0,1050,82.643,-0.492343731,0.035489549,-0.301863217,0.054281383,7,100.0,US.INTC,0.005503810330228578,"成交额 $1,190,468 ≥ 阈值 $500,000 | 成交量 2,224 手",US.INTC,2026-05-01 14:15:48
US.INTC260508C96000,INTC 260508 96.00C,94.48,3147,1162373.0,CALL,2026-05-08,96.0,2282,84.36,0.474337493,0.034673568,-0.316318643,0.054185523,7,100.0,US.INTC,-0.016088060965283615,"成交额 $1,162,373 ≥ 阈值 $500,000 | 成交量 3,147 手",US.INTC,2026-05-01 14:15:48
US.INTC260508C80000,INTC 260508 80.00C,94.48,802,1160934.0,CALL,2026-05-08,80.0,12756,89.323,0.913567397,0.012960708,-0.130391753,0.021444764,7,100.0,US.INTC,0.153259949195597,"成交额 $1,160,934 ≥ 阈值 $500,000 | 成交量 802 手",US.INTC,2026-05-01 14:15:48
US.INTC260515C65000,INTC 260515 65.00C,94.48,386,1116240.0,CALL,2026-05-15,65.0,9036,101.725,0.974331073,0.00311123,-0.043929204,0.011281217,14,100.0,US.INTC,0.31202370872142254,"成交额 $1,116,240 ≥ 阈值 $500,000 | 成交量 386 手",US.INTC,2026-05-01 14:15:48
US.INTC260508C86000,INTC 260508 86.00C,94.48,1099,1090175.0,CALL,2026-05-08,86.0,1853,80.865,0.808390955,0.024783669,-0.207084357,0.037124253,7,100.0,US.INTC,0.08975444538526677,"成交额 $1,090,175 ≥ 阈值 $500,000 | 成交量 1,099 手",US.INTC,2026-05-01 14:15:48
US.INTC260501C64000,INTC 260501 64.00C,94.48,360,1086253.0,CALL,2026-05-01,64.0,424,445.614,0.98903938,0.001728261,-0.385198281,0.001082253,0,100.0,US.INTC,0.32260795935647757,"成交额 $1,086,253 ≥ 阈值 $500,000 | 成交量 360 手",US.INTC,2026-05-01 14:15:48
US.INTC260508P100000,INTC 260508 100.00P,94.48,1199,1076903.0,PUT,2026-05-08,100.0,334,84.329,-0.655998654,0.032131907,-0.280013162,0.050078256,7,100.0,US.INTC,0.05842506350550376,"成交额 $1,076,903 ≥ 阈值 $500,000 | 成交量 1,199 手",US.INTC,2026-05-01 14:15:48
US.INTC260501C61000,INTC 260501 61.00C,94.48,332,1076006.0,CALL,2026-05-01,61.0,268,465.248,0.993105561,0.001102436,-0.264369074,0.000720777,0,100.0,US.INTC,0.3543607112616427,"成交额 $1,076,006 ≥ 阈值 $500,000 | 成交量 332 手",US.INTC,2026-05-01 14:15:48
US.INTC260501P91000,INTC 260501 91.00P,94.48,8870,1060078.0,PUT,2026-05-01,91.0,3692,123.635,-0.214557671,0.062969417,-1.187092316,0.010939965,0,100.0,US.INTC,-0.03683319220999157,"成交额 $1,060,078 ≥ 阈值 $500,000 | 成交量 8,870 手",US.INTC,2026-05-01 14:15:48
US.INTC260717C130000,INTC 260717 130.00C,94.48,2734,1050622.0,CALL,2026-07-17,130.0,1032,78.365,0.247808644,0.009266293,-0.07154107,0.137758786,77,100.0,US.INTC,-0.3759525825571549,"成交额 $1,050,622 ≥ 阈值 $500,000 | 成交量 2,734 手",US.INTC,2026-05-01 14:15:48
US.INTC260618P90000,INTC 260618 90.00P,94.48,1248,1034427.0,PUT,2026-06-18,90.0,5598,74.912,-0.37072488,0.014671386,-0.0971173,0.13017892,48,100.0,US.INTC,-0.04741744284504661,"成交额 $1,034,427 ≥ 阈值 $500,000 | 成交量 1,248 手",US.INTC,2026-05-01 14:15:48
US.INTC260515P93000,INTC 260515 93.00P,94.48,1744,1010270.0,PUT,2026-05-15,93.0,1012,79.007,-0.42570848,0.026308301,-0.199961986,0.073997017,14,100.0,US.INTC,-0.015664690939881497,"成交额 $1,010,270 ≥ 阈值 $500,000 | 成交量 1,744 手",US.INTC,2026-05-01 14:15:48
US.INTC260618C60000,INTC 260618 60.00C,94.48,294,1005998.0,CALL,2026-06-18,60.0,33589,78.084,0.960226974,0.003187157,-0.029095625,0.029563133,48,100.0,US.INTC,0.36494496189669773,"成交额 $1,005,998 ≥ 阈值 $500,000 | 成交量 294 手",US.INTC,2026-05-01 14:15:48
US.INTC261016C140000,INTC 261016 140.00C,94.48,1283,994386.0,CALL,2026-10-16,140.0,0,77.799,0.327172463,0.007224595,-0.055761439,0.231713961,168,100.0,US.INTC,-0.4817950889077053,"成交额 $994,386 ≥ 阈值 $500,000 | 成交量 1,283 手",US.INTC,2026-05-01 14:15:48
US.INTC260918C140000,INTC 260918 140.00C,94.48,1508,983668.0,CALL,2026-09-18,140.0,0,79.48,0.300725639,0.007468966,-0.059863111,0.20407916,140,100.0,US.INTC,-0.4817950889077053,"成交额 $983,668 ≥ 阈值 $500,000 | 成交量 1,508 手",US.INTC,2026-05-01 14:15:48
US.INTC260501C56000,INTC 260501 56.00C,94.48,251,953964.0,CALL,2026-05-01,56.0,181,580.989,0.991447862,0.001067189,-0.400283216,0.000871303,0,100.0,US.INTC,0.4072819644369179,"成交额 $953,964 ≥ 阈值 $500,000 | 成交量 251 手",US.INTC,2026-05-01 14:15:48
US.INTC260717C65000,INTC 260717 65.00C,94.48,307,947748.0,CALL,2026-07-17,65.0,15746,73.699,0.902053575,0.005384721,-0.041070382,0.075284111,77,100.0,US.INTC,0.31202370872142254,"成交额 $947,748 ≥ 阈值 $500,000 | 成交量 307 手",US.INTC,2026-05-01 14:15:48
US.INTC260515C55000,INTC 260515 55.00C,94.48,244,947339.0,CALL,2026-05-15,55.0,19442,118.891,0.991853397,0.000992249,-0.021304834,0.004205463,14,100.0,US.INTC,0.4178662150719729,"成交额 $947,339 ≥ 阈值 $500,000 | 成交量 244 手",US.INTC,2026-05-01 14:15:48
US.INTC260717P85000,INTC 260717 85.00P,94.48,1202,946640.0,PUT,2026-07-17,85.0,4484,73.837,-0.30829451,0.010977068,-0.069948959,0.153253285,77,100.0,US.INTC,-0.1003386960203218,"成交额 $946,640 ≥ 阈值 $500,000 | 成交量 1,202 手",US.INTC,2026-05-01 14:15:48
US.INTC260508C92000,INTC 260508 92.00C,94.48,1655,926908.0,CALL,2026-05-08,92.0,1705,84.275,0.612561508,0.03338649,-0.304934956,0.052121873,7,100.0,US.INTC,0.026248941574936537,"成交额 $926,908 ≥ 阈值 $500,000 | 成交量 1,655 手",US.INTC,2026-05-01 14:15:48
US.INTC260501C83000,INTC 260501 83.00C,94.48,856,912580.0,CALL,2026-05-01,83.0,5078,189.635,0.960806947,0.011922772,-0.505125764,0.003177276,0,100.0,US.INTC,0.12150719729043187,"成交额 $912,580 ≥ 阈值 $500,000 | 成交量 856 手",US.INTC,2026-05-01 14:15:48
US.INTC260501C57000,INTC 260501 57.00C,94.48,242,896629.0,CALL,2026-05-01,57.0,1205,530.578,0.993894328,0.000868187,-0.269271084,0.000647328,0,100.0,US.INTC,0.39669771380186286,"成交额 $896,629 ≥ 阈值 $500,000 | 成交量 242 手",US.INTC,2026-05-01 14:15:48
US.INTC260501C51000,INTC 260501 51.00C,94.48,210,894958.0,CALL,2026-05-01,51.0,448,674.974,0.992582017,0.000810572,-0.408190808,0.000768844,0,100.0,US.INTC,0.46020321761219307,"成交额 $894,958 ≥ 阈值 $500,000 | 成交量 210 手",US.INTC,2026-05-01 14:15:48
US.INTC260515C80000,INTC 260515 80.00C,94.48,609,894943.0,CALL,2026-05-15,80.0,15905,82.587,0.86419327,0.013981834,-0.123136429,0.041156668,14,100.0,US.INTC,0.153259949195597,"成交额 $894,943 ≥ 阈值 $500,000 | 成交量 609 手",US.INTC,2026-05-01 14:15:48
US.INTC260717C125000,INTC 260717 125.00C,94.48,1986,894745.0,CALL,2026-07-17,125.0,4024,77.677,0.280582909,0.009959453,-0.075719634,0.146763247,77,100.0,US.INTC,-0.32303132938187973,"成交额 $894,745 ≥ 阈值 $500,000 | 成交量 1,986 手",US.INTC,2026-05-01 14:15:48
US.INTC260501C71000,INTC 260501 71.00C,94.48,396,887197.0,CALL,2026-05-01,71.0,743,355.291,0.982031245,0.003318819,-0.478467078,0.001657023,0,100.0,US.INTC,0.24851820491109233,"成交额 $887,197 ≥ 阈值 $500,000 | 成交量 396 手",US.INTC,2026-05-01 14:15:48
US.INTC260717P90000,INTC 260717 90.00P,94.48,849,884433.0,PUT,2026-07-17,90.0,1201,73.936,-0.369881971,0.011774203,-0.074709317,0.164374184,77,100.0,US.INTC,-0.04741744284504661,"成交额 $884,433 ≥ 阈值 $500,000 | 成交量 849 手",US.INTC,2026-05-01 14:15:48
US.INTC260515C94000,INTC 260515 94.00C,94.48,1468,883737.0,CALL,2026-05-15,94.0,2912,79.832,0.548064309,0.02627661,-0.212971432,0.074771226,14,100.0,US.INTC,0.00508044030482646,"成交额 $883,737 ≥ 阈值 $500,000 | 成交量 1,468 手",US.INTC,2026-05-01 14:15:48
US.INTC260717C90000,INTC 260717 90.00C,94.48,612,879938.0,CALL,2026-07-17,90.0,20849,74.612,0.631425115,0.01160332,-0.083662022,0.164248253,77,100.0,US.INTC,0.04741744284504661,"成交额 $879,938 ≥ 阈值 $500,000 | 成交量 612 手",US.INTC,2026-05-01 14:15:48
US.INTC260515C104000,INTC 260515 104.00C,94.48,3130,849337.0,CALL,2026-05-15,104.0,5071,82.806,0.312527413,0.022646167,-0.194726611,0.066839322,14,100.0,US.INTC,-0.10076206604572392,"成交额 $849,337 ≥ 阈值 $500,000 | 成交量 3,130 手",US.INTC,2026-05-01 14:15:48
US.INTC260717P72500,INTC 260717 72.50P,94.48,2435,833151.0,PUT,2026-07-17,72.5,408,74.954,-0.168633096,0.00772035,-0.05133675,0.109641321,77,100.0,US.INTC,-0.23264182895850977,"成交额 $833,151 ≥ 阈值 $500,000 | 成交量 2,435 手",US.INTC,2026-05-01 14:15:48
US.INTC260618C130000,INTC 260618 130.00C,94.48,3464,813768.0,CALL,2026-06-18,130.0,10148,81.437,0.181553566,0.009398991,-0.077621149,0.090923878,48,100.0,US.INTC,-0.3759525825571549,"成交额 $813,768 ≥ 阈值 $500,000 | 成交量 3,464 手",US.INTC,2026-05-01 14:15:48
US.INTC260501C97000,INTC 260501 97.00C,94.48,7971,810823.0,CALL,2026-05-01,97.0,4862,126.415,0.309036845,0.0743451,-1.482808299,0.013207053,0,100.0,US.INTC,-0.026672311600338654,"成交额 $810,823 ≥ 阈值 $500,000 | 成交量 7,971 手",US.INTC,2026-05-01 14:15:48
US.INTC260501C65000,INTC 260501 65.00C,94.48,281,809765.0,CALL,2026-05-01,65.0,1504,429.758,0.988665016,0.001845131,-0.383047984,0.001114325,0,100.0,US.INTC,0.31202370872142254,"成交额 $809,765 ≥ 阈值 $500,000 | 成交量 281 手",US.INTC,2026-05-01 14:15:48
US.INTC260918C100000,INTC 260918 100.00C,94.48,524,792520.0,CALL,2026-09-18,100.0,12632,76.407,0.558357732,0.008809459,-0.066651421,0.231406725,140,100.0,US.INTC,-0.05842506350550376,"成交额 $792,520 ≥ 阈值 $500,000 | 成交量 524 手",US.INTC,2026-05-01 14:15:48
US.INTC260821C80000,INTC 260821 80.00C,94.48,347,785003.0,CALL,2026-08-21,80.0,3767,77.838,0.734627823,0.008025488,-0.06412162,0.171983103,112,100.0,US.INTC,0.153259949195597,"成交额 $785,003 ≥ 阈值 $500,000 | 成交量 347 手",US.INTC,2026-05-01 14:15:48
US.INTC260501C62000,INTC 260501 62.00C,94.48,238,747446.0,CALL,2026-05-01,62.0,254,477.977,0.989731061,0.001522303,-0.389302402,0.001022514,0,100.0,US.INTC,0.3437764606265877,"成交额 $747,446 ≥ 阈值 $500,000 | 成交量 238 手",US.INTC,2026-05-01 14:15:48
US.INTC260501C63000,INTC 260501 63.00C,94.48,244,743666.0,CALL,2026-05-01,63.0,516,461.684,0.989394182,0.001620995,-0.387281778,0.001051689,0,100.0,US.INTC,0.33319220999153265,"成交额 $743,666 ≥ 阈值 $500,000 | 成交量 244 手",US.INTC,2026-05-01 14:15:48
US.INTC261016P75000,INTC 261016 75.00P,94.48,841,719222.0,PUT,2026-10-16,75.0,866,74.257,-0.230167707,0.006400933,-0.040488757,0.195047564,168,100.0,US.INTC,-0.20618120237087217,"成交额 $719,222 ≥ 阈值 $500,000 | 成交量 841 手",US.INTC,2026-05-01 14:15:48
US.INTC260717C105000,INTC 260717 105.00C,94.48,798,691183.0,CALL,2026-07-17,105.0,4947,75.207,0.456642227,0.012106613,-0.087347048,0.172736796,77,100.0,US.INTC,-0.11134631668077895,"成交额 $691,183 ≥ 阈值 $500,000 | 成交量 798 手",US.INTC,2026-05-01 14:15:48
US.INTC260515P92000,INTC 260515 92.00P,94.48,1277,683128.0,PUT,2026-05-15,92.0,1163,78.993,-0.399024619,0.025912566,-0.197053352,0.072882377,14,100.0,US.INTC,-0.026248941574936537,"成交额 $683,128 ≥ 阈值 $500,000 | 成交量 1,277 手",US.INTC,2026-05-01 14:15:48
US.INTC260618P85000,INTC 260618 85.00P,94.48,1125,672028.0,PUT,2026-06-18,85.0,5516,75.518,-0.295492949,0.013289093,-0.089923248,0.118988703,48,100.0,US.INTC,-0.1003386960203218,"成交额 $672,028 ≥ 阈值 $500,000 | 成交量 1,125 手",US.INTC,2026-05-01 14:15:48
US.INTC260515C67500,INTC 260515 67.50C,94.48,239,657185.0,CALL,2026-05-15,67.5,2819,101.585,0.96122916,0.00438048,-0.05989567,0.015861111,14,100.0,US.INTC,0.28556308213378495,"成交额 $657,185 ≥ 阈值 $500,000 | 成交量 239 手",US.INTC,2026-05-01 14:15:48
US.INTC260618P120000,INTC 260618 120.00P,94.48,224,654572.0,PUT,2026-06-18,120.0,155,78.812,-0.752676548,0.011944132,-0.080651122,0.108591156,48,100.0,US.INTC,0.27011007620660454,"成交额 $654,572 ≥ 阈值 $500,000 | 成交量 224 手",US.INTC,2026-05-01 14:15:48
US.INTC260508C104000,INTC 260508 104.00C,94.48,4231,639717.0,CALL,2026-05-08,104.0,5406,88.887,0.248304073,0.026171987,-0.258613241,0.043093376,7,100.0,US.INTC,-0.10076206604572392,"成交额 $639,717 ≥ 阈值 $500,000 | 成交量 4,231 手",US.INTC,2026-05-01 14:15:48
US.INTC260717C67500,INTC 260717 67.50C,94.48,216,627983.0,CALL,2026-07-17,67.5,1284,73.378,0.882178928,0.006178374,-0.046029342,0.08600471,77,100.0,US.INTC,0.28556308213378495,"成交额 $627,983 ≥ 阈值 $500,000 | 成交量 216 手",US.INTC,2026-05-01 14:15:48
US.INTC260717C70000,INTC 260717 70.00C,94.48,232,616491.0,CALL,2026-07-17,70.0,4251,76.171,0.853494649,0.006917596,-0.054369931,0.099961649,77,100.0,US.INTC,0.25910245554614736,"成交额 $616,491 ≥ 阈值 $500,000 | 成交量 232 手",US.INTC,2026-05-01 14:15:48
US.INTC260515P105000,INTC 260515 105.00P,94.48,443,612403.0,PUT,2026-05-15,105.0,219,82.083,-0.710726242,0.022185967,-0.17658172,0.064506431,14,100.0,US.INTC,0.11134631668077895,"成交额 $612,403 ≥ 阈值 $500,000 | 成交量 443 手",US.INTC,2026-05-01 14:15:48
US.INTC260501P88000,INTC 260501 88.00P,94.48,15084,605966.0,PUT,2026-05-01,88.0,4637,128.968,-0.078505957,0.030314438,-0.600255101,0.00549391,0,100.0,US.INTC,-0.06858594411515669,"成交额 $605,966 ≥ 阈值 $500,000 | 成交量 15,084 手",US.INTC,2026-05-01 14:15:48
US.INTC260508P85000,INTC 260508 85.00P,94.48,4112,597969.0,PUT,2026-05-08,85.0,3383,85.471,-0.177164303,0.0223346,-0.199465224,0.035355868,7,100.0,US.INTC,-0.1003386960203218,"成交额 $597,969 ≥ 阈值 $500,000 | 成交量 4,112 手",US.INTC,2026-05-01 14:15:48
US.INTC260508P94000,INTC 260508 94.00P,94.48,1219,589097.0,PUT,2026-05-08,94.0,404,82.119,-0.456967742,0.03550966,-0.298564724,0.053976047,7,100.0,US.INTC,-0.00508044030482646,"成交额 $589,097 ≥ 阈值 $500,000 | 成交量 1,219 手",US.INTC,2026-05-01 14:15:48
US.INTC260501P100000,INTC 260501 100.00P,94.48,783,584957.0,PUT,2026-05-01,100.0,426,128.96,-0.86068327,0.045930615,-0.918449852,0.008315046,0,100.0,US.INTC,0.05842506350550376,"成交额 $584,957 ≥ 阈值 $500,000 | 成交量 783 手",US.INTC,2026-05-01 14:15:48
US.INTC260508P80000,INTC 260508 80.00P,94.48,8940,581713.0,PUT,2026-05-08,80.0,4600,89.785,-0.087465884,0.013009231,-0.124293866,0.021635467,7,100.0,US.INTC,-0.153259949195597,"成交额 $581,713 ≥ 阈值 $500,000 | 成交量 8,940 手",US.INTC,2026-05-01 14:15:48
US.INTC260618C75000,INTC 260618 75.00C,94.48,271,578838.0,CALL,2026-06-18,75.0,10370,76.758,0.836910549,0.009312182,-0.072849008,0.084909395,48,100.0,US.INTC,0.20618120237087217,"成交额 $578,838 ≥ 阈值 $500,000 | 成交量 271 手",US.INTC,2026-05-01 14:15:48
US.INTC260618P95000,INTC 260618 95.00P,94.48,531,577366.0,PUT,2026-06-18,95.0,4962,75.462,-0.447300585,0.015264978,-0.101793906,0.136240925,48,100.0,US.INTC,0.005503810330228578,"成交额 $577,366 ≥ 阈值 $500,000 | 成交量 531 手",US.INTC,2026-05-01 14:15:48
US.INTC260508C74000,INTC 260508 74.00C,94.48,284,576192.0,CALL,2026-05-08,74.0,283,94.738,0.968837435,0.005445713,-0.062244846,0.009557217,7,100.0,US.INTC,0.2167654530059272,"成交额 $576,192 ≥ 阈值 $500,000 | 成交量 284 手",US.INTC,2026-05-01 14:15:48
US.INTC260501C98000,INTC 260501 98.00C,94.48,7743,574987.0,CALL,2026-05-01,98.0,1391,130.475,0.248378957,0.064745555,-1.367025189,0.011871145,0,100.0,US.INTC,-0.03725656223539369,"成交额 $574,987 ≥ 阈值 $500,000 | 成交量 7,743 手",US.INTC,2026-05-01 14:15:48
US.INTC260529C95000,INTC 260529 95.00C,94.48,746,567192.0,CALL,2026-05-29,95.0,2538,76.848,0.537918827,0.019549003,-0.146708297,0.104984653,28,100.0,US.INTC,-0.005503810330228578,"成交额 $567,192 ≥ 阈值 $500,000 | 成交量 746 手",US.INTC,2026-05-01 14:15:48
US.INTC260618C92500,INTC 260618 92.50C,94.48,526,561776.0,CALL,2026-06-18,92.5,415,76.069,0.591914065,0.014810425,-0.109765025,0.133835803,48,100.0,US.INTC,0.020956816257409017,"成交额 $561,776 ≥ 阈值 $500,000 | 成交量 526 手",US.INTC,2026-05-01 14:15:48
US.INTC260515C105000,INTC 260515 105.00C,94.48,2236,555771.0,CALL,2026-05-15,105.0,3767,83.067,0.293119503,0.021936016,-0.189485984,0.064947108,14,100.0,US.INTC,-0.11134631668077895,"成交额 $555,771 ≥ 阈值 $500,000 | 成交量 2,236 手",US.INTC,2026-05-01 14:15:48
US.INTC261016C80000,INTC 261016 80.00C,94.48,214,543026.0,CALL,2026-10-16,80.0,653,75.096,0.73038594,0.006852353,-0.051558057,0.212146256,168,100.0,US.INTC,0.153259949195597,"成交额 $543,026 ≥ 阈值 $500,000 | 成交量 214 手",US.INTC,2026-05-01 14:15:48
US.INTC260717C80000,INTC 260717 80.00C,94.48,266,539771.0,CALL,2026-07-17,80.0,5148,74.885,0.750743979,0.009727079,-0.071852268,0.138190439,77,100.0,US.INTC,0.153259949195597,"成交额 $539,771 ≥ 阈值 $500,000 | 成交量 266 手",US.INTC,2026-05-01 14:15:48
US.INTC260515C75000,INTC 260515 75.00C,94.48,285,538697.0,CALL,2026-05-15,75.0,9389,87.808,0.921014421,0.008881582,-0.089296498,0.027796439,14,100.0,US.INTC,0.20618120237087217,"成交额 $538,697 ≥ 阈值 $500,000 | 成交量 285 手",US.INTC,2026-05-01 14:15:48
US.INTC260508P110000,INTC 260508 110.00P,94.48,304,534789.0,PUT,2026-05-08,110.0,306,103.566,-0.827054486,0.018274986,-0.229102396,0.034797353,7,100.0,US.INTC,0.16426756985605415,"成交额 $534,789 ≥ 阈值 $500,000 | 成交量 304 手",US.INTC,2026-05-01 14:15:48
US.INTC260501C91000,INTC 260501 91.00C,94.48,1502,520496.0,CALL,2026-05-01,91.0,2275,129.036,0.776290608,0.061799357,-1.279762526,0.011205963,0,100.0,US.INTC,0.03683319220999157,"成交额 $520,496 ≥ 阈值 $500,000 | 成交量 1,502 手",US.INTC,2026-05-01 14:15:48
US.INTC260515P94000,INTC 260515 94.00P,94.48,795,515471.0,PUT,2026-05-15,94.0,312,79.327,-0.452381953,0.026480073,-0.202686629,0.074768246,14,100.0,US.INTC,-0.00508044030482646,"成交额 $515,471 ≥ 阈值 $500,000 | 成交量 795 手",US.INTC,2026-05-01 14:15:48
US.INTC260501C73000,INTC 260501 73.00C,94.48,249,514204.0,CALL,2026-05-01,73.0,448,309.583,0.984679502,0.003323009,-0.362809211,0.001445678,0,100.0,US.INTC,0.22734970364098225,"成交额 $514,204 ≥ 阈值 $500,000 | 成交量 249 手",US.INTC,2026-05-01 14:15:48
US.INTC260501C89000,INTC 260501 89.00C,94.48,1071,506090.0,CALL,2026-05-01,89.0,5270,136.768,0.870610775,0.041126473,-0.942174118,0.007904172,0,100.0,US.INTC,0.058001693480101646,"成交额 $506,090 ≥ 阈值 $500,000 | 成交量 1,071 手",US.INTC,2026-05-01 14:15:48
US.MSTR260508C167500,MSTR 260508 167.50C,165.45,19433,11167365.0,CALL,2026-05-08,167.5,1023,75.012,0.478886507,0.022281179,-0.493827236,0.094957669,7,100.0,US.MSTR,-0.012390450287095869,"成交额 $11,167,365 ≥ 阈值 $500,000 | 成交量 19,433 手",US.MSTR,2026-05-01 14:16:20
US.MSTR260508C170000,MSTR 260508 170.00C,165.45,17949,9444913.0,CALL,2026-05-08,170.0,5022,75.251,0.425009796,0.021847591,-0.485707976,0.093405543,7,100.0,US.MSTR,-0.027500755515261478,"成交额 $9,444,913 ≥ 阈值 $500,000 | 成交量 17,949 手",US.MSTR,2026-05-01 14:16:20
US.MSTR260618P165000,MSTR 260618 165.00P,165.45,4118,6792136.0,PUT,2026-06-18,165.0,2620,69.925,-0.438696452,0.009378574,-0.164335663,0.237825164,48,100.0,US.MSTR,-0.002719854941069741,"成交额 $6,792,136 ≥ 阈值 $500,000 | 成交量 4,118 手",US.MSTR,2026-05-01 14:16:20
US.MSTR260508C177500,MSTR 260508 177.50C,165.45,18655,5882255.0,CALL,2026-05-08,177.5,780,77.438,0.285146419,0.018397536,-0.426481298,0.080940095,7,100.0,US.MSTR,-0.07283167119975831,"成交额 $5,882,255 ≥ 阈值 $500,000 | 成交量 18,655 手",US.MSTR,2026-05-01 14:16:20
US.MSTR260508C175000,MSTR 260508 175.00C,165.45,15985,5274990.0,CALL,2026-05-08,175.0,1835,76.598,0.327609469,0.019777197,-0.451256074,0.086066697,7,100.0,US.MSTR,-0.0577213659715927,"成交额 $5,274,990 ≥ 阈值 $500,000 | 成交量 15,985 手",US.MSTR,2026-05-01 14:16:20
US.MSTR260501C165000,MSTR 260501 165.00C,165.45,14346,3685342.0,CALL,2026-05-01,165.0,7037,94.119,0.537082854,0.064233729,-2.198173157,0.026098412,0,100.0,US.MSTR,0.002719854941069741,"成交额 $3,685,342 ≥ 阈值 $500,000 | 成交量 14,346 手",US.MSTR,2026-05-01 14:16:20
US.MSTR260501P165000,MSTR 260501 165.00P,165.45,7896,2710839.0,PUT,2026-05-01,165.0,8447,94.477,-0.463023152,0.063996837,-2.190360296,0.026098701,0,100.0,US.MSTR,-0.002719854941069741,"成交额 $2,710,839 ≥ 阈值 $500,000 | 成交量 7,896 手",US.MSTR,2026-05-01 14:16:20
US.MSTR260501C160000,MSTR 260501 160.00C,165.45,4366,2199796.0,CALL,2026-05-01,160.0,3960,97.134,0.813027726,0.042100922,-1.510889927,0.017653247,0,100.0,US.MSTR,0.03294046539740096,"成交额 $2,199,796 ≥ 阈值 $500,000 | 成交量 4,366 手",US.MSTR,2026-05-01 14:16:20
US.MSTR260501P170000,MSTR 260501 170.00P,165.45,2514,1785259.0,PUT,2026-05-01,170.0,5883,96.56,-0.753971387,0.049684566,-1.745777218,0.020699694,0,100.0,US.MSTR,0.027500755515261478,"成交额 $1,785,259 ≥ 阈值 $500,000 | 成交量 2,514 手",US.MSTR,2026-05-01 14:16:20
US.MSTR260501P160000,MSTR 260501 160.00P,165.45,10044,1717852.0,PUT,2026-05-01,160.0,7872,97.368,-0.187527291,0.042077658,-1.501540803,0.017685531,0,100.0,US.MSTR,-0.03294046539740096,"成交额 $1,717,852 ≥ 阈值 $500,000 | 成交量 10,044 手",US.MSTR,2026-05-01 14:16:20
US.MSTR260501C162500,MSTR 260501 162.50C,165.45,4640,1705968.0,CALL,2026-05-01,162.5,4392,96.102,0.688638612,0.05597928,-1.988822916,0.023223541,0,100.0,US.MSTR,0.017830160169235353,"成交额 $1,705,968 ≥ 阈值 $500,000 | 成交量 4,640 手",US.MSTR,2026-05-01 14:16:20
US.MSTR260515C125000,MSTR 260515 125.00C,165.45,414,1660323.0,CALL,2026-05-15,125.0,2168,98.019,0.937808757,0.003780306,-0.144971741,0.040503262,14,100.0,US.MSTR,0.2444847385917195,"成交额 $1,660,323 ≥ 阈值 $500,000 | 成交量 414 手",US.MSTR,2026-05-01 14:16:20
US.MSTR260501C170000,MSTR 260501 170.00C,165.45,14090,1621536.0,CALL,2026-05-01,170.0,9546,98.51,0.250643322,0.049163902,-1.816431593,0.020906932,0,100.0,US.MSTR,-0.027500755515261478,"成交额 $1,621,536 ≥ 阈值 $500,000 | 成交量 14,090 手",US.MSTR,2026-05-01 14:16:20
US.MSTR260618P125000,MSTR 260618 125.00P,165.45,4179,1423479.0,PUT,2026-06-18,125.0,6178,77.416,-0.125081332,0.004409481,-0.096919957,0.124291658,48,100.0,US.MSTR,-0.2444847385917195,"成交额 $1,423,479 ≥ 阈值 $500,000 | 成交量 4,179 手",US.MSTR,2026-05-01 14:16:20
US.MSTR260515C170000,MSTR 260515 170.00C,165.45,1776,1296090.0,CALL,2026-05-15,170.0,9516,71.904,0.457442548,0.016685461,-0.33581835,0.131148077,14,100.0,US.MSTR,-0.027500755515261478,"成交额 $1,296,090 ≥ 阈值 $500,000 | 成交量 1,776 手",US.MSTR,2026-05-01 14:16:20
US.MSTR260501P162500,MSTR 260501 162.50P,165.45,6145,1288717.0,PUT,2026-05-01,162.5,5408,95.638,-0.310596565,0.056192408,-1.961046081,0.023198566,0,100.0,US.MSTR,-0.017830160169235353,"成交额 $1,288,717 ≥ 阈值 $500,000 | 成交量 6,145 手",US.MSTR,2026-05-01 14:16:20
US.MSTR260515P170000,MSTR 260515 170.00P,165.45,945,1255970.0,PUT,2026-05-15,170.0,3280,71.42,-0.54378567,0.016830833,-0.317439873,0.131062383,14,100.0,US.MSTR,0.027500755515261478,"成交额 $1,255,970 ≥ 阈值 $500,000 | 成交量 945 手",US.MSTR,2026-05-01 14:16:20
US.MSTR260515C200000,MSTR 260515 200.00C,165.45,7350,1239952.0,CALL,2026-05-15,200.0,14839,79.453,0.134376327,0.008238903,-0.195463269,0.071552452,14,100.0,US.MSTR,-0.2088244182532488,"成交额 $1,239,952 ≥ 阈值 $500,000 | 成交量 7,350 手",US.MSTR,2026-05-01 14:16:20
US.MSTR260508C165000,MSTR 260508 165.00C,165.45,1818,1237745.0,CALL,2026-05-08,165.0,2204,74.928,0.534338096,0.022254643,-0.49320964,0.094738499,7,100.0,US.MSTR,0.002719854941069741,"成交额 $1,237,745 ≥ 阈值 $500,000 | 成交量 1,818 手",US.MSTR,2026-05-01 14:16:20
US.MSTR260618P150000,MSTR 260618 150.00P,165.45,1186,1230449.0,PUT,2026-06-18,150.0,5615,71.461,-0.30044429,0.008081598,-0.149862665,0.209946719,48,100.0,US.MSTR,-0.0933816863100634,"成交额 $1,230,449 ≥ 阈值 $500,000 | 成交量 1,186 手",US.MSTR,2026-05-01 14:16:20
US.MSTR260501C135000,MSTR 260501 135.00C,165.45,400,1209347.0,CALL,2026-05-01,135.0,543,252.402,0.981232186,0.002766071,-0.621210364,0.003013939,0,100.0,US.MSTR,0.18404351767905705,"成交额 $1,209,347 ≥ 阈值 $500,000 | 成交量 400 手",US.MSTR,2026-05-01 14:16:20
US.MSTR260618C165000,MSTR 260618 165.00C,165.45,719,1183770.0,CALL,2026-06-18,165.0,1454,70.626,0.562824645,0.009242392,-0.181309488,0.237798532,48,100.0,US.MSTR,0.002719854941069741,"成交额 $1,183,770 ≥ 阈值 $500,000 | 成交量 719 手",US.MSTR,2026-05-01 14:16:20
US.MSTR260501C167500,MSTR 260501 167.50C,165.45,6312,1165438.0,CALL,2026-05-01,167.5,6176,96.151,0.381359185,0.060335607,-2.146833048,0.025043799,0,100.0,US.MSTR,-0.012390450287095869,"成交额 $1,165,438 ≥ 阈值 $500,000 | 成交量 6,312 手",US.MSTR,2026-05-01 14:16:20
US.MSTR260529C170000,MSTR 260529 170.00C,165.45,1087,1151743.0,CALL,2026-05-29,170.0,1735,69.691,0.489205142,0.012361014,-0.234055724,0.184615568,28,100.0,US.MSTR,-0.027500755515261478,"成交额 $1,151,743 ≥ 阈值 $500,000 | 成交量 1,087 手",US.MSTR,2026-05-01 14:16:20
US.MSTR260618C170000,MSTR 260618 170.00C,165.45,724,1095688.0,CALL,2026-06-18,170.0,3089,69.904,0.515976107,0.00944776,-0.181005982,0.240597188,48,100.0,US.MSTR,-0.027500755515261478,"成交额 $1,095,688 ≥ 阈值 $500,000 | 成交量 724 手",US.MSTR,2026-05-01 14:16:20
US.MSTR260618C175000,MSTR 260618 175.00C,165.45,880,1036060.0,CALL,2026-06-18,175.0,3852,69.819,0.470501303,0.009440874,-0.17987053,0.240130928,48,100.0,US.MSTR,-0.0577213659715927,"成交额 $1,036,060 ≥ 阈值 $500,000 | 成交量 880 手",US.MSTR,2026-05-01 14:16:20
US.MSTR260508P160000,MSTR 260508 160.00P,165.45,1636,907499.0,PUT,2026-05-08,160.0,1325,74.449,-0.354746003,0.020983235,-0.443901293,0.088707682,7,100.0,US.MSTR,-0.03294046539740096,"成交额 $907,499 ≥ 阈值 $500,000 | 成交量 1,636 手",US.MSTR,2026-05-01 14:16:20
US.MSTR260515C165000,MSTR 260515 165.00C,165.45,1029,883182.0,CALL,2026-05-15,165.0,4467,72.059,0.540214285,0.016659953,-0.338101918,0.131228981,14,100.0,US.MSTR,0.002719854941069741,"成交额 $883,182 ≥ 阈值 $500,000 | 成交量 1,029 手",US.MSTR,2026-05-01 14:16:20
US.MSTR260618P200000,MSTR 260618 200.00P,165.45,207,851368.0,PUT,2026-06-18,200.0,1848,70.7,-0.725209429,0.007998832,-0.134027599,0.200783314,48,100.0,US.MSTR,0.2088244182532488,"成交额 $851,368 ≥ 阈值 $500,000 | 成交量 207 手",US.MSTR,2026-05-01 14:16:20
US.MSTR260618C180000,MSTR 260618 180.00C,165.45,734,810951.0,CALL,2026-06-18,180.0,2855,70.532,0.428514873,0.009220217,-0.178703847,0.236912203,48,100.0,US.MSTR,-0.08794197642792392,"成交额 $810,951 ≥ 阈值 $500,000 | 成交量 734 手",US.MSTR,2026-05-01 14:16:20
US.MSTR260515C162500,MSTR 260515 162.50C,165.45,729,761548.0,CALL,2026-05-15,162.5,1720,72.19,0.581950061,0.01636066,-0.333838346,0.12910671,14,100.0,US.MSTR,0.017830160169235353,"成交额 $761,548 ≥ 阈值 $500,000 | 成交量 729 手",US.MSTR,2026-05-01 14:16:20
US.MSTR260508P165000,MSTR 260508 165.00P,165.45,935,694440.0,PUT,2026-05-08,165.0,927,74.097,-0.465984841,0.022523863,-0.471954627,0.094732662,7,100.0,US.MSTR,-0.002719854941069741,"成交额 $694,440 ≥ 阈值 $500,000 | 成交量 935 手",US.MSTR,2026-05-01 14:16:20
US.MSTR260515P175000,MSTR 260515 175.00P,165.45,431,689284.0,PUT,2026-05-15,175.0,1508,71.514,-0.622880833,0.016123123,-0.302106762,0.125531296,14,100.0,US.MSTR,0.0577213659715927,"成交额 $689,284 ≥ 阈值 $500,000 | 成交量 431 手",US.MSTR,2026-05-01 14:16:20
US.MSTR260821C225000,MSTR 260821 225.00C,165.45,626,650749.0,CALL,2026-08-21,225.0,1842,72.532,0.296665427,0.005190513,-0.106353766,0.317840113,112,100.0,US.MSTR,-0.3599274705349049,"成交额 $650,749 ≥ 阈值 $500,000 | 成交量 626 手",US.MSTR,2026-05-01 14:16:20
US.MSTR260618C200000,MSTR 260618 200.00C,165.45,1016,644421.0,CALL,2026-06-18,200.0,9524,71.336,0.280932378,0.007830755,-0.153752982,0.203495217,48,100.0,US.MSTR,-0.2088244182532488,"成交额 $644,421 ≥ 阈值 $500,000 | 成交量 1,016 手",US.MSTR,2026-05-01 14:16:20
US.MSTR260515C167500,MSTR 260515 167.50C,165.45,780,624405.0,CALL,2026-05-15,167.5,327,72.274,0.498795996,0.016695153,-0.340156429,0.131899011,14,100.0,US.MSTR,-0.012390450287095869,"成交额 $624,405 ≥ 阈值 $500,000 | 成交量 780 手",US.MSTR,2026-05-01 14:16:20
US.MSTR260508C160000,MSTR 260508 160.00C,165.45,653,574220.0,CALL,2026-05-08,160.0,2080,77.335,0.641734987,0.020261428,-0.47858684,0.08902395,7,100.0,US.MSTR,0.03294046539740096,"成交额 $574,220 ≥ 阈值 $500,000 | 成交量 653 手",US.MSTR,2026-05-01 14:16:20
US.MSTR260501C177500,MSTR 260501 177.50C,165.45,24289,568664.0,CALL,2026-05-01,177.5,32155,110.576,0.057315931,0.01581773,-0.69592927,0.007550427,0,100.0,US.MSTR,-0.07283167119975831,"成交额 $568,664 ≥ 阈值 $500,000 | 成交量 24,289 手",US.MSTR,2026-05-01 14:16:20
US.MSTR260821C165000,MSTR 260821 165.00C,165.45,201,544652.0,CALL,2026-08-21,165.0,427,72.153,0.592925099,0.005853464,-0.121583405,0.356576133,112,100.0,US.MSTR,0.002719854941069741,"成交额 $544,652 ≥ 阈值 $500,000 | 成交量 201 手",US.MSTR,2026-05-01 14:16:20
US.MSTR260515P160000,MSTR 260515 160.00P,165.45,644,516308.0,PUT,2026-05-15,160.0,3411,72.293,-0.377006723,0.015905601,-0.310295304,0.125560495,14,100.0,US.MSTR,-0.03294046539740096,"成交额 $516,308 ≥ 阈值 $500,000 | 成交量 644 手",US.MSTR,2026-05-01 14:16:20
US.MSTR260508P180000,MSTR 260508 180.00P,165.45,285,512779.0,PUT,2026-05-08,180.0,435,75.736,-0.76219281,0.017221968,-0.360637619,0.073680222,7,100.0,US.MSTR,0.08794197642792392,"成交额 $512,779 ≥ 阈值 $500,000 | 成交量 285 手",US.MSTR,2026-05-01 14:16:20
US.MSTR260508C162500,MSTR 260508 162.50C,165.45,680,512386.0,CALL,2026-05-08,162.5,513,74.414,0.590349182,0.021912378,-0.479572588,0.092641581,7,100.0,US.MSTR,0.017830160169235353,"成交额 $512,386 ≥ 阈值 $500,000 | 成交量 680 手",US.MSTR,2026-05-01 14:16:20
US.MSTR260717C200000,MSTR 260717 200.00C,165.45,493,507769.0,CALL,2026-07-17,200.0,2285,70.406,0.345231479,0.006862395,-0.132471712,0.281089004,77,100.0,US.MSTR,-0.2088244182532488,"成交额 $507,769 ≥ 阈值 $500,000 | 成交量 493 手",US.MSTR,2026-05-01 14:16:20
US.NIO260618C5000,NIO 260618 5.00C,6.39,13282,1792127.0,CALL,2026-06-18,5.0,95508,72.311,0.859941967,0.132077207,-0.004258934,0.0051896,48,100.0,US.NIO,0.217527386541471,"成交额 $1,792,127 ≥ 阈值 $500,000 | 成交量 13,282 手",US.NIO,2026-05-01 14:16:22
US.PDD260717C125000,PDD 260717 125.00C,99.88,10433,1248451.0,CALL,2026-07-17,125.0,17647,41.066,0.146953238,0.012162111,-0.029314019,0.105873524,77,100.0,US.PDD,-0.25150180216259516,"成交额 $1,248,451 ≥ 阈值 $500,000 | 成交量 10,433 手",US.PDD,2026-05-01 14:16:50
US.PDD260717C130000,PDD 260717 130.00C,99.88,10344,985458.0,CALL,2026-07-17,130.0,11483,42.253,0.111980232,0.009788941,-0.024826976,0.087678077,77,100.0,US.PDD,-0.30156187424909897,"成交额 $985,458 ≥ 阈值 $500,000 | 成交量 10,344 手",US.PDD,2026-05-01 14:16:50
US.PDD260618C105000,PDD 260618 105.00C,99.88,2580,920739.0,CALL,2026-06-18,105.0,4914,42.165,0.414223028,0.025364028,-0.065603695,0.14198407,48,100.0,US.PDD,-0.051261513816579944,"成交额 $920,739 ≥ 阈值 $500,000 | 成交量 2,580 手",US.PDD,2026-05-01 14:16:50
US.SMCI260717P26000,SMCI 260717 26.00P,27.4,2004,693310.0,PUT,2026-07-17,26.0,975,81.002,-0.365160299,0.036887328,-0.023727414,0.047473666,77,100.0,US.SMCI,-0.05109489051094886,"成交额 $693,310 ≥ 阈值 $500,000 | 成交量 2,004 手",US.SMCI,2026-05-01 14:16:53
US.SMCI260508C27000,SMCI 260508 27.00C,27.4,3451,603814.0,CALL,2026-05-08,27.0,9487,115.775,0.56988472,0.085952446,-0.124032431,0.015505285,7,100.0,US.SMCI,0.01459854014598535,"成交额 $603,814 ≥ 阈值 $500,000 | 成交量 3,451 手",US.SMCI,2026-05-01 14:16:53
US.SMCI261120C38000,SMCI 261120 38.00C,27.4,1567,545767.0,CALL,2026-11-20,38.0,138,79.524,0.413107618,0.023929465,-0.016348338,0.07969729,203,100.0,US.SMCI,-0.3868613138686132,"成交额 $545,767 ≥ 阈值 $500,000 | 成交量 1,567 手",US.SMCI,2026-05-01 14:16:53
US.XPEV260918C14000,XPEV 260918 14.00C,16.3,7959,2943500.0,CALL,2026-09-18,14.0,11067,61.214,0.734710106,0.052924798,-0.008050195,0.033150848,140,100.0,US.XPEV,0.14110429447852765,"成交额 $2,943,500 ≥ 阈值 $500,000 | 成交量 7,959 手",US.XPEV,2026-05-01 14:17:22
US.XPEV260918C15000,XPEV 260918 15.00C,16.3,2518,739246.0,CALL,2026-09-18,15.0,68,60.636,0.672256984,0.058878839,-0.008669608,0.036532331,140,100.0,US.XPEV,0.0797546012269939,"成交额 $739,246 ≥ 阈值 $500,000 | 成交量 2,518 手",US.XPEV,2026-05-01 14:17:22
US.ADBE260618C240000,ADBE 260618 240.00C,246.1,1312,2472809.0,CALL,2026-06-18,240.0,3215,47.738,0.602151722,0.009001454,-0.183758725,0.346352561,48,100.0,US.ADBE,0.024786672084518464,"成交额 $2,472,809 ≥ 阈值 $500,000 | 成交量 1,312 手",US.ADBE,2026-05-01 14:17:52
US.ADBE260618P240000,ADBE 260618 240.00P,246.1,1502,2286684.0,PUT,2026-06-18,240.0,3912,47.983,-0.399465668,0.009008117,-0.162252227,0.346432151,48,100.0,US.ADBE,-0.024786672084518464,"成交额 $2,286,684 ≥ 阈值 $500,000 | 成交量 1,502 手",US.ADBE,2026-05-01 14:17:52
US.ADBE260515P300000,ADBE 260515 300.00P,246.1,311,1659253.0,PUT,2026-05-15,300.0,199,69.616,-0.914100596,0.004883205,-0.160543096,0.076605226,14,100.0,US.ADBE,0.21901665989435193,"成交额 $1,659,253 ≥ 阈值 $500,000 | 成交量 311 手",US.ADBE,2026-05-01 14:17:52
US.ADBE260605C260000,ADBE 260605 260.00C,246.1,1324,803109.0,CALL,2026-06-05,260.0,102,41.181,0.3685942,0.011918594,-0.17692706,0.289714846,35,100.0,US.ADBE,-0.05648110524177166,"成交额 $803,109 ≥ 阈值 $500,000 | 成交量 1,324 手",US.ADBE,2026-05-01 14:17:52
US.ADBE260618C255000,ADBE 260618 255.00C,246.1,494,650478.0,CALL,2026-06-18,255.0,476,47.949,0.464924341,0.009231593,-0.186971025,0.356773749,48,100.0,US.ADBE,-0.03616416091019913,"成交额 $650,478 ≥ 阈值 $500,000 | 成交量 494 手",US.ADBE,2026-05-01 14:17:52
US.ADBE260605P220000,ADBE 260605 220.00P,246.1,1341,585501.0,PUT,2026-06-05,220.0,17,45.141,-0.186904665,0.007753561,-0.126798188,0.206293353,35,100.0,US.ADBE,-0.10605444941080859,"成交额 $585,501 ≥ 阈值 $500,000 | 成交量 1,341 手",US.ADBE,2026-05-01 14:17:52
US.AMAT261016P410000,AMAT 261016 410.00P,394.49,501,3502275.0,PUT,2026-10-16,410.0,17,57.132,-0.450035816,0.002633248,-0.160455007,1.058894681,168,100.0,US.AMAT,0.039316585971760985,"成交额 $3,502,275 ≥ 阈值 $500,000 | 成交量 501 手",US.AMAT,2026-05-01 14:19:18
US.AMAT261016C440000,AMAT 261016 440.00C,394.49,504,2122360.0,CALL,2026-10-16,440.0,42,55.882,0.478673451,0.002659059,-0.191570827,1.067998017,168,100.0,US.AMAT,-0.11536414104286545,"成交额 $2,122,360 ≥ 阈值 $500,000 | 成交量 504 手",US.AMAT,2026-05-01 14:19:18
US.AMAT260515P380000,AMAT 260515 380.00P,394.49,466,865370.0,PUT,2026-05-15,380.0,1630,74.061,-0.368465203,0.006463677,-0.752865028,0.29719367,14,100.0,US.AMAT,-0.03673096909934348,"成交额 $865,370 ≥ 阈值 $500,000 | 成交量 466 手",US.AMAT,2026-05-01 14:19:18
US.AMAT260618P340000,AMAT 260618 340.00P,394.49,468,605514.0,PUT,2026-06-18,340.0,1674,62.226,-0.21535929,0.003270059,-0.261664911,0.420791739,48,100.0,US.AMAT,-0.13812770919414943,"成交额 $605,514 ≥ 阈值 $500,000 | 成交量 468 手",US.AMAT,2026-05-01 14:19:18
US.AMAT260717C440000,AMAT 260717 440.00C,394.49,201,507145.0,CALL,2026-07-17,440.0,306,57.14,0.399949336,0.00371758,-0.27259721,0.702585779,77,100.0,US.AMAT,-0.11536414104286545,"成交额 $507,145 ≥ 阈值 $500,000 | 成交量 201 手",US.AMAT,2026-05-01 14:19:18
US.APP260508C440000,APP 260508 440.00C,446.35,286,906891.0,CALL,2026-05-08,440.0,99,123.087,0.568954289,0.00496523,-2.14765701,0.252674906,7,100.0,US.APP,0.014226503864680233,"成交额 $906,891 ≥ 阈值 $500,000 | 成交量 286 手",US.APP,2026-05-01 14:19:48
US.APP260515C480000,APP 260515 480.00C,446.35,306,721912.0,CALL,2026-05-15,480.0,1882,103.582,0.404908083,0.004194916,-1.263159977,0.345665516,14,100.0,US.APP,-0.07538926851125792,"成交额 $721,912 ≥ 阈值 $500,000 | 成交量 306 手",US.APP,2026-05-01 14:19:48
US.APP260508C450000,APP 260508 450.00C,446.35,226,658576.0,CALL,2026-05-08,450.0,179,125.931,0.519923611,0.004920726,-2.225624002,0.256196266,7,100.0,US.APP,-0.008177439229304306,"成交额 $658,576 ≥ 阈值 $500,000 | 成交量 226 手",US.APP,2026-05-01 14:19:48
US.BKNG260508P176000,BKNG 260508 176.00P,168.36,2507,2051785.0,PUT,2026-05-08,176.0,193,31.105,-0.832460795,0.034257309,-0.112664432,0.060526711,7,100.0,US.BKNG,0.04537894986932755,"成交额 $2,051,785 ≥ 阈值 $500,000 | 成交量 2,507 手",US.BKNG,2026-05-01 14:19:53
US.BKNG260501P176000,BKNG 260501 176.00P,168.36,2530,1741494.0,PUT,2026-05-01,176.0,2714,0.0,0.0,0.0,0.0,0.0,0,100.0,US.BKNG,0.04537894986932755,"成交额 $1,741,494 ≥ 阈值 $500,000 | 成交量 2,530 手",US.BKNG,2026-05-01 14:19:53
US.CEG260515C310000,CEG 260515 310.00C,313.0,2689,4406522.0,CALL,2026-05-15,310.0,5628,62.562,0.560064536,0.010079337,-0.554582535,0.246691645,14,100.0,US.CEG,0.009584664536741214,"成交额 $4,406,522 ≥ 阈值 $500,000 | 成交量 2,689 手",US.CEG,2026-05-01 14:20:51
US.CEG260618P300000,CEG 260618 300.00P,313.0,466,907641.0,PUT,2026-06-18,300.0,7678,54.451,-0.369103802,0.006089448,-0.230817912,0.430524888,48,100.0,US.CEG,-0.04153354632587859,"成交额 $907,641 ≥ 阈值 $500,000 | 成交量 466 手",US.CEG,2026-05-01 14:20:51
US.CEG260618P320000,CEG 260618 320.00P,313.0,314,874651.0,PUT,2026-06-18,320.0,513,52.829,-0.499262123,0.006662176,-0.233046795,0.455019454,48,100.0,US.CEG,0.022364217252396165,"成交额 $874,651 ≥ 阈值 $500,000 | 成交量 314 手",US.CEG,2026-05-01 14:20:51
US.CHTR260618P250000,CHTR 260618 250.00P,165.17,1781,15281820.0,PUT,2026-06-18,250.0,1000,0.0,0.0,0.0,0.0,0.0,48,100.0,US.CHTR,0.5135920566688867,"成交额 $15,281,820 ≥ 阈值 $500,000 | 成交量 1,781 手",US.CHTR,2026-05-01 14:21:18
US.CHTR260515P240000,CHTR 260515 240.00P,165.17,940,7142590.0,PUT,2026-05-15,240.0,180,0.0,0.0,0.0,0.0,0.0,14,100.0,US.CHTR,0.45304837440213125,"成交额 $7,142,590 ≥ 阈值 $500,000 | 成交量 940 手",US.CHTR,2026-05-01 14:21:18
US.CHTR260821P180000,CHTR 260821 180.00P,165.17,601,1521956.0,PUT,2026-08-21,180.0,600,49.628,-0.558818307,0.008885753,-0.070441728,0.360704601,112,100.0,US.CHTR,0.08978628080159844,"成交额 $1,521,956 ≥ 阈值 $500,000 | 成交量 601 手",US.CHTR,2026-05-01 14:21:18
US.CHTR260515C165000,CHTR 260515 165.00C,165.17,1390,923884.0,CALL,2026-05-15,165.0,18,50.919,0.529985723,0.023670483,-0.241467202,0.131302808,14,100.0,US.CHTR,0.0010292425985347672,"成交额 $923,884 ≥ 阈值 $500,000 | 成交量 1,390 手",US.CHTR,2026-05-01 14:21:18
US.COST260918C470000,COST 260918 470.00C,1014.53,389,21315329.0,CALL,2026-09-18,470.0,411,0.0,0.0,0.0,0.0,0.0,140,100.0,US.COST,0.5367312942939095,"成交额 $21,315,329 ≥ 阈值 $500,000 | 成交量 389 手",US.COST,2026-05-01 14:21:48
US.COST260501C980000,COST 260501 980.00C,1014.53,738,2421606.0,CALL,2026-05-01,980.0,204,63.774,0.916590084,0.005972214,-3.432562667,0.061792725,0,100.0,US.COST,0.03403546469793892,"成交额 $2,421,606 ≥ 阈值 $500,000 | 成交量 738 手",US.COST,2026-05-01 14:21:48
US.COST260501C990000,COST 260501 990.00C,1014.53,438,1054162.0,CALL,2026-05-01,990.0,133,44.459,0.919036029,0.008376764,-2.366510558,0.060417545,0,100.0,US.COST,0.02417868372546891,"成交额 $1,054,162 ≥ 阈值 $500,000 | 成交量 438 手",US.COST,2026-05-01 14:21:48
US.COST260501C982500,COST 260501 982.50C,1014.53,333,978555.0,CALL,2026-05-01,982.5,85,0.0,0.0,0.0,0.0,0.0,0,100.0,US.COST,0.031571269454821416,"成交额 $978,555 ≥ 阈值 $500,000 | 成交量 333 手",US.COST,2026-05-01 14:21:48
US.COST260501C975000,COST 260501 975.00C,1014.53,231,913585.0,CALL,2026-05-01,975.0,69,65.65,0.938215702,0.004609074,-2.792411139,0.04909267,0,100.0,US.COST,0.038963855184173925,"成交额 $913,585 ≥ 阈值 $500,000 | 成交量 231 手",US.COST,2026-05-01 14:21:48
US.COST260501C995000,COST 260501 995.00C,1014.53,299,569445.0,CALL,2026-05-01,995.0,115,0.0,0.0,0.0,0.0,0.0,0,100.0,US.COST,0.019250293239233905,"成交额 $569,445 ≥ 阈值 $500,000 | 成交量 299 手",US.COST,2026-05-01 14:21:48
US.CSCO260618C87500,CSCO 260618 87.50C,91.5,1337,838693.0,CALL,2026-06-18,87.5,4809,36.508,0.669475383,0.029735948,-0.051040727,0.120955139,48,100.0,US.CSCO,0.04371584699453552,"成交额 $838,693 ≥ 阈值 $500,000 | 成交量 1,337 手",US.CSCO,2026-05-01 14:22:21
US.CSCO260515P90000,CSCO 260515 90.00P,91.5,2108,570992.0,PUT,2026-05-15,90.0,238,44.855,-0.403658806,0.047303057,-0.107217185,0.070779065,14,100.0,US.CSCO,-0.01639344262295082,"成交额 $570,992 ≥ 阈值 $500,000 | 成交量 2,108 手",US.CSCO,2026-05-01 14:22:21
US.DDOG260515C150000,DDOG 260515 150.00C,132.19,2855,1270655.0,CALL,2026-05-15,150.0,4840,97.939,0.294398924,0.013324381,-0.312487982,0.091053376,14,100.0,US.DDOG,-0.13473031242907937,"成交额 $1,270,655 ≥ 阈值 $500,000 | 成交量 2,855 手",US.DDOG,2026-05-01 14:23:49
US.DDOG260515C165000,DDOG 260515 165.00C,132.19,4999,1022083.0,CALL,2026-05-15,165.0,2875,96.995,0.149291408,0.009071494,-0.204841747,0.061392097,14,100.0,US.DDOG,-0.24820334367198732,"成交额 $1,022,083 ≥ 阈值 $500,000 | 成交量 4,999 手",US.DDOG,2026-05-01 14:23:49
US.DDOG260618P160000,DDOG 260618 160.00P,132.19,260,815176.0,PUT,2026-06-18,160.0,141,68.567,-0.735914476,0.010145961,-0.101254694,0.157198957,48,100.0,US.DDOG,0.21037899992435133,"成交额 $815,176 ≥ 阈值 $500,000 | 成交量 260 手",US.DDOG,2026-05-01 14:23:49
US.DDOG260515C135000,DDOG 260515 135.00C,132.19,916,785461.0,CALL,2026-05-15,135.0,1586,99.828,0.500621335,0.015128889,-0.372957835,0.105380275,14,100.0,US.DDOG,-0.02125728118617144,"成交额 $785,461 ≥ 阈值 $500,000 | 成交量 916 手",US.DDOG,2026-05-01 14:23:49
US.DDOG260508C140000,DDOG 260508 140.00C,132.19,955,665161.0,CALL,2026-05-08,140.0,4330,122.161,0.407526138,0.016686393,-0.61964297,0.073919406,7,100.0,US.DDOG,-0.05908162493380742,"成交额 $665,161 ≥ 阈值 $500,000 | 成交量 955 手",US.DDOG,2026-05-01 14:23:49
US.DXCM260515C60000,DXCM 260515 60.00C,59.55,2012,664364.0,CALL,2026-05-15,60.0,1039,80.495,0.517000995,0.041611411,-0.136015117,0.047429485,14,100.0,US.DXCM,-0.0075566750629723406,"成交额 $664,364 ≥ 阈值 $500,000 | 成交量 2,012 手",US.DXCM,2026-05-01 14:23:51
US.DXCM260515C58000,DXCM 260515 58.00C,59.55,1527,658228.0,CALL,2026-05-15,58.0,19,81.846,0.599435965,0.039682575,-0.134475573,0.045990138,14,100.0,US.DXCM,0.026028547439126738,"成交额 $658,228 ≥ 阈值 $500,000 | 成交量 1,527 手",US.DXCM,2026-05-01 14:23:51
US.FTNT260508P77000,FTNT 260508 77.00P,84.31,7230,1250606.0,PUT,2026-05-08,77.0,110,98.365,-0.236993435,0.02584693,-0.246381453,0.037494568,7,100.0,US.FTNT,-0.08670383109951373,"成交额 $1,250,606 ≥ 阈值 $500,000 | 成交量 7,230 手",US.FTNT,2026-05-01 14:25:04
US.FTNT260508P80000,FTNT 260508 80.00P,84.31,3854,1055964.0,PUT,2026-05-08,80.0,73,96.26,-0.325307077,0.030806212,-0.283441002,0.04372685,7,100.0,US.FTNT,-0.05112086348001426,"成交额 $1,055,964 ≥ 阈值 $500,000 | 成交量 3,854 手",US.FTNT,2026-05-01 14:25:04
US.FTNT260508P83000,FTNT 260508 83.00P,84.31,2233,884137.0,PUT,2026-05-08,83.0,44,94.271,-0.425288881,0.034247825,-0.302882639,0.047596707,7,100.0,US.FTNT,-0.015537895860514794,"成交额 $884,137 ≥ 阈值 $500,000 | 成交量 2,233 手",US.FTNT,2026-05-01 14:25:04
US.FTNT260508C90000,FTNT 260508 90.00C,84.31,3691,805257.0,CALL,2026-05-08,90.0,262,91.181,0.335125097,0.032902364,-0.275884183,0.044252524,7,100.0,US.FTNT,-0.06748902858498396,"成交额 $805,257 ≥ 阈值 $500,000 | 成交量 3,691 手",US.FTNT,2026-05-01 14:25:04
US.INTU260618P750000,INTU 260618 750.00P,388.5,420,15182940.0,PUT,2026-06-18,750.0,80,0.0,0.0,0.0,0.0,0.0,48,100.0,US.INTU,0.9305019305019305,"成交额 $15,182,940 ≥ 阈值 $500,000 | 成交量 420 手",US.INTU,2026-05-01 14:26:21
US.INTU260618P660000,INTU 260618 660.00P,388.5,400,10904140.0,PUT,2026-06-18,660.0,75,75.935,-0.982003827,0.001106076,-0.030617185,0.056176105,48,100.0,US.INTU,0.6988416988416989,"成交额 $10,904,140 ≥ 阈值 $500,000 | 成交量 400 手",US.INTU,2026-05-01 14:26:21
US.INTU260918C500000,INTU 260918 500.00C,388.5,287,561721.0,CALL,2026-09-18,500.0,435,53.033,0.287873249,0.002667818,-0.164418662,0.822376644,140,100.0,US.INTU,-0.287001287001287,"成交额 $561,721 ≥ 阈值 $500,000 | 成交量 287 手",US.INTU,2026-05-01 14:26:21
US.KLAC260918P1450000,KLAC 260918 1450.00P,1750.35,503,6380641.0,PUT,2026-09-18,1450.0,44,60.9,-0.235980025,0.000467646,-0.680965876,3.344499718,140,100.0,US.KLAC,-0.17159425257805577,"成交额 $6,380,641 ≥ 阈值 $500,000 | 成交量 503 手",US.KLAC,2026-05-01 14:27:19
US.KLAC260918P1400000,KLAC 260918 1400.00P,1750.35,266,2663055.0,PUT,2026-09-18,1400.0,204,62.257,-0.210960211,0.00042887,-0.655957561,3.138153838,140,100.0,US.KLAC,-0.20015996800639868,"成交额 $2,663,055 ≥ 阈值 $500,000 | 成交量 266 手",US.KLAC,2026-05-01 14:27:19
US.KLAC260618P1500000,KLAC 260618 1500.00P,1750.35,482,2354829.0,PUT,2026-06-18,1500.0,476,52.898,-0.178902637,0.00077472,-0.879241596,1.668470759,48,100.0,US.KLAC,-0.14302853714971286,"成交额 $2,354,829 ≥ 阈值 $500,000 | 成交量 482 手",US.KLAC,2026-05-01 14:27:19
US.KLAC260918P1350000,KLAC 260918 1350.00P,1750.35,205,1849331.0,PUT,2026-09-18,1350.0,41,62.748,-0.185785901,0.000393842,-0.614478706,2.906609982,140,100.0,US.KLAC,-0.2287256834347416,"成交额 $1,849,331 ≥ 阈值 $500,000 | 成交量 205 手",US.KLAC,2026-05-01 14:27:19
US.LIN260515P490000,LIN 260515 490.00P,501.14,2134,1224989.0,PUT,2026-05-15,490.0,278,29.412,-0.33199987,0.01235226,-0.356655471,0.363278957,14,100.0,US.LIN,-0.022229317156882283,"成交额 $1,224,989 ≥ 阈值 $500,000 | 成交量 2,134 手",US.LIN,2026-05-01 14:27:28
US.LIN260515P500000,LIN 260515 500.00P,501.14,1073,926681.0,PUT,2026-05-15,500.0,1169,29.173,-0.464217611,0.013661754,-0.383420572,0.39750588,14,100.0,US.LIN,-0.0022748134253900835,"成交额 $926,681 ≥ 阈值 $500,000 | 成交量 1,073 手",US.LIN,2026-05-01 14:27:28
US.LRCX260508C230000,LRCX 260508 230.00C,257.86,593,1694311.0,CALL,2026-05-08,230.0,39,66.69,0.893603446,0.00741001,-0.315436975,0.068191918,7,100.0,US.LRCX,0.10804312417590946,"成交额 $1,694,311 ≥ 阈值 $500,000 | 成交量 593 手",US.LRCX,2026-05-01 14:27:50
US.LRCX260501C230000,LRCX 260501 230.00C,257.86,605,1621542.0,CALL,2026-05-01,230.0,659,0.0,0.0,0.0,0.0,0.0,0,100.0,US.LRCX,0.10804312417590946,"成交额 $1,621,542 ≥ 阈值 $500,000 | 成交量 605 手",US.LRCX,2026-05-01 14:27:50
US.LRCX260529C340000,LRCX 260529 340.00C,257.86,2860,659447.0,CALL,2026-05-29,340.0,72,61.054,0.064672199,0.002867115,-0.097443536,0.091118357,28,100.0,US.LRCX,-0.3185449468703947,"成交额 $659,447 ≥ 阈值 $500,000 | 成交量 2,860 手",US.LRCX,2026-05-01 14:27:50
US.MAR260618C290000,MAR 260618 290.00C,361.69,15754,116075768.0,CALL,2026-06-18,290.0,15794,43.372,0.933936795,0.002243611,-0.101436544,0.1693885,48,100.0,US.MAR,0.19820841051729382,"成交额 $116,075,768 ≥ 阈值 $500,000 | 成交量 15,754 手",US.MAR,2026-05-01 14:27:58
US.MAR260618C340000,MAR 260618 340.00C,361.69,15888,50723449.0,CALL,2026-06-18,340.0,13224,33.976,0.725702566,0.007433638,-0.177387534,0.43966265,48,100.0,US.MAR,0.05996848129613757,"成交额 $50,723,449 ≥ 阈值 $500,000 | 成交量 15,888 手",US.MAR,2026-05-01 14:27:58
US.MCHP260618C55000,MCHP 260618 55.00C,92.91,9828,36457447.0,CALL,2026-06-18,55.0,80253,0.0,0.0,0.0,0.0,0.0,48,100.0,US.MCHP,0.40802927564309543,"成交额 $36,457,447 ≥ 阈值 $500,000 | 成交量 9,828 手",US.MCHP,2026-05-01 14:28:19
US.MCHP260918P87500,MCHP 260918 87.50P,92.91,2252,2296966.0,PUT,2026-09-18,87.5,34,59.307,-0.35273425,0.01095884,-0.041663008,0.21397337,140,100.0,US.MCHP,-0.05822839306856094,"成交额 $2,296,966 ≥ 阈值 $500,000 | 成交量 2,252 手",US.MCHP,2026-05-01 14:28:19
US.MCHP260508C95000,MCHP 260508 95.00C,92.91,2373,707283.0,CALL,2026-05-08,95.0,262,86.012,0.455609922,0.034438423,-0.315440601,0.0530659,7,100.0,US.MCHP,-0.02249488752556241,"成交额 $707,283 ≥ 阈值 $500,000 | 成交量 2,373 手",US.MCHP,2026-05-01 14:28:19
US.MPWR260515P1400000,MPWR 260515 1400.00P,1614.41,254,713484.0,PUT,2026-05-15,1400.0,21,85.599,-0.177045687,0.00094055,-2.44402892,0.837677621,14,100.0,US.MPWR,-0.1328101287776959,"成交额 $713,484 ≥ 阈值 $500,000 | 成交量 254 手",US.MPWR,2026-05-01 14:28:52
US.MRVL260618C180000,MRVL 260618 180.00C,165.15,2197,2864076.0,CALL,2026-06-18,180.0,28169,80.132,0.447547396,0.008191898,-0.203465122,0.23827175,48,100.0,US.MRVL,-0.08991825613079016,"成交额 $2,864,076 ≥ 阈值 $500,000 | 成交量 2,197 手",US.MRVL,2026-05-01 14:29:19
US.MRVL261120C135000,MRVL 261120 135.00C,165.15,500,2529000.0,CALL,2026-11-20,135.0,234,71.495,0.752503981,0.003584083,-0.075883317,0.38987477,203,100.0,US.MRVL,0.1825613079019074,"成交额 $2,529,000 ≥ 阈值 $500,000 | 成交量 500 手",US.MRVL,2026-05-01 14:29:19
US.MRVL260508C165000,MRVL 260508 165.00C,165.15,3643,2510366.0,CALL,2026-05-08,165.0,4341,76.347,0.527943874,0.021908386,-0.502013252,0.094685021,7,100.0,US.MRVL,0.0009082652134423595,"成交额 $2,510,366 ≥ 阈值 $500,000 | 成交量 3,643 手",US.MRVL,2026-05-01 14:29:19
US.MRVL260501C160000,MRVL 260501 160.00C,165.15,5085,2300605.0,CALL,2026-05-01,160.0,3942,108.55,0.775731156,0.042053065,-1.88489821,0.019631213,0,100.0,US.MRVL,0.031183772328186532,"成交额 $2,300,605 ≥ 阈值 $500,000 | 成交量 5,085 手",US.MRVL,2026-05-01 14:29:19
US.MRVL260515C160000,MRVL 260515 160.00C,165.15,1876,2036328.0,CALL,2026-05-15,160.0,9390,74.158,0.617015008,0.01559433,-0.334799866,0.125954562,14,100.0,US.MRVL,0.031183772328186532,"成交额 $2,036,328 ≥ 阈值 $500,000 | 成交量 1,876 手",US.MRVL,2026-05-01 14:29:19
US.MRVL260618C175000,MRVL 260618 175.00C,165.15,1330,2034695.0,CALL,2026-06-18,175.0,2534,80.617,0.486630907,0.008209149,-0.206790519,0.240218065,48,100.0,US.MRVL,-0.05964274901604598,"成交额 $2,034,695 ≥ 阈值 $500,000 | 成交量 1,330 手",US.MRVL,2026-05-01 14:29:19
US.MRVL260501C155000,MRVL 260501 155.00C,165.15,2511,1890602.0,CALL,2026-05-01,155.0,2310,136.53,0.884566247,0.02173699,-1.511238992,0.012762834,0,100.0,US.MRVL,0.061459279442930705,"成交额 $1,890,602 ≥ 阈值 $500,000 | 成交量 2,511 手",US.MRVL,2026-05-01 14:29:19
US.MRVL260501C165000,MRVL 260501 165.00C,165.15,8469,1885696.0,CALL,2026-05-01,165.0,4562,102.667,0.517578136,0.059195758,-2.400898253,0.026136706,0,100.0,US.MRVL,0.0009082652134423595,"成交额 $1,885,696 ≥ 阈值 $500,000 | 成交量 8,469 手",US.MRVL,2026-05-01 14:29:19
US.MRVL260717C180000,MRVL 260717 180.00C,165.15,1130,1846922.0,CALL,2026-07-17,180.0,17098,76.464,0.481606762,0.00684528,-0.156137302,0.303417365,77,100.0,US.MRVL,-0.08991825613079016,"成交额 $1,846,922 ≥ 阈值 $500,000 | 成交量 1,130 手",US.MRVL,2026-05-01 14:29:19
US.MRVL260618C200000,MRVL 260618 200.00C,165.15,2332,1775835.0,CALL,2026-06-18,200.0,4692,79.451,0.308891524,0.007358665,-0.178322812,0.212211767,48,100.0,US.MRVL,-0.21102028458976685,"成交额 $1,775,835 ≥ 阈值 $500,000 | 成交量 2,332 手",US.MRVL,2026-05-01 14:29:19
US.MRVL260501C130000,MRVL 260501 130.00C,165.15,511,1610539.0,CALL,2026-05-01,130.0,993,0.0,0.0,0.0,0.0,0.0,0,100.0,US.MRVL,0.21283681501665155,"成交额 $1,610,539 ≥ 阈值 $500,000 | 成交量 511 手",US.MRVL,2026-05-01 14:29:19
US.MRVL261120C185000,MRVL 261120 185.00C,165.15,526,1495960.0,CALL,2026-11-20,185.0,230,70.959,0.535468854,0.004539849,-0.091456688,0.49014675,203,100.0,US.MRVL,-0.12019376324553432,"成交额 $1,495,960 ≥ 阈值 $500,000 | 成交量 526 手",US.MRVL,2026-05-01 14:29:19
US.MRVL260501C162500,MRVL 260501 162.50C,165.15,4635,1487772.0,CALL,2026-05-01,162.5,2184,107.769,0.655693349,0.05209321,-2.321510546,0.024143394,0,100.0,US.MRVL,0.016046018770814446,"成交额 $1,487,772 ≥ 阈值 $500,000 | 成交量 4,635 手",US.MRVL,2026-05-01 14:29:19
US.MRVL260918C180000,MRVL 260918 180.00C,165.15,547,1367917.0,CALL,2026-09-18,180.0,2533,74.698,0.530367771,0.005195746,-0.114682481,0.40769442,140,100.0,US.MRVL,-0.08991825613079016,"成交额 $1,367,917 ≥ 阈值 $500,000 | 成交量 547 手",US.MRVL,2026-05-01 14:29:19
US.MRVL260515P150000,MRVL 260515 150.00P,165.15,2820,1282669.0,PUT,2026-05-15,150.0,6923,76.237,-0.236755672,0.01226873,-0.26518033,0.101822017,14,100.0,US.MRVL,-0.09173478655767488,"成交额 $1,282,669 ≥ 阈值 $500,000 | 成交量 2,820 手",US.MRVL,2026-05-01 14:29:19
US.MRVL260515C170000,MRVL 260515 170.00C,165.15,1713,1188682.0,CALL,2026-05-15,170.0,3404,72.948,0.453933864,0.016460364,-0.339569954,0.130780944,14,100.0,US.MRVL,-0.02936724190130181,"成交额 $1,188,682 ≥ 阈值 $500,000 | 成交量 1,713 手",US.MRVL,2026-05-01 14:29:19
US.MRVL260717P150000,MRVL 260717 150.00P,165.15,716,1170254.0,PUT,2026-07-17,150.0,2509,78.035,-0.320606865,0.006043027,-0.131519537,0.272424985,77,100.0,US.MRVL,-0.09173478655767488,"成交额 $1,170,254 ≥ 阈值 $500,000 | 成交量 716 手",US.MRVL,2026-05-01 14:29:19
US.MRVL260918P140000,MRVL 260918 140.00P,165.15,662,1117029.0,PUT,2026-09-18,140.0,3048,76.2,-0.270618953,0.004258853,-0.086901656,0.339231281,140,100.0,US.MRVL,-0.15228580078716322,"成交额 $1,117,029 ≥ 阈值 $500,000 | 成交量 662 手",US.MRVL,2026-05-01 14:29:19
US.MRVL260508C160000,MRVL 260508 160.00C,165.15,1297,1107003.0,CALL,2026-05-08,160.0,1274,76.403,0.636716142,0.020644618,-0.474357274,0.08928759,7,100.0,US.MRVL,0.031183772328186532,"成交额 $1,107,003 ≥ 阈值 $500,000 | 成交量 1,297 手",US.MRVL,2026-05-01 14:29:19
US.MRVL260717C150000,MRVL 260717 150.00C,165.15,376,1055486.0,CALL,2026-07-17,150.0,1229,77.647,0.680578283,0.006044524,-0.144647975,0.272065055,77,100.0,US.MRVL,0.09173478655767488,"成交额 $1,055,486 ≥ 阈值 $500,000 | 成交量 376 手",US.MRVL,2026-05-01 14:29:19
US.MRVL260618P160000,MRVL 260618 160.00P,165.15,573,943370.0,PUT,2026-06-18,160.0,2283,81.365,-0.393860063,0.007870561,-0.187925313,0.231733378,48,100.0,US.MRVL,-0.031183772328186532,"成交额 $943,370 ≥ 阈值 $500,000 | 成交量 573 手",US.MRVL,2026-05-01 14:29:19
US.MRVL260501C152500,MRVL 260501 152.50C,165.15,873,900993.0,CALL,2026-05-01,152.5,1307,136.181,0.933420763,0.01446436,-0.98467425,0.008471014,0,100.0,US.MRVL,0.07659703300030278,"成交额 $900,993 ≥ 阈值 $500,000 | 成交量 873 手",US.MRVL,2026-05-01 14:29:19
US.MRVL260918C220000,MRVL 260918 220.00C,165.15,503,729233.0,CALL,2026-09-18,220.0,125,74.333,0.35915765,0.004906678,-0.105845039,0.383115899,140,100.0,US.MRVL,-0.3321223130487435,"成交额 $729,233 ≥ 阈值 $500,000 | 成交量 503 手",US.MRVL,2026-05-01 14:29:19
US.MRVL260515C180000,MRVL 260515 180.00C,165.15,1689,697549.0,CALL,2026-05-15,180.0,4159,72.173,0.303332803,0.014669994,-0.293251781,0.115314671,14,100.0,US.MRVL,-0.08991825613079016,"成交额 $697,549 ≥ 阈值 $500,000 | 成交量 1,689 手",US.MRVL,2026-05-01 14:29:19
US.MRVL260821C160000,MRVL 260821 160.00C,165.15,231,687475.0,CALL,2026-08-21,160.0,622,74.489,0.621898593,0.005564577,-0.122849462,0.348683919,112,100.0,US.MRVL,0.031183772328186532,"成交额 $687,475 ≥ 阈值 $500,000 | 成交量 231 手",US.MRVL,2026-05-01 14:29:19
US.MRVL260821C175000,MRVL 260821 175.00C,165.15,260,622381.0,CALL,2026-08-21,175.0,11599,74.673,0.537700363,0.005798887,-0.127533172,0.364265588,112,100.0,US.MRVL,-0.05964274901604598,"成交额 $622,381 ≥ 阈值 $500,000 | 成交量 260 手",US.MRVL,2026-05-01 14:29:19
US.MRVL260515C165000,MRVL 260515 165.00C,165.15,735,610125.0,CALL,2026-05-15,165.0,2441,73.861,0.53576542,0.016300432,-0.34601413,0.13113065,14,100.0,US.MRVL,0.0009082652134423595,"成交额 $610,125 ≥ 阈值 $500,000 | 成交量 735 手",US.MRVL,2026-05-01 14:29:19
US.MRVL260508C162500,MRVL 260508 162.50C,165.15,869,591362.0,CALL,2026-05-08,162.5,643,75.773,0.583034186,0.021647484,-0.489248734,0.092854325,7,100.0,US.MRVL,0.016046018770814446,"成交额 $591,362 ≥ 阈值 $500,000 | 成交量 869 手",US.MRVL,2026-05-01 14:29:19
US.MRVL260618C170000,MRVL 260618 170.00C,165.15,340,571409.0,CALL,2026-06-18,170.0,1645,80.962,0.526321445,0.008160949,-0.207807254,0.239830186,48,100.0,US.MRVL,-0.02936724190130181,"成交额 $571,409 ≥ 阈值 $500,000 | 成交量 340 手",US.MRVL,2026-05-01 14:29:19
US.MRVL260618C220000,MRVL 260618 220.00C,165.15,1139,551034.0,CALL,2026-06-18,220.0,167,80.161,0.206702408,0.005912008,-0.144864011,0.172012409,48,100.0,US.MRVL,-0.3321223130487435,"成交额 $551,034 ≥ 阈值 $500,000 | 成交量 1,139 手",US.MRVL,2026-05-01 14:29:19
US.MRVL260618C160000,MRVL 260618 160.00C,165.15,260,544008.0,CALL,2026-06-18,160.0,2633,80.979,0.606916526,0.007881593,-0.20189428,0.231669241,48,100.0,US.MRVL,0.031183772328186532,"成交额 $544,008 ≥ 阈值 $500,000 | 成交量 260 手",US.MRVL,2026-05-01 14:29:19
US.MRVL260717C200000,MRVL 260717 200.00C,165.15,443,511106.0,CALL,2026-07-17,200.0,3764,76.508,0.365196652,0.006453824,-0.146270305,0.286225558,77,100.0,US.MRVL,-0.21102028458976685,"成交额 $511,106 ≥ 阈值 $500,000 | 成交量 443 手",US.MRVL,2026-05-01 14:29:19
US.MRVL260501C170000,MRVL 260501 170.00C,165.15,5597,506008.0,CALL,2026-05-01,170.0,4485,103.307,0.247090265,0.046614178,-1.886114075,0.020709383,0,100.0,US.MRVL,-0.02936724190130181,"成交额 $506,008 ≥ 阈值 $500,000 | 成交量 5,597 手",US.MRVL,2026-05-01 14:29:19
US.NFLX260618C95000,NFLX 260618 95.00C,93.61,13282,4517904.0,CALL,2026-06-18,95.0,19933,29.956,0.485618013,0.038972709,-0.046351181,0.136146142,48,100.0,US.NFLX,-0.014848840935797464,"成交额 $4,517,904 ≥ 阈值 $500,000 | 成交量 13,282 手",US.NFLX,2026-05-01 14:29:28
US.NFLX260501C93000,NFLX 260501 93.00C,93.61,32750,2459254.0,CALL,2026-05-01,93.0,14760,40.102,0.663658619,0.245001777,-0.489341264,0.013550013,0,100.0,US.NFLX,0.006516397820745641,"成交额 $2,459,254 ≥ 阈值 $500,000 | 成交量 32,750 手",US.NFLX,2026-05-01 14:29:28
US.NFLX260501C94000,NFLX 260501 94.00C,93.61,59955,2164977.0,CALL,2026-05-01,94.0,21058,41.305,0.404377034,0.252562786,-0.533659501,0.014387658,0,100.0,US.NFLX,-0.004166221557525911,"成交额 $2,164,977 ≥ 阈值 $500,000 | 成交量 59,955 手",US.NFLX,2026-05-01 14:29:28
US.NFLX260515C95000,NFLX 260515 95.00C,93.61,13144,2048971.0,CALL,2026-05-15,95.0,22027,29.627,0.4227367,0.070630809,-0.079417385,0.073218621,14,100.0,US.NFLX,-0.014848840935797464,"成交额 $2,048,971 ≥ 阈值 $500,000 | 成交量 13,144 手",US.NFLX,2026-05-01 14:29:28
US.NFLX260501C92000,NFLX 260501 92.00C,93.61,15401,1723251.0,CALL,2026-05-01,92.0,8252,37.822,0.878494137,0.143670978,-0.252333209,0.007492402,0,100.0,US.NFLX,0.017199017199017192,"成交额 $1,723,251 ≥ 阈值 $500,000 | 成交量 15,401 手",US.NFLX,2026-05-01 14:29:28
US.NFLX260618C100000,NFLX 260618 100.00C,93.61,9576,1720665.0,CALL,2026-06-18,100.0,43582,29.614,0.304141979,0.034593307,-0.039172623,0.119447735,48,100.0,US.NFLX,-0.06826193782715523,"成交额 $1,720,665 ≥ 阈值 $500,000 | 成交量 9,576 手",US.NFLX,2026-05-01 14:29:28
US.NFLX260522P90000,NFLX 260522 90.00P,93.61,11667,1550172.0,PUT,2026-05-22,90.0,12795,29.799,-0.272180276,0.049052785,-0.050207397,0.075490514,21,100.0,US.NFLX,-0.038564255955560296,"成交额 $1,550,172 ≥ 阈值 $500,000 | 成交量 11,667 手",US.NFLX,2026-05-01 14:29:28
US.NFLX260717P90000,NFLX 260717 90.00P,93.61,3128,1376632.0,PUT,2026-07-17,90.0,8453,34.332,-0.356078752,0.025371137,-0.032490266,0.160539657,77,100.0,US.NFLX,-0.038564255955560296,"成交额 $1,376,632 ≥ 阈值 $500,000 | 成交量 3,128 手",US.NFLX,2026-05-01 14:29:28
US.NFLX260717C100000,NFLX 260717 100.00C,93.61,3445,1217449.0,CALL,2026-07-17,100.0,21342,34.16,0.385298853,0.025934878,-0.039646324,0.164989814,77,100.0,US.NFLX,-0.06826193782715523,"成交额 $1,217,449 ≥ 阈值 $500,000 | 成交量 3,445 手",US.NFLX,2026-05-01 14:29:28
US.NFLX260717P95000,NFLX 260717 95.00P,93.61,1711,1134267.0,PUT,2026-07-17,95.0,13169,33.247,-0.492591079,0.028315367,-0.032649068,0.171550047,77,100.0,US.NFLX,0.014848840935797464,"成交额 $1,134,267 ≥ 阈值 $500,000 | 成交量 1,711 手",US.NFLX,2026-05-01 14:29:28
US.NFLX260618P84000,NFLX 260618 84.00P,93.61,11663,1121491.0,PUT,2026-06-18,84.0,5172,31.665,-0.150556928,0.021648128,-0.024706064,0.079736539,48,100.0,US.NFLX,-0.1026599722251896,"成交额 $1,121,491 ≥ 阈值 $500,000 | 成交量 11,663 手",US.NFLX,2026-05-01 14:29:28
US.NFLX260508C93000,NFLX 260508 93.00C,93.61,6841,1116216.0,CALL,2026-05-08,93.0,6764,29.796,0.575859796,0.097487109,-0.112668708,0.052821064,7,100.0,US.NFLX,0.006516397820745641,"成交额 $1,116,216 ≥ 阈值 $500,000 | 成交量 6,841 手",US.NFLX,2026-05-01 14:29:28
US.NFLX260515P112000,NFLX 260515 112.00P,93.61,560,1023155.0,PUT,2026-05-15,112.0,109,0.0,0.0,0.0,0.0,0.0,14,100.0,US.NFLX,0.19645337036641386,"成交额 $1,023,155 ≥ 阈值 $500,000 | 成交量 560 手",US.NFLX,2026-05-01 14:29:28
US.NFLX260508C95000,NFLX 260508 95.00C,93.61,8881,861461.0,CALL,2026-05-08,95.0,4482,30.286,0.382557734,0.09341754,-0.109471285,0.0514464,7,100.0,US.NFLX,-0.014848840935797464,"成交额 $861,461 ≥ 阈值 $500,000 | 成交量 8,881 手",US.NFLX,2026-05-01 14:29:28
US.NFLX260508C94000,NFLX 260508 94.00C,93.61,7053,842972.0,CALL,2026-05-08,94.0,2695,29.405,0.476398194,0.100431701,-0.112176494,0.053703101,7,100.0,US.NFLX,-0.004166221557525911,"成交额 $842,972 ≥ 阈值 $500,000 | 成交量 7,053 手",US.NFLX,2026-05-01 14:29:28
US.NFLX260501P101000,NFLX 260501 101.00P,93.61,1094,772563.0,PUT,2026-05-01,101.0,203,131.669,-0.923397881,0.029495143,-0.585289821,0.00534096,0,100.0,US.NFLX,0.07894455720542677,"成交额 $772,563 ≥ 阈值 $500,000 | 成交量 1,094 手",US.NFLX,2026-05-01 14:29:28
US.NFLX260529C93000,NFLX 260529 93.00C,93.61,2226,759776.0,CALL,2026-05-29,93.0,1450,29.026,0.562013437,0.051838868,-0.057782969,0.103224249,28,100.0,US.NFLX,0.006516397820745641,"成交额 $759,776 ≥ 阈值 $500,000 | 成交量 2,226 手",US.NFLX,2026-05-01 14:29:28
US.NFLX260508C96000,NFLX 260508 96.00C,93.61,9175,678298.0,CALL,2026-05-08,96.0,4526,30.757,0.298107876,0.083588221,-0.099761949,0.046745162,7,100.0,US.NFLX,-0.025531460314069016,"成交额 $678,298 ≥ 阈值 $500,000 | 成交量 9,175 手",US.NFLX,2026-05-01 14:29:28
US.NFLX260515C65000,NFLX 260515 65.00C,93.61,218,616753.0,CALL,2026-05-15,65.0,131,88.44,0.984632355,0.002337279,-0.027015039,0.007233648,14,100.0,US.NFLX,0.3056297404123491,"成交额 $616,753 ≥ 阈值 $500,000 | 成交量 218 手",US.NFLX,2026-05-01 14:29:28
US.NFLX260515C96000,NFLX 260515 96.00C,93.61,5619,605932.0,CALL,2026-05-15,96.0,7863,29.778,0.355849685,0.06689115,-0.075395163,0.069692482,14,100.0,US.NFLX,-0.025531460314069016,"成交额 $605,932 ≥ 阈值 $500,000 | 成交量 5,619 手",US.NFLX,2026-05-01 14:29:28
US.NFLX260515P110000,NFLX 260515 110.00P,93.61,377,599432.0,PUT,2026-05-15,110.0,70,0.0,0.0,0.0,0.0,0.0,14,100.0,US.NFLX,0.17508813160987075,"成交额 $599,432 ≥ 阈值 $500,000 | 成交量 377 手",US.NFLX,2026-05-01 14:29:28
US.NFLX260717C95000,NFLX 260717 95.00C,93.61,1087,594820.0,CALL,2026-07-17,95.0,10136,34.761,0.514464289,0.026576138,-0.042896762,0.172051703,77,100.0,US.NFLX,-0.014848840935797464,"成交额 $594,820 ≥ 阈值 $500,000 | 成交量 1,087 手",US.NFLX,2026-05-01 14:29:28
US.NFLX260821C100000,NFLX 260821 100.00C,93.61,1195,594207.0,CALL,2026-08-21,100.0,6366,34.352,0.423841158,0.021930003,-0.034575582,0.203600618,112,100.0,US.NFLX,-0.06826193782715523,"成交额 $594,207 ≥ 阈值 $500,000 | 成交量 1,195 手",US.NFLX,2026-05-01 14:29:28
US.NFLX260508C92000,NFLX 260508 92.00C,93.61,2587,566857.0,CALL,2026-05-08,92.0,4505,30.057,0.669924258,0.089355877,-0.105775948,0.04883588,7,100.0,US.NFLX,0.017199017199017192,"成交额 $566,857 ≥ 阈值 $500,000 | 成交量 2,587 手",US.NFLX,2026-05-01 14:29:28
US.NFLX260515C93000,NFLX 260515 93.00C,93.61,2336,562440.0,CALL,2026-05-15,93.0,4553,29.842,0.565032172,0.070513885,-0.081716137,0.073630184,14,100.0,US.NFLX,0.006516397820745641,"成交额 $562,440 ≥ 阈值 $500,000 | 成交量 2,336 手",US.NFLX,2026-05-01 14:29:28
US.NFLX260821C95000,NFLX 260821 95.00C,93.61,801,547546.0,CALL,2026-08-21,95.0,3081,35.265,0.531800224,0.021691273,-0.036692565,0.206739069,112,100.0,US.NFLX,-0.014848840935797464,"成交额 $547,546 ≥ 阈值 $500,000 | 成交量 801 手",US.NFLX,2026-05-01 14:29:28
US.NFLX260515P109000,NFLX 260515 109.00P,93.61,339,527145.0,PUT,2026-05-15,109.0,456,0.0,0.0,0.0,0.0,0.0,14,100.0,US.NFLX,0.1644055122315992,"成交额 $527,145 ≥ 阈值 $500,000 | 成交量 339 手",US.NFLX,2026-05-01 14:29:28
US.NXPI260515C190000,NXPI 260515 190.00C,293.59,700,6752128.0,CALL,2026-05-15,190.0,786,87.706,0.9950421,0.000278901,-0.041838019,0.008423328,14,100.0,US.NXPI,0.3528389931537177,"成交额 $6,752,128 ≥ 阈值 $500,000 | 成交量 700 手",US.NXPI,2026-05-01 14:29:49
US.NXPI260515C210000,NXPI 260515 210.00C,293.59,500,4114490.0,CALL,2026-05-15,210.0,606,80.166,0.985399474,0.00078671,-0.076636219,0.02171181,14,100.0,US.NXPI,0.28471678190674066,"成交额 $4,114,490 ≥ 阈值 $500,000 | 成交量 500 手",US.NXPI,2026-05-01 14:29:49
US.NXPI260515C240000,NXPI 260515 240.00C,293.59,308,1569297.0,CALL,2026-05-15,240.0,2232,58.384,0.9639291,0.002312269,-0.11258253,0.04646774,14,100.0,US.NXPI,0.18253346503627502,"成交额 $1,569,297 ≥ 阈值 $500,000 | 成交量 308 手",US.NXPI,2026-05-01 14:29:49
US.NXPI260515C290000,NXPI 260515 290.00C,293.59,1151,1022713.0,CALL,2026-05-15,290.0,1545,45.505,0.577967452,0.014656638,-0.380273123,0.229569685,14,100.0,US.NXPI,0.012227936918832302,"成交额 $1,022,713 ≥ 阈值 $500,000 | 成交量 1,151 手",US.NXPI,2026-05-01 14:29:49
US.NXPI260515P290000,NXPI 260515 290.00P,293.59,645,828576.0,PUT,2026-05-15,290.0,467,45.061,-0.422240985,0.014832573,-0.348978605,0.22949825,14,100.0,US.NXPI,-0.012227936918832302,"成交额 $828,576 ≥ 阈值 $500,000 | 成交量 645 手",US.NXPI,2026-05-01 14:29:49
US.NXPI260515C280000,NXPI 260515 280.00C,293.59,454,681451.0,CALL,2026-05-15,280.0,740,48.745,0.708883936,0.011990837,-0.359797631,0.201177642,14,100.0,US.NXPI,0.046289042542320843,"成交额 $681,451 ≥ 阈值 $500,000 | 成交量 454 手",US.NXPI,2026-05-01 14:29:49
US.NXPI260515C300000,NXPI 260515 300.00C,293.59,1027,679071.0,CALL,2026-05-15,300.0,1623,44.722,0.428271326,0.014958264,-0.37084971,0.230258868,14,100.0,US.NXPI,-0.02183316870465624,"成交额 $679,071 ≥ 阈值 $500,000 | 成交量 1,027 手",US.NXPI,2026-05-01 14:29:49
US.NXPI260515P280000,NXPI 260515 280.00P,293.59,705,537648.0,PUT,2026-05-15,280.0,422,45.175,-0.279221322,0.012695463,-0.301577298,0.197163583,14,100.0,US.NXPI,-0.046289042542320843,"成交额 $537,648 ≥ 阈值 $500,000 | 成交量 705 手",US.NXPI,2026-05-01 14:29:49
US.PANW260618C190000,PANW 260618 190.00C,179.32,1057,910597.0,CALL,2026-06-18,190.0,4173,47.501,0.413190033,0.012533371,-0.131671548,0.25476586,48,100.0,US.PANW,-0.05955833147445911,"成交额 $910,597 ≥ 阈值 $500,000 | 成交量 1,057 手",US.PANW,2026-05-01 14:30:28
US.PANW260618C170000,PANW 260618 170.00C,179.32,498,862694.0,CALL,2026-06-18,170.0,2216,49.086,0.660766322,0.011400896,-0.131572311,0.239480551,48,100.0,US.PANW,0.051974124470220796,"成交额 $862,694 ≥ 阈值 $500,000 | 成交量 498 手",US.PANW,2026-05-01 14:30:28
US.PANW260821P180000,PANW 260821 180.00P,179.32,344,621684.0,PUT,2026-08-21,180.0,358,45.266,-0.442299149,0.008883114,-0.071154826,0.39226386,112,100.0,US.PANW,0.0037921035021191546,"成交额 $621,684 ≥ 阈值 $500,000 | 成交量 344 手",US.PANW,2026-05-01 14:30:28
US.PANW260717C170000,PANW 260717 170.00C,179.32,317,619571.0,CALL,2026-07-17,170.0,914,47.686,0.650908624,0.0093868,-0.103828147,0.305909371,77,100.0,US.PANW,0.051974124470220796,"成交额 $619,571 ≥ 阈值 $500,000 | 成交量 317 手",US.PANW,2026-05-01 14:30:28
US.PANW261120C200000,PANW 261120 200.00C,179.32,342,575202.0,CALL,2026-11-20,200.0,134,43.692,0.456494251,0.006776744,-0.063509464,0.531124969,203,100.0,US.PANW,-0.11532455944679906,"成交额 $575,202 ≥ 阈值 $500,000 | 成交量 342 手",US.PANW,2026-05-01 14:30:28
US.PLTR260717C150000,PLTR 260717 150.00C,139.11,10565,10397824.0,CALL,2026-07-17,150.0,35697,53.351,0.439549427,0.011525784,-0.092333634,0.252901155,77,100.0,US.PLTR,-0.07828337287039024,"成交额 $10,397,824 ≥ 阈值 $500,000 | 成交量 10,565 手",US.PLTR,2026-05-01 14:31:22
US.PLTR260508C145000,PLTR 260508 145.00C,139.11,6027,2726186.0,CALL,2026-05-08,145.0,2302,87.642,0.397676042,0.021963477,-0.466281155,0.07730111,7,100.0,US.PLTR,-0.042340593774710555,"成交额 $2,726,186 ≥ 阈值 $500,000 | 成交量 6,027 手",US.PLTR,2026-05-01 14:31:22
US.PLTR260508C155000,PLTR 260508 155.00C,139.11,12753,2650216.0,CALL,2026-05-08,155.0,8444,87.422,0.214792095,0.016669137,-0.343085628,0.058518363,7,100.0,US.PLTR,-0.1142261519660699,"成交额 $2,650,216 ≥ 阈值 $500,000 | 成交量 12,753 手",US.PLTR,2026-05-01 14:31:22
US.PLTR260501C140000,PLTR 260501 140.00C,139.11,19863,2619918.0,CALL,2026-05-01,140.0,4807,68.614,0.413484923,0.102871816,-1.321306249,0.021495859,0,100.0,US.PLTR,-0.006397814679030884,"成交额 $2,619,918 ≥ 阈值 $500,000 | 成交量 19,863 手",US.PLTR,2026-05-01 14:31:22
US.PLTR260618P150000,PLTR 260618 150.00P,139.11,1014,1792528.0,PUT,2026-06-18,150.0,14249,55.816,-0.599287435,0.013813871,-0.104663796,0.195816681,48,100.0,US.PLTR,0.07828337287039024,"成交额 $1,792,528 ≥ 阈值 $500,000 | 成交量 1,014 手",US.PLTR,2026-05-01 14:31:22
US.PLTR260501C138000,PLTR 260501 138.00C,139.11,7908,1695070.0,CALL,2026-05-01,138.0,1176,68.66,0.621658267,0.100353625,-1.292583672,0.020983731,0,100.0,US.PLTR,0.007979296959240986,"成交额 $1,695,070 ≥ 阈值 $500,000 | 成交量 7,908 手",US.PLTR,2026-05-01 14:31:22
US.PLTR260501C139000,PLTR 260501 139.00C,139.11,9771,1683674.0,CALL,2026-05-01,139.0,1287,68.404,0.517875856,0.105575788,-1.351052297,0.021993611,0,100.0,US.PLTR,0.0007907411401050509,"成交额 $1,683,674 ≥ 阈值 $500,000 | 成交量 9,771 手",US.PLTR,2026-05-01 14:31:22
US.PLTR260508C152500,PLTR 260508 152.50C,139.11,6414,1601271.0,CALL,2026-05-08,152.5,1643,87.061,0.253329461,0.018341978,-0.377376325,0.064125436,7,100.0,US.PLTR,-0.09625476241823007,"成交额 $1,601,271 ≥ 阈值 $500,000 | 成交量 6,414 手",US.PLTR,2026-05-01 14:31:22
US.PLTR260501P137000,PLTR 260501 137.00P,139.11,10385,1531711.0,PUT,2026-05-01,137.0,2617,69.57,-0.284469148,0.088354106,-1.149992129,0.018717966,0,100.0,US.PLTR,-0.015167852778376921,"成交额 $1,531,711 ≥ 阈值 $500,000 | 成交量 10,385 手",US.PLTR,2026-05-01 14:31:22
US.PLTR260508C140000,PLTR 260508 140.00C,139.11,2293,1524123.0,CALL,2026-05-08,140.0,2578,87.812,0.507493929,0.022666778,-0.486121788,0.079931811,7,100.0,US.PLTR,-0.006397814679030884,"成交额 $1,524,123 ≥ 阈值 $500,000 | 成交量 2,293 手",US.PLTR,2026-05-01 14:31:22
US.PLTR260618P155000,PLTR 260618 155.00P,139.11,697,1470188.0,PUT,2026-06-18,155.0,3171,56.052,-0.659944114,0.013114047,-0.098364384,0.185507519,48,100.0,US.PLTR,0.1142261519660699,"成交额 $1,470,188 ≥ 阈值 $500,000 | 成交量 697 手",US.PLTR,2026-05-01 14:31:22
US.PLTR260501P138000,PLTR 260501 138.00P,139.11,7862,1327396.0,PUT,2026-05-01,138.0,7243,68.317,-0.377827794,0.100822051,-1.272040217,0.020974562,0,100.0,US.PLTR,-0.007979296959240986,"成交额 $1,327,396 ≥ 阈值 $500,000 | 成交量 7,862 手",US.PLTR,2026-05-01 14:31:22
US.PLTR260515P135000,PLTR 260515 135.00P,139.11,2040,1317390.0,PUT,2026-05-15,135.0,9939,72.071,-0.386092317,0.019114032,-0.261921822,0.10632719,14,100.0,US.PLTR,-0.029544964416648792,"成交额 $1,317,390 ≥ 阈值 $500,000 | 成交量 2,040 手",US.PLTR,2026-05-01 14:31:22
US.PLTR260515C150000,PLTR 260515 150.00C,139.11,3137,1251976.0,CALL,2026-05-15,150.0,33358,71.604,0.328126279,0.018152845,-0.253984551,0.10043579,14,100.0,US.PLTR,-0.07828337287039024,"成交额 $1,251,976 ≥ 阈值 $500,000 | 成交量 3,137 手",US.PLTR,2026-05-01 14:31:22
US.PLTR260501P140000,PLTR 260501 140.00P,139.11,5257,1234997.0,PUT,2026-05-01,140.0,6318,68.281,-0.587034902,0.103366195,-1.300907693,0.021488781,0,100.0,US.PLTR,0.006397814679030884,"成交额 $1,234,997 ≥ 阈值 $500,000 | 成交量 5,257 手",US.PLTR,2026-05-01 14:31:22
US.PLTR260508C142000,PLTR 260508 142.00C,139.11,2213,1145435.0,CALL,2026-05-08,142.0,13320,87.425,0.462427968,0.022670028,-0.480995681,0.079590988,7,100.0,US.PLTR,-0.020774926317302753,"成交额 $1,145,435 ≥ 阈值 $500,000 | 成交量 2,213 手",US.PLTR,2026-05-01 14:31:22
US.PLTR260508C150000,PLTR 260508 150.00C,139.11,3697,1113553.0,CALL,2026-05-08,150.0,5573,87.039,0.297219459,0.019849641,-0.41109995,0.069379899,7,100.0,US.PLTR,-0.07828337287039024,"成交额 $1,113,553 ≥ 阈值 $500,000 | 成交量 3,697 手",US.PLTR,2026-05-01 14:31:22
US.PLTR260515C140000,PLTR 260515 140.00C,139.11,1377,1041066.0,CALL,2026-05-15,140.0,9976,71.924,0.514983659,0.019939775,-0.284685496,0.110818148,14,100.0,US.PLTR,-0.006397814679030884,"成交额 $1,041,066 ≥ 阈值 $500,000 | 成交量 1,377 手",US.PLTR,2026-05-01 14:31:22
US.PLTR260501C136000,PLTR 260501 136.00C,139.11,2998,993570.0,CALL,2026-05-01,136.0,989,73.853,0.784749309,0.071741048,-1.058219086,0.016134775,0,100.0,US.PLTR,0.022356408597512856,"成交额 $993,570 ≥ 阈值 $500,000 | 成交量 2,998 手",US.PLTR,2026-05-01 14:31:22
US.PLTR260529P125000,PLTR 260529 125.00P,139.11,2871,993465.0,PUT,2026-05-29,125.0,1163,61.795,-0.23565476,0.012807082,-0.126929095,0.11976524,28,100.0,US.PLTR,-0.10143052260800814,"成交额 $993,465 ≥ 阈值 $500,000 | 成交量 2,871 手",US.PLTR,2026-05-01 14:31:22
US.PLTR260501P136000,PLTR 260501 136.00P,139.11,9033,874173.0,PUT,2026-05-01,136.0,6298,71.204,-0.2070929,0.072745813,-0.983499469,0.015773309,0,100.0,US.PLTR,-0.022356408597512856,"成交额 $874,173 ≥ 阈值 $500,000 | 成交量 9,033 手",US.PLTR,2026-05-01 14:31:22
US.PLTR260501C137000,PLTR 260501 137.00C,139.11,3196,871497.0,CALL,2026-05-01,137.0,2112,69.955,0.714533442,0.088010066,-1.171939259,0.018749487,0,100.0,US.PLTR,0.015167852778376921,"成交额 $871,497 ≥ 阈值 $500,000 | 成交量 3,196 手",US.PLTR,2026-05-01 14:31:22
US.PLTR260508C138000,PLTR 260508 138.00C,139.11,1147,839525.0,CALL,2026-05-08,138.0,506,87.388,0.552730396,0.022581646,-0.48023756,0.079246538,7,100.0,US.PLTR,0.007979296959240986,"成交额 $839,525 ≥ 阈值 $500,000 | 成交量 1,147 手",US.PLTR,2026-05-01 14:31:22
US.PLTR260501P139000,PLTR 260501 139.00P,139.11,4592,832166.0,PUT,2026-05-01,139.0,2104,68.306,-0.482150628,0.105741576,-1.335514808,0.021993145,0,100.0,US.PLTR,-0.0007907411401050509,"成交额 $832,166 ≥ 阈值 $500,000 | 成交量 4,592 手",US.PLTR,2026-05-01 14:31:22
US.PLTR260618C140000,PLTR 260618 140.00C,139.11,729,822880.0,CALL,2026-06-18,140.0,7227,56.526,0.538077,0.013844005,-0.124195559,0.201530751,48,100.0,US.PLTR,-0.006397814679030884,"成交额 $822,880 ≥ 阈值 $500,000 | 成交量 729 手",US.PLTR,2026-05-01 14:31:22
US.PLTR260618P140000,PLTR 260618 140.00P,139.11,671,785345.0,PUT,2026-06-18,140.0,12726,56.034,-0.463872812,0.01405175,-0.110242462,0.201451404,48,100.0,US.PLTR,0.006397814679030884,"成交额 $785,345 ≥ 阈值 $500,000 | 成交量 671 手",US.PLTR,2026-05-01 14:31:22
US.PLTR260618C145000,PLTR 260618 145.00C,139.11,852,783459.0,CALL,2026-06-18,145.0,7912,56.409,0.470041822,0.013896871,-0.123398544,0.201881503,48,100.0,US.PLTR,-0.042340593774710555,"成交额 $783,459 ≥ 阈值 $500,000 | 成交量 852 手",US.PLTR,2026-05-01 14:31:22
US.PLTR260508C139000,PLTR 260508 139.00C,139.11,1046,739678.0,CALL,2026-05-08,139.0,551,87.9,0.530093608,0.022583694,-0.485638832,0.079718363,7,100.0,US.PLTR,0.0007907411401050509,"成交额 $739,678 ≥ 阈值 $500,000 | 成交量 1,046 手",US.PLTR,2026-05-01 14:31:22
US.PLTR260508P139000,PLTR 260508 139.00P,139.11,1035,724887.0,PUT,2026-05-08,139.0,277,87.425,-0.470207054,0.022723003,-0.469674875,0.079714921,7,100.0,US.PLTR,-0.0007907411401050509,"成交额 $724,887 ≥ 阈值 $500,000 | 成交量 1,035 手",US.PLTR,2026-05-01 14:31:22
US.PLTR260508C135000,PLTR 260508 135.00C,139.11,732,679886.0,CALL,2026-05-08,135.0,698,87.905,0.620232488,0.021610499,-0.465184918,0.076286863,7,100.0,US.PLTR,0.029544964416648792,"成交额 $679,886 ≥ 阈值 $500,000 | 成交量 732 手",US.PLTR,2026-05-01 14:31:22
US.PLTR260508C119000,PLTR 260508 119.00C,139.11,309,668187.0,CALL,2026-05-08,119.0,81,91.684,0.895069893,0.009892099,-0.227341591,0.036419725,7,100.0,US.PLTR,0.14456185752282374,"成交额 $668,187 ≥ 阈值 $500,000 | 成交量 309 手",US.PLTR,2026-05-01 14:31:22
US.PLTR260508C120000,PLTR 260508 120.00C,139.11,314,647838.0,CALL,2026-05-08,120.0,127,90.698,0.885337153,0.010657005,-0.24005649,0.038814197,7,100.0,US.PLTR,0.1373733017036878,"成交额 $647,838 ≥ 阈值 $500,000 | 成交量 314 手",US.PLTR,2026-05-01 14:31:22
US.PLTR260508P141000,PLTR 260508 141.00P,139.11,755,616232.0,PUT,2026-05-08,141.0,631,87.297,-0.515560249,0.022807001,-0.469063211,0.079875346,7,100.0,US.PLTR,0.013586370498166819,"成交额 $616,232 ≥ 阈值 $500,000 | 成交量 755 手",US.PLTR,2026-05-01 14:31:22
US.PLTR260618C125000,PLTR 260618 125.00C,139.11,303,591975.0,CALL,2026-06-18,125.0,2300,58.071,0.736818083,0.01107558,-0.107619418,0.165632217,48,100.0,US.PLTR,0.10143052260800814,"成交额 $591,975 ≥ 阈值 $500,000 | 成交量 303 手",US.PLTR,2026-05-01 14:31:22
US.PLTR260501P135000,PLTR 260501 135.00P,139.11,9297,591817.0,PUT,2026-05-01,135.0,7725,72.392,-0.144436997,0.056903011,-0.785993027,0.012544089,0,100.0,US.PLTR,-0.029544964416648792,"成交额 $591,817 ≥ 阈值 $500,000 | 成交量 9,297 手",US.PLTR,2026-05-01 14:31:22
US.PLTR260501C141000,PLTR 260501 141.00C,139.11,5963,585230.0,CALL,2026-05-01,141.0,2805,68.286,0.314722668,0.094231498,-1.191736883,0.019595998,0,100.0,US.PLTR,-0.013586370498166819,"成交额 $585,230 ≥ 阈值 $500,000 | 成交量 5,963 手",US.PLTR,2026-05-01 14:31:22
US.PLTR260618C155000,PLTR 260618 155.00C,139.11,1005,585207.0,CALL,2026-06-18,155.0,6714,56.267,0.344292593,0.01289313,-0.11278627,0.186823287,48,100.0,US.PLTR,-0.1142261519660699,"成交额 $585,207 ≥ 阈值 $500,000 | 成交量 1,005 手",US.PLTR,2026-05-01 14:31:22
US.PLTR260508P128000,PLTR 260508 128.00P,139.11,2020,569374.0,PUT,2026-05-08,128.0,594,89.198,-0.236489556,0.017254842,-0.367786622,0.061792568,7,100.0,US.PLTR,-0.07986485515060034,"成交额 $569,374 ≥ 阈值 $500,000 | 成交量 2,020 手",US.PLTR,2026-05-01 14:31:22
US.PLTR260508P130000,PLTR 260508 130.00P,139.11,1627,535726.0,PUT,2026-05-08,130.0,5946,88.946,-0.274825729,0.018718307,-0.3984552,0.066841,7,100.0,US.PLTR,-0.06548774351232846,"成交额 $535,726 ≥ 阈值 $500,000 | 成交量 1,627 手",US.PLTR,2026-05-01 14:31:22
US.PLTR260618C150000,PLTR 260618 150.00C,139.11,715,524161.0,CALL,2026-06-18,150.0,25115,56.191,0.404531592,0.013587656,-0.119104056,0.196625108,48,100.0,US.PLTR,-0.07828337287039024,"成交额 $524,161 ≥ 阈值 $500,000 | 成交量 715 手",US.PLTR,2026-05-01 14:31:22
US.PLTR260501C142000,PLTR 260501 142.00C,139.11,7088,502874.0,CALL,2026-05-01,142.0,3299,68.979,0.230970411,0.079956194,-1.022492667,0.016795553,0,100.0,US.PLTR,-0.020774926317302753,"成交额 $502,874 ≥ 阈值 $500,000 | 成交量 7,088 手",US.PLTR,2026-05-01 14:31:22
US.PLTR260508C146000,PLTR 260508 146.00C,139.11,1159,501025.0,CALL,2026-05-08,146.0,3898,87.177,0.375944185,0.0217228,-0.455457325,0.076048092,7,100.0,US.PLTR,-0.049529149593846494,"成交额 $501,025 ≥ 阈值 $500,000 | 成交量 1,159 手",US.PLTR,2026-05-01 14:31:22
US.QCOM260501C160000,QCOM 260501 160.00C,179.58,9406,12361669.0,CALL,2026-05-01,160.0,15064,182.034,0.9488988,0.008085418,-1.149784564,0.007482257,0,100.0,US.QCOM,0.10903218621227315,"成交额 $12,361,669 ≥ 阈值 $500,000 | 成交量 9,406 手",US.QCOM,2026-05-01 14:31:53
US.QCOM260501C180000,QCOM 260501 180.00C,179.58,35472,10047278.0,CALL,2026-05-01,180.0,4221,95.695,0.483655342,0.058420497,-2.433800111,0.02842071,0,100.0,US.QCOM,-0.0023387905111927135,"成交额 $10,047,278 ≥ 阈值 $500,000 | 成交量 35,472 手",US.QCOM,2026-05-01 14:31:53
US.QCOM260501C175000,QCOM 260501 175.00C,179.58,22222,7933140.0,CALL,2026-05-01,175.0,6232,93.08,0.763955855,0.046417065,-1.812705431,0.021963725,0,100.0,US.QCOM,0.02550395366967375,"成交额 $7,933,140 ≥ 阈值 $500,000 | 成交量 22,222 手",US.QCOM,2026-05-01 14:31:53
US.QCOM260501C170000,QCOM 260501 170.00C,179.58,13692,6991723.0,CALL,2026-05-01,170.0,5811,112.317,0.89488645,0.022723903,-1.26315153,0.012974644,0,100.0,US.QCOM,0.05334669785054021,"成交额 $6,991,723 ≥ 阈值 $500,000 | 成交量 13,692 手",US.QCOM,2026-05-01 14:31:53
US.QCOM260501C155000,QCOM 260501 155.00C,179.58,3321,6246481.0,CALL,2026-05-01,155.0,5574,0.0,0.0,0.0,0.0,0.0,0,100.0,US.QCOM,0.1368749303931396,"成交额 $6,246,481 ≥ 阈值 $500,000 | 成交量 3,321 手",US.QCOM,2026-05-01 14:31:53
US.QCOM260501C165000,QCOM 260501 165.00C,179.58,7342,5783718.0,CALL,2026-05-01,165.0,4357,136.428,0.94423615,0.01156124,-0.929429967,0.008018295,0,100.0,US.QCOM,0.08118944203140668,"成交额 $5,783,718 ≥ 阈值 $500,000 | 成交量 7,342 手",US.QCOM,2026-05-01 14:31:53
US.QCOM260501C140000,QCOM 260501 140.00C,179.58,1299,5519207.0,CALL,2026-05-01,140.0,1862,331.959,0.974731577,0.0024915,-1.145766283,0.004204613,0,100.0,US.QCOM,0.220403162935739,"成交额 $5,519,207 ≥ 阈值 $500,000 | 成交量 1,299 手",US.QCOM,2026-05-01 14:31:53
US.QCOM260918C150000,QCOM 260918 150.00C,179.58,1297,5229089.0,CALL,2026-09-18,150.0,1779,41.793,0.809892384,0.005828211,-0.055781275,0.302491747,140,100.0,US.QCOM,0.16471767457400607,"成交额 $5,229,089 ≥ 阈值 $500,000 | 成交量 1,297 手",US.QCOM,2026-05-01 14:31:53
US.QCOM260501C134000,QCOM 260501 134.00C,179.58,1166,5223687.0,CALL,2026-05-01,134.0,1406,420.251,0.967003157,0.002456757,-1.825341124,0.00524869,0,100.0,US.QCOM,0.25381445595277874,"成交额 $5,223,687 ≥ 阈值 $500,000 | 成交量 1,166 手",US.QCOM,2026-05-01 14:31:53
US.QCOM260717C175000,QCOM 260717 175.00C,179.58,3468,5128310.0,CALL,2026-07-17,175.0,612,42.433,0.606147183,0.010951777,-0.096538554,0.318517002,77,100.0,US.QCOM,0.02550395366967375,"成交额 $5,128,310 ≥ 阈值 $500,000 | 成交量 3,468 手",US.QCOM,2026-05-01 14:31:53
US.QCOM260501C137000,QCOM 260501 137.00C,179.58,1205,5038372.0,CALL,2026-05-01,137.0,1398,0.0,0.0,0.0,0.0,0.0,0,100.0,US.QCOM,0.23710880944425888,"成交额 $5,038,372 ≥ 阈值 $500,000 | 成交量 1,205 手",US.QCOM,2026-05-01 14:31:53
US.QCOM260501C185000,QCOM 260501 185.00C,179.58,24442,4880972.0,CALL,2026-05-01,185.0,1913,103.033,0.240399235,0.042355288,-2.013933439,0.022184894,0,100.0,US.QCOM,-0.030181534692059177,"成交额 $4,880,972 ≥ 阈值 $500,000 | 成交量 24,442 手",US.QCOM,2026-05-01 14:31:53
US.QCOM260717C145000,QCOM 260717 145.00C,179.58,1765,4856443.0,CALL,2026-07-17,145.0,3393,41.223,0.896353724,0.005278113,-0.051873718,0.149098054,77,100.0,US.QCOM,0.19256041875487254,"成交额 $4,856,443 ≥ 阈值 $500,000 | 成交量 1,765 手",US.QCOM,2026-05-01 14:31:53
US.QCOM260618C200000,QCOM 260618 200.00C,179.58,10301,4567379.0,CALL,2026-06-18,200.0,5349,43.76,0.286188248,0.011865856,-0.105289658,0.222832748,48,100.0,US.QCOM,-0.11370976723465857,"成交额 $4,567,379 ≥ 阈值 $500,000 | 成交量 10,301 手",US.QCOM,2026-05-01 14:31:53
US.QCOM260515C180000,QCOM 260515 180.00C,179.58,7703,3975203.0,CALL,2026-05-15,180.0,2776,47.7,0.515296167,0.023288741,-0.246792224,0.143057986,14,100.0,US.QCOM,-0.0023387905111927135,"成交额 $3,975,203 ≥ 阈值 $500,000 | 成交量 7,703 手",US.QCOM,2026-05-01 14:31:53
US.QCOM260618C175000,QCOM 260618 175.00C,179.58,3845,3971244.0,CALL,2026-06-18,175.0,7512,41.792,0.609244142,0.014021251,-0.11826447,0.251490115,48,100.0,US.QCOM,0.02550395366967375,"成交额 $3,971,244 ≥ 阈值 $500,000 | 成交量 3,845 手",US.QCOM,2026-05-01 14:31:53
US.QCOM260717C200000,QCOM 260717 200.00C,179.58,6234,3961995.0,CALL,2026-07-17,200.0,1728,43.955,0.347494322,0.010151755,-0.092289341,0.305825782,77,100.0,US.QCOM,-0.11370976723465857,"成交额 $3,961,995 ≥ 阈值 $500,000 | 成交量 6,234 手",US.QCOM,2026-05-01 14:31:53
US.QCOM260501C150000,QCOM 260501 150.00C,179.58,1546,3810434.0,CALL,2026-05-01,150.0,2342,0.0,0.0,0.0,0.0,0.0,0,100.0,US.QCOM,0.16471767457400607,"成交额 $3,810,434 ≥ 阈值 $500,000 | 成交量 1,546 手",US.QCOM,2026-05-01 14:31:53
US.QCOM260501C190000,QCOM 260501 190.00C,179.58,33791,3690419.0,CALL,2026-05-01,190.0,2694,110.001,0.102347189,0.022757606,-1.195613253,0.012725999,0,100.0,US.QCOM,-0.05802427887292564,"成交额 $3,690,419 ≥ 阈值 $500,000 | 成交量 33,791 手",US.QCOM,2026-05-01 14:31:53
US.QCOM260618C180000,QCOM 260618 180.00C,179.58,5101,3604840.0,CALL,2026-06-18,180.0,3662,41.51,0.536719561,0.014607968,-0.120265335,0.260246322,48,100.0,US.QCOM,-0.0023387905111927135,"成交额 $3,604,840 ≥ 阈值 $500,000 | 成交量 5,101 手",US.QCOM,2026-05-01 14:31:53
US.QCOM260508C190000,QCOM 260508 190.00C,179.58,12615,3221613.0,CALL,2026-05-08,190.0,537,58.2,0.267036827,0.021838068,-0.337220151,0.085063455,7,100.0,US.QCOM,-0.05802427887292564,"成交额 $3,221,613 ≥ 阈值 $500,000 | 成交量 12,615 手",US.QCOM,2026-05-01 14:31:53
US.QCOM260515C200000,QCOM 260515 200.00C,179.58,18878,3174498.0,CALL,2026-05-15,200.0,5069,53.442,0.173229816,0.013354434,-0.17123377,0.091897882,14,100.0,US.QCOM,-0.11370976723465857,"成交额 $3,174,498 ≥ 阈值 $500,000 | 成交量 18,878 手",US.QCOM,2026-05-01 14:31:53
US.QCOM260515C190000,QCOM 260515 190.00C,179.58,14163,3141261.0,CALL,2026-05-15,190.0,2518,50.441,0.310370694,0.01950022,-0.22697421,0.126661638,14,100.0,US.QCOM,-0.05802427887292564,"成交额 $3,141,261 ≥ 阈值 $500,000 | 成交量 14,163 手",US.QCOM,2026-05-01 14:31:53
US.QCOM260515C160000,QCOM 260515 160.00C,179.58,1821,3067041.0,CALL,2026-05-15,160.0,7931,53.911,0.872634183,0.010780375,-0.151551374,0.074834516,14,100.0,US.QCOM,0.10903218621227315,"成交额 $3,067,041 ≥ 阈值 $500,000 | 成交量 1,821 手",US.QCOM,2026-05-01 14:31:53
US.QCOM260618C150000,QCOM 260618 150.00C,179.58,999,2910173.0,CALL,2026-06-18,150.0,5031,44.794,0.887371486,0.006516842,-0.070381218,0.12526246,48,100.0,US.QCOM,0.16471767457400607,"成交额 $2,910,173 ≥ 阈值 $500,000 | 成交量 999 手",US.QCOM,2026-05-01 14:31:53
US.QCOM260717C180000,QCOM 260717 180.00C,179.58,2610,2851840.0,CALL,2026-07-17,180.0,890,42.611,0.549968361,0.011219825,-0.098671792,0.327686484,77,100.0,US.QCOM,-0.0023387905111927135,"成交额 $2,851,840 ≥ 阈值 $500,000 | 成交量 2,610 手",US.QCOM,2026-05-01 14:31:53
US.QCOM260515C170000,QCOM 260515 170.00C,179.58,3069,2765287.0,CALL,2026-05-15,170.0,4613,49.394,0.732186496,0.018577487,-0.214526244,0.118163992,14,100.0,US.QCOM,0.05334669785054021,"成交额 $2,765,287 ≥ 阈值 $500,000 | 成交量 3,069 手",US.QCOM,2026-05-01 14:31:53
US.QCOM260717C150000,QCOM 260717 150.00C,179.58,1084,2754970.0,CALL,2026-07-17,150.0,6672,42.032,0.856676433,0.006498621,-0.062718489,0.187186873,77,100.0,US.QCOM,0.16471767457400607,"成交额 $2,754,970 ≥ 阈值 $500,000 | 成交量 1,084 手",US.QCOM,2026-05-01 14:31:53
US.QCOM260515C150000,QCOM 260515 150.00C,179.58,1007,2737309.0,CALL,2026-05-15,150.0,6766,62.183,0.936022959,0.005612402,-0.107714082,0.044940023,14,100.0,US.QCOM,0.16471767457400607,"成交额 $2,737,309 ≥ 阈值 $500,000 | 成交量 1,007 手",US.QCOM,2026-05-01 14:31:53
US.QCOM260918C200000,QCOM 260918 200.00C,179.58,2101,2715379.0,CALL,2026-09-18,200.0,3263,42.969,0.413664503,0.008134823,-0.072607313,0.434139769,140,100.0,US.QCOM,-0.11370976723465857,"成交额 $2,715,379 ≥ 阈值 $500,000 | 成交量 2,101 手",US.QCOM,2026-05-01 14:31:53
US.QCOM260508C180000,QCOM 260508 180.00C,179.58,5076,2508452.0,CALL,2026-05-08,180.0,931,54.384,0.507567,0.028349104,-0.39205429,0.103191913,7,100.0,US.QCOM,-0.0023387905111927135,"成交额 $2,508,452 ≥ 阈值 $500,000 | 成交量 5,076 手",US.QCOM,2026-05-01 14:31:53
US.QCOM260508C170000,QCOM 260508 170.00C,179.58,3157,2499728.0,CALL,2026-05-08,170.0,1477,54.939,0.770878032,0.02131772,-0.301950936,0.078383371,7,100.0,US.QCOM,0.05334669785054021,"成交额 $2,499,728 ≥ 阈值 $500,000 | 成交量 3,157 手",US.QCOM,2026-05-01 14:31:53
US.QCOM260717C170000,QCOM 260717 170.00C,179.58,1813,2452405.0,CALL,2026-07-17,170.0,3870,41.867,0.662935684,0.010535855,-0.091732655,0.302326777,77,100.0,US.QCOM,0.05334669785054021,"成交额 $2,452,405 ≥ 阈值 $500,000 | 成交量 1,813 手",US.QCOM,2026-05-01 14:31:53
US.QCOM260501P180000,QCOM 260501 180.00P,179.58,8472,2416679.0,PUT,2026-05-01,180.0,13,94.117,-0.516897436,0.05940233,-2.376045683,0.028418588,0,100.0,US.QCOM,0.0023387905111927135,"成交额 $2,416,679 ≥ 阈值 $500,000 | 成交量 8,472 手",US.QCOM,2026-05-01 14:31:53
US.QCOM260618C170000,QCOM 260618 170.00C,179.58,1807,2365318.0,CALL,2026-06-18,170.0,2174,41.068,0.681915117,0.013258426,-0.109788654,0.233676702,48,100.0,US.QCOM,0.05334669785054021,"成交额 $2,365,318 ≥ 阈值 $500,000 | 成交量 1,807 手",US.QCOM,2026-05-01 14:31:53
US.QCOM260501C157500,QCOM 260501 157.50C,179.58,1774,2289216.0,CALL,2026-05-01,157.5,3695,0.0,0.0,0.0,0.0,0.0,0,100.0,US.QCOM,0.12295355830270638,"成交额 $2,289,216 ≥ 阈值 $500,000 | 成交量 1,774 手",US.QCOM,2026-05-01 14:31:53
US.QCOM260717C190000,QCOM 260717 190.00C,179.58,1951,2245995.0,CALL,2026-07-17,190.0,676,43.039,0.441884969,0.011077079,-0.097762807,0.326764847,77,100.0,US.QCOM,-0.05802427887292564,"成交额 $2,245,995 ≥ 阈值 $500,000 | 成交量 1,951 手",US.QCOM,2026-05-01 14:31:53
US.QCOM260501C182500,QCOM 260501 182.50C,179.58,8544,2182986.0,CALL,2026-05-01,182.5,507,97.371,0.345905445,0.053121024,-2.27882803,0.026295121,0,100.0,US.QCOM,-0.016260162601625945,"成交额 $2,182,986 ≥ 阈值 $500,000 | 成交量 8,544 手",US.QCOM,2026-05-01 14:31:53
US.QCOM260618C160000,QCOM 260618 160.00C,179.58,1116,2174286.0,CALL,2026-06-18,160.0,7734,39.061,0.819980363,0.010254707,-0.081616464,0.17188395,48,100.0,US.QCOM,0.10903218621227315,"成交额 $2,174,286 ≥ 阈值 $500,000 | 成交量 1,116 手",US.QCOM,2026-05-01 14:31:53
US.QCOM260515C175000,QCOM 260515 175.00C,179.58,2930,2123971.0,CALL,2026-05-15,175.0,3094,46.776,0.632551386,0.022441852,-0.23089478,0.135183796,14,100.0,US.QCOM,0.02550395366967375,"成交额 $2,123,971 ≥ 阈值 $500,000 | 成交量 2,930 手",US.QCOM,2026-05-01 14:31:53
US.QCOM260501C177500,QCOM 260501 177.50C,179.58,5683,2123348.0,CALL,2026-05-01,177.5,708,96.491,0.62731294,0.055008664,-2.327247415,0.026983444,0,100.0,US.QCOM,0.011582581579240518,"成交额 $2,123,348 ≥ 阈值 $500,000 | 成交量 5,683 手",US.QCOM,2026-05-01 14:31:53
US.QCOM260508C160000,QCOM 260508 160.00C,179.58,1426,2107376.0,CALL,2026-05-08,160.0,2140,61.696,0.911778525,0.010023908,-0.178556363,0.041388672,7,100.0,US.QCOM,0.10903218621227315,"成交额 $2,107,376 ≥ 阈值 $500,000 | 成交量 1,426 手",US.QCOM,2026-05-01 14:31:53
US.QCOM260515P165000,QCOM 260515 165.00P,179.58,4601,2100541.0,PUT,2026-05-15,165.0,77,46.342,-0.164646016,0.014911502,-0.138960213,0.088928193,14,100.0,US.QCOM,-0.08118944203140668,"成交额 $2,100,541 ≥ 阈值 $500,000 | 成交量 4,601 手",US.QCOM,2026-05-01 14:31:53
US.QCOM260508C185000,QCOM 260508 185.00C,179.58,4775,2008129.0,CALL,2026-05-08,185.0,718,56.541,0.376352419,0.025952245,-0.383944399,0.098210722,7,100.0,US.QCOM,-0.030181534692059177,"成交额 $2,008,129 ≥ 阈值 $500,000 | 成交量 4,775 手",US.QCOM,2026-05-01 14:31:53
US.QCOM260508C175000,QCOM 260508 175.00C,179.58,3254,1973472.0,CALL,2026-05-08,175.0,688,53.503,0.649317265,0.026778026,-0.36007725,0.095892026,7,100.0,US.QCOM,0.02550395366967375,"成交额 $1,973,472 ≥ 阈值 $500,000 | 成交量 3,254 手",US.QCOM,2026-05-01 14:31:53
US.QCOM260501C162500,QCOM 260501 162.50C,179.58,1908,1948953.0,CALL,2026-05-01,162.5,2136,152.229,0.953979343,0.008891819,-0.883906088,0.00688125,0,100.0,US.QCOM,0.09511081412183992,"成交额 $1,948,953 ≥ 阈值 $500,000 | 成交量 1,908 手",US.QCOM,2026-05-01 14:31:53
US.QCOM260918P180000,QCOM 260918 180.00P,179.58,1097,1900853.0,PUT,2026-09-18,180.0,411,44.866,-0.432920362,0.008001624,-0.062124474,0.437176243,140,100.0,US.QCOM,0.0023387905111927135,"成交额 $1,900,853 ≥ 阈值 $500,000 | 成交量 1,097 手",US.QCOM,2026-05-01 14:31:53
US.QCOM260501C172500,QCOM 260501 172.50C,179.58,4118,1836139.0,CALL,2026-05-01,172.5,1536,99.635,0.850369611,0.032766642,-1.448911996,0.016596317,0,100.0,US.QCOM,0.03942532576010698,"成交额 $1,836,139 ≥ 阈值 $500,000 | 成交量 4,118 手",US.QCOM,2026-05-01 14:31:53
US.QCOM260618C190000,QCOM 260618 190.00C,179.58,3071,1802601.0,CALL,2026-06-18,190.0,3432,42.556,0.399521463,0.013853207,-0.117737904,0.253012796,48,100.0,US.QCOM,-0.05802427887292564,"成交额 $1,802,601 ≥ 阈值 $500,000 | 成交量 3,071 手",US.QCOM,2026-05-01 14:31:53
US.QCOM260618C165000,QCOM 260618 165.00C,179.58,1380,1769556.0,CALL,2026-06-18,165.0,4172,41.303,0.748362829,0.011784668,-0.100544658,0.208882595,48,100.0,US.QCOM,0.08118944203140668,"成交额 $1,769,556 ≥ 阈值 $500,000 | 成交量 1,380 手",US.QCOM,2026-05-01 14:31:53
US.QCOM260508C200000,QCOM 260508 200.00C,179.58,11773,1752995.0,CALL,2026-05-08,200.0,953,63.953,0.132496633,0.01295473,-0.232747274,0.055447603,7,100.0,US.QCOM,-0.11370976723465857,"成交额 $1,752,995 ≥ 阈值 $500,000 | 成交量 11,773 手",US.QCOM,2026-05-01 14:31:53
US.QCOM260717C210000,QCOM 260717 210.00C,179.58,3204,1690843.0,CALL,2026-07-17,210.0,540,45.355,0.271937149,0.008836975,-0.084707741,0.274688174,77,100.0,US.QCOM,-0.1693952555963915,"成交额 $1,690,843 ≥ 阈值 $500,000 | 成交量 3,204 手",US.QCOM,2026-05-01 14:31:53
US.QCOM260618C185000,QCOM 260618 185.00C,179.58,1956,1513754.0,CALL,2026-06-18,185.0,1762,42.821,0.467588842,0.014174009,-0.122826631,0.260489401,48,100.0,US.QCOM,-0.030181534692059177,"成交额 $1,513,754 ≥ 阈值 $500,000 | 成交量 1,956 手",US.QCOM,2026-05-01 14:31:53
US.QCOM260501P175000,QCOM 260501 175.00P,179.58,8886,1478485.0,PUT,2026-05-01,175.0,7,91.018,-0.231317172,0.046940147,-1.734956331,0.021718578,0,100.0,US.QCOM,-0.02550395366967375,"成交额 $1,478,485 ≥ 阈值 $500,000 | 成交量 8,886 手",US.QCOM,2026-05-01 14:31:53
US.QCOM260515C145000,QCOM 260515 145.00C,179.58,412,1415289.0,CALL,2026-05-15,145.0,6072,47.369,0.989888706,0.001583098,-0.028808896,0.009665188,14,100.0,US.QCOM,0.19256041875487254,"成交额 $1,415,289 ≥ 阈值 $500,000 | 成交量 412 手",US.QCOM,2026-05-01 14:31:53
US.QCOM260821C155000,QCOM 260821 155.00C,179.58,424,1398867.0,CALL,2026-08-21,155.0,648,43.587,0.78093042,0.006794866,-0.06783143,0.294552024,112,100.0,US.QCOM,0.1368749303931396,"成交额 $1,398,867 ≥ 阈值 $500,000 | 成交量 424 手",US.QCOM,2026-05-01 14:31:53
US.QCOM260918C180000,QCOM 260918 180.00C,179.58,831,1359178.0,CALL,2026-09-18,180.0,4032,41.668,0.569183202,0.008461351,-0.073250175,0.437903716,140,100.0,US.QCOM,-0.0023387905111927135,"成交额 $1,359,178 ≥ 阈值 $500,000 | 成交量 831 手",US.QCOM,2026-05-01 14:31:53
US.QCOM260717P180000,QCOM 260717 180.00P,179.58,979,1351750.0,PUT,2026-07-17,180.0,160,45.152,-0.451223952,0.010703667,-0.087567177,0.327250527,77,100.0,US.QCOM,0.0023387905111927135,"成交额 $1,351,750 ≥ 阈值 $500,000 | 成交量 979 手",US.QCOM,2026-05-01 14:31:53
US.QCOM260529C155000,QCOM 260529 155.00C,179.58,655,1254591.0,CALL,2026-05-29,155.0,683,47.478,0.884117895,0.008180603,-0.094483935,0.098045036,28,100.0,US.QCOM,0.1368749303931396,"成交额 $1,254,591 ≥ 阈值 $500,000 | 成交量 655 手",US.QCOM,2026-05-01 14:31:53
US.QCOM260717C185000,QCOM 260717 185.00C,179.58,1278,1227515.0,CALL,2026-07-17,185.0,446,42.998,0.495217395,0.011205909,-0.09942696,0.330255848,77,100.0,US.QCOM,-0.030181534692059177,"成交额 $1,227,515 ≥ 阈值 $500,000 | 成交量 1,278 手",US.QCOM,2026-05-01 14:31:53
US.QCOM260618P165000,QCOM 260618 165.00P,179.58,1442,1145118.0,PUT,2026-06-18,165.0,2717,43.701,-0.261625334,0.011394047,-0.091618362,0.21304039,48,100.0,US.QCOM,-0.08118944203140668,"成交额 $1,145,118 ≥ 阈值 $500,000 | 成交量 1,442 手",US.QCOM,2026-05-01 14:31:53
US.QCOM260515C165000,QCOM 260515 165.00C,179.58,830,1136414.0,CALL,2026-05-15,165.0,2697,48.747,0.824544158,0.014759945,-0.168720632,0.092645902,14,100.0,US.QCOM,0.08118944203140668,"成交额 $1,136,414 ≥ 阈值 $500,000 | 成交量 830 手",US.QCOM,2026-05-01 14:31:53
US.QCOM260515C130000,QCOM 260515 130.00C,179.58,224,1131640.0,CALL,2026-05-15,130.0,1293,77.671,0.984940173,0.00136333,-0.046876514,0.01363888,14,100.0,US.QCOM,0.27608865129747195,"成交额 $1,131,640 ≥ 阈值 $500,000 | 成交量 224 手",US.QCOM,2026-05-01 14:31:53
US.QCOM260515C185000,QCOM 260515 185.00C,179.58,2522,1129150.0,CALL,2026-05-15,185.0,633,49.135,0.405556517,0.02198834,-0.245027946,0.139130247,14,100.0,US.QCOM,-0.030181534692059177,"成交额 $1,129,150 ≥ 阈值 $500,000 | 成交量 2,522 手",US.QCOM,2026-05-01 14:31:53
US.QCOM260508C182500,QCOM 260508 182.50C,179.58,2395,1109871.0,CALL,2026-05-08,182.5,17,55.881,0.440088358,0.02728293,-0.396516926,0.102043851,7,100.0,US.QCOM,-0.016260162601625945,"成交额 $1,109,871 ≥ 阈值 $500,000 | 成交量 2,395 手",US.QCOM,2026-05-01 14:31:53
US.QCOM260618C155000,QCOM 260618 155.00C,179.58,484,1108373.0,CALL,2026-06-18,155.0,2674,43.143,0.851894204,0.008179484,-0.079784964,0.151428958,48,100.0,US.QCOM,0.1368749303931396,"成交额 $1,108,373 ≥ 阈值 $500,000 | 成交量 484 手",US.QCOM,2026-05-01 14:31:53
US.QCOM260501P182500,QCOM 260501 182.50P,179.58,2824,1079404.0,PUT,2026-05-01,182.5,1,93.18,-0.661316804,0.055082014,-2.144969566,0.026085052,0,100.0,US.QCOM,0.016260162601625945,"成交额 $1,079,404 ≥ 阈值 $500,000 | 成交量 2,824 手",US.QCOM,2026-05-01 14:31:53
US.QCOM260918C185000,QCOM 260918 185.00C,179.58,732,1006692.0,CALL,2026-09-18,185.0,854,41.94,0.527736625,0.008514438,-0.073979707,0.443530772,140,100.0,US.QCOM,-0.030181534692059177,"成交额 $1,006,692 ≥ 阈值 $500,000 | 成交量 732 手",US.QCOM,2026-05-01 14:31:53
US.QCOM260618C130000,QCOM 260618 130.00C,179.58,211,1003450.0,CALL,2026-06-18,130.0,1379,46.715,0.977751107,0.001731351,-0.02891329,0.034718921,48,100.0,US.QCOM,0.27608865129747195,"成交额 $1,003,450 ≥ 阈值 $500,000 | 成交量 211 手",US.QCOM,2026-05-01 14:31:53
US.QCOM260529C180000,QCOM 260529 180.00C,179.58,1138,920476.0,CALL,2026-05-29,180.0,433,45.211,0.526803591,0.017521348,-0.168141309,0.200002668,28,100.0,US.QCOM,-0.0023387905111927135,"成交额 $920,476 ≥ 阈值 $500,000 | 成交量 1,138 手",US.QCOM,2026-05-01 14:31:53
US.QCOM260618C140000,QCOM 260618 140.00C,179.58,235,912595.0,CALL,2026-06-18,140.0,2574,49.952,0.93108305,0.004053986,-0.05701726,0.086899194,48,100.0,US.QCOM,0.220403162935739,"成交额 $912,595 ≥ 阈值 $500,000 | 成交量 235 手",US.QCOM,2026-05-01 14:31:53
US.QCOM260501C145000,QCOM 260501 145.00C,179.58,264,908959.0,CALL,2026-05-01,145.0,2274,280.221,0.976068158,0.002819929,-0.92415245,0.00401718,0,100.0,US.QCOM,0.19256041875487254,"成交额 $908,959 ≥ 阈值 $500,000 | 成交量 264 手",US.QCOM,2026-05-01 14:31:53
US.QCOM260508C157500,QCOM 260508 157.50C,179.58,534,886783.0,CALL,2026-05-08,157.5,1432,44.352,0.982002884,0.003857439,-0.045231694,0.011456268,7,100.0,US.QCOM,0.12295355830270638,"成交额 $886,783 ≥ 阈值 $500,000 | 成交量 534 手",US.QCOM,2026-05-01 14:31:53
US.QCOM260821C180000,QCOM 260821 180.00C,179.58,492,881912.0,CALL,2026-08-21,180.0,574,44.028,0.562955269,0.008971983,-0.085250841,0.392906955,112,100.0,US.QCOM,-0.0023387905111927135,"成交额 $881,912 ≥ 阈值 $500,000 | 成交量 492 手",US.QCOM,2026-05-01 14:31:53
US.QCOM260717C160000,QCOM 260717 160.00C,179.58,353,870849.0,CALL,2026-07-17,160.0,817,42.221,0.767319207,0.00874324,-0.080121317,0.252992702,77,100.0,US.QCOM,0.10903218621227315,"成交额 $870,849 ≥ 阈值 $500,000 | 成交量 353 手",US.QCOM,2026-05-01 14:31:53
US.QCOM260515C155000,QCOM 260515 155.00C,179.58,408,854912.0,CALL,2026-05-15,155.0,2937,54.063,0.923626559,0.007397818,-0.108049871,0.051499086,14,100.0,US.QCOM,0.1368749303931396,"成交额 $854,912 ≥ 阈值 $500,000 | 成交量 408 手",US.QCOM,2026-05-01 14:31:53
US.QCOM260918C220000,QCOM 260918 220.00C,179.58,1143,831298.0,CALL,2026-09-18,220.0,690,43.575,0.286445205,0.00700766,-0.063183623,0.379230664,140,100.0,US.QCOM,-0.22508074395812444,"成交额 $831,298 ≥ 阈值 $500,000 | 成交量 1,143 手",US.QCOM,2026-05-01 14:31:53
US.QCOM260508C165000,QCOM 260508 165.00C,179.58,769,805390.0,CALL,2026-05-08,165.0,426,53.987,0.872288545,0.01496059,-0.205199469,0.054052079,7,100.0,US.QCOM,0.08118944203140668,"成交额 $805,390 ≥ 阈值 $500,000 | 成交量 769 手",US.QCOM,2026-05-01 14:31:53
US.QCOM260501C187500,QCOM 260501 187.50C,179.58,4176,775883.0,CALL,2026-05-01,187.5,288,108.054,0.162757004,0.031935141,-1.647908472,0.017541999,0,100.0,US.QCOM,-0.04410290678249241,"成交额 $775,883 ≥ 阈值 $500,000 | 成交量 4,176 手",US.QCOM,2026-05-01 14:31:53
US.QCOM260515C220000,QCOM 260515 220.00C,179.58,8733,770033.0,CALL,2026-05-15,220.0,876,63.251,0.062827288,0.005440352,-0.094446063,0.044311493,14,100.0,US.QCOM,-0.22508074395812444,"成交额 $770,033 ≥ 阈值 $500,000 | 成交量 8,733 手",US.QCOM,2026-05-01 14:31:53
US.QCOM260501C200000,QCOM 260501 200.00C,179.58,18093,769078.0,CALL,2026-05-01,200.0,5923,146.799,0.034560061,0.0073061,-0.652430362,0.005452488,0,100.0,US.QCOM,-0.11370976723465857,"成交额 $769,078 ≥ 阈值 $500,000 | 成交量 18,093 手",US.QCOM,2026-05-01 14:31:53
US.QCOM260501P187500,QCOM 260501 187.50P,179.58,907,759012.0,PUT,2026-05-01,187.5,0,100.054,-0.856695415,0.031735165,-1.378691159,0.016119929,0,100.0,US.QCOM,0.04410290678249241,"成交额 $759,012 ≥ 阈值 $500,000 | 成交量 907 手",US.QCOM,2026-05-01 14:31:53
US.QCOM260501C167500,QCOM 260501 167.50C,179.58,1448,758034.0,CALL,2026-05-01,167.5,233,140.141,0.899795283,0.017589945,-1.516768994,0.012531489,0,100.0,US.QCOM,0.06726806994097345,"成交额 $758,034 ≥ 阈值 $500,000 | 成交量 1,448 手",US.QCOM,2026-05-01 14:31:53
US.QCOM260618P180000,QCOM 260618 180.00P,179.58,615,750706.0,PUT,2026-06-18,180.0,71,44.021,-0.463894322,0.013878979,-0.110310513,0.259946774,48,100.0,US.QCOM,0.0023387905111927135,"成交额 $750,706 ≥ 阈值 $500,000 | 成交量 615 手",US.QCOM,2026-05-01 14:31:53
US.QCOM260508C155000,QCOM 260508 155.00C,179.58,399,744931.0,CALL,2026-05-08,155.0,524,0.0,0.0,0.0,0.0,0.0,7,100.0,US.QCOM,0.1368749303931396,"成交额 $744,931 ≥ 阈值 $500,000 | 成交量 399 手",US.QCOM,2026-05-01 14:31:53
US.QCOM260605C150000,QCOM 260605 150.00C,179.58,250,718001.0,CALL,2026-06-05,150.0,351,48.35,0.901693473,0.006393826,-0.078829784,0.097154803,35,100.0,US.QCOM,0.16471767457400607,"成交额 $718,001 ≥ 阈值 $500,000 | 成交量 250 手",US.QCOM,2026-05-01 14:31:53
US.QCOM260918P150000,QCOM 260918 150.00P,179.58,1049,707183.0,PUT,2026-09-18,150.0,1438,45.9,-0.206803197,0.005608716,-0.048253921,0.318035271,140,100.0,US.QCOM,-0.16471767457400607,"成交额 $707,183 ≥ 阈值 $500,000 | 成交量 1,049 手",US.QCOM,2026-05-01 14:31:53
US.QCOM260717P175000,QCOM 260717 175.00P,179.58,569,679940.0,PUT,2026-07-17,175.0,35,44.58,-0.397506829,0.010534047,-0.084878619,0.318881388,77,100.0,US.QCOM,-0.02550395366967375,"成交额 $679,940 ≥ 阈值 $500,000 | 成交量 569 手",US.QCOM,2026-05-01 14:31:53
US.QCOM260515C225000,QCOM 260515 225.00C,179.58,10708,679407.0,CALL,2026-05-15,225.0,14,66.386,0.052356003,0.004490776,-0.085333818,0.038391429,14,100.0,US.QCOM,-0.2529234881389909,"成交额 $679,407 ≥ 阈值 $500,000 | 成交量 10,708 手",US.QCOM,2026-05-01 14:31:53
US.QCOM260515C195000,QCOM 260515 195.00C,179.58,2200,676003.0,CALL,2026-05-15,195.0,772,52.07,0.233995149,0.016406782,-0.201633674,0.110006293,14,100.0,US.QCOM,-0.08586702305379211,"成交额 $676,003 ≥ 阈值 $500,000 | 成交量 2,200 手",US.QCOM,2026-05-01 14:31:53
US.QCOM260501P177500,QCOM 260501 177.50P,179.58,3095,674647.0,PUT,2026-05-01,177.5,0,90.36,-0.36534055,0.058362661,-2.147881117,0.026807922,0,100.0,US.QCOM,-0.011582581579240518,"成交额 $674,647 ≥ 阈值 $500,000 | 成交量 3,095 手",US.QCOM,2026-05-01 14:31:53
US.QCOM260508C150000,QCOM 260508 150.00C,179.58,289,668668.0,CALL,2026-05-08,150.0,695,44.269,0.997920298,0.000573568,-0.018768637,0.001705324,7,100.0,US.QCOM,0.16471767457400607,"成交额 $668,668 ≥ 阈值 $500,000 | 成交量 289 手",US.QCOM,2026-05-01 14:31:53
US.QCOM260821C220000,QCOM 260821 220.00C,179.58,960,661043.0,CALL,2026-08-21,220.0,124,45.364,0.262584031,0.007205921,-0.069610898,0.325104832,112,100.0,US.QCOM,-0.22508074395812444,"成交额 $661,043 ≥ 阈值 $500,000 | 成交量 960 手",US.QCOM,2026-05-01 14:31:53
US.QCOM260515P180000,QCOM 260515 180.00P,179.58,941,644233.0,PUT,2026-05-15,180.0,10,47.222,-0.48566904,0.023589492,-0.227323232,0.143000591,14,100.0,US.QCOM,0.0023387905111927135,"成交额 $644,233 ≥ 阈值 $500,000 | 成交量 941 手",US.QCOM,2026-05-01 14:31:53
US.QCOM260501C152500,QCOM 260501 152.50C,179.58,342,618749.0,CALL,2026-05-01,152.5,830,256.512,0.951182972,0.005532348,-1.555135633,0.007214328,0,100.0,US.QCOM,0.15079630248357284,"成交额 $618,749 ≥ 阈值 $500,000 | 成交量 342 手",US.QCOM,2026-05-01 14:31:53
US.QCOM260821C200000,QCOM 260821 200.00C,179.58,567,613950.0,CALL,2026-08-21,200.0,340,44.639,0.395380022,0.008651031,-0.082267537,0.384096596,112,100.0,US.QCOM,-0.11370976723465857,"成交额 $613,950 ≥ 阈值 $500,000 | 成交量 567 手",US.QCOM,2026-05-01 14:31:53
US.QCOM260508C152500,QCOM 260508 152.50C,179.58,279,608415.0,CALL,2026-05-08,152.5,304,0.0,0.0,0.0,0.0,0.0,7,100.0,US.QCOM,0.15079630248357284,"成交额 $608,415 ≥ 阈值 $500,000 | 成交量 279 手",US.QCOM,2026-05-01 14:31:53
US.QCOM260717C155000,QCOM 260717 155.00C,179.58,255,604099.0,CALL,2026-07-17,155.0,2406,43.22,0.8097732,0.007589435,-0.074220585,0.224796311,77,100.0,US.QCOM,0.1368749303931396,"成交额 $604,099 ≥ 阈值 $500,000 | 成交量 255 手",US.QCOM,2026-05-01 14:31:53
US.QCOM260618P170000,QCOM 260618 170.00P,179.58,832,599415.0,PUT,2026-06-18,170.0,642,43.724,-0.326218417,0.012629214,-0.100969905,0.23596337,48,100.0,US.QCOM,-0.05334669785054021,"成交额 $599,415 ≥ 阈值 $500,000 | 成交量 832 手",US.QCOM,2026-05-01 14:31:53
US.QCOM260618P155000,QCOM 260618 155.00P,179.58,2194,567812.0,PUT,2026-06-18,155.0,1235,44.356,-0.154266322,0.008183263,-0.068415456,0.155535317,48,100.0,US.QCOM,-0.1368749303931396,"成交额 $567,812 ≥ 阈值 $500,000 | 成交量 2,194 手",US.QCOM,2026-05-01 14:31:53
US.QCOM261120C165000,QCOM 261120 165.00C,179.58,214,566829.0,CALL,2026-11-20,165.0,31,41.835,0.688637149,0.006299146,-0.057947072,0.474080814,203,100.0,US.QCOM,0.08118944203140668,"成交额 $566,829 ≥ 阈值 $500,000 | 成交量 214 手",US.QCOM,2026-05-01 14:31:53
US.QCOM260501C195000,QCOM 260501 195.00C,179.58,7347,561803.0,CALL,2026-05-01,195.0,1347,128.518,0.056166105,0.012342592,-0.863060117,0.008063898,0,100.0,US.QCOM,-0.08586702305379211,"成交额 $561,803 ≥ 阈值 $500,000 | 成交量 7,347 手",US.QCOM,2026-05-01 14:31:53
US.QCOM260501P165000,QCOM 260501 165.00P,179.58,3959,544956.0,PUT,2026-05-01,165.0,17,112.355,-0.027320977,0.007857788,-0.408254466,0.004488383,0,100.0,US.QCOM,-0.08118944203140668,"成交额 $544,956 ≥ 阈值 $500,000 | 成交量 3,959 手",US.QCOM,2026-05-01 14:31:53
US.QCOM260717P185000,QCOM 260717 185.00P,179.58,336,544071.0,PUT,2026-07-17,185.0,2,45.429,-0.50370702,0.010753637,-0.087944328,0.32955237,77,100.0,US.QCOM,0.030181534692059177,"成交额 $544,071 ≥ 阈值 $500,000 | 成交量 336 手",US.QCOM,2026-05-01 14:31:53
US.QCOM260515P170000,QCOM 260515 170.00P,179.58,1807,537345.0,PUT,2026-05-15,170.0,44,45.86,-0.254982137,0.01952615,-0.178879417,0.115192777,14,100.0,US.QCOM,-0.05334669785054021,"成交额 $537,345 ≥ 阈值 $500,000 | 成交量 1,807 手",US.QCOM,2026-05-01 14:31:53
US.QCOM260618P160000,QCOM 260618 160.00P,179.58,1475,537177.0,PUT,2026-06-18,160.0,1478,44.015,-0.204132507,0.009844748,-0.080732416,0.185559607,48,100.0,US.QCOM,-0.10903218621227315,"成交额 $537,177 ≥ 阈值 $500,000 | 成交量 1,475 手",US.QCOM,2026-05-01 14:31:53
US.QCOM260501P170000,QCOM 260501 170.00P,179.58,5895,535884.0,PUT,2026-05-01,170.0,52,96.148,-0.072605107,0.020142906,-0.797726102,0.00984524,0,100.0,US.QCOM,-0.05334669785054021,"成交额 $535,884 ≥ 阈值 $500,000 | 成交量 5,895 手",US.QCOM,2026-05-01 14:31:53
US.QCOM260508C187500,QCOM 260508 187.50C,179.58,1647,526790.0,CALL,2026-05-08,187.5,15,56.972,0.317175215,0.024171909,-0.360544845,0.092169501,7,100.0,US.QCOM,-0.04410290678249241,"成交额 $526,790 ≥ 阈值 $500,000 | 成交量 1,647 手",US.QCOM,2026-05-01 14:31:53
US.QCOM260821C175000,QCOM 260821 175.00C,179.58,247,522309.0,CALL,2026-08-21,175.0,696,43.596,0.607948815,0.008837397,-0.0831935,0.383213048,112,100.0,US.QCOM,0.02550395366967375,"成交额 $522,309 ≥ 阈值 $500,000 | 成交量 247 手",US.QCOM,2026-05-01 14:31:53
US.QCOM260605C155000,QCOM 260605 155.00C,179.58,216,516382.0,CALL,2026-06-05,155.0,293,47.962,0.860265338,0.008266716,-0.096713271,0.124606919,35,100.0,US.QCOM,0.1368749303931396,"成交额 $516,382 ≥ 阈值 $500,000 | 成交量 216 手",US.QCOM,2026-05-01 14:31:53
US.QCOM260508P170000,QCOM 260508 170.00P,179.58,1732,514675.0,PUT,2026-05-08,170.0,11,54.192,-0.226490552,0.021477905,-0.279403568,0.077867381,7,100.0,US.QCOM,-0.05334669785054021,"成交额 $514,675 ≥ 阈值 $500,000 | 成交量 1,732 手",US.QCOM,2026-05-01 14:31:53
US.QCOM261016C200000,QCOM 261016 200.00C,179.58,402,506842.0,CALL,2026-10-16,200.0,513,41.336,0.427297186,0.007776258,-0.065055483,0.478753692,168,100.0,US.QCOM,-0.11370976723465857,"成交额 $506,842 ≥ 阈值 $500,000 | 成交量 402 手",US.QCOM,2026-05-01 14:31:53
US.SBUX260618C100000,SBUX 260618 100.00C,105.33,804,567888.0,CALL,2026-06-18,100.0,5732,26.377,0.738242544,0.032114164,-0.041077674,0.125041043,48,100.0,US.SBUX,0.0506028671793411,"成交额 $567,888 ≥ 阈值 $500,000 | 成交量 804 手",US.SBUX,2026-05-01 14:32:51
US.SBUX260618C105000,SBUX 260618 105.00C,105.33,1260,511487.0,CALL,2026-06-18,105.0,5204,25.505,0.5525619,0.040352803,-0.045460718,0.151958833,48,100.0,US.SBUX,0.0031330105383081583,"成交额 $511,487 ≥ 阈值 $500,000 | 成交量 1,260 手",US.SBUX,2026-05-01 14:32:51
US.SHOP260508C127000,SHOP 260508 127.00C,121.13,2640,1211472.0,CALL,2026-05-08,127.0,67,106.25,0.409930571,0.02096669,-0.495353823,0.067832439,7,100.0,US.SHOP,-0.04846033187484525,"成交额 $1,211,472 ≥ 阈值 $500,000 | 成交量 2,640 手",US.SHOP,2026-05-01 14:33:10
US.SHOP260508P109000,SHOP 260508 109.00P,121.13,2766,807590.0,PUT,2026-05-08,109.0,42,107.831,-0.223150454,0.015866482,-0.374810772,0.052087083,7,100.0,US.SHOP,-0.10014034508379424,"成交额 $807,590 ≥ 阈值 $500,000 | 成交量 2,766 手",US.SHOP,2026-05-01 14:33:10
US.SHOP260508C130000,SHOP 260508 130.00C,121.13,1598,659393.0,CALL,2026-05-08,130.0,345,105.8,0.351035802,0.020084429,-0.468053296,0.064702631,7,100.0,US.SHOP,-0.07322711136795183,"成交额 $659,393 ≥ 阈值 $500,000 | 成交量 1,598 手",US.SHOP,2026-05-01 14:33:10
US.SNPS260618C500000,SNPS 260618 500.00C,482.6,328,987835.0,CALL,2026-06-18,500.0,615,53.33,0.476090878,0.004241379,-0.406580175,0.701090692,48,100.0,US.SNPS,-0.03605470368835469,"成交额 $987,835 ≥ 阈值 $500,000 | 成交量 328 手",US.SNPS,2026-05-01 14:33:21
US.SNPS260501C460000,SNPS 260501 460.00C,482.6,329,708591.0,CALL,2026-05-01,460.0,413,97.03,0.897270707,0.009629953,-2.888699529,0.034279674,0,100.0,US.SNPS,0.04682967260671368,"成交额 $708,591 ≥ 阈值 $500,000 | 成交量 329 手",US.SNPS,2026-05-01 14:33:21
US.STX260515C420000,STX 260515 420.00C,673.64,1754,43144500.0,CALL,2026-05-15,420.0,1816,0.0,0.0,0.0,0.0,0.0,14,100.0,US.STX,0.37652158422896503,"成交额 $43,144,500 ≥ 阈值 $500,000 | 成交量 1,754 手",US.STX,2026-05-01 14:33:29
US.STX260618C650000,STX 260618 650.00C,673.64,1938,15526074.0,CALL,2026-06-18,650.0,566,75.572,0.612153419,0.002062688,-0.768555395,0.941378409,48,100.0,US.STX,0.03509292797339823,"成交额 $15,526,074 ≥ 阈值 $500,000 | 成交量 1,938 手",US.STX,2026-05-01 14:33:29
US.STX260618C720000,STX 260618 720.00C,673.64,786,4026379.0,CALL,2026-06-18,720.0,129,75.111,0.464829756,0.002152922,-0.7843473,0.976564504,48,100.0,US.STX,-0.06882014132177426,"成交额 $4,026,379 ≥ 阈值 $500,000 | 成交量 786 手",US.STX,2026-05-01 14:33:29
US.STX260918C580000,STX 260918 580.00C,673.64,218,3635373.0,CALL,2026-09-18,580.0,73,78.927,0.718702939,0.001022478,-0.427110054,1.41040951,140,100.0,US.STX,0.13900599726857074,"成交额 $3,635,373 ≥ 阈值 $500,000 | 成交量 218 手",US.STX,2026-05-01 14:33:29
US.STX260618C740000,STX 260618 740.00C,673.64,807,3620337.0,CALL,2026-06-18,740.0,451,74.714,0.424373855,0.002133641,-0.767386125,0.96270364,48,100.0,US.STX,-0.09850958969182355,"成交额 $3,620,337 ≥ 阈值 $500,000 | 成交量 807 手",US.STX,2026-05-01 14:33:29
US.STX260501C650000,STX 260501 650.00C,673.64,783,1238123.0,CALL,2026-05-01,650.0,1235,128.745,0.766117054,0.008908479,-9.346305517,0.081902595,0,100.0,US.STX,0.03509292797339823,"成交额 $1,238,123 ≥ 阈值 $500,000 | 成交量 783 手",US.STX,2026-05-01 14:33:29
US.STX260501C670000,STX 260501 670.00C,673.64,610,748507.0,CALL,2026-05-01,670.0,427,109.762,0.558637955,0.013453916,-10.373260148,0.105455191,0,100.0,US.STX,0.00540347960334895,"成交额 $748,507 ≥ 阈值 $500,000 | 成交量 610 手",US.STX,2026-05-01 14:33:29
US.TEAM260618P65000,TEAM 260618 65.00P,68.59,1018,738929.0,PUT,2026-06-18,65.0,345,88.02,-0.366480816,0.017128625,-0.082936622,0.094161522,48,100.0,US.TEAM,-0.0523399912523692,"成交额 $738,929 ≥ 阈值 $500,000 | 成交量 1,018 手",US.TEAM,2026-05-01 14:33:49
US.TXN260618C300000,TXN 260618 300.00C,281.08,2504,1816721.0,CALL,2026-06-18,300.0,1577,34.725,0.339881684,0.010289053,-0.143518738,0.375630159,48,100.0,US.TXN,-0.0673117973530668,"成交额 $1,816,721 ≥ 阈值 $500,000 | 成交量 2,504 手",US.TXN,2026-05-01 14:34:23
US.TXN260618C250000,TXN 260618 250.00C,281.08,226,721748.0,CALL,2026-06-18,250.0,1145,34.629,0.848244963,0.006617217,-0.106176135,0.24087193,48,100.0,US.TXN,0.11057350220577766,"成交额 $721,748 ≥ 阈值 $500,000 | 成交量 226 手",US.TXN,2026-05-01 14:34:23
US.TXN260508C270000,TXN 260508 270.00C,281.08,628,709882.0,CALL,2026-05-08,270.0,180,35.739,0.794318029,0.019671912,-0.296500476,0.115252202,7,100.0,US.TXN,0.039419382382239875,"成交额 $709,882 ≥ 阈值 $500,000 | 成交量 628 手",US.TXN,2026-05-01 14:34:23
US.TXN260717P270000,TXN 260717 270.00P,281.08,401,620694.0,PUT,2026-07-17,270.0,357,37.623,-0.360783909,0.00774052,-0.108108534,0.484373618,77,100.0,US.TXN,-0.039419382382239875,"成交额 $620,694 ≥ 阈值 $500,000 | 成交量 401 手",US.TXN,2026-05-01 14:34:23
US.TXN260618C280000,TXN 260618 280.00C,281.08,392,515309.0,CALL,2026-06-18,280.0,1629,34.647,0.552449966,0.011132149,-0.159298831,0.405529555,48,100.0,US.TXN,0.003842322470470984,"成交额 $515,309 ≥ 阈值 $500,000 | 成交量 392 手",US.TXN,2026-05-01 14:34:23
US.WDAY260918P95000,WDAY 260918 95.00P,122.4,1784,1301075.0,PUT,2026-09-18,95.0,237,66.009,-0.196657001,0.00554459,-0.046847166,0.210477192,140,100.0,US.WDAY,-0.22385620915032683,"成交额 $1,301,075 ≥ 阈值 $500,000 | 成交量 1,784 手",US.WDAY,2026-05-01 14:35:21
US.WDC260618C450000,WDC 260618 450.00C,434.52,1481,6963746.0,CALL,2026-06-18,450.0,1892,83.919,0.521731147,0.00299454,-0.566165158,0.631445793,48,100.0,US.WDC,-0.03562551781275895,"成交额 $6,963,746 ≥ 阈值 $500,000 | 成交量 1,481 手",US.WDC,2026-05-01 14:35:40
US.WDC260618C500000,WDC 260618 500.00C,434.52,1040,3149803.0,CALL,2026-06-18,500.0,532,83.872,0.385912163,0.00287712,-0.539297483,0.606338054,48,100.0,US.WDC,-0.15069501979195438,"成交额 $3,149,803 ≥ 阈值 $500,000 | 成交量 1,040 手",US.WDC,2026-05-01 14:35:40
US.WDC260821C420000,WDC 260821 420.00C,434.52,331,2835734.0,CALL,2026-08-21,420.0,48,83.119,0.628799019,0.001884352,-0.355984803,0.912087694,112,100.0,US.WDC,0.03341618337475832,"成交额 $2,835,734 ≥ 阈值 $500,000 | 成交量 331 手",US.WDC,2026-05-01 14:35:40
US.WDC260821C440000,WDC 260821 440.00C,434.52,326,2516027.0,CALL,2026-08-21,440.0,18,81.705,0.588590374,0.001973261,-0.359218775,0.938872838,112,100.0,US.WDC,-0.012611617416919862,"成交额 $2,516,027 ≥ 阈值 $500,000 | 成交量 326 手",US.WDC,2026-05-01 14:35:40
US.WDC260821C500000,WDC 260821 500.00C,434.52,403,2299919.0,CALL,2026-08-21,500.0,62,82.277,0.478374303,0.002006347,-0.367013993,0.961287561,112,100.0,US.WDC,-0.15069501979195438,"成交额 $2,299,919 ≥ 阈值 $500,000 | 成交量 403 手",US.WDC,2026-05-01 14:35:40
US.WDC260501C440000,WDC 260501 440.00C,434.52,1295,2142273.0,CALL,2026-05-01,440.0,166,277.063,0.47671282,0.008331906,-16.992332716,0.068709235,0,100.0,US.WDC,-0.012611617416919862,"成交额 $2,142,273 ≥ 阈值 $500,000 | 成交量 1,295 手",US.WDC,2026-05-01 14:35:40
US.WDC260618C540000,WDC 260618 540.00C,434.52,994,2109147.0,CALL,2026-06-18,540.0,1153,83.95,0.294345262,0.002590145,-0.483970046,0.546356502,48,100.0,US.WDC,-0.24275062137531073,"成交额 $2,109,147 ≥ 阈值 $500,000 | 成交量 994 手",US.WDC,2026-05-01 14:35:40
US.WDC260501C435000,WDC 260501 435.00C,434.52,1067,2015701.0,CALL,2026-05-01,435.0,179,268.075,0.517301904,0.008617837,-16.461563456,0.068761793,0,100.0,US.WDC,-0.001104667219000318,"成交额 $2,015,701 ≥ 阈值 $500,000 | 成交量 1,067 手",US.WDC,2026-05-01 14:35:40
US.WDC260501C450000,WDC 260501 450.00C,434.52,1363,1706297.0,CALL,2026-05-01,450.0,415,273.433,0.394491275,0.008159421,-16.165206493,0.066405187,0,100.0,US.WDC,-0.03562551781275895,"成交额 $1,706,297 ≥ 阈值 $500,000 | 成交量 1,363 手",US.WDC,2026-05-01 14:35:40
US.WDC260821C450000,WDC 260821 450.00C,434.52,212,1591220.0,CALL,2026-08-21,450.0,566,82.471,0.570248432,0.001973422,-0.365198038,0.947743911,112,100.0,US.WDC,-0.03562551781275895,"成交额 $1,591,220 ≥ 阈值 $500,000 | 成交量 212 手",US.WDC,2026-05-01 14:35:40
US.WDC260618C410000,WDC 260618 410.00C,434.52,224,1498611.0,CALL,2026-06-18,410.0,421,82.708,0.640342162,0.002852632,-0.528544412,0.592837312,48,100.0,US.WDC,0.056430083770597404,"成交额 $1,498,611 ≥ 阈值 $500,000 | 成交量 224 手",US.WDC,2026-05-01 14:35:40
US.WDC260618P470000,WDC 260618 470.00P,434.52,201,1470918.0,PUT,2026-06-18,470.0,5,83.711,-0.536690186,0.00301174,-0.51880846,0.629342842,48,100.0,US.WDC,0.08165331860443713,"成交额 $1,470,918 ≥ 阈值 $500,000 | 成交量 201 手",US.WDC,2026-05-01 14:35:40
US.WDC260501C430000,WDC 260501 430.00C,434.52,682,1437597.0,CALL,2026-05-01,430.0,382,272.011,0.56015078,0.008404327,-16.526009867,0.06804271,0,100.0,US.WDC,0.010402282978919226,"成交额 $1,437,597 ≥ 阈值 $500,000 | 成交量 682 手",US.WDC,2026-05-01 14:35:40
US.WDC260501C410000,WDC 260501 410.00C,434.52,456,1435962.0,CALL,2026-05-01,410.0,733,260.237,0.730515461,0.00735753,-13.143890025,0.056989116,0,100.0,US.WDC,0.056430083770597404,"成交额 $1,435,962 ≥ 阈值 $500,000 | 成交量 456 手",US.WDC,2026-05-01 14:35:40
US.WDC260508C435000,WDC 260508 435.00C,434.52,505,1408568.0,CALL,2026-05-08,435.0,83,112.829,0.531528826,0.005630696,-1.940244806,0.248952707,7,100.0,US.WDC,-0.001104667219000318,"成交额 $1,408,568 ≥ 阈值 $500,000 | 成交量 505 手",US.WDC,2026-05-01 14:35:40
US.WDC260618C440000,WDC 260618 440.00C,434.52,267,1397223.0,CALL,2026-06-18,440.0,343,83.754,0.550748921,0.002980566,-0.562349169,0.627261074,48,100.0,US.WDC,-0.012611617416919862,"成交额 $1,397,223 ≥ 阈值 $500,000 | 成交量 267 手",US.WDC,2026-05-01 14:35:40
US.WDC260529C510000,WDC 260529 510.00C,434.52,797,1373767.0,CALL,2026-05-29,510.0,1380,86.488,0.298358743,0.00329833,-0.652451929,0.421660457,28,100.0,US.WDC,-0.17370892018779346,"成交额 $1,373,767 ≥ 阈值 $500,000 | 成交量 797 手",US.WDC,2026-05-01 14:35:40
US.WDC260508C410000,WDC 260508 410.00C,434.52,332,1365324.0,CALL,2026-05-08,410.0,405,108.516,0.67527507,0.005296461,-1.687557675,0.225222646,7,100.0,US.WDC,0.056430083770597404,"成交额 $1,365,324 ≥ 阈值 $500,000 | 成交量 332 手",US.WDC,2026-05-01 14:35:40
US.WDC260515P435000,WDC 260515 435.00P,434.52,420,1346950.0,PUT,2026-05-15,435.0,0,94.718,-0.461877795,0.004833714,-1.118976191,0.34477721,14,100.0,US.WDC,0.001104667219000318,"成交额 $1,346,950 ≥ 阈值 $500,000 | 成交量 420 手",US.WDC,2026-05-01 14:35:40
US.WDC260618C430000,WDC 260618 430.00C,434.52,209,1170744.0,CALL,2026-06-18,430.0,573,84.044,0.580492228,0.002933366,-0.558293571,0.619468677,48,100.0,US.WDC,0.010402282978919226,"成交额 $1,170,744 ≥ 阈值 $500,000 | 成交量 209 手",US.WDC,2026-05-01 14:35:40
US.WDC260515P430000,WDC 260515 430.00P,434.52,380,1167583.0,PUT,2026-05-15,430.0,22,96.098,-0.437492027,0.004726621,-1.127691218,0.342105285,14,100.0,US.WDC,-0.010402282978919226,"成交额 $1,167,583 ≥ 阈值 $500,000 | 成交量 380 手",US.WDC,2026-05-01 14:35:40
US.WDC260508C430000,WDC 260508 430.00C,434.52,335,993438.0,CALL,2026-05-08,430.0,76,108.769,0.559572748,0.005793741,-1.857002548,0.246943431,7,100.0,US.WDC,0.010402282978919226,"成交额 $993,438 ≥ 阈值 $500,000 | 成交量 335 手",US.WDC,2026-05-01 14:35:40
US.WDC260515C430000,WDC 260515 430.00C,434.52,263,947344.0,CALL,2026-05-15,430.0,234,95.0,0.562627113,0.004776568,-1.155755323,0.342127239,14,100.0,US.WDC,0.010402282978919226,"成交额 $947,344 ≥ 阈值 $500,000 | 成交量 263 手",US.WDC,2026-05-01 14:35:40
US.WDC260501C432500,WDC 260501 432.50C,434.52,457,895529.0,CALL,2026-05-01,432.5,162,266.775,0.538832223,0.00862688,-16.319635983,0.068500218,0,100.0,US.WDC,0.004648807879959454,"成交额 $895,529 ≥ 阈值 $500,000 | 成交量 457 手",US.WDC,2026-05-01 14:35:40
US.WDC260508C437500,WDC 260508 437.50C,434.52,329,889701.0,CALL,2026-05-08,437.5,17,109.116,0.515917583,0.005835907,-1.880749353,0.249534192,7,100.0,US.WDC,-0.00685814231796009,"成交额 $889,701 ≥ 阈值 $500,000 | 成交量 329 手",US.WDC,2026-05-01 14:35:40
US.WDC260508C420000,WDC 260508 420.00C,434.52,245,874034.0,CALL,2026-05-08,420.0,95,110.06,0.617293673,0.005538362,-1.817282267,0.238859366,7,100.0,US.WDC,0.03341618337475832,"成交额 $874,034 ≥ 阈值 $500,000 | 成交量 245 手",US.WDC,2026-05-01 14:35:40
US.WDC260501P400000,WDC 260501 400.00P,434.52,1497,867471.0,PUT,2026-05-01,400.0,488,266.802,-0.201880983,0.006116525,-11.360792479,0.048571556,0,100.0,US.WDC,-0.07944398416643648,"成交额 $867,471 ≥ 阈值 $500,000 | 成交量 1,497 手",US.WDC,2026-05-01 14:35:40
US.WDC260508C432500,WDC 260508 432.50C,434.52,298,860938.0,CALL,2026-05-08,432.5,43,112.19,0.54550057,0.005643546,-1.923342686,0.248106966,7,100.0,US.WDC,0.004648807879959454,"成交额 $860,938 ≥ 阈值 $500,000 | 成交量 298 手",US.WDC,2026-05-01 14:35:40
US.WDC260501C425000,WDC 260501 425.00C,434.52,368,851961.0,CALL,2026-05-01,425.0,286,263.083,0.604439358,0.008486691,-15.598379903,0.066454329,0,100.0,US.WDC,0.02190923317683877,"成交额 $851,961 ≥ 阈值 $500,000 | 成交量 368 手",US.WDC,2026-05-01 14:35:40
US.WDC260508C440000,WDC 260508 440.00C,434.52,313,810980.0,CALL,2026-05-08,440.0,63,112.177,0.5031567,0.005680989,-1.933623945,0.249725147,7,100.0,US.WDC,-0.012611617416919862,"成交额 $810,980 ≥ 阈值 $500,000 | 成交量 313 手",US.WDC,2026-05-01 14:35:40
US.WDC260515P400000,WDC 260515 400.00P,434.52,458,804848.0,PUT,2026-05-15,400.0,167,93.967,-0.293914315,0.004223373,-0.96457756,0.299064643,14,100.0,US.WDC,-0.07944398416643648,"成交额 $804,848 ≥ 阈值 $500,000 | 成交量 458 手",US.WDC,2026-05-01 14:35:40
US.WDC260618P390000,WDC 260618 390.00P,434.52,258,791645.0,PUT,2026-06-18,390.0,98,83.906,-0.301384627,0.002623907,-0.464783501,0.55221172,48,100.0,US.WDC,-0.10245788456227557,"成交额 $791,645 ≥ 阈值 $500,000 | 成交量 258 手",US.WDC,2026-05-01 14:35:40
US.WDC260515C450000,WDC 260515 450.00C,434.52,281,771900.0,CALL,2026-05-15,450.0,354,92.828,0.464878687,0.004930258,-1.135299378,0.345060563,14,100.0,US.WDC,-0.03562551781275895,"成交额 $771,900 ≥ 阈值 $500,000 | 成交量 281 手",US.WDC,2026-05-01 14:35:40
US.WDC260618C640000,WDC 260618 640.00C,434.52,886,746668.0,CALL,2026-06-18,640.0,0,85.066,0.140724626,0.001656417,-0.314332565,0.354038299,48,100.0,US.WDC,-0.4728896253337016,"成交额 $746,668 ≥ 阈值 $500,000 | 成交量 886 手",US.WDC,2026-05-01 14:35:40
US.WDC260515C435000,WDC 260515 435.00C,434.52,214,722872.0,CALL,2026-05-15,435.0,55,95.425,0.538697272,0.004792072,-1.168884162,0.344773532,14,100.0,US.WDC,-0.001104667219000318,"成交额 $722,872 ≥ 阈值 $500,000 | 成交量 214 手",US.WDC,2026-05-01 14:35:40
US.WDC260508C450000,WDC 260508 450.00C,434.52,327,686696.0,CALL,2026-05-08,450.0,169,111.423,0.447048495,0.005669143,-1.899088642,0.24752953,7,100.0,US.WDC,-0.03562551781275895,"成交额 $686,696 ≥ 阈值 $500,000 | 成交量 327 手",US.WDC,2026-05-01 14:35:40
US.WDC260501C447500,WDC 260501 447.50C,434.52,507,682263.0,CALL,2026-05-01,447.5,118,263.27,0.409519967,0.008556517,-15.726658933,0.067048659,0,100.0,US.WDC,-0.029872042713799177,"成交额 $682,263 ≥ 阈值 $500,000 | 成交量 507 手",US.WDC,2026-05-01 14:35:40
US.WDC260501C460000,WDC 260501 460.00C,434.52,723,681576.0,CALL,2026-05-01,460.0,247,268.825,0.315619152,0.007665951,-14.606772484,0.061337713,0,100.0,US.WDC,-0.05863941820859804,"成交额 $681,576 ≥ 阈值 $500,000 | 成交量 723 手",US.WDC,2026-05-01 14:35:40
US.WDC260501P435000,WDC 260501 435.00P,434.52,339,668680.0,PUT,2026-05-01,435.0,65,265.816,-0.482916992,0.008691499,-16.280633889,0.068763244,0,100.0,US.WDC,0.001104667219000318,"成交额 $668,680 ≥ 阈值 $500,000 | 成交量 339 手",US.WDC,2026-05-01 14:35:40
US.WDC260501C455000,WDC 260501 455.00C,434.52,581,652099.0,CALL,2026-05-01,455.0,97,270.683,0.354103876,0.007965014,-15.430066597,0.064170992,0,100.0,US.WDC,-0.0471324680106785,"成交额 $652,099 ≥ 阈值 $500,000 | 成交量 581 手",US.WDC,2026-05-01 14:35:40
US.WDC260501P430000,WDC 260501 430.00P,434.52,381,650572.0,PUT,2026-05-01,430.0,48,262.742,-0.439226404,0.008698888,-15.917211791,0.068026212,0,100.0,US.WDC,-0.010402282978919226,"成交额 $650,572 ≥ 阈值 $500,000 | 成交量 381 手",US.WDC,2026-05-01 14:35:40
US.WDC260501C445000,WDC 260501 445.00C,434.52,462,650549.0,CALL,2026-05-01,445.0,121,276.548,0.435799331,0.008253165,-16.752411405,0.067933356,0,100.0,US.WDC,-0.024118567614839406,"成交额 $650,549 ≥ 阈值 $500,000 | 成交量 462 手",US.WDC,2026-05-01 14:35:40
US.WDC260515P350000,WDC 260515 350.00P,434.52,1058,649050.0,PUT,2026-05-15,350.0,445,97.99,-0.113200031,0.002255957,-0.552953732,0.166647038,14,100.0,US.WDC,-0.19451348614563194,"成交额 $649,050 ≥ 阈值 $500,000 | 成交量 1,058 手",US.WDC,2026-05-01 14:35:40
US.WDC260501C420000,WDC 260501 420.00C,434.52,235,629218.0,CALL,2026-05-01,420.0,330,280.91,0.640953105,0.007712529,-16.141288587,0.064484539,0,100.0,US.WDC,0.03341618337475832,"成交额 $629,218 ≥ 阈值 $500,000 | 成交量 235 手",US.WDC,2026-05-01 14:35:40
US.WDC260501C437500,WDC 260501 437.50C,434.52,337,597220.0,CALL,2026-05-01,437.5,61,241.705,0.490968748,0.009564586,-14.851392527,0.068808891,0,100.0,US.WDC,-0.00685814231796009,"成交额 $597,220 ≥ 阈值 $500,000 | 成交量 337 手",US.WDC,2026-05-01 14:35:40
US.WDC260501P420000,WDC 260501 420.00P,434.52,409,527101.0,PUT,2026-05-01,420.0,247,262.535,-0.352450991,0.008198554,-14.942203899,0.064063558,0,100.0,US.WDC,-0.03341618337475832,"成交额 $527,101 ≥ 阈值 $500,000 | 成交量 409 手",US.WDC,2026-05-01 14:35:40
US.WDC260515C455000,WDC 260515 455.00C,434.52,204,505919.0,CALL,2026-05-15,455.0,25,94.435,0.443533012,0.004816371,-1.146344428,0.342927635,14,100.0,US.WDC,-0.0471324680106785,"成交额 $505,919 ≥ 阈值 $500,000 | 成交量 204 手",US.WDC,2026-05-01 14:35:40
US.ZS260618P310000,ZS 260618 310.00P,130.68,1760,31750920.0,PUT,2026-06-18,310.0,312,124.219,-0.967858882,0.002108031,-0.031869802,0.032543875,48,100.0,US.ZS,1.372206917661463,"成交额 $31,750,920 ≥ 阈值 $500,000 | 成交量 1,760 手",US.ZS,2026-05-01 14:35:59
US.ZS260618P320000,ZS 260618 320.00P,130.68,720,13702950.0,PUT,2026-06-18,320.0,93,128.061,-0.968353168,0.002038264,-0.032406246,0.032109771,48,100.0,US.ZS,1.448729721456994,"成交额 $13,702,950 ≥ 阈值 $500,000 | 成交量 720 手",US.ZS,2026-05-01 14:35:59
US.ZS260618P300000,ZS 260618 300.00P,130.68,740,12596270.0,PUT,2026-06-18,300.0,100,119.463,-0.969016049,0.002171828,-0.029489059,0.031486837,48,100.0,US.ZS,1.2956841138659319,"成交额 $12,596,270 ≥ 阈值 $500,000 | 成交量 740 手",US.ZS,2026-05-01 14:35:59
US.ZS260515P220000,ZS 260515 220.00P,130.68,312,2806740.0,PUT,2026-05-15,220.0,42,131.729,-0.971730223,0.002331151,-0.060391835,0.016609579,14,100.0,US.ZS,0.6835016835016834,"成交额 $2,806,740 ≥ 阈值 $500,000 | 成交量 312 手",US.ZS,2026-05-01 14:35:59
US.ZS260515P190000,ZS 260515 190.00P,130.68,400,2388000.0,PUT,2026-05-15,190.0,80,102.72,-0.961091421,0.003675255,-0.063075202,0.021690545,14,100.0,US.ZS,0.4539332721150902,"成交额 $2,388,000 ≥ 阈值 $500,000 | 成交量 400 手",US.ZS,2026-05-01 14:35:59
US.ZS260515P195000,ZS 260515 195.00P,130.68,300,1943250.0,PUT,2026-05-15,195.0,60,103.149,-0.97173818,0.003064246,-0.046343473,0.016541208,14,100.0,US.ZS,0.49219467401285577,"成交额 $1,943,250 ≥ 阈值 $500,000 | 成交量 300 手",US.ZS,2026-05-01 14:35:59
US.ZS260515P185000,ZS 260515 185.00P,130.68,200,1097500.0,PUT,2026-05-15,185.0,34,86.92,-0.978457526,0.003309259,-0.029040804,0.01299544,14,100.0,US.ZS,0.4156718702173247,"成交额 $1,097,500 ≥ 阈值 $500,000 | 成交量 200 手",US.ZS,2026-05-01 14:35:59
US.BA260918C225000,BA 260918 225.00C,229.03,307,683134.0,CALL,2026-09-18,225.0,730,34.306,0.600817278,0.007918903,-0.078494764,0.548825553,140,100.0,US.BA,0.017595948129066067,"成交额 $683,134 ≥ 阈值 $500,000 | 成交量 307 手",US.BA,2026-05-01 14:36:29
US.BA260821P235000,BA 260821 235.00P,229.03,244,503181.0,PUT,2026-08-21,235.0,258,33.664,-0.500630396,0.009568668,-0.065194658,0.505021005,112,100.0,US.BA,0.026066454176308776,"成交额 $503,181 ≥ 阈值 $500,000 | 成交量 244 手",US.BA,2026-05-01 14:36:29
US.CAT260618C810000,CAT 260618 810.00C,890.11,753,10921167.0,CALL,2026-06-18,810.0,820,39.208,0.777754497,0.002339212,-0.450277858,0.966934904,48,100.0,US.CAT,0.09000011234566516,"成交额 $10,921,167 ≥ 阈值 $500,000 | 成交量 753 手",US.CAT,2026-05-01 14:36:50
US.CAT260821C900000,CAT 260821 900.00C,890.11,897,9637924.0,CALL,2026-08-21,900.0,271,39.845,0.544299871,0.002012931,-0.388001091,1.959920762,112,100.0,US.CAT,-0.01111098628259427,"成交额 $9,637,924 ≥ 阈值 $500,000 | 成交量 897 手",US.CAT,2026-05-01 14:36:50
US.CAT260918P920000,CAT 260918 920.00P,890.11,339,3285751.0,PUT,2026-09-18,920.0,2,40.136,-0.487446558,0.001844988,-0.272085105,2.193640698,140,100.0,US.CAT,0.03358011931109636,"成交额 $3,285,751 ≥ 阈值 $500,000 | 成交量 339 手",US.CAT,2026-05-01 14:36:50
US.CAT260618C820000,CAT 260618 820.00C,890.11,315,2874718.0,CALL,2026-06-18,820.0,386,39.5,0.750128185,0.002476855,-0.477977309,1.031480523,48,100.0,US.CAT,0.07876554583141411,"成交额 $2,874,718 ≥ 阈值 $500,000 | 成交量 315 手",US.CAT,2026-05-01 14:36:50
US.CAT260821P820000,CAT 260821 820.00P,890.11,557,2707222.0,PUT,2026-08-21,820.0,44,42.515,-0.306402828,0.001682322,-0.300907694,1.732731078,112,100.0,US.CAT,-0.07876554583141411,"成交额 $2,707,222 ≥ 阈值 $500,000 | 成交量 557 手",US.CAT,2026-05-01 14:36:50
US.CAT260918C940000,CAT 260918 940.00C,890.11,351,2549642.0,CALL,2026-09-18,940.0,279,39.189,0.481983098,0.001840965,-0.343009378,2.201471477,140,100.0,US.CAT,-0.05604925233959846,"成交额 $2,549,642 ≥ 阈值 $500,000 | 成交量 351 手",US.CAT,2026-05-01 14:36:50
US.CAT260515C840000,CAT 260515 840.00C,890.11,426,2098853.0,CALL,2026-05-15,840.0,798,37.978,0.794043978,0.004217678,-0.729690089,0.506679711,14,100.0,US.CAT,0.05629641280291201,"成交额 $2,098,853 ≥ 阈值 $500,000 | 成交量 426 手",US.CAT,2026-05-01 14:36:50
US.CAT260918P800000,CAT 260918 800.00P,890.11,306,1452612.0,PUT,2026-09-18,800.0,87,42.039,-0.279174712,0.001458932,-0.253062023,1.854217233,140,100.0,US.CAT,-0.1012346788599162,"成交额 $1,452,612 ≥ 阈值 $500,000 | 成交量 306 手",US.CAT,2026-05-01 14:36:50
US.CAT260821P800000,CAT 260821 800.00P,890.11,335,1387240.0,PUT,2026-08-21,800.0,106,43.003,-0.271896263,0.001570112,-0.289547548,1.638332808,112,100.0,US.CAT,-0.1012346788599162,"成交额 $1,387,240 ≥ 阈值 $500,000 | 成交量 335 手",US.CAT,2026-05-01 14:36:50
US.CAT260501C900000,CAT 260501 900.00C,890.11,2565,1293880.0,CALL,2026-05-01,900.0,1000,54.87,0.310653364,0.018220804,-6.095130056,0.124713875,0,100.0,US.CAT,-0.01111098628259427,"成交额 $1,293,880 ≥ 阈值 $500,000 | 成交量 2,565 手",US.CAT,2026-05-01 14:36:50
US.CAT260918P680000,CAT 260918 680.00P,890.11,686,1237895.0,PUT,2026-09-18,680.0,368,45.134,-0.125812087,0.000831224,-0.172313137,1.141612626,140,100.0,US.CAT,-0.23604947703092877,"成交额 $1,237,895 ≥ 阈值 $500,000 | 成交量 686 手",US.CAT,2026-05-01 14:36:50
US.CAT260821P780000,CAT 260821 780.00P,890.11,352,1214026.0,PUT,2026-08-21,780.0,60,43.326,-0.238814509,0.001454512,-0.27408691,1.531083266,112,100.0,US.CAT,-0.1237038118884183,"成交额 $1,214,026 ≥ 阈值 $500,000 | 成交量 352 手",US.CAT,2026-05-01 14:36:50
US.CAT260501C850000,CAT 260501 850.00C,890.11,372,1183694.0,CALL,2026-05-01,850.0,691,78.815,0.932125336,0.00471002,-3.153787677,0.046306575,0,100.0,US.CAT,0.045061846288660966,"成交额 $1,183,694 ≥ 阈值 $500,000 | 成交量 372 手",US.CAT,2026-05-01 14:36:50
US.CAT260618C890000,CAT 260618 890.00C,890.11,216,1105253.0,CALL,2026-06-18,890.0,201,37.829,0.541765323,0.003229912,-0.547163216,1.288318401,48,100.0,US.CAT,0.00012358023165677686,"成交额 $1,105,253 ≥ 阈值 $500,000 | 成交量 216 手",US.CAT,2026-05-01 14:36:50
US.CAT260501C860000,CAT 260501 860.00C,890.11,516,986852.0,CALL,2026-05-01,860.0,574,57.389,0.936380134,0.006151921,-2.203438914,0.044038547,0,100.0,US.CAT,0.03382727977440992,"成交额 $986,852 ≥ 阈值 $500,000 | 成交量 516 手",US.CAT,2026-05-01 14:36:50
US.CAT260529P860000,CAT 260529 860.00P,890.11,374,935368.0,PUT,2026-05-29,860.0,0,38.802,-0.346501287,0.003829826,-0.599114067,0.918431127,28,100.0,US.CAT,-0.03382727977440992,"成交额 $935,368 ≥ 阈值 $500,000 | 成交量 374 手",US.CAT,2026-05-01 14:36:50
US.CAT260508C900000,CAT 260508 900.00C,890.11,702,928134.0,CALL,2026-05-08,900.0,64,39.532,0.439463767,0.007779149,-1.401466044,0.505645834,7,100.0,US.CAT,-0.01111098628259427,"成交额 $928,134 ≥ 阈值 $500,000 | 成交量 702 手",US.CAT,2026-05-01 14:36:50
US.CAT260501C875000,CAT 260501 875.00C,890.11,550,899115.0,CALL,2026-05-01,875.0,198,62.946,0.758114667,0.014042566,-6.185575487,0.110261251,0,100.0,US.CAT,0.016975430003033348,"成交额 $899,115 ≥ 阈值 $500,000 | 成交量 550 手",US.CAT,2026-05-01 14:36:50
US.CAT260501C840000,CAT 260501 840.00C,890.11,230,869323.0,CALL,2026-05-01,840.0,426,93.614,0.942945497,0.003463183,-3.246616575,0.04044193,0,100.0,US.CAT,0.05629641280291201,"成交额 $869,323 ≥ 阈值 $500,000 | 成交量 230 手",US.CAT,2026-05-01 14:36:50
US.CAT260717P800000,CAT 260717 800.00P,890.11,328,861737.0,PUT,2026-07-17,800.0,415,39.5,-0.237268017,0.001912904,-0.302746017,1.266472299,77,100.0,US.CAT,-0.1012346788599162,"成交额 $861,737 ≥ 阈值 $500,000 | 成交量 328 手",US.CAT,2026-05-01 14:36:50
US.CAT260821C1000000,CAT 260821 1000.00C,890.11,212,851194.0,CALL,2026-08-21,1000.0,38,38.649,0.350899108,0.001940509,-0.342117605,1.832564209,112,100.0,US.CAT,-0.12345665142510474,"成交额 $851,194 ≥ 阈值 $500,000 | 成交量 212 手",US.CAT,2026-05-01 14:36:50
US.CAT260501C880000,CAT 260501 880.00C,890.11,675,830426.0,CALL,2026-05-01,880.0,314,52.503,0.712763335,0.018376211,-5.659126264,0.12034968,0,100.0,US.CAT,0.011358146745907825,"成交额 $830,426 ≥ 阈值 $500,000 | 成交量 675 手",US.CAT,2026-05-01 14:36:50
US.CAT260501C870000,CAT 260501 870.00C,890.11,601,786900.0,CALL,2026-05-01,870.0,1012,60.463,0.833195008,0.011706032,-4.72403065,0.088285395,0,100.0,US.CAT,0.02259271326015887,"成交额 $786,900 ≥ 阈值 $500,000 | 成交量 601 手",US.CAT,2026-05-01 14:36:50
US.CAT260918C1220000,CAT 260918 1220.00C,890.11,674,757119.0,CALL,2026-09-18,1220.0,0,37.305,0.117883558,0.000958608,-0.153891097,1.090920673,140,100.0,US.CAT,-0.3706171147386278,"成交额 $757,119 ≥ 阈值 $500,000 | 成交量 674 手",US.CAT,2026-05-01 14:36:50
US.CAT260508P880000,CAT 260508 880.00P,890.11,481,734921.0,PUT,2026-05-08,880.0,1,41.324,-0.407765738,0.007335595,-1.369129319,0.497674308,7,100.0,US.CAT,-0.011358146745907825,"成交额 $734,921 ≥ 阈值 $500,000 | 成交量 481 手",US.CAT,2026-05-01 14:36:50
US.CAT260618P820000,CAT 260618 820.00P,890.11,298,688505.0,PUT,2026-06-18,820.0,306,39.082,-0.249046629,0.002505454,-0.394144591,1.028963639,48,100.0,US.CAT,-0.07876554583141411,"成交额 $688,505 ≥ 阈值 $500,000 | 成交量 298 手",US.CAT,2026-05-01 14:36:50
US.CAT260515C950000,CAT 260515 950.00C,890.11,923,679859.0,CALL,2026-05-15,950.0,510,37.843,0.210663943,0.004289534,-0.687101832,0.513470416,14,100.0,US.CAT,-0.06728381885384951,"成交额 $679,859 ≥ 阈值 $500,000 | 成交量 923 手",US.CAT,2026-05-01 14:36:50
US.CAT260515C900000,CAT 260515 900.00C,890.11,293,630352.0,CALL,2026-05-15,900.0,1332,38.727,0.465983954,0.005770424,-0.994534555,0.707004374,14,100.0,US.CAT,-0.01111098628259427,"成交额 $630,352 ≥ 阈值 $500,000 | 成交量 293 手",US.CAT,2026-05-01 14:36:50
US.CAT260501P900000,CAT 260501 900.00P,890.11,210,621556.0,PUT,2026-05-01,900.0,136,59.908,-0.673929541,0.017040637,-6.711206114,0.127278476,0,100.0,US.CAT,0.01111098628259427,"成交额 $621,556 ≥ 阈值 $500,000 | 成交量 210 手",US.CAT,2026-05-01 14:36:50
US.CAT260618P840000,CAT 260618 840.00P,890.11,235,613224.0,PUT,2026-06-18,840.0,37,38.837,-0.304935115,0.002787451,-0.430175704,1.136266029,48,100.0,US.CAT,-0.05629641280291201,"成交额 $613,224 ≥ 阈值 $500,000 | 成交量 235 手",US.CAT,2026-05-01 14:36:50
US.CAT260515C890000,CAT 260515 890.00C,890.11,220,568058.0,CALL,2026-05-15,890.0,284,38.929,0.523566363,0.005751454,-1.006398039,0.708350472,14,100.0,US.CAT,0.00012358023165677686,"成交额 $568,058 ≥ 阈值 $500,000 | 成交量 220 手",US.CAT,2026-05-01 14:36:50
US.CAT260618P800000,CAT 260618 800.00P,890.11,320,519911.0,PUT,2026-06-18,800.0,520,39.634,-0.200118666,0.002180055,-0.354615341,0.908759637,48,100.0,US.CAT,-0.1012346788599162,"成交额 $519,911 ≥ 阈值 $500,000 | 成交量 320 手",US.CAT,2026-05-01 14:36:50
US.CRM260618P280000,CRM 260618 280.00P,176.53,2770,28904050.0,PUT,2026-06-18,280.0,1058,73.741,-0.957000657,0.00301262,-0.032315227,0.056004462,48,100.0,US.CRM,0.586132668668215,"成交额 $28,904,050 ≥ 阈值 $500,000 | 成交量 2,770 手",US.CRM,2026-05-01 14:36:59
US.CRM260618P260000,CRM 260618 260.00P,176.53,1402,11748416.0,PUT,2026-06-18,260.0,527,62.252,-0.960443583,0.003623251,-0.024514178,0.05172226,48,100.0,US.CRM,0.4728374780490568,"成交额 $11,748,416 ≥ 阈值 $500,000 | 成交量 1,402 手",US.CRM,2026-05-01 14:36:59
US.CRM260515P230000,CRM 260515 230.00P,176.53,1260,6832350.0,PUT,2026-05-15,230.0,252,78.013,-0.951105067,0.004229083,-0.078391065,0.03525155,14,100.0,US.CRM,0.3028946921203195,"成交额 $6,832,350 ≥ 阈值 $500,000 | 成交量 1,260 手",US.CRM,2026-05-01 14:36:59
US.CRM260515P220000,CRM 260515 220.00P,176.53,1225,5420531.0,PUT,2026-05-15,220.0,308,71.019,-0.933505518,0.005661686,-0.093880214,0.045079086,14,100.0,US.CRM,0.24624709681074036,"成交额 $5,420,531 ≥ 阈值 $500,000 | 成交量 1,225 手",US.CRM,2026-05-01 14:36:59
US.CRM260618P270000,CRM 260618 270.00P,176.53,424,4003880.0,PUT,2026-06-18,270.0,171,69.003,-0.955004206,0.003308224,-0.031309834,0.058103275,48,100.0,US.CRM,0.5294850733586359,"成交额 $4,003,880 ≥ 阈值 $500,000 | 成交量 424 手",US.CRM,2026-05-01 14:36:59
US.CRM260515P270000,CRM 260515 270.00P,176.53,251,2327535.0,PUT,2026-05-15,270.0,54,117.643,-0.957678957,0.002469751,-0.106768506,0.031468451,14,100.0,US.CRM,0.5294850733586359,"成交额 $2,327,535 ≥ 阈值 $500,000 | 成交量 251 手",US.CRM,2026-05-01 14:36:59
US.CRM260918P170000,CRM 260918 170.00P,176.53,1259,2025596.0,PUT,2026-09-18,170.0,2139,47.7,-0.377066402,0.00735694,-0.063815387,0.415415402,140,100.0,US.CRM,-0.03699087973715516,"成交额 $2,025,596 ≥ 阈值 $500,000 | 成交量 1,259 手",US.CRM,2026-05-01 14:36:59
US.CRM260515P240000,CRM 260515 240.00P,176.53,260,1628400.0,PUT,2026-05-15,240.0,46,84.606,-0.962885739,0.003293225,-0.065848683,0.028076489,14,100.0,US.CRM,0.3595422874298986,"成交额 $1,628,400 ≥ 阈值 $500,000 | 成交量 260 手",US.CRM,2026-05-01 14:36:59
US.CRM260508P172500,CRM 260508 172.50P,176.53,2859,862707.0,PUT,2026-05-08,172.5,166,49.933,-0.35688301,0.02939377,-0.316353864,0.094837076,7,100.0,US.CRM,-0.022828980909760387,"成交额 $862,707 ≥ 阈值 $500,000 | 成交量 2,859 手",US.CRM,2026-05-01 14:36:59
US.CRM260501P177500,CRM 260501 177.50P,176.53,2748,757237.0,PUT,2026-05-01,177.5,1238,79.269,-0.562257435,0.070953658,-1.941665512,0.027614242,0,100.0,US.CRM,0.005494816745029167,"成交额 $757,237 ≥ 阈值 $500,000 | 成交量 2,748 手",US.CRM,2026-05-01 14:36:59
US.CRM260618P160000,CRM 260618 160.00P,176.53,867,501346.0,PUT,2026-06-18,160.0,4784,51.872,-0.261926188,0.009766831,-0.107718696,0.20958528,48,100.0,US.CRM,-0.09363847504673427,"成交额 $501,346 ≥ 阈值 $500,000 | 成交量 867 手",US.CRM,2026-05-01 14:36:59
US.CVX260717C200000,CVX 260717 200.00C,193.31,2174,1547325.0,CALL,2026-07-17,200.0,1278,28.817,0.447639485,0.015400223,-0.073467381,0.352458111,77,100.0,US.CVX,-0.034607625058196666,"成交额 $1,547,325 ≥ 阈值 $500,000 | 成交量 2,174 手",US.CVX,2026-05-01 14:37:20
US.CVX260501C195000,CVX 260501 195.00C,193.31,4328,852890.0,CALL,2026-05-01,195.0,3267,88.857,0.410043941,0.056995912,-2.368112001,0.029841101,0,100.0,US.CVX,-0.00874243443174175,"成交额 $852,890 ≥ 阈值 $500,000 | 成交量 4,328 手",US.CVX,2026-05-01 14:37:20
US.CVX260529P185000,CVX 260529 185.00P,193.31,1677,662367.0,PUT,2026-05-29,185.0,110,35.281,-0.301318377,0.018302281,-0.111566375,0.188291632,28,100.0,US.CVX,-0.042987946821168084,"成交额 $662,367 ≥ 阈值 $500,000 | 成交量 1,677 手",US.CVX,2026-05-01 14:37:20
US.CVX260515C192500,CVX 260515 192.50C,193.31,912,502896.0,CALL,2026-05-15,192.5,2530,36.702,0.5452525,0.027957198,-0.206074212,0.153116841,14,100.0,US.CVX,0.004190160881485708,"成交额 $502,896 ≥ 阈值 $500,000 | 成交量 912 手",US.CVX,2026-05-01 14:37:20
US.DIS260515P101000,DIS 260515 101.00P,103.75,2042,668541.0,PUT,2026-05-15,101.0,2091,47.261,-0.364762063,0.03840551,-0.124667514,0.0778862,14,100.0,US.DIS,-0.02650602409638554,"成交额 $668,541 ≥ 阈值 $500,000 | 成交量 2,042 手",US.DIS,2026-05-01 14:37:29
US.GS260515C950000,GS 260515 950.00C,923.77,468,536940.0,CALL,2026-05-15,950.0,1179,28.747,0.33233684,0.006843821,-0.699153704,0.67030088,14,100.0,US.GS,-0.02839451378589911,"成交额 $536,940 ≥ 阈值 $500,000 | 成交量 468 手",US.GS,2026-05-01 14:37:51
US.HD260515P380000,HD 260515 380.00P,328.8,990,5023315.0,PUT,2026-05-15,380.0,349,0.0,0.0,0.0,0.0,0.0,14,100.0,US.HD,0.15571776155717756,"成交额 $5,023,315 ≥ 阈值 $500,000 | 成交量 990 手",US.HD,2026-05-01 14:38:05
US.HD260515P370000,HD 260515 370.00P,328.8,608,2457228.0,PUT,2026-05-15,370.0,281,0.0,0.0,0.0,0.0,0.0,14,100.0,US.HD,0.12530413625304132,"成交额 $2,457,228 ≥ 阈值 $500,000 | 成交量 608 手",US.HD,2026-05-01 14:38:05
US.HD260515P375000,HD 260515 375.00P,328.8,230,1048450.0,PUT,2026-05-15,375.0,45,0.0,0.0,0.0,0.0,0.0,14,100.0,US.HD,0.14051094890510946,"成交额 $1,048,450 ≥ 阈值 $500,000 | 成交量 230 手",US.HD,2026-05-01 14:38:05
US.HD260717P330000,HD 260717 330.00P,328.8,305,581055.0,PUT,2026-07-17,330.0,333,31.677,-0.464469838,0.008415339,-0.109005808,0.60036575,77,100.0,US.HD,0.0036496350364963156,"成交额 $581,055 ≥ 阈值 $500,000 | 成交量 305 手",US.HD,2026-05-01 14:38:05
US.HD260501P340000,HD 260501 340.00P,328.8,416,500183.0,PUT,2026-05-01,340.0,171,0.0,0.0,0.0,0.0,0.0,0,100.0,US.HD,0.03406326034063257,"成交额 $500,183 ≥ 阈值 $500,000 | 成交量 416 手",US.HD,2026-05-01 14:38:05
US.MCD260918P295000,MCD 260918 295.00P,293.59,702,1136053.0,PUT,2026-09-18,295.0,714,23.382,-0.457136599,0.009694257,-0.048336051,0.716652885,140,100.0,US.MCD,0.00480261589291197,"成交额 $1,136,053 ≥ 阈值 $500,000 | 成交量 702 手",US.MCD,2026-05-01 14:38:53
US.MCD260918C300000,MCD 260918 300.00C,293.59,713,939289.0,CALL,2026-09-18,300.0,166,19.776,0.499693039,0.011071711,-0.064473396,0.726868244,140,100.0,US.MCD,-0.02183316870465624,"成交额 $939,289 ≥ 阈值 $500,000 | 成交量 713 手",US.MCD,2026-05-01 14:38:53
US.MRK260618P110000,MRK 260618 110.00P,109.18,3883,1969473.0,PUT,2026-06-18,110.0,4240,32.69,-0.488358152,0.030998453,-0.048689676,0.158459093,48,100.0,US.MRK,0.007510533064663795,"成交额 $1,969,473 ≥ 阈值 $500,000 | 成交量 3,883 手",US.MRK,2026-05-01 14:39:21
US.MRK260618C125000,MRK 260618 125.00C,109.18,10734,839071.0,CALL,2026-06-18,125.0,7760,29.188,0.120556482,0.017263007,-0.025168013,0.079900068,48,100.0,US.MRK,-0.14489833302802704,"成交额 $839,071 ≥ 阈值 $500,000 | 成交量 10,734 手",US.MRK,2026-05-01 14:39:21
US.NKE260515P57500,NKE 260515 57.50P,44.36,821,1037010.0,PUT,2026-05-15,57.5,585,87.711,-0.919928186,0.020275758,-0.034910545,0.013112111,14,100.0,US.NKE,0.29621280432822367,"成交额 $1,037,010 ≥ 阈值 $500,000 | 成交量 821 手",US.NKE,2026-05-01 14:39:41
US.NKE260515P52500,NKE 260515 52.50P,44.36,1352,1028490.0,PUT,2026-05-15,52.5,4146,48.841,-0.960524969,0.026115044,-0.009429174,0.007326423,14,100.0,US.NKE,0.18349864743011723,"成交额 $1,028,490 ≥ 阈值 $500,000 | 成交量 1,352 手",US.NKE,2026-05-01 14:39:41
US.NKE260918C50000,NKE 260918 50.00C,44.36,2623,645915.0,CALL,2026-09-18,50.0,5700,40.203,0.382489465,0.034470118,-0.016468345,0.105021635,140,100.0,US.NKE,-0.12714156898106405,"成交额 $645,915 ≥ 阈值 $500,000 | 成交量 2,623 手",US.NKE,2026-05-01 14:39:41
US.NKE260508P44000,NKE 260508 44.00P,44.36,5170,558843.0,PUT,2026-05-08,44.0,4209,33.144,-0.417260532,0.184605145,-0.054682531,0.024933396,7,100.0,US.NKE,-0.008115419296663649,"成交额 $558,843 ≥ 阈值 $500,000 | 成交量 5,170 手",US.NKE,2026-05-01 14:39:41
US.PG260618P170000,PG 260618 170.00P,147.09,413,936925.0,PUT,2026-06-18,170.0,117,26.497,-0.957119469,0.014588484,-0.007741133,0.043336099,48,100.0,US.PG,0.1557549799442518,"成交额 $936,925 ≥ 阈值 $500,000 | 成交量 413 手",US.PG,2026-05-01 14:39:51
US.PG260918P150000,PG 260918 150.00P,147.09,626,548458.0,PUT,2026-09-18,150.0,1867,21.726,-0.504427647,0.021287368,-0.021826969,0.359950507,140,100.0,US.PG,0.019783805833163345,"成交额 $548,458 ≥ 阈值 $500,000 | 成交量 626 手",US.PG,2026-05-01 14:39:51
US.PG260515P165000,PG 260515 165.00P,147.09,300,531300.0,PUT,2026-05-15,165.0,55,31.224,-0.981659737,0.011785185,-0.007966213,0.011883028,14,100.0,US.PG,0.12176218641647968,"成交额 $531,300 ≥ 阈值 $500,000 | 成交量 300 手",US.PG,2026-05-01 14:39:51
US.UNH260515C370000,UNH 260515 370.00C,370.48,2426,1964631.0,CALL,2026-05-15,370.0,6290,27.065,0.531006115,0.019849596,-0.296976052,0.294459416,14,100.0,US.UNH,0.0012956164975167841,"成交额 $1,964,631 ≥ 阈值 $500,000 | 成交量 2,426 手",US.UNH,2026-05-01 14:40:23
US.UNH260717C340000,UNH 260717 340.00C,370.48,385,1449539.0,CALL,2026-07-17,340.0,1168,27.018,0.792014485,0.006209855,-0.110713151,0.489298401,77,100.0,US.UNH,0.08227164759231272,"成交额 $1,449,539 ≥ 阈值 $500,000 | 成交量 385 手",US.UNH,2026-05-01 14:40:23
US.UNH260501C370000,UNH 260501 370.00C,370.48,5109,1224949.0,CALL,2026-05-01,370.0,5715,39.399,0.537582501,0.068522297,-2.071832935,0.058429129,0,100.0,US.UNH,0.0012956164975167841,"成交额 $1,224,949 ≥ 阈值 $500,000 | 成交量 5,109 手",US.UNH,2026-05-01 14:40:23
US.UNH260515C350000,UNH 260515 350.00C,370.48,462,920952.0,CALL,2026-05-15,350.0,6828,34.203,0.812557848,0.010627346,-0.262690138,0.199183818,14,100.0,US.UNH,0.05527963722738074,"成交额 $920,952 ≥ 阈值 $500,000 | 成交量 462 手",US.UNH,2026-05-01 14:40:23
US.UNH260501C365000,UNH 260501 365.00C,370.48,1981,865339.0,CALL,2026-05-01,365.0,4418,57.623,0.747040401,0.037719653,-2.41648041,0.047038344,0,100.0,US.UNH,0.014791621679982773,"成交额 $865,339 ≥ 阈值 $500,000 | 成交量 1,981 手",US.UNH,2026-05-01 14:40:23
US.UNH261120C420000,UNH 261120 420.00C,370.48,402,706421.0,CALL,2026-11-20,420.0,171,30.327,0.36270191,0.004469497,-0.088878372,1.037759247,203,100.0,US.UNH,-0.13366443532714312,"成交额 $706,421 ≥ 阈值 $500,000 | 成交量 402 手",US.UNH,2026-05-01 14:40:23
US.UNH260618C350000,UNH 260618 350.00C,370.48,217,579062.0,CALL,2026-06-18,350.0,6267,29.117,0.736934879,0.008292269,-0.156986723,0.440958009,48,100.0,US.UNH,0.05527963722738074,"成交额 $579,062 ≥ 阈值 $500,000 | 成交量 217 手",US.UNH,2026-05-01 14:40:23
US.UNH260508C370000,UNH 260508 370.00C,370.48,1070,571138.0,CALL,2026-05-08,370.0,2303,27.564,0.528485637,0.027047183,-0.418931972,0.212385664,7,100.0,US.UNH,0.0012956164975167841,"成交额 $571,138 ≥ 阈值 $500,000 | 成交量 1,070 手",US.UNH,2026-05-01 14:40:23
US.ABBV260618C210000,ABBV 260618 210.00C,211.32,1685,1841767.0,CALL,2026-06-18,210.0,2039,27.831,0.563572981,0.018357496,-0.098313567,0.303630352,48,100.0,US.ABBV,0.0062464508801816825,"成交额 $1,841,767 ≥ 阈值 $500,000 | 成交量 1,685 手",US.ABBV,2026-05-01 14:41:19
US.ABT260618P110000,ABT 260618 110.00P,90.79,7680,15416080.0,PUT,2026-06-18,110.0,1529,34.866,-0.947260371,0.016368655,-0.008321713,0.033019058,48,100.0,US.ABT,0.21158717920475814,"成交额 $15,416,080 ≥ 阈值 $500,000 | 成交量 7,680 手",US.ABT,2026-05-01 14:41:22
US.ABT260515P110000,ABT 260515 110.00P,90.79,7680,14880000.0,PUT,2026-05-15,110.0,1539,0.0,0.0,0.0,0.0,0.0,14,100.0,US.ABT,0.21158717920475814,"成交额 $14,880,000 ≥ 阈值 $500,000 | 成交量 7,680 手",US.ABT,2026-05-01 14:41:22
US.ABT260618P115000,ABT 260618 115.00P,90.79,3622,9270770.0,PUT,2026-06-18,115.0,1435,45.053,-0.925318345,0.012894916,-0.015863824,0.044923284,48,100.0,US.ABT,0.26665932371406537,"成交额 $9,270,770 ≥ 阈值 $500,000 | 成交量 3,622 手",US.ABT,2026-05-01 14:41:22
US.ABT260515P115000,ABT 260515 115.00P,90.79,2820,7078200.0,PUT,2026-05-15,115.0,1130,0.0,0.0,0.0,0.0,0.0,14,100.0,US.ABT,0.26665932371406537,"成交额 $7,078,200 ≥ 阈值 $500,000 | 成交量 2,820 手",US.ABT,2026-05-01 14:41:22
US.ABT260618P120000,ABT 260618 120.00P,90.79,2092,6245940.0,PUT,2026-06-18,120.0,891,46.873,-0.95805032,0.0103548,-0.009546481,0.027581554,48,100.0,US.ABT,0.3217314682233725,"成交额 $6,245,940 ≥ 阈值 $500,000 | 成交量 2,092 手",US.ABT,2026-05-01 14:41:22
US.ABT260515P120000,ABT 260515 120.00P,90.79,2080,5865600.0,PUT,2026-05-15,120.0,847,0.0,0.0,0.0,0.0,0.0,14,100.0,US.ABT,0.3217314682233725,"成交额 $5,865,600 ≥ 阈值 $500,000 | 成交量 2,080 手",US.ABT,2026-05-01 14:41:22
US.ABT260515P125000,ABT 260515 125.00P,90.79,1340,4448800.0,PUT,2026-05-15,125.0,577,0.0,0.0,0.0,0.0,0.0,14,100.0,US.ABT,0.3768036127326797,"成交额 $4,448,800 ≥ 阈值 $500,000 | 成交量 1,340 手",US.ABT,2026-05-01 14:41:22
US.ABT260618P125000,ABT 260618 125.00P,90.79,849,3058872.0,PUT,2026-06-18,125.0,462,52.319,-0.961360565,0.008773993,-0.010039562,0.025820519,48,100.0,US.ABT,0.3768036127326797,"成交额 $3,058,872 ≥ 阈值 $500,000 | 成交量 849 手",US.ABT,2026-05-01 14:41:22
US.ABT260515P105000,ABT 260515 105.00P,90.79,1605,2391450.0,PUT,2026-05-15,105.0,751,0.0,0.0,0.0,0.0,0.0,14,100.0,US.ABT,0.15651503469545097,"成交额 $2,391,450 ≥ 阈值 $500,000 | 成交量 1,605 手",US.ABT,2026-05-01 14:41:22
US.ABT260918P110000,ABT 260918 110.00P,90.79,360,738000.0,PUT,2026-09-18,110.0,1455,26.583,-0.897111772,0.022219606,-0.005408346,0.090978664,140,100.0,US.ABT,0.21158717920475814,"成交额 $738,000 ≥ 阈值 $500,000 | 成交量 360 手",US.ABT,2026-05-01 14:41:22
US.ABT260821P110000,ABT 260821 110.00P,90.79,360,730800.0,PUT,2026-08-21,110.0,1329,25.282,-0.95679752,0.023359392,-0.002538505,0.037998587,112,100.0,US.ABT,0.21158717920475814,"成交额 $730,800 ≥ 阈值 $500,000 | 成交量 360 手",US.ABT,2026-05-01 14:41:22
US.ABT260618P92500,ABT 260618 92.50P,90.79,1594,644768.0,PUT,2026-06-18,92.5,1874,25.541,-0.546167816,0.047918774,-0.030218002,0.130663403,48,100.0,US.ABT,0.01883467342218299,"成交额 $644,768 ≥ 阈值 $500,000 | 成交量 1,594 手",US.ABT,2026-05-01 14:41:22
US.ACN260618P320000,ACN 260618 320.00P,178.71,279,3933704.0,PUT,2026-06-18,320.0,110,89.722,-0.960547002,0.002308081,-0.037485727,0.052937276,48,100.0,US.ACN,0.7906104862626601,"成交额 $3,933,704 ≥ 阈值 $500,000 | 成交量 279 手",US.ACN,2026-05-01 14:41:51
US.ACN260821C160000,ACN 260821 160.00C,178.71,202,575818.0,CALL,2026-08-21,160.0,34,46.865,0.725090808,0.007172562,-0.079000928,0.331094918,112,100.0,US.ACN,0.10469475686866996,"成交额 $575,818 ≥ 阈值 $500,000 | 成交量 202 手",US.ACN,2026-05-01 14:41:51
US.AES260515C10000,AES 260515 10.00C,14.45,1400,632000.0,CALL,2026-05-15,10.0,255,84.857,0.988217682,0.012546018,-0.003394675,0.000887833,14,100.0,US.AES,0.30795847750865046,"成交额 $632,000 ≥ 阈值 $500,000 | 成交量 1,400 手",US.AES,2026-05-01 14:42:22
US.AME260821C230000,AME 260821 230.00C,235.5,503,915437.0,CALL,2026-08-21,230.0,22,29.738,0.615397061,0.009824869,-0.078621321,0.499769828,112,100.0,US.AME,0.02335456475583864,"成交额 $915,437 ≥ 阈值 $500,000 | 成交量 503 手",US.AME,2026-05-01 14:45:12
US.ANET260618C170000,ANET 260618 170.00C,172.71,440,720500.0,CALL,2026-06-18,170.0,896,59.379,0.580670192,0.010444707,-0.159597274,0.246198187,48,100.0,US.ANET,0.015691042788489422,"成交额 $720,500 ≥ 阈值 $500,000 | 成交量 440 手",US.ANET,2026-05-01 14:45:51
US.APH260618P115000,APH 260618 115.00P,147.27,8402,1152469.0,PUT,2026-06-18,115.0,217,55.583,-0.089545991,0.005419162,-0.048314591,0.086892222,48,100.0,US.APH,-0.2191213417532424,"成交额 $1,152,469 ≥ 阈值 $500,000 | 成交量 8,402 手",US.APH,2026-05-01 14:47:10
US.APTV260515C60000,APTV 260515 60.00C,60.26,1323,534916.0,CALL,2026-05-15,60.0,27,64.731,0.543518808,0.050876979,-0.110869366,0.047752643,14,100.0,US.APTV,0.004314636574842317,"成交额 $534,916 ≥ 阈值 $500,000 | 成交量 1,323 手",US.APTV,2026-05-01 14:47:48
US.ARES260618C130000,ARES 260618 130.00C,117.4,2004,811509.0,CALL,2026-06-18,130.0,5581,48.923,0.324581477,0.017168177,-0.081235182,0.154053131,48,100.0,US.ARES,-0.10732538330494032,"成交额 $811,509 ≥ 阈值 $500,000 | 成交量 2,004 手",US.ARES,2026-05-01 14:48:26
US.BEN261016C32000,BEN 261016 32.00C,29.97,3242,526968.0,CALL,2026-10-16,32.0,115,26.373,0.427572615,0.073040105,-0.007381052,0.079907294,168,100.0,US.BEN,-0.06773440106773444,"成交额 $526,968 ≥ 阈值 $500,000 | 成交量 3,242 手",US.BEN,2026-05-01 14:50:28
US.BMY260618C62500,BMY 260618 62.50C,60.59,3745,553517.0,CALL,2026-06-18,62.5,18329,26.397,0.411377574,0.066678108,-0.025787343,0.085991151,48,100.0,US.BMY,-0.031523353688727454,"成交额 $553,517 ≥ 阈值 $500,000 | 成交量 3,745 手",US.BMY,2026-05-01 14:52:25
US.BSX260618P105000,BSX 260618 105.00P,57.61,1850,9117270.0,PUT,2026-06-18,105.0,816,82.595,-0.988739347,0.006421074,-0.003045508,0.005364785,48,100.0,US.BSX,0.8226002430133658,"成交额 $9,117,270 ≥ 阈值 $500,000 | 成交量 1,850 手",US.BSX,2026-05-01 14:53:05
US.BSX260515P70000,BSX 260515 70.00P,57.61,6858,8711219.0,PUT,2026-05-15,70.0,3845,49.617,-0.983490465,0.014629704,-0.004962383,0.004387336,14,100.0,US.BSX,0.21506682867557717,"成交额 $8,711,219 ≥ 阈值 $500,000 | 成交量 6,858 手",US.BSX,2026-05-01 14:53:05
US.BSX260618P92500,BSX 260618 92.50P,57.61,1272,4216400.0,PUT,2026-06-18,92.5,572,75.448,-0.957151199,0.008973886,-0.010786251,0.018235828,48,100.0,US.BSX,0.6056240236070127,"成交额 $4,216,400 ≥ 阈值 $500,000 | 成交量 1,272 手",US.BSX,2026-05-01 14:53:05
US.BSX260618P75000,BSX 260618 75.00P,57.61,1401,2437820.0,PUT,2026-06-18,75.0,670,47.348,-0.940212935,0.01771005,-0.008654693,0.023767735,48,100.0,US.BSX,0.3018573164381184,"成交额 $2,437,820 ≥ 阈值 $500,000 | 成交量 1,401 手",US.BSX,2026-05-01 14:53:05
US.BSX260618P100000,BSX 260618 100.00P,57.61,230,936100.0,PUT,2026-06-18,100.0,103,97.969,-0.921351047,0.008545444,-0.025412318,0.030295383,48,100.0,US.BSX,0.7358097552508245,"成交额 $936,100 ≥ 阈值 $500,000 | 成交量 230 手",US.BSX,2026-05-01 14:53:05
US.BX261016P110000,BX 261016 110.00P,125.58,738,598065.0,PUT,2026-10-16,110.0,940,45.111,-0.263751819,0.00855624,-0.033961731,0.278520568,168,100.0,US.BX,-0.1240643414556458,"成交额 $598,065 ≥ 阈值 $500,000 | 成交量 738 手",US.BX,2026-05-01 14:53:43
US.C260618C92500,C 260618 92.50C,127.98,258,922044.0,CALL,2026-06-18,92.5,1488,0.0,0.0,0.0,0.0,0.0,48,100.0,US.C,0.27723081731520555,"成交额 $922,044 ≥ 阈值 $500,000 | 成交量 258 手",US.C,2026-05-01 14:53:46
US.C260918C97500,C 260918 97.50C,127.98,258,844644.0,CALL,2026-09-18,97.5,1544,33.296,0.931542239,0.004990838,-0.021002706,0.104791978,140,100.0,US.C,0.23816221284575717,"成交额 $844,644 ≥ 阈值 $500,000 | 成交量 258 手",US.C,2026-05-01 14:53:46
US.C260618P120000,C 260618 120.00P,127.98,2429,689231.0,PUT,2026-06-18,120.0,3708,35.264,-0.274736573,0.020327296,-0.053355955,0.155552962,48,100.0,US.C,-0.0623534927332396,"成交额 $689,231 ≥ 阈值 $500,000 | 成交量 2,429 手",US.C,2026-05-01 14:53:46
US.C261016C135000,C 261016 135.00C,127.98,755,653050.0,CALL,2026-10-16,135.0,418,30.818,0.471998556,0.014846853,-0.036827267,0.346116543,168,100.0,US.C,-0.054852320675105454,"成交额 $653,050 ≥ 阈值 $500,000 | 成交量 755 手",US.C,2026-05-01 14:53:46
US.C260618C115000,C 260618 115.00C,127.98,350,524245.0,CALL,2026-06-18,115.0,16474,31.473,0.848702405,0.015958841,-0.044838766,0.109446023,48,100.0,US.C,0.10142209720268795,"成交额 $524,245 ≥ 阈值 $500,000 | 成交量 350 手",US.C,2026-05-01 14:53:46
US.C260522P132000,C 260522 132.00P,127.98,807,507899.0,PUT,2026-05-22,132.0,313,34.627,-0.620354664,0.035746485,-0.088605061,0.118194147,21,100.0,US.C,0.03141115799343644,"成交额 $507,899 ≥ 阈值 $500,000 | 成交量 807 手",US.C,2026-05-01 14:53:46
US.CAG260618P20000,CAG 260618 20.00P,14.35,915,528030.0,PUT,2026-06-18,20.0,677,0.0,0.0,0.0,0.0,0.0,48,100.0,US.CAG,0.3937282229965157,"成交额 $528,030 ≥ 阈值 $500,000 | 成交量 915 手",US.CAG,2026-05-01 14:54:23
US.CAH260618P230000,CAH 260618 230.00P,192.88,224,765348.0,PUT,2026-06-18,230.0,107,0.0,0.0,0.0,0.0,0.0,48,100.0,US.CAH,0.19245126503525511,"成交额 $765,348 ≥ 阈值 $500,000 | 成交量 224 手",US.CAH,2026-05-01 14:54:25
US.CAH260618P195000,CAH 260618 195.00P,192.88,680,662386.0,PUT,2026-06-18,195.0,2229,27.839,-0.508047785,0.020699702,-0.071834361,0.279732882,48,100.0,US.CAH,0.010991289921194549,"成交额 $662,386 ≥ 阈值 $500,000 | 成交量 680 手",US.CAH,2026-05-01 14:54:25
US.CARR260918C60000,CARR 260918 60.00C,67.17,2470,2327842.0,CALL,2026-09-18,60.0,3288,38.276,0.743059473,0.020205128,-0.022211473,0.134373761,140,100.0,US.CARR,0.10674408217954447,"成交额 $2,327,842 ≥ 阈值 $500,000 | 成交量 2,470 手",US.CARR,2026-05-01 14:54:26
US.CARR260618C75000,CARR 260618 75.00C,67.17,9293,1224219.0,CALL,2026-06-18,75.0,887,35.177,0.224395769,0.034740553,-0.027991762,0.073362413,48,100.0,US.CARR,-0.11656989727556942,"成交额 $1,224,219 ≥ 阈值 $500,000 | 成交量 9,293 手",US.CARR,2026-05-01 14:54:26
US.CARR260918C67500,CARR 260918 67.50C,67.17,1083,772041.0,CALL,2026-09-18,67.5,1486,35.053,0.559803288,0.026994623,-0.023669941,0.164427706,140,100.0,US.CARR,-0.00491290754801248,"成交额 $772,041 ≥ 阈值 $500,000 | 成交量 1,083 手",US.CARR,2026-05-01 14:54:26
US.CARR260618C65000,CARR 260618 65.00C,67.17,1128,609020.0,CALL,2026-06-18,65.0,3594,35.084,0.639939168,0.043519495,-0.037075476,0.091675272,48,100.0,US.CARR,0.03230608902783983,"成交额 $609,020 ≥ 阈值 $500,000 | 成交量 1,128 手",US.CARR,2026-05-01 14:54:26
US.CARR260618C80000,CARR 260618 80.00C,67.17,7668,503059.0,CALL,2026-06-18,80.0,2998,35.066,0.102982636,0.020866228,-0.016426498,0.043921172,48,100.0,US.CARR,-0.19100789042727406,"成交额 $503,059 ≥ 阈值 $500,000 | 成交量 7,668 手",US.CARR,2026-05-01 14:54:26
US.CF260717C110000,CF 260717 110.00C,124.2,1558,3330159.0,CALL,2026-07-17,110.0,9,54.318,0.739188195,0.010445988,-0.07237421,0.18601533,77,100.0,US.CF,0.11433172302737522,"成交额 $3,330,159 ≥ 阈值 $500,000 | 成交量 1,558 手",US.CF,2026-05-01 14:56:24
US.CF260618C135000,CF 260618 135.00C,124.2,2500,1617289.0,CALL,2026-06-18,135.0,1356,56.243,0.389637534,0.015052159,-0.10524123,0.173789878,48,100.0,US.CF,-0.0869565217391304,"成交额 $1,617,289 ≥ 阈值 $500,000 | 成交量 2,500 手",US.CF,2026-05-01 14:56:24
US.CF260508C120000,CF 260508 120.00C,124.2,604,524922.0,CALL,2026-05-08,120.0,286,81.31,0.640085138,0.025713792,-0.377975022,0.066931574,7,100.0,US.CF,0.03381642512077297,"成交额 $524,922 ≥ 阈值 $500,000 | 成交量 604 手",US.CF,2026-05-01 14:56:24
US.CF260618P125000,CF 260618 125.00P,124.2,567,504010.0,PUT,2026-06-18,125.0,455,54.1,-0.465540447,0.016311788,-0.094876706,0.179915999,48,100.0,US.CF,0.006441223832528157,"成交额 $504,010 ≥ 阈值 $500,000 | 成交量 567 手",US.CF,2026-05-01 14:56:24
US.CIEN260515P490000,CIEN 260515 490.00P,527.58,1614,3046405.0,PUT,2026-05-15,490.0,342,83.634,-0.296712389,0.003925633,-1.045253746,0.364681578,14,100.0,US.CIEN,-0.07123090337010508,"成交额 $3,046,405 ≥ 阈值 $500,000 | 成交量 1,614 手",US.CIEN,2026-05-01 14:58:20
US.CIEN260501C502500,CIEN 260501 502.50C,527.58,833,2166344.0,CALL,2026-05-01,502.5,835,144.489,0.810379054,0.008961754,-7.220697486,0.056729295,0,100.0,US.CIEN,0.04753781417036286,"成交额 $2,166,344 ≥ 阈值 $500,000 | 成交量 833 手",US.CIEN,2026-05-01 14:58:20
US.CIEN260515P507500,CIEN 260515 507.50P,527.58,800,2151200.0,PUT,2026-05-15,507.5,0,87.035,-0.375324012,0.004136803,-1.193483288,0.399827406,14,100.0,US.CIEN,-0.03806057849046598,"成交额 $2,151,200 ≥ 阈值 $500,000 | 成交量 800 手",US.CIEN,2026-05-01 14:58:20
US.CIEN260618C600000,CIEN 260618 600.00C,527.58,468,1699205.0,CALL,2026-06-18,600.0,62,90.852,0.417684536,0.002232806,-0.723398075,0.75140474,48,100.0,US.CIEN,-0.13726828158762644,"成交额 $1,699,205 ≥ 阈值 $500,000 | 成交量 468 手",US.CIEN,2026-05-01 14:58:20
US.CIEN260515C565000,CIEN 260515 565.00C,527.58,801,1425920.0,CALL,2026-05-15,565.0,7,81.923,0.371496485,0.004377412,-1.153981277,0.398563494,14,100.0,US.CIEN,-0.07092763182834823,"成交额 $1,425,920 ≥ 阈值 $500,000 | 成交量 801 手",US.CIEN,2026-05-01 14:58:20
US.CIEN260717C570000,CIEN 260717 570.00C,527.58,200,1300620.0,CALL,2026-07-17,570.0,81,87.469,0.511551718,0.001874434,-0.56851157,0.969902642,77,100.0,US.CIEN,-0.08040486750824512,"成交额 $1,300,620 ≥ 阈值 $500,000 | 成交量 200 手",US.CIEN,2026-05-01 14:58:20
US.CIEN260508C500000,CIEN 260508 500.00C,527.58,319,1023372.0,CALL,2026-05-08,500.0,30,90.639,0.685190524,0.005155498,-1.694001772,0.269911459,7,100.0,US.CIEN,0.052276432010311305,"成交额 $1,023,372 ≥ 阈值 $500,000 | 成交量 319 手",US.CIEN,2026-05-01 14:58:20
US.CIEN260501C470000,CIEN 260501 470.00C,527.58,257,886701.0,CALL,2026-05-01,470.0,322,204.243,0.928870904,0.003179603,-4.958627667,0.02845132,0,100.0,US.CIEN,0.10913984608969263,"成交额 $886,701 ≥ 阈值 $500,000 | 成交量 257 手",US.CIEN,2026-05-01 14:58:20
US.CIEN260515C550000,CIEN 260515 550.00C,527.58,402,886671.0,CALL,2026-05-15,550.0,247,83.465,0.43744409,0.004477988,-1.22968988,0.415397403,14,100.0,US.CIEN,-0.04249592478865756,"成交额 $886,671 ≥ 阈值 $500,000 | 成交量 402 手",US.CIEN,2026-05-01 14:58:20
US.CIEN260501C475000,CIEN 260501 475.00C,527.58,248,793798.0,CALL,2026-05-01,475.0,386,191.325,0.922458172,0.003625569,-4.977476148,0.030389966,0,100.0,US.CIEN,0.09966261040979574,"成交额 $793,798 ≥ 阈值 $500,000 | 成交量 248 手",US.CIEN,2026-05-01 14:58:20
US.CIEN260508C535000,CIEN 260508 535.00C,527.58,257,594325.0,CALL,2026-05-08,535.0,29,89.063,0.484510143,0.005889317,-1.866737987,0.302971296,7,100.0,US.CIEN,-0.014064217748966903,"成交额 $594,325 ≥ 阈值 $500,000 | 成交量 257 手",US.CIEN,2026-05-01 14:58:20
US.CLX260515P100000,CLX 260515 100.00P,96.44,1629,846937.0,PUT,2026-05-15,100.0,5800,43.668,-0.640225779,0.044762845,-0.10363344,0.071997695,14,100.0,US.CLX,0.03691414350891749,"成交额 $846,937 ≥ 阈值 $500,000 | 成交量 1,629 手",US.CLX,2026-05-01 14:59:00
US.CMG260717P35000,CMG 260717 35.00P,33.99,10047,2752765.0,PUT,2026-07-17,35.0,3991,36.764,-0.521777742,0.0704812,-0.013138543,0.062213434,77,100.0,US.CMG,0.029714621947631595,"成交额 $2,752,765 ≥ 阈值 $500,000 | 成交量 10,047 手",US.CMG,2026-05-01 14:59:39
US.CMG260717P32500,CMG 260717 32.50P,33.99,8219,1318403.0,PUT,2026-07-17,32.5,4912,37.997,-0.351571084,0.062775132,-0.013112346,0.058046998,77,100.0,US.CMG,-0.04383642247719923,"成交额 $1,318,403 ≥ 阈值 $500,000 | 成交量 8,219 手",US.CMG,2026-05-01 14:59:39
US.CMG260618P45000,CMG 260618 45.00P,33.99,776,871310.0,PUT,2026-06-18,45.0,2017,44.968,-0.97187888,0.027266718,-0.002275057,0.00717757,48,100.0,US.CMG,0.3239187996469549,"成交额 $871,310 ≥ 阈值 $500,000 | 成交量 776 手",US.CMG,2026-05-01 14:59:39
US.CMI260618P680000,CMI 260618 680.00P,671.01,248,1067329.0,PUT,2026-06-18,680.0,1,40.047,-0.496629568,0.004109663,-0.372216834,0.974824645,48,100.0,US.CMI,0.01339771389398073,"成交额 $1,067,329 ≥ 阈值 $500,000 | 成交量 248 手",US.CMI,2026-05-01 14:59:41
US.COHR260508C305000,COHR 260508 305.00C,319.71,368,990424.0,CALL,2026-05-08,305.0,165,135.672,0.634040014,0.00602053,-1.620804299,0.173270347,7,100.0,US.COHR,0.046010446967564296,"成交额 $990,424 ≥ 阈值 $500,000 | 成交量 368 手",US.COHR,2026-05-01 15:01:00
US.COHR260501P320000,COHR 260501 320.00P,319.71,488,726165.0,PUT,2026-05-01,320.0,996,131.589,-0.496088732,0.023893855,-5.929405261,0.050616711,0,100.0,US.COHR,0.0009070720340309045,"成交额 $726,165 ≥ 阈值 $500,000 | 成交量 488 手",US.COHR,2026-05-01 15:01:00
US.COHR260501P330000,COHR 260501 330.00P,319.71,277,585130.0,PUT,2026-05-01,330.0,626,124.343,-0.731127789,0.020918808,-4.571742769,0.041864069,0,100.0,US.COHR,0.03218541803509437,"成交额 $585,130 ≥ 阈值 $500,000 | 成交量 277 手",US.COHR,2026-05-01 15:01:00
US.COHR260501C305000,COHR 260501 305.00C,319.71,450,570647.0,CALL,2026-05-01,305.0,342,126.775,0.832092325,0.01560678,-3.545644182,0.03185355,0,100.0,US.COHR,0.046010446967564296,"成交额 $570,647 ≥ 阈值 $500,000 | 成交量 450 手",US.COHR,2026-05-01 15:01:00
US.COHR260501C310000,COHR 260501 310.00C,319.71,633,502220.0,CALL,2026-05-01,310.0,385,123.412,0.743879942,0.020553246,-4.473363525,0.040836795,0,100.0,US.COHR,0.030371273967032562,"成交额 $502,220 ≥ 阈值 $500,000 | 成交量 633 手",US.COHR,2026-05-01 15:01:00
US.COP260515C130000,COP 260515 130.00C,125.78,3233,678453.0,CALL,2026-05-15,130.0,5307,33.187,0.329031524,0.043363227,-0.108785402,0.090908851,14,100.0,US.COP,-0.033550643981555085,"成交额 $678,453 ≥ 阈值 $500,000 | 成交量 3,233 手",US.COP,2026-05-01 15:01:39
US.CVNA260717C460000,CVNA 260717 460.00C,395.8,8037,16972150.0,CALL,2026-07-17,460.0,492,59.727,0.351884792,0.00340529,-0.272903995,0.677154521,77,100.0,US.CVNA,-0.1622031328954017,"成交额 $16,972,150 ≥ 阈值 $500,000 | 成交量 8,037 手",US.CVNA,2026-05-01 15:03:40
US.CVNA260501P400000,CVNA 260501 400.00P,395.8,10621,14650921.0,PUT,2026-05-01,400.0,10135,108.134,-0.588381576,0.022922408,-5.869725709,0.061090062,0,100.0,US.CVNA,0.010611419909044944,"成交额 $14,650,921 ≥ 阈值 $500,000 | 成交量 10,621 手",US.CVNA,2026-05-01 15:03:40
US.CVNA260501P390000,CVNA 260501 390.00P,395.8,7667,7289113.0,PUT,2026-05-01,390.0,6323,119.023,-0.367885794,0.02016776,-6.261551153,0.059167408,0,100.0,US.CVNA,-0.01465386558868118,"成交额 $7,289,113 ≥ 阈值 $500,000 | 成交量 7,667 手",US.CVNA,2026-05-01 15:03:40
US.CVNA260717C530000,CVNA 260717 530.00C,395.8,6050,5205741.0,CALL,2026-07-17,530.0,26,57.684,0.174653722,0.002445935,-0.180521442,0.469716913,77,100.0,US.CVNA,-0.33906013137948454,"成交额 $5,205,741 ≥ 阈值 $500,000 | 成交量 6,050 手",US.CVNA,2026-05-01 15:03:40
US.CVNA260501P370000,CVNA 260501 370.00P,395.8,4204,1937338.0,PUT,2026-05-01,370.0,2273,142.347,-0.110665933,0.008450163,-3.625502269,0.029649388,0,100.0,US.CVNA,-0.06518443658413343,"成交额 $1,937,338 ≥ 阈值 $500,000 | 成交量 4,204 手",US.CVNA,2026-05-01 15:03:40
US.CVNA260501P360000,CVNA 260501 360.00P,395.8,5964,1624303.0,PUT,2026-05-01,360.0,8524,163.962,-0.067974474,0.00509909,-2.849871353,0.02060832,0,100.0,US.CVNA,-0.09044972208185956,"成交额 $1,624,303 ≥ 阈值 $500,000 | 成交量 5,964 手",US.CVNA,2026-05-01 15:03:40
US.CVNA260717C540000,CVNA 260717 540.00C,395.8,2084,1492499.0,CALL,2026-07-17,540.0,286,56.23,0.149393831,0.002266299,-0.158708945,0.424242633,77,100.0,US.CVNA,-0.36432541687721065,"成交额 $1,492,499 ≥ 阈值 $500,000 | 成交量 2,084 手",US.CVNA,2026-05-01 15:03:40
US.CVNA260501P340000,CVNA 260501 340.00P,395.8,15385,1312130.0,PUT,2026-05-01,340.0,433,203.839,-0.027395002,0.001971403,-1.641489839,0.009905535,0,100.0,US.CVNA,-0.1409802930773118,"成交额 $1,312,130 ≥ 阈值 $500,000 | 成交量 15,385 手",US.CVNA,2026-05-01 15:03:40
US.CVNA260501C385000,CVNA 260501 385.00C,395.8,1437,1286643.0,CALL,2026-05-01,385.0,171,125.31,0.719910871,0.017112653,-5.896396693,0.052858228,0,100.0,US.CVNA,0.027286508337544244,"成交额 $1,286,643 ≥ 阈值 $500,000 | 成交量 1,437 手",US.CVNA,2026-05-01 15:03:40
US.CVNA260508P415000,CVNA 260508 415.00P,395.8,354,1024137.0,PUT,2026-05-08,415.0,50,67.169,-0.668187858,0.009504302,-0.915195827,0.206849892,7,100.0,US.CVNA,0.04850934815563413,"成交额 $1,024,137 ≥ 阈值 $500,000 | 成交量 354 手",US.CVNA,2026-05-01 15:03:40
US.CVNA260508C400000,CVNA 260508 400.00C,395.8,761,945638.0,CALL,2026-05-08,400.0,145,72.332,0.483257603,0.009664849,-1.140769964,0.227262662,7,100.0,US.CVNA,-0.010611419909044944,"成交额 $945,638 ≥ 阈值 $500,000 | 成交量 761 手",US.CVNA,2026-05-01 15:03:40
US.CVNA260618P350000,CVNA 260618 350.00P,395.8,417,849902.0,PUT,2026-06-18,350.0,4337,64.442,-0.25480535,0.003455077,-0.298102453,0.463333751,48,100.0,US.CVNA,-0.11571500757958568,"成交额 $849,902 ≥ 阈值 $500,000 | 成交量 417 手",US.CVNA,2026-05-01 15:03:40
US.CVNA260501P385000,CVNA 260501 385.00P,395.8,1105,846624.0,PUT,2026-05-01,385.0,581,119.34,-0.271173066,0.017685497,-5.486186581,0.052023725,0,100.0,US.CVNA,-0.027286508337544244,"成交额 $846,624 ≥ 阈值 $500,000 | 成交量 1,105 手",US.CVNA,2026-05-01 15:03:40
US.CVNA260515P377500,CVNA 260515 377.50P,395.8,530,771147.0,PUT,2026-05-15,377.5,4,66.528,-0.332610098,0.00690968,-0.652659464,0.287277345,14,100.0,US.CVNA,-0.04623547246083883,"成交额 $771,147 ≥ 阈值 $500,000 | 成交量 530 手",US.CVNA,2026-05-01 15:03:40
US.CVNA260501C397500,CVNA 260501 397.50C,395.8,844,701733.0,CALL,2026-05-01,397.5,574,123.24,0.475257176,0.020578529,-6.900651717,0.062514224,0,100.0,US.CVNA,-0.004295098534613412,"成交额 $701,733 ≥ 阈值 $500,000 | 成交量 844 手",US.CVNA,2026-05-01 15:03:40
US.CVNA260501P380000,CVNA 260501 380.00P,395.8,1157,624434.0,PUT,2026-05-01,380.0,416,130.412,-0.2076952,0.013984626,-5.143674233,0.044954099,0,100.0,US.CVNA,-0.039919151086407305,"成交额 $624,434 ≥ 阈值 $500,000 | 成交量 1,157 手",US.CVNA,2026-05-01 15:03:40
US.CVNA260501P365000,CVNA 260501 365.00P,395.8,3813,592523.0,PUT,2026-05-01,365.0,2870,148.516,-0.07993032,0.006371564,-2.93950682,0.023325098,0,100.0,US.CVNA,-0.07781707933299649,"成交额 $592,523 ≥ 阈值 $500,000 | 成交量 3,813 手",US.CVNA,2026-05-01 15:03:40
US.CVNA260515C400000,CVNA 260515 400.00C,395.8,341,590546.0,CALL,2026-05-15,400.0,1382,67.365,0.499862091,0.00748766,-0.759881148,0.315524592,14,100.0,US.CVNA,-0.010611419909044944,"成交额 $590,546 ≥ 阈值 $500,000 | 成交量 341 手",US.CVNA,2026-05-01 15:03:40
US.CVNA260501C390000,CVNA 260501 390.00C,395.8,869,585243.0,CALL,2026-05-01,390.0,429,125.815,0.626233024,0.019176623,-6.69381225,0.059472258,0,100.0,US.CVNA,0.01465386558868118,"成交额 $585,243 ≥ 阈值 $500,000 | 成交量 869 手",US.CVNA,2026-05-01 15:03:40
US.CVNA260508C385000,CVNA 260508 385.00C,395.8,346,544691.0,CALL,2026-05-08,385.0,7,71.944,0.627798488,0.009222161,-1.0806044,0.215688263,7,100.0,US.CVNA,0.027286508337544244,"成交额 $544,691 ≥ 阈值 $500,000 | 成交量 346 手",US.CVNA,2026-05-01 15:03:40
US.CVNA260717C450000,CVNA 260717 450.00C,395.8,205,542749.0,CALL,2026-07-17,450.0,3390,60.308,0.384054579,0.003471062,-0.284203135,0.696962539,77,100.0,US.CVNA,-0.13693784739767556,"成交额 $542,749 ≥ 阈值 $500,000 | 成交量 205 手",US.CVNA,2026-05-01 15:03:40
US.CVNA260508C390000,CVNA 260508 390.00C,395.8,349,522137.0,CALL,2026-05-08,390.0,55,70.891,0.580427861,0.009668658,-1.099981192,0.222824406,7,100.0,US.CVNA,0.01465386558868118,"成交额 $522,137 ≥ 阈值 $500,000 | 成交量 349 手",US.CVNA,2026-05-01 15:03:40
US.CVNA260501C400000,CVNA 260501 400.00C,395.8,1228,519600.0,CALL,2026-05-01,400.0,615,111.446,0.414736563,0.022277479,-6.100594849,0.061198593,0,100.0,US.CVNA,-0.010611419909044944,"成交额 $519,600 ≥ 阈值 $500,000 | 成交量 1,228 手",US.CVNA,2026-05-01 15:03:40
US.CVNA260508P390000,CVNA 260508 390.00P,395.8,299,507053.0,PUT,2026-05-08,390.0,72,69.376,-0.418909951,0.009883028,-1.038813642,0.222720057,7,100.0,US.CVNA,-0.01465386558868118,"成交额 $507,053 ≥ 阈值 $500,000 | 成交量 299 手",US.CVNA,2026-05-01 15:03:40
US.CVS260515C77500,CVS 260515 77.50C,83.29,3120,2019342.0,CALL,2026-05-15,77.5,8190,45.147,0.805052951,0.036686162,-0.07752777,0.045874012,14,100.0,US.CVS,0.06951614839716659,"成交额 $2,019,342 ≥ 阈值 $500,000 | 成交量 3,120 手",US.CVS,2026-05-01 15:04:17
US.DE260618C570000,DE 260618 570.00C,589.87,501,2134925.0,CALL,2026-06-18,570.0,583,38.075,0.637169879,0.004578419,-0.350887059,0.807185509,48,100.0,US.DE,0.033685388305897915,"成交额 $2,134,925 ≥ 阈值 $500,000 | 成交量 501 手",US.DE,2026-05-01 15:04:59
US.DELL260918C150000,DELL 260918 150.00C,208.95,1517,9843684.0,CALL,2026-09-18,150.0,2816,59.051,0.869880261,0.002764378,-0.069097379,0.274465825,140,100.0,US.DELL,0.28212491026561376,"成交额 $9,843,684 ≥ 阈值 $500,000 | 成交量 1,517 手",US.DELL,2026-05-01 15:05:39
US.DELL260717C210000,DELL 260717 210.00C,208.95,1094,2405843.0,CALL,2026-07-17,210.0,2168,59.839,0.558715536,0.006845887,-0.156401901,0.380125924,77,100.0,US.DELL,-0.005025125628140758,"成交额 $2,405,843 ≥ 阈值 $500,000 | 成交量 1,094 手",US.DELL,2026-05-01 15:05:39
US.DELL260918P130000,DELL 260918 130.00P,208.95,3176,1131955.0,PUT,2026-09-18,130.0,5892,65.388,-0.080183918,0.001757728,-0.043160396,0.193131613,140,100.0,US.DELL,-0.37784158889686525,"成交额 $1,131,955 ≥ 阈值 $500,000 | 成交量 3,176 手",US.DELL,2026-05-01 15:05:39
US.DELL260515P210000,DELL 260515 210.00P,208.95,695,866389.0,PUT,2026-05-15,210.0,171,55.681,-0.491196655,0.017193669,-0.313513974,0.166468636,14,100.0,US.DELL,0.005025125628140758,"成交额 $866,389 ≥ 阈值 $500,000 | 成交量 695 手",US.DELL,2026-05-01 15:05:39
US.DELL260508P205000,DELL 260508 205.00P,208.95,877,524669.0,PUT,2026-05-08,205.0,110,56.582,-0.388393713,0.022517333,-0.437229817,0.115335129,7,100.0,US.DELL,-0.018904044029672117,"成交额 $524,669 ≥ 阈值 $500,000 | 成交量 877 手",US.DELL,2026-05-01 15:05:39
US.DG260515P140000,DG 260515 140.00P,115.88,360,859880.0,PUT,2026-05-15,140.0,100,51.376,-0.971885367,0.008132524,-0.018504164,0.014293618,14,100.0,US.DG,0.20814635830169145,"成交额 $859,880 ≥ 阈值 $500,000 | 成交量 360 手",US.DG,2026-05-01 15:06:17
US.DG260515P145000,DG 260515 145.00P,115.88,210,596670.0,PUT,2026-05-15,145.0,58,66.177,-0.952955077,0.007591952,-0.041338195,0.022353302,14,100.0,US.DG,0.25129444252675187,"成交额 $596,670 ≥ 阈值 $500,000 | 成交量 210 手",US.DG,2026-05-01 15:06:17
US.DG260515P135000,DG 260515 135.00P,115.88,340,593480.0,PUT,2026-05-15,135.0,127,45.78,-0.954773936,0.011546012,-0.026134088,0.02142292,14,100.0,US.DG,0.16499827407663104,"成交额 $593,480 ≥ 阈值 $500,000 | 成交量 340 手",US.DG,2026-05-01 15:06:17
US.DHR260618P230000,DHR 260618 230.00P,178.95,327,1628930.0,PUT,2026-06-18,230.0,231,0.0,0.0,0.0,0.0,0.0,48,100.0,US.DHR,0.2852752165409333,"成交额 $1,628,930 ≥ 阈值 $500,000 | 成交量 327 手",US.DHR,2026-05-01 15:06:57
US.DHR260618P220000,DHR 260618 220.00P,178.95,220,870870.0,PUT,2026-06-18,220.0,48,0.0,0.0,0.0,0.0,0.0,48,100.0,US.DHR,0.22939368538697968,"成交额 $870,870 ≥ 阈值 $500,000 | 成交量 220 手",US.DHR,2026-05-01 15:06:57
US.DOW260618C40000,DOW 260618 40.00C,40.49,2409,742411.0,CALL,2026-06-18,40.0,10341,46.177,0.573450749,0.057494815,-0.029683071,0.057926009,48,100.0,US.DOW,0.012101753519387552,"成交额 $742,411 ≥ 阈值 $500,000 | 成交量 2,409 手",US.DOW,2026-05-01 15:08:15
US.DOW260515P40000,DOW 260515 40.00P,40.49,3140,511772.0,PUT,2026-05-15,40.0,3038,49.845,-0.426545853,0.097412309,-0.053502467,0.03171908,14,100.0,US.DOW,-0.012101753519387552,"成交额 $511,772 ≥ 阈值 $500,000 | 成交量 3,140 手",US.DOW,2026-05-01 15:08:15
US.DVN260515C52500,DVN 260515 52.50C,51.37,11105,1460729.0,CALL,2026-05-15,52.5,13084,45.213,0.428727138,0.084578904,-0.065593286,0.0402971,14,100.0,US.DVN,-0.021997274673934253,"成交额 $1,460,729 ≥ 阈值 $500,000 | 成交量 11,105 手",US.DVN,2026-05-01 15:09:36
US.EBAY260508C106000,EBAY 260508 106.00C,103.48,22631,4367292.0,CALL,2026-05-08,106.0,44,65.855,0.42142862,0.039845694,-0.265881002,0.058314736,7,100.0,US.EBAY,-0.024352531890220293,"成交额 $4,367,292 ≥ 阈值 $500,000 | 成交量 22,631 手",US.EBAY,2026-05-01 15:09:38
US.EL260618P75000,EL 260618 75.00P,76.71,1288,664625.0,PUT,2026-06-18,75.0,1684,55.162,-0.407750027,0.025257935,-0.058789829,0.108568935,48,100.0,US.EL,-0.022291748142354243,"成交额 $664,625 ≥ 阈值 $500,000 | 成交量 1,288 手",US.EL,2026-05-01 15:11:33
US.EOG260508C118000,EOG 260508 118.00C,140.57,236,523676.0,CALL,2026-05-08,118.0,0,0.0,0.0,0.0,0.0,0.0,7,100.0,US.EOG,0.16056057480258942,"成交额 $523,676 ≥ 阈值 $500,000 | 成交量 236 手",US.EOG,2026-05-01 15:12:15
US.EOG260508C119000,EOG 260508 119.00C,140.57,236,502283.0,CALL,2026-05-08,119.0,0,0.0,0.0,0.0,0.0,0.0,7,100.0,US.EOG,0.15344668136871306,"成交额 $502,283 ≥ 阈值 $500,000 | 成交量 236 手",US.EOG,2026-05-01 15:12:15
US.ETN260515C410000,ETN 260515 410.00C,433.01,256,760050.0,CALL,2026-05-15,410.0,560,46.699,0.741528569,0.008014333,-0.483182857,0.279387963,14,100.0,US.ETN,0.053139650354495256,"成交额 $760,050 ≥ 阈值 $500,000 | 成交量 256 手",US.ETN,2026-05-01 15:13:34
US.ETN260515C430000,ETN 260515 430.00C,433.01,356,553913.0,CALL,2026-05-15,430.0,869,45.807,0.554809287,0.009984376,-0.569832414,0.341439058,14,100.0,US.ETN,0.006951340615690148,"成交额 $553,913 ≥ 阈值 $500,000 | 成交量 356 手",US.ETN,2026-05-01 15:13:34
US.FCX260717C65000,FCX 260717 65.00C,57.78,6172,1544278.0,CALL,2026-07-17,65.0,13276,45.664,0.338117185,0.030066799,-0.030434316,0.097361952,77,100.0,US.FCX,-0.12495673243336793,"成交额 $1,544,278 ≥ 阈值 $500,000 | 成交量 6,172 手",US.FCX,2026-05-01 15:15:33
US.FCX260515P63000,FCX 260515 63.00P,57.78,1004,558845.0,PUT,2026-05-15,63.0,826,49.327,-0.794870226,0.050969091,-0.051533268,0.03268267,14,100.0,US.FCX,0.09034267912772584,"成交额 $558,845 ≥ 阈值 $500,000 | 成交量 1,004 手",US.FCX,2026-05-01 15:15:33
US.FDX260515C360000,FDX 260515 360.00C,403.31,201,847344.0,CALL,2026-05-15,360.0,627,31.998,0.966653916,0.002883555,-0.097712732,0.059766528,14,100.0,US.FDX,0.10738637772433117,"成交额 $847,344 ≥ 阈值 $500,000 | 成交量 201 手",US.FDX,2026-05-01 15:16:11
US.FDX260508C400000,FDX 260508 400.00C,403.31,1206,753398.0,CALL,2026-05-08,400.0,14,33.181,0.584108995,0.02028741,-0.537458999,0.225989731,7,100.0,US.FDX,0.00820708636036796,"成交额 $753,398 ≥ 阈值 $500,000 | 成交量 1,206 手",US.FDX,2026-05-01 15:16:11
US.FICO261120C1020000,FICO 261120 1020.00C,1025.0,210,3455891.0,CALL,2026-11-20,1020.0,1,61.192,0.61159406,0.000818127,-0.484333002,2.933584742,203,100.0,US.FICO,0.004878048780487805,"成交额 $3,455,891 ≥ 阈值 $500,000 | 成交量 210 手",US.FICO,2026-05-01 15:17:28
US.FICO261120C1120000,FICO 261120 1120.00C,1025.0,210,2524042.0,CALL,2026-11-20,1120.0,1,59.454,0.5270912,0.000874541,-0.484041806,3.046801015,203,100.0,US.FICO,-0.09268292682926829,"成交额 $2,524,042 ≥ 阈值 $500,000 | 成交量 210 手",US.FICO,2026-05-01 15:17:28
US.FICO260515P1000000,FICO 260515 1000.00P,1025.0,456,2490087.0,PUT,2026-05-15,1000.0,343,68.316,-0.397808309,0.002763938,-1.845032651,0.788887495,14,100.0,US.FICO,-0.024390243902439025,"成交额 $2,490,087 ≥ 阈值 $500,000 | 成交量 456 手",US.FICO,2026-05-01 15:17:28
US.FIX260515C1680000,FIX 260515 1680.00C,1840.25,201,3878590.0,CALL,2026-05-15,1680.0,218,62.85,0.788343484,0.00125452,-2.443679392,1.063123608,14,100.0,US.FIX,0.0870805597065616,"成交额 $3,878,590 ≥ 阈值 $500,000 | 成交量 201 手",US.FIX,2026-05-01 15:18:11
US.FIX260515P1700000,FIX 260515 1700.00P,1840.25,434,1398794.0,PUT,2026-05-15,1700.0,37,59.303,-0.229456379,0.001393198,-2.252200948,1.113330908,14,100.0,US.FIX,-0.07621247113163972,"成交额 $1,398,794 ≥ 阈值 $500,000 | 成交量 434 手",US.FIX,2026-05-01 15:18:11
US.FIX260515P1760000,FIX 260515 1760.00P,1840.25,212,1054200.0,PUT,2026-05-15,1760.0,11,57.936,-0.324508875,0.001692175,-2.613092739,1.320531338,14,100.0,US.FIX,-0.043608205406874066,"成交额 $1,054,200 ≥ 阈值 $500,000 | 成交量 212 手",US.FIX,2026-05-01 15:18:11
US.FIX260515C1960000,FIX 260515 1960.00C,1840.25,204,785210.0,CALL,2026-05-15,1960.0,13,56.07,0.310436387,0.001714511,-2.583077878,1.296220544,14,100.0,US.FIX,-0.06507268034234479,"成交额 $785,210 ≥ 阈值 $500,000 | 成交量 204 手",US.FIX,2026-05-01 15:18:11
US.FSLR260515P200000,FSLR 260515 200.00P,201.89,1238,1484963.0,PUT,2026-05-15,200.0,4166,71.21,-0.44178449,0.013776099,-0.38732719,0.158967331,14,100.0,US.FSLR,-0.009361533508346061,"成交额 $1,484,963 ≥ 阈值 $500,000 | 成交量 1,238 手",US.FSLR,2026-05-01 15:18:51
US.FSLR260501C215000,FSLR 260501 215.00C,201.89,3905,1007768.0,CALL,2026-05-01,215.0,438,262.64,0.282224151,0.016678916,-6.52911401,0.02606618,0,100.0,US.FSLR,-0.06493635147852798,"成交额 $1,007,768 ≥ 阈值 $500,000 | 成交量 3,905 手",US.FSLR,2026-05-01 15:18:51
US.FSLR260618P210000,FSLR 260618 210.00P,201.89,279,642838.0,PUT,2026-06-18,210.0,1380,56.661,-0.527479378,0.009617689,-0.160894102,0.29266515,48,100.0,US.FSLR,0.040170389816236635,"成交额 $642,838 ≥ 阈值 $500,000 | 成交量 279 手",US.FSLR,2026-05-01 15:18:51
US.FSLR260515C220000,FSLR 260515 220.00C,201.89,1382,635429.0,CALL,2026-05-15,220.0,9832,72.195,0.303533504,0.012017949,-0.359237387,0.14080324,14,100.0,US.FSLR,-0.08970231314081933,"成交额 $635,429 ≥ 阈值 $500,000 | 成交量 1,382 手",US.FSLR,2026-05-01 15:18:51
US.FSLR260501C205000,FSLR 260501 205.00C,201.89,934,543282.0,CALL,2026-05-01,205.0,352,257.409,0.457903787,0.019979459,-7.590323709,0.030602549,0,100.0,US.FSLR,-0.015404428153945287,"成交额 $543,282 ≥ 阈值 $500,000 | 成交量 934 手",US.FSLR,2026-05-01 15:18:51
US.GE260515C300000,GE 260515 300.00C,289.93,6539,3433777.0,CALL,2026-05-15,300.0,13238,39.113,0.352002523,0.016402267,-0.302655748,0.214721376,14,100.0,US.GE,-0.03473252164315522,"成交额 $3,433,777 ≥ 阈值 $500,000 | 成交量 6,539 手",US.GE,2026-05-01 15:20:09
US.GE260515C310000,GE 260515 310.00C,289.93,6452,1844185.0,CALL,2026-05-15,310.0,5403,37.991,0.204419292,0.012904957,-0.22078607,0.164068255,14,100.0,US.GE,-0.06922360569792706,"成交额 $1,844,185 ≥ 阈值 $500,000 | 成交量 6,452 手",US.GE,2026-05-01 15:20:09
US.GE260918C290000,GE 260918 290.00C,289.93,274,786422.0,CALL,2026-09-18,290.0,1154,37.828,0.569791515,0.005772189,-0.108835114,0.706693498,140,100.0,US.GE,-0.00024143758838337934,"成交额 $786,422 ≥ 阈值 $500,000 | 成交量 274 手",US.GE,2026-05-01 15:20:09
US.GE260618C300000,GE 260618 300.00C,289.93,647,733174.0,CALL,2026-06-18,300.0,1982,36.018,0.437402054,0.010347334,-0.16678405,0.416560789,48,100.0,US.GE,-0.03473252164315522,"成交额 $733,174 ≥ 阈值 $500,000 | 成交量 647 手",US.GE,2026-05-01 15:20:09
US.GE260508C310000,GE 260508 310.00C,289.93,6057,721191.0,CALL,2026-05-08,310.0,96,39.936,0.130329256,0.012739242,-0.2339529,0.088248405,7,100.0,US.GE,-0.06922360569792706,"成交额 $721,191 ≥ 阈值 $500,000 | 成交量 6,057 手",US.GE,2026-05-01 15:20:09
US.GEV260501C1020000,GEV 260501 1020.00C,1083.46,2515,16167718.0,CALL,2026-05-01,1020.0,65,111.599,0.924723968,0.00307159,-6.07761209,0.058782784,0,100.0,US.GEV,0.05857161316522994,"成交额 $16,167,718 ≥ 阈值 $500,000 | 成交量 2,515 手",US.GEV,2026-05-01 15:20:48
US.GEV260501C1022500,GEV 260501 1022.50C,1083.46,2511,15544319.0,CALL,2026-05-01,1022.5,4,105.564,0.9274034,0.003158489,-5.591543816,0.057177006,0,100.0,US.GEV,0.056264190648478055,"成交额 $15,544,319 ≥ 阈值 $500,000 | 成交量 2,511 手",US.GEV,2026-05-01 15:20:48
US.GEV260618C930000,GEV 260618 930.00C,1083.46,206,3720884.0,CALL,2026-06-18,930.0,54,52.548,0.820703501,0.001260819,-0.631553155,1.03404493,48,100.0,US.GEV,0.1416388237682979,"成交额 $3,720,884 ≥ 阈值 $500,000 | 成交量 206 手",US.GEV,2026-05-01 15:20:48
US.GLW260515C170000,GLW 260515 170.00C,164.24,3208,1419489.0,CALL,2026-05-15,170.0,5457,72.138,0.437442628,0.016666726,-0.332325525,0.12913105,14,100.0,US.GLW,-0.035070628348757855,"成交额 $1,419,489 ≥ 阈值 $500,000 | 成交量 3,208 手",US.GLW,2026-05-01 15:21:29
US.GLW260821C160000,GLW 260821 160.00C,164.24,570,1360399.0,CALL,2026-08-21,160.0,2647,66.656,0.61254002,0.006299979,-0.111013204,0.34924163,112,100.0,US.GLW,0.025815879201169074,"成交额 $1,360,399 ≥ 阈值 $500,000 | 成交量 570 手",US.GLW,2026-05-01 15:21:29
US.GLW260508C155000,GLW 260508 155.00C,164.24,727,842096.0,CALL,2026-05-08,155.0,248,82.852,0.709624017,0.017521013,-0.466707718,0.080812396,7,100.0,US.GLW,0.05625913297613254,"成交额 $842,096 ≥ 阈值 $500,000 | 成交量 727 手",US.GLW,2026-05-01 15:21:29
US.GLW260717C150000,GLW 260717 150.00C,164.24,373,718543.0,CALL,2026-07-17,150.0,224,65.005,0.683758293,0.007231342,-0.121715493,0.269349417,77,100.0,US.GLW,0.08670238675109601,"成交额 $718,543 ≥ 阈值 $500,000 | 成交量 373 手",US.GLW,2026-05-01 15:21:29
US.GLW260508C157500,GLW 260508 157.50C,164.24,604,528824.0,CALL,2026-05-08,157.5,68,82.046,0.663050117,0.018862163,-0.493462324,0.086151771,7,100.0,US.GLW,0.04103750608865081,"成交额 $528,824 ≥ 阈值 $500,000 | 成交量 604 手",US.GLW,2026-05-01 15:21:29
US.HCA260515P500000,HCA 260515 500.00P,434.45,541,3344390.0,PUT,2026-05-15,500.0,180,0.0,0.0,0.0,0.0,0.0,14,100.0,US.HCA,0.1508804235239959,"成交额 $3,344,390 ≥ 阈值 $500,000 | 成交量 541 手",US.HCA,2026-05-01 15:24:07
US.HCA260515P490000,HCA 260515 490.00P,434.45,610,3159840.0,PUT,2026-05-15,490.0,502,0.0,0.0,0.0,0.0,0.0,14,100.0,US.HCA,0.12786281505351596,"成交额 $3,159,840 ≥ 阈值 $500,000 | 成交量 610 手",US.HCA,2026-05-01 15:24:07
US.HOOD260515P140000,HOOD 260515 140.00P,72.89,7287,48437520.0,PUT,2026-05-15,140.0,3762,164.762,-0.969232214,0.003455946,-0.046410186,0.009967274,14,100.0,US.HOOD,0.9207024283166415,"成交额 $48,437,520 ≥ 阈值 $500,000 | 成交量 7,287 手",US.HOOD,2026-05-01 15:25:26
US.HOOD260501P90000,HOOD 260501 90.00P,72.89,4589,7908708.0,PUT,2026-05-01,90.0,1396,0.0,0.0,0.0,0.0,0.0,0,100.0,US.HOOD,0.2347372753464124,"成交额 $7,908,708 ≥ 阈值 $500,000 | 成交量 4,589 手",US.HOOD,2026-05-01 15:25:26
US.HOOD260501P85000,HOOD 260501 85.00P,72.89,4504,5232848.0,PUT,2026-05-01,85.0,1724,0.0,0.0,0.0,0.0,0.0,0,100.0,US.HOOD,0.1661407600493895,"成交额 $5,232,848 ≥ 阈值 $500,000 | 成交量 4,504 手",US.HOOD,2026-05-01 15:25:26
US.HOOD260717C90000,HOOD 260717 90.00C,72.89,10280,3153239.0,CALL,2026-07-17,90.0,3804,59.565,0.273346831,0.016625037,-0.044674523,0.111754255,77,100.0,US.HOOD,-0.2347372753464124,"成交额 $3,153,239 ≥ 阈值 $500,000 | 成交量 10,280 手",US.HOOD,2026-05-01 15:25:26
US.HOOD260515P70000,HOOD 260515 70.00P,72.89,11271,2349572.0,PUT,2026-05-15,70.0,15952,59.984,-0.341249654,0.042095247,-0.109381774,0.053357079,14,100.0,US.HOOD,-0.03964878584167925,"成交额 $2,349,572 ≥ 阈值 $500,000 | 成交量 11,271 手",US.HOOD,2026-05-01 15:25:26
US.HOOD260515P110000,HOOD 260515 110.00P,72.89,644,2315380.0,PUT,2026-05-15,110.0,267,94.743,-0.989088048,0.004258676,-0.008499921,0.003914509,14,100.0,US.HOOD,0.509123336534504,"成交额 $2,315,380 ≥ 阈值 $500,000 | 成交量 644 手",US.HOOD,2026-05-01 15:25:26
US.HOOD260501C71000,HOOD 260501 71.00C,72.89,6767,1768385.0,CALL,2026-05-01,71.0,8011,96.584,0.76773202,0.113440936,-0.785127938,0.008507675,0,100.0,US.HOOD,0.02592948278227467,"成交额 $1,768,385 ≥ 阈值 $500,000 | 成交量 6,767 手",US.HOOD,2026-05-01 15:25:26
US.HOOD260618C75000,HOOD 260618 75.00C,72.89,3002,1735642.0,CALL,2026-06-18,75.0,6055,59.163,0.499184675,0.025369464,-0.068035663,0.106035262,48,100.0,US.HOOD,-0.02894772945534366,"成交额 $1,735,642 ≥ 阈值 $500,000 | 成交量 3,002 手",US.HOOD,2026-05-01 15:25:26
US.HOOD260501P86000,HOOD 260501 86.00P,72.89,1277,1661371.0,PUT,2026-05-01,86.0,437,208.532,-0.97920431,0.00871659,-0.242602126,0.001393432,0,100.0,US.HOOD,0.17986006310879407,"成交额 $1,661,371 ≥ 阈值 $500,000 | 成交量 1,277 手",US.HOOD,2026-05-01 15:25:26
US.HOOD260515C75000,HOOD 260515 75.00C,72.89,5278,1430245.0,CALL,2026-05-15,75.0,7238,59.805,0.433546584,0.045225474,-0.122583429,0.057217829,14,100.0,US.HOOD,-0.02894772945534366,"成交额 $1,430,245 ≥ 阈值 $500,000 | 成交量 5,278 手",US.HOOD,2026-05-01 15:25:26
US.HOOD260501C73000,HOOD 260501 73.00C,72.89,12213,1385606.0,CALL,2026-05-01,73.0,3731,88.737,0.489658136,0.161280817,-0.952049461,0.011113139,0,100.0,US.HOOD,-0.0015091233365344963,"成交额 $1,385,606 ≥ 阈值 $500,000 | 成交量 12,213 手",US.HOOD,2026-05-01 15:25:26
US.HOOD260618P130000,HOOD 260618 130.00P,72.89,234,1375920.0,PUT,2026-06-18,130.0,104,82.93,-0.979550217,0.005379228,-0.007250862,0.011917453,48,100.0,US.HOOD,0.7835093977225956,"成交额 $1,375,920 ≥ 阈值 $500,000 | 成交量 234 手",US.HOOD,2026-05-01 15:25:26
US.HOOD260515P115000,HOOD 260515 115.00P,72.89,310,1267900.0,PUT,2026-05-15,115.0,223,115.519,-0.973302803,0.004694234,-0.027668478,0.008789866,14,100.0,US.HOOD,0.577719851831527,"成交额 $1,267,900 ≥ 阈值 $500,000 | 成交量 310 手",US.HOOD,2026-05-01 15:25:26
US.HOOD260508C75000,HOOD 260508 75.00C,72.89,7553,1256905.0,CALL,2026-05-08,75.0,1780,60.497,0.391174938,0.06061468,-0.169200618,0.040211528,7,100.0,US.HOOD,-0.02894772945534366,"成交额 $1,256,905 ≥ 阈值 $500,000 | 成交量 7,553 手",US.HOOD,2026-05-01 15:25:26
US.HOOD260515P130000,HOOD 260515 130.00P,72.89,220,1229800.0,PUT,2026-05-15,130.0,300,0.0,0.0,0.0,0.0,0.0,14,100.0,US.HOOD,0.7835093977225956,"成交额 $1,229,800 ≥ 阈值 $500,000 | 成交量 220 手",US.HOOD,2026-05-01 15:25:26
US.HOOD260501P80000,HOOD 260501 80.00P,72.89,1574,1104588.0,PUT,2026-05-01,80.0,6400,0.0,0.0,0.0,0.0,0.0,0,100.0,US.HOOD,0.09754424475236657,"成交额 $1,104,588 ≥ 阈值 $500,000 | 成交量 1,574 手",US.HOOD,2026-05-01 15:25:26
US.HOOD260515P80000,HOOD 260515 80.00P,72.89,1280,1076418.0,PUT,2026-05-15,80.0,5156,58.415,-0.768395576,0.036336654,-0.084200036,0.044261629,14,100.0,US.HOOD,0.09754424475236657,"成交额 $1,076,418 ≥ 阈值 $500,000 | 成交量 1,280 手",US.HOOD,2026-05-01 15:25:26
US.HOOD260717P75000,HOOD 260717 75.00P,72.89,1199,1056124.0,PUT,2026-07-17,75.0,3609,58.863,-0.478985158,0.02033628,-0.047252172,0.13367333,77,100.0,US.HOOD,0.02894772945534366,"成交额 $1,056,124 ≥ 阈值 $500,000 | 成交量 1,199 手",US.HOOD,2026-05-01 15:25:26
US.HOOD260501C72000,HOOD 260501 72.00C,72.89,5069,839331.0,CALL,2026-05-01,72.0,3367,91.013,0.645054574,0.146784635,-0.90972948,0.010373595,0,100.0,US.HOOD,0.012210179722870087,"成交额 $839,331 ≥ 阈值 $500,000 | 成交量 5,069 手",US.HOOD,2026-05-01 15:25:26
US.HOOD260508C76000,HOOD 260508 76.00C,72.89,5111,780270.0,CALL,2026-05-08,76.0,2451,60.105,0.33286369,0.057736516,-0.158110447,0.038052894,7,100.0,US.HOOD,-0.042667032514748245,"成交额 $780,270 ≥ 阈值 $500,000 | 成交量 5,111 手",US.HOOD,2026-05-01 15:25:26
US.HOOD260618C70000,HOOD 260618 70.00C,72.89,955,744186.0,CALL,2026-06-18,70.0,17648,60.205,0.624006916,0.023716362,-0.066616839,0.100870233,48,100.0,US.HOOD,0.03964878584167925,"成交额 $744,186 ≥ 阈值 $500,000 | 成交量 955 手",US.HOOD,2026-05-01 15:25:26
US.HOOD260515C70000,HOOD 260515 70.00C,72.89,1376,724317.0,CALL,2026-05-15,70.0,7020,61.219,0.656923662,0.041291536,-0.11868121,0.053475297,14,100.0,US.HOOD,0.03964878584167925,"成交额 $724,317 ≥ 阈值 $500,000 | 成交量 1,376 手",US.HOOD,2026-05-01 15:25:26
US.HOOD260501P92000,HOOD 260501 92.00P,72.89,370,723350.0,PUT,2026-05-01,92.0,158,378.574,-0.937783211,0.011630143,-1.152735624,0.003414701,0,100.0,US.HOOD,0.2621758814652216,"成交额 $723,350 ≥ 阈值 $500,000 | 成交量 370 手",US.HOOD,2026-05-01 15:25:26
US.HOOD260501P75000,HOOD 260501 75.00P,72.89,2851,717276.0,PUT,2026-05-01,75.0,8170,81.286,-0.816324528,0.117427487,-0.560228389,0.007403895,0,100.0,US.HOOD,0.02894772945534366,"成交额 $717,276 ≥ 阈值 $500,000 | 成交量 2,851 手",US.HOOD,2026-05-01 15:25:26
US.HOOD260501C74000,HOOD 260501 74.00C,72.89,9109,707285.0,CALL,2026-05-01,74.0,2673,87.035,0.331422005,0.14957642,-0.84398774,0.010108813,0,100.0,US.HOOD,-0.015228426395939078,"成交额 $707,285 ≥ 阈值 $500,000 | 成交量 9,109 手",US.HOOD,2026-05-01 15:25:26
US.HOOD260515C80000,HOOD 260515 80.00C,72.89,5517,705527.0,CALL,2026-05-15,80.0,10329,59.874,0.239718782,0.035674758,-0.095302689,0.045183796,14,100.0,US.HOOD,-0.09754424475236657,"成交额 $705,527 ≥ 阈值 $500,000 | 成交量 5,517 手",US.HOOD,2026-05-01 15:25:26
US.HOOD260501C75000,HOOD 260501 75.00C,72.89,14484,680312.0,CALL,2026-05-01,75.0,9075,90.492,0.210111472,0.114325522,-0.688061476,0.008033215,0,100.0,US.HOOD,-0.02894772945534366,"成交额 $680,312 ≥ 阈值 $500,000 | 成交量 14,484 手",US.HOOD,2026-05-01 15:25:26
US.HOOD260508C73000,HOOD 260508 73.00C,72.89,2572,680014.0,CALL,2026-05-08,73.0,777,61.337,0.514137365,0.062071707,-0.179501842,0.041749953,7,100.0,US.HOOD,-0.0015091233365344963,"成交额 $680,014 ≥ 阈值 $500,000 | 成交量 2,572 手",US.HOOD,2026-05-01 15:25:26
US.HOOD260501P72000,HOOD 260501 72.00P,72.89,8132,655698.0,PUT,2026-05-01,72.0,9374,85.573,-0.346988571,0.154845803,-0.841256456,0.010288609,0,100.0,US.HOOD,-0.012210179722870087,"成交额 $655,698 ≥ 阈值 $500,000 | 成交量 8,132 手",US.HOOD,2026-05-01 15:25:26
US.HOOD260618P70000,HOOD 260618 70.00P,72.89,1385,655394.0,PUT,2026-06-18,70.0,12915,58.613,-0.376024773,0.02444426,-0.05837612,0.100820002,48,100.0,US.HOOD,-0.03964878584167925,"成交额 $655,394 ≥ 阈值 $500,000 | 成交量 1,385 手",US.HOOD,2026-05-01 15:25:26
US.HOOD260618C80000,HOOD 260618 80.00C,72.89,1661,630269.0,CALL,2026-06-18,80.0,9116,59.403,0.382431216,0.024161624,-0.064715374,0.101394839,48,100.0,US.HOOD,-0.09754424475236657,"成交额 $630,269 ≥ 阈值 $500,000 | 成交量 1,661 手",US.HOOD,2026-05-01 15:25:26
US.HOOD260618P65000,HOOD 260618 65.00P,72.89,2166,581406.0,PUT,2026-06-18,65.0,9338,60.069,-0.256985067,0.020227765,-0.051304772,0.085666338,48,100.0,US.HOOD,-0.10824530113870216,"成交额 $581,406 ≥ 阈值 $500,000 | 成交量 2,166 手",US.HOOD,2026-05-01 15:25:26
US.HOOD260508C72000,HOOD 260508 72.00C,72.89,1804,567697.0,CALL,2026-05-08,72.0,952,61.709,0.575873716,0.060616352,-0.177755691,0.041018227,7,100.0,US.HOOD,0.012210179722870087,"成交额 $567,697 ≥ 阈值 $500,000 | 成交量 1,804 手",US.HOOD,2026-05-01 15:25:26
US.HOOD260821C75000,HOOD 260821 75.00C,72.89,575,563242.0,CALL,2026-08-21,75.0,2016,63.414,0.550442022,0.015419501,-0.048262878,0.160170157,112,100.0,US.HOOD,-0.02894772945534366,"成交额 $563,242 ≥ 阈值 $500,000 | 成交量 575 手",US.HOOD,2026-05-01 15:25:26
US.HOOD260501P73000,HOOD 260501 73.00P,72.89,5268,552818.0,PUT,2026-05-01,73.0,12762,82.782,-0.51205612,0.172881324,-0.881122834,0.011111585,0,100.0,US.HOOD,0.0015091233365344963,"成交额 $552,818 ≥ 阈值 $500,000 | 成交量 5,268 手",US.HOOD,2026-05-01 15:25:26
US.HOOD260508P70000,HOOD 260508 70.00P,72.89,3655,531189.0,PUT,2026-05-08,70.0,3099,59.731,-0.300615594,0.055662546,-0.146265096,0.036438257,7,100.0,US.HOOD,-0.03964878584167925,"成交额 $531,189 ≥ 阈值 $500,000 | 成交量 3,655 手",US.HOOD,2026-05-01 15:25:26
US.HOOD261016C55000,HOOD 261016 55.00C,72.89,223,514569.0,CALL,2026-10-16,55.0,41,66.115,0.812935395,0.008207646,-0.029741448,0.133115609,168,100.0,US.HOOD,0.24543833173274798,"成交额 $514,569 ≥ 阈值 $500,000 | 成交量 223 手",US.HOOD,2026-05-01 15:25:26
US.HOOD260501C70000,HOOD 260501 70.00C,72.89,1599,502868.0,CALL,2026-05-01,70.0,2912,132.021,0.796121612,0.076979636,-0.990507383,0.007891474,0,100.0,US.HOOD,0.03964878584167925,"成交额 $502,868 ≥ 阈值 $500,000 | 成交量 1,599 手",US.HOOD,2026-05-01 15:25:26
US.HUBB260821C520000,HUBB 260821 520.00C,508.17,401,1507949.0,CALL,2026-08-21,520.0,0,36.67,0.517436722,0.003851873,-0.205954197,1.124599266,112,100.0,US.HUBB,-0.02327961115374773,"成交额 $1,507,949 ≥ 阈值 $500,000 | 成交量 401 手",US.HUBB,2026-05-01 15:26:47
US.HUBB260515P520000,HUBB 260515 520.00P,508.17,301,593210.0,PUT,2026-05-15,520.0,301,35.333,-0.608364356,0.010803664,-0.451882265,0.388990335,14,100.0,US.HUBB,0.02327961115374773,"成交额 $593,210 ≥ 阈值 $500,000 | 成交量 301 手",US.HUBB,2026-05-01 15:26:47
US.HWM260618C250000,HWM 260618 250.00C,243.04,2237,2579896.0,CALL,2026-06-18,250.0,2390,43.539,0.47286519,0.010314851,-0.169170705,0.352739411,48,100.0,US.HWM,-0.028637261356155398,"成交额 $2,579,896 ≥ 阈值 $500,000 | 成交量 2,237 手",US.HWM,2026-05-01 15:27:26
US.IBKR260918C80000,IBKR 260918 80.00C,79.5,1003,792270.0,CALL,2026-09-18,80.0,807,37.788,0.559645889,0.021161822,-0.02986776,0.194593794,140,100.0,US.IBKR,-0.006289308176100629,"成交额 $792,270 ≥ 阈值 $500,000 | 成交量 1,003 手",US.IBKR,2026-05-01 15:27:28
US.IP260618C32500,IP 260618 32.50C,30.42,10873,1528071.0,CALL,2026-06-18,32.5,252,41.287,0.369949614,0.082436939,-0.018899,0.041878544,48,100.0,US.IP,-0.06837606837606831,"成交额 $1,528,071 ≥ 阈值 $500,000 | 成交量 10,873 手",US.IP,2026-05-01 15:28:46
US.IP260501P33000,IP 260501 33.00P,30.42,2405,593408.0,PUT,2026-05-01,33.0,2382,0.0,0.0,0.0,0.0,0.0,0,100.0,US.IP,0.08481262327416167,"成交额 $593,408 ≥ 阈值 $500,000 | 成交量 2,405 手",US.IP,2026-05-01 15:28:46
US.JBL260508P327500,JBL 260508 327.50P,337.49,1186,554734.0,PUT,2026-05-08,327.5,2,46.985,-0.312295846,0.015545507,-0.540021648,0.171564628,7,100.0,US.JBL,-0.029600877063024115,"成交额 $554,734 ≥ 阈值 $500,000 | 成交量 1,186 手",US.JBL,2026-05-01 15:30:44
US.KEYS260821P330000,KEYS 260821 330.00P,349.91,2000,5770000.0,PUT,2026-08-21,330.0,2,52.037,-0.352136907,0.003700221,-0.154198743,0.720453067,112,100.0,US.KEYS,-0.0569003458032066,"成交额 $5,770,000 ≥ 阈值 $500,000 | 成交量 2,000 手",US.KEYS,2026-05-01 15:32:01
US.KEYS260821P250000,KEYS 260821 250.00P,349.91,2000,1250000.0,PUT,2026-08-21,250.0,2051,57.813,-0.107520322,0.0016486,-0.088476686,0.359321585,112,100.0,US.KEYS,-0.28553056500242924,"成交额 $1,250,000 ≥ 阈值 $500,000 | 成交量 2,000 手",US.KEYS,2026-05-01 15:32:01
US.KMI260618C28000,KMI 260618 28.00C,32.87,2214,1037980.0,CALL,2026-06-18,28.0,3257,0.0,0.0,0.0,0.0,0.0,48,100.0,US.KMI,0.14815941588074225,"成交额 $1,037,980 ≥ 阈值 $500,000 | 成交量 2,214 手",US.KMI,2026-05-01 15:32:42
US.KMI260918C29000,KMI 260918 29.00C,32.87,2213,922579.0,CALL,2026-09-18,29.0,278,13.567,0.955054732,0.03422041,-0.00362159,0.019301083,140,100.0,US.KMI,0.11773653787648304,"成交额 $922,579 ≥ 阈值 $500,000 | 成交量 2,213 手",US.KMI,2026-05-01 15:32:42
US.LEN260508P97000,LEN 260508 97.00P,90.3,1108,841222.0,PUT,2026-05-08,97.0,3,41.136,-0.881775634,0.038575802,-0.061998149,0.025551089,7,100.0,US.LEN,0.07419712070874865,"成交额 $841,222 ≥ 阈值 $500,000 | 成交量 1,108 手",US.LEN,2026-05-01 15:34:02
US.LEN260508P96000,LEN 260508 96.00P,90.3,1113,738639.0,PUT,2026-05-08,96.0,5,41.915,-0.8371594,0.046250051,-0.081786693,0.031834509,7,100.0,US.LEN,0.0631229235880399,"成交额 $738,639 ≥ 阈值 $500,000 | 成交量 1,113 手",US.LEN,2026-05-01 15:34:02
US.LITE260618C640000,LITE 260618 640.00C,902.32,343,10463736.0,CALL,2026-06-18,640.0,617,106.992,0.861675779,0.000627095,-0.849778845,0.726348628,48,100.0,US.LITE,0.29071726216863203,"成交额 $10,463,736 ≥ 阈值 $500,000 | 成交量 343 手",US.LITE,2026-05-01 15:35:19
US.LITE260618C890000,LITE 260618 890.00C,902.32,688,10083218.0,CALL,2026-06-18,890.0,1801,101.129,0.592797115,0.001166348,-1.376956355,1.276968411,48,100.0,US.LITE,0.01365369270325389,"成交额 $10,083,218 ≥ 阈值 $500,000 | 成交量 688 手",US.LITE,2026-05-01 15:35:19
US.LITE260501C835000,LITE 260501 835.00C,902.32,471,3696510.0,CALL,2026-05-01,835.0,477,174.952,0.883588556,0.003243073,-11.033085781,0.067562349,0,100.0,US.LITE,0.07460767798563707,"成交额 $3,696,510 ≥ 阈值 $500,000 | 成交量 471 手",US.LITE,2026-05-01 15:35:19
US.LITE260515C970000,LITE 260515 970.00C,902.32,467,2774001.0,CALL,2026-05-15,970.0,154,111.68,0.418145847,0.001942036,-2.777072767,0.70313765,14,100.0,US.LITE,-0.07500664952566712,"成交额 $2,774,001 ≥ 阈值 $500,000 | 成交量 467 手",US.LITE,2026-05-01 15:35:19
US.LITE260501C900000,LITE 260501 900.00C,902.32,1355,2675905.0,CALL,2026-05-01,900.0,1034,146.536,0.529855392,0.007867362,-19.382659813,0.137280132,0,100.0,US.LITE,0.0025711499246387644,"成交额 $2,675,905 ≥ 阈值 $500,000 | 成交量 1,355 手",US.LITE,2026-05-01 15:35:19
US.LITE260515P835000,LITE 260515 835.00P,902.32,460,2180860.0,PUT,2026-05-15,835.0,6,116.572,-0.324390415,0.00171415,-2.606658724,0.647515848,14,100.0,US.LITE,-0.07460767798563707,"成交额 $2,180,860 ≥ 阈值 $500,000 | 成交量 460 手",US.LITE,2026-05-01 15:35:19
US.LITE260529C1130000,LITE 260529 1130.00C,902.32,432,1424211.0,CALL,2026-05-29,1130.0,6,102.423,0.263493393,0.001263908,-1.503922896,0.823933198,28,100.0,US.LITE,-0.2523273339835091,"成交额 $1,424,211 ≥ 阈值 $500,000 | 成交量 432 手",US.LITE,2026-05-01 15:35:19
US.LITE260501C880000,LITE 260501 880.00C,902.32,379,1080693.0,CALL,2026-05-01,880.0,391,151.251,0.678266207,0.006867084,-17.950356549,0.123681217,0,100.0,US.LITE,0.024736235481869016,"成交额 $1,080,693 ≥ 阈值 $500,000 | 成交量 379 手",US.LITE,2026-05-01 15:35:19
US.LITE260501C950000,LITE 260501 950.00C,902.32,1474,899923.0,CALL,2026-05-01,950.0,721,154.035,0.199400829,0.005257489,-14.005358227,0.096433035,0,100.0,US.LITE,-0.05284156396843686,"成交额 $899,923 ≥ 阈值 $500,000 | 成交量 1,474 手",US.LITE,2026-05-01 15:35:19
US.LITE260501C895000,LITE 260501 895.00C,902.32,297,736817.0,CALL,2026-05-01,895.0,280,147.374,0.56892812,0.00772723,-19.249618128,0.135605807,0,100.0,US.LITE,0.008112421313946327,"成交额 $736,817 ≥ 阈值 $500,000 | 成交量 297 手",US.LITE,2026-05-01 15:35:19
US.LITE260501P900000,LITE 260501 900.00P,902.32,357,712668.0,PUT,2026-05-01,900.0,179,144.841,-0.470067789,0.007959662,-19.070264749,0.137277209,0,100.0,US.LITE,-0.0025711499246387644,"成交额 $712,668 ≥ 阈值 $500,000 | 成交量 357 手",US.LITE,2026-05-01 15:35:19
US.LITE260508C1050000,LITE 260508 1050.00C,902.32,380,683107.0,CALL,2026-05-08,1050.0,29,125.328,0.227341644,0.001856786,-3.300744374,0.391065954,7,100.0,US.LITE,-0.1636669917545881,"成交额 $683,107 ≥ 阈值 $500,000 | 成交量 380 手",US.LITE,2026-05-01 15:35:19
US.LITE260501C890000,LITE 260501 890.00C,902.32,297,633018.0,CALL,2026-05-01,890.0,255,141.477,0.611076019,0.007852778,-18.013638786,0.132294486,0,100.0,US.LITE,0.01365369270325389,"成交额 $633,018 ≥ 阈值 $500,000 | 成交量 297 手",US.LITE,2026-05-01 15:35:19
US.LITE260618P600000,LITE 260618 600.00P,902.32,283,605216.0,PUT,2026-06-18,600.0,1309,110.186,-0.109774602,0.000518041,-0.69041869,0.617809289,48,100.0,US.LITE,-0.3350474332830925,"成交额 $605,216 ≥ 阈值 $500,000 | 成交量 283 手",US.LITE,2026-05-01 15:35:19
US.LITE260508P700000,LITE 260508 700.00P,902.32,547,587441.0,PUT,2026-05-08,700.0,297,149.166,-0.097615887,0.000891705,-2.169219191,0.223520915,7,100.0,US.LITE,-0.22422200549694127,"成交额 $587,441 ≥ 阈值 $500,000 | 成交量 547 手",US.LITE,2026-05-01 15:35:19
US.LITE260501C920000,LITE 260501 920.00C,902.32,364,543939.0,CALL,2026-05-01,920.0,295,146.506,0.375482389,0.007503528,-18.408824849,0.130904153,0,100.0,US.LITE,-0.019593935632591486,"成交额 $543,939 ≥ 阈值 $500,000 | 成交量 364 手",US.LITE,2026-05-01 15:35:19
US.LITE260508C1100000,LITE 260508 1100.00C,902.32,453,512681.0,CALL,2026-05-08,1100.0,61,127.961,0.163159797,0.00148559,-2.706010304,0.319457043,7,100.0,US.LITE,-0.21907970564766374,"成交额 $512,681 ≥ 阈值 $500,000 | 成交量 453 手",US.LITE,2026-05-01 15:35:19
US.LITE260501P910000,LITE 260501 910.00P,902.32,234,510943.0,PUT,2026-05-01,910.0,6,142.872,-0.55047728,0.008027466,-18.693510037,0.136560995,0,100.0,US.LITE,0.00851139285397636,"成交额 $510,943 ≥ 阈值 $500,000 | 成交量 234 手",US.LITE,2026-05-01 15:35:19
US.LITE260501P875000,LITE 260501 875.00P,902.32,243,507032.0,PUT,2026-05-01,875.0,38,152.024,-0.288153062,0.006505557,-17.055410442,0.117765799,0,100.0,US.LITE,-0.030277506871176578,"成交额 $507,032 ≥ 阈值 $500,000 | 成交量 243 手",US.LITE,2026-05-01 15:35:19
US.LMT260618C515000,LMT 260618 515.00C,517.97,333,704918.0,CALL,2026-06-18,515.0,223,27.442,0.561867337,0.007603895,-0.23817541,0.744428938,48,100.0,US.LMT,0.005733922814062643,"成交额 $704,918 ≥ 阈值 $500,000 | 成交量 333 手",US.LMT,2026-05-01 15:35:22
US.LMT260618C510000,LMT 260618 510.00C,517.97,252,594636.0,CALL,2026-06-18,510.0,430,27.244,0.600373778,0.007505904,-0.234160987,0.729515775,48,100.0,US.LMT,0.015386991524605724,"成交额 $594,636 ≥ 阈值 $500,000 | 成交量 252 手",US.LMT,2026-05-01 15:35:22
US.LOW260918P210000,LOW 260918 210.00P,238.79,1344,986899.0,PUT,2026-09-18,210.0,686,35.452,-0.226817628,0.005774627,-0.051106548,0.445682356,140,100.0,US.LOW,-0.12056618786381336,"成交额 $986,899 ≥ 阈值 $500,000 | 成交量 1,344 手",US.LOW,2026-05-01 15:36:00
US.LOW261016P210000,LOW 261016 210.00P,238.79,1003,833041.0,PUT,2026-10-16,210.0,39,33.691,-0.230084318,0.005604644,-0.04399489,0.491810209,168,100.0,US.LOW,-0.12056618786381336,"成交额 $833,041 ≥ 阈值 $500,000 | 成交量 1,003 手",US.LOW,2026-05-01 15:36:00
US.LULU260618P230000,LULU 260618 230.00P,137.7,1520,13575515.0,PUT,2026-06-18,230.0,330,93.34,-0.916570352,0.003874841,-0.060784457,0.075753205,48,100.0,US.LULU,0.6702977487291214,"成交额 $13,575,515 ≥ 阈值 $500,000 | 成交量 1,520 手",US.LULU,2026-05-01 15:36:03
US.LULU260618P240000,LULU 260618 240.00P,137.7,420,4171400.0,PUT,2026-06-18,240.0,79,87.435,-0.956135369,0.003188678,-0.031128263,0.044653039,48,100.0,US.LULU,0.7429193899782136,"成交额 $4,171,400 ≥ 阈值 $500,000 | 成交量 420 手",US.LULU,2026-05-01 15:36:03
US.LULU260618P250000,LULU 260618 250.00P,137.7,340,3757000.0,PUT,2026-06-18,250.0,68,0.0,0.0,0.0,0.0,0.0,48,100.0,US.LULU,0.8155410312273059,"成交额 $3,757,000 ≥ 阈值 $500,000 | 成交量 340 手",US.LULU,2026-05-01 15:36:03
US.LULU260618P210000,LULU 260618 210.00P,137.7,500,3480000.0,PUT,2026-06-18,210.0,110,72.366,-0.939996693,0.004432446,-0.03395413,0.057857174,48,100.0,US.LULU,0.525054466230937,"成交额 $3,480,000 ≥ 阈值 $500,000 | 成交量 500 手",US.LULU,2026-05-01 15:36:03
US.LULU260515P180000,LULU 260515 180.00P,137.7,413,1734591.0,PUT,2026-05-15,180.0,351,0.0,0.0,0.0,0.0,0.0,14,100.0,US.LULU,0.30718954248366026,"成交额 $1,734,591 ≥ 阈值 $500,000 | 成交量 413 手",US.LULU,2026-05-01 15:36:03
US.LULU260515P155000,LULU 260515 155.00P,137.7,333,582980.0,PUT,2026-05-15,155.0,1270,39.774,-0.932132768,0.014150091,-0.038996445,0.035314695,14,100.0,US.LULU,0.12563543936092966,"成交额 $582,980 ≥ 阈值 $500,000 | 成交量 333 手",US.LULU,2026-05-01 15:36:03
US.LYB260515P75000,LYB 260515 75.00P,74.6,2676,947705.0,PUT,2026-05-15,75.0,406,58.831,-0.490418232,0.045636307,-0.118629606,0.059347589,14,100.0,US.LYB,0.005361930294906243,"成交额 $947,705 ≥ 阈值 $500,000 | 成交量 2,676 手",US.LYB,2026-05-01 15:36:43
US.LYB260515C75000,LYB 260515 75.00C,74.6,2610,938292.0,CALL,2026-05-15,75.0,3080,60.438,0.511142944,0.044326071,-0.129088885,0.059362195,14,100.0,US.LYB,-0.005361930294906243,"成交额 $938,292 ≥ 阈值 $500,000 | 成交量 2,610 手",US.LYB,2026-05-01 15:36:43
US.MDT260515P100000,MDT 260515 100.00P,80.97,700,1334200.0,PUT,2026-05-15,100.0,286,87.957,-0.867790236,0.015428639,-0.096594915,0.034493535,14,100.0,US.MDT,0.2350253180190194,"成交额 $1,334,200 ≥ 阈值 $500,000 | 成交量 700 手",US.MDT,2026-05-01 15:38:41
US.MDT260515P90000,MDT 260515 90.00P,80.97,762,814658.0,PUT,2026-05-15,90.0,321,43.869,-0.879066845,0.030103023,-0.042619548,0.032254208,14,100.0,US.MDT,0.11152278621711746,"成交额 $814,658 ≥ 阈值 $500,000 | 成交量 762 手",US.MDT,2026-05-01 15:38:41
US.MPC260515C250000,MPC 260515 250.00C,248.29,2966,2296286.0,CALL,2026-05-15,250.0,5452,45.974,0.494734967,0.017512689,-0.3295157,0.197639916,14,100.0,US.MPC,-0.0068871078174715375,"成交额 $2,296,286 ≥ 阈值 $500,000 | 成交量 2,966 手",US.MPC,2026-05-01 15:40:39
US.MPC260515C260000,MPC 260515 260.00C,248.29,2908,1266543.0,CALL,2026-05-15,260.0,575,46.243,0.330830272,0.015822447,-0.297151843,0.179599211,14,100.0,US.MPC,-0.0471625921301704,"成交额 $1,266,543 ≥ 阈值 $500,000 | 成交量 2,908 手",US.MPC,2026-05-01 15:40:39
US.MRNA260918C50000,MRNA 260918 50.00C,45.94,3915,3040887.0,CALL,2026-09-18,50.0,826,78.722,0.539614462,0.017690067,-0.033462424,0.113160517,140,100.0,US.MRNA,-0.08837614279494999,"成交额 $3,040,887 ≥ 阈值 $500,000 | 成交量 3,915 手",US.MRNA,2026-05-01 15:40:41
US.MRNA260618C26000,MRNA 260618 26.00C,45.94,573,1226196.0,CALL,2026-06-18,26.0,174,124.735,0.931826185,0.006296086,-0.03043424,0.022038337,48,100.0,US.MRNA,0.434044405746626,"成交额 $1,226,196 ≥ 阈值 $500,000 | 成交量 573 手",US.MRNA,2026-05-01 15:40:41
US.MRNA260515C26000,MRNA 260515 26.00C,45.94,574,1215588.0,CALL,2026-05-15,26.0,587,192.625,0.953219176,0.005537941,-0.060500958,0.008964322,14,100.0,US.MRNA,0.434044405746626,"成交额 $1,215,588 ≥ 阈值 $500,000 | 成交量 574 手",US.MRNA,2026-05-01 15:40:41
US.MRNA260515C37000,MRNA 260515 37.00C,45.94,850,829592.0,CALL,2026-05-15,37.0,250,105.924,0.872109158,0.021540162,-0.072836337,0.019173084,14,100.0,US.MRNA,0.194601654331737,"成交额 $829,592 ≥ 阈值 $500,000 | 成交量 850 手",US.MRNA,2026-05-01 15:40:41
US.MRNA260515C50000,MRNA 260515 50.00C,45.94,4317,707864.0,CALL,2026-05-15,50.0,24001,81.208,0.332627493,0.048800927,-0.095604594,0.033302809,14,100.0,US.MRNA,-0.08837614279494999,"成交额 $707,864 ≥ 阈值 $500,000 | 成交量 4,317 手",US.MRNA,2026-05-01 15:40:41
US.MS261016P170000,MS 261016 170.00P,190.59,656,512800.0,PUT,2026-10-16,170.0,122,34.567,-0.253073323,0.007215366,-0.037836166,0.413341227,168,100.0,US.MS,-0.10803295031218849,"成交额 $512,800 ≥ 阈值 $500,000 | 成交量 656 手",US.MS,2026-05-01 15:41:21
US.NOW260618P160000,NOW 260618 160.00P,88.31,3740,27451080.0,PUT,2026-06-18,160.0,779,90.532,-0.963031507,0.00453739,-0.01756525,0.024712088,48,100.0,US.NOW,0.8117993432227381,"成交额 $27,451,080 ≥ 阈值 $500,000 | 成交量 3,740 手",US.NOW,2026-05-01 15:44:38
US.NOW260515P128000,NOW 260515 128.00P,88.31,2840,11345800.0,PUT,2026-05-15,128.0,579,104.604,-0.9562566,0.005726946,-0.048660835,0.016133974,14,100.0,US.NOW,0.44943947457819045,"成交额 $11,345,800 ≥ 阈值 $500,000 | 成交量 2,840 手",US.NOW,2026-05-01 15:44:38
US.NOW260618P148000,NOW 260618 148.00P,88.31,1780,10669320.0,PUT,2026-06-18,148.0,369,0.0,0.0,0.0,0.0,0.0,48,100.0,US.NOW,0.6759143924810327,"成交额 $10,669,320 ≥ 阈值 $500,000 | 成交量 1,780 手",US.NOW,2026-05-01 15:44:38
US.NOW260515P124000,NOW 260515 124.00P,88.31,2779,10254784.0,PUT,2026-05-15,124.0,597,85.952,-0.976891414,0.005117697,-0.020875461,0.009327602,14,100.0,US.NOW,0.40414449099762195,"成交额 $10,254,784 ≥ 阈值 $500,000 | 成交量 2,779 手",US.NOW,2026-05-01 15:44:38
US.NOW260618P220000,NOW 260618 220.00P,88.31,760,10172780.0,PUT,2026-06-18,220.0,160,118.404,-0.99262647,0.00272902,-0.004357512,0.005536947,48,100.0,US.NOW,1.491224096931265,"成交额 $10,172,780 ≥ 阈值 $500,000 | 成交量 760 手",US.NOW,2026-05-01 15:44:38
US.NOW260618P178000,NOW 260618 178.00P,88.31,880,7722290.0,PUT,2026-06-18,178.0,185,101.447,-0.971929079,0.003729796,-0.015153359,0.019411899,48,100.0,US.NOW,1.015626769335296,"成交额 $7,722,290 ≥ 阈值 $500,000 | 成交量 880 手",US.NOW,2026-05-01 15:44:38
US.NOW260515P144000,NOW 260515 144.00P,88.31,940,5437900.0,PUT,2026-05-15,144.0,198,134.069,-0.957844271,0.004289438,-0.061218589,0.015688054,14,100.0,US.NOW,0.6306194089004642,"成交额 $5,437,900 ≥ 阈值 $500,000 | 成交量 940 手",US.NOW,2026-05-01 15:44:38
US.NOW260515P148000,NOW 260515 148.00P,88.31,820,5047100.0,PUT,2026-05-15,148.0,171,0.0,0.0,0.0,0.0,0.0,14,100.0,US.NOW,0.6759143924810327,"成交额 $5,047,100 ≥ 阈值 $500,000 | 成交量 820 手",US.NOW,2026-05-01 15:44:38
US.NOW260618P140000,NOW 260618 140.00P,88.31,910,5008500.0,PUT,2026-06-18,140.0,186,76.748,-0.945746679,0.006215435,-0.021155012,0.034176007,48,100.0,US.NOW,0.5853244253198958,"成交额 $5,008,500 ≥ 阈值 $500,000 | 成交量 910 手",US.NOW,2026-05-01 15:44:38
US.NOW260618P174000,NOW 260618 174.00P,88.31,580,4883600.0,PUT,2026-06-18,174.0,120,0.0,0.0,0.0,0.0,0.0,48,100.0,US.NOW,0.9703317857547276,"成交额 $4,883,600 ≥ 阈值 $500,000 | 成交量 580 手",US.NOW,2026-05-01 15:44:38
US.NOW260515P140000,NOW 260515 140.00P,88.31,820,4235300.0,PUT,2026-05-15,140.0,170,0.0,0.0,0.0,0.0,0.0,14,100.0,US.NOW,0.5853244253198958,"成交额 $4,235,300 ≥ 阈值 $500,000 | 成交量 820 手",US.NOW,2026-05-01 15:44:38
US.NOW260515P136000,NOW 260515 136.00P,88.31,820,4071300.0,PUT,2026-05-15,136.0,185,0.0,0.0,0.0,0.0,0.0,14,100.0,US.NOW,0.5400294417393273,"成交额 $4,071,300 ≥ 阈值 $500,000 | 成交量 820 手",US.NOW,2026-05-01 15:44:38
US.NOW260618P216000,NOW 260618 216.00P,88.31,220,2765400.0,PUT,2026-06-18,216.0,45,116.28,-0.992559407,0.002779735,-0.004318671,0.005583765,48,100.0,US.NOW,1.4459291133506964,"成交额 $2,765,400 ≥ 阈值 $500,000 | 成交量 220 手",US.NOW,2026-05-01 15:44:38
US.NOW260515P152000,NOW 260515 152.00P,88.31,400,2634000.0,PUT,2026-05-15,152.0,81,145.908,-0.960267629,0.003780532,-0.063286781,0.014948958,14,100.0,US.NOW,0.7212093760616012,"成交额 $2,634,000 ≥ 阈值 $500,000 | 成交量 400 手",US.NOW,2026-05-01 15:44:38
US.NOW260618P162000,NOW 260618 162.00P,88.31,340,2585644.0,PUT,2026-06-18,162.0,72,89.877,-0.969807338,0.004343476,-0.014262143,0.020652718,48,100.0,US.NOW,0.8344468350130223,"成交额 $2,585,644 ≥ 阈值 $500,000 | 成交量 340 手",US.NOW,2026-05-01 15:44:38
US.NOW260618P144000,NOW 260618 144.00P,88.31,360,1940520.0,PUT,2026-06-18,144.0,114,110.53,-0.846483432,0.007041248,-0.077345968,0.075866958,48,100.0,US.NOW,0.6306194089004642,"成交额 $1,940,520 ≥ 阈值 $500,000 | 成交量 360 手",US.NOW,2026-05-01 15:44:38
US.NOW260717C100000,NOW 260717 100.00C,88.31,3092,1384278.0,CALL,2026-07-17,100.0,3268,52.559,0.359326198,0.017477071,-0.05439789,0.152165544,77,100.0,US.NOW,-0.13237458951421127,"成交额 $1,384,278 ≥ 阈值 $500,000 | 成交量 3,092 手",US.NOW,2026-05-01 15:44:38
US.NOW260618C90000,NOW 260618 90.00C,88.31,2243,1346021.0,CALL,2026-06-18,90.0,2442,53.884,0.510499056,0.02298319,-0.075514907,0.128422424,48,100.0,US.NOW,-0.019137130562790143,"成交额 $1,346,021 ≥ 阈值 $500,000 | 成交量 2,243 手",US.NOW,2026-05-01 15:44:38
US.NOW260717P85000,NOW 260717 85.00P,88.31,1311,899638.0,PUT,2026-07-17,85.0,2247,52.758,-0.379980562,0.017840069,-0.049415286,0.154826104,77,100.0,US.NOW,-0.03748159891292042,"成交额 $899,638 ≥ 阈值 $500,000 | 成交量 1,311 手",US.NOW,2026-05-01 15:44:38
US.NOW260717C90000,NOW 260717 90.00C,88.31,1021,789199.0,CALL,2026-07-17,90.0,1513,53.663,0.531156968,0.018209513,-0.060048718,0.161878434,77,100.0,US.NOW,-0.019137130562790143,"成交额 $789,199 ≥ 阈值 $500,000 | 成交量 1,021 手",US.NOW,2026-05-01 15:44:38
US.NOW260515C95000,NOW 260515 95.00C,88.31,4336,696238.0,CALL,2026-05-15,95.0,7331,58.713,0.290340264,0.033103524,-0.125565048,0.060349055,14,100.0,US.NOW,-0.07575586003850071,"成交额 $696,238 ≥ 阈值 $500,000 | 成交量 4,336 手",US.NOW,2026-05-01 15:44:38
US.NOW260515P80000,NOW 260515 80.00P,88.31,3911,573208.0,PUT,2026-05-15,80.0,8189,60.934,-0.188102108,0.025125565,-0.098577608,0.047514983,14,100.0,US.NOW,-0.09410032838863099,"成交额 $573,208 ≥ 阈值 $500,000 | 成交量 3,911 手",US.NOW,2026-05-01 15:44:38
US.NOW260618C100000,NOW 260618 100.00C,88.31,1802,543381.0,CALL,2026-06-18,100.0,7316,54.255,0.306758108,0.02009974,-0.065787779,0.113077598,48,100.0,US.NOW,-0.13237458951421127,"成交额 $543,381 ≥ 阈值 $500,000 | 成交量 1,802 手",US.NOW,2026-05-01 15:44:38
US.ON260508C105000,ON 260508 105.00C,100.81,1665,740079.0,CALL,2026-05-08,105.0,105,99.806,0.417967701,0.027014029,-0.390628797,0.056551747,7,100.0,US.ON,-0.041563336970538614,"成交额 $740,079 ≥ 阈值 $500,000 | 成交量 1,665 手",US.ON,2026-05-01 15:47:52
US.ON260508P130000,ON 260508 130.00P,100.81,210,630690.0,PUT,2026-05-08,130.0,0,116.466,-0.925221986,0.00860658,-0.140914032,0.020405018,7,100.0,US.ON,0.2895546076778097,"成交额 $630,690 ≥ 阈值 $500,000 | 成交量 210 手",US.ON,2026-05-01 15:47:52
US.ON260515C105000,ON 260515 105.00C,100.81,1144,575070.0,CALL,2026-05-15,105.0,2061,83.86,0.439965468,0.023380793,-0.236665813,0.079340186,14,100.0,US.ON,-0.041563336970538614,"成交额 $575,070 ≥ 阈值 $500,000 | 成交量 1,144 手",US.ON,2026-05-01 15:47:52
US.ON260508C108000,ON 260508 108.00C,100.81,1682,535065.0,CALL,2026-05-08,108.0,1997,99.993,0.343644005,0.025403899,-0.366265144,0.053280756,7,100.0,US.ON,-0.07132228945541115,"成交额 $535,065 ≥ 阈值 $500,000 | 成交量 1,682 手",US.ON,2026-05-01 15:47:52
US.ORCL260501P185000,ORCL 260501 185.00P,161.39,4031,8951853.0,PUT,2026-05-01,185.0,2117,0.0,0.0,0.0,0.0,0.0,0,100.0,US.ORCL,0.14629159179627,"成交额 $8,951,853 ≥ 阈值 $500,000 | 成交量 4,031 手",US.ORCL,2026-05-01 15:47:56
US.ORCL260515P220000,ORCL 260515 220.00P,161.39,1410,8059375.0,PUT,2026-05-15,220.0,682,0.0,0.0,0.0,0.0,0.0,14,100.0,US.ORCL,0.36315756862259135,"成交额 $8,059,375 ≥ 阈值 $500,000 | 成交量 1,410 手",US.ORCL,2026-05-01 15:47:56
US.ORCL260515P240000,ORCL 260515 240.00P,161.39,730,5655908.0,PUT,2026-05-15,240.0,147,0.0,0.0,0.0,0.0,0.0,14,100.0,US.ORCL,0.48708098395191785,"成交额 $5,655,908 ≥ 阈值 $500,000 | 成交量 730 手",US.ORCL,2026-05-01 15:47:56
US.ORCL260501P187500,ORCL 260501 187.50P,161.39,2141,5309292.0,PUT,2026-05-01,187.5,538,0.0,0.0,0.0,0.0,0.0,0,100.0,US.ORCL,0.1617820187124358,"成交额 $5,309,292 ≥ 阈值 $500,000 | 成交量 2,141 手",US.ORCL,2026-05-01 15:47:56
US.ORCL260501P190000,ORCL 260501 190.00P,161.39,1900,5088550.0,PUT,2026-05-01,190.0,387,0.0,0.0,0.0,0.0,0.0,0,100.0,US.ORCL,0.17727244562860162,"成交额 $5,088,550 ≥ 阈值 $500,000 | 成交量 1,900 手",US.ORCL,2026-05-01 15:47:56
US.ORCL260918P165000,ORCL 260918 165.00P,161.39,1661,3969029.0,PUT,2026-09-18,165.0,3265,57.219,-0.442517934,0.006992326,-0.072828811,0.394677566,140,100.0,US.ORCL,0.022368176466943515,"成交额 $3,969,029 ≥ 阈值 $500,000 | 成交量 1,661 手",US.ORCL,2026-05-01 15:47:56
US.ORCL260515P290000,ORCL 260515 290.00P,161.39,300,3826750.0,PUT,2026-05-15,290.0,60,0.0,0.0,0.0,0.0,0.0,14,100.0,US.ORCL,0.796889522275234,"成交额 $3,826,750 ≥ 阈值 $500,000 | 成交量 300 手",US.ORCL,2026-05-01 15:47:56
US.ORCL260618P300000,ORCL 260618 300.00P,161.39,270,3753000.0,PUT,2026-06-18,300.0,105,0.0,0.0,0.0,0.0,0.0,48,100.0,US.ORCL,0.8588512299398973,"成交额 $3,753,000 ≥ 阈值 $500,000 | 成交量 270 手",US.ORCL,2026-05-01 15:47:56
US.ORCL260515P280000,ORCL 260515 280.00P,161.39,299,3523843.0,PUT,2026-05-15,280.0,50,0.0,0.0,0.0,0.0,0.0,14,100.0,US.ORCL,0.7349278146105708,"成交额 $3,523,843 ≥ 阈值 $500,000 | 成交量 299 手",US.ORCL,2026-05-01 15:47:56
US.ORCL260618C200000,ORCL 260618 200.00C,161.39,5360,2048669.0,CALL,2026-06-18,200.0,32532,61.53,0.205454601,0.007856692,-0.109087526,0.167415793,48,100.0,US.ORCL,-0.23923415329326486,"成交额 $2,048,669 ≥ 阈值 $500,000 | 成交量 5,360 手",US.ORCL,2026-05-01 15:47:56
US.ORCL260501C165000,ORCL 260501 165.00C,161.39,15134,2004829.0,CALL,2026-05-01,165.0,13166,79.88,0.239657278,0.063028177,-1.455773589,0.019164484,0,100.0,US.ORCL,-0.022368176466943515,"成交额 $2,004,829 ≥ 阈值 $500,000 | 成交量 15,134 手",US.ORCL,2026-05-01 15:47:56
US.ORCL260501C162500,ORCL 260501 162.50C,161.39,9278,1991232.0,CALL,2026-05-01,162.5,814,79.016,0.41681432,0.080047304,-1.834164483,0.02407658,0,100.0,US.ORCL,-0.0068777495507777045,"成交额 $1,991,232 ≥ 阈值 $500,000 | 成交量 9,278 手",US.ORCL,2026-05-01 15:47:56
US.ORCL260918C170000,ORCL 260918 170.00C,161.39,828,1740579.0,CALL,2026-09-18,170.0,1524,58.195,0.530012359,0.006826069,-0.089094033,0.398379883,140,100.0,US.ORCL,-0.05334903029927514,"成交额 $1,740,579 ≥ 阈值 $500,000 | 成交量 828 手",US.ORCL,2026-05-01 15:47:56
US.ORCL260501P160000,ORCL 260501 160.00P,161.39,8206,1201808.0,PUT,2026-05-01,160.0,10785,77.653,-0.379056383,0.079417369,-1.743568851,0.023473311,0,100.0,US.ORCL,-0.008612677365388106,"成交额 $1,201,808 ≥ 阈值 $500,000 | 成交量 8,206 手",US.ORCL,2026-05-01 15:47:56
US.ORCL260821P165000,ORCL 260821 165.00P,161.39,581,1191547.0,PUT,2026-08-21,165.0,1055,55.283,-0.45652321,0.00810875,-0.07961901,0.35479229,112,100.0,US.ORCL,0.022368176466943515,"成交额 $1,191,547 ≥ 阈值 $500,000 | 成交量 581 手",US.ORCL,2026-05-01 15:47:56
US.ORCL260618C175000,ORCL 260618 175.00C,161.39,1196,1133130.0,CALL,2026-06-18,175.0,6272,60.862,0.408229917,0.010842074,-0.149572463,0.228536687,48,100.0,US.ORCL,-0.08432988413160676,"成交额 $1,133,130 ≥ 阈值 $500,000 | 成交量 1,196 手",US.ORCL,2026-05-01 15:47:56
US.ORCL260515C165000,ORCL 260515 165.00C,161.39,1781,1072302.0,CALL,2026-05-15,165.0,5840,53.808,0.444768055,0.022801206,-0.246160461,0.127242587,14,100.0,US.ORCL,-0.022368176466943515,"成交额 $1,072,302 ≥ 阈值 $500,000 | 成交量 1,781 手",US.ORCL,2026-05-01 15:47:56
US.ORCL260508C170000,ORCL 260508 170.00C,161.39,4256,1043485.0,CALL,2026-05-08,170.0,4161,54.313,0.268458573,0.026180727,-0.284765621,0.076438931,7,100.0,US.ORCL,-0.05334903029927514,"成交额 $1,043,485 ≥ 阈值 $500,000 | 成交量 4,256 手",US.ORCL,2026-05-01 15:47:56
US.ORCL260618P165000,ORCL 260618 165.00P,161.39,668,1030161.0,PUT,2026-06-18,165.0,6090,59.994,-0.489516296,0.011364583,-0.137551028,0.234499179,48,100.0,US.ORCL,0.022368176466943515,"成交额 $1,030,161 ≥ 阈值 $500,000 | 成交量 668 手",US.ORCL,2026-05-01 15:47:56
US.ORCL260508C167500,ORCL 260508 167.50C,161.39,3185,980932.0,CALL,2026-05-08,167.5,2796,54.133,0.333853458,0.028986735,-0.316262181,0.084353284,7,100.0,US.ORCL,-0.03785860338310933,"成交额 $980,932 ≥ 阈值 $500,000 | 成交量 3,185 手",US.ORCL,2026-05-01 15:47:56
US.ORCL260501P192500,ORCL 260501 192.50P,161.39,321,949570.0,PUT,2026-05-01,192.5,51,0.0,0.0,0.0,0.0,0.0,0,100.0,US.ORCL,0.19276287254476743,"成交额 $949,570 ≥ 阈值 $500,000 | 成交量 321 手",US.ORCL,2026-05-01 15:47:56
US.ORCL260618C170000,ORCL 260618 170.00C,161.39,801,916213.0,CALL,2026-06-18,170.0,7628,61.139,0.460165054,0.01103224,-0.154154688,0.233606896,48,100.0,US.ORCL,-0.05334903029927514,"成交额 $916,213 ≥ 阈值 $500,000 | 成交量 801 手",US.ORCL,2026-05-01 15:47:56
US.ORCL260618C165000,ORCL 260618 165.00C,161.39,683,916017.0,CALL,2026-06-18,165.0,8508,60.99,0.51333157,0.011108455,-0.155148925,0.234648376,48,100.0,US.ORCL,-0.022368176466943515,"成交额 $916,017 ≥ 阈值 $500,000 | 成交量 683 手",US.ORCL,2026-05-01 15:47:56
US.ORCL261120P150000,ORCL 261120 150.00P,161.39,470,915226.0,PUT,2026-11-20,150.0,1063,56.933,-0.336420769,0.005385312,-0.055548588,0.439312856,203,100.0,US.ORCL,-0.07057438503005135,"成交额 $915,226 ≥ 阈值 $500,000 | 成交量 470 手",US.ORCL,2026-05-01 15:47:56
US.ORCL260508C162500,ORCL 260508 162.50C,161.39,1663,843966.0,CALL,2026-05-08,162.5,2187,54.213,0.484266832,0.031713231,-0.351636172,0.092426843,7,100.0,US.ORCL,-0.0068777495507777045,"成交额 $843,966 ≥ 阈值 $500,000 | 成交量 1,663 手",US.ORCL,2026-05-01 15:47:56
US.ORCL260618C180000,ORCL 260618 180.00C,161.39,1035,839302.0,CALL,2026-06-18,180.0,7424,61.111,0.360671144,0.010409114,-0.144256867,0.220305441,48,100.0,US.ORCL,-0.11531073796393838,"成交额 $839,302 ≥ 阈值 $500,000 | 成交量 1,035 手",US.ORCL,2026-05-01 15:47:56
US.ORCL260618C160000,ORCL 260618 160.00C,161.39,423,688956.0,CALL,2026-06-18,160.0,5440,62.394,0.568666878,0.010703213,-0.157036149,0.231293118,48,100.0,US.ORCL,0.008612677365388106,"成交额 $688,956 ≥ 阈值 $500,000 | 成交量 423 手",US.ORCL,2026-05-01 15:47:56
US.ORCL260501P165000,ORCL 260501 165.00P,161.39,1528,685307.0,PUT,2026-05-01,165.0,3911,75.291,-0.774169064,0.064742099,-1.309643794,0.018540139,0,100.0,US.ORCL,0.022368176466943515,"成交额 $685,307 ≥ 阈值 $500,000 | 成交量 1,528 手",US.ORCL,2026-05-01 15:47:56
US.ORCL260515P160000,ORCL 260515 160.00P,161.39,1136,681258.0,PUT,2026-05-15,160.0,5780,53.205,-0.441643473,0.023075428,-0.229691749,0.127056424,14,100.0,US.ORCL,-0.008612677365388106,"成交额 $681,258 ≥ 阈值 $500,000 | 成交量 1,136 手",US.ORCL,2026-05-01 15:47:56
US.ORCL260515P150000,ORCL 260515 150.00P,161.39,2323,602243.0,PUT,2026-05-15,150.0,19279,54.875,-0.230981989,0.01723224,-0.183192466,0.097999415,14,100.0,US.ORCL,-0.07057438503005135,"成交额 $602,243 ≥ 阈值 $500,000 | 成交量 2,323 手",US.ORCL,2026-05-01 15:47:56
US.ORCL260508C160000,ORCL 260508 160.00C,161.39,986,602214.0,CALL,2026-05-08,160.0,2837,57.156,0.561793167,0.029741689,-0.367342667,0.091386864,7,100.0,US.ORCL,0.008612677365388106,"成交额 $602,214 ≥ 阈值 $500,000 | 成交量 986 手",US.ORCL,2026-05-01 15:47:56
US.ORCL260508C165000,ORCL 260508 165.00C,161.39,1498,602000.0,CALL,2026-05-08,165.0,1064,53.781,0.405946533,0.031099308,-0.337514243,0.089915047,7,100.0,US.ORCL,-0.022368176466943515,"成交额 $602,000 ≥ 阈值 $500,000 | 成交量 1,498 手",US.ORCL,2026-05-01 15:47:56
US.ORCL260515C170000,ORCL 260515 170.00C,161.39,1400,573709.0,CALL,2026-05-15,170.0,10731,53.583,0.337562996,0.021174734,-0.224871964,0.117669383,14,100.0,US.ORCL,-0.05334903029927514,"成交额 $573,709 ≥ 阈值 $500,000 | 成交量 1,400 手",US.ORCL,2026-05-01 15:47:56
US.ORCL260515C167500,ORCL 260515 167.50C,161.39,1153,561776.0,CALL,2026-05-15,167.5,142,53.512,0.389324185,0.02225283,-0.236696888,0.12349801,14,100.0,US.ORCL,-0.03785860338310933,"成交额 $561,776 ≥ 阈值 $500,000 | 成交量 1,153 手",US.ORCL,2026-05-01 15:47:56
US.ORCL260515P165000,ORCL 260515 165.00P,161.39,653,557208.0,PUT,2026-05-15,165.0,7008,52.769,-0.557975163,0.023307166,-0.225780601,0.127045885,14,100.0,US.ORCL,0.022368176466943515,"成交额 $557,208 ≥ 阈值 $500,000 | 成交量 653 手",US.ORCL,2026-05-01 15:47:56
US.ORCL260508P175000,ORCL 260508 175.00P,161.39,387,544330.0,PUT,2026-05-08,175.0,918,54.253,-0.840572132,0.019613749,-0.189102066,0.056164552,7,100.0,US.ORCL,0.08432988413160676,"成交额 $544,330 ≥ 阈值 $500,000 | 成交量 387 手",US.ORCL,2026-05-01 15:47:56
US.ORCL260501P180000,ORCL 260501 180.00P,161.39,283,502165.0,PUT,2026-05-01,180.0,3845,182.214,-0.937224229,0.011002859,-1.234655988,0.00761241,0,100.0,US.ORCL,0.11531073796393838,"成交额 $502,165 ≥ 阈值 $500,000 | 成交量 283 手",US.ORCL,2026-05-01 15:47:56
US.OXY260508C63000,OXY 260508 63.00C,60.58,6318,622548.0,CALL,2026-05-08,63.0,26471,56.405,0.332290325,0.07397257,-0.123352761,0.03160538,7,100.0,US.OXY,-0.03994717728623311,"成交额 $622,548 ≥ 阈值 $500,000 | 成交量 6,318 手",US.OXY,2026-05-01 15:48:34
US.OXY260515C60000,OXY 260515 60.00C,60.58,2121,523869.0,CALL,2026-05-15,60.0,12783,48.948,0.564394292,0.06654161,-0.084705661,0.04759642,14,100.0,US.OXY,0.009574116870254182,"成交额 $523,869 ≥ 阈值 $500,000 | 成交量 2,121 手",US.OXY,2026-05-01 15:48:34
US.PH260821C900000,PH 260821 900.00C,909.42,461,3139473.0,CALL,2026-08-21,900.0,24,32.418,0.58316033,0.002383895,-0.329782406,1.970561659,112,100.0,US.PH,0.010358250313386509,"成交额 $3,139,473 ≥ 阈值 $500,000 | 成交量 461 手",US.PH,2026-05-01 15:49:55
US.PWR260515C620000,PWR 260515 620.00C,727.77,760,7609173.0,CALL,2026-05-15,620.0,1895,48.958,0.955821887,0.001313535,-0.279939703,0.135614147,14,100.0,US.PWR,0.14808249859158798,"成交额 $7,609,173 ≥ 阈值 $500,000 | 成交量 760 手",US.PWR,2026-05-01 15:54:29
US.PWR260515C640000,PWR 260515 640.00C,727.77,228,1683705.0,CALL,2026-05-15,640.0,489,45.704,0.929304634,0.002038399,-0.361840631,0.196441036,14,100.0,US.PWR,0.12060128886873597,"成交额 $1,683,705 ≥ 阈值 $500,000 | 成交量 228 手",US.PWR,2026-05-01 15:54:29
US.PWR260515C730000,PWR 260515 730.00C,727.77,954,1404728.0,CALL,2026-05-15,730.0,11,39.304,0.507428947,0.006988237,-0.831744423,0.579244866,14,100.0,US.PWR,-0.003064154884098023,"成交额 $1,404,728 ≥ 阈值 $500,000 | 成交量 954 手",US.PWR,2026-05-01 15:54:29
US.PWR260618P680000,PWR 260618 680.00P,727.77,546,1249070.0,PUT,2026-06-18,680.0,0,40.441,-0.286528466,0.00318133,-0.357467617,0.902532387,48,100.0,US.PWR,-0.06563886942303197,"成交额 $1,249,070 ≥ 阈值 $500,000 | 成交量 546 手",US.PWR,2026-05-01 15:54:29
US.PWR260515P690000,PWR 260515 690.00P,727.77,739,849594.0,PUT,2026-05-15,690.0,0,40.934,-0.238873977,0.005220426,-0.62383666,0.450122432,14,100.0,US.PWR,-0.051898264561605977,"成交额 $849,594 ≥ 阈值 $500,000 | 成交量 739 手",US.PWR,2026-05-01 15:54:29
US.PWR260515P660000,PWR 260515 660.00P,727.77,1426,652281.0,PUT,2026-05-15,660.0,3,44.299,-0.121898557,0.003144738,-0.437375551,0.29362221,14,100.0,US.PWR,-0.09312007914588398,"成交额 $652,281 ≥ 阈值 $500,000 | 成交量 1,426 手",US.PWR,2026-05-01 15:54:29
US.Q261120C160000,Q 261120 160.00C,140.66,391,648703.0,CALL,2026-11-20,160.0,410,54.971,0.476379303,0.006896363,-0.061525094,0.418339503,203,100.0,US.Q,-0.1374946679937438,"成交额 $648,703 ≥ 阈值 $500,000 | 成交量 391 手",US.Q,2026-05-01 15:54:31
US.RMD260515C220000,RMD 260515 220.00C,213.81,743,502377.0,CALL,2026-05-15,220.0,198,56.278,0.426565278,0.016332799,-0.337694648,0.167313603,14,100.0,US.RMD,-0.028950937748468256,"成交额 $502,377 ≥ 阈值 $500,000 | 成交量 743 手",US.RMD,2026-05-01 15:56:25
US.RTX260618C190000,RTX 260618 190.00C,176.07,5441,1257396.0,CALL,2026-06-18,190.0,1784,27.045,0.25020338,0.018308646,-0.061103185,0.204051226,48,100.0,US.RTX,-0.07911626057817918,"成交额 $1,257,396 ≥ 阈值 $500,000 | 成交量 5,441 手",US.RTX,2026-05-01 15:57:08
US.SATS260612C130000,SATS 260612 130.00C,123.14,601,517950.0,CALL,2026-06-12,130.0,0,63.608,0.451595562,0.0148103,-0.129901514,0.166460136,42,100.0,US.SATS,-0.05570894916355367,"成交额 $517,950 ≥ 阈值 $500,000 | 成交量 601 手",US.SATS,2026-05-01 15:57:47
US.SCHW260515C93000,SCHW 260515 93.00C,91.64,3847,734634.0,CALL,2026-05-15,93.0,2866,34.33,0.43655224,0.062745455,-0.090288332,0.072023844,14,100.0,US.SCHW,-0.014840680925360098,"成交额 $734,634 ≥ 阈值 $500,000 | 成交量 3,847 手",US.SCHW,2026-05-01 15:58:25
US.SCHW260515C94000,SCHW 260515 94.00C,91.64,4123,670389.0,CALL,2026-05-15,94.0,294,32.584,0.368303278,0.063274124,-0.081633383,0.068933381,14,100.0,US.SCHW,-0.02575294631165429,"成交额 $670,389 ≥ 阈值 $500,000 | 成交量 4,123 手",US.SCHW,2026-05-01 15:58:25
US.SLB260918C60000,SLB 260918 60.00C,56.88,25214,9583553.0,CALL,2026-09-18,60.0,30755,36.561,0.47592495,0.0308598,-0.02058937,0.140544911,140,100.0,US.SLB,-0.05485232067510544,"成交额 $9,583,553 ≥ 阈值 $500,000 | 成交量 25,214 手",US.SLB,2026-05-01 15:59:04
US.SLB260918C75000,SLB 260918 75.00C,56.88,25803,2578081.0,CALL,2026-09-18,75.0,102,38.326,0.162260867,0.018152615,-0.012621609,0.086642756,140,100.0,US.SLB,-0.3185654008438818,"成交额 $2,578,081 ≥ 阈值 $500,000 | 成交量 25,803 手",US.SLB,2026-05-01 15:59:04
US.SLB260821P57500,SLB 260821 57.50P,56.88,2401,1207717.0,PUT,2026-08-21,57.5,204,38.889,-0.461393633,0.032931341,-0.019142175,0.125014949,112,100.0,US.SLB,0.010900140646976045,"成交额 $1,207,717 ≥ 阈值 $500,000 | 成交量 2,401 手",US.SLB,2026-05-01 15:59:04
US.SLB260821C57500,SLB 260821 57.50C,56.88,2471,1129085.0,CALL,2026-08-21,57.5,1752,37.297,0.541895126,0.033680166,-0.023408792,0.125302329,112,100.0,US.SLB,-0.010900140646976045,"成交额 $1,129,085 ≥ 阈值 $500,000 | 成交量 2,471 手",US.SLB,2026-05-01 15:59:04
US.SNDK260918P1090000,SNDK 260918 1090.00P,1096.51,801,20865940.0,PUT,2026-09-18,1090.0,15,101.164,-0.366832678,0.000551211,-0.869928689,2.561860185,140,100.0,US.SNDK,-0.005937018358245698,"成交额 $20,865,940 ≥ 阈值 $500,000 | 成交量 801 手",US.SNDK,2026-05-01 15:59:09
US.SNDK260501C1100000,SNDK 260501 1100.00C,1096.51,3743,20056307.0,CALL,2026-05-01,1100.0,1433,323.708,0.514584938,0.002939982,-52.131946007,0.167009065,0,100.0,US.SNDK,-0.0031828255100272767,"成交额 $20,056,307 ≥ 阈值 $500,000 | 成交量 3,743 手",US.SNDK,2026-05-01 15:59:09
US.SNDK260515C1100000,SNDK 260515 1100.00C,1096.51,1802,18729299.0,CALL,2026-05-15,1100.0,1220,118.631,0.544205967,0.001527539,-3.65401245,0.867506209,14,100.0,US.SNDK,-0.0031828255100272767,"成交额 $18,729,299 ≥ 阈值 $500,000 | 成交量 1,802 手",US.SNDK,2026-05-01 15:59:09
US.SNDK260515C1000000,SNDK 260515 1000.00C,1096.51,1111,17946426.0,CALL,2026-05-15,1000.0,1361,119.557,0.695511305,0.001338055,-3.259117367,0.76582111,14,100.0,US.SNDK,0.08801561317270247,"成交额 $17,946,426 ≥ 阈值 $500,000 | 成交量 1,111 手",US.SNDK,2026-05-01 15:59:09
US.SNDK260515C800000,SNDK 260515 800.00C,1096.51,439,13780397.0,CALL,2026-05-15,800.0,926,129.325,0.912508346,0.000561946,-1.603154188,0.347895534,14,100.0,US.SNDK,0.27041249053816196,"成交额 $13,780,397 ≥ 阈值 $500,000 | 成交量 439 手",US.SNDK,2026-05-01 15:59:09
US.SNDK260618P920000,SNDK 260618 920.00P,1096.51,1568,12370519.0,PUT,2026-06-18,920.0,1037,103.113,-0.252543334,0.000775731,-1.33110361,1.277381706,48,100.0,US.SNDK,-0.16097436411888627,"成交额 $12,370,519 ≥ 阈值 $500,000 | 成交量 1,568 手",US.SNDK,2026-05-01 15:59:09
US.SNDK260515C1200000,SNDK 260515 1200.00C,1096.51,1652,10200409.0,CALL,2026-05-15,1200.0,1594,117.634,0.397157058,0.001498218,-3.503878806,0.843699699,14,100.0,US.SNDK,-0.09438126419275703,"成交额 $10,200,409 ≥ 阈值 $500,000 | 成交量 1,652 手",US.SNDK,2026-05-01 15:59:09
US.SNDK260618P1200000,SNDK 260618 1200.00P,1096.51,442,9958670.0,PUT,2026-06-18,1200.0,35,103.014,-0.516854228,0.000972261,-1.631506624,1.593205966,48,100.0,US.SNDK,0.09438126419275703,"成交额 $9,958,670 ≥ 阈值 $500,000 | 成交量 442 手",US.SNDK,2026-05-01 15:59:09
US.SNDK260501C1000000,SNDK 260501 1000.00C,1096.51,865,9851156.0,CALL,2026-05-01,1000.0,1038,329.362,0.786849125,0.002107112,-38.163233885,0.12178727,0,100.0,US.SNDK,0.08801561317270247,"成交额 $9,851,156 ≥ 阈值 $500,000 | 成交量 865 手",US.SNDK,2026-05-01 15:59:09
US.SNDK260618P1000000,SNDK 260618 1000.00P,1096.51,903,9779416.0,PUT,2026-06-18,1000.0,162,102.657,-0.328247254,0.000881874,-1.494009166,1.444816241,48,100.0,US.SNDK,-0.08801561317270247,"成交额 $9,779,416 ≥ 阈值 $500,000 | 成交量 903 手",US.SNDK,2026-05-01 15:59:09
US.SNDK260618C1200000,SNDK 260618 1200.00C,1096.51,712,9466526.0,CALL,2026-06-18,1200.0,350,104.041,0.485911797,0.000958409,-1.75768553,1.594121547,48,100.0,US.SNDK,-0.09438126419275703,"成交额 $9,466,526 ≥ 阈值 $500,000 | 成交量 712 手",US.SNDK,2026-05-01 15:59:09
US.SNDK260508C1100000,SNDK 260508 1100.00C,1096.51,1125,9191920.0,CALL,2026-05-08,1100.0,325,132.715,0.532910269,0.0019018,-5.765328975,0.626284027,7,100.0,US.SNDK,-0.0031828255100272767,"成交额 $9,191,920 ≥ 阈值 $500,000 | 成交量 1,125 手",US.SNDK,2026-05-01 15:59:09
US.SNDK260501C1050000,SNDK 260501 1050.00C,1096.51,1127,8945902.0,CALL,2026-05-01,1050.0,1177,323.26,0.660245274,0.002705047,-47.693037251,0.153450314,0,100.0,US.SNDK,0.0424163938313376,"成交额 $8,945,902 ≥ 阈值 $500,000 | 成交量 1,127 手",US.SNDK,2026-05-01 15:59:09
US.SNDK260501C1200000,SNDK 260501 1200.00C,1096.51,4405,8597682.0,CALL,2026-05-01,1200.0,2124,327.246,0.255121925,0.002342969,-41.851942709,0.134549367,0,100.0,US.SNDK,-0.09438126419275703,"成交额 $8,597,682 ≥ 阈值 $500,000 | 成交量 4,405 手",US.SNDK,2026-05-01 15:59:09
US.SNDK260501P1100000,SNDK 260501 1100.00P,1096.51,1572,8479856.0,PUT,2026-05-01,1100.0,416,325.91,-0.485184526,0.002920111,-52.377037016,0.167005236,0,100.0,US.SNDK,0.0031828255100272767,"成交额 $8,479,856 ≥ 阈值 $500,000 | 成交量 1,572 手",US.SNDK,2026-05-01 15:59:09
US.SNDK260501C1150000,SNDK 260501 1150.00C,1096.51,2600,8364795.0,CALL,2026-05-01,1150.0,1832,331.833,0.37755741,0.002733663,-50.732237605,0.159186196,0,100.0,US.SNDK,-0.048782044851392155,"成交额 $8,364,795 ≥ 阈值 $500,000 | 成交量 2,600 手",US.SNDK,2026-05-01 15:59:09
US.SNDK260501C1090000,SNDK 260501 1090.00C,1096.51,1400,7619166.0,CALL,2026-05-01,1090.0,198,324.615,0.543973989,0.002915892,-51.995389105,0.166104482,0,100.0,US.SNDK,0.005937018358245698,"成交额 $7,619,166 ≥ 阈值 $500,000 | 成交量 1,400 手",US.SNDK,2026-05-01 15:59:09
US.SNDK260515P1200000,SNDK 260515 1200.00P,1096.51,408,7107456.0,PUT,2026-05-15,1200.0,304,115.211,-0.607270437,0.00152817,-3.309660427,0.840962087,14,100.0,US.SNDK,0.09438126419275703,"成交额 $7,107,456 ≥ 阈值 $500,000 | 成交量 408 手",US.SNDK,2026-05-01 15:59:09
US.SNDK260501C1095000,SNDK 260501 1095.00C,1096.51,1262,6791818.0,CALL,2026-05-01,1095.0,443,322.731,0.529198053,0.002942953,-51.872279717,0.166672964,0,100.0,US.SNDK,0.001377096424109211,"成交额 $6,791,818 ≥ 阈值 $500,000 | 成交量 1,262 手",US.SNDK,2026-05-01 15:59:09
US.SNDK260618C1100000,SNDK 260618 1100.00C,1096.51,335,5753441.0,CALL,2026-06-18,1100.0,792,103.858,0.576796263,0.000942841,-1.730562775,1.565473468,48,100.0,US.SNDK,-0.0031828255100272767,"成交额 $5,753,441 ≥ 阈值 $500,000 | 成交量 335 手",US.SNDK,2026-05-01 15:59:09
US.SNDK260515P1100000,SNDK 260515 1100.00P,1096.51,546,5655282.0,PUT,2026-05-15,1100.0,29,116.73,-0.456832358,0.001554202,-3.49226896,0.867687996,14,100.0,US.SNDK,0.0031828255100272767,"成交额 $5,655,282 ≥ 阈值 $500,000 | 成交量 546 手",US.SNDK,2026-05-01 15:59:09
US.SNDK260501C1110000,SNDK 260501 1110.00C,1096.51,1120,5560249.0,CALL,2026-05-01,1110.0,365,322.555,0.485169715,0.002950425,-51.929530254,0.167005268,0,100.0,US.SNDK,-0.012302669378300253,"成交额 $5,560,249 ≥ 阈值 $500,000 | 成交量 1,120 手",US.SNDK,2026-05-01 15:59:09
US.SNDK260501C1080000,SNDK 260501 1080.00C,1096.51,769,4978560.0,CALL,2026-05-01,1080.0,804,330.435,0.572882847,0.002833827,-52.345684782,0.164324046,0,100.0,US.SNDK,0.015056862226518674,"成交额 $4,978,560 ≥ 阈值 $500,000 | 成交量 769 手",US.SNDK,2026-05-01 15:59:09
US.SNDK260501P1095000,SNDK 260501 1095.00P,1096.51,955,4900350.0,PUT,2026-05-01,1095.0,93,326.435,-0.470577697,0.002909484,-52.357397063,0.166665805,0,100.0,US.SNDK,-0.001377096424109211,"成交额 $4,900,350 ≥ 阈值 $500,000 | 成交量 955 手",US.SNDK,2026-05-01 15:59:09
US.SNDK260717C1100000,SNDK 260717 1100.00C,1096.51,219,4480869.0,CALL,2026-07-17,1100.0,300,100.674,0.59551681,0.000761532,-1.320374901,1.958062905,77,100.0,US.SNDK,-0.0031828255100272767,"成交额 $4,480,869 ≥ 阈值 $500,000 | 成交量 219 手",US.SNDK,2026-05-01 15:59:09
US.SNDK260717C1070000,SNDK 260717 1070.00C,1096.51,206,4449625.0,CALL,2026-07-17,1070.0,80,100.694,0.618439656,0.000749154,-1.301367983,1.926611476,77,100.0,US.SNDK,0.02417670609479165,"成交额 $4,449,625 ≥ 阈值 $500,000 | 成交量 206 手",US.SNDK,2026-05-01 15:59:09
US.SNDK260501C975000,SNDK 260501 975.00C,1096.51,329,4393389.0,CALL,2026-05-01,975.0,354,317.141,0.848587472,0.00176599,-29.357787673,0.09828363,0,100.0,US.SNDK,0.11081522284338491,"成交额 $4,393,389 ≥ 阈值 $500,000 | 成交量 329 手",US.SNDK,2026-05-01 15:59:09
US.SNDK260501C925000,SNDK 260501 925.00C,1096.51,236,4176678.0,CALL,2026-05-01,925.0,272,330.826,0.920643567,0.001066193,-18.875736651,0.061898122,0,100.0,US.SNDK,0.15641444218474979,"成交额 $4,176,678 ≥ 阈值 $500,000 | 成交量 236 手",US.SNDK,2026-05-01 15:59:09
US.SNDK260501P1000000,SNDK 260501 1000.00P,1096.51,2570,4129627.0,PUT,2026-05-01,1000.0,1373,316.604,-0.205363385,0.002144527,-35.753694709,0.119147923,0,100.0,US.SNDK,-0.08801561317270247,"成交额 $4,129,627 ≥ 阈值 $500,000 | 成交量 2,570 手",US.SNDK,2026-05-01 15:59:09
US.SNDK260501C990000,SNDK 260501 990.00C,1096.51,326,4095095.0,CALL,2026-05-01,990.0,466,321.316,0.814397262,0.001987103,-34.118786143,0.112045106,0,100.0,US.SNDK,0.09713545704097545,"成交额 $4,095,095 ≥ 阈值 $500,000 | 成交量 326 手",US.SNDK,2026-05-01 15:59:09
US.SNDK260618P1150000,SNDK 260618 1150.00P,1096.51,207,4081940.0,PUT,2026-06-18,1150.0,5,102.99,-0.471523849,0.000969854,-1.635144195,1.590707738,48,100.0,US.SNDK,0.048782044851392155,"成交额 $4,081,940 ≥ 阈值 $500,000 | 成交量 207 手",US.SNDK,2026-05-01 15:59:09
US.SNDK260618P890000,SNDK 260618 890.00P,1096.51,593,3759256.0,PUT,2026-06-18,890.0,847,103.923,-0.226079506,0.000724375,-1.264084395,1.202405597,48,100.0,US.SNDK,-0.1883338957237052,"成交额 $3,759,256 ≥ 阈值 $500,000 | 成交量 593 手",US.SNDK,2026-05-01 15:59:09
US.SNDK260501C1070000,SNDK 260501 1070.00C,1096.51,530,3736903.0,CALL,2026-05-01,1070.0,715,322.545,0.602819789,0.00285395,-50.200812104,0.161539,0,100.0,US.SNDK,0.02417670609479165,"成交额 $3,736,903 ≥ 阈值 $500,000 | 成交量 530 手",US.SNDK,2026-05-01 15:59:09
US.SNDK260508C1110000,SNDK 260508 1110.00C,1096.51,437,3634886.0,CALL,2026-05-08,1110.0,70,132.511,0.513913208,0.001910066,-5.770076753,0.628041253,7,100.0,US.SNDK,-0.012302669378300253,"成交额 $3,634,886 ≥ 阈值 $500,000 | 成交量 437 手",US.SNDK,2026-05-01 15:59:09
US.SNDK260508C1200000,SNDK 260508 1200.00C,1096.51,800,3531431.0,CALL,2026-05-08,1200.0,283,131.077,0.351664704,0.001796994,-5.256868515,0.584462427,7,100.0,US.SNDK,-0.09438126419275703,"成交额 $3,531,431 ≥ 阈值 $500,000 | 成交量 800 手",US.SNDK,2026-05-01 15:59:09
US.SNDK260501P1050000,SNDK 260501 1050.00P,1096.51,1054,3354286.0,PUT,2026-05-01,1050.0,385,313.894,-0.336578175,0.002775703,-46.032871579,0.152894631,0,100.0,US.SNDK,-0.0424163938313376,"成交额 $3,354,286 ≥ 阈值 $500,000 | 成交量 1,054 手",US.SNDK,2026-05-01 15:59:09
US.SNDK260501C1250000,SNDK 260501 1250.00C,1096.51,3050,3308702.0,CALL,2026-05-01,1250.0,1405,330.947,0.165386549,0.001793236,-32.274677465,0.104144476,0,100.0,US.SNDK,-0.1399804835341219,"成交额 $3,308,702 ≥ 阈值 $500,000 | 成交量 3,050 手",US.SNDK,2026-05-01 15:59:09
US.SNDK260501C1085000,SNDK 260501 1085.00C,1096.51,535,3222150.0,CALL,2026-05-01,1085.0,196,325.16,0.558625366,0.00289713,-51.829348972,0.165313015,0,100.0,US.SNDK,0.010496940292382186,"成交额 $3,222,150 ≥ 阈值 $500,000 | 成交量 535 手",US.SNDK,2026-05-01 15:59:09
US.SNDK260501P1060000,SNDK 260501 1060.00P,1096.51,932,3200384.0,PUT,2026-05-01,1060.0,256,320.137,-0.367510496,0.002809205,-48.529225454,0.157817561,0,100.0,US.SNDK,-0.03329654996306462,"成交额 $3,200,384 ≥ 阈值 $500,000 | 成交量 932 手",US.SNDK,2026-05-01 15:59:09
US.SNDK260501P1090000,SNDK 260501 1090.00P,1096.51,620,3124754.0,PUT,2026-05-01,1090.0,103,325.922,-0.456008689,0.002904229,-52.097218305,0.166103444,0,100.0,US.SNDK,-0.005937018358245698,"成交额 $3,124,754 ≥ 阈值 $500,000 | 成交量 620 手",US.SNDK,2026-05-01 15:59:09
US.SNDK260501P1080000,SNDK 260501 1080.00P,1096.51,672,3093518.0,PUT,2026-05-01,1080.0,527,312.275,-0.425731602,0.002996705,-49.330800298,0.164216157,0,100.0,US.SNDK,-0.015056862226518674,"成交额 $3,093,518 ≥ 阈值 $500,000 | 成交量 672 手",US.SNDK,2026-05-01 15:59:09
US.SNDK260515C1110000,SNDK 260515 1110.00C,1096.51,291,2852698.0,CALL,2026-05-15,1110.0,111,118.479,0.528935838,0.001534903,-3.660722523,0.870573362,14,100.0,US.SNDK,-0.012302669378300253,"成交额 $2,852,698 ≥ 阈值 $500,000 | 成交量 291 手",US.SNDK,2026-05-01 15:59:09
US.SNDK260618P800000,SNDK 260618 800.00P,1096.51,629,2761476.0,PUT,2026-06-18,800.0,753,105.038,-0.152348506,0.000561213,-1.002646439,0.941955163,48,100.0,US.SNDK,-0.27041249053816196,"成交额 $2,761,476 ≥ 阈值 $500,000 | 成交量 629 手",US.SNDK,2026-05-01 15:59:09
US.SNDK260508C1300000,SNDK 260508 1300.00C,1096.51,1208,2590726.0,CALL,2026-05-08,1300.0,256,129.179,0.205967884,0.001400198,-3.884753345,0.448806893,7,100.0,US.SNDK,-0.18557970287548678,"成交额 $2,590,726 ≥ 阈值 $500,000 | 成交量 1,208 手",US.SNDK,2026-05-01 15:59:09
US.SNDK260515C1250000,SNDK 260515 1250.00C,1096.51,491,2529392.0,CALL,2026-05-15,1250.0,154,116.739,0.330058192,0.001417947,-3.252519598,0.79241538,14,100.0,US.SNDK,-0.1399804835341219,"成交额 $2,529,392 ≥ 阈值 $500,000 | 成交量 491 手",US.SNDK,2026-05-01 15:59:09
US.SNDK260515P960000,SNDK 260515 960.00P,1096.51,607,2523836.0,PUT,2026-05-15,960.0,374,117.93,-0.245572381,0.001220184,-2.799530703,0.688657735,14,100.0,US.SNDK,-0.12449498864579438,"成交额 $2,523,836 ≥ 阈值 $500,000 | 成交量 607 手",US.SNDK,2026-05-01 15:59:09
US.SNDK260501C1105000,SNDK 260501 1105.00C,1096.51,439,2291099.0,CALL,2026-05-01,1105.0,211,319.459,0.499305903,0.002981073,-51.476476341,0.167120506,0,100.0,US.SNDK,-0.007742747444163764,"成交额 $2,291,099 ≥ 阈值 $500,000 | 成交量 439 手",US.SNDK,2026-05-01 15:59:09
US.SNDK260501C1120000,SNDK 260501 1120.00C,1096.51,492,2239346.0,CALL,2026-05-01,1120.0,248,323.878,0.456597229,0.002922993,-51.839325475,0.166130718,0,100.0,US.SNDK,-0.021422513246573228,"成交额 $2,239,346 ≥ 阈值 $500,000 | 成交量 492 手",US.SNDK,2026-05-01 15:59:09
US.SNDK260501C1300000,SNDK 260501 1300.00C,1096.51,4111,2212662.0,CALL,2026-05-01,1300.0,2899,332.727,0.101115363,0.001269339,-22.65122505,0.074115005,0,100.0,US.SNDK,-0.18557970287548678,"成交额 $2,212,662 ≥ 阈值 $500,000 | 成交量 4,111 手",US.SNDK,2026-05-01 15:59:09
US.SNDK260501P1055000,SNDK 260501 1055.00P,1096.51,582,2157808.0,PUT,2026-05-01,1055.0,436,321.322,-0.353393804,0.00276137,-48.029369763,0.155704791,0,100.0,US.SNDK,-0.037856471897201115,"成交额 $2,157,808 ≥ 阈值 $500,000 | 成交量 582 手",US.SNDK,2026-05-01 15:59:09
US.SNDK260501P950000,SNDK 260501 950.00P,1096.51,2561,2103030.0,PUT,2026-05-01,950.0,1609,312.463,-0.103543981,0.001375194,-21.823871402,0.075405359,0,100.0,US.SNDK,-0.13361483251406736,"成交额 $2,103,030 ≥ 阈值 $500,000 | 成交量 2,561 手",US.SNDK,2026-05-01 15:59:09
US.SNDK260508C1095000,SNDK 260508 1095.00C,1096.51,227,1877752.0,CALL,2026-05-08,1095.0,17,131.104,0.54199574,0.001921036,-5.684718261,0.62493843,7,100.0,US.SNDK,0.001377096424109211,"成交额 $1,877,752 ≥ 阈值 $500,000 | 成交量 227 手",US.SNDK,2026-05-01 15:59:09
US.SNDK260501P980000,SNDK 260501 980.00P,1096.51,1342,1839735.0,PUT,2026-05-01,980.0,766,316.412,-0.161045374,0.001843479,-30.46629448,0.102359817,0,100.0,US.SNDK,-0.10625530090924842,"成交额 $1,839,735 ≥ 阈值 $500,000 | 成交量 1,342 手",US.SNDK,2026-05-01 15:59:09
US.SNDK260508P900000,SNDK 260508 900.00P,1096.51,1017,1795446.0,PUT,2026-05-08,900.0,770,136.812,-0.134189644,0.001003351,-3.07315329,0.340591322,7,100.0,US.SNDK,-0.17921405185543224,"成交额 $1,795,446 ≥ 阈值 $500,000 | 成交量 1,017 手",US.SNDK,2026-05-01 15:59:09
US.SNDK260508P1050000,SNDK 260508 1050.00P,1096.51,298,1749370.0,PUT,2026-05-08,1050.0,17,130.269,-0.371096946,0.001842225,-5.278472542,0.59530895,7,100.0,US.SNDK,-0.0424163938313376,"成交额 $1,749,370 ≥ 阈值 $500,000 | 成交量 298 手",US.SNDK,2026-05-01 15:59:09
US.SNDK260501P1085000,SNDK 260501 1085.00P,1096.51,371,1745498.0,PUT,2026-05-01,1085.0,202,316.492,-0.441109869,0.002976232,-50.336609138,0.165296384,0,100.0,US.SNDK,-0.010496940292382186,"成交额 $1,745,498 ≥ 阈值 $500,000 | 成交量 371 手",US.SNDK,2026-05-01 15:59:09
US.SNDK260501P1110000,SNDK 260501 1110.00P,1096.51,283,1659924.0,PUT,2026-05-01,1110.0,44,323.862,-0.514577733,0.002938659,-52.032085212,0.167008855,0,100.0,US.SNDK,0.012302669378300253,"成交额 $1,659,924 ≥ 阈值 $500,000 | 成交量 283 手",US.SNDK,2026-05-01 15:59:09
US.SNDK260618P830000,SNDK 260618 830.00P,1096.51,313,1583707.0,PUT,2026-06-18,830.0,134,103.979,-0.17467823,0.000619681,-1.084234906,1.029485235,48,100.0,US.SNDK,-0.24305295893334306,"成交额 $1,583,707 ≥ 阈值 $500,000 | 成交量 313 手",US.SNDK,2026-05-01 15:59:09
US.SNDK260515P1010000,SNDK 260515 1010.00P,1096.51,270,1577552.0,PUT,2026-05-15,1010.0,63,116.966,-0.31752818,0.001393374,-3.150183103,0.779858591,14,100.0,US.SNDK,-0.0788957693044295,"成交额 $1,577,552 ≥ 阈值 $500,000 | 成交量 270 手",US.SNDK,2026-05-01 15:59:09
US.SNDK260501P1075000,SNDK 260501 1075.00P,1096.51,348,1543110.0,PUT,2026-05-01,1075.0,206,314.889,-0.41088622,0.002948617,-49.342449677,0.162933625,0,100.0,US.SNDK,-0.01961678416065516,"成交额 $1,543,110 ≥ 阈值 $500,000 | 成交量 348 手",US.SNDK,2026-05-01 15:59:09
US.SNDK260508P1040000,SNDK 260508 1040.00P,1096.51,262,1520936.0,PUT,2026-05-08,1040.0,38,132.205,-0.352978706,0.001784471,-5.263705211,0.585234616,7,100.0,US.SNDK,-0.051536237699610576,"成交额 $1,520,936 ≥ 阈值 $500,000 | 成交量 262 手",US.SNDK,2026-05-01 15:59:09
US.SNDK260508P940000,SNDK 260508 940.00P,1096.51,619,1516478.0,PUT,2026-05-08,940.0,44,132.169,-0.181447333,0.00126679,-3.665012652,0.415408758,7,100.0,US.SNDK,-0.14273467638234033,"成交额 $1,516,478 ≥ 阈值 $500,000 | 成交量 619 手",US.SNDK,2026-05-01 15:59:09
US.SNDK260501C1130000,SNDK 260501 1130.00C,1096.51,376,1509749.0,CALL,2026-05-01,1130.0,115,324.43,0.4284464,0.002888066,-51.351234264,0.16442537,0,100.0,US.SNDK,-0.0305423571148462,"成交额 $1,509,749 ≥ 阈值 $500,000 | 成交量 376 手",US.SNDK,2026-05-01 15:59:09
US.SNDK260501C1210000,SNDK 260501 1210.00C,1096.51,834,1496128.0,CALL,2026-05-01,1210.0,329,328.961,0.235637997,0.002233307,-40.209908805,0.128924003,0,100.0,US.SNDK,-0.10350110806103001,"成交额 $1,496,128 ≥ 阈值 $500,000 | 成交量 834 手",US.SNDK,2026-05-01 15:59:09
US.SNDK260717P800000,SNDK 260717 800.00P,1096.51,228,1491637.0,PUT,2026-07-17,800.0,576,100.57,-0.176936624,0.000511285,-0.83002862,1.311939082,77,100.0,US.SNDK,-0.27041249053816196,"成交额 $1,491,637 ≥ 阈值 $500,000 | 成交量 228 手",US.SNDK,2026-05-01 15:59:09
US.SNDK260618P900000,SNDK 260618 900.00P,1096.51,201,1479347.0,PUT,2026-06-18,900.0,1275,103.12,-0.234227117,0.000744655,-1.278906901,1.226452203,48,100.0,US.SNDK,-0.17921405185543224,"成交额 $1,479,347 ≥ 阈值 $500,000 | 成交量 201 手",US.SNDK,2026-05-01 15:59:09
US.SNDK260501C1160000,SNDK 260501 1160.00C,1096.51,483,1424956.0,CALL,2026-05-01,1160.0,128,329.14,0.350362684,0.002687398,-48.987566561,0.155222043,0,100.0,US.SNDK,-0.057901888719665125,"成交额 $1,424,956 ≥ 阈值 $500,000 | 成交量 483 手",US.SNDK,2026-05-01 15:59:09
US.SNDK260515P950000,SNDK 260515 950.00P,1096.51,328,1368779.0,PUT,2026-05-15,950.0,385,116.982,-0.230548587,0.001188205,-2.680391611,0.665233171,14,100.0,US.SNDK,-0.13361483251406736,"成交额 $1,368,779 ≥ 阈值 $500,000 | 成交量 328 手",US.SNDK,2026-05-01 15:59:09
US.SNDK260501P995000,SNDK 260501 995.00P,1096.51,798,1293678.0,PUT,2026-05-01,995.0,485,318.125,-0.194754885,0.002067293,-34.743615464,0.115408468,0,100.0,US.SNDK,-0.09257553510683897,"成交额 $1,293,678 ≥ 阈值 $500,000 | 成交量 798 手",US.SNDK,2026-05-01 15:59:09
US.SNDK260508C1150000,SNDK 260508 1150.00C,1096.51,200,1257832.0,CALL,2026-05-08,1150.0,278,130.113,0.437484508,0.001922512,-5.581383022,0.620690771,7,100.0,US.SNDK,-0.048782044851392155,"成交额 $1,257,832 ≥ 阈值 $500,000 | 成交量 200 手",US.SNDK,2026-05-01 15:59:09
US.SNDK260501C1115000,SNDK 260501 1115.00C,1096.51,245,1251054.0,CALL,2026-05-01,1115.0,119,321.028,0.470270501,0.002958274,-51.562333023,0.166656492,0,100.0,US.SNDK,-0.01686259131243674,"成交额 $1,251,054 ≥ 阈值 $500,000 | 成交量 245 手",US.SNDK,2026-05-01 15:59:09
US.SNDK260501P1020000,SNDK 260501 1020.00P,1096.51,560,1249980.0,PUT,2026-05-01,1020.0,376,317.645,-0.255547233,0.002415903,-40.786892482,0.134666533,0,100.0,US.SNDK,-0.06977592543615653,"成交额 $1,249,980 ≥ 阈值 $500,000 | 成交量 560 手",US.SNDK,2026-05-01 15:59:09
US.SNDK260515P900000,SNDK 260515 900.00P,1096.51,425,1199093.0,PUT,2026-05-15,900.0,648,118.281,-0.168363945,0.000971905,-2.231646163,0.550226325,14,100.0,US.SNDK,-0.17921405185543224,"成交额 $1,199,093 ≥ 阈值 $500,000 | 成交量 425 手",US.SNDK,2026-05-01 15:59:09
US.SNDK260501P985000,SNDK 260501 985.00P,1096.51,854,1195304.0,PUT,2026-05-01,985.0,694,314.618,-0.170348515,0.001922556,-31.470333996,0.1061454,0,100.0,US.SNDK,-0.10169537897511194,"成交额 $1,195,304 ≥ 阈值 $500,000 | 成交量 854 手",US.SNDK,2026-05-01 15:59:09
US.SNDK260501P1105000,SNDK 260501 1105.00P,1096.51,213,1183346.0,PUT,2026-05-01,1105.0,16,320.165,-0.500590715,0.002974562,-51.481631744,0.167120274,0,100.0,US.SNDK,0.007742747444163764,"成交额 $1,183,346 ≥ 阈值 $500,000 | 成交量 213 手",US.SNDK,2026-05-01 15:59:09
US.SNDK260515P1000000,SNDK 260515 1000.00P,1096.51,207,1180196.0,PUT,2026-05-15,1000.0,643,116.061,-0.301708233,0.001373224,-3.055851743,0.762657988,14,100.0,US.SNDK,-0.08801561317270247,"成交额 $1,180,196 ≥ 阈值 $500,000 | 成交量 207 手",US.SNDK,2026-05-01 15:59:09
US.SNDK260501C1125000,SNDK 260501 1125.00C,1096.51,272,1167683.0,CALL,2026-05-01,1125.0,107,323.907,0.442361443,0.002909401,-51.587599286,0.165373439,0,100.0,US.SNDK,-0.025982435180709716,"成交额 $1,167,683 ≥ 阈值 $500,000 | 成交量 272 手",US.SNDK,2026-05-01 15:59:09
US.SNDK260501P1030000,SNDK 260501 1030.00P,1096.51,480,1111387.0,PUT,2026-05-01,1030.0,168,324.329,-0.285228153,0.002499779,-44.115781746,0.142274038,0,100.0,US.SNDK,-0.06065608156788355,"成交额 $1,111,387 ≥ 阈值 $500,000 | 成交量 480 手",US.SNDK,2026-05-01 15:59:09
US.SNDK260508P920000,SNDK 260508 920.00P,1096.51,522,1091294.0,PUT,2026-05-08,920.0,138,133.037,-0.154409698,0.001134268,-3.303698813,0.374401508,7,100.0,US.SNDK,-0.16097436411888627,"成交额 $1,091,294 ≥ 阈值 $500,000 | 成交量 522 手",US.SNDK,2026-05-01 15:59:09
US.SNDK260501C1140000,SNDK 260501 1140.00C,1096.51,307,1089823.0,CALL,2026-05-01,1140.0,273,325.478,0.401214126,0.002835782,-50.692643483,0.16197059,0,100.0,US.SNDK,-0.03966220098311918,"成交额 $1,089,823 ≥ 阈值 $500,000 | 成交量 307 手",US.SNDK,2026-05-01 15:59:09
US.SNDK260515C1300000,SNDK 260515 1300.00C,1096.51,278,1081207.0,CALL,2026-05-15,1300.0,513,115.865,0.269454403,0.001302955,-2.929657109,0.722695284,14,100.0,US.SNDK,-0.18557970287548678,"成交额 $1,081,207 ≥ 阈值 $500,000 | 成交量 278 手",US.SNDK,2026-05-01 15:59:09
US.SNDK260501P900000,SNDK 260501 900.00P,1096.51,3420,1054078.0,PUT,2026-05-01,900.0,3519,324.44,-0.048887349,0.000745335,-12.388438554,0.042435226,0,100.0,US.SNDK,-0.17921405185543224,"成交额 $1,054,078 ≥ 阈值 $500,000 | 成交量 3,420 手",US.SNDK,2026-05-01 15:59:09
US.SNDK260501C1170000,SNDK 260501 1170.00C,1096.51,375,970157.0,CALL,2026-05-01,1170.0,106,329.017,0.325339023,0.002612432,-47.49949655,0.150835883,0,100.0,US.SNDK,-0.0670217325879381,"成交额 $970,157 ≥ 阈值 $500,000 | 成交量 375 手",US.SNDK,2026-05-01 15:59:09
US.SNDK260501P1065000,SNDK 260501 1065.00P,1096.51,253,944586.0,PUT,2026-05-01,1065.0,275,315.693,-0.381139332,0.002881775,-48.432381669,0.159647013,0,100.0,US.SNDK,-0.028736628028928138,"成交额 $944,586 ≥ 阈值 $500,000 | 成交量 253 手",US.SNDK,2026-05-01 15:59:09
US.SNDK260501C1185000,SNDK 260501 1185.00C,1096.51,371,930896.0,CALL,2026-05-01,1185.0,160,328.108,0.289088227,0.002486748,-44.821323574,0.143182371,0,100.0,US.SNDK,-0.08070149839034757,"成交额 $930,896 ≥ 阈值 $500,000 | 成交量 371 手",US.SNDK,2026-05-01 15:59:09
US.SNDK260508C1400000,SNDK 260508 1400.00C,1096.51,797,924684.0,CALL,2026-05-08,1400.0,146,131.467,0.115977597,0.000942933,-2.626570117,0.307592777,7,100.0,US.SNDK,-0.27677814155821656,"成交额 $924,684 ≥ 阈值 $500,000 | 成交量 797 手",US.SNDK,2026-05-01 15:59:09
US.SNDK260501P990000,SNDK 260501 990.00P,1096.51,671,916532.0,PUT,2026-05-01,990.0,585,314.684,-0.181280023,0.001999398,-32.806276236,0.110411055,0,100.0,US.SNDK,-0.09713545704097545,"成交额 $916,532 ≥ 阈值 $500,000 | 成交量 671 手",US.SNDK,2026-05-01 15:59:09
US.SNDK260515P910000,SNDK 260515 910.00P,1096.51,305,887521.0,PUT,2026-05-15,910.0,199,118.78,-0.181152926,0.001013888,-2.350609053,0.576406255,14,100.0,US.SNDK,-0.17009420798715924,"成交额 $887,521 ≥ 阈值 $500,000 | 成交量 305 手",US.SNDK,2026-05-01 15:59:09
US.SNDK260618P700000,SNDK 260618 700.00P,1096.51,357,881977.0,PUT,2026-06-18,700.0,1061,107.904,-0.088678983,0.000372346,-0.70242945,0.642221335,48,100.0,US.SNDK,-0.3616109292208917,"成交额 $881,977 ≥ 阈值 $500,000 | 成交量 357 手",US.SNDK,2026-05-01 15:59:09
US.SNDK260508P970000,SNDK 260508 970.00P,1096.51,274,869255.0,PUT,2026-05-08,970.0,88,131.717,-0.227745973,0.001455568,-4.216398186,0.475665533,7,100.0,US.SNDK,-0.11537514477752141,"成交额 $869,255 ≥ 阈值 $500,000 | 成交量 274 手",US.SNDK,2026-05-01 15:59:09
US.SNDK260501C1180000,SNDK 260501 1180.00C,1096.51,346,857612.0,CALL,2026-05-01,1180.0,340,327.313,0.300177386,0.002536455,-45.54443394,0.145690524,0,100.0,US.SNDK,-0.07614157645621109,"成交额 $857,612 ≥ 阈值 $500,000 | 成交量 346 手",US.SNDK,2026-05-01 15:59:09
US.SNDK260501P1070000,SNDK 260501 1070.00P,1096.51,204,813746.0,PUT,2026-05-01,1070.0,317,322.646,-0.397200538,0.002853127,-50.111731156,0.161541036,0,100.0,US.SNDK,-0.02417670609479165,"成交额 $813,746 ≥ 阈值 $500,000 | 成交量 204 手",US.SNDK,2026-05-01 15:59:09
US.SNDK260508P950000,SNDK 260508 950.00P,1096.51,315,806272.0,PUT,2026-05-08,950.0,154,133.214,-0.197962932,0.001326065,-3.910484496,0.438279663,7,100.0,US.SNDK,-0.13361483251406736,"成交额 $806,272 ≥ 阈值 $500,000 | 成交量 315 手",US.SNDK,2026-05-01 15:59:09
US.SNDK260501C1145000,SNDK 260501 1145.00C,1096.51,225,797858.0,CALL,2026-05-01,1145.0,433,326.957,0.388378841,0.002797952,-50.44055725,0.160535762,0,100.0,US.SNDK,-0.04422212291725566,"成交额 $797,858 ≥ 阈值 $500,000 | 成交量 225 手",US.SNDK,2026-05-01 15:59:09
US.SNDK260508P990000,SNDK 260508 990.00P,1096.51,218,759564.0,PUT,2026-05-08,990.0,133,132.113,-0.262037356,0.001565128,-4.580737802,0.512990194,7,100.0,US.SNDK,-0.09713545704097545,"成交额 $759,564 ≥ 阈值 $500,000 | 成交量 218 手",US.SNDK,2026-05-01 15:59:09
US.SNDK260618P750000,SNDK 260618 750.00P,1096.51,229,748029.0,PUT,2026-06-18,750.0,373,107.186,-0.119243052,0.00046484,-0.865359867,0.796297873,48,100.0,US.SNDK,-0.31601170987952687,"成交额 $748,029 ≥ 阈值 $500,000 | 成交量 229 手",US.SNDK,2026-05-01 15:59:09
US.SNDK260501P1015000,SNDK 260501 1015.00P,1096.51,320,716967.0,PUT,2026-05-01,1015.0,149,320.277,-0.244187549,0.002338899,-40.098204571,0.13145469,0,100.0,US.SNDK,-0.07433584737029302,"成交额 $716,967 ≥ 阈值 $500,000 | 成交量 320 手",US.SNDK,2026-05-01 15:59:09
US.SNDK260501P970000,SNDK 260501 970.00P,1096.51,680,699928.0,PUT,2026-05-01,970.0,290,314.383,-0.139809248,0.001688486,-27.417584474,0.093152803,0,100.0,US.SNDK,-0.11537514477752141,"成交额 $699,928 ≥ 阈值 $500,000 | 成交量 680 手",US.SNDK,2026-05-01 15:59:09
US.SNDK260508P987500,SNDK 260508 987.50P,1096.51,205,695813.0,PUT,2026-05-08,987.5,18,132.332,-0.257963449,0.001549949,-4.549460647,0.508861783,7,100.0,US.SNDK,-0.0994154180080437,"成交额 $695,813 ≥ 阈值 $500,000 | 成交量 205 手",US.SNDK,2026-05-01 15:59:09
US.SNDK260501C1220000,SNDK 260501 1220.00C,1096.51,423,688733.0,CALL,2026-05-01,1220.0,188,328.942,0.215949444,0.00212586,-38.160259761,0.122714223,0,100.0,US.SNDK,-0.11262095192930298,"成交额 $688,733 ≥ 阈值 $500,000 | 成交量 423 手",US.SNDK,2026-05-01 15:59:09
US.SNDK260501C1225000,SNDK 260501 1225.00C,1096.51,443,687945.0,CALL,2026-05-01,1225.0,133,330.892,0.208130268,0.00206824,-37.51942049,0.120095804,0,100.0,US.SNDK,-0.11718087386343946,"成交额 $687,945 ≥ 阈值 $500,000 | 成交量 443 手",US.SNDK,2026-05-01 15:59:09
US.SNDK260501P1040000,SNDK 260501 1040.00P,1096.51,240,653464.0,PUT,2026-05-01,1040.0,100,314.659,-0.308294421,0.002670021,-44.422958213,0.147432337,0,100.0,US.SNDK,-0.051536237699610576,"成交额 $653,464 ≥ 阈值 $500,000 | 成交量 240 手",US.SNDK,2026-05-01 15:59:09
US.SNDK260501C1195000,SNDK 260501 1195.00C,1096.51,294,585578.0,CALL,2026-05-01,1195.0,251,326.46,0.265373376,0.002396781,-42.659664103,0.137309018,0,100.0,US.SNDK,-0.08982134225862054,"成交额 $585,578 ≥ 阈值 $500,000 | 成交量 294 手",US.SNDK,2026-05-01 15:59:09
US.SNDK260501C1190000,SNDK 260501 1190.00C,1096.51,266,548024.0,CALL,2026-05-01,1190.0,134,332.104,0.280610363,0.002422187,-44.687530845,0.141163323,0,100.0,US.SNDK,-0.08526142032448406,"成交额 $548,024 ≥ 阈值 $500,000 | 成交量 266 手",US.SNDK,2026-05-01 15:59:09
US.SNDK260501P925000,SNDK 260501 925.00P,1096.51,975,535554.0,PUT,2026-05-01,925.0,693,315.802,-0.070701847,0.001022746,-16.342030738,0.056679043,0,100.0,US.SNDK,-0.15641444218474979,"成交额 $535,554 ≥ 阈值 $500,000 | 成交量 975 手",US.SNDK,2026-05-01 15:59:09
US.SNDK260501P975000,SNDK 260501 975.00P,1096.51,455,501761.0,PUT,2026-05-01,975.0,256,311.099,-0.147302997,0.001767524,-28.153126847,0.096494557,0,100.0,US.SNDK,-0.11081522284338491,"成交额 $501,761 ≥ 阈值 $500,000 | 成交量 455 手",US.SNDK,2026-05-01 15:59:09
US.TAP260618C40000,TAP 260618 40.00C,42.74,1422,628322.0,CALL,2026-06-18,40.0,1577,33.364,0.740557618,0.062310258,-0.020193686,0.050489622,48,100.0,US.TAP,0.06410856340664488,"成交额 $628,322 ≥ 阈值 $500,000 | 成交量 1,422 手",US.TAP,2026-05-01 16:03:43
US.TER261120P330000,TER 261120 330.00P,343.47,250,1465000.0,PUT,2026-11-20,330.0,0,70.496,-0.356308568,0.002087706,-0.151071052,0.95557134,203,100.0,US.TER,-0.03921739889946728,"成交额 $1,465,000 ≥ 阈值 $500,000 | 成交量 250 手",US.TER,2026-05-01 16:05:38
US.TER260508C327500,TER 260508 327.50C,343.47,485,1372438.0,CALL,2026-05-08,327.5,480,75.334,0.691796929,0.009466409,-0.914288339,0.173637756,7,100.0,US.TER,0.04649605496841071,"成交额 $1,372,438 ≥ 阈值 $500,000 | 成交量 485 手",US.TER,2026-05-01 16:05:38
US.TER260508C332500,TER 260508 332.50C,343.47,482,1195108.0,CALL,2026-05-08,332.5,483,74.681,0.641759941,0.010134946,-0.962936713,0.184289856,7,100.0,US.TER,0.03193874283052385,"成交额 $1,195,108 ≥ 阈值 $500,000 | 成交量 482 手",US.TER,2026-05-01 16:05:38
US.TER260618C350000,TER 260618 350.00C,343.47,327,1069822.0,CALL,2026-06-18,350.0,390,66.174,0.524955192,0.004804045,-0.356621715,0.498679022,48,100.0,US.TER,-0.019011849652080158,"成交额 $1,069,822 ≥ 阈值 $500,000 | 成交量 327 手",US.TER,2026-05-01 16:05:38
US.TER260522C330000,TER 260522 330.00C,343.47,333,1044000.0,CALL,2026-05-22,330.0,276,70.566,0.629905489,0.006414144,-0.540509811,0.315012123,21,100.0,US.TER,0.03921739889946728,"成交额 $1,044,000 ≥ 阈值 $500,000 | 成交量 333 手",US.TER,2026-05-01 16:05:38
US.TER260618P340000,TER 260618 340.00P,343.47,333,945720.0,PUT,2026-06-18,340.0,190,64.3,-0.429323873,0.004896105,-0.311875649,0.491521529,48,100.0,US.TER,-0.01010277462369356,"成交额 $945,720 ≥ 阈值 $500,000 | 成交量 333 手",US.TER,2026-05-01 16:05:38
US.TER260529C350000,TER 260529 350.00C,343.47,319,856352.0,CALL,2026-05-29,350.0,1,66.576,0.502844947,0.006239666,-0.465815254,0.3831041,28,100.0,US.TER,-0.019011849652080158,"成交额 $856,352 ≥ 阈值 $500,000 | 成交量 319 手",US.TER,2026-05-01 16:05:38
US.TER260821C410000,TER 260821 410.00C,343.47,223,757028.0,CALL,2026-08-21,410.0,64,68.564,0.403096871,0.002960454,-0.236024216,0.738267233,112,100.0,US.TER,-0.19369959530672248,"成交额 $757,028 ≥ 阈值 $500,000 | 成交量 223 手",US.TER,2026-05-01 16:05:38
US.TER260508C360000,TER 260508 360.00C,343.47,721,717429.0,CALL,2026-05-08,360.0,180,70.64,0.342721327,0.010543782,-0.884460494,0.181346974,7,100.0,US.TER,-0.04812647392785388,"成交额 $717,429 ≥ 阈值 $500,000 | 成交量 721 手",US.TER,2026-05-01 16:05:38
US.TGT260508C121000,TGT 260508 121.00C,129.75,766,638545.0,CALL,2026-05-08,121.0,114,0.0,0.0,0.0,0.0,0.0,7,100.0,US.TGT,0.0674373795761079,"成交额 $638,545 ≥ 阈值 $500,000 | 成交量 766 手",US.TGT,2026-05-01 16:05:42
US.TGT260508C122000,TGT 260508 122.00C,129.75,765,564940.0,CALL,2026-05-08,122.0,39,0.0,0.0,0.0,0.0,0.0,7,100.0,US.TGT,0.05973025048169557,"成交额 $564,940 ≥ 阈值 $500,000 | 成交量 765 手",US.TGT,2026-05-01 16:05:42
US.TMO260618P580000,TMO 260618 580.00P,478.96,210,2103196.0,PUT,2026-06-18,580.0,76,0.0,0.0,0.0,0.0,0.0,48,100.0,US.TMO,0.21095707365959585,"成交额 $2,103,196 ≥ 阈值 $500,000 | 成交量 210 手",US.TMO,2026-05-01 16:06:23
US.TT260918C500000,TT 260918 500.00C,492.54,301,1063212.0,CALL,2026-09-18,500.0,18,28.738,0.533150879,0.004526487,-0.147107332,1.215039173,140,100.0,US.TT,-0.015145977991635156,"成交额 $1,063,212 ≥ 阈值 $500,000 | 成交量 301 手",US.TT,2026-05-01 16:08:57
US.TT260618C480000,TT 260618 480.00C,492.54,329,953577.0,CALL,2026-06-18,480.0,470,28.286,0.636218267,0.00739026,-0.225844722,0.674288605,48,100.0,US.TT,0.02545986112803025,"成交额 $953,577 ≥ 阈值 $500,000 | 成交量 329 手",US.TT,2026-05-01 16:08:57
US.TTD261120P20000,TTD 261120 20.00P,23.59,2678,884024.0,PUT,2026-11-20,20.0,1372,80.237,-0.273450655,0.023717455,-0.010768241,0.058626964,203,100.0,US.TTD,-0.15218312844425605,"成交额 $884,024 ≥ 阈值 $500,000 | 成交量 2,678 手",US.TTD,2026-05-01 16:09:00
US.ULTA260508C440000,ULTA 260508 440.00C,537.48,234,2252370.0,CALL,2026-05-08,440.0,7,81.34,0.962243664,0.001309007,-0.361079925,0.063483849,7,100.0,US.ULTA,0.18136488799583242,"成交额 $2,252,370 ≥ 阈值 $500,000 | 成交量 234 手",US.ULTA,2026-05-01 16:10:57
US.UNP260618C285000,UNP 260618 285.00C,269.48,2055,526600.0,CALL,2026-06-18,285.0,61,20.485,0.258594822,0.016068622,-0.073825061,0.317696834,48,100.0,US.UNP,-0.057592400178120756,"成交额 $526,600 ≥ 阈值 $500,000 | 成交量 2,055 手",US.UNP,2026-05-01 16:10:59
US.URI260501C530000,URI 260501 530.00C,959.84,214,9112505.0,CALL,2026-05-01,530.0,0,813.885,0.98047073,0.000158798,-12.426803981,0.017419999,0,100.0,US.URI,0.4478246374395733,"成交额 $9,112,505 ≥ 阈值 $500,000 | 成交量 214 手",US.URI,2026-05-01 16:11:38
US.URI260501C520000,URI 260501 520.00C,959.84,202,8802791.0,CALL,2026-05-01,520.0,0,884.857,0.976170442,0.000172811,-16.121081136,0.020610392,0,100.0,US.URI,0.45824304050675113,"成交额 $8,802,791 ≥ 阈值 $500,000 | 成交量 202 手",US.URI,2026-05-01 16:11:38
US.VLO260618C185000,VLO 260618 185.00C,252.58,434,2865883.0,CALL,2026-06-18,185.0,224,0.0,0.0,0.0,0.0,0.0,48,100.0,US.VLO,0.26755879325362264,"成交额 $2,865,883 ≥ 阈值 $500,000 | 成交量 434 手",US.VLO,2026-05-01 16:12:16
US.VLO260515C185000,VLO 260515 185.00C,252.58,429,2831489.0,CALL,2026-05-15,185.0,432,0.0,0.0,0.0,0.0,0.0,14,100.0,US.VLO,0.26755879325362264,"成交额 $2,831,489 ≥ 阈值 $500,000 | 成交量 429 手",US.VLO,2026-05-01 16:12:16
US.VRT260501C310000,VRT 260501 310.00C,328.49,1354,2157965.0,CALL,2026-05-01,310.0,851,144.273,0.869010751,0.012228508,-3.765826215,0.025632523,0,100.0,US.VRT,0.05628786264422055,"成交额 $2,157,965 ≥ 阈值 $500,000 | 成交量 1,354 手",US.VRT,2026-05-01 16:13:35
US.VRT260501C300000,VRT 260501 300.00C,328.49,780,1677232.0,CALL,2026-05-01,300.0,2076,184.984,0.914847331,0.00698818,-3.485340252,0.018781602,0,100.0,US.VRT,0.0867301896556973,"成交额 $1,677,232 ≥ 阈值 $500,000 | 成交量 780 手",US.VRT,2026-05-01 16:13:35
US.VRT260508C310000,VRT 260508 310.00C,328.49,557,1188064.0,CALL,2026-05-08,310.0,471,68.399,0.741445605,0.010047805,-0.732617104,0.152204371,7,100.0,US.VRT,0.05628786264422055,"成交额 $1,188,064 ≥ 阈值 $500,000 | 成交量 557 手",US.VRT,2026-05-01 16:13:35
US.VRT260515P292500,VRT 260515 292.50P,328.49,1669,1070943.0,PUT,2026-05-15,292.5,546,64.688,-0.164677894,0.005856861,-0.358001485,0.162244925,14,100.0,US.VRT,-0.10956193491430487,"成交额 $1,070,943 ≥ 阈值 $500,000 | 成交量 1,669 手",US.VRT,2026-05-01 16:13:35
US.VRT260515C320000,VRT 260515 320.00C,328.49,527,996512.0,CALL,2026-05-15,320.0,1019,65.163,0.6093729,0.008999681,-0.592422198,0.251243873,14,100.0,US.VRT,0.025845535632743794,"成交额 $996,512 ≥ 阈值 $500,000 | 成交量 527 手",US.VRT,2026-05-01 16:13:35
US.VRT260618C370000,VRT 260618 370.00C,328.49,601,894458.0,CALL,2026-06-18,370.0,7079,62.014,0.347488214,0.004975367,-0.293708861,0.442301389,48,100.0,US.VRT,-0.12636609942464,"成交额 $894,458 ≥ 阈值 $500,000 | 成交量 601 手",US.VRT,2026-05-01 16:13:35
US.VRT260618C320000,VRT 260618 320.00C,328.49,251,828789.0,CALL,2026-06-18,320.0,6878,63.808,0.598551628,0.005061646,-0.322285072,0.463008452,48,100.0,US.VRT,0.025845535632743794,"成交额 $828,789 ≥ 阈值 $500,000 | 成交量 251 手",US.VRT,2026-05-01 16:13:35
US.VRT260618C330000,VRT 260618 330.00C,328.49,259,726877.0,CALL,2026-06-18,330.0,852,63.186,0.546240578,0.005237761,-0.32559689,0.474447031,48,100.0,US.VRT,-0.004596791378732963,"成交额 $726,877 ≥ 阈值 $500,000 | 成交量 259 手",US.VRT,2026-05-01 16:13:35
US.VRT260508C330000,VRT 260508 330.00C,328.49,660,565869.0,CALL,2026-05-08,330.0,481,61.001,0.499895522,0.013896698,-0.806979851,0.187745184,7,100.0,US.VRT,-0.004596791378732963,"成交额 $565,869 ≥ 阈值 $500,000 | 成交量 660 手",US.VRT,2026-05-01 16:13:35
US.VRT260501C320000,VRT 260501 320.00C,328.49,775,545365.0,CALL,2026-05-01,320.0,635,115.442,0.739071732,0.023353166,-4.696437333,0.039169223,0,100.0,US.VRT,0.025845535632743794,"成交额 $545,365 ≥ 阈值 $500,000 | 成交量 775 手",US.VRT,2026-05-01 16:13:35
US.VRT260508C320000,VRT 260508 320.00C,328.49,410,532843.0,CALL,2026-05-08,320.0,289,63.304,0.633931153,0.01262918,-0.791771186,0.177061353,7,100.0,US.VRT,0.025845535632743794,"成交额 $532,843 ≥ 阈值 $500,000 | 成交量 410 手",US.VRT,2026-05-01 16:13:35
US.VST260821C210000,VST 260821 210.00C,157.84,1032,587163.0,CALL,2026-08-21,210.0,367,54.99,0.227829231,0.006268151,-0.06772825,0.264634367,112,100.0,US.VST,-0.33046122655854027,"成交额 $587,163 ≥ 阈值 $500,000 | 成交量 1,032 手",US.VST,2026-05-01 16:13:37
US.WFC261120P82500,WFC 261120 82.50P,82.23,1010,724383.0,PUT,2026-11-20,82.5,6,31.706,-0.434470253,0.020943029,-0.015468859,0.240110584,203,100.0,US.WFC,0.003283473184968941,"成交额 $724,383 ≥ 阈值 $500,000 | 成交量 1,010 手",US.WFC,2026-05-01 16:15:34
US.XYZ260918P67500,XYZ 260918 67.50P,70.51,1075,865339.0,PUT,2026-09-18,67.5,387,55.01,-0.370164632,0.015854817,-0.029588965,0.164988307,140,100.0,US.XYZ,-0.042688980286484254,"成交额 $865,339 ≥ 阈值 $500,000 | 成交量 1,075 手",US.XYZ,2026-05-01 16:18:10
US.ZBRA260515C220000,ZBRA 260515 220.00C,226.26,457,763510.0,CALL,2026-05-15,220.0,23,80.608,0.604094284,0.010601685,-0.503377468,0.173701305,14,100.0,US.ZBRA,0.02766728542384863,"成交额 $763,510 ≥ 阈值 $500,000 | 成交量 457 手",US.ZBRA,2026-05-01 16:18:50
US.ZTS260515C120000,ZTS 260515 120.00C,114.97,3293,1019320.0,CALL,2026-05-15,120.0,802,53.411,0.368584743,0.030819193,-0.165475686,0.086384234,14,100.0,US.ZTS,-0.043750543620074814,"成交额 $1,019,320 ≥ 阈值 $500,000 | 成交量 3,293 手",US.ZTS,2026-05-01 16:18:52
