code,name,last_price,volume,turnover,option_type,strike_time,option_strike_price,option_open_interest,option_implied_volatility,option_delta,option_gamma,option_theta,option_vega,option_expiry_date_distance,option_contract_size,stock_owner,open_price,high_price,low_price,prev_close_price,atm_degree_pct,market_val,anomaly_reason,scan_symbol,scan_timestamp
US.AAPL260717C295000,AAPL 260717 295.00C,287.423,60849,71673447.0,CALL,2026-07-17,295.0,89791,22.661,0.444563012,0.013754002,-0.092054369,0.500786872,71,100.0,US.AAPL,10.35,12.0,8.25,9.525,-0.02636184299795075,4221483923588.0,"成交额 $71,673,447 ≥ 阈值 $500,000 | 成交量 60,849 手",US.AAPL,2026-05-08 04:16:04
US.AAPL260821C320000,AAPL 260821 320.00C,287.423,86339,56316433.0,CALL,2026-08-21,320.0,5477,24.149,0.248705987,0.008472269,-0.062567646,0.490642741,106,100.0,US.AAPL,5.6,6.65,4.9,5.275,-0.11334166020116691,4221483923588.0,"成交额 $56,316,433 ≥ 阈值 $500,000 | 成交量 86,339 手",US.AAPL,2026-05-08 04:16:04
US.AAPL260508C290000,AAPL 260508 290.00C,287.423,128402,23178070.0,CALL,2026-05-08,290.0,22043,28.197,0.276513932,0.079201595,-0.731902364,0.050112641,1,100.0,US.AAPL,1.68,3.45,0.42,1.195,-0.008965879557307516,4221483923588.0,"成交额 $23,178,070 ≥ 阈值 $500,000 | 成交量 128,402 手",US.AAPL,2026-05-08 04:16:04
US.AAPL260618C300000,AAPL 260618 300.00C,287.423,28539,15304652.0,CALL,2026-06-18,300.0,107716,22.631,0.321011097,0.01622959,-0.103208852,0.349012103,42,100.0,US.AAPL,5.35,6.75,3.95,4.85,-0.043757806438593984,4221483923588.0,"成交额 $15,304,652 ≥ 阈值 $500,000 | 成交量 28,539 手",US.AAPL,2026-05-08 04:16:04
US.AAPL260618C250000,AAPL 260618 250.00C,287.423,2859,11798763.0,CALL,2026-06-18,250.0,17619,29.882,0.928996596,0.004659659,-0.069608283,0.132287232,42,100.0,US.AAPL,41.2,44.09,37.4,39.6998,0.13020182796783836,4221483923588.0,"成交额 $11,798,763 ≥ 阈值 $500,000 | 成交量 2,859 手",US.AAPL,2026-05-08 04:16:04
US.AAPL260508C292500,AAPL 260508 292.50C,287.423,94756,10451616.0,CALL,2026-05-08,292.5,16107,29.123,0.127274339,0.047778286,-0.457599665,0.031215497,1,100.0,US.AAPL,0.96,2.07,0.16,0.635,-0.01766386127762913,4221483923588.0,"成交额 $10,451,616 ≥ 阈值 $500,000 | 成交量 94,756 手",US.AAPL,2026-05-08 04:16:04
US.AAPL260515C290000,AAPL 260515 290.00C,287.423,25327,10243404.0,CALL,2026-05-15,290.0,33066,22.658,0.410737544,0.040358519,-0.253150399,0.165394467,8,100.0,US.AAPL,3.79,5.6,2.29,3.175,-0.008965879557307516,4221483923588.0,"成交额 $10,243,404 ≥ 阈值 $500,000 | 成交量 25,327 手",US.AAPL,2026-05-08 04:16:04
US.AAPL261120C255000,AAPL 261120 255.00C,287.423,2102,9462847.0,CALL,2026-11-20,255.0,493,28.713,0.778210529,0.004905853,-0.063575086,0.628040853,197,100.0,US.AAPL,48.2,48.2,45.01,46.3224,0.11280586452719511,4221483923588.0,"成交额 $9,462,847 ≥ 阈值 $500,000 | 成交量 2,102 手",US.AAPL,2026-05-08 04:16:04
US.AAPL260821C250000,AAPL 260821 250.00C,287.423,2105,9053515.0,CALL,2026-08-21,250.0,4181,28.885,0.851301874,0.005181249,-0.069041161,0.358894347,106,100.0,US.AAPL,45.48,48.0,42.8,44.1287,0.13020182796783836,4221483923588.0,"成交额 $9,053,515 ≥ 阈值 $500,000 | 成交量 2,105 手",US.AAPL,2026-05-08 04:16:04
US.AAPL260515C215000,AAPL 260515 215.00C,287.423,1115,8274669.0,CALL,2026-05-15,215.0,1198,0.0,0.0,0.0,0.0,0.0,8,100.0,US.AAPL,75.34,76.1,71.81,72.6227,0.251973572052341,4221483923588.0,"成交额 $8,274,669 ≥ 阈值 $500,000 | 成交量 1,115 手",US.AAPL,2026-05-08 04:16:04
US.AAPL260508C295000,AAPL 260508 295.00C,287.423,134992,7833308.0,CALL,2026-05-08,295.0,30604,30.803,0.054088694,0.023789243,-0.245834554,0.016443469,1,100.0,US.AAPL,0.47,1.2,0.06,0.31,-0.02636184299795075,4221483923588.0,"成交额 $7,833,308 ≥ 阈值 $500,000 | 成交量 134,992 手",US.AAPL,2026-05-08 04:16:04
US.AAPL260618C290000,AAPL 260618 290.00C,287.423,6968,6762797.0,CALL,2026-06-18,290.0,31503,23.13,0.491597847,0.01768788,-0.121011203,0.388837667,42,100.0,US.AAPL,9.6,11.46,7.47,8.775,-0.008965879557307516,4221483923588.0,"成交额 $6,762,797 ≥ 阈值 $500,000 | 成交量 6,968 手",US.AAPL,2026-05-08 04:16:04
US.AAPL260717C300000,AAPL 260717 300.00C,287.423,8155,6643527.0,CALL,2026-07-17,300.0,22153,22.511,0.378172345,0.013323417,-0.086769799,0.481868811,71,100.0,US.AAPL,8.0,9.7,6.45,7.55,-0.043757806438593984,4221483923588.0,"成交额 $6,643,527 ≥ 阈值 $500,000 | 成交量 8,155 手",US.AAPL,2026-05-08 04:16:04
US.AAPL260717C215000,AAPL 260717 215.00C,287.423,861,6565153.0,CALL,2026-07-17,215.0,1049,33.195,0.982342663,0.001034943,-0.033578903,0.055239713,71,100.0,US.AAPL,75.3,76.56,75.3,74.6745,0.251973572052341,4221483923588.0,"成交额 $6,565,153 ≥ 阈值 $500,000 | 成交量 861 手",US.AAPL,2026-05-08 04:16:04
US.AAPL260508C287500,AAPL 260508 287.50C,287.423,21442,6326389.0,CALL,2026-05-08,287.5,12349,28.176,0.498344811,0.094508126,-0.885636656,0.059765288,1,100.0,US.AAPL,2.82,5.28,1.09,2.16,-0.00026789783698589944,4221483923588.0,"成交额 $6,326,389 ≥ 阈值 $500,000 | 成交量 21,442 手",US.AAPL,2026-05-08 04:16:04
US.AAPL260515P300000,AAPL 260515 300.00P,287.423,5839,6294433.0,PUT,2026-05-15,300.0,264,25.842,-0.865215023,0.020957919,-0.127623933,0.091427395,8,100.0,US.AAPL,11.8,14.46,9.81,13.253,0.043757806438593984,4221483923588.0,"成交额 $6,294,433 ≥ 阈值 $500,000 | 成交量 5,839 手",US.AAPL,2026-05-08 04:16:04
US.AAPL260508P290000,AAPL 260508 290.00P,287.423,32463,6066267.0,PUT,2026-05-08,290.0,3532,26.384,-0.737822806,0.082698825,-0.639043424,0.048764265,1,100.0,US.AAPL,2.36,4.48,1.22,3.6851,0.008965879557307516,4221483923588.0,"成交额 $6,066,267 ≥ 阈值 $500,000 | 成交量 32,463 手",US.AAPL,2026-05-08 04:16:04
US.AAPL260515C285000,AAPL 260515 285.00C,287.423,7770,5403590.0,CALL,2026-05-15,285.0,34152,22.984,0.613863652,0.039137239,-0.258485315,0.162699071,8,100.0,US.AAPL,6.83,8.96,4.48,5.6952,0.008430083883335717,4221483923588.0,"成交额 $5,403,590 ≥ 阈值 $500,000 | 成交量 7,770 手",US.AAPL,2026-05-08 04:16:04
US.AAPL260515C255000,AAPL 260515 255.00C,287.423,1667,5370723.0,CALL,2026-05-15,255.0,10895,0.0,0.0,0.0,0.0,0.0,8,100.0,US.AAPL,34.35,36.85,31.25,32.7615,0.11280586452719511,4221483923588.0,"成交额 $5,370,723 ≥ 阈值 $500,000 | 成交量 1,667 手",US.AAPL,2026-05-08 04:16:04
US.AAPL260511C290000,AAPL 260511 290.00C,287.423,21395,5098418.0,CALL,2026-05-11,290.0,2580,19.364,0.340554629,0.062990734,-0.291610653,0.110176716,4,100.0,US.AAPL,2.23,3.95,0.95,1.775,-0.008965879557307516,4221483923588.0,"成交额 $5,098,418 ≥ 阈值 $500,000 | 成交量 21,395 手",US.AAPL,2026-05-08 04:16:04
US.AAPL260515C300000,AAPL 260515 300.00C,287.423,44394,4973564.0,CALL,2026-05-15,300.0,56871,24.117,0.123052244,0.019849654,-0.131780263,0.086536427,8,100.0,US.AAPL,0.9,1.72,0.48,0.72,-0.043757806438593984,4221483923588.0,"成交额 $4,973,564 ≥ 阈值 $500,000 | 成交量 44,394 手",US.AAPL,2026-05-08 04:16:04
US.AAPL260821C260000,AAPL 260821 260.00C,287.423,1322,4604160.0,CALL,2026-08-21,260.0,4104,27.541,0.794231153,0.00667533,-0.076659324,0.440915647,106,100.0,US.AAPL,36.87,39.0,34.35,35.9145,0.09540990108655188,4221483923588.0,"成交额 $4,604,160 ≥ 阈值 $500,000 | 成交量 1,322 手",US.AAPL,2026-05-08 04:16:04
US.AAPL260515C295000,AAPL 260515 295.00C,287.423,20479,4549343.0,CALL,2026-05-15,295.0,24398,23.081,0.23533155,0.031328675,-0.197745465,0.130741134,8,100.0,US.AAPL,2.0,3.25,1.04,1.57,-0.02636184299795075,4221483923588.0,"成交额 $4,549,343 ≥ 阈值 $500,000 | 成交量 20,479 手",US.AAPL,2026-05-08 04:16:04
US.AAPL260515C287500,AAPL 260515 287.50C,287.423,8162,4257324.0,CALL,2026-05-15,287.5,4708,22.835,0.513003354,0.041055883,-0.264721796,0.16957859,8,100.0,US.AAPL,5.11,7.2,3.2,4.3403,-0.00026789783698589944,4221483923588.0,"成交额 $4,257,324 ≥ 阈值 $500,000 | 成交量 8,162 手",US.AAPL,2026-05-08 04:16:04
US.AAPL260821C300000,AAPL 260821 300.00C,287.423,3418,4017478.0,CALL,2026-08-21,300.0,12204,24.298,0.428290913,0.010428696,-0.081023073,0.607863244,106,100.0,US.AAPL,11.66,13.7,10.37,11.35,-0.043757806438593984,4221483923588.0,"成交额 $4,017,478 ≥ 阈值 $500,000 | 成交量 3,418 手",US.AAPL,2026-05-08 04:16:04
US.AAPL260717C305000,AAPL 260717 305.00C,287.423,6139,3976288.0,CALL,2026-07-17,305.0,12459,22.389,0.315644734,0.012527662,-0.079728066,0.450573197,71,100.0,US.AAPL,6.3,7.74,4.91,5.9,-0.061153769879237214,4221483923588.0,"成交额 $3,976,288 ≥ 阈值 $500,000 | 成交量 6,139 手",US.AAPL,2026-05-08 04:16:04
US.AAPL260515C280000,AAPL 260515 280.00C,287.423,3494,3821553.0,CALL,2026-05-15,280.0,38074,23.428,0.786736619,0.029186909,-0.205634517,0.123627917,8,100.0,US.AAPL,10.35,13.06,7.82,9.2088,0.02582604732397895,4221483923588.0,"成交额 $3,821,553 ≥ 阈值 $500,000 | 成交量 3,494 手",US.AAPL,2026-05-08 04:16:04
US.AAPL260717C290000,AAPL 260717 290.00C,287.423,2895,3663672.0,CALL,2026-07-17,290.0,11892,22.95,0.512965695,0.013705995,-0.095584806,0.505427297,71,100.0,US.AAPL,12.26,14.67,10.45,11.925,-0.008965879557307516,4221483923588.0,"成交额 $3,663,672 ≥ 阈值 $500,000 | 成交量 2,895 手",US.AAPL,2026-05-08 04:16:04
US.AAPL260508C280000,AAPL 260508 280.00C,287.423,3744,3623922.0,CALL,2026-05-08,280.0,12563,36.178,0.919580687,0.027538192,-0.423389896,0.022354084,1,100.0,US.AAPL,9.1,12.16,6.18,7.8134,0.02582604732397895,4221483923588.0,"成交额 $3,623,922 ≥ 阈值 $500,000 | 成交量 3,744 手",US.AAPL,2026-05-08 04:16:04
US.AAPL260717C285000,AAPL 260717 285.00C,287.423,2241,3425800.0,CALL,2026-07-17,285.0,10360,23.372,0.580232444,0.013192268,-0.09710901,0.495422697,71,100.0,US.AAPL,15.4,17.67,13.05,14.6334,0.008430083883335717,4221483923588.0,"成交额 $3,425,800 ≥ 阈值 $500,000 | 成交量 2,241 手",US.AAPL,2026-05-08 04:16:04
US.AAPL260618C295000,AAPL 260618 295.00C,287.423,4740,3378181.0,CALL,2026-06-18,295.0,21690,22.875,0.404201,0.017370817,-0.114389146,0.377629335,42,100.0,US.AAPL,7.25,8.9,5.57,6.6,-0.02636184299795075,4221483923588.0,"成交额 $3,378,181 ≥ 阈值 $500,000 | 成交量 4,740 手",US.AAPL,2026-05-08 04:16:04
US.AAPL260529C290000,AAPL 260529 290.00C,287.423,5178,3262569.0,CALL,2026-05-29,290.0,6434,22.213,0.461705922,0.025338484,-0.155805653,0.28015592,22,100.0,US.AAPL,6.3,8.18,4.7,5.625,-0.008965879557307516,4221483923588.0,"成交额 $3,262,569 ≥ 阈值 $500,000 | 成交量 5,178 手",US.AAPL,2026-05-08 04:16:04
US.AAPL260508C285000,AAPL 260508 285.00C,287.423,6229,3020897.0,CALL,2026-05-08,285.0,10973,30.053,0.710415448,0.075976291,-0.811005512,0.051238664,1,100.0,US.AAPL,4.45,7.5,2.23,3.674,0.008430083883335717,4221483923588.0,"成交额 $3,020,897 ≥ 阈值 $500,000 | 成交量 6,229 手",US.AAPL,2026-05-08 04:16:04
US.AAPL260511C292500,AAPL 260511 292.50C,287.423,18698,2987147.0,CALL,2026-05-11,292.5,1672,19.99,0.209530062,0.047901954,-0.225523205,0.086454787,4,100.0,US.AAPL,1.58,2.67,0.54,1.0,-0.01766386127762913,4221483923588.0,"成交额 $2,987,147 ≥ 阈值 $500,000 | 成交量 18,698 手",US.AAPL,2026-05-08 04:16:04
US.AAPL260515P295000,AAPL 260515 295.00P,287.423,4019,2969962.0,PUT,2026-05-15,295.0,52,25.366,-0.746103836,0.030268491,-0.200774329,0.135805481,8,100.0,US.AAPL,8.0,9.44,6.22,9.0785,0.02636184299795075,4221483923588.0,"成交额 $2,969,962 ≥ 阈值 $500,000 | 成交量 4,019 手",US.AAPL,2026-05-08 04:16:04
US.AAPL260618C275000,AAPL 260618 275.00C,287.423,1492,2927491.0,CALL,2026-06-18,275.0,20772,24.671,0.732368666,0.01368665,-0.113984886,0.320841467,42,100.0,US.AAPL,18.83,21.61,16.5,18.0841,0.04322201076462218,4221483923588.0,"成交额 $2,927,491 ≥ 阈值 $500,000 | 成交量 1,492 手",US.AAPL,2026-05-08 04:16:04
US.AAPL260515C275000,AAPL 260515 275.00C,287.423,1947,2921365.0,CALL,2026-05-15,275.0,20044,23.59,0.904238427,0.016945386,-0.129270082,0.072258582,8,100.0,US.AAPL,14.12,17.56,11.85,13.4047,0.04322201076462218,4221483923588.0,"成交额 $2,921,365 ≥ 阈值 $500,000 | 成交量 1,947 手",US.AAPL,2026-05-08 04:16:04
US.AAPL260511C287500,AAPL 260511 287.50C,287.423,7291,2580633.0,CALL,2026-05-11,287.5,1812,18.816,0.506580503,0.070528276,-0.317248636,0.119894531,4,100.0,US.AAPL,3.2,5.65,1.71,2.815,-0.00026789783698589944,4221483923588.0,"成交额 $2,580,633 ≥ 阈值 $500,000 | 成交量 7,291 手",US.AAPL,2026-05-08 04:16:04
US.AAPL260515C270000,AAPL 260515 270.00C,287.423,1255,2463941.0,CALL,2026-05-15,270.0,25583,25.093,0.957665243,0.008454705,-0.082406974,0.038371882,8,100.0,US.AAPL,19.2,22.27,16.58,18.0619,0.060617974205265414,4221483923588.0,"成交额 $2,463,941 ≥ 阈值 $500,000 | 成交量 1,255 手",US.AAPL,2026-05-08 04:16:04
US.AAPL260515C225000,AAPL 260515 225.00C,287.423,382,2442591.0,CALL,2026-05-15,225.0,687,0.0,0.0,0.0,0.0,0.0,8,100.0,US.AAPL,66.8,66.8,62.2,62.639,0.2171816451710545,4221483923588.0,"成交额 $2,442,591 ≥ 阈值 $500,000 | 成交量 382 手",US.AAPL,2026-05-08 04:16:04
US.AAPL260508P287500,AAPL 260508 287.50P,287.423,19649,2344309.0,PUT,2026-05-08,287.5,926,27.02,-0.502184981,0.098628522,-0.821871035,0.05975524,1,100.0,US.AAPL,1.33,2.69,0.58,2.1506,0.00026789783698589944,4221483923588.0,"成交额 $2,344,309 ≥ 阈值 $500,000 | 成交量 19,649 手",US.AAPL,2026-05-08 04:16:04
US.AAPL260618C280000,AAPL 260618 280.00C,287.423,1416,2254615.0,CALL,2026-06-18,280.0,45304,24.009,0.660392777,0.015646893,-0.12020939,0.35701084,42,100.0,US.AAPL,15.69,18.0,12.95,14.5871,0.02582604732397895,4221483923588.0,"成交额 $2,254,615 ≥ 阈值 $500,000 | 成交量 1,416 手",US.AAPL,2026-05-08 04:16:04
US.AAPL260529C280000,AAPL 260529 280.00C,287.423,1603,2205695.0,CALL,2026-05-29,280.0,2674,22.94,0.702585838,0.02139856,-0.147716018,0.244283215,22,100.0,US.AAPL,12.55,15.0,10.24,11.499,0.02582604732397895,4221483923588.0,"成交额 $2,205,695 ≥ 阈值 $500,000 | 成交量 1,603 手",US.AAPL,2026-05-08 04:16:04
US.AAPL261120C270000,AAPL 261120 270.00C,287.423,594,2190528.0,CALL,2026-11-20,270.0,4110,27.511,0.694214133,0.006035952,-0.068171624,0.740471051,197,100.0,US.AAPL,36.82,37.83,35.35,35.5873,0.060617974205265414,4221483923588.0,"成交额 $2,190,528 ≥ 阈值 $500,000 | 成交量 594 手",US.AAPL,2026-05-08 04:16:04
US.AAPL260618C260000,AAPL 260618 260.00C,287.423,693,2182691.0,CALL,2026-06-18,260.0,20739,26.915,0.882971008,0.007489654,-0.083719065,0.191495011,42,100.0,US.AAPL,31.19,34.6,29.1,30.4914,0.09540990108655188,4221483923588.0,"成交额 $2,182,691 ≥ 阈值 $500,000 | 成交量 693 手",US.AAPL,2026-05-08 04:16:04
US.AAPL260515C250000,AAPL 260515 250.00C,287.423,537,2103371.0,CALL,2026-05-15,250.0,9293,0.0,0.0,0.0,0.0,0.0,8,100.0,US.AAPL,38.78,41.54,36.3,37.7164,0.13020182796783836,4221483923588.0,"成交额 $2,103,371 ≥ 阈值 $500,000 | 成交量 537 手",US.AAPL,2026-05-08 04:16:04
US.AAPL260918C300000,AAPL 260918 300.00C,287.423,1401,2056974.0,CALL,2026-09-18,300.0,23304,24.422,0.450275818,0.009307295,-0.074534382,0.689315393,134,100.0,US.AAPL,14.25,16.07,12.5,13.525,-0.043757806438593984,4221483923588.0,"成交额 $2,056,974 ≥ 阈值 $500,000 | 成交量 1,401 手",US.AAPL,2026-05-08 04:16:04
US.AAPL260508C275000,AAPL 260508 275.00C,287.423,1583,2009539.0,CALL,2026-05-08,275.0,4340,56.982,0.933945535,0.015039524,-0.560268002,0.019231921,1,100.0,US.AAPL,14.0,17.15,10.75,12.6279,0.04322201076462218,4221483923588.0,"成交额 $2,009,539 ≥ 阈值 $500,000 | 成交量 1,583 手",US.AAPL,2026-05-08 04:16:04
US.AAPL260618C285000,AAPL 260618 285.00C,287.423,1619,1994807.0,CALL,2026-06-18,285.0,19047,23.493,0.578765384,0.017077357,-0.12284405,0.38131142,42,100.0,US.AAPL,12.3,14.6,10.25,11.4577,0.008430083883335717,4221483923588.0,"成交额 $1,994,807 ≥ 阈值 $500,000 | 成交量 1,619 手",US.AAPL,2026-05-08 04:16:04
US.AAPL260618P290000,AAPL 260618 290.00P,287.423,2158,1964164.0,PUT,2026-06-18,290.0,2246,23.342,-0.513038463,0.017858483,-0.095380809,0.387183356,42,100.0,US.AAPL,9.21,10.45,8.37,10.2574,0.008965879557307516,4221483923588.0,"成交额 $1,964,164 ≥ 阈值 $500,000 | 成交量 2,158 手",US.AAPL,2026-05-08 04:16:04
US.AAPL260717C270000,AAPL 260717 270.00C,287.423,710,1910345.0,CALL,2026-07-17,270.0,5817,24.986,0.753941016,0.009948411,-0.089712957,0.399298235,71,100.0,US.AAPL,27.0,28.25,23.81,24.7657,0.060617974205265414,4221483923588.0,"成交额 $1,910,345 ≥ 阈值 $500,000 | 成交量 710 手",US.AAPL,2026-05-08 04:16:04
US.AAPL260918C220000,AAPL 260918 220.00C,287.423,250,1837100.0,CALL,2026-09-18,220.0,1428,32.965,0.933880963,0.002238099,-0.047106524,0.223678019,134,100.0,US.AAPL,74.0,74.0,72.71,72.5008,0.23457760861169774,4221483923588.0,"成交额 $1,837,100 ≥ 阈值 $500,000 | 成交量 250 手",US.AAPL,2026-05-08 04:16:04
US.AAPL260515C292500,AAPL 260515 292.50C,287.423,5660,1759970.0,CALL,2026-05-15,292.5,5405,22.845,0.316525067,0.036636261,-0.230293904,0.151359688,8,100.0,US.AAPL,2.91,4.3,1.61,2.29,-0.01766386127762913,4221483923588.0,"成交额 $1,759,970 ≥ 阈值 $500,000 | 成交量 5,660 手",US.AAPL,2026-05-08 04:16:04
US.AAPL260508C220000,AAPL 260508 220.00C,287.423,251,1748434.0,CALL,2026-05-08,220.0,106,205.818,0.994559555,0.000505538,-0.233180581,0.002335388,1,100.0,US.AAPL,69.21,71.0,68.4,67.51,0.23457760861169774,4221483923588.0,"成交额 $1,748,434 ≥ 阈值 $500,000 | 成交量 251 手",US.AAPL,2026-05-08 04:16:04
US.AAPL260717P285000,AAPL 260717 285.00P,287.423,1754,1723783.0,PUT,2026-07-17,285.0,980,23.368,-0.425316057,0.013483065,-0.070944542,0.494713839,71,100.0,US.AAPL,9.6,10.38,8.72,10.275,-0.008430083883335717,4221483923588.0,"成交额 $1,723,783 ≥ 阈值 $500,000 | 成交量 1,754 手",US.AAPL,2026-05-08 04:16:04
US.AAPL260821C290000,AAPL 260821 290.00C,287.423,962,1645428.0,CALL,2026-08-21,290.0,7103,24.775,0.531573618,0.010363746,-0.08587826,0.615966802,106,100.0,US.AAPL,16.6,18.75,14.97,15.9551,-0.008965879557307516,4221483923588.0,"成交额 $1,645,428 ≥ 阈值 $500,000 | 成交量 962 手",US.AAPL,2026-05-08 04:16:04
US.AAPL260508P285000,AAPL 260508 285.00P,287.423,24617,1642690.0,PUT,2026-05-08,285.0,4030,28.201,-0.277669241,0.079370962,-0.718879186,0.050211726,1,100.0,US.AAPL,0.64,1.4,0.29,1.165,-0.008430083883335717,4221483923588.0,"成交额 $1,642,690 ≥ 阈值 $500,000 | 成交量 24,617 手",US.AAPL,2026-05-08 04:16:04
US.AAPL260821C240000,AAPL 260821 240.00C,287.423,292,1593759.0,CALL,2026-08-21,240.0,2086,30.053,0.896120451,0.003876058,-0.060112387,0.279339733,106,100.0,US.AAPL,54.48,56.2,53.7,52.85,0.16499375484912482,4221483923588.0,"成交额 $1,593,759 ≥ 阈值 $500,000 | 成交量 292 手",US.AAPL,2026-05-08 04:16:04
US.AAPL260618C270000,AAPL 260618 270.00C,287.423,663,1579284.0,CALL,2026-06-18,270.0,27962,25.265,0.794319826,0.011557739,-0.104431355,0.277431624,42,100.0,US.AAPL,23.0,25.8,20.25,21.9751,0.060617974205265414,4221483923588.0,"成交额 $1,579,284 ≥ 阈值 $500,000 | 成交量 663 手",US.AAPL,2026-05-08 04:16:04
US.AAPL260513C292500,AAPL 260513 292.50C,287.423,5632,1485666.0,CALL,2026-05-13,292.5,295,21.893,0.277982198,0.041605554,-0.239229964,0.123486027,6,100.0,US.AAPL,2.08,3.58,1.08,1.73,-0.01766386127762913,4221483923588.0,"成交额 $1,485,666 ≥ 阈值 $500,000 | 成交量 5,632 手",US.AAPL,2026-05-08 04:16:04
US.AAPL260618C245000,AAPL 260618 245.00C,287.423,321,1470649.0,CALL,2026-06-18,245.0,3969,32.032,0.940950115,0.003767204,-0.066069212,0.114657171,42,100.0,US.AAPL,46.3,46.49,42.95,44.4351,0.1475977914084816,4221483923588.0,"成交额 $1,470,649 ≥ 阈值 $500,000 | 成交量 321 手",US.AAPL,2026-05-08 04:16:04
US.AAPL260513C290000,AAPL 260513 290.00C,287.423,4750,1439006.0,CALL,2026-05-13,290.0,2692,21.579,0.38691691,0.048171923,-0.274869992,0.140956056,6,100.0,US.AAPL,3.2,4.83,1.71,2.51,-0.008965879557307516,4221483923588.0,"成交额 $1,439,006 ≥ 阈值 $500,000 | 成交量 4,750 手",US.AAPL,2026-05-08 04:16:04
US.AAPL260515P285000,AAPL 260515 285.00P,287.423,5771,1369481.0,PUT,2026-05-15,285.0,7005,24.025,-0.391176284,0.037674771,-0.242665363,0.163201134,8,100.0,US.AAPL,2.53,3.62,1.8,3.175,-0.008430083883335717,4221483923588.0,"成交额 $1,369,481 ≥ 阈值 $500,000 | 成交量 5,771 手",US.AAPL,2026-05-08 04:16:04
US.AAPL260515C260000,AAPL 260515 260.00C,287.423,476,1360837.0,CALL,2026-05-15,260.0,10308,0.0,0.0,0.0,0.0,0.0,8,100.0,US.AAPL,28.88,32.3,26.65,27.8097,0.09540990108655188,4221483923588.0,"成交额 $1,360,837 ≥ 阈值 $500,000 | 成交量 476 手",US.AAPL,2026-05-08 04:16:04
US.AAPL260508P292500,AAPL 260508 292.50P,287.423,4117,1286930.0,PUT,2026-05-08,292.5,901,31.394,-0.855247401,0.048814525,-0.515200203,0.034057702,1,100.0,US.AAPL,5.1,6.1,2.38,5.6247,0.01766386127762913,4221483923588.0,"成交额 $1,286,930 ≥ 阈值 $500,000 | 成交量 4,117 手",US.AAPL,2026-05-08 04:16:04
US.AAPL260821C280000,AAPL 260821 280.00C,287.423,567,1273026.0,CALL,2026-08-21,280.0,7105,25.465,0.631740612,0.009558076,-0.086339608,0.583866484,106,100.0,US.AAPL,22.51,24.88,20.27,21.6382,0.02582604732397895,4221483923588.0,"成交额 $1,273,026 ≥ 阈值 $500,000 | 成交量 567 手",US.AAPL,2026-05-08 04:16:04
US.AAPL260821C285000,AAPL 260821 285.00C,287.423,649,1271913.0,CALL,2026-08-21,285.0,5291,25.156,0.582525271,0.010019033,-0.086834596,0.604625632,106,100.0,US.AAPL,19.39,21.56,17.64,18.6518,0.008430083883335717,4221483923588.0,"成交额 $1,271,913 ≥ 阈值 $500,000 | 成交量 649 手",US.AAPL,2026-05-08 04:16:04
US.AAPL260618C310000,AAPL 260618 310.00C,287.423,4649,1255937.0,CALL,2026-06-18,310.0,39717,22.84,0.18857225,0.012130379,-0.076784037,0.263171952,42,100.0,US.AAPL,2.69,3.64,1.9,2.45,-0.07854973331988045,4221483923588.0,"成交额 $1,255,937 ≥ 阈值 $500,000 | 成交量 4,649 手",US.AAPL,2026-05-08 04:16:04
US.AAPL260717C275000,AAPL 260717 275.00C,287.423,556,1245048.0,CALL,2026-07-17,275.0,10252,24.407,0.702009124,0.011203706,-0.09388356,0.439310576,71,100.0,US.AAPL,22.1,24.26,19.6,21.08,0.04322201076462218,4221483923588.0,"成交额 $1,245,048 ≥ 阈值 $500,000 | 成交量 556 手",US.AAPL,2026-05-08 04:16:04
US.AAPL260522C290000,AAPL 260522 290.00C,287.423,2059,1189890.0,CALL,2026-05-22,290.0,6005,22.844,0.445400863,0.029698707,-0.190636158,0.23020009,15,100.0,US.AAPL,5.45,7.12,3.75,4.65,-0.008965879557307516,4221483923588.0,"成交额 $1,189,890 ≥ 阈值 $500,000 | 成交量 2,059 手",US.AAPL,2026-05-08 04:16:04
US.AAPL261016C250000,AAPL 261016 250.00C,287.423,240,1183389.0,CALL,2026-10-16,250.0,331,28.936,0.81699586,0.004785171,-0.064105839,0.507516811,162,100.0,US.AAPL,50.59,50.6,46.4,47.8707,0.13020182796783836,4221483923588.0,"成交额 $1,183,389 ≥ 阈值 $500,000 | 成交量 240 手",US.AAPL,2026-05-08 04:16:04
US.AAPL260821C310000,AAPL 260821 310.00C,287.423,1483,1177840.0,CALL,2026-08-21,310.0,17762,24.125,0.331718335,0.009711819,-0.072823672,0.561968513,106,100.0,US.AAPL,8.5,9.57,7.4,7.85,-0.07854973331988045,4221483923588.0,"成交额 $1,177,840 ≥ 阈值 $500,000 | 成交量 1,483 手",US.AAPL,2026-05-08 04:16:04
US.AAPL261016P300000,AAPL 261016 300.00P,287.423,474,1090910.0,PUT,2026-10-16,300.0,123,24.621,-0.548944876,0.009008731,-0.044051007,0.747975701,162,100.0,US.AAPL,23.04,23.1,23.0,23.9831,0.043757806438593984,4221483923588.0,"成交额 $1,090,910 ≥ 阈值 $500,000 | 成交量 474 手",US.AAPL,2026-05-08 04:16:04
US.AAPL260618C305000,AAPL 260618 305.00C,287.423,2769,1066787.0,CALL,2026-06-18,305.0,10559,22.749,0.249434302,0.014310794,-0.090830563,0.309298041,42,100.0,US.AAPL,3.45,5.0,2.79,3.475,-0.061153769879237214,4221483923588.0,"成交额 $1,066,787 ≥ 阈值 $500,000 | 成交量 2,769 手",US.AAPL,2026-05-08 04:16:04
US.AAPL260918C290000,AAPL 260918 290.00C,287.423,543,1056661.0,CALL,2026-09-18,290.0,8843,24.948,0.541853406,0.009131842,-0.07821503,0.690914279,134,100.0,US.AAPL,18.89,21.16,17.0,18.306,-0.008965879557307516,4221483923588.0,"成交额 $1,056,661 ≥ 阈值 $500,000 | 成交量 543 手",US.AAPL,2026-05-08 04:16:04
US.AAPL260717C310000,AAPL 260717 310.00C,287.423,2288,1044191.0,CALL,2026-07-17,310.0,25938,22.483,0.26059873,0.011395002,-0.072315895,0.411485093,71,100.0,US.AAPL,4.9,6.12,3.8,4.575,-0.07854973331988045,4221483923588.0,"成交额 $1,044,191 ≥ 阈值 $500,000 | 成交量 2,288 手",US.AAPL,2026-05-08 04:16:04
US.AAPL260918C315000,AAPL 260918 315.00C,287.423,1152,1043363.0,CALL,2026-09-18,315.0,2373,24.02,0.321054694,0.008560794,-0.06436287,0.62347922,134,100.0,US.AAPL,9.0,10.0,7.95,8.3,-0.09594569676052368,4221483923588.0,"成交额 $1,043,363 ≥ 阈值 $500,000 | 成交量 1,152 手",US.AAPL,2026-05-08 04:16:04
US.AAPL260511C295000,AAPL 260511 295.00C,287.423,10871,1036487.0,CALL,2026-05-11,295.0,1596,20.855,0.122232071,0.032328681,-0.156117308,0.060858943,4,100.0,US.AAPL,0.88,1.74,0.3,0.58,-0.02636184299795075,4221483923588.0,"成交额 $1,036,487 ≥ 阈值 $500,000 | 成交量 10,871 手",US.AAPL,2026-05-08 04:16:04
US.AAPL261016C320000,AAPL 261016 320.00C,287.423,1047,1028191.0,CALL,2026-10-16,320.0,1159,24.113,0.313037563,0.007672999,-0.058660877,0.678214798,162,100.0,US.AAPL,9.1,10.55,8.27,8.725,-0.11334166020116691,4221483923588.0,"成交额 $1,028,191 ≥ 阈值 $500,000 | 成交量 1,047 手",US.AAPL,2026-05-08 04:16:04
US.AAPL260717C280000,AAPL 260717 280.00C,287.423,547,1026300.0,CALL,2026-07-17,280.0,41345,23.91,0.643611851,0.012300413,-0.096627763,0.47252401,71,100.0,US.AAPL,18.17,21.0,16.33,17.6867,0.02582604732397895,4221483923588.0,"成交额 $1,026,300 ≥ 阈值 $500,000 | 成交量 547 手",US.AAPL,2026-05-08 04:16:04
US.AAPL261016P270000,AAPL 261016 270.00P,287.423,920,984894.0,PUT,2026-10-16,270.0,3863,26.802,-0.303699912,0.006931819,-0.047299492,0.666753518,162,100.0,US.AAPL,10.68,11.2,10.15,11.1,-0.060617974205265414,4221483923588.0,"成交额 $984,894 ≥ 阈值 $500,000 | 成交量 920 手",US.AAPL,2026-05-08 04:16:04
US.AAPL260515C245000,AAPL 260515 245.00C,287.423,217,959293.0,CALL,2026-05-15,245.0,2000,0.0,0.0,0.0,0.0,0.0,8,100.0,US.AAPL,44.35,46.34,41.2,42.6947,0.1475977914084816,4221483923588.0,"成交额 $959,293 ≥ 阈值 $500,000 | 成交量 217 手",US.AAPL,2026-05-08 04:16:04
US.AAPL261120P250000,AAPL 261120 250.00P,287.423,1222,958473.0,PUT,2026-11-20,250.0,1323,29.439,-0.202938678,0.004588558,-0.039045017,0.594863537,197,100.0,US.AAPL,7.7,8.05,7.5,7.925,-0.13020182796783836,4221483923588.0,"成交额 $958,473 ≥ 阈值 $500,000 | 成交量 1,222 手",US.AAPL,2026-05-08 04:16:04
US.AAPL260618C315000,AAPL 260618 315.00C,287.423,4587,925552.0,CALL,2026-06-18,315.0,8591,23.036,0.140117892,0.009916581,-0.063242084,0.216962739,42,100.0,US.AAPL,1.88,2.64,1.37,1.695,-0.09594569676052368,4221483923588.0,"成交额 $925,552 ≥ 阈值 $500,000 | 成交量 4,587 手",US.AAPL,2026-05-08 04:16:04
US.AAPL260529C300000,AAPL 260529 300.00C,287.423,3364,920920.0,CALL,2026-05-29,300.0,12808,22.259,0.236903616,0.019655161,-0.117207336,0.217671114,22,100.0,US.AAPL,2.72,3.85,1.76,2.3,-0.043757806438593984,4221483923588.0,"成交额 $920,920 ≥ 阈值 $500,000 | 成交量 3,364 手",US.AAPL,2026-05-08 04:16:04
US.AAPL260513C287500,AAPL 260513 287.50C,287.423,1718,918790.0,CALL,2026-05-13,287.5,1089,21.46,0.510283682,0.050462872,-0.289358308,0.146862879,6,100.0,US.AAPL,4.2,6.45,2.66,3.7,-0.00026789783698589944,4221483923588.0,"成交额 $918,790 ≥ 阈值 $500,000 | 成交量 1,718 手",US.AAPL,2026-05-08 04:16:04
US.AAPL260618P285000,AAPL 260618 285.00P,287.423,1258,912244.0,PUT,2026-06-18,285.0,2015,23.649,-0.425072733,0.017198786,-0.097004198,0.38100223,42,100.0,US.AAPL,7.25,7.99,6.4,7.925,-0.008430083883335717,4221483923588.0,"成交额 $912,244 ≥ 阈值 $500,000 | 成交量 1,258 手",US.AAPL,2026-05-08 04:16:04
US.AAPL260508C282500,AAPL 260508 282.50C,287.423,1257,878853.0,CALL,2026-05-08,282.5,6859,32.247,0.85133252,0.047976133,-0.587319825,0.034710686,1,100.0,US.AAPL,7.15,9.6,4.24,5.5937,0.017128065603657334,4221483923588.0,"成交额 $878,853 ≥ 阈值 $500,000 | 成交量 1,257 手",US.AAPL,2026-05-08 04:16:04
US.AAPL260513C295000,AAPL 260513 295.00C,287.423,5274,875477.0,CALL,2026-05-13,295.0,733,22.538,0.193267951,0.0330387,-0.196239067,0.100923169,6,100.0,US.AAPL,1.32,2.58,0.7,1.08,-0.02636184299795075,4221483923588.0,"成交额 $875,477 ≥ 阈值 $500,000 | 成交量 5,274 手",US.AAPL,2026-05-08 04:16:04
US.AAPL260821C295000,AAPL 260821 295.00C,287.423,600,875058.0,CALL,2026-08-21,295.0,3971,24.516,0.479771083,0.010492381,-0.084000576,0.617101533,106,100.0,US.AAPL,14.4,16.05,12.65,13.5,-0.02636184299795075,4221483923588.0,"成交额 $875,058 ≥ 阈值 $500,000 | 成交量 600 手",US.AAPL,2026-05-08 04:16:04
US.AAPL260605C300000,AAPL 260605 300.00C,287.423,2397,846552.0,CALL,2026-06-05,300.0,3059,22.141,0.27135902,0.018481722,-0.11045339,0.268414233,29,100.0,US.AAPL,3.45,4.8,2.41,3.1,-0.043757806438593984,4221483923588.0,"成交额 $846,552 ≥ 阈值 $500,000 | 成交量 2,397 手",US.AAPL,2026-05-08 04:16:04
US.AAPL260515C265000,AAPL 260515 265.00C,287.423,342,821243.0,CALL,2026-05-15,265.0,7431,0.0,0.0,0.0,0.0,0.0,8,100.0,US.AAPL,23.81,26.89,20.95,22.9003,0.07801393764590865,4221483923588.0,"成交额 $821,243 ≥ 阈值 $500,000 | 成交量 342 手",US.AAPL,2026-05-08 04:16:04
US.AAPL260717P290000,AAPL 260717 290.00P,287.423,686,807337.0,PUT,2026-07-17,290.0,375,23.046,-0.494272591,0.014035964,-0.069671693,0.502755556,71,100.0,US.AAPL,11.85,12.65,10.75,12.5817,0.008965879557307516,4221483923588.0,"成交额 $807,337 ≥ 阈值 $500,000 | 成交量 686 手",US.AAPL,2026-05-08 04:16:04
US.AAPL260717C260000,AAPL 260717 260.00C,287.423,233,801043.0,CALL,2026-07-17,260.0,20880,26.43,0.836306696,0.007371224,-0.079139997,0.31290258,71,100.0,US.AAPL,34.75,36.3,31.43,32.822,0.09540990108655188,4221483923588.0,"成交额 $801,043 ≥ 阈值 $500,000 | 成交量 233 手",US.AAPL,2026-05-08 04:16:04
US.AAPL260918C280000,AAPL 260918 280.00C,287.423,317,795707.0,CALL,2026-09-18,280.0,8970,25.738,0.629908869,0.008424241,-0.079007454,0.65754215,134,100.0,US.AAPL,25.0,27.05,22.75,24.0137,0.02582604732397895,4221483923588.0,"成交额 $795,707 ≥ 阈值 $500,000 | 成交量 317 手",US.AAPL,2026-05-08 04:16:04
US.AAPL261016C270000,AAPL 261016 270.00C,287.423,227,789259.0,CALL,2026-10-16,270.0,1194,26.836,0.701841224,0.006747416,-0.071990686,0.663815088,162,100.0,US.AAPL,34.05,36.0,31.7,32.8016,0.060617974205265414,4221483923588.0,"成交额 $789,259 ≥ 阈值 $500,000 | 成交量 227 手",US.AAPL,2026-05-08 04:16:04
US.AAPL261016C290000,AAPL 261016 290.00C,287.423,359,784142.0,CALL,2026-10-16,290.0,1985,25.245,0.55063419,0.008186291,-0.072928679,0.75772746,162,100.0,US.AAPL,21.4,23.35,19.58,20.5559,-0.008965879557307516,4221483923588.0,"成交额 $784,142 ≥ 阈值 $500,000 | 成交量 359 手",US.AAPL,2026-05-08 04:16:04
US.AAPL260508C297500,AAPL 260508 297.50C,287.423,25848,737999.0,CALL,2026-05-08,297.5,9247,33.241,0.024164898,0.011406118,-0.13241378,0.008514276,1,100.0,US.AAPL,0.23,0.67,0.02,0.18,-0.03505982471827237,4221483923588.0,"成交额 $737,999 ≥ 阈值 $500,000 | 成交量 25,848 手",US.AAPL,2026-05-08 04:16:04
US.AAPL260511P290000,AAPL 260511 290.00P,287.423,2589,737541.0,PUT,2026-05-11,290.0,1070,21.855,-0.642572396,0.057187081,-0.308170013,0.112019255,4,100.0,US.AAPL,2.9,5.0,2.0,4.5049,0.008965879557307516,4221483923588.0,"成交额 $737,541 ≥ 阈值 $500,000 | 成交量 2,589 手",US.AAPL,2026-05-08 04:16:04
US.AAPL260821P285000,AAPL 260821 285.00P,287.423,587,715800.0,PUT,2026-08-21,285.0,941,25.293,-0.424640862,0.010245357,-0.061423877,0.603739776,106,100.0,US.AAPL,12.7,13.45,12.01,13.475,-0.008430083883335717,4221483923588.0,"成交额 $715,800 ≥ 阈值 $500,000 | 成交量 587 手",US.AAPL,2026-05-08 04:16:04
US.AAPL260717P275000,AAPL 260717 275.00P,287.423,1112,676074.0,PUT,2026-07-17,275.0,3766,24.404,-0.301132297,0.011362127,-0.068080447,0.44033412,71,100.0,US.AAPL,6.2,6.65,5.66,6.725,-0.04322201076462218,4221483923588.0,"成交额 $676,074 ≥ 阈值 $500,000 | 成交量 1,112 手",US.AAPL,2026-05-08 04:16:04
US.AAPL260511C285000,AAPL 260511 285.00C,287.423,1312,672095.0,CALL,2026-05-11,285.0,2281,18.92,0.676496234,0.06316828,-0.28984272,0.107946885,4,100.0,US.AAPL,4.5,7.65,2.9,4.1958,0.008430083883335717,4221483923588.0,"成交额 $672,095 ≥ 阈值 $500,000 | 成交量 1,312 手",US.AAPL,2026-05-08 04:16:04
US.AAPL260821P290000,AAPL 260821 290.00P,287.423,456,662341.0,PUT,2026-08-21,290.0,739,24.924,-0.477038696,0.010655502,-0.060350906,0.61284305,106,100.0,US.AAPL,14.9,15.9,14.0,15.775,0.008965879557307516,4221483923588.0,"成交额 $662,341 ≥ 阈值 $500,000 | 成交量 456 手",US.AAPL,2026-05-08 04:16:04
US.AAPL260508C300000,AAPL 260508 300.00C,287.423,48279,660354.0,CALL,2026-05-08,300.0,19407,36.714,0.013099379,0.006126303,-0.084355986,0.005054239,1,100.0,US.AAPL,0.1,0.35,0.01,0.095,-0.043757806438593984,4221483923588.0,"成交额 $660,354 ≥ 阈值 $500,000 | 成交量 48,279 手",US.AAPL,2026-05-08 04:16:04
US.AAPL261016P250000,AAPL 261016 250.00P,287.423,1060,660083.0,PUT,2026-10-16,250.0,1798,29.034,-0.18648108,0.004861069,-0.040996184,0.51249006,162,100.0,US.AAPL,5.9,6.4,5.84,6.375,-0.13020182796783836,4221483923588.0,"成交额 $660,083 ≥ 阈值 $500,000 | 成交量 1,060 手",US.AAPL,2026-05-08 04:16:04
US.AAPL260515P290000,AAPL 260515 290.00P,287.423,1463,659596.0,PUT,2026-05-15,290.0,699,23.971,-0.585374357,0.038504021,-0.240795588,0.165534212,8,100.0,US.AAPL,4.8,6.25,3.5,5.6656,0.008965879557307516,4221483923588.0,"成交额 $659,596 ≥ 阈值 $500,000 | 成交量 1,463 手",US.AAPL,2026-05-08 04:16:04
US.AAPL260821P250000,AAPL 260821 250.00P,287.423,1656,641046.0,PUT,2026-08-21,250.0,4488,29.246,-0.152844244,0.005230844,-0.046340156,0.365058932,106,100.0,US.AAPL,4.0,4.1,3.64,4.175,-0.13020182796783836,4221483923588.0,"成交额 $641,046 ≥ 阈值 $500,000 | 成交量 1,656 手",US.AAPL,2026-05-08 04:16:04
US.AAPL260522C260000,AAPL 260522 260.00C,287.423,220,640674.0,CALL,2026-05-22,260.0,708,29.322,0.959269414,0.005119838,-0.073043927,0.050937862,15,100.0,US.AAPL,30.65,32.46,27.96,28.2246,0.09540990108655188,4221483923588.0,"成交额 $640,674 ≥ 阈值 $500,000 | 成交量 220 手",US.AAPL,2026-05-08 04:16:04
US.AAPL260508C270000,AAPL 260508 270.00C,287.423,327,634353.0,CALL,2026-05-08,270.0,2610,67.77,0.963333918,0.007906292,-0.413991312,0.01202566,1,100.0,US.AAPL,18.51,22.2,16.39,17.5823,0.060617974205265414,4221483923588.0,"成交额 $634,353 ≥ 阈值 $500,000 | 成交量 327 手",US.AAPL,2026-05-08 04:16:04
US.AAPL260717P270000,AAPL 260717 270.00P,287.423,1289,626186.0,PUT,2026-07-17,270.0,3730,25.056,-0.24897137,0.010047912,-0.064435366,0.401049008,71,100.0,US.AAPL,5.09,5.3,4.53,5.425,-0.060617974205265414,4221483923588.0,"成交额 $626,186 ≥ 阈值 $500,000 | 成交量 1,289 手",US.AAPL,2026-05-08 04:16:04
US.AAPL261120C300000,AAPL 261120 300.00C,287.423,317,623078.0,CALL,2026-11-20,300.0,2005,25.555,0.488289687,0.007389185,-0.066846894,0.842096272,197,100.0,US.AAPL,19.45,21.4,17.99,18.775,-0.043757806438593984,4221483923588.0,"成交额 $623,078 ≥ 阈值 $500,000 | 成交量 317 手",US.AAPL,2026-05-08 04:16:04
US.AAPL260918C275000,AAPL 260918 275.00C,287.423,213,606755.0,CALL,2026-09-18,275.0,5357,26.141,0.671002983,0.007945285,-0.078152396,0.629837738,134,100.0,US.AAPL,28.25,29.68,26.09,27.216,0.04322201076462218,4221483923588.0,"成交额 $606,755 ≥ 阈值 $500,000 | 成交量 213 手",US.AAPL,2026-05-08 04:16:04
US.AAPL260605C285000,AAPL 260605 285.00C,287.423,579,603452.0,CALL,2026-06-05,285.0,1650,22.837,0.582667551,0.021100369,-0.141459843,0.316190027,29,100.0,US.AAPL,10.02,12.37,8.25,9.3336,0.008430083883335717,4221483923588.0,"成交额 $603,452 ≥ 阈值 $500,000 | 成交量 579 手",US.AAPL,2026-05-08 04:16:04
US.AAPL260618P270000,AAPL 260618 270.00P,287.423,2011,602826.0,PUT,2026-06-18,270.0,7056,25.647,-0.210063792,0.011563401,-0.080425071,0.280599914,42,100.0,US.AAPL,3.19,3.4,2.73,3.45,-0.060617974205265414,4221483923588.0,"成交额 $602,826 ≥ 阈值 $500,000 | 成交量 2,011 手",US.AAPL,2026-05-08 04:16:04
US.AAPL260717P260000,AAPL 260717 260.00P,287.423,1929,598637.0,PUT,2026-07-17,260.0,7452,26.437,-0.165174839,0.007436202,-0.054255861,0.314331234,71,100.0,US.AAPL,3.28,3.35,2.93,3.525,-0.09540990108655188,4221483923588.0,"成交额 $598,637 ≥ 阈值 $500,000 | 成交量 1,929 手",US.AAPL,2026-05-08 04:16:04
US.AAPL260522C310000,AAPL 260522 310.00C,287.423,11587,592676.0,CALL,2026-05-22,310.0,2238,24.098,0.067694128,0.00932102,-0.061574375,0.076182669,15,100.0,US.AAPL,0.59,0.98,0.35,0.48,-0.07854973331988045,4221483923588.0,"成交额 $592,676 ≥ 阈值 $500,000 | 成交量 11,587 手",US.AAPL,2026-05-08 04:16:04
US.AAPL260515P292500,AAPL 260515 292.50P,287.423,1041,588418.0,PUT,2026-05-15,292.5,1365,24.221,-0.675361218,0.03535075,-0.220030068,0.152652182,8,100.0,US.AAPL,6.97,7.85,4.59,7.2883,0.01766386127762913,4221483923588.0,"成交额 $588,418 ≥ 阈值 $500,000 | 成交量 1,041 手",US.AAPL,2026-05-08 04:16:04
US.AAPL260918P290000,AAPL 260918 290.00P,287.423,360,585537.0,PUT,2026-09-18,290.0,1748,25.006,-0.468434216,0.009485826,-0.052645031,0.687275879,134,100.0,US.AAPL,16.35,17.65,15.79,17.35,0.008965879557307516,4221483923588.0,"成交额 $585,537 ≥ 阈值 $500,000 | 成交量 360 手",US.AAPL,2026-05-08 04:16:04
US.AAPL260522C285000,AAPL 260522 285.00C,287.423,705,583750.0,CALL,2026-05-22,285.0,4075,23.049,0.593536302,0.028892181,-0.19301447,0.22595898,15,100.0,US.AAPL,7.9,10.3,6.0,7.1832,0.008430083883335717,4221483923588.0,"成交额 $583,750 ≥ 阈值 $500,000 | 成交量 705 手",US.AAPL,2026-05-08 04:16:04
US.AAPL260515P280000,AAPL 260515 280.00P,287.423,4500,577599.0,PUT,2026-05-15,280.0,14676,24.964,-0.227492905,0.028449825,-0.197579382,0.128254959,8,100.0,US.AAPL,1.21,1.85,0.93,1.68,-0.02582604732397895,4221483923588.0,"成交额 $577,599 ≥ 阈值 $500,000 | 成交量 4,500 手",US.AAPL,2026-05-08 04:16:04
US.AAPL261120P265000,AAPL 261120 265.00P,287.423,498,575810.0,PUT,2026-11-20,265.0,261,27.968,-0.282116603,0.005821934,-0.043048548,0.710657489,197,100.0,US.AAPL,10.85,11.7,10.8,11.6,-0.07801393764590865,4221483923588.0,"成交额 $575,810 ≥ 阈值 $500,000 | 成交量 498 手",US.AAPL,2026-05-08 04:16:04
US.AAPL260522C300000,AAPL 260522 300.00C,287.423,2739,571235.0,CALL,2026-05-22,300.0,2520,23.016,0.194154558,0.020509751,-0.128566305,0.160089765,15,100.0,US.AAPL,1.92,2.91,1.2,1.6,-0.043757806438593984,4221483923588.0,"成交额 $571,235 ≥ 阈值 $500,000 | 成交量 2,739 手",US.AAPL,2026-05-08 04:16:04
US.AAPL260717C320000,AAPL 260717 320.00C,287.423,2019,561738.0,CALL,2026-07-17,320.0,26478,22.556,0.168973794,0.008815958,-0.05531332,0.319312348,71,100.0,US.AAPL,2.88,3.72,2.17,2.665,-0.11334166020116691,4221483923588.0,"成交额 $561,738 ≥ 阈值 $500,000 | 成交量 2,019 手",US.AAPL,2026-05-08 04:16:04
US.AAPL260618C320000,AAPL 260618 320.00C,287.423,4138,552466.0,CALL,2026-06-18,320.0,13347,23.295,0.102721716,0.007880212,-0.050949712,0.174353316,42,100.0,US.AAPL,1.37,1.88,0.92,1.165,-0.11334166020116691,4221483923588.0,"成交额 $552,466 ≥ 阈值 $500,000 | 成交量 4,138 手",US.AAPL,2026-05-08 04:16:04
US.AAPL261120C290000,AAPL 261120 290.00C,287.423,221,552211.0,CALL,2026-11-20,290.0,1315,26.057,0.560383009,0.007166579,-0.068900891,0.832798451,197,100.0,US.AAPL,24.85,25.81,22.75,23.6234,-0.008965879557307516,4221483923588.0,"成交额 $552,211 ≥ 阈值 $500,000 | 成交量 221 手",US.AAPL,2026-05-08 04:16:04
US.AAPL260522C270000,AAPL 260522 270.00C,287.423,274,545973.0,CALL,2026-05-22,270.0,1881,25.769,0.894741944,0.012135039,-0.114425122,0.10604843,15,100.0,US.AAPL,19.95,22.4,17.65,18.8161,0.060617974205265414,4221483923588.0,"成交额 $545,973 ≥ 阈值 $500,000 | 成交量 274 手",US.AAPL,2026-05-08 04:16:04
US.AAPL260515C297500,AAPL 260515 297.50C,287.423,3546,543215.0,CALL,2026-05-15,297.5,814,23.457,0.170441863,0.025407475,-0.162632756,0.107738646,8,100.0,US.AAPL,1.24,2.35,0.7,1.085,-0.03505982471827237,4221483923588.0,"成交额 $543,215 ≥ 阈值 $500,000 | 成交量 3,546 手",US.AAPL,2026-05-08 04:16:04
US.AAPL260605C290000,AAPL 260605 290.00C,287.423,685,539328.0,CALL,2026-06-05,290.0,1053,22.326,0.474345305,0.022012569,-0.138221848,0.322491193,29,100.0,US.AAPL,9.0,9.34,5.7,6.7,-0.008965879557307516,4221483923588.0,"成交额 $539,328 ≥ 阈值 $500,000 | 成交量 685 手",US.AAPL,2026-05-08 04:16:04
US.AAPL261120C305000,AAPL 261120 305.00C,287.423,294,531557.0,CALL,2026-11-20,305.0,651,25.371,0.452400741,0.007392883,-0.065264194,0.836436139,197,100.0,US.AAPL,17.85,18.9,16.24,16.675,-0.061153769879237214,4221483923588.0,"成交额 $531,557 ≥ 阈值 $500,000 | 成交量 294 手",US.AAPL,2026-05-08 04:16:04
US.AAPL260618P255000,AAPL 260618 255.00P,287.423,3880,529476.0,PUT,2026-06-18,255.0,12882,28.561,-0.092706523,0.005964877,-0.052401466,0.161650428,42,100.0,US.AAPL,1.44,1.47,1.23,1.545,-0.11280586452719511,4221483923588.0,"成交额 $529,476 ≥ 阈值 $500,000 | 成交量 3,880 手",US.AAPL,2026-05-08 04:16:04
US.AAPL261120C295000,AAPL 261120 295.00C,287.423,235,529117.0,CALL,2026-11-20,295.0,645,25.833,0.52453672,0.007298798,-0.068172248,0.840874405,197,100.0,US.AAPL,21.65,23.6,21.29,21.1,-0.02636184299795075,4221483923588.0,"成交额 $529,117 ≥ 阈值 $500,000 | 成交量 235 手",US.AAPL,2026-05-08 04:16:04
US.AAPL261120P275000,AAPL 261120 275.00P,287.423,374,528725.0,PUT,2026-11-20,275.0,302,27.079,-0.345061285,0.006612734,-0.044297133,0.773889587,197,100.0,US.AAPL,13.63,14.35,13.63,14.825,-0.04322201076462218,4221483923588.0,"成交额 $528,725 ≥ 阈值 $500,000 | 成交量 374 手",US.AAPL,2026-05-08 04:16:04
US.AAPL260821P270000,AAPL 260821 270.00P,287.423,679,526917.0,PUT,2026-08-21,270.0,3557,26.64,-0.28422263,0.008304639,-0.058476065,0.523677864,106,100.0,US.AAPL,7.75,8.15,7.3,8.25,-0.060617974205265414,4221483923588.0,"成交额 $526,917 ≥ 阈值 $500,000 | 成交量 679 手",US.AAPL,2026-05-08 04:16:04
US.AAPL260717P265000,AAPL 260717 265.00P,287.423,1347,525075.0,PUT,2026-07-17,265.0,2955,25.701,-0.203460006,0.008721976,-0.059556946,0.357852689,71,100.0,US.AAPL,4.15,4.27,3.67,4.375,-0.07801393764590865,4221483923588.0,"成交额 $525,075 ≥ 阈值 $500,000 | 成交量 1,347 手",US.AAPL,2026-05-08 04:16:04
US.AAPL260717P280000,AAPL 260717 280.00P,287.423,686,519720.0,PUT,2026-07-17,280.0,1415,23.833,-0.360260264,0.012548989,-0.070364701,0.472812143,71,100.0,US.AAPL,7.95,8.2,7.1,8.325,-0.02582604732397895,4221483923588.0,"成交额 $519,720 ≥ 阈值 $500,000 | 成交量 686 手",US.AAPL,2026-05-08 04:16:04
US.AAPL260513C285000,AAPL 260513 285.00C,287.423,902,515423.0,CALL,2026-05-13,285.0,811,21.248,0.635540702,0.048011438,-0.273293097,0.138332452,6,100.0,US.AAPL,5.85,8.06,4.02,5.0315,0.008430083883335717,4221483923588.0,"成交额 $515,423 ≥ 阈值 $500,000 | 成交量 902 手",US.AAPL,2026-05-08 04:16:04
US.AAPL260522P290000,AAPL 260522 290.00P,287.423,890,514750.0,PUT,2026-05-22,290.0,72,23.747,-0.554290042,0.028857699,-0.170783659,0.229765666,15,100.0,US.AAPL,5.85,7.35,4.92,6.9288,0.008965879557307516,4221483923588.0,"成交额 $514,750 ≥ 阈值 $500,000 | 成交量 890 手",US.AAPL,2026-05-08 04:16:04
US.AAPL260518C285000,AAPL 260518 285.00C,287.423,670,507124.0,CALL,2026-05-18,285.0,523,21.293,0.609227491,0.036145981,-0.206641643,0.191463374,11,100.0,US.AAPL,6.9,9.2,5.0,6.0552,0.008430083883335717,4221483923588.0,"成交额 $507,124 ≥ 阈值 $500,000 | 成交量 670 手",US.AAPL,2026-05-08 04:16:04
US.AAPL260918C320000,AAPL 260918 320.00C,287.423,638,505918.0,CALL,2026-09-18,320.0,8395,23.977,0.282898312,0.008101946,-0.060188572,0.588950311,134,100.0,US.AAPL,7.37,8.65,6.55,7.025,-0.11334166020116691,4221483923588.0,"成交额 $505,918 ≥ 阈值 $500,000 | 成交量 638 手",US.AAPL,2026-05-08 04:16:04
US.AAPL260821C305000,AAPL 260821 305.00C,287.423,488,502089.0,CALL,2026-08-21,305.0,2857,24.172,0.378571108,0.010157943,-0.077244686,0.588986568,106,100.0,US.AAPL,10.0,11.6,8.8,9.45,-0.061153769879237214,4221483923588.0,"成交额 $502,089 ≥ 阈值 $500,000 | 成交量 488 手",US.AAPL,2026-05-08 04:16:04
US.AMD260515C350000,AMD 260515 350.00C,408.46,6949,43276606.0,CALL,2026-05-15,350.0,12769,69.816,0.939974453,0.002824,-0.333905758,0.072016904,8,100.0,US.AMD,68.82,72.2,53.63,73.3627,0.1431229496156294,666035137005.94,"成交额 $43,276,606 ≥ 阈值 $500,000 | 成交量 6,949 手",US.AMD,2026-05-08 04:16:32
US.AMD260618C400000,AMD 260618 400.00C,408.46,7641,30719101.0,CALL,2026-06-18,400.0,9123,61.373,0.58892541,0.004574827,-0.416399492,0.538916458,42,100.0,US.AMD,43.97,47.49,34.77,48.3931,0.020711942417862166,666035137005.94,"成交额 $30,719,101 ≥ 阈值 $500,000 | 成交量 7,641 手",US.AMD,2026-05-08 04:16:32
US.AMD260508C400000,AMD 260508 400.00C,408.46,8555,11070930.0,CALL,2026-05-08,400.0,8145,70.928,0.721498848,0.022234349,-2.629766568,0.071476714,1,100.0,US.AMD,20.45,23.22,7.4,24.2097,0.020711942417862166,666035137005.94,"成交额 $11,070,930 ≥ 阈值 $500,000 | 成交量 8,555 手",US.AMD,2026-05-08 04:16:32
US.AMD260515C415000,AMD 260515 415.00C,408.46,7995,10435538.0,CALL,2026-05-15,415.0,1882,63.226,0.454431016,0.010371599,-0.995600113,0.239542361,8,100.0,US.AMD,18.87,21.5,10.0,22.2804,-0.016011359741468004,666035137005.94,"成交额 $10,435,538 ≥ 阈值 $500,000 | 成交量 7,995 手",US.AMD,2026-05-08 04:16:32
US.AMD260515C420000,AMD 260515 420.00C,408.46,8086,10101256.0,CALL,2026-05-15,420.0,3638,62.852,0.403428721,0.010192641,-0.963444614,0.234015994,8,100.0,US.AMD,16.7,18.0,8.25,19.6167,-0.028252460461244727,666035137005.94,"成交额 $10,101,256 ≥ 阈值 $500,000 | 成交量 8,086 手",US.AMD,2026-05-08 04:16:32
US.AMD260821C400000,AMD 260821 400.00C,408.46,1326,9165992.0,CALL,2026-08-21,400.0,7788,65.275,0.604682544,0.002680507,-0.280096388,0.847701077,106,100.0,US.AMD,66.76,70.6,58.67,71.7605,0.020711942417862166,666035137005.94,"成交额 $9,165,992 ≥ 阈值 $500,000 | 成交量 1,326 手",US.AMD,2026-05-08 04:16:32
US.AMD260508C410000,AMD 260508 410.00C,408.46,14226,9037672.0,CALL,2026-05-08,410.0,3998,68.981,0.466554862,0.0270696,-3.039055642,0.084634128,1,100.0,US.AMD,13.65,15.4,3.3,16.7749,-0.003770259021691281,666035137005.94,"成交额 $9,037,672 ≥ 阈值 $500,000 | 成交量 14,226 手",US.AMD,2026-05-08 04:16:32
US.AMD260717C350000,AMD 260717 350.00C,408.46,962,8301771.0,CALL,2026-07-17,350.0,4106,61.441,0.767823295,0.002757951,-0.262096983,0.549846525,71,100.0,US.AMD,86.36,89.5,73.01,89.8372,0.1431229496156294,666035137005.94,"成交额 $8,301,771 ≥ 阈值 $500,000 | 成交量 962 手",US.AMD,2026-05-08 04:16:32
US.AMD260508C420000,AMD 260508 420.00C,408.46,20735,8145461.0,CALL,2026-05-08,420.0,6288,70.776,0.231439503,0.020222286,-2.348893608,0.064867916,1,100.0,US.AMD,8.0,9.85,1.34,10.874,-0.028252460461244727,666035137005.94,"成交额 $8,145,461 ≥ 阈值 $500,000 | 成交量 20,735 手",US.AMD,2026-05-08 04:16:32
US.AMD260515C430000,AMD 260515 430.00C,408.46,9407,7824909.0,CALL,2026-05-15,430.0,2764,63.851,0.312689871,0.009176,-0.886480825,0.21401895,8,100.0,US.AMD,12.6,13.25,5.85,15.2342,-0.052734661900798174,666035137005.94,"成交额 $7,824,909 ≥ 阈值 $500,000 | 成交量 9,407 手",US.AMD,2026-05-08 04:16:32
US.AMD260508P410000,AMD 260508 410.00P,408.46,11585,7810186.0,PUT,2026-05-08,410.0,5313,70.457,-0.532506985,0.026514098,-3.064232141,0.084647117,1,100.0,US.AMD,5.7,12.0,3.15,5.25,0.003770259021691281,666035137005.94,"成交额 $7,810,186 ≥ 阈值 $500,000 | 成交量 11,585 手",US.AMD,2026-05-08 04:16:32
US.AMD260515C410000,AMD 260515 410.00C,408.46,5042,7310155.0,CALL,2026-05-15,410.0,1484,62.756,0.505785949,0.010516931,-0.99747503,0.24109242,8,100.0,US.AMD,21.74,23.03,11.75,25.0174,-0.003770259021691281,666035137005.94,"成交额 $7,310,155 ≥ 阈值 $500,000 | 成交量 5,042 手",US.AMD,2026-05-08 04:16:32
US.AMD260508P400000,AMD 260508 400.00P,408.46,20590,7218838.0,PUT,2026-05-08,400.0,12738,73.008,-0.283808017,0.021800034,-2.691999563,0.072130279,1,100.0,US.AMD,2.91,6.0,1.37,2.685,-0.020711942417862166,666035137005.94,"成交额 $7,218,838 ≥ 阈值 $500,000 | 成交量 20,590 手",US.AMD,2026-05-08 04:16:32
US.AMD260717C360000,AMD 260717 360.00C,408.46,892,7078240.0,CALL,2026-07-17,360.0,2055,61.082,0.735598711,0.002973362,-0.277182761,0.589335168,71,100.0,US.AMD,80.0,81.3,67.5,82.6941,0.11864074817607595,666035137005.94,"成交额 $7,078,240 ≥ 阈值 $500,000 | 成交量 892 手",US.AMD,2026-05-08 04:16:32
US.AMD260508C415000,AMD 260508 415.00C,408.46,10529,6276103.0,CALL,2026-05-08,415.0,2202,69.743,0.338678097,0.024640562,-2.81027051,0.077888963,1,100.0,US.AMD,10.55,11.85,2.17,13.5745,-0.016011359741468004,666035137005.94,"成交额 $6,276,103 ≥ 阈值 $500,000 | 成交量 10,529 手",US.AMD,2026-05-08 04:16:32
US.AMD260618C420000,AMD 260618 420.00C,408.46,1879,5738556.0,CALL,2026-06-18,420.0,5681,61.291,0.496055163,0.004697925,-0.423060516,0.552677842,42,100.0,US.AMD,35.14,37.0,26.31,37.7807,-0.028252460461244727,666035137005.94,"成交额 $5,738,556 ≥ 阈值 $500,000 | 成交量 1,879 手",US.AMD,2026-05-08 04:16:32
US.AMD260508P420000,AMD 260508 420.00P,408.46,5071,5537587.0,PUT,2026-05-08,420.0,4407,71.619,-0.765940579,0.020131765,-2.352744535,0.065266049,1,100.0,US.AMD,10.2,20.0,7.0,9.3502,0.028252460461244727,666035137005.94,"成交额 $5,537,587 ≥ 阈值 $500,000 | 成交量 5,071 手",US.AMD,2026-05-08 04:16:32
US.AMD260508C405000,AMD 260508 405.00C,408.46,6996,5512295.0,CALL,2026-05-08,405.0,2070,70.201,0.600057961,0.025849156,-3.007606667,0.082246853,1,100.0,US.AMD,16.75,19.45,4.9,20.225,0.008470841698085442,666035137005.94,"成交额 $5,512,295 ≥ 阈值 $500,000 | 成交量 6,996 手",US.AMD,2026-05-08 04:16:32
US.AMD260508C412500,AMD 260508 412.50C,408.46,8200,5468845.0,CALL,2026-05-08,412.5,2703,68.648,0.399587957,0.026427778,-2.931199389,0.082227532,1,100.0,US.AMD,11.75,13.95,2.67,15.1497,-0.009890809381579642,666035137005.94,"成交额 $5,468,845 ≥ 阈值 $500,000 | 成交量 8,200 手",US.AMD,2026-05-08 04:16:32
US.AMD260508C407500,AMD 260508 407.50C,408.46,8057,5411192.0,CALL,2026-05-08,407.5,947,68.507,0.534476339,0.027250841,-3.020903561,0.084615466,1,100.0,US.AMD,14.55,16.6,4.1,18.45,0.0023502913381970806,666035137005.94,"成交额 $5,411,192 ≥ 阈值 $500,000 | 成交量 8,057 手",US.AMD,2026-05-08 04:16:32
US.AMD260618C320000,AMD 260618 320.00C,408.46,523,5057162.0,CALL,2026-06-18,320.0,35737,61.323,0.902787472,0.002023353,-0.201017767,0.238136266,42,100.0,US.AMD,103.9,105.7,88.3,108.1103,0.21656955393428973,666035137005.94,"成交额 $5,057,162 ≥ 阈值 $500,000 | 成交量 523 手",US.AMD,2026-05-08 04:16:32
US.AMD260508P415000,AMD 260508 415.00P,408.46,5949,4988310.0,PUT,2026-05-08,415.0,2508,70.384,-0.659913685,0.024467507,-2.800709399,0.078007356,1,100.0,US.AMD,8.35,15.75,4.75,7.05,0.016011359741468004,666035137005.94,"成交额 $4,988,310 ≥ 阈值 $500,000 | 成交量 5,949 手",US.AMD,2026-05-08 04:16:32
US.AMD260515C400000,AMD 260515 400.00C,408.46,2403,4822693.0,CALL,2026-05-15,400.0,5473,62.925,0.610227991,0.010086732,-0.964814127,0.231852909,8,100.0,US.AMD,29.35,29.35,16.2,31.4208,0.020711942417862166,666035137005.94,"成交额 $4,822,693 ≥ 阈值 $500,000 | 成交量 2,403 手",US.AMD,2026-05-08 04:16:32
US.AMD260508P405000,AMD 260508 405.00P,408.46,8578,4817661.0,PUT,2026-05-08,405.0,1600,71.412,-0.401401305,0.025437744,-3.022117816,0.082322933,1,100.0,US.AMD,4.15,8.75,2.12,3.7,-0.008470841698085442,666035137005.94,"成交额 $4,817,661 ≥ 阈值 $500,000 | 成交量 8,578 手",US.AMD,2026-05-08 04:16:32
US.AMD260508C260000,AMD 260508 260.00C,408.46,313,4748601.0,CALL,2026-05-08,260.0,1064,324.648,0.997062752,0.000129876,-0.292447105,0.00191115,1,100.0,US.AMD,155.0,161.75,143.36,161.5004,0.3634627625716104,666035137005.94,"成交额 $4,748,601 ≥ 阈值 $500,000 | 成交量 313 手",US.AMD,2026-05-08 04:16:32
US.AMD260618C450000,AMD 260618 450.00C,408.46,2207,4490299.0,CALL,2026-06-18,450.0,14929,61.908,0.368333962,0.004395622,-0.399951381,0.522311148,42,100.0,US.AMD,23.1,24.79,16.95,25.8,-0.10169906477990506,666035137005.94,"成交额 $4,490,299 ≥ 阈值 $500,000 | 成交量 2,207 手",US.AMD,2026-05-08 04:16:32
US.AMD260618C310000,AMD 260618 310.00C,408.46,425,4459299.0,CALL,2026-06-18,310.0,3021,62.635,0.922816187,0.001667294,-0.176301302,0.200427995,42,100.0,US.AMD,107.75,114.85,98.0,117.0956,0.24105175537384319,666035137005.94,"成交额 $4,459,299 ≥ 阈值 $500,000 | 成交量 425 手",US.AMD,2026-05-08 04:16:32
US.AMD260515C300000,AMD 260515 300.00C,408.46,395,4438006.0,CALL,2026-05-15,300.0,7955,91.152,0.99089853,0.000445554,-0.103034247,0.014839126,8,100.0,US.AMD,115.06,121.01,102.0,122.1839,0.26553395681339664,666035137005.94,"成交额 $4,438,006 ≥ 阈值 $500,000 | 成交量 395 手",US.AMD,2026-05-08 04:16:32
US.AMD260515P400000,AMD 260515 400.00P,408.46,3888,4321259.0,PUT,2026-05-15,400.0,3494,64.21,-0.39141674,0.009903264,-0.946163063,0.232098278,8,100.0,US.AMD,9.5,14.8,7.55,9.4335,-0.020711942417862166,666035137005.94,"成交额 $4,321,259 ≥ 阈值 $500,000 | 成交量 3,888 手",US.AMD,2026-05-08 04:16:32
US.AMD260515C405000,AMD 260515 405.00C,408.46,2099,3481102.0,CALL,2026-05-15,405.0,617,62.763,0.558289439,0.010404355,-0.98896957,0.238539199,8,100.0,US.AMD,23.2,25.65,13.95,28.141,0.008470841698085442,666035137005.94,"成交额 $3,481,102 ≥ 阈值 $500,000 | 成交量 2,099 手",US.AMD,2026-05-08 04:16:32
US.AMD260618C330000,AMD 260618 330.00C,408.46,390,3419906.0,CALL,2026-06-18,330.0,3190,61.542,0.87416789,0.002425555,-0.237085461,0.286492578,42,100.0,US.AMD,95.6,96.95,80.95,99.4237,0.1920873524947363,666035137005.94,"成交额 $3,419,906 ≥ 阈值 $500,000 | 成交量 390 手",US.AMD,2026-05-08 04:16:32
US.AMD260515C440000,AMD 260515 440.00C,408.46,4956,3374490.0,CALL,2026-05-15,440.0,836,64.57,0.235034246,0.007874928,-0.768298919,0.18573501,8,100.0,US.AMD,9.05,10.2,4.1,11.575,-0.07721686334035162,666035137005.94,"成交额 $3,374,490 ≥ 阈值 $500,000 | 成交量 4,956 手",US.AMD,2026-05-08 04:16:32
US.AMD260618C430000,AMD 260618 430.00C,408.46,1248,3344535.0,CALL,2026-06-18,430.0,3750,61.067,0.450544035,0.004679088,-0.41691562,0.548449591,42,100.0,US.AMD,30.77,32.5,23.0,33.275,-0.052734661900798174,666035137005.94,"成交额 $3,344,535 ≥ 阈值 $500,000 | 成交量 1,248 手",US.AMD,2026-05-08 04:16:32
US.AMD260508C360000,AMD 260508 360.00C,408.46,654,3285440.0,CALL,2026-05-08,360.0,5956,127.434,0.973570723,0.002256875,-0.815925514,0.013035694,1,100.0,US.AMD,55.0,61.77,42.05,61.8549,0.11864074817607595,666035137005.94,"成交额 $3,285,440 ≥ 阈值 $500,000 | 成交量 654 手",US.AMD,2026-05-08 04:16:32
US.AMD260717C460000,AMD 260717 460.00C,408.46,1108,3225903.0,CALL,2026-07-17,460.0,346,61.321,0.390523795,0.003474667,-0.312795493,0.691401532,71,100.0,US.AMD,29.51,31.6,24.0,32.525,-0.12618126621945852,666035137005.94,"成交额 $3,225,903 ≥ 阈值 $500,000 | 成交量 1,108 手",US.AMD,2026-05-08 04:16:32
US.AMD260618C410000,AMD 260618 410.00C,408.46,903,3160176.0,CALL,2026-06-18,410.0,2731,61.57,0.5424038,0.00465037,-0.424124334,0.549580724,42,100.0,US.AMD,40.51,41.95,31.1,42.8137,-0.003770259021691281,666035137005.94,"成交额 $3,160,176 ≥ 阈值 $500,000 | 成交量 903 手",US.AMD,2026-05-08 04:16:32
US.AMD260508C382500,AMD 260508 382.50C,408.46,1069,3103321.0,CALL,2026-05-08,382.5,5071,88.353,0.926623354,0.007400769,-1.318724702,0.029635711,1,100.0,US.AMD,36.38,39.55,21.3,39.9309,0.06355579493708069,666035137005.94,"成交额 $3,103,321 ≥ 阈值 $500,000 | 成交量 1,069 手",US.AMD,2026-05-08 04:16:32
US.AMD260508P412500,AMD 260508 412.50P,408.46,3854,2979117.0,PUT,2026-05-08,412.5,810,69.863,-0.598540772,0.026009024,-2.946572943,0.082323347,1,100.0,US.AMD,6.15,13.4,4.0,6.125,0.009890809381579642,666035137005.94,"成交额 $2,979,117 ≥ 阈值 $500,000 | 成交量 3,854 手",US.AMD,2026-05-08 04:16:32
US.AMD260508C380000,AMD 260508 380.00C,408.46,931,2954658.0,CALL,2026-05-08,380.0,4860,91.391,0.938473988,0.006243906,-1.185941494,0.025862913,1,100.0,US.AMD,37.91,41.82,22.8,42.3085,0.06967634529696906,666035137005.94,"成交额 $2,954,658 ≥ 阈值 $500,000 | 成交量 931 手",US.AMD,2026-05-08 04:16:32
US.AMD260508C430000,AMD 260508 430.00C,408.46,15208,2936004.0,CALL,2026-05-08,430.0,8341,75.493,0.099593304,0.010886951,-1.394087434,0.037249261,1,100.0,US.AMD,4.45,5.5,0.56,6.8,-0.052734661900798174,666035137005.94,"成交额 $2,936,004 ≥ 阈值 $500,000 | 成交量 15,208 手",US.AMD,2026-05-08 04:16:32
US.AMD260508C425000,AMD 260508 425.00C,408.46,10238,2892442.0,CALL,2026-05-08,425.0,6590,73.268,0.154396384,0.015236918,-1.869636747,0.050596408,1,100.0,US.AMD,6.6,6.95,0.84,8.6753,-0.04049356118102145,666035137005.94,"成交额 $2,892,442 ≥ 阈值 $500,000 | 成交量 10,238 手",US.AMD,2026-05-08 04:16:32
US.AMD260618P400000,AMD 260618 400.00P,408.46,1011,2841044.0,PUT,2026-06-18,400.0,1633,61.131,-0.412077788,0.004611616,-0.37724421,0.538948724,42,100.0,US.AMD,26.11,31.3,24.15,24.85,-0.020711942417862166,666035137005.94,"成交额 $2,841,044 ≥ 阈值 $500,000 | 成交量 1,011 手",US.AMD,2026-05-08 04:16:32
US.AMD260618P410000,AMD 260618 410.00P,408.46,800,2707489.0,PUT,2026-06-18,410.0,438,61.112,-0.459135651,0.004708146,-0.382847146,0.549451541,42,100.0,US.AMD,31.77,36.7,28.5,29.25,0.003770259021691281,666035137005.94,"成交额 $2,707,489 ≥ 阈值 $500,000 | 成交量 800 手",US.AMD,2026-05-08 04:16:32
US.AMD260508C377500,AMD 260508 377.50C,408.46,644,2547428.0,CALL,2026-05-08,377.5,1549,103.597,0.931707032,0.005973057,-1.455393518,0.028045519,1,100.0,US.AMD,43.95,43.95,27.26,44.7266,0.07579689565685742,666035137005.94,"成交额 $2,547,428 ≥ 阈值 $500,000 | 成交量 644 手",US.AMD,2026-05-08 04:16:32
US.AMD260618P370000,AMD 260618 370.00P,408.46,1516,2546410.0,PUT,2026-06-18,370.0,644,61.404,-0.275130166,0.003929537,-0.328027419,0.46224318,42,100.0,US.AMD,14.51,18.0,13.6,14.35,-0.0941585467365225,666035137005.94,"成交额 $2,546,410 ≥ 阈值 $500,000 | 成交量 1,516 手",US.AMD,2026-05-08 04:16:32
US.AMD260508C417500,AMD 260508 417.50C,408.46,4564,2505137.0,CALL,2026-05-08,417.5,2013,70.385,0.282423614,0.022558063,-2.607418564,0.071962075,1,100.0,US.AMD,9.25,10.4,1.68,12.1992,-0.022131910101356365,666035137005.94,"成交额 $2,505,137 ≥ 阈值 $500,000 | 成交量 4,564 手",US.AMD,2026-05-08 04:16:32
US.AMD260508P407500,AMD 260508 407.50P,408.46,3994,2498439.0,PUT,2026-05-08,407.5,3246,70.573,-0.466158772,0.026461163,-3.071712537,0.084624304,1,100.0,US.AMD,4.6,10.1,2.7,4.425,-0.0023502913381970806,666035137005.94,"成交额 $2,498,439 ≥ 阈值 $500,000 | 成交量 3,994 手",US.AMD,2026-05-08 04:16:32
US.AMD260612C400000,AMD 260612 400.00C,408.46,618,2468291.0,CALL,2026-06-12,400.0,97,61.475,0.58845399,0.004934572,-0.449644255,0.49906683,36,100.0,US.AMD,40.56,42.52,32.65,45.5874,0.020711942417862166,666035137005.94,"成交额 $2,468,291 ≥ 阈值 $500,000 | 成交量 618 手",US.AMD,2026-05-08 04:16:32
US.AMD260717C400000,AMD 260717 400.00C,408.46,469,2360524.0,CALL,2026-07-17,400.0,2763,61.031,0.594328384,0.003526758,-0.320694994,0.698463488,71,100.0,US.AMD,55.22,57.6,45.15,57.998,0.020711942417862166,666035137005.94,"成交额 $2,360,524 ≥ 阈值 $500,000 | 成交量 469 手",US.AMD,2026-05-08 04:16:32
US.AMD260515P410000,AMD 260515 410.00P,408.46,1465,2330724.0,PUT,2026-05-15,410.0,679,63.288,-0.49427401,0.010440872,-0.966215776,0.241044498,8,100.0,US.AMD,14.02,19.9,10.8,13.0285,0.003770259021691281,666035137005.94,"成交额 $2,330,724 ≥ 阈值 $500,000 | 成交量 1,465 手",US.AMD,2026-05-08 04:16:32
US.AMD260618C350000,AMD 260618 350.00C,408.46,323,2279367.0,CALL,2026-06-18,350.0,10956,62.599,0.803277805,0.003196028,-0.312874801,0.383996007,42,100.0,US.AMD,75.6,81.85,65.55,82.7971,0.1431229496156294,666035137005.94,"成交额 $2,279,367 ≥ 阈值 $500,000 | 成交量 323 手",US.AMD,2026-05-08 04:16:32
US.AMD260618C470000,AMD 260618 470.00C,408.46,1389,2239698.0,CALL,2026-06-18,470.0,2845,62.2,0.29466022,0.004001793,-0.365599364,0.477744345,42,100.0,US.AMD,18.06,18.65,12.6,19.8,-0.15066346765901195,666035137005.94,"成交额 $2,239,698 ≥ 阈值 $500,000 | 成交量 1,389 手",US.AMD,2026-05-08 04:16:32
US.AMD260508C370000,AMD 260508 370.00C,408.46,546,2202066.0,CALL,2026-05-08,370.0,4391,108.4,0.962485314,0.003543904,-0.935796149,0.017411954,1,100.0,US.AMD,49.85,51.7,31.95,52.0111,0.0941585467365225,666035137005.94,"成交额 $2,202,066 ≥ 阈值 $500,000 | 成交量 546 手",US.AMD,2026-05-08 04:16:32
US.AMD260529C400000,AMD 260529 400.00C,408.46,745,2193068.0,CALL,2026-05-29,400.0,13807,61.698,0.590344309,0.006283103,-0.574124207,0.389680805,22,100.0,US.AMD,34.05,38.14,25.5,39.1858,0.020711942417862166,666035137005.94,"成交额 $2,193,068 ≥ 阈值 $500,000 | 成交量 745 手",US.AMD,2026-05-08 04:16:32
US.AMD260605C400000,AMD 260605 400.00C,408.46,577,2191401.0,CALL,2026-06-05,400.0,1174,61.338,0.588723643,0.005509557,-0.498671357,0.447843888,29,100.0,US.AMD,38.72,39.25,29.0,42.3884,0.020711942417862166,666035137005.94,"成交额 $2,191,401 ≥ 阈值 $500,000 | 成交量 577 手",US.AMD,2026-05-08 04:16:32
US.AMD260522C420000,AMD 260522 420.00C,408.46,1168,2175027.0,CALL,2026-05-22,420.0,588,64.268,0.445405195,0.007428401,-0.729321069,0.327146542,15,100.0,US.AMD,22.7,24.0,14.0,25.043,-0.028252460461244727,666035137005.94,"成交额 $2,175,027 ≥ 阈值 $500,000 | 成交量 1,168 手",US.AMD,2026-05-08 04:16:32
US.AMD260515C460000,AMD 260515 460.00C,408.46,6763,2102269.0,CALL,2026-05-15,460.0,1326,67.358,0.128307907,0.005149311,-0.530287826,0.126689813,8,100.0,US.AMD,4.65,5.52,2.1,6.6113,-0.12618126621945852,666035137005.94,"成交额 $2,102,269 ≥ 阈值 $500,000 | 成交量 6,763 手",US.AMD,2026-05-08 04:16:32
US.AMD260618C460000,AMD 260618 460.00C,408.46,1094,2064892.0,CALL,2026-06-18,460.0,2774,61.78,0.32914196,0.004226631,-0.381971761,0.501188793,42,100.0,US.AMD,20.78,21.6,14.77,22.6,-0.12618126621945852,666035137005.94,"成交额 $2,064,892 ≥ 阈值 $500,000 | 成交量 1,094 手",US.AMD,2026-05-08 04:16:32
US.AMD260508C375000,AMD 260508 375.00C,408.46,619,2053723.0,CALL,2026-05-08,375.0,4792,102.229,0.948715749,0.00483548,-1.142158903,0.022404711,1,100.0,US.AMD,42.63,46.9,28.5,47.1512,0.08191744601674578,666035137005.94,"成交额 $2,053,723 ≥ 阈值 $500,000 | 成交量 619 手",US.AMD,2026-05-08 04:16:32
US.AMD260918C370000,AMD 260918 370.00C,408.46,240,2051740.0,CALL,2026-09-18,370.0,1492,65.403,0.684910806,0.002194953,-0.234479103,0.879241863,134,100.0,US.AMD,89.19,94.1,79.98,94.5057,0.0941585467365225,666035137005.94,"成交额 $2,051,740 ≥ 阈值 $500,000 | 成交量 240 手",US.AMD,2026-05-08 04:16:32
US.AMD260821C420000,AMD 260821 420.00C,408.46,370,2040147.0,CALL,2026-08-21,420.0,780,65.266,0.550431287,0.002754804,-0.285924256,0.871083026,106,100.0,US.AMD,59.53,61.4,51.03,62.0432,-0.028252460461244727,666035137005.94,"成交额 $2,040,147 ≥ 阈值 $500,000 | 成交量 370 手",US.AMD,2026-05-08 04:16:32
US.AMD260515C370000,AMD 260515 370.00C,408.46,446,2039455.0,CALL,2026-05-15,370.0,3590,68.934,0.848103395,0.005643216,-0.644012607,0.142093113,8,100.0,US.AMD,52.89,52.89,36.23,55.0134,0.0941585467365225,666035137005.94,"成交额 $2,039,455 ≥ 阈值 $500,000 | 成交量 446 手",US.AMD,2026-05-08 04:16:32
US.AMD260508P402500,AMD 260508 402.50P,408.46,4179,2035621.0,PUT,2026-05-08,402.5,595,71.536,-0.338910778,0.024031197,-2.85875831,0.077908189,1,100.0,US.AMD,2.86,7.4,1.76,3.175,-0.014591392057973804,666035137005.94,"成交额 $2,035,621 ≥ 阈值 $500,000 | 成交量 4,179 手",US.AMD,2026-05-08 04:16:32
US.AMD260515C412500,AMD 260515 412.50C,408.46,1262,2015799.0,CALL,2026-05-15,412.5,722,62.916,0.479823908,0.010477888,-0.997508445,0.240809101,8,100.0,US.AMD,21.8,22.25,11.02,23.6433,-0.009890809381579642,666035137005.94,"成交额 $2,015,799 ≥ 阈值 $500,000 | 成交量 1,262 手",US.AMD,2026-05-08 04:16:32
US.AMD260515C425000,AMD 260515 425.00C,408.46,1974,2006660.0,CALL,2026-05-15,425.0,1627,63.051,0.355592398,0.009775174,-0.925650418,0.225138735,8,100.0,US.AMD,14.8,15.2,7.1,17.2666,-0.04049356118102145,666035137005.94,"成交额 $2,006,660 ≥ 阈值 $500,000 | 成交量 1,974 手",US.AMD,2026-05-08 04:16:32
US.AMD260618C500000,AMD 260618 500.00C,408.46,1911,1972904.0,CALL,2026-06-18,500.0,4998,63.173,0.206963725,0.003264739,-0.305451696,0.395837046,42,100.0,US.AMD,11.96,12.5,8.2,13.2,-0.2241100719776723,666035137005.94,"成交额 $1,972,904 ≥ 阈值 $500,000 | 成交量 1,911 手",US.AMD,2026-05-08 04:16:32
US.AMD260508C350000,AMD 260508 350.00C,408.46,314,1942476.0,CALL,2026-05-08,350.0,4296,113.065,0.996001293,0.000492026,-0.158103194,0.002522326,1,100.0,US.AMD,67.53,72.43,51.4,71.746,0.1431229496156294,666035137005.94,"成交额 $1,942,476 ≥ 阈值 $500,000 | 成交量 314 手",US.AMD,2026-05-08 04:16:32
US.AMD261016P400000,AMD 261016 400.00P,408.46,306,1886908.0,PUT,2026-10-16,400.0,87,63.718,-0.385530084,0.00223204,-0.18697181,1.039473022,162,100.0,US.AMD,56.89,62.65,56.05,56.3,-0.020711942417862166,666035137005.94,"成交额 $1,886,908 ≥ 阈值 $500,000 | 成交量 306 手",US.AMD,2026-05-08 04:16:32
US.AMD261120C400000,AMD 261120 400.00C,408.46,220,1850591.0,CALL,2026-11-20,400.0,1142,64.977,0.626948594,0.001941375,-0.204796676,1.136101086,197,100.0,US.AMD,90.95,92.09,80.0,92.616,0.020711942417862166,666035137005.94,"成交额 $1,850,591 ≥ 阈值 $500,000 | 成交量 220 手",US.AMD,2026-05-08 04:16:32
US.AMD260515C422500,AMD 260515 422.50C,408.46,1443,1789382.0,CALL,2026-05-15,422.5,785,62.587,0.378283438,0.010051553,-0.94010424,0.229803023,8,100.0,US.AMD,16.85,16.85,7.74,18.4417,-0.03437301082113309,666035137005.94,"成交额 $1,789,382 ≥ 阈值 $500,000 | 成交量 1,443 手",US.AMD,2026-05-08 04:16:32
US.AMD260515C450000,AMD 260515 450.00C,408.46,3909,1778797.0,CALL,2026-05-15,450.0,4703,65.712,0.173798284,0.006462103,-0.643438142,0.155105148,8,100.0,US.AMD,7.15,7.9,2.91,8.8118,-0.10169906477990506,666035137005.94,"成交额 $1,778,797 ≥ 阈值 $500,000 | 成交量 3,909 手",US.AMD,2026-05-08 04:16:32
US.AMD260508P417500,AMD 260508 417.50P,408.46,2031,1765981.0,PUT,2026-05-08,417.5,821,71.009,-0.715880633,0.022440917,-2.598467514,0.072161789,1,100.0,US.AMD,8.35,17.45,5.95,8.175,0.022131910101356365,666035137005.94,"成交额 $1,765,981 ≥ 阈值 $500,000 | 成交量 2,031 手",US.AMD,2026-05-08 04:16:32
US.AMD260515C360000,AMD 260515 360.00C,408.46,313,1723328.0,CALL,2026-05-15,360.0,2613,71.594,0.894828226,0.004207194,-0.516906642,0.110022207,8,100.0,US.AMD,56.25,63.0,45.0,64.0431,0.11864074817607595,666035137005.94,"成交额 $1,723,328 ≥ 阈值 $500,000 | 成交量 313 手",US.AMD,2026-05-08 04:16:32
US.AMD260515P405000,AMD 260515 405.00P,408.46,1222,1710027.0,PUT,2026-05-15,405.0,327,63.5,-0.442220609,0.010294704,-0.961195795,0.238545293,8,100.0,US.AMD,12.25,17.09,9.2,11.1527,-0.008470841698085442,666035137005.94,"成交额 $1,710,027 ≥ 阈值 $500,000 | 成交量 1,222 手",US.AMD,2026-05-08 04:16:32
US.AMD260918C400000,AMD 260918 400.00C,408.46,226,1671203.0,CALL,2026-09-18,400.0,2802,64.803,0.611688438,0.002389419,-0.247796548,0.948354833,134,100.0,US.AMD,73.95,77.32,66.42,78.5263,0.020711942417862166,666035137005.94,"成交额 $1,671,203 ≥ 阈值 $500,000 | 成交量 226 手",US.AMD,2026-05-08 04:16:32
US.AMD260508C422500,AMD 260508 422.50C,408.46,4318,1656645.0,CALL,2026-05-08,422.5,2114,71.801,0.188974104,0.017693257,-2.100469629,0.057576877,1,100.0,US.AMD,7.0,7.95,1.09,9.7746,-0.03437301082113309,666035137005.94,"成交额 $1,656,645 ≥ 阈值 $500,000 | 成交量 4,318 手",US.AMD,2026-05-08 04:16:32
US.AMD260618C600000,AMD 260618 600.00C,408.46,7394,1656591.0,CALL,2026-06-18,600.0,6506,65.949,0.056092231,0.001236553,-0.123525544,0.156526179,42,100.0,US.AMD,2.9,3.35,1.87,3.5531,-0.46893208637320677,666035137005.94,"成交额 $1,656,591 ≥ 阈值 $500,000 | 成交量 7,394 手",US.AMD,2026-05-08 04:16:32
US.AMD260515C407500,AMD 260515 407.50C,408.46,1072,1650429.0,CALL,2026-05-15,407.5,666,63.364,0.532077616,0.010383315,-1.004881471,0.240337915,8,100.0,US.AMD,22.2,23.61,13.0,26.5792,0.0023502913381970806,666035137005.94,"成交额 $1,650,429 ≥ 阈值 $500,000 | 成交量 1,072 手",US.AMD,2026-05-08 04:16:32
US.AMD260508C365000,AMD 260508 365.00C,408.46,356,1624917.0,CALL,2026-05-08,365.0,4308,122.107,0.964145575,0.003031736,-1.010776209,0.016779084,1,100.0,US.AMD,52.67,56.65,37.1,56.9201,0.10639964745629922,666035137005.94,"成交额 $1,624,917 ≥ 阈值 $500,000 | 成交量 356 手",US.AMD,2026-05-08 04:16:32
US.AMD260508P430000,AMD 260508 430.00P,408.46,805,1620373.0,PUT,2026-05-08,430.0,1541,65.693,-0.931200097,0.009581677,-0.868573522,0.028173347,1,100.0,US.AMD,15.94,28.1,12.97,15.2788,0.052734661900798174,666035137005.94,"成交额 $1,620,373 ≥ 阈值 $500,000 | 成交量 805 手",US.AMD,2026-05-08 04:16:32
US.AMD260508C390000,AMD 260508 390.00C,408.46,809,1598325.0,CALL,2026-05-08,390.0,2655,80.23,0.870597506,0.01234566,-1.837572293,0.04489092,1,100.0,US.AMD,30.0,31.81,14.2,32.9286,0.04519414385741561,666035137005.94,"成交额 $1,598,325 ≥ 阈值 $500,000 | 成交量 809 手",US.AMD,2026-05-08 04:16:32
US.AMD260618C440000,AMD 260618 440.00C,408.46,687,1532295.0,CALL,2026-06-18,440.0,1740,61.401,0.407931083,0.004564295,-0.409784833,0.537913093,42,100.0,US.AMD,26.41,28.0,19.9,29.275,-0.07721686334035162,666035137005.94,"成交额 $1,532,295 ≥ 阈值 $500,000 | 成交量 687 手",US.AMD,2026-05-08 04:16:32
US.AMD260515P390000,AMD 260515 390.00P,408.46,2072,1528761.0,PUT,2026-05-15,390.0,737,65.149,-0.2960468,0.008780354,-0.860988686,0.208851297,8,100.0,US.AMD,6.85,10.06,4.9,6.5594,-0.04519414385741561,666035137005.94,"成交额 $1,528,761 ≥ 阈值 $500,000 | 成交量 2,072 手",US.AMD,2026-05-08 04:16:32
US.AMD260508C385000,AMD 260508 385.00C,408.46,699,1495807.0,CALL,2026-05-08,385.0,2774,84.661,0.913838743,0.008721576,-1.432474316,0.03346499,1,100.0,US.AMD,33.21,36.25,19.21,37.5534,0.05743524457719233,666035137005.94,"成交额 $1,495,807 ≥ 阈值 $500,000 | 成交量 699 手",US.AMD,2026-05-08 04:16:32
US.AMD260508C355000,AMD 260508 355.00C,408.46,269,1472736.0,CALL,2026-05-08,355.0,2005,144.996,0.97096969,0.00214491,-0.999530351,0.01409621,1,100.0,US.AMD,61.45,67.38,46.35,66.7896,0.13088184889585266,666035137005.94,"成交额 $1,472,736 ≥ 阈值 $500,000 | 成交量 269 手",US.AMD,2026-05-08 04:16:32
US.AMD260522C350000,AMD 260522 350.00C,408.46,212,1439681.0,CALL,2026-05-22,350.0,592,68.874,0.882406333,0.003458739,-0.403343486,0.163228792,15,100.0,US.AMD,70.1,72.77,57.7,75.3175,0.1431229496156294,666035137005.94,"成交额 $1,439,681 ≥ 阈值 $500,000 | 成交量 212 手",US.AMD,2026-05-08 04:16:32
US.AMD260717C450000,AMD 260717 450.00C,408.46,450,1437565.0,CALL,2026-07-17,450.0,1478,61.199,0.4216717,0.003548777,-0.319011608,0.704741236,71,100.0,US.AMD,33.68,35.0,26.72,35.8083,-0.10169906477990506,666035137005.94,"成交额 $1,437,565 ≥ 阈值 $500,000 | 成交量 450 手",US.AMD,2026-05-08 04:16:32
US.AMD260717C420000,AMD 260717 420.00C,408.46,348,1435906.0,CALL,2026-07-17,420.0,1450,60.917,0.522738728,0.00362959,-0.326284258,0.717479761,71,100.0,US.AMD,45.81,47.4,36.5,47.9448,-0.028252460461244727,666035137005.94,"成交额 $1,435,906 ≥ 阈值 $500,000 | 成交量 348 手",US.AMD,2026-05-08 04:16:32
US.AMD260515P380000,AMD 260515 380.00P,408.46,2825,1433118.0,PUT,2026-05-15,380.0,1320,65.777,-0.212270666,0.007296783,-0.723118605,0.175266304,8,100.0,US.AMD,4.95,6.8,3.3,4.5259,-0.06967634529696906,666035137005.94,"成交额 $1,433,118 ≥ 阈值 $500,000 | 成交量 2,825 手",US.AMD,2026-05-08 04:16:32
US.AMD260618P430000,AMD 260618 430.00P,408.46,333,1432004.0,PUT,2026-06-18,430.0,196,61.11,-0.551127126,0.004708048,-0.37754975,0.547607288,42,100.0,US.AMD,42.0,48.84,39.1,39.6814,0.052734661900798174,666035137005.94,"成交额 $1,432,004 ≥ 阈值 $500,000 | 成交量 333 手",US.AMD,2026-05-08 04:16:32
US.AMD260515P420000,AMD 260515 420.00P,408.46,700,1398223.0,PUT,2026-05-15,420.0,487,63.524,-0.595657935,0.010111689,-0.934320574,0.234077398,8,100.0,US.AMD,18.0,26.5,15.8,17.6288,0.028252460461244727,666035137005.94,"成交额 $1,398,223 ≥ 阈值 $500,000 | 成交量 700 手",US.AMD,2026-05-08 04:16:32
US.AMD260515P415000,AMD 260515 415.00P,408.46,787,1381280.0,PUT,2026-05-15,415.0,591,63.457,-0.545658693,0.010349674,-0.959407773,0.239476676,8,100.0,US.AMD,16.17,22.82,13.45,15.2917,0.016011359741468004,666035137005.94,"成交额 $1,381,280 ≥ 阈值 $500,000 | 成交量 787 手",US.AMD,2026-05-08 04:16:32
US.AMD260508C395000,AMD 260508 395.00C,408.46,805,1345496.0,CALL,2026-05-08,395.0,2287,74.205,0.812799819,0.017020685,-2.186356209,0.057243027,1,100.0,US.AMD,24.2,27.46,10.5,28.4643,0.03295304313763889,666035137005.94,"成交额 $1,345,496 ≥ 阈值 $500,000 | 成交量 805 手",US.AMD,2026-05-08 04:16:32
US.AMD260522C445000,AMD 260522 445.00C,408.46,1584,1342779.0,CALL,2026-05-22,445.0,51,64.933,0.283017955,0.006294988,-0.623092821,0.280090725,15,100.0,US.AMD,12.34,12.84,7.95,15.05,-0.08945796406012835,666035137005.94,"成交额 $1,342,779 ≥ 阈值 $500,000 | 成交量 1,584 手",US.AMD,2026-05-08 04:16:32
US.AMD260508C402500,AMD 260508 402.50C,408.46,1469,1322970.0,CALL,2026-05-08,402.5,819,69.935,0.66428718,0.02448924,-2.823568858,0.077623916,1,100.0,US.AMD,18.74,20.2,6.16,22.1999,0.014591392057973804,666035137005.94,"成交额 $1,322,970 ≥ 阈值 $500,000 | 成交量 1,469 手",US.AMD,2026-05-08 04:16:32
US.AMD260508P395000,AMD 260508 395.00P,408.46,5921,1303946.0,PUT,2026-05-08,395.0,2018,75.747,-0.19189944,0.016930976,-2.22728526,0.058122383,1,100.0,US.AMD,1.84,4.05,0.96,1.94,-0.03295304313763889,666035137005.94,"成交额 $1,303,946 ≥ 阈值 $500,000 | 成交量 5,921 手",US.AMD,2026-05-08 04:16:32
US.AMD260522P367500,AMD 260522 367.50P,408.46,1919,1300507.0,PUT,2026-05-22,367.5,189,67.165,-0.196320687,0.004980816,-0.508792343,0.22913535,15,100.0,US.AMD,5.77,7.4,4.45,5.5569,-0.10027909709641086,666035137005.94,"成交额 $1,300,507 ≥ 阈值 $500,000 | 成交量 1,919 手",US.AMD,2026-05-08 04:16:32
US.AMD260717P420000,AMD 260717 420.00P,408.46,266,1269555.0,PUT,2026-07-17,420.0,259,60.944,-0.479425659,0.003659667,-0.28812173,0.716922742,71,100.0,US.AMD,47.8,52.1,43.05,43.35,0.028252460461244727,666035137005.94,"成交额 $1,269,555 ≥ 阈值 $500,000 | 成交量 266 手",US.AMD,2026-05-08 04:16:32
US.AMD260508P390000,AMD 260508 390.00P,408.46,7714,1239196.0,PUT,2026-05-08,390.0,3083,80.308,-0.129636044,0.012349187,-1.802867026,0.044946574,1,100.0,US.AMD,1.45,2.7,0.64,1.405,-0.04519414385741561,666035137005.94,"成交额 $1,239,196 ≥ 阈值 $500,000 | 成交量 7,714 手",US.AMD,2026-05-08 04:16:32
US.AMD260605C410000,AMD 260605 410.00C,408.46,448,1233057.0,CALL,2026-06-05,410.0,543,61.075,0.532292132,0.005655567,-0.505382831,0.457744418,29,100.0,US.AMD,34.35,35.9,24.8,36.5039,-0.003770259021691281,666035137005.94,"成交额 $1,233,057 ≥ 阈值 $500,000 | 成交量 448 手",US.AMD,2026-05-08 04:16:32
US.AMD260605C365000,AMD 260605 365.00C,408.46,209,1229627.0,CALL,2026-06-05,365.0,271,62.41,0.771560553,0.004210353,-0.402843766,0.348201563,29,100.0,US.AMD,65.04,65.04,53.41,66.6088,0.10639964745629922,666035137005.94,"成交额 $1,229,627 ≥ 阈值 $500,000 | 成交量 209 手",US.AMD,2026-05-08 04:16:32
US.AMD260529P400000,AMD 260529 400.00P,408.46,605,1223117.0,PUT,2026-05-29,400.0,263,62.434,-0.410567715,0.006223828,-0.542584393,0.389767765,22,100.0,US.AMD,17.5,23.05,15.67,16.9,-0.020711942417862166,666035137005.94,"成交额 $1,223,117 ≥ 阈值 $500,000 | 成交量 605 手",US.AMD,2026-05-08 04:16:32
US.AMD260618P330000,AMD 260618 330.00P,408.46,1700,1093132.0,PUT,2026-06-18,330.0,1779,63.263,-0.131415814,0.002432953,-0.217029768,0.295220435,42,100.0,US.AMD,6.25,7.15,5.4,6.1,-0.1920873524947363,666035137005.94,"成交额 $1,093,132 ≥ 阈值 $500,000 | 成交量 1,700 手",US.AMD,2026-05-08 04:16:32
US.AMD260618P380000,AMD 260618 380.00P,408.46,574,1090311.0,PUT,2026-06-18,380.0,375,61.276,-0.319307634,0.00421747,-0.34952235,0.49481747,42,100.0,US.AMD,16.8,21.75,16.5,17.25,-0.06967634529696906,666035137005.94,"成交额 $1,090,311 ≥ 阈值 $500,000 | 成交量 574 手",US.AMD,2026-05-08 04:16:32
US.AMD260821C500000,AMD 260821 500.00C,408.46,348,1077291.0,CALL,2026-08-21,500.0,916,65.624,0.357537961,0.00258385,-0.266409073,0.821481305,106,100.0,US.AMD,32.2,33.7,27.35,34.7988,-0.2241100719776723,666035137005.94,"成交额 $1,077,291 ≥ 阈值 $500,000 | 成交量 348 手",US.AMD,2026-05-08 04:16:32
US.AMD260515C417500,AMD 260515 417.50C,408.46,701,1061195.0,CALL,2026-05-15,417.5,586,62.433,0.427744301,0.010398428,-0.971783652,0.237150565,8,100.0,US.AMD,18.1,19.0,9.68,20.9174,-0.022131910101356365,666035137005.94,"成交额 $1,061,195 ≥ 阈值 $500,000 | 成交量 701 手",US.AMD,2026-05-08 04:16:32
US.AMD260508P435000,AMD 260508 435.00P,408.46,375,1053688.0,PUT,2026-05-08,435.0,52,68.958,-0.958950789,0.006145251,-0.582422941,0.018693378,1,100.0,US.AMD,23.57,33.59,17.56,18.7308,0.06497576262057489,666035137005.94,"成交额 $1,053,688 ≥ 阈值 $500,000 | 成交量 375 手",US.AMD,2026-05-08 04:16:32
US.AMD260918C460000,AMD 260918 460.00C,408.46,210,1051877.0,CALL,2026-09-18,460.0,598,64.556,0.470501922,0.002490217,-0.252167593,0.984596114,134,100.0,US.AMD,50.57,52.6,43.7,53.775,-0.12618126621945852,666035137005.94,"成交额 $1,051,877 ≥ 阈值 $500,000 | 成交量 210 手",US.AMD,2026-05-08 04:16:32
US.AMD260515C435000,AMD 260515 435.00C,408.46,1296,1049247.0,CALL,2026-05-15,435.0,1053,64.094,0.271615094,0.008560857,-0.828374256,0.200426566,8,100.0,US.AMD,9.8,11.5,5.0,13.344,-0.06497576262057489,666035137005.94,"成交额 $1,049,247 ≥ 阈值 $500,000 | 成交量 1,296 手",US.AMD,2026-05-08 04:16:32
US.AMD260717C410000,AMD 260717 410.00C,408.46,226,1024009.0,CALL,2026-07-17,410.0,733,61.189,0.558540468,0.003580298,-0.325844927,0.710896931,71,100.0,US.AMD,49.0,52.4,40.5,52.833,-0.003770259021691281,666035137005.94,"成交额 $1,024,009 ≥ 阈值 $500,000 | 成交量 226 手",US.AMD,2026-05-08 04:16:32
US.AMD260618P350000,AMD 260618 350.00P,408.46,1013,1021888.0,PUT,2026-06-18,350.0,2386,62.341,-0.196366252,0.003208791,-0.27733272,0.383502663,42,100.0,US.AMD,9.93,11.64,8.6,9.4,-0.1431229496156294,666035137005.94,"成交额 $1,021,888 ≥ 阈值 $500,000 | 成交量 1,013 手",US.AMD,2026-05-08 04:16:32
US.AMD260821P280000,AMD 260821 280.00P,408.46,1059,1010147.0,PUT,2026-08-21,280.0,1559,67.969,-0.107367187,0.001236287,-0.125801203,0.406716726,106,100.0,US.AMD,8.9,9.65,8.17,8.75,-0.3144983596925035,666035137005.94,"成交额 $1,010,147 ≥ 阈值 $500,000 | 成交量 1,059 手",US.AMD,2026-05-08 04:16:32
US.AMD260522C430000,AMD 260522 430.00C,408.46,700,1000398.0,CALL,2026-05-22,430.0,681,64.02,0.374610024,0.007152742,-0.693698843,0.313790276,15,100.0,US.AMD,18.92,18.92,10.8,20.5316,-0.052734661900798174,666035137005.94,"成交额 $1,000,398 ≥ 阈值 $500,000 | 成交量 700 手",US.AMD,2026-05-08 04:16:32
US.AMD260821C440000,AMD 260821 440.00C,408.46,207,995572.0,CALL,2026-08-21,440.0,629,65.125,0.497490789,0.002782971,-0.2860861,0.878087975,106,100.0,US.AMD,49.98,52.75,43.0,53.7401,-0.07721686334035162,666035137005.94,"成交额 $995,572 ≥ 阈值 $500,000 | 成交量 207 手",US.AMD,2026-05-08 04:16:32
US.AMD260515P402500,AMD 260515 402.50P,408.46,737,992983.0,PUT,2026-05-15,402.5,192,63.564,-0.416374318,0.010163161,-0.951298897,0.235765178,8,100.0,US.AMD,11.7,15.72,8.45,10.2149,-0.014591392057973804,666035137005.94,"成交额 $992,983 ≥ 阈值 $500,000 | 成交量 737 手",US.AMD,2026-05-08 04:16:32
US.AMD260618P390000,AMD 260618 390.00P,408.46,415,987570.0,PUT,2026-06-18,390.0,292,61.14,-0.3651739,0.004450198,-0.3657879,0.520610929,42,100.0,US.AMD,21.87,26.3,19.9,20.775,-0.04519414385741561,666035137005.94,"成交额 $987,570 ≥ 阈值 $500,000 | 成交量 415 手",US.AMD,2026-05-08 04:16:32
US.AMD260522C450000,AMD 260522 450.00C,408.46,1117,963134.0,CALL,2026-05-22,450.0,2949,65.345,0.256615226,0.005955815,-0.595344964,0.266679582,15,100.0,US.AMD,10.72,12.35,6.5,13.6445,-0.10169906477990506,666035137005.94,"成交额 $963,134 ≥ 阈值 $500,000 | 成交量 1,117 手",US.AMD,2026-05-08 04:16:32
US.AMD260515P407500,AMD 260515 407.50P,408.46,598,913792.0,PUT,2026-05-15,407.5,261,63.165,-0.468233943,0.01042749,-0.962412387,0.240309298,8,100.0,US.AMD,14.0,18.2,10.2,12.0905,-0.0023502913381970806,666035137005.94,"成交额 $913,792 ≥ 阈值 $500,000 | 成交量 598 手",US.AMD,2026-05-08 04:16:32
US.AMD260717P340000,AMD 260717 340.00P,408.46,662,906583.0,PUT,2026-07-17,340.0,495,61.975,-0.202833584,0.002533159,-0.213766581,0.508443751,71,100.0,US.AMD,14.05,15.65,12.55,12.925,-0.16760515105518284,666035137005.94,"成交额 $906,583 ≥ 阈值 $500,000 | 成交量 662 手",US.AMD,2026-05-08 04:16:32
US.AMD260717C430000,AMD 260717 430.00C,408.46,241,902231.0,CALL,2026-07-17,430.0,1789,61.075,0.488119998,0.003624491,-0.326389938,0.718326728,71,100.0,US.AMD,41.5,42.6,33.0,43.6326,-0.052734661900798174,666035137005.94,"成交额 $902,231 ≥ 阈值 $500,000 | 成交量 241 手",US.AMD,2026-05-08 04:16:32
US.AMD260508C397500,AMD 260508 397.50C,408.46,490,897547.0,CALL,2026-05-08,397.5,598,71.438,0.773901645,0.019774077,-2.363839451,0.064023349,1,100.0,US.AMD,20.04,25.0,9.2,26.3245,0.026832492777750527,666035137005.94,"成交额 $897,547 ≥ 阈值 $500,000 | 成交量 490 手",US.AMD,2026-05-08 04:16:32
US.AMD260618P420000,AMD 260618 420.00P,408.46,238,872613.0,PUT,2026-06-18,420.0,1366,61.154,-0.505617139,0.004735289,-0.383163237,0.55220909,42,100.0,US.AMD,34.7,42.75,33.75,34.2,0.028252460461244727,666035137005.94,"成交额 $872,613 ≥ 阈值 $500,000 | 成交量 238 手",US.AMD,2026-05-08 04:16:32
US.AMD260515P370000,AMD 260515 370.00P,408.46,2303,861780.0,PUT,2026-05-15,370.0,2596,68.073,-0.149222081,0.005648063,-0.592205205,0.140413545,8,100.0,US.AMD,3.17,4.45,2.19,3.0411,-0.0941585467365225,666035137005.94,"成交额 $861,780 ≥ 阈值 $500,000 | 成交量 2,303 手",US.AMD,2026-05-08 04:16:32
US.AMD260508P425000,AMD 260508 425.00P,408.46,465,859671.0,PUT,2026-05-08,425.0,843,71.045,-0.853574567,0.015210069,-1.707725309,0.048825454,1,100.0,US.AMD,13.05,24.44,9.8,12.1527,0.04049356118102145,666035137005.94,"成交额 $859,671 ≥ 阈值 $500,000 | 成交量 465 手",US.AMD,2026-05-08 04:16:32
US.AMD260529C450000,AMD 260529 450.00C,408.46,762,853861.0,CALL,2026-05-29,450.0,657,62.322,0.293814952,0.005511641,-0.503505099,0.345277238,22,100.0,US.AMD,14.75,15.4,9.0,16.675,-0.10169906477990506,666035137005.94,"成交额 $853,861 ≥ 阈值 $500,000 | 成交量 762 手",US.AMD,2026-05-08 04:16:32
US.AMD260508P440000,AMD 260508 440.00P,408.46,283,834944.0,PUT,2026-05-08,440.0,121,83.017,-0.955491621,0.005408548,-0.759388905,0.019970935,1,100.0,US.AMD,28.5,37.0,21.2,22.4832,0.07721686334035162,666035137005.94,"成交额 $834,944 ≥ 阈值 $500,000 | 成交量 283 手",US.AMD,2026-05-08 04:16:32
US.AMD260717C500000,AMD 260717 500.00C,408.46,431,767350.0,CALL,2026-07-17,500.0,2327,62.245,0.283145474,0.003018334,-0.277536963,0.609630224,71,100.0,US.AMD,20.46,21.0,15.8,21.6209,-0.2241100719776723,666035137005.94,"成交额 $767,350 ≥ 阈值 $500,000 | 成交量 431 手",US.AMD,2026-05-08 04:16:32
US.AMD260918C500000,AMD 260918 500.00C,408.46,211,755010.0,CALL,2026-09-18,500.0,3209,64.655,0.38738337,0.002393217,-0.241247617,0.947676221,134,100.0,US.AMD,40.75,41.0,33.3,41.7111,-0.2241100719776723,666035137005.94,"成交额 $755,010 ≥ 阈值 $500,000 | 成交量 211 手",US.AMD,2026-05-08 04:16:32
US.AMD260522C470000,AMD 260522 470.00C,408.46,1427,754832.0,CALL,2026-05-22,470.0,946,66.34,0.167159424,0.004558325,-0.463833985,0.207205147,15,100.0,US.AMD,5.8,7.42,4.11,8.7097,-0.15066346765901195,666035137005.94,"成交额 $754,832 ≥ 阈值 $500,000 | 成交量 1,427 手",US.AMD,2026-05-08 04:16:32
US.AMD260618P360000,AMD 260618 360.00P,408.46,586,750553.0,PUT,2026-06-18,360.0,1162,61.841,-0.234092733,0.003583553,-0.304183136,0.424718019,42,100.0,US.AMD,11.8,14.5,10.82,11.55,-0.11864074817607595,666035137005.94,"成交额 $750,553 ≥ 阈值 $500,000 | 成交量 586 手",US.AMD,2026-05-08 04:16:32
US.AMD260508C435000,AMD 260508 435.00C,408.46,5499,745913.0,CALL,2026-05-08,435.0,2910,78.865,0.065712811,0.007615907,-1.046005572,0.027222054,1,100.0,US.AMD,3.2,3.75,0.38,5.25,-0.06497576262057489,666035137005.94,"成交额 $745,913 ≥ 阈值 $500,000 | 成交量 5,499 手",US.AMD,2026-05-08 04:16:32
US.AMD260522P390000,AMD 260522 390.00P,408.46,550,737642.0,PUT,2026-05-22,390.0,197,65.087,-0.334643849,0.006764512,-0.650431211,0.301400021,15,100.0,US.AMD,12.05,15.15,9.57,10.7509,-0.04519414385741561,666035137005.94,"成交额 $737,642 ≥ 阈值 $500,000 | 成交量 550 手",US.AMD,2026-05-08 04:16:32
US.AMD260515C380000,AMD 260515 380.00C,408.46,211,732752.0,CALL,2026-05-15,380.0,4176,65.86,0.787571524,0.007289145,-0.761904939,0.175354968,8,100.0,US.AMD,39.9,44.4,28.7,46.5046,0.06967634529696906,666035137005.94,"成交额 $732,752 ≥ 阈值 $500,000 | 成交量 211 手",US.AMD,2026-05-08 04:16:32
US.AMD260508C427500,AMD 260508 427.50C,408.46,4063,732021.0,CALL,2026-05-08,427.5,1106,74.474,0.124711377,0.012962326,-1.629896143,0.043751539,1,100.0,US.AMD,5.05,6.1,0.72,7.7,-0.04661411154090981,666035137005.94,"成交额 $732,021 ≥ 阈值 $500,000 | 成交量 4,063 手",US.AMD,2026-05-08 04:16:32
US.AMD260508P397500,AMD 260508 397.50P,408.46,2805,720975.0,PUT,2026-05-08,397.5,896,74.131,-0.233993611,0.01942591,-2.461505448,0.065264347,1,100.0,US.AMD,2.39,4.95,1.18,2.3,-0.026832492777750527,666035137005.94,"成交额 $720,975 ≥ 阈值 $500,000 | 成交量 2,805 手",US.AMD,2026-05-08 04:16:32
US.AMD260717P380000,AMD 260717 380.00P,408.46,265,713666.0,PUT,2026-07-17,380.0,138,61.006,-0.335064077,0.003328128,-0.268367327,0.655975272,71,100.0,US.AMD,26.95,30.75,24.85,25.2548,-0.06967634529696906,666035137005.94,"成交额 $713,666 ≥ 阈值 $500,000 | 成交量 265 手",US.AMD,2026-05-08 04:16:32
US.AMD260515P425000,AMD 260515 425.00P,408.46,332,706469.0,PUT,2026-05-15,425.0,688,63.644,-0.643360885,0.009721133,-0.895347883,0.225283118,8,100.0,US.AMD,23.5,30.0,19.0,20.2803,0.04049356118102145,666035137005.94,"成交额 $706,469 ≥ 阈值 $500,000 | 成交量 332 手",US.AMD,2026-05-08 04:16:32
US.AMD260605C470000,AMD 260605 470.00C,408.46,783,690302.0,CALL,2026-06-05,470.0,207,62.863,0.245982197,0.004353443,-0.403470166,0.362643172,29,100.0,US.AMD,12.0,12.6,8.45,14.3968,-0.15066346765901195,666035137005.94,"成交额 $690,302 ≥ 阈值 $500,000 | 成交量 783 手",US.AMD,2026-05-08 04:16:32
US.AMD260522C400000,AMD 260522 400.00C,408.46,242,679924.0,CALL,2026-05-22,400.0,698,64.538,0.593619823,0.007260743,-0.724567305,0.321108631,15,100.0,US.AMD,35.0,35.0,22.5,36.2869,0.020711942417862166,666035137005.94,"成交额 $679,924 ≥ 阈值 $500,000 | 成交量 242 手",US.AMD,2026-05-08 04:16:32
US.AMD260618P340000,AMD 260618 340.00P,408.46,839,678551.0,PUT,2026-06-18,340.0,3282,62.861,-0.162208581,0.002820876,-0.248235652,0.340042446,42,100.0,US.AMD,7.76,9.09,6.9,7.475,-0.16760515105518284,666035137005.94,"成交额 $678,551 ≥ 阈值 $500,000 | 成交量 839 手",US.AMD,2026-05-08 04:16:32
US.AMD260522P402500,AMD 260522 402.50P,408.46,338,667307.0,PUT,2026-05-22,402.5,39,64.619,-0.425396882,0.007337239,-0.693482228,0.324377321,15,100.0,US.AMD,16.7,21.7,15.0,15.0882,-0.014591392057973804,666035137005.94,"成交额 $667,307 ≥ 阈值 $500,000 | 成交量 338 手",US.AMD,2026-05-08 04:16:32
US.AMD260515P412500,AMD 260515 412.50P,408.46,385,641833.0,PUT,2026-05-15,412.5,182,63.453,-0.520045133,0.010403422,-0.966238141,0.240759522,8,100.0,US.AMD,14.2,21.15,12.3,14.1545,0.009890809381579642,666035137005.94,"成交额 $641,833 ≥ 阈值 $500,000 | 成交量 385 手",US.AMD,2026-05-08 04:16:32
US.AMD260515P417500,AMD 260515 417.50P,408.46,349,634219.0,PUT,2026-05-15,417.5,280,63.408,-0.571023949,0.010262818,-0.947523661,0.237218971,8,100.0,US.AMD,17.85,25.0,14.5,16.4291,0.022131910101356365,666035137005.94,"成交额 $634,219 ≥ 阈值 $500,000 | 成交量 349 手",US.AMD,2026-05-08 04:16:32
US.AMD260605P340000,AMD 260605 340.00P,408.46,1095,629691.0,PUT,2026-06-05,340.0,167,64.632,-0.1328014,0.002886373,-0.270007986,0.247087613,29,100.0,US.AMD,5.25,6.0,4.3,4.975,-0.16760515105518284,666035137005.94,"成交额 $629,691 ≥ 阈值 $500,000 | 成交量 1,095 手",US.AMD,2026-05-08 04:16:32
US.AMD260508C440000,AMD 260508 440.00C,408.46,6472,625332.0,CALL,2026-05-08,440.0,4541,81.122,0.041311363,0.005121987,-0.729575475,0.018832753,1,100.0,US.AMD,2.67,3.35,0.26,4.0,-0.07721686334035162,666035137005.94,"成交额 $625,332 ≥ 阈值 $500,000 | 成交量 6,472 手",US.AMD,2026-05-08 04:16:32
US.AMD260717P350000,AMD 260717 350.00P,408.46,367,619417.0,PUT,2026-07-17,350.0,1426,61.251,-0.232493223,0.002774382,-0.227989252,0.550103995,71,100.0,US.AMD,15.95,18.87,15.1,15.575,-0.1431229496156294,666035137005.94,"成交额 $619,417 ≥ 阈值 $500,000 | 成交量 367 手",US.AMD,2026-05-08 04:16:32
US.AMD260605C420000,AMD 260605 420.00C,408.46,240,609151.0,CALL,2026-06-05,420.0,644,61.614,0.477298023,0.005615461,-0.508524304,0.458504718,29,100.0,US.AMD,29.55,31.25,20.75,31.719,-0.028252460461244727,666035137005.94,"成交额 $609,151 ≥ 阈值 $500,000 | 成交量 240 手",US.AMD,2026-05-08 04:16:32
US.AMD260515P385000,AMD 260515 385.00P,408.46,940,606972.0,PUT,2026-05-15,385.0,425,65.181,-0.251614727,0.008096312,-0.791704568,0.192694247,8,100.0,US.AMD,6.55,8.35,4.1,5.4407,-0.05743524457719233,666035137005.94,"成交额 $606,972 ≥ 阈值 $500,000 | 成交量 940 手",US.AMD,2026-05-08 04:16:32
US.AMD260529C420000,AMD 260529 420.00C,408.46,266,591113.0,CALL,2026-05-29,420.0,1578,61.326,0.46207085,0.006458973,-0.578313612,0.398172067,22,100.0,US.AMD,25.8,27.0,16.9,28.4335,-0.028252460461244727,666035137005.94,"成交额 $591,113 ≥ 阈值 $500,000 | 成交量 266 手",US.AMD,2026-05-08 04:16:32
US.AMD260508P422500,AMD 260508 422.50P,408.46,469,589600.0,PUT,2026-05-08,422.5,821,73.773,-0.804486668,0.017608951,-2.166293829,0.058777297,1,100.0,US.AMD,11.85,22.0,8.15,10.7514,0.03437301082113309,666035137005.94,"成交额 $589,600 ≥ 阈值 $500,000 | 成交量 469 手",US.AMD,2026-05-08 04:16:32
US.AMD260522P425000,AMD 260522 425.00P,408.46,231,585851.0,PUT,2026-05-22,425.0,314,64.809,-0.589829079,0.007271271,-0.681926501,0.321679871,15,100.0,US.AMD,27.0,34.19,24.25,25.535,0.04049356118102145,666035137005.94,"成交额 $585,851 ≥ 阈值 $500,000 | 成交量 231 手",US.AMD,2026-05-08 04:16:32
US.AMD260522P415000,AMD 260522 415.00P,408.46,263,584385.0,PUT,2026-05-22,415.0,1049,64.267,-0.518668073,0.007507672,-0.697476534,0.329767988,15,100.0,US.AMD,20.6,26.8,19.0,20.3625,0.016011359741468004,666035137005.94,"成交额 $584,385 ≥ 阈值 $500,000 | 成交量 263 手",US.AMD,2026-05-08 04:16:32
US.AMD260522P400000,AMD 260522 400.00P,408.46,333,554875.0,PUT,2026-05-22,400.0,448,64.752,-0.406899108,0.007248041,-0.688449636,0.321140226,15,100.0,US.AMD,15.25,20.0,12.5,14.1237,-0.020711942417862166,666035137005.94,"成交额 $554,875 ≥ 阈值 $500,000 | 成交量 333 手",US.AMD,2026-05-08 04:16:32
US.AMD260515P395000,AMD 260515 395.00P,408.46,583,548237.0,PUT,2026-05-15,395.0,312,64.263,-0.341694527,0.009456548,-0.904124481,0.221847626,8,100.0,US.AMD,8.65,12.18,6.3,7.8894,-0.03295304313763889,666035137005.94,"成交额 $548,237 ≥ 阈值 $500,000 | 成交量 583 手",US.AMD,2026-05-08 04:16:32
US.AMD260508C432500,AMD 260508 432.50C,408.46,3695,539803.0,CALL,2026-05-08,432.5,2669,77.673,0.08227763,0.009182804,-1.234967021,0.032326136,1,100.0,US.AMD,4.0,4.4,0.46,5.975,-0.05885521226068653,666035137005.94,"成交额 $539,803 ≥ 阈值 $500,000 | 成交量 3,695 手",US.AMD,2026-05-08 04:16:32
US.AMD260508P432500,AMD 260508 432.50P,408.46,218,537112.0,PUT,2026-05-08,432.5,71,78.09,-0.916915999,0.009262175,-1.213306151,0.032543052,1,100.0,US.AMD,20.5,27.51,15.51,16.9548,0.05885521226068653,666035137005.94,"成交额 $537,112 ≥ 阈值 $500,000 | 成交量 218 手",US.AMD,2026-05-08 04:16:32
US.AMD260515C470000,AMD 260515 470.00C,408.46,2276,525813.0,CALL,2026-05-15,470.0,941,68.533,0.092533578,0.004001988,-0.41919882,0.100181433,8,100.0,US.AMD,3.75,4.1,1.5,4.9464,-0.15066346765901195,666035137005.94,"成交额 $525,813 ≥ 阈值 $500,000 | 成交量 2,276 手",US.AMD,2026-05-08 04:16:32
US.AMD260515C427500,AMD 260515 427.50C,408.46,505,522690.0,CALL,2026-05-15,427.5,994,63.507,0.333834798,0.009478426,-0.90828367,0.219881666,8,100.0,US.AMD,11.95,13.4,6.45,16.2504,-0.04661411154090981,666035137005.94,"成交额 $522,690 ≥ 阈值 $500,000 | 成交量 505 手",US.AMD,2026-05-08 04:16:32
US.AMD260605C430000,AMD 260605 430.00C,408.46,234,515735.0,CALL,2026-06-05,430.0,410,62.259,0.425187953,0.005468114,-0.503653453,0.451146539,29,100.0,US.AMD,23.86,26.0,16.85,27.225,-0.052734661900798174,666035137005.94,"成交额 $515,735 ≥ 阈值 $500,000 | 成交量 234 手",US.AMD,2026-05-08 04:16:32
US.AMD260522C410000,AMD 260522 410.00C,408.46,232,515533.0,CALL,2026-05-22,410.0,611,64.5,0.51915429,0.007463115,-0.74103155,0.32986462,15,100.0,US.AMD,28.42,28.67,17.6,30.4009,-0.003770259021691281,666035137005.94,"成交额 $515,533 ≥ 阈值 $500,000 | 成交量 232 手",US.AMD,2026-05-08 04:16:32
US.AMD260508C387500,AMD 260508 387.50C,408.46,246,511617.0,CALL,2026-05-08,387.5,424,84.88,0.887830236,0.010552151,-1.750954381,0.04059366,1,100.0,US.AMD,27.95,33.56,17.6,35.2283,0.051314694217303974,666035137005.94,"成交额 $511,617 ≥ 阈值 $500,000 | 成交量 246 手",US.AMD,2026-05-08 04:16:32
US.AMZN260515C245000,AMZN 260515 245.00C,271.17,8481,22696052.0,CALL,2026-05-15,245.0,25119,43.827,0.94627125,0.006209975,-0.137355323,0.043811392,8,100.0,US.AMZN,31.39,31.39,26.74,30.506,0.09650772578087552,2917005365760.12,"成交额 $22,696,052 ≥ 阈值 $500,000 | 成交量 8,481 手",US.AMZN,2026-05-08 04:16:36
US.AMZN260618C100000,AMZN 260618 100.00C,271.17,668,11553904.0,CALL,2026-06-18,100.0,2915,121.18,0.995888571,0.000108939,-0.025478876,0.011169918,42,100.0,US.AMZN,174.02,174.44,171.69,175.6529,0.6312276431758675,2917005365760.12,"成交额 $11,553,904 ≥ 阈值 $500,000 | 成交量 668 手",US.AMZN,2026-05-08 04:16:36
US.AMZN260717C285000,AMZN 260717 285.00C,271.17,12065,11258587.0,CALL,2026-07-17,285.0,4205,29.006,0.393796573,0.011090573,-0.104039538,0.460060947,71,100.0,US.AMZN,10.4,10.85,8.95,11.05,-0.05100121694877746,2917005365760.12,"成交额 $11,258,587 ≥ 阈值 $500,000 | 成交量 12,065 手",US.AMZN,2026-05-08 04:16:36
US.AMZN260508C212500,AMZN 260508 212.50C,271.17,1701,10130185.0,CALL,2026-05-08,212.5,1752,213.651,0.987658344,0.001060002,-0.461646894,0.004522565,1,100.0,US.AMZN,59.08,60.39,58.76,62.49,0.21635874174871855,2917005365760.12,"成交额 $10,130,185 ≥ 阈值 $500,000 | 成交量 1,701 手",US.AMZN,2026-05-08 04:16:36
US.AMZN260918C220000,AMZN 260918 220.00C,271.17,1606,9625354.0,CALL,2026-09-18,220.0,3911,38.653,0.857057744,0.003554532,-0.070829862,0.370800633,134,100.0,US.AMZN,63.0,63.0,59.16,62.9729,0.18870081498690863,2917005365760.12,"成交额 $9,625,354 ≥ 阈值 $500,000 | 成交量 1,606 手",US.AMZN,2026-05-08 04:16:36
US.AMZN260508C275000,AMZN 260508 275.00C,271.17,41669,5492087.0,CALL,2026-05-08,275.0,10767,32.017,0.204314121,0.062672697,-0.656992452,0.040059919,1,100.0,US.AMZN,2.49,3.3,0.47,2.61,-0.014123981266364214,2917005365760.12,"成交额 $5,492,087 ≥ 阈值 $500,000 | 成交量 41,669 手",US.AMZN,2026-05-08 04:16:36
US.AMZN260821C270000,AMZN 260821 270.00C,271.17,2136,4846441.0,CALL,2026-08-21,270.0,6004,33.88,0.568666294,0.007938404,-0.105259011,0.57430282,106,100.0,US.AMZN,23.35,23.5,21.34,24.3917,0.004314636574842408,2917005365760.12,"成交额 $4,846,441 ≥ 阈值 $500,000 | 成交量 2,136 手",US.AMZN,2026-05-08 04:16:36
US.AMZN260508C272500,AMZN 260508 272.50C,271.17,19344,4159776.0,CALL,2026-05-08,272.5,15786,32.349,0.391303787,0.084009197,-0.917243776,0.05426762,1,100.0,US.AMZN,5.5,5.5,1.15,3.9463,-0.004904672345760903,2917005365760.12,"成交额 $4,159,776 ≥ 阈值 $500,000 | 成交量 19,344 手",US.AMZN,2026-05-08 04:16:36
US.AMZN260618C275000,AMZN 260618 275.00C,271.17,3894,3849161.0,CALL,2026-06-18,275.0,27701,28.581,0.478898253,0.015154396,-0.13748834,0.366415179,42,100.0,US.AMZN,11.58,11.58,9.22,11.6574,-0.014123981266364214,2917005365760.12,"成交额 $3,849,161 ≥ 阈值 $500,000 | 成交量 3,894 手",US.AMZN,2026-05-08 04:16:36
US.AMZN260508P270000,AMZN 260508 270.00P,271.17,34905,3770645.0,PUT,2026-05-08,270.0,9734,32.093,-0.392605216,0.084788638,-0.890649576,0.054313629,1,100.0,US.AMZN,0.6,1.59,0.42,0.8091,-0.004314636574842408,2917005365760.12,"成交额 $3,770,645 ≥ 阈值 $500,000 | 成交量 34,905 手",US.AMZN,2026-05-08 04:16:36
US.AMZN260508C270000,AMZN 260508 270.00C,271.17,9073,3502069.0,CALL,2026-05-08,270.0,7476,33.997,0.601994399,0.08031149,-0.97422649,0.054521282,1,100.0,US.AMZN,5.9,7.15,2.41,5.8,0.004314636574842408,2917005365760.12,"成交额 $3,502,069 ≥ 阈值 $500,000 | 成交量 9,073 手",US.AMZN,2026-05-08 04:16:36
US.AMZN260508P272500,AMZN 260508 272.50P,271.17,18194,3379925.0,PUT,2026-05-08,272.5,6429,30.246,-0.616755192,0.089423336,-0.826493374,0.053929047,1,100.0,US.AMZN,1.21,2.92,0.87,1.455,0.004904672345760903,2917005365760.12,"成交额 $3,379,925 ≥ 阈值 $500,000 | 成交量 18,194 手",US.AMZN,2026-05-08 04:16:36
US.AMZN260515C275000,AMZN 260515 275.00C,271.17,8885,3258782.0,CALL,2026-05-15,275.0,24037,27.384,0.379736845,0.034646123,-0.279232125,0.152730641,8,100.0,US.AMZN,5.0,5.9,2.74,5.129,-0.014123981266364214,2917005365760.12,"成交额 $3,258,782 ≥ 阈值 $500,000 | 成交量 8,885 手",US.AMZN,2026-05-08 04:16:36
US.AMZN260717C270000,AMZN 260717 270.00C,271.17,1907,3232541.0,CALL,2026-07-17,270.0,6590,29.759,0.560650035,0.01107974,-0.112821957,0.471571506,71,100.0,US.AMZN,18.3,18.3,15.65,18.42,0.004314636574842408,2917005365760.12,"成交额 $3,232,541 ≥ 阈值 $500,000 | 成交量 1,907 手",US.AMZN,2026-05-08 04:16:36
US.AMZN260618C270000,AMZN 260618 270.00C,271.17,2419,3089588.0,CALL,2026-06-18,270.0,16490,28.844,0.55408995,0.014898986,-0.139468667,0.363551436,42,100.0,US.AMZN,14.52,14.52,11.6,14.4628,0.004314636574842408,2917005365760.12,"成交额 $3,089,588 ≥ 阈值 $500,000 | 成交量 2,419 手",US.AMZN,2026-05-08 04:16:36
US.AMZN260515C220000,AMZN 260515 220.00C,271.17,561,2987412.0,CALL,2026-05-15,220.0,13304,70.256,0.980833141,0.001656627,-0.09578205,0.018740485,8,100.0,US.AMZN,54.79,54.79,51.05,55.3673,0.18870081498690863,2917005365760.12,"成交额 $2,987,412 ≥ 阈值 $500,000 | 成交量 561 手",US.AMZN,2026-05-08 04:16:36
US.AMZN260618C280000,AMZN 260618 280.00C,271.17,3786,2977146.0,CALL,2026-06-18,280.0,22922,28.124,0.403526981,0.01496915,-0.130118901,0.35613053,42,100.0,US.AMZN,9.26,9.85,7.0,9.25,-0.03256259910757084,2917005365760.12,"成交额 $2,977,146 ≥ 阈值 $500,000 | 成交量 3,786 手",US.AMZN,2026-05-08 04:16:36
US.AMZN260618C220000,AMZN 260618 220.00C,271.17,523,2859718.0,CALL,2026-06-18,220.0,27252,40.412,0.947891921,0.002867413,-0.067217303,0.098015404,42,100.0,US.AMZN,57.0,57.0,53.2,56.8328,0.18870081498690863,2917005365760.12,"成交额 $2,859,718 ≥ 阈值 $500,000 | 成交量 523 手",US.AMZN,2026-05-08 04:16:36
US.AMZN260717P240000,AMZN 260717 240.00P,271.17,7684,2835547.0,PUT,2026-07-17,240.0,3534,32.501,-0.166361017,0.006436432,-0.064084394,0.298092758,71,100.0,US.AMZN,3.28,3.8,3.28,3.425,-0.11494634362208214,2917005365760.12,"成交额 $2,835,547 ≥ 阈值 $500,000 | 成交量 7,684 手",US.AMZN,2026-05-08 04:16:36
US.AMZN260515C260000,AMZN 260515 260.00C,271.17,1639,2342022.0,CALL,2026-05-15,260.0,34760,30.754,0.832643488,0.020301376,-0.215628018,0.100483741,8,100.0,US.AMZN,16.31,16.31,12.48,16.142,0.04119187225725565,2917005365760.12,"成交额 $2,342,022 ≥ 阈值 $500,000 | 成交量 1,639 手",US.AMZN,2026-05-08 04:16:36
US.AMZN260529C260000,AMZN 260529 260.00C,271.17,1322,2232240.0,CALL,2026-05-29,260.0,2733,29.29,0.742667627,0.016549128,-0.162801042,0.214709511,22,100.0,US.AMZN,17.1,17.48,15.0,18.2743,0.04119187225725565,2917005365760.12,"成交额 $2,232,240 ≥ 阈值 $500,000 | 成交量 1,322 手",US.AMZN,2026-05-08 04:16:36
US.AMZN260618C265000,AMZN 260618 265.00C,271.17,1340,2162644.0,CALL,2026-06-18,265.0,20662,29.409,0.626528575,0.014000349,-0.138203428,0.348302907,42,100.0,US.AMZN,17.9,17.9,14.66,17.6367,0.02275325441604903,2917005365760.12,"成交额 $2,162,644 ≥ 阈值 $500,000 | 成交量 1,340 手",US.AMZN,2026-05-08 04:16:36
US.AMZN260717C275000,AMZN 260717 275.00C,271.17,1399,1979986.0,CALL,2026-07-17,275.0,15774,29.467,0.504644766,0.011319692,-0.111719347,0.477064477,71,100.0,US.AMZN,15.3,16.4,13.1,15.6174,-0.014123981266364214,2917005365760.12,"成交额 $1,979,986 ≥ 阈值 $500,000 | 成交量 1,399 手",US.AMZN,2026-05-08 04:16:36
US.AMZN260821C220000,AMZN 260821 220.00C,271.17,322,1946918.0,CALL,2026-08-21,220.0,2902,39.585,0.872153889,0.003614986,-0.074964788,0.305494981,106,100.0,US.AMZN,61.25,61.25,58.1,61.305,0.18870081498690863,2917005365760.12,"成交额 $1,946,918 ≥ 阈值 $500,000 | 成交量 322 手",US.AMZN,2026-05-08 04:16:36
US.AMZN260508P275000,AMZN 260508 275.00P,271.17,6149,1864292.0,PUT,2026-05-08,275.0,6627,30.242,-0.810046606,0.063827339,-0.56746588,0.038301627,1,100.0,US.AMZN,1.94,4.45,1.7,2.6183,0.014123981266364214,2917005365760.12,"成交额 $1,864,292 ≥ 阈值 $500,000 | 成交量 6,149 手",US.AMZN,2026-05-08 04:16:36
US.AMZN260508C260000,AMZN 260508 260.00C,271.17,1385,1846230.0,CALL,2026-05-08,260.0,21296,44.047,0.967722726,0.011613469,-0.238215176,0.010216215,1,100.0,US.AMZN,15.0,15.0,11.25,15.0794,0.04119187225725565,2917005365760.12,"成交额 $1,846,230 ≥ 阈值 $500,000 | 成交量 1,385 手",US.AMZN,2026-05-08 04:16:36
US.AMZN260508C277500,AMZN 260508 277.50C,271.17,27149,1769797.0,CALL,2026-05-08,277.5,8188,33.05,0.092520976,0.03548931,-0.384281686,0.023414855,1,100.0,US.AMZN,1.4,1.98,0.18,1.545,-0.023343290186967524,2917005365760.12,"成交额 $1,769,797 ≥ 阈值 $500,000 | 成交量 27,149 手",US.AMZN,2026-05-08 04:16:36
US.AMZN260515C277500,AMZN 260515 277.50C,271.17,6656,1761627.0,CALL,2026-05-15,277.5,1950,27.408,0.298399646,0.031539282,-0.251616957,0.139143956,8,100.0,US.AMZN,3.8,4.41,1.98,3.875,-0.023343290186967524,2917005365760.12,"成交额 $1,761,627 ≥ 阈值 $500,000 | 成交量 6,656 手",US.AMZN,2026-05-08 04:16:36
US.AMZN260508C267500,AMZN 260508 267.50C,271.17,2957,1721073.0,CALL,2026-05-08,267.5,3340,35.871,0.771435921,0.059691872,-0.803408913,0.042751364,1,100.0,US.AMZN,7.95,9.47,4.25,7.9055,0.01353394549544572,2917005365760.12,"成交额 $1,721,073 ≥ 阈值 $500,000 | 成交量 2,957 手",US.AMZN,2026-05-08 04:16:36
US.AMZN260508C265000,AMZN 260508 265.00C,271.17,2096,1617916.0,CALL,2026-05-08,265.0,4634,38.367,0.878214714,0.037281437,-0.570820876,0.028556225,1,100.0,US.AMZN,11.04,11.04,6.4,10.2051,0.02275325441604903,2917005365760.12,"成交额 $1,617,916 ≥ 阈值 $500,000 | 成交量 2,096 手",US.AMZN,2026-05-08 04:16:36
US.AMZN260821C275000,AMZN 260821 275.00C,271.17,767,1535846.0,CALL,2026-08-21,275.0,3124,33.631,0.52856683,0.008096831,-0.104881976,0.581465958,106,100.0,US.AMZN,21.81,21.81,19.0,21.6747,-0.014123981266364214,2917005365760.12,"成交额 $1,535,846 ≥ 阈值 $500,000 | 成交量 767 手",US.AMZN,2026-05-08 04:16:36
US.AMZN260515C230000,AMZN 260515 230.00C,271.17,348,1507721.0,CALL,2026-05-15,230.0,12251,59.113,0.973534261,0.002584482,-0.105721553,0.024598185,8,100.0,US.AMZN,45.24,45.24,41.44,45.401,0.1518235793044954,2917005365760.12,"成交额 $1,507,721 ≥ 阈值 $500,000 | 成交量 348 手",US.AMZN,2026-05-08 04:16:36
US.AMZN260821C320000,AMZN 260821 320.00C,271.17,2597,1487823.0,CALL,2026-08-21,320.0,41565,32.652,0.213934969,0.006106181,-0.070843505,0.425621238,106,100.0,US.AMZN,6.42,6.42,5.33,6.475,-0.18007154183722382,2917005365760.12,"成交额 $1,487,823 ≥ 阈值 $500,000 | 成交量 2,597 手",US.AMZN,2026-05-08 04:16:36
US.AMZN260918C250000,AMZN 260918 250.00C,271.17,382,1435279.0,CALL,2026-09-18,250.0,6725,35.186,0.709070603,0.005929894,-0.08966704,0.563199961,134,100.0,US.AMZN,38.25,38.25,36.75,39.5515,0.0780691079396689,2917005365760.12,"成交额 $1,435,279 ≥ 阈值 $500,000 | 成交量 382 手",US.AMZN,2026-05-08 04:16:36
US.AMZN260717P250000,AMZN 260717 250.00P,271.17,2567,1371751.0,PUT,2026-07-17,250.0,3122,31.114,-0.239754104,0.008388285,-0.07540753,0.371020993,71,100.0,US.AMZN,5.39,5.77,5.2,5.175,-0.0780691079396689,2917005365760.12,"成交额 $1,371,751 ≥ 阈值 $500,000 | 成交量 2,567 手",US.AMZN,2026-05-08 04:16:36
US.AMZN260618C300000,AMZN 260618 300.00C,271.17,5195,1329982.0,CALL,2026-06-18,300.0,38199,28.272,0.168046244,0.009659416,-0.082010738,0.230929277,42,100.0,US.AMZN,3.18,3.37,2.19,3.175,-0.10631707047239733,2917005365760.12,"成交额 $1,329,982 ≥ 阈值 $500,000 | 成交量 5,195 手",US.AMZN,2026-05-08 04:16:36
US.AMZN260515C280000,AMZN 260515 280.00C,271.17,6320,1320090.0,CALL,2026-05-15,280.0,34372,27.499,0.227368356,0.027342408,-0.216509045,0.121012311,8,100.0,US.AMZN,2.84,3.35,1.4,2.925,-0.03256259910757084,2917005365760.12,"成交额 $1,320,090 ≥ 阈值 $500,000 | 成交量 6,320 手",US.AMZN,2026-05-08 04:16:36
US.AMZN261120C300000,AMZN 261120 300.00C,271.17,693,1318874.0,CALL,2026-11-20,300.0,3251,33.809,0.419455918,0.005801489,-0.076442725,0.778538658,197,100.0,US.AMZN,19.22,19.61,17.85,20.0035,-0.10631707047239733,2917005365760.12,"成交额 $1,318,874 ≥ 阈值 $500,000 | 成交量 693 手",US.AMZN,2026-05-08 04:16:36
US.AMZN260918P280000,AMZN 260918 280.00P,271.17,556,1318064.0,PUT,2026-09-18,280.0,868,32.344,-0.507643266,0.007768492,-0.066301874,0.651312919,134,100.0,US.AMZN,23.2,24.32,23.2,22.8343,0.03256259910757084,2917005365760.12,"成交额 $1,318,064 ≥ 阈值 $500,000 | 成交量 556 手",US.AMZN,2026-05-08 04:16:36
US.AMZN260918C280000,AMZN 260918 280.00C,271.17,598,1208483.0,CALL,2026-09-18,280.0,11561,33.169,0.503056404,0.007320213,-0.092964582,0.655433033,134,100.0,US.AMZN,21.79,21.79,19.4,21.825,-0.03256259910757084,2917005365760.12,"成交额 $1,208,483 ≥ 阈值 $500,000 | 成交量 598 手",US.AMZN,2026-05-08 04:16:36
US.AMZN260508C280000,AMZN 260508 280.00C,271.17,33129,1181410.0,CALL,2026-05-08,280.0,21428,35.319,0.042140644,0.018011041,-0.215285352,0.012703311,1,100.0,US.AMZN,0.74,1.06,0.08,0.825,-0.03256259910757084,2917005365760.12,"成交额 $1,181,410 ≥ 阈值 $500,000 | 成交量 33,129 手",US.AMZN,2026-05-08 04:16:36
US.AMZN261120P230000,AMZN 261120 230.00P,271.17,1213,1175000.0,PUT,2026-11-20,230.0,670,36.35,-0.207941308,0.003989119,-0.047143972,0.569902489,197,100.0,US.AMZN,9.1,9.75,9.1,9.075,-0.1518235793044954,2917005365760.12,"成交额 $1,175,000 ≥ 阈值 $500,000 | 成交量 1,213 手",US.AMZN,2026-05-08 04:16:36
US.AMZN260717P245000,AMZN 260717 245.00P,271.17,2619,1132632.0,PUT,2026-07-17,245.0,3286,31.842,-0.200868214,0.007396161,-0.070208986,0.33524379,71,100.0,US.AMZN,4.15,4.65,4.02,4.225,-0.09650772578087552,2917005365760.12,"成交额 $1,132,632 ≥ 阈值 $500,000 | 成交量 2,619 手",US.AMZN,2026-05-08 04:16:36
US.AMZN260618C285000,AMZN 260618 285.00C,271.17,1756,1116401.0,CALL,2026-06-18,285.0,11880,27.996,0.332810553,0.014111394,-0.120357681,0.334171441,42,100.0,US.AMZN,7.28,7.65,5.39,7.225,-0.05100121694877746,2917005365760.12,"成交额 $1,116,401 ≥ 阈值 $500,000 | 成交量 1,756 手",US.AMZN,2026-05-08 04:16:36
US.AMZN261120P250000,AMZN 261120 250.00P,271.17,717,1109720.0,PUT,2026-11-20,250.0,310,35.015,-0.306128958,0.005108854,-0.054021611,0.696988321,197,100.0,US.AMZN,14.92,15.6,14.82,14.625,-0.0780691079396689,2917005365760.12,"成交额 $1,109,720 ≥ 阈值 $500,000 | 成交量 717 手",US.AMZN,2026-05-08 04:16:36
US.AMZN260515C240000,AMZN 260515 240.00C,271.17,329,1096625.0,CALL,2026-05-15,240.0,14220,48.183,0.960759458,0.00438843,-0.119004474,0.034041107,8,100.0,US.AMZN,36.95,36.95,31.45,35.4559,0.11494634362208214,2917005365760.12,"成交额 $1,096,625 ≥ 阈值 $500,000 | 成交量 329 手",US.AMZN,2026-05-08 04:16:36
US.AMZN260717C280000,AMZN 260717 280.00C,271.17,932,1094562.0,CALL,2026-07-17,280.0,6662,29.23,0.448644612,0.011317644,-0.108790323,0.473128814,71,100.0,US.AMZN,12.68,13.25,10.95,13.15,-0.03256259910757084,2917005365760.12,"成交额 $1,094,562 ≥ 阈值 $500,000 | 成交量 932 手",US.AMZN,2026-05-08 04:16:36
US.AMZN260821C240000,AMZN 260821 240.00C,271.17,248,1049127.0,CALL,2026-08-21,240.0,37057,36.682,0.779389797,0.005532575,-0.092120034,0.433297287,106,100.0,US.AMZN,43.5,43.5,40.8,44.6787,0.11494634362208214,2917005365760.12,"成交额 $1,049,127 ≥ 阈值 $500,000 | 成交量 248 手",US.AMZN,2026-05-08 04:16:36
US.AMZN260918C270000,AMZN 260918 270.00C,271.17,396,999875.0,CALL,2026-09-18,270.0,9089,33.631,0.574879234,0.007092423,-0.09411345,0.643872937,134,100.0,US.AMZN,27.76,27.76,24.1,26.9957,0.004314636574842408,2917005365760.12,"成交额 $999,875 ≥ 阈值 $500,000 | 成交量 396 手",US.AMZN,2026-05-08 04:16:36
US.AMZN260515C270000,AMZN 260515 270.00C,271.17,1637,999074.0,CALL,2026-05-15,270.0,22806,27.544,0.558063903,0.035713727,-0.296617802,0.15837057,8,100.0,US.AMZN,8.0,8.95,5.0,8.1014,0.004314636574842408,2917005365760.12,"成交额 $999,074 ≥ 阈值 $500,000 | 成交量 1,637 手",US.AMZN,2026-05-08 04:16:36
US.AMZN260515C250000,AMZN 260515 250.00C,271.17,422,984140.0,CALL,2026-05-15,250.0,29880,41.229,0.915593567,0.009357206,-0.178621681,0.062095694,8,100.0,US.AMZN,25.5,26.85,21.4,25.6101,0.0780691079396689,2917005365760.12,"成交额 $984,140 ≥ 阈值 $500,000 | 成交量 422 手",US.AMZN,2026-05-08 04:16:36
US.AMZN260515C272500,AMZN 260515 272.50C,271.17,1991,970519.0,CALL,2026-05-15,272.5,2045,27.489,0.467991319,0.036053425,-0.295720587,0.159554058,8,100.0,US.AMZN,6.45,7.25,3.85,6.5085,-0.004904672345760903,2917005365760.12,"成交额 $970,519 ≥ 阈值 $500,000 | 成交量 1,991 手",US.AMZN,2026-05-08 04:16:36
US.AMZN260821C280000,AMZN 260821 280.00C,271.17,491,864353.0,CALL,2026-08-21,280.0,14365,33.392,0.48833343,0.008172368,-0.10355165,0.582708241,106,100.0,US.AMZN,18.7,19.02,16.77,19.2,-0.03256259910757084,2917005365760.12,"成交额 $864,353 ≥ 阈值 $500,000 | 成交量 491 手",US.AMZN,2026-05-08 04:16:36
US.AMZN260515P270000,AMZN 260515 270.00P,271.17,2595,850319.0,PUT,2026-05-15,270.0,4102,27.413,-0.442553306,0.035990508,-0.269332759,0.158306861,8,100.0,US.AMZN,2.16,3.9,2.16,2.74,-0.004314636574842408,2917005365760.12,"成交额 $850,319 ≥ 阈值 $500,000 | 成交量 2,595 手",US.AMZN,2026-05-08 04:16:36
US.AMZN260618C255000,AMZN 260618 255.00C,271.17,367,847749.0,CALL,2026-06-18,255.0,11123,30.898,0.751460202,0.011147031,-0.125853424,0.291316797,42,100.0,US.AMZN,23.95,24.25,21.3,25.0196,0.059630490098462274,2917005365760.12,"成交额 $847,749 ≥ 阈值 $500,000 | 成交量 367 手",US.AMZN,2026-05-08 04:16:36
US.AMZN260529C280000,AMZN 260529 280.00C,271.17,1662,816219.0,CALL,2026-05-29,280.0,1271,26.816,0.337056696,0.020458948,-0.158211734,0.243037954,22,100.0,US.AMZN,5.75,5.83,3.8,5.825,-0.03256259910757084,2917005365760.12,"成交额 $816,219 ≥ 阈值 $500,000 | 成交量 1,662 手",US.AMZN,2026-05-08 04:16:36
US.AMZN260618P260000,AMZN 260618 260.00P,271.17,1524,806425.0,PUT,2026-06-18,260.0,7467,29.385,-0.305268585,0.013025012,-0.105478978,0.321862749,42,100.0,US.AMZN,4.65,5.7,4.65,4.875,-0.04119187225725565,2917005365760.12,"成交额 $806,425 ≥ 阈值 $500,000 | 成交量 1,524 手",US.AMZN,2026-05-08 04:16:36
US.AMZN260605C265000,AMZN 260605 265.00C,271.17,574,778250.0,CALL,2026-06-05,265.0,4119,28.723,0.64079559,0.017030114,-0.158809176,0.28567894,29,100.0,US.AMZN,15.85,15.85,12.5,15.5856,0.02275325441604903,2917005365760.12,"成交额 $778,250 ≥ 阈值 $500,000 | 成交量 574 手",US.AMZN,2026-05-08 04:16:36
US.AMZN260918C300000,AMZN 260918 300.00C,271.17,611,769844.0,CALL,2026-09-18,300.0,11221,32.449,0.364111288,0.007044387,-0.083488629,0.616997931,134,100.0,US.AMZN,13.74,14.24,11.9,13.775,-0.10631707047239733,2917005365760.12,"成交额 $769,844 ≥ 阈值 $500,000 | 成交量 611 手",US.AMZN,2026-05-08 04:16:36
US.AMZN260618P270000,AMZN 260618 270.00P,271.17,858,749803.0,PUT,2026-06-18,270.0,5186,28.21,-0.448601355,0.015408362,-0.111591116,0.36306245,42,100.0,US.AMZN,7.89,9.35,7.89,8.15,-0.004314636574842408,2917005365760.12,"成交额 $749,803 ≥ 阈值 $500,000 | 成交量 858 手",US.AMZN,2026-05-08 04:16:36
US.AMZN261120C305000,AMZN 261120 305.00C,271.17,448,745491.0,CALL,2026-11-20,305.0,1403,33.728,0.393173657,0.005722529,-0.074662582,0.766109613,197,100.0,US.AMZN,17.44,17.44,16.25,18.2036,-0.12475568831360395,2917005365760.12,"成交额 $745,491 ≥ 阈值 $500,000 | 成交量 448 手",US.AMZN,2026-05-08 04:16:36
US.AMZN261016P255000,AMZN 261016 255.00P,271.17,493,719534.0,PUT,2026-10-16,255.0,476,33.72,-0.32826249,0.006023484,-0.059389508,0.650895129,162,100.0,US.AMZN,14.0,14.8,13.8,13.775,-0.059630490098462274,2917005365760.12,"成交额 $719,534 ≥ 阈值 $500,000 | 成交量 493 手",US.AMZN,2026-05-08 04:16:36
US.AMZN260511P272500,AMZN 260511 272.50P,271.17,2739,714809.0,PUT,2026-05-11,272.5,261,23.06,-0.570155291,0.0603025,-0.329270837,0.111279665,4,100.0,US.AMZN,1.83,3.5,1.83,2.0567,0.004904672345760903,2917005365760.12,"成交额 $714,809 ≥ 阈值 $500,000 | 成交量 2,739 手",US.AMZN,2026-05-08 04:16:36
US.AMZN260618C325000,AMZN 260618 325.00C,271.17,10518,707000.0,CALL,2026-06-18,325.0,22280,30.482,0.048545923,0.003592928,-0.034444512,0.092646901,42,100.0,US.AMZN,0.81,0.89,0.54,0.795,-0.19851015967843044,2917005365760.12,"成交额 $707,000 ≥ 阈值 $500,000 | 成交量 10,518 手",US.AMZN,2026-05-08 04:16:36
US.AMZN260717P255000,AMZN 260717 255.00P,271.17,1009,666481.0,PUT,2026-07-17,255.0,1405,30.588,-0.284558318,0.00933149,-0.080293401,0.405022437,71,100.0,US.AMZN,6.31,7.05,6.2,6.4,-0.059630490098462274,2917005365760.12,"成交额 $666,481 ≥ 阈值 $500,000 | 成交量 1,009 手",US.AMZN,2026-05-08 04:16:36
US.AMZN260515C285000,AMZN 260515 285.00C,271.17,6951,658492.0,CALL,2026-05-15,285.0,21756,28.232,0.124919242,0.018163718,-0.14667461,0.08252031,8,100.0,US.AMZN,1.52,1.74,0.68,1.595,-0.05100121694877746,2917005365760.12,"成交额 $658,492 ≥ 阈值 $500,000 | 成交量 6,951 手",US.AMZN,2026-05-08 04:16:36
US.AMZN261016P235000,AMZN 261016 235.00P,271.17,737,641943.0,PUT,2026-10-16,235.0,1131,35.153,-0.215233346,0.004637905,-0.05166342,0.527272372,162,100.0,US.AMZN,8.35,8.8,8.25,8.2,-0.13338496146328876,2917005365760.12,"成交额 $641,943 ≥ 阈值 $500,000 | 成交量 737 手",US.AMZN,2026-05-08 04:16:36
US.AMZN260508P267500,AMZN 260508 267.50P,271.17,11675,637556.0,PUT,2026-05-08,267.5,1777,33.883,-0.215941167,0.061184993,-0.709031293,0.041384002,1,100.0,US.AMZN,0.3,0.83,0.19,0.415,-0.01353394549544572,2917005365760.12,"成交额 $637,556 ≥ 阈值 $500,000 | 成交量 11,675 手",US.AMZN,2026-05-08 04:16:36
US.AMZN260515P272500,AMZN 260515 272.50P,271.17,1509,636919.0,PUT,2026-05-15,272.5,4804,27.041,-0.533964442,0.036799906,-0.265113848,0.159343904,8,100.0,US.AMZN,3.35,5.1,2.95,3.65,0.004904672345760903,2917005365760.12,"成交额 $636,919 ≥ 阈值 $500,000 | 成交量 1,509 手",US.AMZN,2026-05-08 04:16:36
US.AMZN260717P290000,AMZN 260717 290.00P,271.17,299,635820.0,PUT,2026-07-17,290.0,399,28.547,-0.671474531,0.011217712,-0.071330727,0.428015299,71,100.0,US.AMZN,21.9,23.85,20.98,21.9968,0.06943983478998408,2917005365760.12,"成交额 $635,820 ≥ 阈值 $500,000 | 成交量 299 手",US.AMZN,2026-05-08 04:16:36
US.AMZN260529P275000,AMZN 260529 275.00P,271.17,739,614527.0,PUT,2026-05-29,275.0,284,26.713,-0.561597488,0.022437791,-0.14710909,0.261750188,22,100.0,US.AMZN,7.85,8.85,7.7,7.4,0.014123981266364214,2917005365760.12,"成交额 $614,527 ≥ 阈值 $500,000 | 成交量 739 手",US.AMZN,2026-05-08 04:16:36
US.AMZN260821C300000,AMZN 260821 300.00C,271.17,593,606555.0,CALL,2026-08-21,300.0,11353,32.763,0.335781724,0.007616416,-0.090607608,0.532785593,106,100.0,US.AMZN,11.1,11.2,9.65,11.425,-0.10631707047239733,2917005365760.12,"成交额 $606,555 ≥ 阈值 $500,000 | 成交量 593 手",US.AMZN,2026-05-08 04:16:36
US.AMZN260717C290000,AMZN 260717 290.00C,271.17,732,603544.0,CALL,2026-07-17,290.0,9061,28.877,0.341717431,0.010630454,-0.098032466,0.438980388,71,100.0,US.AMZN,9.02,9.02,7.29,9.1,-0.06943983478998408,2917005365760.12,"成交额 $603,544 ≥ 阈值 $500,000 | 成交量 732 手",US.AMZN,2026-05-08 04:16:36
US.AMZN260511C275000,AMZN 260511 275.00C,271.17,2861,598731.0,CALL,2026-05-11,275.0,2579,22.958,0.289251123,0.05251569,-0.298486235,0.096920127,4,100.0,US.AMZN,3.3,3.3,1.12,3.325,-0.014123981266364214,2917005365760.12,"成交额 $598,731 ≥ 阈值 $500,000 | 成交量 2,861 手",US.AMZN,2026-05-08 04:16:36
US.AMZN260515C255000,AMZN 260515 255.00C,271.17,322,592464.0,CALL,2026-05-15,255.0,18421,31.662,0.911938809,0.012576774,-0.146956266,0.064086314,8,100.0,US.AMZN,20.95,20.95,16.9,20.779,0.059630490098462274,2917005365760.12,"成交额 $592,464 ≥ 阈值 $500,000 | 成交量 322 手",US.AMZN,2026-05-08 04:16:36
US.AMZN260821P260000,AMZN 260821 260.00P,271.17,461,590784.0,PUT,2026-08-21,260.0,2816,33.721,-0.355441551,0.007648007,-0.077451915,0.542941538,106,100.0,US.AMZN,12.44,13.3,12.19,12.2,-0.04119187225725565,2917005365760.12,"成交额 $590,784 ≥ 阈值 $500,000 | 成交量 461 手",US.AMZN,2026-05-08 04:16:36
US.AMZN260511C280000,AMZN 260511 280.00C,271.17,8383,590172.0,CALL,2026-05-11,280.0,1476,24.06,0.106537451,0.026933141,-0.151350121,0.052072685,4,100.0,US.AMZN,1.28,1.56,0.34,1.3962,-0.03256259910757084,2917005365760.12,"成交额 $590,172 ≥ 阈值 $500,000 | 成交量 8,383 手",US.AMZN,2026-05-08 04:16:36
US.AMZN260717C300000,AMZN 260717 300.00C,271.17,1112,586954.0,CALL,2026-07-17,300.0,13337,28.695,0.248550327,0.009231513,-0.082903784,0.378753821,71,100.0,US.AMZN,6.15,6.15,4.78,6.125,-0.10631707047239733,2917005365760.12,"成交额 $586,954 ≥ 阈值 $500,000 | 成交量 1,112 手",US.AMZN,2026-05-08 04:16:36
US.AMZN260618C290000,AMZN 260618 290.00C,271.17,1286,583461.0,CALL,2026-06-18,290.0,12548,28.114,0.270153966,0.01279045,-0.109022467,0.304129224,42,100.0,US.AMZN,5.58,5.59,4.0,5.55,-0.06943983478998408,2917005365760.12,"成交额 $583,461 ≥ 阈值 $500,000 | 成交量 1,286 手",US.AMZN,2026-05-08 04:16:36
US.AMZN260618C260000,AMZN 260618 260.00C,271.17,306,582274.0,CALL,2026-06-18,260.0,15366,29.999,0.693401009,0.012724358,-0.132947392,0.322884347,42,100.0,US.AMZN,21.31,22.1,17.85,21.1803,0.04119187225725565,2917005365760.12,"成交额 $582,274 ≥ 阈值 $500,000 | 成交量 306 手",US.AMZN,2026-05-08 04:16:36
US.AMZN260511P275000,AMZN 260511 275.00P,271.17,1420,556727.0,PUT,2026-05-11,275.0,301,23.029,-0.711819899,0.05277747,-0.273865685,0.096594772,4,100.0,US.AMZN,3.25,5.07,2.46,3.3307,0.014123981266364214,2917005365760.12,"成交额 $556,727 ≥ 阈值 $500,000 | 成交量 1,420 手",US.AMZN,2026-05-08 04:16:36
US.AMZN260529P285000,AMZN 260529 285.00P,271.17,374,551640.0,PUT,2026-05-29,285.0,94,26.694,-0.7623701,0.018209065,-0.107987998,0.204266829,22,100.0,US.AMZN,14.75,14.75,14.7,13.3106,0.05100121694877746,2917005365760.12,"成交额 $551,640 ≥ 阈值 $500,000 | 成交量 374 手",US.AMZN,2026-05-08 04:16:36
US.AMZN260618P275000,AMZN 260618 275.00P,271.17,501,551240.0,PUT,2026-06-18,275.0,4762,27.958,-0.526540475,0.015730918,-0.109431317,0.364962707,42,100.0,US.AMZN,10.04,11.89,10.04,10.35,0.014123981266364214,2917005365760.12,"成交额 $551,240 ≥ 阈值 $500,000 | 成交量 501 手",US.AMZN,2026-05-08 04:16:36
US.AMZN261016P265000,AMZN 261016 265.00P,271.17,305,545547.0,PUT,2026-10-16,265.0,399,33.053,-0.393091666,0.006583321,-0.060705875,0.691809926,162,100.0,US.AMZN,17.84,18.55,17.7,17.575,-0.02275325441604903,2917005365760.12,"成交额 $545,547 ≥ 阈值 $500,000 | 成交量 305 手",US.AMZN,2026-05-08 04:16:36
US.AMZN260511C272500,AMZN 260511 272.50C,271.17,1833,534759.0,CALL,2026-05-11,272.5,2461,23.158,0.431143692,0.059844633,-0.356802703,0.111432063,4,100.0,US.AMZN,5.0,5.0,2.0,4.55,-0.004904672345760903,2917005365760.12,"成交额 $534,759 ≥ 阈值 $500,000 | 成交量 1,833 手",US.AMZN,2026-05-08 04:16:36
US.AMZN260618P250000,AMZN 260618 250.00P,271.17,1706,530774.0,PUT,2026-06-18,250.0,12822,30.9,-0.19359266,0.009678347,-0.088133116,0.252205255,42,100.0,US.AMZN,2.82,3.25,2.68,2.88,-0.0780691079396689,2917005365760.12,"成交额 $530,774 ≥ 阈值 $500,000 | 成交量 1,706 手",US.AMZN,2026-05-08 04:16:36
US.AMZN260605C250000,AMZN 260605 250.00C,271.17,210,528460.0,CALL,2026-06-05,250.0,385,31.703,0.838140026,0.010118294,-0.122953831,0.187297711,29,100.0,US.AMZN,27.72,27.72,24.08,27.5968,0.0780691079396689,2917005365760.12,"成交额 $528,460 ≥ 阈值 $500,000 | 成交量 210 手",US.AMZN,2026-05-08 04:16:36
US.AMZN260529C275000,AMZN 260529 275.00C,271.17,784,510994.0,CALL,2026-05-29,275.0,7624,27.048,0.442375156,0.021927152,-0.174788565,0.262759281,22,100.0,US.AMZN,7.55,7.95,5.6,8.1578,-0.014123981266364214,2917005365760.12,"成交额 $510,994 ≥ 阈值 $500,000 | 成交量 784 手",US.AMZN,2026-05-08 04:16:36
US.AMZN260515C265000,AMZN 260515 265.00C,271.17,547,506234.0,CALL,2026-05-15,265.0,13887,28.877,0.718605111,0.029122037,-0.269090936,0.13536834,8,100.0,US.AMZN,12.49,12.49,8.4,11.8234,0.02275325441604903,2917005365760.12,"成交额 $506,234 ≥ 阈值 $500,000 | 成交量 547 手",US.AMZN,2026-05-08 04:16:36
US.ARM261016C240000,ARM 261016 240.00C,213.331,2140,6685382.0,CALL,2026-10-16,240.0,1970,69.511,0.504749558,0.004038469,-0.129506004,0.566870189,162,100.0,US.ARM,39.14,40.4,28.9,48.0951,-0.12501230482208406,226984184000.0,"成交额 $6,685,382 ≥ 阈值 $500,000 | 成交量 2,140 手",US.ARM,2026-05-08 04:17:04
US.ARM260618C230000,ARM 260618 230.00C,213.331,3288,6073169.0,CALL,2026-06-18,230.0,1532,72.681,0.434347979,0.007483805,-0.255564371,0.284710626,42,100.0,US.ARM,22.65,26.65,13.45,32.2775,-0.07813679212116388,226984184000.0,"成交额 $6,073,169 ≥ 阈值 $500,000 | 成交量 3,288 手",US.ARM,2026-05-08 04:17:04
US.ARM260821C240000,ARM 260821 240.00C,213.331,1545,4222779.0,CALL,2026-08-21,240.0,457,72.463,0.468298538,0.004774411,-0.164190996,0.457116795,106,100.0,US.ARM,30.65,35.0,23.0,40.5651,-0.12501230482208406,226984184000.0,"成交额 $4,222,779 ≥ 阈值 $500,000 | 成交量 1,545 手",US.ARM,2026-05-08 04:17:04
US.ARM260821C200000,ARM 260821 200.00C,213.331,695,2929812.0,CALL,2026-08-21,200.0,1032,71.258,0.650756769,0.004518521,-0.153276339,0.425421584,106,100.0,US.ARM,46.45,52.1,38.3,59.8836,0.06248974598159662,226984184000.0,"成交额 $2,929,812 ≥ 阈值 $500,000 | 成交量 695 手",US.ARM,2026-05-08 04:17:04
US.ARM260515C220000,ARM 260515 220.00C,213.331,2682,2599544.0,CALL,2026-05-15,220.0,2356,80.078,0.422817329,0.015490237,-0.64664179,0.123533024,8,100.0,US.ARM,14.4,19.75,6.3,28.5272,-0.03126127942024371,226984184000.0,"成交额 $2,599,544 ≥ 阈值 $500,000 | 成交量 2,682 手",US.ARM,2026-05-08 04:17:04
US.ARM261016C350000,ARM 261016 350.00C,213.331,1817,2260946.0,CALL,2026-10-16,350.0,85,71.909,0.22351935,0.002923957,-0.097937687,0.42456434,162,100.0,US.ARM,14.0,16.45,10.95,19.7231,-0.6406429445322059,226984184000.0,"成交额 $2,260,946 ≥ 阈值 $500,000 | 成交量 1,817 手",US.ARM,2026-05-08 04:17:04
US.ARM260515C250000,ARM 260515 250.00C,213.331,7567,2119460.0,CALL,2026-05-15,250.0,4903,85.821,0.118945814,0.007340268,-0.332369705,0.062733298,8,100.0,US.ARM,4.46,7.0,1.39,15.281,-0.17188781752300422,226984184000.0,"成交额 $2,119,460 ≥ 阈值 $500,000 | 成交量 7,567 手",US.ARM,2026-05-08 04:17:04
US.ARM260508C220000,ARM 260508 220.00C,213.331,4111,1911146.0,CALL,2026-05-08,220.0,3088,104.519,0.295068878,0.029736465,-2.066135261,0.038311299,1,100.0,US.ARM,9.0,15.0,1.8,25.2679,-0.03126127942024371,226984184000.0,"成交额 $1,911,146 ≥ 阈值 $500,000 | 成交量 4,111 手",US.ARM,2026-05-08 04:17:04
US.ARM260508P240000,ARM 260508 240.00P,213.331,915,1777797.0,PUT,2026-05-08,240.0,206,0.0,0.0,0.0,0.0,0.0,1,100.0,US.ARM,23.44,28.11,13.55,18.1871,0.12501230482208406,226984184000.0,"成交额 $1,777,797 ≥ 阈值 $500,000 | 成交量 915 手",US.ARM,2026-05-08 04:17:04
US.ARM260618C250000,ARM 260618 250.00C,213.331,1571,1739745.0,CALL,2026-06-18,250.0,3317,72.649,0.307172294,0.006685154,-0.226334327,0.254210973,42,100.0,US.ARM,14.0,17.3,8.44,24.1255,-0.17188781752300422,226984184000.0,"成交额 $1,739,745 ≥ 阈值 $500,000 | 成交量 1,571 手",US.ARM,2026-05-08 04:17:04
US.ARM260618C220000,ARM 260618 220.00C,213.331,792,1700083.0,CALL,2026-06-18,220.0,2019,70.612,0.503322049,0.007808744,-0.25309503,0.288619636,42,100.0,US.ARM,24.3,30.0,16.53,37.6744,-0.03126127942024371,226984184000.0,"成交额 $1,700,083 ≥ 阈值 $500,000 | 成交量 792 手",US.ARM,2026-05-08 04:17:04
US.ARM260515C240000,ARM 260515 240.00C,213.331,3700,1648260.0,CALL,2026-05-15,240.0,1091,82.908,0.185844797,0.010231017,-0.442439448,0.084471603,8,100.0,US.ARM,6.4,10.85,2.3,18.648,-0.12501230482208406,226984184000.0,"成交额 $1,648,260 ≥ 阈值 $500,000 | 成交量 3,700 手",US.ARM,2026-05-08 04:17:04
US.ARM260918P210000,ARM 260918 210.00P,213.331,521,1645172.0,PUT,2026-09-18,210.0,100,69.235,-0.392782925,0.004337591,-0.118924358,0.496477512,134,100.0,US.ARM,29.0,33.01,29.0,27.85,-0.015614233280676456,226984184000.0,"成交额 $1,645,172 ≥ 阈值 $500,000 | 成交量 521 手",US.ARM,2026-05-08 04:17:04
US.ARM260821P210000,ARM 260821 210.00P,213.331,570,1639922.0,PUT,2026-08-21,210.0,56,71.417,-0.399280045,0.004739043,-0.140152312,0.443593768,106,100.0,US.ARM,28.55,30.85,27.65,24.55,-0.015614233280676456,226984184000.0,"成交额 $1,639,922 ≥ 阈值 $500,000 | 成交量 570 手",US.ARM,2026-05-08 04:17:04
US.ARM260508P220000,ARM 260508 220.00P,213.331,2094,1505610.0,PUT,2026-05-08,220.0,999,103.371,-0.70727309,0.029969032,-2.014372335,0.038168278,1,100.0,US.ARM,6.7,11.35,3.5,7.9685,0.03126127942024371,226984184000.0,"成交额 $1,505,610 ≥ 阈值 $500,000 | 成交量 2,094 手",US.ARM,2026-05-08 04:17:04
US.ARM260508C200000,ARM 260508 200.00C,213.331,731,1434581.0,CALL,2026-05-08,200.0,1051,112.237,0.871558443,0.016834885,-1.330343411,0.023290722,1,100.0,US.ARM,22.2,30.65,12.63,39.9113,0.06248974598159662,226984184000.0,"成交额 $1,434,581 ≥ 阈值 $500,000 | 成交量 731 手",US.ARM,2026-05-08 04:17:04
US.ARM260508P235000,ARM 260508 235.00P,213.331,767,1407388.0,PUT,2026-05-08,235.0,866,106.678,-0.957175809,0.007794031,-0.497307779,0.010099759,1,100.0,US.ARM,16.1,25.0,10.31,15.1298,0.10157454847162396,226984184000.0,"成交额 $1,407,388 ≥ 阈值 $500,000 | 成交量 767 手",US.ARM,2026-05-08 04:17:04
US.ARM260508C230000,ARM 260508 230.00C,213.331,4769,1279817.0,CALL,2026-05-08,230.0,2143,116.385,0.112820613,0.014817997,-1.234040299,0.021257942,1,100.0,US.ARM,5.6,9.82,0.53,19.6261,-0.07813679212116388,226984184000.0,"成交额 $1,279,817 ≥ 阈值 $500,000 | 成交量 4,769 手",US.ARM,2026-05-08 04:17:04
US.ARM260717C260000,ARM 260717 260.00C,213.331,900,1274615.0,CALL,2026-07-17,260.0,1538,69.895,0.320966731,0.005445635,-0.171840134,0.336823398,71,100.0,US.ARM,18.12,20.0,11.4,26.0829,-0.21876333022392438,226984184000.0,"成交额 $1,274,615 ≥ 阈值 $500,000 | 成交量 900 手",US.ARM,2026-05-08 04:17:04
US.ARM260515C230000,ARM 260515 230.00C,213.331,1859,1271334.0,CALL,2026-05-15,230.0,3071,81.109,0.287348989,0.013315488,-0.562267258,0.107554502,8,100.0,US.ARM,9.35,14.35,3.7,23.0262,-0.07813679212116388,226984184000.0,"成交额 $1,271,334 ≥ 阈值 $500,000 | 成交量 1,859 手",US.ARM,2026-05-08 04:17:04
US.ARM260508C225000,ARM 260508 225.00C,213.331,3205,1254532.0,CALL,2026-05-08,225.0,651,107.388,0.177528106,0.021817282,-1.574122,0.02887982,1,100.0,US.ARM,7.0,11.7,1.04,22.3115,-0.0546990357707038,226984184000.0,"成交额 $1,254,532 ≥ 阈值 $500,000 | 成交量 3,205 手",US.ARM,2026-05-08 04:17:04
US.ARM260508C222500,ARM 260508 222.50C,213.331,2442,1232523.0,CALL,2026-05-08,222.5,3742,106.981,0.233336528,0.025770663,-1.86256511,0.033983702,1,100.0,US.ARM,7.78,13.22,1.42,23.6587,-0.04298015759547375,226984184000.0,"成交额 $1,232,523 ≥ 阈值 $500,000 | 成交量 2,442 手",US.ARM,2026-05-08 04:17:04
US.ARM260508P222500,ARM 260508 222.50P,213.331,975,1082426.0,PUT,2026-05-08,222.5,1304,114.383,-0.750900174,0.024988407,-2.045955913,0.035211067,1,100.0,US.ARM,8.65,12.83,4.72,8.8589,0.04298015759547375,226984184000.0,"成交额 $1,082,426 ≥ 阈值 $500,000 | 成交量 975 手",US.ARM,2026-05-08 04:17:04
US.ARM260508P230000,ARM 260508 230.00P,213.331,753,1046198.0,PUT,2026-05-08,230.0,916,112.323,-0.895928133,0.014528771,-1.099468333,0.020052974,1,100.0,US.ARM,14.62,19.83,7.5,12.325,0.07813679212116388,226984184000.0,"成交额 $1,046,198 ≥ 阈值 $500,000 | 成交量 753 手",US.ARM,2026-05-08 04:17:04
US.ARM260508P210000,ARM 260508 210.00P,213.331,3239,984717.0,PUT,2026-05-08,210.0,2142,104.083,-0.375419838,0.032827499,-2.261805481,0.042114515,1,100.0,US.ARM,3.05,4.9,1.25,4.825,-0.015614233280676456,226984184000.0,"成交额 $984,717 ≥ 阈值 $500,000 | 成交量 3,239 手",US.ARM,2026-05-08 04:17:04
US.ARM260515P210000,ARM 260515 210.00P,213.331,1298,931666.0,PUT,2026-05-15,210.0,1813,78.424,-0.421053964,0.0158128,-0.616541058,0.12341093,8,100.0,US.ARM,6.55,9.69,4.62,7.675,-0.015614233280676456,226984184000.0,"成交额 $931,666 ≥ 阈值 $500,000 | 成交量 1,298 手",US.ARM,2026-05-08 04:17:04
US.ARM260717P190000,ARM 260717 190.00P,213.331,690,856021.0,PUT,2026-07-17,190.0,165,67.964,-0.288762258,0.005357638,-0.147641783,0.321264836,71,100.0,US.ARM,12.7,14.5,11.9,11.2847,-0.1093652586825168,226984184000.0,"成交额 $856,021 ≥ 阈值 $500,000 | 成交量 690 手",US.ARM,2026-05-08 04:17:04
US.ARM260508P215000,ARM 260508 215.00P,213.331,1656,821853.0,PUT,2026-05-08,215.0,1328,104.421,-0.546294558,0.034184304,-2.371006624,0.043993165,1,100.0,US.ARM,5.0,7.58,2.3,6.25,0.00782352306978363,226984184000.0,"成交额 $821,853 ≥ 阈值 $500,000 | 成交量 1,656 手",US.ARM,2026-05-08 04:17:04
US.ARM260508C240000,ARM 260508 240.00C,213.331,5046,818305.0,CALL,2026-05-08,240.0,3543,125.047,0.037761994,0.005922577,-0.543614427,0.009129302,1,100.0,US.ARM,3.05,5.52,0.15,15.4898,-0.12501230482208406,226984184000.0,"成交额 $818,305 ≥ 阈值 $500,000 | 成交量 5,046 手",US.ARM,2026-05-08 04:17:04
US.ARM260618P200000,ARM 260618 200.00P,213.331,674,817538.0,PUT,2026-06-18,200.0,2416,70.866,-0.343151502,0.007186633,-0.217936439,0.265949405,42,100.0,US.ARM,13.13,14.43,10.0,11.0,-0.06248974598159662,226984184000.0,"成交额 $817,538 ≥ 阈值 $500,000 | 成交量 674 手",US.ARM,2026-05-08 04:17:04
US.ARM260508P200000,ARM 260508 200.00P,213.331,9946,814143.0,PUT,2026-05-08,200.0,3786,106.456,-0.116583893,0.016582784,-1.156990359,0.021759863,1,100.0,US.ARM,1.02,1.8,0.3,2.615,-0.06248974598159662,226984184000.0,"成交额 $814,143 ≥ 阈值 $500,000 | 成交量 9,946 手",US.ARM,2026-05-08 04:17:04
US.ARM260618C200000,ARM 260618 200.00C,213.331,253,805233.0,CALL,2026-06-18,200.0,2644,71.067,0.657342833,0.007147441,-0.237554909,0.265877395,42,100.0,US.ARM,35.19,39.91,26.0,49.3372,0.06248974598159662,226984184000.0,"成交额 $805,233 ≥ 阈值 $500,000 | 成交量 253 手",US.ARM,2026-05-08 04:17:04
US.ARM261016C250000,ARM 261016 250.00C,213.331,245,773286.0,CALL,2026-10-16,250.0,223,70.398,0.472330815,0.003978244,-0.130326715,0.565543892,162,100.0,US.ARM,33.95,35.0,27.69,44.2171,-0.17188781752300422,226984184000.0,"成交额 $773,286 ≥ 阈值 $500,000 | 成交量 245 手",US.ARM,2026-05-08 04:17:04
US.ARM260515C200000,ARM 260515 200.00C,213.331,382,764309.0,CALL,2026-05-15,200.0,3695,83.096,0.723091832,0.012767535,-0.576316659,0.105655624,8,100.0,US.ARM,25.1,33.15,16.0,42.1949,0.06248974598159662,226984184000.0,"成交额 $764,309 ≥ 阈值 $500,000 | 成交量 382 手",US.ARM,2026-05-08 04:17:04
US.ARM260717C230000,ARM 260717 230.00C,213.331,338,757188.0,CALL,2026-07-17,230.0,373,68.832,0.470895967,0.006144655,-0.190143757,0.374291036,71,100.0,US.ARM,29.25,30.73,19.0,37.7282,-0.07813679212116388,226984184000.0,"成交额 $757,188 ≥ 阈值 $500,000 | 成交量 338 手",US.ARM,2026-05-08 04:17:04
US.ARM260515C215000,ARM 260515 215.00C,213.331,712,740643.0,CALL,2026-05-15,215.0,463,80.312,0.499884189,0.015740538,-0.663682925,0.125897171,8,100.0,US.ARM,16.57,22.0,8.2,31.6853,-0.00782352306978363,226984184000.0,"成交额 $740,643 ≥ 阈值 $500,000 | 成交量 712 手",US.ARM,2026-05-08 04:17:04
US.ARM260618C210000,ARM 260618 210.00C,213.331,302,717067.0,CALL,2026-06-18,210.0,2389,70.98,0.580339182,0.007610478,-0.250597105,0.28275728,42,100.0,US.ARM,28.75,31.5,20.9,43.1195,0.015614233280676456,226984184000.0,"成交额 $717,067 ≥ 阈值 $500,000 | 成交量 302 手",US.ARM,2026-05-08 04:17:04
US.ARM260529P190000,ARM 260529 190.00P,213.331,1315,716070.0,PUT,2026-05-29,190.0,120,70.66,-0.22186652,0.008046794,-0.247064394,0.15575004,22,100.0,US.ARM,5.24,5.75,4.32,5.0413,-0.1093652586825168,226984184000.0,"成交额 $716,070 ≥ 阈值 $500,000 | 成交量 1,315 手",US.ARM,2026-05-08 04:17:04
US.ARM260515C210000,ARM 260515 210.00C,213.331,481,700157.0,CALL,2026-05-15,210.0,1872,77.012,0.579742942,0.016085965,-0.625484519,0.12337347,8,100.0,US.ARM,17.5,27.0,10.3,34.9655,0.015614233280676456,226984184000.0,"成交额 $700,157 ≥ 阈值 $500,000 | 成交量 481 手",US.ARM,2026-05-08 04:17:04
US.ARM260508P237500,ARM 260508 237.50P,213.331,342,687702.0,PUT,2026-05-08,237.5,368,110.291,-0.967630232,0.006038793,-0.40078161,0.00803151,1,100.0,US.ARM,17.47,26.38,11.8,16.6584,0.113293426646854,226984184000.0,"成交额 $687,702 ≥ 阈值 $500,000 | 成交量 342 手",US.ARM,2026-05-08 04:17:04
US.ARM260515P200000,ARM 260515 200.00P,213.331,1657,673136.0,PUT,2026-05-15,200.0,2189,78.494,-0.26781235,0.013297153,-0.516369756,0.103910245,8,100.0,US.ARM,4.34,5.3,2.22,4.9111,-0.06248974598159662,226984184000.0,"成交额 $673,136 ≥ 阈值 $500,000 | 成交量 1,657 手",US.ARM,2026-05-08 04:17:04
US.ARM260508C235000,ARM 260508 235.00C,213.331,2916,654743.0,CALL,2026-05-08,235.0,1692,119.559,0.063822586,0.009417207,-0.80840895,0.013878625,1,100.0,US.ARM,4.0,7.5,0.31,17.4317,-0.10157454847162396,226984184000.0,"成交额 $654,743 ≥ 阈值 $500,000 | 成交量 2,916 手",US.ARM,2026-05-08 04:17:04
US.ARM260508C215000,ARM 260508 215.00C,213.331,1186,653863.0,CALL,2026-05-08,215.0,683,101.445,0.451772254,0.03516132,-2.322705824,0.043968728,1,100.0,US.ARM,11.75,17.76,3.1,28.5486,-0.00782352306978363,226984184000.0,"成交额 $653,863 ≥ 阈值 $500,000 | 成交量 1,186 手",US.ARM,2026-05-08 04:17:04
US.ARM260508C217500,ARM 260508 217.50C,213.331,1001,642300.0,CALL,2026-05-08,217.5,317,104.817,0.371658211,0.032491286,-2.283398599,0.041980303,1,100.0,US.ARM,9.22,16.45,2.4,26.8772,-0.01954240124501367,226984184000.0,"成交额 $642,300 ≥ 阈值 $500,000 | 成交量 1,001 手",US.ARM,2026-05-08 04:17:04
US.ARM260717C220000,ARM 260717 220.00C,213.331,249,630442.0,CALL,2026-07-17,220.0,565,68.885,0.529333547,0.006139664,-0.19117997,0.374276957,71,100.0,US.ARM,29.9,35.0,22.35,42.6336,-0.03126127942024371,226984184000.0,"成交额 $630,442 ≥ 阈值 $500,000 | 成交量 249 手",US.ARM,2026-05-08 04:17:04
US.ARM260618C240000,ARM 260618 240.00C,213.331,428,623203.0,CALL,2026-06-18,240.0,1939,72.236,0.366344453,0.007200921,-0.241957017,0.272270958,42,100.0,US.ARM,19.8,21.5,10.5,28.1989,-0.12501230482208406,226984184000.0,"成交额 $623,203 ≥ 阈值 $500,000 | 成交量 428 手",US.ARM,2026-05-08 04:17:04
US.ARM260508P225000,ARM 260508 225.00P,213.331,646,615913.0,PUT,2026-05-08,225.0,870,109.659,-0.817254445,0.021780298,-1.617293579,0.029406538,1,100.0,US.ARM,10.85,15.29,4.76,10.0113,0.0546990357707038,226984184000.0,"成交额 $615,913 ≥ 阈值 $500,000 | 成交量 646 手",US.ARM,2026-05-08 04:17:04
US.ARM260618C300000,ARM 260618 300.00C,213.331,1361,599421.0,CALL,2026-06-18,300.0,2717,77.173,0.123839566,0.003662929,-0.137715145,0.147954976,42,100.0,US.ARM,6.3,6.7,2.8,11.9,-0.40626538102760507,226984184000.0,"成交额 $599,421 ≥ 阈值 $500,000 | 成交量 1,361 手",US.ARM,2026-05-08 04:17:04
US.ARM260717P200000,ARM 260717 200.00P,213.331,337,594661.0,PUT,2026-07-17,200.0,1835,67.978,-0.350007145,0.00581435,-0.159255569,0.348294327,71,100.0,US.ARM,16.2,19.3,14.0,14.8621,-0.06248974598159662,226984184000.0,"成交额 $594,661 ≥ 阈值 $500,000 | 成交量 337 手",US.ARM,2026-05-08 04:17:04
US.ARM260515P220000,ARM 260515 220.00P,213.331,509,591908.0,PUT,2026-05-15,220.0,1181,82.136,-0.574412418,0.015143037,-0.643039898,0.123677285,8,100.0,US.ARM,11.83,15.5,8.0,11.2297,0.03126127942024371,226984184000.0,"成交额 $591,908 ≥ 阈值 $500,000 | 成交量 509 手",US.ARM,2026-05-08 04:17:04
US.ARM260508C202500,ARM 260508 202.50C,213.331,424,581186.0,CALL,2026-05-08,202.5,177,103.602,0.839702584,0.021178567,-1.435114591,0.027045844,1,100.0,US.ARM,20.5,25.0,10.01,37.9158,0.05077086780636658,226984184000.0,"成交额 $581,186 ≥ 阈值 $500,000 | 成交量 424 手",US.ARM,2026-05-08 04:17:04
US.ARM260618P210000,ARM 260618 210.00P,213.331,303,537413.0,PUT,2026-06-18,210.0,599,70.551,-0.420667527,0.007685114,-0.229463729,0.282790379,42,100.0,US.ARM,16.75,19.32,13.75,14.75,-0.015614233280676456,226984184000.0,"成交额 $537,413 ≥ 阈值 $500,000 | 成交量 303 手",US.ARM,2026-05-08 04:17:04
US.ARM260522C220000,ARM 260522 220.00C,213.331,418,523842.0,CALL,2026-05-22,220.0,293,75.132,0.453484124,0.01220021,-0.445038421,0.171274013,15,100.0,US.ARM,15.65,19.5,9.8,31.1049,-0.03126127942024371,226984184000.0,"成交额 $523,842 ≥ 阈值 $500,000 | 成交量 418 手",US.ARM,2026-05-08 04:17:04
US.ARM260618P220000,ARM 260618 220.00P,213.331,227,519054.0,PUT,2026-06-18,220.0,734,70.9,-0.497537436,0.007814469,-0.233659578,0.288455762,42,100.0,US.ARM,21.84,25.25,20.0,19.275,0.03126127942024371,226984184000.0,"成交额 $519,054 ≥ 阈值 $500,000 | 成交量 227 手",US.ARM,2026-05-08 04:17:04
US.ARM260515P215000,ARM 260515 215.00P,213.331,522,503013.0,PUT,2026-05-15,215.0,691,80.328,-0.500355068,0.015752034,-0.643055981,0.12587977,8,100.0,US.ARM,11.0,12.47,6.5,9.3913,0.00782352306978363,226984184000.0,"成交额 $503,013 ≥ 阈值 $500,000 | 成交量 522 手",US.ARM,2026-05-08 04:17:04
US.BABA260515C140000,BABA 260515 140.00C,141.0,5148,3404644.0,CALL,2026-05-15,140.0,17259,64.263,0.552030504,0.029501925,-0.350071751,0.082523655,8,100.0,US.BABA,7.65,7.7,5.5,6.55,0.0070921985815602835,338265872763.0,"成交额 $3,404,644 ≥ 阈值 $500,000 | 成交量 5,148 手",US.BABA,2026-05-08 04:17:07
US.BABA260618C165000,BABA 260618 165.00C,141.0,10353,2949128.0,CALL,2026-06-18,165.0,12813,50.931,0.212078126,0.011900427,-0.086858969,0.138613793,42,100.0,US.BABA,3.2,3.2,2.52,2.855,-0.1702127659574468,338265872763.0,"成交额 $2,949,128 ≥ 阈值 $500,000 | 成交量 10,353 手",US.BABA,2026-05-08 04:17:07
US.BABA260618C150000,BABA 260618 150.00C,141.0,3684,2178777.0,CALL,2026-06-18,150.0,23621,48.45,0.39403515,0.016606065,-0.111671878,0.184017855,42,100.0,US.BABA,7.0,7.0,5.5,6.1,-0.06382978723404255,338265872763.0,"成交额 $2,178,777 ≥ 阈值 $500,000 | 成交量 3,684 手",US.BABA,2026-05-08 04:17:07
US.BABA260618P135000,BABA 260618 135.00P,141.0,2962,1739068.0,PUT,2026-06-18,135.0,14609,47.577,-0.354487541,0.01640801,-0.096360143,0.177837628,42,100.0,US.BABA,6.65,6.65,5.2,5.9,-0.0425531914893617,338265872763.0,"成交额 $1,739,068 ≥ 阈值 $500,000 | 成交量 2,962 手",US.BABA,2026-05-08 04:17:07
US.BABA260618C155000,BABA 260618 155.00C,141.0,3627,1697356.0,CALL,2026-06-18,155.0,15258,49.206,0.323259486,0.015260275,-0.105130925,0.171738995,42,100.0,US.BABA,5.3,5.55,4.25,4.8,-0.09929078014184398,338265872763.0,"成交额 $1,697,356 ≥ 阈值 $500,000 | 成交量 3,627 手",US.BABA,2026-05-08 04:17:07
US.BABA260515C145000,BABA 260515 145.00C,141.0,3552,1480457.0,CALL,2026-05-15,145.0,28527,67.68,0.412433854,0.027569573,-0.359872761,0.081218825,8,100.0,US.BABA,5.25,5.6,3.5,4.4031,-0.028368794326241134,338265872763.0,"成交额 $1,480,457 ≥ 阈值 $500,000 | 成交量 3,552 手",US.BABA,2026-05-08 04:17:07
US.BABA260618C140000,BABA 260618 140.00C,141.0,1358,1319079.0,CALL,2026-06-18,140.0,15863,46.746,0.559866417,0.017643478,-0.112563962,0.188640576,42,100.0,US.BABA,11.3,11.3,9.1,9.9679,0.0070921985815602835,338265872763.0,"成交额 $1,319,079 ≥ 阈值 $500,000 | 成交量 1,358 手",US.BABA,2026-05-08 04:17:07
US.BABA260515C150000,BABA 260515 150.00C,141.0,4076,1113759.0,CALL,2026-05-15,150.0,16652,70.613,0.297253619,0.023502318,-0.329722075,0.072235289,8,100.0,US.BABA,3.05,3.55,2.21,2.86,-0.06382978723404255,338265872763.0,"成交额 $1,113,759 ≥ 阈值 $500,000 | 成交量 4,076 手",US.BABA,2026-05-08 04:17:07
US.BABA260918C150000,BABA 260918 150.00C,141.0,801,1010965.0,CALL,2026-09-18,150.0,4314,43.715,0.479812349,0.010668514,-0.061190025,0.340376989,134,100.0,US.BABA,12.95,13.2,11.8,12.4,-0.06382978723404255,338265872763.0,"成交额 $1,010,965 ≥ 阈值 $500,000 | 成交量 801 手",US.BABA,2026-05-08 04:17:07
US.BABA260717C145000,BABA 260717 145.00C,141.0,984,1001371.0,CALL,2026-07-17,145.0,3281,44.245,0.496232863,0.014499425,-0.083602065,0.248064468,71,100.0,US.BABA,11.05,11.19,9.29,10.0,-0.028368794326241134,338265872763.0,"成交额 $1,001,371 ≥ 阈值 $500,000 | 成交量 984 手",US.BABA,2026-05-08 04:17:07
US.BABA260618C135000,BABA 260618 135.00C,141.0,817,997370.0,CALL,2026-06-18,135.0,5732,46.467,0.648520256,0.016692749,-0.106632416,0.177409935,42,100.0,US.BABA,14.15,14.15,11.4,12.5269,0.0425531914893617,338265872763.0,"成交额 $997,370 ≥ 阈值 $500,000 | 成交量 817 手",US.BABA,2026-05-08 04:17:07
US.BABA260515C137000,BABA 260515 137.00C,141.0,1102,918466.0,CALL,2026-05-15,137.0,959,63.927,0.640569684,0.02803489,-0.3297836,0.078009774,8,100.0,US.BABA,8.4,8.92,7.25,8.1284,0.028368794326241134,338265872763.0,"成交额 $918,466 ≥ 阈值 $500,000 | 成交量 1,102 手",US.BABA,2026-05-08 04:17:07
US.BABA260717C150000,BABA 260717 150.00C,141.0,1118,910230.0,CALL,2026-07-17,150.0,4884,44.81,0.429206347,0.014091162,-0.08256464,0.244155422,71,100.0,US.BABA,8.78,8.9,7.55,8.225,-0.06382978723404255,338265872763.0,"成交额 $910,230 ≥ 阈值 $500,000 | 成交量 1,118 手",US.BABA,2026-05-08 04:17:07
US.BABA260618C160000,BABA 260618 160.00C,141.0,2223,809926.0,CALL,2026-06-18,160.0,23843,50.324,0.264129478,0.013586517,-0.097316581,0.156371599,42,100.0,US.BABA,4.05,4.29,3.25,3.7,-0.1347517730496454,338265872763.0,"成交额 $809,926 ≥ 阈值 $500,000 | 成交量 2,223 手",US.BABA,2026-05-08 04:17:07
US.BABA260529C130000,BABA 260529 130.00C,141.0,522,770570.0,CALL,2026-05-29,130.0,632,50.126,0.770209716,0.01749386,-0.130004989,0.105030102,22,100.0,US.BABA,14.4,15.32,14.4,14.7135,0.07801418439716312,338265872763.0,"成交额 $770,570 ≥ 阈值 $500,000 | 成交量 522 手",US.BABA,2026-05-08 04:17:07
US.BABA260717P145000,BABA 260717 145.00P,141.0,523,675995.0,PUT,2026-07-17,145.0,2513,46.792,-0.502360528,0.013879599,-0.074875516,0.247596937,71,100.0,US.BABA,13.0,13.4,12.75,13.2873,0.028368794326241134,338265872763.0,"成交额 $675,995 ≥ 阈值 $500,000 | 成交量 523 手",US.BABA,2026-05-08 04:17:07
US.BABA260515C135000,BABA 260515 135.00C,141.0,769,675837.0,CALL,2026-05-15,135.0,20276,63.005,0.699032559,0.026488908,-0.302815633,0.072643878,8,100.0,US.BABA,10.2,10.2,8.15,9.2485,0.0425531914893617,338265872763.0,"成交额 $675,837 ≥ 阈值 $500,000 | 成交量 769 手",US.BABA,2026-05-08 04:17:07
US.BABA260618P130000,BABA 260618 130.00P,141.0,1702,659860.0,PUT,2026-06-18,130.0,13515,46.475,-0.268166301,0.014856486,-0.083826801,0.157504435,42,100.0,US.BABA,3.5,4.02,3.5,4.0,-0.07801418439716312,338265872763.0,"成交额 $659,860 ≥ 阈值 $500,000 | 成交量 1,702 手",US.BABA,2026-05-08 04:17:07
US.BABA260717P140000,BABA 260717 140.00P,141.0,636,644747.0,PUT,2026-07-17,140.0,4107,46.115,-0.434355533,0.013842384,-0.073563837,0.244360354,71,100.0,US.BABA,9.55,10.5,9.4,10.425,-0.0070921985815602835,338265872763.0,"成交额 $644,747 ≥ 阈值 $500,000 | 成交量 636 手",US.BABA,2026-05-08 04:17:07
US.BABA260508C140000,BABA 260508 140.00C,141.0,2346,581854.0,CALL,2026-05-08,140.0,4675,50.779,0.612529476,0.10262978,-0.746738008,0.028141322,1,100.0,US.BABA,4.4,4.4,1.75,2.9646,0.0070921985815602835,338265872763.0,"成交额 $581,854 ≥ 阈值 $500,000 | 成交量 2,346 手",US.BABA,2026-05-08 04:17:07
US.BABA260508C134000,BABA 260508 134.00C,141.0,652,543514.0,CALL,2026-05-08,134.0,2193,82.217,0.887264418,0.031675257,-0.58806002,0.014061902,1,100.0,US.BABA,8.15,8.44,6.75,7.6994,0.04964539007092199,338265872763.0,"成交额 $543,514 ≥ 阈值 $500,000 | 成交量 652 手",US.BABA,2026-05-08 04:17:07
US.BABA260618C130000,BABA 260618 130.00C,141.0,343,533894.0,CALL,2026-06-18,130.0,6927,46.273,0.733269177,0.014849734,-0.095785282,0.157154618,42,100.0,US.BABA,17.4,17.41,15.0,15.6093,0.07801418439716312,338265872763.0,"成交额 $533,894 ≥ 阈值 $500,000 | 成交量 343 手",US.BABA,2026-05-08 04:17:07
US.BABA260717C140000,BABA 260717 140.00C,141.0,418,506424.0,CALL,2026-07-17,140.0,6078,43.508,0.567496088,0.014533874,-0.082025521,0.24451685,71,100.0,US.BABA,12.49,12.75,11.33,12.1115,0.0070921985815602835,338265872763.0,"成交额 $506,424 ≥ 阈值 $500,000 | 成交量 418 手",US.BABA,2026-05-08 04:17:07
US.BIDU260918C185000,BIDU 260918 185.00C,139.87,1519,864996.0,CALL,2026-09-18,185.0,177,53.23,0.253252716,0.007092667,-0.056834286,0.271120427,134,100.0,US.BIDU,5.82,6.15,5.65,6.204,-0.3226567526989347,47591139414.33,"成交额 $864,996 ≥ 阈值 $500,000 | 成交量 1,519 手",US.BIDU,2026-05-08 04:17:34
US.COIN260717C190000,COIN 260717 190.00C,192.96,10151,27590064.0,CALL,2026-07-17,190.0,1164,67.974,0.589057312,0.006724089,-0.167914306,0.331001019,71,100.0,US.COIN,27.13,27.35,23.8,29.0372,0.015339966832504187,50835921946.56,"成交额 $27,590,064 ≥ 阈值 $500,000 | 成交量 10,151 手",US.COIN,2026-05-08 04:18:05
US.COIN260515C190000,COIN 260515 190.00C,192.96,10540,14366542.0,CALL,2026-05-15,190.0,12432,89.393,0.574970478,0.015353276,-0.656454536,0.111889874,8,100.0,US.COIN,13.55,15.25,10.34,15.5816,0.015339966832504187,50835921946.56,"成交额 $14,366,542 ≥ 阈值 $500,000 | 成交量 10,540 手",US.COIN,2026-05-08 04:18:05
US.COIN260515P190000,COIN 260515 190.00P,192.96,2541,2102114.0,PUT,2026-05-15,190.0,4796,88.129,-0.424873357,0.015581043,-0.628781536,0.111871825,8,100.0,US.COIN,8.35,9.55,7.2,7.3325,-0.015339966832504187,50835921946.56,"成交额 $2,102,114 ≥ 阈值 $500,000 | 成交量 2,541 手",US.COIN,2026-05-08 04:18:05
US.COIN260508C200000,COIN 260508 200.00C,192.96,4121,2009876.0,CALL,2026-05-08,200.0,4115,181.508,0.37055034,0.020691416,-3.561527018,0.037994781,1,100.0,US.COIN,6.3,7.3,3.65,7.45,-0.03648424543946928,50835921946.56,"成交额 $2,009,876 ≥ 阈值 $500,000 | 成交量 4,121 手",US.COIN,2026-05-08 04:18:05
US.COIN260508C205000,COIN 260508 205.00C,192.96,5359,1788640.0,CALL,2026-05-08,205.0,5462,180.706,0.276113448,0.018394588,-3.114657827,0.033627856,1,100.0,US.COIN,4.3,5.35,2.37,5.5,-0.06239635157545601,50835921946.56,"成交额 $1,788,640 ≥ 阈值 $500,000 | 成交量 5,359 手",US.COIN,2026-05-08 04:18:05
US.COIN260821C220000,COIN 260821 220.00C,192.96,815,1723304.0,CALL,2026-08-21,220.0,616,69.66,0.446917857,0.005458798,-0.14204604,0.411144579,106,100.0,US.COIN,22.4,22.4,19.55,22.6358,-0.1401326699834162,50835921946.56,"成交额 $1,723,304 ≥ 阈值 $500,000 | 成交量 815 手",US.COIN,2026-05-08 04:18:05
US.COIN260618C200000,COIN 260618 200.00C,192.96,1058,1674060.0,CALL,2026-06-18,200.0,3200,69.369,0.493289483,0.00878575,-0.224898035,0.261066033,42,100.0,US.COIN,18.0,18.53,14.84,18.9,-0.03648424543946928,50835921946.56,"成交额 $1,674,060 ≥ 阈值 $500,000 | 成交量 1,058 手",US.COIN,2026-05-08 04:18:05
US.COIN260508C195000,COIN 260508 195.00C,192.96,2422,1626334.0,CALL,2026-05-08,195.0,7719,180.818,0.474723627,0.021891449,-3.754282641,0.040045713,1,100.0,US.COIN,6.35,9.5,5.3,9.9249,-0.010572139303482546,50835921946.56,"成交额 $1,626,334 ≥ 阈值 $500,000 | 成交量 2,422 手",US.COIN,2026-05-08 04:18:05
US.COIN260508P190000,COIN 260508 190.00P,192.96,2490,1472318.0,PUT,2026-05-08,190.0,961,180.043,-0.415792923,0.021538283,-3.643852211,0.039228817,1,100.0,US.COIN,5.5,7.0,4.7,4.8996,-0.015339966832504187,50835921946.56,"成交额 $1,472,318 ≥ 阈值 $500,000 | 成交量 2,490 手",US.COIN,2026-05-08 04:18:05
US.COIN260515P170000,COIN 260515 170.00P,192.96,6319,1408144.0,PUT,2026-05-15,170.0,4651,92.047,-0.157717489,0.00917194,-0.394652367,0.068815393,8,100.0,US.COIN,2.34,2.62,1.93,2.105,-0.11898839137645112,50835921946.56,"成交额 $1,408,144 ≥ 阈值 $500,000 | 成交量 6,319 手",US.COIN,2026-05-08 04:18:05
US.COIN260515C195000,COIN 260515 195.00C,192.96,1371,1330978.0,CALL,2026-05-15,195.0,1085,88.864,0.496745181,0.01572259,-0.663046733,0.113903441,8,100.0,US.COIN,11.95,12.41,8.24,12.8533,-0.010572139303482546,50835921946.56,"成交额 $1,330,978 ≥ 阈值 $500,000 | 成交量 1,371 手",US.COIN,2026-05-08 04:18:05
US.COIN260508P185000,COIN 260508 185.00P,192.96,3418,1308396.0,PUT,2026-05-08,185.0,4509,181.821,-0.311040681,0.01931968,-3.319571945,0.035536075,1,100.0,US.COIN,4.03,4.75,3.09,3.275,-0.04125207296849092,50835921946.56,"成交额 $1,308,396 ≥ 阈值 $500,000 | 成交量 3,418 手",US.COIN,2026-05-08 04:18:05
US.COIN260515C200000,COIN 260515 200.00C,192.96,1550,1186971.0,CALL,2026-05-15,200.0,3635,88.927,0.420558894,0.015399433,-0.647689294,0.111640896,8,100.0,US.COIN,8.5,10.25,6.15,10.4078,-0.03648424543946928,50835921946.56,"成交额 $1,186,971 ≥ 阈值 $500,000 | 成交量 1,550 手",US.COIN,2026-05-08 04:18:05
US.COIN260515P195000,COIN 260515 195.00P,192.96,1060,1144770.0,PUT,2026-05-15,195.0,2906,88.746,-0.503553426,0.015756761,-0.643347003,0.113889341,8,100.0,US.COIN,10.73,12.3,9.4,9.6033,0.010572139303482546,50835921946.56,"成交额 $1,144,770 ≥ 阈值 $500,000 | 成交量 1,060 手",US.COIN,2026-05-08 04:18:05
US.COIN260508C210000,COIN 260508 210.00C,192.96,4996,1139751.0,CALL,2026-05-08,210.0,3889,184.883,0.203582551,0.015215967,-2.670450167,0.028459774,1,100.0,US.COIN,4.0,4.0,1.6,3.975,-0.08830845771144274,50835921946.56,"成交额 $1,139,751 ≥ 阈值 $500,000 | 成交量 4,996 手",US.COIN,2026-05-08 04:18:05
US.COIN260508P192500,COIN 260508 192.50P,192.96,1426,1059192.0,PUT,2026-05-08,192.5,431,180.641,-0.470727589,0.021899074,-3.731225728,0.040017937,1,100.0,US.COIN,6.0,8.31,5.6,5.8003,-0.0023839137645108206,50835921946.56,"成交额 $1,059,192 ≥ 阈值 $500,000 | 成交量 1,426 手",US.COIN,2026-05-08 04:18:05
US.COIN260717C200000,COIN 260717 200.00C,192.96,435,886399.0,CALL,2026-07-17,200.0,2249,67.327,0.520604172,0.006953647,-0.169350576,0.339042613,71,100.0,US.COIN,22.12,23.75,19.9,24.2,-0.03648424543946928,50835921946.56,"成交额 $886,399 ≥ 阈值 $500,000 | 成交量 435 手",US.COIN,2026-05-08 04:18:05
US.COIN260821C230000,COIN 260821 230.00C,192.96,511,865285.0,CALL,2026-08-21,230.0,458,69.46,0.399873998,0.005348597,-0.137901455,0.401684046,106,100.0,US.COIN,18.17,18.17,16.07,19.1604,-0.19195688225538968,50835921946.56,"成交额 $865,285 ≥ 阈值 $500,000 | 成交量 511 手",US.COIN,2026-05-08 04:18:05
US.COIN260508P180000,COIN 260508 180.00P,192.96,3406,848012.0,PUT,2026-05-08,180.0,6559,182.585,-0.217953156,0.01603666,-2.754533578,0.029621621,1,100.0,US.COIN,2.39,3.1,1.9,2.2,-0.06716417910447765,50835921946.56,"成交额 $848,012 ≥ 阈值 $500,000 | 成交量 3,406 手",US.COIN,2026-05-08 04:18:05
US.COIN260515C220000,COIN 260515 220.00C,192.96,2821,811685.0,CALL,2026-05-15,220.0,10688,92.292,0.187760303,0.010222913,-0.447945234,0.076914153,8,100.0,US.COIN,3.55,4.05,2.17,4.2504,-0.1401326699834162,50835921946.56,"成交额 $811,685 ≥ 阈值 $500,000 | 成交量 2,821 手",US.COIN,2026-05-08 04:18:05
US.COIN260515C197500,COIN 260515 197.50C,192.96,892,791635.0,CALL,2026-05-15,197.5,890,90.52,0.459898763,0.015357432,-0.670705501,0.113331131,8,100.0,US.COIN,9.5,11.2,7.22,11.5751,-0.023528192371475912,50835921946.56,"成交额 $791,635 ≥ 阈值 $500,000 | 成交量 892 手",US.COIN,2026-05-08 04:18:05
US.COIN260529C210000,COIN 260529 210.00C,192.96,906,716747.0,CALL,2026-05-29,210.0,683,75.871,0.363365072,0.01044381,-0.315661806,0.177759288,22,100.0,US.COIN,8.9,9.8,6.8,10.0,-0.08830845771144274,50835921946.56,"成交额 $716,747 ≥ 阈值 $500,000 | 成交量 906 手",US.COIN,2026-05-08 04:18:05
US.COIN260508C202500,COIN 260508 202.50C,192.96,1836,702421.0,CALL,2026-05-08,202.5,2647,180.945,0.321529649,0.019688306,-3.356628041,0.03604061,1,100.0,US.COIN,4.89,6.07,2.96,6.375,-0.04944029850746264,50835921946.56,"成交额 $702,421 ≥ 阈值 $500,000 | 成交量 1,836 手",US.COIN,2026-05-08 04:18:05
US.COIN260618C250000,COIN 260618 250.00C,192.96,1483,666917.0,CALL,2026-06-18,250.0,7518,72.091,0.178867996,0.005539264,-0.149749667,0.171046651,42,100.0,US.COIN,4.9,5.26,3.7,5.475,-0.2956053067993366,50835921946.56,"成交额 $666,917 ≥ 阈值 $500,000 | 成交量 1,483 手",US.COIN,2026-05-08 04:18:05
US.COIN260515P160000,COIN 260515 160.00P,192.96,5703,594779.0,PUT,2026-05-15,160.0,2708,95.714,-0.08093281,0.005487889,-0.248192889,0.04281845,8,100.0,US.COIN,1.32,1.32,0.9,1.0847,-0.17081260364842457,50835921946.56,"成交额 $594,779 ≥ 阈值 $500,000 | 成交量 5,703 手",US.COIN,2026-05-08 04:18:05
US.COIN260508C197500,COIN 260508 197.50C,192.96,987,588865.0,CALL,2026-05-08,197.5,5030,180.238,0.420935508,0.021572511,-3.670259579,0.03933562,1,100.0,US.COIN,7.0,8.35,4.39,8.6498,-0.023528192371475912,50835921946.56,"成交额 $588,865 ≥ 阈值 $500,000 | 成交量 987 手",US.COIN,2026-05-08 04:18:05
US.COIN260508P195000,COIN 260508 195.00P,192.96,727,575607.0,PUT,2026-05-08,195.0,1193,179.047,-0.525914943,0.0221074,-3.698005883,0.040041227,1,100.0,US.COIN,7.95,9.75,6.7,6.9,0.010572139303482546,50835921946.56,"成交额 $575,607 ≥ 阈值 $500,000 | 成交量 727 手",US.COIN,2026-05-08 04:18:05
US.COIN260508C215000,COIN 260508 215.00C,192.96,3188,567084.0,CALL,2026-05-08,215.0,2167,186.414,0.143788867,0.01208745,-2.129448437,0.022795376,1,100.0,US.COIN,2.81,3.05,1.03,2.93,-0.11422056384742947,50835921946.56,"成交额 $567,084 ≥ 阈值 $500,000 | 成交量 3,188 手",US.COIN,2026-05-08 04:18:05
US.COIN260529C230000,COIN 260529 230.00C,192.96,1497,562929.0,CALL,2026-05-29,230.0,343,74.493,0.195758439,0.007832589,-0.225251949,0.130888242,22,100.0,US.COIN,5.3,5.3,3.25,5.014,-0.19195688225538968,50835921946.56,"成交额 $562,929 ≥ 阈值 $500,000 | 成交量 1,497 手",US.COIN,2026-05-08 04:18:05
US.COIN260508C192500,COIN 260508 192.50C,192.96,745,553836.0,CALL,2026-05-08,192.5,2100,183.043,0.529399367,0.021609984,-3.799856965,0.04001728,1,100.0,US.COIN,10.5,10.65,6.2,11.3251,0.0023839137645108206,50835921946.56,"成交额 $553,836 ≥ 阈值 $500,000 | 成交量 745 手",US.COIN,2026-05-08 04:18:05
US.COIN260515P175000,COIN 260515 175.00P,192.96,1665,548212.0,PUT,2026-05-15,175.0,1242,89.832,-0.20977118,0.011230732,-0.464868813,0.082230036,8,100.0,US.COIN,3.35,3.72,2.73,3.0,-0.09307628524046438,50835921946.56,"成交额 $548,212 ≥ 阈值 $500,000 | 成交量 1,665 手",US.COIN,2026-05-08 04:18:05
US.COIN260515C205000,COIN 260515 205.00C,192.96,878,516358.0,CALL,2026-05-15,205.0,1221,89.869,0.350984657,0.014449698,-0.6169576,0.105864223,8,100.0,US.COIN,7.7,8.02,4.78,8.2944,-0.06239635157545601,50835921946.56,"成交额 $516,358 ≥ 阈值 $500,000 | 成交量 878 手",US.COIN,2026-05-08 04:18:05
US.COIN260515C210000,COIN 260515 210.00C,192.96,1095,506606.0,CALL,2026-05-15,210.0,5637,88.17,0.28187606,0.013414666,-0.546750652,0.096422268,8,100.0,US.COIN,5.65,6.55,3.75,6.7011,-0.08830845771144274,50835921946.56,"成交额 $506,606 ≥ 阈值 $500,000 | 成交量 1,095 手",US.COIN,2026-05-08 04:18:05
US.GOOGL260717C410000,GOOGL 260717 410.00C,397.99,46655,81176589.0,CALL,2026-07-17,410.0,46467,32.388,0.465312369,0.006991155,-0.176307146,0.697567938,71,100.0,US.GOOGL,19.15,19.15,16.31,18.781,-0.030176637603959874,4822046840000.0,"成交额 $81,176,589 ≥ 阈值 $500,000 | 成交量 46,655 手",US.GOOGL,2026-05-08 04:18:31
US.GOOGL260515C310000,GOOGL 260515 310.00C,397.99,6818,59310376.0,CALL,2026-05-15,310.0,10913,0.0,0.0,0.0,0.0,0.0,8,100.0,US.GOOGL,86.98,87.09,83.38,88.4388,0.22108595693359132,4822046840000.0,"成交额 $59,310,376 ≥ 阈值 $500,000 | 成交量 6,818 手",US.GOOGL,2026-05-08 04:18:31
US.GOOGL260821C450000,GOOGL 260821 450.00C,397.99,38479,51443646.0,CALL,2026-08-21,450.0,3478,35.307,0.310390908,0.004661625,-0.137225838,0.756945964,106,100.0,US.GOOGL,13.0,14.05,12.1,13.1201,-0.13068167541898035,4822046840000.0,"成交额 $51,443,646 ≥ 阈值 $500,000 | 成交量 38,479 手",US.GOOGL,2026-05-08 04:18:31
US.GOOGL260618C50000,GOOGL 260618 50.00C,397.99,547,18962897.0,CALL,2026-06-18,50.0,65,0.0,0.0,0.0,0.0,0.0,42,100.0,US.GOOGL,346.64,347.64,345.92,348.3717,0.8743687027312244,4822046840000.0,"成交额 $18,962,897 ≥ 阈值 $500,000 | 成交量 547 手",US.GOOGL,2026-05-08 04:18:31
US.GOOGL260717C400000,GOOGL 260717 400.00C,397.99,8079,17980053.0,CALL,2026-07-17,400.0,6281,32.642,0.534370706,0.006937172,-0.179895124,0.697624394,71,100.0,US.GOOGL,22.62,23.44,20.32,23.2637,-0.005050378150204756,4822046840000.0,"成交额 $17,980,053 ≥ 阈值 $500,000 | 成交量 8,079 手",US.GOOGL,2026-05-08 04:18:31
US.GOOGL260618C400000,GOOGL 260618 400.00C,397.99,5700,8975144.0,CALL,2026-06-18,400.0,8506,31.6,0.518240436,0.009342373,-0.222577424,0.537972545,42,100.0,US.GOOGL,18.0,18.0,14.28,16.9303,-0.005050378150204756,4822046840000.0,"成交额 $8,975,144 ≥ 阈值 $500,000 | 成交量 5,700 手",US.GOOGL,2026-05-08 04:18:31
US.GOOGL260508C380000,GOOGL 260508 380.00C,397.99,4324,7166943.0,CALL,2026-05-08,380.0,6526,0.0,0.0,0.0,0.0,0.0,1,100.0,US.GOOGL,20.1,20.35,13.38,18.3926,0.045202140757305484,4822046840000.0,"成交额 $7,166,943 ≥ 阈值 $500,000 | 成交量 4,324 手",US.GOOGL,2026-05-08 04:18:31
US.GOOGL260515C400000,GOOGL 260515 400.00C,397.99,12698,7029918.0,CALL,2026-05-15,400.0,11752,29.683,0.470283539,0.022759213,-0.467504809,0.234277512,8,100.0,US.GOOGL,7.07,7.07,4.15,6.675,-0.005050378150204756,4822046840000.0,"成交额 $7,029,918 ≥ 阈值 $500,000 | 成交量 12,698 手",US.GOOGL,2026-05-08 04:18:31
US.GOOGL260508C387500,GOOGL 260508 387.50C,397.99,5391,5421397.0,CALL,2026-05-08,387.5,6748,38.938,0.908479894,0.020360694,-0.691507212,0.034091508,1,100.0,US.GOOGL,10.85,11.18,7.18,11.3983,0.02635744616698914,4822046840000.0,"成交额 $5,421,397 ≥ 阈值 $500,000 | 成交量 5,391 手",US.GOOGL,2026-05-08 04:18:31
US.GOOGL260821C300000,GOOGL 260821 300.00C,397.99,450,4667458.0,CALL,2026-08-21,300.0,1646,41.969,0.92067654,0.001641058,-0.088813294,0.316729904,106,100.0,US.GOOGL,105.95,105.95,102.6,105.1759,0.24621221638734644,4822046840000.0,"成交额 $4,667,458 ≥ 阈值 $500,000 | 成交量 450 手",US.GOOGL,2026-05-08 04:18:31
US.GOOGL260618C285000,GOOGL 260618 285.00C,397.99,400,4591529.0,CALL,2026-06-18,285.0,1347,52.899,0.975823905,0.000795758,-0.074960847,0.07671641,42,100.0,US.GOOGL,113.65,115.0,111.52,114.8173,0.2839016055679791,4822046840000.0,"成交额 $4,591,529 ≥ 阈值 $500,000 | 成交量 400 手",US.GOOGL,2026-05-08 04:18:31
US.GOOGL260508C395000,GOOGL 260508 395.00C,397.99,12228,4585096.0,CALL,2026-05-08,395.0,7254,34.352,0.668489119,0.050924188,-1.358213721,0.075238468,1,100.0,US.GOOGL,6.19,6.45,2.14,5.5521,0.007512751576672803,4822046840000.0,"成交额 $4,585,096 ≥ 阈值 $500,000 | 成交量 12,228 手",US.GOOGL,2026-05-08 04:18:31
US.GOOGL260508C392500,GOOGL 260508 392.50C,397.99,8227,4517630.0,CALL,2026-05-08,392.5,6200,35.862,0.775750952,0.040247331,-1.166126343,0.062070592,1,100.0,US.GOOGL,8.15,8.15,3.35,7.3429,0.013794316440111584,4822046840000.0,"成交额 $4,517,630 ≥ 阈值 $500,000 | 成交量 8,227 手",US.GOOGL,2026-05-08 04:18:31
US.GOOGL260508C400000,GOOGL 260508 400.00C,397.99,25111,4228331.0,CALL,2026-05-08,400.0,10754,32.321,0.387898009,0.057150007,-1.341467903,0.079445881,1,100.0,US.GOOGL,3.55,3.6,0.82,2.84,-0.005050378150204756,4822046840000.0,"成交额 $4,228,331 ≥ 阈值 $500,000 | 成交量 25,111 手",US.GOOGL,2026-05-08 04:18:31
US.GOOGL260618C420000,GOOGL 260618 420.00C,397.99,4524,3733505.0,CALL,2026-06-18,420.0,5311,31.191,0.338623327,0.008688473,-0.196776675,0.4937985,42,100.0,US.GOOGL,9.35,9.45,7.35,8.9831,-0.055302897057714996,4822046840000.0,"成交额 $3,733,505 ≥ 阈值 $500,000 | 成交量 4,524 手",US.GOOGL,2026-05-08 04:18:31
US.GOOGL260508P395000,GOOGL 260508 395.00P,397.99,15036,3576561.0,PUT,2026-05-08,395.0,2755,33.803,-0.32913117,0.051614598,-1.294050014,0.075016532,1,100.0,US.GOOGL,1.76,4.31,1.47,2.405,-0.007512751576672803,4822046840000.0,"成交额 $3,576,561 ≥ 阈值 $500,000 | 成交量 15,036 手",US.GOOGL,2026-05-08 04:18:31
US.GOOGL260918C250000,GOOGL 260918 250.00C,397.99,200,3028714.0,CALL,2026-09-18,250.0,2462,45.174,0.970255387,0.000620216,-0.050704918,0.162915347,134,100.0,US.GOOGL,152.5,152.89,148.62,153.5713,0.371843513656122,4822046840000.0,"成交额 $3,028,714 ≥ 阈值 $500,000 | 成交量 200 手",US.GOOGL,2026-05-08 04:18:31
US.GOOGL260508C397500,GOOGL 260508 397.50C,397.99,11414,2860400.0,CALL,2026-05-08,397.5,3504,32.741,0.534482305,0.058532657,-1.418117667,0.082427943,1,100.0,US.GOOGL,4.45,4.8,1.38,4.1707,0.0012311867132340237,4822046840000.0,"成交额 $2,860,400 ≥ 阈值 $500,000 | 成交量 11,414 手",US.GOOGL,2026-05-08 04:18:31
US.GOOGL260618C385000,GOOGL 260618 385.00C,397.99,1086,2523003.0,CALL,2026-06-18,385.0,4416,32.298,0.653941798,0.008460129,-0.216053879,0.497899298,42,100.0,US.GOOGL,26.05,26.05,22.09,25.3,0.03263901103042792,4822046840000.0,"成交额 $2,523,003 ≥ 阈值 $500,000 | 成交量 1,086 手",US.GOOGL,2026-05-08 04:18:31
US.GOOGL260717C330000,GOOGL 260717 330.00C,397.99,304,2213129.0,CALL,2026-07-17,330.0,1881,35.668,0.905688335,0.002685331,-0.102746657,0.294988257,71,100.0,US.GOOGL,75.05,75.14,69.65,74.1023,0.17083343802608109,4822046840000.0,"成交额 $2,213,129 ≥ 阈值 $500,000 | 成交量 304 手",US.GOOGL,2026-05-08 04:18:31
US.GOOGL260508C390000,GOOGL 260508 390.00C,397.99,3163,2127635.0,CALL,2026-05-08,390.0,4366,40.151,0.837559685,0.029509316,-1.065648105,0.050951405,1,100.0,US.GOOGL,8.2,9.3,4.93,9.2483,0.020075881303550362,4822046840000.0,"成交额 $2,127,635 ≥ 阈值 $500,000 | 成交量 3,163 手",US.GOOGL,2026-05-08 04:18:31
US.GOOGL260717P400000,GOOGL 260717 400.00P,397.99,807,1854929.0,PUT,2026-07-17,400.0,260,32.559,-0.469962587,0.007069973,-0.142930821,0.696157331,71,100.0,US.GOOGL,22.35,24.5,22.35,22.475,0.005050378150204756,4822046840000.0,"成交额 $1,854,929 ≥ 阈值 $500,000 | 成交量 807 手",US.GOOGL,2026-05-08 04:18:31
US.GOOGL261016P380000,GOOGL 261016 380.00P,397.99,648,1723575.0,PUT,2026-10-16,380.0,439,35.868,-0.356745358,0.003987249,-0.095673678,0.985805923,162,100.0,US.GOOGL,26.3,27.05,26.3,25.3896,-0.045202140757305484,4822046840000.0,"成交额 $1,723,575 ≥ 阈值 $500,000 | 成交量 648 手",US.GOOGL,2026-05-08 04:18:31
US.GOOGL260515C325000,GOOGL 260515 325.00C,397.99,240,1717410.0,CALL,2026-05-15,325.0,4491,0.0,0.0,0.0,0.0,0.0,8,100.0,US.GOOGL,72.75,72.75,70.23,73.4869,0.18339656775295862,4822046840000.0,"成交额 $1,717,410 ≥ 阈值 $500,000 | 成交量 240 手",US.GOOGL,2026-05-08 04:18:31
US.GOOGL260515C405000,GOOGL 260515 405.00C,397.99,3658,1460532.0,CALL,2026-05-15,405.0,8217,29.624,0.360096664,0.021447394,-0.433466601,0.220315097,8,100.0,US.GOOGL,5.5,5.5,2.83,4.7,-0.017613507877082317,4822046840000.0,"成交额 $1,460,532 ≥ 阈值 $500,000 | 成交量 3,658 手",US.GOOGL,2026-05-08 04:18:31
US.GOOGL260522C400000,GOOGL 260522 400.00C,397.99,1480,1344365.0,CALL,2026-05-22,400.0,1998,32.394,0.491586727,0.015264938,-0.372128293,0.321703492,15,100.0,US.GOOGL,10.48,10.62,7.5,10.15,-0.005050378150204756,4822046840000.0,"成交额 $1,344,365 ≥ 阈值 $500,000 | 成交量 1,480 手",US.GOOGL,2026-05-08 04:18:31
US.GOOGL260515C370000,GOOGL 260515 370.00C,397.99,475,1320665.0,CALL,2026-05-15,370.0,7038,31.592,0.945255112,0.005957511,-0.15767052,0.065254363,8,100.0,US.GOOGL,28.2,29.12,24.48,29.2431,0.0703284002110606,4822046840000.0,"成交额 $1,320,665 ≥ 阈值 $500,000 | 成交量 475 手",US.GOOGL,2026-05-08 04:18:31
US.GOOGL260508C350000,GOOGL 260508 350.00C,397.99,287,1303399.0,CALL,2026-05-08,350.0,1294,0.0,0.0,0.0,0.0,0.0,1,100.0,US.GOOGL,47.0,47.33,43.0,48.1784,0.12058091911857084,4822046840000.0,"成交额 $1,303,399 ≥ 阈值 $500,000 | 成交量 287 手",US.GOOGL,2026-05-08 04:18:31
US.GOOGL260515C395000,GOOGL 260515 395.00C,397.99,1651,1288260.0,CALL,2026-05-15,395.0,1854,30.46,0.582217808,0.021766593,-0.474787737,0.229919675,8,100.0,US.GOOGL,10.49,10.49,6.09,9.2666,0.007512751576672803,4822046840000.0,"成交额 $1,288,260 ≥ 阈值 $500,000 | 成交量 1,651 手",US.GOOGL,2026-05-08 04:18:31
US.GOOGL260508P392500,GOOGL 260508 392.50P,397.99,6856,1284828.0,PUT,2026-05-08,392.5,2374,35.192,-0.220105517,0.040583819,-1.093725831,0.061409824,1,100.0,US.GOOGL,1.53,2.99,0.99,1.695,-0.013794316440111584,4822046840000.0,"成交额 $1,284,828 ≥ 阈值 $500,000 | 成交量 6,856 手",US.GOOGL,2026-05-08 04:18:31
US.GOOGL260515C390000,GOOGL 260515 390.00C,397.99,1158,1239493.0,CALL,2026-05-15,390.0,7142,31.097,0.684777717,0.019403928,-0.444209989,0.209235578,8,100.0,US.GOOGL,13.55,13.55,8.85,12.4698,0.020075881303550362,4822046840000.0,"成交额 $1,239,493 ≥ 阈值 $500,000 | 成交量 1,158 手",US.GOOGL,2026-05-08 04:18:31
US.GOOGL261120P330000,GOOGL 261120 330.00P,397.99,864,1198318.0,PUT,2026-11-20,330.0,196,38.352,-0.193153558,0.002461428,-0.070430289,0.80042784,197,100.0,US.GOOGL,13.75,14.2,13.65,13.4892,-0.17083343802608109,4822046840000.0,"成交额 $1,198,318 ≥ 阈值 $500,000 | 成交量 864 手",US.GOOGL,2026-05-08 04:18:31
US.GOOGL260508C402500,GOOGL 260508 402.50C,397.99,11076,1196517.0,CALL,2026-05-08,402.5,3866,32.326,0.256357558,0.04802895,-1.11419239,0.066768496,1,100.0,US.GOOGL,2.46,2.51,0.49,2.035,-0.011331943013643537,4822046840000.0,"成交额 $1,196,517 ≥ 阈值 $500,000 | 成交量 11,076 手",US.GOOGL,2026-05-08 04:18:31
US.GOOGL260508C365000,GOOGL 260508 365.00C,397.99,371,1191480.0,CALL,2026-05-08,365.0,1135,0.0,0.0,0.0,0.0,0.0,1,100.0,US.GOOGL,32.67,33.15,29.0,33.213,0.08289152993793816,4822046840000.0,"成交额 $1,191,480 ≥ 阈值 $500,000 | 成交量 371 手",US.GOOGL,2026-05-08 04:18:31
US.GOOGL260717C435000,GOOGL 260717 435.00C,397.99,1169,1152796.0,CALL,2026-07-17,435.0,1273,31.496,0.301662201,0.00630507,-0.146985973,0.611699169,71,100.0,US.GOOGL,10.35,10.54,8.8,10.2328,-0.09299228623834767,4822046840000.0,"成交额 $1,152,796 ≥ 阈值 $500,000 | 成交量 1,169 手",US.GOOGL,2026-05-08 04:18:31
US.GOOGL260515P390000,GOOGL 260515 390.00P,397.99,2797,1139342.0,PUT,2026-05-15,390.0,1634,30.359,-0.311894993,0.019808629,-0.394317436,0.208208889,8,100.0,US.GOOGL,3.26,5.55,3.26,4.0,-0.020075881303550362,4822046840000.0,"成交额 $1,139,342 ≥ 阈值 $500,000 | 成交量 2,797 手",US.GOOGL,2026-05-08 04:18:31
US.GOOGL260821C400000,GOOGL 260821 400.00C,397.99,369,1123873.0,CALL,2026-08-21,400.0,5013,35.843,0.549867715,0.00514905,-0.16259376,0.8489052,106,100.0,US.GOOGL,32.0,32.0,28.89,31.5842,-0.005050378150204756,4822046840000.0,"成交额 $1,123,873 ≥ 阈值 $500,000 | 成交量 369 手",US.GOOGL,2026-05-08 04:18:31
US.GOOGL260511C400000,GOOGL 260511 400.00C,397.99,3760,1122843.0,CALL,2026-05-11,400.0,1742,23.928,0.431373128,0.039466076,-0.54061853,0.163561503,4,100.0,US.GOOGL,4.45,4.8,1.75,4.0,-0.005050378150204756,4822046840000.0,"成交额 $1,122,843 ≥ 阈值 $500,000 | 成交量 3,760 手",US.GOOGL,2026-05-08 04:18:31
US.GOOGL260618C380000,GOOGL 260618 380.00C,397.99,410,1119550.0,CALL,2026-06-18,380.0,9044,32.588,0.695568643,0.007955753,-0.209087142,0.472408845,42,100.0,US.GOOGL,28.44,29.1,24.6,28.7947,0.045202140757305484,4822046840000.0,"成交额 $1,119,550 ≥ 阈值 $500,000 | 成交量 410 手",US.GOOGL,2026-05-08 04:18:31
US.GOOGL260821C430000,GOOGL 260821 430.00C,397.99,558,1007672.0,CALL,2026-08-21,430.0,849,35.536,0.400168665,0.005069737,-0.153148014,0.828629313,106,100.0,US.GOOGL,18.55,19.35,17.85,19.225,-0.08042915651147012,4822046840000.0,"成交额 $1,007,672 ≥ 阈值 $500,000 | 成交量 558 手",US.GOOGL,2026-05-08 04:18:31
US.GOOGL260508C405000,GOOGL 260508 405.00C,397.99,12753,968583.0,CALL,2026-05-08,405.0,10065,32.905,0.157708506,0.035318203,-0.834143225,0.049970459,1,100.0,US.GOOGL,1.69,1.69,0.28,1.43,-0.017613507877082317,4822046840000.0,"成交额 $968,583 ≥ 阈值 $500,000 | 成交量 12,753 手",US.GOOGL,2026-05-08 04:18:31
US.GOOGL260618C410000,GOOGL 260618 410.00C,397.99,797,958273.0,CALL,2026-06-18,410.0,2638,31.327,0.425761318,0.009269743,-0.214172515,0.52916864,42,100.0,US.GOOGL,13.17,13.19,10.67,12.4538,-0.030176637603959874,4822046840000.0,"成交额 $958,273 ≥ 阈值 $500,000 | 成交量 797 手",US.GOOGL,2026-05-08 04:18:31
US.GOOGL261016P365000,GOOGL 261016 365.00P,397.99,465,957493.0,PUT,2026-10-16,365.0,43,36.221,-0.296261554,0.003642462,-0.090986613,0.914532696,162,100.0,US.GOOGL,20.45,21.1,20.31,20.005,-0.08289152993793816,4822046840000.0,"成交额 $957,493 ≥ 阈值 $500,000 | 成交量 465 手",US.GOOGL,2026-05-08 04:18:31
US.GOOGL260918C400000,GOOGL 260918 400.00C,397.99,253,875279.0,CALL,2026-09-18,400.0,3884,35.448,0.558146675,0.004617432,-0.144784643,0.951758864,134,100.0,US.GOOGL,35.08,35.48,33.4,35.7551,-0.005050378150204756,4822046840000.0,"成交额 $875,279 ≥ 阈值 $500,000 | 成交量 253 手",US.GOOGL,2026-05-08 04:18:31
US.GOOGL260511C397500,GOOGL 260511 397.50C,397.99,2221,868573.0,CALL,2026-05-11,397.5,299,24.066,0.530840483,0.03971213,-0.555664295,0.16553204,4,100.0,US.GOOGL,6.1,6.85,2.45,5.2526,0.0012311867132340237,4822046840000.0,"成交额 $868,573 ≥ 阈值 $500,000 | 成交量 2,221 手",US.GOOGL,2026-05-08 04:18:31
US.GOOGL260515C380000,GOOGL 260515 380.00C,397.99,487,866401.0,CALL,2026-05-15,380.0,9887,30.762,0.854630507,0.012602994,-0.29045742,0.134401168,8,100.0,US.GOOGL,21.7,21.7,15.9,20.2,0.045202140757305484,4822046840000.0,"成交额 $866,401 ≥ 阈值 $500,000 | 成交量 487 手",US.GOOGL,2026-05-08 04:18:31
US.GOOGL260717C405000,GOOGL 260717 405.00C,397.99,429,857731.0,CALL,2026-07-17,405.0,741,32.475,0.499692472,0.006998924,-0.178514362,0.700222868,71,100.0,US.GOOGL,20.43,21.07,18.25,21.0,-0.017613507877082317,4822046840000.0,"成交额 $857,731 ≥ 阈值 $500,000 | 成交量 429 手",US.GOOGL,2026-05-08 04:18:31
US.GOOGL261120P390000,GOOGL 261120 390.00P,397.99,222,781639.0,PUT,2026-11-20,390.0,55,36.516,-0.395552775,0.003696437,-0.088954587,1.121695381,197,100.0,US.GOOGL,34.88,35.5,34.88,34.1251,-0.020075881303550362,4822046840000.0,"成交额 $781,639 ≥ 阈值 $500,000 | 成交量 222 手",US.GOOGL,2026-05-08 04:18:31
US.GOOGL261016P340000,GOOGL 261016 340.00P,397.99,578,772470.0,PUT,2026-10-16,340.0,1010,36.676,-0.204825782,0.002939452,-0.077302711,0.751813584,162,100.0,US.GOOGL,12.95,13.5,12.95,12.734,-0.14570717857232596,4822046840000.0,"成交额 $772,470 ≥ 阈值 $500,000 | 成交量 578 手",US.GOOGL,2026-05-08 04:18:31
US.GOOGL261120C420000,GOOGL 261120 420.00C,397.99,218,766997.0,CALL,2026-11-20,420.0,452,35.985,0.501224389,0.003791319,-0.12299309,1.166538935,197,100.0,US.GOOGL,36.52,36.52,34.3,35.975,-0.055302897057714996,4822046840000.0,"成交额 $766,997 ≥ 阈值 $500,000 | 成交量 218 手",US.GOOGL,2026-05-08 04:18:31
US.GOOGL260618C395000,GOOGL 260618 395.00C,397.99,403,742947.0,CALL,2026-06-18,395.0,1252,31.442,0.564889387,0.009274434,-0.220707316,0.531392711,42,100.0,US.GOOGL,19.6,19.85,16.63,19.5444,0.007512751576672803,4822046840000.0,"成交额 $742,947 ≥ 阈值 $500,000 | 成交量 403 手",US.GOOGL,2026-05-08 04:18:31
US.GOOGL260515C397500,GOOGL 260515 397.50C,397.99,1108,741149.0,CALL,2026-05-15,397.5,501,29.888,0.527117039,0.022613892,-0.473219432,0.234387601,8,100.0,US.GOOGL,7.6,8.04,5.2,7.8887,0.0012311867132340237,4822046840000.0,"成交额 $741,149 ≥ 阈值 $500,000 | 成交量 1,108 手",US.GOOGL,2026-05-08 04:18:31
US.GOOGL261120P365000,GOOGL 261120 365.00P,397.99,296,735097.0,PUT,2026-11-20,365.0,192,36.694,-0.303150771,0.003303904,-0.083247773,1.018807235,197,100.0,US.GOOGL,24.35,25.15,24.14,23.9571,-0.08289152993793816,4822046840000.0,"成交额 $735,097 ≥ 阈值 $500,000 | 成交量 296 手",US.GOOGL,2026-05-08 04:18:31
US.GOOGL260821P360000,GOOGL 260821 360.00P,397.99,511,725250.0,PUT,2026-08-21,360.0,773,37.107,-0.258489247,0.004088287,-0.11152075,0.692579361,106,100.0,US.GOOGL,13.03,14.5,13.03,13.6568,-0.09545465966481571,4822046840000.0,"成交额 $725,250 ≥ 阈值 $500,000 | 成交量 511 手",US.GOOGL,2026-05-08 04:18:31
US.GOOGL260515C407500,GOOGL 260515 407.50C,397.99,2435,719571.0,CALL,2026-05-15,407.5,886,29.602,0.308895765,0.02020605,-0.404802741,0.207401832,8,100.0,US.GOOGL,4.05,4.07,2.24,3.9,-0.023895072740521096,4822046840000.0,"成交额 $719,571 ≥ 阈值 $500,000 | 成交量 2,435 手",US.GOOGL,2026-05-08 04:18:31
US.GOOGL260618C405000,GOOGL 260618 405.00C,397.99,495,697110.0,CALL,2026-06-18,405.0,1848,31.373,0.471521946,0.009395924,-0.219145489,0.537158653,42,100.0,US.GOOGL,14.67,14.95,11.8,14.6916,-0.017613507877082317,4822046840000.0,"成交额 $697,110 ≥ 阈值 $500,000 | 成交量 495 手",US.GOOGL,2026-05-08 04:18:31
US.GOOGL260508P390000,GOOGL 260508 390.00P,397.99,7183,695242.0,PUT,2026-05-08,390.0,4762,37.691,-0.147488525,0.02949389,-0.901202939,0.047799262,1,100.0,US.GOOGL,0.89,2.01,0.56,1.1,-0.020075881303550362,4822046840000.0,"成交额 $695,242 ≥ 阈值 $500,000 | 成交量 7,183 手",US.GOOGL,2026-05-08 04:18:31
US.GOOGL260618P380000,GOOGL 260618 380.00P,397.99,689,656979.0,PUT,2026-06-18,380.0,1290,32.612,-0.305958079,0.007999942,-0.173109359,0.472965736,42,100.0,US.GOOGL,9.13,10.41,9.1,9.15,-0.045202140757305484,4822046840000.0,"成交额 $656,979 ≥ 阈值 $500,000 | 成交量 689 手",US.GOOGL,2026-05-08 04:18:31
US.GOOGL260508P397500,GOOGL 260508 397.50P,397.99,1768,623508.0,PUT,2026-05-08,397.5,563,32.785,-0.46569773,0.058483389,-1.381190736,0.082422465,1,100.0,US.GOOGL,2.82,5.73,2.44,3.525,-0.0012311867132340237,4822046840000.0,"成交额 $623,508 ≥ 阈值 $500,000 | 成交量 1,768 手",US.GOOGL,2026-05-08 04:18:31
US.GOOGL260717C390000,GOOGL 260717 390.00C,397.99,227,615996.0,CALL,2026-07-17,390.0,1750,32.815,0.603149433,0.006693447,-0.178107706,0.676675523,71,100.0,US.GOOGL,28.91,28.91,25.27,28.5148,0.020075881303550362,4822046840000.0,"成交额 $615,996 ≥ 阈值 $500,000 | 成交量 227 手",US.GOOGL,2026-05-08 04:18:31
US.GOOGL260515C412500,GOOGL 260515 412.50C,397.99,2252,510796.0,CALL,2026-05-15,412.5,1316,29.776,0.219872767,0.016880576,-0.336281522,0.174257904,8,100.0,US.GOOGL,3.0,3.0,1.47,2.66,-0.03645820246739866,4822046840000.0,"成交额 $510,796 ≥ 阈值 $500,000 | 成交量 2,252 手",US.GOOGL,2026-05-08 04:18:31
US.GOOGL260618C430000,GOOGL 260618 430.00C,397.99,907,505283.0,CALL,2026-06-18,430.0,6724,31.191,0.261525345,0.007726861,-0.173287879,0.439092223,42,100.0,US.GOOGL,6.8,6.8,5.15,6.507,-0.08042915651147012,4822046840000.0,"成交额 $505,283 ≥ 阈值 $500,000 | 成交量 907 手",US.GOOGL,2026-05-08 04:18:31
US.INTC260618P105000,INTC 260618 105.00P,109.62,18163,16589021.0,PUT,2026-06-18,105.0,1466,81.294,-0.379244522,0.012617438,-0.133187752,0.141450853,42,100.0,US.INTC,8.43,9.5,7.85,8.425,-0.04214559386973184,550950120000.0,"成交额 $16,589,021 ≥ 阈值 $500,000 | 成交量 18,163 手",US.INTC,2026-05-08 04:18:37
US.INTC260618C120000,INTC 260618 120.00C,109.62,9364,8509449.0,CALL,2026-06-18,120.0,12845,81.609,0.431216403,0.012951566,-0.146666489,0.146120928,42,100.0,US.INTC,9.13,10.67,8.05,10.15,-0.09469074986316361,550950120000.0,"成交额 $8,509,449 ≥ 阈值 $500,000 | 成交量 9,364 手",US.INTC,2026-05-08 04:18:37
US.INTC260508C110000,INTC 260508 110.00C,109.62,22344,7481592.0,CALL,2026-05-08,110.0,14953,90.41,0.48095353,0.077133325,-1.070119961,0.022770297,1,100.0,US.INTC,3.65,5.65,1.75,5.08,-0.0034665207078999768,550950120000.0,"成交额 $7,481,592 ≥ 阈值 $500,000 | 成交量 22,344 手",US.INTC,2026-05-08 04:18:37
US.INTC260508P110000,INTC 260508 110.00P,109.62,35923,6816306.0,PUT,2026-05-08,110.0,4678,90.442,-0.519076631,0.077117936,-1.059707061,0.0227696,1,100.0,US.INTC,2.44,3.2,1.03,2.05,0.0034665207078999768,550950120000.0,"成交额 $6,816,306 ≥ 阈值 $500,000 | 成交量 35,923 手",US.INTC,2026-05-08 04:18:37
US.INTC260515C100000,INTC 260515 100.00C,109.62,4807,6730980.0,CALL,2026-05-15,100.0,15775,86.804,0.783927631,0.020811835,-0.269659384,0.04753044,8,100.0,US.INTC,12.65,15.55,11.3,14.7024,0.08775770844736366,550950120000.0,"成交额 $6,730,980 ≥ 阈值 $500,000 | 成交量 4,807 手",US.INTC,2026-05-08 04:18:37
US.INTC260515C110000,INTC 260515 110.00C,109.62,10432,6717842.0,CALL,2026-05-15,110.0,7039,84.083,0.51627814,0.029226088,-0.356670667,0.064656737,8,100.0,US.INTC,6.6,8.41,5.05,7.7537,-0.0034665207078999768,550950120000.0,"成交额 $6,717,842 ≥ 阈值 $500,000 | 成交量 10,432 手",US.INTC,2026-05-08 04:18:37
US.INTC260508C113000,INTC 260508 113.00C,109.62,27040,5997143.0,CALL,2026-05-08,113.0,1946,90.393,0.268016529,0.063776858,-0.873402089,0.018823477,1,100.0,US.INTC,2.49,3.8,0.78,3.4463,-0.030833789454479066,550950120000.0,"成交额 $5,997,143 ≥ 阈值 $500,000 | 成交量 27,040 手",US.INTC,2026-05-08 04:18:37
US.INTC260618C105000,INTC 260618 105.00C,109.62,4075,5945463.0,CALL,2026-06-18,105.0,15361,81.338,0.621426369,0.012575521,-0.143147266,0.141406796,42,100.0,US.INTC,15.45,17.71,14.05,16.8923,0.04214559386973184,550950120000.0,"成交额 $5,945,463 ≥ 阈值 $500,000 | 成交量 4,075 手",US.INTC,2026-05-08 04:18:37
US.INTC260515P105000,INTC 260515 105.00P,109.62,21003,5848900.0,PUT,2026-05-15,105.0,10453,84.975,-0.340415854,0.026605595,-0.321597158,0.059457079,8,100.0,US.INTC,3.13,3.7,2.2,2.8023,-0.04214559386973184,550950120000.0,"成交额 $5,848,900 ≥ 阈值 $500,000 | 成交量 21,003 手",US.INTC,2026-05-08 04:18:37
US.INTC260515C60000,INTC 260515 60.00C,109.62,1118,5635294.0,CALL,2026-05-15,60.0,18539,159.606,0.996244812,0.000432429,-0.021059948,0.001816197,8,100.0,US.INTC,52.48,54.1,49.5,53.1264,0.4526546250684182,550950120000.0,"成交额 $5,635,294 ≥ 阈值 $500,000 | 成交量 1,118 手",US.INTC,2026-05-08 04:18:37
US.INTC261120C65000,INTC 261120 65.00C,109.62,1051,5363230.0,CALL,2026-11-20,65.0,4588,81.487,0.885931096,0.002940431,-0.036793657,0.155420896,197,100.0,US.INTC,53.1,53.1,50.74,53.7678,0.4070425104907864,550950120000.0,"成交额 $5,363,230 ≥ 阈值 $500,000 | 成交量 1,051 手",US.INTC,2026-05-08 04:18:37
US.INTC260918C75000,INTC 260918 75.00C,109.62,1240,5216766.0,CALL,2026-09-18,75.0,5341,80.955,0.852291024,0.004291953,-0.05160504,0.153267205,134,100.0,US.INTC,44.15,44.81,40.25,43.9365,0.31581828133552275,550950120000.0,"成交额 $5,216,766 ≥ 阈值 $500,000 | 成交量 1,240 手",US.INTC,2026-05-08 04:18:37
US.INTC260515P110000,INTC 260515 110.00P,109.62,9976,4919987.0,PUT,2026-05-15,110.0,3849,83.783,-0.484063666,0.029355524,-0.344788241,0.064651241,8,100.0,US.INTC,5.3,6.05,3.85,4.6551,0.0034665207078999768,550950120000.0,"成交额 $4,919,987 ≥ 阈值 $500,000 | 成交量 9,976 手",US.INTC,2026-05-08 04:18:37
US.INTC260508C115000,INTC 260508 115.00C,109.62,28159,4291095.0,CALL,2026-05-08,115.0,10093,94.015,0.170770448,0.047240812,-0.68928374,0.014501339,1,100.0,US.INTC,1.57,2.88,0.45,2.6161,-0.049078635285531795,550950120000.0,"成交额 $4,291,095 ≥ 阈值 $500,000 | 成交量 28,159 手",US.INTC,2026-05-08 04:18:37
US.INTC260515C120000,INTC 260515 120.00C,109.62,14875,4207597.0,CALL,2026-05-15,120.0,32174,85.225,0.25848568,0.023392997,-0.286554321,0.052453684,8,100.0,US.INTC,2.97,4.0,1.94,3.6951,-0.09469074986316361,550950120000.0,"成交额 $4,207,597 ≥ 阈值 $500,000 | 成交量 14,875 手",US.INTC,2026-05-08 04:18:37
US.INTC260618P110000,INTC 260618 110.00P,109.62,3671,3961935.0,PUT,2026-06-18,110.0,5234,81.148,-0.445099524,0.013138888,-0.137415048,0.146876429,42,100.0,US.INTC,11.14,12.2,10.16,10.8,0.0034665207078999768,550950120000.0,"成交额 $3,961,935 ≥ 阈值 $500,000 | 成交量 3,671 手",US.INTC,2026-05-08 04:18:37
US.INTC260821C50000,INTC 260821 50.00C,109.62,628,3857581.0,CALL,2026-08-21,50.0,5249,99.169,0.960450757,0.001457519,-0.027934358,0.050435649,106,100.0,US.INTC,65.29,65.29,61.12,64.3887,0.5438788542236819,550950120000.0,"成交额 $3,857,581 ≥ 阈值 $500,000 | 成交量 628 手",US.INTC,2026-05-08 04:18:37
US.INTC260508C112000,INTC 260508 112.00C,109.62,15853,3855124.0,CALL,2026-05-08,112.0,7284,89.96,0.332698009,0.070679048,-0.964400637,0.020760835,1,100.0,US.INTC,2.82,4.35,1.05,3.9641,-0.021711366538952705,550950120000.0,"成交额 $3,855,124 ≥ 阈值 $500,000 | 成交量 15,853 手",US.INTC,2026-05-08 04:18:37
US.INTC260508C114000,INTC 260508 114.00C,109.62,20706,3839559.0,CALL,2026-05-08,114.0,5903,91.846,0.21408947,0.055536513,-0.779560473,0.016654621,1,100.0,US.INTC,1.94,3.4,0.59,3.0312,-0.03995621237000543,550950120000.0,"成交额 $3,839,559 ≥ 阈值 $500,000 | 成交量 20,706 手",US.INTC,2026-05-08 04:18:37
US.INTC260515P100000,INTC 260515 100.00P,109.62,23198,3809575.0,PUT,2026-05-15,100.0,13247,87.624,-0.217948086,0.020723757,-0.263651402,0.047766546,8,100.0,US.INTC,1.83,2.15,1.21,1.61,-0.08775770844736366,550950120000.0,"成交额 $3,809,575 ≥ 阈值 $500,000 | 成交量 23,198 手",US.INTC,2026-05-08 04:18:37
US.INTC260918C85000,INTC 260918 85.00C,109.62,1055,3723251.0,CALL,2026-09-18,85.0,1264,79.69,0.786975292,0.005490901,-0.062710467,0.19302094,134,100.0,US.INTC,35.76,37.85,34.25,37.0709,0.2245940521802591,550950120000.0,"成交额 $3,723,251 ≥ 阈值 $500,000 | 成交量 1,055 手",US.INTC,2026-05-08 04:18:37
US.INTC260515C115000,INTC 260515 115.00C,109.62,7713,3603476.0,CALL,2026-05-15,115.0,4818,84.593,0.37683627,0.02767739,-0.339017752,0.061601142,8,100.0,US.INTC,4.5,5.9,3.2,5.4,-0.049078635285531795,550950120000.0,"成交额 $3,603,476 ≥ 阈值 $500,000 | 成交量 7,713 手",US.INTC,2026-05-08 04:18:37
US.INTC260508P108000,INTC 260508 108.00P,109.62,25867,3572708.0,PUT,2026-05-08,108.0,2602,93.066,-0.369516589,0.07097319,-1.031815435,0.021565352,1,100.0,US.INTC,1.68,2.21,0.69,1.415,-0.01477832512315275,550950120000.0,"成交额 $3,572,708 ≥ 阈值 $500,000 | 成交量 25,867 手",US.INTC,2026-05-08 04:18:37
US.INTC260508C111000,INTC 260508 111.00C,109.62,12626,3141074.0,CALL,2026-05-08,111.0,2716,89.928,0.404652092,0.0754075,-1.032563864,0.02214197,1,100.0,US.INTC,3.15,4.9,1.36,4.4819,-0.01258894362342634,550950120000.0,"成交额 $3,141,074 ≥ 阈值 $500,000 | 成交量 12,626 手",US.INTC,2026-05-08 04:18:37
US.INTC260508P111000,INTC 260508 111.00P,109.62,13155,3086764.0,PUT,2026-05-08,111.0,2379,90.189,-0.595082206,0.075220356,-1.024910003,0.022144804,1,100.0,US.INTC,3.25,3.8,1.34,2.4519,0.01258894362342634,550950120000.0,"成交额 $3,086,764 ≥ 阈值 $500,000 | 成交量 13,155 手",US.INTC,2026-05-08 04:18:37
US.INTC260522P108000,INTC 260522 108.00P,109.62,5819,2979072.0,PUT,2026-05-22,108.0,6240,85.743,-0.428413616,0.020626187,-0.248687935,0.087186887,15,100.0,US.INTC,6.35,6.74,5.0,5.725,-0.01477832512315275,550950120000.0,"成交额 $2,979,072 ≥ 阈值 $500,000 | 成交量 5,819 手",US.INTC,2026-05-08 04:18:37
US.INTC260522P107000,INTC 260522 107.00P,109.62,5777,2717910.0,PUT,2026-05-22,107.0,5945,85.58,-0.40744848,0.020434455,-0.24560624,0.086222809,15,100.0,US.INTC,5.35,6.39,4.6,5.3343,-0.023900748038679115,550950120000.0,"成交额 $2,717,910 ≥ 阈值 $500,000 | 成交量 5,777 手",US.INTC,2026-05-08 04:18:37
US.INTC260508P112000,INTC 260508 112.00P,109.62,10148,2686351.0,PUT,2026-05-08,112.0,2163,90.24,-0.666837379,0.070526245,-0.957121419,0.020771201,1,100.0,US.INTC,3.4,4.35,1.63,2.934,0.021711366538952705,550950120000.0,"成交额 $2,686,351 ≥ 阈值 $500,000 | 成交量 10,148 手",US.INTC,2026-05-08 04:18:37
US.INTC260618C110000,INTC 260618 110.00C,109.62,2034,2664798.0,CALL,2026-06-18,110.0,9642,81.25,0.555853095,0.013075935,-0.147860436,0.146876098,42,100.0,US.INTC,13.18,15.02,11.78,14.2814,-0.0034665207078999768,550950120000.0,"成交额 $2,664,798 ≥ 阈值 $500,000 | 成交量 2,034 手",US.INTC,2026-05-08 04:18:37
US.INTC260918C120000,INTC 260918 120.00C,109.62,1436,2612160.0,CALL,2026-09-18,120.0,1745,79.959,0.533123073,0.007486134,-0.08301134,0.264052729,134,100.0,US.INTC,18.75,20.55,17.45,19.875,-0.09469074986316361,550950120000.0,"成交额 $2,612,160 ≥ 阈值 $500,000 | 成交量 1,436 手",US.INTC,2026-05-08 04:18:37
US.INTC260618C125000,INTC 260618 125.00C,109.62,3369,2499887.0,CALL,2026-06-18,125.0,6896,82.104,0.375564901,0.012427342,-0.141984613,0.141054695,42,100.0,US.INTC,7.65,8.95,6.66,8.525,-0.14030286444079543,550950120000.0,"成交额 $2,499,887 ≥ 阈值 $500,000 | 成交量 3,369 手",US.INTC,2026-05-08 04:18:37
US.INTC260821C110000,INTC 260821 110.00C,109.62,1156,2362534.0,CALL,2026-08-21,110.0,19664,81.38,0.593101223,0.008071694,-0.092781652,0.229214957,106,100.0,US.INTC,20.03,22.59,19.15,21.7826,-0.0034665207078999768,550950120000.0,"成交额 $2,362,534 ≥ 阈值 $500,000 | 成交量 1,156 手",US.INTC,2026-05-08 04:18:37
US.INTC260508C100000,INTC 260508 100.00C,109.62,2072,2349944.0,CALL,2026-05-08,100.0,14640,125.138,0.925376384,0.019720296,-0.503956055,0.008057567,1,100.0,US.INTC,11.1,14.75,9.45,13.3736,0.08775770844736366,550950120000.0,"成交额 $2,349,944 ≥ 阈值 $500,000 | 成交量 2,072 手",US.INTC,2026-05-08 04:18:37
US.INTC260515C111000,INTC 260515 111.00C,109.62,4002,2340990.0,CALL,2026-05-15,111.0,2259,84.112,0.487288667,0.029225493,-0.356509934,0.064677724,8,100.0,US.INTC,6.9,7.9,4.7,7.2672,-0.01258894362342634,550950120000.0,"成交额 $2,340,990 ≥ 阈值 $500,000 | 成交量 4,002 手",US.INTC,2026-05-08 04:18:37
US.INTC260508P113000,INTC 260508 113.00P,109.62,7801,2295198.0,PUT,2026-05-08,113.0,250,90.703,-0.731333169,0.063675996,-0.866686445,0.018844994,1,100.0,US.INTC,4.3,5.15,2.02,3.4162,0.030833789454479066,550950120000.0,"成交额 $2,295,198 ≥ 阈值 $500,000 | 成交量 7,801 手",US.INTC,2026-05-08 04:18:37
US.INTC260515P112000,INTC 260515 112.00P,109.62,3983,2287646.0,PUT,2026-05-15,112.0,622,84.191,-0.541576516,0.029086278,-0.34382767,0.064348946,8,100.0,US.INTC,6.63,7.2,4.68,5.683,0.021711366538952705,550950120000.0,"成交额 $2,287,646 ≥ 阈值 $500,000 | 成交量 3,983 手",US.INTC,2026-05-08 04:18:37
US.INTC260717C120000,INTC 260717 120.00C,109.62,1697,2143747.0,CALL,2026-07-17,120.0,8340,79.395,0.474863789,0.01037303,-0.112048148,0.192482838,71,100.0,US.INTC,12.12,14.24,11.4,13.65,-0.09469074986316361,550950120000.0,"成交额 $2,143,747 ≥ 阈值 $500,000 | 成交量 1,697 手",US.INTC,2026-05-08 04:18:37
US.INTC260717P110000,INTC 260717 110.00P,109.62,1428,2030978.0,PUT,2026-07-17,110.0,1057,78.592,-0.428527083,0.010385153,-0.100048629,0.189676165,71,100.0,US.INTC,14.5,15.1,13.3,13.9,0.0034665207078999768,550950120000.0,"成交额 $2,030,978 ≥ 阈值 $500,000 | 成交量 1,428 手",US.INTC,2026-05-08 04:18:37
US.INTC260618C85000,INTC 260618 85.00C,109.62,671,1980503.0,CALL,2026-06-18,85.0,9510,83.088,0.85505909,0.007375659,-0.09054468,0.084717703,42,100.0,US.INTC,29.14,31.7,27.15,30.7778,0.2245940521802591,550950120000.0,"成交额 $1,980,503 ≥ 阈值 $500,000 | 成交量 671 手",US.INTC,2026-05-08 04:18:37
US.INTC260508P105000,INTC 260508 105.00P,109.62,29052,1970079.0,PUT,2026-05-08,105.0,13882,100.337,-0.197307569,0.048433073,-0.806757282,0.015866755,1,100.0,US.INTC,0.97,1.24,0.38,0.795,-0.04214559386973184,550950120000.0,"成交额 $1,970,079 ≥ 阈值 $500,000 | 成交量 29,052 手",US.INTC,2026-05-08 04:18:37
US.INTC260515C112000,INTC 260515 112.00C,109.62,3204,1842831.0,CALL,2026-05-15,112.0,1934,83.699,0.458166434,0.029223091,-0.352506919,0.064354386,8,100.0,US.INTC,5.7,7.3,4.2,6.7825,-0.021711366538952705,550950120000.0,"成交额 $1,842,831 ≥ 阈值 $500,000 | 成交量 3,204 手",US.INTC,2026-05-08 04:18:37
US.INTC260717C87500,INTC 260717 87.50C,109.62,605,1826650.0,CALL,2026-07-17,87.5,181,81.542,0.795670722,0.007193345,-0.084822271,0.137087769,71,100.0,US.INTC,30.0,30.8,28.0,30.992,0.2017879948914432,550950120000.0,"成交额 $1,826,650 ≥ 阈值 $500,000 | 成交量 605 手",US.INTC,2026-05-08 04:18:37
US.INTC260618P100000,INTC 260618 100.00P,109.62,2684,1791710.0,PUT,2026-06-18,100.0,2883,81.51,-0.31412509,0.011725915,-0.124973545,0.131902746,42,100.0,US.INTC,7.38,7.38,5.87,6.425,-0.08775770844736366,550950120000.0,"成交额 $1,791,710 ≥ 阈值 $500,000 | 成交量 2,684 手",US.INTC,2026-05-08 04:18:37
US.INTC260618C100000,INTC 260618 100.00C,109.62,972,1769339.0,CALL,2026-06-18,100.0,13112,81.307,0.686572387,0.011725535,-0.134114817,0.131798031,42,100.0,US.INTC,18.3,20.8,16.9,19.8767,0.08775770844736366,550950120000.0,"成交额 $1,769,339 ≥ 阈值 $500,000 | 成交量 972 手",US.INTC,2026-05-08 04:18:37
US.INTC260918C90000,INTC 260918 90.00C,109.62,546,1729617.0,CALL,2026-09-18,90.0,3308,79.499,0.751132351,0.006003779,-0.067699396,0.210547207,134,100.0,US.INTC,32.26,33.35,30.6,33.9517,0.1789819376026273,550950120000.0,"成交额 $1,729,617 ≥ 阈值 $500,000 | 成交量 546 手",US.INTC,2026-05-08 04:18:37
US.INTC260618C130000,INTC 260618 130.00C,109.62,2752,1726128.0,CALL,2026-06-18,130.0,10867,82.54,0.324881472,0.011725831,-0.134998466,0.133798054,42,100.0,US.INTC,6.5,7.5,5.5,7.2,-0.18591497901842724,550950120000.0,"成交额 $1,726,128 ≥ 阈值 $500,000 | 成交量 2,752 手",US.INTC,2026-05-08 04:18:37
US.INTC260522P100000,INTC 260522 100.00P,109.62,5148,1668432.0,PUT,2026-05-22,100.0,3286,86.6,-0.267907881,0.017126062,-0.2109318,0.073164227,15,100.0,US.INTC,3.35,3.55,2.52,2.9793,-0.08775770844736366,550950120000.0,"成交额 $1,668,432 ≥ 阈值 $500,000 | 成交量 5,148 手",US.INTC,2026-05-08 04:18:37
US.INTC260618C65000,INTC 260618 65.00C,109.62,360,1634350.0,CALL,2026-06-18,65.0,15567,87.761,0.972485743,0.00194049,-0.030434117,0.02354349,42,100.0,US.INTC,45.25,50.2,45.0,48.7459,0.4070425104907864,550950120000.0,"成交额 $1,634,350 ≥ 阈值 $500,000 | 成交量 360 手",US.INTC,2026-05-08 04:18:37
US.INTC260515C90000,INTC 260515 90.00C,109.62,692,1491662.0,CALL,2026-05-15,90.0,13384,99.702,0.921599885,0.009053083,-0.152183908,0.023747568,8,100.0,US.INTC,22.11,25.0,20.0,23.6493,0.1789819376026273,550950120000.0,"成交额 $1,491,662 ≥ 阈值 $500,000 | 成交量 692 手",US.INTC,2026-05-08 04:18:37
US.INTC260515C113000,INTC 260515 113.00C,109.62,2662,1383961.0,CALL,2026-05-15,113.0,1209,83.625,0.429717761,0.028953304,-0.348042943,0.063703551,8,100.0,US.INTC,5.25,6.75,3.9,6.3177,-0.030833789454479066,550950120000.0,"成交额 $1,383,961 ≥ 阈值 $500,000 | 成交量 2,662 手",US.INTC,2026-05-08 04:18:37
US.INTC260618P115000,INTC 260618 115.00P,109.62,962,1376842.0,PUT,2026-06-18,115.0,357,81.342,-0.509316147,0.01324722,-0.138240042,0.148221496,42,100.0,US.INTC,13.22,15.1,12.8,13.6063,0.049078635285531795,550950120000.0,"成交额 $1,376,842 ≥ 阈值 $500,000 | 成交量 962 手",US.INTC,2026-05-08 04:18:37
US.INTC260529C120000,INTC 260529 120.00C,109.62,2315,1329160.0,CALL,2026-05-29,120.0,3572,82.972,0.370098687,0.016913121,-0.197005383,0.101601942,22,100.0,US.INTC,5.85,7.28,4.92,6.814,-0.09469074986316361,550950120000.0,"成交额 $1,329,160 ≥ 阈值 $500,000 | 成交量 2,315 手",US.INTC,2026-05-08 04:18:37
US.INTC260508P114000,INTC 260508 114.00P,109.62,4356,1310748.0,PUT,2026-05-08,114.0,112,92.195,-0.785105263,0.055499474,-0.773526575,0.016689189,1,100.0,US.INTC,5.0,5.76,2.5,4.0011,0.03995621237000543,550950120000.0,"成交额 $1,310,748 ≥ 阈值 $500,000 | 成交量 4,356 手",US.INTC,2026-05-08 04:18:37
US.INTC260508P109000,INTC 260508 109.00P,109.62,8173,1300581.0,PUT,2026-05-08,109.0,2013,91.296,-0.442364382,0.075680353,-1.060347152,0.0225575,1,100.0,US.INTC,2.59,2.68,0.84,1.69,-0.0056559022076263865,550950120000.0,"成交额 $1,300,581 ≥ 阈值 $500,000 | 成交量 8,173 手",US.INTC,2026-05-08 04:18:37
US.INTC260918P110000,INTC 260918 110.00P,109.62,658,1272111.0,PUT,2026-09-18,110.0,869,78.993,-0.399907152,0.007432029,-0.070461073,0.25644868,134,100.0,US.INTC,19.9,20.25,18.8,19.275,0.0034665207078999768,550950120000.0,"成交额 $1,272,111 ≥ 阈值 $500,000 | 成交量 658 手",US.INTC,2026-05-08 04:18:37
US.INTC260508P115000,INTC 260508 115.00P,109.62,2623,1243704.0,PUT,2026-05-08,115.0,2935,88.749,-0.844025124,0.047269028,-0.600898421,0.013669321,1,100.0,US.INTC,5.5,6.3,3.0,4.586,0.049078635285531795,550950120000.0,"成交额 $1,243,704 ≥ 阈值 $500,000 | 成交量 2,623 手",US.INTC,2026-05-08 04:18:37
US.INTC260918C110000,INTC 260918 110.00C,109.62,539,1196515.0,CALL,2026-09-18,110.0,13907,79.477,0.603104065,0.007303778,-0.080575722,0.25606804,134,100.0,US.INTC,22.36,24.66,21.09,23.728,-0.0034665207078999768,550950120000.0,"成交额 $1,196,515 ≥ 阈值 $500,000 | 成交量 539 手",US.INTC,2026-05-08 04:18:37
US.INTC260515P111000,INTC 260515 111.00P,109.62,2400,1183421.0,PUT,2026-05-15,111.0,1569,84.207,-0.512887552,0.029219541,-0.346202513,0.064668134,8,100.0,US.INTC,5.85,6.5,4.24,5.1681,0.01258894362342634,550950120000.0,"成交额 $1,183,421 ≥ 阈值 $500,000 | 成交量 2,400 手",US.INTC,2026-05-08 04:18:37
US.INTC260717C110000,INTC 260717 110.00C,109.62,706,1174185.0,CALL,2026-07-17,110.0,3047,78.963,0.573211169,0.010273982,-0.1105889,0.18960988,71,100.0,US.INTC,17.0,18.25,15.1,17.7141,-0.0034665207078999768,550950120000.0,"成交额 $1,174,185 ≥ 阈值 $500,000 | 成交量 706 手",US.INTC,2026-05-08 04:18:37
US.INTC260618C115000,INTC 260618 115.00C,109.62,1086,1164929.0,CALL,2026-06-18,115.0,4250,81.51,0.492066593,0.013160886,-0.149184075,0.14830259,42,100.0,US.INTC,11.15,12.75,9.8,12.1,-0.049078635285531795,550950120000.0,"成交额 $1,164,929 ≥ 阈值 $500,000 | 成交量 1,086 手",US.INTC,2026-05-08 04:18:37
US.INTC261120C115000,INTC 261120 115.00C,109.62,456,1163148.0,CALL,2026-11-20,115.0,189,79.721,0.596647347,0.00603008,-0.067304311,0.311833205,197,100.0,US.INTC,25.5,26.48,23.75,26.2434,-0.049078635285531795,550950120000.0,"成交额 $1,163,148 ≥ 阈值 $500,000 | 成交量 456 手",US.INTC,2026-05-08 04:18:37
US.INTC260717C85000,INTC 260717 85.00C,109.62,369,1129869.0,CALL,2026-07-17,85.0,2012,79.795,0.820934544,0.006779834,-0.077225951,0.126437028,71,100.0,US.INTC,31.8,33.39,29.7,32.8014,0.2245940521802591,550950120000.0,"成交额 $1,129,869 ≥ 阈值 $500,000 | 成交量 369 手",US.INTC,2026-05-08 04:18:37
US.INTC260717C80000,INTC 260717 80.00C,109.62,306,1077233.0,CALL,2026-07-17,80.0,4572,84.737,0.852846533,0.005619079,-0.072457012,0.111280268,71,100.0,US.INTC,34.37,37.81,32.85,36.6957,0.27020616675789094,550950120000.0,"成交额 $1,077,233 ≥ 阈值 $500,000 | 成交量 306 手",US.INTC,2026-05-08 04:18:37
US.INTC260508C104000,INTC 260508 104.00C,109.62,1347,1075838.0,CALL,2026-05-08,104.0,3505,103.048,0.843382993,0.040745258,-0.721041587,0.013709257,1,100.0,US.INTC,7.59,10.85,5.9,9.6842,0.051268016785258205,550950120000.0,"成交额 $1,075,838 ≥ 阈值 $500,000 | 成交量 1,347 手",US.INTC,2026-05-08 04:18:37
US.INTC260618C80000,INTC 260618 80.00C,109.62,326,1065856.0,CALL,2026-06-18,80.0,22923,84.771,0.895055515,0.005766858,-0.07478771,0.067579631,42,100.0,US.INTC,35.05,36.0,30.95,34.9831,0.27020616675789094,550950120000.0,"成交额 $1,065,856 ≥ 阈值 $500,000 | 成交量 326 手",US.INTC,2026-05-08 04:18:37
US.INTC260508C120000,INTC 260508 120.00C,109.62,21512,1065781.0,CALL,2026-05-08,120.0,17550,105.138,0.052448651,0.017832545,-0.310182292,0.006121789,1,100.0,US.INTC,0.6,1.29,0.11,1.185,-0.09469074986316361,550950120000.0,"成交额 $1,065,781 ≥ 阈值 $500,000 | 成交量 21,512 手",US.INTC,2026-05-08 04:18:37
US.INTC260821C130000,INTC 260821 130.00C,109.62,740,1054274.0,CALL,2026-08-21,130.0,2974,82.324,0.444852992,0.008125037,-0.09443967,0.233404353,106,100.0,US.INTC,13.44,15.2,12.57,14.625,-0.18591497901842724,550950120000.0,"成交额 $1,054,274 ≥ 阈值 $500,000 | 成交量 740 手",US.INTC,2026-05-08 04:18:37
US.INTC260515C118000,INTC 260515 118.00C,109.62,3046,1053703.0,CALL,2026-05-15,118.0,3869,84.623,0.301774627,0.025397582,-0.308756072,0.056546666,8,100.0,US.INTC,3.45,4.65,2.4,4.3054,-0.07644590403211088,550950120000.0,"成交额 $1,053,703 ≥ 阈值 $500,000 | 成交量 3,046 手",US.INTC,2026-05-08 04:18:37
US.INTC260515P117000,INTC 260515 117.00P,109.62,1127,966268.0,PUT,2026-05-15,117.0,1042,84.507,-0.674869836,0.02632557,-0.308373185,0.058371094,8,100.0,US.INTC,9.45,10.48,7.5,8.5488,0.06732348111658452,550950120000.0,"成交额 $966,268 ≥ 阈值 $500,000 | 成交量 1,127 手",US.INTC,2026-05-08 04:18:37
US.INTC260515C125000,INTC 260515 125.00C,109.62,5682,964448.0,CALL,2026-05-15,125.0,3719,86.731,0.17038474,0.018013516,-0.224060822,0.041104302,8,100.0,US.INTC,1.85,2.75,1.17,2.4499,-0.14030286444079543,550950120000.0,"成交额 $964,448 ≥ 阈值 $500,000 | 成交量 5,682 手",US.INTC,2026-05-08 04:18:37
US.INTC260618P85000,INTC 260618 85.00P,109.62,3785,953867.0,PUT,2026-06-18,85.0,11764,83.159,-0.145296472,0.007384925,-0.082449231,0.084854234,42,100.0,US.INTC,2.6,2.72,2.17,2.38,-0.2245940521802591,550950120000.0,"成交额 $953,867 ≥ 阈值 $500,000 | 成交量 3,785 手",US.INTC,2026-05-08 04:18:37
US.INTC260618C90000,INTC 260618 90.00C,109.62,374,950258.0,CALL,2026-06-18,90.0,13220,82.67,0.804684549,0.008978502,-0.107776153,0.102609854,42,100.0,US.INTC,26.05,28.0,23.35,26.8168,0.1789819376026273,550950120000.0,"成交额 $950,258 ≥ 阈值 $500,000 | 成交量 374 手",US.INTC,2026-05-08 04:18:37
US.INTC260508C108000,INTC 260508 108.00C,109.62,2209,917315.0,CALL,2026-05-08,108.0,2272,92.342,0.631350522,0.071469694,-1.033614559,0.021549115,1,100.0,US.INTC,4.65,7.1,2.8,6.4448,0.01477832512315275,550950120000.0,"成交额 $917,315 ≥ 阈值 $500,000 | 成交量 2,209 手",US.INTC,2026-05-08 04:18:37
US.INTC260515C114000,INTC 260515 114.00C,109.62,1733,898436.0,CALL,2026-05-15,114.0,4192,83.911,0.40244494,0.028429669,-0.343409411,0.062765673,8,100.0,US.INTC,4.4,6.3,3.5,5.8544,-0.03995621237000543,550950120000.0,"成交额 $898,436 ≥ 阈值 $500,000 | 成交量 1,733 手",US.INTC,2026-05-08 04:18:37
US.INTC260821C120000,INTC 260821 120.00C,109.62,543,897567.0,CALL,2026-08-21,120.0,3252,81.672,0.515377514,0.008262924,-0.095027627,0.235486039,106,100.0,US.INTC,16.62,18.55,15.5,17.8,-0.09469074986316361,550950120000.0,"成交额 $897,567 ≥ 阈值 $500,000 | 成交量 543 手",US.INTC,2026-05-08 04:18:37
US.INTC260515P108000,INTC 260515 108.00P,109.62,2134,862358.0,PUT,2026-05-15,108.0,2506,84.292,-0.425562957,0.028685522,-0.341568244,0.06357488,8,100.0,US.INTC,4.35,4.8,3.18,3.8329,-0.01477832512315275,550950120000.0,"成交额 $862,358 ≥ 阈值 $500,000 | 成交量 2,134 手",US.INTC,2026-05-08 04:18:37
US.INTC260717P100000,INTC 260717 100.00P,109.62,879,827536.0,PUT,2026-07-17,100.0,4389,78.096,-0.323867136,0.009547572,-0.091900612,0.173708188,71,100.0,US.INTC,9.61,10.0,8.6,9.1,-0.08775770844736366,550950120000.0,"成交额 $827,536 ≥ 阈值 $500,000 | 成交量 879 手",US.INTC,2026-05-08 04:18:37
US.INTC260515P107000,INTC 260515 107.00P,109.62,2221,798650.0,PUT,2026-05-15,107.0,3133,84.448,-0.396641331,0.028155344,-0.336522388,0.062521092,8,100.0,US.INTC,4.29,4.4,2.78,3.4886,-0.023900748038679115,550950120000.0,"成交额 $798,650 ≥ 阈值 $500,000 | 成交量 2,221 手",US.INTC,2026-05-08 04:18:37
US.INTC260618P90000,INTC 260618 90.00P,109.62,2221,794614.0,PUT,2026-06-18,90.0,9114,82.33,-0.194938662,0.0090115,-0.098502118,0.102482368,42,100.0,US.INTC,3.68,3.94,3.1,3.4,-0.1789819376026273,550950120000.0,"成交额 $794,614 ≥ 阈值 $500,000 | 成交量 2,221 手",US.INTC,2026-05-08 04:18:37
US.INTC260717C150000,INTC 260717 150.00C,109.62,1404,776501.0,CALL,2026-07-17,150.0,2775,81.975,0.25235962,0.008058353,-0.091481038,0.154386239,71,100.0,US.INTC,6.0,6.55,4.9,6.3,-0.3683634373289545,550950120000.0,"成交额 $776,501 ≥ 阈值 $500,000 | 成交量 1,404 手",US.INTC,2026-05-08 04:18:37
US.INTC260618C95000,INTC 260618 95.00C,109.62,353,769256.0,CALL,2026-06-18,95.0,17194,82.103,0.748035642,0.010452859,-0.122690322,0.118641789,42,100.0,US.INTC,21.3,23.85,20.0,23.1848,0.13336982302499548,550950120000.0,"成交额 $769,256 ≥ 阈值 $500,000 | 成交量 353 手",US.INTC,2026-05-08 04:18:37
US.INTC260515P115000,INTC 260515 115.00P,109.62,965,762789.0,PUT,2026-05-15,115.0,710,83.504,-0.625712471,0.028029311,-0.323046439,0.061455651,8,100.0,US.INTC,7.15,9.1,6.25,7.2994,0.049078635285531795,550950120000.0,"成交额 $762,789 ≥ 阈值 $500,000 | 成交量 965 手",US.INTC,2026-05-08 04:18:37
US.INTC260618P80000,INTC 260618 80.00P,109.62,4607,757507.0,PUT,2026-06-18,80.0,13071,84.495,-0.104518973,0.005770168,-0.066524096,0.067380151,42,100.0,US.INTC,1.89,1.89,1.46,1.605,-0.27020616675789094,550950120000.0,"成交额 $757,507 ≥ 阈值 $500,000 | 成交量 4,607 手",US.INTC,2026-05-08 04:18:37
US.INTC261120C170000,INTC 261120 170.00C,109.62,609,754247.0,CALL,2026-11-20,170.0,0,81.318,0.343581565,0.005616802,-0.063824454,0.296273293,197,100.0,US.INTC,11.5,12.95,11.0,11.5,-0.5508118956394817,550950120000.0,"成交额 $754,247 ≥ 阈值 $500,000 | 成交量 609 手",US.INTC,2026-05-08 04:18:37
US.INTC260821C115000,INTC 260821 115.00C,109.62,393,754146.0,CALL,2026-08-21,115.0,1122,81.606,0.553698423,0.008200659,-0.094446667,0.233523534,106,100.0,US.INTC,18.52,20.5,17.25,19.7,-0.049078635285531795,550950120000.0,"成交额 $754,146 ≥ 阈值 $500,000 | 成交量 393 手",US.INTC,2026-05-08 04:18:37
US.INTC260515P113000,INTC 260515 113.00P,109.62,1206,750422.0,PUT,2026-05-15,113.0,305,84.129,-0.569878149,0.028822074,-0.339387451,0.063704037,8,100.0,US.INTC,7.4,7.5,5.2,6.2178,0.030833789454479066,550950120000.0,"成交额 $750,422 ≥ 阈值 $500,000 | 成交量 1,206 手",US.INTC,2026-05-08 04:18:37
US.INTC260515P95000,INTC 260515 95.00P,109.62,8588,749442.0,PUT,2026-05-15,95.0,10992,92.727,-0.131893256,0.01420692,-0.198797556,0.034655968,8,100.0,US.INTC,1.02,1.15,0.68,0.9359,-0.13336982302499548,550950120000.0,"成交额 $749,442 ≥ 阈值 $500,000 | 成交量 8,588 手",US.INTC,2026-05-08 04:18:37
US.INTC260522C110000,INTC 260522 110.00C,109.62,853,735116.0,CALL,2026-05-22,110.0,1824,85.289,0.529921391,0.020995319,-0.260840465,0.088380478,15,100.0,US.INTC,8.85,10.45,7.3,9.7594,-0.0034665207078999768,550950120000.0,"成交额 $735,116 ≥ 阈值 $500,000 | 成交量 853 手",US.INTC,2026-05-08 04:18:37
US.INTC260522C120000,INTC 260522 120.00C,109.62,1474,731829.0,CALL,2026-05-22,120.0,3316,86.256,0.336672509,0.019048375,-0.239508652,0.081092942,15,100.0,US.INTC,4.65,6.0,3.75,5.5909,-0.09469074986316361,550950120000.0,"成交额 $731,829 ≥ 阈值 $500,000 | 成交量 1,474 手",US.INTC,2026-05-08 04:18:37
US.INTC260821P100000,INTC 260821 100.00P,109.62,584,729164.0,PUT,2026-08-21,100.0,1009,80.68,-0.326647953,0.007602688,-0.077069744,0.213001551,106,100.0,US.INTC,12.5,13.3,12.0,12.5,-0.08775770844736366,550950120000.0,"成交额 $729,164 ≥ 阈值 $500,000 | 成交量 584 手",US.INTC,2026-05-08 04:18:37
US.INTC260515C105000,INTC 260515 105.00C,109.62,751,725955.0,CALL,2026-05-15,105.0,4231,86.193,0.658233095,0.026259572,-0.337062857,0.05955082,8,100.0,US.INTC,10.0,11.75,7.8,10.8982,0.04214559386973184,550950120000.0,"成交额 $725,955 ≥ 阈值 $500,000 | 成交量 751 手",US.INTC,2026-05-08 04:18:37
US.INTC260821C160000,INTC 260821 160.00C,109.62,974,725949.0,CALL,2026-08-21,160.0,1032,84.442,0.280878116,0.006758669,-0.081772038,0.199143121,106,100.0,US.INTC,7.65,8.6,6.92,8.225,-0.45958766648421817,550950120000.0,"成交额 $725,949 ≥ 阈值 $500,000 | 成交量 974 手",US.INTC,2026-05-08 04:18:37
US.INTC260508C105000,INTC 260508 105.00C,109.62,961,718502.0,CALL,2026-05-08,105.0,4797,100.314,0.802753319,0.048433958,-0.816856392,0.015863925,1,100.0,US.INTC,7.18,9.59,5.05,8.8244,0.04214559386973184,550950120000.0,"成交额 $718,502 ≥ 阈值 $500,000 | 成交量 961 手",US.INTC,2026-05-08 04:18:37
US.INTC260522P120000,INTC 260522 120.00P,109.62,591,713656.0,PUT,2026-05-22,120.0,111,86.119,-0.664424571,0.019130416,-0.227755364,0.080952971,15,100.0,US.INTC,12.5,14.5,11.6,12.4967,0.09469074986316361,550950120000.0,"成交额 $713,656 ≥ 阈值 $500,000 | 成交量 591 手",US.INTC,2026-05-08 04:18:37
US.INTC260918P100000,INTC 260918 100.00P,109.62,495,705706.0,PUT,2026-09-18,100.0,1518,78.833,-0.324842801,0.006914854,-0.066189974,0.238943962,134,100.0,US.INTC,14.2,14.77,13.7,14.032,-0.08775770844736366,550950120000.0,"成交额 $705,706 ≥ 阈值 $500,000 | 成交量 495 手",US.INTC,2026-05-08 04:18:37
US.INTC260522C100000,INTC 260522 100.00C,109.62,477,687042.0,CALL,2026-05-22,100.0,1766,87.044,0.731500119,0.017050433,-0.222059676,0.073250699,15,100.0,US.INTC,14.8,17.14,13.0,16.0493,0.08775770844736366,550950120000.0,"成交额 $687,042 ≥ 阈值 $500,000 | 成交量 477 手",US.INTC,2026-05-08 04:18:37
US.INTC261120P90000,INTC 261120 90.00P,109.62,527,676521.0,PUT,2026-11-20,90.0,475,77.59,-0.254785779,0.005170081,-0.047567868,0.258530947,197,100.0,US.INTC,12.65,13.24,12.65,12.7009,-0.1789819376026273,550950120000.0,"成交额 $676,521 ≥ 阈值 $500,000 | 成交量 527 手",US.INTC,2026-05-08 04:18:37
US.INTC260618C150000,INTC 260618 150.00C,109.62,2107,667808.0,CALL,2026-06-18,150.0,4510,85.15,0.176983423,0.008200242,-0.099432345,0.096525946,42,100.0,US.INTC,3.2,3.75,2.59,3.6256,-0.3683634373289545,550950120000.0,"成交额 $667,808 ≥ 阈值 $500,000 | 成交量 2,107 手",US.INTC,2026-05-08 04:18:37
US.INTC260515P109000,INTC 260515 109.00P,109.62,1442,664032.0,PUT,2026-05-15,109.0,3919,84.458,-0.454712783,0.028952444,-0.345942928,0.06428649,8,100.0,US.INTC,4.7,5.5,3.46,4.2432,-0.0056559022076263865,550950120000.0,"成交额 $664,032 ≥ 阈值 $500,000 | 成交量 1,442 手",US.INTC,2026-05-08 04:18:37
US.INTC260717C140000,INTC 260717 140.00C,109.62,895,658391.0,CALL,2026-07-17,140.0,1635,79.979,0.309577939,0.009118761,-0.098945784,0.170449723,71,100.0,US.INTC,7.3,8.35,6.45,8.1,-0.27713920817369087,550950120000.0,"成交额 $658,391 ≥ 阈值 $500,000 | 成交量 895 手",US.INTC,2026-05-08 04:18:37
US.INTC260717C130000,INTC 260717 130.00C,109.62,657,638693.0,CALL,2026-07-17,130.0,4657,80.296,0.388045326,0.009869591,-0.108417533,0.185218611,71,100.0,US.INTC,9.44,11.0,8.55,10.475,-0.18591497901842724,550950120000.0,"成交额 $638,693 ≥ 阈值 $500,000 | 成交量 657 手",US.INTC,2026-05-08 04:18:37
US.INTC260508C109000,INTC 260508 109.00C,109.62,1813,638016.0,CALL,2026-05-08,109.0,2017,91.266,0.557681079,0.07569598,-1.070718823,0.022557575,1,100.0,US.INTC,4.4,6.38,2.27,5.7199,0.0056559022076263865,550950120000.0,"成交额 $638,016 ≥ 阈值 $500,000 | 成交量 1,813 手",US.INTC,2026-05-08 04:18:37
US.INTC260605C111000,INTC 260605 111.00C,109.62,605,637877.0,CALL,2026-06-05,111.0,535,82.918,0.530174347,0.015528657,-0.182149625,0.122898378,29,100.0,US.INTC,10.5,12.4,9.67,11.8939,-0.01258894362342634,550950120000.0,"成交额 $637,877 ≥ 阈值 $500,000 | 成交量 605 手",US.INTC,2026-05-08 04:18:37
US.INTC260605C120000,INTC 260605 120.00C,109.62,790,634647.0,CALL,2026-06-05,120.0,803,83.061,0.398568819,0.01504113,-0.175831875,0.119244481,29,100.0,US.INTC,7.8,8.8,6.25,8.1626,-0.09469074986316361,550950120000.0,"成交额 $634,647 ≥ 阈值 $500,000 | 成交量 790 手",US.INTC,2026-05-08 04:18:37
US.INTC260508P107000,INTC 260508 107.00P,109.62,6156,633890.0,PUT,2026-05-08,107.0,2273,94.926,-0.303076153,0.064397671,-0.970732325,0.0199587,1,100.0,US.INTC,1.43,1.85,0.55,1.17,-0.023900748038679115,550950120000.0,"成交额 $633,890 ≥ 阈值 $500,000 | 成交量 6,156 手",US.INTC,2026-05-08 04:18:37
US.INTC261016C150000,INTC 261016 150.00C,109.62,469,631319.0,CALL,2026-10-16,150.0,1769,80.42,0.386947874,0.006518291,-0.07249859,0.279555433,162,100.0,US.INTC,13.0,14.25,12.1,13.85,-0.3683634373289545,550950120000.0,"成交额 $631,319 ≥ 阈值 $500,000 | 成交量 469 手",US.INTC,2026-05-08 04:18:37
US.INTC260522C115000,INTC 260522 115.00C,109.62,984,626701.0,CALL,2026-05-22,115.0,613,85.846,0.428659903,0.020582549,-0.257834931,0.087208571,15,100.0,US.INTC,7.05,7.97,5.3,7.425,-0.049078635285531795,550950120000.0,"成交额 $626,701 ≥ 阈值 $500,000 | 成交量 984 手",US.INTC,2026-05-08 04:18:37
US.INTC260508C107000,INTC 260508 107.00C,109.62,1112,624774.0,CALL,2026-05-08,107.0,5196,94.648,0.697419035,0.064535955,-0.977750796,0.01994433,1,100.0,US.INTC,6.15,8.08,3.5,7.1996,0.023900748038679115,550950120000.0,"成交额 $624,774 ≥ 阈值 $500,000 | 成交量 1,112 手",US.INTC,2026-05-08 04:18:37
US.INTC260821C100000,INTC 260821 100.00C,109.62,245,621215.0,CALL,2026-08-21,100.0,1921,81.289,0.674682872,0.007498274,-0.086763148,0.212691444,106,100.0,US.INTC,25.72,27.0,23.7,26.5812,0.08775770844736366,550950120000.0,"成交额 $621,215 ≥ 阈值 $500,000 | 成交量 245 手",US.INTC,2026-05-08 04:18:37
US.INTC260618C135000,INTC 260618 135.00C,109.62,1170,607399.0,CALL,2026-06-18,135.0,1774,82.964,0.279459471,0.010902321,-0.126460095,0.125039866,42,100.0,US.INTC,5.39,6.31,4.52,6.05,-0.23152709359605905,550950120000.0,"成交额 $607,399 ≥ 阈值 $500,000 | 成交量 1,170 手",US.INTC,2026-05-08 04:18:37
US.INTC260717C115000,INTC 260717 115.00C,109.62,424,601300.0,CALL,2026-07-17,115.0,1902,79.145,0.522958349,0.010409205,-0.112115952,0.192546995,71,100.0,US.INTC,14.4,16.2,13.13,15.55,-0.049078635285531795,550950120000.0,"成交额 $601,300 ≥ 阈值 $500,000 | 成交量 424 手",US.INTC,2026-05-08 04:18:37
US.INTC260717P120000,INTC 260717 120.00P,109.62,297,593953.0,PUT,2026-07-17,120.0,173,77.204,-0.531960864,0.010754654,-0.098188724,0.192071822,71,100.0,US.INTC,20.43,21.3,19.15,19.7939,0.09469074986316361,550950120000.0,"成交额 $593,953 ≥ 阈值 $500,000 | 成交量 297 手",US.INTC,2026-05-08 04:18:37
US.INTC260522P110000,INTC 260522 110.00P,109.62,924,591231.0,PUT,2026-05-22,110.0,408,85.906,-0.470151332,0.020871278,-0.252145021,0.088366891,15,100.0,US.INTC,7.0,7.8,5.92,6.6762,0.0034665207078999768,550950120000.0,"成交额 $591,231 ≥ 阈值 $500,000 | 成交量 924 手",US.INTC,2026-05-08 04:18:37
US.INTC260522P90000,INTC 260522 90.00P,109.62,5670,586089.0,PUT,2026-05-22,90.0,5206,91.879,-0.123040654,0.009975086,-0.136918014,0.045226729,15,100.0,US.INTC,1.28,1.38,0.93,1.166,-0.1789819376026273,550950120000.0,"成交额 $586,089 ≥ 阈值 $500,000 | 成交量 5,670 手",US.INTC,2026-05-08 04:18:37
US.INTC261016P115000,INTC 261016 115.00P,109.62,238,567630.0,PUT,2026-10-16,115.0,57,77.981,-0.424720471,0.006973631,-0.063208526,0.285912523,162,100.0,US.INTC,24.0,24.8,23.5,23.8607,0.049078635285531795,550950120000.0,"成交额 $567,630 ≥ 阈值 $500,000 | 成交量 238 手",US.INTC,2026-05-08 04:18:37
US.INTC260529C110000,INTC 260529 110.00C,109.62,593,564985.0,CALL,2026-05-29,110.0,2365,82.477,0.537837391,0.017895364,-0.207765411,0.10686228,22,100.0,US.INTC,9.75,11.5,8.57,10.9771,-0.0034665207078999768,550950120000.0,"成交额 $564,985 ≥ 阈值 $500,000 | 成交量 593 手",US.INTC,2026-05-08 04:18:37
US.INTC260508P102000,INTC 260508 102.00P,109.62,13746,563552.0,PUT,2026-05-08,102.0,4452,115.19,-0.109064696,0.028392798,-0.611213975,0.010678644,1,100.0,US.INTC,0.52,0.74,0.24,0.4767,-0.06951286261631093,550950120000.0,"成交额 $563,552 ≥ 阈值 $500,000 | 成交量 13,746 手",US.INTC,2026-05-08 04:18:37
US.INTC260515C95000,INTC 260515 95.00C,109.62,328,561013.0,CALL,2026-05-15,95.0,14618,92.571,0.868498605,0.014200642,-0.207450596,0.034585805,8,100.0,US.INTC,17.82,20.0,15.55,19.0243,0.13336982302499548,550950120000.0,"成交额 $561,013 ≥ 阈值 $500,000 | 成交量 328 手",US.INTC,2026-05-08 04:18:37
US.INTC261120P105000,INTC 261120 105.00P,109.62,278,553878.0,PUT,2026-11-20,105.0,146,77.612,-0.349461579,0.005990129,-0.054016081,0.298046902,197,100.0,US.INTC,20.59,20.88,19.7,20.275,-0.04214559386973184,550950120000.0,"成交额 $553,878 ≥ 阈值 $500,000 | 成交量 278 手",US.INTC,2026-05-08 04:18:37
US.INTC260717C125000,INTC 260717 125.00C,109.62,482,547812.0,CALL,2026-07-17,125.0,5794,79.562,0.429157553,0.010207856,-0.110401355,0.189815929,71,100.0,US.INTC,11.02,12.48,9.9,11.95,-0.14030286444079543,550950120000.0,"成交额 $547,812 ≥ 阈值 $500,000 | 成交量 482 手",US.INTC,2026-05-08 04:18:37
US.INTC260717P105000,INTC 260717 105.00P,109.62,463,543563.0,PUT,2026-07-17,105.0,1347,78.488,-0.37641371,0.010044836,-0.09713762,0.183476056,71,100.0,US.INTC,12.0,12.35,10.8,11.375,-0.04214559386973184,550950120000.0,"成交额 $543,563 ≥ 阈值 $500,000 | 成交量 463 手",US.INTC,2026-05-08 04:18:37
US.INTC260918P75000,INTC 260918 75.00P,109.62,1080,529433.0,PUT,2026-09-18,75.0,2148,80.069,-0.146927254,0.004331946,-0.043851683,0.152752679,134,100.0,US.INTC,5.0,5.1,4.7,4.8578,-0.31581828133552275,550950120000.0,"成交额 $529,433 ≥ 阈值 $500,000 | 成交量 1,080 手",US.INTC,2026-05-08 04:18:37
US.INTC260515P90000,INTC 260515 90.00P,109.62,9654,520225.0,PUT,2026-05-15,90.0,18457,99.134,-0.077363216,0.00901359,-0.140891216,0.023508401,8,100.0,US.INTC,0.64,0.73,0.41,0.5651,-0.1789819376026273,550950120000.0,"成交额 $520,225 ≥ 阈值 $500,000 | 成交量 9,654 手",US.INTC,2026-05-08 04:18:37
US.INTC260508P100000,INTC 260508 100.00P,109.62,17181,518949.0,PUT,2026-05-08,100.0,20639,126.96,-0.077452368,0.019995772,-0.516354568,0.008289038,1,100.0,US.INTC,0.37,0.47,0.18,0.3451,-0.08775770844736366,550950120000.0,"成交额 $518,949 ≥ 阈值 $500,000 | 成交量 17,181 手",US.INTC,2026-05-08 04:18:37
US.INTC260717C105000,INTC 260717 105.00C,109.62,275,508167.0,CALL,2026-07-17,105.0,4985,78.746,0.62477948,0.009962408,-0.107151735,0.183353681,71,100.0,US.INTC,18.89,20.65,17.4,20.1651,0.04214559386973184,550950120000.0,"成交额 $508,167 ≥ 阈值 $500,000 | 成交量 275 手",US.INTC,2026-05-08 04:18:37
US.JD260918C40000,JD 260918 40.00C,30.21,10109,838814.0,CALL,2026-09-18,40.0,7645,45.111,0.200075225,0.033912891,-0.009148889,0.051247145,134,100.0,US.JD,0.79,0.83,0.76,0.8153,-0.3240648791790797,41261444313.72,"成交额 $838,814 ≥ 阈值 $500,000 | 成交量 10,109 手",US.JD,2026-05-08 04:19:01
US.META260515P730000,META 260515 730.00P,616.81,4535,51417351.0,PUT,2026-05-15,730.0,638,57.594,-0.979166482,0.001365232,-0.109580051,0.044161748,8,100.0,US.META,114.1,114.19,111.85,117.12,0.18350869797830785,1565724878140.24,"成交额 $51,417,351 ≥ 阈值 $500,000 | 成交量 4,535 手",US.META,2026-05-08 04:19:09
US.META260515P750000,META 260515 750.00P,616.81,1416,18984670.0,PUT,2026-05-15,750.0,22,65.273,-0.981218644,0.001108828,-0.113097842,0.040462805,8,100.0,US.META,134.21,134.21,131.95,137.12,0.21593359381333,1565724878140.24,"成交额 $18,984,670 ≥ 阈值 $500,000 | 成交量 1,416 手",US.META,2026-05-08 04:19:09
US.META260821C700000,META 260821 700.00C,616.81,5514,13360866.0,CALL,2026-08-21,700.0,7735,35.942,0.307938838,0.002944476,-0.215337267,1.169068764,106,100.0,US.META,21.0,24.7,20.85,20.475,-0.13487135422577465,1565724878140.24,"成交额 $13,360,866 ≥ 阈值 $500,000 | 成交量 5,514 手",US.META,2026-05-08 04:19:09
US.META260717C630000,META 260717 630.00C,616.81,3706,12214188.0,CALL,2026-07-17,630.0,1260,31.471,0.48725924,0.004657674,-0.268271097,1.084662277,71,100.0,US.META,31.29,34.85,29.25,28.925,-0.021384218803197186,1565724878140.24,"成交额 $12,214,188 ≥ 阈值 $500,000 | 成交量 3,706 手",US.META,2026-05-08 04:19:09
US.META260618P780000,META 260618 780.00P,616.81,740,12045325.0,PUT,2026-06-18,780.0,125,41.08,-0.96890134,0.001770161,-0.044795441,0.132924565,42,100.0,US.META,161.55,164.0,161.55,167.12,0.2645709375658632,1565724878140.24,"成交额 $12,045,325 ≥ 阈值 $500,000 | 成交量 740 手",US.META,2026-05-08 04:19:09
US.META260508C625000,META 260508 625.00C,616.81,26861,11016066.0,CALL,2026-05-08,625.0,3693,36.334,0.247687093,0.02706886,-1.901394446,0.101646436,1,100.0,US.META,2.12,6.0,1.33,1.955,-0.013277994844441652,1565724878140.24,"成交额 $11,016,066 ≥ 阈值 $500,000 | 成交量 26,861 手",US.META,2026-05-08 04:19:09
US.META260508P620000,META 260508 620.00P,616.81,20308,9960191.0,PUT,2026-05-08,620.0,1504,35.497,-0.604393638,0.03378394,-2.234235832,0.12382086,1,100.0,US.META,7.5,8.75,3.25,10.1962,0.005171770885686119,1565724878140.24,"成交额 $9,960,191 ≥ 阈值 $500,000 | 成交量 20,308 手",US.META,2026-05-08 04:19:09
US.META260508C620000,META 260508 620.00C,616.81,17027,9437444.0,CALL,2026-05-08,620.0,3087,35.741,0.396561576,0.033543911,-2.311320842,0.123921876,1,100.0,US.META,3.55,8.75,2.5,3.2,-0.005171770885686119,1565724878140.24,"成交额 $9,437,444 ≥ 阈值 $500,000 | 成交量 17,027 手",US.META,2026-05-08 04:19:09
US.META260515P710000,META 260515 710.00P,616.81,900,8460700.0,PUT,2026-05-15,710.0,133,46.352,-0.986787626,0.001581284,-0.04829353,0.028906587,8,100.0,US.META,90.9,95.08,90.9,97.1353,0.1510838021432857,1565724878140.24,"成交额 $8,460,700 ≥ 阈值 $500,000 | 成交量 900 手",US.META,2026-05-08 04:19:09
US.META260821C750000,META 260821 750.00C,616.81,5273,7322569.0,CALL,2026-08-21,750.0,5263,36.071,0.196510526,0.002310379,-0.167549364,0.920489314,106,100.0,US.META,11.91,14.3,11.82,11.475,-0.21593359381333,1565724878140.24,"成交额 $7,322,569 ≥ 阈值 $500,000 | 成交量 5,273 手",US.META,2026-05-08 04:19:09
US.META260508C622500,META 260508 622.50C,616.81,13324,6877422.0,CALL,2026-05-08,622.5,1220,35.673,0.315895753,0.031010441,-2.116062269,0.114338457,1,100.0,US.META,2.69,7.35,1.8,2.535,-0.009224882865063885,1565724878140.24,"成交额 $6,877,422 ≥ 阈值 $500,000 | 成交量 13,324 手",US.META,2026-05-08 04:19:09
US.META260508C630000,META 260508 630.00C,616.81,25126,6115167.0,CALL,2026-05-08,630.0,3385,37.166,0.140652562,0.018685668,-1.345291949,0.071766848,1,100.0,US.META,1.23,3.9,0.67,1.175,-0.021384218803197186,1565724878140.24,"成交额 $6,115,167 ≥ 阈值 $500,000 | 成交量 25,126 手",US.META,2026-05-08 04:19:09
US.META260515P720000,META 260515 720.00P,616.81,560,5749800.0,PUT,2026-05-15,720.0,90,0.0,0.0,0.0,0.0,0.0,8,100.0,US.META,101.85,103.5,101.85,107.12,0.1672962500607968,1565724878140.24,"成交额 $5,749,800 ≥ 阈值 $500,000 | 成交量 560 手",US.META,2026-05-08 04:19:09
US.META260618C620000,META 260618 620.00C,616.81,2000,5707899.0,CALL,2026-06-18,620.0,4187,30.906,0.517241883,0.006164167,-0.338048196,0.833854834,42,100.0,US.META,25.85,30.61,24.6,24.2,-0.005171770885686119,1565724878140.24,"成交额 $5,707,899 ≥ 阈值 $500,000 | 成交量 2,000 手",US.META,2026-05-08 04:19:09
US.META260508C615000,META 260508 615.00C,616.81,5749,4059402.0,CALL,2026-05-08,615.0,3313,35.753,0.568409429,0.03419416,-2.371153721,0.126369541,1,100.0,US.META,5.5,12.25,4.46,5.075,0.0029344530730694147,1565724878140.24,"成交额 $4,059,402 ≥ 阈值 $500,000 | 成交量 5,749 手",US.META,2026-05-08 04:19:09
US.META260515C625000,META 260515 625.00C,616.81,3666,3831873.0,CALL,2026-05-15,625.0,3023,30.651,0.401081064,0.013819979,-0.720996048,0.352845875,8,100.0,US.META,7.8,12.56,7.1,7.3078,-0.013277994844441652,1565724878140.24,"成交额 $3,831,873 ≥ 阈值 $500,000 | 成交量 3,666 手",US.META,2026-05-08 04:19:09
US.META261016P600000,META 261016 600.00P,616.81,840,3621942.0,PUT,2026-10-16,600.0,973,35.784,-0.386701587,0.002654322,-0.150583301,1.56727394,162,100.0,US.META,43.85,46.6,43.02,47.075,-0.027253124949336013,1565724878140.24,"成交额 $3,621,942 ≥ 阈值 $500,000 | 成交量 840 手",US.META,2026-05-08 04:19:09
US.META260508P615000,META 260508 615.00P,616.81,9805,3391135.0,PUT,2026-05-08,615.0,1347,35.516,-0.431299478,0.034430524,-2.295012705,0.126342833,1,100.0,US.META,5.65,6.0,1.94,7.0673,-0.0029344530730694147,1565724878140.24,"成交额 $3,391,135 ≥ 阈值 $500,000 | 成交量 9,805 手",US.META,2026-05-08 04:19:09
US.META260508C617500,META 260508 617.50C,616.81,5556,3254826.0,CALL,2026-05-08,617.5,1469,35.71,0.481880186,0.034712107,-2.396794767,0.128128746,1,100.0,US.META,4.2,10.5,3.25,4.1,-0.001118658906308352,1565724878140.24,"成交额 $3,254,826 ≥ 阈值 $500,000 | 成交量 5,556 手",US.META,2026-05-08 04:19:09
US.META260515P725000,META 260515 725.00P,616.81,280,3009300.0,PUT,2026-05-15,725.0,50,49.518,-0.995167816,0.001203916,-0.009999461,0.011168227,8,100.0,US.META,106.75,108.2,106.75,112.12,0.1754024740195523,1565724878140.24,"成交额 $3,009,300 ≥ 阈值 $500,000 | 成交量 280 手",US.META,2026-05-08 04:19:09
US.META260515C620000,META 260515 620.00C,616.81,2474,3004472.0,CALL,2026-05-15,620.0,2406,30.615,0.470668096,0.01423865,-0.746442959,0.363124246,8,100.0,US.META,9.6,15.35,9.0,9.038,-0.005171770885686119,1565724878140.24,"成交额 $3,004,472 ≥ 阈值 $500,000 | 成交量 2,474 手",US.META,2026-05-08 04:19:09
US.META260508P622500,META 260508 622.50P,616.81,5434,2981730.0,PUT,2026-05-08,622.5,89,36.54,-0.680159719,0.030477305,-2.119812874,0.114914175,1,100.0,US.META,6.6,10.5,4.3,12.0337,0.009224882865063885,1565724878140.24,"成交额 $2,981,730 ≥ 阈值 $500,000 | 成交量 5,434 手",US.META,2026-05-08 04:19:09
US.META260717C615000,META 260717 615.00C,616.81,679,2578494.0,CALL,2026-07-17,615.0,483,31.589,0.556329837,0.004596187,-0.270470101,1.074382565,71,100.0,US.META,38.34,42.25,36.4,35.756,0.0029344530730694147,1565724878140.24,"成交额 $2,578,494 ≥ 阈值 $500,000 | 成交量 679 手",US.META,2026-05-08 04:19:09
US.META260508P617500,META 260508 617.50P,616.81,5653,2508243.0,PUT,2026-05-08,617.5,178,35.475,-0.518442628,0.034960312,-2.320962942,0.128109458,1,100.0,US.META,8.4,8.4,2.58,8.594,0.001118658906308352,1565724878140.24,"成交额 $2,508,243 ≥ 阈值 $500,000 | 成交量 5,653 手",US.META,2026-05-08 04:19:09
US.META261016C760000,META 261016 760.00C,616.81,1216,2485193.0,CALL,2026-10-16,760.0,165,35.247,0.24112605,0.002151848,-0.15237881,1.280407749,162,100.0,US.META,20.3,20.45,18.49,17.725,-0.23214604173084105,1565724878140.24,"成交额 $2,485,193 ≥ 阈值 $500,000 | 成交量 1,216 手",US.META,2026-05-08 04:19:09
US.META260508P670000,META 260508 670.00P,616.81,390,2059179.0,PUT,2026-05-08,670.0,61,63.513,-0.99568698,0.001064108,-0.078048918,0.003906572,1,100.0,US.META,53.2,53.53,47.2,57.1421,0.08623401047324145,1565724878140.24,"成交额 $2,059,179 ≥ 阈值 $500,000 | 成交量 390 手",US.META,2026-05-08 04:19:09
US.META260508C635000,META 260508 635.00C,616.81,15475,1973466.0,CALL,2026-05-08,635.0,4223,38.319,0.074910307,0.011479437,-0.856215895,0.045459262,1,100.0,US.META,0.74,2.49,0.33,0.72,-0.02949044276195272,1565724878140.24,"成交额 $1,973,466 ≥ 阈值 $500,000 | 成交量 15,475 手",US.META,2026-05-08 04:19:09
US.META260618C650000,META 260618 650.00C,616.81,1163,1831784.0,CALL,2026-06-18,650.0,6102,30.802,0.341178332,0.005693311,-0.302387436,0.767506392,42,100.0,US.META,13.85,17.67,13.3,13.2307,-0.053809114638219316,1565724878140.24,"成交额 $1,831,784 ≥ 阈值 $500,000 | 成交量 1,163 手",US.META,2026-05-08 04:19:09
US.META260821C620000,META 260821 620.00C,616.81,344,1781801.0,CALL,2026-08-21,620.0,1410,36.362,0.550015286,0.003274755,-0.255154536,1.315585862,106,100.0,US.META,48.92,54.75,48.39,47.8077,-0.005171770885686119,1565724878140.24,"成交额 $1,781,801 ≥ 阈值 $500,000 | 成交量 344 手",US.META,2026-05-08 04:19:09
US.META260618C630000,META 260618 630.00C,616.81,759,1781586.0,CALL,2026-06-18,630.0,3961,30.824,0.456218389,0.006148896,-0.332261325,0.829591927,42,100.0,US.META,22.05,25.7,20.22,19.95,-0.021384218803197186,1565724878140.24,"成交额 $1,781,586 ≥ 阈值 $500,000 | 成交量 759 手",US.META,2026-05-08 04:19:09
US.META260508C610000,META 260508 610.00C,616.81,1534,1780758.0,CALL,2026-05-08,610.0,1686,37.66,0.719189543,0.027840999,-2.13769575,0.108365933,1,100.0,US.META,10.0,16.2,7.3,7.7102,0.011040677031824948,1565724878140.24,"成交额 $1,780,758 ≥ 阈值 $500,000 | 成交量 1,534 手",US.META,2026-05-08 04:19:09
US.META260515C610000,META 260515 610.00C,616.81,963,1698169.0,CALL,2026-05-15,610.0,2802,31.232,0.610496882,0.013454839,-0.741804204,0.350041699,8,100.0,US.META,15.05,21.25,14.0,13.7522,0.011040677031824948,1565724878140.24,"成交额 $1,698,169 ≥ 阈值 $500,000 | 成交量 963 手",US.META,2026-05-08 04:19:09
US.META260529P600000,META 260529 600.00P,616.81,1480,1607811.0,PUT,2026-05-29,600.0,1013,30.52,-0.332584528,0.00788477,-0.365969728,0.54953264,22,100.0,US.META,11.35,12.0,8.5,12.3,-0.027253124949336013,1565724878140.24,"成交额 $1,607,811 ≥ 阈值 $500,000 | 成交量 1,480 手",US.META,2026-05-08 04:19:09
US.META260821C660000,META 260821 660.00C,616.81,446,1585635.0,CALL,2026-08-21,660.0,1191,36.022,0.421902148,0.003267863,-0.24415524,1.300488124,106,100.0,US.META,32.65,36.43,32.65,31.675,-0.07002156255573039,1565724878140.24,"成交额 $1,585,635 ≥ 阈值 $500,000 | 成交量 446 手",US.META,2026-05-08 04:19:09
US.META260515C630000,META 260515 630.00C,616.81,1881,1558499.0,CALL,2026-05-15,630.0,3272,30.733,0.335425238,0.012994589,-0.675872253,0.332637783,8,100.0,US.META,6.15,10.2,5.72,5.7818,-0.021384218803197186,1565724878140.24,"成交额 $1,558,499 ≥ 阈值 $500,000 | 成交量 1,881 手",US.META,2026-05-08 04:19:09
US.META260618C615000,META 260618 615.00C,616.81,524,1548015.0,CALL,2026-06-18,615.0,1399,30.943,0.547939086,0.006117882,-0.338135826,0.828599261,42,100.0,US.META,28.2,33.5,26.75,26.5386,0.0029344530730694147,1565724878140.24,"成交额 $1,548,015 ≥ 阈值 $500,000 | 成交量 524 手",US.META,2026-05-08 04:19:09
US.META260717P570000,META 260717 570.00P,616.81,1106,1525052.0,PUT,2026-07-17,570.0,1880,32.561,-0.252910681,0.003626756,-0.184969873,0.868518938,71,100.0,US.META,13.75,15.15,13.69,15.825,-0.07589046870186922,1565724878140.24,"成交额 $1,525,052 ≥ 阈值 $500,000 | 成交量 1,106 手",US.META,2026-05-08 04:19:09
US.META260618C625000,META 260618 625.00C,616.81,585,1469551.0,CALL,2026-06-18,625.0,2004,30.955,0.486770156,0.006156668,-0.336972335,0.834172314,42,100.0,US.META,22.79,28.0,22.52,21.95,-0.013277994844441652,1565724878140.24,"成交额 $1,469,551 ≥ 阈值 $500,000 | 成交量 585 手",US.META,2026-05-08 04:19:09
US.META260515C615000,META 260515 615.00C,616.81,1050,1456478.0,CALL,2026-05-15,615.0,2008,30.714,0.541794619,0.01415289,-0.751261099,0.362109376,8,100.0,US.META,11.7,18.25,11.45,11.2579,0.0029344530730694147,1565724878140.24,"成交额 $1,456,478 ≥ 阈值 $500,000 | 成交量 1,050 手",US.META,2026-05-08 04:19:09
US.META260508C590000,META 260508 590.00C,616.81,494,1446146.0,CALL,2026-05-08,590.0,457,0.0,0.0,0.0,0.0,0.0,1,100.0,US.META,26.0,35.0,25.8,23.6312,0.04346557286684708,1565724878140.24,"成交额 $1,446,146 ≥ 阈值 $500,000 | 成交量 494 手",US.META,2026-05-08 04:19:09
US.META260508C627500,META 260508 627.50C,616.81,5102,1445537.0,CALL,2026-05-08,627.5,784,36.29,0.185745137,0.022935461,-1.591096921,0.086013696,1,100.0,US.META,1.57,4.9,0.97,1.52,-0.017331106823819418,1565724878140.24,"成交额 $1,445,537 ≥ 阈值 $500,000 | 成交量 5,102 手",US.META,2026-05-08 04:19:09
US.META260618C700000,META 260618 700.00C,616.81,2661,1440768.0,CALL,2026-06-18,700.0,20556,31.626,0.138589738,0.003340806,-0.181744843,0.462289212,42,100.0,US.META,4.5,6.2,4.4,4.4,-0.13487135422577465,1565724878140.24,"成交额 $1,440,768 ≥ 阈值 $500,000 | 成交量 2,661 手",US.META,2026-05-08 04:19:09
US.META260515C600000,META 260515 600.00C,616.81,551,1410927.0,CALL,2026-05-15,600.0,15907,31.358,0.73758191,0.011387453,-0.639454305,0.297406791,8,100.0,US.META,20.7,29.0,20.2,19.809,0.027253124949336013,1565724878140.24,"成交额 $1,410,927 ≥ 阈值 $500,000 | 成交量 551 手",US.META,2026-05-08 04:19:09
US.META260508C600000,META 260508 600.00C,616.81,612,1317827.0,CALL,2026-05-08,600.0,992,40.735,0.906019123,0.01280326,-1.140390971,0.053897612,1,100.0,US.META,16.5,25.25,15.0,14.7419,0.027253124949336013,1565724878140.24,"成交额 $1,317,827 ≥ 阈值 $500,000 | 成交量 612 手",US.META,2026-05-08 04:19:09
US.META260821C720000,META 260821 720.00C,616.81,687,1283180.0,CALL,2026-08-21,720.0,11078,36.016,0.259327125,0.002705919,-0.197343759,1.076509096,106,100.0,US.META,18.43,19.9,16.9,16.325,-0.1672962500607968,1565724878140.24,"成交额 $1,283,180 ≥ 阈值 $500,000 | 成交量 687 手",US.META,2026-05-08 04:19:09
US.META260618C635000,META 260618 635.00C,616.81,631,1275047.0,CALL,2026-06-18,635.0,846,30.847,0.426472895,0.006076339,-0.32738056,0.820394492,42,100.0,US.META,19.8,23.55,18.45,18.0,-0.02949044276195272,1565724878140.24,"成交额 $1,275,047 ≥ 阈值 $500,000 | 成交量 631 手",US.META,2026-05-08 04:19:09
US.META260515C650000,META 260515 650.00C,616.81,4229,1260253.0,CALL,2026-05-15,650.0,7999,31.844,0.141906692,0.00772876,-0.412635041,0.204943287,8,100.0,US.META,2.4,4.2,1.96,2.1586,-0.053809114638219316,1565724878140.24,"成交额 $1,260,253 ≥ 阈值 $500,000 | 成交量 4,229 手",US.META,2026-05-08 04:19:09
US.META260918P540000,META 260918 540.00P,616.81,654,1255880.0,PUT,2026-09-18,540.0,2369,37.311,-0.225682434,0.002167782,-0.142810157,1.121147779,134,100.0,US.META,19.5,20.5,19.0,21.107,-0.1245278124544024,1565724878140.24,"成交额 $1,255,880 ≥ 阈值 $500,000 | 成交量 654 手",US.META,2026-05-08 04:19:09
US.META260522C620000,META 260522 620.00C,616.81,736,1248666.0,CALL,2026-05-22,620.0,437,30.938,0.489218315,0.01031163,-0.551923314,0.498517424,15,100.0,US.META,15.28,19.35,13.7,13.3166,-0.005171770885686119,1565724878140.24,"成交额 $1,248,666 ≥ 阈值 $500,000 | 成交量 736 手",US.META,2026-05-08 04:19:09
US.META260508C632500,META 260508 632.50C,616.81,6960,1226527.0,CALL,2026-05-08,632.5,1233,37.503,0.102015772,0.014768437,-1.068800877,0.057234975,1,100.0,US.META,0.9,3.15,0.48,0.925,-0.02543733078257495,1565724878140.24,"成交额 $1,226,527 ≥ 阈值 $500,000 | 成交量 6,960 手",US.META,2026-05-08 04:19:09
US.META260508P600000,META 260508 600.00P,616.81,19360,1222738.0,PUT,2026-05-08,600.0,3231,38.987,-0.084626731,0.012373361,-0.952647842,0.049850752,1,100.0,US.META,1.2,1.5,0.35,1.73,-0.027253124949336013,1565724878140.24,"成交额 $1,222,738 ≥ 阈值 $500,000 | 成交量 19,360 手",US.META,2026-05-08 04:19:09
US.META260522C625000,META 260522 625.00C,616.81,851,1208484.0,CALL,2026-05-22,625.0,413,30.869,0.438167727,0.010213904,-0.541348871,0.49268954,15,100.0,US.META,12.0,16.72,11.25,11.2706,-0.013277994844441652,1565724878140.24,"成交额 $1,208,484 ≥ 阈值 $500,000 | 成交量 851 手",US.META,2026-05-08 04:19:09
US.META260618C600000,META 260618 600.00C,616.81,298,1138328.0,CALL,2026-06-18,600.0,4689,31.32,0.637849579,0.005721184,-0.329850065,0.784263333,42,100.0,US.META,38.0,42.5,35.77,34.561,0.027253124949336013,1565724878140.24,"成交额 $1,138,328 ≥ 阈值 $500,000 | 成交量 298 手",US.META,2026-05-08 04:19:09
US.META260529C620000,META 260529 620.00C,616.81,579,1127776.0,CALL,2026-05-29,620.0,390,30.342,0.49899601,0.00868412,-0.450521304,0.604007233,22,100.0,US.META,16.95,22.1,16.4,16.175,-0.005171770885686119,1565724878140.24,"成交额 $1,127,776 ≥ 阈值 $500,000 | 成交量 579 手",US.META,2026-05-08 04:19:09
US.META260515C617500,META 260515 617.50C,616.81,922,1098833.0,CALL,2026-05-15,617.5,199,30.546,0.50619605,0.014307638,-0.749142642,0.364066711,8,100.0,US.META,12.05,16.4,10.2,10.1479,-0.001118658906308352,1565724878140.24,"成交额 $1,098,833 ≥ 阈值 $500,000 | 成交量 922 手",US.META,2026-05-08 04:19:09
US.META260508P610000,META 260508 610.00P,616.81,5558,1075727.0,PUT,2026-05-08,610.0,2156,35.563,-0.269823537,0.02891302,-1.92097105,0.106249822,1,100.0,US.META,3.4,3.95,1.07,4.7,-0.011040677031824948,1565724878140.24,"成交额 $1,075,727 ≥ 阈值 $500,000 | 成交量 5,558 手",US.META,2026-05-08 04:19:09
US.META260717C620000,META 260717 620.00C,616.81,293,1065651.0,CALL,2026-07-17,620.0,1782,31.616,0.533311725,0.004622379,-0.271066989,1.081435843,71,100.0,US.META,34.45,40.0,33.75,33.325,-0.005171770885686119,1565724878140.24,"成交额 $1,065,651 ≥ 阈值 $500,000 | 成交量 293 手",US.META,2026-05-08 04:19:09
US.META260618C610000,META 260618 610.00C,616.81,328,1053962.0,CALL,2026-06-18,610.0,2779,31.099,0.5783868,0.006012784,-0.337506174,0.818461967,42,100.0,US.META,30.4,36.25,29.6,29.039,0.011040677031824948,1565724878140.24,"成交额 $1,053,962 ≥ 阈值 $500,000 | 成交量 328 手",US.META,2026-05-08 04:19:09
US.META260605P620000,META 260605 620.00P,616.81,515,1036694.0,PUT,2026-06-05,620.0,145,30.224,-0.496035117,0.007661062,-0.335877505,0.692215753,29,100.0,US.META,23.2,23.2,19.47,24.5673,0.005171770885686119,1565724878140.24,"成交额 $1,036,694 ≥ 阈值 $500,000 | 成交量 515 手",US.META,2026-05-08 04:19:09
US.META260515P620000,META 260515 620.00P,616.81,880,1027915.0,PUT,2026-05-15,620.0,3022,30.369,-0.53069069,0.014404148,-0.681476997,0.362758939,8,100.0,US.META,13.25,14.75,9.5,15.5717,0.005171770885686119,1565724878140.24,"成交额 $1,027,915 ≥ 阈值 $500,000 | 成交量 880 手",US.META,2026-05-08 04:19:09
US.META260511C620000,META 260511 620.00C,616.81,1358,1011537.0,CALL,2026-05-11,620.0,382,25.852,0.435443184,0.023609691,-0.905105976,0.253948228,4,100.0,US.META,5.28,10.5,4.53,4.95,-0.005171770885686119,1565724878140.24,"成交额 $1,011,537 ≥ 阈值 $500,000 | 成交量 1,358 手",US.META,2026-05-08 04:19:09
US.META260508C640000,META 260508 640.00C,616.81,11105,969608.0,CALL,2026-05-08,640.0,7077,40.916,0.043153621,0.006966118,-0.578347008,0.029461803,1,100.0,US.META,0.41,1.52,0.16,0.4504,-0.03759666672070825,1565724878140.24,"成交额 $969,608 ≥ 阈值 $500,000 | 成交量 11,105 手",US.META,2026-05-08 04:19:09
US.META260508C612500,META 260508 612.50C,616.81,943,934651.0,CALL,2026-05-08,612.5,2032,35.681,0.652340823,0.032208359,-2.224809465,0.118785602,1,100.0,US.META,7.03,14.05,5.8,6.2841,0.006987565052447181,1565724878140.24,"成交额 $934,651 ≥ 阈值 $500,000 | 成交量 943 手",US.META,2026-05-08 04:19:09
US.META260918C680000,META 260918 680.00C,616.81,273,932871.0,CALL,2026-09-18,680.0,1201,35.399,0.387796753,0.002895486,-0.210073251,1.431468412,134,100.0,US.META,34.5,35.83,33.4,30.8596,-0.10244645839075252,1565724878140.24,"成交额 $932,871 ≥ 阈值 $500,000 | 成交量 273 手",US.META,2026-05-08 04:19:09
US.META260508P625000,META 260508 625.00P,616.81,1273,928287.0,PUT,2026-05-08,625.0,401,36.47,-0.751850424,0.027060464,-1.851905589,0.10171255,1,100.0,US.META,12.15,12.15,5.5,13.9568,0.013277994844441652,1565724878140.24,"成交额 $928,287 ≥ 阈值 $500,000 | 成交量 1,273 手",US.META,2026-05-08 04:19:09
US.META260717C650000,META 260717 650.00C,616.81,375,906154.0,CALL,2026-07-17,650.0,1670,31.246,0.397449169,0.004537582,-0.253850078,1.049109844,71,100.0,US.META,22.0,26.38,21.6,21.3629,-0.053809114638219316,1565724878140.24,"成交额 $906,154 ≥ 阈值 $500,000 | 成交量 375 手",US.META,2026-05-08 04:19:09
US.META260513C630000,META 260513 630.00C,616.81,1390,895331.0,CALL,2026-05-13,630.0,321,29.783,0.301634326,0.014808117,-0.723076203,0.275406357,6,100.0,US.META,4.45,8.25,3.85,4.0544,-0.021384218803197186,1565724878140.24,"成交额 $895,331 ≥ 阈值 $500,000 | 成交量 1,390 手",US.META,2026-05-08 04:19:09
US.META261120P510000,META 261120 510.00P,616.81,410,892348.0,PUT,2026-11-20,510.0,968,39.106,-0.19354114,0.001559301,-0.111617381,1.242112247,197,100.0,US.META,22.05,22.1,21.5,22.1708,-0.17316515620693562,1565724878140.24,"成交额 $892,348 ≥ 阈值 $500,000 | 成交量 410 手",US.META,2026-05-08 04:19:09
US.META260529C625000,META 260529 625.00C,616.81,506,886026.0,CALL,2026-05-29,625.0,350,30.358,0.456100173,0.00862692,-0.445608139,0.600341961,22,100.0,US.META,16.09,19.8,14.45,14.125,-0.013277994844441652,1565724878140.24,"成交额 $886,026 ≥ 阈值 $500,000 | 成交量 506 手",US.META,2026-05-08 04:19:09
US.META260508C637500,META 260508 637.50C,616.81,6850,884574.0,CALL,2026-05-08,637.5,1508,39.453,0.055998974,0.008895484,-0.694565892,0.036272063,1,100.0,US.META,0.59,1.92,0.22,0.565,-0.033543554741330486,1565724878140.24,"成交额 $884,574 ≥ 阈值 $500,000 | 成交量 6,850 手",US.META,2026-05-08 04:19:09
US.META260511C600000,META 260511 600.00C,616.81,351,832826.0,CALL,2026-05-11,600.0,409,27.48,0.838852627,0.013790746,-0.59297562,0.157610322,4,100.0,US.META,24.0,25.4,17.99,16.1727,0.027253124949336013,1565724878140.24,"成交额 $832,826 ≥ 阈值 $500,000 | 成交量 351 手",US.META,2026-05-08 04:19:09
US.META260508C605000,META 260508 605.00C,616.81,479,818901.0,CALL,2026-05-08,605.0,1135,41.192,0.820104303,0.019806419,-1.808423613,0.084316933,1,100.0,US.META,12.43,20.8,11.25,10.9265,0.01914690099058048,1565724878140.24,"成交额 $818,901 ≥ 阈值 $500,000 | 成交量 479 手",US.META,2026-05-08 04:19:09
US.META260515P610000,META 260515 610.00P,616.81,1132,817961.0,PUT,2026-05-15,610.0,3257,30.619,-0.388273045,0.013735708,-0.668189182,0.349570337,8,100.0,US.META,8.5,9.51,5.73,10.2733,-0.011040677031824948,1565724878140.24,"成交额 $817,961 ≥ 阈值 $500,000 | 成交量 1,132 手",US.META,2026-05-08 04:19:09
US.META260618C670000,META 260618 670.00C,616.81,773,807928.0,CALL,2026-06-18,670.0,4507,31.015,0.243903042,0.004833043,-0.256915342,0.655944687,42,100.0,US.META,8.77,11.69,8.7,8.5558,-0.08623401047324145,1565724878140.24,"成交额 $807,928 ≥ 阈值 $500,000 | 成交量 773 手",US.META,2026-05-08 04:19:09
US.META260515C622500,META 260515 622.50C,616.81,694,806518.0,CALL,2026-05-15,622.5,32,30.509,0.435204016,0.014137344,-0.733572119,0.359290791,8,100.0,US.META,9.65,13.7,8.15,8.1729,-0.009224882865063885,1565724878140.24,"成交额 $806,518 ≥ 阈值 $500,000 | 成交量 694 手",US.META,2026-05-08 04:19:09
US.META260511C617500,META 260511 617.50C,616.81,1035,786360.0,CALL,2026-05-11,617.5,175,26.103,0.494935175,0.023691312,-0.931616326,0.257309784,4,100.0,US.META,7.25,12.35,5.55,5.925,-0.001118658906308352,1565724878140.24,"成交额 $786,360 ≥ 阈值 $500,000 | 成交量 1,035 手",US.META,2026-05-08 04:19:09
US.META260515P600000,META 260515 600.00P,616.81,1812,774256.0,PUT,2026-05-15,600.0,15599,31.129,-0.261344651,0.011456414,-0.574932469,0.296694725,8,100.0,US.META,5.0,5.88,3.4,6.325,-0.027253124949336013,1565724878140.24,"成交额 $774,256 ≥ 阈值 $500,000 | 成交量 1,812 手",US.META,2026-05-08 04:19:09
US.META260515C640000,META 260515 640.00C,616.81,1548,767558.0,CALL,2026-05-15,640.0,5383,31.123,0.223317679,0.010513142,-0.549437155,0.272494123,8,100.0,US.META,4.3,6.5,3.34,3.5313,-0.03759666672070825,1565724878140.24,"成交额 $767,558 ≥ 阈值 $500,000 | 成交量 1,548 手",US.META,2026-05-08 04:19:09
US.META260511C625000,META 260511 625.00C,616.81,1353,758940.0,CALL,2026-05-11,625.0,292,26.238,0.325462675,0.021278431,-0.822897422,0.232257688,4,100.0,US.META,3.6,7.8,3.0,3.475,-0.013277994844441652,1565724878140.24,"成交额 $758,940 ≥ 阈值 $500,000 | 成交量 1,353 手",US.META,2026-05-08 04:19:09
US.META260508P612500,META 260508 612.50P,616.81,2754,751010.0,PUT,2026-05-08,612.5,831,35.976,-0.348869854,0.031992686,-2.185331054,0.11893009,1,100.0,US.META,4.6,4.6,1.5,5.775,-0.006987565052447181,1565724878140.24,"成交额 $751,010 ≥ 阈值 $500,000 | 成交量 2,754 手",US.META,2026-05-08 04:19:09
US.META260821C740000,META 260821 740.00C,616.81,454,700031.0,CALL,2026-08-21,740.0,1162,36.033,0.215897886,0.002445506,-0.177463306,0.973326349,106,100.0,US.META,14.8,15.83,13.5,12.975,-0.1997211458958189,1565724878140.24,"成交额 $700,031 ≥ 阈值 $500,000 | 成交量 454 手",US.META,2026-05-08 04:19:09
US.META260515C635000,META 260515 635.00C,616.81,1071,689662.0,CALL,2026-05-15,635.0,1756,30.874,0.275632194,0.011854685,-0.616294634,0.304829901,8,100.0,US.META,4.63,8.13,4.49,4.5108,-0.02949044276195272,1565724878140.24,"成交额 $689,662 ≥ 阈值 $500,000 | 成交量 1,071 手",US.META,2026-05-08 04:19:09
US.META260717C700000,META 260717 700.00C,616.81,609,680841.0,CALL,2026-07-17,700.0,3294,31.416,0.213984914,0.003409593,-0.187656477,0.792419984,71,100.0,US.META,9.81,12.25,9.58,9.5356,-0.13487135422577465,1565724878140.24,"成交额 $680,841 ≥ 阈值 $500,000 | 成交量 609 手",US.META,2026-05-08 04:19:09
US.META260605C635000,META 260605 635.00C,616.81,462,680287.0,CALL,2026-06-05,635.0,71,30.524,0.396985236,0.007266295,-0.378576043,0.670224385,29,100.0,US.META,16.9,18.02,14.25,13.7115,-0.02949044276195272,1565724878140.24,"成交额 $680,287 ≥ 阈值 $500,000 | 成交量 462 手",US.META,2026-05-08 04:19:09
US.META260511C630000,META 260511 630.00C,616.81,1729,676938.0,CALL,2026-05-11,630.0,750,26.709,0.232914601,0.017749094,-0.690024789,0.197180494,4,100.0,US.META,2.43,5.7,1.95,2.38,-0.021384218803197186,1565724878140.24,"成交额 $676,938 ≥ 阈值 $500,000 | 成交量 1,729 手",US.META,2026-05-08 04:19:09
US.META260605C630000,META 260605 630.00C,616.81,362,666095.0,CALL,2026-06-05,630.0,733,30.63,0.433140512,0.007386927,-0.389213574,0.683729542,29,100.0,US.META,15.85,20.71,15.85,15.4562,-0.021384218803197186,1565724878140.24,"成交额 $666,095 ≥ 阈值 $500,000 | 成交量 362 手",US.META,2026-05-08 04:19:09
US.META260717C640000,META 260717 640.00C,616.81,231,659807.0,CALL,2026-07-17,640.0,1228,31.327,0.44168184,0.004631256,-0.262285698,1.07358031,71,100.0,US.META,25.8,30.4,25.35,24.9102,-0.03759666672070825,1565724878140.24,"成交额 $659,807 ≥ 阈值 $500,000 | 成交量 231 手",US.META,2026-05-08 04:19:09
US.META260515P640000,META 260515 640.00P,616.81,270,641862.0,PUT,2026-05-15,640.0,1713,30.354,-0.785464584,0.010754351,-0.467670564,0.265460687,8,100.0,US.META,23.4,28.04,20.3,30.1182,0.03759666672070825,1565724878140.24,"成交额 $641,862 ≥ 阈值 $500,000 | 成交量 270 手",US.META,2026-05-08 04:19:09
US.META260515P635000,META 260515 635.00P,616.81,289,636402.0,PUT,2026-05-15,635.0,547,31.453,-0.722359229,0.011816837,-0.572997637,0.30535413,8,100.0,US.META,21.43,23.6,17.7,26.0808,0.02949044276195272,1565724878140.24,"成交额 $636,402 ≥ 阈值 $500,000 | 成交量 289 手",US.META,2026-05-08 04:19:09
US.META260605C620000,META 260605 620.00C,616.81,283,634719.0,CALL,2026-06-05,620.0,707,30.675,0.50680857,0.007480275,-0.399231794,0.693406627,29,100.0,US.META,20.05,25.6,19.75,19.675,-0.005171770885686119,1565724878140.24,"成交额 $634,719 ≥ 阈值 $500,000 | 成交量 283 手",US.META,2026-05-08 04:19:09
US.META260508P630000,META 260508 630.00P,616.81,552,610605.0,PUT,2026-05-08,630.0,673,38.764,-0.849565843,0.018854739,-1.414704325,0.075034339,1,100.0,US.META,11.95,16.98,8.55,18.1837,0.021384218803197186,1565724878140.24,"成交额 $610,605 ≥ 阈值 $500,000 | 成交量 552 手",US.META,2026-05-08 04:19:09
US.META260522P620000,META 260522 620.00P,616.81,408,603873.0,PUT,2026-05-22,620.0,206,30.582,-0.512687054,0.010488629,-0.487248666,0.497884897,15,100.0,US.META,17.05,18.4,13.76,19.1089,0.005171770885686119,1565724878140.24,"成交额 $603,873 ≥ 阈值 $500,000 | 成交量 408 手",US.META,2026-05-08 04:19:09
US.META260515C605000,META 260515 605.00C,616.81,269,600052.0,CALL,2026-05-15,605.0,1830,31.215,0.676858173,0.01260314,-0.697651734,0.327686538,8,100.0,US.META,18.0,24.52,17.45,16.5823,0.01914690099058048,1565724878140.24,"成交额 $600,052 ≥ 阈值 $500,000 | 成交量 269 手",US.META,2026-05-08 04:19:09
US.META260618P600000,META 260618 600.00P,616.81,356,595193.0,PUT,2026-06-18,600.0,10409,31.202,-0.363718823,0.005785037,-0.272077299,0.784328806,42,100.0,US.META,17.48,18.85,15.18,19.175,-0.027253124949336013,1565724878140.24,"成交额 $595,193 ≥ 阈值 $500,000 | 成交量 356 手",US.META,2026-05-08 04:19:09
US.META260618P620000,META 260618 620.00P,616.81,226,558708.0,PUT,2026-06-18,620.0,2685,30.831,-0.485925776,0.006251714,-0.279843921,0.832221988,42,100.0,US.META,27.25,27.97,23.15,28.8133,0.005171770885686119,1565724878140.24,"成交额 $558,708 ≥ 阈值 $500,000 | 成交量 226 手",US.META,2026-05-08 04:19:09
US.META260511C622500,META 260511 622.50C,616.81,765,545813.0,CALL,2026-05-11,622.5,240,25.809,0.377542997,0.022825198,-0.86419903,0.245091523,4,100.0,US.META,5.6,9.0,4.05,4.15,-0.009224882865063885,1565724878140.24,"成交额 $545,813 ≥ 阈值 $500,000 | 成交量 765 手",US.META,2026-05-08 04:19:09
US.META260515P630000,META 260515 630.00P,616.81,307,530407.0,PUT,2026-05-15,630.0,3568,30.977,-0.66479389,0.012993317,-0.623024421,0.332102926,8,100.0,US.META,20.57,21.23,14.8,22.337,0.021384218803197186,1565724878140.24,"成交额 $530,407 ≥ 阈值 $500,000 | 成交量 307 手",US.META,2026-05-08 04:19:09
US.META260618P570000,META 260618 570.00P,616.81,654,529011.0,PUT,2026-06-18,570.0,2739,32.362,-0.20927301,0.004257441,-0.220218433,0.601134401,42,100.0,US.META,9.16,9.42,7.51,9.575,-0.07589046870186922,1565724878140.24,"成交额 $529,011 ≥ 阈值 $500,000 | 成交量 654 手",US.META,2026-05-08 04:19:09
US.META260529C650000,META 260529 650.00C,616.81,594,505237.0,CALL,2026-05-29,650.0,1184,30.338,0.262044496,0.007090139,-0.357376953,0.492976102,22,100.0,US.META,7.35,10.0,6.7,6.675,-0.053809114638219316,1565724878140.24,"成交额 $505,237 ≥ 阈值 $500,000 | 成交量 594 手",US.META,2026-05-08 04:19:09
US.MSFT260821C390000,MSFT 260821 390.00C,420.92,12550,62556708.0,CALL,2026-08-21,390.0,733,30.834,0.727028754,0.004755158,-0.135681145,0.753704907,106,100.0,US.MSFT,48.34,52.7,47.5,42.7052,0.07345813931388391,3126776735607.68,"成交额 $62,556,708 ≥ 阈值 $500,000 | 成交量 12,550 手",US.MSFT,2026-05-08 04:19:36
US.MSFT261120C500000,MSFT 261120 500.00C,420.92,27948,42680204.0,CALL,2026-11-20,500.0,1435,29.503,0.275358235,0.003660711,-0.087494872,1.031947307,197,100.0,US.MSFT,13.7,15.58,13.7,11.9,-0.1878741803668155,3126776735607.68,"成交额 $42,680,204 ≥ 阈值 $500,000 | 成交量 27,948 手",US.MSFT,2026-05-08 04:19:36
US.MSFT260618C450000,MSFT 260618 450.00C,420.92,50658,32120090.0,CALL,2026-06-18,450.0,65624,26.84,0.259094968,0.008452684,-0.15835833,0.461950576,42,100.0,US.MSFT,5.5,8.27,4.9,4.275,-0.06908676233013396,3126776735607.68,"成交额 $32,120,090 ≥ 阈值 $500,000 | 成交量 50,658 手",US.MSFT,2026-05-08 04:19:36
US.MSFT260515P490000,MSFT 260515 490.00P,420.92,2710,18491190.0,PUT,2026-05-15,490.0,334,0.0,0.0,0.0,0.0,0.0,8,100.0,US.MSFT,68.45,69.1,67.45,76.04,0.16411669675947918,3126776735607.68,"成交额 $18,491,190 ≥ 阈值 $500,000 | 成交量 2,710 手",US.MSFT,2026-05-08 04:19:36
US.MSFT260508C425000,MSFT 260508 425.00C,420.92,43131,14160892.0,CALL,2026-05-08,425.0,4810,36.543,0.304603727,0.0437429,-1.455689973,0.076660092,1,100.0,US.MSFT,1.99,5.96,1.22,0.755,-0.009693053311793176,3126776735607.68,"成交额 $14,160,892 ≥ 阈值 $500,000 | 成交量 43,131 手",US.MSFT,2026-05-08 04:19:36
US.MSFT261120C575000,MSFT 261120 575.00C,420.92,26887,13572600.0,CALL,2026-11-20,575.0,82,30.186,0.113453342,0.002059968,-0.049758059,0.594059214,197,100.0,US.MSFT,5.05,5.4,4.5,3.9757,-0.36605530742183784,3126776735607.68,"成交额 $13,572,600 ≥ 阈值 $500,000 | 成交量 26,887 手",US.MSFT,2026-05-08 04:19:36
US.MSFT260515P510000,MSFT 260515 510.00P,420.92,1460,12876420.0,PUT,2026-05-15,510.0,173,0.0,0.0,0.0,0.0,0.0,8,100.0,US.MSFT,88.45,88.9,87.3,96.04,0.2116316639741518,3126776735607.68,"成交额 $12,876,420 ≥ 阈值 $500,000 | 成交量 1,460 手",US.MSFT,2026-05-08 04:19:36
US.MSFT260618C430000,MSFT 260618 430.00C,420.92,9197,12031099.0,CALL,2026-06-18,430.0,14671,26.742,0.441321856,0.010339688,-0.197711201,0.563159837,42,100.0,US.MSFT,11.6,15.91,10.45,9.2,-0.021571795115461333,3126776735607.68,"成交额 $12,031,099 ≥ 阈值 $500,000 | 成交量 9,197 手",US.MSFT,2026-05-08 04:19:36
US.MSFT260508C430000,MSFT 260508 430.00C,420.92,55281,8737461.0,CALL,2026-05-08,430.0,8308,37.559,0.136723243,0.02662601,-0.909930019,0.0479517,1,100.0,US.MSFT,0.9,3.5,0.41,0.34,-0.021571795115461333,3126776735607.68,"成交额 $8,737,461 ≥ 阈值 $500,000 | 成交量 55,281 手",US.MSFT,2026-05-08 04:19:36
US.MSFT260515C430000,MSFT 260515 430.00C,420.92,17544,8663166.0,CALL,2026-05-15,430.0,16484,28.75,0.319133694,0.019959055,-0.422611984,0.222329519,8,100.0,US.MSFT,3.25,7.25,3.2,2.095,-0.021571795115461333,3126776735607.68,"成交额 $8,663,166 ≥ 阈值 $500,000 | 成交量 17,544 手",US.MSFT,2026-05-08 04:19:36
US.MSFT260508C427500,MSFT 260508 427.50C,420.92,35954,8391515.0,CALL,2026-05-08,427.5,2348,35.965,0.202408916,0.035800293,-1.138737206,0.061740809,1,100.0,US.MSFT,1.25,4.65,0.72,0.515,-0.015632424213627254,3126776735607.68,"成交额 $8,391,515 ≥ 阈值 $500,000 | 成交量 35,954 手",US.MSFT,2026-05-08 04:19:36
US.MSFT260508C420000,MSFT 260508 420.00C,420.92,14601,8128961.0,CALL,2026-05-08,420.0,7956,36.695,0.544043098,0.049339309,-1.675920438,0.086835571,1,100.0,US.MSFT,3.65,9.46,3.1,1.65,0.0021856884918749785,3126776735607.68,"成交额 $8,128,961 ≥ 阈值 $500,000 | 成交量 14,601 手",US.MSFT,2026-05-08 04:19:36
US.MSFT260515P500000,MSFT 260515 500.00P,420.92,971,7668240.0,PUT,2026-05-15,500.0,107,0.0,0.0,0.0,0.0,0.0,8,100.0,US.MSFT,77.4,79.4,77.4,86.04,0.1878741803668155,3126776735607.68,"成交额 $7,668,240 ≥ 阈值 $500,000 | 成交量 971 手",US.MSFT,2026-05-08 04:19:36
US.MSFT260508C422500,MSFT 260508 422.50C,420.92,19247,7449199.0,CALL,2026-05-08,422.5,4691,36.711,0.420735146,0.048638093,-1.646997567,0.08563725,1,100.0,US.MSFT,2.52,7.57,2.05,1.12,-0.003753682409959099,3126776735607.68,"成交额 $7,449,199 ≥ 阈值 $500,000 | 成交量 19,247 手",US.MSFT,2026-05-08 04:19:36
US.MSFT260515P480000,MSFT 260515 480.00P,420.92,1240,7277765.0,PUT,2026-05-15,480.0,193,0.0,0.0,0.0,0.0,0.0,8,100.0,US.MSFT,58.45,59.1,58.45,66.04,0.1403592131521429,3126776735607.68,"成交额 $7,277,765 ≥ 阈值 $500,000 | 成交量 1,240 手",US.MSFT,2026-05-08 04:19:36
US.MSFT260515C425000,MSFT 260515 425.00C,420.92,9410,6632314.0,CALL,2026-05-15,425.0,8445,28.568,0.422052565,0.022002933,-0.466338566,0.243578539,8,100.0,US.MSFT,5.05,9.6,4.67,3.175,-0.009693053311793176,3126776735607.68,"成交额 $6,632,314 ≥ 阈值 $500,000 | 成交量 9,410 手",US.MSFT,2026-05-08 04:19:36
US.MSFT260918P420000,MSFT 260918 420.00P,420.92,2410,6445255.0,PUT,2026-09-18,420.0,6041,29.983,-0.438013439,0.005291824,-0.095335174,0.999708337,134,100.0,US.MSFT,26.21,27.3,25.3,30.4314,-0.0021856884918749785,3126776735607.68,"成交额 $6,445,255 ≥ 阈值 $500,000 | 成交量 2,410 手",US.MSFT,2026-05-08 04:19:36
US.MSFT260618C420000,MSFT 260618 420.00C,420.92,3272,6023636.0,CALL,2026-06-18,420.0,21039,26.923,0.544454533,0.010318172,-0.203740836,0.565803945,42,100.0,US.MSFT,15.8,21.2,15.58,13.075,0.0021856884918749785,3126776735607.68,"成交额 $6,023,636 ≥ 阈值 $500,000 | 成交量 3,272 手",US.MSFT,2026-05-08 04:19:36
US.MSFT260717C420000,MSFT 260717 420.00C,420.92,2324,5447447.0,CALL,2026-07-17,420.0,6137,26.914,0.55351247,0.007915793,-0.160674616,0.733618989,71,100.0,US.MSFT,21.0,26.5,21.0,18.1,0.0021856884918749785,3126776735607.68,"成交额 $5,447,447 ≥ 阈值 $500,000 | 成交量 2,324 手",US.MSFT,2026-05-08 04:19:36
US.MSFT260515P520000,MSFT 260515 520.00P,420.92,480,4708950.0,PUT,2026-05-15,520.0,62,0.0,0.0,0.0,0.0,0.0,8,100.0,US.MSFT,98.41,98.95,97.3,106.04,0.23538914758148813,3126776735607.68,"成交额 $4,708,950 ≥ 阈值 $500,000 | 成交量 480 手",US.MSFT,2026-05-08 04:19:36
US.MSFT260515C420000,MSFT 260515 420.00C,420.92,4874,4677305.0,CALL,2026-05-15,420.0,12526,28.664,0.533161396,0.022280226,-0.480508381,0.247481961,8,100.0,US.MSFT,7.25,12.85,7.0,4.7,0.0021856884918749785,3126776735607.68,"成交额 $4,677,305 ≥ 阈值 $500,000 | 成交量 4,874 手",US.MSFT,2026-05-08 04:19:36
US.MSFT260508P425000,MSFT 260508 425.00P,420.92,10257,3989672.0,PUT,2026-05-08,425.0,789,32.499,-0.718420238,0.047529598,-1.206482431,0.073886489,1,100.0,US.MSFT,7.1,7.1,2.7,11.7495,0.009693053311793176,3126776735607.68,"成交额 $3,989,672 ≥ 阈值 $500,000 | 成交量 10,257 手",US.MSFT,2026-05-08 04:19:36
US.MSFT260918C420000,MSFT 260918 420.00C,420.92,1161,3944525.0,CALL,2026-09-18,420.0,6852,29.452,0.569270181,0.005232826,-0.130946039,1.001674662,134,100.0,US.MSFT,31.75,36.82,31.48,28.6,0.0021856884918749785,3126776735607.68,"成交额 $3,944,525 ≥ 阈值 $500,000 | 成交量 1,161 手",US.MSFT,2026-05-08 04:19:36
US.MSFT260618C415000,MSFT 260618 415.00C,420.92,1906,3932737.0,CALL,2026-06-18,415.0,6449,26.725,0.596360572,0.010153129,-0.200101625,0.552638848,42,100.0,US.MSFT,18.56,24.45,18.15,15.3942,0.014064430295543133,3126776735607.68,"成交额 $3,932,737 ≥ 阈值 $500,000 | 成交量 1,906 手",US.MSFT,2026-05-08 04:19:36
US.MSFT260508P420000,MSFT 260508 420.00P,420.92,18251,3928519.0,PUT,2026-05-08,420.0,1973,33.478,-0.452571618,0.0540504,-1.488476646,0.086741781,1,100.0,US.MSFT,4.0,4.0,1.16,7.6411,-0.0021856884918749785,3126776735607.68,"成交额 $3,928,519 ≥ 阈值 $500,000 | 成交量 18,251 手",US.MSFT,2026-05-08 04:19:36
US.MSFT260717C450000,MSFT 260717 450.00C,420.92,3436,3700283.0,CALL,2026-07-17,450.0,8923,26.877,0.327257966,0.007236763,-0.139826668,0.669649334,71,100.0,US.MSFT,9.56,12.9,9.5,7.85,-0.06908676233013396,3126776735607.68,"成交额 $3,700,283 ≥ 阈值 $500,000 | 成交量 3,436 手",US.MSFT,2026-05-08 04:19:36
US.MSFT260821C430000,MSFT 260821 430.00C,420.92,1183,3110312.0,CALL,2026-08-21,430.0,5422,29.56,0.503953386,0.005951902,-0.145162639,0.90451396,106,100.0,US.MSFT,24.0,28.5,24.0,20.95,-0.021571795115461333,3126776735607.68,"成交额 $3,110,312 ≥ 阈值 $500,000 | 成交量 1,183 手",US.MSFT,2026-05-08 04:19:36
US.MSFT260508C415000,MSFT 260508 415.00C,420.92,3225,3069868.0,CALL,2026-05-08,415.0,4222,39.671,0.752957032,0.036344544,-1.437944976,0.069145192,1,100.0,US.MSFT,6.88,13.5,6.2,3.425,0.014064430295543133,3126776735607.68,"成交额 $3,069,868 ≥ 阈值 $500,000 | 成交量 3,225 手",US.MSFT,2026-05-08 04:19:36
US.MSFT260508P422500,MSFT 260508 422.50P,420.92,10669,2977907.0,PUT,2026-05-08,422.5,235,33.148,-0.588630365,0.053641445,-1.439767228,0.085187516,1,100.0,US.MSFT,4.23,4.7,1.79,9.6126,0.003753682409959099,3126776735607.68,"成交额 $2,977,907 ≥ 阈值 $500,000 | 成交量 10,669 手",US.MSFT,2026-05-08 04:19:36
US.MSFT260618P400000,MSFT 260618 400.00P,420.92,4187,2865439.0,PUT,2026-06-18,400.0,14741,28.389,-0.269932324,0.00819202,-0.149460424,0.471185999,42,100.0,US.MSFT,7.13,7.95,5.95,9.075,-0.0497006557065476,3126776735607.68,"成交额 $2,865,439 ≥ 阈值 $500,000 | 成交量 4,187 手",US.MSFT,2026-05-08 04:19:36
US.MSFT260515P530000,MSFT 260515 530.00P,420.92,260,2812825.0,PUT,2026-05-15,530.0,38,0.0,0.0,0.0,0.0,0.0,8,100.0,US.MSFT,107.45,108.9,107.45,116.04,0.2591466311888244,3126776735607.68,"成交额 $2,812,825 ≥ 阈值 $500,000 | 成交量 260 手",US.MSFT,2026-05-08 04:19:36
US.MSFT260529C425000,MSFT 260529 425.00C,420.92,2632,2808151.0,CALL,2026-05-29,425.0,1224,26.465,0.465062703,0.014540149,-0.268394955,0.410425823,22,100.0,US.MSFT,8.7,13.5,8.69,6.475,-0.009693053311793176,3126776735607.68,"成交额 $2,808,151 ≥ 阈值 $500,000 | 成交量 2,632 手",US.MSFT,2026-05-08 04:19:36
US.MSFT260618C400000,MSFT 260618 400.00C,420.92,871,2698820.0,CALL,2026-06-18,400.0,9236,27.582,0.736543033,0.008296062,-0.181848779,0.465966978,42,100.0,US.MSFT,28.75,35.0,28.13,24.1896,0.0497006557065476,3126776735607.68,"成交额 $2,698,820 ≥ 阈值 $500,000 | 成交量 871 手",US.MSFT,2026-05-08 04:19:36
US.MSFT260515C440000,MSFT 260515 440.00C,420.92,11874,2695626.0,CALL,2026-05-15,440.0,11531,29.552,0.163049344,0.013389732,-0.28913525,0.153278265,8,100.0,US.MSFT,1.57,3.8,1.28,0.9211,-0.04532927872279764,3126776735607.68,"成交额 $2,695,626 ≥ 阈值 $500,000 | 成交量 11,874 手",US.MSFT,2026-05-08 04:19:36
US.MSFT260618C425000,MSFT 260618 425.00C,420.92,1666,2593200.0,CALL,2026-06-18,425.0,5530,26.881,0.492777705,0.010397226,-0.202608922,0.569249148,42,100.0,US.MSFT,13.4,18.4,13.4,11.0,-0.009693053311793176,3126776735607.68,"成交额 $2,593,200 ≥ 阈值 $500,000 | 成交量 1,666 手",US.MSFT,2026-05-08 04:19:36
US.MSFT260508C412500,MSFT 260508 412.50C,420.92,2125,2573295.0,CALL,2026-05-08,412.5,1919,46.553,0.79826359,0.027602946,-1.49523187,0.061623421,1,100.0,US.MSFT,9.0,15.5,8.4,4.6364,0.02000380119737721,3126776735607.68,"成交额 $2,573,295 ≥ 阈值 $500,000 | 成交量 2,125 手",US.MSFT,2026-05-08 04:19:36
US.MSFT260508C417500,MSFT 260508 417.50C,420.92,3689,2539163.0,CALL,2026-05-08,417.5,3532,38.026,0.658760958,0.044059747,-1.606546164,0.080351598,1,100.0,US.MSFT,5.39,11.45,4.79,2.445,0.008125059393709055,3126776735607.68,"成交额 $2,539,163 ≥ 阈值 $500,000 | 成交量 3,689 手",US.MSFT,2026-05-08 04:19:36
US.MSFT261016P400000,MSFT 261016 400.00P,420.92,1240,2478289.0,PUT,2026-10-16,400.0,1685,30.369,-0.338796808,0.004377078,-0.08270771,1.02186132,162,100.0,US.MSFT,20.0,20.8,19.9,23.1661,-0.0497006557065476,3126776735607.68,"成交额 $2,478,289 ≥ 阈值 $500,000 | 成交量 1,240 手",US.MSFT,2026-05-08 04:19:36
US.MSFT260618C320000,MSFT 260618 320.00C,420.92,215,2253087.0,CALL,2026-06-18,320.0,667,35.727,0.9907234,0.000489505,-0.046235236,0.035675304,42,100.0,US.MSFT,107.49,107.49,101.98,95.2687,0.23976052456523808,3126776735607.68,"成交额 $2,253,087 ≥ 阈值 $500,000 | 成交量 215 手",US.MSFT,2026-05-08 04:19:36
US.MSFT260511C425000,MSFT 260511 425.00C,420.92,4816,2220071.0,CALL,2026-05-11,425.0,901,25.29,0.363150125,0.03373062,-0.569352683,0.16503529,4,100.0,US.MSFT,2.72,7.11,2.29,1.43,-0.009693053311793176,3126776735607.68,"成交额 $2,220,071 ≥ 阈值 $500,000 | 成交量 4,816 手",US.MSFT,2026-05-08 04:19:36
US.MSFT260529C430000,MSFT 260529 430.00C,420.92,2411,2167942.0,CALL,2026-05-29,430.0,1626,26.254,0.393424228,0.014184778,-0.255346574,0.397194447,22,100.0,US.MSFT,6.55,11.35,6.2,4.975,-0.021571795115461333,3126776735607.68,"成交额 $2,167,942 ≥ 阈值 $500,000 | 成交量 2,411 手",US.MSFT,2026-05-08 04:19:36
US.MSFT260508C405000,MSFT 260508 405.00C,420.92,1130,2166362.0,CALL,2026-05-08,405.0,1783,50.146,0.930616408,0.012143003,-0.755459372,0.029201774,1,100.0,US.MSFT,15.05,22.3,15.05,10.0516,0.037821913902879443,3126776735607.68,"成交额 $2,166,362 ≥ 阈值 $500,000 | 成交量 1,130 手",US.MSFT,2026-05-08 04:19:36
US.MSFT260605C425000,MSFT 260605 425.00C,420.92,1765,2115050.0,CALL,2026-06-05,425.0,882,26.532,0.477014115,0.012658906,-0.236928923,0.472279096,29,100.0,US.MSFT,11.1,15.45,10.97,8.15,-0.009693053311793176,3126776735607.68,"成交额 $2,115,050 ≥ 阈值 $500,000 | 成交量 1,765 手",US.MSFT,2026-05-08 04:19:36
US.MSFT260508C435000,MSFT 260508 435.00C,420.92,27531,2108564.0,CALL,2026-05-08,435.0,3411,39.572,0.054831082,0.012804735,-0.467648373,0.0243002,1,100.0,US.MSFT,0.36,1.9,0.15,0.165,-0.033450536919129484,3126776735607.68,"成交额 $2,108,564 ≥ 阈值 $500,000 | 成交量 27,531 手",US.MSFT,2026-05-08 04:19:36
US.MSFT260821C420000,MSFT 260821 420.00C,420.92,632,1988901.0,CALL,2026-08-21,420.0,3799,29.729,0.56263099,0.00584519,-0.146322166,0.893387612,106,100.0,US.MSFT,28.35,34.0,28.35,25.7,0.0021856884918749785,3126776735607.68,"成交额 $1,988,901 ≥ 阈值 $500,000 | 成交量 632 手",US.MSFT,2026-05-08 04:19:36
US.MSFT260618C440000,MSFT 260618 440.00C,420.92,1985,1905651.0,CALL,2026-06-18,440.0,10780,26.718,0.344017737,0.009652181,-0.181466834,0.525181471,42,100.0,US.MSFT,8.0,11.55,8.0,6.35,-0.04532927872279764,3126776735607.68,"成交额 $1,905,651 ≥ 阈值 $500,000 | 成交量 1,985 手",US.MSFT,2026-05-08 04:19:36
US.MSFT260515C435000,MSFT 260515 435.00C,420.92,5639,1901890.0,CALL,2026-05-15,435.0,10587,28.794,0.22943003,0.016917028,-0.353340338,0.18870465,8,100.0,US.MSFT,2.26,5.22,2.04,1.425,-0.033450536919129484,3126776735607.68,"成交额 $1,901,890 ≥ 阈值 $500,000 | 成交量 5,639 手",US.MSFT,2026-05-08 04:19:36
US.MSFT260515C415000,MSFT 260515 415.00C,420.92,1429,1891295.0,CALL,2026-05-15,415.0,7543,28.849,0.641905598,0.020793647,-0.45832474,0.232443731,8,100.0,US.MSFT,9.95,16.45,9.95,6.85,0.014064430295543133,3126776735607.68,"成交额 $1,891,295 ≥ 阈值 $500,000 | 成交量 1,429 手",US.MSFT,2026-05-08 04:19:36
US.MSFT260618C410000,MSFT 260618 410.00C,420.92,768,1856067.0,CALL,2026-06-18,410.0,4895,27.012,0.646027092,0.009647336,-0.196652479,0.530725317,42,100.0,US.MSFT,21.45,27.57,21.04,17.9819,0.02594317209921129,3126776735607.68,"成交额 $1,856,067 ≥ 阈值 $500,000 | 成交量 768 手",US.MSFT,2026-05-08 04:19:36
US.MSFT260513C425000,MSFT 260513 425.00C,420.92,3096,1801187.0,CALL,2026-05-13,425.0,485,27.676,0.40224094,0.025937414,-0.518239145,0.208521428,6,100.0,US.MSFT,3.7,8.51,3.5,2.4071,-0.009693053311793176,3126776735607.68,"成交额 $1,801,187 ≥ 阈值 $500,000 | 成交量 3,096 手",US.MSFT,2026-05-08 04:19:36
US.MSFT260529C420000,MSFT 260529 420.00C,420.92,1305,1790476.0,CALL,2026-05-29,420.0,2154,26.289,0.53772347,0.01462771,-0.269509782,0.410166481,22,100.0,US.MSFT,10.95,16.36,10.89,8.35,0.0021856884918749785,3126776735607.68,"成交额 $1,790,476 ≥ 阈值 $500,000 | 成交量 1,305 手",US.MSFT,2026-05-08 04:19:36
US.MSFT260511C430000,MSFT 260511 430.00C,420.92,6346,1664280.0,CALL,2026-05-11,430.0,1265,25.344,0.21456188,0.026178477,-0.42345833,0.128320878,4,100.0,US.MSFT,1.63,4.65,1.17,0.755,-0.021571795115461333,3126776735607.68,"成交额 $1,664,280 ≥ 阈值 $500,000 | 成交量 6,346 手",US.MSFT,2026-05-08 04:19:36
US.MSFT260717C425000,MSFT 260717 425.00C,420.92,763,1625157.0,CALL,2026-07-17,425.0,3772,26.934,0.513920303,0.007976958,-0.160528396,0.739840696,71,100.0,US.MSFT,19.5,23.25,19.0,15.925,-0.009693053311793176,3126776735607.68,"成交额 $1,625,157 ≥ 阈值 $500,000 | 成交量 763 手",US.MSFT,2026-05-08 04:19:36
US.MSFT260717C435000,MSFT 260717 435.00C,420.92,972,1593984.0,CALL,2026-07-17,435.0,2248,26.692,0.435093862,0.007947369,-0.154575262,0.730447258,71,100.0,US.MSFT,14.01,18.52,14.01,12.15,-0.033450536919129484,3126776735607.68,"成交额 $1,593,984 ≥ 阈值 $500,000 | 成交量 972 手",US.MSFT,2026-05-08 04:19:36
US.MSFT260717C430000,MSFT 260717 430.00C,420.92,845,1585681.0,CALL,2026-07-17,430.0,3912,26.825,0.474363929,0.007997742,-0.158300587,0.738754905,71,100.0,US.MSFT,15.25,21.55,15.25,13.95,-0.021571795115461333,3126776735607.68,"成交额 $1,585,681 ≥ 阈值 $500,000 | 成交量 845 手",US.MSFT,2026-05-08 04:19:36
US.MSFT260918C450000,MSFT 260918 450.00C,420.92,725,1545248.0,CALL,2026-09-18,450.0,7625,28.949,0.413374551,0.00527758,-0.122818759,0.992923292,134,100.0,US.MSFT,19.0,23.02,18.1,17.05,-0.06908676233013396,3126776735607.68,"成交额 $1,545,248 ≥ 阈值 $500,000 | 成交量 725 手",US.MSFT,2026-05-08 04:19:36
US.MSFT260918C430000,MSFT 260918 430.00C,420.92,522,1535237.0,CALL,2026-09-18,430.0,4776,29.042,0.516254016,0.005383737,-0.129256737,1.016203559,134,100.0,US.MSFT,27.0,31.95,27.0,24.3,-0.021571795115461333,3126776735607.68,"成交额 $1,535,237 ≥ 阈值 $500,000 | 成交量 522 手",US.MSFT,2026-05-08 04:19:36
US.MSFT260515C427500,MSFT 260515 427.50C,420.92,2588,1533488.0,CALL,2026-05-15,427.5,1565,28.555,0.368587213,0.02121451,-0.446327005,0.234725111,8,100.0,US.MSFT,4.3,8.45,4.23,2.545,-0.015632424213627254,3126776735607.68,"成交额 $1,533,488 ≥ 阈值 $500,000 | 成交量 2,588 手",US.MSFT,2026-05-08 04:19:36
US.MSFT261120P355000,MSFT 261120 355.00P,420.92,1273,1460743.0,PUT,2026-11-20,355.0,996,32.611,-0.183930218,0.002658592,-0.060626038,0.820641056,197,100.0,US.MSFT,10.98,11.75,10.51,12.2104,-0.156609331939561,3126776735607.68,"成交额 $1,460,743 ≥ 阈值 $500,000 | 成交量 1,273 手",US.MSFT,2026-05-08 04:19:36
US.MSFT260717P450000,MSFT 260717 450.00P,420.92,419,1428914.0,PUT,2026-07-17,450.0,1504,27.202,-0.682431213,0.007541111,-0.102554057,0.653935586,71,100.0,US.MSFT,36.4,36.52,33.7,41.6913,0.06908676233013396,3126776735607.68,"成交额 $1,428,914 ≥ 阈值 $500,000 | 成交量 419 手",US.MSFT,2026-05-08 04:19:36
US.MSFT260515C450000,MSFT 260515 450.00C,420.92,13412,1403912.0,CALL,2026-05-15,450.0,24956,31.068,0.077679166,0.007517506,-0.172009563,0.090473404,8,100.0,US.MSFT,0.71,1.91,0.6,0.4358,-0.06908676233013396,3126776735607.68,"成交额 $1,403,912 ≥ 阈值 $500,000 | 成交量 13,412 手",US.MSFT,2026-05-08 04:19:36
US.MSFT260529C435000,MSFT 260529 435.00C,420.92,2063,1403532.0,CALL,2026-05-29,435.0,1468,26.321,0.32689728,0.013271333,-0.238001527,0.372531259,22,100.0,US.MSFT,5.2,8.7,5.2,3.775,-0.033450536919129484,3126776735607.68,"成交额 $1,403,532 ≥ 阈值 $500,000 | 成交量 2,063 手",US.MSFT,2026-05-08 04:19:36
US.MSFT260918C440000,MSFT 260918 440.00C,420.92,537,1330698.0,CALL,2026-09-18,440.0,7001,29.016,0.464091426,0.005371123,-0.127013069,1.01290748,134,100.0,US.MSFT,23.45,27.05,23.45,20.3,-0.04532927872279764,3126776735607.68,"成交额 $1,330,698 ≥ 阈值 $500,000 | 成交量 537 手",US.MSFT,2026-05-08 04:19:36
US.MSFT260618P425000,MSFT 260618 425.00P,420.92,844,1323908.0,PUT,2026-06-18,425.0,3726,27.301,-0.510550615,0.010392401,-0.166324227,0.567406742,42,100.0,US.MSFT,17.37,17.4,14.75,20.9513,0.009693053311793176,3126776735607.68,"成交额 $1,323,908 ≥ 阈值 $500,000 | 成交量 844 手",US.MSFT,2026-05-08 04:19:36
US.MSFT260821C450000,MSFT 260821 450.00C,420.92,719,1314136.0,CALL,2026-08-21,450.0,17390,29.353,0.390295623,0.005765945,-0.135451929,0.870078575,106,100.0,US.MSFT,16.14,19.93,16.14,14.175,-0.06908676233013396,3126776735607.68,"成交额 $1,314,136 ≥ 阈值 $500,000 | 成交量 719 手",US.MSFT,2026-05-08 04:19:36
US.MSFT261016C520000,MSFT 261016 520.00C,420.92,1657,1301634.0,CALL,2026-10-16,520.0,2295,29.034,0.180277918,0.003227213,-0.072797102,0.735951492,162,100.0,US.MSFT,7.5,8.25,7.2,6.0,-0.23538914758148813,3126776735607.68,"成交额 $1,301,634 ≥ 阈值 $500,000 | 成交量 1,657 手",US.MSFT,2026-05-08 04:19:36
US.MSFT260529C450000,MSFT 260529 450.00C,420.92,4032,1293343.0,CALL,2026-05-29,450.0,2716,27.111,0.172847476,0.009134071,-0.16967014,0.264015658,22,100.0,US.MSFT,2.35,4.41,2.24,1.625,-0.06908676233013396,3126776735607.68,"成交额 $1,293,343 ≥ 阈值 $500,000 | 成交量 4,032 手",US.MSFT,2026-05-08 04:19:36
US.MSFT260522C425000,MSFT 260522 425.00C,420.92,1390,1276798.0,CALL,2026-05-22,425.0,1344,27.039,0.449144427,0.017162759,-0.32749276,0.337393209,15,100.0,US.MSFT,7.0,11.81,7.0,5.1448,-0.009693053311793176,3126776735607.68,"成交额 $1,276,798 ≥ 阈值 $500,000 | 成交量 1,390 手",US.MSFT,2026-05-08 04:19:36
US.MSFT260508C407500,MSFT 260508 407.50C,420.92,766,1240003.0,CALL,2026-05-08,407.5,1838,46.783,0.908614453,0.016030352,-0.870773932,0.035963289,1,100.0,US.MSFT,13.15,20.39,13.15,8.0467,0.031882543001045364,3126776735607.68,"成交额 $1,240,003 ≥ 阈值 $500,000 | 成交量 766 手",US.MSFT,2026-05-08 04:19:36
US.MSFT260515C410000,MSFT 260515 410.00C,420.92,744,1228167.0,CALL,2026-05-15,410.0,10395,29.046,0.740038703,0.017937998,-0.404586117,0.201861003,8,100.0,US.MSFT,13.6,20.4,13.1,9.4911,0.02594317209921129,3126776735607.68,"成交额 $1,228,167 ≥ 阈值 $500,000 | 成交量 744 手",US.MSFT,2026-05-08 04:19:36
US.MSFT260515C422500,MSFT 260515 422.50C,420.92,1501,1218768.0,CALL,2026-05-15,422.5,1450,28.644,0.477353218,0.0223375,-0.478606404,0.247939823,8,100.0,US.MSFT,6.47,11.1,6.05,3.925,-0.003753682409959099,3126776735607.68,"成交额 $1,218,768 ≥ 阈值 $500,000 | 成交量 1,501 手",US.MSFT,2026-05-08 04:19:36
US.MSFT260508C432500,MSFT 260508 432.50C,420.92,10527,1210376.0,CALL,2026-05-08,432.5,1667,38.012,0.084587743,0.01862396,-0.639380609,0.033946376,1,100.0,US.MSFT,0.62,2.58,0.24,0.24,-0.027511166017295408,3126776735607.68,"成交额 $1,210,376 ≥ 阈值 $500,000 | 成交量 10,527 手",US.MSFT,2026-05-08 04:19:36
US.MSFT260508C410000,MSFT 260508 410.00C,420.92,864,1202821.0,CALL,2026-05-08,410.0,1924,44.168,0.873626474,0.021444207,-1.042175275,0.045418657,1,100.0,US.MSFT,10.1,18.05,10.1,6.2367,0.02594317209921129,3126776735607.68,"成交额 $1,202,821 ≥ 阈值 $500,000 | 成交量 864 手",US.MSFT,2026-05-08 04:19:36
US.MSFT260717P440000,MSFT 260717 440.00P,420.92,423,1162491.0,PUT,2026-07-17,440.0,1928,27.459,-0.60761042,0.007858246,-0.115647488,0.707885255,71,100.0,US.MSFT,27.4,29.09,27.15,34.2154,0.04532927872279764,3126776735607.68,"成交额 $1,162,491 ≥ 阈值 $500,000 | 成交量 423 手",US.MSFT,2026-05-08 04:19:36
US.MSFT260508P417500,MSFT 260508 417.50P,420.92,7860,1154758.0,PUT,2026-05-08,417.5,314,35.218,-0.329982315,0.046962585,-1.429196843,0.079298856,1,100.0,US.MSFT,2.63,2.65,0.77,5.9349,-0.008125059393709055,3126776735607.68,"成交额 $1,154,758 ≥ 阈值 $500,000 | 成交量 7,860 手",US.MSFT,2026-05-08 04:19:36
US.MSFT260522C430000,MSFT 260522 430.00C,420.92,1591,1149648.0,CALL,2026-05-22,430.0,1447,27.05,0.366507834,0.016318842,-0.308545353,0.320911607,15,100.0,US.MSFT,5.4,9.5,4.95,3.675,-0.021571795115461333,3126776735607.68,"成交额 $1,149,648 ≥ 阈值 $500,000 | 成交量 1,591 手",US.MSFT,2026-05-08 04:19:36
US.MSFT260717C410000,MSFT 260717 410.00C,420.92,379,1118024.0,CALL,2026-07-17,410.0,2294,27.056,0.631721236,0.007508852,-0.157619499,0.699527726,71,100.0,US.MSFT,26.45,32.0,26.45,23.275,0.02594317209921129,3126776735607.68,"成交额 $1,118,024 ≥ 阈值 $500,000 | 成交量 379 手",US.MSFT,2026-05-08 04:19:36
US.MSFT260717C500000,MSFT 260717 500.00C,420.92,3809,1058263.0,CALL,2026-07-17,500.0,9277,28.13,0.101787294,0.003405718,-0.06915273,0.329742846,71,100.0,US.MSFT,2.25,3.27,2.25,1.85,-0.1878741803668155,3126776735607.68,"成交额 $1,058,263 ≥ 阈值 $500,000 | 成交量 3,809 手",US.MSFT,2026-05-08 04:19:36
US.MSFT260511C420000,MSFT 260511 420.00C,420.92,1676,1053415.0,CALL,2026-05-11,420.0,801,25.906,0.538196396,0.034848329,-0.630133081,0.174674365,4,100.0,US.MSFT,4.86,10.03,4.1,2.595,0.0021856884918749785,3126776735607.68,"成交额 $1,053,415 ≥ 阈值 $500,000 | 成交量 1,676 手",US.MSFT,2026-05-08 04:19:36
US.MSFT260513C422500,MSFT 260513 422.50C,420.92,1533,1044885.0,CALL,2026-05-13,422.5,135,28.135,0.468426731,0.026225476,-0.545261051,0.21434421,6,100.0,US.MSFT,5.17,9.74,5.05,3.0194,-0.003753682409959099,3126776735607.68,"成交额 $1,044,885 ≥ 阈值 $500,000 | 成交量 1,533 手",US.MSFT,2026-05-08 04:19:36
US.MSFT260618C435000,MSFT 260618 435.00C,420.92,879,1026923.0,CALL,2026-06-18,435.0,3510,26.694,0.391377069,0.01008112,-0.190569093,0.548068848,42,100.0,US.MSFT,9.42,13.35,9.42,7.675,-0.033450536919129484,3126776735607.68,"成交额 $1,026,923 ≥ 阈值 $500,000 | 成交量 879 手",US.MSFT,2026-05-08 04:19:36
US.MSFT260522C420000,MSFT 260522 420.00C,420.92,872,1022632.0,CALL,2026-05-22,420.0,1376,27.415,0.534945129,0.017000783,-0.336754107,0.338859707,15,100.0,US.MSFT,9.8,15.0,9.3,6.8753,0.0021856884918749785,3126776735607.68,"成交额 $1,022,632 ≥ 阈值 $500,000 | 成交量 872 手",US.MSFT,2026-05-08 04:19:36
US.MSFT260515P425000,MSFT 260515 425.00P,420.92,1353,1008967.0,PUT,2026-05-15,425.0,1378,28.026,-0.581066114,0.022517692,-0.417042191,0.242932678,8,100.0,US.MSFT,9.1,9.2,6.44,13.8833,0.009693053311793176,3126776735607.68,"成交额 $1,008,967 ≥ 阈值 $500,000 | 成交量 1,353 手",US.MSFT,2026-05-08 04:19:36
US.MSFT261120C420000,MSFT 261120 420.00C,420.92,233,1002451.0,CALL,2026-11-20,420.0,1218,30.199,0.582357256,0.004181721,-0.112966264,1.206934567,197,100.0,US.MSFT,41.5,45.0,41.1,36.8791,0.0021856884918749785,3126776735607.68,"成交额 $1,002,451 ≥ 阈值 $500,000 | 成交量 233 手",US.MSFT,2026-05-08 04:19:36
US.MSFT260618P420000,MSFT 260618 420.00P,420.92,742,1001660.0,PUT,2026-06-18,420.0,7742,28.007,-0.459021153,0.01004012,-0.171994629,0.564995388,42,100.0,US.MSFT,13.9,14.81,12.29,18.0001,-0.0021856884918749785,3126776735607.68,"成交额 $1,001,660 ≥ 阈值 $500,000 | 成交量 742 手",US.MSFT,2026-05-08 04:19:36
US.MSFT261120P380000,MSFT 261120 380.00P,420.92,555,988641.0,PUT,2026-11-20,380.0,1046,31.789,-0.266547892,0.003389411,-0.071190745,1.012623917,197,100.0,US.MSFT,16.45,18.1,16.45,19.1394,-0.09721562292122021,3126776735607.68,"成交额 $988,641 ≥ 阈值 $500,000 | 成交量 555 手",US.MSFT,2026-05-08 04:19:36
US.MSFT260515C412500,MSFT 260515 412.50C,420.92,625,976109.0,CALL,2026-05-15,412.5,1348,29.058,0.692094461,0.019445271,-0.436652581,0.218935443,8,100.0,US.MSFT,12.75,17.67,12.0,7.9893,0.02000380119737721,3126776735607.68,"成交额 $976,109 ≥ 阈值 $500,000 | 成交量 625 手",US.MSFT,2026-05-08 04:19:36
US.MSFT260508P415000,MSFT 260508 415.00P,420.92,9640,959350.0,PUT,2026-05-08,415.0,2331,36.512,-0.229308415,0.037914056,-1.231044606,0.066373298,1,100.0,US.MSFT,1.76,1.98,0.5,4.4141,-0.014064430295543133,3126776735607.68,"成交额 $959,350 ≥ 阈值 $500,000 | 成交量 9,640 手",US.MSFT,2026-05-08 04:19:36
US.MSFT260605C420000,MSFT 260605 420.00C,420.92,622,948147.0,CALL,2026-06-05,420.0,1028,26.507,0.540084229,0.012627636,-0.23845739,0.470676289,29,100.0,US.MSFT,13.2,18.0,13.2,10.125,0.0021856884918749785,3126776735607.68,"成交额 $948,147 ≥ 阈值 $500,000 | 成交量 622 手",US.MSFT,2026-05-08 04:19:36
US.MSFT260618C445000,MSFT 260618 445.00C,420.92,1192,934737.0,CALL,2026-06-18,445.0,9345,26.804,0.300055276,0.00909005,-0.170856435,0.496145062,42,100.0,US.MSFT,6.75,9.74,6.75,5.2,-0.0572080205264658,3126776735607.68,"成交额 $934,737 ≥ 阈值 $500,000 | 成交量 1,192 手",US.MSFT,2026-05-08 04:19:36
US.MSFT260511C422500,MSFT 260511 422.50C,420.92,1680,884797.0,CALL,2026-05-11,422.5,478,24.377,0.447244909,0.036879175,-0.586958996,0.173940562,4,100.0,US.MSFT,3.65,8.59,3.2,1.9,-0.003753682409959099,3126776735607.68,"成交额 $884,797 ≥ 阈值 $500,000 | 成交量 1,680 手",US.MSFT,2026-05-08 04:19:36
US.MSFT260515P420000,MSFT 260515 420.00P,420.92,1620,883941.0,PUT,2026-05-15,420.0,5671,27.227,-0.466861141,0.02352926,-0.417260621,0.247311246,8,100.0,US.MSFT,6.89,7.0,4.5,10.3962,-0.0021856884918749785,3126776735607.68,"成交额 $883,941 ≥ 阈值 $500,000 | 成交量 1,620 手",US.MSFT,2026-05-08 04:19:36
US.MSFT260918C410000,MSFT 260918 410.00C,420.92,220,871223.0,CALL,2026-09-18,410.0,4398,29.445,0.621563122,0.005065815,-0.129051884,0.969432087,134,100.0,US.MSFT,38.02,42.0,38.02,33.5322,0.02594317209921129,3126776735607.68,"成交额 $871,223 ≥ 阈值 $500,000 | 成交量 220 手",US.MSFT,2026-05-08 04:19:36
US.MSFT260529C440000,MSFT 260529 440.00C,420.92,1651,847023.0,CALL,2026-05-29,440.0,1485,26.297,0.265644692,0.012075158,-0.214376966,0.338599856,22,100.0,US.MSFT,4.05,7.0,3.8,2.87,-0.04532927872279764,3126776735607.68,"成交额 $847,023 ≥ 阈值 $500,000 | 成交量 1,651 手",US.MSFT,2026-05-08 04:19:36
US.MSFT260511C427500,MSFT 260511 427.50C,420.92,2334,836402.0,CALL,2026-05-11,427.5,143,25.041,0.281684326,0.030649662,-0.496805106,0.148461717,4,100.0,US.MSFT,2.19,5.7,1.57,1.065,-0.015632424213627254,3126776735607.68,"成交额 $836,402 ≥ 阈值 $500,000 | 成交量 2,334 手",US.MSFT,2026-05-08 04:19:36
US.MSFT260717P420000,MSFT 260717 420.00P,420.92,461,835342.0,PUT,2026-07-17,420.0,4191,27.337,-0.451564119,0.007944629,-0.124396866,0.73214885,71,100.0,US.MSFT,16.93,18.8,16.6,21.6111,-0.0021856884918749785,3126776735607.68,"成交额 $835,342 ≥ 阈值 $500,000 | 成交量 461 手",US.MSFT,2026-05-08 04:19:36
US.MSFT260918C500000,MSFT 260918 500.00C,420.92,973,834715.0,CALL,2026-09-18,500.0,9615,29.085,0.207561516,0.003860112,-0.087114051,0.729432498,134,100.0,US.MSFT,7.45,9.5,7.45,6.525,-0.1878741803668155,3126776735607.68,"成交额 $834,715 ≥ 阈值 $500,000 | 成交量 973 手",US.MSFT,2026-05-08 04:19:36
US.MSFT260821C460000,MSFT 260821 460.00C,420.92,578,830066.0,CALL,2026-08-21,460.0,3937,29.422,0.338647428,0.005484016,-0.128169712,0.829418844,106,100.0,US.MSFT,13.0,15.86,13.0,11.425,-0.09284424593747026,3126776735607.68,"成交额 $830,066 ≥ 阈值 $500,000 | 成交量 578 手",US.MSFT,2026-05-08 04:19:36
US.MSFT260717C440000,MSFT 260717 440.00C,420.92,555,819125.0,CALL,2026-07-17,440.0,3550,26.75,0.397550308,0.007770418,-0.150653267,0.715695844,71,100.0,US.MSFT,13.1,16.5,13.0,10.525,-0.04532927872279764,3126776735607.68,"成交额 $819,125 ≥ 阈值 $500,000 | 成交量 555 手",US.MSFT,2026-05-08 04:19:36
US.MSFT260821C500000,MSFT 260821 500.00C,420.92,1243,818276.0,CALL,2026-08-21,500.0,6994,29.68,0.175544486,0.003837913,-0.088732338,0.585405872,106,100.0,US.MSFT,5.8,7.3,5.65,4.825,-0.1878741803668155,3126776735607.68,"成交额 $818,276 ≥ 阈值 $500,000 | 成交量 1,243 手",US.MSFT,2026-05-08 04:19:36
US.MSFT260618C480000,MSFT 260618 480.00C,420.92,3571,809770.0,CALL,2026-06-18,480.0,65384,28.207,0.09941758,0.004340977,-0.087256193,0.249279167,42,100.0,US.MSFT,1.71,2.84,1.5,1.32,-0.1403592131521429,3126776735607.68,"成交额 $809,770 ≥ 阈值 $500,000 | 成交量 3,571 手",US.MSFT,2026-05-08 04:19:36
US.MSFT260522C427500,MSFT 260522 427.50C,420.92,868,800390.0,CALL,2026-05-22,427.5,93,27.009,0.407033995,0.016850045,-0.319221993,0.330872609,15,100.0,US.MSFT,7.0,10.11,6.53,4.3515,-0.015632424213627254,3126776735607.68,"成交额 $800,390 ≥ 阈值 $500,000 | 成交量 868 手",US.MSFT,2026-05-08 04:19:36
US.MSFT260515C400000,MSFT 260515 400.00C,420.92,309,781831.0,CALL,2026-05-15,400.0,14785,30.201,0.879638136,0.010662927,-0.26835108,0.124738759,8,100.0,US.MSFT,21.45,28.7,20.95,16.6387,0.0497006557065476,3126776735607.68,"成交额 $781,831 ≥ 阈值 $500,000 | 成交量 309 手",US.MSFT,2026-05-08 04:19:36
US.MSFT260618C460000,MSFT 260618 460.00C,420.92,1629,753050.0,CALL,2026-06-18,460.0,8853,27.167,0.190571004,0.007012014,-0.133123074,0.387828664,42,100.0,US.MSFT,3.65,5.81,3.5,2.895,-0.09284424593747026,3126776735607.68,"成交额 $753,050 ≥ 阈值 $500,000 | 成交量 1,629 手",US.MSFT,2026-05-08 04:19:36
US.MSFT260508C440000,MSFT 260508 440.00C,420.92,17708,749991.0,CALL,2026-05-08,440.0,5509,42.715,0.023048471,0.005835237,-0.238933616,0.011959067,1,100.0,US.MSFT,0.26,1.02,0.07,0.085,-0.04532927872279764,3126776735607.68,"成交额 $749,991 ≥ 阈值 $500,000 | 成交量 17,708 手",US.MSFT,2026-05-08 04:19:36
US.MSFT260511C435000,MSFT 260511 435.00C,420.92,5260,748991.0,CALL,2026-05-11,435.0,262,26.513,0.120653013,0.017218087,-0.286443699,0.08828062,4,100.0,US.MSFT,0.99,2.89,0.58,0.435,-0.033450536919129484,3126776735607.68,"成交额 $748,991 ≥ 阈值 $500,000 | 成交量 5,260 手",US.MSFT,2026-05-08 04:19:36
US.MSFT260821P400000,MSFT 260821 400.00P,420.92,462,746667.0,PUT,2026-08-21,400.0,5283,30.761,-0.329287904,0.005247155,-0.106093795,0.818320691,106,100.0,US.MSFT,16.5,16.9,15.0,18.575,-0.0497006557065476,3126776735607.68,"成交额 $746,667 ≥ 阈值 $500,000 | 成交量 462 手",US.MSFT,2026-05-08 04:19:36
US.MSFT260918P400000,MSFT 260918 400.00P,420.92,414,743404.0,PUT,2026-09-18,400.0,8355,30.354,-0.334702022,0.004776636,-0.091936401,0.925488908,134,100.0,US.MSFT,18.76,19.0,17.06,20.85,-0.0497006557065476,3126776735607.68,"成交额 $743,404 ≥ 阈值 $500,000 | 成交量 414 手",US.MSFT,2026-05-08 04:19:36
US.MSFT261120P425000,MSFT 261120 425.00P,420.92,205,732536.0,PUT,2026-11-20,425.0,585,30.618,-0.448767124,0.00434491,-0.077427422,1.214452561,197,100.0,US.MSFT,34.43,35.75,34.43,38.8505,0.009693053311793176,3126776735607.68,"成交额 $732,536 ≥ 阈值 $500,000 | 成交量 205 手",US.MSFT,2026-05-08 04:19:36
US.MSFT260522C415000,MSFT 260522 415.00C,420.92,477,731190.0,CALL,2026-05-22,415.0,1945,26.958,0.620760504,0.01655378,-0.321412887,0.324443216,15,100.0,US.MSFT,11.5,18.0,11.5,9.1254,0.014064430295543133,3126776735607.68,"成交额 $731,190 ≥ 阈值 $500,000 | 成交量 477 手",US.MSFT,2026-05-08 04:19:36
US.MSFT261016P385000,MSFT 261016 385.00P,420.92,452,722059.0,PUT,2026-10-16,385.0,818,30.885,-0.273996383,0.003895082,-0.078068597,0.931036348,162,100.0,US.MSFT,14.95,16.25,14.9,17.6058,-0.08533688111755207,3126776735607.68,"成交额 $722,059 ≥ 阈值 $500,000 | 成交量 452 手",US.MSFT,2026-05-08 04:19:36
US.MSFT261016C450000,MSFT 261016 450.00C,420.92,288,711651.0,CALL,2026-10-16,450.0,1104,28.732,0.432266803,0.00488179,-0.113741376,1.102075483,162,100.0,US.MSFT,23.4,25.85,23.0,20.0,-0.06908676233013396,3126776735607.68,"成交额 $711,651 ≥ 阈值 $500,000 | 成交量 288 手",US.MSFT,2026-05-08 04:19:36
US.MSFT260522C410000,MSFT 260522 410.00C,420.92,368,708951.0,CALL,2026-05-22,410.0,870,28.208,0.694405707,0.014575488,-0.312822543,0.298890462,15,100.0,US.MSFT,17.0,22.0,15.5,11.8809,0.02594317209921129,3126776735607.68,"成交额 $708,951 ≥ 阈值 $500,000 | 成交量 368 手",US.MSFT,2026-05-08 04:19:36
US.MSFT260605C430000,MSFT 260605 430.00C,420.92,644,703410.0,CALL,2026-06-05,430.0,471,26.591,0.415494559,0.01236715,-0.23031581,0.462394161,29,100.0,US.MSFT,8.55,13.05,8.2,6.525,-0.021571795115461333,3126776735607.68,"成交额 $703,410 ≥ 阈值 $500,000 | 成交量 644 手",US.MSFT,2026-05-08 04:19:36
US.MSFT260618P415000,MSFT 260618 415.00P,420.92,615,696372.0,PUT,2026-06-18,415.0,5298,27.688,-0.408358219,0.009914334,-0.167720414,0.553145978,42,100.0,US.MSFT,12.85,12.85,10.42,15.3,-0.014064430295543133,3126776735607.68,"成交额 $696,372 ≥ 阈值 $500,000 | 成交量 615 手",US.MSFT,2026-05-08 04:19:36
US.MSFT260529C415000,MSFT 260529 415.00C,420.92,421,682515.0,CALL,2026-05-29,415.0,1193,26.446,0.609886454,0.014048778,-0.265201792,0.396263892,22,100.0,US.MSFT,13.55,19.39,13.55,10.575,0.014064430295543133,3126776735607.68,"成交额 $682,515 ≥ 阈值 $500,000 | 成交量 421 手",US.MSFT,2026-05-08 04:19:36
US.MSFT261016P360000,MSFT 261016 360.00P,420.92,694,681205.0,PUT,2026-10-16,360.0,1875,31.915,-0.182283008,0.002975337,-0.06573318,0.740000863,162,100.0,US.MSFT,9.63,10.0,8.65,10.6395,-0.14473059013589284,3126776735607.68,"成交额 $681,205 ≥ 阈值 $500,000 | 成交量 694 手",US.MSFT,2026-05-08 04:19:36
US.MSFT260821P420000,MSFT 260821 420.00P,420.92,276,671118.0,PUT,2026-08-21,420.0,3068,30.233,-0.443354658,0.005884806,-0.110479239,0.891696236,106,100.0,US.MSFT,24.4,25.15,22.95,27.8913,-0.0021856884918749785,3126776735607.68,"成交额 $671,118 ≥ 阈值 $500,000 | 成交量 276 手",US.MSFT,2026-05-08 04:19:36
US.MSFT260515C417500,MSFT 260515 417.50C,420.92,600,662189.0,CALL,2026-05-15,417.5,1263,28.935,0.587961215,0.021607795,-0.476850464,0.242274044,8,100.0,US.MSFT,8.85,14.65,8.55,5.75,0.008125059393709055,3126776735607.68,"成交额 $662,189 ≥ 阈值 $500,000 | 成交量 600 手",US.MSFT,2026-05-08 04:19:36
US.MSFT260618P390000,MSFT 260618 390.00P,420.92,1440,639539.0,PUT,2026-06-18,390.0,9834,29.044,-0.195126918,0.006669326,-0.128723488,0.39316758,42,100.0,US.MSFT,4.9,4.96,4.07,6.2,-0.07345813931388391,3126776735607.68,"成交额 $639,539 ≥ 阈值 $500,000 | 成交量 1,440 手",US.MSFT,2026-05-08 04:19:36
US.MSFT260618P405000,MSFT 260618 405.00P,420.92,805,634154.0,PUT,2026-06-18,405.0,3247,28.344,-0.314177748,0.008816828,-0.159299277,0.505663069,42,100.0,US.MSFT,8.71,8.71,7.25,10.9,-0.037821913902879443,3126776735607.68,"成交额 $634,154 ≥ 阈值 $500,000 | 成交量 805 手",US.MSFT,2026-05-08 04:19:36
US.MSFT260821C470000,MSFT 260821 470.00C,420.92,521,625842.0,CALL,2026-08-21,470.0,5710,29.165,0.288406464,0.00516282,-0.11764518,0.773971248,106,100.0,US.MSFT,11.0,12.95,11.0,9.175,-0.11660172954480658,3126776735607.68,"成交额 $625,842 ≥ 阈值 $500,000 | 成交量 521 手",US.MSFT,2026-05-08 04:19:36
US.MSFT260717C415000,MSFT 260717 415.00C,420.92,226,603875.0,CALL,2026-07-17,415.0,3887,27.0,0.592921971,0.007745436,-0.159930818,0.720103438,71,100.0,US.MSFT,23.78,29.05,23.78,20.5357,0.014064430295543133,3126776735607.68,"成交额 $603,875 ≥ 阈值 $500,000 | 成交量 226 手",US.MSFT,2026-05-08 04:19:36
US.MSFT260918P360000,MSFT 260918 360.00P,420.92,768,589620.0,PUT,2026-09-18,360.0,7841,32.212,-0.169083241,0.003085348,-0.070525742,0.641869342,134,100.0,US.MSFT,8.0,8.15,7.35,9.05,-0.14473059013589284,3126776735607.68,"成交额 $589,620 ≥ 阈值 $500,000 | 成交量 768 手",US.MSFT,2026-05-08 04:19:36
US.MSFT260508P430000,MSFT 260508 430.00P,420.92,834,567654.0,PUT,2026-05-08,430.0,261,30.839,-0.910684297,0.024394157,-0.506284361,0.035267419,1,100.0,US.MSFT,11.55,11.55,5.44,16.339,0.021571795115461333,3126776735607.68,"成交额 $567,654 ≥ 阈值 $500,000 | 成交量 834 手",US.MSFT,2026-05-08 04:19:36
US.MSFT260717P425000,MSFT 260717 425.00P,420.92,285,557081.0,PUT,2026-07-17,425.0,1938,27.396,-0.491287947,0.008016758,-0.124313097,0.736933062,71,100.0,US.MSFT,19.25,21.25,18.5,24.4664,0.009693053311793176,3126776735607.68,"成交额 $557,081 ≥ 阈值 $500,000 | 成交量 285 手",US.MSFT,2026-05-08 04:19:36
US.MSFT260618P410000,MSFT 260618 410.00P,420.92,572,552789.0,PUT,2026-06-18,410.0,3278,27.53,-0.358161536,0.00956949,-0.161523331,0.532050395,42,100.0,US.MSFT,10.21,10.54,8.72,12.875,-0.02594317209921129,3126776735607.68,"成交额 $552,789 ≥ 阈值 $500,000 | 成交量 572 手",US.MSFT,2026-05-08 04:19:36
US.MSFT260513C430000,MSFT 260513 430.00C,420.92,1348,544544.0,CALL,2026-05-13,430.0,258,27.662,0.281710145,0.022644256,-0.442876845,0.181928645,6,100.0,US.MSFT,2.52,5.95,2.3,1.405,-0.021571795115461333,3126776735607.68,"成交额 $544,544 ≥ 阈值 $500,000 | 成交量 1,348 手",US.MSFT,2026-05-08 04:19:36
US.MSFT260717P400000,MSFT 260717 400.00P,420.92,521,539838.0,PUT,2026-07-17,400.0,6142,28.055,-0.301265333,0.006742275,-0.116160293,0.645086331,71,100.0,US.MSFT,10.6,10.9,9.5,12.7678,-0.0497006557065476,3126776735607.68,"成交额 $539,838 ≥ 阈值 $500,000 | 成交量 521 手",US.MSFT,2026-05-08 04:19:36
US.MSFT260605C440000,MSFT 260605 440.00C,420.92,752,534108.0,CALL,2026-06-05,440.0,787,26.379,0.29980129,0.01111163,-0.200547337,0.412087951,29,100.0,US.MSFT,5.45,8.85,5.35,4.0,-0.04532927872279764,3126776735607.68,"成交额 $534,108 ≥ 阈值 $500,000 | 成交量 752 手",US.MSFT,2026-05-08 04:19:36
US.MSFT260618C500000,MSFT 260618 500.00C,420.92,5179,533594.0,CALL,2026-06-18,500.0,21803,29.543,0.051576772,0.002507387,-0.054486712,0.150857919,42,100.0,US.MSFT,0.82,1.4,0.8,0.675,-0.1878741803668155,3126776735607.68,"成交额 $533,594 ≥ 阈值 $500,000 | 成交量 5,179 手",US.MSFT,2026-05-08 04:19:36
US.MSFT260918P390000,MSFT 260918 390.00P,420.92,359,531889.0,PUT,2026-09-18,390.0,5571,30.908,-0.28788681,0.004377888,-0.088869395,0.867419525,134,100.0,US.MSFT,15.0,15.56,13.9,17.075,-0.07345813931388391,3126776735607.68,"成交额 $531,889 ≥ 阈值 $500,000 | 成交量 359 手",US.MSFT,2026-05-08 04:19:36
US.MSFT260618P375000,MSFT 260618 375.00P,420.92,2170,525751.0,PUT,2026-06-18,375.0,5809,30.456,-0.114247404,0.004448628,-0.095356,0.275438477,42,100.0,US.MSFT,3.0,3.0,2.2,3.4,-0.10909436472488837,3126776735607.68,"成交额 $525,751 ≥ 阈值 $500,000 | 成交量 2,170 手",US.MSFT,2026-05-08 04:19:36
US.MSFT260918C470000,MSFT 260918 470.00C,420.92,356,524590.0,CALL,2026-09-18,470.0,4399,28.829,0.319368417,0.00486164,-0.110132882,0.910772735,134,100.0,US.MSFT,13.8,16.0,13.55,11.75,-0.11660172954480658,3126776735607.68,"成交额 $524,590 ≥ 阈值 $500,000 | 成交量 356 手",US.MSFT,2026-05-08 04:19:36
US.MSFT260618C475000,MSFT 260618 475.00C,420.92,2067,520399.0,CALL,2026-06-18,475.0,6558,27.797,0.116204508,0.004929195,-0.096617023,0.278932607,42,100.0,US.MSFT,2.15,3.35,2.15,1.635,-0.12848047134847473,3126776735607.68,"成交额 $520,399 ≥ 阈值 $500,000 | 成交量 2,067 手",US.MSFT,2026-05-08 04:19:36
US.MSFT260717C460000,MSFT 260717 460.00C,420.92,617,519729.0,CALL,2026-07-17,460.0,3244,26.727,0.262016792,0.006566138,-0.124175368,0.604127424,71,100.0,US.MSFT,7.2,9.8,7.2,5.825,-0.09284424593747026,3126776735607.68,"成交额 $519,729 ≥ 阈值 $500,000 | 成交量 617 手",US.MSFT,2026-05-08 04:19:36
US.MSFT260508P427500,MSFT 260508 427.50P,420.92,954,519249.0,PUT,2026-05-08,427.5,160,33.886,-0.812538237,0.036434242,-0.982563535,0.058887262,1,100.0,US.MSFT,8.89,8.89,3.95,14.0115,0.015632424213627254,3126776735607.68,"成交额 $519,249 ≥ 阈值 $500,000 | 成交量 954 手",US.MSFT,2026-05-08 04:19:36
US.MSFT260918C550000,MSFT 260918 550.00C,420.92,1499,510551.0,CALL,2026-09-18,550.0,5296,30.053,0.095726782,0.00221838,-0.052178919,0.433148024,134,100.0,US.MSFT,3.29,3.82,3.18,2.5869,-0.30666159840349705,3126776735607.68,"成交额 $510,551 ≥ 阈值 $500,000 | 成交量 1,499 手",US.MSFT,2026-05-08 04:19:36
US.MSFT260605C435000,MSFT 260605 435.00C,420.92,608,505898.0,CALL,2026-06-05,435.0,305,26.607,0.356646207,0.011819055,-0.218566259,0.442138509,29,100.0,US.MSFT,7.4,10.8,7.05,5.125,-0.033450536919129484,3126776735607.68,"成交额 $505,898 ≥ 阈值 $500,000 | 成交量 608 手",US.MSFT,2026-05-08 04:19:36
US.MSTR260508C167500,MSTR 260508 167.50C,179.84,8566,9530040.0,CALL,2026-05-08,167.5,13435,78.559,0.960669854,0.011539968,-0.314942283,0.0079693,1,100.0,US.MSTR,17.05,17.05,9.49,19.6044,0.06861654804270464,63024545300.48,"成交额 $9,530,040 ≥ 阈值 $500,000 | 成交量 8,566 手",US.MSTR,2026-05-08 04:20:02
US.MSTR260515P182500,MSTR 260515 182.50P,179.84,9286,6672961.0,PUT,2026-05-15,182.5,3309,62.819,-0.54136088,0.023772324,-0.418704597,0.105566946,8,100.0,US.MSTR,7.05,10.45,6.55,5.725,0.014790925266903895,63024545300.48,"成交额 $6,672,961 ≥ 阈值 $500,000 | 成交量 9,286 手",US.MSTR,2026-05-08 04:20:02
US.MSTR260508C170000,MSTR 260508 170.00C,179.84,5650,5348196.0,CALL,2026-05-08,170.0,16970,84.624,0.903150637,0.021606531,-0.688855431,0.01607231,1,100.0,US.MSTR,13.73,13.9,7.0,17.2148,0.05471530249110322,63024545300.48,"成交额 $5,348,196 ≥ 阈值 $500,000 | 成交量 5,650 手",US.MSTR,2026-05-08 04:20:02
US.MSTR260515C182500,MSTR 260515 182.50C,179.84,10893,5326218.0,CALL,2026-05-15,182.5,839,63.473,0.459830532,0.0234985,-0.440806985,0.105625572,8,100.0,US.MSTR,8.36,8.6,4.2,10.2499,-0.014790925266903895,63024545300.48,"成交额 $5,326,218 ≥ 阈值 $500,000 | 成交量 10,893 手",US.MSTR,2026-05-08 04:20:02
US.MSTR260508C175000,MSTR 260508 175.00C,179.84,9797,5063007.0,CALL,2026-05-08,175.0,14406,80.187,0.750435882,0.042228215,-1.233577951,0.029765684,1,100.0,US.MSTR,9.68,10.01,3.6,12.6456,0.026912811387900373,63024545300.48,"成交额 $5,063,007 ≥ 阈值 $500,000 | 成交量 9,797 手",US.MSTR,2026-05-08 04:20:02
US.MSTR260515C185000,MSTR 260515 185.00C,179.84,8324,3954759.0,CALL,2026-05-15,185.0,5731,63.821,0.40366839,0.02280118,-0.430678557,0.103053151,8,100.0,US.MSTR,7.72,8.25,3.45,8.9002,-0.02869217081850532,63024545300.48,"成交额 $3,954,759 ≥ 阈值 $500,000 | 成交量 8,324 手",US.MSTR,2026-05-08 04:20:02
US.MSTR260515C190000,MSTR 260515 190.00C,179.84,12978,3852469.0,CALL,2026-05-15,190.0,5025,64.948,0.303112543,0.020210409,-0.391009542,0.092953706,8,100.0,US.MSTR,5.57,5.57,2.35,6.625,-0.05649466192170816,63024545300.48,"成交额 $3,852,469 ≥ 阈值 $500,000 | 成交量 12,978 手",US.MSTR,2026-05-08 04:20:02
US.MSTR260508C180000,MSTR 260508 180.00C,179.84,10272,3332316.0,CALL,2026-05-08,180.0,30585,78.054,0.500370759,0.054513032,-1.51892591,0.037404058,1,100.0,US.MSTR,6.24,6.26,1.59,8.5661,-0.0008896797153024721,63024545300.48,"成交额 $3,332,316 ≥ 阈值 $500,000 | 成交量 10,272 手",US.MSTR,2026-05-08 04:20:02
US.MSTR260508C177500,MSTR 260508 177.50C,179.84,8350,3040888.0,CALL,2026-05-08,177.5,14547,77.198,0.636081314,0.051879549,-1.412952046,0.035206039,1,100.0,US.MSTR,8.0,8.5,2.42,10.5459,0.013011565836298951,63024545300.48,"成交额 $3,040,888 ≥ 阈值 $500,000 | 成交量 8,350 手",US.MSTR,2026-05-08 04:20:02
US.MSTR260618C180000,MSTR 260618 180.00C,179.84,1874,2863406.0,CALL,2026-06-18,180.0,46719,65.482,0.550111067,0.009908652,-0.197670267,0.241428784,42,100.0,US.MSTR,20.0,20.05,14.5,21.0859,-0.0008896797153024721,63024545300.48,"成交额 $2,863,406 ≥ 阈值 $500,000 | 成交量 1,874 手",US.MSTR,2026-05-08 04:20:02
US.MSTR260508P180000,MSTR 260508 180.00P,179.84,8037,2102917.0,PUT,2026-05-08,180.0,4175,77.589,-0.499773982,0.054850051,-1.492248153,0.037402878,1,100.0,US.MSTR,2.5,5.6,1.85,1.7,0.0008896797153024721,63024545300.48,"成交额 $2,102,917 ≥ 阈值 $500,000 | 成交量 8,037 手",US.MSTR,2026-05-08 04:20:02
US.MSTR260515P175000,MSTR 260515 175.00P,179.84,4567,1923954.0,PUT,2026-05-15,175.0,3250,62.723,-0.363764704,0.022506512,-0.39746914,0.099898681,8,100.0,US.MSTR,3.78,6.19,3.45,3.125,-0.026912811387900373,63024545300.48,"成交额 $1,923,954 ≥ 阈值 $500,000 | 成交量 4,567 手",US.MSTR,2026-05-08 04:20:02
US.MSTR260508C185000,MSTR 260508 185.00C,179.84,11684,1854898.0,CALL,2026-05-08,185.0,5852,81.094,0.259264044,0.042598776,-1.263019879,0.030366522,1,100.0,US.MSTR,4.0,4.0,0.65,5.266,-0.02869217081850532,63024545300.48,"成交额 $1,854,898 ≥ 阈值 $500,000 | 成交量 11,684 手",US.MSTR,2026-05-08 04:20:02
US.MSTR260515C192500,MSTR 260515 192.50C,179.84,6394,1673621.0,CALL,2026-05-15,192.5,888,65.712,0.260179893,0.018555591,-0.365035661,0.086345174,8,100.0,US.MSTR,4.05,4.45,2.02,5.7,-0.0703959074733096,63024545300.48,"成交额 $1,673,621 ≥ 阈值 $500,000 | 成交量 6,394 手",US.MSTR,2026-05-08 04:20:02
US.MSTR260515C200000,MSTR 260515 200.00C,179.84,8838,1567847.0,CALL,2026-05-15,200.0,24661,69.559,0.165269053,0.013424241,-0.289409949,0.066123529,8,100.0,US.MSTR,2.74,2.99,1.15,3.625,-0.11209964412811385,63024545300.48,"成交额 $1,567,847 ≥ 阈值 $500,000 | 成交量 8,838 手",US.MSTR,2026-05-08 04:20:02
US.MSTR260515C180000,MSTR 260515 180.00C,179.84,2090,1370085.0,CALL,2026-05-15,180.0,9428,63.206,0.518263042,0.023693195,-0.442070314,0.106053222,8,100.0,US.MSTR,10.81,10.81,5.05,11.7743,-0.0008896797153024721,63024545300.48,"成交额 $1,370,085 ≥ 阈值 $500,000 | 成交量 2,090 手",US.MSTR,2026-05-08 04:20:02
US.MSTR260515C187500,MSTR 260515 187.50C,179.84,2912,1327377.0,CALL,2026-05-15,187.5,1240,64.352,0.351218521,0.021656242,-0.413782557,0.098691039,8,100.0,US.MSTR,5.92,6.25,2.94,7.675,-0.04259341637010674,63024545300.48,"成交额 $1,327,377 ≥ 阈值 $500,000 | 成交量 2,912 手",US.MSTR,2026-05-08 04:20:02
US.MSTR260508P182500,MSTR 260508 182.50P,179.84,2781,1274631.0,PUT,2026-05-08,182.5,2463,78.79,-0.631075252,0.051081599,-1.425120357,0.035364294,1,100.0,US.MSTR,3.55,7.5,2.75,2.455,0.014790925266903895,63024545300.48,"成交额 $1,274,631 ≥ 阈值 $500,000 | 成交量 2,781 手",US.MSTR,2026-05-08 04:20:02
US.MSTR260508P175000,MSTR 260508 175.00P,179.84,7868,1208291.0,PUT,2026-05-08,175.0,2883,76.873,-0.240972937,0.043228828,-1.1429308,0.029209771,1,100.0,US.MSTR,1.0,2.77,0.73,0.78,-0.026912811387900373,63024545300.48,"成交额 $1,208,291 ≥ 阈值 $500,000 | 成交量 7,868 手",US.MSTR,2026-05-08 04:20:02
US.MSTR260508P177500,MSTR 260508 177.50P,179.84,5150,1124767.0,PUT,2026-05-08,177.5,3881,75.988,-0.362109118,0.05262133,-1.371014795,0.035145843,1,100.0,US.MSTR,1.53,4.1,1.19,1.18,-0.013011565836298951,63024545300.48,"成交额 $1,124,767 ≥ 阈值 $500,000 | 成交量 5,150 手",US.MSTR,2026-05-08 04:20:02
US.MSTR260618P165000,MSTR 260618 165.00P,179.84,1178,1100859.0,PUT,2026-06-18,165.0,6166,66.755,-0.304890833,0.008616103,-0.164916527,0.213573054,42,100.0,US.MSTR,8.34,10.18,8.22,7.636,-0.08251779359430607,63024545300.48,"成交额 $1,100,859 ≥ 阈值 $500,000 | 成交量 1,178 手",US.MSTR,2026-05-08 04:20:02
US.MSTR260605C185000,MSTR 260605 185.00C,179.84,1016,1075494.0,CALL,2026-06-05,185.0,3988,65.082,0.481369244,0.012080741,-0.236207592,0.201982812,29,100.0,US.MSTR,13.48,13.85,9.59,15.4819,-0.02869217081850532,63024545300.48,"成交额 $1,075,494 ≥ 阈值 $500,000 | 成交量 1,016 手",US.MSTR,2026-05-08 04:20:02
US.MSTR260821C170000,MSTR 260821 170.00C,179.84,349,1064130.0,CALL,2026-08-21,170.0,1109,70.615,0.642805505,0.005451908,-0.1290531,0.361577703,106,100.0,US.MSTR,35.0,35.0,30.35,38.148,0.05471530249110322,63024545300.48,"成交额 $1,064,130 ≥ 阈值 $500,000 | 成交量 349 手",US.MSTR,2026-05-08 04:20:02
US.MSTR260515P180000,MSTR 260515 180.00P,179.84,1598,1050900.0,PUT,2026-05-15,180.0,5687,62.781,-0.482178024,0.023881587,-0.421786737,0.106037955,8,100.0,US.MSTR,5.33,8.72,4.84,4.75,0.0008896797153024721,63024545300.48,"成交额 $1,050,900 ≥ 阈值 $500,000 | 成交量 1,598 手",US.MSTR,2026-05-08 04:20:02
US.MSTR260821C160000,MSTR 260821 160.00C,179.84,259,1025353.0,CALL,2026-08-21,160.0,2579,70.019,0.700739556,0.00511814,-0.120279829,0.336574202,106,100.0,US.MSTR,40.8,40.96,37.1,43.9961,0.11032028469750892,63024545300.48,"成交额 $1,025,353 ≥ 阈值 $500,000 | 成交量 259 手",US.MSTR,2026-05-08 04:20:02
US.MSTR260508P185000,MSTR 260508 185.00P,179.84,1342,905208.0,PUT,2026-05-08,185.0,1948,80.853,-0.741519332,0.042691872,-1.239533835,0.030316048,1,100.0,US.MSTR,4.5,9.5,4.0,3.4,0.02869217081850532,63024545300.48,"成交额 $905,208 ≥ 阈值 $500,000 | 成交量 1,342 手",US.MSTR,2026-05-08 04:20:02
US.MSTR260508C182500,MSTR 260508 182.50C,179.84,4095,880010.0,CALL,2026-05-08,182.5,15687,78.997,0.369375389,0.050949081,-1.447223188,0.035380336,1,100.0,US.MSTR,4.0,4.54,1.02,6.8211,-0.014790925266903895,63024545300.48,"成交额 $880,010 ≥ 阈值 $500,000 | 成交量 4,095 手",US.MSTR,2026-05-08 04:20:02
US.MSTR260508C187500,MSTR 260508 187.50C,179.84,6596,874089.0,CALL,2026-05-08,187.5,24521,84.581,0.178360539,0.03289896,-1.047757369,0.02445987,1,100.0,US.MSTR,2.27,2.55,0.42,4.05,-0.04259341637010674,63024545300.48,"成交额 $874,089 ≥ 阈值 $500,000 | 成交量 6,596 手",US.MSTR,2026-05-08 04:20:02
US.MSTR260515P177500,MSTR 260515 177.50P,179.84,1514,791213.0,PUT,2026-05-15,177.5,858,62.514,-0.422374304,0.023544577,-0.413059553,0.104131841,8,100.0,US.MSTR,4.85,7.48,4.35,3.85,-0.013011565836298951,63024545300.48,"成交额 $791,213 ≥ 阈值 $500,000 | 成交量 1,514 手",US.MSTR,2026-05-08 04:20:02
US.MSTR260918C190000,MSTR 260918 190.00C,179.84,269,773730.0,CALL,2026-09-18,190.0,767,69.715,0.544902695,0.005218379,-0.119679328,0.431942336,134,100.0,US.MSTR,29.2,29.2,26.0,32.1362,-0.05649466192170816,63024545300.48,"成交额 $773,730 ≥ 阈值 $500,000 | 成交量 269 手",US.MSTR,2026-05-08 04:20:02
US.MSTR260618C200000,MSTR 260618 200.00C,179.84,815,755895.0,CALL,2026-06-18,200.0,14061,67.007,0.368667734,0.009226531,-0.190115379,0.230037632,42,100.0,US.MSTR,12.5,12.5,8.0,12.6453,-0.11209964412811385,63024545300.48,"成交额 $755,895 ≥ 阈值 $500,000 | 成交量 815 手",US.MSTR,2026-05-08 04:20:02
US.MSTR260515C175000,MSTR 260515 175.00C,179.84,814,741178.0,CALL,2026-05-15,175.0,2868,63.701,0.634963452,0.022173835,-0.421355761,0.100028659,8,100.0,US.MSTR,12.9,12.9,7.5,15.1474,0.026912811387900373,63024545300.48,"成交额 $741,178 ≥ 阈值 $500,000 | 成交量 814 手",US.MSTR,2026-05-08 04:20:02
US.MSTR260918C200000,MSTR 260918 200.00C,179.84,296,719079.0,CALL,2026-09-18,200.0,3420,70.538,0.498568894,0.005190445,-0.121204206,0.434694294,134,100.0,US.MSTR,26.1,26.54,22.5,28.1726,-0.11209964412811385,63024545300.48,"成交额 $719,079 ≥ 阈值 $500,000 | 成交量 296 手",US.MSTR,2026-05-08 04:20:02
US.MSTR260508P190000,MSTR 260508 190.00P,179.84,566,713708.0,PUT,2026-05-08,190.0,585,81.072,-0.899452816,0.023285947,-0.646686246,0.016511556,1,100.0,US.MSTR,9.15,14.25,7.83,6.1597,0.05649466192170816,63024545300.48,"成交额 $713,708 ≥ 阈值 $500,000 | 成交量 566 手",US.MSTR,2026-05-08 04:20:02
US.MSTR260717C180000,MSTR 260717 180.00C,179.84,326,713085.0,CALL,2026-07-17,180.0,30567,66.14,0.566360666,0.007499573,-0.153927953,0.312025439,71,100.0,US.MSTR,23.97,24.2,20.01,26.8482,-0.0008896797153024721,63024545300.48,"成交额 $713,085 ≥ 阈值 $500,000 | 成交量 326 手",US.MSTR,2026-05-08 04:20:02
US.MSTR260508C190000,MSTR 260508 190.00C,179.84,8599,676693.0,CALL,2026-05-08,190.0,21538,88.799,0.12265752,0.024399808,-0.844436141,0.019045628,1,100.0,US.MSTR,1.63,1.9,0.3,3.025,-0.05649466192170816,63024545300.48,"成交额 $676,693 ≥ 阈值 $500,000 | 成交量 8,599 手",US.MSTR,2026-05-08 04:20:02
US.MSTR260515P185000,MSTR 260515 185.00P,179.84,635,655000.0,PUT,2026-05-15,185.0,1251,63.16,-0.598179301,0.023061816,-0.408175786,0.102899244,8,100.0,US.MSTR,8.72,12.15,8.0,6.875,0.02869217081850532,63024545300.48,"成交额 $655,000 ≥ 阈值 $500,000 | 成交量 635 手",US.MSTR,2026-05-08 04:20:02
US.MSTR260515C195000,MSTR 260515 195.00C,179.84,2071,593891.0,CALL,2026-05-15,195.0,3105,66.849,0.223440415,0.0167923,-0.339451405,0.079492017,8,100.0,US.MSTR,3.86,3.86,1.63,4.9,-0.08429715302491102,63024545300.48,"成交额 $593,891 ≥ 阈值 $500,000 | 成交量 2,071 手",US.MSTR,2026-05-08 04:20:02
US.MSTR260515P170000,MSTR 260515 170.00P,179.84,1852,558142.0,PUT,2026-05-15,170.0,6503,63.533,-0.256673774,0.019063413,-0.34338063,0.085733519,8,100.0,US.MSTR,2.46,4.12,2.25,2.03,-0.05471530249110322,63024545300.48,"成交额 $558,142 ≥ 阈值 $500,000 | 成交量 1,852 手",US.MSTR,2026-05-08 04:20:02
US.MSTR260515P172500,MSTR 260515 172.50P,179.84,1355,523659.0,PUT,2026-05-15,172.5,505,62.975,-0.307876256,0.020997285,-0.373029166,0.093589684,8,100.0,US.MSTR,3.12,5.0,2.72,2.515,-0.0408140569395018,63024545300.48,"成交额 $523,659 ≥ 阈值 $500,000 | 成交量 1,355 手",US.MSTR,2026-05-08 04:20:02
US.MSTR260717C195000,MSTR 260717 195.00C,179.84,306,504485.0,CALL,2026-07-17,195.0,1439,67.58,0.460679503,0.007406763,-0.157065806,0.314872873,71,100.0,US.MSTR,17.7,18.25,14.3,20.0777,-0.08429715302491102,63024545300.48,"成交额 $504,485 ≥ 阈值 $500,000 | 成交量 306 手",US.MSTR,2026-05-08 04:20:02
US.MU260605C580000,MU 260605 580.00C,646.47,3674,37927878.0,CALL,2026-06-05,580.0,125,80.174,0.728102985,0.002271011,-0.879450813,0.604639724,29,100.0,US.MU,97.05,121.9,90.72,113.0186,0.1028199297724566,729046231949.97,"成交额 $37,927,878 ≥ 阈值 $500,000 | 成交量 3,674 手",US.MU,2026-05-08 04:20:08
US.MU260508C650000,MU 260508 650.00C,646.47,15486,25962899.0,CALL,2026-05-08,650.0,8974,88.819,0.465260972,0.013294774,-6.19261322,0.133760209,1,100.0,US.MU,16.05,37.75,7.2,27.2183,-0.005460423530867593,729046231949.97,"成交额 $25,962,899 ≥ 阈值 $500,000 | 成交量 15,486 手",US.MU,2026-05-08 04:20:08
US.MU261016C600000,MU 261016 600.00C,646.47,1427,22989909.0,CALL,2026-10-16,600.0,3047,80.23,0.66914665,0.001048923,-0.41460701,1.561657802,162,100.0,US.MU,163.95,185.25,154.72,175.4846,0.07188268597150684,729046231949.97,"成交额 $22,989,909 ≥ 阈值 $500,000 | 成交量 1,427 手",US.MU,2026-05-08 04:20:08
US.MU260515C650000,MU 260515 650.00C,646.47,6368,20599745.0,CALL,2026-05-15,650.0,4160,80.847,0.509182423,0.005156762,-2.025266803,0.381544889,8,100.0,US.MU,34.0,53.17,25.0,44.0891,-0.005460423530867593,729046231949.97,"成交额 $20,599,745 ≥ 阈值 $500,000 | 成交量 6,368 手",US.MU,2026-05-08 04:20:08
US.MU260618C700000,MU 260618 700.00C,646.47,3770,20491473.0,CALL,2026-06-18,700.0,5208,79.334,0.442514984,0.00226898,-0.846217343,0.86585138,42,100.0,US.MU,54.65,69.49,45.8,61.5769,-0.08280353303324202,729046231949.97,"成交额 $20,491,473 ≥ 阈值 $500,000 | 成交量 3,770 手",US.MU,2026-05-08 04:20:08
US.MU260508P650000,MU 260508 650.00P,646.47,17658,20136995.0,PUT,2026-05-08,650.0,1859,86.712,-0.536071028,0.013616345,-5.980753769,0.133716248,1,100.0,US.MU,16.0,22.0,4.63,10.475,0.005460423530867593,729046231949.97,"成交额 $20,136,995 ≥ 阈值 $500,000 | 成交量 17,658 手",US.MU,2026-05-08 04:20:08
US.MU260515C700000,MU 260515 700.00C,646.47,11055,18972977.0,CALL,2026-05-15,700.0,5569,82.005,0.278787733,0.004281898,-1.69607332,0.321342297,8,100.0,US.MU,15.75,27.45,10.79,21.9703,-0.08280353303324202,729046231949.97,"成交额 $18,972,977 ≥ 阈值 $500,000 | 成交量 11,055 手",US.MU,2026-05-08 04:20:08
US.MU260508C660000,MU 260508 660.00C,646.47,12720,15967690.0,CALL,2026-05-08,660.0,2605,89.06,0.338636646,0.012205189,-5.682209737,0.123129079,1,100.0,US.MU,11.75,30.25,4.5,21.1409,-0.02092904543134248,729046231949.97,"成交额 $15,967,690 ≥ 阈值 $500,000 | 成交量 12,720 手",US.MU,2026-05-08 04:20:08
US.MU260508C670000,MU 260508 670.00C,646.47,15105,15743024.0,CALL,2026-05-08,670.0,4883,89.725,0.231244117,0.010085414,-4.713587156,0.102502629,1,100.0,US.MU,8.37,23.1,2.8,16.2976,-0.03639766733181737,729046231949.97,"成交额 $15,743,024 ≥ 阈值 $500,000 | 成交量 15,105 手",US.MU,2026-05-08 04:20:08
US.MU260508C520000,MU 260508 520.00C,646.47,1161,14835496.0,CALL,2026-05-08,520.0,2211,153.16,0.997240278,0.000164617,-0.238606232,0.00285667,1,100.0,US.MU,130.49,160.0,116.72,146.999,0.19563166117530592,729046231949.97,"成交额 $14,835,496 ≥ 阈值 $500,000 | 成交量 1,161 手",US.MU,2026-05-08 04:20:08
US.MU260618C660000,MU 260618 660.00C,646.47,2100,14518716.0,CALL,2026-06-18,660.0,3410,79.739,0.529920537,0.002274757,-0.861298887,0.872493595,42,100.0,US.MU,69.8,86.6,59.97,78.6298,-0.02092904543134248,729046231949.97,"成交额 $14,518,716 ≥ 阈值 $500,000 | 成交量 2,100 手",US.MU,2026-05-08 04:20:08
US.MU260618C500000,MU 260618 500.00C,646.47,867,14286282.0,CALL,2026-06-18,500.0,11688,83.697,0.856023084,0.00123574,-0.535421284,0.497476032,42,100.0,US.MU,167.85,196.8,157.0,183.3793,0.2265689049762557,729046231949.97,"成交额 $14,286,282 ≥ 阈值 $500,000 | 成交量 867 手",US.MU,2026-05-08 04:20:08
US.MU260508C510000,MU 260508 510.00C,646.47,967,13492686.0,CALL,2026-05-08,510.0,1646,0.0,0.0,0.0,0.0,0.0,1,100.0,US.MU,140.0,170.0,129.26,156.9387,0.21110028307578083,729046231949.97,"成交额 $13,492,686 ≥ 阈值 $500,000 | 成交量 967 手",US.MU,2026-05-08 04:20:08
US.MU260515P640000,MU 260515 640.00P,646.47,4931,12459062.0,PUT,2026-05-15,640.0,1657,80.147,-0.439422563,0.005146555,-1.926058644,0.377196733,8,100.0,US.MU,29.68,33.45,16.46,22.6204,-0.010008198369607294,729046231949.97,"成交额 $12,459,062 ≥ 阈值 $500,000 | 成交量 4,931 手",US.MU,2026-05-08 04:20:08
US.MU260508C700000,MU 260508 700.00C,646.47,39264,11999090.0,CALL,2026-05-08,700.0,10020,97.63,0.062599996,0.003747448,-1.971148932,0.041442602,1,100.0,US.MU,2.71,9.0,0.65,6.4,-0.08280353303324202,729046231949.97,"成交额 $11,999,090 ≥ 阈值 $500,000 | 成交量 39,264 手",US.MU,2026-05-08 04:20:08
US.MU260515C670000,MU 260515 670.00C,646.47,4180,11912009.0,CALL,2026-05-15,670.0,1207,80.851,0.408914912,0.005022878,-1.961979463,0.37165265,8,100.0,US.MU,25.0,41.5,18.0,33.8521,-0.03639766733181737,729046231949.97,"成交额 $11,912,009 ≥ 阈值 $500,000 | 成交量 4,180 手",US.MU,2026-05-08 04:20:08
US.MU260508C680000,MU 260508 680.00C,646.47,15042,11571557.0,CALL,2026-05-08,680.0,3486,91.642,0.151741417,0.007617667,-3.659237766,0.07907487,1,100.0,US.MU,5.9,17.38,1.69,12.1609,-0.05186628923229225,729046231949.97,"成交额 $11,571,557 ≥ 阈值 $500,000 | 成交量 15,042 手",US.MU,2026-05-08 04:20:08
US.MU260515C660000,MU 260515 660.00C,646.47,3576,11546051.0,CALL,2026-05-15,660.0,2077,80.871,0.458362432,0.005128493,-2.010666229,0.379564707,8,100.0,US.MU,29.45,47.5,21.5,38.4618,-0.02092904543134248,729046231949.97,"成交额 $11,546,051 ≥ 阈值 $500,000 | 成交量 3,576 手",US.MU,2026-05-08 04:20:08
US.MU260515C645000,MU 260515 645.00C,646.47,3398,10813598.0,CALL,2026-05-15,645.0,612,80.926,0.534907231,0.005133337,-2.021677575,0.380184101,8,100.0,US.MU,37.7,56.18,27.5,46.9044,0.0022738874193698505,729046231949.97,"成交额 $10,813,598 ≥ 阈值 $500,000 | 成交量 3,398 手",US.MU,2026-05-08 04:20:08
US.MU260508C640000,MU 260508 640.00C,646.47,6040,10760233.0,CALL,2026-05-08,640.0,1658,89.328,0.597559506,0.012870688,-6.066788671,0.130234163,1,100.0,US.MU,22.15,45.0,11.0,34.1311,0.010008198369607294,729046231949.97,"成交额 $10,760,233 ≥ 阈值 $500,000 | 成交量 6,040 手",US.MU,2026-05-08 04:20:08
US.MU260717C700000,MU 260717 700.00C,646.47,1221,9558426.0,CALL,2026-07-17,700.0,5286,80.912,0.49044472,0.001728478,-0.674862176,1.137334346,71,100.0,US.MU,76.1,94.25,67.55,85.0361,-0.08280353303324202,729046231949.97,"成交额 $9,558,426 ≥ 阈值 $500,000 | 成交量 1,221 手",US.MU,2026-05-08 04:20:08
US.MU260508P640000,MU 260508 640.00P,646.47,9354,9041145.0,PUT,2026-05-08,640.0,1781,88.119,-0.401403988,0.013039764,-5.917909961,0.130145098,1,100.0,US.MU,10.99,15.73,3.0,7.3883,-0.010008198369607294,729046231949.97,"成交额 $9,041,145 ≥ 阈值 $500,000 | 成交量 9,354 手",US.MU,2026-05-08 04:20:08
US.MU260717C650000,MU 260717 650.00C,646.47,910,8897708.0,CALL,2026-07-17,650.0,1690,80.919,0.5728924,0.001699889,-0.667731196,1.118620867,71,100.0,US.MU,95.0,115.7,87.0,105.1938,-0.005460423530867593,729046231949.97,"成交额 $8,897,708 ≥ 阈值 $500,000 | 成交量 910 手",US.MU,2026-05-08 04:20:08
US.MU260918C910000,MU 260918 910.00C,646.47,1452,8600675.0,CALL,2026-09-18,910.0,4174,80.253,0.332864595,0.001155773,-0.442898797,1.42367696,134,100.0,US.MU,57.0,68.2,52.29,63.5632,-0.40764459294321465,729046231949.97,"成交额 $8,600,675 ≥ 阈值 $500,000 | 成交量 1,452 手",US.MU,2026-05-08 04:20:08
US.MU260618P640000,MU 260618 640.00P,646.47,1301,8384385.0,PUT,2026-06-18,640.0,307,78.824,-0.42631451,0.002274945,-0.781780997,0.859710682,42,100.0,US.MU,63.45,68.93,52.4,58.4433,-0.010008198369607294,729046231949.97,"成交额 $8,384,385 ≥ 阈值 $500,000 | 成交量 1,301 手",US.MU,2026-05-08 04:20:08
US.MU260508P630000,MU 260508 630.00P,646.47,14914,8353396.0,PUT,2026-05-08,630.0,2300,90.281,-0.280955059,0.011097196,-5.25523873,0.113478923,1,100.0,US.MU,7.95,11.0,2.0,5.1585,-0.02547682027008218,729046231949.97,"成交额 $8,353,396 ≥ 阈值 $500,000 | 成交量 14,914 手",US.MU,2026-05-08 04:20:08
US.MU260618C650000,MU 260618 650.00C,646.47,1113,8317209.0,CALL,2026-06-18,650.0,4930,79.459,0.552125492,0.002269646,-0.85465796,0.867476573,42,100.0,US.MU,73.15,92.0,63.52,83.527,-0.005460423530867593,729046231949.97,"成交额 $8,317,209 ≥ 阈值 $500,000 | 成交量 1,113 手",US.MU,2026-05-08 04:20:08
US.MU260515P600000,MU 260515 600.00P,646.47,7073,8309584.0,PUT,2026-05-15,600.0,8313,82.073,-0.247175762,0.004023774,-1.567395404,0.302141661,8,100.0,US.MU,13.45,16.0,7.3,10.5098,-0.07188268597150684,729046231949.97,"成交额 $8,309,584 ≥ 阈值 $500,000 | 成交量 7,073 手",US.MU,2026-05-08 04:20:08
US.MU260508P670000,MU 260508 670.00P,646.47,4013,8215589.0,PUT,2026-05-08,670.0,221,86.954,-0.776392585,0.010221439,-4.414502503,0.100570183,1,100.0,US.MU,28.15,37.3,10.0,19.5547,0.03639766733181737,729046231949.97,"成交额 $8,215,589 ≥ 阈值 $500,000 | 成交量 4,013 手",US.MU,2026-05-08 04:20:08
US.MU260508C665000,MU 260508 665.00C,646.47,6634,7774810.0,CALL,2026-05-08,665.0,2325,89.649,0.282681669,0.011208016,-5.261608276,0.113815587,1,100.0,US.MU,10.44,26.21,3.72,18.5761,-0.02866335638157992,729046231949.97,"成交额 $7,774,810 ≥ 阈值 $500,000 | 成交量 6,634 手",US.MU,2026-05-08 04:20:08
US.MU260508P660000,MU 260508 660.00P,646.47,5301,7704820.0,PUT,2026-05-08,660.0,851,87.176,-0.665087108,0.012420461,-5.473333464,0.122594208,1,100.0,US.MU,21.55,29.0,6.9,14.3975,0.02092904543134248,729046231949.97,"成交额 $7,704,820 ≥ 阈值 $500,000 | 成交量 5,301 手",US.MU,2026-05-08 04:20:08
US.MU260515C680000,MU 260515 680.00C,646.47,2948,7668024.0,CALL,2026-05-15,680.0,1655,81.129,0.362206113,0.004830454,-1.892150704,0.358643612,8,100.0,US.MU,21.0,36.25,15.5,29.5726,-0.05186628923229225,729046231949.97,"成交额 $7,668,024 ≥ 阈值 $500,000 | 成交量 2,948 手",US.MU,2026-05-08 04:20:08
US.MU260508C655000,MU 260508 655.00C,646.47,5027,7597977.0,CALL,2026-05-08,655.0,1200,88.027,0.399115966,0.013032688,-5.948981781,0.129952709,1,100.0,US.MU,12.45,33.55,5.92,24.0893,-0.013194734481105036,729046231949.97,"成交额 $7,597,977 ≥ 阈值 $500,000 | 成交量 5,027 手",US.MU,2026-05-08 04:20:08
US.MU260508C645000,MU 260508 645.00C,646.47,5216,7586835.0,CALL,2026-05-08,645.0,960,89.565,0.531710134,0.013192437,-6.254114436,0.133845282,1,100.0,US.MU,16.8,41.42,9.0,30.5595,0.0022738874193698505,729046231949.97,"成交额 $7,586,835 ≥ 阈值 $500,000 | 成交量 5,216 手",US.MU,2026-05-08 04:20:08
US.MU260618P650000,MU 260618 650.00P,646.47,1025,7265943.0,PUT,2026-06-18,650.0,627,78.801,-0.449253119,0.002297352,-0.787285803,0.867550961,42,100.0,US.MU,68.75,75.0,56.79,63.5224,0.005460423530867593,729046231949.97,"成交额 $7,265,943 ≥ 阈值 $500,000 | 成交量 1,025 手",US.MU,2026-05-08 04:20:08
US.MU260515P650000,MU 260515 650.00P,646.47,2572,6964143.0,PUT,2026-05-15,650.0,1701,80.415,-0.491263744,0.005189153,-1.951842808,0.381503945,8,100.0,US.MU,34.3,38.6,19.8,26.8187,0.005460423530867593,729046231949.97,"成交额 $6,964,143 ≥ 阈值 $500,000 | 成交量 2,572 手",US.MU,2026-05-08 04:20:08
US.MU260508C675000,MU 260508 675.00C,646.47,6933,6916493.0,CALL,2026-05-08,675.0,3470,90.765,0.18856833,0.008841882,-4.199437463,0.090904252,1,100.0,US.MU,6.64,20.0,2.2,14.019,-0.044131978282054805,729046231949.97,"成交额 $6,916,493 ≥ 阈值 $500,000 | 成交量 6,933 手",US.MU,2026-05-08 04:20:08
US.MU260821C600000,MU 260821 600.00C,646.47,500,6874058.0,CALL,2026-08-21,600.0,2377,80.137,0.660475147,0.001311467,-0.512846495,1.27606439,106,100.0,US.MU,139.5,160.98,128.5,149.889,0.07188268597150684,729046231949.97,"成交额 $6,874,058 ≥ 阈值 $500,000 | 成交量 500 手",US.MU,2026-05-08 04:20:08
US.MU260515C640000,MU 260515 640.00C,646.47,1900,6636993.0,CALL,2026-05-15,640.0,1461,81.725,0.560523064,0.00504388,-2.026749794,0.37724542,8,100.0,US.MU,38.0,58.17,29.25,49.8871,0.010008198369607294,729046231949.97,"成交额 $6,636,993 ≥ 阈值 $500,000 | 成交量 1,900 手",US.MU,2026-05-08 04:20:08
US.MU260508C625000,MU 260508 625.00C,646.47,2108,6194740.0,CALL,2026-05-08,625.0,1503,92.745,0.767603103,0.009784092,-4.929094134,0.102787439,1,100.0,US.MU,32.12,58.85,19.55,46.0508,0.03321113122031962,729046231949.97,"成交额 $6,194,740 ≥ 阈值 $500,000 | 成交量 2,108 手",US.MU,2026-05-08 04:20:08
US.MU260508C620000,MU 260508 620.00C,646.47,1505,5928867.0,CALL,2026-05-08,620.0,1951,95.894,0.807716833,0.008469813,-4.541520651,0.092000491,1,100.0,US.MU,32.0,62.95,22.9,50.3198,0.04094544217055707,729046231949.97,"成交额 $5,928,867 ≥ 阈值 $500,000 | 成交量 1,505 手",US.MU,2026-05-08 04:20:08
US.MU260508C600000,MU 260508 600.00C,646.47,1035,5871047.0,CALL,2026-05-08,600.0,6271,110.333,0.908853633,0.004414359,-3.072654082,0.055169139,1,100.0,US.MU,54.6,82.51,38.6,68.4397,0.07188268597150684,729046231949.97,"成交额 $5,871,047 ≥ 阈值 $500,000 | 成交量 1,035 手",US.MU,2026-05-08 04:20:08
US.MU260618P600000,MU 260618 600.00P,646.47,1308,5862207.0,PUT,2026-06-18,600.0,1215,79.316,-0.334784932,0.002097534,-0.73512107,0.798646732,42,100.0,US.MU,45.52,48.6,36.35,40.875,-0.07188268597150684,729046231949.97,"成交额 $5,862,207 ≥ 阈值 $500,000 | 成交量 1,308 手",US.MU,2026-05-08 04:20:08
US.MU260508P645000,MU 260508 645.00P,646.47,4666,5657125.0,PUT,2026-05-08,645.0,1548,86.524,-0.467856595,0.013656784,-5.978900092,0.13383041,1,100.0,US.MU,13.45,18.43,3.8,8.8163,-0.0022738874193698505,729046231949.97,"成交额 $5,657,125 ≥ 阈值 $500,000 | 成交量 4,666 手",US.MU,2026-05-08 04:20:08
US.MU260515C410000,MU 260515 410.00C,646.47,208,5349658.0,CALL,2026-05-15,410.0,3226,125.553,0.994614565,0.000128611,-0.138887826,0.014780651,8,100.0,US.MU,271.14,271.14,229.87,257.372,0.36578650208052965,729046231949.97,"成交额 $5,349,658 ≥ 阈值 $500,000 | 成交量 208 手",US.MU,2026-05-08 04:20:08
US.MU260918C610000,MU 260918 610.00C,646.47,370,5322633.0,CALL,2026-09-18,610.0,629,79.642,0.651682616,0.001184986,-0.459243372,1.448594246,134,100.0,US.MU,153.7,157.2,137.15,157.5871,0.05641406407103195,729046231949.97,"成交额 $5,322,633 ≥ 阈值 $500,000 | 成交量 370 手",US.MU,2026-05-08 04:20:08
US.MU260618C600000,MU 260618 600.00C,646.47,531,5294305.0,CALL,2026-06-18,600.0,6180,79.704,0.665509118,0.002082845,-0.795855507,0.798527172,42,100.0,US.MU,96.5,121.17,88.4,110.7476,0.07188268597150684,729046231949.97,"成交额 $5,294,305 ≥ 阈值 $500,000 | 成交量 531 手",US.MU,2026-05-08 04:20:08
US.MU260821C650000,MU 260821 650.00C,646.47,426,5028042.0,CALL,2026-08-21,650.0,1346,80.015,0.590214114,0.001394118,-0.53950677,1.354413688,106,100.0,US.MU,113.0,135.85,106.48,126.0231,-0.005460423530867593,729046231949.97,"成交额 $5,028,042 ≥ 阈值 $500,000 | 成交量 426 手",US.MU,2026-05-08 04:20:08
US.MU261120P570000,MU 261120 570.00P,646.47,501,4984940.0,PUT,2026-11-20,570.0,44,78.66,-0.296531566,0.000933293,-0.304681661,1.643047233,197,100.0,US.MU,99.4,99.5,99.4,94.8767,-0.1182885516729315,729046231949.97,"成交额 $4,984,940 ≥ 阈值 $500,000 | 成交量 501 手",US.MU,2026-05-08 04:20:08
US.MU260508C690000,MU 260508 690.00C,646.47,7720,4801698.0,CALL,2026-05-08,690.0,2994,94.848,0.098822384,0.005450214,-2.757665018,0.058554796,1,100.0,US.MU,4.58,12.65,1.05,8.9573,-0.06733491113276714,729046231949.97,"成交额 $4,801,698 ≥ 阈值 $500,000 | 成交量 7,720 手",US.MU,2026-05-08 04:20:08
US.MU260515C600000,MU 260515 600.00C,646.47,667,4519080.0,CALL,2026-05-15,600.0,6367,83.052,0.75081797,0.00399266,-1.652675764,0.303463175,8,100.0,US.MU,63.95,90.09,52.5,77.7547,0.07188268597150684,729046231949.97,"成交额 $4,519,080 ≥ 阈值 $500,000 | 成交量 667 手",US.MU,2026-05-08 04:20:08
US.MU260515P660000,MU 260515 660.00P,646.47,1291,4507649.0,PUT,2026-05-15,660.0,751,80.582,-0.542245454,0.005152009,-1.939872921,0.379440944,8,100.0,US.MU,37.9,44.8,24.0,31.1883,0.02092904543134248,729046231949.97,"成交额 $4,507,649 ≥ 阈值 $500,000 | 成交量 1,291 手",US.MU,2026-05-08 04:20:08
US.MU260605C575000,MU 260605 575.00C,646.47,407,4491911.0,CALL,2026-06-05,575.0,43,80.482,0.740147842,0.002210962,-0.863673005,0.590911952,29,100.0,US.MU,102.15,112.51,94.55,116.6044,0.11055424072269406,729046231949.97,"成交额 $4,491,911 ≥ 阈值 $500,000 | 成交量 407 手",US.MU,2026-05-08 04:20:08
US.MU260717C600000,MU 260717 600.00C,646.47,366,4461910.0,CALL,2026-07-17,600.0,3799,80.881,0.658385814,0.001591459,-0.629452848,1.046777134,71,100.0,US.MU,120.09,140.9,109.98,130.4827,0.07188268597150684,729046231949.97,"成交额 $4,461,910 ≥ 阈值 $500,000 | 成交量 366 手",US.MU,2026-05-08 04:20:08
US.MU260515C500000,MU 260515 500.00C,646.47,290,4404115.0,CALL,2026-05-15,500.0,9995,104.688,0.959334727,0.000872051,-0.56265874,0.08354859,8,100.0,US.MU,153.0,180.0,139.12,168.5236,0.2265689049762557,729046231949.97,"成交额 $4,404,115 ≥ 阈值 $500,000 | 成交量 290 手",US.MU,2026-05-08 04:20:08
US.MU260508C440000,MU 260508 440.00C,646.47,213,4392950.0,CALL,2026-05-08,440.0,424,0.0,0.0,0.0,0.0,0.0,1,100.0,US.MU,207.32,207.32,200.94,226.7264,0.319380636379105,729046231949.97,"成交额 $4,392,950 ≥ 阈值 $500,000 | 成交量 213 手",US.MU,2026-05-08 04:20:08
US.MU260717C680000,MU 260717 680.00C,646.47,490,4323926.0,CALL,2026-07-17,680.0,973,81.014,0.522989232,0.001723939,-0.676222991,1.135773544,71,100.0,US.MU,83.4,101.35,74.85,92.5189,-0.05186628923229225,729046231949.97,"成交额 $4,323,926 ≥ 阈值 $500,000 | 成交量 490 手",US.MU,2026-05-08 04:20:08
US.MU260918C800000,MU 260918 800.00C,646.47,506,4134609.0,CALL,2026-09-18,800.0,1755,79.782,0.432146091,0.001257813,-0.479557212,1.540296364,134,100.0,US.MU,78.0,94.5,73.2,88.1807,-0.2374897520379909,729046231949.97,"成交额 $4,134,609 ≥ 阈值 $500,000 | 成交量 506 手",US.MU,2026-05-08 04:20:08
US.MU260508C630000,MU 260508 630.00C,646.47,1542,4116367.0,CALL,2026-05-08,630.0,1918,89.912,0.719800149,0.011127748,-5.289023154,0.113332585,1,100.0,US.MU,25.09,54.21,16.1,41.9003,0.02547682027008218,729046231949.97,"成交额 $4,116,367 ≥ 阈值 $500,000 | 成交量 1,542 手",US.MU,2026-05-08 04:20:08
US.MU260918C600000,MU 260918 600.00C,646.47,261,4069944.0,CALL,2026-09-18,600.0,3787,79.477,0.664217581,0.001171072,-0.452773471,1.428610515,134,100.0,US.MU,150.24,170.8,143.4,162.2905,0.07188268597150684,729046231949.97,"成交额 $4,069,944 ≥ 阈值 $500,000 | 成交量 261 手",US.MU,2026-05-08 04:20:08
US.MU260515C655000,MU 260515 655.00C,646.47,1205,3827294.0,CALL,2026-05-15,655.0,549,80.761,0.483561106,0.005159222,-2.019833843,0.381321676,8,100.0,US.MU,32.1,50.0,24.0,41.2755,-0.013194734481105036,729046231949.97,"成交额 $3,827,294 ≥ 阈值 $500,000 | 成交量 1,205 手",US.MU,2026-05-08 04:20:08
US.MU260508C662500,MU 260508 662.50C,646.47,2856,3765273.0,CALL,2026-05-08,662.5,625,88.583,0.308299423,0.011804721,-5.424116296,0.118450603,1,100.0,US.MU,10.95,28.1,4.0,19.7153,-0.0247962009064612,729046231949.97,"成交额 $3,765,273 ≥ 阈值 $500,000 | 成交量 2,856 手",US.MU,2026-05-08 04:20:08
US.MU260508C642500,MU 260508 642.50C,646.47,2559,3728949.0,CALL,2026-05-08,642.5,799,89.006,0.564979359,0.013140451,-6.151788188,0.1324845,1,100.0,US.MU,17.3,41.7,10.0,32.3453,0.006141042894488572,729046231949.97,"成交额 $3,728,949 ≥ 阈值 $500,000 | 成交量 2,559 手",US.MU,2026-05-08 04:20:08
US.MU260618C670000,MU 260618 670.00C,646.47,542,3698815.0,CALL,2026-06-18,670.0,1089,79.51,0.507478109,0.002287347,-0.860014472,0.874801132,42,100.0,US.MU,65.25,82.41,55.75,73.9984,-0.03639766733181737,729046231949.97,"成交额 $3,698,815 ≥ 阈值 $500,000 | 成交量 542 手",US.MU,2026-05-08 04:20:08
US.MU260508C465000,MU 260508 465.00C,646.47,202,3672754.0,CALL,2026-05-08,465.0,321,276.958,0.990866257,0.000264149,-1.08364827,0.008287253,1,100.0,US.MU,188.95,208.02,177.76,201.785,0.2807090816279178,729046231949.97,"成交额 $3,672,754 ≥ 阈值 $500,000 | 成交量 202 手",US.MU,2026-05-08 04:20:08
US.MU260508C647500,MU 260508 647.50C,646.47,2692,3572613.0,CALL,2026-05-08,647.5,707,89.315,0.498582486,0.013271331,-6.254613594,0.134268833,1,100.0,US.MU,16.5,38.29,8.15,28.8682,-0.0015932680557488711,729046231949.97,"成交额 $3,572,613 ≥ 阈值 $500,000 | 成交量 2,692 手",US.MU,2026-05-08 04:20:08
US.MU260508P680000,MU 260508 680.00P,646.47,1676,3531678.0,PUT,2026-05-08,680.0,45,93.993,-0.842006085,0.007640654,-3.796722192,0.08119821,1,100.0,US.MU,33.19,45.0,14.15,25.4192,0.05186628923229225,729046231949.97,"成交额 $3,531,678 ≥ 阈值 $500,000 | 成交量 1,676 手",US.MU,2026-05-08 04:20:08
US.MU260515C635000,MU 260515 635.00C,646.47,800,3456311.0,CALL,2026-05-15,635.0,512,81.256,0.586177538,0.005011988,-1.991855118,0.372706043,8,100.0,US.MU,40.0,63.62,32.26,52.9727,0.017742509319844738,729046231949.97,"成交额 $3,456,311 ≥ 阈值 $500,000 | 成交量 800 手",US.MU,2026-05-08 04:20:08
US.MU260508P600000,MU 260508 600.00P,646.47,19804,3313146.0,PUT,2026-05-08,600.0,12014,102.28,-0.075735813,0.004142852,-2.4118481,0.047996489,1,100.0,US.MU,2.64,3.15,0.65,1.7024,-0.07188268597150684,729046231949.97,"成交额 $3,313,146 ≥ 阈值 $500,000 | 成交量 19,804 手",US.MU,2026-05-08 04:20:08
US.MU260918C570000,MU 260918 570.00C,646.47,209,3311749.0,CALL,2026-09-18,570.0,1173,79.61,0.702096383,0.001111216,-0.433348851,1.357851794,134,100.0,US.MU,168.0,172.56,158.18,178.2703,0.1182885516729315,729046231949.97,"成交额 $3,311,749 ≥ 阈值 $500,000 | 成交量 209 手",US.MU,2026-05-08 04:20:08
US.MU260717C670000,MU 260717 670.00C,646.47,352,3219283.0,CALL,2026-07-17,670.0,1412,80.794,0.539201434,0.001723139,-0.673108322,1.132166807,71,100.0,US.MU,88.7,106.0,79.5,96.6444,-0.03639766733181737,729046231949.97,"成交额 $3,219,283 ≥ 阈值 $500,000 | 成交量 352 手",US.MU,2026-05-08 04:20:08
US.MU260717C750000,MU 260717 750.00C,646.47,513,3198155.0,CALL,2026-07-17,750.0,1892,80.919,0.414005314,0.001688509,-0.656260374,1.111117318,71,100.0,US.MU,61.8,74.5,54.26,68.0428,-0.16014664253561645,729046231949.97,"成交额 $3,198,155 ≥ 阈值 $500,000 | 成交量 513 手",US.MU,2026-05-08 04:20:08
US.MU260515C665000,MU 260515 665.00C,646.47,1024,3180679.0,CALL,2026-05-15,665.0,236,81.054,0.433687927,0.005073736,-1.995190276,0.376360108,8,100.0,US.MU,26.23,44.0,20.57,36.1569,-0.02866335638157992,729046231949.97,"成交额 $3,180,679 ≥ 阈值 $500,000 | 成交量 1,024 手",US.MU,2026-05-08 04:20:08
US.MU260508C652500,MU 260508 652.50C,646.47,2056,3178294.0,CALL,2026-05-08,652.5,1019,89.774,0.433322689,0.013018675,-6.188872603,0.132389638,1,100.0,US.MU,15.0,34.4,6.65,25.6122,-0.009327579005986315,729046231949.97,"成交额 $3,178,294 ≥ 阈值 $500,000 | 成交量 2,056 手",US.MU,2026-05-08 04:20:08
US.MU260515C550000,MU 260515 550.00C,646.47,294,3150374.0,CALL,2026-05-15,550.0,9317,89.111,0.903147205,0.002011033,-0.946546615,0.163996117,8,100.0,US.MU,102.5,131.65,91.85,120.8833,0.14922579547388126,729046231949.97,"成交额 $3,150,374 ≥ 阈值 $500,000 | 成交量 294 手",US.MU,2026-05-08 04:20:08
US.MU260618C680000,MU 260618 680.00C,646.47,464,3114989.0,CALL,2026-06-18,680.0,922,79.581,0.485674067,0.002284236,-0.85924345,0.874389578,42,100.0,US.MU,59.66,77.28,54.0,69.6556,-0.05186628923229225,729046231949.97,"成交额 $3,114,989 ≥ 阈值 $500,000 | 成交量 464 手",US.MU,2026-05-08 04:20:08
US.MU260918C630000,MU 260918 630.00C,646.47,235,3088398.0,CALL,2026-09-18,630.0,222,79.356,0.626440008,0.001218163,-0.467446043,1.483804692,134,100.0,US.MU,138.95,150.25,130.0,148.1909,0.02547682027008218,729046231949.97,"成交额 $3,088,398 ≥ 阈值 $500,000 | 成交量 235 手",US.MU,2026-05-08 04:20:08
US.MU260605C630000,MU 260605 630.00C,646.47,433,3031159.0,CALL,2026-06-05,630.0,184,78.754,0.595383299,0.002699925,-0.999521425,0.706119807,29,100.0,US.MU,66.0,88.35,61.0,81.0787,0.02547682027008218,729046231949.97,"成交额 $3,031,159 ≥ 阈值 $500,000 | 成交量 433 手",US.MU,2026-05-08 04:20:08
US.MU260618C640000,MU 260618 640.00C,646.47,383,2984768.0,CALL,2026-06-18,640.0,1727,79.117,0.574645629,0.002258743,-0.844665777,0.859594558,42,100.0,US.MU,76.9,95.18,68.12,88.4242,0.010008198369607294,729046231949.97,"成交额 $2,984,768 ≥ 阈值 $500,000 | 成交量 383 手",US.MU,2026-05-08 04:20:08
US.MU260508P642500,MU 260508 642.50P,646.47,2299,2954208.0,PUT,2026-05-08,642.5,304,87.819,-0.434428519,0.013316189,-6.005369453,0.132448997,1,100.0,US.MU,13.8,17.07,3.68,8.1023,-0.006141042894488572,729046231949.97,"成交额 $2,954,208 ≥ 阈值 $500,000 | 成交量 2,299 手",US.MU,2026-05-08 04:20:08
US.MU260618P550000,MU 260618 550.00P,646.47,1139,2924389.0,PUT,2026-06-18,550.0,4563,80.604,-0.228759598,0.001714065,-0.623935491,0.663860205,42,100.0,US.MU,26.91,29.5,21.64,24.6,-0.14922579547388126,729046231949.97,"成交额 $2,924,389 ≥ 阈值 $500,000 | 成交量 1,139 手",US.MU,2026-05-08 04:20:08
US.MU260508P665000,MU 260508 665.00P,646.47,1879,2906065.0,PUT,2026-05-08,665.0,132,88.05,-0.72121798,0.011341814,-5.06768045,0.113044836,1,100.0,US.MU,22.18,32.25,8.5,16.8329,0.02866335638157992,729046231949.97,"成交额 $2,906,065 ≥ 阈值 $500,000 | 成交量 1,879 手",US.MU,2026-05-08 04:20:08
US.MU260508C657500,MU 260508 657.50C,646.47,2069,2882588.0,CALL,2026-05-08,657.5,575,89.323,0.36949262,0.012553648,-5.890696466,0.127018464,1,100.0,US.MU,12.65,31.47,5.27,22.5664,-0.017061889956223757,729046231949.97,"成交额 $2,882,588 ≥ 阈值 $500,000 | 成交量 2,069 手",US.MU,2026-05-08 04:20:08
US.MU260508C590000,MU 260508 590.00C,646.47,440,2877639.0,CALL,2026-05-08,590.0,1292,109.857,0.948785765,0.002843232,-1.939259282,0.035381034,1,100.0,US.MU,64.0,89.81,48.38,77.9372,0.08735130787198173,729046231949.97,"成交额 $2,877,639 ≥ 阈值 $500,000 | 成交量 440 手",US.MU,2026-05-08 04:20:08
US.MU260717C640000,MU 260717 640.00C,646.47,278,2837520.0,CALL,2026-07-17,640.0,1812,80.611,0.589669478,0.001691421,-0.660380744,1.108803841,71,100.0,US.MU,100.38,116.74,91.0,109.9187,0.010008198369607294,729046231949.97,"成交额 $2,837,520 ≥ 阈值 $500,000 | 成交量 278 手",US.MU,2026-05-08 04:20:08
US.MU260515C750000,MU 260515 750.00C,646.47,3786,2804861.0,CALL,2026-05-15,750.0,3171,85.082,0.133741023,0.002650406,-1.090686402,0.206362572,8,100.0,US.MU,6.4,13.25,4.6,10.175,-0.16014664253561645,729046231949.97,"成交额 $2,804,861 ≥ 阈值 $500,000 | 成交量 3,786 手",US.MU,2026-05-08 04:20:08
US.MU260508C667500,MU 260508 667.50C,646.47,2238,2803310.0,CALL,2026-05-08,667.5,453,89.512,0.255789693,0.010675877,-4.981730274,0.108246207,1,100.0,US.MU,7.15,24.3,3.6,17.4368,-0.03253051185669864,729046231949.97,"成交额 $2,803,310 ≥ 阈值 $500,000 | 成交量 2,238 手",US.MU,2026-05-08 04:20:08
US.MU260717C660000,MU 260717 660.00C,646.47,290,2773580.0,CALL,2026-07-17,660.0,861,81.007,0.556141809,0.001709829,-0.672185009,1.126380326,71,100.0,US.MU,91.45,110.0,83.7,100.7738,-0.02092904543134248,729046231949.97,"成交额 $2,773,580 ≥ 阈值 $500,000 | 成交量 290 手",US.MU,2026-05-08 04:20:08
US.MU260508P635000,MU 260508 635.00P,646.47,3366,2698090.0,PUT,2026-05-08,635.0,1941,88.781,-0.337996662,0.012235356,-5.623928663,0.123037658,1,100.0,US.MU,8.83,13.15,2.55,6.1999,-0.017742509319844738,729046231949.97,"成交额 $2,698,090 ≥ 阈值 $500,000 | 成交量 3,366 手",US.MU,2026-05-08 04:20:08
US.MU260618C910000,MU 260618 910.00C,646.47,1958,2696658.0,CALL,2026-06-18,910.0,4717,84.404,0.15017212,0.001260491,-0.521422498,0.511724879,42,100.0,US.MU,14.55,19.15,12.12,16.9499,-0.40764459294321465,729046231949.97,"成交额 $2,696,658 ≥ 阈值 $500,000 | 成交量 1,958 手",US.MU,2026-05-08 04:20:08
US.MU260618P620000,MU 260618 620.00P,646.47,501,2685959.0,PUT,2026-06-18,620.0,1506,78.9,-0.380261196,0.002205906,-0.762480618,0.835030654,42,100.0,US.MU,52.1,58.15,43.95,49.15,-0.04094544217055707,729046231949.97,"成交额 $2,685,959 ≥ 阈值 $500,000 | 成交量 501 手",US.MU,2026-05-08 04:20:08
US.MU260626C700000,MU 260626 700.00C,646.47,418,2676177.0,CALL,2026-06-26,700.0,0,82.66,0.464155674,0.002008677,-0.814013148,0.950815181,50,100.0,US.MU,63.0,77.1,54.45,63.0,-0.08280353303324202,729046231949.97,"成交额 $2,676,177 ≥ 阈值 $500,000 | 成交量 418 手",US.MU,2026-05-08 04:20:08
US.MU260717C630000,MU 260717 630.00C,646.47,246,2663580.0,CALL,2026-07-17,630.0,718,80.799,0.606878412,0.001668876,-0.655516046,1.096588484,71,100.0,US.MU,107.59,125.45,96.0,114.8378,0.02547682027008218,729046231949.97,"成交额 $2,663,580 ≥ 阈值 $500,000 | 成交量 246 手",US.MU,2026-05-08 04:20:08
US.MU260612P660000,MU 260612 660.00P,646.47,411,2632185.0,PUT,2026-06-12,660.0,15,78.777,-0.478770657,0.002498978,-0.857655937,0.808576679,36,100.0,US.MU,66.25,74.23,59.65,63.0855,0.02092904543134248,729046231949.97,"成交额 $2,632,185 ≥ 阈值 $500,000 | 成交量 411 手",US.MU,2026-05-08 04:20:08
US.MU260508P675000,MU 260508 675.00P,646.47,1543,2614038.0,PUT,2026-05-08,675.0,32,86.823,-0.82277776,0.008905272,-3.793492347,0.087435601,1,100.0,US.MU,27.75,40.1,11.98,22.2767,0.044131978282054805,729046231949.97,"成交额 $2,614,038 ≥ 阈值 $500,000 | 成交量 1,543 手",US.MU,2026-05-08 04:20:08
US.MU260508C677500,MU 260508 677.50C,646.47,2478,2587096.0,CALL,2026-05-08,677.5,366,91.711,0.17079528,0.008222784,-3.973053395,0.085420434,1,100.0,US.MU,5.89,18.6,2.0,13.0003,-0.04799913375717353,729046231949.97,"成交额 $2,587,096 ≥ 阈值 $500,000 | 成交量 2,478 手",US.MU,2026-05-08 04:20:08
US.MU260618C630000,MU 260618 630.00C,646.47,303,2575033.0,CALL,2026-06-18,630.0,2933,79.321,0.59752923,0.002224328,-0.837343575,0.848676843,42,100.0,US.MU,80.0,100.0,74.0,93.5809,0.02547682027008218,729046231949.97,"成交额 $2,575,033 ≥ 阈值 $500,000 | 成交量 303 手",US.MU,2026-05-08 04:20:08
US.MU260618C800000,MU 260618 800.00C,646.47,839,2419860.0,CALL,2026-06-18,800.0,3944,81.234,0.267798077,0.001848239,-0.715051381,0.722166797,42,100.0,US.MU,28.86,37.65,23.8,33.275,-0.2374897520379909,729046231949.97,"成交额 $2,419,860 ≥ 阈值 $500,000 | 成交量 839 手",US.MU,2026-05-08 04:20:08
US.MU260717C800000,MU 260717 800.00C,646.47,490,2410779.0,CALL,2026-07-17,800.0,2427,81.744,0.348095213,0.001585773,-0.626350426,1.054136917,71,100.0,US.MU,48.36,60.2,42.9,54.6479,-0.2374897520379909,729046231949.97,"成交额 $2,410,779 ≥ 阈值 $500,000 | 成交量 490 手",US.MU,2026-05-08 04:20:08
US.MU260508C610000,MU 260508 610.00C,646.47,494,2393959.0,CALL,2026-05-08,610.0,1089,98.756,0.877408335,0.006109584,-3.436970213,0.068343157,1,100.0,US.MU,42.16,73.0,31.17,59.1857,0.05641406407103195,729046231949.97,"成交额 $2,393,959 ≥ 阈值 $500,000 | 成交量 494 手",US.MU,2026-05-08 04:20:08
US.MU260508P647500,MU 260508 647.50P,646.47,1842,2392654.0,PUT,2026-05-08,647.5,178,87.401,-0.501893121,0.013563936,-6.057643184,0.1342646,1,100.0,US.MU,15.7,20.14,4.26,9.625,0.0015932680557488711,729046231949.97,"成交额 $2,392,654 ≥ 阈值 $500,000 | 成交量 1,842 手",US.MU,2026-05-08 04:20:08
US.MU260918P560000,MU 260918 560.00P,646.47,322,2364718.0,PUT,2026-09-18,560.0,115,78.922,-0.286532196,0.00110622,-0.371521302,1.333337534,134,100.0,US.MU,66.05,74.4,66.05,69.4912,-0.13375717357340638,729046231949.97,"成交额 $2,364,718 ≥ 阈值 $500,000 | 成交量 322 手",US.MU,2026-05-08 04:20:08
US.MU260508P655000,MU 260508 655.00P,646.47,2537,2364030.0,PUT,2026-05-08,655.0,315,86.629,-0.602821983,0.013229539,-5.782988785,0.12977897,1,100.0,US.MU,18.03,25.0,5.6,12.3459,0.013194734481105036,729046231949.97,"成交额 $2,364,030 ≥ 阈值 $500,000 | 成交量 2,537 手",US.MU,2026-05-08 04:20:08
US.MU260515C675000,MU 260515 675.00C,646.47,812,2269837.0,CALL,2026-05-15,675.0,321,81.21,0.385652457,0.004922646,-1.936244784,0.365856256,8,100.0,US.MU,23.5,38.86,16.8,31.6,-0.044131978282054805,729046231949.97,"成交额 $2,269,837 ≥ 阈值 $500,000 | 成交量 812 手",US.MU,2026-05-08 04:20:08
US.MU260522C700000,MU 260522 700.00C,646.47,793,2240592.0,CALL,2026-05-22,700.0,1075,82.008,0.35008043,0.003447089,-1.365750749,0.485391984,15,100.0,US.MU,26.35,40.0,20.75,33.5383,-0.08280353303324202,729046231949.97,"成交额 $2,240,592 ≥ 阈值 $500,000 | 成交量 793 手",US.MU,2026-05-08 04:20:08
US.MU260515C685000,MU 260515 685.00C,646.47,1092,2226402.0,CALL,2026-05-15,685.0,106,81.517,0.340513161,0.004701272,-1.854945514,0.350721206,8,100.0,US.MU,19.95,34.4,14.5,27.5778,-0.059600600182529696,729046231949.97,"成交额 $2,226,402 ≥ 阈值 $500,000 | 成交量 1,092 手",US.MU,2026-05-08 04:20:08
US.MU260515C630000,MU 260515 630.00C,646.47,519,2182802.0,CALL,2026-05-15,630.0,1416,81.441,0.611454307,0.004919364,-1.964262889,0.366652232,8,100.0,US.MU,44.65,68.05,34.21,56.1986,0.02547682027008218,729046231949.97,"成交额 $2,182,802 ≥ 阈值 $500,000 | 成交量 519 手",US.MU,2026-05-08 04:20:08
US.MU260508P637500,MU 260508 637.50P,646.47,1997,2182794.0,PUT,2026-05-08,637.5,493,89.155,-0.370058235,0.012584501,-5.841351261,0.127079904,1,100.0,US.MU,8.75,14.47,2.84,6.725,-0.013875353844726015,729046231949.97,"成交额 $2,182,794 ≥ 阈值 $500,000 | 成交量 1,997 手",US.MU,2026-05-08 04:20:08
US.MU260508P620000,MU 260508 620.00P,646.47,5545,2174173.0,PUT,2026-05-08,620.0,2130,93.048,-0.185510671,0.008538302,-4.246733691,0.08998905,1,100.0,US.MU,5.5,7.3,1.35,3.5792,-0.04094544217055707,729046231949.97,"成交额 $2,174,173 ≥ 阈值 $500,000 | 成交量 5,545 手",US.MU,2026-05-08 04:20:08
US.MU260508C672500,MU 260508 672.50C,646.47,2064,2158701.0,CALL,2026-05-08,672.5,407,90.392,0.209501344,0.009459941,-4.47242815,0.096859588,1,100.0,US.MU,7.57,20.85,2.55,15.1583,-0.040264822806936086,729046231949.97,"成交额 $2,158,701 ≥ 阈值 $500,000 | 成交量 2,064 手",US.MU,2026-05-08 04:20:08
US.MU261016C1000000,MU 261016 1000.00C,646.47,363,2104550.0,CALL,2026-10-16,1000.0,2879,80.999,0.305673392,0.001004849,-0.392349602,1.510333589,162,100.0,US.MU,56.25,66.71,50.8,61.4109,-0.5468621900474886,729046231949.97,"成交额 $2,104,550 ≥ 阈值 $500,000 | 成交量 363 手",US.MU,2026-05-08 04:20:08
US.MU260508C585000,MU 260508 585.00C,646.47,299,2085228.0,CALL,2026-05-08,585.0,1154,121.556,0.946987191,0.00264101,-2.200710657,0.036364564,1,100.0,US.MU,65.88,96.1,54.43,82.8198,0.09508561882221916,729046231949.97,"成交额 $2,085,228 ≥ 阈值 $500,000 | 成交量 299 手",US.MU,2026-05-08 04:20:08
US.MU260508C685000,MU 260508 685.00C,646.47,3984,2073122.0,CALL,2026-05-08,685.0,1777,93.602,0.123674371,0.006485809,-3.224700311,0.068765316,1,100.0,US.MU,4.75,14.9,1.36,10.4821,-0.059600600182529696,729046231949.97,"成交额 $2,073,122 ≥ 阈值 $500,000 | 成交量 3,984 手",US.MU,2026-05-08 04:20:08
US.MU260515P620000,MU 260515 620.00P,646.47,1267,2049923.0,PUT,2026-05-15,620.0,1449,81.205,-0.338556702,0.004710725,-1.808282247,0.349923701,8,100.0,US.MU,20.7,23.2,11.35,15.7202,-0.04094544217055707,729046231949.97,"成交额 $2,049,923 ≥ 阈值 $500,000 | 成交量 1,267 手",US.MU,2026-05-08 04:20:08
US.MU260508C635000,MU 260508 635.00C,646.47,945,1915532.0,CALL,2026-05-08,635.0,981,90.67,0.659194323,0.012017849,-5.826014417,0.123431076,1,100.0,US.MU,25.95,48.0,13.56,37.9423,0.017742509319844738,729046231949.97,"成交额 $1,915,532 ≥ 阈值 $500,000 | 成交量 945 手",US.MU,2026-05-08 04:20:08
US.MU260515C620000,MU 260515 620.00C,646.47,348,1915262.0,CALL,2026-05-15,620.0,2132,81.013,0.661832784,0.004717982,-1.863888371,0.34979367,8,100.0,US.MU,50.87,73.0,39.83,62.9771,0.04094544217055707,729046231949.97,"成交额 $1,915,262 ≥ 阈值 $500,000 | 成交量 348 手",US.MU,2026-05-08 04:20:08
US.MU260618C690000,MU 260618 690.00C,646.47,325,1862193.0,CALL,2026-06-18,690.0,1294,79.444,0.463895642,0.002280271,-0.853778971,0.871366784,42,100.0,US.MU,55.85,73.5,49.27,65.6163,-0.06733491113276714,729046231949.97,"成交额 $1,862,193 ≥ 阈值 $500,000 | 成交量 325 手",US.MU,2026-05-08 04:20:08
US.MU260522C640000,MU 260522 640.00C,646.47,379,1855366.0,CALL,2026-05-22,640.0,284,81.821,0.561232078,0.003676975,-1.466134047,0.516590986,15,100.0,US.MU,50.2,71.0,42.0,61.0966,0.010008198369607294,729046231949.97,"成交额 $1,855,366 ≥ 阈值 $500,000 | 成交量 379 手",US.MU,2026-05-08 04:20:08
US.MU260522C650000,MU 260522 650.00C,646.47,390,1851668.0,CALL,2026-05-22,650.0,559,81.887,0.524189755,0.003711061,-1.479874362,0.521799634,15,100.0,US.MU,45.9,63.3,37.2,55.5148,-0.005460423530867593,729046231949.97,"成交额 $1,851,668 ≥ 阈值 $500,000 | 成交量 390 手",US.MU,2026-05-08 04:20:08
US.MU260508C637500,MU 260508 637.50C,646.47,906,1804946.0,CALL,2026-05-08,637.5,558,90.001,0.62895484,0.012476009,-5.965360096,0.127191753,1,100.0,US.MU,20.65,48.29,12.45,35.9676,0.013875353844726015,729046231949.97,"成交额 $1,804,946 ≥ 阈值 $500,000 | 成交量 906 手",US.MU,2026-05-08 04:20:08
US.MU260522C645000,MU 260522 645.00C,646.47,370,1780115.0,CALL,2026-05-22,645.0,350,82.016,0.542724069,0.003690754,-1.477475716,0.519760266,15,100.0,US.MU,47.59,62.65,39.26,58.3048,0.0022738874193698505,729046231949.97,"成交额 $1,780,115 ≥ 阈值 $500,000 | 成交量 370 手",US.MU,2026-05-08 04:20:08
US.MU260605C700000,MU 260605 700.00C,646.47,426,1733474.0,CALL,2026-06-05,700.0,603,79.598,0.409643017,0.002679468,-1.002612606,0.708266398,29,100.0,US.MU,41.5,54.3,34.0,48.6172,-0.08280353303324202,729046231949.97,"成交额 $1,733,474 ≥ 阈值 $500,000 | 成交量 426 手",US.MU,2026-05-08 04:20:08
US.MU260515C652500,MU 260515 652.50C,646.47,489,1710041.0,CALL,2026-05-15,652.5,172,80.616,0.496232734,0.005172657,-2.019003701,0.381628871,8,100.0,US.MU,30.78,50.0,25.8,42.6823,-0.009327579005986315,729046231949.97,"成交额 $1,710,041 ≥ 阈值 $500,000 | 成交量 489 手",US.MU,2026-05-08 04:20:08
US.MU260508P610000,MU 260508 610.00P,646.47,7524,1670709.0,PUT,2026-05-08,610.0,3354,97.205,-0.11903629,0.006079841,-3.251432368,0.066941451,1,100.0,US.MU,3.5,4.8,0.96,2.4466,-0.05641406407103195,729046231949.97,"成交额 $1,670,709 ≥ 阈值 $500,000 | 成交量 7,524 手",US.MU,2026-05-08 04:20:08
US.MU260515P645000,MU 260515 645.00P,646.47,575,1658526.0,PUT,2026-05-15,645.0,821,80.486,-0.465379575,0.00516572,-1.948464126,0.380162845,8,100.0,US.MU,31.0,35.78,18.2,24.6357,-0.0022738874193698505,729046231949.97,"成交额 $1,658,526 ≥ 阈值 $500,000 | 成交量 575 手",US.MU,2026-05-08 04:20:08
US.MU260605C650000,MU 260605 650.00C,646.47,265,1654837.0,CALL,2026-06-05,650.0,535,79.395,0.540458944,0.002743135,-1.02851763,0.723258468,29,100.0,US.MU,60.0,78.65,51.74,70.5346,-0.005460423530867593,729046231949.97,"成交额 $1,654,837 ≥ 阈值 $500,000 | 成交量 265 手",US.MU,2026-05-08 04:20:08
US.MU260508P667500,MU 260508 667.50P,646.47,966,1620113.0,PUT,2026-05-08,667.5,84,88.062,-0.748028097,0.010774229,-4.796821782,0.107385414,1,100.0,US.MU,25.0,34.28,9.83,18.1938,0.03253051185669864,729046231949.97,"成交额 $1,620,113 ≥ 阈值 $500,000 | 成交量 966 手",US.MU,2026-05-08 04:20:08
US.MU260515P630000,MU 260515 630.00P,646.47,752,1605909.0,PUT,2026-05-15,630.0,666,80.687,-0.388123193,0.004966306,-1.884308855,0.366505365,8,100.0,US.MU,23.55,28.0,13.6,18.9365,-0.02547682027008218,729046231949.97,"成交额 $1,605,909 ≥ 阈值 $500,000 | 成交量 752 手",US.MU,2026-05-08 04:20:08
US.MU260508P662500,MU 260508 662.50P,646.47,1029,1587713.0,PUT,2026-05-08,662.5,104,86.198,-0.697089875,0.012043047,-5.171293527,0.117520456,1,100.0,US.MU,23.1,29.85,8.0,15.472,0.0247962009064612,729046231949.97,"成交额 $1,587,713 ≥ 阈值 $500,000 | 成交量 1,029 手",US.MU,2026-05-08 04:20:08
US.MU260605C660000,MU 260605 660.00C,646.47,263,1542571.0,CALL,2026-06-05,660.0,315,79.005,0.512930353,0.002769505,-1.026819761,0.726618067,29,100.0,US.MU,54.33,73.0,47.5,65.6299,-0.02092904543134248,729046231949.97,"成交额 $1,542,571 ≥ 阈值 $500,000 | 成交量 263 手",US.MU,2026-05-08 04:20:08
US.MU260618C750000,MU 260618 750.00C,646.47,392,1534267.0,CALL,2026-06-18,750.0,2702,80.399,0.347492609,0.002095056,-0.797907752,0.810201328,42,100.0,US.MU,39.35,50.82,33.12,45.3322,-0.16014664253561645,729046231949.97,"成交额 $1,534,267 ≥ 阈值 $500,000 | 成交量 392 手",US.MU,2026-05-08 04:20:08
US.MU260918P460000,MU 260918 460.00P,646.47,469,1512470.0,PUT,2026-09-18,460.0,216,80.351,-0.166649901,0.000795347,-0.281499597,0.978930968,134,100.0,US.MU,32.05,36.15,31.93,33.9182,-0.28844339257815527,729046231949.97,"成交额 $1,512,470 ≥ 阈值 $500,000 | 成交量 469 手",US.MU,2026-05-08 04:20:08
US.MU260515C647500,MU 260515 647.50C,646.47,489,1511384.0,CALL,2026-05-15,647.5,44,80.863,0.522030312,0.005149241,-2.024008521,0.381063974,8,100.0,US.MU,34.61,54.45,26.15,45.496,-0.0015932680557488711,729046231949.97,"成交额 $1,511,384 ≥ 阈值 $500,000 | 成交量 489 手",US.MU,2026-05-08 04:20:08
US.MU260508P625000,MU 260508 625.00P,646.47,3235,1504398.0,PUT,2026-05-08,625.0,1706,91.686,-0.230008035,0.009840541,-4.782196075,0.102195419,1,100.0,US.MU,6.15,8.85,1.62,4.3096,-0.03321113122031962,729046231949.97,"成交额 $1,504,398 ≥ 阈值 $500,000 | 成交量 3,235 手",US.MU,2026-05-08 04:20:08
US.MU260618P580000,MU 260618 580.00P,646.47,451,1485774.0,PUT,2026-06-18,580.0,1498,79.581,-0.290469794,0.001965441,-0.69527228,0.751183857,42,100.0,US.MU,37.5,40.0,30.13,33.7,-0.1028199297724566,729046231949.97,"成交额 $1,485,774 ≥ 阈值 $500,000 | 成交量 451 手",US.MU,2026-05-08 04:20:08
US.MU260515C720000,MU 260515 720.00C,646.47,1232,1480800.0,CALL,2026-05-15,720.0,1290,83.295,0.210676981,0.003623641,-1.462143113,0.276216508,8,100.0,US.MU,11.4,20.06,7.8,16.2365,-0.1137407768341918,729046231949.97,"成交额 $1,480,800 ≥ 阈值 $500,000 | 成交量 1,232 手",US.MU,2026-05-08 04:20:08
US.MU260515C800000,MU 260515 800.00C,646.47,4627,1457602.0,CALL,2026-05-15,800.0,4323,88.97,0.061159806,0.001420701,-0.612470546,0.115675425,8,100.0,US.MU,3.25,5.91,1.95,4.6416,-0.2374897520379909,729046231949.97,"成交额 $1,457,602 ≥ 阈值 $500,000 | 成交量 4,627 手",US.MU,2026-05-08 04:20:08
US.MU260515C690000,MU 260515 690.00C,646.47,782,1453948.0,CALL,2026-05-15,690.0,480,81.545,0.318761432,0.004576701,-1.802490145,0.341543823,8,100.0,US.MU,16.8,31.5,13.0,25.6009,-0.06733491113276714,729046231949.97,"成交额 $1,453,948 ≥ 阈值 $500,000 | 成交量 782 手",US.MU,2026-05-08 04:20:08
US.MU260618P500000,MU 260618 500.00P,646.47,969,1448753.0,PUT,2026-06-18,500.0,3886,83.284,-0.143303308,0.001238499,-0.48260495,0.495885196,42,100.0,US.MU,15.58,17.0,12.37,13.85,-0.2265689049762557,729046231949.97,"成交额 $1,448,753 ≥ 阈值 $500,000 | 成交量 969 手",US.MU,2026-05-08 04:20:08
US.MU260605P600000,MU 260605 600.00P,646.47,435,1430866.0,PUT,2026-06-05,600.0,379,79.428,-0.323424616,0.002484515,-0.881490777,0.654463728,29,100.0,US.MU,34.0,38.35,26.7,30.8,-0.07188268597150684,729046231949.97,"成交额 $1,430,866 ≥ 阈值 $500,000 | 成交量 435 手",US.MU,2026-05-08 04:20:08
US.MU260522C670000,MU 260522 670.00C,646.47,361,1412615.0,CALL,2026-05-22,670.0,333,81.988,0.451608237,0.003685963,-1.468558012,0.518908716,15,100.0,US.MU,37.1,53.45,30.25,45.6684,-0.03639766733181737,729046231949.97,"成交额 $1,412,615 ≥ 阈值 $500,000 | 成交量 361 手",US.MU,2026-05-08 04:20:08
US.MU260529C660000,MU 260529 660.00C,646.47,243,1360480.0,CALL,2026-05-29,660.0,443,78.937,0.501031082,0.003184312,-1.177636109,0.633167435,22,100.0,US.MU,50.35,65.0,40.0,57.7458,-0.02092904543134248,729046231949.97,"成交额 $1,360,480 ≥ 阈值 $500,000 | 成交量 243 手",US.MU,2026-05-08 04:20:08
US.MU260515P670000,MU 260515 670.00P,646.47,376,1360350.0,PUT,2026-05-15,670.0,43,80.501,-0.592025006,0.005049668,-1.888603694,0.371366931,8,100.0,US.MU,41.4,51.0,28.55,36.5765,0.03639766733181737,729046231949.97,"成交额 $1,360,350 ≥ 阈值 $500,000 | 成交量 376 手",US.MU,2026-05-08 04:20:08
US.MU260515C725000,MU 260515 725.00C,646.47,990,1345901.0,CALL,2026-05-15,725.0,111,83.192,0.194495477,0.003458847,-1.38695139,0.26332852,8,100.0,US.MU,10.67,17.3,7.15,15.0817,-0.12147508778442924,729046231949.97,"成交额 $1,345,901 ≥ 阈值 $500,000 | 成交量 990 手",US.MU,2026-05-08 04:20:08
US.MU260918C1200000,MU 260918 1200.00C,646.47,483,1343894.0,CALL,2026-09-18,1200.0,5,82.293,0.16754186,0.000777569,-0.309819812,0.982120197,134,100.0,US.MU,30.36,30.4,22.95,28.728,-0.8562346280569864,729046231949.97,"成交额 $1,343,894 ≥ 阈值 $500,000 | 成交量 483 手",US.MU,2026-05-08 04:20:08
US.MU260515C662500,MU 260515 662.50C,646.47,445,1337857.0,CALL,2026-05-15,662.5,117,80.705,0.445639197,0.005119183,-1.997371874,0.378096322,8,100.0,US.MU,29.0,45.0,20.9,37.3093,-0.0247962009064612,729046231949.97,"成交额 $1,337,857 ≥ 阈值 $500,000 | 成交量 445 手",US.MU,2026-05-08 04:20:08
US.MU260612C670000,MU 260612 670.00C,646.47,206,1307564.0,CALL,2026-06-12,670.0,68,79.136,0.49834187,0.002482764,-0.923554444,0.810025669,36,100.0,US.MU,58.55,74.25,50.9,67.5,-0.03639766733181737,729046231949.97,"成交额 $1,307,564 ≥ 阈值 $500,000 | 成交量 206 手",US.MU,2026-05-08 04:20:08
US.MU260918C900000,MU 260918 900.00C,646.47,210,1300119.0,CALL,2026-09-18,900.0,3241,80.324,0.341452971,0.00116622,-0.447911127,1.437819214,134,100.0,US.MU,60.28,69.85,54.0,65.4455,-0.39217597104273977,729046231949.97,"成交额 $1,300,119 ≥ 阈值 $500,000 | 成交量 210 手",US.MU,2026-05-08 04:20:08
US.MU260717P550000,MU 260717 550.00P,646.47,303,1293066.0,PUT,2026-07-17,550.0,740,81.019,-0.258018985,0.001401137,-0.508621943,0.921226244,71,100.0,US.MU,42.95,46.25,36.8,40.45,-0.14922579547388126,729046231949.97,"成交额 $1,293,066 ≥ 阈值 $500,000 | 成交量 303 手",US.MU,2026-05-08 04:20:08
US.MU260529C650000,MU 260529 650.00C,646.47,240,1287277.0,CALL,2026-05-29,650.0,831,78.918,0.532421454,0.003174566,-1.17532076,0.631077929,22,100.0,US.MU,52.95,70.75,43.9,62.4131,-0.005460423530867593,729046231949.97,"成交额 $1,287,277 ≥ 阈值 $500,000 | 成交量 240 手",US.MU,2026-05-08 04:20:08
US.MU260522P590000,MU 260522 590.00P,646.47,729,1273174.0,PUT,2026-05-22,590.0,202,83.14,-0.262180816,0.002991408,-1.180724955,0.426825684,15,100.0,US.MU,18.8,22.0,13.25,16.4138,-0.08735130787198173,729046231949.97,"成交额 $1,273,174 ≥ 阈值 $500,000 | 成交量 729 手",US.MU,2026-05-08 04:20:08
US.MU260618C730000,MU 260618 730.00C,646.47,273,1265350.0,CALL,2026-06-18,730.0,474,79.967,0.38360325,0.002177153,-0.822076034,0.837433936,42,100.0,US.MU,44.95,55.95,38.53,51.3079,-0.1292093987346667,729046231949.97,"成交额 $1,265,350 ≥ 阈值 $500,000 | 成交量 273 手",US.MU,2026-05-08 04:20:08
US.MU260508P672500,MU 260508 672.50P,646.47,651,1255105.0,PUT,2026-05-08,672.5,9,86.122,-0.802624373,0.00959366,-4.041325842,0.093460968,1,100.0,US.MU,26.05,38.97,11.3,20.9157,0.040264822806936086,729046231949.97,"成交额 $1,255,105 ≥ 阈值 $500,000 | 成交量 651 手",US.MU,2026-05-08 04:20:08
US.MU260717C1000000,MU 260717 1000.00C,646.47,543,1249921.0,CALL,2026-07-17,1000.0,1175,85.059,0.169594837,0.001041644,-0.440226478,0.720491516,71,100.0,US.MU,21.5,26.0,17.5,23.376,-0.5468621900474886,729046231949.97,"成交额 $1,249,921 ≥ 阈值 $500,000 | 成交量 543 手",US.MU,2026-05-08 04:20:08
US.MU260515P627500,MU 260515 627.50P,646.47,558,1243546.0,PUT,2026-05-15,627.5,28,80.809,-0.375530389,0.004909652,-1.868145881,0.362884319,8,100.0,US.MU,21.0,25.7,14.22,18.1086,-0.029343975745200902,729046231949.97,"成交额 $1,243,546 ≥ 阈值 $500,000 | 成交量 558 手",US.MU,2026-05-08 04:20:08
US.MU260508P677500,MU 260508 677.50P,646.47,667,1192766.0,PUT,2026-05-08,677.5,22,88.535,-0.838310512,0.008235749,-3.632190703,0.082434564,1,100.0,US.MU,30.89,42.67,13.15,23.7583,0.04799913375717353,729046231949.97,"成交额 $1,192,766 ≥ 阈值 $500,000 | 成交量 667 手",US.MU,2026-05-08 04:20:08
US.MU260515P585000,MU 260515 585.00P,646.47,1343,1158205.0,PUT,2026-05-15,585.0,298,83.602,-0.190003337,0.003393532,-1.360515593,0.259582577,8,100.0,US.MU,8.95,11.65,5.35,7.8078,-0.09508561882221916,729046231949.97,"成交额 $1,158,205 ≥ 阈值 $500,000 | 成交量 1,343 手",US.MU,2026-05-08 04:20:08
US.MU260508C617500,MU 260508 617.50C,646.47,249,1107562.0,CALL,2026-05-08,617.5,618,96.914,0.826645088,0.00785559,-4.291603356,0.086235919,1,100.0,US.MU,40.1,62.78,25.45,52.5212,0.044812597645675786,729046231949.97,"成交额 $1,107,562 ≥ 阈值 $500,000 | 成交量 249 手",US.MU,2026-05-08 04:20:08
US.MU260515C667500,MU 260515 667.50C,646.47,348,1095445.0,CALL,2026-05-15,667.5,60,80.859,0.421111227,0.005056216,-1.977144101,0.374157853,8,100.0,US.MU,26.3,42.58,19.25,35.0045,-0.03253051185669864,729046231949.97,"成交额 $1,095,445 ≥ 阈值 $500,000 | 成交量 348 手",US.MU,2026-05-08 04:20:08
US.MU260508P657500,MU 260508 657.50P,646.47,767,1089801.0,PUT,2026-05-08,657.5,208,87.498,-0.633557978,0.012784756,-5.690244159,0.12666621,1,100.0,US.MU,19.95,26.9,6.48,13.323,0.017061889956223757,729046231949.97,"成交额 $1,089,801 ≥ 阈值 $500,000 | 成交量 767 手",US.MU,2026-05-08 04:20:08
US.MU260515C642500,MU 260515 642.50C,646.47,326,1088669.0,CALL,2026-05-15,642.5,42,81.169,0.547777281,0.005100802,-2.021489401,0.378905776,8,100.0,US.MU,34.4,58.02,28.2,48.3958,0.006141042894488572,729046231949.97,"成交额 $1,088,669 ≥ 阈值 $500,000 | 成交量 326 手",US.MU,2026-05-08 04:20:08
US.MU260515P647500,MU 260515 647.50P,646.47,352,1083471.0,PUT,2026-05-15,647.5,30,80.558,-0.478294509,0.005173189,-1.953924163,0.381033341,8,100.0,US.MU,32.23,36.8,19.95,25.7264,0.0015932680557488711,729046231949.97,"成交额 $1,083,471 ≥ 阈值 $500,000 | 成交量 352 手",US.MU,2026-05-08 04:20:08
US.MU260515C682500,MU 260515 682.50C,646.47,496,1080029.0,CALL,2026-05-15,682.5,15,81.288,0.351172146,0.00476888,-1.87324481,0.354765627,8,100.0,US.MU,21.0,34.9,15.77,28.5752,-0.05573344470741097,729046231949.97,"成交额 $1,080,029 ≥ 阈值 $500,000 | 成交量 496 手",US.MU,2026-05-08 04:20:08
US.MU260529C700000,MU 260529 700.00C,646.47,298,1073248.0,CALL,2026-05-29,700.0,828,79.262,0.382440561,0.003032538,-1.123566272,0.60546904,22,100.0,US.MU,33.24,47.0,27.3,40.575,-0.08280353303324202,729046231949.97,"成交额 $1,073,248 ≥ 阈值 $500,000 | 成交量 298 手",US.MU,2026-05-08 04:20:08
US.MU260529P630000,MU 260529 630.00P,646.47,272,1067596.0,PUT,2026-05-29,630.0,143,78.714,-0.404493942,0.003105738,-1.085589392,0.614818675,22,100.0,US.MU,38.35,46.05,30.37,35.4745,-0.02547682027008218,729046231949.97,"成交额 $1,067,596 ≥ 阈值 $500,000 | 成交量 272 手",US.MU,2026-05-08 04:20:08
US.MU260515C710000,MU 260515 710.00C,646.47,822,1066740.0,CALL,2026-05-15,710.0,671,82.563,0.24265706,0.003959497,-1.580111767,0.299169439,8,100.0,US.MU,13.09,23.55,9.25,19.0022,-0.09827215493371691,729046231949.97,"成交额 $1,066,740 ≥ 阈值 $500,000 | 成交量 822 手",US.MU,2026-05-08 04:20:08
US.MU260522C660000,MU 260522 660.00C,646.47,246,1058667.0,CALL,2026-05-22,660.0,280,81.872,0.487487228,0.003716769,-1.479221928,0.522503266,15,100.0,US.MU,39.88,57.11,33.5,50.3665,-0.02092904543134248,729046231949.97,"成交额 $1,058,667 ≥ 阈值 $500,000 | 成交量 246 手",US.MU,2026-05-08 04:20:08
US.MU260515C637500,MU 260515 637.50C,646.47,305,1058435.0,CALL,2026-05-15,637.5,24,80.602,0.573607675,0.005085502,-1.988634975,0.375130832,8,100.0,US.MU,41.0,60.93,30.5,51.3785,0.013875353844726015,729046231949.97,"成交额 $1,058,435 ≥ 阈值 $500,000 | 成交量 305 手",US.MU,2026-05-08 04:20:08
US.MU260508P700000,MU 260508 700.00P,646.47,247,1051412.0,PUT,2026-05-08,700.0,140,97.416,-0.938166677,0.003750606,-1.886811786,0.041015449,1,100.0,US.MU,49.0,61.24,26.69,39.6628,0.08280353303324202,729046231949.97,"成交额 $1,051,412 ≥ 阈值 $500,000 | 成交量 247 手",US.MU,2026-05-08 04:20:08
US.MU260515P655000,MU 260515 655.00P,646.47,330,1050566.0,PUT,2026-05-15,655.0,213,79.942,-0.5173586,0.005216863,-1.936328862,0.381227373,8,100.0,US.MU,34.25,41.46,22.25,29.0034,0.013194734481105036,729046231949.97,"成交额 $1,050,566 ≥ 阈值 $500,000 | 成交量 330 手",US.MU,2026-05-08 04:20:08
US.MU260515P675000,MU 260515 675.00P,646.47,304,1046926.0,PUT,2026-05-15,675.0,19,80.245,-0.616618911,0.004982125,-1.845880795,0.365131365,8,100.0,US.MU,43.75,55.68,30.7,39.3237,0.044131978282054805,729046231949.97,"成交额 $1,046,926 ≥ 阈值 $500,000 | 成交量 304 手",US.MU,2026-05-08 04:20:08
US.MU260515C657500,MU 260515 657.50C,646.47,331,1029903.0,CALL,2026-05-15,657.5,141,81.481,0.471541135,0.005104982,-2.032922495,0.38067406,8,100.0,US.MU,32.65,46.7,22.77,39.8686,-0.017061889956223757,729046231949.97,"成交额 $1,029,903 ≥ 阈值 $500,000 | 成交量 331 手",US.MU,2026-05-08 04:20:08
US.MU260618P540000,MU 260618 540.00P,646.47,432,1016540.0,PUT,2026-06-18,540.0,1657,81.061,-0.209806188,0.001621543,-0.597420666,0.63166544,42,100.0,US.MU,24.5,26.14,19.59,22.1,-0.16469441737435617,729046231949.97,"成交额 $1,016,540 ≥ 阈值 $500,000 | 成交量 432 手",US.MU,2026-05-08 04:20:08
US.MU260918P380000,MU 260918 380.00P,646.47,576,999824.0,PUT,2026-09-18,380.0,3454,82.703,-0.090804025,0.000504946,-0.191178633,0.640601627,134,100.0,US.MU,16.4,18.1,15.42,16.4,-0.41219236778195434,729046231949.97,"成交额 $999,824 ≥ 阈值 $500,000 | 成交量 576 手",US.MU,2026-05-08 04:20:08
US.MU260522C665000,MU 260522 665.00C,646.47,234,981484.0,CALL,2026-05-22,665.0,293,81.894,0.469393746,0.003706648,-1.474730026,0.521220773,15,100.0,US.MU,36.64,55.1,31.5,47.9431,-0.02866335638157992,729046231949.97,"成交额 $981,484 ≥ 阈值 $500,000 | 成交量 234 手",US.MU,2026-05-08 04:20:08
US.MU260717C900000,MU 260717 900.00C,646.47,324,968143.0,CALL,2026-07-17,900.0,824,83.432,0.243432569,0.00131671,-0.538209893,0.89333944,71,100.0,US.MU,31.14,38.13,27.5,35.3843,-0.39217597104273977,729046231949.97,"成交额 $968,143 ≥ 阈值 $500,000 | 成交量 324 手",US.MU,2026-05-08 04:20:08
US.MU260515P580000,MU 260515 580.00P,646.47,1181,966007.0,PUT,2026-05-15,580.0,3837,84.521,-0.1740335,0.003177238,-1.298023286,0.24571423,8,100.0,US.MU,8.7,10.55,4.8,6.9857,-0.1028199297724566,729046231949.97,"成交额 $966,007 ≥ 阈值 $500,000 | 成交量 1,181 手",US.MU,2026-05-08 04:20:08
US.MU260508C720000,MU 260508 720.00C,646.47,5869,961818.0,CALL,2026-05-08,720.0,3973,106.066,0.027591662,0.001777932,-1.064806251,0.021362247,1,100.0,US.MU,1.41,4.25,0.27,3.2651,-0.1137407768341918,729046231949.97,"成交额 $961,818 ≥ 阈值 $500,000 | 成交量 5,869 手",US.MU,2026-05-08 04:20:08
US.MU260515P610000,MU 260515 610.00P,646.47,662,954686.0,PUT,2026-05-15,610.0,562,81.368,-0.290838978,0.004404729,-1.693067087,0.327881003,8,100.0,US.MU,16.1,18.7,9.18,12.9936,-0.05641406407103195,729046231949.97,"成交额 $954,686 ≥ 阈值 $500,000 | 成交量 662 手",US.MU,2026-05-08 04:20:08
US.MU261120P450000,MU 261120 450.00P,646.47,200,941332.0,PUT,2026-11-20,450.0,930,79.788,-0.173456263,0.000678725,-0.233488178,1.218234211,197,100.0,US.MU,48.22,48.5,44.6,45.95,-0.30391201447863014,729046231949.97,"成交额 $941,332 ≥ 阈值 $500,000 | 成交量 200 手",US.MU,2026-05-08 04:20:08
US.MU260522C647500,MU 260522 647.50C,646.47,209,935269.0,CALL,2026-05-22,647.5,177,81.974,0.533464156,0.003700907,-1.479471665,0.52092072,15,100.0,US.MU,49.29,64.9,39.95,56.9094,-0.0015932680557488711,729046231949.97,"成交额 $935,269 ≥ 阈值 $500,000 | 成交量 209 手",US.MU,2026-05-08 04:20:08
US.MU260605P580000,MU 260605 580.00P,646.47,335,934722.0,PUT,2026-06-05,580.0,245,79.965,-0.27187295,0.002278807,-0.82096039,0.604541729,29,100.0,US.MU,27.2,30.5,20.82,24.4964,-0.1028199297724566,729046231949.97,"成交额 $934,722 ≥ 阈值 $500,000 | 成交量 335 手",US.MU,2026-05-08 04:20:08
US.MU260515P625000,MU 260515 625.00P,646.47,480,933437.0,PUT,2026-05-15,625.0,342,81.121,-0.363259578,0.004837853,-1.854683465,0.358971188,8,100.0,US.MU,21.15,25.0,12.53,17.2808,-0.03321113122031962,729046231949.97,"成交额 $933,437 ≥ 阈值 $500,000 | 成交量 480 手",US.MU,2026-05-08 04:20:08
US.MU260508C632500,MU 260508 632.50C,646.47,346,910636.0,CALL,2026-05-08,632.5,712,92.201,0.686674023,0.011421486,-5.717953205,0.119286061,1,100.0,US.MU,25.85,51.0,14.95,39.9171,0.021609664794963457,729046231949.97,"成交额 $910,636 ≥ 阈值 $500,000 | 成交量 346 手",US.MU,2026-05-08 04:20:08
US.MU260515P550000,MU 260515 550.00P,646.47,2254,902747.0,PUT,2026-05-15,550.0,3219,88.448,-0.095391749,0.002003656,-0.87476448,0.162169189,8,100.0,US.MU,4.07,5.29,2.55,3.6761,-0.14922579547388126,729046231949.97,"成交额 $902,747 ≥ 阈值 $500,000 | 成交量 2,254 手",US.MU,2026-05-08 04:20:08
US.MU260508P652500,MU 260508 652.50P,646.47,681,900725.0,PUT,2026-05-08,652.5,313,86.889,-0.569524335,0.013437263,-5.919130639,0.132220568,1,100.0,US.MU,19.28,23.0,5.25,11.3688,0.009327579005986315,729046231949.97,"成交额 $900,725 ≥ 阈值 $500,000 | 成交量 681 手",US.MU,2026-05-08 04:20:08
US.MU260918C1180000,MU 260918 1180.00C,646.47,326,897149.0,CALL,2026-09-18,1180.0,111,82.428,0.17673583,0.000803223,-0.321269318,1.016186746,134,100.0,US.MU,27.15,29.04,24.93,30.2093,-0.8252973842560366,729046231949.97,"成交额 $897,149 ≥ 阈值 $500,000 | 成交量 326 手",US.MU,2026-05-08 04:20:08
US.MU260522P640000,MU 260522 640.00P,646.47,230,895913.0,PUT,2026-05-22,640.0,69,81.698,-0.439107128,0.003687214,-1.402535218,0.516576104,15,100.0,US.MU,40.0,44.5,27.16,33.3165,-0.010008198369607294,729046231949.97,"成交额 $895,913 ≥ 阈值 $500,000 | 成交量 230 手",US.MU,2026-05-08 04:20:08
US.MU260515C695000,MU 260515 695.00C,646.47,481,886828.0,CALL,2026-05-15,695.0,255,81.799,0.298406804,0.00443244,-1.751897115,0.331807919,8,100.0,US.MU,16.7,29.29,12.63,23.6421,-0.07506922208300458,729046231949.97,"成交额 $886,828 ≥ 阈值 $500,000 | 成交量 481 手",US.MU,2026-05-08 04:20:08
US.MU260508C710000,MU 260508 710.00C,646.47,4200,870553.0,CALL,2026-05-08,710.0,3061,102.046,0.041657359,0.002593072,-1.464021737,0.02997438,1,100.0,US.MU,1.75,6.39,0.4,4.5776,-0.09827215493371691,729046231949.97,"成交额 $870,553 ≥ 阈值 $500,000 | 成交量 4,200 手",US.MU,2026-05-08 04:20:08
US.MU260508C627500,MU 260508 627.50C,646.47,286,869782.0,CALL,2026-05-08,627.5,888,95.014,0.736949017,0.010204177,-5.407422332,0.109823537,1,100.0,US.MU,31.0,52.05,18.17,43.9756,0.029343975745200902,729046231949.97,"成交额 $869,782 ≥ 阈值 $500,000 | 成交量 286 手",US.MU,2026-05-08 04:20:08
US.MU260522C680000,MU 260522 680.00C,646.47,217,858153.0,CALL,2026-05-22,680.0,164,82.121,0.416771312,0.00362636,-1.446743055,0.511339811,15,100.0,US.MU,33.06,47.01,27.3,41.1208,-0.05186628923229225,729046231949.97,"成交额 $858,153 ≥ 阈值 $500,000 | 成交量 217 手",US.MU,2026-05-08 04:20:08
US.MU260529P600000,MU 260529 600.00P,646.47,320,856724.0,PUT,2026-05-29,600.0,501,79.085,-0.310958918,0.002816846,-0.997195881,0.560600912,22,100.0,US.MU,29.0,32.0,20.25,24.4108,-0.07188268597150684,729046231949.97,"成交额 $856,724 ≥ 阈值 $500,000 | 成交量 320 手",US.MU,2026-05-08 04:20:08
US.MU260508C705000,MU 260508 705.00C,646.47,2257,850602.0,CALL,2026-05-08,705.0,2912,99.277,0.050009844,0.003087144,-1.662956573,0.034716867,1,100.0,US.MU,2.08,7.45,0.53,5.4,-0.09053784398347947,729046231949.97,"成交额 $850,602 ≥ 阈值 $500,000 | 成交量 2,257 手",US.MU,2026-05-08 04:20:08
US.MU260508C682500,MU 260508 682.50C,646.47,1048,840063.0,CALL,2026-05-08,682.5,640,93.353,0.139009464,0.007049911,-3.50229214,0.074547345,1,100.0,US.MU,5.02,16.2,1.78,11.3215,-0.05573344470741097,729046231949.97,"成交额 $840,063 ≥ 阈值 $500,000 | 成交量 1,048 手",US.MU,2026-05-08 04:20:08
US.MU260515P665000,MU 260515 665.00P,646.47,229,811824.0,PUT,2026-05-15,665.0,27,79.904,-0.568252145,0.005149376,-1.901870423,0.375974692,8,100.0,US.MU,39.96,48.75,26.5,33.8823,0.02866335638157992,729046231949.97,"成交额 $811,824 ≥ 阈值 $500,000 | 成交量 229 手",US.MU,2026-05-08 04:20:08
US.MU260515P637500,MU 260515 637.50P,646.47,301,809831.0,PUT,2026-05-15,637.5,33,80.477,-0.426540002,0.00509693,-1.92372033,0.375118763,8,100.0,US.MU,27.0,32.5,16.0,21.6128,-0.013875353844726015,729046231949.97,"成交额 $809,831 ≥ 阈值 $500,000 | 成交量 301 手",US.MU,2026-05-08 04:20:08
US.MU260515P677500,MU 260515 677.50P,646.47,214,808165.0,PUT,2026-05-15,677.5,15,80.823,-0.627259205,0.004904147,-1.840904254,0.361966343,8,100.0,US.MU,47.75,57.0,32.45,40.7984,0.04799913375717353,729046231949.97,"成交额 $808,165 ≥ 阈值 $500,000 | 成交量 214 手",US.MU,2026-05-08 04:20:08
US.MU260821C1080000,MU 260821 1080.00C,646.47,269,773696.0,CALL,2026-08-21,1080.0,96,83.25,0.185264698,0.00092099,-0.374909279,0.930887064,106,100.0,US.MU,28.37,30.73,27.82,29.4287,-0.6706111652512877,729046231949.97,"成交额 $773,696 ≥ 阈值 $500,000 | 成交量 269 手",US.MU,2026-05-08 04:20:08
US.MU260522P600000,MU 260522 600.00P,646.47,370,769897.0,PUT,2026-05-22,600.0,584,82.034,-0.293971726,0.003206268,-1.232555681,0.451347505,15,100.0,US.MU,22.54,25.3,15.3,19.1376,-0.07188268597150684,729046231949.97,"成交额 $769,897 ≥ 阈值 $500,000 | 成交量 370 手",US.MU,2026-05-08 04:20:08
US.MU260515P570000,MU 260515 570.00P,646.47,1156,759227.0,PUT,2026-05-15,570.0,1884,85.626,-0.143400896,0.002761975,-1.149621172,0.216399683,8,100.0,US.MU,7.49,8.3,3.8,5.5394,-0.1182885516729315,729046231949.97,"成交额 $759,227 ≥ 阈值 $500,000 | 成交量 1,156 手",US.MU,2026-05-08 04:20:08
US.MU260515C730000,MU 260515 730.00C,646.47,655,743122.0,CALL,2026-05-15,730.0,1046,83.998,0.182122343,0.003289522,-1.340299446,0.252862284,8,100.0,US.MU,10.0,17.5,7.0,13.927,-0.1292093987346667,729046231949.97,"成交额 $743,122 ≥ 阈值 $500,000 | 成交量 655 手",US.MU,2026-05-08 04:20:08
US.MU260618P520000,MU 260618 520.00P,646.47,394,732083.0,PUT,2026-06-18,520.0,2662,81.931,-0.174285931,0.001431716,-0.539487492,0.563829297,42,100.0,US.MU,19.84,21.35,15.7,17.55,-0.19563166117530592,729046231949.97,"成交额 $732,083 ≥ 阈值 $500,000 | 成交量 394 手",US.MU,2026-05-08 04:20:08
US.MU260918P450000,MU 260918 450.00P,646.47,225,725388.0,PUT,2026-09-18,450.0,1157,80.391,-0.155657483,0.000760183,-0.269678642,0.936312937,134,100.0,US.MU,33.6,33.75,29.45,31.1274,-0.30391201447863014,729046231949.97,"成交额 $725,388 ≥ 阈值 $500,000 | 成交量 225 手",US.MU,2026-05-08 04:20:08
US.MU260515P657500,MU 260515 657.50P,646.47,225,715876.0,PUT,2026-05-15,657.5,66,80.204,-0.529946313,0.005190457,-1.937657273,0.380509977,8,100.0,US.MU,35.74,42.61,22.85,30.0958,0.017061889956223757,729046231949.97,"成交额 $715,876 ≥ 阈值 $500,000 | 成交量 225 手",US.MU,2026-05-08 04:20:08
US.MU260508C695000,MU 260508 695.00C,646.47,1950,702141.0,CALL,2026-05-08,695.0,548,96.316,0.078986191,0.004542052,-2.348102558,0.049553412,1,100.0,US.MU,3.35,10.55,0.85,7.6085,-0.07506922208300458,729046231949.97,"成交额 $702,141 ≥ 阈值 $500,000 | 成交量 1,950 手",US.MU,2026-05-08 04:20:08
US.MU260508P615000,MU 260508 615.00P,646.47,2172,680688.0,PUT,2026-05-08,615.0,968,95.535,-0.150242719,0.007259263,-3.780437161,0.078553981,1,100.0,US.MU,4.47,5.8,1.14,2.9828,-0.048679753120794506,729046231949.97,"成交额 $680,688 ≥ 阈值 $500,000 | 成交量 2,172 手",US.MU,2026-05-08 04:20:08
US.MU260515P642500,MU 260515 642.50P,646.47,245,667990.0,PUT,2026-05-15,642.5,64,80.921,-0.452428574,0.005120384,-1.953190288,0.37888701,8,100.0,US.MU,28.11,34.4,18.0,23.628,-0.006141042894488572,729046231949.97,"成交额 $667,990 ≥ 阈值 $500,000 | 成交量 245 手",US.MU,2026-05-08 04:20:08
US.MU260515P635000,MU 260515 635.00P,646.47,256,652713.0,PUT,2026-05-15,635.0,197,80.589,-0.413685584,0.005055991,-1.913813313,0.372641404,8,100.0,US.MU,25.46,31.05,15.5,20.7081,-0.017742509319844738,729046231949.97,"成交额 $652,713 ≥ 阈值 $500,000 | 成交量 256 手",US.MU,2026-05-08 04:20:08
US.MU260618P560000,MU 260618 560.00P,646.47,221,632982.0,PUT,2026-06-18,560.0,800,80.065,-0.248350204,0.001805257,-0.647770974,0.694399954,42,100.0,US.MU,30.75,32.78,24.16,27.45,-0.13375717357340638,729046231949.97,"成交额 $632,982 ≥ 阈值 $500,000 | 成交量 221 手",US.MU,2026-05-08 04:20:08
US.MU260618C1000000,MU 260618 1000.00C,646.47,725,615060.0,CALL,2026-06-18,1000.0,1440,87.046,0.094276288,0.000880352,-0.384658026,0.368590129,42,100.0,US.MU,7.6,11.55,6.95,10.0176,-0.5468621900474886,729046231949.97,"成交额 $615,060 ≥ 阈值 $500,000 | 成交量 725 手",US.MU,2026-05-08 04:20:08
US.MU260522P620000,MU 260522 620.00P,646.47,213,612887.0,PUT,2026-05-22,620.0,277,81.851,-0.365105019,0.003507535,-1.342101548,0.492523353,15,100.0,US.MU,29.65,33.5,20.78,25.5035,-0.04094544217055707,729046231949.97,"成交额 $612,887 ≥ 阈值 $500,000 | 成交量 213 手",US.MU,2026-05-08 04:20:08
US.MU260515C677500,MU 260515 677.50C,646.47,204,609279.0,CALL,2026-05-15,677.5,25,80.691,0.372863468,0.004903406,-1.902088752,0.36209419,8,100.0,US.MU,22.1,37.52,16.25,30.575,-0.04799913375717353,729046231949.97,"成交额 $609,279 ≥ 阈值 $500,000 | 成交量 204 手",US.MU,2026-05-08 04:20:08
US.MU260529P580000,MU 260529 580.00P,646.47,286,608090.0,PUT,2026-05-29,580.0,166,79.794,-0.253439757,0.002528895,-0.91209199,0.507942198,22,100.0,US.MU,21.33,24.0,16.18,18.6602,-0.1028199297724566,729046231949.97,"成交额 $608,090 ≥ 阈值 $500,000 | 成交量 286 手",US.MU,2026-05-08 04:20:08
US.MU260515C740000,MU 260515 740.00C,646.47,656,596309.0,CALL,2026-05-15,740.0,611,84.813,0.157250667,0.002964923,-1.222520987,0.230121057,8,100.0,US.MU,8.3,15.0,5.5,11.9794,-0.14467802063514157,729046231949.97,"成交额 $596,309 ≥ 阈值 $500,000 | 成交量 656 手",US.MU,2026-05-08 04:20:08
US.MU260515P560000,MU 260515 560.00P,646.47,1148,592982.0,PUT,2026-05-15,560.0,2321,87.193,-0.117901416,0.002368646,-1.014226084,0.188983447,8,100.0,US.MU,5.16,6.75,3.1,4.6077,-0.13375717357340638,729046231949.97,"成交额 $592,982 ≥ 阈值 $500,000 | 成交量 1,148 手",US.MU,2026-05-08 04:20:08
US.MU260515P590000,MU 260515 590.00P,646.47,566,573316.0,PUT,2026-05-15,590.0,955,83.134,-0.208130897,0.003605374,-1.433641451,0.274237197,8,100.0,US.MU,10.6,13.0,6.0,8.6672,-0.08735130787198173,729046231949.97,"成交额 $573,316 ≥ 阈值 $500,000 | 成交量 566 手",US.MU,2026-05-08 04:20:08
US.MU260618P530000,MU 260618 530.00P,646.47,271,556921.0,PUT,2026-06-18,530.0,744,81.054,-0.190736786,0.001531244,-0.564362849,0.596508102,42,100.0,US.MU,22.72,23.75,17.5,19.675,-0.18016303927483104,729046231949.97,"成交额 $556,921 ≥ 阈值 $500,000 | 成交量 271 手",US.MU,2026-05-08 04:20:08
US.MU260821P450000,MU 260821 450.00P,646.47,207,537448.0,PUT,2026-08-21,450.0,1055,81.787,-0.143482139,0.000795152,-0.294195865,0.788636553,106,100.0,US.MU,26.55,27.15,22.8,24.4184,-0.30391201447863014,729046231949.97,"成交额 $537,448 ≥ 阈值 $500,000 | 成交量 207 手",US.MU,2026-05-08 04:20:08
US.MU260508P605000,MU 260508 605.00P,646.47,2692,531662.0,PUT,2026-05-08,605.0,1549,99.655,-0.094971424,0.005038134,-2.808564613,0.056870439,1,100.0,US.MU,3.07,3.75,0.82,2.0114,-0.0641483750212694,729046231949.97,"成交额 $531,662 ≥ 阈值 $500,000 | 成交量 2,692 手",US.MU,2026-05-08 04:20:08
US.MU260522C730000,MU 260522 730.00C,646.47,295,521956.0,CALL,2026-05-22,730.0,290,83.626,0.266958665,0.003000226,-1.227153816,0.430793603,15,100.0,US.MU,18.3,28.95,15.2,24.175,-0.1292093987346667,729046231949.97,"成交额 $521,956 ≥ 阈值 $500,000 | 成交量 295 手",US.MU,2026-05-08 04:20:08
US.MU260618P450000,MU 260618 450.00P,646.47,634,521451.0,PUT,2026-06-18,450.0,13241,86.883,-0.082106344,0.000795757,-0.337509656,0.332496481,42,100.0,US.MU,7.88,8.75,6.6,7.425,-0.30391201447863014,729046231949.97,"成交额 $521,451 ≥ 阈值 $500,000 | 成交量 634 手",US.MU,2026-05-08 04:20:08
US.MU260515P540000,MU 260515 540.00P,646.47,1526,520091.0,PUT,2026-05-15,540.0,1740,90.372,-0.077734933,0.001682598,-0.759888321,0.139150081,8,100.0,US.MU,3.45,4.13,2.05,2.9762,-0.16469441737435617,729046231949.97,"成交额 $520,091 ≥ 阈值 $500,000 | 成交量 1,526 手",US.MU,2026-05-08 04:20:08
US.MU260618P510000,MU 260618 510.00P,646.47,321,512408.0,PUT,2026-06-18,510.0,685,82.505,-0.158121509,0.00133498,-0.510329178,0.529468049,42,100.0,US.MU,17.2,18.26,14.2,15.6,-0.21110028307578083,729046231949.97,"成交额 $512,408 ≥ 阈值 $500,000 | 成交量 321 手",US.MU,2026-05-08 04:20:08
US.NVDA260508C210000,NVDA 260508 210.00C,211.497,213872,65249785.0,CALL,2026-05-08,210.0,58909,46.503,0.621812635,0.074269551,-1.02068864,0.041851426,1,100.0,US.NVDA,1.79,5.3,1.28,1.7792,0.007078114583185643,5139377100000.0,"成交额 $65,249,785 ≥ 阈值 $500,000 | 成交量 213,872 手",US.NVDA,2026-05-08 04:20:39
US.NVDA260508C212500,NVDA 260508 212.50C,211.497,250945,53673226.0,CALL,2026-05-08,212.5,54546,45.703,0.427693868,0.077989427,-1.032293497,0.043192015,1,100.0,US.NVDA,1.04,3.6,0.73,1.055,-0.004742384052728813,5139377100000.0,"成交额 $53,673,226 ≥ 阈值 $500,000 | 成交量 250,945 手",US.NVDA,2026-05-08 04:20:39
US.NVDA260522C210000,NVDA 260522 210.00C,211.497,47039,50073825.0,CALL,2026-05-22,210.0,17940,53.264,0.553213665,0.01731948,-0.31700911,0.169460986,15,100.0,US.NVDA,8.5,12.0,7.7,8.35,0.007078114583185643,5139377100000.0,"成交额 $50,073,825 ≥ 阈值 $500,000 | 成交量 47,039 手",US.NVDA,2026-05-08 04:20:39
US.NVDA260508C215000,NVDA 260508 215.00C,211.497,315059,44729275.0,CALL,2026-05-08,215.0,42548,46.351,0.253288342,0.062710965,-0.841993886,0.035220046,1,100.0,US.NVDA,0.59,2.29,0.4,0.605,-0.01656288268864327,5139377100000.0,"成交额 $44,729,275 ≥ 阈值 $500,000 | 成交量 315,059 手",US.NVDA,2026-05-08 04:20:39
US.NVDA260508C205000,NVDA 260508 205.00C,211.497,61235,43478990.0,CALL,2026-05-08,205.0,80967,51.302,0.882204073,0.03496086,-0.575917968,0.021731006,1,100.0,US.NVDA,4.45,9.7,3.4,4.3634,0.030719111855014556,5139377100000.0,"成交额 $43,478,990 ≥ 阈值 $500,000 | 成交量 61,235 手",US.NVDA,2026-05-08 04:20:39
US.NVDA260515C210000,NVDA 260515 210.00C,211.497,59467,35833099.0,CALL,2026-05-15,210.0,89076,39.383,0.565524012,0.031936013,-0.324948207,0.123140245,8,100.0,US.NVDA,4.3,7.75,3.6,4.2,0.007078114583185643,5139377100000.0,"成交额 $35,833,099 ≥ 阈值 $500,000 | 成交量 59,467 手",US.NVDA,2026-05-08 04:20:39
US.NVDA260618C200000,NVDA 260618 200.00C,211.497,14329,28662171.0,CALL,2026-06-18,200.0,113928,44.46,0.682237511,0.011179449,-0.148620794,0.255766224,42,100.0,US.NVDA,17.5,21.67,16.35,17.1386,0.05436010912684347,5139377100000.0,"成交额 $28,662,171 ≥ 阈值 $500,000 | 成交量 14,329 手",US.NVDA,2026-05-08 04:20:39
US.NVDA260515C215000,NVDA 260515 215.00C,211.497,70508,27492716.0,CALL,2026-05-15,215.0,59921,38.42,0.402727214,0.032193866,-0.308186082,0.1210962,8,100.0,US.NVDA,2.49,5.0,2.08,2.45,-0.01656288268864327,5139377100000.0,"成交额 $27,492,716 ≥ 阈值 $500,000 | 成交量 70,508 手",US.NVDA,2026-05-08 04:20:39
US.NVDA260508C207500,NVDA 260508 207.50C,211.497,62547,26842841.0,CALL,2026-05-08,207.5,40158,48.444,0.780470008,0.055454786,-0.822093743,0.032550831,1,100.0,US.NVDA,2.95,7.3,2.13,2.88,0.0188986132191001,5139377100000.0,"成交额 $26,842,841 ≥ 阈值 $500,000 | 成交量 62,547 手",US.NVDA,2026-05-08 04:20:39
US.NVDA260618C210000,NVDA 260618 210.00C,211.497,18253,25500680.0,CALL,2026-06-18,210.0,70061,43.522,0.559793953,0.01263419,-0.158016836,0.282959768,42,100.0,US.NVDA,11.95,15.55,11.24,11.8,0.007078114583185643,5139377100000.0,"成交额 $25,500,680 ≥ 阈值 $500,000 | 成交量 18,253 手",US.NVDA,2026-05-08 04:20:39
US.NVDA260515C220000,NVDA 260515 220.00C,211.497,99685,23124155.0,CALL,2026-05-15,220.0,50972,38.634,0.258872207,0.026771789,-0.254088402,0.101252644,8,100.0,US.NVDA,1.34,3.05,1.14,1.355,-0.040203879960472186,5139377100000.0,"成交额 $23,124,155 ≥ 阈值 $500,000 | 成交量 99,685 手",US.NVDA,2026-05-08 04:20:39
US.NVDA260515C217500,NVDA 260515 217.50C,211.497,77098,23009794.0,CALL,2026-05-15,217.5,9769,38.568,0.32717256,0.029904595,-0.285932358,0.112915209,8,100.0,US.NVDA,1.85,3.9,1.57,1.835,-0.028383381324557727,5139377100000.0,"成交额 $23,009,794 ≥ 阈值 $500,000 | 成交量 77,098 手",US.NVDA,2026-05-08 04:20:39
US.NVDA260515C205000,NVDA 260515 205.00C,211.497,23543,20800665.0,CALL,2026-05-15,205.0,50392,40.261,0.714726383,0.026961737,-0.288498887,0.106269268,8,100.0,US.NVDA,7.0,11.2,6.0,6.7867,0.030719111855014556,5139377100000.0,"成交额 $20,800,665 ≥ 阈值 $500,000 | 成交量 23,543 手",US.NVDA,2026-05-08 04:20:39
US.NVDA260508P212500,NVDA 260508 212.50P,211.497,74527,17660007.0,PUT,2026-05-08,212.5,1000,43.629,-0.576277439,0.081589542,-0.9631917,0.043105565,1,100.0,US.NVDA,6.1,6.65,1.66,5.7254,0.004742384052728813,5139377100000.0,"成交额 $17,660,007 ≥ 阈值 $500,000 | 成交量 74,527 手",US.NVDA,2026-05-08 04:20:39
US.NVDA260618C220000,NVDA 260618 220.00C,211.497,17993,17287469.0,CALL,2026-06-18,220.0,72084,43.219,0.433733055,0.012689622,-0.154310912,0.282219201,42,100.0,US.NVDA,7.9,10.8,7.35,7.825,-0.040203879960472186,5139377100000.0,"成交额 $17,287,469 ≥ 阈值 $500,000 | 成交量 17,993 手",US.NVDA,2026-05-08 04:20:39
US.NVDA260508P210000,NVDA 260508 210.00P,211.497,111955,17200391.0,PUT,2026-05-08,210.0,4835,44.361,-0.37300217,0.077535264,-0.949293535,0.041668231,1,100.0,US.NVDA,3.35,4.66,0.89,3.95,-0.007078114583185643,5139377100000.0,"成交额 $17,200,391 ≥ 阈值 $500,000 | 成交量 111,955 手",US.NVDA,2026-05-08 04:20:39
US.NVDA260618C230000,NVDA 260618 230.00C,211.497,26781,16677923.0,CALL,2026-06-18,230.0,46301,43.017,0.318102269,0.011559695,-0.137725175,0.255872768,42,100.0,US.NVDA,5.15,7.2,4.71,5.025,-0.08748587450413,5139377100000.0,"成交额 $16,677,923 ≥ 阈值 $500,000 | 成交量 26,781 手",US.NVDA,2026-05-08 04:20:39
US.NVDA260508C200000,NVDA 260508 200.00C,211.497,14002,15211429.0,CALL,2026-05-08,200.0,31071,61.358,0.961610934,0.012338376,-0.288470497,0.009173992,1,100.0,US.NVDA,8.85,14.4,7.2,8.3427,0.05436010912684347,5139377100000.0,"成交额 $15,211,429 ≥ 阈值 $500,000 | 成交量 14,002 手",US.NVDA,2026-05-08 04:20:39
US.NVDA260618C215000,NVDA 260618 215.00C,211.497,12822,14850561.0,CALL,2026-06-18,215.0,32495,43.475,0.49635994,0.01279127,-0.158405661,0.286168259,42,100.0,US.NVDA,9.8,13.0,9.25,9.6503,-0.01656288268864327,5139377100000.0,"成交额 $14,850,561 ≥ 阈值 $500,000 | 成交量 12,822 手",US.NVDA,2026-05-08 04:20:39
US.NVDA260515C195000,NVDA 260515 195.00C,211.497,8398,14812030.0,CALL,2026-05-15,195.0,57641,46.051,0.892140204,0.012866356,-0.181854669,0.058000606,8,100.0,US.NVDA,14.6,19.95,13.2,14.1961,0.07800110639867239,5139377100000.0,"成交额 $14,812,030 ≥ 阈值 $500,000 | 成交量 8,398 手",US.NVDA,2026-05-08 04:20:39
US.NVDA260515C200000,NVDA 260515 200.00C,211.497,10837,14352605.0,CALL,2026-05-15,200.0,104749,42.463,0.824864676,0.019410506,-0.23199207,0.080683784,8,100.0,US.NVDA,10.4,15.36,9.3,10.1744,0.05436010912684347,5139377100000.0,"成交额 $14,352,605 ≥ 阈值 $500,000 | 成交量 10,837 手",US.NVDA,2026-05-08 04:20:39
US.NVDA260522C215000,NVDA 260522 215.00C,211.497,17848,13943090.0,CALL,2026-05-22,215.0,62115,53.002,0.466065898,0.017498094,-0.315388648,0.170365012,15,100.0,US.NVDA,6.39,9.37,5.8,6.25,-0.01656288268864327,5139377100000.0,"成交额 $13,943,090 ≥ 阈值 $500,000 | 成交量 17,848 手",US.NVDA,2026-05-08 04:20:39
US.NVDA260511C210000,NVDA 260511 210.00C,211.497,34958,13250022.0,CALL,2026-05-11,210.0,10273,33.464,0.591862447,0.052482927,-0.397133076,0.085854354,4,100.0,US.NVDA,2.53,6.0,1.93,2.505,0.007078114583185643,5139377100000.0,"成交额 $13,250,022 ≥ 阈值 $500,000 | 成交量 34,958 手",US.NVDA,2026-05-08 04:20:39
US.NVDA260508C217500,NVDA 260508 217.50C,211.497,161242,12341071.0,CALL,2026-05-08,217.5,18687,47.096,0.130312845,0.040871875,-0.553134929,0.023321834,1,100.0,US.NVDA,0.31,1.4,0.21,0.34,-0.028383381324557727,5139377100000.0,"成交额 $12,341,071 ≥ 阈值 $500,000 | 成交量 161,242 手",US.NVDA,2026-05-08 04:20:39
US.NVDA260605C200000,NVDA 260605 200.00C,211.497,6491,12156875.0,CALL,2026-06-05,200.0,9666,47.056,0.694881015,0.012490851,-0.183635876,0.208809164,29,100.0,US.NVDA,15.45,20.0,14.94,15.5439,0.05436010912684347,5139377100000.0,"成交额 $12,156,875 ≥ 阈值 $500,000 | 成交量 6,491 手",US.NVDA,2026-05-08 04:20:39
US.NVDA260515C202500,NVDA 260515 202.50C,211.497,11049,12151600.0,CALL,2026-05-15,202.5,22307,41.379,0.774570483,0.02318868,-0.262544466,0.093931766,8,100.0,US.NVDA,8.65,13.25,7.58,8.3857,0.04253961049092901,5139377100000.0,"成交额 $12,151,600 ≥ 阈值 $500,000 | 成交量 11,049 手",US.NVDA,2026-05-08 04:20:39
US.NVDA260522C220000,NVDA 260522 220.00C,211.497,19712,11769730.0,CALL,2026-05-22,220.0,24212,52.902,0.382099566,0.016820759,-0.300235999,0.163458681,15,100.0,US.NVDA,4.75,7.2,4.25,4.6,-0.040203879960472186,5139377100000.0,"成交额 $11,769,730 ≥ 阈值 $500,000 | 成交量 19,712 手",US.NVDA,2026-05-08 04:20:39
US.NVDA260511C212500,NVDA 260511 212.50C,211.497,37579,11105399.0,CALL,2026-05-11,212.5,2165,33.033,0.457081591,0.054306623,-0.398068783,0.08769342,4,100.0,US.NVDA,1.7,4.4,1.28,1.66,-0.004742384052728813,5139377100000.0,"成交额 $11,105,399 ≥ 阈值 $500,000 | 成交量 37,579 手",US.NVDA,2026-05-08 04:20:39
US.NVDA260508C190000,NVDA 260508 190.00C,211.497,4831,10855407.0,CALL,2026-05-08,190.0,10294,138.261,0.936625492,0.008168415,-0.943148792,0.013685247,1,100.0,US.NVDA,18.4,24.3,16.7,17.9219,0.10164210367050129,5139377100000.0,"成交额 $10,855,407 ≥ 阈值 $500,000 | 成交量 4,831 手",US.NVDA,2026-05-08 04:20:39
US.NVDA260511C215000,NVDA 260511 215.00C,211.497,49848,10712665.0,CALL,2026-05-11,215.0,8800,33.031,0.327611224,0.049443419,-0.354766651,0.079828613,4,100.0,US.NVDA,1.08,3.15,0.83,1.085,-0.01656288268864327,5139377100000.0,"成交额 $10,712,665 ≥ 阈值 $500,000 | 成交量 49,848 手",US.NVDA,2026-05-08 04:20:39
US.NVDA260717C200000,NVDA 260717 200.00C,211.497,4366,10081739.0,CALL,2026-07-17,200.0,83875,42.882,0.66556253,0.009102294,-0.114708003,0.339574421,71,100.0,US.NVDA,20.55,25.0,19.8,20.4573,0.05436010912684347,5139377100000.0,"成交额 $10,081,739 ≥ 阈值 $500,000 | 成交量 4,366 手",US.NVDA,2026-05-08 04:20:39
US.NVDA260515C225000,NVDA 260515 225.00C,211.497,80058,10034761.0,CALL,2026-05-15,225.0,20536,39.187,0.152795243,0.019250056,-0.182992941,0.07383949,8,100.0,US.NVDA,0.74,1.76,0.62,0.735,-0.0638448772323011,5139377100000.0,"成交额 $10,034,761 ≥ 阈值 $500,000 | 成交量 80,058 手",US.NVDA,2026-05-08 04:20:39
US.NVDA260515C212500,NVDA 260515 212.50C,211.497,20780,9918441.0,CALL,2026-05-15,212.5,17636,38.813,0.484232738,0.03282315,-0.322848259,0.124730784,8,100.0,US.NVDA,3.4,6.25,2.8,3.225,-0.004742384052728813,5139377100000.0,"成交额 $9,918,441 ≥ 阈值 $500,000 | 成交量 20,780 手",US.NVDA,2026-05-08 04:20:39
US.NVDA260515P210000,NVDA 260515 210.00P,211.497,24752,9898715.0,PUT,2026-05-15,210.0,12295,38.476,-0.433975504,0.032735312,-0.297359697,0.123070225,8,100.0,US.NVDA,5.81,6.8,3.25,6.2626,-0.007078114583185643,5139377100000.0,"成交额 $9,898,715 ≥ 阈值 $500,000 | 成交量 24,752 手",US.NVDA,2026-05-08 04:20:39
US.NVDA260508P215000,NVDA 260508 215.00P,211.497,26510,9791832.0,PUT,2026-05-08,215.0,1476,44.35,-0.756822244,0.064255977,-0.767303279,0.034453465,1,100.0,US.NVDA,7.75,8.65,2.87,7.775,0.01656288268864327,5139377100000.0,"成交额 $9,791,832 ≥ 阈值 $500,000 | 成交量 26,510 手",US.NVDA,2026-05-08 04:20:39
US.NVDA260529C200000,NVDA 260529 200.00C,211.497,5632,9604254.0,CALL,2026-05-29,200.0,24119,49.55,0.704907551,0.013415626,-0.216933445,0.179131018,22,100.0,US.NVDA,14.7,19.25,14.05,14.6326,0.05436010912684347,5139377100000.0,"成交额 $9,604,254 ≥ 阈值 $500,000 | 成交量 5,632 手",US.NVDA,2026-05-08 04:20:39
US.NVDA260618C225000,NVDA 260618 225.00C,211.497,12530,9515551.0,CALL,2026-06-18,225.0,27598,42.977,0.373416875,0.012283257,-0.146855534,0.271639987,42,100.0,US.NVDA,6.35,8.82,5.95,6.2748,-0.0638448772323011,5139377100000.0,"成交额 $9,515,551 ≥ 阈值 $500,000 | 成交量 12,530 手",US.NVDA,2026-05-08 04:20:39
US.NVDA260618C195000,NVDA 260618 195.00C,211.497,3735,8837068.0,CALL,2026-06-18,195.0,23437,44.89,0.737992368,0.010112788,-0.138755454,0.233588607,42,100.0,US.NVDA,20.55,25.2,19.5,20.3022,0.07800110639867239,5139377100000.0,"成交额 $8,837,068 ≥ 阈值 $500,000 | 成交量 3,735 手",US.NVDA,2026-05-08 04:20:39
US.NVDA260717C210000,NVDA 260717 210.00C,211.497,5008,8715836.0,CALL,2026-07-17,210.0,20655,42.18,0.567260767,0.00999555,-0.119651393,0.366805697,71,100.0,US.NVDA,15.45,19.05,14.58,15.175,0.007078114583185643,5139377100000.0,"成交额 $8,715,836 ≥ 阈值 $500,000 | 成交量 5,008 手",US.NVDA,2026-05-08 04:20:39
US.NVDA260529C210000,NVDA 260529 210.00C,211.497,7440,8456483.0,CALL,2026-05-29,210.0,14881,48.12,0.554847852,0.01581907,-0.237726673,0.205136616,22,100.0,US.NVDA,9.35,12.95,8.7,9.225,0.007078114583185643,5139377100000.0,"成交额 $8,456,483 ≥ 阈值 $500,000 | 成交量 7,440 手",US.NVDA,2026-05-08 04:20:39
US.NVDA260508C202500,NVDA 260508 202.50C,211.497,8789,8339366.0,CALL,2026-05-08,202.5,40872,75.802,0.869582832,0.025408054,-0.906229846,0.023337158,1,100.0,US.NVDA,6.4,11.99,5.1,6.223,0.04253961049092901,5139377100000.0,"成交额 $8,339,366 ≥ 阈值 $500,000 | 成交量 8,789 手",US.NVDA,2026-05-08 04:20:39
US.NVDA260529C220000,NVDA 260529 220.00C,211.497,12369,8327156.0,CALL,2026-05-29,220.0,13161,47.677,0.397653451,0.01558547,-0.2270601,0.200239873,22,100.0,US.NVDA,5.55,8.1,5.07,5.4,-0.040203879960472186,5139377100000.0,"成交额 $8,327,156 ≥ 阈值 $500,000 | 成交量 12,369 手",US.NVDA,2026-05-08 04:20:39
US.NVDA260529C190000,NVDA 260529 190.00C,211.497,3252,8245918.0,CALL,2026-05-29,190.0,5113,50.218,0.82873331,0.00975315,-0.166265654,0.131974599,22,100.0,US.NVDA,22.0,26.9,21.42,21.669,0.10164210367050129,5139377100000.0,"成交额 $8,245,918 ≥ 阈值 $500,000 | 成交量 3,252 手",US.NVDA,2026-05-08 04:20:39
US.NVDA260515C207500,NVDA 260515 207.50C,211.497,10751,7399596.0,CALL,2026-05-15,207.5,11542,39.763,0.643398011,0.029970036,-0.31196147,0.116670876,8,100.0,US.NVDA,5.55,9.35,4.7,5.3873,0.0188986132191001,5139377100000.0,"成交额 $7,399,596 ≥ 阈值 $500,000 | 成交量 10,751 手",US.NVDA,2026-05-08 04:20:39
US.NVDA260918C210000,NVDA 260918 210.00C,211.497,2932,7357408.0,CALL,2026-09-18,210.0,25016,43.577,0.583041286,0.006988831,-0.091387984,0.500103403,134,100.0,US.NVDA,22.16,26.15,21.5,22.0654,0.007078114583185643,5139377100000.0,"成交额 $7,357,408 ≥ 阈值 $500,000 | 成交量 2,932 手",US.NVDA,2026-05-08 04:20:39
US.NVDA260508P207500,NVDA 260508 207.50P,211.497,64906,6996200.0,PUT,2026-05-08,207.5,6076,46.119,-0.208553574,0.056541505,-0.739290855,0.031591799,1,100.0,US.NVDA,2.16,3.05,0.47,2.5512,-0.0188986132191001,5139377100000.0,"成交额 $6,996,200 ≥ 阈值 $500,000 | 成交量 64,906 手",US.NVDA,2026-05-08 04:20:39
US.NVDA260605C220000,NVDA 260605 220.00C,211.497,8236,6692438.0,CALL,2026-06-05,220.0,14547,45.613,0.413045234,0.014323814,-0.192032184,0.232111915,29,100.0,US.NVDA,6.5,9.07,5.9,6.3,-0.040203879960472186,5139377100000.0,"成交额 $6,692,438 ≥ 阈值 $500,000 | 成交量 8,236 手",US.NVDA,2026-05-08 04:20:39
US.NVDA260522C200000,NVDA 260522 200.00C,211.497,4089,6684923.0,CALL,2026-05-22,200.0,16603,53.819,0.719339943,0.014610044,-0.276266972,0.144433283,15,100.0,US.NVDA,13.9,18.4,13.1,13.785,0.05436010912684347,5139377100000.0,"成交额 $6,684,923 ≥ 阈值 $500,000 | 成交量 4,089 手",US.NVDA,2026-05-08 04:20:39
US.NVDA260605C210000,NVDA 260605 210.00C,211.497,5182,6561802.0,CALL,2026-06-05,210.0,8032,45.841,0.556503282,0.014453843,-0.198343516,0.235397991,29,100.0,US.NVDA,10.3,13.8,9.55,10.175,0.007078114583185643,5139377100000.0,"成交额 $6,561,802 ≥ 阈值 $500,000 | 成交量 5,182 手",US.NVDA,2026-05-08 04:20:39
US.NVDA260508P205000,NVDA 260508 205.00P,211.497,88505,6141307.0,PUT,2026-05-08,205.0,9518,49.422,-0.109327928,0.034411143,-0.505967831,0.020604507,1,100.0,US.NVDA,1.23,1.82,0.24,1.535,-0.030719111855014556,5139377100000.0,"成交额 $6,141,307 ≥ 阈值 $500,000 | 成交量 88,505 手",US.NVDA,2026-05-08 04:20:39
US.NVDA260717P180000,NVDA 260717 180.00P,211.497,11950,6009120.0,PUT,2026-07-17,180.0,37560,44.402,-0.169867912,0.006118007,-0.070309839,0.23576695,71,100.0,US.NVDA,5.0,5.25,4.0,4.95,-0.1489240982141591,5139377100000.0,"成交额 $6,009,120 ≥ 阈值 $500,000 | 成交量 11,950 手",US.NVDA,2026-05-08 04:20:39
US.NVDA260508C220000,NVDA 260508 220.00C,211.497,151609,5962237.0,CALL,2026-05-08,220.0,28361,48.125,0.059783719,0.022422167,-0.306855029,0.013074793,1,100.0,US.NVDA,0.18,0.81,0.12,0.185,-0.040203879960472186,5139377100000.0,"成交额 $5,962,237 ≥ 阈值 $500,000 | 成交量 151,609 手",US.NVDA,2026-05-08 04:20:39
US.NVDA260717C220000,NVDA 260717 220.00C,211.497,4479,5864708.0,CALL,2026-07-17,220.0,34984,41.716,0.466676108,0.010216918,-0.117935897,0.370805335,71,100.0,US.NVDA,11.15,14.25,10.55,11.025,-0.040203879960472186,5139377100000.0,"成交额 $5,864,708 ≥ 阈值 $500,000 | 成交量 4,479 手",US.NVDA,2026-05-08 04:20:39
US.NVDA260529P210000,NVDA 260529 210.00P,211.497,5793,5620322.0,PUT,2026-05-29,210.0,3352,47.608,-0.445957739,0.016042768,-0.215347108,0.205076432,22,100.0,US.NVDA,10.84,11.34,8.05,10.9365,-0.007078114583185643,5139377100000.0,"成交额 $5,620,322 ≥ 阈值 $500,000 | 成交量 5,793 手",US.NVDA,2026-05-08 04:20:39
US.NVDA260618C205000,NVDA 260618 205.00C,211.497,3344,5605389.0,CALL,2026-06-18,205.0,24907,43.958,0.622499189,0.012050098,-0.155047589,0.272576974,42,100.0,US.NVDA,14.4,18.42,13.64,14.2974,0.030719111855014556,5139377100000.0,"成交额 $5,605,389 ≥ 阈值 $500,000 | 成交量 3,344 手",US.NVDA,2026-05-08 04:20:39
US.NVDA260522C205000,NVDA 260522 205.00C,211.497,4072,5345731.0,CALL,2026-05-22,205.0,29441,53.777,0.638580894,0.016253575,-0.30486459,0.160559269,15,100.0,US.NVDA,10.95,15.0,10.1,10.8622,0.030719111855014556,5139377100000.0,"成交额 $5,345,731 ≥ 阈值 $500,000 | 成交量 4,072 手",US.NVDA,2026-05-08 04:20:39
US.NVDA260529C215000,NVDA 260529 215.00C,211.497,5884,5234296.0,CALL,2026-05-29,215.0,9519,47.929,0.475272412,0.016003356,-0.237037412,0.206698622,22,100.0,US.NVDA,7.3,10.3,6.62,7.125,-0.01656288268864327,5139377100000.0,"成交额 $5,234,296 ≥ 阈值 $500,000 | 成交量 5,884 手",US.NVDA,2026-05-08 04:20:39
US.NVDA260717C230000,NVDA 260717 230.00C,211.497,5420,5232509.0,CALL,2026-07-17,230.0,24467,41.402,0.371037057,0.009786002,-0.110020436,0.35247441,71,100.0,US.NVDA,7.95,10.4,7.5,7.825,-0.08748587450413,5139377100000.0,"成交额 $5,232,509 ≥ 阈值 $500,000 | 成交量 5,420 手",US.NVDA,2026-05-08 04:20:39
US.NVDA260821P200000,NVDA 260821 200.00P,211.497,4233,5213640.0,PUT,2026-08-21,200.0,8318,42.422,-0.34538335,0.007689732,-0.076897498,0.419441488,106,100.0,US.NVDA,14.14,14.4,12.1,14.025,-0.05436010912684347,5139377100000.0,"成交额 $5,213,640 ≥ 阈值 $500,000 | 成交量 4,233 手",US.NVDA,2026-05-08 04:20:39
US.NVDA260821C210000,NVDA 260821 210.00C,211.497,2436,5170642.0,CALL,2026-08-21,210.0,13971,42.386,0.576024402,0.008107774,-0.099558225,0.446395675,106,100.0,US.NVDA,19.05,22.95,18.35,18.9825,0.007078114583185643,5139377100000.0,"成交额 $5,170,642 ≥ 阈值 $500,000 | 成交量 2,436 手",US.NVDA,2026-05-08 04:20:39
US.NVDA260511C205000,NVDA 260511 205.00C,211.497,6914,5149869.0,CALL,2026-05-11,205.0,4323,35.856,0.805693638,0.034702087,-0.294523722,0.060813552,4,100.0,US.NVDA,5.35,10.0,4.21,5.086,0.030719111855014556,5139377100000.0,"成交额 $5,149,869 ≥ 阈值 $500,000 | 成交量 6,914 手",US.NVDA,2026-05-08 04:20:39
US.NVDA261120C155000,NVDA 261120 155.00C,211.497,822,5141080.0,CALL,2026-11-20,155.0,422,49.203,0.863229959,0.002865117,-0.054196301,0.340364664,197,100.0,US.NVDA,62.0,66.0,62.0,62.8119,0.2671290845733037,5139377100000.0,"成交额 $5,141,080 ≥ 阈值 $500,000 | 成交量 822 手",US.NVDA,2026-05-08 04:20:39
US.NVDA260513C215000,NVDA 260513 215.00C,211.497,16435,5046827.0,CALL,2026-05-13,215.0,2503,36.348,0.375856283,0.038534712,-0.331877195,0.102798864,6,100.0,US.NVDA,1.75,4.1,1.4,1.705,-0.01656288268864327,5139377100000.0,"成交额 $5,046,827 ≥ 阈值 $500,000 | 成交量 16,435 手",US.NVDA,2026-05-08 04:20:39
US.NVDA260511C207500,NVDA 260511 207.50C,211.497,9439,4864608.0,CALL,2026-05-11,207.5,3649,34.373,0.712404817,0.044864545,-0.355506443,0.075377835,4,100.0,US.NVDA,3.75,7.89,2.9,3.627,0.0188986132191001,5139377100000.0,"成交额 $4,864,608 ≥ 阈值 $500,000 | 成交量 9,439 手",US.NVDA,2026-05-08 04:20:39
US.NVDA260918C240000,NVDA 260918 240.00C,211.497,3681,4852857.0,CALL,2026-09-18,240.0,38081,42.455,0.37798457,0.006987225,-0.084026585,0.487093954,134,100.0,US.NVDA,11.38,13.86,11.0,11.15,-0.13476786904778784,5139377100000.0,"成交额 $4,852,857 ≥ 阈值 $500,000 | 成交量 3,681 手",US.NVDA,2026-05-08 04:20:39
US.NVDA260618C155000,NVDA 260618 155.00C,211.497,846,4621130.0,CALL,2026-06-18,155.0,6997,56.942,0.95796454,0.002196289,-0.057701913,0.064352709,42,100.0,US.NVDA,54.49,58.83,54.49,54.3245,0.2671290845733037,5139377100000.0,"成交额 $4,621,130 ≥ 阈值 $500,000 | 成交量 846 手",US.NVDA,2026-05-08 04:20:39
US.NVDA260518C215000,NVDA 260518 215.00C,211.497,11200,4521298.0,CALL,2026-05-18,215.0,3510,36.09,0.41556415,0.029444378,-0.248574823,0.143107768,11,100.0,US.NVDA,2.96,5.5,2.45,2.875,-0.01656288268864327,5139377100000.0,"成交额 $4,521,298 ≥ 阈值 $500,000 | 成交量 11,200 手",US.NVDA,2026-05-08 04:20:39
US.NVDA260515P205000,NVDA 260515 205.00P,211.497,17821,4342256.0,PUT,2026-05-15,205.0,12183,39.423,-0.281880638,0.027395978,-0.261112167,0.10563883,8,100.0,US.NVDA,3.6,4.25,1.82,3.85,-0.030719111855014556,5139377100000.0,"成交额 $4,342,256 ≥ 阈值 $500,000 | 成交量 17,821 手",US.NVDA,2026-05-08 04:20:39
US.NVDA260522C225000,NVDA 260522 225.00C,211.497,9470,4292204.0,CALL,2026-05-22,225.0,14529,52.704,0.304357057,0.015492005,-0.272645177,0.149979061,15,100.0,US.NVDA,3.4,5.45,3.07,3.35,-0.0638448772323011,5139377100000.0,"成交额 $4,292,204 ≥ 阈值 $500,000 | 成交量 9,470 手",US.NVDA,2026-05-08 04:20:39
US.NVDA260515C190000,NVDA 260515 190.00C,211.497,1882,4288766.0,CALL,2026-05-15,190.0,40970,51.731,0.926388829,0.008621222,-0.154135803,0.043659304,8,100.0,US.NVDA,19.05,24.4,17.73,18.6523,0.10164210367050129,5139377100000.0,"成交额 $4,288,766 ≥ 阈值 $500,000 | 成交量 1,882 手",US.NVDA,2026-05-08 04:20:39
US.NVDA260522C207500,NVDA 260522 207.50C,211.497,3733,4263175.0,CALL,2026-05-22,207.5,1210,53.542,0.596396085,0.016874473,-0.312910932,0.165967434,15,100.0,US.NVDA,9.65,13.37,8.85,9.5377,0.0188986132191001,5139377100000.0,"成交额 $4,263,175 ≥ 阈值 $500,000 | 成交量 3,733 手",US.NVDA,2026-05-08 04:20:39
US.NVDA260513C220000,NVDA 260513 220.00C,211.497,31245,4230442.0,CALL,2026-05-13,220.0,2801,36.576,0.210462966,0.029122337,-0.245501678,0.078163501,6,100.0,US.NVDA,0.84,2.27,0.67,0.84,-0.040203879960472186,5139377100000.0,"成交额 $4,230,442 ≥ 阈值 $500,000 | 成交量 31,245 手",US.NVDA,2026-05-08 04:20:39
US.NVDA260518C205000,NVDA 260518 205.00C,211.497,4757,3987672.0,CALL,2026-05-18,205.0,7988,37.564,0.701372379,0.02516967,-0.235561122,0.127319723,11,100.0,US.NVDA,7.45,11.61,6.1,7.3018,0.030719111855014556,5139377100000.0,"成交额 $3,987,672 ≥ 阈值 $500,000 | 成交量 4,757 手",US.NVDA,2026-05-08 04:20:39
US.NVDA260522P215000,NVDA 260522 215.00P,211.497,3277,3972769.0,PUT,2026-05-22,215.0,1135,52.466,-0.535514937,0.017726699,-0.291804798,0.170216383,15,100.0,US.NVDA,13.3,13.86,9.8,13.0645,0.01656288268864327,5139377100000.0,"成交额 $3,972,769 ≥ 阈值 $500,000 | 成交量 3,277 手",US.NVDA,2026-05-08 04:20:39
US.NVDA260918C220000,NVDA 260918 220.00C,211.497,1961,3971262.0,CALL,2026-09-18,220.0,27512,42.985,0.512101282,0.007239141,-0.0909922,0.51098305,134,100.0,US.NVDA,17.72,21.25,17.26,17.75,-0.040203879960472186,5139377100000.0,"成交额 $3,971,262 ≥ 阈值 $500,000 | 成交量 1,961 手",US.NVDA,2026-05-08 04:20:39
US.NVDA260529C205000,NVDA 260529 205.00C,211.497,2815,3913275.0,CALL,2026-05-29,205.0,13951,48.452,0.633227692,0.014967962,-0.22971129,0.195435623,22,100.0,US.NVDA,11.85,15.89,11.08,11.7367,0.030719111855014556,5139377100000.0,"成交额 $3,913,275 ≥ 阈值 $500,000 | 成交量 2,815 手",US.NVDA,2026-05-08 04:20:39
US.NVDA260522C212500,NVDA 260522 212.50C,211.497,4045,3794821.0,CALL,2026-05-22,212.5,1232,53.23,0.509610008,0.017481276,-0.318673608,0.170934887,15,100.0,US.NVDA,7.28,10.49,6.74,7.25,-0.004742384052728813,5139377100000.0,"成交额 $3,794,821 ≥ 阈值 $500,000 | 成交量 4,045 手",US.NVDA,2026-05-08 04:20:39
US.NVDA260518C210000,NVDA 260518 210.00C,211.497,5932,3745097.0,CALL,2026-05-18,210.0,4454,36.632,0.563966572,0.029293775,-0.257884339,0.144515557,11,100.0,US.NVDA,4.85,8.25,4.11,4.7,0.007078114583185643,5139377100000.0,"成交额 $3,745,097 ≥ 阈值 $500,000 | 成交量 5,932 手",US.NVDA,2026-05-08 04:20:39
US.NVDA260518C220000,NVDA 260518 220.00C,211.497,13675,3685109.0,CALL,2026-05-18,220.0,6188,35.939,0.279923332,0.025519423,-0.210401829,0.123500662,11,100.0,US.NVDA,1.68,3.5,1.44,1.705,-0.040203879960472186,5139377100000.0,"成交额 $3,685,109 ≥ 阈值 $500,000 | 成交量 13,675 手",US.NVDA,2026-05-08 04:20:39
US.NVDA261120P170000,NVDA 261120 170.00P,211.497,3973,3657293.0,PUT,2026-11-20,170.0,8214,45.969,-0.193172853,0.003860423,-0.045524107,0.425624467,197,100.0,US.NVDA,9.89,9.89,8.97,9.725,-0.19620609275781695,5139377100000.0,"成交额 $3,657,293 ≥ 阈值 $500,000 | 成交量 3,973 手",US.NVDA,2026-05-08 04:20:39
US.NVDA260918C200000,NVDA 260918 200.00C,211.497,1195,3637142.0,CALL,2026-09-18,200.0,29651,44.095,0.652825207,0.006535682,-0.08886526,0.47322631,134,100.0,US.NVDA,27.4,31.5,26.38,27.1845,0.05436010912684347,5139377100000.0,"成交额 $3,637,142 ≥ 阈值 $500,000 | 成交量 1,195 手",US.NVDA,2026-05-08 04:20:39
US.NVDA260515P212500,NVDA 260515 212.50P,211.497,7092,3569926.0,PUT,2026-05-15,212.5,3217,37.921,-0.51735623,0.033676347,-0.29525731,0.124647669,8,100.0,US.NVDA,7.6,8.3,4.2,7.7879,0.004742384052728813,5139377100000.0,"成交额 $3,569,926 ≥ 阈值 $500,000 | 成交量 7,092 手",US.NVDA,2026-05-08 04:20:39
US.NVDA260618C190000,NVDA 260618 190.00C,211.497,1354,3569621.0,CALL,2026-06-18,190.0,48945,45.315,0.788614844,0.008900041,-0.126389018,0.207517688,42,100.0,US.NVDA,23.0,29.0,23.0,23.8138,0.10164210367050129,5139377100000.0,"成交额 $3,569,621 ≥ 阈值 $500,000 | 成交量 1,354 手",US.NVDA,2026-05-08 04:20:39
US.NVDA260618C250000,NVDA 260618 250.00C,211.497,13610,3506098.0,CALL,2026-06-18,250.0,44494,43.702,0.152485825,0.007519086,-0.090811495,0.16906267,42,100.0,US.NVDA,2.02,3.05,1.9,2.015,-0.18204986359144568,5139377100000.0,"成交额 $3,506,098 ≥ 阈值 $500,000 | 成交量 13,610 手",US.NVDA,2026-05-08 04:20:39
US.NVDA260618C180000,NVDA 260618 180.00C,211.497,985,3487599.0,CALL,2026-06-18,180.0,54472,47.948,0.86406128,0.006342382,-0.104175698,0.156467753,42,100.0,US.NVDA,32.15,37.05,30.85,31.6529,0.1489240982141591,5139377100000.0,"成交额 $3,487,599 ≥ 阈值 $500,000 | 成交量 985 手",US.NVDA,2026-05-08 04:20:39
US.NVDA260508C195000,NVDA 260508 195.00C,211.497,1949,3310067.0,CALL,2026-05-08,195.0,18211,109.894,0.926528878,0.011518847,-0.846889227,0.015338858,1,100.0,US.NVDA,13.06,19.29,12.1,13.0322,0.07800110639867239,5139377100000.0,"成交额 $3,310,067 ≥ 阈值 $500,000 | 成交量 1,949 手",US.NVDA,2026-05-08 04:20:39
US.NVDA260515C180000,NVDA 260515 180.00C,211.497,1002,3272458.0,CALL,2026-05-15,180.0,36705,68.392,0.950765153,0.004760465,-0.146340474,0.031875019,8,100.0,US.NVDA,28.75,34.5,27.45,28.2037,0.1489240982141591,5139377100000.0,"成交额 $3,272,458 ≥ 阈值 $500,000 | 成交量 1,002 手",US.NVDA,2026-05-08 04:20:39
US.NVDA260618C240000,NVDA 260618 240.00C,211.497,7935,3250067.0,CALL,2026-06-18,240.0,45473,43.1,0.222744691,0.009644804,-0.114265245,0.213882571,42,100.0,US.NVDA,3.2,4.75,3.0,3.175,-0.13476786904778784,5139377100000.0,"成交额 $3,250,067 ≥ 阈值 $500,000 | 成交量 7,935 手",US.NVDA,2026-05-08 04:20:39
US.NVDA260515P215000,NVDA 260515 215.00P,211.497,4813,3039764.0,PUT,2026-05-15,215.0,11927,37.913,-0.599767526,0.032705455,-0.283444045,0.1208148,8,100.0,US.NVDA,9.62,10.15,5.5,9.5138,0.01656288268864327,5139377100000.0,"成交额 $3,039,764 ≥ 阈值 $500,000 | 成交量 4,813 手",US.NVDA,2026-05-08 04:20:39
US.NVDA260821C260000,NVDA 260821 260.00C,211.497,4901,3024709.0,CALL,2026-08-21,260.0,4250,41.634,0.223379022,0.006294499,-0.071047353,0.340355437,106,100.0,US.NVDA,4.95,6.4,4.6,4.85,-0.22933185813510348,5139377100000.0,"成交额 $3,024,709 ≥ 阈值 $500,000 | 成交量 4,901 手",US.NVDA,2026-05-08 04:20:39
US.NVDA260717C215000,NVDA 260717 215.00C,211.497,1974,3020224.0,CALL,2026-07-17,215.0,8124,41.908,0.516745093,0.010196799,-0.119588146,0.37177942,71,100.0,US.NVDA,12.95,16.5,12.5,12.975,-0.01656288268864327,5139377100000.0,"成交额 $3,020,224 ≥ 阈值 $500,000 | 成交量 1,974 手",US.NVDA,2026-05-08 04:20:39
US.NVDA260605C225000,NVDA 260605 225.00C,211.497,4429,2968369.0,CALL,2026-06-05,225.0,4256,45.4,0.345688127,0.013625317,-0.179949208,0.219758417,29,100.0,US.NVDA,4.9,7.25,4.6,4.85,-0.0638448772323011,5139377100000.0,"成交额 $2,968,369 ≥ 阈值 $500,000 | 成交量 4,429 手",US.NVDA,2026-05-08 04:20:39
US.NVDA260522C230000,NVDA 260522 230.00C,211.497,8870,2889301.0,CALL,2026-05-22,230.0,11613,52.938,0.237597482,0.013626081,-0.240160892,0.132496089,15,100.0,US.NVDA,2.44,4.05,2.23,2.395,-0.08748587450413,5139377100000.0,"成交额 $2,889,301 ≥ 阈值 $500,000 | 成交量 8,870 手",US.NVDA,2026-05-08 04:20:39
US.NVDA260513C207500,NVDA 260513 207.50C,211.497,4814,2872940.0,CALL,2026-05-13,207.5,4241,37.676,0.667190572,0.035600231,-0.335002472,0.098437791,6,100.0,US.NVDA,4.6,8.65,3.85,4.4993,0.0188986132191001,5139377100000.0,"成交额 $2,872,940 ≥ 阈值 $500,000 | 成交量 4,814 手",US.NVDA,2026-05-08 04:20:39
US.NVDA260618C235000,NVDA 260618 235.00C,211.497,5650,2865975.0,CALL,2026-06-18,235.0,24113,42.983,0.267290298,0.010669209,-0.126293977,0.235963006,42,100.0,US.NVDA,4.05,5.85,3.82,4.0,-0.11112687177595892,5139377100000.0,"成交额 $2,865,975 ≥ 阈值 $500,000 | 成交量 5,650 手",US.NVDA,2026-05-08 04:20:39
US.NVDA260513C210000,NVDA 260513 210.00C,211.497,6064,2862371.0,CALL,2026-05-13,210.0,2259,37.247,0.573611113,0.038859624,-0.356795372,0.106233198,6,100.0,US.NVDA,3.4,6.86,2.8,3.35,0.007078114583185643,5139377100000.0,"成交额 $2,862,371 ≥ 阈值 $500,000 | 成交量 6,064 手",US.NVDA,2026-05-08 04:20:39
US.NVDA260515C185000,NVDA 260515 185.00C,211.497,999,2719277.0,CALL,2026-05-15,185.0,28343,58.837,0.944150384,0.00611595,-0.1410708,0.035228777,8,100.0,US.NVDA,23.05,29.6,22.45,23.358,0.12528310094233022,5139377100000.0,"成交额 $2,719,277 ≥ 阈值 $500,000 | 成交量 999 手",US.NVDA,2026-05-08 04:20:39
US.NVDA260515P200000,NVDA 260515 200.00P,211.497,20930,2698397.0,PUT,2026-05-15,200.0,27044,40.995,-0.167341666,0.019534037,-0.198562052,0.078356247,8,100.0,US.NVDA,2.0,2.45,1.0,2.24,-0.05436010912684347,5139377100000.0,"成交额 $2,698,397 ≥ 阈值 $500,000 | 成交量 20,930 手",US.NVDA,2026-05-08 04:20:39
US.NVDA260717C205000,NVDA 260717 205.00C,211.497,1344,2672916.0,CALL,2026-07-17,205.0,12628,42.666,0.61702374,0.009590121,-0.118416795,0.355977264,71,100.0,US.NVDA,17.95,21.9,17.15,17.7206,0.030719111855014556,5139377100000.0,"成交额 $2,672,916 ≥ 阈值 $500,000 | 成交量 1,344 手",US.NVDA,2026-05-08 04:20:39
US.NVDA260605C215000,NVDA 260605 215.00C,211.497,2640,2642117.0,CALL,2026-06-05,215.0,3328,45.681,0.483799438,0.014639575,-0.198096533,0.237590602,29,100.0,US.NVDA,8.1,11.25,7.6,8.075,-0.01656288268864327,5139377100000.0,"成交额 $2,642,117 ≥ 阈值 $500,000 | 成交量 2,640 手",US.NVDA,2026-05-08 04:20:39
US.NVDA260618C212000,NVDA 260618 212.00C,211.497,1947,2584517.0,CALL,2026-06-18,212.0,4680,43.426,0.534306312,0.012758952,-0.158374778,0.285121899,42,100.0,US.NVDA,11.0,14.5,10.49,10.9252,-0.002378284325545922,5139377100000.0,"成交额 $2,584,517 ≥ 阈值 $500,000 | 成交量 1,947 手",US.NVDA,2026-05-08 04:20:39
US.NVDA260821C215000,NVDA 260821 215.00C,211.497,1322,2539799.0,CALL,2026-08-21,215.0,4901,42.22,0.535127189,0.00825862,-0.099877624,0.452913659,106,100.0,US.NVDA,16.85,20.4,16.24,16.7,-0.01656288268864327,5139377100000.0,"成交额 $2,539,799 ≥ 阈值 $500,000 | 成交量 1,322 手",US.NVDA,2026-05-08 04:20:39
US.NVDA260821C200000,NVDA 260821 200.00C,211.497,945,2510600.0,CALL,2026-08-21,200.0,17431,42.995,0.656474324,0.007506737,-0.096466529,0.419229424,106,100.0,US.NVDA,24.25,28.65,23.5,24.1688,0.05436010912684347,5139377100000.0,"成交额 $2,510,600 ≥ 阈值 $500,000 | 成交量 945 手",US.NVDA,2026-05-08 04:20:39
US.NVDA260511C220000,NVDA 260511 220.00C,211.497,28078,2495132.0,CALL,2026-05-11,220.0,4089,33.823,0.138865798,0.029598893,-0.204904094,0.048924014,4,100.0,US.NVDA,0.43,1.44,0.34,0.445,-0.040203879960472186,5139377100000.0,"成交额 $2,495,132 ≥ 阈值 $500,000 | 成交量 28,078 手",US.NVDA,2026-05-08 04:20:39
US.NVDA260717C225000,NVDA 260717 225.00C,211.497,2185,2466908.0,CALL,2026-07-17,225.0,10849,41.491,0.41765526,0.010088076,-0.114519464,0.36414319,71,100.0,US.NVDA,9.4,12.09,8.95,9.325,-0.0638448772323011,5139377100000.0,"成交额 $2,466,908 ≥ 阈值 $500,000 | 成交量 2,185 手",US.NVDA,2026-05-08 04:20:39
US.NVDA260522C187500,NVDA 260522 187.50C,211.497,904,2442377.0,CALL,2026-05-22,187.5,129,56.188,0.870318032,0.008769421,-0.185136684,0.090503269,15,100.0,US.NVDA,22.91,28.32,22.91,22.9583,0.11346260230641575,5139377100000.0,"成交额 $2,442,377 ≥ 阈值 $500,000 | 成交量 904 手",US.NVDA,2026-05-08 04:20:39
US.NVDA260605C205000,NVDA 260605 205.00C,211.497,1554,2404586.0,CALL,2026-06-05,205.0,5938,46.274,0.62808207,0.013712034,-0.193243134,0.225420848,29,100.0,US.NVDA,13.17,16.7,12.0,12.699,0.030719111855014556,5139377100000.0,"成交额 $2,404,586 ≥ 阈值 $500,000 | 成交量 1,554 手",US.NVDA,2026-05-08 04:20:39
US.NVDA260618C213000,NVDA 260618 213.00C,211.497,1868,2396709.0,CALL,2026-06-18,213.0,5083,43.399,0.52156895,0.012795579,-0.158390168,0.2857623,42,100.0,US.NVDA,10.01,13.93,10.01,10.4997,-0.007106483779911705,5139377100000.0,"成交额 $2,396,709 ≥ 阈值 $500,000 | 成交量 1,868 手",US.NVDA,2026-05-08 04:20:39
US.NVDA260508P202500,NVDA 260508 202.50P,211.497,63618,2351356.0,PUT,2026-05-08,202.5,7722,54.252,-0.059671557,0.019860559,-0.343918318,0.013055487,1,100.0,US.NVDA,0.69,1.03,0.15,0.895,-0.04253961049092901,5139377100000.0,"成交额 $2,351,356 ≥ 阈值 $500,000 | 成交量 63,618 手",US.NVDA,2026-05-08 04:20:39
US.NVDA260821C220000,NVDA 260821 220.00C,211.497,1386,2298710.0,CALL,2026-08-21,220.0,17752,41.892,0.4941129,0.008354763,-0.098865419,0.454625804,106,100.0,US.NVDA,14.8,18.0,14.1,14.675,-0.040203879960472186,5139377100000.0,"成交额 $2,298,710 ≥ 阈值 $500,000 | 成交量 1,386 手",US.NVDA,2026-05-08 04:20:39
US.NVDA261120P185000,NVDA 261120 185.00P,211.497,1666,2262061.0,PUT,2026-11-20,185.0,1252,44.783,-0.267143567,0.004772973,-0.052289809,0.510337076,197,100.0,US.NVDA,13.48,13.87,13.4,14.425,-0.12528310094233022,5139377100000.0,"成交额 $2,262,061 ≥ 阈值 $500,000 | 成交量 1,666 手",US.NVDA,2026-05-08 04:20:39
US.NVDA261016P190000,NVDA 261016 190.00P,211.497,1725,2258206.0,PUT,2026-10-16,190.0,5526,43.818,-0.287798987,0.005575975,-0.058847423,0.4798655,162,100.0,US.NVDA,13.9,13.9,12.85,14.0,-0.10164210367050129,5139377100000.0,"成交额 $2,258,206 ≥ 阈值 $500,000 | 成交量 1,725 手",US.NVDA,2026-05-08 04:20:39
US.NVDA260522P210000,NVDA 260522 210.00P,211.497,2691,2209590.0,PUT,2026-05-22,210.0,9290,52.703,-0.447248907,0.017540974,-0.29366201,0.169425899,15,100.0,US.NVDA,10.11,10.61,7.38,10.1625,-0.007078114583185643,5139377100000.0,"成交额 $2,209,590 ≥ 阈值 $500,000 | 成交量 2,691 手",US.NVDA,2026-05-08 04:20:39
US.NVDA260918C250000,NVDA 260918 250.00C,211.497,2163,2190018.0,CALL,2026-09-18,250.0,20374,42.462,0.319405525,0.006567064,-0.078392196,0.457858697,134,100.0,US.NVDA,8.95,11.1,8.55,8.85,-0.18204986359144568,5139377100000.0,"成交额 $2,190,018 ≥ 阈值 $500,000 | 成交量 2,163 手",US.NVDA,2026-05-08 04:20:39
US.NVDA260821C230000,NVDA 260821 230.00C,211.497,1671,2169891.0,CALL,2026-08-21,230.0,10428,41.63,0.415113522,0.008217067,-0.094957881,0.444332148,106,100.0,US.NVDA,11.35,14.15,10.75,11.25,-0.08748587450413,5139377100000.0,"成交额 $2,169,891 ≥ 阈值 $500,000 | 成交量 1,671 手",US.NVDA,2026-05-08 04:20:39
US.NVDA260511P210000,NVDA 260511 210.00P,211.497,9461,2165658.0,PUT,2026-05-11,210.0,559,32.905,-0.407158923,0.053397471,-0.369978953,0.08578254,4,100.0,US.NVDA,4.3,5.2,1.64,4.677,-0.007078114583185643,5139377100000.0,"成交额 $2,165,658 ≥ 阈值 $500,000 | 成交量 9,461 手",US.NVDA,2026-05-08 04:20:39
US.NVDA260513C212500,NVDA 260513 212.50C,211.497,5454,2155815.0,CALL,2026-05-13,212.5,1595,36.67,0.47440779,0.040073839,-0.354781155,0.10785652,6,100.0,US.NVDA,2.47,5.35,2.0,2.41,-0.004742384052728813,5139377100000.0,"成交额 $2,155,815 ≥ 阈值 $500,000 | 成交量 5,454 手",US.NVDA,2026-05-08 04:20:39
US.NVDA260618P210000,NVDA 260618 210.00P,211.497,1923,2126829.0,PUT,2026-06-18,210.0,7316,43.135,-0.441916479,0.012832113,-0.137057545,0.282831646,42,100.0,US.NVDA,12.85,13.69,10.5,13.0974,-0.007078114583185643,5139377100000.0,"成交额 $2,126,829 ≥ 阈值 $500,000 | 成交量 1,923 手",US.NVDA,2026-05-08 04:20:39
US.NVDA260529C225000,NVDA 260529 225.00C,211.497,4013,2109784.0,CALL,2026-05-29,225.0,35628,47.616,0.325565716,0.014570894,-0.210479644,0.186960505,22,100.0,US.NVDA,4.1,6.27,3.75,4.05,-0.0638448772323011,5139377100000.0,"成交额 $2,109,784 ≥ 阈值 $500,000 | 成交量 4,013 手",US.NVDA,2026-05-08 04:20:39
US.NVDA260511C200000,NVDA 260511 200.00C,211.497,1726,2106196.0,CALL,2026-05-11,200.0,2294,38.997,0.919477026,0.017327435,-0.168740631,0.033024368,4,100.0,US.NVDA,9.05,14.5,7.75,8.8143,0.05436010912684347,5139377100000.0,"成交额 $2,106,196 ≥ 阈值 $500,000 | 成交量 1,726 手",US.NVDA,2026-05-08 04:20:39
US.NVDA260513C205000,NVDA 260513 205.00C,211.497,2669,2086135.0,CALL,2026-05-13,205.0,1503,38.726,0.747333801,0.030458701,-0.302408086,0.086564224,6,100.0,US.NVDA,6.1,10.5,5.2,5.923,0.030719111855014556,5139377100000.0,"成交额 $2,086,135 ≥ 阈值 $500,000 | 成交量 2,669 手",US.NVDA,2026-05-08 04:20:39
US.NVDA260511P212500,NVDA 260511 212.50P,211.497,6448,2061930.0,PUT,2026-05-11,212.5,32,32.142,-0.54503262,0.055900637,-0.366918638,0.087604594,4,100.0,US.NVDA,6.76,6.76,2.54,6.3309,0.004742384052728813,5139377100000.0,"成交额 $2,061,930 ≥ 阈值 $500,000 | 成交量 6,448 手",US.NVDA,2026-05-08 04:20:39
US.NVDA260918P220000,NVDA 260918 220.00P,211.497,821,2052942.0,PUT,2026-09-18,220.0,4246,42.399,-0.495349198,0.007522362,-0.070494515,0.509260233,134,100.0,US.NVDA,25.32,25.5,24.5,26.9521,0.040203879960472186,5139377100000.0,"成交额 $2,052,942 ≥ 阈值 $500,000 | 成交量 821 手",US.NVDA,2026-05-08 04:20:39
US.NVDA260515P207500,NVDA 260515 207.50P,211.497,6104,2048281.0,PUT,2026-05-15,207.5,7983,38.926,-0.354485061,0.030582444,-0.284815758,0.116393923,8,100.0,US.NVDA,4.65,5.46,2.5,4.95,-0.0188986132191001,5139377100000.0,"成交额 $2,048,281 ≥ 阈值 $500,000 | 成交量 6,104 手",US.NVDA,2026-05-08 04:20:39
US.NVDA260508C197500,NVDA 260508 197.50C,211.497,1425,2045030.0,CALL,2026-05-08,197.5,11420,0.0,0.0,0.0,0.0,0.0,1,100.0,US.NVDA,11.0,16.83,9.78,10.6425,0.06618060776275793,5139377100000.0,"成交额 $2,045,030 ≥ 阈值 $500,000 | 成交量 1,425 手",US.NVDA,2026-05-08 04:20:39
US.NVDA260821C250000,NVDA 260821 250.00C,211.497,2570,1985700.0,CALL,2026-08-21,250.0,13527,41.494,0.278014506,0.007093386,-0.080060428,0.382280457,106,100.0,US.NVDA,6.45,8.35,6.17,6.425,-0.18204986359144568,5139377100000.0,"成交额 $1,985,700 ≥ 阈值 $500,000 | 成交量 2,570 手",US.NVDA,2026-05-08 04:20:39
US.NVDA260612P215000,NVDA 260612 215.00P,211.497,1501,1982209.0,PUT,2026-06-12,215.0,1540,43.891,-0.511528206,0.013781732,-0.151945155,0.264498804,36,100.0,US.NVDA,15.75,15.75,12.5,15.3605,0.01656288268864327,5139377100000.0,"成交额 $1,982,209 ≥ 阈值 $500,000 | 成交量 1,501 手",US.NVDA,2026-05-08 04:20:39
US.NVDA260618C175000,NVDA 260618 175.00C,211.497,493,1978767.0,CALL,2026-06-18,175.0,9260,49.751,0.891001677,0.00523415,-0.094203611,0.133983643,42,100.0,US.NVDA,36.25,41.43,36.0,35.9025,0.17256509548598803,5139377100000.0,"成交额 $1,978,767 ≥ 阈值 $500,000 | 成交量 493 手",US.NVDA,2026-05-08 04:20:39
US.NVDA260918C195000,NVDA 260918 195.00C,211.497,604,1949118.0,CALL,2026-09-18,195.0,10685,44.413,0.68656943,0.006228386,-0.086687971,0.454227517,134,100.0,US.NVDA,29.55,34.5,29.3,30.0984,0.07800110639867239,5139377100000.0,"成交额 $1,949,118 ≥ 阈值 $500,000 | 成交量 604 手",US.NVDA,2026-05-08 04:20:39
US.NVDA260618P200000,NVDA 260618 200.00P,211.497,2691,1918683.0,PUT,2026-06-18,200.0,27838,43.927,-0.317386467,0.011343343,-0.127756521,0.255472017,42,100.0,US.NVDA,8.35,8.8,6.5,8.45,-0.05436010912684347,5139377100000.0,"成交额 $1,918,683 ≥ 阈值 $500,000 | 成交量 2,691 手",US.NVDA,2026-05-08 04:20:39
US.NVDA260612P230000,NVDA 260612 230.00P,211.497,832,1906031.0,PUT,2026-06-12,230.0,14,43.696,-0.701247366,0.012243097,-0.126435154,0.229661847,36,100.0,US.NVDA,22.9,23.61,22.9,25.8615,0.08748587450413,5139377100000.0,"成交额 $1,906,031 ≥ 阈值 $500,000 | 成交量 832 手",US.NVDA,2026-05-08 04:20:39
US.NVDA260918C230000,NVDA 260918 230.00C,211.497,1146,1848838.0,CALL,2026-09-18,230.0,15245,42.711,0.443181324,0.007214939,-0.088589239,0.506015803,134,100.0,US.NVDA,14.15,17.35,13.8,14.125,-0.08748587450413,5139377100000.0,"成交额 $1,848,838 ≥ 阈值 $500,000 | 成交量 1,146 手",US.NVDA,2026-05-08 04:20:39
US.NVDA261016P170000,NVDA 261016 170.00P,211.497,2499,1847915.0,PUT,2026-10-16,170.0,7047,45.559,-0.179160493,0.004093448,-0.048024521,0.368350964,162,100.0,US.NVDA,8.0,8.0,7.16,7.9,-0.19620609275781695,5139377100000.0,"成交额 $1,847,915 ≥ 阈值 $500,000 | 成交量 2,499 手",US.NVDA,2026-05-08 04:20:39
US.NVDA260821C190000,NVDA 260821 190.00C,211.497,553,1843334.0,CALL,2026-08-21,190.0,18848,43.756,0.731532885,0.006611276,-0.089910581,0.37574176,106,100.0,US.NVDA,30.35,35.02,30.0,30.261,0.10164210367050129,5139377100000.0,"成交额 $1,843,334 ≥ 阈值 $500,000 | 成交量 553 手",US.NVDA,2026-05-08 04:20:39
US.NVDA260612C210000,NVDA 260612 210.00C,211.497,1359,1827408.0,CALL,2026-06-12,210.0,822,44.675,0.55824167,0.0133025,-0.174358409,0.262117106,36,100.0,US.NVDA,11.35,14.85,10.45,11.1,0.007078114583185643,5139377100000.0,"成交额 $1,827,408 ≥ 阈值 $500,000 | 成交量 1,359 手",US.NVDA,2026-05-08 04:20:39
US.NVDA260529C230000,NVDA 260529 230.00C,211.497,4579,1826489.0,CALL,2026-05-29,230.0,10188,47.565,0.260741502,0.013155705,-0.18849671,0.168614991,22,100.0,US.NVDA,3.05,4.8,2.86,3.025,-0.08748587450413,5139377100000.0,"成交额 $1,826,489 ≥ 阈值 $500,000 | 成交量 4,579 手",US.NVDA,2026-05-08 04:20:39
US.NVDA260522C217500,NVDA 260522 217.50C,211.497,2521,1806443.0,CALL,2026-05-22,217.5,3667,53.033,0.423627674,0.017228724,-0.309981124,0.167839963,15,100.0,US.NVDA,5.49,8.22,5.0,5.375,-0.028383381324557727,5139377100000.0,"成交额 $1,806,443 ≥ 阈值 $500,000 | 成交量 2,521 手",US.NVDA,2026-05-08 04:20:39
US.NVDA260918C180000,NVDA 260918 180.00C,211.497,415,1804242.0,CALL,2026-09-18,180.0,16463,45.815,0.778752729,0.005059691,-0.077384782,0.380624663,134,100.0,US.NVDA,38.85,44.74,38.85,39.7415,0.1489240982141591,5139377100000.0,"成交额 $1,804,242 ≥ 阈值 $500,000 | 成交量 415 手",US.NVDA,2026-05-08 04:20:39
US.NVDA260717C195000,NVDA 260717 195.00C,211.497,682,1801072.0,CALL,2026-07-17,195.0,33199,43.425,0.71121043,0.00843441,-0.110198398,0.31863548,71,100.0,US.NVDA,23.8,28.1,22.85,23.4902,0.07800110639867239,5139377100000.0,"成交额 $1,801,072 ≥ 阈值 $500,000 | 成交量 682 手",US.NVDA,2026-05-08 04:20:39
US.NVDA260717C160000,NVDA 260717 160.00C,211.497,328,1785152.0,CALL,2026-07-17,160.0,3158,50.377,0.919098876,0.003190735,-0.063513241,0.139823862,71,100.0,US.NVDA,56.25,56.73,54.0,51.1702,0.24348808730147478,5139377100000.0,"成交额 $1,785,152 ≥ 阈值 $500,000 | 成交量 328 手",US.NVDA,2026-05-08 04:20:39
US.NVDA260618C222000,NVDA 260618 222.00C,211.497,1976,1768961.0,CALL,2026-06-18,222.0,4601,43.139,0.409312464,0.012557039,-0.15176975,0.278747689,42,100.0,US.NVDA,6.95,9.95,6.95,7.1501,-0.049660278869203746,5139377100000.0,"成交额 $1,768,961 ≥ 阈值 $500,000 | 成交量 1,976 手",US.NVDA,2026-05-08 04:20:39
US.NVDA260717P200000,NVDA 260717 200.00P,211.497,1801,1752017.0,PUT,2026-07-17,200.0,7181,42.472,-0.335411846,0.009252043,-0.09494842,0.339595126,71,100.0,US.NVDA,10.66,11.65,9.26,11.075,-0.05436010912684347,5139377100000.0,"成交额 $1,752,017 ≥ 阈值 $500,000 | 成交量 1,801 手",US.NVDA,2026-05-08 04:20:39
US.NVDA260918P210000,NVDA 260918 210.00P,211.497,864,1751345.0,PUT,2026-09-18,210.0,6245,42.788,-0.421917348,0.007253008,-0.071157311,0.500105581,134,100.0,US.NVDA,21.54,21.6,19.25,21.3,-0.007078114583185643,5139377100000.0,"成交额 $1,751,345 ≥ 阈值 $500,000 | 成交量 864 手",US.NVDA,2026-05-08 04:20:39
US.NVDA260717C180000,NVDA 260717 180.00C,211.497,470,1750360.0,CALL,2026-07-17,180.0,15243,45.668,0.825530321,0.006039905,-0.091041253,0.239942164,71,100.0,US.NVDA,34.33,39.5,33.62,34.2433,0.1489240982141591,5139377100000.0,"成交额 $1,750,360 ≥ 阈值 $500,000 | 成交量 470 手",US.NVDA,2026-05-08 04:20:39
US.NVDA260515C222500,NVDA 260515 222.50C,211.497,9440,1742223.0,CALL,2026-05-15,222.5,4450,38.897,0.200892899,0.023064301,-0.219109539,0.087818008,8,100.0,US.NVDA,1.01,2.3,0.85,1.0,-0.05202437859638664,5139377100000.0,"成交额 $1,742,223 ≥ 阈值 $500,000 | 成交量 9,440 手",US.NVDA,2026-05-08 04:20:39
US.NVDA260508P217500,NVDA 260508 217.50P,211.497,3052,1724566.0,PUT,2026-05-08,217.5,397,42.962,-0.892308678,0.039522074,-0.418874484,0.02036024,1,100.0,US.NVDA,9.45,9.79,4.5,10.0096,0.028383381324557727,5139377100000.0,"成交额 $1,724,566 ≥ 阈值 $500,000 | 成交量 3,052 手",US.NVDA,2026-05-08 04:20:39
US.NVDA260529C235000,NVDA 260529 235.00C,211.497,5603,1720274.0,CALL,2026-05-29,235.0,13646,47.785,0.205841893,0.011481693,-0.165021346,0.147834854,22,100.0,US.NVDA,2.26,3.65,2.1,2.23,-0.11112687177595892,5139377100000.0,"成交额 $1,720,274 ≥ 阈值 $500,000 | 成交量 5,603 手",US.NVDA,2026-05-08 04:20:39
US.NVDA260605P200000,NVDA 260605 200.00P,211.497,2940,1653563.0,PUT,2026-06-05,200.0,3590,46.169,-0.303241576,0.012719558,-0.160661961,0.208144811,29,100.0,US.NVDA,7.0,7.5,5.25,7.1,-0.05436010912684347,5139377100000.0,"成交额 $1,653,563 ≥ 阈值 $500,000 | 成交量 2,940 手",US.NVDA,2026-05-08 04:20:39
US.NVDA260522C195000,NVDA 260522 195.00C,211.497,806,1648644.0,CALL,2026-05-22,195.0,5050,54.831,0.788159641,0.012326571,-0.243635664,0.124145733,15,100.0,US.NVDA,17.7,22.1,16.25,17.1812,0.07800110639867239,5139377100000.0,"成交额 $1,648,644 ≥ 阈值 $500,000 | 成交量 806 手",US.NVDA,2026-05-08 04:20:39
US.NVDA260612C205000,NVDA 260612 205.00C,211.497,1008,1644950.0,CALL,2026-06-12,205.0,1267,44.683,0.624855549,0.012779713,-0.169074142,0.251858255,36,100.0,US.NVDA,13.75,17.5,12.75,13.5854,0.030719111855014556,5139377100000.0,"成交额 $1,644,950 ≥ 阈值 $500,000 | 成交量 1,008 手",US.NVDA,2026-05-08 04:20:39
US.NVDA260522C190000,NVDA 260522 190.00C,211.497,659,1640441.0,CALL,2026-05-22,190.0,9382,55.428,0.847057613,0.009942203,-0.20301712,0.101219067,15,100.0,US.NVDA,21.39,26.04,20.65,20.9412,0.10164210367050129,5139377100000.0,"成交额 $1,640,441 ≥ 阈值 $500,000 | 成交量 659 手",US.NVDA,2026-05-08 04:20:39
US.NVDA260821P195000,NVDA 260821 195.00P,211.497,1452,1570499.0,PUT,2026-08-21,195.0,5701,42.763,-0.306012522,0.007247322,-0.074298409,0.399289618,106,100.0,US.NVDA,12.08,12.09,10.5,12.0,-0.07800110639867239,5139377100000.0,"成交额 $1,570,499 ≥ 阈值 $500,000 | 成交量 1,452 手",US.NVDA,2026-05-08 04:20:39
US.NVDA260618C170000,NVDA 260618 170.00C,211.497,356,1562590.0,CALL,2026-06-18,170.0,64487,51.315,0.91404793,0.004262636,-0.083514723,0.112544761,42,100.0,US.NVDA,40.5,46.1,39.67,40.3328,0.19620609275781695,5139377100000.0,"成交额 $1,562,590 ≥ 阈值 $500,000 | 成交量 356 手",US.NVDA,2026-05-08 04:20:39
US.NVDA260918P170000,NVDA 260918 170.00P,211.497,2558,1538079.0,PUT,2026-09-18,170.0,25583,45.889,-0.166577366,0.004260918,-0.051291918,0.31984038,134,100.0,US.NVDA,6.6,6.7,5.88,6.6,-0.19620609275781695,5139377100000.0,"成交额 $1,538,079 ≥ 阈值 $500,000 | 成交量 2,558 手",US.NVDA,2026-05-08 04:20:39
US.NVDA260513P210000,NVDA 260513 210.00P,211.497,4868,1530011.0,PUT,2026-05-13,210.0,97,36.52,-0.425720906,0.039673825,-0.329567464,0.106167191,6,100.0,US.NVDA,6.0,6.0,2.5,5.4995,-0.007078114583185643,5139377100000.0,"成交额 $1,530,011 ≥ 阈值 $500,000 | 成交量 4,868 手",US.NVDA,2026-05-08 04:20:39
US.NVDA260717P220000,NVDA 260717 220.00P,211.497,795,1528727.0,PUT,2026-07-17,220.0,2264,41.278,-0.538627617,0.01049096,-0.096858277,0.369323849,71,100.0,US.NVDA,19.82,19.88,18.6,21.619,0.040203879960472186,5139377100000.0,"成交额 $1,528,727 ≥ 阈值 $500,000 | 成交量 795 手",US.NVDA,2026-05-08 04:20:39
US.NVDA260518P215000,NVDA 260518 215.00P,211.497,2271,1522660.0,PUT,2026-05-18,215.0,1004,35.911,-0.58619718,0.029718443,-0.226965356,0.142833869,11,100.0,US.NVDA,9.31,9.31,5.95,9.7851,0.01656288268864327,5139377100000.0,"成交额 $1,522,660 ≥ 阈值 $500,000 | 成交量 2,271 手",US.NVDA,2026-05-08 04:20:39
US.NVDA261120C250000,NVDA 261120 250.00C,211.497,937,1447165.0,CALL,2026-11-20,250.0,3951,43.243,0.379977037,0.005666131,-0.071515783,0.591621801,197,100.0,US.NVDA,13.65,16.5,13.55,13.65,-0.18204986359144568,5139377100000.0,"成交额 $1,447,165 ≥ 阈值 $500,000 | 成交量 937 手",US.NVDA,2026-05-08 04:20:39
US.NVDA260513P200000,NVDA 260513 200.00P,211.497,18416,1416374.0,PUT,2026-05-13,200.0,650,40.184,-0.130704224,0.01950719,-0.188374781,0.057505887,6,100.0,US.NVDA,1.41,1.76,0.62,1.61,-0.05436010912684347,5139377100000.0,"成交额 $1,416,374 ≥ 阈值 $500,000 | 成交量 18,416 手",US.NVDA,2026-05-08 04:20:39
US.NVDA261016P210000,NVDA 261016 210.00P,211.497,659,1414711.0,PUT,2026-10-16,210.0,3738,42.643,-0.416748108,0.006620826,-0.063494254,0.548191394,162,100.0,US.NVDA,21.6,22.0,21.15,22.975,-0.007078114583185643,5139377100000.0,"成交额 $1,414,711 ≥ 阈值 $500,000 | 成交量 659 手",US.NVDA,2026-05-08 04:20:39
US.NVDA260511P215000,NVDA 260511 215.00P,211.497,2967,1404099.0,PUT,2026-05-11,215.0,96,32.291,-0.677263514,0.050508626,-0.324470953,0.079277246,4,100.0,US.NVDA,8.0,8.55,3.75,8.2549,0.01656288268864327,5139377100000.0,"成交额 $1,404,099 ≥ 阈值 $500,000 | 成交量 2,967 手",US.NVDA,2026-05-08 04:20:39
US.NVDA261016P215000,NVDA 261016 215.00P,211.497,576,1380043.0,PUT,2026-10-16,215.0,508,42.429,-0.450334407,0.006776093,-0.063481797,0.55576727,162,100.0,US.NVDA,23.9,24.43,23.75,25.6374,0.01656288268864327,5139377100000.0,"成交额 $1,380,043 ≥ 阈值 $500,000 | 成交量 576 手",US.NVDA,2026-05-08 04:20:39
US.NVDA260717P190000,NVDA 260717 190.00P,211.497,2114,1378799.0,PUT,2026-07-17,190.0,10286,43.236,-0.244786516,0.007816486,-0.084312568,0.292848067,71,100.0,US.NVDA,7.3,7.79,6.23,7.5,-0.10164210367050129,5139377100000.0,"成交额 $1,378,799 ≥ 阈值 $500,000 | 成交量 2,114 手",US.NVDA,2026-05-08 04:20:39
US.NVDA261120C200000,NVDA 261120 200.00C,211.497,388,1378711.0,CALL,2026-11-20,200.0,3740,44.871,0.653260966,0.005293854,-0.07570509,0.573589363,197,100.0,US.NVDA,32.53,37.09,32.53,32.6703,0.05436010912684347,5139377100000.0,"成交额 $1,378,711 ≥ 阈值 $500,000 | 成交量 388 手",US.NVDA,2026-05-08 04:20:39
US.NVDA260618C270000,NVDA 260618 270.00C,211.497,12226,1373858.0,CALL,2026-06-18,270.0,17792,45.832,0.071298277,0.004141953,-0.054227352,0.097675252,42,100.0,US.NVDA,0.85,1.32,0.84,0.87,-0.2766138526787613,5139377100000.0,"成交额 $1,373,858 ≥ 阈值 $500,000 | 成交量 12,226 手",US.NVDA,2026-05-08 04:20:39
US.NVDA260618C185000,NVDA 260618 185.00C,211.497,436,1364299.0,CALL,2026-06-18,185.0,20892,46.287,0.830947807,0.007593766,-0.114408124,0.180853216,42,100.0,US.NVDA,27.7,32.92,27.2,27.5981,0.12528310094233022,5139377100000.0,"成交额 $1,364,299 ≥ 阈值 $500,000 | 成交量 436 手",US.NVDA,2026-05-08 04:20:39
US.NVDA260518C200000,NVDA 260518 200.00C,211.497,1010,1335997.0,CALL,2026-05-18,200.0,5780,39.303,0.807850351,0.018944296,-0.196490513,0.100256685,11,100.0,US.NVDA,10.9,15.41,9.96,10.7114,0.05436010912684347,5139377100000.0,"成交额 $1,335,997 ≥ 阈值 $500,000 | 成交量 1,010 手",US.NVDA,2026-05-08 04:20:39
US.NVDA260618C150000,NVDA 260618 150.00C,211.497,206,1318360.0,CALL,2026-06-18,150.0,59956,60.486,0.96389708,0.0018267,-0.054624468,0.056856424,42,100.0,US.NVDA,59.33,65.25,59.33,59.1305,0.2907700818451326,5139377100000.0,"成交额 $1,318,360 ≥ 阈值 $500,000 | 成交量 206 手",US.NVDA,2026-05-08 04:20:39
US.NVDA260511P207500,NVDA 260511 207.50P,211.497,6407,1286031.0,PUT,2026-05-11,207.5,1556,33.53,-0.283304799,0.045687796,-0.324071542,0.074827164,4,100.0,US.NVDA,2.9,3.7,1.06,3.3,-0.0188986132191001,5139377100000.0,"成交额 $1,286,031 ≥ 阈值 $500,000 | 成交量 6,407 手",US.NVDA,2026-05-08 04:20:39
US.NVDA260918C215000,NVDA 260918 215.00C,211.497,577,1281789.0,CALL,2026-09-18,215.0,5897,43.226,0.547522369,0.007150919,-0.091434577,0.507588278,134,100.0,US.NVDA,20.2,23.53,19.2,19.75,-0.01656288268864327,5139377100000.0,"成交额 $1,281,789 ≥ 阈值 $500,000 | 成交量 577 手",US.NVDA,2026-05-08 04:20:39
US.NVDA261016C220000,NVDA 261016 220.00C,211.497,575,1258128.0,CALL,2026-10-16,220.0,3380,42.836,0.524452837,0.006597367,-0.083197219,0.561045428,162,100.0,US.NVDA,19.63,23.55,19.4,20.0077,-0.040203879960472186,5139377100000.0,"成交额 $1,258,128 ≥ 阈值 $500,000 | 成交量 575 手",US.NVDA,2026-05-08 04:20:39
US.NVDA260515P217500,NVDA 260515 217.50P,211.497,1448,1256212.0,PUT,2026-05-15,217.5,661,37.706,-0.678248538,0.030585896,-0.257565454,0.112021611,8,100.0,US.NVDA,11.31,11.8,7.03,11.4004,0.028383381324557727,5139377100000.0,"成交额 $1,256,212 ≥ 阈值 $500,000 | 成交量 1,448 手",US.NVDA,2026-05-08 04:20:39
US.NVDA260515C197500,NVDA 260515 197.50C,211.497,880,1250917.0,CALL,2026-05-15,197.5,3817,43.839,0.864485438,0.015869445,-0.202813472,0.06810093,8,100.0,US.NVDA,12.35,17.41,11.3,12.1179,0.06618060776275793,5139377100000.0,"成交额 $1,250,917 ≥ 阈值 $500,000 | 成交量 880 手",US.NVDA,2026-05-08 04:20:39
US.NVDA260515C230000,NVDA 260515 230.00C,211.497,17486,1234482.0,CALL,2026-05-15,230.0,43780,40.315,0.086486682,0.012496698,-0.121862816,0.049315459,8,100.0,US.NVDA,0.41,0.97,0.34,0.415,-0.08748587450413,5139377100000.0,"成交额 $1,234,482 ≥ 阈值 $500,000 | 成交量 17,486 手",US.NVDA,2026-05-08 04:20:39
US.NVDA260522C202500,NVDA 260522 202.50C,211.497,836,1226201.0,CALL,2026-05-22,202.5,684,53.978,0.679365173,0.015470336,-0.293198734,0.153392937,15,100.0,US.NVDA,11.7,16.5,11.15,12.2863,0.04253961049092901,5139377100000.0,"成交额 $1,226,201 ≥ 阈值 $500,000 | 成交量 836 手",US.NVDA,2026-05-08 04:20:39
US.NVDA261120C220000,NVDA 261120 220.00C,211.497,472,1225209.0,CALL,2026-11-20,220.0,3077,43.799,0.53968339,0.00583255,-0.077535429,0.616855689,197,100.0,US.NVDA,23.0,26.82,22.8,23.3,-0.040203879960472186,5139377100000.0,"成交额 $1,225,209 ≥ 阈值 $500,000 | 成交量 472 手",US.NVDA,2026-05-08 04:20:39
US.NVDA260515P220000,NVDA 260515 220.00P,211.497,1222,1210878.0,PUT,2026-05-15,220.0,2015,37.652,-0.748748287,0.02735401,-0.223934291,0.099514593,8,100.0,US.NVDA,13.15,14.0,8.65,13.4225,0.040203879960472186,5139377100000.0,"成交额 $1,210,878 ≥ 阈值 $500,000 | 成交量 1,222 手",US.NVDA,2026-05-08 04:20:39
US.NVDA260717C250000,NVDA 260717 250.00C,211.497,2577,1203973.0,CALL,2026-07-17,250.0,20666,41.693,0.217988797,0.00757367,-0.084872609,0.274676839,71,100.0,US.NVDA,3.85,5.3,3.7,3.85,-0.18204986359144568,5139377100000.0,"成交额 $1,203,973 ≥ 阈值 $500,000 | 成交量 2,577 手",US.NVDA,2026-05-08 04:20:39
US.NVDA260612C215000,NVDA 260612 215.00C,211.497,1092,1196015.0,CALL,2026-06-12,215.0,895,44.246,0.490912073,0.013572846,-0.173292555,0.264876622,36,100.0,US.NVDA,9.0,12.22,8.5,8.975,-0.01656288268864327,5139377100000.0,"成交额 $1,196,015 ≥ 阈值 $500,000 | 成交量 1,092 手",US.NVDA,2026-05-08 04:20:39
US.NVDA260918C170000,NVDA 260918 170.00C,211.497,243,1187856.0,CALL,2026-09-18,170.0,9571,46.573,0.832125178,0.004205922,-0.068561417,0.321622945,134,100.0,US.NVDA,46.75,52.4,46.55,47.0372,0.19620609275781695,5139377100000.0,"成交额 $1,187,856 ≥ 阈值 $500,000 | 成交量 243 手",US.NVDA,2026-05-08 04:20:39
US.NVDA260529P215000,NVDA 260529 215.00P,211.497,1058,1186182.0,PUT,2026-05-29,215.0,687,47.567,-0.526477525,0.016196696,-0.215032255,0.206474653,22,100.0,US.NVDA,14.05,14.05,10.6,13.8372,0.01656288268864327,5139377100000.0,"成交额 $1,186,182 ≥ 阈值 $500,000 | 成交量 1,058 手",US.NVDA,2026-05-08 04:20:39
US.NVDA260918C235000,NVDA 260918 235.00C,211.497,827,1181841.0,CALL,2026-09-18,235.0,4007,42.605,0.410125478,0.007120947,-0.086598835,0.498174532,134,100.0,US.NVDA,12.65,15.6,12.55,12.625,-0.11112687177595892,5139377100000.0,"成交额 $1,181,841 ≥ 阈值 $500,000 | 成交量 827 手",US.NVDA,2026-05-08 04:20:39
US.NVDA260821P190000,NVDA 260821 190.00P,211.497,1306,1180674.0,PUT,2026-08-21,190.0,6976,43.177,-0.268662991,0.006739294,-0.070986052,0.375494911,106,100.0,US.NVDA,10.01,10.5,8.79,10.175,-0.10164210367050129,5139377100000.0,"成交额 $1,180,674 ≥ 阈值 $500,000 | 成交量 1,306 手",US.NVDA,2026-05-08 04:20:39
US.NVDA260618P195000,NVDA 260618 195.00P,211.497,2109,1170194.0,PUT,2026-06-18,195.0,16769,44.345,-0.260858071,0.010235521,-0.118141511,0.232940945,42,100.0,US.NVDA,6.5,6.95,5.1,6.625,-0.07800110639867239,5139377100000.0,"成交额 $1,170,194 ≥ 阈值 $500,000 | 成交量 2,109 手",US.NVDA,2026-05-08 04:20:39
US.NVDA260717P210000,NVDA 260717 210.00P,211.497,827,1170124.0,PUT,2026-07-17,210.0,7328,41.785,-0.435569268,0.010200369,-0.099309392,0.366617968,71,100.0,US.NVDA,15.9,16.3,13.3,15.7707,-0.007078114583185643,5139377100000.0,"成交额 $1,170,124 ≥ 阈值 $500,000 | 成交量 827 手",US.NVDA,2026-05-08 04:20:39
US.NVDA260918P195000,NVDA 260918 195.00P,211.497,880,1169758.0,PUT,2026-09-18,195.0,6737,43.64,-0.31491282,0.006408774,-0.067460791,0.454480005,134,100.0,US.NVDA,14.6,14.6,12.7,14.425,-0.07800110639867239,5139377100000.0,"成交额 $1,169,758 ≥ 阈值 $500,000 | 成交量 880 手",US.NVDA,2026-05-08 04:20:39
US.NVDA260511C217500,NVDA 260511 217.50C,211.497,8742,1168850.0,CALL,2026-05-11,217.5,1847,33.304,0.219277013,0.040135396,-0.282485216,0.065327153,4,100.0,US.NVDA,0.69,2.15,0.5,0.695,-0.028383381324557727,5139377100000.0,"成交额 $1,168,850 ≥ 阈值 $500,000 | 成交量 8,742 手",US.NVDA,2026-05-08 04:20:39
US.NVDA261120P180000,NVDA 261120 180.00P,211.497,973,1165906.0,PUT,2026-11-20,180.0,6261,45.122,-0.241132228,0.004482357,-0.050236891,0.483735902,197,100.0,US.NVDA,13.05,13.05,11.75,12.675,-0.1489240982141591,5139377100000.0,"成交额 $1,165,906 ≥ 阈值 $500,000 | 成交量 973 手",US.NVDA,2026-05-08 04:20:39
US.NVDA260612C220000,NVDA 260612 220.00C,211.497,1299,1142481.0,CALL,2026-06-12,220.0,2616,44.188,0.425171765,0.013354386,-0.168957143,0.260267252,36,100.0,US.NVDA,7.2,10.0,6.85,7.15,-0.040203879960472186,5139377100000.0,"成交额 $1,142,481 ≥ 阈值 $500,000 | 成交量 1,299 手",US.NVDA,2026-05-08 04:20:39
US.NVDA260508P220000,NVDA 260508 220.00P,211.497,1405,1138092.0,PUT,2026-05-08,220.0,676,0.0,0.0,0.0,0.0,0.0,1,100.0,US.NVDA,12.94,13.26,6.4,12.3543,0.040203879960472186,5139377100000.0,"成交额 $1,138,092 ≥ 阈值 $500,000 | 成交量 1,405 手",US.NVDA,2026-05-08 04:20:39
US.NVDA260522P200000,NVDA 260522 200.00P,211.497,2596,1126055.0,PUT,2026-05-22,200.0,10697,53.088,-0.278759699,0.014774077,-0.252305012,0.143929223,15,100.0,US.NVDA,5.37,6.0,3.71,5.6,-0.05436010912684347,5139377100000.0,"成交额 $1,126,055 ≥ 阈值 $500,000 | 成交量 2,596 手",US.NVDA,2026-05-08 04:20:39
US.NVDA260717P185000,NVDA 260717 185.00P,211.497,2120,1120705.0,PUT,2026-07-17,185.0,11122,43.854,-0.205472372,0.006972459,-0.077803168,0.265191635,71,100.0,US.NVDA,6.05,6.49,4.95,6.125,-0.12528310094233022,5139377100000.0,"成交额 $1,120,705 ≥ 阈值 $500,000 | 成交量 2,120 手",US.NVDA,2026-05-08 04:20:39
US.NVDA260513P205000,NVDA 260513 205.00P,211.497,5333,1120386.0,PUT,2026-05-13,205.0,391,37.87,-0.248422091,0.030883302,-0.273206828,0.085775662,6,100.0,US.NVDA,2.8,3.41,1.24,3.075,-0.030719111855014556,5139377100000.0,"成交额 $1,120,386 ≥ 阈值 $500,000 | 成交量 5,333 手",US.NVDA,2026-05-08 04:20:39
US.NVDA260618P190000,NVDA 260618 190.00P,211.497,2622,1109153.0,PUT,2026-06-18,190.0,23519,44.983,-0.210607481,0.008959744,-0.106872262,0.206983183,42,100.0,US.NVDA,5.01,5.45,3.85,5.1503,-0.10164210367050129,5139377100000.0,"成交额 $1,109,153 ≥ 阈值 $500,000 | 成交量 2,622 手",US.NVDA,2026-05-08 04:20:39
US.NVDA260821C205000,NVDA 260821 205.00C,211.497,459,1103565.0,CALL,2026-08-21,205.0,7477,42.777,0.616619855,0.007830567,-0.098689114,0.435105683,106,100.0,US.NVDA,21.55,25.6,20.8,21.441,0.030719111855014556,5139377100000.0,"成交额 $1,103,565 ≥ 阈值 $500,000 | 成交量 459 手",US.NVDA,2026-05-08 04:20:39
US.NVDA260821C185000,NVDA 260821 185.00C,211.497,297,1098283.0,CALL,2026-08-21,185.0,7123,44.37,0.765386504,0.006071333,-0.085925003,0.349886209,106,100.0,US.NVDA,33.5,38.25,33.5,33.6264,0.12528310094233022,5139377100000.0,"成交额 $1,098,283 ≥ 阈值 $500,000 | 成交量 297 手",US.NVDA,2026-05-08 04:20:39
US.NVDA261120C175000,NVDA 261120 175.00C,211.497,209,1086402.0,CALL,2026-11-20,175.0,1358,46.795,0.782352937,0.004046777,-0.065824416,0.457234232,197,100.0,US.NVDA,50.5,52.5,50.5,47.9308,0.17256509548598803,5139377100000.0,"成交额 $1,086,402 ≥ 阈值 $500,000 | 成交量 209 手",US.NVDA,2026-05-08 04:20:39
US.NVDA261120C180000,NVDA 261120 180.00C,211.497,222,1076100.0,CALL,2026-11-20,180.0,5079,46.34,0.758573833,0.004331042,-0.068362298,0.484603864,197,100.0,US.NVDA,44.5,49.45,44.5,44.5526,0.1489240982141591,5139377100000.0,"成交额 $1,076,100 ≥ 阈值 $500,000 | 成交量 222 手",US.NVDA,2026-05-08 04:20:39
US.NVDA260518P210000,NVDA 260518 210.00P,211.497,2467,1070551.0,PUT,2026-05-18,210.0,1070,36.105,-0.436171375,0.029792005,-0.234136352,0.144450149,11,100.0,US.NVDA,6.73,6.73,3.8,6.6017,-0.007078114583185643,5139377100000.0,"成交额 $1,070,551 ≥ 阈值 $500,000 | 成交量 2,467 手",US.NVDA,2026-05-08 04:20:39
US.NVDA261120C285000,NVDA 261120 285.00C,211.497,1263,1061124.0,CALL,2026-11-20,285.0,211,43.335,0.237074037,0.00458556,-0.056976982,0.47976585,197,100.0,US.NVDA,8.15,8.85,8.15,7.15,-0.34753684449424804,5139377100000.0,"成交额 $1,061,124 ≥ 阈值 $500,000 | 成交量 1,263 手",US.NVDA,2026-05-08 04:20:39
US.NVDA260717C235000,NVDA 260717 235.00C,211.497,1305,1043486.0,CALL,2026-07-17,235.0,9004,41.434,0.327652852,0.00934362,-0.104691243,0.336792883,71,100.0,US.NVDA,6.7,8.85,6.34,6.6,-0.11112687177595892,5139377100000.0,"成交额 $1,043,486 ≥ 阈值 $500,000 | 成交量 1,305 手",US.NVDA,2026-05-08 04:20:39
US.NVDA260605C185000,NVDA 260605 185.00C,211.497,341,1042410.0,CALL,2026-06-05,185.0,896,49.213,0.854390095,0.007791983,-0.130873897,0.136217587,29,100.0,US.NVDA,27.1,31.53,26.4,26.3609,0.12528310094233022,5139377100000.0,"成交额 $1,042,410 ≥ 阈值 $500,000 | 成交量 341 手",US.NVDA,2026-05-08 04:20:39
US.NVDA261016C205000,NVDA 261016 205.00C,211.497,349,1034502.0,CALL,2026-10-16,205.0,5600,43.661,0.621110853,0.006183743,-0.08257171,0.535993691,162,100.0,US.NVDA,26.76,31.0,26.3,26.8804,0.030719111855014556,5139377100000.0,"成交额 $1,034,502 ≥ 阈值 $500,000 | 成交量 349 手",US.NVDA,2026-05-08 04:20:39
US.NVDA260508P200000,NVDA 260508 200.00P,211.497,41152,1018668.0,PUT,2026-05-08,200.0,16360,61.329,-0.038325699,0.012327355,-0.268008612,0.009161504,1,100.0,US.NVDA,0.39,0.57,0.1,0.515,-0.05436010912684347,5139377100000.0,"成交额 $1,018,668 ≥ 阈值 $500,000 | 成交量 41,152 手",US.NVDA,2026-05-08 04:20:39
US.NVDA260522P205000,NVDA 260522 205.00P,211.497,1664,1002170.0,PUT,2026-05-22,205.0,5077,52.842,-0.360196051,0.016542118,-0.279578904,0.160330346,15,100.0,US.NVDA,7.15,8.15,5.25,7.675,-0.030719111855014556,5139377100000.0,"成交额 $1,002,170 ≥ 阈值 $500,000 | 成交量 1,664 手",US.NVDA,2026-05-08 04:20:39
US.NVDA260522C222500,NVDA 260522 222.50C,211.497,1841,998814.0,CALL,2026-05-22,222.5,2125,52.781,0.34216914,0.016236455,-0.287555374,0.157416644,15,100.0,US.NVDA,4.15,6.3,3.6,3.95,-0.05202437859638664,5139377100000.0,"成交额 $998,814 ≥ 阈值 $500,000 | 成交量 1,841 手",US.NVDA,2026-05-08 04:20:39
US.NVDA260717C240000,NVDA 260717 240.00C,211.497,1572,989977.0,CALL,2026-07-17,240.0,17444,41.425,0.287134007,0.00881758,-0.098319857,0.317754432,71,100.0,US.NVDA,5.55,7.5,5.3,5.55,-0.13476786904778784,5139377100000.0,"成交额 $989,977 ≥ 阈值 $500,000 | 成交量 1,572 手",US.NVDA,2026-05-08 04:20:39
US.NVDA260508C192500,NVDA 260508 192.50C,211.497,502,985845.0,CALL,2026-05-08,192.5,5370,145.454,0.900168663,0.010947116,-1.414608704,0.019294767,1,100.0,US.NVDA,15.22,21.6,14.6,15.462,0.08982160503458685,5139377100000.0,"成交额 $985,845 ≥ 阈值 $500,000 | 成交量 502 手",US.NVDA,2026-05-08 04:20:39
US.NVDA260605C230000,NVDA 260605 230.00C,211.497,2012,971839.0,CALL,2026-06-05,230.0,6863,45.401,0.284758734,0.012540636,-0.164722768,0.202258571,29,100.0,US.NVDA,3.8,5.63,3.53,3.75,-0.08748587450413,5139377100000.0,"成交额 $971,839 ≥ 阈值 $500,000 | 成交量 2,012 手",US.NVDA,2026-05-08 04:20:39
US.NVDA260605P210000,NVDA 260605 210.00P,211.497,987,970559.0,PUT,2026-06-05,210.0,857,45.455,-0.444639503,0.014642423,-0.176922644,0.235314695,29,100.0,US.NVDA,11.6,12.36,8.9,11.7235,-0.007078114583185643,5139377100000.0,"成交额 $970,559 ≥ 阈值 $500,000 | 成交量 987 手",US.NVDA,2026-05-08 04:20:39
US.NVDA260821C225000,NVDA 260821 225.00C,211.497,645,960405.0,CALL,2026-08-21,225.0,6346,41.745,0.454022954,0.008329364,-0.0973008,0.451647894,106,100.0,US.NVDA,13.05,16.0,12.45,12.875,-0.0638448772323011,5139377100000.0,"成交额 $960,405 ≥ 阈值 $500,000 | 成交量 645 手",US.NVDA,2026-05-08 04:20:39
US.NVDA260717C190000,NVDA 260717 190.00C,211.497,315,959057.0,CALL,2026-07-17,190.0,14701,43.892,0.754035451,0.007694946,-0.104076203,0.293814984,71,100.0,US.NVDA,26.85,31.66,26.0,26.8441,0.10164210367050129,5139377100000.0,"成交额 $959,057 ≥ 阈值 $500,000 | 成交量 315 手",US.NVDA,2026-05-08 04:20:39
US.NVDA260717C260000,NVDA 260717 260.00C,211.497,2762,956105.0,CALL,2026-07-17,260.0,9445,42.096,0.163283856,0.006279322,-0.071251028,0.22992436,71,100.0,US.NVDA,2.6,3.78,2.6,2.73,-0.22933185813510348,5139377100000.0,"成交额 $956,105 ≥ 阈值 $500,000 | 成交量 2,762 手",US.NVDA,2026-05-08 04:20:39
US.NVDA260717C175000,NVDA 260717 175.00C,211.497,232,952364.0,CALL,2026-07-17,175.0,4941,46.174,0.856999828,0.00524271,-0.082544237,0.21057746,71,100.0,US.NVDA,40.25,43.05,40.25,38.2397,0.17256509548598803,5139377100000.0,"成交额 $952,364 ≥ 阈值 $500,000 | 成交量 232 手",US.NVDA,2026-05-08 04:20:39
US.NVDA260918P150000,NVDA 260918 150.00P,211.497,3069,947191.0,PUT,2026-09-18,150.0,38904,48.997,-0.088990355,0.002567429,-0.035845347,0.206285987,134,100.0,US.NVDA,3.3,3.33,2.9,3.275,-0.2907700818451326,5139377100000.0,"成交额 $947,191 ≥ 阈值 $500,000 | 成交量 3,069 手",US.NVDA,2026-05-08 04:20:39
US.NVDA260518C225000,NVDA 260518 225.00C,211.497,5501,928694.0,CALL,2026-05-18,225.0,728,36.488,0.176619215,0.019363573,-0.161519313,0.095128106,11,100.0,US.NVDA,0.98,2.12,0.82,0.965,-0.0638448772323011,5139377100000.0,"成交额 $928,694 ≥ 阈值 $500,000 | 成交量 5,501 手",US.NVDA,2026-05-08 04:20:39
US.NVDA261016C215000,NVDA 261016 215.00C,211.497,372,927066.0,CALL,2026-10-16,215.0,3307,43.059,0.556712225,0.006509026,-0.083429355,0.556413461,162,100.0,US.NVDA,22.05,25.7,21.7,22.075,-0.01656288268864327,5139377100000.0,"成交额 $927,066 ≥ 阈值 $500,000 | 成交量 372 手",US.NVDA,2026-05-08 04:20:39
US.NVDA261120C300000,NVDA 261120 300.00C,211.497,1407,920636.0,CALL,2026-11-20,300.0,1589,43.572,0.192056618,0.004034402,-0.050356551,0.424395692,197,100.0,US.NVDA,5.35,7.0,5.35,5.5,-0.4184598363097348,5139377100000.0,"成交额 $920,636 ≥ 阈值 $500,000 | 成交量 1,407 手",US.NVDA,2026-05-08 04:20:39
US.NVDA260918P200000,NVDA 260918 200.00P,211.497,606,913956.0,PUT,2026-09-18,200.0,15490,43.293,-0.349655964,0.00674744,-0.069260043,0.473626087,134,100.0,US.NVDA,16.67,16.67,14.62,16.475,-0.05436010912684347,5139377100000.0,"成交额 $913,956 ≥ 阈值 $500,000 | 成交量 606 手",US.NVDA,2026-05-08 04:20:39
US.NVDA260618P220000,NVDA 260618 220.00P,211.497,549,900775.0,PUT,2026-06-18,220.0,6948,43.071,-0.569490527,0.012868588,-0.133563639,0.28127585,42,100.0,US.NVDA,18.93,18.93,15.55,19.1238,0.040203879960472186,5139377100000.0,"成交额 $900,775 ≥ 阈值 $500,000 | 成交量 549 手",US.NVDA,2026-05-08 04:20:39
US.NVDA260515P202500,NVDA 260515 202.50P,211.497,4719,899683.0,PUT,2026-05-15,202.5,5585,40.089,-0.218978859,0.023551878,-0.230827938,0.092371075,8,100.0,US.NVDA,2.65,3.25,1.35,2.95,-0.04253961049092901,5139377100000.0,"成交额 $899,683 ≥ 阈值 $500,000 | 成交量 4,719 手",US.NVDA,2026-05-08 04:20:39
US.NVDA260918C225000,NVDA 260918 225.00C,211.497,507,896011.0,CALL,2026-09-18,225.0,9232,42.81,0.477175382,0.007260265,-0.09001813,0.510377865,134,100.0,US.NVDA,15.91,19.2,15.55,15.875,-0.0638448772323011,5139377100000.0,"成交额 $896,011 ≥ 阈值 $500,000 | 成交量 507 手",US.NVDA,2026-05-08 04:20:39
US.NVDA260508P225000,NVDA 260508 225.00P,211.497,659,887488.0,PUT,2026-05-08,225.0,96,0.0,0.0,0.0,0.0,0.0,1,100.0,US.NVDA,15.64,15.86,11.0,17.2337,0.0638448772323011,5139377100000.0,"成交额 $887,488 ≥ 阈值 $500,000 | 成交量 659 手",US.NVDA,2026-05-08 04:20:39
US.NVDA260618P175000,NVDA 260618 175.00P,211.497,4543,880996.0,PUT,2026-06-18,175.0,26199,47.725,-0.101045458,0.005167224,-0.069860372,0.126801019,42,100.0,US.NVDA,2.21,2.41,1.69,2.2901,-0.17256509548598803,5139377100000.0,"成交额 $880,996 ≥ 阈值 $500,000 | 成交量 4,543 手",US.NVDA,2026-05-08 04:20:39
US.NVDA260618P205000,NVDA 260618 205.00P,211.497,934,853069.0,PUT,2026-06-18,205.0,9163,43.51,-0.378191361,0.012232382,-0.134185855,0.272503456,42,100.0,US.NVDA,10.96,11.11,8.3,10.6,-0.030719111855014556,5139377100000.0,"成交额 $853,069 ≥ 阈值 $500,000 | 成交量 934 手",US.NVDA,2026-05-08 04:20:39
US.NVDA260508C222500,NVDA 260508 222.50C,211.497,42541,844374.0,CALL,2026-05-08,222.5,9918,49.92,0.026518268,0.011173567,-0.158767965,0.006760435,1,100.0,US.NVDA,0.09,0.45,0.05,0.105,-0.05202437859638664,5139377100000.0,"成交额 $844,374 ≥ 阈值 $500,000 | 成交量 42,541 手",US.NVDA,2026-05-08 04:20:39
US.NVDA260522C235000,NVDA 260522 235.00C,211.497,3696,839524.0,CALL,2026-05-22,235.0,55588,53.09,0.180988407,0.011571548,-0.203460914,0.112837317,15,100.0,US.NVDA,1.75,2.96,1.61,1.735,-0.11112687177595892,5139377100000.0,"成交额 $839,524 ≥ 阈值 $500,000 | 成交量 3,696 手",US.NVDA,2026-05-08 04:20:39
US.NVDA260821C195000,NVDA 260821 195.00C,211.497,291,836805.0,CALL,2026-08-21,195.0,10154,43.521,0.694539705,0.007066478,-0.093926306,0.399467001,106,100.0,US.NVDA,27.17,31.5,26.79,27.1169,0.07800110639867239,5139377100000.0,"成交额 $836,805 ≥ 阈值 $500,000 | 成交量 291 手",US.NVDA,2026-05-08 04:20:39
US.NVDA261120C210000,NVDA 261120 210.00C,211.497,285,835943.0,CALL,2026-11-20,210.0,3357,44.186,0.596729777,0.005638513,-0.077185311,0.601611616,197,100.0,US.NVDA,27.65,32.0,27.1,27.6577,0.007078114583185643,5139377100000.0,"成交额 $835,943 ≥ 阈值 $500,000 | 成交量 285 手",US.NVDA,2026-05-08 04:20:39
US.NVDA260513C217500,NVDA 260513 217.50C,211.497,3826,835662.0,CALL,2026-05-13,217.5,4493,36.383,0.286341291,0.034520606,-0.293509638,0.092170703,6,100.0,US.NVDA,1.18,3.05,0.99,1.195,-0.028383381324557727,5139377100000.0,"成交额 $835,662 ≥ 阈值 $500,000 | 成交量 3,826 手",US.NVDA,2026-05-08 04:20:39
US.NVDA260918C205000,NVDA 260918 205.00C,211.497,309,826317.0,CALL,2026-09-18,205.0,5988,43.63,0.618256488,0.006819693,-0.090104946,0.48858818,134,100.0,US.NVDA,25.12,28.6,24.0,24.5403,0.030719111855014556,5139377100000.0,"成交额 $826,317 ≥ 阈值 $500,000 | 成交量 309 手",US.NVDA,2026-05-08 04:20:39
US.NVDA260522P212500,NVDA 260522 212.50P,211.497,903,824523.0,PUT,2026-05-22,212.5,79,52.54,-0.491504822,0.017756297,-0.294402081,0.170871338,15,100.0,US.NVDA,11.8,11.8,8.4,11.5632,0.004742384052728813,5139377100000.0,"成交额 $824,523 ≥ 阈值 $500,000 | 成交量 903 手",US.NVDA,2026-05-08 04:20:39
US.NVDA260918P160000,NVDA 260918 160.00P,211.497,1936,823868.0,PUT,2026-09-18,160.0,29044,47.266,-0.123024479,0.003367591,-0.043413243,0.260734753,134,100.0,US.NVDA,4.85,4.85,4.15,4.7,-0.24348808730147478,5139377100000.0,"成交额 $823,868 ≥ 阈值 $500,000 | 成交量 1,936 手",US.NVDA,2026-05-08 04:20:39
US.NVDA260918C255000,NVDA 260918 255.00C,211.497,862,819733.0,CALL,2026-09-18,255.0,4030,42.395,0.291986642,0.006320842,-0.074968614,0.439994662,134,100.0,US.NVDA,7.7,9.9,7.7,7.825,-0.20569086086327457,5139377100000.0,"成交额 $819,733 ≥ 阈值 $500,000 | 成交量 862 手",US.NVDA,2026-05-08 04:20:39
US.NVDA260529P200000,NVDA 260529 200.00P,211.497,1581,813399.0,PUT,2026-05-29,200.0,3802,48.32,-0.291901666,0.013705869,-0.191497923,0.178174048,22,100.0,US.NVDA,6.3,6.75,4.4,6.35,-0.05436010912684347,5139377100000.0,"成交额 $813,399 ≥ 阈值 $500,000 | 成交量 1,581 手",US.NVDA,2026-05-08 04:20:39
US.NVDA261120P190000,NVDA 261120 190.00P,211.497,524,804613.0,PUT,2026-11-20,190.0,3775,44.465,-0.294226389,0.005045976,-0.054045659,0.534613005,197,100.0,US.NVDA,16.6,16.6,15.0,16.3003,-0.10164210367050129,5139377100000.0,"成交额 $804,613 ≥ 阈值 $500,000 | 成交量 524 手",US.NVDA,2026-05-08 04:20:39
US.NVDA260522C185000,NVDA 260522 185.00C,211.497,283,803186.0,CALL,2026-05-22,185.0,3171,56.915,0.89090085,0.007662961,-0.167244081,0.080107295,15,100.0,US.NVDA,24.0,30.65,24.0,25.0552,0.12528310094233022,5139377100000.0,"成交额 $803,186 ≥ 阈值 $500,000 | 成交量 283 手",US.NVDA,2026-05-08 04:20:39
US.NVDA260618P166000,NVDA 260618 166.00P,211.497,6266,797059.0,PUT,2026-06-18,166.0,10128,50.168,-0.062770967,0.003428826,-0.051292092,0.088493389,42,100.0,US.NVDA,1.28,1.28,1.01,1.3984,-0.21511889057528008,5139377100000.0,"成交额 $797,059 ≥ 阈值 $500,000 | 成交量 6,266 手",US.NVDA,2026-05-08 04:20:39
US.NVDA260508C185000,NVDA 260508 185.00C,211.497,301,790475.0,CALL,2026-05-08,185.0,9504,145.59,0.964527755,0.004874649,-0.615777621,0.008599971,1,100.0,US.NVDA,23.34,28.59,22.3,22.8717,0.12528310094233022,5139377100000.0,"成交额 $790,475 ≥ 阈值 $500,000 | 成交量 301 手",US.NVDA,2026-05-08 04:20:39
US.NVDA260515P195000,NVDA 260515 195.00P,211.497,11355,789197.0,PUT,2026-05-15,195.0,30645,43.626,-0.096345781,0.012511431,-0.140994257,0.053419387,8,100.0,US.NVDA,1.12,1.38,0.55,1.265,-0.07800110639867239,5139377100000.0,"成交额 $789,197 ≥ 阈值 $500,000 | 成交量 11,355 手",US.NVDA,2026-05-08 04:20:39
US.NVDA260513P212500,NVDA 260513 212.50P,211.497,1849,785955.0,PUT,2026-05-13,212.5,13,36.187,-0.526784779,0.04069405,-0.329785662,0.107786998,6,100.0,US.NVDA,7.1,7.64,3.5,7.0584,0.004742384052728813,5139377100000.0,"成交额 $785,955 ≥ 阈值 $500,000 | 成交量 1,849 手",US.NVDA,2026-05-08 04:20:39
US.NVDA260522C250000,NVDA 260522 250.00C,211.497,8635,781062.0,CALL,2026-05-22,250.0,10470,55.689,0.078943141,0.006166295,-0.116245193,0.063073275,15,100.0,US.NVDA,0.72,1.2,0.65,0.68,-0.18204986359144568,5139377100000.0,"成交额 $781,062 ≥ 阈值 $500,000 | 成交量 8,635 手",US.NVDA,2026-05-08 04:20:39
US.NVDA260717C245000,NVDA 260717 245.00C,211.497,1356,780912.0,CALL,2026-07-17,245.0,7608,41.428,0.249970241,0.008223091,-0.091333885,0.296341646,71,100.0,US.NVDA,4.55,6.3,4.43,4.65,-0.15840886631961676,5139377100000.0,"成交额 $780,912 ≥ 阈值 $500,000 | 成交量 1,356 手",US.NVDA,2026-05-08 04:20:39
US.NVDA260522C197500,NVDA 260522 197.50C,211.497,438,777047.0,CALL,2026-05-22,197.5,1451,53.622,0.75752876,0.013602115,-0.256435084,0.13397412,15,100.0,US.NVDA,15.6,20.11,14.6,15.4333,0.06618060776275793,5139377100000.0,"成交额 $777,047 ≥ 阈值 $500,000 | 成交量 438 手",US.NVDA,2026-05-08 04:20:39
US.NVDA260515C175000,NVDA 260515 175.00C,211.497,205,760394.0,CALL,2026-05-15,175.0,14306,77.177,0.957577023,0.00374274,-0.145212075,0.028279932,8,100.0,US.NVDA,33.4,39.5,32.5,33.1092,0.17256509548598803,5139377100000.0,"成交额 $760,394 ≥ 阈值 $500,000 | 成交量 205 手",US.NVDA,2026-05-08 04:20:39
US.NVDA260529C240000,NVDA 260529 240.00C,211.497,3373,753844.0,CALL,2026-05-29,240.0,33432,48.138,0.160540457,0.009758049,-0.141443923,0.126566514,22,100.0,US.NVDA,1.68,2.75,1.59,1.66,-0.13476786904778784,5139377100000.0,"成交额 $753,844 ≥ 阈值 $500,000 | 成交量 3,373 手",US.NVDA,2026-05-08 04:20:39
US.NVDA261016C210000,NVDA 261016 210.00C,211.497,275,745421.0,CALL,2026-10-16,210.0,11975,43.228,0.588976329,0.0063863,-0.08305245,0.548062843,162,100.0,US.NVDA,24.6,28.24,23.9,24.3872,0.007078114583185643,5139377100000.0,"成交额 $745,421 ≥ 阈值 $500,000 | 成交量 275 手",US.NVDA,2026-05-08 04:20:39
US.NVDA260618C223000,NVDA 260618 223.00C,211.497,862,729469.0,CALL,2026-06-18,223.0,8103,43.216,0.397701389,0.01244301,-0.150743464,0.276711703,42,100.0,US.NVDA,6.64,9.5,6.64,6.8498,-0.05438847832356953,5139377100000.0,"成交额 $729,469 ≥ 阈值 $500,000 | 成交量 862 手",US.NVDA,2026-05-08 04:20:39
US.NVDA260618P185000,NVDA 260618 185.00P,211.497,2246,727532.0,PUT,2026-06-18,185.0,12263,45.807,-0.167403041,0.007633027,-0.094715937,0.179654256,42,100.0,US.NVDA,3.85,4.15,2.97,3.9502,-0.12528310094233022,5139377100000.0,"成交额 $727,532 ≥ 阈值 $500,000 | 成交量 2,246 手",US.NVDA,2026-05-08 04:20:39
US.NVDA260618C214000,NVDA 260618 214.00C,211.497,588,725892.0,CALL,2026-06-18,214.0,3283,43.328,0.508802865,0.012832186,-0.158100416,0.286110819,42,100.0,US.NVDA,9.95,13.5,9.8,10.0747,-0.011834683234277487,5139377100000.0,"成交额 $725,892 ≥ 阈值 $500,000 | 成交量 588 手",US.NVDA,2026-05-08 04:20:39
US.NVDA261016C200000,NVDA 261016 200.00C,211.497,221,719306.0,CALL,2026-10-16,200.0,2740,43.897,0.652746348,0.005971269,-0.081240684,0.520372171,162,100.0,US.NVDA,29.78,33.8,29.0,29.3933,0.05436010912684347,5139377100000.0,"成交额 $719,306 ≥ 阈值 $500,000 | 成交量 221 手",US.NVDA,2026-05-08 04:20:39
US.NVDA260618C228000,NVDA 260618 228.00C,211.497,1121,713819.0,CALL,2026-06-18,228.0,4438,43.099,0.340134647,0.01185311,-0.14204259,0.262868349,42,100.0,US.NVDA,5.5,7.85,5.3,5.5001,-0.07802947559539844,5139377100000.0,"成交额 $713,819 ≥ 阈值 $500,000 | 成交量 1,121 手",US.NVDA,2026-05-08 04:20:39
US.NVDA260522C180000,NVDA 260522 180.00C,211.497,209,709956.0,CALL,2026-05-22,180.0,2279,57.379,0.927574324,0.005604417,-0.127645659,0.059065341,15,100.0,US.NVDA,29.75,35.0,28.82,29.4236,0.1489240982141591,5139377100000.0,"成交额 $709,956 ≥ 阈值 $500,000 | 成交量 209 手",US.NVDA,2026-05-08 04:20:39
US.NVDA260522P190000,NVDA 260522 190.00P,211.497,3557,708424.0,PUT,2026-05-22,190.0,8120,54.35,-0.148852,0.009960712,-0.1773122,0.099395851,15,100.0,US.NVDA,2.74,3.0,1.69,2.765,-0.10164210367050129,5139377100000.0,"成交额 $708,424 ≥ 阈值 $500,000 | 成交量 3,557 手",US.NVDA,2026-05-08 04:20:39
US.NVDA260511P205000,NVDA 260511 205.00P,211.497,6122,701259.0,PUT,2026-05-11,205.0,1436,34.793,-0.187564635,0.035004243,-0.259491748,0.059501806,4,100.0,US.NVDA,1.94,2.56,0.66,2.26,-0.030719111855014556,5139377100000.0,"成交额 $701,259 ≥ 阈值 $500,000 | 成交量 6,122 手",US.NVDA,2026-05-08 04:20:39
US.NVDA260518C195000,NVDA 260518 195.00C,211.497,441,698534.0,CALL,2026-05-18,195.0,1266,40.686,0.885206646,0.012983354,-0.147645157,0.071123961,11,100.0,US.NVDA,14.63,19.86,13.65,14.6436,0.07800110639867239,5139377100000.0,"成交额 $698,534 ≥ 阈值 $500,000 | 成交量 441 手",US.NVDA,2026-05-08 04:20:39
US.NVDA260618C245000,NVDA 260618 245.00C,211.497,2332,696197.0,CALL,2026-06-18,245.0,21067,43.312,0.1843621,0.008572733,-0.102119591,0.191037572,42,100.0,US.NVDA,2.54,3.77,2.41,2.515,-0.15840886631961676,5139377100000.0,"成交额 $696,197 ≥ 阈值 $500,000 | 成交量 2,332 手",US.NVDA,2026-05-08 04:20:39
US.NVDA260522C240000,NVDA 260522 240.00C,211.497,4309,689294.0,CALL,2026-05-22,240.0,10736,53.632,0.136753297,0.009529338,-0.169527678,0.093869588,15,100.0,US.NVDA,1.25,2.17,1.17,1.245,-0.13476786904778784,5139377100000.0,"成交额 $689,294 ≥ 阈值 $500,000 | 成交量 4,309 手",US.NVDA,2026-05-08 04:20:39
US.NVDA260618C219000,NVDA 260618 219.00C,211.497,677,678602.0,CALL,2026-06-18,219.0,2091,43.197,0.445932822,0.012755727,-0.155157344,0.283545167,42,100.0,US.NVDA,7.82,11.15,7.73,8.1816,-0.0354756805061064,5139377100000.0,"成交额 $678,602 ≥ 阈值 $500,000 | 成交量 677 手",US.NVDA,2026-05-08 04:20:39
US.NVDA260612P210000,NVDA 260612 210.00P,211.497,642,678585.0,PUT,2026-06-12,210.0,98,44.092,-0.443196708,0.013554181,-0.152497588,0.262008586,36,100.0,US.NVDA,12.49,12.83,9.98,12.4856,-0.007078114583185643,5139377100000.0,"成交额 $678,585 ≥ 阈值 $500,000 | 成交量 642 手",US.NVDA,2026-05-08 04:20:39
US.NVDA260529P205000,NVDA 260529 205.00P,211.497,930,674837.0,PUT,2026-05-29,205.0,1212,47.88,-0.3664249,0.015172433,-0.207321969,0.195292093,22,100.0,US.NVDA,8.3,8.75,6.05,8.45,-0.030719111855014556,5139377100000.0,"成交额 $674,837 ≥ 阈值 $500,000 | 成交量 930 手",US.NVDA,2026-05-08 04:20:39
US.NVDA260515C192500,NVDA 260515 192.50C,211.497,333,670099.0,CALL,2026-05-15,192.5,2862,52.627,0.895832731,0.010978901,-0.200251017,0.056561234,8,100.0,US.NVDA,16.75,22.2,15.33,16.3793,0.08982160503458685,5139377100000.0,"成交额 $670,099 ≥ 阈值 $500,000 | 成交量 333 手",US.NVDA,2026-05-08 04:20:39
US.NVDA260626C190000,NVDA 260626 190.00C,211.497,229,664329.0,CALL,2026-06-26,190.0,0,44.634,0.776914789,0.008543016,-0.118315214,0.233584014,50,100.0,US.NVDA,24.75,29.79,24.75,24.75,0.10164210367050129,5139377100000.0,"成交额 $664,329 ≥ 阈值 $500,000 | 成交量 229 手",US.NVDA,2026-05-08 04:20:39
US.NVDA260626C235000,NVDA 260626 235.00C,211.497,1096,649525.0,CALL,2026-06-26,235.0,0,42.094,0.285569389,0.01031393,-0.117772286,0.265955652,50,100.0,US.NVDA,5.05,6.4,4.68,5.05,-0.11112687177595892,5139377100000.0,"成交额 $649,525 ≥ 阈值 $500,000 | 成交量 1,096 手",US.NVDA,2026-05-08 04:20:39
US.NVDA260529C195000,NVDA 260529 195.00C,211.497,303,642328.0,CALL,2026-05-29,195.0,3754,49.012,0.774457731,0.011803556,-0.189223129,0.155888562,22,100.0,US.NVDA,18.05,22.6,17.36,17.9765,0.07800110639867239,5139377100000.0,"成交额 $642,328 ≥ 阈值 $500,000 | 成交量 303 手",US.NVDA,2026-05-08 04:20:39
US.NVDA261120C280000,NVDA 261120 280.00C,211.497,714,637065.0,CALL,2026-11-20,280.0,2340,43.143,0.253185978,0.004771736,-0.058915181,0.497043414,197,100.0,US.NVDA,8.4,9.6,8.4,7.85,-0.32389584722241915,5139377100000.0,"成交额 $637,065 ≥ 阈值 $500,000 | 成交量 714 手",US.NVDA,2026-05-08 04:20:39
US.NVDA260605C240000,NVDA 260605 240.00C,211.497,2192,629798.0,CALL,2026-06-05,240.0,4396,45.857,0.186427453,0.009812426,-0.130118623,0.159838049,29,100.0,US.NVDA,2.18,3.43,2.01,2.18,-0.13476786904778784,5139377100000.0,"成交额 $629,798 ≥ 阈值 $500,000 | 成交量 2,192 手",US.NVDA,2026-05-08 04:20:39
US.NVDA260821C240000,NVDA 260821 240.00C,211.497,628,624156.0,CALL,2026-08-21,240.0,16705,41.54,0.342560231,0.007761347,-0.08847656,0.418764005,106,100.0,US.NVDA,8.25,10.87,8.2,8.525,-0.13476786904778784,5139377100000.0,"成交额 $624,156 ≥ 阈值 $500,000 | 成交量 628 手",US.NVDA,2026-05-08 04:20:39
US.NVDA260821P225000,NVDA 260821 225.00P,211.497,246,613233.0,PUT,2026-08-21,225.0,1766,41.242,-0.554034757,0.008642379,-0.076306658,0.448558212,106,100.0,US.NVDA,25.27,25.65,24.82,27.6793,0.0638448772323011,5139377100000.0,"成交额 $613,233 ≥ 阈值 $500,000 | 成交量 246 手",US.NVDA,2026-05-08 04:20:39
US.NVDA261120P200000,NVDA 261120 200.00P,211.497,309,598892.0,PUT,2026-11-20,200.0,2598,43.872,-0.350971634,0.005527257,-0.056537393,0.574801591,197,100.0,US.NVDA,20.55,20.55,18.95,20.5508,-0.05436010912684347,5139377100000.0,"成交额 $598,892 ≥ 阈值 $500,000 | 成交量 309 手",US.NVDA,2026-05-08 04:20:39
US.NVDA260918P215000,NVDA 260918 215.00P,211.497,261,582844.0,PUT,2026-09-18,215.0,1546,42.572,-0.458671132,0.007419462,-0.071125916,0.506892497,134,100.0,US.NVDA,23.91,23.96,21.7,23.9656,0.01656288268864327,5139377100000.0,"成交额 $582,844 ≥ 阈值 $500,000 | 成交量 261 手",US.NVDA,2026-05-08 04:20:39
US.NVDA260518C230000,NVDA 260518 230.00C,211.497,6827,581503.0,CALL,2026-05-18,230.0,2831,37.458,0.107344827,0.013440562,-0.115727503,0.067784573,11,100.0,US.NVDA,0.58,1.29,0.46,0.565,-0.08748587450413,5139377100000.0,"成交额 $581,503 ≥ 阈值 $500,000 | 成交量 6,827 手",US.NVDA,2026-05-08 04:20:39
US.NVDA260618P215000,NVDA 260618 215.00P,211.497,426,578714.0,PUT,2026-06-18,215.0,4079,43.128,-0.506341245,0.013002124,-0.137268203,0.285730504,42,100.0,US.NVDA,15.52,15.52,13.0,15.9464,0.01656288268864327,5139377100000.0,"成交额 $578,714 ≥ 阈值 $500,000 | 成交量 426 手",US.NVDA,2026-05-08 04:20:39
US.NVDA260918P140000,NVDA 260918 140.00P,211.497,2610,573187.0,PUT,2026-09-18,140.0,33682,50.808,-0.062510729,0.001889774,-0.028553332,0.157590343,134,100.0,US.NVDA,2.24,2.31,2.0,2.28,-0.3380520763887904,5139377100000.0,"成交额 $573,187 ≥ 阈值 $500,000 | 成交量 2,610 手",US.NVDA,2026-05-08 04:20:39
US.NVDA260529P190000,NVDA 260529 190.00P,211.497,2228,572328.0,PUT,2026-05-29,190.0,12663,49.551,-0.168698294,0.009794434,-0.144168043,0.130675523,22,100.0,US.NVDA,3.35,3.62,2.24,3.4,-0.10164210367050129,5139377100000.0,"成交额 $572,328 ≥ 阈值 $500,000 | 成交量 2,228 手",US.NVDA,2026-05-08 04:20:39
US.NVDA260918C300000,NVDA 260918 300.00C,211.497,1807,569198.0,CALL,2026-09-18,300.0,9655,43.336,0.125270632,0.003712483,-0.044991611,0.264133566,134,100.0,US.NVDA,2.83,3.63,2.67,2.745,-0.4184598363097348,5139377100000.0,"成交额 $569,198 ≥ 阈值 $500,000 | 成交量 1,807 手",US.NVDA,2026-05-08 04:20:39
US.NVDA260529P195000,NVDA 260529 195.00P,211.497,1418,559362.0,PUT,2026-05-29,195.0,9458,48.83,-0.225177331,0.011846707,-0.169337286,0.155706838,22,100.0,US.NVDA,4.55,5.05,3.15,4.7,-0.07800110639867239,5139377100000.0,"成交额 $559,362 ≥ 阈值 $500,000 | 成交量 1,418 手",US.NVDA,2026-05-08 04:20:39
US.NVDA261016P200000,NVDA 261016 200.00P,211.497,325,552361.0,PUT,2026-10-16,200.0,8735,43.18,-0.350665708,0.006174138,-0.062114659,0.521161059,162,100.0,US.NVDA,18.32,18.32,16.6,18.05,-0.05436010912684347,5139377100000.0,"成交额 $552,361 ≥ 阈值 $500,000 | 成交量 325 手",US.NVDA,2026-05-08 04:20:39
US.NVDA260626C210000,NVDA 260626 210.00C,211.497,371,551218.0,CALL,2026-06-26,210.0,0,42.939,0.561856335,0.011727204,-0.143587888,0.308493914,50,100.0,US.NVDA,12.5,16.33,12.0,12.5,0.007078114583185643,5139377100000.0,"成交额 $551,218 ≥ 阈值 $500,000 | 成交量 371 手",US.NVDA,2026-05-08 04:20:39
US.NVDA260513C200000,NVDA 260513 200.00C,211.497,432,545131.0,CALL,2026-05-13,200.0,1156,41.061,0.864469857,0.019570158,-0.217668387,0.058966381,6,100.0,US.NVDA,8.5,14.5,8.5,9.455,0.05436010912684347,5139377100000.0,"成交额 $545,131 ≥ 阈值 $500,000 | 成交量 432 手",US.NVDA,2026-05-08 04:20:39
US.NVDA260522P220000,NVDA 260522 220.00P,211.497,395,536329.0,PUT,2026-05-22,220.0,704,52.205,-0.621082584,0.017091174,-0.275141548,0.162914089,15,100.0,US.NVDA,16.86,16.86,12.86,16.4192,0.040203879960472186,5139377100000.0,"成交额 $536,329 ≥ 阈值 $500,000 | 成交量 395 手",US.NVDA,2026-05-08 04:20:39
US.NVDA261016P165000,NVDA 261016 165.00P,211.497,837,529546.0,PUT,2026-10-16,165.0,11362,46.076,-0.156413612,0.00370557,-0.044710665,0.337540936,162,100.0,US.NVDA,6.8,6.8,6.1,6.75,-0.21984709002964586,5139377100000.0,"成交额 $529,546 ≥ 阈值 $500,000 | 成交量 837 手",US.NVDA,2026-05-08 04:20:39
US.NVDA260508P222500,NVDA 260508 222.50P,211.497,516,522947.0,PUT,2026-05-08,222.5,6,0.0,0.0,0.0,0.0,0.0,1,100.0,US.NVDA,15.4,15.4,8.8,14.774,0.05202437859638664,5139377100000.0,"成交额 $522,947 ≥ 阈值 $500,000 | 成交量 516 手",US.NVDA,2026-05-08 04:20:39
US.NVDA261120C225000,NVDA 261120 225.00C,211.497,218,517456.0,CALL,2026-11-20,225.0,1256,43.724,0.511688764,0.005869051,-0.077335491,0.619656854,197,100.0,US.NVDA,21.65,25.0,20.7,21.4,-0.0638448772323011,5139377100000.0,"成交额 $517,456 ≥ 阈值 $500,000 | 成交量 218 手",US.NVDA,2026-05-08 04:20:39
US.NVDA260612C200000,NVDA 260612 200.00C,211.497,267,513813.0,CALL,2026-06-12,200.0,990,45.377,0.687526387,0.011747099,-0.161788648,0.235096989,36,100.0,US.NVDA,16.7,20.8,15.7,16.4782,0.05436010912684347,5139377100000.0,"成交额 $513,813 ≥ 阈值 $500,000 | 成交量 267 手",US.NVDA,2026-05-08 04:20:39
US.NVDA260618P180000,NVDA 260618 180.00P,211.497,1972,508467.0,PUT,2026-06-18,180.0,40786,46.553,-0.130251441,0.006347367,-0.081525671,0.151886813,42,100.0,US.NVDA,3.1,3.2,2.25,3.0222,-0.1489240982141591,5139377100000.0,"成交额 $508,467 ≥ 阈值 $500,000 | 成交量 1,972 手",US.NVDA,2026-05-08 04:20:39
US.NVDA260529C250000,NVDA 260529 250.00C,211.497,4241,507854.0,CALL,2026-05-29,250.0,8185,49.451,0.096967014,0.006683927,-0.100984268,0.089059477,22,100.0,US.NVDA,0.96,1.59,0.9,0.955,-0.18204986359144568,5139377100000.0,"成交额 $507,854 ≥ 阈值 $500,000 | 成交量 4,241 手",US.NVDA,2026-05-08 04:20:39
US.NVDA260918C280000,NVDA 260918 280.00C,211.497,1119,506303.0,CALL,2026-09-18,280.0,6808,42.795,0.18385416,0.004848684,-0.057785562,0.340669091,134,100.0,US.NVDA,4.4,5.5,4.25,4.325,-0.32389584722241915,5139377100000.0,"成交额 $506,303 ≥ 阈值 $500,000 | 成交量 1,119 手",US.NVDA,2026-05-08 04:20:39
US.NVDA260717P195000,NVDA 260717 195.00P,211.497,626,503117.0,PUT,2026-07-17,195.0,7977,42.829,-0.288513265,0.008584255,-0.090270616,0.318213364,71,100.0,US.NVDA,9.15,9.49,7.67,9.125,-0.07800110639867239,5139377100000.0,"成交额 $503,117 ≥ 阈值 $500,000 | 成交量 626 手",US.NVDA,2026-05-08 04:20:39
US.NVDA261016C300000,NVDA 261016 300.00C,211.497,1103,502219.0,CALL,2026-10-16,300.0,2825,43.018,0.153871425,0.003912393,-0.047148577,0.334056388,162,100.0,US.NVDA,3.8,4.86,3.69,3.6913,-0.4184598363097348,5139377100000.0,"成交额 $502,219 ≥ 阈值 $500,000 | 成交量 1,103 手",US.NVDA,2026-05-08 04:20:39
US.NVDA260522P195000,NVDA 260522 195.00P,211.497,1698,502178.0,PUT,2026-05-22,195.0,9639,53.561,-0.207337389,0.012466173,-0.216366509,0.122567043,15,100.0,US.NVDA,3.8,4.25,2.55,4.0,-0.07800110639867239,5139377100000.0,"成交额 $502,178 ≥ 阈值 $500,000 | 成交量 1,698 手",US.NVDA,2026-05-08 04:20:39
US.SMCI260508C35000,SMCI 260508 35.00C,33.62,32470,2255401.0,CALL,2026-05-08,35.0,22515,92.937,0.21070323,0.177274135,-0.239521354,0.005061054,1,100.0,US.SMCI,0.9,1.2,0.12,1.1687,-0.041046995835812096,20138024569.36,"成交额 $2,255,401 ≥ 阈值 $500,000 | 成交量 32,470 手",US.SMCI,2026-05-08 04:21:10
US.SMCI260515C35000,SMCI 260515 35.00C,33.62,14921,1988472.0,CALL,2026-05-15,35.0,23570,79.657,0.391440854,0.096919806,-0.099222753,0.019107154,8,100.0,US.SMCI,1.53,2.05,0.84,1.8334,-0.041046995835812096,20138024569.36,"成交额 $1,988,472 ≥ 阈值 $500,000 | 成交量 14,921 手",US.SMCI,2026-05-08 04:21:10
US.SMCI260508C30000,SMCI 260508 30.00C,33.62,2245,996685.0,CALL,2026-05-08,30.0,13521,148.695,0.934435076,0.048978806,-0.165217661,0.002237246,1,100.0,US.SMCI,4.2,5.6,3.05,4.7608,0.10767400356930391,20138024569.36,"成交额 $996,685 ≥ 阈值 $500,000 | 成交量 2,245 手",US.SMCI,2026-05-08 04:21:10
US.SMCI260618C42000,SMCI 260618 42.00C,33.62,6704,955713.0,CALL,2026-06-18,42.0,2336,77.318,0.241504297,0.03537854,-0.033501859,0.035569247,42,100.0,US.SMCI,1.29,1.72,1.03,1.55,-0.2492563950029745,20138024569.36,"成交额 $955,713 ≥ 阈值 $500,000 | 成交量 6,704 手",US.SMCI,2026-05-08 04:21:10
US.SMCI260515C30000,SMCI 260515 30.00C,33.62,2018,898406.0,CALL,2026-05-15,30.0,26932,79.954,0.848219303,0.059080226,-0.06102369,0.011690143,8,100.0,US.SMCI,4.66,5.75,3.55,5.079,0.10767400356930391,20138024569.36,"成交额 $898,406 ≥ 阈值 $500,000 | 成交量 2,018 手",US.SMCI,2026-05-08 04:21:10
US.SMCI260515C28000,SMCI 260515 28.00C,33.62,1279,822032.0,CALL,2026-05-15,28.0,6034,52.899,0.991486241,0.008797064,-0.006054325,0.001152667,8,100.0,US.SMCI,6.0,7.75,5.2,6.8574,0.16716240333135032,20138024569.36,"成交额 $822,032 ≥ 阈值 $500,000 | 成交量 1,279 手",US.SMCI,2026-05-08 04:21:10
US.SMCI260618C30000,SMCI 260618 30.00C,33.62,1395,778334.0,CALL,2026-06-18,30.0,15135,75.679,0.7219034,0.038876854,-0.036531341,0.038258716,42,100.0,US.SMCI,6.05,7.0,5.05,6.4226,0.10767400356930391,20138024569.36,"成交额 $778,334 ≥ 阈值 $500,000 | 成交量 1,395 手",US.SMCI,2026-05-08 04:21:10
US.SMCI260515C32000,SMCI 260515 32.00C,33.62,2464,777378.0,CALL,2026-05-15,32.0,48378,76.725,0.691034512,0.092292421,-0.088475467,0.017525036,8,100.0,US.SMCI,3.18,4.0,2.15,3.567,0.04818560380725751,20138024569.36,"成交额 $777,378 ≥ 阈值 $500,000 | 成交量 2,464 手",US.SMCI,2026-05-08 04:21:10
US.SMCI260515C37000,SMCI 260515 37.00C,33.62,8494,751672.0,CALL,2026-05-15,37.0,5747,79.403,0.226693739,0.076246177,-0.075877402,0.014982962,8,100.0,US.SMCI,1.02,1.18,0.44,1.125,-0.1005353955978585,20138024569.36,"成交额 $751,672 ≥ 阈值 $500,000 | 成交量 8,494 手",US.SMCI,2026-05-08 04:21:10
US.SMCI260508P34000,SMCI 260508 34.00P,33.62,11787,725491.0,PUT,2026-05-08,34.0,2169,97.462,-0.576902378,0.22923681,-0.343551586,0.006861717,1,100.0,US.SMCI,1.09,1.45,0.3,0.975,0.011302795954788893,20138024569.36,"成交额 $725,491 ≥ 阈值 $500,000 | 成交量 11,787 手",US.SMCI,2026-05-08 04:21:10
US.SMCI260508C34000,SMCI 260508 34.00C,33.62,8339,703787.0,CALL,2026-05-08,34.0,18513,91.871,0.417360782,0.242419903,-0.326023256,0.00684168,1,100.0,US.SMCI,1.0,1.86,0.33,1.6366,-0.011302795954788893,20138024569.36,"成交额 $703,787 ≥ 阈值 $500,000 | 成交量 8,339 手",US.SMCI,2026-05-08 04:21:10
US.SMCI260515C36000,SMCI 260515 36.00C,33.62,6068,693921.0,CALL,2026-05-15,36.0,4371,76.121,0.293283288,0.09086633,-0.084093018,0.017118209,8,100.0,US.SMCI,1.2,1.6,0.6,1.415,-0.0707911957168353,20138024569.36,"成交额 $693,921 ≥ 阈值 $500,000 | 成交量 6,068 手",US.SMCI,2026-05-08 04:21:10
US.SMCI260618C40000,SMCI 260618 40.00C,33.62,3969,675356.0,CALL,2026-06-18,40.0,11689,76.751,0.30112242,0.039793118,-0.037281107,0.039714448,42,100.0,US.SMCI,1.76,2.2,1.36,1.9896,-0.1897679952409281,20138024569.36,"成交额 $675,356 ≥ 阈值 $500,000 | 成交量 3,969 手",US.SMCI,2026-05-08 04:21:10
US.SMCI260618C35000,SMCI 260618 35.00C,33.62,1896,638123.0,CALL,2026-06-18,35.0,17632,75.373,0.49477109,0.046410788,-0.042442336,0.045488997,42,100.0,US.SMCI,3.35,4.0,2.57,3.6277,-0.041046995835812096,20138024569.36,"成交额 $638,123 ≥ 阈值 $500,000 | 成交量 1,896 手",US.SMCI,2026-05-08 04:21:10
US.SMCI260515C40000,SMCI 260515 40.00C,33.62,15961,570099.0,CALL,2026-05-15,40.0,22512,86.375,0.0986408,0.040435226,-0.045611227,0.008643413,8,100.0,US.SMCI,0.42,0.55,0.17,0.57,-0.1897679952409281,20138024569.36,"成交额 $570,099 ≥ 阈值 $500,000 | 成交量 15,961 手",US.SMCI,2026-05-08 04:21:10
US.SMCI260515C34000,SMCI 260515 34.00C,33.62,3302,565736.0,CALL,2026-05-15,34.0,3533,76.475,0.48576821,0.104792269,-0.099540449,0.019834092,8,100.0,US.SMCI,1.89,2.66,1.11,2.2975,-0.011302795954788893,20138024569.36,"成交额 $565,736 ≥ 阈值 $500,000 | 成交量 3,302 手",US.SMCI,2026-05-08 04:21:10
US.SMCI260508C35500,SMCI 260508 35.50C,33.62,9764,536880.0,CALL,2026-05-08,35.5,23394,92.899,0.136272456,0.134203835,-0.178344412,0.003829781,1,100.0,US.SMCI,0.62,0.95,0.07,0.9852,-0.055919095776323695,20138024569.36,"成交额 $536,880 ≥ 阈值 $500,000 | 成交量 9,764 手",US.SMCI,2026-05-08 04:21:10
US.TSLA260508C410000,TSLA 260508 410.00C,411.81,171047,85224129.0,CALL,2026-05-08,410.0,22226,53.943,0.568564209,0.033995513,-2.379804672,0.084236495,1,100.0,US.TSLA,4.15,8.9,1.83,1.9,0.004395230810325155,1546644647316.51,"成交额 $85,224,129 ≥ 阈值 $500,000 | 成交量 171,047 手",US.TSLA,2026-05-08 04:21:40
US.TSLA260508C400000,TSLA 260508 400.00C,411.81,63602,71055371.0,CALL,2026-05-08,400.0,16405,55.214,0.848176903,0.019861842,-1.438326014,0.050369288,1,100.0,US.TSLA,10.0,16.9,5.85,4.95,0.028678273961292834,1546644647316.51,"成交额 $71,055,371 ≥ 阈值 $500,000 | 成交量 63,602 手",US.TSLA,2026-05-08 04:21:40
US.TSLA260508C395000,TSLA 260508 395.00C,411.81,40124,63849517.0,CALL,2026-05-08,395.0,12633,58.212,0.91809248,0.012129636,-0.967875774,0.032431163,1,100.0,US.TSLA,13.8,21.45,9.3,7.6033,0.04081979553677667,1546644647316.51,"成交额 $63,849,517 ≥ 阈值 $500,000 | 成交量 40,124 手",US.TSLA,2026-05-08 04:21:40
US.TSLA260508C415000,TSLA 260508 415.00C,411.81,152298,55819382.0,CALL,2026-05-08,415.0,10236,53.738,0.397389587,0.033485898,-2.316571211,0.082657654,1,100.0,US.TSLA,2.68,5.9,0.92,1.135,-0.007746290765158684,1546644647316.51,"成交额 $55,819,382 ≥ 阈值 $500,000 | 成交量 152,298 手",US.TSLA,2026-05-08 04:21:40
US.TSLA260515C400000,TSLA 260515 400.00C,411.81,32805,52196523.0,CALL,2026-05-15,400.0,20399,44.569,0.68638627,0.013058549,-0.64525699,0.215996013,8,100.0,US.TSLA,14.95,21.35,11.75,10.25,0.028678273961292834,1546644647316.51,"成交额 $52,196,523 ≥ 阈值 $500,000 | 成交量 32,805 手",US.TSLA,2026-05-08 04:21:40
US.TSLA260508C405000,TSLA 260508 405.00C,411.81,64714,44314893.0,CALL,2026-05-08,405.0,10792,53.911,0.729101386,0.028663635,-1.996770097,0.070979082,1,100.0,US.TSLA,6.45,12.62,3.4,3.125,0.016536752385808994,1546644647316.51,"成交额 $44,314,893 ≥ 阈值 $500,000 | 成交量 64,714 手",US.TSLA,2026-05-08 04:21:40
US.TSLA260515C410000,TSLA 260515 410.00C,411.81,38186,41348445.0,CALL,2026-05-15,410.0,17315,44.594,0.544238536,0.014594151,-0.717896056,0.241544231,8,100.0,US.TSLA,9.75,14.55,7.2,6.325,0.004395230810325155,1546644647316.51,"成交额 $41,348,445 ≥ 阈值 $500,000 | 成交量 38,186 手",US.TSLA,2026-05-08 04:21:40
US.TSLA260508P410000,TSLA 260508 410.00P,411.81,73513,40127744.0,PUT,2026-05-08,410.0,2206,52.221,-0.429621468,0.035095616,-2.262376541,0.084164538,1,100.0,US.TSLA,6.85,9.5,3.01,13.1239,-0.004395230810325155,1546644647316.51,"成交额 $40,127,744 ≥ 阈值 $500,000 | 成交量 73,513 手",US.TSLA,2026-05-08 04:21:40
US.TSLA260508C412500,TSLA 260508 412.50C,411.81,90492,39001936.0,CALL,2026-05-08,412.5,7460,53.779,0.482443924,0.034578237,-2.4034328,0.085419905,1,100.0,US.TSLA,3.2,7.3,1.3,1.47,-0.0016755299774167643,1546644647316.51,"成交额 $39,001,936 ≥ 阈值 $500,000 | 成交量 90,492 手",US.TSLA,2026-05-08 04:21:40
US.TSLA260508C420000,TSLA 260508 420.00C,411.81,178214,36395517.0,CALL,2026-05-08,420.0,22512,54.766,0.24988405,0.027066435,-1.920426435,0.068085721,1,100.0,US.TSLA,1.72,3.85,0.45,0.67,-0.019887812340642522,1546644647316.51,"成交额 $36,395,517 ≥ 阈值 $500,000 | 成交量 178,214 手",US.TSLA,2026-05-08 04:21:40
US.TSLA260508C407500,TSLA 260508 407.50C,411.81,58565,32151356.0,CALL,2026-05-08,407.5,4315,53.634,0.652712565,0.032130321,-2.221512682,0.079157236,1,100.0,US.TSLA,5.5,10.7,2.53,2.445,0.010465991598067076,1546644647316.51,"成交额 $32,151,356 ≥ 阈值 $500,000 | 成交量 58,565 手",US.TSLA,2026-05-08 04:21:40
US.TSLA260508P420000,TSLA 260508 420.00P,411.81,25918,31580503.0,PUT,2026-05-08,420.0,906,52.985,-0.757788288,0.027554477,-1.78600068,0.066941823,1,100.0,US.TSLA,12.95,18.09,7.8,21.8978,0.019887812340642522,1546644647316.51,"成交额 $31,580,503 ≥ 阈值 $500,000 | 成交量 25,918 手",US.TSLA,2026-05-08 04:21:40
US.TSLA260515C395000,TSLA 260515 395.00C,411.81,14156,29622106.0,CALL,2026-05-15,395.0,5684,44.158,0.752407268,0.011751743,-0.571602965,0.192580639,8,100.0,US.TSLA,18.3,24.76,14.7,12.8509,0.04081979553677667,1546644647316.51,"成交额 $29,622,106 ≥ 阈值 $500,000 | 成交量 14,156 手",US.TSLA,2026-05-08 04:21:40
US.TSLA260508C380000,TSLA 260508 380.00C,411.81,9307,28817654.0,CALL,2026-05-08,380.0,4562,83.958,0.968747092,0.003911609,-0.637611806,0.015086065,1,100.0,US.TSLA,28.0,36.01,24.3,19.4968,0.07724436026322819,1546644647316.51,"成交额 $28,817,654 ≥ 阈值 $500,000 | 成交量 9,307 手",US.TSLA,2026-05-08 04:21:40
US.TSLA260508P405000,TSLA 260508 405.00P,411.81,77648,28781955.0,PUT,2026-05-08,405.0,2175,52.705,-0.266537196,0.029083903,-1.896351657,0.070400354,1,100.0,US.TSLA,4.25,6.1,1.72,9.3477,-0.016536752385808994,1546644647316.51,"成交额 $28,781,955 ≥ 阈值 $500,000 | 成交量 77,648 手",US.TSLA,2026-05-08 04:21:40
US.TSLA260508C390000,TSLA 260508 390.00C,411.81,13522,28417389.0,CALL,2026-05-08,390.0,8592,64.5,0.949415597,0.007530063,-0.733371207,0.0223092,1,100.0,US.TSLA,18.5,26.19,13.3,11.0031,0.052961317112260514,1546644647316.51,"成交额 $28,417,389 ≥ 阈值 $500,000 | 成交量 13,522 手",US.TSLA,2026-05-08 04:21:40
US.TSLA260508P415000,TSLA 260508 415.00P,411.81,32834,27514713.0,PUT,2026-05-08,415.0,504,52.891,-0.604508805,0.033996408,-2.236898404,0.082543502,1,100.0,US.TSLA,9.35,13.6,5.0,17.3606,0.007746290765158684,1546644647316.51,"成交额 $27,514,713 ≥ 阈值 $500,000 | 成交量 32,834 手",US.TSLA,2026-05-08 04:21:40
US.TSLA260511C410000,TSLA 260511 410.00C,411.81,36672,26429619.0,CALL,2026-05-11,410.0,2351,37.951,0.555546896,0.024182335,-0.888825726,0.170066146,4,100.0,US.TSLA,5.15,10.6,3.4,3.02,0.004395230810325155,1546644647316.51,"成交额 $26,429,619 ≥ 阈值 $500,000 | 成交量 36,672 手",US.TSLA,2026-05-08 04:21:40
US.TSLA260515P415000,TSLA 260515 415.00P,411.81,18618,25859566.0,PUT,2026-05-15,415.0,506,44.138,-0.530096964,0.014827419,-0.670244308,0.24224714,8,100.0,US.TSLA,14.49,17.91,10.68,20.815,0.007746290765158684,1546644647316.51,"成交额 $25,859,566 ≥ 阈值 $500,000 | 成交量 18,618 手",US.TSLA,2026-05-08 04:21:40
US.TSLA260511C390000,TSLA 260511 390.00C,411.81,12940,25855876.0,CALL,2026-05-11,390.0,1473,39.392,0.911569694,0.009451716,-0.355989295,0.068979581,4,100.0,US.TSLA,19.1,27.05,15.1,12.3493,0.052961317112260514,1546644647316.51,"成交额 $25,855,876 ≥ 阈值 $500,000 | 成交量 12,940 手",US.TSLA,2026-05-08 04:21:40
US.TSLA260515C420000,TSLA 260515 420.00C,411.81,34258,23640200.0,CALL,2026-05-15,420.0,16676,45.124,0.401149025,0.014064216,-0.701036573,0.235536258,8,100.0,US.TSLA,6.0,9.53,4.25,3.8,-0.019887812340642522,1546644647316.51,"成交额 $23,640,200 ≥ 阈值 $500,000 | 成交量 34,258 手",US.TSLA,2026-05-08 04:21:40
US.TSLA260511C400000,TSLA 260511 400.00C,411.81,17976,23292163.0,CALL,2026-05-11,400.0,5616,37.45,0.779871115,0.018372739,-0.64641423,0.127482591,4,100.0,US.TSLA,11.5,17.9,7.68,6.45,0.028678273961292834,1546644647316.51,"成交额 $23,292,163 ≥ 阈值 $500,000 | 成交量 17,976 手",US.TSLA,2026-05-08 04:21:40
US.TSLA260508P425000,TSLA 260508 425.00P,411.81,13424,22732843.0,PUT,2026-05-08,425.0,296,58.197,-0.847407657,0.01896949,-1.449627216,0.05051972,1,100.0,US.TSLA,17.05,22.26,11.35,26.6353,0.03202933391612636,1546644647316.51,"成交额 $22,732,843 ≥ 阈值 $500,000 | 成交量 13,424 手",US.TSLA,2026-05-08 04:21:40
US.TSLA260508P407500,TSLA 260508 407.50P,411.81,49233,22718510.0,PUT,2026-05-08,407.5,765,52.494,-0.344410604,0.032731209,-2.127717671,0.078909829,1,100.0,US.TSLA,5.0,7.7,2.29,11.1682,-0.010465991598067076,1546644647316.51,"成交额 $22,718,510 ≥ 阈值 $500,000 | 成交量 49,233 手",US.TSLA,2026-05-08 04:21:40
US.TSLA260508C402500,TSLA 260508 402.50C,411.81,20598,18448845.0,CALL,2026-05-08,402.5,9001,54.113,0.796100686,0.024419735,-1.706848203,0.060694659,1,100.0,US.TSLA,8.2,14.7,4.54,3.95,0.022607513173550916,1546644647316.51,"成交额 $18,448,845 ≥ 阈值 $500,000 | 成交量 20,598 手",US.TSLA,2026-05-08 04:21:40
US.TSLA260511C412500,TSLA 260511 412.50C,411.81,25275,17445271.0,CALL,2026-05-11,412.5,360,37.501,0.494345266,0.024709973,-0.884973724,0.171717035,4,100.0,US.TSLA,5.05,9.02,2.76,2.465,-0.0016755299774167643,1546644647316.51,"成交额 $17,445,271 ≥ 阈值 $500,000 | 成交量 25,275 手",US.TSLA,2026-05-08 04:21:40
US.TSLA260618C400000,TSLA 260618 400.00C,411.81,5851,17350245.0,CALL,2026-06-18,400.0,19314,43.165,0.618016955,0.006325612,-0.297736241,0.532623572,42,100.0,US.TSLA,28.05,33.95,25.05,23.1874,0.028678273961292834,1546644647316.51,"成交额 $17,350,245 ≥ 阈值 $500,000 | 成交量 5,851 手",US.TSLA,2026-05-08 04:21:40
US.TSLA260508P412500,TSLA 260508 412.50P,411.81,25502,16379657.0,PUT,2026-05-08,412.5,403,52.667,-0.51824864,0.035317073,-2.313600971,0.085407958,1,100.0,US.TSLA,7.7,11.45,3.9,15.1947,0.0016755299774167643,1546644647316.51,"成交额 $16,379,657 ≥ 阈值 $500,000 | 成交量 25,502 手",US.TSLA,2026-05-08 04:21:40
US.TSLA260515C405000,TSLA 260515 405.00C,411.81,11952,15708308.0,CALL,2026-05-15,405.0,12267,44.501,0.616990257,0.014077951,-0.691888969,0.232509676,8,100.0,US.TSLA,11.95,17.6,9.3,8.1,0.016536752385808994,1546644647316.51,"成交额 $15,708,308 ≥ 阈值 $500,000 | 成交量 11,952 手",US.TSLA,2026-05-08 04:21:40
US.TSLA260515C415000,TSLA 260515 415.00C,411.81,18407,15525257.0,CALL,2026-05-15,415.0,4352,44.716,0.471208911,0.014606177,-0.719207081,0.242406551,8,100.0,US.TSLA,7.75,11.9,5.55,4.9,-0.007746290765158684,1546644647316.51,"成交额 $15,525,257 ≥ 阈值 $500,000 | 成交量 18,407 手",US.TSLA,2026-05-08 04:21:40
US.TSLA260515P420000,TSLA 260515 420.00P,411.81,8671,14642814.0,PUT,2026-05-15,420.0,6252,44.744,-0.600639782,0.014214171,-0.654714756,0.235130279,8,100.0,US.TSLA,18.5,21.38,13.35,24.7229,0.019887812340642522,1546644647316.51,"成交额 $14,642,814 ≥ 阈值 $500,000 | 成交量 8,671 手",US.TSLA,2026-05-08 04:21:40
US.TSLA260508P400000,TSLA 260508 400.00P,411.81,71599,14362250.0,PUT,2026-05-08,400.0,7270,53.691,-0.145267639,0.019831933,-1.318256141,0.048902965,1,100.0,US.TSLA,2.58,3.55,0.85,6.172,-0.028678273961292834,1546644647316.51,"成交额 $14,362,250 ≥ 阈值 $500,000 | 成交量 71,599 手",US.TSLA,2026-05-08 04:21:40
US.TSLA260508C180000,TSLA 260508 180.00C,411.81,551,12475213.0,CALL,2026-05-08,180.0,577,0.0,0.0,0.0,0.0,0.0,1,100.0,US.TSLA,231.5,231.5,225.67,218.7368,0.5629052232825817,1546644647316.51,"成交额 $12,475,213 ≥ 阈值 $500,000 | 成交量 551 手",US.TSLA,2026-05-08 04:21:40
US.TSLA260515C180000,TSLA 260515 180.00C,411.81,549,12435627.0,CALL,2026-05-15,180.0,75,0.0,0.0,0.0,0.0,0.0,8,100.0,US.TSLA,226.56,227.75,226.4,218.9256,0.5629052232825817,1546644647316.51,"成交额 $12,435,627 ≥ 阈值 $500,000 | 成交量 549 手",US.TSLA,2026-05-08 04:21:40
US.TSLA260508C385000,TSLA 260508 385.00C,411.81,4631,12309554.0,CALL,2026-05-08,385.0,6033,70.926,0.967366571,0.004798613,-0.56406775,0.015634427,1,100.0,US.TSLA,22.01,31.07,18.03,15.0325,0.06510283868774436,1546644647316.51,"成交额 $12,309,554 ≥ 阈值 $500,000 | 成交量 4,631 手",US.TSLA,2026-05-08 04:21:40
US.TSLA260515C390000,TSLA 260515 390.00C,411.81,5249,11962093.0,CALL,2026-05-15,390.0,5947,44.716,0.807015789,0.010056849,-0.502681629,0.166882716,8,100.0,US.TSLA,22.0,28.6,17.95,15.8013,0.052961317112260514,1546644647316.51,"成交额 $11,962,093 ≥ 阈值 $500,000 | 成交量 5,249 手",US.TSLA,2026-05-08 04:21:40
US.TSLA260511P420000,TSLA 260511 420.00P,411.81,8057,11293463.0,PUT,2026-05-11,420.0,79,38.907,-0.67622574,0.02153497,-0.767392019,0.154592452,4,100.0,US.TSLA,14.0,19.0,9.6,22.5457,0.019887812340642522,1546644647316.51,"成交额 $11,293,463 ≥ 阈值 $500,000 | 成交量 8,057 手",US.TSLA,2026-05-08 04:21:40
US.TSLA260618C420000,TSLA 260618 420.00C,411.81,5558,11281606.0,CALL,2026-06-18,420.0,14730,43.024,0.486611047,0.006635247,-0.304922331,0.556877445,42,100.0,US.TSLA,18.75,23.5,16.5,15.075,-0.019887812340642522,1546644647316.51,"成交额 $11,281,606 ≥ 阈值 $500,000 | 成交量 5,558 手",US.TSLA,2026-05-08 04:21:40
US.TSLA260508C417500,TSLA 260508 417.50C,411.81,45021,11041740.0,CALL,2026-05-08,417.5,8388,54.146,0.318798346,0.030767208,-2.149387178,0.076520759,1,100.0,US.TSLA,2.12,4.75,0.63,0.875,-0.013817051552900604,1546644647316.51,"成交额 $11,041,740 ≥ 阈值 $500,000 | 成交量 45,021 手",US.TSLA,2026-05-08 04:21:40
US.TSLA260511C395000,TSLA 260511 395.00C,411.81,6462,11023995.0,CALL,2026-05-11,395.0,2489,37.04,0.865361795,0.013591828,-0.459658602,0.093267642,4,100.0,US.TSLA,15.1,22.12,11.2,9.125,0.04081979553677667,1546644647316.51,"成交额 $11,023,995 ≥ 阈值 $500,000 | 成交量 6,462 手",US.TSLA,2026-05-08 04:21:40
US.TSLA260515P410000,TSLA 260515 410.00P,411.81,9816,10844991.0,PUT,2026-05-15,410.0,4007,43.905,-0.455927839,0.014846657,-0.667556517,0.241479713,8,100.0,US.TSLA,12.1,14.55,8.35,17.2337,-0.004395230810325155,1546644647316.51,"成交额 $10,844,991 ≥ 阈值 $500,000 | 成交量 9,816 手",US.TSLA,2026-05-08 04:21:40
US.TSLA260515C380000,TSLA 260515 380.00C,411.81,3272,10195885.0,CALL,2026-05-15,380.0,7193,47.062,0.884969626,0.006771271,-0.37731917,0.118251862,8,100.0,US.TSLA,30.02,37.52,25.35,22.8489,0.07724436026322819,1546644647316.51,"成交额 $10,195,885 ≥ 阈值 $500,000 | 成交量 3,272 手",US.TSLA,2026-05-08 04:21:40
US.TSLA260508P417500,TSLA 260508 417.50P,411.81,10682,10047623.0,PUT,2026-05-08,417.5,138,53.031,-0.685101839,0.031278156,-2.053723182,0.076112252,1,100.0,US.TSLA,11.05,15.55,6.3,19.6017,0.013817051552900604,1546644647316.51,"成交额 $10,047,623 ≥ 阈值 $500,000 | 成交量 10,682 手",US.TSLA,2026-05-08 04:21:40
US.TSLA260508C397500,TSLA 260508 397.50C,411.81,8730,10018904.0,CALL,2026-05-08,397.5,6984,56.113,0.890146905,0.015620223,-1.162782141,0.040257035,1,100.0,US.TSLA,11.8,19.0,7.45,6.2032,0.034749034749034756,1546644647316.51,"成交额 $10,018,904 ≥ 阈值 $500,000 | 成交量 8,730 手",US.TSLA,2026-05-08 04:21:40
US.TSLA260511C405000,TSLA 260511 405.00C,411.81,11781,9991144.0,CALL,2026-05-11,405.0,2083,37.959,0.673241026,0.022074476,-0.808527846,0.155266349,4,100.0,US.TSLA,8.45,13.9,5.2,4.45,0.016536752385808994,1546644647316.51,"成交额 $9,991,144 ≥ 阈值 $500,000 | 成交量 11,781 手",US.TSLA,2026-05-08 04:21:40
US.TSLA260515P417500,TSLA 260515 417.50P,411.81,6095,9695428.0,PUT,2026-05-15,417.5,105,44.726,-0.56538578,0.014483331,-0.669877291,0.239653131,8,100.0,US.TSLA,16.45,19.8,12.23,22.7189,0.013817051552900604,1546644647316.51,"成交额 $9,695,428 ≥ 阈值 $500,000 | 成交量 6,095 手",US.TSLA,2026-05-08 04:21:40
US.TSLA260508C425000,TSLA 260508 425.00C,411.81,72284,9688396.0,CALL,2026-05-08,425.0,12589,56.609,0.146032319,0.018875547,-1.403905094,0.049077385,1,100.0,US.TSLA,0.87,2.48,0.23,0.405,-0.03202933391612636,1546644647316.51,"成交额 $9,688,396 ≥ 阈值 $500,000 | 成交量 72,284 手",US.TSLA,2026-05-08 04:21:40
US.TSLA260618C450000,TSLA 260618 450.00C,411.81,8920,9634916.0,CALL,2026-06-18,450.0,26474,43.751,0.310122327,0.005774455,-0.269344271,0.49278539,42,100.0,US.TSLA,9.75,12.81,8.4,7.725,-0.09273694179354557,1546644647316.51,"成交额 $9,634,916 ≥ 阈值 $500,000 | 成交量 8,920 手",US.TSLA,2026-05-08 04:21:40
US.TSLA260508P402500,TSLA 260508 402.50P,411.81,31507,9147043.0,PUT,2026-05-08,402.5,1200,53.028,-0.199318579,0.024583936,-1.610098713,0.0598723,1,100.0,US.TSLA,2.95,4.68,1.26,7.6723,-0.022607513173550916,1546644647316.51,"成交额 $9,147,043 ≥ 阈值 $500,000 | 成交量 31,507 手",US.TSLA,2026-05-08 04:21:40
US.TSLA260508C387500,TSLA 260508 387.50C,411.81,3515,8875712.0,CALL,2026-05-08,387.5,3900,69.335,0.955953003,0.006269505,-0.703194419,0.019967423,1,100.0,US.TSLA,21.25,27.74,15.89,12.9428,0.059032077900002436,1546644647316.51,"成交额 $8,875,712 ≥ 阈值 $500,000 | 成交量 3,515 手",US.TSLA,2026-05-08 04:21:40
US.TSLA260511P415000,TSLA 260511 415.00P,411.81,8517,8856221.0,PUT,2026-05-11,415.0,147,38.355,-0.56547334,0.023881403,-0.848125573,0.169355019,4,100.0,US.TSLA,10.6,14.62,6.75,18.1819,0.007746290765158684,1546644647316.51,"成交额 $8,856,221 ≥ 阈值 $500,000 | 成交量 8,517 手",US.TSLA,2026-05-08 04:21:40
US.TSLA260515P400000,TSLA 260515 400.00P,411.81,12953,8821453.0,PUT,2026-05-15,400.0,11306,44.125,-0.312374813,0.013176758,-0.598839391,0.215586375,8,100.0,US.TSLA,7.35,9.06,4.9,11.1507,-0.028678273961292834,1546644647316.51,"成交额 $8,821,453 ≥ 阈值 $500,000 | 成交量 12,953 手",US.TSLA,2026-05-08 04:21:40
US.TSLA260918C500000,TSLA 260918 500.00C,411.81,4352,8681641.0,CALL,2026-09-18,500.0,7866,46.892,0.310663122,0.003018236,-0.165077003,0.880951843,134,100.0,US.TSLA,18.7,21.85,17.41,16.3893,-0.21415215754838396,1546644647316.51,"成交额 $8,681,641 ≥ 阈值 $500,000 | 成交量 4,352 手",US.TSLA,2026-05-08 04:21:40
US.TSLA260717C420000,TSLA 260717 420.00C,411.81,3079,8556088.0,CALL,2026-07-17,420.0,4344,43.754,0.512340057,0.005018237,-0.242118283,0.724144923,71,100.0,US.TSLA,27.15,31.9,24.45,22.825,-0.019887812340642522,1546644647316.51,"成交额 $8,556,088 ≥ 阈值 $500,000 | 成交量 3,079 手",US.TSLA,2026-05-08 04:21:40
US.TSLA260515C430000,TSLA 260515 430.00C,411.81,19930,8437471.0,CALL,2026-05-15,430.0,11778,46.047,0.277793167,0.011953523,-0.610756947,0.204270648,8,100.0,US.TSLA,3.7,6.0,2.46,2.235,-0.044170855491610206,1546644647316.51,"成交额 $8,437,471 ≥ 阈值 $500,000 | 成交量 19,930 手",US.TSLA,2026-05-08 04:21:40
US.TSLA260511P410000,TSLA 260511 410.00P,411.81,11530,8404319.0,PUT,2026-05-11,410.0,337,37.656,-0.444452567,0.024396759,-0.842184575,0.170027568,4,100.0,US.TSLA,8.3,11.0,4.6,14.1736,-0.004395230810325155,1546644647316.51,"成交额 $8,404,319 ≥ 阈值 $500,000 | 成交量 11,530 手",US.TSLA,2026-05-08 04:21:40
US.TSLA260511C415000,TSLA 260511 415.00C,411.81,17605,8274119.0,CALL,2026-05-11,415.0,4416,38.061,0.434375376,0.024018551,-0.881111493,0.169403611,4,100.0,US.TSLA,4.05,7.67,2.21,2.025,-0.007746290765158684,1546644647316.51,"成交额 $8,274,119 ≥ 阈值 $500,000 | 成交量 17,605 手",US.TSLA,2026-05-08 04:21:40
US.TSLA260522C420000,TSLA 260522 420.00C,411.81,8035,8202356.0,CALL,2026-05-22,420.0,2484,43.406,0.435091663,0.010867958,-0.500190691,0.328486439,15,100.0,US.TSLA,9.3,13.3,7.32,6.5,-0.019887812340642522,1546644647316.51,"成交额 $8,202,356 ≥ 阈值 $500,000 | 成交量 8,035 手",US.TSLA,2026-05-08 04:21:40
US.TSLA260511C402500,TSLA 260511 402.50C,411.81,7974,8199421.0,CALL,2026-05-11,402.5,1098,38.02,0.727079985,0.020310453,-0.74206391,0.143084141,4,100.0,US.TSLA,8.55,15.75,6.4,5.4,0.022607513173550916,1546644647316.51,"成交额 $8,199,421 ≥ 阈值 $500,000 | 成交量 7,974 手",US.TSLA,2026-05-08 04:21:40
US.TSLA260618C410000,TSLA 260618 410.00C,411.81,3279,7991157.0,CALL,2026-06-18,410.0,4532,42.899,0.552320798,0.006600898,-0.304085396,0.552393701,42,100.0,US.TSLA,23.1,28.25,20.5,18.75,0.004395230810325155,1546644647316.51,"成交额 $7,991,157 ≥ 阈值 $500,000 | 成交量 3,279 手",US.TSLA,2026-05-08 04:21:40
US.TSLA260717C425000,TSLA 260717 425.00C,411.81,2999,7908119.0,CALL,2026-07-17,425.0,688,43.759,0.487885093,0.005017854,-0.241330111,0.724155227,71,100.0,US.TSLA,25.47,29.61,22.66,21.05,-0.03202933391612636,1546644647316.51,"成交额 $7,908,119 ≥ 阈值 $500,000 | 成交量 2,999 手",US.TSLA,2026-05-08 04:21:40
US.TSLA260618C430000,TSLA 260618 430.00C,411.81,4805,7870660.0,CALL,2026-06-18,430.0,11785,43.128,0.42309111,0.006499464,-0.29805683,0.546796338,42,100.0,US.TSLA,14.95,19.25,13.25,12.075,-0.044170855491610206,1546644647316.51,"成交额 $7,870,660 ≥ 阈值 $500,000 | 成交量 4,805 手",US.TSLA,2026-05-08 04:21:40
US.TSLA260618C350000,TSLA 260618 350.00C,411.81,1196,7795438.0,CALL,2026-06-18,350.0,8373,46.574,0.871759995,0.003221494,-0.191427419,0.292633249,42,100.0,US.TSLA,65.25,71.5,60.4,56.3076,0.15009348971613123,1546644647316.51,"成交额 $7,795,438 ≥ 阈值 $500,000 | 成交量 1,196 手",US.TSLA,2026-05-08 04:21:40
US.TSLA260515C425000,TSLA 260515 425.00C,411.81,13394,7447783.0,CALL,2026-05-15,425.0,6322,45.514,0.335998664,0.013154122,-0.662240215,0.222192344,8,100.0,US.TSLA,4.82,7.65,3.25,2.905,-0.03202933391612636,1546644647316.51,"成交额 $7,447,783 ≥ 阈值 $500,000 | 成交量 13,394 手",US.TSLA,2026-05-08 04:21:40
US.TSLA260515C407500,TSLA 260515 407.50C,411.81,6545,7327643.0,CALL,2026-05-15,407.5,1633,44.636,0.580703745,0.014369463,-0.709387174,0.238048592,8,100.0,US.TSLA,10.9,16.0,8.27,7.175,0.010465991598067076,1546644647316.51,"成交额 $7,327,643 ≥ 阈值 $500,000 | 成交量 6,545 手",US.TSLA,2026-05-08 04:21:40
US.TSLA260511C420000,TSLA 260511 420.00C,411.81,21996,7176056.0,CALL,2026-05-11,420.0,4782,38.752,0.323760223,0.021541092,-0.803440167,0.154679983,4,100.0,US.TSLA,2.79,5.41,1.4,1.385,-0.019887812340642522,1546644647316.51,"成交额 $7,176,056 ≥ 阈值 $500,000 | 成交量 21,996 手",US.TSLA,2026-05-08 04:21:40
US.TSLA260508C370000,TSLA 260508 370.00C,411.81,1756,7062879.0,CALL,2026-05-08,370.0,1411,104.746,0.976811332,0.002443966,-0.613233841,0.011759727,1,100.0,US.TSLA,37.6,45.09,32.93,29.04,0.10152740341419587,1546644647316.51,"成交额 $7,062,879 ≥ 阈值 $500,000 | 成交量 1,756 手",US.TSLA,2026-05-08 04:21:40
US.TSLA260508C382500,TSLA 260508 382.50C,411.81,2249,7039382.0,CALL,2026-05-08,382.5,2717,78.224,0.966753005,0.004418242,-0.627550703,0.015876138,1,100.0,US.TSLA,26.32,33.4,20.33,17.2172,0.07117359947548628,1546644647316.51,"成交额 $7,039,382 ≥ 阈值 $500,000 | 成交量 2,249 手",US.TSLA,2026-05-08 04:21:40
US.TSLA260717C500000,TSLA 260717 500.00C,411.81,8287,7031743.0,CALL,2026-07-17,500.0,24897,45.812,0.204813763,0.00341322,-0.173978242,0.515626795,71,100.0,US.TSLA,7.65,9.8,6.9,6.425,-0.21415215754838396,1546644647316.51,"成交额 $7,031,743 ≥ 阈值 $500,000 | 成交量 8,287 手",US.TSLA,2026-05-08 04:21:40
US.TSLA260515C392500,TSLA 260515 392.50C,411.81,3003,6710997.0,CALL,2026-05-15,392.5,1446,44.208,0.781851314,0.01094062,-0.53406115,0.179488477,8,100.0,US.TSLA,20.05,26.39,16.6,14.2513,0.04689055632451859,1546644647316.51,"成交额 $6,710,997 ≥ 阈值 $500,000 | 成交量 3,003 手",US.TSLA,2026-05-08 04:21:40
US.TSLA260515C402500,TSLA 260515 402.50C,411.81,4261,6589992.0,CALL,2026-05-15,402.5,1632,44.731,0.651716619,0.013567664,-0.674442671,0.225239245,8,100.0,US.TSLA,13.55,19.3,10.45,9.125,0.022607513173550916,1546644647316.51,"成交额 $6,589,992 ≥ 阈值 $500,000 | 成交量 4,261 手",US.TSLA,2026-05-08 04:21:40
US.TSLA260717C390000,TSLA 260717 390.00C,411.81,1539,6490187.0,CALL,2026-07-17,390.0,17193,44.138,0.660221758,0.004570054,-0.230213491,0.665230465,71,100.0,US.TSLA,42.33,47.86,38.8,36.2368,0.052961317112260514,1546644647316.51,"成交额 $6,490,187 ≥ 阈值 $500,000 | 成交量 1,539 手",US.TSLA,2026-05-08 04:21:40
US.TSLA260513P410000,TSLA 260513 410.00P,411.81,6335,6488587.0,PUT,2026-05-13,410.0,38,42.522,-0.453325549,0.017686868,-0.75745402,0.208932534,6,100.0,US.TSLA,9.61,12.8,6.78,15.9034,-0.004395230810325155,1546644647316.51,"成交额 $6,488,587 ≥ 阈值 $500,000 | 成交量 6,335 手",US.TSLA,2026-05-08 04:21:40
US.TSLA260605C450000,TSLA 260605 450.00C,411.81,9406,6283890.0,CALL,2026-06-05,450.0,1720,43.45,0.261162729,0.006447504,-0.293850542,0.377249219,29,100.0,US.TSLA,6.15,8.75,5.16,4.65,-0.09273694179354557,1546644647316.51,"成交额 $6,283,890 ≥ 阈值 $500,000 | 成交量 9,406 手",US.TSLA,2026-05-08 04:21:40
US.TSLA260717C430000,TSLA 260717 430.00C,411.81,2470,6013579.0,CALL,2026-07-17,430.0,5793,43.773,0.463791024,0.00499786,-0.239765799,0.721499608,71,100.0,US.TSLA,23.3,27.6,21.0,19.45,-0.044170855491610206,1546644647316.51,"成交额 $6,013,579 ≥ 阈值 $500,000 | 成交量 2,470 手",US.TSLA,2026-05-08 04:21:40
US.TSLA260511C407500,TSLA 260511 407.50C,411.81,7865,5773684.0,CALL,2026-05-11,407.5,956,37.647,0.616347959,0.023561823,-0.851899983,0.164373825,4,100.0,US.TSLA,7.0,12.1,4.3,3.65,0.010465991598067076,1546644647316.51,"成交额 $5,773,684 ≥ 阈值 $500,000 | 成交量 7,865 手",US.TSLA,2026-05-08 04:21:40
US.TSLA260618P400000,TSLA 260618 400.00P,411.81,3080,5735759.0,PUT,2026-06-18,400.0,13714,42.469,-0.382408187,0.006459966,-0.255432417,0.532329847,42,100.0,US.TSLA,18.69,21.0,16.31,22.65,-0.028678273961292834,1546644647316.51,"成交额 $5,735,759 ≥ 阈值 $500,000 | 成交量 3,080 手",US.TSLA,2026-05-08 04:21:40
US.TSLA260618C360000,TSLA 260618 360.00C,411.81,956,5634219.0,CALL,2026-06-18,360.0,7197,45.466,0.835446421,0.003902199,-0.216169184,0.346043375,42,100.0,US.TSLA,56.18,61.89,51.29,48.3395,0.12581044656516355,1546644647316.51,"成交额 $5,634,219 ≥ 阈值 $500,000 | 成交量 956 手",US.TSLA,2026-05-08 04:21:40
US.TSLA260513C410000,TSLA 260513 410.00C,411.81,6042,5609895.0,CALL,2026-05-13,410.0,753,42.86,0.546847135,0.017524495,-0.803327111,0.20897673,6,100.0,US.TSLA,8.05,12.75,5.7,4.825,0.004395230810325155,1546644647316.51,"成交额 $5,609,895 ≥ 阈值 $500,000 | 成交量 6,042 手",US.TSLA,2026-05-08 04:21:40
US.TSLA260511P412500,TSLA 260511 412.50P,411.81,6332,5558067.0,PUT,2026-05-11,412.5,38,37.792,-0.505875398,0.0245542,-0.851806487,0.171667253,4,100.0,US.TSLA,9.75,12.85,5.63,16.1202,0.0016755299774167643,1546644647316.51,"成交额 $5,558,067 ≥ 阈值 $500,000 | 成交量 6,332 手",US.TSLA,2026-05-08 04:21:40
US.TSLA260515P407500,TSLA 260515 407.50P,411.81,5273,5546898.0,PUT,2026-05-15,407.5,144,43.933,-0.418824555,0.014614265,-0.658881399,0.237924531,8,100.0,US.TSLA,11.4,12.9,7.4,15.5811,-0.010465991598067076,1546644647316.51,"成交额 $5,546,898 ≥ 阈值 $500,000 | 成交量 5,273 手",US.TSLA,2026-05-08 04:21:40
US.TSLA260717C400000,TSLA 260717 400.00C,411.81,1437,5473990.0,CALL,2026-07-17,400.0,6164,43.877,0.611615193,0.004809407,-0.237116877,0.695942615,71,100.0,US.TSLA,36.25,42.0,33.2,31.2088,0.028678273961292834,1546644647316.51,"成交额 $5,473,990 ≥ 阈值 $500,000 | 成交量 1,437 手",US.TSLA,2026-05-08 04:21:40
US.TSLA260529C400000,TSLA 260529 400.00C,411.81,2256,5221320.0,CALL,2026-05-29,400.0,3967,42.038,0.638486723,0.008817683,-0.389824641,0.378662579,22,100.0,US.TSLA,21.05,26.8,17.9,16.225,0.028678273961292834,1546644647316.51,"成交额 $5,221,320 ≥ 阈值 $500,000 | 成交量 2,256 手",US.TSLA,2026-05-08 04:21:40
US.TSLA260508P430000,TSLA 260508 430.00P,411.81,2601,5123397.0,PUT,2026-05-08,430.0,81,56.071,-0.929133566,0.011429788,-0.763126469,0.029008426,1,100.0,US.TSLA,21.21,27.8,16.0,31.4733,0.044170855491610206,1546644647316.51,"成交额 $5,123,397 ≥ 阈值 $500,000 | 成交量 2,601 手",US.TSLA,2026-05-08 04:21:40
US.TSLA260522C200000,TSLA 260522 200.00C,411.81,241,5004138.0,CALL,2026-05-22,200.0,2,144.822,0.995508243,0.000108741,-0.068342258,0.010967724,15,100.0,US.TSLA,207.55,207.77,207.55,199.2335,0.5143391369806464,1546644647316.51,"成交额 $5,004,138 ≥ 阈值 $500,000 | 成交量 241 手",US.TSLA,2026-05-08 04:21:40
US.TSLA260508C200000,TSLA 260508 200.00C,411.81,240,4976067.0,CALL,2026-05-08,200.0,279,580.476,0.994486149,0.000126794,-0.896616907,0.003380867,1,100.0,US.TSLA,207.32,207.43,207.32,198.7408,0.5143391369806464,1546644647316.51,"成交额 $4,976,067 ≥ 阈值 $500,000 | 成交量 240 手",US.TSLA,2026-05-08 04:21:40
US.TSLA260508C422500,TSLA 260508 422.50C,411.81,29829,4914229.0,CALL,2026-05-08,422.5,3899,55.542,0.192061772,0.022947502,-1.659756854,0.058540751,1,100.0,US.TSLA,1.34,3.1,0.33,0.515,-0.025958573128384444,1546644647316.51,"成交额 $4,914,229 ≥ 阈值 $500,000 | 成交量 29,829 手",US.TSLA,2026-05-08 04:21:40
US.TSLA260515C412500,TSLA 260515 412.50C,411.81,4834,4908267.0,CALL,2026-05-15,412.5,1265,44.689,0.507609311,0.014650722,-0.722226469,0.242996187,8,100.0,US.TSLA,8.7,13.1,6.4,5.575,-0.0016755299774167643,1546644647316.51,"成交额 $4,908,267 ≥ 阈值 $500,000 | 成交量 4,834 手",US.TSLA,2026-05-08 04:21:40
US.TSLA260529C420000,TSLA 260529 420.00C,411.81,3907,4831591.0,CALL,2026-05-29,420.0,2465,42.05,0.45288404,0.009321126,-0.404403785,0.400399004,22,100.0,US.TSLA,12.0,15.95,9.6,8.625,-0.019887812340642522,1546644647316.51,"成交额 $4,831,591 ≥ 阈值 $500,000 | 成交量 3,907 手",US.TSLA,2026-05-08 04:21:40
US.TSLA260515P425000,TSLA 260515 425.00P,411.81,2451,4786530.0,PUT,2026-05-15,425.0,364,45.11,-0.666558261,0.013297952,-0.614880015,0.221357539,8,100.0,US.TSLA,21.18,25.5,16.82,28.8377,0.03202933391612636,1546644647316.51,"成交额 $4,786,530 ≥ 阈值 $500,000 | 成交量 2,451 手",US.TSLA,2026-05-08 04:21:40
US.TSLA260508P435000,TSLA 260508 435.00P,411.81,1872,4731821.0,PUT,2026-05-08,435.0,16,54.487,-0.973548193,0.005603363,-0.305013572,0.013056624,1,100.0,US.TSLA,21.9,31.88,21.89,36.3912,0.05631237706709404,1546644647316.51,"成交额 $4,731,821 ≥ 阈值 $500,000 | 成交量 1,872 手",US.TSLA,2026-05-08 04:21:40
US.TSLA260618C415000,TSLA 260618 415.00C,411.81,2042,4726717.0,CALL,2026-06-18,415.0,5059,42.816,0.519155091,0.006663422,-0.304535598,0.556550484,42,100.0,US.TSLA,21.1,25.8,18.32,16.825,-0.007746290765158684,1546644647316.51,"成交额 $4,726,717 ≥ 阈值 $500,000 | 成交量 2,042 手",US.TSLA,2026-05-08 04:21:40
US.TSLA260513C400000,TSLA 260513 400.00C,411.81,3211,4695189.0,CALL,2026-05-13,400.0,1674,42.773,0.715156285,0.015043752,-0.687815923,0.17901624,6,100.0,US.TSLA,13.5,19.5,10.0,8.625,0.028678273961292834,1546644647316.51,"成交额 $4,695,189 ≥ 阈值 $500,000 | 成交量 3,211 手",US.TSLA,2026-05-08 04:21:40
US.TSLA260717C410000,TSLA 260717 410.00C,411.81,1433,4677474.0,CALL,2026-07-17,410.0,2025,43.761,0.561914153,0.004959278,-0.241154072,0.715749124,71,100.0,US.TSLA,31.3,36.5,28.6,26.75,0.004395230810325155,1546644647316.51,"成交额 $4,677,474 ≥ 阈值 $500,000 | 成交量 1,433 手",US.TSLA,2026-05-08 04:21:40
US.TSLA260522C410000,TSLA 260522 410.00C,411.81,3130,4584691.0,CALL,2026-05-22,410.0,1908,43.294,0.544030209,0.010975208,-0.50696594,0.330876194,15,100.0,US.TSLA,13.35,18.0,10.77,9.55,0.004395230810325155,1546644647316.51,"成交额 $4,584,691 ≥ 阈值 $500,000 | 成交量 3,130 手",US.TSLA,2026-05-08 04:21:40
US.TSLA260821C410000,TSLA 260821 410.00C,411.81,1049,4378672.0,CALL,2026-08-21,410.0,1900,45.949,0.573059823,0.003846858,-0.20837332,0.870368356,106,100.0,US.TSLA,41.55,46.0,38.3,35.925,0.004395230810325155,1546644647316.51,"成交额 $4,378,672 ≥ 阈值 $500,000 | 成交量 1,049 手",US.TSLA,2026-05-08 04:21:40
US.TSLA260513C395000,TSLA 260513 395.00C,411.81,2374,4367843.0,CALL,2026-05-13,395.0,635,41.147,0.796027936,0.013051939,-0.552299945,0.149397481,6,100.0,US.TSLA,16.85,23.0,13.16,11.2,0.04081979553677667,1546644647316.51,"成交额 $4,367,843 ≥ 阈值 $500,000 | 成交量 2,374 手",US.TSLA,2026-05-08 04:21:40
US.TSLA260508C392500,TSLA 260508 392.50C,411.81,2409,4364497.0,CALL,2026-05-08,392.5,4611,62.26,0.933169647,0.009708799,-0.88273594,0.027764018,1,100.0,US.TSLA,15.0,23.0,11.25,9.2232,0.04689055632451859,1546644647316.51,"成交额 $4,364,497 ≥ 阈值 $500,000 | 成交量 2,409 手",US.TSLA,2026-05-08 04:21:40
US.TSLA260515C387500,TSLA 260515 387.50C,411.81,1799,4341167.0,CALL,2026-05-15,387.5,1056,45.344,0.829384261,0.009181728,-0.472321055,0.154497903,8,100.0,US.TSLA,23.85,30.5,20.78,17.4261,0.059032077900002436,1546644647316.51,"成交额 $4,341,167 ≥ 阈值 $500,000 | 成交量 1,799 手",US.TSLA,2026-05-08 04:21:40
US.TSLA260605C410000,TSLA 260605 410.00C,411.81,2164,4334304.0,CALL,2026-06-05,410.0,1047,42.516,0.547933676,0.008027057,-0.360479138,0.459624828,29,100.0,US.TSLA,18.3,23.75,15.95,14.4,0.004395230810325155,1546644647316.51,"成交额 $4,334,304 ≥ 阈值 $500,000 | 成交量 2,164 手",US.TSLA,2026-05-08 04:21:40
US.TSLA260508P395000,TSLA 260508 395.00P,411.81,40820,4321124.0,PUT,2026-05-08,395.0,3054,56.102,-0.074434453,0.011704799,-0.82898752,0.030160284,1,100.0,US.TSLA,1.53,1.89,0.4,3.825,-0.04081979553677667,1546644647316.51,"成交额 $4,321,124 ≥ 阈值 $500,000 | 成交量 40,820 手",US.TSLA,2026-05-08 04:21:40
US.TSLA260618C390000,TSLA 260618 390.00C,411.81,1187,4310082.0,CALL,2026-06-18,390.0,6206,43.321,0.68154766,0.005898348,-0.282872651,0.498430801,42,100.0,US.TSLA,33.95,40.0,31.0,28.355,0.052961317112260514,1546644647316.51,"成交额 $4,310,082 ≥ 阈值 $500,000 | 成交量 1,187 手",US.TSLA,2026-05-08 04:21:40
US.TSLA260918C400000,TSLA 260918 400.00C,411.81,823,4306640.0,CALL,2026-09-18,400.0,5967,46.174,0.614693292,0.00331882,-0.184594584,0.953915457,134,100.0,US.TSLA,50.85,56.81,48.2,45.8929,0.028678273961292834,1546644647316.51,"成交额 $4,306,640 ≥ 阈值 $500,000 | 成交量 823 手",US.TSLA,2026-05-08 04:21:40
US.TSLA260821C400000,TSLA 260821 400.00C,411.81,901,4300164.0,CALL,2026-08-21,400.0,4866,46.016,0.611734291,0.003752691,-0.205377701,0.850298462,106,100.0,US.TSLA,45.45,51.0,43.4,40.384,0.028678273961292834,1546644647316.51,"成交额 $4,300,164 ≥ 阈值 $500,000 | 成交量 901 手",US.TSLA,2026-05-08 04:21:40
US.TSLA260508P422500,TSLA 260508 422.50P,411.81,3293,4285377.0,PUT,2026-05-08,422.5,51,55.275,-0.809393701,0.023004179,-1.604427212,0.058251641,1,100.0,US.TSLA,15.0,19.9,9.5,24.2441,0.025958573128384444,1546644647316.51,"成交额 $4,285,377 ≥ 阈值 $500,000 | 成交量 3,293 手",US.TSLA,2026-05-08 04:21:40
US.TSLA260605C420000,TSLA 260605 420.00C,411.81,2798,4251995.0,CALL,2026-06-05,420.0,920,42.435,0.467699446,0.008074311,-0.358236114,0.46145032,29,100.0,US.TSLA,14.1,18.65,12.17,10.925,-0.019887812340642522,1546644647316.51,"成交额 $4,251,995 ≥ 阈值 $500,000 | 成交量 2,798 手",US.TSLA,2026-05-08 04:21:40
US.TSLA260508C430000,TSLA 260508 430.00C,411.81,54319,4238732.0,CALL,2026-05-08,430.0,9879,58.92,0.081884464,0.011981505,-0.943243251,0.032424481,1,100.0,US.TSLA,0.56,1.6,0.13,0.24,-0.044170855491610206,1546644647316.51,"成交额 $4,238,732 ≥ 阈值 $500,000 | 成交量 54,319 手",US.TSLA,2026-05-08 04:21:40
US.TSLA260511C397500,TSLA 260511 397.50C,411.81,3418,4189062.0,CALL,2026-05-11,397.5,844,37.647,0.82309673,0.016015325,-0.564358486,0.111704732,4,100.0,US.TSLA,13.1,20.0,9.35,7.75,0.034749034749034756,1546644647316.51,"成交额 $4,189,062 ≥ 阈值 $500,000 | 成交量 3,418 手",US.TSLA,2026-05-08 04:21:40
US.TSLA260515P427500,TSLA 260515 427.50P,411.81,1957,4172349.0,PUT,2026-05-15,427.5,1,45.283,-0.697262955,0.012732185,-0.588648226,0.212479705,8,100.0,US.TSLA,20.44,26.22,19.65,30.9879,0.038100094703868284,1546644647316.51,"成交额 $4,172,349 ≥ 阈值 $500,000 | 成交量 1,957 手",US.TSLA,2026-05-08 04:21:40
US.TSLA260511P400000,TSLA 260511 400.00P,411.81,11694,4097112.0,PUT,2026-05-11,400.0,1191,37.98,-0.223296912,0.018269701,-0.621279136,0.128513873,4,100.0,US.TSLA,3.9,5.27,2.0,7.6002,-0.028678273961292834,1546644647316.51,"成交额 $4,097,112 ≥ 阈值 $500,000 | 成交量 11,694 手",US.TSLA,2026-05-08 04:21:40
US.TSLA260511P405000,TSLA 260511 405.00P,411.81,7436,4096944.0,PUT,2026-05-11,405.0,457,37.792,-0.326304393,0.022171377,-0.764774511,0.155154325,4,100.0,US.TSLA,6.85,7.8,3.1,10.6015,-0.016536752385808994,1546644647316.51,"成交额 $4,096,944 ≥ 阈值 $500,000 | 成交量 7,436 手",US.TSLA,2026-05-08 04:21:40
US.TSLA260515P405000,TSLA 260515 405.00P,411.81,4439,4065722.0,PUT,2026-05-15,405.0,3378,43.991,-0.382325601,0.014248114,-0.644456616,0.232328984,8,100.0,US.TSLA,8.75,11.65,6.45,14.0039,-0.016536752385808994,1546644647316.51,"成交额 $4,065,722 ≥ 阈值 $500,000 | 成交量 4,439 手",US.TSLA,2026-05-08 04:21:40
US.TSLA260515P440000,TSLA 260515 440.00P,411.81,1173,3919473.0,PUT,2026-05-15,440.0,2203,47.171,-0.818583736,0.009324703,-0.443920397,0.16028958,8,100.0,US.TSLA,33.61,38.95,27.81,42.3139,0.06845389864257788,1546644647316.51,"成交额 $3,919,473 ≥ 阈值 $500,000 | 成交量 1,173 手",US.TSLA,2026-05-08 04:21:40
US.TSLA260618P410000,TSLA 260618 410.00P,411.81,1686,3885332.0,PUT,2026-06-18,410.0,3142,42.317,-0.449565369,0.006738452,-0.261936323,0.552088702,42,100.0,US.TSLA,23.9,26.25,20.85,28.2138,-0.004395230810325155,1546644647316.51,"成交额 $3,885,332 ≥ 阈值 $500,000 | 成交量 1,686 手",US.TSLA,2026-05-08 04:21:40
US.TSLA260515C397500,TSLA 260515 397.50C,411.81,2294,3878585.0,CALL,2026-05-15,397.5,1215,44.578,0.719247389,0.012411143,-0.614181729,0.205327726,8,100.0,US.TSLA,16.7,22.4,13.6,11.5003,0.034749034749034756,1546644647316.51,"成交额 $3,878,585 ≥ 阈值 $500,000 | 成交量 2,294 手",US.TSLA,2026-05-08 04:21:40
US.TSLA260513C415000,TSLA 260513 415.00C,411.81,5261,3870071.0,CALL,2026-05-13,415.0,442,43.235,0.4594914,0.017403145,-0.807514227,0.209343045,6,100.0,US.TSLA,6.1,10.05,4.2,3.6,-0.007746290765158684,1546644647316.51,"成交额 $3,870,071 ≥ 阈值 $500,000 | 成交量 5,261 手",US.TSLA,2026-05-08 04:21:40
US.TSLA260522C415000,TSLA 260522 415.00C,411.81,3171,3810280.0,CALL,2026-05-22,415.0,1055,43.456,0.4891751,0.010997228,-0.509494206,0.332783203,15,100.0,US.TSLA,12.4,15.6,8.9,7.9,-0.007746290765158684,1546644647316.51,"成交额 $3,810,280 ≥ 阈值 $500,000 | 成交量 3,171 手",US.TSLA,2026-05-08 04:21:40
US.TSLA260515C422500,TSLA 260515 422.50C,411.81,5768,3796085.0,CALL,2026-05-15,422.5,782,45.326,0.367885067,0.013647616,-0.684015636,0.229581042,8,100.0,US.TSLA,5.55,8.3,3.75,3.3,-0.025958573128384444,1546644647316.51,"成交额 $3,796,085 ≥ 阈值 $500,000 | 成交量 5,768 手",US.TSLA,2026-05-08 04:21:40
US.TSLA260821C420000,TSLA 260821 420.00C,411.81,987,3744077.0,CALL,2026-08-21,420.0,17430,45.87,0.534493603,0.003904751,-0.209421981,0.881944437,106,100.0,US.TSLA,36.97,41.55,33.7,31.95,-0.019887812340642522,1546644647316.51,"成交额 $3,744,077 ≥ 阈值 $500,000 | 成交量 987 手",US.TSLA,2026-05-08 04:21:40
US.TSLA260717C450000,TSLA 260717 450.00C,411.81,2055,3634775.0,CALL,2026-07-17,450.0,8864,44.181,0.373885867,0.004721584,-0.228203962,0.687954073,71,100.0,US.TSLA,17.25,20.5,15.22,14.075,-0.09273694179354557,1546644647316.51,"成交额 $3,634,775 ≥ 阈值 $500,000 | 成交量 2,055 手",US.TSLA,2026-05-08 04:21:40
US.TSLA260511C417500,TSLA 260511 417.50C,411.81,9166,3625511.0,CALL,2026-05-11,417.5,449,38.206,0.376439683,0.023083536,-0.846140045,0.163424019,4,100.0,US.TSLA,3.44,6.48,1.8,1.67,-0.013817051552900604,1546644647316.51,"成交额 $3,625,511 ≥ 阈值 $500,000 | 成交量 9,166 手",US.TSLA,2026-05-08 04:21:40
US.TSLA260612C420000,TSLA 260612 420.00C,411.81,2238,3606940.0,CALL,2026-06-12,420.0,236,42.459,0.478295804,0.007255621,-0.32374661,0.51508327,36,100.0,US.TSLA,17.3,21.0,14.65,13.175,-0.019887812340642522,1546644647316.51,"成交额 $3,606,940 ≥ 阈值 $500,000 | 成交量 2,238 手",US.TSLA,2026-05-08 04:21:40
US.TSLA260529C410000,TSLA 260529 410.00C,411.81,1988,3427921.0,CALL,2026-05-29,410.0,1620,41.996,0.54582396,0.009336602,-0.407628909,0.400554247,22,100.0,US.TSLA,16.64,20.91,13.25,11.925,0.004395230810325155,1546644647316.51,"成交额 $3,427,921 ≥ 阈值 $500,000 | 成交量 1,988 手",US.TSLA,2026-05-08 04:21:40
US.TSLA261016C350000,TSLA 261016 350.00C,411.81,389,3344943.0,CALL,2026-10-16,350.0,829,47.897,0.764173104,0.00234328,-0.147602283,0.844598312,162,100.0,US.TSLA,87.65,87.65,82.85,78.8069,0.15009348971613123,1546644647316.51,"成交额 $3,344,943 ≥ 阈值 $500,000 | 成交量 389 手",US.TSLA,2026-05-08 04:21:40
US.TSLA260529C450000,TSLA 260529 450.00C,411.81,6607,3335302.0,CALL,2026-05-29,450.0,17222,43.54,0.224728947,0.006810413,-0.30956138,0.302878445,22,100.0,US.TSLA,4.4,6.6,3.52,3.225,-0.09273694179354557,1546644647316.51,"成交额 $3,335,302 ≥ 阈值 $500,000 | 成交量 6,607 手",US.TSLA,2026-05-08 04:21:40
US.TSLA260508P397500,TSLA 260508 397.50P,411.81,23069,3334599.0,PUT,2026-05-08,397.5,2411,54.699,-0.104158648,0.015420449,-1.051476268,0.038739644,1,100.0,US.TSLA,2.0,2.6,0.58,4.925,-0.034749034749034756,1546644647316.51,"成交额 $3,334,599 ≥ 阈值 $500,000 | 成交量 23,069 手",US.TSLA,2026-05-08 04:21:40
US.TSLA260508C372500,TSLA 260508 372.50C,411.81,795,3114099.0,CALL,2026-05-08,372.5,862,99.125,0.975658947,0.002690043,-0.606313535,0.01224917,1,100.0,US.TSLA,37.4,42.55,31.75,26.6004,0.09545664262645395,1546644647316.51,"成交额 $3,114,099 ≥ 阈值 $500,000 | 成交量 795 手",US.TSLA,2026-05-08 04:21:40
US.TSLA260515P412500,TSLA 260515 412.50P,411.81,2525,3096280.0,PUT,2026-05-15,412.5,198,44.11,-0.493147901,0.014871114,-0.673468403,0.242917474,8,100.0,US.TSLA,12.2,16.28,9.5,18.9866,0.0016755299774167643,1546644647316.51,"成交额 $3,096,280 ≥ 阈值 $500,000 | 成交量 2,525 手",US.TSLA,2026-05-08 04:21:40
US.TSLA260513C420000,TSLA 260513 420.00C,411.81,5513,3065260.0,CALL,2026-05-13,420.0,1323,43.742,0.376898796,0.016460824,-0.775218659,0.200324515,6,100.0,US.TSLA,4.55,7.77,3.04,2.64,-0.019887812340642522,1546644647316.51,"成交额 $3,065,260 ≥ 阈值 $500,000 | 成交量 5,513 手",US.TSLA,2026-05-08 04:21:40
US.TSLA260515C435000,TSLA 260515 435.00C,411.81,8959,3028258.0,CALL,2026-05-15,435.0,7646,46.838,0.228094041,0.010591882,-0.554645888,0.184104125,8,100.0,US.TSLA,2.85,4.75,1.86,1.73,-0.05631237706709404,1546644647316.51,"成交额 $3,028,258 ≥ 阈值 $500,000 | 成交量 8,959 手",US.TSLA,2026-05-08 04:21:40
US.TSLA260522C405000,TSLA 260522 405.00C,411.81,1899,2988588.0,CALL,2026-05-22,405.0,2063,43.355,0.598791537,0.010687172,-0.497283691,0.322642369,15,100.0,US.TSLA,15.95,21.15,12.89,11.475,0.016536752385808994,1546644647316.51,"成交额 $2,988,588 ≥ 阈值 $500,000 | 成交量 1,899 手",US.TSLA,2026-05-08 04:21:40
US.TSLA260513C405000,TSLA 260513 405.00C,411.81,2675,2880193.0,CALL,2026-05-13,405.0,1154,42.515,0.634397106,0.016770377,-0.758106235,0.198367475,6,100.0,US.TSLA,11.16,15.9,7.65,6.475,0.016536752385808994,1546644647316.51,"成交额 $2,880,193 ≥ 阈值 $500,000 | 成交量 2,675 手",US.TSLA,2026-05-08 04:21:40
US.TSLA260529C415000,TSLA 260529 415.00C,411.81,1838,2845201.0,CALL,2026-05-29,415.0,2735,41.999,0.499015426,0.00939791,-0.408504249,0.403216035,22,100.0,US.TSLA,14.4,18.26,11.42,10.175,-0.007746290765158684,1546644647316.51,"成交额 $2,845,201 ≥ 阈值 $500,000 | 成交量 1,838 手",US.TSLA,2026-05-08 04:21:40
US.TSLA260717C415000,TSLA 260717 415.00C,411.81,947,2810031.0,CALL,2026-07-17,415.0,682,43.791,0.537082042,0.00499475,-0.24224766,0.721360339,71,100.0,US.TSLA,29.6,33.7,26.45,24.7,-0.007746290765158684,1546644647316.51,"成交额 $2,810,031 ≥ 阈值 $500,000 | 成交量 947 手",US.TSLA,2026-05-08 04:21:40
US.TSLA260717C440000,TSLA 260717 440.00C,411.81,1359,2781676.0,CALL,2026-07-17,440.0,4377,43.956,0.417501268,0.004890319,-0.235187227,0.708928966,71,100.0,US.TSLA,19.65,23.94,17.87,16.55,-0.06845389864257788,1546644647316.51,"成交额 $2,781,676 ≥ 阈值 $500,000 | 成交量 1,359 手",US.TSLA,2026-05-08 04:21:40
US.TSLA260513P420000,TSLA 260513 420.00P,411.81,1774,2686332.0,PUT,2026-05-13,420.0,3,43.643,-0.624091634,0.016536238,-0.733170885,0.200056965,6,100.0,US.TSLA,14.19,18.17,12.07,23.7258,0.019887812340642522,1546644647316.51,"成交额 $2,686,332 ≥ 阈值 $500,000 | 成交量 1,774 手",US.TSLA,2026-05-08 04:21:40
US.TSLA260529C430000,TSLA 260529 430.00C,411.81,2771,2668574.0,CALL,2026-05-29,430.0,1966,42.389,0.365888366,0.008780314,-0.383990233,0.380197895,22,100.0,US.TSLA,8.55,12.0,6.9,6.2,-0.044170855491610206,1546644647316.51,"成交额 $2,668,574 ≥ 阈值 $500,000 | 成交量 2,771 手",US.TSLA,2026-05-08 04:21:40
US.TSLA261016C340000,TSLA 261016 340.00C,411.81,281,2659528.0,CALL,2026-10-16,340.0,392,48.197,0.790334204,0.002177679,-0.140602877,0.789816011,162,100.0,US.TSLA,93.7,95.85,93.36,85.4239,0.17437653286709892,1546644647316.51,"成交额 $2,659,528 ≥ 阈值 $500,000 | 成交量 281 手",US.TSLA,2026-05-08 04:21:40
US.TSLA260515C350000,TSLA 260515 350.00C,411.81,448,2644705.0,CALL,2026-05-15,350.0,3255,58.664,0.972939445,0.001747338,-0.162153137,0.038047693,8,100.0,US.TSLA,59.08,65.1,55.55,49.673,0.15009348971613123,1546644647316.51,"成交额 $2,644,705 ≥ 阈值 $500,000 | 成交量 448 手",US.TSLA,2026-05-08 04:21:40
US.TSLA260511P407500,TSLA 260511 407.50P,411.81,4188,2597151.0,PUT,2026-05-11,407.5,74,37.645,-0.383892111,0.023585512,-0.812104823,0.164373939,4,100.0,US.TSLA,6.15,9.34,3.8,12.3025,-0.010465991598067076,1546644647316.51,"成交额 $2,597,151 ≥ 阈值 $500,000 | 成交量 4,188 手",US.TSLA,2026-05-08 04:21:40
US.TSLA260821C500000,TSLA 260821 500.00C,411.81,1711,2574836.0,CALL,2026-08-21,500.0,8966,47.244,0.276424532,0.003190878,-0.175392524,0.74223076,106,100.0,US.TSLA,14.8,17.2,13.3,12.375,-0.21415215754838396,1546644647316.51,"成交额 $2,574,836 ≥ 阈值 $500,000 | 成交量 1,711 手",US.TSLA,2026-05-08 04:21:40
US.TSLA260515C450000,TSLA 260515 450.00C,411.81,16090,2562801.0,CALL,2026-05-15,450.0,18326,49.221,0.120764911,0.006700951,-0.374896225,0.122394737,8,100.0,US.TSLA,1.31,2.37,0.86,0.85,-0.09273694179354557,1546644647316.51,"成交额 $2,562,801 ≥ 阈值 $500,000 | 成交量 16,090 手",US.TSLA,2026-05-08 04:21:40
US.TSLA260821C450000,TSLA 260821 450.00C,411.81,930,2543160.0,CALL,2026-08-21,450.0,5861,46.166,0.424764968,0.003824768,-0.204461653,0.869447098,106,100.0,US.TSLA,25.6,29.85,23.85,22.25,-0.09273694179354557,1546644647316.51,"成交额 $2,543,160 ≥ 阈值 $500,000 | 成交量 930 手",US.TSLA,2026-05-08 04:21:40
US.TSLA260508C427500,TSLA 260508 427.50C,411.81,23880,2540253.0,CALL,2026-05-08,427.5,2503,57.672,0.109531017,0.015165869,-1.157624659,0.040172525,1,100.0,US.TSLA,0.73,2.0,0.17,0.305,-0.038100094703868284,1546644647316.51,"成交额 $2,540,253 ≥ 阈值 $500,000 | 成交量 23,880 手",US.TSLA,2026-05-08 04:21:40
US.TSLA260918C390000,TSLA 260918 390.00C,411.81,432,2513829.0,CALL,2026-09-18,390.0,1713,46.355,0.648647588,0.003207072,-0.181162048,0.925410691,134,100.0,US.TSLA,56.0,62.0,53.05,50.7204,0.052961317112260514,1546644647316.51,"成交额 $2,513,829 ≥ 阈值 $500,000 | 成交量 432 手",US.TSLA,2026-05-08 04:21:40
US.TSLA260513C407500,TSLA 260513 407.50C,411.81,2374,2509089.0,CALL,2026-05-13,407.5,660,42.167,0.591720745,0.017460079,-0.776154096,0.204841021,6,100.0,US.TSLA,9.2,14.02,6.65,5.625,0.010465991598067076,1546644647316.51,"成交额 $2,509,089 ≥ 阈值 $500,000 | 成交量 2,374 手",US.TSLA,2026-05-08 04:21:40
US.TSLA260515P430000,TSLA 260515 430.00P,411.81,1040,2505464.0,PUT,2026-05-15,430.0,4172,45.601,-0.725561484,0.012087807,-0.561950381,0.202838503,8,100.0,US.TSLA,21.71,28.41,21.13,33.1786,0.044170855491610206,1546644647316.51,"成交额 $2,505,464 ≥ 阈值 $500,000 | 成交量 1,040 手",US.TSLA,2026-05-08 04:21:40
US.TSLA260511P425000,TSLA 260511 425.00P,411.81,1575,2478048.0,PUT,2026-05-11,425.0,16,40.082,-0.766182981,0.017884627,-0.650280122,0.131768097,4,100.0,US.TSLA,15.19,19.05,12.86,27.1449,0.03202933391612636,1546644647316.51,"成交额 $2,478,048 ≥ 阈值 $500,000 | 成交量 1,575 手",US.TSLA,2026-05-08 04:21:40
US.TSLA260522C407500,TSLA 260522 407.50C,411.81,1787,2470654.0,CALL,2026-05-22,407.5,294,42.819,0.5719489,0.010982931,-0.497646338,0.327475707,15,100.0,US.TSLA,16.0,19.54,12.0,10.475,0.010465991598067076,1546644647316.51,"成交额 $2,470,654 ≥ 阈值 $500,000 | 成交量 1,787 手",US.TSLA,2026-05-08 04:21:40
US.TSLA260522C400000,TSLA 260522 400.00C,411.81,1256,2454316.0,CALL,2026-05-22,400.0,2847,43.255,0.652586519,0.010233718,-0.476444137,0.308238814,15,100.0,US.TSLA,18.5,24.4,15.37,13.775,0.028678273961292834,1546644647316.51,"成交额 $2,454,316 ≥ 阈值 $500,000 | 成交量 1,256 手",US.TSLA,2026-05-08 04:21:40
US.TSLA260605C415000,TSLA 260605 415.00C,411.81,1466,2437123.0,CALL,2026-06-05,415.0,785,42.178,0.507370388,0.008149,-0.358731091,0.462891934,29,100.0,US.TSLA,16.94,21.05,14.0,12.55,-0.007746290765158684,1546644647316.51,"成交额 $2,437,123 ≥ 阈值 $500,000 | 成交量 1,466 手",US.TSLA,2026-05-08 04:21:40
US.TSLA260618C405000,TSLA 260618 405.00C,411.81,904,2425199.0,CALL,2026-06-18,405.0,2757,42.908,0.585444252,0.006503639,-0.301109657,0.544360861,42,100.0,US.TSLA,25.55,31.05,22.7,20.925,0.016536752385808994,1546644647316.51,"成交额 $2,425,199 ≥ 阈值 $500,000 | 成交量 904 手",US.TSLA,2026-05-08 04:21:40
US.TSLA260918P400000,TSLA 260918 400.00P,411.81,645,2411173.0,PUT,2026-09-18,400.0,5114,45.403,-0.388983983,0.003428451,-0.14587874,0.954669688,134,100.0,US.TSLA,36.0,40.0,35.5,41.4423,-0.028678273961292834,1546644647316.51,"成交额 $2,411,173 ≥ 阈值 $500,000 | 成交量 645 手",US.TSLA,2026-05-08 04:21:40
US.TSLA260821C440000,TSLA 260821 440.00C,411.81,767,2363976.0,CALL,2026-08-21,440.0,5227,46.043,0.46004608,0.00388506,-0.207572438,0.880802136,106,100.0,US.TSLA,28.7,33.3,26.76,25.15,-0.06845389864257788,1546644647316.51,"成交额 $2,363,976 ≥ 阈值 $500,000 | 成交量 767 手",US.TSLA,2026-05-08 04:21:40
US.TSLA260618C500000,TSLA 260618 500.00C,411.81,6038,2355994.0,CALL,2026-06-18,500.0,26083,46.702,0.131432764,0.003267821,-0.17001041,0.297655681,42,100.0,US.TSLA,3.55,4.7,2.94,2.755,-0.21415215754838396,1546644647316.51,"成交额 $2,355,994 ≥ 阈值 $500,000 | 成交量 6,038 手",US.TSLA,2026-05-08 04:21:40
US.TSLA260513C397500,TSLA 260513 397.50C,411.81,1432,2252991.0,CALL,2026-05-13,397.5,476,40.719,0.76259907,0.014387738,-0.596983604,0.162982319,6,100.0,US.TSLA,15.1,20.75,11.72,9.8251,0.034749034749034756,1546644647316.51,"成交额 $2,252,991 ≥ 阈值 $500,000 | 成交量 1,432 手",US.TSLA,2026-05-08 04:21:40
US.TSLA260618C440000,TSLA 260618 440.00C,411.81,1701,2252941.0,CALL,2026-06-18,440.0,8713,43.391,0.36387027,0.006195684,-0.285836314,0.524407387,42,100.0,US.TSLA,12.4,15.75,10.6,9.625,-0.06845389864257788,1546644647316.51,"成交额 $2,252,941 ≥ 阈值 $500,000 | 成交量 1,701 手",US.TSLA,2026-05-08 04:21:40
US.TSLA260508C375000,TSLA 260508 375.00C,411.81,618,2220148.0,CALL,2026-05-08,375.0,4494,93.503,0.974378064,0.002977076,-0.598975893,0.012787344,1,100.0,US.TSLA,33.93,40.54,28.0,24.1959,0.08938588183871203,1546644647316.51,"成交额 $2,220,148 ≥ 阈值 $500,000 | 成交量 618 手",US.TSLA,2026-05-08 04:21:40
US.TSLA260511C392500,TSLA 260511 392.50C,411.81,1224,2216218.0,CALL,2026-05-11,392.5,3223,39.105,0.88566916,0.011482799,-0.428853727,0.083189494,4,100.0,US.TSLA,17.05,23.1,12.8,10.6497,0.04689055632451859,1546644647316.51,"成交额 $2,216,218 ≥ 阈值 $500,000 | 成交量 1,224 手",US.TSLA,2026-05-08 04:21:40
US.TSLA260515P422500,TSLA 260515 422.50P,411.81,1172,2176593.0,PUT,2026-05-15,422.5,34,45.591,-0.632053353,0.01362247,-0.648377139,0.229449741,8,100.0,US.TSLA,19.3,23.18,16.21,26.7279,0.025958573128384444,1546644647316.51,"成交额 $2,176,593 ≥ 阈值 $500,000 | 成交量 1,172 手",US.TSLA,2026-05-08 04:21:40
US.TSLA260515C370000,TSLA 260515 370.00C,411.81,527,2116164.0,CALL,2026-05-15,370.0,3478,51.031,0.92864004,0.004383177,-0.290025377,0.083005704,8,100.0,US.TSLA,39.9,46.6,35.47,31.0834,0.10152740341419587,1546644647316.51,"成交额 $2,116,164 ≥ 阈值 $500,000 | 成交量 527 手",US.TSLA,2026-05-08 04:21:40
US.TSLA260515C417500,TSLA 260515 417.50C,411.81,2588,2074750.0,CALL,2026-05-15,417.5,962,44.891,0.435603473,0.014396878,-0.712459842,0.23986494,8,100.0,US.TSLA,6.4,10.65,5.0,4.3,-0.013817051552900604,1546644647316.51,"成交额 $2,074,750 ≥ 阈值 $500,000 | 成交量 2,588 手",US.TSLA,2026-05-08 04:21:40
US.TSLA260522C395000,TSLA 260522 395.00C,411.81,841,2069286.0,CALL,2026-05-22,395.0,1812,43.506,0.703065569,0.00953244,-0.451312052,0.288770181,15,100.0,US.TSLA,22.45,27.5,18.53,16.3265,0.04081979553677667,1546644647316.51,"成交额 $2,069,286 ≥ 阈值 $500,000 | 成交量 841 手",US.TSLA,2026-05-08 04:21:40
US.TSLA260508P440000,TSLA 260508 440.00P,411.81,649,2026792.0,PUT,2026-05-08,440.0,36,54.487,-0.992006414,0.002593041,-0.089452996,0.004573314,1,100.0,US.TSLA,28.25,37.12,25.35,41.3485,0.06845389864257788,1546644647316.51,"成交额 $2,026,792 ≥ 阈值 $500,000 | 成交量 649 手",US.TSLA,2026-05-08 04:21:40
US.TSLA260618C380000,TSLA 260618 380.00C,411.81,465,1970338.0,CALL,2026-06-18,380.0,6421,43.878,0.739709224,0.005295827,-0.263980034,0.453260048,42,100.0,US.TSLA,40.87,46.9,36.82,34.3142,0.07724436026322819,1546644647316.51,"成交额 $1,970,338 ≥ 阈值 $500,000 | 成交量 465 手",US.TSLA,2026-05-08 04:21:40
US.TSLA260918C455000,TSLA 260918 455.00C,411.81,672,1969571.0,CALL,2026-09-18,455.0,835,46.254,0.43323078,0.003408386,-0.184339033,0.981348808,134,100.0,US.TSLA,32.4,33.15,28.45,26.05,-0.1048784633690294,1546644647316.51,"成交额 $1,969,571 ≥ 阈值 $500,000 | 成交量 672 手",US.TSLA,2026-05-08 04:21:40
US.TSLA260618C460000,TSLA 260618 460.00C,411.81,2201,1957687.0,CALL,2026-06-18,460.0,4678,44.202,0.262546691,0.005280345,-0.250158665,0.455258232,42,100.0,US.TSLA,8.37,10.3,6.8,6.2,-0.11701998494451324,1546644647316.51,"成交额 $1,957,687 ≥ 阈值 $500,000 | 成交量 2,201 手",US.TSLA,2026-05-08 04:21:40
US.TSLA260918C410000,TSLA 260918 410.00C,411.81,399,1943258.0,CALL,2026-09-18,410.0,2622,46.154,0.580540734,0.003393584,-0.187236995,0.97498886,134,100.0,US.TSLA,48.0,51.85,44.0,41.4083,0.004395230810325155,1546644647316.51,"成交额 $1,943,258 ≥ 阈值 $500,000 | 成交量 399 手",US.TSLA,2026-05-08 04:21:40
US.TSLA260513C412500,TSLA 260513 412.50C,411.81,2287,1943148.0,CALL,2026-05-13,412.5,738,43.01,0.50284839,0.017584229,-0.809930073,0.21042433,6,100.0,US.TSLA,7.68,11.3,4.94,4.175,-0.0016755299774167643,1546644647316.51,"成交额 $1,943,148 ≥ 阈值 $500,000 | 成交量 2,287 手",US.TSLA,2026-05-08 04:21:40
US.TSLA260513P407500,TSLA 260513 407.50P,411.81,2230,1927664.0,PUT,2026-05-13,407.5,12,42.308,-0.408825308,0.01742523,-0.739204845,0.20486124,6,100.0,US.TSLA,8.55,11.6,6.0,14.2021,-0.010465991598067076,1546644647316.51,"成交额 $1,927,664 ≥ 阈值 $500,000 | 成交量 2,230 手",US.TSLA,2026-05-08 04:21:40
US.TSLA260518C410000,TSLA 260518 410.00C,411.81,1716,1916144.0,CALL,2026-05-18,410.0,930,40.622,0.544836419,0.013657812,-0.55719252,0.283242279,11,100.0,US.TSLA,12.0,15.3,8.42,7.225,0.004395230810325155,1546644647316.51,"成交额 $1,916,144 ≥ 阈值 $500,000 | 成交量 1,716 手",US.TSLA,2026-05-08 04:21:40
US.TSLA260508C435000,TSLA 260508 435.00C,411.81,33549,1911809.0,CALL,2026-05-08,435.0,4395,61.165,0.044246326,0.007132889,-0.589443717,0.020040424,1,100.0,US.TSLA,0.36,1.06,0.08,0.155,-0.05631237706709404,1546644647316.51,"成交额 $1,911,809 ≥ 阈值 $500,000 | 成交量 33,549 手",US.TSLA,2026-05-08 04:21:40
US.TSLA260508P450000,TSLA 260508 450.00P,411.81,452,1868059.0,PUT,2026-05-08,450.0,2,93.123,-0.964953019,0.003961768,-0.697621286,0.016548365,1,100.0,US.TSLA,38.1,45.16,37.0,51.3118,0.09273694179354557,1546644647316.51,"成交额 $1,868,059 ≥ 阈值 $500,000 | 成交量 452 手",US.TSLA,2026-05-08 04:21:40
US.TSLA260618C470000,TSLA 260618 470.00C,411.81,2602,1847006.0,CALL,2026-06-18,470.0,3165,44.686,0.22097875,0.004756172,-0.229239499,0.414543289,42,100.0,US.TSLA,6.35,8.51,5.44,5.0,-0.14130302809548093,1546644647316.51,"成交额 $1,847,006 ≥ 阈值 $500,000 | 成交量 2,602 手",US.TSLA,2026-05-08 04:21:40
US.TSLA260821P410000,TSLA 260821 410.00P,411.81,462,1809344.0,PUT,2026-08-21,410.0,955,45.22,-0.430925711,0.003966423,-0.168355911,0.87020049,106,100.0,US.TSLA,39.0,41.0,36.0,42.6588,-0.004395230810325155,1546644647316.51,"成交额 $1,809,344 ≥ 阈值 $500,000 | 成交量 462 手",US.TSLA,2026-05-08 04:21:40
US.TSLA260515C375000,TSLA 260515 375.00C,411.81,505,1795094.0,CALL,2026-05-15,375.0,6633,48.445,0.91193357,0.005414001,-0.321733789,0.097328711,8,100.0,US.TSLA,34.38,42.0,29.82,26.8364,0.08938588183871203,1546644647316.51,"成交额 $1,795,094 ≥ 阈值 $500,000 | 成交量 505 手",US.TSLA,2026-05-08 04:21:40
US.TSLA260508C377500,TSLA 260508 377.50C,411.81,559,1771491.0,CALL,2026-05-08,377.5,1133,91.361,0.968149925,0.00365134,-0.701269622,0.015323815,1,100.0,US.TSLA,31.25,37.0,26.9,21.8163,0.08331512105097011,1546644647316.51,"成交额 $1,771,491 ≥ 阈值 $500,000 | 成交量 559 手",US.TSLA,2026-05-08 04:21:40
US.TSLA260515P390000,TSLA 260515 390.00P,411.81,4484,1743872.0,PUT,2026-05-15,390.0,6945,44.796,-0.193521569,0.010059149,-0.465821623,0.167144037,8,100.0,US.TSLA,3.9,5.25,2.7,6.7,-0.052961317112260514,1546644647316.51,"成交额 $1,743,872 ≥ 阈值 $500,000 | 成交量 4,484 手",US.TSLA,2026-05-08 04:21:40
US.TSLA260511C380000,TSLA 260511 380.00C,411.81,640,1743683.0,CALL,2026-05-11,380.0,342,35.923,0.984951119,0.002455776,-0.094186061,0.016363716,4,100.0,US.TSLA,30.41,33.55,25.0,20.2664,0.07724436026322819,1546644647316.51,"成交额 $1,743,683 ≥ 阈值 $500,000 | 成交量 640 手",US.TSLA,2026-05-08 04:21:40
US.TSLA260821C600000,TSLA 260821 600.00C,411.81,3044,1732403.0,CALL,2026-08-21,600.0,9873,50.593,0.114003229,0.00171825,-0.106062473,0.427991975,106,100.0,US.TSLA,5.25,6.16,4.81,4.375,-0.4569825890580608,1546644647316.51,"成交额 $1,732,403 ≥ 阈值 $500,000 | 成交量 3,044 手",US.TSLA,2026-05-08 04:21:40
US.TSLA260605C400000,TSLA 260605 400.00C,411.81,685,1730476.0,CALL,2026-06-05,400.0,1492,42.414,0.628174174,0.007682935,-0.346971541,0.438857087,29,100.0,US.TSLA,23.55,29.35,20.85,18.8122,0.028678273961292834,1546644647316.51,"成交额 $1,730,476 ≥ 阈值 $500,000 | 成交量 685 手",US.TSLA,2026-05-08 04:21:40
US.TSLA260515C437500,TSLA 260515 437.50C,411.81,5519,1724832.0,CALL,2026-05-15,437.5,89,47.069,0.205129113,0.009912152,-0.521449249,0.173135755,8,100.0,US.TSLA,2.0,4.2,1.64,1.525,-0.062383137854835964,1546644647316.51,"成交额 $1,724,832 ≥ 阈值 $500,000 | 成交量 5,519 手",US.TSLA,2026-05-08 04:21:40
US.TSLA260618C445000,TSLA 260618 445.00C,411.81,1389,1714669.0,CALL,2026-06-18,445.0,7439,43.593,0.336417317,0.005993408,-0.278287179,0.50963756,42,100.0,US.TSLA,10.9,14.25,9.55,8.65,-0.08059542021806172,1546644647316.51,"成交额 $1,714,669 ≥ 阈值 $500,000 | 成交量 1,389 手",US.TSLA,2026-05-08 04:21:40
US.TSLA260529C390000,TSLA 260529 390.00C,411.81,580,1707354.0,CALL,2026-05-29,390.0,1423,42.518,0.723807443,0.007781,-0.356359876,0.337941251,22,100.0,US.TSLA,28.55,33.52,24.05,21.5745,0.052961317112260514,1546644647316.51,"成交额 $1,707,354 ≥ 阈值 $500,000 | 成交量 580 手",US.TSLA,2026-05-08 04:21:40
US.TSLA260522C425000,TSLA 260522 425.00C,411.81,1878,1687213.0,CALL,2026-05-22,425.0,1559,43.633,0.383630955,0.010487219,-0.485539917,0.31863169,15,100.0,US.TSLA,7.7,11.05,6.0,5.35,-0.03202933391612636,1546644647316.51,"成交额 $1,687,213 ≥ 阈值 $500,000 | 成交量 1,878 手",US.TSLA,2026-05-08 04:21:40
US.TSLA260515C385000,TSLA 260515 385.00C,411.81,596,1656218.0,CALL,2026-05-15,385.0,3116,45.985,0.849562947,0.008338904,-0.44168192,0.142296348,8,100.0,US.TSLA,25.85,33.0,21.9,19.1505,0.06510283868774436,1546644647316.51,"成交额 $1,656,218 ≥ 阈值 $500,000 | 成交量 596 手",US.TSLA,2026-05-08 04:21:40
US.TSLA260515P395000,TSLA 260515 395.00P,411.81,3254,1653384.0,PUT,2026-05-15,395.0,4079,44.425,-0.248958186,0.011721112,-0.537630446,0.193116201,8,100.0,US.TSLA,5.5,6.95,3.65,8.75,-0.04081979553677667,1546644647316.51,"成交额 $1,653,384 ≥ 阈值 $500,000 | 成交量 3,254 手",US.TSLA,2026-05-08 04:21:40
US.TSLA260513P400000,TSLA 260513 400.00P,411.81,3178,1641802.0,PUT,2026-05-13,400.0,392,42.36,-0.283338853,0.015159479,-0.640349046,0.178535518,6,100.0,US.TSLA,5.0,7.5,3.55,9.7001,-0.028678273961292834,1546644647316.51,"成交额 $1,641,802 ≥ 阈值 $500,000 | 成交量 3,178 手",US.TSLA,2026-05-08 04:21:40
US.TSLA260605C390000,TSLA 260605 390.00C,411.81,544,1640510.0,CALL,2026-06-05,390.0,4540,42.893,0.703384057,0.006948952,-0.324787544,0.401394818,29,100.0,US.TSLA,29.65,35.0,27.25,24.0852,0.052961317112260514,1546644647316.51,"成交额 $1,640,510 ≥ 阈值 $500,000 | 成交量 544 手",US.TSLA,2026-05-08 04:21:40
US.TSLA260513C390000,TSLA 260513 390.00C,411.81,809,1630573.0,CALL,2026-05-13,390.0,304,43.251,0.84609313,0.01039609,-0.484174759,0.125080575,6,100.0,US.TSLA,23.0,26.0,16.5,14.2243,0.052961317112260514,1546644647316.51,"成交额 $1,630,573 ≥ 阈值 $500,000 | 成交量 809 手",US.TSLA,2026-05-08 04:21:40
US.TSLA260618C370000,TSLA 260618 370.00C,411.81,323,1612279.0,CALL,2026-06-18,370.0,4856,44.462,0.79184064,0.00461696,-0.240179105,0.400397053,42,100.0,US.TSLA,50.2,54.3,44.83,40.992,0.10152740341419587,1546644647316.51,"成交额 $1,612,279 ≥ 阈值 $500,000 | 成交量 323 手",US.TSLA,2026-05-08 04:21:40
US.TSLA260522P400000,TSLA 260522 400.00P,411.81,1587,1563193.0,PUT,2026-05-22,400.0,827,42.851,-0.346860072,0.010339479,-0.43315534,0.307947061,15,100.0,US.TSLA,9.97,12.3,7.9,14.3256,-0.028678273961292834,1546644647316.51,"成交额 $1,563,193 ≥ 阈值 $500,000 | 成交量 1,587 手",US.TSLA,2026-05-08 04:21:40
US.TSLA260515C440000,TSLA 260515 440.00C,411.81,6083,1538182.0,CALL,2026-05-15,440.0,9028,47.456,0.184776566,0.009225886,-0.490748936,0.162472243,8,100.0,US.TSLA,2.2,3.8,1.44,1.345,-0.06845389864257788,1546644647316.51,"成交额 $1,538,182 ≥ 阈值 $500,000 | 成交量 6,083 手",US.TSLA,2026-05-08 04:21:40
US.TSLA260511C385000,TSLA 260511 385.00C,411.81,669,1535582.0,CALL,2026-05-11,385.0,908,42.786,0.937640724,0.006665489,-0.292788979,0.052840606,4,100.0,US.TSLA,25.0,30.14,20.6,16.0931,0.06510283868774436,1546644647316.51,"成交额 $1,535,582 ≥ 阈值 $500,000 | 成交量 669 手",US.TSLA,2026-05-08 04:21:40
US.TSLA260918C460000,TSLA 260918 460.00C,411.81,536,1531790.0,CALL,2026-09-18,460.0,3368,46.36,0.418381021,0.003376575,-0.183053072,0.974412737,134,100.0,US.TSLA,28.89,31.37,27.69,24.725,-0.11701998494451324,1546644647316.51,"成交额 $1,531,790 ≥ 阈值 $500,000 | 成交量 536 手",US.TSLA,2026-05-08 04:21:40
US.TSLA260821C460000,TSLA 260821 460.00C,411.81,624,1495512.0,CALL,2026-08-21,460.0,2286,46.27,0.39093528,0.003739363,-0.199936214,0.851933704,106,100.0,US.TSLA,22.75,26.0,21.3,19.825,-0.11701998494451324,1546644647316.51,"成交额 $1,495,512 ≥ 阈值 $500,000 | 成交量 624 手",US.TSLA,2026-05-08 04:21:40
US.TSLA260515P402500,TSLA 260515 402.50P,411.81,1880,1479411.0,PUT,2026-05-15,402.5,382,44.089,-0.346834898,0.013755947,-0.624813011,0.224844847,8,100.0,US.TSLA,8.15,10.25,5.8,12.5271,-0.022607513173550916,1546644647316.51,"成交额 $1,479,411 ≥ 阈值 $500,000 | 成交量 1,880 手",US.TSLA,2026-05-08 04:21:40
US.TSLA260918C600000,TSLA 260918 600.00C,411.81,1864,1469547.0,CALL,2026-09-18,600.0,7020,49.685,0.145616022,0.001843894,-0.110785069,0.570191937,134,100.0,US.TSLA,7.35,8.95,6.95,6.4516,-0.4569825890580608,1546644647316.51,"成交额 $1,469,547 ≥ 阈值 $500,000 | 成交量 1,864 手",US.TSLA,2026-05-08 04:21:40
US.TSLA260717P415000,TSLA 260717 415.00P,411.81,450,1457123.0,PUT,2026-07-17,415.0,9,43.202,-0.466459316,0.005122916,-0.201278978,0.720596191,71,100.0,US.TSLA,33.12,35.85,30.31,37.9509,0.007746290765158684,1546644647316.51,"成交额 $1,457,123 ≥ 阈值 $500,000 | 成交量 450 手",US.TSLA,2026-05-08 04:21:40
US.TSLA260605C405000,TSLA 260605 405.00C,411.81,681,1451570.0,CALL,2026-06-05,405.0,394,42.249,0.588427018,0.007935874,-0.353788004,0.451547713,29,100.0,US.TSLA,20.75,26.02,18.4,16.525,0.016536752385808994,1546644647316.51,"成交额 $1,451,570 ≥ 阈值 $500,000 | 成交量 681 手",US.TSLA,2026-05-08 04:21:40
US.TSLA260821P330000,TSLA 260821 330.00P,411.81,1441,1447175.0,PUT,2026-08-21,330.0,3138,47.809,-0.152533201,0.002227069,-0.111755633,0.522889517,106,100.0,US.TSLA,9.91,10.72,9.31,11.4,-0.19865957601806658,1546644647316.51,"成交额 $1,447,175 ≥ 阈值 $500,000 | 成交量 1,441 手",US.TSLA,2026-05-08 04:21:40
US.TSLA260529C395000,TSLA 260529 395.00C,411.81,569,1444842.0,CALL,2026-05-29,395.0,1258,42.301,0.682253225,0.008339384,-0.375482546,0.360354111,22,100.0,US.TSLA,22.4,30.0,20.8,18.7754,0.04081979553677667,1546644647316.51,"成交额 $1,444,842 ≥ 阈值 $500,000 | 成交量 569 手",US.TSLA,2026-05-08 04:21:40
US.TSLA260518C420000,TSLA 260518 420.00C,411.81,1800,1427002.0,CALL,2026-05-18,420.0,379,41.729,0.4124359,0.013056739,-0.555801476,0.278145663,11,100.0,US.TSLA,7.34,10.5,5.1,4.55,-0.019887812340642522,1546644647316.51,"成交额 $1,427,002 ≥ 阈值 $500,000 | 成交量 1,800 手",US.TSLA,2026-05-08 04:21:40
US.TSLA260515C345000,TSLA 260515 345.00C,411.81,218,1398661.0,CALL,2026-05-15,345.0,726,68.48,0.964486522,0.001874399,-0.223385103,0.047639992,8,100.0,US.TSLA,63.98,71.95,61.0,54.5337,0.16223501129161508,1546644647316.51,"成交额 $1,398,661 ≥ 阈值 $500,000 | 成交量 218 手",US.TSLA,2026-05-08 04:21:40
US.TSLA260618C425000,TSLA 260618 425.00C,411.81,756,1385653.0,CALL,2026-06-18,425.0,9090,43.079,0.454488572,0.006587194,-0.302406923,0.5535581,42,100.0,US.TSLA,16.89,21.24,14.9,13.475,-0.03202933391612636,1546644647316.51,"成交额 $1,385,653 ≥ 阈值 $500,000 | 成交量 756 手",US.TSLA,2026-05-08 04:21:40
US.TSLA260918C450000,TSLA 260918 450.00C,411.81,416,1351665.0,CALL,2026-09-18,450.0,5210,46.231,0.448705024,0.003430042,-0.185727859,0.987087872,134,100.0,US.TSLA,31.94,35.35,29.56,27.4281,-0.09273694179354557,1546644647316.51,"成交额 $1,351,665 ≥ 阈值 $500,000 | 成交量 416 手",US.TSLA,2026-05-08 04:21:40
US.TSLA260618C480000,TSLA 260618 480.00C,411.81,2374,1350494.0,CALL,2026-06-18,480.0,5267,45.241,0.185443817,0.004230724,-0.208121552,0.373309745,42,100.0,US.TSLA,4.9,6.9,4.4,4.05,-0.16558607124644859,1546644647316.51,"成交额 $1,350,494 ≥ 阈值 $500,000 | 成交量 2,374 手",US.TSLA,2026-05-08 04:21:40
US.TSLA260529C405000,TSLA 260529 405.00C,411.81,702,1342433.0,CALL,2026-05-29,405.0,1333,41.967,0.592602745,0.009150701,-0.400971319,0.39230183,22,100.0,US.TSLA,17.55,23.5,15.65,13.9,0.016536752385808994,1546644647316.51,"成交额 $1,342,433 ≥ 阈值 $500,000 | 成交量 702 手",US.TSLA,2026-05-08 04:21:40
US.TSLA260522P410000,TSLA 260522 410.00P,411.81,926,1322043.0,PUT,2026-05-22,410.0,77,42.64,-0.456605017,0.011175313,-0.460457827,0.330758023,15,100.0,US.TSLA,14.3,17.55,11.87,20.1108,-0.004395230810325155,1546644647316.51,"成交额 $1,322,043 ≥ 阈值 $500,000 | 成交量 926 手",US.TSLA,2026-05-08 04:21:40
US.TSLA260717C395000,TSLA 260717 395.00C,411.81,324,1302866.0,CALL,2026-07-17,395.0,11419,43.951,0.636183002,0.004704052,-0.233825568,0.681848512,71,100.0,US.TSLA,39.6,44.5,36.0,33.6491,0.04081979553677667,1546644647316.51,"成交额 $1,302,866 ≥ 阈值 $500,000 | 成交量 324 手",US.TSLA,2026-05-08 04:21:40
US.TSLA260511C425000,TSLA 260511 425.00C,411.81,5737,1286773.0,CALL,2026-05-11,425.0,1091,39.496,0.231335207,0.017917142,-0.67406699,0.131116643,4,100.0,US.TSLA,1.82,3.8,0.93,0.98,-0.03202933391612636,1546644647316.51,"成交额 $1,286,773 ≥ 阈值 $500,000 | 成交量 5,737 手",US.TSLA,2026-05-08 04:21:40
US.TSLA260529C425000,TSLA 260529 425.00C,411.81,1176,1258626.0,CALL,2026-05-29,425.0,1164,42.168,0.40823194,0.009111517,-0.395914509,0.392493553,22,100.0,US.TSLA,10.05,13.88,8.35,7.325,-0.03202933391612636,1546644647316.51,"成交额 $1,258,626 ≥ 阈值 $500,000 | 成交量 1,176 手",US.TSLA,2026-05-08 04:21:40
US.TSLA260513P405000,TSLA 260513 405.00P,411.81,1706,1255490.0,PUT,2026-05-13,405.0,68,42.404,-0.365586759,0.016827305,-0.716574572,0.198325671,6,100.0,US.TSLA,7.95,10.0,5.0,12.5512,-0.016536752385808994,1546644647316.51,"成交额 $1,255,490 ≥ 阈值 $500,000 | 成交量 1,706 手",US.TSLA,2026-05-08 04:21:40
US.TSLA260513C417500,TSLA 260513 417.50C,411.81,1972,1235474.0,CALL,2026-05-13,417.5,258,43.43,0.417236019,0.017038603,-0.794712702,0.205881957,6,100.0,US.TSLA,5.25,8.9,3.57,3.075,-0.013817051552900604,1546644647316.51,"成交额 $1,235,474 ≥ 阈值 $500,000 | 成交量 1,972 手",US.TSLA,2026-05-08 04:21:40
US.TSLA260605C425000,TSLA 260605 425.00C,411.81,862,1227479.0,CALL,2026-06-05,425.0,1222,42.491,0.428726637,0.007960768,-0.352784713,0.455555712,29,100.0,US.TSLA,12.8,16.0,10.57,9.475,-0.03202933391612636,1546644647316.51,"成交额 $1,227,479 ≥ 阈值 $500,000 | 成交量 862 手",US.TSLA,2026-05-08 04:21:40
US.TSLA260821C430000,TSLA 260821 430.00C,411.81,366,1224748.0,CALL,2026-08-21,430.0,2672,46.018,0.496887763,0.003906689,-0.209591388,0.885225198,106,100.0,US.TSLA,32.97,36.87,30.5,28.4,-0.044170855491610206,1546644647316.51,"成交额 $1,224,748 ≥ 阈值 $500,000 | 成交量 366 手",US.TSLA,2026-05-08 04:21:40
US.TSLA260618C395000,TSLA 260618 395.00C,411.81,371,1210277.0,CALL,2026-06-18,395.0,3148,43.208,0.650235299,0.006136227,-0.29100196,0.517187388,42,100.0,US.TSLA,31.05,37.0,28.4,25.6847,0.04081979553677667,1546644647316.51,"成交额 $1,210,277 ≥ 阈值 $500,000 | 成交量 371 手",US.TSLA,2026-05-08 04:21:40
US.TSLA260717P420000,TSLA 260717 420.00P,411.81,332,1194597.0,PUT,2026-07-17,420.0,2167,43.192,-0.491810474,0.005149464,-0.200955484,0.722833953,71,100.0,US.TSLA,36.45,38.3,32.96,41.0757,0.019887812340642522,1546644647316.51,"成交额 $1,194,597 ≥ 阈值 $500,000 | 成交量 332 手",US.TSLA,2026-05-08 04:21:40
US.TSLA260918C415000,TSLA 260918 415.00C,411.81,258,1179191.0,CALL,2026-09-18,415.0,766,46.179,0.563557345,0.003418552,-0.188179526,0.982684915,134,100.0,US.TSLA,46.19,48.97,41.6,39.4548,-0.007746290765158684,1546644647316.51,"成交额 $1,179,191 ≥ 阈值 $500,000 | 成交量 258 手",US.TSLA,2026-05-08 04:21:40
US.TSLA260513C387500,TSLA 260513 387.50C,411.81,538,1178721.0,CALL,2026-05-13,387.5,160,43.565,0.870362156,0.009187984,-0.434089623,0.111346964,6,100.0,US.TSLA,23.7,28.15,19.06,15.8986,0.059032077900002436,1546644647316.51,"成交额 $1,178,721 ≥ 阈值 $500,000 | 成交量 538 手",US.TSLA,2026-05-08 04:21:40
US.TSLA260717C405000,TSLA 260717 405.00C,411.81,330,1159308.0,CALL,2026-07-17,405.0,1364,43.837,0.586813831,0.004892078,-0.239679143,0.707267286,71,100.0,US.TSLA,34.82,38.9,30.97,28.925,0.016536752385808994,1546644647316.51,"成交额 $1,159,308 ≥ 阈值 $500,000 | 成交量 330 手",US.TSLA,2026-05-08 04:21:40
US.TSLA260618P380000,TSLA 260618 380.00P,411.81,1062,1156402.0,PUT,2026-06-18,380.0,8565,43.15,-0.258391868,0.005376523,-0.222508554,0.451303778,42,100.0,US.TSLA,11.4,12.35,9.81,13.8,-0.07724436026322819,1546644647316.51,"成交额 $1,156,402 ≥ 阈值 $500,000 | 成交量 1,062 手",US.TSLA,2026-05-08 04:21:40
US.TSLA260618P420000,TSLA 260618 420.00P,411.81,395,1149826.0,PUT,2026-06-18,420.0,4397,42.301,-0.516946433,0.006808038,-0.261168272,0.555817739,42,100.0,US.TSLA,29.75,31.92,25.9,34.5492,0.019887812340642522,1546644647316.51,"成交额 $1,149,826 ≥ 阈值 $500,000 | 成交量 395 手",US.TSLA,2026-05-08 04:21:40
US.TSLA260508P390000,TSLA 260508 390.00P,411.81,18902,1141681.0,PUT,2026-05-08,390.0,11129,60.521,-0.040511461,0.006712272,-0.539930854,0.018660328,1,100.0,US.TSLA,0.76,1.01,0.21,2.225,-0.052961317112260514,1546644647316.51,"成交额 $1,141,681 ≥ 阈值 $500,000 | 成交量 18,902 手",US.TSLA,2026-05-08 04:21:40
US.TSLA260508P427500,TSLA 260508 427.50P,411.81,635,1111687.0,PUT,2026-05-08,427.5,6,55.308,-0.900712739,0.014840358,-0.992508521,0.037382309,1,100.0,US.TSLA,20.3,24.4,14.04,29.037,0.038100094703868284,1546644647316.51,"成交额 $1,111,687 ≥ 阈值 $500,000 | 成交量 635 手",US.TSLA,2026-05-08 04:21:40
US.TSLA260717P360000,TSLA 260717 360.00P,411.81,985,1109892.0,PUT,2026-07-17,360.0,5353,44.678,-0.207995212,0.003540541,-0.155549443,0.520083785,71,100.0,US.TSLA,11.28,12.5,10.3,13.275,-0.12581044656516355,1546644647316.51,"成交额 $1,109,892 ≥ 阈值 $500,000 | 成交量 985 手",US.TSLA,2026-05-08 04:21:40
US.TSLA260508C432500,TSLA 260508 432.50C,411.81,15682,1101363.0,CALL,2026-05-08,432.5,2194,60.193,0.06087952,0.009339435,-0.757826823,0.025821629,1,100.0,US.TSLA,0.41,1.29,0.1,0.19,-0.05024161627935212,1546644647316.51,"成交额 $1,101,363 ≥ 阈值 $500,000 | 成交量 15,682 手",US.TSLA,2026-05-08 04:21:40
US.TSLA260618P445000,TSLA 260618 445.00P,411.81,248,1087075.0,PUT,2026-06-18,445.0,969,43.044,-0.670394165,0.00615632,-0.233819018,0.503842211,42,100.0,US.TSLA,45.0,47.46,42.8,53.1926,0.08059542021806172,1546644647316.51,"成交额 $1,087,075 ≥ 阈值 $500,000 | 成交量 248 手",US.TSLA,2026-05-08 04:21:40
US.TSLA260511C430000,TSLA 260511 430.00C,411.81,6759,1074796.0,CALL,2026-05-11,430.0,1578,40.705,0.161999824,0.01399873,-0.539556745,0.105570582,4,100.0,US.TSLA,1.3,2.7,0.61,0.715,-0.044170855491610206,1546644647316.51,"成交额 $1,074,796 ≥ 阈值 $500,000 | 成交量 6,759 手",US.TSLA,2026-05-08 04:21:40
US.TSLA260529C440000,TSLA 260529 440.00C,411.81,1525,1071987.0,CALL,2026-05-29,440.0,5356,42.847,0.288904768,0.007890214,-0.349880354,0.345327397,22,100.0,US.TSLA,6.2,8.9,5.0,4.45,-0.06845389864257788,1546644647316.51,"成交额 $1,071,987 ≥ 阈值 $500,000 | 成交量 1,525 手",US.TSLA,2026-05-08 04:21:40
US.TSLA260508P392500,TSLA 260508 392.50P,411.81,13045,1063882.0,PUT,2026-05-08,392.5,5824,58.124,-0.054331829,0.008843698,-0.664023573,0.023610647,1,100.0,US.TSLA,0.97,1.37,0.28,2.945,-0.04689055632451859,1546644647316.51,"成交额 $1,063,882 ≥ 阈值 $500,000 | 成交量 13,045 手",US.TSLA,2026-05-08 04:21:40
US.TSLA260618P405000,TSLA 260618 405.00P,411.81,511,1058981.0,PUT,2026-06-18,405.0,2330,42.388,-0.415807224,0.006622937,-0.259671521,0.544183109,42,100.0,US.TSLA,21.3,23.45,18.42,25.3869,-0.016536752385808994,1546644647316.51,"成交额 $1,058,981 ≥ 阈值 $500,000 | 成交量 511 手",US.TSLA,2026-05-08 04:21:40
US.TSLA260522C390000,TSLA 260522 390.00C,411.81,384,1031975.0,CALL,2026-05-22,390.0,2113,44.047,0.748728161,0.008668754,-0.423015017,0.265866031,15,100.0,US.TSLA,24.95,31.28,21.65,19.202,0.052961317112260514,1546644647316.51,"成交额 $1,031,975 ≥ 阈值 $500,000 | 成交量 384 手",US.TSLA,2026-05-08 04:21:40
US.TSLA260821C480000,TSLA 260821 480.00C,411.81,545,1021560.0,CALL,2026-08-21,480.0,3382,46.678,0.329435891,0.003493904,-0.188682067,0.803005386,106,100.0,US.TSLA,17.65,21.4,16.7,15.6,-0.16558607124644859,1546644647316.51,"成交额 $1,021,560 ≥ 阈值 $500,000 | 成交量 545 手",US.TSLA,2026-05-08 04:21:40
US.TSLA260520C412500,TSLA 260520 412.50C,411.81,817,1013134.0,CALL,2026-05-20,412.5,22,42.394,0.513830361,0.012106802,-0.535431278,0.309714662,13,100.0,US.TSLA,12.25,15.1,9.2,7.575,-0.0016755299774167643,1546644647316.51,"成交额 $1,013,134 ≥ 阈值 $500,000 | 成交量 817 手",US.TSLA,2026-05-08 04:21:40
US.TSLA260522P390000,TSLA 260522 390.00P,411.81,1622,1007357.0,PUT,2026-05-22,390.0,1831,43.255,-0.248216973,0.008777609,-0.375248592,0.264075539,15,100.0,US.TSLA,6.9,8.25,5.25,9.75,-0.052961317112260514,1546644647316.51,"成交额 $1,007,357 ≥ 阈值 $500,000 | 成交量 1,622 手",US.TSLA,2026-05-08 04:21:40
US.TSLA260518C415000,TSLA 260518 415.00C,411.81,974,1006702.0,CALL,2026-05-18,415.0,57,41.008,0.476826312,0.013592528,-0.56206036,0.284563136,11,100.0,US.TSLA,8.6,12.75,6.7,5.75,-0.007746290765158684,1546644647316.51,"成交额 $1,006,702 ≥ 阈值 $500,000 | 成交量 974 手",US.TSLA,2026-05-08 04:21:40
US.TSLA260618P390000,TSLA 260618 390.00P,411.81,705,993290.0,PUT,2026-06-18,390.0,7096,42.722,-0.317884611,0.005995129,-0.241750436,0.49771464,42,100.0,US.TSLA,14.55,16.25,12.66,17.825,-0.052961317112260514,1546644647316.51,"成交额 $993,290 ≥ 阈值 $500,000 | 成交量 705 手",US.TSLA,2026-05-08 04:21:40
US.TSLA260522C412500,TSLA 260522 412.50C,411.81,734,984339.0,CALL,2026-05-22,412.5,127,43.027,0.516358667,0.011101584,-0.505519979,0.332626292,15,100.0,US.TSLA,13.0,16.85,9.8,8.7,-0.0016755299774167643,1546644647316.51,"成交额 $984,339 ≥ 阈值 $500,000 | 成交量 734 手",US.TSLA,2026-05-08 04:21:40
US.TSLA260918P350000,TSLA 260918 350.00P,411.81,542,981526.0,PUT,2026-09-18,350.0,8642,46.571,-0.223934979,0.00258671,-0.120418089,0.745623585,134,100.0,US.TSLA,17.82,19.3,16.98,20.05,-0.15009348971613123,1546644647316.51,"成交额 $981,526 ≥ 阈值 $500,000 | 成交量 542 手",US.TSLA,2026-05-08 04:21:40
US.TSLA260918C480000,TSLA 260918 480.00C,411.81,403,976029.0,CALL,2026-09-18,480.0,2680,46.585,0.361494897,0.003223356,-0.175116541,0.934687294,134,100.0,US.TSLA,22.85,26.4,21.92,20.1179,-0.16558607124644859,1546644647316.51,"成交额 $976,029 ≥ 阈值 $500,000 | 成交量 403 手",US.TSLA,2026-05-08 04:21:40
US.TSLA260511P402500,TSLA 260511 402.50P,411.81,2198,970855.0,PUT,2026-05-11,402.5,105,37.801,-0.271987178,0.020401913,-0.696872943,0.142821893,4,100.0,US.TSLA,5.1,6.5,2.55,9.0507,-0.022607513173550916,1546644647316.51,"成交额 $970,855 ≥ 阈值 $500,000 | 成交量 2,198 手",US.TSLA,2026-05-08 04:21:40
US.TSLA260511P395000,TSLA 260511 395.00P,411.81,4346,948347.0,PUT,2026-05-11,395.0,1565,38.675,-0.144724128,0.013674181,-0.464520077,0.097957283,4,100.0,US.TSLA,2.49,3.43,1.25,5.275,-0.04081979553677667,1546644647316.51,"成交额 $948,347 ≥ 阈值 $500,000 | 成交量 4,346 手",US.TSLA,2026-05-08 04:21:40
US.TSLA260508P387500,TSLA 260508 387.50P,411.81,23807,942263.0,PUT,2026-05-08,387.5,2499,63.551,-0.031616903,0.005217238,-0.458045326,0.015231303,1,100.0,US.TSLA,0.61,0.77,0.17,1.665,-0.059032077900002436,1546644647316.51,"成交额 $942,263 ≥ 阈值 $500,000 | 成交量 23,807 手",US.TSLA,2026-05-08 04:21:40
US.TSLA260717P410000,TSLA 260717 410.00P,411.81,312,937514.0,PUT,2026-07-17,410.0,3551,43.071,-0.441045088,0.005093409,-0.2000061,0.715379108,71,100.0,US.TSLA,30.0,32.85,27.84,35.0033,-0.004395230810325155,1546644647316.51,"成交额 $937,514 ≥ 阈值 $500,000 | 成交量 312 手",US.TSLA,2026-05-08 04:21:40
US.TSLA260518P415000,TSLA 260518 415.00P,411.81,582,923205.0,PUT,2026-05-18,415.0,0,41.019,-0.523975143,0.013629536,-0.522636193,0.284363566,11,100.0,US.TSLA,17.15,18.05,11.9,21.5884,0.007746290765158684,1546644647316.51,"成交额 $923,205 ≥ 阈值 $500,000 | 成交量 582 手",US.TSLA,2026-05-08 04:21:40
US.TSLA260515P380000,TSLA 260515 380.00P,411.81,4475,921562.0,PUT,2026-05-15,380.0,13738,46.132,-0.110748102,0.006723862,-0.323395795,0.115079378,8,100.0,US.TSLA,2.24,2.83,1.4,3.75,-0.07724436026322819,1546644647316.51,"成交额 $921,562 ≥ 阈值 $500,000 | 成交量 4,475 手",US.TSLA,2026-05-08 04:21:40
US.TSLA260717C460000,TSLA 260717 460.00C,411.81,588,917757.0,CALL,2026-07-17,460.0,7105,44.43,0.333286769,0.004506043,-0.2192228,0.660230049,71,100.0,US.TSLA,15.0,17.64,12.9,11.975,-0.11701998494451324,1546644647316.51,"成交额 $917,757 ≥ 阈值 $500,000 | 成交量 588 手",US.TSLA,2026-05-08 04:21:40
US.TSLA260717C435000,TSLA 260717 435.00C,411.81,401,902186.0,CALL,2026-07-17,435.0,224,43.871,0.440382211,0.004951237,-0.237871598,0.716376293,71,100.0,US.TSLA,21.73,25.0,19.65,17.925,-0.05631237706709404,1546644647316.51,"成交额 $902,186 ≥ 阈值 $500,000 | 成交量 401 手",US.TSLA,2026-05-08 04:21:40
US.TSLA260605C435000,TSLA 260605 435.00C,411.81,882,897051.0,CALL,2026-06-05,435.0,385,42.78,0.3555062,0.007502625,-0.334641367,0.432240933,29,100.0,US.TSLA,9.7,12.5,7.95,7.125,-0.05631237706709404,1546644647316.51,"成交额 $897,051 ≥ 阈值 $500,000 | 成交量 882 手",US.TSLA,2026-05-08 04:21:40
US.TSLA260529P415000,TSLA 260529 415.00P,411.81,439,878561.0,PUT,2026-05-29,415.0,105,41.593,-0.502701477,0.00953597,-0.365571032,0.402845512,22,100.0,US.TSLA,19.8,22.75,16.52,25.4913,0.007746290765158684,1546644647316.51,"成交额 $878,561 ≥ 阈值 $500,000 | 成交量 439 手",US.TSLA,2026-05-08 04:21:40
US.TSLA260821P350000,TSLA 260821 350.00P,411.81,595,870888.0,PUT,2026-08-21,350.0,5016,46.714,-0.209160055,0.002783254,-0.132066636,0.637554743,106,100.0,US.TSLA,14.55,15.8,13.84,16.575,-0.15009348971613123,1546644647316.51,"成交额 $870,888 ≥ 阈值 $500,000 | 成交量 595 手",US.TSLA,2026-05-08 04:21:40
US.TSLA260618P360000,TSLA 260618 360.00P,411.81,1411,868001.0,PUT,2026-06-18,360.0,8974,44.596,-0.161066958,0.003927192,-0.17499062,0.341134248,42,100.0,US.TSLA,6.24,7.05,5.59,7.875,-0.12581044656516355,1546644647316.51,"成交额 $868,001 ≥ 阈值 $500,000 | 成交量 1,411 手",US.TSLA,2026-05-08 04:21:40
US.TSLA260618C385000,TSLA 260618 385.00C,411.81,217,866382.0,CALL,2026-06-18,385.0,3593,43.518,0.711569286,0.005617339,-0.273614343,0.476842507,42,100.0,US.TSLA,37.15,42.96,35.2,31.248,0.06510283868774436,1546644647316.51,"成交额 $866,382 ≥ 阈值 $500,000 | 成交量 217 手",US.TSLA,2026-05-08 04:21:40
US.TSLA260618P350000,TSLA 260618 350.00P,411.81,1897,862152.0,PUT,2026-06-18,350.0,14867,45.585,-0.124196199,0.00322067,-0.15029643,0.28608425,42,100.0,US.TSLA,4.85,5.35,4.16,5.875,-0.15009348971613123,1546644647316.51,"成交额 $862,152 ≥ 阈值 $500,000 | 成交量 1,897 手",US.TSLA,2026-05-08 04:21:40
US.TSLA260612P410000,TSLA 260612 410.00P,411.81,397,861999.0,PUT,2026-06-12,410.0,27,42.271,-0.451358123,0.007285097,-0.284508145,0.511474896,36,100.0,US.TSLA,21.5,24.1,19.0,26.4664,-0.004395230810325155,1546644647316.51,"成交额 $861,999 ≥ 阈值 $500,000 | 成交量 397 手",US.TSLA,2026-05-08 04:21:40
US.TSLA260717C485000,TSLA 260717 485.00C,411.81,778,845913.0,CALL,2026-07-17,485.0,737,45.169,0.246277552,0.003843088,-0.191364713,0.572424048,71,100.0,US.TSLA,10.25,11.67,9.01,8.075,-0.17772759282193243,1546644647316.51,"成交额 $845,913 ≥ 阈值 $500,000 | 成交量 778 手",US.TSLA,2026-05-08 04:21:40
US.TSLA260618P370000,TSLA 260618 370.00P,411.81,999,824963.0,PUT,2026-06-18,370.0,8313,43.802,-0.205917251,0.004663485,-0.19979646,0.397666146,42,100.0,US.TSLA,8.44,9.59,7.41,10.5,-0.10152740341419587,1546644647316.51,"成交额 $824,963 ≥ 阈值 $500,000 | 成交量 999 手",US.TSLA,2026-05-08 04:21:40
US.TSLA261016C500000,TSLA 261016 500.00C,411.81,326,804758.0,CALL,2026-10-16,500.0,1248,47.137,0.341072155,0.002836976,-0.158097307,1.006310828,162,100.0,US.TSLA,23.0,26.77,22.4,20.6012,-0.21415215754838396,1546644647316.51,"成交额 $804,758 ≥ 阈值 $500,000 | 成交量 326 手",US.TSLA,2026-05-08 04:21:40
US.TSLA260618C435000,TSLA 260618 435.00C,411.81,542,804319.0,CALL,2026-06-18,435.0,1950,43.227,0.39278532,0.006367719,-0.292427546,0.536931585,42,100.0,US.TSLA,13.68,17.23,11.91,10.775,-0.05631237706709404,1546644647316.51,"成交额 $804,319 ≥ 阈值 $500,000 | 成交量 542 手",US.TSLA,2026-05-08 04:21:40
US.TSLA260529P395000,TSLA 260529 395.00P,411.81,803,804208.0,PUT,2026-05-29,395.0,408,41.711,-0.31651341,0.008458653,-0.33180401,0.359599864,22,100.0,US.TSLA,10.48,12.34,8.44,14.075,-0.04081979553677667,1546644647316.51,"成交额 $804,208 ≥ 阈值 $500,000 | 成交量 803 手",US.TSLA,2026-05-08 04:21:40
US.TSLA260520C420000,TSLA 260520 420.00C,411.81,949,794637.0,CALL,2026-05-20,420.0,105,42.64,0.425020631,0.01183065,-0.525522646,0.304406944,13,100.0,US.TSLA,9.45,11.75,6.35,5.525,-0.019887812340642522,1546644647316.51,"成交额 $794,637 ≥ 阈值 $500,000 | 成交量 949 手",US.TSLA,2026-05-08 04:21:40
US.TSLA260529P410000,TSLA 260529 410.00P,411.81,473,789974.0,PUT,2026-05-29,410.0,81,41.326,-0.455198088,0.009527112,-0.362578618,0.400371489,22,100.0,US.TSLA,16.85,19.93,14.3,22.2338,-0.004395230810325155,1546644647316.51,"成交额 $789,974 ≥ 阈值 $500,000 | 成交量 473 手",US.TSLA,2026-05-08 04:21:40
US.TSLA260522C397500,TSLA 260522 397.50C,411.81,364,787157.0,CALL,2026-05-22,397.5,693,42.65,0.680530423,0.01004083,-0.456219305,0.298195024,15,100.0,US.TSLA,20.5,25.6,17.65,15.0257,0.034749034749034756,1546644647316.51,"成交额 $787,157 ≥ 阈值 $500,000 | 成交量 364 手",US.TSLA,2026-05-08 04:21:40
US.TSLA260515C377500,TSLA 260515 377.50C,411.81,235,777850.0,CALL,2026-05-15,377.5,1119,47.772,0.89916332,0.006066902,-0.349300374,0.107550006,8,100.0,US.TSLA,33.4,37.63,29.16,24.7977,0.08331512105097011,1546644647316.51,"成交额 $777,850 ≥ 阈值 $500,000 | 成交量 235 手",US.TSLA,2026-05-08 04:21:40
US.TSLA260518P410000,TSLA 260518 410.00P,411.81,692,773748.0,PUT,2026-05-18,410.0,32,40.893,-0.45591162,0.013599946,-0.521418679,0.283175046,11,100.0,US.TSLA,11.8,15.0,9.64,18.0573,-0.004395230810325155,1546644647316.51,"成交额 $773,748 ≥ 阈值 $500,000 | 成交量 692 手",US.TSLA,2026-05-08 04:21:40
US.TSLA260518C400000,TSLA 260518 400.00C,411.81,450,773701.0,CALL,2026-05-18,400.0,704,40.538,0.678592053,0.012368997,-0.507676528,0.255968674,11,100.0,US.TSLA,15.9,21.0,12.99,11.2804,0.028678273961292834,1546644647316.51,"成交额 $773,701 ≥ 阈值 $500,000 | 成交量 450 手",US.TSLA,2026-05-08 04:21:40
US.TSLA260618P395000,TSLA 260618 395.00P,411.81,474,771337.0,PUT,2026-06-18,395.0,3484,42.562,-0.349631897,0.006251665,-0.249297106,0.516713801,42,100.0,US.TSLA,16.0,18.57,14.4,20.15,-0.04081979553677667,1546644647316.51,"成交额 $771,337 ≥ 阈值 $500,000 | 成交量 474 手",US.TSLA,2026-05-08 04:21:40
US.TSLA260618P415000,TSLA 260618 415.00P,411.81,304,768817.0,PUT,2026-06-18,415.0,1744,42.302,-0.483376268,0.006797835,-0.262513693,0.555958463,42,100.0,US.TSLA,27.2,28.07,23.14,31.2928,0.007746290765158684,1546644647316.51,"成交额 $768,817 ≥ 阈值 $500,000 | 成交量 304 手",US.TSLA,2026-05-08 04:21:40
US.TSLA261120C500000,TSLA 261120 500.00C,411.81,257,768548.0,CALL,2026-11-20,500.0,2066,48.055,0.375457332,0.002609098,-0.152395155,1.14763269,197,100.0,US.TSLA,29.05,33.0,28.2,26.3799,-0.21415215754838396,1546644647316.51,"成交额 $768,548 ≥ 阈值 $500,000 | 成交量 257 手",US.TSLA,2026-05-08 04:21:40
US.TSLA260618P385000,TSLA 260618 385.00P,411.81,621,766778.0,PUT,2026-06-18,385.0,3375,42.912,-0.287376253,0.005701575,-0.232716999,0.475729385,42,100.0,US.TSLA,12.7,14.0,11.1,15.725,-0.06510283868774436,1546644647316.51,"成交额 $766,778 ≥ 阈值 $500,000 | 成交量 621 手",US.TSLA,2026-05-08 04:21:40
US.TSLA260605C440000,TSLA 260605 440.00C,411.81,801,761609.0,CALL,2026-06-05,440.0,4144,42.952,0.321703062,0.007190154,-0.322231794,0.415897799,29,100.0,US.TSLA,8.35,11.25,7.02,6.175,-0.06845389864257788,1546644647316.51,"成交额 $761,609 ≥ 阈值 $500,000 | 成交量 801 手",US.TSLA,2026-05-08 04:21:40
US.TSLA260821P360000,TSLA 260821 360.00P,411.81,429,747971.0,PUT,2026-08-21,360.0,4182,46.35,-0.241801316,0.003048018,-0.141578195,0.692063989,106,100.0,US.TSLA,17.94,18.4,16.24,19.775,-0.12581044656516355,1546644647316.51,"成交额 $747,971 ≥ 阈值 $500,000 | 成交量 429 手",US.TSLA,2026-05-08 04:21:40
US.TSLA260618P425000,TSLA 260618 425.00P,411.81,237,735266.0,PUT,2026-06-18,425.0,2340,42.366,-0.549889983,0.006762614,-0.258338746,0.551820606,42,100.0,US.TSLA,31.25,33.95,29.2,37.9583,0.03202933391612636,1546644647316.51,"成交额 $735,266 ≥ 阈值 $500,000 | 成交量 237 手",US.TSLA,2026-05-08 04:21:40
US.TSLA261120P320000,TSLA 261120 320.00P,411.81,418,734067.0,PUT,2026-11-20,320.0,1090,48.692,-0.175668692,0.001762698,-0.089158098,0.781317903,197,100.0,US.TSLA,16.8,18.1,16.44,18.575,-0.22294261916903427,1546644647316.51,"成交额 $734,067 ≥ 阈值 $500,000 | 成交量 418 手",US.TSLA,2026-05-08 04:21:40
US.TSLA260520C417500,TSLA 260520 417.50C,411.81,786,733931.0,CALL,2026-05-20,417.5,50,42.498,0.454023759,0.012004158,-0.530973765,0.307838602,13,100.0,US.TSLA,11.05,12.5,7.94,6.15,-0.013817051552900604,1546644647316.51,"成交额 $733,931 ≥ 阈值 $500,000 | 成交量 786 手",US.TSLA,2026-05-08 04:21:40
US.TSLA260515C432500,TSLA 260515 432.50C,411.81,2440,729669.0,CALL,2026-05-15,432.5,124,46.328,0.251428819,0.011293116,-0.581347358,0.194159696,8,100.0,US.TSLA,3.85,5.35,2.16,1.965,-0.05024161627935212,1546644647316.51,"成交额 $729,669 ≥ 阈值 $500,000 | 成交量 2,440 手",US.TSLA,2026-05-08 04:21:40
US.TSLA260717P400000,TSLA 260717 400.00P,411.81,294,728858.0,PUT,2026-07-17,400.0,8722,43.25,-0.390102744,0.004921212,-0.196919069,0.695902778,71,100.0,US.TSLA,25.0,27.5,23.23,29.475,-0.028678273961292834,1546644647316.51,"成交额 $728,858 ≥ 阈值 $500,000 | 成交量 294 手",US.TSLA,2026-05-08 04:21:40
US.TSLA260717C455000,TSLA 260717 455.00C,411.81,414,725821.0,CALL,2026-07-17,455.0,417,44.262,0.352995964,0.004622194,-0.223690053,0.674695116,71,100.0,US.TSLA,15.0,19.0,14.15,12.95,-0.1048784633690294,1546644647316.51,"成交额 $725,821 ≥ 阈值 $500,000 | 成交量 414 手",US.TSLA,2026-05-08 04:21:40
US.TSLA261120P360000,TSLA 261120 360.00P,411.81,238,714757.0,PUT,2026-11-20,360.0,893,47.353,-0.271750564,0.002337906,-0.108980506,1.002332779,197,100.0,US.TSLA,28.95,31.05,28.25,32.025,-0.12581044656516355,1546644647316.51,"成交额 $714,757 ≥ 阈值 $500,000 | 成交量 238 手",US.TSLA,2026-05-08 04:21:40
US.TSLA260522P412500,TSLA 260522 412.50P,411.81,462,697322.0,PUT,2026-05-22,412.5,18,42.757,-0.484616885,0.011207334,-0.463177974,0.332461829,15,100.0,US.TSLA,15.64,19.0,13.17,21.7648,0.0016755299774167643,1546644647316.51,"成交额 $697,322 ≥ 阈值 $500,000 | 成交量 462 手",US.TSLA,2026-05-08 04:21:40
US.TSLA260522C435000,TSLA 260522 435.00C,411.81,1283,696506.0,CALL,2026-05-22,435.0,592,44.171,0.290785098,0.009298455,-0.437092016,0.285982007,15,100.0,US.TSLA,4.75,7.79,4.0,3.6,-0.05631237706709404,1546644647316.51,"成交额 $696,506 ≥ 阈值 $500,000 | 成交量 1,283 手",US.TSLA,2026-05-08 04:21:40
US.TSLA260522C430000,TSLA 260522 430.00C,411.81,948,684119.0,CALL,2026-05-22,430.0,1115,43.892,0.335351352,0.009950681,-0.464050526,0.304118379,15,100.0,US.TSLA,6.35,9.4,5.0,4.4,-0.044170855491610206,1546644647316.51,"成交额 $684,119 ≥ 阈值 $500,000 | 成交量 948 手",US.TSLA,2026-05-08 04:21:40
US.TSLA260529P420000,TSLA 260529 420.00P,411.81,291,669672.0,PUT,2026-05-29,420.0,65,41.587,-0.549648058,0.009477274,-0.360589525,0.399646787,22,100.0,US.TSLA,21.9,25.98,20.25,28.9512,0.019887812340642522,1546644647316.51,"成交额 $669,672 ≥ 阈值 $500,000 | 成交量 291 手",US.TSLA,2026-05-08 04:21:40
US.TSLA260821C550000,TSLA 260821 550.00C,411.81,728,669518.0,CALL,2026-08-21,550.0,2606,48.697,0.175856307,0.002392853,-0.138054477,0.573691152,106,100.0,US.TSLA,8.2,10.0,7.86,7.1,-0.33556737330322234,1546644647316.51,"成交额 $669,518 ≥ 阈值 $500,000 | 成交量 728 手",US.TSLA,2026-05-08 04:21:40
US.TSLA260612C415000,TSLA 260612 415.00C,411.81,325,667501.0,CALL,2026-06-12,415.0,81,42.395,0.514058681,0.007272828,-0.324853113,0.515528487,36,100.0,US.TSLA,19.92,23.35,16.6,14.875,-0.007746290765158684,1546644647316.51,"成交额 $667,501 ≥ 阈值 $500,000 | 成交量 325 手",US.TSLA,2026-05-08 04:21:40
US.TSLA260518P405000,TSLA 260518 405.00P,411.81,734,666388.0,PUT,2026-05-18,405.0,13,40.881,-0.388187876,0.013137723,-0.505199624,0.273673439,11,100.0,US.TSLA,9.68,12.65,7.54,14.8779,-0.016536752385808994,1546644647316.51,"成交额 $666,388 ≥ 阈值 $500,000 | 成交量 734 手",US.TSLA,2026-05-08 04:21:40
US.TSLA260522P405000,TSLA 260522 405.00P,411.81,537,658471.0,PUT,2026-05-22,405.0,88,42.672,-0.400831446,0.010877051,-0.45066627,0.322423563,15,100.0,US.TSLA,12.35,14.25,10.16,17.0297,-0.016536752385808994,1546644647316.51,"成交额 $658,471 ≥ 阈值 $500,000 | 成交量 537 手",US.TSLA,2026-05-08 04:21:40
US.TSLA260511P417500,TSLA 260511 417.50P,411.81,549,655264.0,PUT,2026-05-11,417.5,2,38.509,-0.623076404,0.022972206,-0.813621275,0.1634157,4,100.0,US.TSLA,9.57,16.6,8.11,20.3287,0.013817051552900604,1546644647316.51,"成交额 $655,264 ≥ 阈值 $500,000 | 成交量 549 手",US.TSLA,2026-05-08 04:21:40
US.TSLA260513C392500,TSLA 260513 392.50C,411.81,340,649635.0,CALL,2026-05-13,392.5,635,42.84,0.819283629,0.011641151,-0.532424789,0.138731357,6,100.0,US.TSLA,21.0,25.6,15.7,12.6248,0.04689055632451859,1546644647316.51,"成交额 $649,635 ≥ 阈值 $500,000 | 成交量 340 手",US.TSLA,2026-05-08 04:21:40
US.TSLA260605C430000,TSLA 260605 430.00C,411.81,536,648734.0,CALL,2026-06-05,430.0,739,42.635,0.391293691,0.007761736,-0.345038563,0.445662047,29,100.0,US.TSLA,10.75,14.5,9.17,8.225,-0.044170855491610206,1546644647316.51,"成交额 $648,734 ≥ 阈值 $500,000 | 成交量 536 手",US.TSLA,2026-05-08 04:21:40
US.TSLA260513P415000,TSLA 260513 415.00P,411.81,591,643420.0,PUT,2026-05-13,415.0,55,43.737,-0.540281741,0.017237321,-0.776970801,0.209281619,6,100.0,US.TSLA,12.5,14.28,9.05,19.6815,0.007746290765158684,1546644647316.51,"成交额 $643,420 ≥ 阈值 $500,000 | 成交量 591 手",US.TSLA,2026-05-08 04:21:40
US.TSLA260522P407500,TSLA 260522 407.50P,411.81,491,642440.0,PUT,2026-05-22,407.5,31,42.687,-0.428636691,0.011045201,-0.457127703,0.327407087,15,100.0,US.TSLA,13.3,15.5,11.0,18.5324,-0.010465991598067076,1546644647316.51,"成交额 $642,440 ≥ 阈值 $500,000 | 成交量 491 手",US.TSLA,2026-05-08 04:21:40
US.TSLA260618C455000,TSLA 260618 455.00C,411.81,655,639565.0,CALL,2026-06-18,455.0,4426,43.929,0.285338513,0.005536533,-0.25969356,0.474396604,42,100.0,US.TSLA,8.5,11.65,7.6,6.9,-0.1048784633690294,1546644647316.51,"成交额 $639,565 ≥ 阈值 $500,000 | 成交量 655 手",US.TSLA,2026-05-08 04:21:40
US.TSLA260520C410000,TSLA 260520 410.00C,411.81,450,633005.0,CALL,2026-05-20,410.0,175,42.017,0.544178708,0.012147731,-0.529150529,0.30799832,13,100.0,US.TSLA,12.0,16.55,9.6,8.375,0.004395230810325155,1546644647316.51,"成交额 $633,005 ≥ 阈值 $500,000 | 成交量 450 手",US.TSLA,2026-05-08 04:21:40
US.TSLA260522C417500,TSLA 260522 417.50C,411.81,557,625655.0,CALL,2026-05-22,417.5,223,43.381,0.461896062,0.010970112,-0.505412466,0.331384855,15,100.0,US.TSLA,11.5,14.12,8.55,7.175,-0.013817051552900604,1546644647316.51,"成交额 $625,655 ≥ 阈值 $500,000 | 成交量 557 手",US.TSLA,2026-05-08 04:21:40
US.TSLA260529P390000,TSLA 260529 390.00P,411.81,748,612161.0,PUT,2026-05-29,390.0,1465,41.94,-0.274460666,0.007874975,-0.312965497,0.336766187,22,100.0,US.TSLA,8.51,10.16,7.0,11.875,-0.052961317112260514,1546644647316.51,"成交额 $612,161 ≥ 阈值 $500,000 | 成交量 748 手",US.TSLA,2026-05-08 04:21:40
US.TSLA260513P412500,TSLA 260513 412.50P,411.81,560,610309.0,PUT,2026-05-13,412.5,19,42.558,-0.497789861,0.017799494,-0.761839072,0.210361312,6,100.0,US.TSLA,10.86,14.5,7.86,17.7548,0.0016755299774167643,1546644647316.51,"成交额 $610,309 ≥ 阈值 $500,000 | 成交量 560 手",US.TSLA,2026-05-08 04:21:40
US.TSLA260821C470000,TSLA 260821 470.00C,411.81,283,607526.0,CALL,2026-08-21,470.0,1690,46.5,0.35938513,0.003623541,-0.194890519,0.82963747,106,100.0,US.TSLA,20.2,23.55,18.95,17.6,-0.14130302809548093,1546644647316.51,"成交额 $607,526 ≥ 阈值 $500,000 | 成交量 283 手",US.TSLA,2026-05-08 04:21:40
US.TSLA260515C445000,TSLA 260515 445.00C,411.81,3108,602925.0,CALL,2026-05-15,445.0,3581,48.326,0.149653824,0.00790728,-0.431393725,0.141802797,8,100.0,US.TSLA,1.81,3.0,1.11,1.065,-0.08059542021806172,1546644647316.51,"成交额 $602,925 ≥ 阈值 $500,000 | 成交量 3,108 手",US.TSLA,2026-05-08 04:21:40
US.TSLA260515P370000,TSLA 260515 370.00P,411.81,5665,602146.0,PUT,2026-05-15,370.0,10573,48.277,-0.061205043,0.004113573,-0.211010048,0.073693557,8,100.0,US.TSLA,1.13,1.5,0.77,1.99,-0.10152740341419587,1546644647316.51,"成交额 $602,146 ≥ 阈值 $500,000 | 成交量 5,665 手",US.TSLA,2026-05-08 04:21:40
US.TSLA260717C470000,TSLA 260717 470.00C,411.81,449,601364.0,CALL,2026-07-17,470.0,3351,44.685,0.295841881,0.004257325,-0.2086403,0.627360877,71,100.0,US.TSLA,12.25,15.07,11.07,10.2,-0.14130302809548093,1546644647316.51,"成交额 $601,364 ≥ 阈值 $500,000 | 成交量 449 手",US.TSLA,2026-05-08 04:21:40
US.TSLA261016P360000,TSLA 261016 360.00P,411.81,243,600648.0,PUT,2026-10-16,360.0,2398,46.462,-0.263170661,0.002580264,-0.117348382,0.894365512,162,100.0,US.TSLA,24.69,26.15,23.35,27.15,-0.12581044656516355,1546644647316.51,"成交额 $600,648 ≥ 阈值 $500,000 | 成交量 243 手",US.TSLA,2026-05-08 04:21:40
US.TSLA260529P400000,TSLA 260529 400.00P,411.81,497,598667.0,PUT,2026-05-29,400.0,1113,41.562,-0.361197685,0.008936679,-0.347037127,0.378350829,22,100.0,US.TSLA,12.24,14.6,10.23,16.5254,-0.028678273961292834,1546644647316.51,"成交额 $598,667 ≥ 阈值 $500,000 | 成交量 497 手",US.TSLA,2026-05-08 04:21:40
US.TSLA260717P390000,TSLA 260717 390.00P,411.81,289,593315.0,PUT,2026-07-17,390.0,5121,43.448,-0.34030605,0.004671301,-0.190325962,0.66492239,71,100.0,US.TSLA,20.8,23.15,19.19,24.525,-0.052961317112260514,1546644647316.51,"成交额 $593,315 ≥ 阈值 $500,000 | 成交量 289 手",US.TSLA,2026-05-08 04:21:40
US.TSLA260717P370000,TSLA 260717 370.00P,411.81,424,592855.0,PUT,2026-07-17,370.0,5787,44.145,-0.248336767,0.00396246,-0.169023841,0.574604322,71,100.0,US.TSLA,14.35,15.35,12.9,16.45,-0.10152740341419587,1546644647316.51,"成交额 $592,855 ≥ 阈值 $500,000 | 成交量 424 手",US.TSLA,2026-05-08 04:21:40
US.TSLA260520C395000,TSLA 260520 395.00C,411.81,238,590242.0,CALL,2026-05-20,395.0,258,41.275,0.722483037,0.010453433,-0.447118312,0.260338925,13,100.0,US.TSLA,20.55,26.5,17.55,15.1281,0.04081979553677667,1546644647316.51,"成交额 $590,242 ≥ 阈值 $500,000 | 成交量 238 手",US.TSLA,2026-05-08 04:21:40
US.TSLA260612C410000,TSLA 260612 410.00C,411.81,266,588080.0,CALL,2026-06-12,410.0,244,42.03,0.550231011,0.007282307,-0.321283617,0.511754023,36,100.0,US.TSLA,22.0,26.05,18.4,16.775,0.004395230810325155,1546644647316.51,"成交额 $588,080 ≥ 阈值 $500,000 | 成交量 266 手",US.TSLA,2026-05-08 04:21:40
US.TSLA260612C405000,TSLA 260612 405.00C,411.81,252,585704.0,CALL,2026-06-12,405.0,173,42.384,0.586476924,0.007107597,-0.320226111,0.503678588,36,100.0,US.TSLA,24.65,28.36,20.7,18.975,0.016536752385808994,1546644647316.51,"成交额 $585,704 ≥ 阈值 $500,000 | 成交量 252 手",US.TSLA,2026-05-08 04:21:40
US.TSLA260511P430000,TSLA 260511 430.00P,411.81,269,578588.0,PUT,2026-05-11,430.0,2,41.635,-0.833625386,0.014103486,-0.525589186,0.107236261,4,100.0,US.TSLA,19.29,26.25,17.11,31.8843,0.044170855491610206,1546644647316.51,"成交额 $578,588 ≥ 阈值 $500,000 | 成交量 269 手",US.TSLA,2026-05-08 04:21:40
US.TSLA260605P410000,TSLA 260605 410.00P,411.81,305,576424.0,PUT,2026-06-05,410.0,32,41.816,-0.453417977,0.008203571,-0.316230915,0.459394943,29,100.0,US.TSLA,19.19,21.4,16.6,24.3949,-0.004395230810325155,1546644647316.51,"成交额 $576,424 ≥ 阈值 $500,000 | 成交量 305 手",US.TSLA,2026-05-08 04:21:40
US.TSLA260626C420000,TSLA 260626 420.00C,411.81,251,576358.0,CALL,2026-06-26,420.0,0,42.855,0.494543052,0.006107947,-0.279910081,0.607902061,50,100.0,US.TSLA,23.0,25.5,19.05,23.0,-0.019887812340642522,1546644647316.51,"成交额 $576,358 ≥ 阈值 $500,000 | 成交量 251 手",US.TSLA,2026-05-08 04:21:40
US.TSLA260918C570000,TSLA 260918 570.00C,411.81,548,571415.0,CALL,2026-09-18,570.0,1207,48.681,0.181561702,0.002172156,-0.125934083,0.658131875,134,100.0,US.TSLA,10.81,10.81,9.82,8.35,-0.3841334596051577,1546644647316.51,"成交额 $571,415 ≥ 阈值 $500,000 | 成交量 548 手",US.TSLA,2026-05-08 04:21:40
US.TSLA260605P415000,TSLA 260605 415.00P,411.81,270,568810.0,PUT,2026-06-05,415.0,26,41.982,-0.49439595,0.008235614,-0.318209432,0.462432463,29,100.0,US.TSLA,21.45,24.89,19.25,27.552,0.007746290765158684,1546644647316.51,"成交额 $568,810 ≥ 阈值 $500,000 | 成交量 270 手",US.TSLA,2026-05-08 04:21:40
US.TSLA260513C430000,TSLA 260513 430.00C,411.81,2006,558181.0,CALL,2026-05-13,430.0,579,45.407,0.240529225,0.012995141,-0.643069407,0.16415532,6,100.0,US.TSLA,2.11,4.5,1.63,1.455,-0.044170855491610206,1546644647316.51,"成交额 $558,181 ≥ 阈值 $500,000 | 成交量 2,006 手",US.TSLA,2026-05-08 04:21:40
US.TSLA260513C402500,TSLA 260513 402.50C,411.81,431,556547.0,CALL,2026-05-13,402.5,219,42.055,0.677826294,0.016166486,-0.715374028,0.189152003,6,100.0,US.TSLA,12.5,16.5,8.9,7.475,0.022607513173550916,1546644647316.51,"成交额 $556,547 ≥ 阈值 $500,000 | 成交量 431 手",US.TSLA,2026-05-08 04:21:40
US.TSLA260515P397500,TSLA 260515 397.50P,411.81,923,554557.0,PUT,2026-05-15,397.5,606,44.227,-0.27959768,0.012492157,-0.569315461,0.204882117,8,100.0,US.TSLA,6.15,8.0,4.25,9.9,-0.034749034749034756,1546644647316.51,"成交额 $554,557 ≥ 阈值 $500,000 | 成交量 923 手",US.TSLA,2026-05-08 04:21:40
US.TSLA260522C402500,TSLA 260522 402.50C,411.81,314,548454.0,CALL,2026-05-22,402.5,460,42.979,0.626551455,0.010558797,-0.484272911,0.316006175,15,100.0,US.TSLA,17.75,21.5,14.92,12.625,0.022607513173550916,1546644647316.51,"成交额 $548,454 ≥ 阈值 $500,000 | 成交量 314 手",US.TSLA,2026-05-08 04:21:40
US.TSLA261120P350000,TSLA 261120 350.00P,411.81,209,545080.0,PUT,2026-11-20,350.0,4934,47.594,-0.24588861,0.002205486,-0.104605913,0.95195105,197,100.0,US.TSLA,26.02,26.75,25.0,28.15,-0.15009348971613123,1546644647316.51,"成交额 $545,080 ≥ 阈值 $500,000 | 成交量 209 手",US.TSLA,2026-05-08 04:21:40
US.TSLA260618P355000,TSLA 260618 355.00P,411.81,1003,542769.0,PUT,2026-06-18,355.0,3696,45.037,-0.141517123,0.003567269,-0.162313383,0.312997622,42,100.0,US.TSLA,5.44,6.15,4.85,6.825,-0.1379519681406474,1546644647316.51,"成交额 $542,769 ≥ 阈值 $500,000 | 成交量 1,003 手",US.TSLA,2026-05-08 04:21:40
US.TSLA260605P405000,TSLA 260605 405.00P,411.81,321,541267.0,PUT,2026-06-05,405.0,113,41.852,-0.412349296,0.008045409,-0.31223213,0.451400633,29,100.0,US.TSLA,19.25,19.4,14.85,21.5152,-0.016536752385808994,1546644647316.51,"成交额 $541,267 ≥ 阈值 $500,000 | 成交量 321 手",US.TSLA,2026-05-08 04:21:40
US.TSLA260717C480000,TSLA 260717 480.00C,411.81,472,535788.0,CALL,2026-07-17,480.0,5839,45.053,0.262269036,0.003982171,-0.197621182,0.591629362,71,100.0,US.TSLA,10.4,13.14,9.52,8.725,-0.16558607124644859,1546644647316.51,"成交额 $535,788 ≥ 阈值 $500,000 | 成交量 472 手",US.TSLA,2026-05-08 04:21:40
US.TSLA260918P310000,TSLA 260918 310.00P,411.81,598,529235.0,PUT,2026-09-18,310.0,7251,48.614,-0.124563079,0.001696329,-0.087800723,0.5121087,134,100.0,US.TSLA,8.72,9.5,8.5,10.0,-0.24722566232000195,1546644647316.51,"成交额 $529,235 ≥ 阈值 $500,000 | 成交量 598 手",US.TSLA,2026-05-08 04:21:40
US.TSLA260605P370000,TSLA 260605 370.00P,411.81,1014,528352.0,PUT,2026-06-05,370.0,454,43.628,-0.170062989,0.005003198,-0.214694579,0.293602552,29,100.0,US.TSLA,6.0,6.55,4.7,7.325,-0.10152740341419587,1546644647316.51,"成交额 $528,352 ≥ 阈值 $500,000 | 成交量 1,014 手",US.TSLA,2026-05-08 04:21:40
US.TSLA260520C415000,TSLA 260520 415.00C,411.81,465,521378.0,CALL,2026-05-20,415.0,104,42.444,0.483753367,0.012089587,-0.534687745,0.309643333,13,100.0,US.TSLA,10.05,14.14,7.95,6.825,-0.007746290765158684,1546644647316.51,"成交额 $521,378 ≥ 阈值 $500,000 | 成交量 465 手",US.TSLA,2026-05-08 04:21:40
US.TSLA260511P390000,TSLA 260511 390.00P,411.81,3938,519985.0,PUT,2026-05-11,390.0,1218,39.82,-0.090756088,0.009532784,-0.327791486,0.070318647,4,100.0,US.TSLA,1.5,2.11,0.75,3.5,-0.052961317112260514,1546644647316.51,"成交额 $519,985 ≥ 阈值 $500,000 | 成交量 3,938 手",US.TSLA,2026-05-08 04:21:40
US.TSLA260515P385000,TSLA 260515 385.00P,411.81,1974,514079.0,PUT,2026-05-15,385.0,3910,45.383,-0.147575235,0.008343261,-0.392828435,0.140465005,8,100.0,US.TSLA,2.88,3.9,2.0,5.05,-0.06510283868774436,1546644647316.51,"成交额 $514,079 ≥ 阈值 $500,000 | 成交量 1,974 手",US.TSLA,2026-05-08 04:21:40
US.TSLA260511C387500,TSLA 260511 387.50C,411.81,232,509704.0,CALL,2026-05-11,387.5,189,39.084,0.935518583,0.007489346,-0.277789877,0.054233074,4,100.0,US.TSLA,22.06,27.89,17.57,14.1638,0.059032077900002436,1546644647316.51,"成交额 $509,704 ≥ 阈值 $500,000 | 成交量 232 手",US.TSLA,2026-05-08 04:21:40
US.TSLA260717P380000,TSLA 260717 380.00P,411.81,296,506741.0,PUT,2026-07-17,380.0,4724,43.759,-0.2927638,0.00434495,-0.180936549,0.62382991,71,100.0,US.TSLA,17.11,19.0,15.78,20.2,-0.07724436026322819,1546644647316.51,"成交额 $506,741 ≥ 阈值 $500,000 | 成交量 296 手",US.TSLA,2026-05-08 04:21:40
US.TSLA260612C450000,TSLA 260612 450.00C,411.81,545,503361.0,CALL,2026-06-12,450.0,644,43.515,0.289530475,0.006078898,-0.279386662,0.442237386,36,100.0,US.TSLA,8.6,10.8,7.0,6.25,-0.09273694179354557,1546644647316.51,"成交额 $503,361 ≥ 阈值 $500,000 | 成交量 545 手",US.TSLA,2026-05-08 04:21:40
US.TSLA260518C395000,TSLA 260518 395.00C,411.81,282,500338.0,CALL,2026-05-18,395.0,269,40.767,0.738711214,0.011163928,-0.46599136,0.232327635,11,100.0,US.TSLA,20.4,24.2,15.95,13.776,0.04081979553677667,1546644647316.51,"成交额 $500,338 ≥ 阈值 $500,000 | 成交量 282 手",US.TSLA,2026-05-08 04:21:40
US.AA260717P65000,AA 260717 65.00P,62.64,1946,1272902.0,PUT,2026-07-17,65.0,378,51.676,-0.509783351,0.028261265,-0.036941007,0.109990984,71,100.0,US.AA,6.4,6.6,6.1,6.7441,0.03767560664112387,16530061770.0,"成交额 $1,272,902 ≥ 阈值 $500,000 | 成交量 1,946 手",US.AA,2026-05-08 04:22:07
US.AAL260618P11000,AAL 260618 11.00P,13.18,69869,1569176.0,PUT,2026-06-18,11.0,19959,56.516,-0.144672404,0.090132431,-0.006660167,0.010170603,42,100.0,US.AAL,0.19,0.24,0.14,0.205,-0.16540212443095598,8717056105.66,"成交额 $1,569,176 ≥ 阈值 $500,000 | 成交量 69,869 手",US.AAL,2026-05-08 04:22:32
US.AAL260515P13000,AAL 260515 13.00P,13.18,14446,544428.0,PUT,2026-05-15,13.0,10352,54.143,-0.412579459,0.369051074,-0.026016404,0.007591143,8,100.0,US.AAL,0.35,0.42,0.24,0.44,-0.013657056145675243,8717056105.66,"成交额 $544,428 ≥ 阈值 $500,000 | 成交量 14,446 手",US.AAL,2026-05-08 04:22:32
US.AAON260515C100000,AAON 260515 100.00C,129.25,944,3635488.0,CALL,2026-05-15,100.0,1656,0.0,0.0,0.0,0.0,0.0,8,100.0,US.AAON,44.1,48.5,26.1,7.15,0.2263056092843327,10587088517.5,"成交额 $3,635,488 ≥ 阈值 $500,000 | 成交量 944 手",US.AAON,2026-05-08 04:22:36
US.AAON260515C95000,AAON 260515 95.00C,129.25,750,3242048.0,CALL,2026-05-15,95.0,735,82.274,0.995288363,0.000871549,-0.02071948,0.002624279,8,100.0,US.AAON,47.29,51.2,41.6,9.2017,0.26499032882011603,10587088517.5,"成交额 $3,242,048 ≥ 阈值 $500,000 | 成交量 750 手",US.AAON,2026-05-08 04:22:36
US.AAON260515C105000,AAON 260515 105.00C,129.25,270,957649.0,CALL,2026-05-15,105.0,1012,65.949,0.985600829,0.002898705,-0.035927469,0.006994478,8,100.0,US.AAON,37.71,41.2,28.22,5.4,0.18762088974854932,10587088517.5,"成交额 $957,649 ≥ 阈值 $500,000 | 成交量 270 手",US.AAON,2026-05-08 04:22:36
US.AAON261016C120000,AAON 261016 120.00C,129.25,268,937209.0,CALL,2026-10-16,120.0,3,61.53,0.664799332,0.006877873,-0.065661056,0.313765167,162,100.0,US.AAON,34.6,35.5,29.18,9.9232,0.07156673114119923,10587088517.5,"成交额 $937,209 ≥ 阈值 $500,000 | 成交量 268 手",US.AAON,2026-05-08 04:22:36
US.AAON260717C160000,AAON 260717 160.00C,129.25,938,689169.0,CALL,2026-07-17,160.0,0,56.836,0.242645642,0.009652776,-0.074144631,0.178247253,71,100.0,US.AAON,8.61,11.62,4.05,1.907,-0.2379110251450677,10587088517.5,"成交额 $689,169 ≥ 阈值 $500,000 | 成交量 938 手",US.AAON,2026-05-08 04:22:36
US.AAON260515C110000,AAON 260515 110.00C,129.25,229,676320.0,CALL,2026-05-15,110.0,258,74.524,0.936344435,0.008752572,-0.117082711,0.023857828,8,100.0,US.AAON,30.8,35.0,26.0,3.95,0.14893617021276595,10587088517.5,"成交额 $676,320 ≥ 阈值 $500,000 | 成交量 229 手",US.AAON,2026-05-08 04:22:36
US.AMKR260618C75000,AMKR 260618 75.00C,72.27,1205,934355.0,CALL,2026-06-18,75.0,912,77.141,0.502053596,0.021097344,-0.093341987,0.097789767,42,100.0,US.AMKR,8.0,8.4,6.5,9.694,-0.03777501037775016,17913746875.86,"成交额 $934,355 ≥ 阈值 $500,000 | 成交量 1,205 手",US.AMKR,2026-05-08 04:25:40
US.ANF260618C75000,ANF 260618 75.00C,78.51,811,804704.0,CALL,2026-06-18,75.0,816,72.392,0.627837845,0.019622769,-0.091322042,0.100733258,42,100.0,US.ANF,10.09,10.09,9.2,10.3958,0.04470768055024844,3512421597.75,"成交额 $804,704 ≥ 阈值 $500,000 | 成交量 811 手",US.ANF,2026-05-08 04:26:11
US.ANF260618C80000,ANF 260618 80.00C,78.51,752,545806.0,CALL,2026-06-18,80.0,1401,69.903,0.522709465,0.02139657,-0.092232146,0.106063582,42,100.0,US.ANF,7.52,7.52,7.0,7.65,-0.018978474079735,3512421597.75,"成交额 $545,806 ≥ 阈值 $500,000 | 成交量 752 手",US.ANF,2026-05-08 04:26:11
US.AR260918P36000,AR 260918 36.00P,36.37,4001,1280322.0,PUT,2026-09-18,36.0,49,40.693,-0.418066195,0.044283128,-0.011566005,0.085813354,134,100.0,US.AR,3.2,3.22,3.2,2.925,-0.010173219686554782,11268735320.0,"成交额 $1,280,322 ≥ 阈值 $500,000 | 成交量 4,001 手",US.AR,2026-05-08 04:27:04
US.ATI260618C160000,ATI 260618 160.00C,162.66,1202,1472527.0,CALL,2026-06-18,160.0,1227,46.169,0.583315949,0.015319019,-0.127373287,0.215283926,42,100.0,US.ATI,12.55,12.72,12.25,12.8503,0.016353129226607626,22198279655.82,"成交额 $1,472,527 ≥ 阈值 $500,000 | 成交量 1,202 手",US.ATI,2026-05-08 04:28:06
US.ATI260618C175000,ATI 260618 175.00C,162.66,1204,715424.0,CALL,2026-06-18,175.0,402,44.904,0.353311006,0.01500161,-0.115334709,0.205040546,42,100.0,US.ATI,5.94,7.0,5.94,6.2,-0.07586376490839791,22198279655.82,"成交额 $715,424 ≥ 阈值 $500,000 | 成交量 1,204 手",US.ATI,2026-05-08 04:28:06
US.AVAV260626C165000,AVAV 260626 165.00C,168.18,1013,2077707.0,CALL,2026-06-26,165.0,0,67.93,0.587649331,0.009206904,-0.173474501,0.242287186,50,100.0,US.AVAV,21.0,21.0,19.2,21.0,0.018908312522297577,8397898942.74,"成交额 $2,077,707 ≥ 阈值 $500,000 | 成交量 1,013 手",US.AVAV,2026-05-08 04:28:34
US.AVAV260618C165000,AVAV 260618 165.00C,168.18,1025,1859579.0,CALL,2026-06-18,165.0,28,69.683,0.585777223,0.009803373,-0.193655502,0.22229018,42,100.0,US.AVAV,18.17,18.43,17.0,22.3307,0.018908312522297577,8397898942.74,"成交额 $1,859,579 ≥ 阈值 $500,000 | 成交量 1,025 手",US.AVAV,2026-05-08 04:28:34
US.AVAV260626P210000,AVAV 260626 210.00P,168.18,375,1845430.0,PUT,2026-06-26,210.0,0,76.584,-0.737453786,0.007010872,-0.142051578,0.202350602,50,100.0,US.AVAV,47.61,50.67,47.47,47.61,0.248662147698894,8397898942.74,"成交额 $1,845,430 ≥ 阈值 $500,000 | 成交量 375 手",US.AVAV,2026-05-08 04:28:34
US.AVAV260618P210000,AVAV 260618 210.00P,168.18,375,1779055.0,PUT,2026-06-18,210.0,1089,79.137,-0.754224242,0.00713894,-0.155666798,0.179180413,42,100.0,US.AVAV,45.84,48.9,45.7,40.7557,0.248662147698894,8397898942.74,"成交额 $1,779,055 ≥ 阈值 $500,000 | 成交量 375 手",US.AVAV,2026-05-08 04:28:34
US.AVAV260918C175000,AVAV 260918 175.00C,168.18,440,1337011.0,CALL,2026-09-18,175.0,664,76.157,0.568902783,0.005063956,-0.120699266,0.400435641,134,100.0,US.AVAV,32.9,33.53,27.5,33.0,-0.040551789749078325,8397898942.74,"成交额 $1,337,011 ≥ 阈值 $500,000 | 成交量 440 手",US.AVAV,2026-05-08 04:28:34
US.AVAV260515C146000,AVAV 260515 146.00C,168.18,410,1085906.0,CALL,2026-05-15,146.0,410,0.0,0.0,0.0,0.0,0.0,8,100.0,US.AVAV,27.0,27.16,25.75,29.6314,0.1318825068379118,8397898942.74,"成交额 $1,085,906 ≥ 阈值 $500,000 | 成交量 410 手",US.AVAV,2026-05-08 04:28:34
US.AVAV260515C147000,AVAV 260515 147.00C,168.18,410,1049474.0,CALL,2026-05-15,147.0,410,0.0,0.0,0.0,0.0,0.0,8,100.0,US.AVAV,26.1,26.22,24.9,28.7161,0.12593649661077422,8397898942.74,"成交额 $1,049,474 ≥ 阈值 $500,000 | 成交量 410 手",US.AVAV,2026-05-08 04:28:34
US.BURL260612P260000,BURL 260612 260.00P,306.6,2678,538806.0,PUT,2026-06-12,260.0,0,44.416,-0.100971904,0.004134447,-0.101730887,0.170086102,36,100.0,US.BURL,2.84,2.84,2.01,2.1049,-0.15198956294846713,19263761088.6,"成交额 $538,806 ≥ 阈值 $500,000 | 成交量 2,678 手",US.BURL,2026-05-08 04:33:08
US.BWXT260618C230000,BWXT 260618 230.00C,209.89,1538,1181920.0,CALL,2026-06-18,230.0,80,48.162,0.325371161,0.010501993,-0.153756058,0.256331807,42,100.0,US.BWXT,8.4,8.4,6.3,8.65,-0.09581209204821581,19228998678.61,"成交额 $1,181,920 ≥ 阈值 $500,000 | 成交量 1,538 手",US.BWXT,2026-05-08 04:33:37
US.BWXT260618C250000,BWXT 260618 250.00C,209.89,1477,517844.0,CALL,2026-06-18,250.0,52,50.09,0.178873073,0.007329453,-0.114340957,0.18604381,42,100.0,US.BWXT,3.6,3.6,2.6,4.05,-0.1911001000524085,19228998678.61,"成交额 $517,844 ≥ 阈值 $500,000 | 成交量 1,477 手",US.BWXT,2026-05-08 04:33:37
US.CAR260515P400000,CAR 260515 400.00P,154.06,1303,31623064.0,PUT,2026-05-15,400.0,1682,0.0,0.0,0.0,0.0,0.0,8,100.0,US.CAR,237.97,244.7,237.97,235.77,1.596391016487083,5442167343.16,"成交额 $31,623,064 ≥ 阈值 $500,000 | 成交量 1,303 手",US.CAR,2026-05-08 04:34:08
US.CAR260515P650000,CAR 260515 650.00P,154.06,500,24567500.0,PUT,2026-05-15,650.0,224,0.0,0.0,0.0,0.0,0.0,8,100.0,US.CAR,488.6,494.1,488.6,485.77,3.21913540179151,5442167343.16,"成交额 $24,567,500 ≥ 阈值 $500,000 | 成交量 500 手",US.CAR,2026-05-08 04:34:08
US.CAR260515P380000,CAR 260515 380.00P,154.06,1000,22576250.0,PUT,2026-05-15,380.0,1295,0.0,0.0,0.0,0.0,0.0,8,100.0,US.CAR,221.5,227.0,221.5,215.77,1.4665714656627287,5442167343.16,"成交额 $22,576,250 ≥ 阈值 $500,000 | 成交量 1,000 手",US.CAR,2026-05-08 04:34:08
US.CAR260515P450000,CAR 260515 450.00P,154.06,654,18873338.0,PUT,2026-05-15,450.0,145,0.0,0.0,0.0,0.0,0.0,8,100.0,US.CAR,287.92,293.2,287.2,285.77,1.9209398935479682,5442167343.16,"成交额 $18,873,338 ≥ 阈值 $500,000 | 成交量 654 手",US.CAR,2026-05-08 04:34:08
US.CAR260515P500000,CAR 260515 500.00P,154.06,423,14344464.0,PUT,2026-05-15,500.0,94,0.0,0.0,0.0,0.0,0.0,8,100.0,US.CAR,337.87,344.5,337.7,335.77,2.2454887706088535,5442167343.16,"成交额 $14,344,464 ≥ 阈值 $500,000 | 成交量 423 手",US.CAR,2026-05-08 04:34:08
US.CAR260515P360000,CAR 260515 360.00P,154.06,450,8896500.0,PUT,2026-05-15,360.0,61,0.0,0.0,0.0,0.0,0.0,8,100.0,US.CAR,197.7,197.7,197.7,195.77,1.3367519148383746,5442167343.16,"成交额 $8,896,500 ≥ 阈值 $500,000 | 成交量 450 手",US.CAR,2026-05-08 04:34:08
US.CAR260515P440000,CAR 260515 440.00P,154.06,200,5621000.0,PUT,2026-05-15,440.0,76,0.0,0.0,0.0,0.0,0.0,8,100.0,US.CAR,279.4,282.7,279.4,275.77,1.8560301181357912,5442167343.16,"成交额 $5,621,000 ≥ 阈值 $500,000 | 成交量 200 手",US.CAR,2026-05-08 04:34:08
US.CAR260618P150000,CAR 260618 150.00P,154.06,820,772949.0,PUT,2026-06-18,150.0,3539,64.124,-0.401911914,0.011580537,-0.148727822,0.202040943,42,100.0,US.CAR,7.0,11.0,7.0,8.6,-0.026353368817343906,5442167343.16,"成交额 $772,949 ≥ 阈值 $500,000 | 成交量 820 手",US.CAR,2026-05-08 04:34:08
US.CAR260515P170000,CAR 260515 170.00P,154.06,496,725076.0,PUT,2026-05-15,170.0,1504,85.57,-0.76118078,0.015968252,-0.370846071,0.070636104,8,100.0,US.CAR,13.25,18.0,12.0,11.4556,0.10346618200701024,5442167343.16,"成交额 $725,076 ≥ 阈值 $500,000 | 成交量 496 手",US.CAR,2026-05-08 04:34:08
US.CAR260508P170000,CAR 260508 170.00P,154.06,614,718611.0,PUT,2026-05-08,170.0,547,95.601,-0.974989262,0.007895679,-0.196494866,0.004680891,1,100.0,US.CAR,9.0,16.2,9.0,8.6596,0.10346618200701024,5442167343.16,"成交额 $718,611 ≥ 阈值 $500,000 | 成交量 614 手",US.CAR,2026-05-08 04:34:08
US.CELH260618C40000,CELH 260618 40.00C,34.26,8521,1166975.0,CALL,2026-06-18,40.0,15312,64.685,0.281908747,0.04493013,-0.031164386,0.03924384,42,100.0,US.CELH,1.07,1.66,0.89,1.33,-0.16754232340922365,8758238733.6,"成交额 $1,166,975 ≥ 阈值 $500,000 | 成交量 8,521 手",US.CELH,2026-05-08 04:35:36
US.CELH260515C34000,CELH 260515 34.00C,34.26,5654,884144.0,CALL,2026-05-15,34.0,3394,64.893,0.553955832,0.120157358,-0.085824509,0.02003882,8,100.0,US.CELH,1.41,2.48,1.0,2.0619,0.007589025102159895,8758238733.6,"成交额 $884,144 ≥ 阈值 $500,000 | 成交量 5,654 手",US.CELH,2026-05-08 04:35:36
US.CGNX260515C60000,CGNX 260515 60.00C,65.92,5230,4650018.0,CALL,2026-05-15,60.0,7735,47.612,0.916578479,0.033043978,-0.048822777,0.014961206,8,100.0,US.CGNX,5.02,11.43,5.02,5.6524,0.08980582524271848,10977459840.0,"成交额 $4,650,018 ≥ 阈值 $500,000 | 成交量 5,230 手",US.CGNX,2026-05-08 04:36:07
US.CGNX260515C65000,CGNX 260515 65.00C,65.92,4309,1978657.0,CALL,2026-05-15,65.0,6068,47.214,0.597764265,0.084026732,-0.118794157,0.037731971,8,100.0,US.CGNX,2.49,7.0,1.85,3.1,0.013956310679611676,10977459840.0,"成交额 $1,978,657 ≥ 阈值 $500,000 | 成交量 4,309 手",US.CGNX,2026-05-08 04:36:07
US.CGNX260515C70000,CGNX 260515 70.00C,65.92,3441,634871.0,CALL,2026-05-15,70.0,4056,48.173,0.213079853,0.061869023,-0.087495855,0.028343947,8,100.0,US.CGNX,0.75,3.1,0.42,1.8816,-0.06189320388349512,10977459840.0,"成交额 $634,871 ≥ 阈值 $500,000 | 成交量 3,441 手",US.CGNX,2026-05-08 04:36:07
US.CHDN260618P80000,CHDN 260618 80.00P,88.85,7611,648668.0,PUT,2026-06-18,80.0,8229,35.702,-0.168758068,0.023441447,-0.030877899,0.075843816,42,100.0,US.CHDN,0.83,1.26,0.8,0.85,-0.09960607765897575,6192570275.8,"成交额 $648,668 ≥ 阈值 $500,000 | 成交量 7,611 手",US.CHDN,2026-05-08 04:36:12
US.CHWY260618P37500,CHWY 260618 37.50P,23.67,1207,1732035.0,PUT,2026-06-18,37.5,5083,99.975,-0.886152916,0.026153651,-0.015975806,0.015346141,42,100.0,US.CHWY,14.35,14.36,13.8,12.935,0.5842839036755385,9862743737.88,"成交额 $1,732,035 ≥ 阈值 $500,000 | 成交量 1,207 手",US.CHWY,2026-05-08 04:37:07
US.CHWY260515P32500,CHWY 260515 32.50P,23.67,1170,1084950.0,PUT,2026-05-15,32.5,500,154.863,-0.89801391,0.033275829,-0.056007374,0.006228949,8,100.0,US.CHWY,9.05,9.35,9.05,7.91,0.3730460498521334,9862743737.88,"成交额 $1,084,950 ≥ 阈值 $500,000 | 成交量 1,170 手",US.CHWY,2026-05-08 04:37:07
US.DOCN260508C127000,DOCN 260508 127.00C,150.43,1925,4764375.0,CALL,2026-05-08,127.0,3827,240.654,0.921198823,0.007788561,-1.378329804,0.011525113,1,100.0,US.DOCN,24.75,24.75,24.75,34.2388,0.15575350661437218,15699503747.83,"成交额 $4,764,375 ≥ 阈值 $500,000 | 成交量 1,925 手",US.DOCN,2026-05-08 04:43:34
US.DOCN260821C90000,DOCN 260821 90.00C,150.43,245,1571278.0,CALL,2026-08-21,90.0,3981,93.268,0.902241523,0.002283021,-0.0685678,0.139918275,106,100.0,US.DOCN,64.84,66.8,61.1,75.666,0.40171508342750784,15699503747.83,"成交额 $1,571,278 ≥ 阈值 $500,000 | 成交量 245 手",US.DOCN,2026-05-08 04:43:34
US.DOCN261120C180000,DOCN 261120 180.00C,150.43,351,997090.0,CALL,2026-11-20,180.0,1440,85.904,0.524894736,0.004193618,-0.101082152,0.440066756,197,100.0,US.DOCN,30.7,30.7,27.53,33.7196,-0.19656983314498433,15699503747.83,"成交额 $997,090 ≥ 阈值 $500,000 | 成交量 351 手",US.DOCN,2026-05-08 04:43:34
US.DOCS260515C25000,DOCS 260515 25.00C,26.03,1822,576004.0,CALL,2026-05-15,25.0,8514,175.992,0.613445488,0.056457375,-0.168967307,0.014740299,8,100.0,US.DOCS,3.2,3.3,3.05,2.9491,0.039569727237802575,4807974176.74,"成交额 $576,004 ≥ 阈值 $500,000 | 成交量 1,822 手",US.DOCS,2026-05-08 04:43:38
US.DUOL260508C110000,DUOL 260508 110.00C,113.61,4067,940711.0,CALL,2026-05-08,110.0,4284,85.444,0.773214012,0.059533408,-0.78605102,0.01784079,1,100.0,US.DUOL,1.55,6.1,1.4,0.7522,0.03177537188627761,5293444022.37,"成交额 $940,711 ≥ 阈值 $500,000 | 成交量 4,067 手",US.DUOL,2026-05-08 04:44:13
US.DUOL260618P130000,DUOL 260618 130.00P,113.61,440,874756.0,PUT,2026-06-18,130.0,374,63.876,-0.692441185,0.014531178,-0.095214805,0.135185596,42,100.0,US.DUOL,22.21,22.21,19.2,26.5579,0.14426546958894465,5293444022.37,"成交额 $874,756 ≥ 阈值 $500,000 | 成交量 440 手",US.DUOL,2026-05-08 04:44:13
US.DUOL260508C100000,DUOL 260508 100.00C,113.61,732,806311.0,CALL,2026-05-08,100.0,236,0.0,0.0,0.0,0.0,0.0,1,100.0,US.DUOL,8.6,14.34,8.6,5.8808,0.11979579262388874,5293444022.37,"成交额 $806,311 ≥ 阈值 $500,000 | 成交量 732 手",US.DUOL,2026-05-08 04:44:13
US.DUOL260508C111000,DUOL 260508 111.00C,113.61,3852,667018.0,CALL,2026-05-08,111.0,3862,66.354,0.755555687,0.079899006,-0.638978588,0.01859407,1,100.0,US.DUOL,1.5,4.5,1.25,0.6463,0.0229733298125165,5293444022.37,"成交额 $667,018 ≥ 阈值 $500,000 | 成交量 3,852 手",US.DUOL,2026-05-08 04:44:13
US.EVR260618C350000,EVR 260618 350.00C,331.28,663,670619.0,CALL,2026-06-18,350.0,1025,37.353,0.36790724,0.008979088,-0.200435004,0.423443757,42,100.0,US.EVR,10.7,11.05,9.45,10.4001,-0.056508089833373666,12814733299.52,"成交额 $670,619 ≥ 阈值 $500,000 | 成交量 663 手",US.EVR,2026-05-08 04:47:10
US.FLEX260821C90000,FLEX 260821 90.00C,133.01,1000,9861000.0,CALL,2026-08-21,90.0,1200,62.659,0.912616745,0.003537227,-0.04116815,0.113852285,106,100.0,US.FLEX,49.28,49.28,49.28,47.825,0.3233591459288775,48904308631.24,"成交额 $9,861,000 ≥ 阈值 $500,000 | 成交量 1,000 手",US.FLEX,2026-05-08 04:50:08
US.FLEX260918C95000,FLEX 260918 95.00C,133.01,400,3704400.0,CALL,2026-09-18,95.0,415,59.0,0.876497747,0.004293097,-0.043617132,0.164484885,134,100.0,US.FLEX,46.28,46.28,46.28,44.0383,0.2857679873693707,48904308631.24,"成交额 $3,704,400 ≥ 阈值 $500,000 | 成交量 400 手",US.FLEX,2026-05-08 04:50:08
US.FLEX260918C100000,FLEX 260918 100.00C,133.01,405,3398814.0,CALL,2026-09-18,100.0,423,60.962,0.839698888,0.004958642,-0.051938316,0.196307829,134,100.0,US.FLEX,42.14,42.14,39.52,40.6485,0.24817682880986386,48904308631.24,"成交额 $3,398,814 ≥ 阈值 $500,000 | 成交量 405 手",US.FLEX,2026-05-08 04:50:08
US.FLEX260515C130000,FLEX 260515 130.00C,133.01,745,598832.0,CALL,2026-05-15,130.0,1517,56.314,0.627781229,0.03413787,-0.278244953,0.074440349,8,100.0,US.FLEX,6.96,10.55,5.6,9.0389,0.02262987745282303,48904308631.24,"成交额 $598,832 ≥ 阈值 $500,000 | 成交量 745 手",US.FLEX,2026-05-08 04:50:08
US.FLEX260515C125000,FLEX 260515 125.00C,133.01,518,533935.0,CALL,2026-05-15,125.0,619,53.558,0.797735029,0.026743838,-0.197894258,0.055459118,8,100.0,US.FLEX,10.9,14.5,9.5,12.1444,0.06022103601232984,48904308631.24,"成交额 $533,935 ≥ 阈值 $500,000 | 成交量 518 手",US.FLEX,2026-05-08 04:50:08
US.FLR260515P52500,FLR 260515 52.50P,51.08,1414,561869.0,PUT,2026-05-15,52.5,5455,116.885,-0.527064648,0.045084098,-0.224271729,0.030082285,8,100.0,US.FLR,2.46,4.3,2.45,2.225,0.027799530148786254,7336492240.28,"成交额 $561,869 ≥ 阈值 $500,000 | 成交量 1,414 手",US.FLR,2026-05-08 04:50:40
US.FN260515P670000,FN 260515 670.00P,626.12,255,1971798.0,PUT,2026-05-15,670.0,718,88.995,-0.671340743,0.004394879,-1.865882692,0.334887773,8,100.0,US.FN,50.2,62.0,49.65,32.0364,0.0700824123171277,22433716808.8,"成交额 $1,971,798 ≥ 阈值 $500,000 | 成交量 255 手",US.FN,2026-05-08 04:51:09
US.FOUR260918P55000,FOUR 260918 55.00P,46.85,421,548535.0,PUT,2026-09-18,55.0,813,74.198,-0.545477837,0.019225627,-0.028125836,0.112288623,134,100.0,US.FOUR,12.25,13.5,12.1,16.4375,0.17395944503735322,3858688934.4,"成交额 $548,535 ≥ 阈值 $500,000 | 成交量 421 手",US.FOUR,2026-05-08 04:52:05
US.GME260618C30000,GME 260618 30.00C,23.97,16384,1142055.0,CALL,2026-06-18,30.0,98516,70.469,0.211347958,0.050492512,-0.020191705,0.023517956,42,100.0,US.GME,0.86,0.94,0.58,0.8952,-0.2515644555694619,10747552513.29,"成交额 $1,142,055 ≥ 阈值 $500,000 | 成交量 16,384 手",US.GME,2026-05-08 04:53:41
US.GME260618C25000,GME 260618 25.00C,23.97,4171,681788.0,CALL,2026-06-18,25.0,22730,58.711,0.463890787,0.083234903,-0.023673188,0.03230163,42,100.0,US.GME,2.15,2.2,1.42,2.1794,-0.04297037964121824,10747552513.29,"成交额 $681,788 ≥ 阈值 $500,000 | 成交量 4,171 手",US.GME,2026-05-08 04:53:41
US.GME260515C25000,GME 260515 25.00C,23.97,11273,558755.0,CALL,2026-05-15,25.0,18246,51.074,0.305597898,0.193534636,-0.041312683,0.012433562,8,100.0,US.GME,0.84,0.89,0.33,0.8399,-0.04297037964121824,10747552513.29,"成交额 $558,755 ≥ 阈值 $500,000 | 成交量 11,273 手",US.GME,2026-05-08 04:53:41
US.KTOS260515P90000,KTOS 260515 90.00P,57.0,645,2163864.0,PUT,2026-05-15,90.0,234,0.0,0.0,0.0,0.0,0.0,8,100.0,US.KTOS,30.35,33.9,30.1,28.5293,0.5789473684210527,10688639088.0,"成交额 $2,163,864 ≥ 阈值 $500,000 | 成交量 645 手",US.KTOS,2026-05-08 05:02:09
US.KTOS260515P85000,KTOS 260515 85.00P,57.0,501,1452320.0,PUT,2026-05-15,85.0,250,188.249,-0.902707078,0.010978965,-0.158160655,0.014493991,8,100.0,US.KTOS,26.29,29.1,26.29,23.5832,0.49122807017543857,10688639088.0,"成交额 $1,452,320 ≥ 阈值 $500,000 | 成交量 501 手",US.KTOS,2026-05-08 05:02:09
US.KTOS260515P82500,KTOS 260515 82.50P,57.0,344,907376.0,PUT,2026-05-15,82.5,235,0.0,0.0,0.0,0.0,0.0,8,100.0,US.KTOS,24.44,26.4,24.44,21.1326,0.4473684210526316,10688639088.0,"成交额 $907,376 ≥ 阈值 $500,000 | 成交量 344 手",US.KTOS,2026-05-08 05:02:09
US.KTOS260515P87500,KTOS 260515 87.50P,57.0,224,650501.0,PUT,2026-05-15,87.5,143,0.0,0.0,0.0,0.0,0.0,8,100.0,US.KTOS,29.68,31.9,29.0,26.0427,0.5350877192982456,10688639088.0,"成交额 $650,501 ≥ 阈值 $500,000 | 成交量 224 手",US.KTOS,2026-05-08 05:02:09
US.MKSI260515C270000,MKSI 260515 270.00C,300.79,248,912110.0,CALL,2026-05-15,270.0,239,76.551,0.84543203,0.006980787,-0.530150426,0.105857616,8,100.0,US.MKSI,48.1,48.1,34.0,31.1418,0.1023637753914692,20249693541.42,"成交额 $912,110 ≥ 阈值 $500,000 | 成交量 248 手",US.MKSI,2026-05-08 05:05:38
US.MKSI260717C310000,MKSI 260717 310.00C,300.79,248,750050.0,CALL,2026-07-17,310.0,50,61.151,0.519666226,0.004911959,-0.24116592,0.528570457,71,100.0,US.MKSI,30.25,30.39,29.61,26.8,-0.030619368994979815,20249693541.42,"成交额 $750,050 ≥ 阈值 $500,000 | 成交量 248 手",US.MKSI,2026-05-08 05:05:38
US.MP260618C75000,MP 260618 75.00C,69.13,1892,926623.0,CALL,2026-06-18,75.0,4688,74.385,0.428483896,0.022504177,-0.084445946,0.092035832,42,100.0,US.MP,6.45,6.68,4.15,6.4,-0.08491248372631281,12306452847.83,"成交额 $926,623 ≥ 阈值 $500,000 | 成交量 1,892 手",US.MP,2026-05-08 05:06:14
US.MP260918C70000,MP 260918 70.00C,69.13,512,635337.0,CALL,2026-09-18,70.0,3303,73.309,0.588649886,0.012670348,-0.047516915,0.162954618,134,100.0,US.MP,14.18,14.35,11.22,13.8795,-0.012584984811225294,12306452847.83,"成交额 $635,337 ≥ 阈值 $500,000 | 成交量 512 手",US.MP,2026-05-08 05:06:14
US.MP260618C70000,MP 260618 70.00C,69.13,850,586160.0,CALL,2026-06-18,70.0,4667,74.018,0.536821579,0.022888025,-0.085640493,0.093144959,42,100.0,US.MP,10.0,10.0,6.0,8.6449,-0.012584984811225294,12306452847.83,"成交额 $586,160 ≥ 阈值 $500,000 | 成交量 850 手",US.MP,2026-05-08 05:06:14
US.MP260918P60000,MP 260918 60.00P,69.13,896,585817.0,PUT,2026-09-18,60.0,2011,70.006,-0.283359525,0.011605718,-0.034878743,0.141766556,134,100.0,US.MP,5.85,6.64,5.85,5.625,-0.13207001301894974,12306452847.83,"成交额 $585,817 ≥ 阈值 $500,000 | 成交量 896 手",US.MP,2026-05-08 05:06:14
US.MTSI260821C310000,MTSI 260821 310.00C,344.47,1052,7212482.0,CALL,2026-08-21,310.0,3055,70.94,0.689576044,0.002680664,-0.236501218,0.655263372,106,100.0,US.MTSI,76.09,77.17,59.3,56.4501,0.10006676923970165,25839373305.9,"成交额 $7,212,482 ≥ 阈值 $500,000 | 成交量 1,052 手",US.MTSI,2026-05-08 05:07:36
US.MTSI260821C290000,MTSI 260821 290.00C,344.47,269,1877480.0,CALL,2026-08-21,290.0,972,71.361,0.747747515,0.002410321,-0.217466752,0.592671632,106,100.0,US.MTSI,73.2,73.2,69.2,65.5618,0.15812697767584993,25839373305.9,"成交额 $1,877,480 ≥ 阈值 $500,000 | 成交量 269 手",US.MTSI,2026-05-08 05:07:36
US.NTNX260515C50000,NTNX 260515 50.00C,45.93,13293,605828.0,CALL,2026-05-15,50.0,1094,61.857,0.19129047,0.064820196,-0.072715393,0.018517399,8,100.0,US.NTNX,0.17,0.6,0.17,0.1,-0.0886131069018071,12371194333.98,"成交额 $605,828 ≥ 阈值 $500,000 | 成交量 13,293 手",US.NTNX,2026-05-08 05:10:10
US.NVT260618C185000,NVT 260618 185.00C,166.73,1036,546290.0,CALL,2026-06-18,185.0,324,49.753,0.306106102,0.012469235,-0.122563213,0.198394083,42,100.0,US.NVT,5.0,5.9,4.9,6.786,-0.10957836022311529,26963650961.96,"成交额 $546,290 ≥ 阈值 $500,000 | 成交量 1,036 手",US.NVT,2026-05-08 05:10:38
US.NVT260618P155000,NVT 260618 155.00P,166.73,1010,518112.0,PUT,2026-06-18,155.0,16,51.145,-0.298339811,0.012018026,-0.115007432,0.196035643,42,100.0,US.NVT,5.04,5.13,5.04,4.6,-0.07035326575901152,26963650961.96,"成交额 $518,112 ≥ 阈值 $500,000 | 成交量 1,010 手",US.NVT,2026-05-08 05:10:38
US.NYT260515P80000,NYT 260515 80.00P,80.18,13911,900625.0,PUT,2026-05-15,80.0,17800,25.73,-0.461510771,0.130496067,-0.074883375,0.047076661,8,100.0,US.NYT,0.51,1.09,0.35,0.2901,-0.002244948865053714,12978151205.82,"成交额 $900,625 ≥ 阈值 $500,000 | 成交量 13,911 手",US.NYT,2026-05-08 05:11:13
US.OKTA260618C82500,OKTA 260618 82.50C,80.88,5031,3563936.0,CALL,2026-06-18,82.5,451,66.305,0.517076154,0.021923022,-0.090406747,0.109288508,42,100.0,US.OKTA,7.6,7.6,6.75,4.75,-0.020029673590504508,14306695940.16,"成交额 $3,563,936 ≥ 阈值 $500,000 | 成交量 5,031 手",US.OKTA,2026-05-08 05:12:13
US.OKTA260515C82500,OKTA 260515 82.50C,80.88,5672,1229721.0,CALL,2026-05-15,82.5,8432,54.813,0.422745688,0.059825004,-0.169351159,0.046725073,8,100.0,US.OKTA,2.0,3.2,1.83,0.9732,-0.020029673590504508,14306695940.16,"成交额 $1,229,721 ≥ 阈值 $500,000 | 成交量 5,672 手",US.OKTA,2026-05-08 05:12:13
US.PINS260918P21000,PINS 260918 21.00P,21.55,7427,1767222.0,PUT,2026-09-18,21.0,238,50.837,-0.392624362,0.058612909,-0.008645393,0.050102713,134,100.0,US.PINS,2.23,2.43,2.11,2.5058,-0.0255220417633411,12071390396.85,"成交额 $1,767,222 ≥ 阈值 $500,000 | 成交量 7,427 手",US.PINS,2026-05-08 05:16:17
US.PLNT260717C47500,PLNT 260717 47.50C,44.01,3057,1006450.0,CALL,2026-07-17,47.5,0,56.645,0.439474836,0.035877518,-0.032264943,0.076515505,71,100.0,US.PLNT,2.2,3.3,2.2,17.9084,-0.07930015905476033,3482247240.0,"成交额 $1,006,450 ≥ 阈值 $500,000 | 成交量 3,057 手",US.PLNT,2026-05-08 05:16:45
US.RRX260515P230000,RRX 260515 230.00P,206.26,295,682723.0,PUT,2026-05-15,230.0,378,65.203,-0.860513405,0.011384359,-0.257146296,0.067446527,8,100.0,US.RRX,23.7,26.1,20.1,12.95,0.1150974498206148,13736916000.0,"成交额 $682,723 ≥ 阈值 $500,000 | 成交量 295 手",US.RRX,2026-05-08 05:22:19
US.ASML260612P1550000,ASML 260612 1550.00P,1516.6,200,2124701.0,PUT,2026-06-12,1550.0,0,45.264,-0.524682819,0.001862362,-1.122526218,1.892768961,36,100.0,US.ASML,109.8,109.8,102.66,94.5767,0.022022946063563295,584524430739.0,"成交额 $2,124,701 ≥ 阈值 $500,000 | 成交量 200 手",US.ASML,2026-05-08 05:27:36
US.ASML260515C1520000,ASML 260515 1520.00C,1516.6,276,1346272.0,CALL,2026-05-15,1520.0,457,50.243,0.507017725,0.003546814,-2.988445197,0.892825256,8,100.0,US.ASML,62.76,62.76,36.95,63.325,-0.0022418567849136826,584524430739.0,"成交额 $1,346,272 ≥ 阈值 $500,000 | 成交量 276 手",US.ASML,2026-05-08 05:27:36
US.ASML260529P1395000,ASML 260529 1395.00P,1516.6,314,748818.0,PUT,2026-05-29,1395.0,2,48.418,-0.217525211,0.001634897,-1.181266382,1.093710134,22,100.0,US.ASML,21.7,24.8,21.7,22.369,-0.08017934854279303,584524430739.0,"成交额 $748,818 ≥ 阈值 $500,000 | 成交量 314 手",US.ASML,2026-05-08 05:27:36
US.INSM260515P130000,INSM 260515 130.00P,105.0,971,1976172.0,PUT,2026-05-15,130.0,5118,0.0,0.0,0.0,0.0,0.0,8,100.0,US.INSM,8.64,26.13,8.13,5.5021,0.23809523809523808,22759007355.0,"成交额 $1,976,172 ≥ 阈值 $500,000 | 成交量 971 手",US.INSM,2026-05-08 05:28:12
US.INSM260515P140000,INSM 260515 140.00P,105.0,410,1009256.0,PUT,2026-05-15,140.0,1158,0.0,0.0,0.0,0.0,0.0,8,100.0,US.INSM,16.7,33.4,16.07,10.4858,0.3333333333333333,22759007355.0,"成交额 $1,009,256 ≥ 阈值 $500,000 | 成交量 410 手",US.INSM,2026-05-08 05:28:12
US.INSM260515P125000,INSM 260515 125.00P,105.0,1124,939580.0,PUT,2026-05-15,125.0,1846,0.0,0.0,0.0,0.0,0.0,8,100.0,US.INSM,6.3,17.2,4.5,3.6242,0.19047619047619047,22759007355.0,"成交额 $939,580 ≥ 阈值 $500,000 | 成交量 1,124 手",US.INSM,2026-05-08 05:28:12
US.INSM261120C135000,INSM 261120 135.00C,105.0,550,581239.0,CALL,2026-11-20,135.0,6,56.907,0.365042075,0.008562976,-0.044862549,0.28994044,197,100.0,US.INSM,9.99,12.1,8.97,23.9362,-0.2857142857142857,22759007355.0,"成交额 $581,239 ≥ 阈值 $500,000 | 成交量 550 手",US.INSM,2026-05-08 05:28:12
US.MRVL260821C150000,MRVL 260821 150.00C,160.01,1708,5700726.0,CALL,2026-08-21,150.0,4097,73.802,0.650956804,0.005815867,-0.11873597,0.318995614,106,100.0,US.MRVL,34.0,34.2,30.6,38.545,0.06255859008811944,139896743000.0,"成交额 $5,700,726 ≥ 阈值 $500,000 | 成交量 1,708 手",US.MRVL,2026-05-08 05:28:42
US.MRVL260508C120000,MRVL 260508 120.00C,160.01,732,2950139.0,CALL,2026-05-08,120.0,778,262.227,0.986745447,0.001590392,-0.360142271,0.002778627,1,100.0,US.MRVL,47.86,47.86,38.8,52.1571,0.25004687207049553,139896743000.0,"成交额 $2,950,139 ≥ 阈值 $500,000 | 成交量 732 手",US.MRVL,2026-05-08 05:28:42
US.MRVL260821C175000,MRVL 260821 175.00C,160.01,941,2247633.0,CALL,2026-08-21,175.0,11778,73.693,0.499856987,0.006279547,-0.125869881,0.343921023,106,100.0,US.MRVL,26.4,26.4,19.75,27.225,-0.093681644897194,139896743000.0,"成交额 $2,247,633 ≥ 阈值 $500,000 | 成交量 941 手",US.MRVL,2026-05-08 05:28:42
US.MRVL260618C180000,MRVL 260618 180.00C,160.01,1570,2011620.0,CALL,2026-06-18,180.0,28609,80.614,0.390214886,0.008775194,-0.206210723,0.208159531,42,100.0,US.MRVL,16.11,16.11,10.05,16.55,-0.12492969189425668,139896743000.0,"成交额 $2,011,620 ≥ 阈值 $500,000 | 成交量 1,570 手",US.MRVL,2026-05-08 05:28:42
US.MRVL260605C140000,MRVL 260605 140.00C,160.01,602,1615573.0,CALL,2026-06-05,140.0,40,86.42,0.75253155,0.008115727,-0.22328578,0.142424033,29,100.0,US.MRVL,28.0,28.0,26.0,36.4247,0.12505468408224482,139896743000.0,"成交额 $1,615,573 ≥ 阈值 $500,000 | 成交量 602 手",US.MRVL,2026-05-08 05:28:42
US.MRVL260515C160000,MRVL 260515 160.00C,160.01,1172,1203128.0,CALL,2026-05-15,160.0,9053,70.185,0.52394716,0.02402712,-0.436825408,0.094038535,8,100.0,US.MRVL,10.8,12.28,6.05,15.3541,6.249609399406853e-05,139896743000.0,"成交额 $1,203,128 ≥ 阈值 $500,000 | 成交量 1,172 手",US.MRVL,2026-05-08 05:28:42
US.MRVL260717C180000,MRVL 260717 180.00C,160.01,725,1145767.0,CALL,2026-07-17,180.0,17577,74.719,0.432069629,0.007458295,-0.152015996,0.27734744,71,100.0,US.MRVL,17.95,18.58,13.6,20.8011,-0.12492969189425668,139896743000.0,"成交额 $1,145,767 ≥ 阈值 $500,000 | 成交量 725 手",US.MRVL,2026-05-08 05:28:42
US.MRVL260529C170000,MRVL 260529 170.00C,160.01,1037,1085104.0,CALL,2026-05-29,170.0,743,90.968,0.440338261,0.01105125,-0.330254292,0.154785837,22,100.0,US.MRVL,13.24,15.15,9.7,17.2851,-0.0624335979001313,139896743000.0,"成交额 $1,085,104 ≥ 阈值 $500,000 | 成交量 1,037 手",US.MRVL,2026-05-08 05:28:42
US.MRVL260515P160000,MRVL 260515 160.00P,160.01,1529,1016834.0,PUT,2026-05-15,160.0,2814,70.545,-0.47622808,0.023927645,-0.423555081,0.094026407,8,100.0,US.MRVL,3.21,7.15,3.21,3.175,-6.249609399406853e-05,139896743000.0,"成交额 $1,016,834 ≥ 阈值 $500,000 | 成交量 1,529 手",US.MRVL,2026-05-08 05:28:42
US.MRVL260508P162500,MRVL 260508 162.50P,160.01,2838,997781.0,PUT,2026-05-08,162.5,1974,78.489,-0.641881215,0.058311955,-1.277195808,0.030479664,1,100.0,US.MRVL,2.0,5.0,1.11,1.065,0.015561527404537274,139896743000.0,"成交额 $997,781 ≥ 阈值 $500,000 | 成交量 2,838 手",US.MRVL,2026-05-08 05:28:42
US.MRVL260515P162500,MRVL 260515 162.50P,160.01,1152,798640.0,PUT,2026-05-15,162.5,11,65.825,-0.54106752,0.025565669,-0.391902944,0.093687069,8,100.0,US.MRVL,5.34,8.52,4.55,3.925,0.015561527404537274,139896743000.0,"成交额 $798,640 ≥ 阈值 $500,000 | 成交量 1,152 手",US.MRVL,2026-05-08 05:28:42
US.MRVL260821C170000,MRVL 260821 170.00C,160.01,303,776852.0,CALL,2026-08-21,170.0,4334,74.127,0.529715091,0.006225514,-0.126534463,0.342967338,106,100.0,US.MRVL,26.92,27.35,21.1,29.4851,-0.0624335979001313,139896743000.0,"成交额 $776,852 ≥ 阈值 $500,000 | 成交量 303 手",US.MRVL,2026-05-08 05:28:42
US.MRVL260618P150000,MRVL 260618 150.00P,160.01,728,776019.0,PUT,2026-06-18,150.0,10610,80.283,-0.349301738,0.008515261,-0.187114745,0.200737379,42,100.0,US.MRVL,9.9,12.35,9.75,9.4,-0.06255859008811944,139896743000.0,"成交额 $776,019 ≥ 阈值 $500,000 | 成交量 728 手",US.MRVL,2026-05-08 05:28:42
US.MRVL260618C165000,MRVL 260618 165.00C,160.01,449,732556.0,CALL,2026-06-18,165.0,1355,81.619,0.516956578,0.009002418,-0.218309665,0.21621347,42,100.0,US.MRVL,21.4,21.4,15.0,23.2777,-0.031185550903068616,139896743000.0,"成交额 $732,556 ≥ 阈值 $500,000 | 成交量 449 手",US.MRVL,2026-05-08 05:28:42
US.MRVL260508P165000,MRVL 260508 165.00P,160.01,1617,678423.0,PUT,2026-05-08,165.0,1743,79.223,-0.769672041,0.04703981,-1.033147716,0.024801004,1,100.0,US.MRVL,2.55,6.98,1.76,1.55,0.031185550903068616,139896743000.0,"成交额 $678,423 ≥ 阈值 $500,000 | 成交量 1,617 手",US.MRVL,2026-05-08 05:28:42
US.MRVL260508C155000,MRVL 260508 155.00C,160.01,739,676624.0,CALL,2026-05-08,155.0,1941,81.173,0.785595867,0.044028422,-1.039874376,0.023810559,1,100.0,US.MRVL,12.31,14.0,5.25,17.4916,0.031310543091056756,139896743000.0,"成交额 $676,624 ≥ 阈值 $500,000 | 成交量 739 手",US.MRVL,2026-05-08 05:28:42
US.MRVL260515C170000,MRVL 260515 170.00C,160.01,1336,576182.0,CALL,2026-05-15,170.0,5644,69.668,0.29809358,0.021072923,-0.370755271,0.081866097,8,100.0,US.MRVL,7.92,7.92,2.67,8.9867,-0.0624335979001313,139896743000.0,"成交额 $576,182 ≥ 阈值 $500,000 | 成交量 1,336 手",US.MRVL,2026-05-08 05:28:42
US.MRVL260821C190000,MRVL 260821 190.00C,160.01,320,573220.0,CALL,2026-08-21,190.0,382,73.089,0.415868512,0.006190183,-0.12132453,0.336240918,106,100.0,US.MRVL,19.3,19.3,15.22,21.5704,-0.18742578588838205,139896743000.0,"成交额 $573,220 ≥ 阈值 $500,000 | 成交量 320 手",US.MRVL,2026-05-08 05:28:42
US.MRVL260821C200000,MRVL 260821 200.00C,160.01,370,541544.0,CALL,2026-08-21,200.0,4111,73.037,0.365703277,0.005973511,-0.116508733,0.324238185,106,100.0,US.MRVL,16.9,17.0,12.67,18.8519,-0.24992187988250741,139896743000.0,"成交额 $541,544 ≥ 阈值 $500,000 | 成交量 370 手",US.MRVL,2026-05-08 05:28:42
US.MRVL260618C175000,MRVL 260618 175.00C,160.01,369,527367.0,CALL,2026-06-18,175.0,2285,80.096,0.429135085,0.009036569,-0.210126533,0.212984286,42,100.0,US.MRVL,17.45,17.45,11.6,18.575,-0.093681644897194,139896743000.0,"成交额 $527,367 ≥ 阈值 $500,000 | 成交量 369 手",US.MRVL,2026-05-08 05:28:42
US.MRVL260618C200000,MRVL 260618 200.00C,160.01,702,525155.0,CALL,2026-06-18,200.0,5274,81.773,0.257536287,0.007276365,-0.174528259,0.175082801,42,100.0,US.MRVL,9.9,10.0,5.9,10.1746,-0.24992187988250741,139896743000.0,"成交额 $525,155 ≥ 阈值 $500,000 | 成交量 702 手",US.MRVL,2026-05-08 05:28:42
US.SHOP260515P145000,SHOP 260515 145.00P,111.74,1017,3511928.0,PUT,2026-05-15,145.0,564,118.013,-0.921233061,0.00775116,-0.16134735,0.024174335,8,100.0,US.SHOP,36.5,37.5,34.11,39.56,0.297655271165205,144999926121.4,"成交额 $3,511,928 ≥ 阈值 $500,000 | 成交量 1,017 手",US.SHOP,2026-05-08 05:28:55
US.SHOP260515P150000,SHOP 260515 150.00P,111.74,803,3139675.0,PUT,2026-05-15,150.0,184,127.204,-0.930659263,0.006552567,-0.155998676,0.02192462,8,100.0,US.SHOP,39.8,39.8,38.6,44.56,0.34240200465366033,144999926121.4,"成交额 $3,139,675 ≥ 阈值 $500,000 | 成交量 803 手",US.SHOP,2026-05-08 05:28:55
US.SHOP260529P175000,SHOP 260529 175.00P,111.74,210,1344600.0,PUT,2026-05-29,175.0,50,112.925,-0.934109577,0.004576638,-0.077641213,0.034798106,22,100.0,US.SHOP,64.8,64.8,63.45,69.56,0.5661356720959371,144999926121.4,"成交额 $1,344,600 ≥ 阈值 $500,000 | 成交量 210 手",US.SHOP,2026-05-08 05:28:55
US.SHOP260618P125000,SHOP 260618 125.00P,111.74,650,1206240.0,PUT,2026-06-18,125.0,3683,55.604,-0.687168589,0.017136287,-0.081520452,0.13382786,42,100.0,US.SHOP,20.45,20.55,16.65,21.4569,0.11866833721138362,144999926121.4,"成交额 $1,206,240 ≥ 阈值 $500,000 | 成交量 650 手",US.SHOP,2026-05-08 05:28:55
US.SHOP260515P130000,SHOP 260515 130.00P,111.74,439,987691.0,PUT,2026-05-15,130.0,2768,78.258,-0.895199201,0.014410788,-0.133962657,0.029870553,8,100.0,US.SHOP,22.76,23.15,19.2,24.624,0.16341507069983896,144999926121.4,"成交额 $987,691 ≥ 阈值 $500,000 | 成交量 439 手",US.SHOP,2026-05-08 05:28:55
US.SHOP260508P125000,SHOP 260508 125.00P,111.74,587,843071.0,PUT,2026-05-08,125.0,625,195.809,-0.858051251,0.020138005,-1.298994573,0.012810951,1,100.0,US.SHOP,17.57,17.57,14.05,19.5655,0.11866833721138362,144999926121.4,"成交额 $843,071 ≥ 阈值 $500,000 | 成交量 587 手",US.SHOP,2026-05-08 05:28:55
US.SHOP260618P130000,SHOP 260618 130.00P,111.74,327,774683.0,PUT,2026-06-18,130.0,2983,58.112,-0.745828727,0.014976203,-0.075968253,0.120996165,42,100.0,US.SHOP,24.31,24.42,21.5,25.7887,0.16341507069983896,144999926121.4,"成交额 $774,683 ≥ 阈值 $500,000 | 成交量 327 手",US.SHOP,2026-05-08 05:28:55
US.SHOP260508C110000,SHOP 260508 110.00C,111.74,4636,700663.0,CALL,2026-05-08,110.0,4556,73.308,0.670301179,0.086597876,-0.820360511,0.02064359,1,100.0,US.SHOP,1.3,2.75,0.84,0.835,0.015571863253982415,144999926121.4,"成交额 $700,663 ≥ 阈值 $500,000 | 成交量 4,636 手",US.SHOP,2026-05-08 05:28:55
US.SHOP260918C160000,SHOP 260918 160.00C,111.74,1783,656134.0,CALL,2026-09-18,160.0,96140,59.662,0.219015104,0.007312667,-0.04653683,0.199895764,134,100.0,US.SHOP,3.25,4.25,3.25,3.0507,-0.431895471630571,144999926121.4,"成交额 $656,134 ≥ 阈值 $500,000 | 成交量 1,783 手",US.SHOP,2026-05-08 05:28:55
US.SHOP260618C110000,SHOP 260618 110.00C,111.74,699,602156.0,CALL,2026-06-18,110.0,1318,56.08,0.579125978,0.018408028,-0.105142166,0.148144073,42,100.0,US.SHOP,7.55,9.6,6.95,6.45,0.015571863253982415,144999926121.4,"成交额 $602,156 ≥ 阈值 $500,000 | 成交量 699 手",US.SHOP,2026-05-08 05:28:55
US.SHOP260717C110000,SHOP 260717 110.00C,111.74,528,593314.0,CALL,2026-07-17,110.0,1148,57.124,0.58565898,0.013847871,-0.082873499,0.191991249,71,100.0,US.SHOP,10.5,12.35,10.08,9.15,0.015571863253982415,144999926121.4,"成交额 $593,314 ≥ 阈值 $500,000 | 成交量 528 手",US.SHOP,2026-05-08 05:28:55
US.SHOP260918C110000,SHOP 260918 110.00C,111.74,347,568860.0,CALL,2026-09-18,110.0,632,62.07,0.604628034,0.009166407,-0.065469635,0.260708269,134,100.0,US.SHOP,15.89,18.05,15.4,14.625,0.015571863253982415,144999926121.4,"成交额 $568,860 ≥ 阈值 $500,000 | 成交量 347 手",US.SHOP,2026-05-08 05:28:55
US.SHOP260717C115000,SHOP 260717 115.00C,111.74,630,568696.0,CALL,2026-07-17,115.0,1333,56.803,0.515435597,0.014245344,-0.083646042,0.196392223,71,100.0,US.SHOP,8.5,9.95,8.0,7.275,-0.02917487023447293,144999926121.4,"成交额 $568,696 ≥ 阈值 $500,000 | 成交量 630 手",US.SHOP,2026-05-08 05:28:55
US.ZS260618P300000,ZS 260618 300.00P,152.79,370,5468070.0,PUT,2026-06-18,300.0,100,115.89,-0.944467092,0.002395891,-0.064135091,0.056717583,42,100.0,US.ZS,147.33,148.24,147.33,161.17,0.9634792852935402,24567211511.37,"成交额 $5,468,070 ≥ 阈值 $500,000 | 成交量 370 手",US.ZS,2026-05-08 05:29:24
US.ZS260515P220000,ZS 260515 220.00P,152.79,240,1628880.0,PUT,2026-05-15,220.0,44,134.119,-0.960971922,0.003009847,-0.132802106,0.018930524,8,100.0,US.ZS,67.35,68.39,67.35,81.2173,0.43988480921526285,24567211511.37,"成交额 $1,628,880 ≥ 阈值 $500,000 | 成交量 240 手",US.ZS,2026-05-08 05:29:24
US.ZS260515C110000,ZS 260515 110.00C,152.79,227,945600.0,CALL,2026-05-15,110.0,686,0.0,0.0,0.0,0.0,0.0,8,100.0,US.ZS,41.0,42.0,41.0,28.951,0.2800575953923686,24567211511.37,"成交额 $945,600 ≥ 阈值 $500,000 | 成交量 227 手",US.ZS,2026-05-08 05:29:24
US.ABBV260515P230000,ABBV 260515 230.00P,202.71,669,1779866.0,PUT,2026-05-15,230.0,977,0.0,0.0,0.0,0.0,0.0,8,100.0,US.ABBV,24.03,26.9,24.03,24.97,0.1346258201371417,358545821441.67,"成交额 $1,779,866 ≥ 阈值 $500,000 | 成交量 669 手",US.ABBV,2026-05-08 05:29:55
US.ABBV260515P240000,ABBV 260515 240.00P,202.71,300,1095290.0,PUT,2026-05-15,240.0,44,0.0,0.0,0.0,0.0,0.0,8,100.0,US.ABBV,36.9,36.95,35.92,34.97,0.18395737753440872,358545821441.67,"成交额 $1,095,290 ≥ 阈值 $500,000 | 成交量 300 手",US.ABBV,2026-05-08 05:29:55
US.ABBV260618P185000,ABBV 260618 185.00P,202.71,3858,621144.0,PUT,2026-06-18,185.0,1373,28.273,-0.148678398,0.011947771,-0.05088494,0.159095278,42,100.0,US.ABBV,1.53,1.7,1.5,1.405,-0.08736618815055995,358545821441.67,"成交额 $621,144 ≥ 阈值 $500,000 | 成交量 3,858 手",US.ABBV,2026-05-08 05:29:55
US.ABBV260821C195000,ABBV 260821 195.00C,202.71,319,555447.0,CALL,2026-08-21,195.0,77,26.486,0.661759216,0.012641301,-0.061763902,0.399340676,106,100.0,US.ABBV,19.0,19.0,17.02,19.2181,0.03803463075329292,358545821441.67,"成交额 $555,447 ≥ 阈值 $500,000 | 成交量 319 手",US.ABBV,2026-05-08 05:29:55
US.ABNB260618P135000,ABNB 260618 135.00P,140.46,2540,1448282.0,PUT,2026-06-18,135.0,1031,44.126,-0.35769454,0.017831269,-0.08901508,0.177613685,42,100.0,US.ABNB,5.49,6.25,5.49,5.7,-0.038872276804784334,83507016895.92,"成交额 $1,448,282 ≥ 阈值 $500,000 | 成交量 2,540 手",US.ABNB,2026-05-08 05:30:07
US.ABNB260508C145000,ABNB 260508 145.00C,140.46,2761,987895.0,CALL,2026-05-08,145.0,2116,158.899,0.362909665,0.032945824,-2.302660561,0.026883401,1,100.0,US.ABNB,3.6,4.05,2.6,3.3722,-0.03232236935782423,83507016895.92,"成交额 $987,895 ≥ 阈值 $500,000 | 成交量 2,761 手",US.ABNB,2026-05-08 05:30:07
US.ABNB260508C150000,ABNB 260508 150.00C,140.46,4802,920153.0,CALL,2026-05-08,150.0,4637,171.049,0.239384524,0.025326297,-2.027371462,0.02224603,1,100.0,US.ABNB,2.26,2.66,1.5,1.9891,-0.06791969243912852,83507016895.92,"成交额 $920,153 ≥ 阈值 $500,000 | 成交量 4,802 手",US.ABNB,2026-05-08 05:30:07
US.ABNB260522C129000,ABNB 260522 129.00C,140.46,601,861919.0,CALL,2026-05-22,129.0,6,54.104,0.801128597,0.018140726,-0.154427933,0.079306756,15,100.0,US.ABNB,14.45,14.45,13.2,13.4606,0.08158906450234947,83507016895.92,"成交额 $861,919 ≥ 阈值 $500,000 | 成交量 601 手",US.ABNB,2026-05-08 05:30:07
US.ABNB260508C129000,ABNB 260508 129.00C,140.46,601,782471.0,CALL,2026-05-08,129.0,775,166.874,0.851611745,0.019357434,-1.466377007,0.01658802,1,100.0,US.ABNB,13.11,13.11,11.97,12.2502,0.08158906450234947,83507016895.92,"成交额 $782,471 ≥ 阈值 $500,000 | 成交量 601 手",US.ABNB,2026-05-08 05:30:07
US.ABNB260618C140000,ABNB 260618 140.00C,140.46,779,715048.0,CALL,2026-06-18,140.0,1839,43.983,0.549606326,0.01890032,-0.106252744,0.188498209,42,100.0,US.ABNB,9.35,10.0,8.18,8.6505,0.0032749537234800508,83507016895.92,"成交额 $715,048 ≥ 阈值 $500,000 | 成交量 779 手",US.ABNB,2026-05-08 05:30:07
US.ABNB260508C140000,ABNB 260508 140.00C,140.46,1222,652915.0,CALL,2026-05-08,140.0,481,144.882,0.532923682,0.038294035,-2.236648751,0.028491085,1,100.0,US.ABNB,5.67,6.3,4.57,5.3178,0.0032749537234800508,83507016895.92,"成交额 $652,915 ≥ 阈值 $500,000 | 成交量 1,222 手",US.ABNB,2026-05-08 05:30:07
US.ABNB260618P140000,ABNB 260618 140.00P,140.46,792,629121.0,PUT,2026-06-18,140.0,546,47.8,-0.450993801,0.01749152,-0.101693242,0.188353582,42,100.0,US.ABNB,8.02,8.79,7.4,8.15,-0.0032749537234800508,83507016895.92,"成交额 $629,121 ≥ 阈值 $500,000 | 成交量 792 手",US.ABNB,2026-05-08 05:30:07
US.ABT260515P125000,ABT 260515 125.00P,87.01,850,3145000.0,PUT,2026-05-15,125.0,572,0.0,0.0,0.0,0.0,0.0,8,100.0,US.ABT,36.5,37.5,36.5,38.7,0.4366164808642684,151555162529.54,"成交额 $3,145,000 ≥ 阈值 $500,000 | 成交量 850 手",US.ABT,2026-05-08 05:30:19
US.ABT260821P110000,ABT 260821 110.00P,87.01,1114,2542592.0,PUT,2026-08-21,110.0,1689,0.0,0.0,0.0,0.0,0.0,106,100.0,US.ABT,23.1,23.5,21.8,23.7955,0.2642225031605562,151555162529.54,"成交额 $2,542,592 ≥ 阈值 $500,000 | 成交量 1,114 手",US.ABT,2026-05-08 05:30:19
US.ABT260618P125000,ABT 260618 125.00P,87.01,652,2416060.0,PUT,2026-06-18,125.0,452,0.0,0.0,0.0,0.0,0.0,42,100.0,US.ABT,35.7,39.5,35.7,38.7,0.4366164808642684,151555162529.54,"成交额 $2,416,060 ≥ 阈值 $500,000 | 成交量 652 手",US.ABT,2026-05-08 05:30:19
US.ABT260515P115000,ABT 260515 115.00P,87.01,853,2371254.0,PUT,2026-05-15,115.0,1133,0.0,0.0,0.0,0.0,0.0,8,100.0,US.ABT,27.29,28.1,27.29,28.7,0.3216871623951269,151555162529.54,"成交额 $2,371,254 ≥ 阈值 $500,000 | 成交量 853 手",US.ABT,2026-05-08 05:30:19
US.ABT260618P120000,ABT 260618 120.00P,87.01,720,2353610.0,PUT,2026-06-18,120.0,834,50.681,-0.987183249,0.008353531,-0.003233877,0.008312672,42,100.0,US.ABT,33.2,33.2,32.1,33.7,0.3791518216296976,151555162529.54,"成交额 $2,353,610 ≥ 阈值 $500,000 | 成交量 720 手",US.ABT,2026-05-08 05:30:19
US.ABT260515P110000,ABT 260515 110.00P,87.01,1000,2260000.0,PUT,2026-05-15,110.0,1537,0.0,0.0,0.0,0.0,0.0,8,100.0,US.ABT,23.1,23.1,22.1,23.7,0.2642225031605562,151555162529.54,"成交额 $2,260,000 ≥ 阈值 $500,000 | 成交量 1,000 手",US.ABT,2026-05-08 05:30:19
US.ABT260515P120000,ABT 260515 120.00P,87.01,704,2252902.0,PUT,2026-05-15,120.0,847,0.0,0.0,0.0,0.0,0.0,8,100.0,US.ABT,32.04,32.38,31.7,33.7,0.3791518216296976,151555162529.54,"成交额 $2,252,902 ≥ 阈值 $500,000 | 成交量 704 手",US.ABT,2026-05-08 05:30:19
US.ABT260515P105000,ABT 260515 105.00P,87.01,1200,2124000.0,PUT,2026-05-15,105.0,746,0.0,0.0,0.0,0.0,0.0,8,100.0,US.ABT,18.0,18.0,17.4,18.7,0.20675784392598545,151555162529.54,"成交额 $2,124,000 ≥ 阈值 $500,000 | 成交量 1,200 手",US.ABT,2026-05-08 05:30:19
US.ABT260618P110000,ABT 260618 110.00P,87.01,801,1878252.0,PUT,2026-06-18,110.0,1454,38.968,-0.984264244,0.01259497,-0.002908772,0.009843577,42,100.0,US.ABT,22.52,24.4,22.5,23.7,0.2642225031605562,151555162529.54,"成交额 $1,878,252 ≥ 阈值 $500,000 | 成交量 801 手",US.ABT,2026-05-08 05:30:19
US.ABT260515P100000,ABT 260515 100.00P,87.01,1003,1263830.0,PUT,2026-05-15,100.0,607,0.0,0.0,0.0,0.0,0.0,8,100.0,US.ABT,12.85,13.1,12.1,13.7,0.1492931846914147,151555162529.54,"成交额 $1,263,830 ≥ 阈值 $500,000 | 成交量 1,003 手",US.ABT,2026-05-08 05:30:19
US.ABT260618P115000,ABT 260618 115.00P,87.01,440,1201880.0,PUT,2026-06-18,115.0,1370,0.0,0.0,0.0,0.0,0.0,42,100.0,US.ABT,28.2,28.2,26.8,28.7,0.3216871623951269,151555162529.54,"成交额 $1,201,880 ≥ 阈值 $500,000 | 成交量 440 手",US.ABT,2026-05-08 05:30:19
US.ABT260618P105000,ABT 260618 105.00P,87.01,603,1082205.0,PUT,2026-06-18,105.0,1212,0.0,0.0,0.0,0.0,0.0,42,100.0,US.ABT,17.35,19.2,16.7,18.7,0.20675784392598545,151555162529.54,"成交额 $1,082,205 ≥ 阈值 $500,000 | 成交量 603 手",US.ABT,2026-05-08 05:30:19
US.ACN260618P320000,ACN 260618 320.00P,180.19,564,7839610.0,PUT,2026-06-18,320.0,110,0.0,0.0,0.0,0.0,0.0,42,100.0,US.ACN,139.6,141.3,138.3,145.43,0.7759032132748765,110625716700.92,"成交额 $7,839,610 ≥ 阈值 $500,000 | 成交量 564 手",US.ACN,2026-05-08 05:30:42
US.ACN260618P280000,ACN 260618 280.00P,180.19,206,2042980.0,PUT,2026-06-18,280.0,46,0.0,0.0,0.0,0.0,0.0,42,100.0,US.ACN,99.8,99.8,98.3,105.43,0.553915311615517,110625716700.92,"成交额 $2,042,980 ≥ 阈值 $500,000 | 成交量 206 手",US.ACN,2026-05-08 05:30:42
US.ACN260618P270000,ACN 260618 270.00P,180.19,209,1863470.0,PUT,2026-06-18,270.0,45,0.0,0.0,0.0,0.0,0.0,42,100.0,US.ACN,89.8,89.8,88.3,95.43,0.4984183362006771,110625716700.92,"成交额 $1,863,470 ≥ 阈值 $500,000 | 成交量 209 手",US.ACN,2026-05-08 05:30:42
US.ACN260515P220000,ACN 260515 220.00P,180.19,331,1359810.0,PUT,2026-05-15,220.0,91,79.072,-0.952938078,0.00510295,-0.106589925,0.025910039,8,100.0,US.ACN,40.1,41.4,40.1,45.43,0.22093345912647763,110625716700.92,"成交额 $1,359,810 ≥ 阈值 $500,000 | 成交量 331 手",US.ACN,2026-05-08 05:30:42
US.ADBE260626C265000,ADBE 260626 265.00C,256.51,1377,2177554.0,CALL,2026-06-26,265.0,0,45.188,0.467583936,0.009272864,-0.182095088,0.377309127,50,100.0,US.ADBE,15.4,16.35,14.9,15.4,-0.03309812482944138,103681342000.0,"成交额 $2,177,554 ≥ 阈值 $500,000 | 成交量 1,377 手",US.ADBE,2026-05-08 05:31:06
US.ADBE260515C265000,ADBE 260515 265.00C,256.51,4948,1901460.0,CALL,2026-05-15,265.0,2980,44.342,0.325382717,0.021450452,-0.397439624,0.136312654,8,100.0,US.ADBE,2.5,4.65,2.5,2.455,-0.03309812482944138,103681342000.0,"成交额 $1,901,460 ≥ 阈值 $500,000 | 成交量 4,948 手",US.ADBE,2026-05-08 05:31:06
US.ADBE260618C270000,ADBE 260618 270.00C,256.51,614,739262.0,CALL,2026-06-18,270.0,1437,49.587,0.422346295,0.009075659,-0.211860711,0.340326592,42,100.0,US.ADBE,11.05,12.95,11.05,9.65,-0.052590542279053486,103681342000.0,"成交额 $739,262 ≥ 阈值 $500,000 | 成交量 614 手",US.ADBE,2026-05-08 05:31:06
US.ADBE260618C255000,ADBE 260618 255.00C,256.51,260,502187.0,CALL,2026-06-18,255.0,843,49.905,0.557355177,0.009097323,-0.217907602,0.343333228,42,100.0,US.ADBE,17.03,19.85,17.03,15.475,0.005886710069782819,103681342000.0,"成交额 $502,187 ≥ 阈值 $500,000 | 成交量 260 手",US.ADBE,2026-05-08 05:31:06
US.ADI260508C402500,ADI 260508 402.50C,408.52,652,750416.0,CALL,2026-05-08,402.5,740,73.91,0.660986018,0.023764619,-3.059521525,0.076264874,1,100.0,US.ADI,11.51,11.51,11.39,15.3905,0.014736120630568839,199441162217.64,"成交额 $750,416 ≥ 阈值 $500,000 | 成交量 652 手",US.ADI,2026-05-08 05:31:12
US.AEP260618C110000,AEP 260618 110.00C,131.76,3020,6686400.0,CALL,2026-06-18,110.0,602,0.0,0.0,0.0,0.0,0.0,42,100.0,US.AEP,22.2,22.2,21.9,22.8461,0.1651487553126897,71691268870.8,"成交额 $6,686,400 ≥ 阈值 $500,000 | 成交量 3,020 手",US.AEP,2026-05-08 05:32:11
US.AEP260618C105000,AEP 260618 105.00C,131.76,1598,4314714.0,CALL,2026-06-18,105.0,221,0.0,0.0,0.0,0.0,0.0,42,100.0,US.AEP,27.68,27.68,26.8,27.6522,0.20309653916211287,71691268870.8,"成交额 $4,314,714 ≥ 阈值 $500,000 | 成交量 1,598 手",US.AEP,2026-05-08 05:32:11
US.AEP260515C125000,AEP 260515 125.00C,131.76,5164,3654444.0,CALL,2026-05-15,125.0,723,0.0,0.0,0.0,0.0,0.0,8,100.0,US.AEP,7.2,7.5,7.0,7.5891,0.05130540376442009,71691268870.8,"成交额 $3,654,444 ≥ 阈值 $500,000 | 成交量 5,164 手",US.AEP,2026-05-08 05:32:11
US.AEP260515C120000,AEP 260515 120.00C,131.76,2695,3178380.0,CALL,2026-05-15,120.0,369,31.364,0.980302982,0.007836589,-0.028261157,0.0093013,8,100.0,US.AEP,12.1,12.1,11.2,12.5872,0.0892531876138433,71691268870.8,"成交额 $3,178,380 ≥ 阈值 $500,000 | 成交量 2,695 手",US.AEP,2026-05-08 05:32:11
US.AEP260618C95000,AEP 260618 95.00C,131.76,495,1875410.0,CALL,2026-06-18,95.0,57,0.0,0.0,0.0,0.0,0.0,42,100.0,US.AEP,38.4,38.4,36.5,37.5777,0.27899210686095927,71691268870.8,"成交额 $1,875,410 ≥ 阈值 $500,000 | 成交量 495 手",US.AEP,2026-05-08 05:32:11
US.AEP260515C115000,AEP 260515 115.00C,131.76,1095,1874400.0,CALL,2026-05-15,115.0,151,60.506,0.942617688,0.009776301,-0.092030662,0.02236505,8,100.0,US.AEP,17.2,17.2,16.8,17.5852,0.12720097146326648,71691268870.8,"成交额 $1,874,400 ≥ 阈值 $500,000 | 成交量 1,095 手",US.AEP,2026-05-08 05:32:11
US.AEP260618C100000,AEP 260618 100.00C,131.76,500,1618400.0,CALL,2026-06-18,100.0,61,0.0,0.0,0.0,0.0,0.0,42,100.0,US.AEP,32.8,33.2,31.6,32.5781,0.24104432301153608,71691268870.8,"成交额 $1,618,400 ≥ 阈值 $500,000 | 成交量 500 手",US.AEP,2026-05-08 05:32:11
US.AEP260618C97500,AEP 260618 97.50C,131.76,470,1607500.0,CALL,2026-06-18,97.5,52,0.0,0.0,0.0,0.0,0.0,42,100.0,US.AEP,34.0,35.9,34.0,35.0779,0.26001821493624766,71691268870.8,"成交额 $1,607,500 ≥ 阈值 $500,000 | 成交量 470 手",US.AEP,2026-05-08 05:32:11
US.AEP260515C110000,AEP 260515 110.00C,131.76,705,1552100.0,CALL,2026-05-15,110.0,85,56.491,0.986663794,0.003115389,-0.031695709,0.006657376,8,100.0,US.AEP,22.2,22.5,21.7,22.5835,0.1651487553126897,71691268870.8,"成交额 $1,552,100 ≥ 阈值 $500,000 | 成交量 705 手",US.AEP,2026-05-08 05:32:11
US.AEP260618C87500,AEP 260618 87.50C,131.76,235,1069560.0,CALL,2026-06-18,87.5,26,0.0,0.0,0.0,0.0,0.0,42,100.0,US.AEP,45.9,45.9,44.1,45.077,0.3359137826350941,71691268870.8,"成交额 $1,069,560 ≥ 阈值 $500,000 | 成交量 235 手",US.AEP,2026-05-08 05:32:11
US.AKAM260515C100000,AKAM 260515 100.00C,116.69,1255,2004770.0,CALL,2026-05-15,100.0,1732,131.844,0.814502296,0.011775554,-0.393916029,0.046046227,8,100.0,US.AKAM,17.8,17.85,15.25,23.4757,0.1430285371497129,17179457471.12,"成交额 $2,004,770 ≥ 阈值 $500,000 | 成交量 1,255 手",US.AKAM,2026-05-08 05:33:23
US.AKAM260508C100000,AKAM 260508 100.00C,116.69,1016,1727452.0,CALL,2026-05-08,100.0,1127,352.642,0.82851146,0.012119401,-2.837022969,0.015151482,1,100.0,US.AKAM,17.1,19.94,14.8,23.457,0.1430285371497129,17179457471.12,"成交额 $1,727,452 ≥ 阈值 $500,000 | 成交量 1,016 手",US.AKAM,2026-05-08 05:33:23
US.AKAM260515C110000,AKAM 260515 110.00C,116.69,1260,1195929.0,CALL,2026-05-15,110.0,4175,125.818,0.660955988,0.016891713,-0.520428357,0.063034236,8,100.0,US.AKAM,11.7,12.06,8.7,15.7171,0.05733139086468419,17179457471.12,"成交额 $1,195,929 ≥ 阈值 $500,000 | 成交量 1,260 手",US.AKAM,2026-05-08 05:33:23
US.AKAM260515P115000,AKAM 260515 115.00P,116.69,1040,919565.0,PUT,2026-05-15,115.0,160,127.937,-0.430308503,0.017836355,-0.557218989,0.067651396,8,100.0,US.AKAM,8.39,9.4,7.2,6.15,-0.014482817722169833,17179457471.12,"成交额 $919,565 ≥ 阈值 $500,000 | 成交量 1,040 手",US.AKAM,2026-05-08 05:33:23
US.AKAM260515C115000,AKAM 260515 115.00C,116.69,1213,894791.0,CALL,2026-05-15,115.0,6530,126.024,0.569737053,0.018099689,-0.559980863,0.067652746,8,100.0,US.AKAM,9.62,9.8,6.5,12.5965,0.014482817722169833,17179457471.12,"成交额 $894,791 ≥ 阈值 $500,000 | 成交量 1,213 手",US.AKAM,2026-05-08 05:33:23
US.AKAM260508C120000,AKAM 260508 120.00C,116.69,1423,835545.0,CALL,2026-05-08,120.0,2794,323.7,0.465658997,0.020622111,-4.139000984,0.023665595,1,100.0,US.AKAM,5.7,8.0,4.4,9.9234,-0.028365755420344523,17179457471.12,"成交额 $835,545 ≥ 阈值 $500,000 | 成交量 1,423 手",US.AKAM,2026-05-08 05:33:23
US.AKAM260515C120000,AKAM 260515 120.00C,116.69,1209,683496.0,CALL,2026-05-15,120.0,2248,123.095,0.476573445,0.018786236,-0.553350809,0.068586616,8,100.0,US.AKAM,6.46,7.75,4.9,9.6823,-0.028365755420344523,17179457471.12,"成交额 $683,496 ≥ 阈值 $500,000 | 成交量 1,209 手",US.AKAM,2026-05-08 05:33:23
US.AKAM260618P100000,AKAM 260618 100.00P,116.69,1483,572425.0,PUT,2026-06-18,100.0,804,68.704,-0.213061577,0.010704264,-0.091886963,0.114959643,42,100.0,US.AKAM,4.2,4.6,3.23,3.2,-0.1430285371497129,17179457471.12,"成交额 $572,425 ≥ 阈值 $500,000 | 成交量 1,483 手",US.AKAM,2026-05-08 05:33:23
US.ALB260618C200000,ALB 260618 200.00C,198.35,616,1527544.0,CALL,2026-06-18,200.0,4765,62.814,0.534766774,0.009409005,-0.210264773,0.267243583,42,100.0,US.ALB,22.45,31.0,17.2,14.25,-0.008318628686665015,23392338025.85,"成交额 $1,527,544 ≥ 阈值 $500,000 | 成交量 616 手",US.ALB,2026-05-08 05:33:40
US.ALB260717C240000,ALB 260717 240.00C,198.35,544,825332.0,CALL,2026-07-17,240.0,2027,60.371,0.28897616,0.006472853,-0.132252573,0.298832317,71,100.0,US.ALB,12.68,16.5,8.75,8.1,-0.209982354423998,23392338025.85,"成交额 $825,332 ≥ 阈值 $500,000 | 成交量 544 手",US.ALB,2026-05-08 05:33:40
US.AMAT260508C350000,AMAT 260508 350.00C,410.64,388,2474482.0,CALL,2026-05-08,350.0,422,93.126,0.999649532,6.5522e-05,-0.045043425,0.000268232,1,100.0,US.AMAT,68.88,68.88,57.25,78.77,0.14767192674849014,325887955784.88,"成交额 $2,474,482 ≥ 阈值 $500,000 | 成交量 388 手",US.AMAT,2026-05-08 05:34:34
US.AMAT260522C350000,AMAT 260522 350.00C,410.64,315,2126461.0,CALL,2026-05-22,350.0,13,68.935,0.889854924,0.003285286,-0.388803249,0.156404499,15,100.0,US.AMAT,67.45,68.8,66.1,81.4094,0.14767192674849014,325887955784.88,"成交额 $2,126,461 ≥ 阈值 $500,000 | 成交量 315 手",US.AMAT,2026-05-08 05:34:34
US.AMAT260515C420000,AMAT 260515 420.00C,410.64,1002,1532551.0,CALL,2026-05-15,420.0,1244,76.726,0.446146208,0.008501372,-1.210180041,0.239563567,8,100.0,US.AMAT,19.84,20.55,12.65,24.9017,-0.02279368790181184,325887955784.88,"成交额 $1,532,551 ≥ 阈值 $500,000 | 成交量 1,002 手",US.AMAT,2026-05-08 05:34:34
US.AMAT260508C387500,AMAT 260508 387.50C,410.64,537,1242248.0,CALL,2026-05-08,387.5,570,81.063,0.923006364,0.008504392,-1.292587751,0.030249159,1,100.0,US.AMAT,24.8,24.8,23.13,41.6267,0.05635106175725693,325887955784.88,"成交额 $1,242,248 ≥ 阈值 $500,000 | 成交量 537 手",US.AMAT,2026-05-08 05:34:34
US.AMAT260515C430000,AMAT 260515 430.00C,410.64,859,951822.0,CALL,2026-05-15,430.0,1341,75.277,0.362428513,0.008219604,-1.119201654,0.227245733,8,100.0,US.AMAT,20.95,20.95,9.98,19.8146,-0.04714591856614069,325887955784.88,"成交额 $951,822 ≥ 阈值 $500,000 | 成交量 859 手",US.AMAT,2026-05-08 05:34:34
US.AMAT260508C397500,AMAT 260508 397.50C,410.64,540,773901.0,CALL,2026-05-08,397.5,643,70.163,0.823603866,0.0176271,-2.044641785,0.054266955,1,100.0,US.AMAT,14.3,15.37,14.23,32.0392,0.03199883109292808,325887955784.88,"成交额 $773,901 ≥ 阈值 $500,000 | 成交量 540 手",US.AMAT,2026-05-08 05:34:34
US.ANET260618C165000,ANET 260618 165.00C,141.75,1760,593299.0,CALL,2026-06-18,165.0,1804,50.483,0.218472335,0.012156198,-0.088180166,0.141704768,42,100.0,US.ANET,5.0,5.0,2.45,4.25,-0.164021164021164,178491967557.75,"成交额 $593,299 ≥ 阈值 $500,000 | 成交量 1,760 手",US.ANET,2026-05-08 05:35:52
US.ANET260821C140000,ANET 260821 140.00C,141.75,287,527289.0,CALL,2026-08-21,140.0,175,53.509,0.588605592,0.009520467,-0.081783707,0.297128817,106,100.0,US.ANET,21.57,21.57,17.0,21.6108,0.012345679012345678,178491967557.75,"成交额 $527,289 ≥ 阈值 $500,000 | 成交量 287 手",US.ANET,2026-05-08 05:35:52
US.ANET260717C145000,ANET 260717 145.00C,141.75,463,522011.0,CALL,2026-07-17,145.0,520,49.871,0.51558889,0.012790051,-0.094033783,0.2491327,71,100.0,US.ANET,13.62,14.0,10.35,14.834,-0.02292768959435626,178491967557.75,"成交额 $522,011 ≥ 阈值 $500,000 | 成交量 463 手",US.ANET,2026-05-08 05:35:52
US.ANET261120C160000,ANET 261120 160.00C,141.75,307,507840.0,CALL,2026-11-20,160.0,110,54.147,0.477640659,0.007063997,-0.062170246,0.414784154,197,100.0,US.ANET,17.5,17.5,16.35,19.2672,-0.12874779541446207,178491967557.75,"成交额 $507,840 ≥ 阈值 $500,000 | 成交量 307 手",US.ANET,2026-05-08 05:35:52
US.APO260618C125000,APO 260618 125.00C,127.79,883,682899.0,CALL,2026-06-18,125.0,799,36.688,0.607714573,0.024178758,-0.080198337,0.1664906,42,100.0,US.APO,9.5,9.5,7.3,9.3237,0.021832694264026967,73673370932.98,"成交额 $682,899 ≥ 阈值 $500,000 | 成交量 883 手",US.APO,2026-05-08 05:37:23
US.APP260515C500000,APP 260515 500.00C,498.87,3359,6422545.0,CALL,2026-05-15,500.0,2598,74.934,0.516758191,0.007224784,-1.453280511,0.2934598,8,100.0,US.APP,6.7,30.3,5.46,20.3677,-0.00226511916932266,167590387800.0,"成交额 $6,422,545 ≥ 阈值 $500,000 | 成交量 3,359 手",US.APP,2026-05-08 05:37:31
US.APP260618C520000,APP 260618 520.00C,498.87,1302,5130645.0,CALL,2026-06-18,520.0,236,66.994,0.479810395,0.003516456,-0.561465718,0.67384249,42,100.0,US.APP,19.0,45.1,17.2,31.0787,-0.04235572393609557,167590387800.0,"成交额 $5,130,645 ≥ 阈值 $500,000 | 成交量 1,302 手",US.APP,2026-05-08 05:37:31
US.APP260918C470000,APP 260918 470.00C,498.87,517,5116988.0,CALL,2026-09-18,470.0,1045,68.879,0.649353561,0.001780561,-0.31111911,1.120137168,134,100.0,US.APP,80.0,105.34,68.12,84.2611,0.057870787980836697,167590387800.0,"成交额 $5,116,988 ≥ 阈值 $500,000 | 成交量 517 手",US.APP,2026-05-08 05:37:31
US.APP260918C550000,APP 260918 550.00C,498.87,716,4795765.0,CALL,2026-09-18,550.0,362,68.275,0.501301333,0.001933427,-0.326320741,1.205639104,134,100.0,US.APP,57.28,72.19,57.28,55.0279,-0.10249163108625492,167590387800.0,"成交额 $4,795,765 ≥ 阈值 $500,000 | 成交量 716 手",US.APP,2026-05-08 05:37:31
US.APP260508C500000,APP 260508 500.00C,498.87,6008,4357205.0,CALL,2026-05-08,500.0,1697,102.159,0.493803022,0.015342505,-5.626133993,0.101517103,1,100.0,US.APP,2.1,20.5,0.85,16.5406,-0.00226511916932266,167590387800.0,"成交额 $4,357,205 ≥ 阈值 $500,000 | 成交量 6,008 手",US.APP,2026-05-08 05:37:31
US.APP260918C520000,APP 260918 520.00C,498.87,504,3889784.0,CALL,2026-09-18,520.0,569,68.377,0.555385015,0.001911938,-0.32543659,1.194012947,134,100.0,US.APP,56.0,77.67,56.0,64.9541,-0.04235572393609557,167590387800.0,"成交额 $3,889,784 ≥ 阈值 $500,000 | 成交量 504 手",US.APP,2026-05-08 05:37:31
US.APP260515C460000,APP 260515 460.00C,498.87,981,2860505.0,CALL,2026-05-15,460.0,596,74.524,0.788074777,0.005280767,-1.049350547,0.213316171,8,100.0,US.APP,23.9,57.0,14.7,37.4341,0.07791609036422316,167590387800.0,"成交额 $2,860,505 ≥ 阈值 $500,000 | 成交量 981 手",US.APP,2026-05-08 05:37:31
US.APP260508C480000,APP 260508 480.00C,498.87,1561,2337516.0,CALL,2026-05-08,480.0,1123,105.981,0.770950251,0.011231842,-4.390594482,0.077096818,1,100.0,US.APP,4.8,34.9,2.8,23.8049,0.03782548559745025,167590387800.0,"成交额 $2,337,516 ≥ 阈值 $500,000 | 成交量 1,561 手",US.APP,2026-05-08 05:37:31
US.APP260618C500000,APP 260618 500.00C,498.87,525,2157152.0,CALL,2026-06-18,500.0,3030,65.809,0.547837251,0.003558596,-0.551489909,0.669852241,42,100.0,US.APP,24.5,55.0,22.0,37.7107,-0.00226511916932266,167590387800.0,"成交额 $2,157,152 ≥ 阈值 $500,000 | 成交量 525 手",US.APP,2026-05-08 05:37:31
US.APP260918C600000,APP 260918 600.00C,498.87,375,1965846.0,CALL,2026-09-18,600.0,506,68.058,0.417188199,0.001897684,-0.315941651,1.179560394,134,100.0,US.APP,38.2,55.98,32.5,42.1018,-0.2027181430031872,167590387800.0,"成交额 $1,965,846 ≥ 阈值 $500,000 | 成交量 375 手",US.APP,2026-05-08 05:37:31
US.APP260508C470000,APP 260508 470.00C,498.87,900,1920054.0,CALL,2026-05-08,470.0,472,107.918,0.866942381,0.007826977,-3.131038894,0.05470669,1,100.0,US.APP,6.0,43.6,4.4,27.8148,0.057870787980836697,167590387800.0,"成交额 $1,920,054 ≥ 阈值 $500,000 | 成交量 900 手",US.APP,2026-05-08 05:37:31
US.APP260918C580000,APP 260918 580.00C,498.87,324,1866513.0,CALL,2026-09-18,580.0,61,68.733,0.45162843,0.001906434,-0.324464542,1.196763979,134,100.0,US.APP,57.74,57.75,56.36,46.9854,-0.1626275382364143,167590387800.0,"成交额 $1,866,513 ≥ 阈值 $500,000 | 成交量 324 手",US.APP,2026-05-08 05:37:31
US.APP260508C520000,APP 260508 520.00C,498.87,3957,1801669.0,CALL,2026-05-08,520.0,1945,100.523,0.217273397,0.011491056,-4.002177976,0.074813816,1,100.0,US.APP,1.0,10.19,0.27,11.3983,-0.04235572393609557,167590387800.0,"成交额 $1,801,669 ≥ 阈值 $500,000 | 成交量 3,957 手",US.APP,2026-05-08 05:37:31
US.APP260515C490000,APP 260515 490.00C,498.87,857,1794366.0,CALL,2026-05-15,490.0,847,71.316,0.591196838,0.007398592,-1.351816221,0.286009919,8,100.0,US.APP,8.2,35.5,6.7,23.9475,0.017780183214063792,167590387800.0,"成交额 $1,794,366 ≥ 阈值 $500,000 | 成交量 857 手",US.APP,2026-05-08 05:37:31
US.APP260508C510000,APP 260508 510.00C,498.87,2231,1698390.0,CALL,2026-05-08,510.0,482,103.081,0.347714029,0.014085286,-5.228603526,0.094038508,1,100.0,US.APP,1.25,15.5,0.5,13.4425,-0.022310421552709115,167590387800.0,"成交额 $1,698,390 ≥ 阈值 $500,000 | 成交量 2,231 手",US.APP,2026-05-08 05:37:31
US.APP260717C500000,APP 260717 500.00C,498.87,324,1545797.0,CALL,2026-07-17,500.0,695,64.004,0.562850368,0.002798647,-0.414650124,0.866546727,71,100.0,US.APP,36.8,67.0,32.0,47.9473,-0.00226511916932266,167590387800.0,"成交额 $1,545,797 ≥ 阈值 $500,000 | 成交量 324 手",US.APP,2026-05-08 05:37:31
US.APP260515C510000,APP 260515 510.00C,498.87,770,1492300.0,CALL,2026-05-15,510.0,480,72.933,0.442829899,0.007353126,-1.396697603,0.290696822,8,100.0,US.APP,6.4,25.0,4.78,17.2811,-0.022310421552709115,167590387800.0,"成交额 $1,492,300 ≥ 阈值 $500,000 | 成交量 770 手",US.APP,2026-05-08 05:37:31
US.APP260618C550000,APP 260618 550.00C,498.87,519,1380966.0,CALL,2026-06-18,550.0,1062,67.736,0.385209112,0.003337245,-0.541083809,0.64657042,42,100.0,US.APP,17.62,33.2,12.0,22.9129,-0.10249163108625492,167590387800.0,"成交额 $1,380,966 ≥ 阈值 $500,000 | 成交量 519 手",US.APP,2026-05-08 05:37:31
US.APP260508C460000,APP 260508 460.00C,498.87,489,1340856.0,CALL,2026-05-08,460.0,436,0.0,0.0,0.0,0.0,0.0,1,100.0,US.APP,10.9,52.7,7.0,32.1122,0.07791609036422316,167590387800.0,"成交额 $1,340,856 ≥ 阈值 $500,000 | 成交量 489 手",US.APP,2026-05-08 05:37:31
US.APP260508C490000,APP 260508 490.00C,498.87,1132,1338241.0,CALL,2026-05-08,490.0,687,104.838,0.642053351,0.013994047,-5.39618106,0.095022361,1,100.0,US.APP,1.0,27.0,1.0,19.8327,0.017780183214063792,167590387800.0,"成交额 $1,338,241 ≥ 阈值 $500,000 | 成交量 1,132 手",US.APP,2026-05-08 05:37:31
US.APP260522P475000,APP 260522 475.00P,498.87,657,1294022.0,PUT,2026-05-22,475.0,32,71.691,-0.337218172,0.005050042,-0.880526792,0.368712963,15,100.0,US.APP,16.49,19.8,16.27,40.2811,-0.04784813678914347,167590387800.0,"成交额 $1,294,022 ≥ 阈值 $500,000 | 成交量 657 手",US.APP,2026-05-08 05:37:31
US.APP260508C475000,APP 260508 475.00C,498.87,692,1221264.0,CALL,2026-05-08,475.0,460,106.497,0.82417197,0.009539329,-3.74231344,0.065797751,1,100.0,US.APP,10.6,39.5,3.7,25.8094,0.04784813678914347,167590387800.0,"成交额 $1,221,264 ≥ 阈值 $500,000 | 成交量 692 手",US.APP,2026-05-08 05:37:31
US.APP260515C550000,APP 260515 550.00C,498.87,1616,1117084.0,CALL,2026-05-15,550.0,1685,74.313,0.20395225,0.005177229,-0.989559546,0.208537963,8,100.0,US.APP,2.2,10.12,1.45,8.82,-0.10249163108625492,167590387800.0,"成交额 $1,117,084 ≥ 阈值 $500,000 | 成交量 1,616 手",US.APP,2026-05-08 05:37:31
US.APP260529C505000,APP 260529 505.00C,498.87,307,1068143.0,CALL,2026-05-29,505.0,12,67.15,0.508572943,0.004855131,-0.777411804,0.487940413,22,100.0,US.APP,17.05,38.0,17.05,26.2604,-0.012287770361015887,167590387800.0,"成交额 $1,068,143 ≥ 阈值 $500,000 | 成交量 307 手",US.APP,2026-05-08 05:37:31
US.APP260508C467500,APP 260508 467.50C,498.87,322,831484.0,CALL,2026-05-08,467.5,348,97.737,0.908140837,0.006628344,-2.159243385,0.041957887,1,100.0,US.APP,12.4,46.0,5.0,28.818,0.06288211357668332,167590387800.0,"成交额 $831,484 ≥ 阈值 $500,000 | 成交量 322 手",US.APP,2026-05-08 05:37:31
US.APP260515C480000,APP 260515 480.00C,498.87,294,797914.0,CALL,2026-05-15,480.0,1823,71.963,0.664087669,0.006883365,-1.280712846,0.268505987,8,100.0,US.APP,11.3,40.3,9.5,28.0795,0.03782548559745025,167590387800.0,"成交额 $797,914 ≥ 阈值 $500,000 | 成交量 294 手",US.APP,2026-05-08 05:37:31
US.APP260508C450000,APP 260508 450.00C,498.87,240,774602.0,CALL,2026-05-08,450.0,362,95.038,0.984327171,0.001625861,-0.500154048,0.010009252,1,100.0,US.APP,22.75,61.31,11.0,37.7121,0.09796139274760961,167590387800.0,"成交额 $774,602 ≥ 阈值 $500,000 | 成交量 240 手",US.APP,2026-05-08 05:37:31
US.APP260717P440000,APP 260717 440.00P,498.87,237,739867.0,PUT,2026-07-17,440.0,174,66.189,-0.274943431,0.002297603,-0.328568049,0.733592337,71,100.0,US.APP,46.42,46.78,25.85,42.7398,-0.11800669513099606,167590387800.0,"成交额 $739,867 ≥ 阈值 $500,000 | 成交量 237 手",US.APP,2026-05-08 05:37:31
US.APP260515C450000,APP 260515 450.00C,498.87,200,738919.0,CALL,2026-05-15,450.0,626,67.533,0.862631353,0.004418992,-0.722596349,0.161754088,8,100.0,US.APP,32.0,67.0,19.0,42.7452,0.09796139274760961,167590387800.0,"成交额 $738,919 ≥ 阈值 $500,000 | 成交量 200 手",US.APP,2026-05-08 05:37:31
US.APP260612C530000,APP 260612 530.00C,498.87,206,675459.0,CALL,2026-06-12,530.0,2,68.637,0.43776945,0.003667181,-0.611576452,0.61697776,36,100.0,US.APP,18.0,35.1,18.0,25.0617,-0.06240102631948202,167590387800.0,"成交额 $675,459 ≥ 阈值 $500,000 | 成交量 206 手",US.APP,2026-05-08 05:37:31
US.APP260618C600000,APP 260618 600.00C,498.87,475,652205.0,CALL,2026-06-18,600.0,734,67.274,0.249229467,0.002788393,-0.442000382,0.53652748,42,100.0,US.APP,8.72,19.56,6.45,13.317,-0.2027181430031872,167590387800.0,"成交额 $652,205 ≥ 阈值 $500,000 | 成交量 475 手",US.APP,2026-05-08 05:37:31
US.APP260515P500000,APP 260515 500.00P,498.87,259,629683.0,PUT,2026-05-15,500.0,264,75.127,-0.483422663,0.00721282,-1.408654088,0.29342321,8,100.0,US.APP,58.27,58.27,18.8,50.8915,0.00226511916932266,167590387800.0,"成交额 $629,683 ≥ 阈值 $500,000 | 成交量 259 手",US.APP,2026-05-08 05:37:31
US.APP260508C515000,APP 260508 515.00C,498.87,1044,559468.0,CALL,2026-05-08,515.0,234,104.003,0.283849444,0.012801864,-4.811848008,0.086233564,1,100.0,US.APP,2.0,12.56,0.4,12.4195,-0.03233307274440234,167590387800.0,"成交额 $559,468 ≥ 阈值 $500,000 | 成交量 1,044 手",US.APP,2026-05-08 05:37:31
US.APP260508C505000,APP 260508 505.00C,498.87,677,556058.0,CALL,2026-05-08,505.0,218,102.924,0.418967238,0.014915043,-5.540493665,0.099427429,1,100.0,US.APP,2.5,17.0,0.7,14.9901,-0.012287770361015887,167590387800.0,"成交额 $556,058 ≥ 阈值 $500,000 | 成交量 677 手",US.APP,2026-05-08 05:37:31
US.APP260515C600000,APP 260515 600.00C,498.87,3073,532542.0,CALL,2026-05-15,600.0,1679,74.161,0.052134551,0.001952803,-0.345674619,0.07850067,8,100.0,US.APP,1.55,3.0,0.15,3.54,-0.2027181430031872,167590387800.0,"成交额 $532,542 ≥ 阈值 $500,000 | 成交量 3,073 手",US.APP,2026-05-08 05:37:31
US.APP260508C465000,APP 260508 465.00C,498.87,240,531003.0,CALL,2026-05-08,465.0,360,87.81,0.944534383,0.005011055,-1.309702287,0.028498955,1,100.0,US.APP,14.3,47.0,6.0,29.8216,0.06789343917252992,167590387800.0,"成交额 $531,003 ≥ 阈值 $500,000 | 成交量 240 手",US.APP,2026-05-08 05:37:31
US.APP260515C530000,APP 260515 530.00C,498.87,426,507768.0,CALL,2026-05-15,530.0,831,73.988,0.31119242,0.006487198,-1.25245119,0.260169636,8,100.0,US.APP,4.69,16.0,2.75,12.226,-0.06240102631948202,167590387800.0,"成交额 $507,768 ≥ 阈值 $500,000 | 成交量 426 手",US.APP,2026-05-08 05:37:31
US.APP260605C590000,APP 260605 590.00C,498.87,588,503423.0,CALL,2026-06-05,590.0,12,68.346,0.223514541,0.003111589,-0.506488012,0.419758669,29,100.0,US.APP,5.68,14.5,5.68,10.4282,-0.18267284061980074,167590387800.0,"成交额 $503,423 ≥ 阈值 $500,000 | 成交量 588 手",US.APP,2026-05-08 05:37:31
US.AVGO260717C360000,AVGO 260717 360.00C,412.56,2567,17712933.0,CALL,2026-07-17,360.0,21847,50.175,0.775980874,0.00327801,-0.218050625,0.54412815,71,100.0,US.AVGO,71.8,75.45,64.72,78.855,0.1273996509598604,1953334705991.04,"成交额 $17,712,933 ≥ 阈值 $500,000 | 成交量 2,567 手",US.AVGO,2026-05-08 05:39:01
US.AVGO260618C350000,AVGO 260618 350.00C,412.56,1190,8494007.0,CALL,2026-06-18,350.0,3690,55.883,0.837658114,0.003142654,-0.256638008,0.34351273,42,100.0,US.AVGO,77.23,83.21,67.22,82.683,0.15163854954430872,1953334705991.04,"成交额 $8,494,007 ≥ 阈值 $500,000 | 成交量 1,190 手",US.AVGO,2026-05-08 05:39:01
US.AVGO260618P420000,AVGO 260618 420.00P,412.56,1256,3601369.0,PUT,2026-06-18,420.0,1311,50.703,-0.499236251,0.005663634,-0.318348567,0.557374802,42,100.0,US.AVGO,27.6,34.5,25.4,25.825,0.018033740546829546,1953334705991.04,"成交额 $3,601,369 ≥ 阈值 $500,000 | 成交量 1,256 手",US.AVGO,2026-05-08 05:39:01
US.AVGO260618C420000,AVGO 260618 420.00C,412.56,1076,2949310.0,CALL,2026-06-18,420.0,5948,51.152,0.503117055,0.005576019,-0.36038321,0.557955596,42,100.0,US.AVGO,31.32,33.12,23.1,33.1816,-0.018033740546829546,1953334705991.04,"成交额 $2,949,310 ≥ 阈值 $500,000 | 成交量 1,076 手",US.AVGO,2026-05-08 05:39:01
US.AVGO261016P340000,AVGO 261016 340.00P,412.56,1152,2330177.0,PUT,2026-10-16,340.0,2380,50.77,-0.216875615,0.002115855,-0.117252496,0.806469137,162,100.0,US.AVGO,19.55,22.0,18.35,18.425,-0.17587744812875702,1953334705991.04,"成交额 $2,330,177 ≥ 阈值 $500,000 | 成交量 1,152 手",US.AVGO,2026-05-08 05:39:01
US.AVGO261016P380000,AVGO 261016 380.00P,412.56,653,2300268.0,PUT,2026-10-16,380.0,1756,49.406,-0.324645163,0.002677038,-0.136872,0.987284588,162,100.0,US.AVGO,33.35,35.62,33.35,31.25,-0.07892185379096374,1953334705991.04,"成交额 $2,300,268 ≥ 阈值 $500,000 | 成交量 653 手",US.AVGO,2026-05-08 05:39:01
US.AVGO260618C400000,AVGO 260618 400.00C,412.56,539,2010378.0,CALL,2026-06-18,400.0,8961,51.383,0.613573916,0.005324687,-0.351459692,0.535202492,42,100.0,US.AVGO,42.0,45.0,32.8,44.867,0.0304440566220671,1953334705991.04,"成交额 $2,010,378 ≥ 阈值 $500,000 | 成交量 539 手",US.AVGO,2026-05-08 05:39:01
US.AVGO260520P420000,AVGO 260520 420.00P,412.56,1218,1925849.0,PUT,2026-05-20,420.0,30,44.58,-0.562733117,0.011418524,-0.514455728,0.305956026,13,100.0,US.AVGO,12.18,21.85,11.84,12.0529,0.018033740546829546,1953334705991.04,"成交额 $1,925,849 ≥ 阈值 $500,000 | 成交量 1,218 手",US.AVGO,2026-05-08 05:39:01
US.AVGO261120P400000,AVGO 261120 400.00P,412.56,409,1880417.0,PUT,2026-11-20,400.0,531,48.725,-0.379277126,0.002621655,-0.126138008,1.150784499,197,100.0,US.AVGO,46.03,46.55,45.41,43.7461,-0.0304440566220671,1953334705991.04,"成交额 $1,880,417 ≥ 阈值 $500,000 | 成交量 409 手",US.AVGO,2026-05-08 05:39:01
US.AVGO260612C350000,AVGO 260612 350.00C,412.56,272,1808535.0,CALL,2026-06-12,350.0,20,56.964,0.848343684,0.00318448,-0.26923203,0.304068222,36,100.0,US.AVGO,77.98,77.98,65.5,80.8208,0.15163854954430872,1953334705991.04,"成交额 $1,808,535 ≥ 阈值 $500,000 | 成交量 272 手",US.AVGO,2026-05-08 05:39:01
US.AVGO260605C350000,AVGO 260605 350.00C,412.56,278,1803403.0,CALL,2026-06-05,350.0,220,57.648,0.86691011,0.003209948,-0.277652325,0.249781269,29,100.0,US.AVGO,75.1,75.1,63.85,80.4545,0.15163854954430872,1953334705991.04,"成交额 $1,803,403 ≥ 阈值 $500,000 | 成交量 278 手",US.AVGO,2026-05-08 05:39:01
US.AVGO260515P420000,AVGO 260515 420.00P,412.56,1411,1796342.0,PUT,2026-05-15,420.0,2272,44.78,-0.589876782,0.014303633,-0.663646587,0.236576147,8,100.0,US.AVGO,11.18,18.34,8.65,9.254,0.018033740546829546,1953334705991.04,"成交额 $1,796,342 ≥ 阈值 $500,000 | 成交量 1,411 手",US.AVGO,2026-05-08 05:39:01
US.AVGO260515C390000,AVGO 260515 390.00C,412.56,654,1795043.0,CALL,2026-05-15,390.0,3382,49.868,0.791518331,0.009451559,-0.585438457,0.174705509,8,100.0,US.AVGO,30.94,35.76,22.0,37.8749,0.05468295520651542,1953334705991.04,"成交额 $1,795,043 ≥ 阈值 $500,000 | 成交量 654 手",US.AVGO,2026-05-08 05:39:01
US.AVGO260508C420000,AVGO 260508 420.00C,412.56,4612,1779387.0,CALL,2026-05-08,420.0,1911,52.179,0.256314921,0.029326282,-1.897768156,0.067741467,1,100.0,US.AVGO,7.48,9.55,1.1,9.4853,-0.018033740546829546,1953334705991.04,"成交额 $1,779,387 ≥ 阈值 $500,000 | 成交量 4,612 手",US.AVGO,2026-05-08 05:39:01
US.AVGO260518P420000,AVGO 260518 420.00P,412.56,1301,1764212.0,PUT,2026-05-18,420.0,182,42.529,-0.576662728,0.012935947,-0.532495988,0.27958977,11,100.0,US.AVGO,10.55,19.62,9.48,10.3705,0.018033740546829546,1953334705991.04,"成交额 $1,764,212 ≥ 阈值 $500,000 | 成交量 1,301 手",US.AVGO,2026-05-08 05:39:01
US.AVGO260918P380000,AVGO 260918 380.00P,412.56,575,1706572.0,PUT,2026-09-18,380.0,2409,49.739,-0.322505815,0.002910079,-0.152814324,0.895618653,134,100.0,US.AVGO,29.53,31.45,27.45,27.675,-0.07892185379096374,1953334705991.04,"成交额 $1,706,572 ≥ 阈值 $500,000 | 成交量 575 手",US.AVGO,2026-05-08 05:39:01
US.AVGO260618C430000,AVGO 260618 430.00C,412.56,698,1603108.0,CALL,2026-06-18,430.0,3892,51.079,0.448953574,0.005538368,-0.355172196,0.553394527,42,100.0,US.AVGO,26.56,28.3,19.65,28.35,-0.04227263913127787,1953334705991.04,"成交额 $1,603,108 ≥ 阈值 $500,000 | 成交量 698 手",US.AVGO,2026-05-08 05:39:01
US.AVGO260508P400000,AVGO 260508 400.00P,412.56,9695,1504238.0,PUT,2026-05-08,400.0,5012,60.313,-0.153037477,0.018619707,-1.57135245,0.049711585,1,100.0,US.AVGO,0.74,3.0,0.4,0.695,-0.0304440566220671,1953334705991.04,"成交额 $1,504,238 ≥ 阈值 $500,000 | 成交量 9,695 手",US.AVGO,2026-05-08 05:39:01
US.AVGO260605P425000,AVGO 260605 425.00P,412.56,452,1475303.0,PUT,2026-06-05,425.0,67,53.873,-0.541571892,0.006374854,-0.40996154,0.460598382,29,100.0,US.AVGO,29.46,33.65,25.74,24.6808,0.03015318983905371,1953334705991.04,"成交额 $1,475,303 ≥ 阈值 $500,000 | 成交量 452 手",US.AVGO,2026-05-08 05:39:01
US.AVGO260717C420000,AVGO 260717 420.00C,412.56,425,1463788.0,CALL,2026-07-17,420.0,1771,48.154,0.522074111,0.004547752,-0.264995251,0.724534424,71,100.0,US.AVGO,36.68,40.85,30.27,40.1958,-0.018033740546829546,1953334705991.04,"成交额 $1,463,788 ≥ 阈值 $500,000 | 成交量 425 手",US.AVGO,2026-05-08 05:39:01
US.AVGO260918C450000,AVGO 260918 450.00C,412.56,385,1449514.0,CALL,2026-09-18,450.0,4685,48.891,0.460169842,0.003248587,-0.196723292,0.992072014,134,100.0,US.AVGO,39.95,41.1,33.86,42.8,-0.09075043630017451,1953334705991.04,"成交额 $1,449,514 ≥ 阈值 $500,000 | 成交量 385 手",US.AVGO,2026-05-08 05:39:01
US.AVGO260618C470000,AVGO 260618 470.00C,412.56,1292,1439412.0,CALL,2026-06-18,470.0,5154,51.059,0.26034596,0.004545177,-0.28666314,0.453940191,42,100.0,US.AVGO,12.0,13.77,9.0,13.95,-0.13922823346907115,1953334705991.04,"成交额 $1,439,412 ≥ 阈值 $500,000 | 成交量 1,292 手",US.AVGO,2026-05-08 05:39:01
US.AVGO260515C420000,AVGO 260515 420.00C,412.56,1335,1366376.0,CALL,2026-05-15,420.0,6976,44.867,0.411057208,0.014239621,-0.705137316,0.236828901,8,100.0,US.AVGO,11.3,15.0,6.1,14.9281,-0.018033740546829546,1953334705991.04,"成交额 $1,366,376 ≥ 阈值 $500,000 | 成交量 1,335 手",US.AVGO,2026-05-08 05:39:01
US.AVGO260918P320000,AVGO 260918 320.00P,412.56,1078,1320527.0,PUT,2026-09-18,320.0,6287,52.437,-0.159507585,0.001857736,-0.112081597,0.606619117,134,100.0,US.AVGO,12.27,13.16,11.25,11.5,-0.2243552452976537,1953334705991.04,"成交额 $1,320,527 ≥ 阈值 $500,000 | 成交量 1,078 手",US.AVGO,2026-05-08 05:39:01
US.AVGO260515P410000,AVGO 260515 410.00P,412.56,1477,1310271.0,PUT,2026-05-15,410.0,1601,45.867,-0.445711922,0.014172285,-0.699389784,0.24057405,8,100.0,US.AVGO,6.94,13.01,5.45,5.8709,-0.006205158037618776,1953334705991.04,"成交额 $1,310,271 ≥ 阈值 $500,000 | 成交量 1,477 手",US.AVGO,2026-05-08 05:39:01
US.AVGO261120P340000,AVGO 261120 340.00P,412.56,534,1286825.0,PUT,2026-11-20,340.0,509,50.046,-0.22488315,0.001990337,-0.105740708,0.908008742,197,100.0,US.AVGO,22.3,25.55,21.45,21.5,-0.17587744812875702,1953334705991.04,"成交额 $1,286,825 ≥ 阈值 $500,000 | 成交量 534 手",US.AVGO,2026-05-08 05:39:01
US.AVGO260612P425000,AVGO 260612 425.00P,412.56,367,1285974.0,PUT,2026-06-12,425.0,22,51.904,-0.533141755,0.00595651,-0.351887552,0.514198164,36,100.0,US.AVGO,31.81,35.35,31.79,26.9305,0.03015318983905371,1953334705991.04,"成交额 $1,285,974 ≥ 阈值 $500,000 | 成交量 367 手",US.AVGO,2026-05-08 05:39:01
US.AVGO260618C450000,AVGO 260618 450.00C,412.56,716,1240155.0,CALL,2026-06-18,450.0,6311,51.226,0.348556499,0.005161933,-0.330081516,0.517249128,42,100.0,US.AVGO,17.2,20.2,13.4,20.025,-0.09075043630017451,1953334705991.04,"成交额 $1,240,155 ≥ 阈值 $500,000 | 成交量 716 手",US.AVGO,2026-05-08 05:39:01
US.AVGO260618C410000,AVGO 260618 410.00C,412.56,382,1205769.0,CALL,2026-06-18,410.0,5335,51.203,0.558354716,0.005510962,-0.358909559,0.551993029,42,100.0,US.AVGO,35.45,38.46,27.6,38.6891,0.006205158037618776,1953334705991.04,"成交额 $1,205,769 ≥ 阈值 $500,000 | 成交量 382 手",US.AVGO,2026-05-08 05:39:01
US.AVGO260918C420000,AVGO 260918 420.00C,412.56,229,1101292.0,CALL,2026-09-18,420.0,2673,48.783,0.552735152,0.003243484,-0.198347229,0.988334304,134,100.0,US.AVGO,53.4,53.98,45.56,55.5373,-0.018033740546829546,1953334705991.04,"成交额 $1,101,292 ≥ 阈值 $500,000 | 成交量 229 手",US.AVGO,2026-05-08 05:39:01
US.AVGO260518C425000,AVGO 260518 425.00C,412.56,1418,1077371.0,CALL,2026-05-18,425.0,2788,42.529,0.36256286,0.012340659,-0.544891745,0.267967263,11,100.0,US.AVGO,10.6,12.2,6.05,13.4263,-0.03015318983905371,1953334705991.04,"成交额 $1,077,371 ≥ 阈值 $500,000 | 成交量 1,418 手",US.AVGO,2026-05-08 05:39:01
US.AVGO260618P410000,AVGO 260618 410.00P,412.56,417,1027161.0,PUT,2026-06-18,410.0,1385,50.705,-0.443174901,0.005596049,-0.317255109,0.551842402,42,100.0,US.AVGO,24.15,29.23,21.4,21.35,-0.006205158037618776,1953334705991.04,"成交额 $1,027,161 ≥ 阈值 $500,000 | 成交量 417 手",US.AVGO,2026-05-08 05:39:01
US.AVGO260717C430000,AVGO 260717 430.00C,412.56,346,1022512.0,CALL,2026-07-17,430.0,1269,47.814,0.477126376,0.004579484,-0.261779954,0.724448669,71,100.0,US.AVGO,33.85,35.38,26.43,35.425,-0.04227263913127787,1953334705991.04,"成交额 $1,022,512 ≥ 阈值 $500,000 | 成交量 346 手",US.AVGO,2026-05-08 05:39:01
US.AVGO260515C425000,AVGO 260515 425.00C,412.56,1220,984184.0,CALL,2026-05-15,425.0,995,44.904,0.343412479,0.013452967,-0.662560497,0.223925015,8,100.0,US.AVGO,9.6,12.5,4.75,12.2351,-0.03015318983905371,1953334705991.04,"成交额 $984,184 ≥ 阈值 $500,000 | 成交量 1,220 手",US.AVGO,2026-05-08 05:39:01
US.AVGO260515C450000,AVGO 260515 450.00C,412.56,4652,960267.0,CALL,2026-05-15,450.0,11582,45.608,0.106543907,0.00661772,-0.317230062,0.111864367,8,100.0,US.AVGO,2.93,3.7,1.0,3.6696,-0.09075043630017451,1953334705991.04,"成交额 $960,267 ≥ 阈值 $500,000 | 成交量 4,652 手",US.AVGO,2026-05-08 05:39:01
US.AVGO261120P290000,AVGO 261120 290.00P,412.56,825,920055.0,PUT,2026-11-20,290.0,717,52.357,-0.124170902,0.001294892,-0.077249309,0.620882818,197,100.0,US.AVGO,11.07,11.75,11.05,10.625,-0.29707194105099866,1953334705991.04,"成交额 $920,055 ≥ 阈值 $500,000 | 成交量 825 手",US.AVGO,2026-05-08 05:39:01
US.AVGO260508C425000,AVGO 260508 425.00C,412.56,3565,902378.0,CALL,2026-05-08,425.0,1738,50.839,0.129421548,0.019715103,-1.182114356,0.044367453,1,100.0,US.AVGO,3.86,6.4,0.6,6.6338,-0.03015318983905371,1953334705991.04,"成交额 $902,378 ≥ 阈值 $500,000 | 成交量 3,565 手",US.AVGO,2026-05-08 05:39:01
US.AVGO260717C520000,AVGO 260717 520.00C,412.56,1030,843437.0,CALL,2026-07-17,520.0,753,48.494,0.172981598,0.002900887,-0.165322406,0.465358403,71,100.0,US.AVGO,8.15,9.3,6.75,9.55,-0.26042272639131275,1953334705991.04,"成交额 $843,437 ≥ 阈值 $500,000 | 成交量 1,030 手",US.AVGO,2026-05-08 05:39:01
US.AVGO260508C410000,AVGO 260508 410.00C,412.56,1377,829573.0,CALL,2026-05-08,410.0,618,56.925,0.59180148,0.032421509,-2.534886831,0.081708225,1,100.0,US.AVGO,11.9,15.2,3.95,17.0988,0.006205158037618776,1953334705991.04,"成交额 $829,573 ≥ 阈值 $500,000 | 成交量 1,377 手",US.AVGO,2026-05-08 05:39:01
US.AVGO260918P400000,AVGO 260918 400.00P,412.56,218,826147.0,PUT,2026-09-18,400.0,764,49.414,-0.386403309,0.003135182,-0.1599842,0.954784118,134,100.0,US.AVGO,37.89,40.65,36.4,35.8,-0.0304440566220671,1953334705991.04,"成交额 $826,147 ≥ 阈值 $500,000 | 成交量 218 手",US.AVGO,2026-05-08 05:39:01
US.AVGO260515C430000,AVGO 260515 430.00C,412.56,1305,820439.0,CALL,2026-05-15,430.0,5142,44.989,0.281482875,0.012320745,-0.603826726,0.205459511,8,100.0,US.AVGO,8.3,10.02,3.7,9.8012,-0.04227263913127787,1953334705991.04,"成交额 $820,439 ≥ 阈值 $500,000 | 成交量 1,305 手",US.AVGO,2026-05-08 05:39:01
US.AVGO260508C435000,AVGO 260508 435.00C,412.56,10029,815232.0,CALL,2026-05-08,435.0,1937,53.053,0.026164676,0.005439074,-0.331858595,0.012777636,1,100.0,US.AVGO,1.55,2.17,0.1,2.795,-0.05439208842350203,1953334705991.04,"成交额 $815,232 ≥ 阈值 $500,000 | 成交量 10,029 手",US.AVGO,2026-05-08 05:39:01
US.AVGO260508P415000,AVGO 260508 415.00P,412.56,2027,809749.0,PUT,2026-05-08,415.0,778,50.684,-0.583877881,0.036596337,-2.221889427,0.082071319,1,100.0,US.AVGO,3.1,9.49,1.91,2.645,0.005914291254605385,1953334705991.04,"成交额 $809,749 ≥ 阈值 $500,000 | 成交量 2,027 手",US.AVGO,2026-05-08 05:39:01
US.AVGO261016C460000,AVGO 261016 460.00C,412.56,209,809399.0,CALL,2026-10-16,460.0,244,48.196,0.449030419,0.002987442,-0.176803422,1.087346589,162,100.0,US.AVGO,40.5,40.53,37.95,43.65,-0.11498933488462283,1953334705991.04,"成交额 $809,399 ≥ 阈值 $500,000 | 成交量 209 手",US.AVGO,2026-05-08 05:39:01
US.AVGO260515C440000,AVGO 260515 440.00C,412.56,2397,796115.0,CALL,2026-05-15,440.0,5137,45.303,0.179356437,0.009491726,-0.46149229,0.159377597,8,100.0,US.AVGO,4.5,6.17,1.94,6.2055,-0.0665115377157262,1953334705991.04,"成交额 $796,115 ≥ 阈值 $500,000 | 成交量 2,397 手",US.AVGO,2026-05-08 05:39:01
US.AVGO260522P405000,AVGO 260522 405.00P,412.56,633,783841.0,PUT,2026-05-22,405.0,1277,47.252,-0.399202036,0.009804295,-0.50177218,0.322281128,15,100.0,US.AVGO,10.3,14.04,8.45,8.2336,-0.018324607329842937,1953334705991.04,"成交额 $783,841 ≥ 阈值 $500,000 | 成交量 633 手",US.AVGO,2026-05-08 05:39:01
US.AVGO260508C422500,AVGO 260508 422.50C,412.56,2740,769537.0,CALL,2026-05-08,422.5,2137,51.931,0.188869103,0.024743538,-1.569896311,0.056882174,1,100.0,US.AVGO,4.46,7.65,0.86,7.9345,-0.024093465192941626,1953334705991.04,"成交额 $769,537 ≥ 阈值 $500,000 | 成交量 2,740 手",US.AVGO,2026-05-08 05:39:01
US.AVGO260508P405000,AVGO 260508 405.00P,412.56,3808,763176.0,PUT,2026-05-08,405.0,1367,56.499,-0.25480705,0.027002161,-2.029596911,0.067532335,1,100.0,US.AVGO,0.99,4.81,0.68,1.045,-0.018324607329842937,1953334705991.04,"成交额 $763,176 ≥ 阈值 $500,000 | 成交量 3,808 手",US.AVGO,2026-05-08 05:39:01
US.AVGO260508C415000,AVGO 260508 415.00C,412.56,1844,762951.0,CALL,2026-05-08,415.0,706,54.047,0.422030102,0.034408406,-2.419270886,0.082332222,1,100.0,US.AVGO,9.96,13.17,2.2,13.0076,-0.005914291254605385,1953334705991.04,"成交额 $762,951 ≥ 阈值 $500,000 | 成交量 1,844 手",US.AVGO,2026-05-08 05:39:01
US.AVGO260515C415000,AVGO 260515 415.00C,412.56,632,749839.0,CALL,2026-05-15,415.0,526,45.068,0.482667157,0.014524965,-0.729722508,0.242664951,8,100.0,US.AVGO,14.5,18.35,8.15,18.0991,-0.005914291254605385,1953334705991.04,"成交额 $749,839 ≥ 阈值 $500,000 | 成交量 632 手",US.AVGO,2026-05-08 05:39:01
US.AVGO260508C417500,AVGO 260508 417.50C,412.56,1521,728395.0,CALL,2026-05-08,417.5,426,52.8,0.335409531,0.03280781,-2.190673509,0.076689203,1,100.0,US.AVGO,7.0,11.2,1.35,11.1863,-0.011974015900717465,1953334705991.04,"成交额 $728,395 ≥ 阈值 $500,000 | 成交量 1,521 手",US.AVGO,2026-05-08 05:39:01
US.AVGO260520P415000,AVGO 260520 415.00P,412.56,562,726944.0,PUT,2026-05-20,415.0,0,45.015,-0.505515371,0.011436311,-0.529120173,0.309815998,13,100.0,US.AVGO,12.0,18.58,10.17,10.1802,0.005914291254605385,1953334705991.04,"成交额 $726,944 ≥ 阈值 $500,000 | 成交量 562 手",US.AVGO,2026-05-08 05:39:01
US.AVGO260515C410000,AVGO 260515 410.00C,412.56,558,712411.0,CALL,2026-05-15,410.0,6099,45.442,0.554955518,0.014282144,-0.732281171,0.240585717,8,100.0,US.AVGO,18.69,21.35,10.0,21.5406,0.006205158037618776,1953334705991.04,"成交额 $712,411 ≥ 阈值 $500,000 | 成交量 558 手",US.AVGO,2026-05-08 05:39:01
US.AVGO260508C430000,AVGO 260508 430.00C,412.56,4382,680046.0,CALL,2026-05-08,430.0,3523,51.536,0.059561216,0.010922305,-0.651905325,0.024918807,1,100.0,US.AVGO,2.82,3.9,0.25,4.3,-0.04227263913127787,1953334705991.04,"成交额 $680,046 ≥ 阈值 $500,000 | 成交量 4,382 手",US.AVGO,2026-05-08 05:39:01
US.AVGO260508P420000,AVGO 260508 420.00P,412.56,1136,674391.0,PUT,2026-05-08,420.0,949,48.087,-0.762217637,0.0306227,-1.637333549,0.065057807,1,100.0,US.AVGO,4.9,14.0,3.0,4.125,0.018033740546829546,1953334705991.04,"成交额 $674,391 ≥ 阈值 $500,000 | 成交量 1,136 手",US.AVGO,2026-05-08 05:39:01
US.AVGO260605C420000,AVGO 260605 420.00C,412.56,293,665237.0,CALL,2026-06-05,420.0,563,55.287,0.492676576,0.006209395,-0.464440154,0.463443224,29,100.0,US.AVGO,25.44,28.7,19.6,29.1768,-0.018033740546829546,1953334705991.04,"成交额 $665,237 ≥ 阈值 $500,000 | 成交量 293 手",US.AVGO,2026-05-08 05:39:01
US.AVGO260520P417500,AVGO 260520 417.50P,412.56,469,653375.0,PUT,2026-05-20,417.5,0,44.507,-0.534594198,0.011530585,-0.51963541,0.308654454,13,100.0,US.AVGO,13.26,19.65,10.61,11.116,0.011974015900717465,1953334705991.04,"成交额 $653,375 ≥ 阈值 $500,000 | 成交量 469 手",US.AVGO,2026-05-08 05:39:01
US.AVGO260508P410000,AVGO 260508 410.00P,412.56,2304,639730.0,PUT,2026-05-08,410.0,2100,54.149,-0.404200252,0.034006092,-2.366077828,0.081505287,1,100.0,US.AVGO,1.87,7.2,1.15,1.7334,-0.006205158037618776,1953334705991.04,"成交额 $639,730 ≥ 阈值 $500,000 | 成交量 2,304 手",US.AVGO,2026-05-08 05:39:01
US.AVGO260515P425000,AVGO 260515 425.00P,412.56,400,620057.0,PUT,2026-05-15,425.0,321,44.475,-0.659189632,0.013608445,-0.614772807,0.223113244,8,100.0,US.AVGO,13.7,19.1,11.1,11.5597,0.03015318983905371,1953334705991.04,"成交额 $620,057 ≥ 阈值 $500,000 | 成交量 400 手",US.AVGO,2026-05-08 05:39:01
US.AVGO260612C425000,AVGO 260612 425.00C,412.56,241,618505.0,CALL,2026-06-12,425.0,83,51.906,0.468569299,0.005917716,-0.391406786,0.51492464,36,100.0,US.AVGO,26.13,27.85,20.0,28.4895,-0.03015318983905371,1953334705991.04,"成交额 $618,505 ≥ 阈值 $500,000 | 成交量 241 手",US.AVGO,2026-05-08 05:39:01
US.AVGO260605P410000,AVGO 260605 410.00P,412.56,269,602461.0,PUT,2026-06-05,410.0,196,54.141,-0.446867772,0.006306803,-0.414654401,0.459143407,29,100.0,US.AVGO,19.8,25.25,17.4,18.0127,-0.006205158037618776,1953334705991.04,"成交额 $602,461 ≥ 阈值 $500,000 | 成交量 269 手",US.AVGO,2026-05-08 05:39:01
US.AVGO260717P390000,AVGO 260717 390.00P,412.56,261,601668.0,PUT,2026-07-17,390.0,856,48.65,-0.345287468,0.004186039,-0.216051387,0.669775483,71,100.0,US.AVGO,21.4,25.25,20.56,19.675,-0.05468295520651542,1953334705991.04,"成交额 $601,668 ≥ 阈值 $500,000 | 成交量 261 手",US.AVGO,2026-05-08 05:39:01
US.AVGO260518P415000,AVGO 260518 415.00P,412.56,542,601042.0,PUT,2026-05-18,415.0,10,42.493,-0.512094618,0.013169302,-0.545476387,0.284785886,11,100.0,US.AVGO,10.37,16.75,8.54,8.459,0.005914291254605385,1953334705991.04,"成交额 $601,042 ≥ 阈值 $500,000 | 成交量 542 手",US.AVGO,2026-05-08 05:39:01
US.AVGO260508P425000,AVGO 260508 425.00P,412.56,737,589964.0,PUT,2026-05-08,425.0,755,45.656,-0.896777431,0.018862668,-0.859353563,0.037745104,1,100.0,US.AVGO,11.68,18.0,4.75,6.275,0.03015318983905371,1953334705991.04,"成交额 $589,964 ≥ 阈值 $500,000 | 成交量 737 手",US.AVGO,2026-05-08 05:39:01
US.AVGO260717C450000,AVGO 260717 450.00C,412.56,242,567030.0,CALL,2026-07-17,450.0,3878,47.877,0.392659965,0.00441422,-0.250647966,0.699197556,71,100.0,US.AVGO,25.8,27.0,19.32,27.0,-0.09075043630017451,1953334705991.04,"成交额 $567,030 ≥ 阈值 $500,000 | 成交量 242 手",US.AVGO,2026-05-08 05:39:01
US.AVGO260515C435000,AVGO 260515 435.00C,412.56,1079,556340.0,CALL,2026-05-15,435.0,1270,44.224,0.221624645,0.011043014,-0.517276939,0.181013335,8,100.0,US.AVGO,5.5,7.92,2.8,7.8,-0.05439208842350203,1953334705991.04,"成交额 $556,340 ≥ 阈值 $500,000 | 成交量 1,079 手",US.AVGO,2026-05-08 05:39:01
US.AVGO260618C440000,AVGO 260618 440.00C,412.56,285,551183.0,CALL,2026-06-18,440.0,6161,51.033,0.396869884,0.005401388,-0.344228452,0.539211924,42,100.0,US.AVGO,22.55,23.6,16.3,24.025,-0.0665115377157262,1953334705991.04,"成交额 $551,183 ≥ 阈值 $500,000 | 成交量 285 手",US.AVGO,2026-05-08 05:39:01
US.AVGO260508P417500,AVGO 260508 417.50P,412.56,976,542153.0,PUT,2026-05-08,417.5,571,50.75,-0.671371892,0.03388548,-2.047915841,0.07605948,1,100.0,US.AVGO,4.2,11.15,2.43,3.325,0.011974015900717465,1953334705991.04,"成交额 $542,153 ≥ 阈值 $500,000 | 成交量 976 手",US.AVGO,2026-05-08 05:39:01
US.AVGO260717P360000,AVGO 260717 360.00P,412.56,413,535733.0,PUT,2026-07-17,360.0,1871,49.977,-0.224280126,0.003301106,-0.182816222,0.544229552,71,100.0,US.AVGO,12.88,14.36,11.77,11.3,-0.1273996509598604,1953334705991.04,"成交额 $535,733 ≥ 阈值 $500,000 | 成交量 413 手",US.AVGO,2026-05-08 05:39:01
US.AVGO260618P400000,AVGO 260618 400.00P,412.56,265,533992.0,PUT,2026-06-18,400.0,4006,51.286,-0.387477912,0.0053586,-0.31309629,0.535279238,42,100.0,US.AVGO,18.5,23.68,18.07,17.55,-0.0304440566220671,1953334705991.04,"成交额 $533,992 ≥ 阈值 $500,000 | 成交量 265 手",US.AVGO,2026-05-08 05:39:01
US.AVGO260520C425000,AVGO 260520 425.00C,412.56,473,511416.0,CALL,2026-05-20,425.0,25,46.213,0.388627642,0.010673236,-0.555888972,0.297842372,13,100.0,US.AVGO,13.88,14.2,8.77,15.0534,-0.03015318983905371,1953334705991.04,"成交额 $511,416 ≥ 阈值 $500,000 | 成交量 473 手",US.AVGO,2026-05-08 05:39:01
US.AVGO260518P412500,AVGO 260518 412.50P,412.56,485,500641.0,PUT,2026-05-18,412.5,17,42.62,-0.479243123,0.0131122,-0.548052971,0.284550218,11,100.0,US.AVGO,9.3,14.28,7.75,7.6179,-0.00014543339150669546,1953334705991.04,"成交额 $500,641 ≥ 阈值 $500,000 | 成交量 485 手",US.AVGO,2026-05-08 05:39:01
US.AXON260508C400000,AXON 260508 400.00C,426.89,540,1101686.0,CALL,2026-05-08,400.0,874,127.295,0.84980945,0.008415991,-3.434660854,0.05082887,1,100.0,US.AXON,15.39,40.45,8.0,21.8519,0.06299046592799079,34395466884.89,"成交额 $1,101,686 ≥ 阈值 $500,000 | 成交量 540 手",US.AXON,2026-05-08 05:39:30
US.AXP260918P290000,AXP 260918 290.00P,318.69,500,506115.0,PUT,2026-09-18,290.0,1379,32.049,-0.260392584,0.005294361,-0.067092488,0.625340791,134,100.0,US.AXP,9.93,10.84,9.93,10.025,-0.0900247889798864,217450614119.67,"成交额 $506,115 ≥ 阈值 $500,000 | 成交量 500 手",US.AXP,2026-05-08 05:39:48
US.BA260618C200000,BA 260618 200.00C,231.03,673,2488578.0,CALL,2026-06-18,200.0,3049,32.6,0.918975094,0.005878713,-0.063447833,0.117524295,42,100.0,US.BA,33.8,38.15,33.46,32.7506,0.13431156126909927,182121487530.93,"成交额 $2,488,578 ≥ 阈值 $500,000 | 成交量 673 手",US.BA,2026-05-08 05:40:02
US.BA260515C240000,BA 260515 240.00C,231.03,7004,1816572.0,CALL,2026-05-15,240.0,12938,36.319,0.25173648,0.025755954,-0.257770909,0.108729077,8,100.0,US.BA,2.0,4.49,1.54,1.84,-0.03882612647708089,182121487530.93,"成交额 $1,816,572 ≥ 阈值 $500,000 | 成交量 7,004 手",US.BA,2026-05-08 05:40:02
US.BA260618C240000,BA 260618 240.00C,231.03,1995,1543012.0,CALL,2026-06-18,240.0,8909,32.496,0.400277623,0.015182137,-0.12639124,0.30263499,42,100.0,US.BA,6.8,9.64,6.24,6.375,-0.03882612647708089,182121487530.93,"成交额 $1,543,012 ≥ 阈值 $500,000 | 成交量 1,995 手",US.BA,2026-05-08 05:40:02
US.BA260515C235000,BA 260515 235.00C,231.03,2491,1203985.0,CALL,2026-05-15,235.0,5921,36.965,0.393398978,0.030515754,-0.322735412,0.131132557,8,100.0,US.BA,3.8,6.75,2.88,3.3068,-0.017183915508808375,182121487530.93,"成交额 $1,203,985 ≥ 阈值 $500,000 | 成交量 2,491 手",US.BA,2026-05-08 05:40:02
US.BA260821P220000,BA 260821 220.00P,231.03,1025,1077962.0,PUT,2026-08-21,220.0,4964,34.911,-0.344132946,0.008561281,-0.06791422,0.457173594,106,100.0,US.BA,10.9,11.0,9.69,11.2,-0.04774271739600918,182121487530.93,"成交额 $1,077,962 ≥ 阈值 $500,000 | 成交量 1,025 手",US.BA,2026-05-08 05:40:02
US.BA260522C230000,BA 260522 230.00C,231.03,1224,1074097.0,CALL,2026-05-22,230.0,608,34.23,0.548035927,0.024745327,-0.227621651,0.185175883,15,100.0,US.BA,8.0,11.5,6.4,7.2103,0.004458295459464144,182121487530.93,"成交额 $1,074,097 ≥ 阈值 $500,000 | 成交量 1,224 手",US.BA,2026-05-08 05:40:02
US.BA260508C235000,BA 260508 235.00C,231.03,4478,861836.0,CALL,2026-05-08,235.0,2344,42.865,0.222455605,0.058986112,-0.805043815,0.035112609,1,100.0,US.BA,0.91,4.0,0.47,0.83,-0.017183915508808375,182121487530.93,"成交额 $861,836 ≥ 阈值 $500,000 | 成交量 4,478 手",US.BA,2026-05-08 05:40:02
US.BA260515C230000,BA 260515 230.00C,231.03,1148,796904.0,CALL,2026-05-15,230.0,6216,37.01,0.549207478,0.031373701,-0.336858337,0.134985626,8,100.0,US.BA,6.05,9.74,4.96,5.532,0.004458295459464144,182121487530.93,"成交额 $796,904 ≥ 阈值 $500,000 | 成交量 1,148 手",US.BA,2026-05-08 05:40:02
US.BA260821C250000,BA 260821 250.00C,231.03,709,764874.0,CALL,2026-08-21,250.0,4818,33.824,0.388274411,0.009101616,-0.084202314,0.476940241,106,100.0,US.BA,10.35,13.3,10.25,9.725,-0.08211054841362593,182121487530.93,"成交额 $764,874 ≥ 阈值 $500,000 | 成交量 709 手",US.BA,2026-05-08 05:40:02
US.BA260618C250000,BA 260618 250.00C,231.03,1674,762373.0,CALL,2026-06-18,250.0,9569,32.349,0.265496616,0.012939644,-0.105010743,0.256736001,42,100.0,US.BA,3.58,5.9,3.45,3.475,-0.08211054841362593,182121487530.93,"成交额 $762,373 ≥ 阈值 $500,000 | 成交量 1,674 手",US.BA,2026-05-08 05:40:02
US.BA260508C240000,BA 260508 240.00C,231.03,10838,733179.0,CALL,2026-05-08,240.0,3780,47.65,0.060446973,0.021336234,-0.341717883,0.014119142,1,100.0,US.BA,0.27,1.95,0.11,0.205,-0.03882612647708089,182121487530.93,"成交额 $733,179 ≥ 阈值 $500,000 | 成交量 10,838 手",US.BA,2026-05-08 05:40:02
US.BA260618C230000,BA 260618 230.00C,231.03,541,703011.0,CALL,2026-06-18,230.0,5647,32.715,0.553115501,0.015431237,-0.133144773,0.309687184,42,100.0,US.BA,11.23,15.02,10.5,10.6427,0.004458295459464144,182121487530.93,"成交额 $703,011 ≥ 阈值 $500,000 | 成交量 541 手",US.BA,2026-05-08 05:40:02
US.BA260508C237500,BA 260508 237.50C,231.03,4337,660033.0,CALL,2026-05-08,237.5,1872,44.905,0.11698947,0.037127012,-0.542820754,0.023151098,1,100.0,US.BA,0.52,2.98,0.21,0.425,-0.028005020992944635,182121487530.93,"成交额 $660,033 ≥ 阈值 $500,000 | 成交量 4,337 手",US.BA,2026-05-08 05:40:02
US.BA260522C240000,BA 260522 240.00C,231.03,1858,653504.0,CALL,2026-05-22,240.0,554,33.573,0.306900528,0.0223757,-0.193283445,0.164208787,15,100.0,US.BA,3.36,6.0,2.77,2.8966,-0.03882612647708089,182121487530.93,"成交额 $653,504 ≥ 阈值 $500,000 | 成交量 1,858 手",US.BA,2026-05-08 05:40:02
US.BA260618C260000,BA 260618 260.00C,231.03,2940,637866.0,CALL,2026-06-18,260.0,4425,32.236,0.161583123,0.009698968,-0.077107215,0.191732732,42,100.0,US.BA,2.0,3.7,1.85,1.82,-0.12539497035017097,182121487530.93,"成交额 $637,866 ≥ 阈值 $500,000 | 成交量 2,940 手",US.BA,2026-05-08 05:40:02
US.BA260515C250000,BA 260515 250.00C,231.03,5570,631659.0,CALL,2026-05-15,250.0,15708,39.238,0.093408236,0.012477023,-0.138141376,0.056900909,8,100.0,US.BA,0.59,1.75,0.41,0.4608,-0.08211054841362593,182121487530.93,"成交额 $631,659 ≥ 阈值 $500,000 | 成交量 5,570 手",US.BA,2026-05-08 05:40:02
US.BA260618C245000,BA 260618 245.00C,231.03,913,618384.0,CALL,2026-06-18,245.0,2930,32.193,0.328172638,0.014330667,-0.116101152,0.282979394,42,100.0,US.BA,5.0,7.75,4.5,4.75,-0.06046833744535341,182121487530.93,"成交额 $618,384 ≥ 阈值 $500,000 | 成交量 913 手",US.BA,2026-05-08 05:40:02
US.BA260508C232500,BA 260508 232.50C,231.03,2964,608370.0,CALL,2026-05-08,232.5,1891,43.866,0.394343436,0.074446221,-1.081590198,0.045356202,1,100.0,US.BA,1.77,5.5,1.03,1.47,-0.006362810024672116,182121487530.93,"成交额 $608,370 ≥ 阈值 $500,000 | 成交量 2,964 手",US.BA,2026-05-08 05:40:02
US.BA260821P205000,BA 260821 205.00P,231.03,1033,581799.0,PUT,2026-08-21,205.0,1481,35.541,-0.220953491,0.006743194,-0.057092254,0.368962957,106,100.0,US.BA,5.85,6.04,4.69,6.4,-0.11266935030082674,182121487530.93,"成交额 $581,799 ≥ 阈值 $500,000 | 成交量 1,033 手",US.BA,2026-05-08 05:40:02
US.BA260918P250000,BA 260918 250.00P,231.03,202,575600.0,PUT,2026-09-18,250.0,596,34.797,-0.592560428,0.008384782,-0.057909556,0.538662254,134,100.0,US.BA,28.0,29.0,28.0,28.8777,0.08211054841362593,182121487530.93,"成交额 $575,600 ≥ 阈值 $500,000 | 成交量 202 手",US.BA,2026-05-08 05:40:02
US.BA260918P230000,BA 260918 230.00P,231.03,313,546235.0,PUT,2026-09-18,230.0,2442,34.511,-0.430702917,0.008309881,-0.061351408,0.547775797,134,100.0,US.BA,15.85,17.5,15.25,17.0249,-0.004458295459464144,182121487530.93,"成交额 $546,235 ≥ 阈值 $500,000 | 成交量 313 手",US.BA,2026-05-08 05:40:02
US.BA260515P220000,BA 260515 220.00P,231.03,4008,543904.0,PUT,2026-05-15,220.0,6395,38.252,-0.181884669,0.020257644,-0.214283155,0.090020178,8,100.0,US.BA,1.47,1.64,0.8,1.825,-0.04774271739600918,182121487530.93,"成交额 $543,904 ≥ 阈值 $500,000 | 成交量 4,008 手",US.BA,2026-05-08 05:40:02
US.BA260508C230000,BA 260508 230.00C,231.03,1572,543182.0,CALL,2026-05-08,230.0,2020,42.532,0.587518614,0.077665963,-1.066496718,0.045879281,1,100.0,US.BA,3.29,7.2,1.97,2.4793,0.004458295459464144,182121487530.93,"成交额 $543,182 ≥ 阈值 $500,000 | 成交量 1,572 手",US.BA,2026-05-08 05:40:02
US.BAC260918P50000,BAC 260918 50.00P,52.75,5068,1129894.0,PUT,2026-09-18,50.0,15264,29.372,-0.325675528,0.038946718,-0.011014101,0.114736487,134,100.0,US.BAC,1.95,2.23,1.95,1.945,-0.052132701421800945,374345156840.25,"成交额 $1,129,894 ≥ 阈值 $500,000 | 成交量 5,068 手",US.BAC,2026-05-08 05:40:31
US.BRKB260821C515000,BRKB 260821 515.00C,475.08,1349,762478.0,CALL,2026-08-21,515.0,65,16.741,0.232074901,0.007121587,-0.072176672,0.780447684,106,100.0,US.BRK.B,5.47,6.15,5.18,4.35,-0.08402795318683173,1024678282409.16,"成交额 $762,478 ≥ 阈值 $500,000 | 成交量 1,349 手",US.BRK.B,2026-05-08 05:43:41
US.BRKB260618C500000,BRKB 260618 500.00C,475.08,2185,557887.0,CALL,2026-06-18,500.0,12039,15.275,0.189322769,0.011005781,-0.088069943,0.435544657,42,100.0,US.BRK.B,2.0,2.93,1.94,1.855,-0.0524543234823609,1024678282409.16,"成交额 $557,887 ≥ 阈值 $500,000 | 成交量 2,185 手",US.BRK.B,2026-05-08 05:43:41
US.BSX260618P105000,BSX 260618 105.00P,56.57,3181,15256273.0,PUT,2026-06-18,105.0,816,121.444,-0.9076164,0.007971529,-0.039377265,0.031433908,42,100.0,US.BSX,47.93,48.46,47.6,49.0,0.856107477461552,84083112476.03,"成交额 $15,256,273 ≥ 阈值 $500,000 | 成交量 3,181 手",US.BSX,2026-05-08 05:44:00
US.BSX260618P92500,BSX 260618 92.50P,56.57,1787,6325472.0,PUT,2026-06-18,92.5,572,85.922,-0.948526037,0.008662772,-0.015977781,0.019618004,42,100.0,US.BSX,35.67,35.8,34.4,36.5,0.635142301573272,84083112476.03,"成交额 $6,325,472 ≥ 阈值 $500,000 | 成交量 1,787 手",US.BSX,2026-05-08 05:44:00
US.BSX260515P70000,BSX 260515 70.00P,56.57,3750,4800520.0,PUT,2026-05-15,70.0,2489,71.16,-0.980692538,0.010972869,-0.011869097,0.003804678,8,100.0,US.BSX,12.8,12.81,12.8,14.0259,0.23740498497436804,84083112476.03,"成交额 $4,800,520 ≥ 阈值 $500,000 | 成交量 3,750 手",US.BSX,2026-05-08 05:44:00
US.BSX260515P65000,BSX 260515 65.00P,56.57,1708,1434445.0,PUT,2026-05-15,65.0,1546,0.0,0.0,0.0,0.0,0.0,8,100.0,US.BSX,8.0,8.4,7.7,9.0452,0.14901891461905603,84083112476.03,"成交额 $1,434,445 ≥ 阈值 $500,000 | 成交量 1,708 手",US.BSX,2026-05-08 05:44:00
US.BSX260618P100000,BSX 260618 100.00P,56.57,231,1002494.0,PUT,2026-06-18,100.0,103,0.0,0.0,0.0,0.0,0.0,42,100.0,US.BSX,42.94,43.4,42.94,44.0,0.76772140710624,84083112476.03,"成交额 $1,002,494 ≥ 阈值 $500,000 | 成交量 231 手",US.BSX,2026-05-08 05:44:00
US.BSX260618P75000,BSX 260618 75.00P,56.57,330,627000.0,PUT,2026-06-18,75.0,146,0.0,0.0,0.0,0.0,0.0,42,100.0,US.BSX,19.0,19.0,19.0,19.0217,0.32579105532968006,84083112476.03,"成交额 $627,000 ≥ 阈值 $500,000 | 成交量 330 手",US.BSX,2026-05-08 05:44:00
US.BSX261120P55000,BSX 261120 55.00P,56.57,1209,609490.0,PUT,2026-11-20,55.0,551,40.046,-0.384479652,0.023446336,-0.013961606,0.158268326,197,100.0,US.BSX,5.0,5.2,4.8,5.6573,-0.027753226091567974,84083112476.03,"成交额 $609,490 ≥ 阈值 $500,000 | 成交量 1,209 手",US.BSX,2026-05-08 05:44:00
US.BX260618P165000,BX 260618 165.00P,122.33,600,2556000.0,PUT,2026-06-18,165.0,805,0.0,0.0,0.0,0.0,0.0,42,100.0,US.BX,42.6,42.6,42.6,40.31,0.3488105942941225,95806777613.3,"成交额 $2,556,000 ≥ 阈值 $500,000 | 成交量 600 手",US.BX,2026-05-08 05:44:13
US.BX260618P175000,BX 260618 175.00P,122.33,415,2150425.0,PUT,2026-06-18,175.0,121,0.0,0.0,0.0,0.0,0.0,42,100.0,US.BX,52.75,52.75,50.95,50.31,0.4305566909180087,95806777613.3,"成交额 $2,150,425 ≥ 阈值 $500,000 | 成交量 415 手",US.BX,2026-05-08 05:44:13
US.BX260618P180000,BX 260618 180.00P,122.33,310,1751450.0,PUT,2026-06-18,180.0,83,0.0,0.0,0.0,0.0,0.0,42,100.0,US.BX,57.65,57.65,55.95,55.31,0.4714297392299518,95806777613.3,"成交额 $1,751,450 ≥ 阈值 $500,000 | 成交量 310 手",US.BX,2026-05-08 05:44:13
US.BX260618P170000,BX 260618 170.00P,122.33,200,950000.0,PUT,2026-06-18,170.0,135,0.0,0.0,0.0,0.0,0.0,42,100.0,US.BX,47.5,47.5,47.5,45.31,0.3896836426060656,95806777613.3,"成交额 $950,000 ≥ 阈值 $500,000 | 成交量 200 手",US.BX,2026-05-08 05:44:13
US.BXP260717C65000,BXP 260717 65.00C,59.46,4161,511989.0,CALL,2026-07-17,65.0,936,28.465,0.277402017,0.044905335,-0.019177521,0.087827236,71,100.0,US.BXP,1.3,1.3,1.23,1.2502,-0.09317188025563403,,"成交额 $511,989 ≥ 阈值 $500,000 | 成交量 4,161 手",US.BXP,2026-05-08 05:44:30
US.C260515C135000,C 260515 135.00C,129.09,56123,3313207.0,CALL,2026-05-15,135.0,65950,29.508,0.161607276,0.04356256,-0.08822789,0.046640949,8,100.0,US.C,0.75,1.09,0.43,0.7587,-0.045782012549384125,220175904000.0,"成交额 $3,313,207 ≥ 阈值 $500,000 | 成交量 56,123 手",US.C,2026-05-08 05:44:44
US.C260515C130000,C 260515 130.00C,129.09,7136,1723961.0,CALL,2026-05-15,130.0,33540,29.054,0.450716048,0.071520171,-0.147928467,0.075424419,8,100.0,US.C,1.91,3.2,1.38,2.06,-0.0070493454179254515,220175904000.0,"成交额 $1,723,961 ≥ 阈值 $500,000 | 成交量 7,136 手",US.C,2026-05-08 05:44:44
US.C260618P130000,C 260618 130.00P,129.09,1615,812000.0,PUT,2026-06-18,130.0,968,29.66,-0.494557308,0.031118136,-0.056115689,0.174138933,42,100.0,US.C,6.08,6.48,4.7,6.5776,0.0070493454179254515,220175904000.0,"成交额 $812,000 ≥ 阈值 $500,000 | 成交量 1,615 手",US.C,2026-05-08 05:44:44
US.C260618C130000,C 260618 130.00C,129.09,1166,596230.0,CALL,2026-06-18,130.0,14194,30.218,0.509402659,0.030158015,-0.069305576,0.174543145,42,100.0,US.C,4.75,6.17,4.15,4.775,-0.0070493454179254515,220175904000.0,"成交额 $596,230 ≥ 阈值 $500,000 | 成交量 1,166 手",US.C,2026-05-08 05:44:44
US.C260508C128000,C 260508 128.00C,129.09,3269,585982.0,CALL,2026-05-08,128.0,3363,39.217,0.669486384,0.14027993,-0.511565272,0.023867789,1,100.0,US.C,2.14,3.45,1.1,2.11,0.008443721434658017,220175904000.0,"成交额 $585,982 ≥ 阈值 $500,000 | 成交量 3,269 手",US.C,2026-05-08 05:44:44
US.C260618C135000,C 260618 135.00C,129.09,1610,531475.0,CALL,2026-06-18,135.0,4215,29.54,0.361269301,0.028974008,-0.062342534,0.163911124,42,100.0,US.C,3.35,3.97,2.42,2.885,-0.045782012549384125,220175904000.0,"成交额 $531,475 ≥ 阈值 $500,000 | 成交量 1,610 手",US.C,2026-05-08 05:44:44
US.CAH260508P195000,CAH 260508 195.00P,185.28,759,595335.0,PUT,2026-05-08,195.0,757,50.493,-0.976959312,0.01246489,-0.113136333,0.005118122,1,100.0,US.CAH,7.93,8.9,7.3,4.5799,0.05246113989637305,43393660814.4,"成交额 $595,335 ≥ 阈值 $500,000 | 成交量 759 手",US.CAH,2026-05-08 05:45:12
US.CAT260717C860000,CAT 260717 860.00C,895.69,307,2591426.0,CALL,2026-07-17,860.0,673,38.705,0.642498607,0.002441693,-0.452658627,1.473787821,71,100.0,US.CAT,86.22,86.25,76.92,105.3432,0.03984637542006727,412547633253.27,"成交额 $2,591,426 ≥ 阈值 $500,000 | 成交量 307 手",US.CAT,2026-05-08 05:45:43
US.CAT260918P800000,CAT 260918 800.00P,895.69,289,1317478.0,PUT,2026-09-18,800.0,313,43.853,-0.273780001,0.001409061,-0.271225226,1.804328815,134,100.0,US.CAT,38.4,47.75,38.4,39.82,-0.10683383760006257,412547633253.27,"成交额 $1,317,478 ≥ 阈值 $500,000 | 成交量 289 手",US.CAT,2026-05-08 05:45:43
US.CAT260508C860000,CAT 260508 860.00C,895.69,218,833727.0,CALL,2026-05-08,860.0,228,50.094,0.945991413,0.004789108,-1.348368112,0.050114416,1,100.0,US.CAT,47.22,57.0,31.31,67.8438,0.03984637542006727,412547633253.27,"成交额 $833,727 ≥ 阈值 $500,000 | 成交量 218 手",US.CAT,2026-05-08 05:45:43
US.CAT260515C890000,CAT 260515 890.00C,895.69,230,517837.0,CALL,2026-05-15,890.0,728,38.571,0.561340126,0.007731439,-1.354124151,0.52112321,8,100.0,US.CAT,46.36,46.36,19.13,46.9908,0.006352644330069616,412547633253.27,"成交额 $517,837 ≥ 阈值 $500,000 | 成交量 230 手",US.CAT,2026-05-08 05:45:43
US.CB260618C325000,CB 260618 325.00C,321.28,967,666265.0,CALL,2026-06-18,325.0,59,19.212,0.468187936,0.019003893,-0.114061952,0.433131793,42,100.0,US.CB,7.0,7.0,6.8,7.7,-0.011578685258964229,124611694855.68,"成交额 $666,265 ≥ 阈值 $500,000 | 成交量 967 手",US.CB,2026-05-08 05:46:00
US.CCL260717P25000,CCL 260717 25.00P,27.0,10169,1477403.0,PUT,2026-07-17,25.0,19248,57.425,-0.324511915,0.052821073,-0.01646311,0.042793181,71,100.0,US.CCL,1.45,1.72,1.3,1.405,-0.07407407407407407,38556427923.0,"成交额 $1,477,403 ≥ 阈值 $500,000 | 成交量 10,169 手",US.CCL,2026-05-08 05:46:44
US.CCL260618P25000,CCL 260618 25.00P,27.0,13904,1270880.0,PUT,2026-06-18,25.0,11644,57.449,-0.304311706,0.066681431,-0.021199564,0.032017602,42,100.0,US.CCL,0.88,1.2,0.81,0.89,-0.07407407407407407,38556427923.0,"成交额 $1,270,880 ≥ 阈值 $500,000 | 成交量 13,904 手",US.CCL,2026-05-08 05:46:44
US.CCL260618P23000,CCL 260618 23.00P,27.0,21502,1208648.0,PUT,2026-06-18,23.0,7061,59.865,-0.181201696,0.048127873,-0.016751762,0.024112462,42,100.0,US.CCL,0.44,0.64,0.4,0.4352,-0.14814814814814814,38556427923.0,"成交额 $1,208,648 ≥ 阈值 $500,000 | 成交量 21,502 手",US.CCL,2026-05-08 05:46:44
US.CCL260618P27000,CCL 260618 27.00P,27.0,5476,907129.0,PUT,2026-06-18,27.0,14892,57.469,-0.453960083,0.075682076,-0.02372682,0.036247868,42,100.0,US.CCL,1.51,2.02,1.49,1.63,0.0,38556427923.0,"成交额 $907,129 ≥ 阈值 $500,000 | 成交量 5,476 手",US.CCL,2026-05-08 05:46:44
US.CCL260918P27000,CCL 260918 27.00P,27.0,2605,765060.0,PUT,2026-09-18,27.0,5984,53.484,-0.423145274,0.045358141,-0.011583005,0.063928408,134,100.0,US.CCL,2.92,3.5,2.92,3.0465,0.0,38556427923.0,"成交额 $765,060 ≥ 阈值 $500,000 | 成交量 2,605 手",US.CCL,2026-05-08 05:46:44
US.CEG260618P320000,CEG 260618 320.00P,311.28,343,891240.0,PUT,2026-06-18,320.0,933,50.848,-0.521767415,0.007480256,-0.239820928,0.41987329,42,100.0,US.CEG,22.63,26.24,22.63,21.5,0.02801336417373435,112775085500.16,"成交额 $891,240 ≥ 阈值 $500,000 | 成交量 343 手",US.CEG,2026-05-08 05:47:50
US.CEG260508C315000,CEG 260508 315.00C,311.28,977,686503.0,CALL,2026-05-08,315.0,1015,71.135,0.379577524,0.033693986,-2.327438904,0.06044397,1,100.0,US.CEG,11.78,11.9,2.55,10.987,-0.01195065535851975,112775085500.16,"成交额 $686,503 ≥ 阈值 $500,000 | 成交量 977 手",US.CEG,2026-05-08 05:47:50
US.CEG260515C340000,CEG 260515 340.00C,311.28,871,508534.0,CALL,2026-05-15,340.0,1263,69.14,0.210098163,0.009075994,-0.586024798,0.132427217,8,100.0,US.CEG,8.0,8.2,3.6,7.2099,-0.09226419943459274,112775085500.16,"成交额 $508,534 ≥ 阈值 $500,000 | 成交量 871 手",US.CEG,2026-05-08 05:47:50
US.CHTR260618P250000,CHTR 260618 250.00P,160.24,1947,17713490.0,PUT,2026-06-18,250.0,1000,0.0,0.0,0.0,0.0,0.0,42,100.0,US.CHTR,89.5,93.2,85.7,93.48,0.5601597603594607,19707042208.88,"成交额 $17,713,490 ≥ 阈值 $500,000 | 成交量 1,947 手",US.CHTR,2026-05-08 05:49:12
US.CHTR260515P240000,CHTR 260515 240.00P,160.24,940,7618700.0,PUT,2026-05-15,240.0,180,0.0,0.0,0.0,0.0,0.0,8,100.0,US.CHTR,79.4,82.7,79.4,83.48,0.4977533699450823,19707042208.88,"成交额 $7,618,700 ≥ 阈值 $500,000 | 成交量 940 手",US.CHTR,2026-05-08 05:49:12
US.CHTR260515P210000,CHTR 260515 210.00P,160.24,471,2431980.0,PUT,2026-05-15,210.0,110,0.0,0.0,0.0,0.0,0.0,8,100.0,US.CHTR,49.8,53.0,49.8,53.48,0.310534198701947,19707042208.88,"成交额 $2,431,980 ≥ 阈值 $500,000 | 成交量 471 手",US.CHTR,2026-05-08 05:49:12
US.CIEN260515P525000,CIEN 260515 525.00P,538.76,256,637274.0,PUT,2026-05-15,525.0,8,85.304,-0.391902486,0.005667283,-1.670099171,0.305458799,8,100.0,US.CIEN,25.0,29.0,22.3,11.4716,-0.025540129185537143,76179816530.52,"成交额 $637,274 ≥ 阈值 $500,000 | 成交量 256 手",US.CIEN,2026-05-08 05:49:52
US.CIEN260515P520000,CIEN 260515 520.00P,538.76,263,560527.0,PUT,2026-05-15,520.0,25,90.084,-0.367424187,0.005261376,-1.729600146,0.299499382,8,100.0,US.CIEN,21.4,25.75,17.8,10.2988,-0.03482069938377012,76179816530.52,"成交额 $560,527 ≥ 阈值 $500,000 | 成交量 263 手",US.CIEN,2026-05-08 05:49:52
US.CIEN260508P530000,CIEN 260508 530.00P,538.76,383,536053.0,PUT,2026-05-08,530.0,229,117.017,-0.37979193,0.011838681,-6.581144378,0.104619452,1,100.0,US.CIEN,14.0,16.8,8.37,3.7885,-0.016259558987304162,76179816530.52,"成交额 $536,053 ≥ 阈值 $500,000 | 成交量 383 手",US.CIEN,2026-05-08 05:49:52
US.CIEN260515P500000,CIEN 260515 500.00P,538.76,356,529924.0,PUT,2026-05-15,500.0,419,89.119,-0.261341973,0.004590747,-1.467496093,0.258572058,8,100.0,US.CIEN,10.0,16.1,10.0,6.631,-0.07194298017670205,76179816530.52,"成交额 $529,924 ≥ 阈值 $500,000 | 成交量 356 手",US.CIEN,2026-05-08 05:49:52
US.CIEN260515P505000,CIEN 260515 505.00P,538.76,325,501582.0,PUT,2026-05-15,505.0,87,90.796,-0.289247337,0.004736976,-1.575971252,0.271819023,8,100.0,US.CIEN,15.3,17.58,12.5,7.298,-0.06266240997846906,76179816530.52,"成交额 $501,582 ≥ 阈值 $500,000 | 成交量 325 手",US.CIEN,2026-05-08 05:49:52
US.CLX260717C100000,CLX 260717 100.00C,92.11,8758,2148383.0,CALL,2026-07-17,100.0,487,32.967,0.328523618,0.027001324,-0.03694098,0.146787722,71,100.0,US.CLX,1.74,3.2,1.74,1.675,-0.08565845185104767,11138065640.61,"成交额 $2,148,383 ≥ 阈值 $500,000 | 成交量 8,758 手",US.CLX,2026-05-08 05:50:32
US.CLX260618C100000,CLX 260618 100.00C,92.11,4136,705457.0,CALL,2026-06-18,100.0,2771,33.619,0.265220442,0.031213227,-0.043390537,0.102305738,42,100.0,US.CLX,0.85,1.95,0.85,0.825,-0.08565845185104767,11138065640.61,"成交额 $705,457 ≥ 阈值 $500,000 | 成交量 4,136 手",US.CLX,2026-05-08 05:50:32
US.CMG260618P45000,CMG 260618 45.00P,33.27,1420,1672088.0,PUT,2026-06-18,45.0,383,56.279,-0.94368956,0.025120839,-0.006330501,0.012280827,42,100.0,US.CMG,11.75,11.8,11.75,12.26,0.3525698827772767,42676560180.0,"成交额 $1,672,088 ≥ 阈值 $500,000 | 成交量 1,420 手",US.CMG,2026-05-08 05:51:48
US.CMG260618P48000,CMG 260618 48.00P,33.27,400,593000.0,PUT,2026-06-18,48.0,150,74.303,-0.914628334,0.021849903,-0.012727624,0.017306437,42,100.0,US.CMG,14.65,15.0,14.65,15.26,0.4427412082957618,42676560180.0,"成交额 $593,000 ≥ 阈值 $500,000 | 成交量 400 手",US.CMG,2026-05-08 05:51:48
US.COHR260618C340000,COHR 260618 340.00C,319.19,1512,5068908.0,CALL,2026-06-18,340.0,1976,80.205,0.467756094,0.00458161,-0.425981716,0.430284011,42,100.0,US.COHR,30.92,36.58,23.4,45.0089,-0.06519627807888718,62446114869.99,"成交额 $5,068,908 ≥ 阈值 $500,000 | 成交量 1,512 手",US.COHR,2026-05-08 05:53:09
US.COHR260618C450000,COHR 260618 450.00C,319.19,2274,2834182.0,CALL,2026-06-18,450.0,935,82.13,0.140232537,0.002507253,-0.23917532,0.241108734,42,100.0,US.COHR,6.5,7.3,4.7,12.6296,-0.40981860333970366,62446114869.99,"成交额 $2,834,182 ≥ 阈值 $500,000 | 成交量 2,274 手",US.COHR,2026-05-08 05:53:09
US.COHR260515P300000,COHR 260515 300.00P,319.19,3035,2768329.0,PUT,2026-05-15,300.0,905,91.409,-0.297128722,0.008041468,-0.952409227,0.163062419,8,100.0,US.COHR,8.9,11.6,5.45,8.125,-0.06012093110686424,62446114869.99,"成交额 $2,768,329 ≥ 阈值 $500,000 | 成交量 3,035 手",US.COHR,2026-05-08 05:53:09
US.COHR260515C340000,COHR 260515 340.00C,319.19,2709,2453840.0,CALL,2026-05-15,340.0,1215,82.069,0.324791792,0.009307235,-0.905331946,0.169497113,8,100.0,US.COHR,11.62,16.45,5.6,28.1502,-0.06519627807888718,62446114869.99,"成交额 $2,453,840 ≥ 阈值 $500,000 | 成交量 2,709 手",US.COHR,2026-05-08 05:53:09
US.COHR260605C355000,COHR 260605 355.00C,319.19,873,1886053.0,CALL,2026-06-05,355.0,0,79.682,0.363645355,0.005240968,-0.47761787,0.33745953,29,100.0,US.COHR,24.22,24.57,13.8,33.1304,-0.11219023152354397,62446114869.99,"成交额 $1,886,053 ≥ 阈值 $500,000 | 成交量 873 手",US.COHR,2026-05-08 05:53:09
US.COHR260529C310000,COHR 260529 310.00C,319.19,422,1354463.0,CALL,2026-05-29,310.0,21,81.146,0.601537324,0.006076299,-0.581070092,0.30209925,22,100.0,US.COHR,32.6,33.0,26.0,53.1403,0.028791628810426385,62446114869.99,"成交额 $1,354,463 ≥ 阈值 $500,000 | 成交量 422 手",US.COHR,2026-05-08 05:53:09
US.COHR260821C350000,COHR 260821 350.00C,319.19,252,1274271.0,CALL,2026-08-21,350.0,193,81.513,0.513510007,0.002844327,-0.276253109,0.685665819,106,100.0,US.COHR,51.6,55.0,42.14,63.8,-0.09652558037532505,62446114869.99,"成交额 $1,274,271 ≥ 阈值 $500,000 | 成交量 252 手",US.COHR,2026-05-08 05:53:09
US.COHR260515C327500,COHR 260515 327.50C,319.19,1217,1104253.0,CALL,2026-05-15,327.5,32,79.854,0.439428656,0.010482903,-0.975621359,0.185758525,8,100.0,US.COHR,18.5,19.0,8.4,34.9527,-0.02603465020833987,62446114869.99,"成交额 $1,104,253 ≥ 阈值 $500,000 | 成交量 1,217 手",US.COHR,2026-05-08 05:53:09
US.COHR260515C332500,COHR 260515 332.50C,319.19,715,1075544.0,CALL,2026-05-15,332.5,45,78.433,0.386600148,0.010358298,-0.926637904,0.180283419,8,100.0,US.COHR,14.63,18.0,7.3,32.162,-0.0416993013565588,62446114869.99,"成交额 $1,075,544 ≥ 阈值 $500,000 | 成交量 715 手",US.COHR,2026-05-08 05:53:09
US.COHR260717P300000,COHR 260717 300.00P,319.19,308,989660.0,PUT,2026-07-17,300.0,166,80.962,-0.355964102,0.003282045,-0.287307508,0.524283767,71,100.0,US.COHR,32.8,36.0,31.0,29.15,-0.06012093110686424,62446114869.99,"成交额 $989,660 ≥ 阈值 $500,000 | 成交量 308 手",US.COHR,2026-05-08 05:53:09
US.COHR260515P287500,COHR 260515 287.50P,319.19,1252,854284.0,PUT,2026-05-15,287.5,2,96.863,-0.209465403,0.00630757,-0.831352289,0.135551934,8,100.0,US.COHR,5.0,6.87,3.7,5.596,-0.09928255897741156,62446114869.99,"成交额 $854,284 ≥ 阈值 $500,000 | 成交量 1,252 手",US.COHR,2026-05-08 05:53:09
US.COHR260515C350000,COHR 260515 350.00C,319.19,900,834490.0,CALL,2026-05-15,350.0,1107,78.548,0.232671452,0.008259373,-0.725990136,0.143957793,8,100.0,US.COHR,11.0,11.8,3.3,22.9556,-0.09652558037532505,62446114869.99,"成交额 $834,490 ≥ 阈值 $500,000 | 成交量 900 手",US.COHR,2026-05-08 05:53:09
US.COHR260618C350000,COHR 260618 350.00C,319.19,301,788538.0,CALL,2026-06-18,350.0,1085,80.814,0.426988682,0.004485341,-0.42232946,0.424443242,42,100.0,US.COHR,28.0,32.5,19.69,40.5,-0.09652558037532505,62446114869.99,"成交额 $788,538 ≥ 阈值 $500,000 | 成交量 301 手",US.COHR,2026-05-08 05:53:09
US.COHR260508P320000,COHR 260508 320.00P,319.19,703,692036.0,PUT,2026-05-08,320.0,541,123.845,-0.502828129,0.01978377,-4.329582404,0.06495971,1,100.0,US.COHR,7.8,14.34,3.59,9.4881,0.0025376734860114735,62446114869.99,"成交额 $692,036 ≥ 阈值 $500,000 | 成交量 703 手",US.COHR,2026-05-08 05:53:09
US.COHR260515P325000,COHR 260515 325.00P,319.19,338,639720.0,PUT,2026-05-15,325.0,33,91.2,-0.524482916,0.009276951,-1.093946593,0.187552333,8,100.0,US.COHR,16.0,25.55,13.36,16.4269,0.018202324634230403,62446114869.99,"成交额 $639,720 ≥ 阈值 $500,000 | 成交量 338 手",US.COHR,2026-05-08 05:53:09
US.COHR260515P315000,COHR 260515 315.00P,319.19,491,613895.0,PUT,2026-05-15,315.0,93,92.095,-0.432266402,0.009067883,-1.094261397,0.185199109,8,100.0,US.COHR,13.85,19.0,11.0,12.705,-0.013126977662207455,62446114869.99,"成交额 $613,895 ≥ 阈值 $500,000 | 成交量 491 手",US.COHR,2026-05-08 05:53:09
US.COHR260515P320000,COHR 260515 320.00P,319.19,358,602342.0,PUT,2026-05-15,320.0,244,90.79,-0.478662018,0.009321195,-1.091741333,0.18764164,8,100.0,US.COHR,16.0,22.09,12.26,14.2565,0.0025376734860114735,62446114869.99,"成交额 $602,342 ≥ 阈值 $500,000 | 成交量 358 手",US.COHR,2026-05-08 05:53:09
US.COHR260918C500000,COHR 260918 500.00C,319.19,266,601695.0,CALL,2026-09-18,500.0,831,79.316,0.25271425,0.002083823,-0.189220865,0.617949212,134,100.0,US.COHR,22.09,23.8,18.84,29.65,-0.5664651148218929,62446114869.99,"成交额 $601,695 ≥ 阈值 $500,000 | 成交量 266 手",US.COHR,2026-05-08 05:53:09
US.COHR260508P325000,COHR 260508 325.00P,319.19,497,536868.0,PUT,2026-05-08,325.0,951,123.337,-0.600181332,0.019237461,-4.162289547,0.062901536,1,100.0,US.COHR,11.5,18.7,5.38,11.1621,0.018202324634230403,62446114869.99,"成交额 $536,868 ≥ 阈值 $500,000 | 成交量 497 手",US.COHR,2026-05-08 05:53:09
US.COHR260515P310000,COHR 260515 310.00P,319.19,408,532353.0,PUT,2026-05-15,310.0,562,93.549,-0.387426785,0.008693647,-1.08268531,0.180384534,8,100.0,US.COHR,12.25,17.0,8.1,11.155,-0.028791628810426385,62446114869.99,"成交额 $532,353 ≥ 阈值 $500,000 | 成交量 408 手",US.COHR,2026-05-08 05:53:09
US.COHR261016P230000,COHR 261016 230.00P,319.19,203,515800.0,PUT,2026-10-16,230.0,58,86.533,-0.189116772,0.001475425,-0.146620211,0.575480552,162,100.0,US.COHR,24.6,25.6,24.6,22.5501,-0.27942604718192926,62446114869.99,"成交额 $515,800 ≥ 阈值 $500,000 | 成交量 203 手",US.COHR,2026-05-08 05:53:09
US.COP261120C125000,COP 261120 125.00C,114.88,1020,689570.0,CALL,2026-11-20,125.0,37,30.694,0.430790438,0.015167996,-0.030083512,0.331597452,197,100.0,US.COP,7.47,7.47,6.75,8.9252,-0.08809192200557107,139957615524.16,"成交额 $689,570 ≥ 阈值 $500,000 | 成交量 1,020 手",US.COP,2026-05-08 05:53:49
US.COP260618P105000,COP 260618 105.00P,114.88,3518,512006.0,PUT,2026-06-18,105.0,3291,34.461,-0.194564992,0.020551942,-0.042009274,0.10714061,42,100.0,US.COP,1.39,1.68,1.35,1.02,-0.0860027855153203,139957615524.16,"成交额 $512,006 ≥ 阈值 $500,000 | 成交量 3,518 手",US.COP,2026-05-08 05:53:49
US.CRM260618P280000,CRM 260618 280.00P,186.34,600,5640000.0,PUT,2026-06-18,280.0,1058,0.0,0.0,0.0,0.0,0.0,42,100.0,US.CRM,94.05,94.05,93.95,98.81,0.5026296018031555,152436134656.96,"成交额 $5,640,000 ≥ 阈值 $500,000 | 成交量 600 手",US.CRM,2026-05-08 05:56:28
US.CRM260515P230000,CRM 260515 230.00P,186.34,1279,5567425.0,PUT,2026-05-15,230.0,251,0.0,0.0,0.0,0.0,0.0,8,100.0,US.CRM,44.1,44.1,42.2,48.8107,0.23430288719544914,152436134656.96,"成交额 $5,567,425 ≥ 阈值 $500,000 | 成交量 1,279 手",US.CRM,2026-05-08 05:56:28
US.CRM260515P270000,CRM 260515 270.00P,186.34,310,2579200.0,PUT,2026-05-15,270.0,54,0.0,0.0,0.0,0.0,0.0,8,100.0,US.CRM,84.15,84.15,82.2,88.81,0.44896425888161423,152436134656.96,"成交额 $2,579,200 ≥ 阈值 $500,000 | 成交量 310 手",US.CRM,2026-05-08 05:56:28
US.CRM260515P240000,CRM 260515 240.00P,186.34,282,1503040.0,PUT,2026-05-15,240.0,46,0.0,0.0,0.0,0.0,0.0,8,100.0,US.CRM,54.2,54.2,52.2,58.81,0.2879682301169904,152436134656.96,"成交额 $1,503,040 ≥ 阈值 $500,000 | 成交量 282 手",US.CRM,2026-05-08 05:56:28
US.CRM260508C187500,CRM 260508 187.50C,186.34,6029,1327965.0,CALL,2026-05-08,187.5,4230,72.37,0.441560034,0.057351954,-1.473244749,0.037525317,1,100.0,US.CRM,2.19,3.55,1.3,1.12,-0.006225179778898768,152436134656.96,"成交额 $1,327,965 ≥ 阈值 $500,000 | 成交量 6,029 手",US.CRM,2026-05-08 05:56:28
US.CRM260618C200000,CRM 260618 200.00C,186.34,1252,990022.0,CALL,2026-06-18,200.0,14323,51.265,0.383603138,0.011790416,-0.154478903,0.241210555,42,100.0,US.CRM,7.27,8.7,7.27,6.05,-0.07330685843082535,152436134656.96,"成交额 $990,022 ≥ 阈值 $500,000 | 成交量 1,252 手",US.CRM,2026-05-08 05:56:28
US.CRM260618P185000,CRM 260618 185.00P,186.34,714,841061.0,PUT,2026-06-18,185.0,8098,51.728,-0.440684603,0.012131324,-0.146229526,0.249031955,42,100.0,US.CRM,12.35,12.35,11.25,14.3391,-0.007191155951486548,152436134656.96,"成交额 $841,061 ≥ 阈值 $500,000 | 成交量 714 手",US.CRM,2026-05-08 05:56:28
US.CRM260508C190000,CRM 260508 190.00C,186.34,4352,580897.0,CALL,2026-05-08,190.0,2297,71.224,0.303483447,0.051607092,-1.273654912,0.033231295,1,100.0,US.CRM,1.4,2.35,0.78,0.69,-0.019641515509284085,152436134656.96,"成交额 $580,897 ≥ 阈值 $500,000 | 成交量 4,352 手",US.CRM,2026-05-08 05:56:28
US.CRWD260618C500000,CRWD 260618 500.00C,505.72,1335,4770503.0,CALL,2026-06-18,500.0,3774,52.053,0.5700287,0.004401198,-0.445233648,0.673405957,42,100.0,US.CRWD,31.0,39.85,28.95,20.125,0.011310606659811807,128724209400.12,"成交额 $4,770,503 ≥ 阈值 $500,000 | 成交量 1,335 手",US.CRWD,2026-05-08 05:56:31
US.CRWD260515C500000,CRWD 260515 500.00C,505.72,1795,2459309.0,CALL,2026-05-15,500.0,1705,49.131,0.580857331,0.010655203,-0.958367872,0.291610376,8,100.0,US.CRWD,8.25,18.41,8.25,3.9132,0.011310606659811807,128724209400.12,"成交额 $2,459,309 ≥ 阈值 $500,000 | 成交量 1,795 手",US.CRWD,2026-05-08 05:56:31
US.CRWD260515C450000,CRWD 260515 450.00C,505.72,315,1659004.0,CALL,2026-05-15,450.0,1323,60.936,0.911788835,0.00351764,-0.487032475,0.119390242,8,100.0,US.CRWD,44.13,58.0,42.92,24.853,0.11017954599383063,128724209400.12,"成交额 $1,659,004 ≥ 阈值 $500,000 | 成交量 315 手",US.CRWD,2026-05-08 05:56:31
US.CRWD260515C440000,CRWD 260515 440.00C,505.72,242,1537774.0,CALL,2026-05-15,440.0,1753,60.21,0.947382452,0.00239015,-0.329960496,0.080158981,8,100.0,US.CRWD,50.6,67.45,50.6,32.5255,0.1299533338606344,128724209400.12,"成交额 $1,537,774 ≥ 阈值 $500,000 | 成交量 242 手",US.CRWD,2026-05-08 05:56:31
US.CRWD260618C550000,CRWD 260618 550.00C,505.72,702,1151659.0,CALL,2026-06-18,550.0,1389,51.272,0.355001663,0.004235141,-0.407864883,0.638257852,42,100.0,US.CRWD,13.43,19.5,13.0,8.5957,-0.08755833267420701,128724209400.12,"成交额 $1,151,659 ≥ 阈值 $500,000 | 成交量 702 手",US.CRWD,2026-05-08 05:56:31
US.CRWD260508C500000,CRWD 260508 500.00C,505.72,1537,1092544.0,CALL,2026-05-08,500.0,1186,57.642,0.657185303,0.024718587,-2.97377063,0.094816519,1,100.0,US.CRWD,3.05,10.5,2.68,0.735,0.011310606659811807,128724209400.12,"成交额 $1,092,544 ≥ 阈值 $500,000 | 成交量 1,537 手",US.CRWD,2026-05-08 05:56:31
US.CRWD260821C620000,CRWD 260821 620.00C,505.72,649,1087950.0,CALL,2026-08-21,620.0,85,45.25,0.251313069,0.002584588,-0.196578192,0.868133854,106,100.0,US.CRWD,14.4,17.12,14.4,9.4637,-0.22597484774183335,128724209400.12,"成交额 $1,087,950 ≥ 阈值 $500,000 | 成交量 649 手",US.CRWD,2026-05-08 05:56:31
US.CRWD260605C460000,CRWD 260605 460.00C,505.72,202,1082438.0,CALL,2026-06-05,460.0,66,55.673,0.758407415,0.003934682,-0.462165389,0.444332681,29,100.0,US.CRWD,49.69,54.5,49.69,32.8686,0.09040575812702686,128724209400.12,"成交额 $1,082,438 ≥ 阈值 $500,000 | 成交量 202 手",US.CRWD,2026-05-08 05:56:31
US.CRWD260618C480000,CRWD 260618 480.00C,505.72,238,1077287.0,CALL,2026-06-18,480.0,1147,51.788,0.658715363,0.004132666,-0.418817236,0.629089751,42,100.0,US.CRWD,40.0,50.35,39.95,28.1,0.050858182393419334,128724209400.12,"成交额 $1,077,287 ≥ 阈值 $500,000 | 成交量 238 手",US.CRWD,2026-05-08 05:56:31
US.CRWD260508C510000,CRWD 260508 510.00C,505.72,3358,1030214.0,CALL,2026-05-08,510.0,428,60.12,0.398829637,0.024891469,-3.248062428,0.099585796,1,100.0,US.CRWD,2.8,5.0,1.66,0.3271,-0.008463181206991957,128724209400.12,"成交额 $1,030,214 ≥ 阈值 $500,000 | 成交量 3,358 手",US.CRWD,2026-05-08 05:56:31
US.CRWD260529C530000,CRWD 260529 530.00C,505.72,873,991099.0,CALL,2026-05-29,530.0,51,44.587,0.361613607,0.006776156,-0.493363527,0.464660829,22,100.0,US.CRWD,8.0,13.9,8.0,3.6931,-0.04801075694059948,128724209400.12,"成交额 $991,099 ≥ 阈值 $500,000 | 成交量 873 手",US.CRWD,2026-05-08 05:56:31
US.CRWD260508C480000,CRWD 260508 480.00C,505.72,463,912919.0,CALL,2026-05-08,480.0,861,71.447,0.926892528,0.00753175,-1.353040961,0.035808318,1,100.0,US.CRWD,10.8,26.0,10.8,3.5278,0.050858182393419334,128724209400.12,"成交额 $912,919 ≥ 阈值 $500,000 | 成交量 463 手",US.CRWD,2026-05-08 05:56:31
US.CRWD260529C500000,CRWD 260529 500.00C,505.72,400,899620.0,CALL,2026-05-29,500.0,215,45.047,0.570662193,0.007028788,-0.531798697,0.486969674,22,100.0,US.CRWD,17.1,25.75,17.1,9.7181,0.011310606659811807,128724209400.12,"成交额 $899,620 ≥ 阈值 $500,000 | 成交量 400 手",US.CRWD,2026-05-08 05:56:31
US.CRWD260515C470000,CRWD 260515 470.00C,505.72,247,834461.0,CALL,2026-05-15,470.0,3492,48.425,0.858095136,0.006215038,-0.548878698,0.167624272,8,100.0,US.CRWD,26.0,38.26,23.5,13.1934,0.0706319702602231,128724209400.12,"成交额 $834,461 ≥ 阈值 $500,000 | 成交量 247 手",US.CRWD,2026-05-08 05:56:31
US.CRWD260618P460000,CRWD 260618 460.00P,505.72,416,714565.0,PUT,2026-06-18,460.0,1255,53.222,-0.26217281,0.003576257,-0.342401414,0.558267837,42,100.0,US.CRWD,22.1,22.1,15.62,27.5,-0.09040575812702686,128724209400.12,"成交额 $714,565 ≥ 阈值 $500,000 | 成交量 416 手",US.CRWD,2026-05-08 05:56:31
US.CRWD260821C550000,CRWD 260821 550.00C,505.72,210,702486.0,CALL,2026-08-21,550.0,840,46.381,0.43306612,0.003112263,-0.25343709,1.071627801,106,100.0,US.CRWD,30.49,35.0,30.49,21.425,-0.08755833267420701,128724209400.12,"成交额 $702,486 ≥ 阈值 $500,000 | 成交量 210 手",US.CRWD,2026-05-08 05:56:31
US.CRWD260508C485000,CRWD 260508 485.00C,505.72,420,668436.0,CALL,2026-05-08,485.0,971,57.777,0.924699662,0.009526423,-1.128266057,0.036624498,1,100.0,US.CRWD,8.95,21.75,8.95,2.4172,0.04097128846001745,128724209400.12,"成交额 $668,436 ≥ 阈值 $500,000 | 成交量 420 手",US.CRWD,2026-05-08 05:56:31
US.CRWD260508C477500,CRWD 260508 477.50C,505.72,255,644466.0,CALL,2026-05-08,477.5,310,65.489,0.95892592,0.005211702,-0.788646238,0.022713277,1,100.0,US.CRWD,12.95,28.1,12.95,4.2376,0.05580162936012027,128724209400.12,"成交额 $644,466 ≥ 阈值 $500,000 | 成交量 255 手",US.CRWD,2026-05-08 05:56:31
US.CRWD260618C560000,CRWD 260618 560.00C,505.72,402,634768.0,CALL,2026-06-18,560.0,686,50.887,0.315461592,0.004074295,-0.385359054,0.609388166,42,100.0,US.CRWD,14.0,16.95,13.27,7.0575,-0.10733212054101078,128724209400.12,"成交额 $634,768 ≥ 阈值 $500,000 | 成交量 402 手",US.CRWD,2026-05-08 05:56:31
US.CRWD260618C600000,CRWD 260618 600.00C,505.72,793,587902.0,CALL,2026-06-18,600.0,1325,51.537,0.192954126,0.003100353,-0.297389567,0.46960804,42,100.0,US.CRWD,5.4,8.93,5.4,3.3567,-0.18642727200822584,128724209400.12,"成交额 $587,902 ≥ 阈值 $500,000 | 成交量 793 手",US.CRWD,2026-05-08 05:56:31
US.CRWD260515C480000,CRWD 260515 480.00C,505.72,218,564763.0,CALL,2026-05-15,480.0,1157,47.583,0.785153065,0.008224116,-0.698553591,0.217962444,8,100.0,US.CRWD,20.0,31.0,18.4,8.9381,0.050858182393419334,128724209400.12,"成交额 $564,763 ≥ 阈值 $500,000 | 成交量 218 手",US.CRWD,2026-05-08 05:56:31
US.CRWD260618C520000,CRWD 260618 520.00C,505.72,202,530861.0,CALL,2026-06-18,520.0,994,51.757,0.481227671,0.004490811,-0.44529069,0.683212064,42,100.0,US.CRWD,22.0,30.0,20.9,14.4466,-0.02823696907379572,128724209400.12,"成交额 $530,861 ≥ 阈值 $500,000 | 成交量 202 手",US.CRWD,2026-05-08 05:56:31
US.CRWD260618P480000,CRWD 260618 480.00P,505.72,200,503280.0,PUT,2026-06-18,480.0,652,52.132,-0.342777228,0.004123869,-0.376086169,0.629802916,42,100.0,US.CRWD,28.08,28.11,22.83,37.7714,-0.050858182393419334,128724209400.12,"成交额 $503,280 ≥ 阈值 $500,000 | 成交量 200 手",US.CRWD,2026-05-08 05:56:31
US.CVNA260515C375000,CVNA 260515 375.00C,400.02,6020,18044260.0,CALL,2026-05-15,375.0,46,64.787,0.767798202,0.007981182,-0.775059109,0.180211887,8,100.0,US.CVNA,26.26,35.2,25.0,24.9217,0.06254687265636714,57305935953.54,"成交额 $18,044,260 ≥ 阈值 $500,000 | 成交量 6,020 手",US.CVNA,2026-05-08 05:59:09
US.CVNA260918C400000,CVNA 260918 400.00C,400.02,519,3248793.0,CALL,2026-09-18,400.0,151,64.417,0.590777329,0.002489201,-0.244067668,0.941617732,134,100.0,US.CVNA,61.3,64.35,60.17,58.325,4.999750012494828e-05,57305935953.54,"成交额 $3,248,793 ≥ 阈值 $500,000 | 成交量 519 手",US.CVNA,2026-05-08 05:59:09
US.CVNA260515C420000,CVNA 260515 420.00C,400.02,5364,3244850.0,CALL,2026-05-15,420.0,379,56.51,0.296953058,0.01037354,-0.752773946,0.204306617,8,100.0,US.CVNA,7.18,8.25,3.6,5.1327,-0.04994750262486881,57305935953.54,"成交额 $3,244,850 ≥ 阈值 $500,000 | 成交量 5,364 手",US.CVNA,2026-05-08 05:59:09
US.CVNA260515C410000,CVNA 260515 410.00C,400.02,4098,3209206.0,CALL,2026-05-15,410.0,636,55.917,0.402177019,0.011719635,-0.84276298,0.228404009,8,100.0,US.CVNA,7.15,11.0,6.15,7.6213,-0.024948752562371928,57305935953.54,"成交额 $3,209,206 ≥ 阈值 $500,000 | 成交量 4,098 手",US.CVNA,2026-05-08 05:59:09
US.CVNA260918P400000,CVNA 260918 400.00P,400.02,511,3023386.0,PUT,2026-09-18,400.0,265,64.168,-0.412499155,0.00253154,-0.207731905,0.9423878,134,100.0,US.CVNA,60.0,61.5,58.35,62.7793,-4.999750012494828e-05,57305935953.54,"成交额 $3,023,386 ≥ 阈值 $500,000 | 成交量 511 手",US.CVNA,2026-05-08 05:59:09
US.CVNA260918P300000,CVNA 260918 300.00P,400.02,507,1040971.0,PUT,2026-09-18,300.0,975,69.831,-0.178812197,0.001548138,-0.157333309,0.633198328,134,100.0,US.CVNA,20.6,20.75,20.39,22.0082,-0.25003749812509374,57305935953.54,"成交额 $1,040,971 ≥ 阈值 $500,000 | 成交量 507 手",US.CVNA,2026-05-08 05:59:09
US.CVNA260918C650000,CVNA 260918 650.00C,400.02,957,733125.0,CALL,2026-09-18,650.0,1010,59.251,0.128041242,0.001457881,-0.116335439,0.507212014,134,100.0,US.CVNA,7.95,8.25,7.25,6.9653,-0.6249187540622969,57305935953.54,"成交额 $733,125 ≥ 阈值 $500,000 | 成交量 957 手",US.CVNA,2026-05-08 05:59:09
US.CVNA260522P350000,CVNA 260522 350.00P,400.02,1013,513591.0,PUT,2026-05-22,350.0,49,68.332,-0.147917167,0.004176375,-0.421909245,0.186977405,15,100.0,US.CVNA,5.0,5.65,4.8,6.3902,-0.12504374781260932,57305935953.54,"成交额 $513,591 ≥ 阈值 $500,000 | 成交量 1,013 手",US.CVNA,2026-05-08 05:59:09
US.CVS260821C77500,CVS 260821 77.50C,87.36,440,518339.0,CALL,2026-08-21,77.5,696,25.441,0.846012664,0.019813629,-0.019636112,0.111614914,106,100.0,US.CVS,12.7,12.7,11.28,11.6764,0.11286630036630035,111960960646.08,"成交额 $518,339 ≥ 阈值 $500,000 | 成交量 440 手",US.CVS,2026-05-08 05:59:11
US.CVX260618C185000,CVX 260618 185.00C,182.5,1264,609830.0,CALL,2026-06-18,185.0,4811,22.773,0.466793296,0.028216246,-0.075180257,0.245967101,42,100.0,US.CVX,4.7,5.35,3.4,6.475,-0.0136986301369863,360802500000.0,"成交额 $609,830 ≥ 阈值 $500,000 | 成交量 1,264 手",US.CVX,2026-05-08 05:59:48
US.CVX260515P190000,CVX 260515 190.00P,182.5,610,586836.0,PUT,2026-05-15,190.0,8566,30.919,-0.803103609,0.034103025,-0.1332329,0.074419778,8,100.0,US.CVX,9.86,10.6,7.75,6.2992,0.0410958904109589,360802500000.0,"成交额 $586,836 ≥ 阈值 $500,000 | 成交量 610 手",US.CVX,2026-05-08 05:59:48
US.DAL260515C62500,DAL 260515 62.50C,73.11,967,1102347.0,CALL,2026-05-15,62.5,3446,87.319,0.901009816,0.018489532,-0.106927556,0.018794973,8,100.0,US.DAL,11.4,11.41,10.97,11.0278,0.14512378607577622,48032856197.4,"成交额 $1,102,347 ≥ 阈值 $500,000 | 成交量 967 手",US.DAL,2026-05-08 05:59:52
US.DAL260522P77000,DAL 260522 77.00P,73.11,1812,844199.0,PUT,2026-05-22,77.0,0,45.951,-0.691381273,0.052288728,-0.076147057,0.052020727,15,100.0,US.DAL,4.7,4.7,4.65,4.9034,0.05320749555464369,48032856197.4,"成交额 $844,199 ≥ 阈值 $500,000 | 成交量 1,812 手",US.DAL,2026-05-08 05:59:52
US.DASH260515C145000,DASH 260515 145.00C,171.35,754,2007903.0,CALL,2026-05-15,145.0,57,68.017,0.957415006,0.005270694,-0.106037547,0.022926744,8,100.0,US.DASH,24.38,27.31,24.38,25.1747,0.15377881529034138,74660403014.7,"成交额 $2,007,903 ≥ 阈值 $500,000 | 成交量 754 手",US.DASH,2026-05-08 06:00:30
US.DASH260515C146000,DASH 260515 146.00C,171.35,754,1933257.0,CALL,2026-05-15,146.0,0,78.398,0.92624894,0.00704884,-0.182023053,0.035339786,8,100.0,US.DASH,23.39,26.32,23.39,24.3862,0.14794280711992994,74660403014.7,"成交额 $1,933,257 ≥ 阈值 $500,000 | 成交量 754 手",US.DASH,2026-05-08 06:00:30
US.DASH261120C185000,DASH 261120 185.00C,171.35,756,1758688.0,CALL,2026-11-20,185.0,0,55.963,0.526714147,0.005650284,-0.07788988,0.501065619,197,100.0,US.DASH,23.25,25.3,23.25,23.35,-0.07966151152611617,74660403014.7,"成交额 $1,758,688 ≥ 阈值 $500,000 | 成交量 756 手",US.DASH,2026-05-08 06:00:30
US.DASH261120P165000,DASH 261120 165.00P,171.35,501,1160012.0,PUT,2026-11-20,165.0,4,57.781,-0.36814724,0.005257799,-0.062599798,0.473845208,197,100.0,US.DASH,23.17,23.25,23.15,25.775,-0.0370586518821126,74660403014.7,"成交额 $1,160,012 ≥ 阈值 $500,000 | 成交量 501 手",US.DASH,2026-05-08 06:00:30
US.DASH260605P165000,DASH 260605 165.00P,171.35,1017,919904.0,PUT,2026-06-05,165.0,10,54.604,-0.367157093,0.014323804,-0.166434694,0.181668871,29,100.0,US.DASH,7.45,9.55,7.45,11.789,-0.0370586518821126,74660403014.7,"成交额 $919,904 ≥ 阈值 $500,000 | 成交量 1,017 手",US.DASH,2026-05-08 06:00:30
US.DASH260618P170000,DASH 260618 170.00P,171.35,841,881007.0,PUT,2026-06-18,170.0,122,52.476,-0.438984322,0.012994633,-0.136438569,0.228855078,42,100.0,US.DASH,10.31,12.85,10.15,15.6114,-0.007878611030055408,74660403014.7,"成交额 $881,007 ≥ 阈值 $500,000 | 成交量 841 手",US.DASH,2026-05-08 06:00:30
US.DASH260508C167500,DASH 260508 167.50C,171.35,987,816373.0,CALL,2026-05-08,167.5,1327,92.879,0.693291653,0.043240675,-1.541690829,0.030701419,1,100.0,US.DASH,15.52,15.52,3.0,9.6024,0.022468631456084007,74660403014.7,"成交额 $816,373 ≥ 阈值 $500,000 | 成交量 987 手",US.DASH,2026-05-08 06:00:30
US.DASH260508C165000,DASH 260508 165.00C,171.35,903,744842.0,CALL,2026-05-08,165.0,894,99.747,0.779129674,0.034027829,-1.389679335,0.025946454,1,100.0,US.DASH,18.36,18.36,4.22,10.966,0.0370586518821126,74660403014.7,"成交额 $744,842 ≥ 阈值 $500,000 | 成交量 903 手",US.DASH,2026-05-08 06:00:30
US.DASH260618C170000,DASH 260618 170.00C,171.35,483,699811.0,CALL,2026-06-18,170.0,1225,53.653,0.562565965,0.012642247,-0.155563457,0.228891576,42,100.0,US.DASH,18.7,18.7,11.25,14.5521,0.007878611030055408,74660403014.7,"成交额 $699,811 ≥ 阈值 $500,000 | 成交量 483 手",US.DASH,2026-05-08 06:00:30
US.DASH260508C170000,DASH 260508 170.00C,171.35,1155,669746.0,CALL,2026-05-08,170.0,958,92.719,0.576461576,0.048304302,-1.72245234,0.034238097,1,100.0,US.DASH,12.75,12.75,1.84,8.241,0.007878611030055408,74660403014.7,"成交额 $669,746 ≥ 阈值 $500,000 | 成交量 1,155 手",US.DASH,2026-05-08 06:00:30
US.DDOG260508C165000,DDOG 260508 165.00C,188.73,6802,14496354.0,CALL,2026-05-08,165.0,6859,120.29,0.986837215,0.002920914,-0.202746116,0.003258981,1,100.0,US.DDOG,24.63,34.25,15.0,2.8065,0.1257351772373231,67176975746.79,"成交额 $14,496,354 ≥ 阈值 $500,000 | 成交量 6,802 手",US.DDOG,2026-05-08 06:01:10
US.DDOG260508C150000,DDOG 260508 150.00C,188.73,3821,13520827.0,CALL,2026-05-08,150.0,6152,0.0,0.0,0.0,0.0,0.0,1,100.0,US.DDOG,38.8,47.7,30.0,6.9673,0.20521379748847557,67176975746.79,"成交额 $13,520,827 ≥ 阈值 $500,000 | 成交量 3,821 手",US.DDOG,2026-05-08 06:01:10
US.DDOG260508C140000,DDOG 260508 140.00C,188.73,1387,6331489.0,CALL,2026-05-08,140.0,4424,228.899,0.995556067,0.000590474,-0.144457026,0.001253615,1,100.0,US.DDOG,49.45,58.05,39.5,11.4218,0.2581995443225772,67176975746.79,"成交额 $6,331,489 ≥ 阈值 $500,000 | 成交量 1,387 手",US.DDOG,2026-05-08 06:01:10
US.DDOG260515C140000,DDOG 260515 140.00C,188.73,1191,5611355.0,CALL,2026-05-15,140.0,1800,0.0,0.0,0.0,0.0,0.0,8,100.0,US.DDOG,49.15,57.95,40.13,12.3709,0.2581995443225772,67176975746.79,"成交额 $5,611,355 ≥ 阈值 $500,000 | 成交量 1,191 手",US.DDOG,2026-05-08 06:01:10
US.DDOG260515C150000,DDOG 260515 150.00C,188.73,1442,5485480.0,CALL,2026-05-15,150.0,5817,0.0,0.0,0.0,0.0,0.0,8,100.0,US.DDOG,39.95,48.25,29.9,7.938,0.20521379748847557,67176975746.79,"成交额 $5,485,480 ≥ 阈值 $500,000 | 成交量 1,442 手",US.DDOG,2026-05-08 06:01:10
US.DDOG260515C145000,DDOG 260515 145.00C,188.73,1132,4577420.0,CALL,2026-05-15,145.0,3409,0.0,0.0,0.0,0.0,0.0,8,100.0,US.DDOG,42.12,52.85,35.35,9.9443,0.23170667090552638,67176975746.79,"成交额 $4,577,420 ≥ 阈值 $500,000 | 成交量 1,132 手",US.DDOG,2026-05-08 06:01:10
US.DDOG260508C145000,DDOG 260508 145.00C,188.73,1057,4066401.0,CALL,2026-05-08,145.0,2184,0.0,0.0,0.0,0.0,0.0,1,100.0,US.DDOG,43.5,52.0,34.6,8.9177,0.23170667090552638,67176975746.79,"成交额 $4,066,401 ≥ 阈值 $500,000 | 成交量 1,057 手",US.DDOG,2026-05-08 06:01:10
US.DDOG260515C155000,DDOG 260515 155.00C,188.73,1301,3978646.0,CALL,2026-05-15,155.0,4121,65.316,0.982088117,0.002423047,-0.060448734,0.01228139,8,100.0,US.DDOG,35.12,42.4,28.15,6.1398,0.17872092407142473,67176975746.79,"成交额 $3,978,646 ≥ 阈值 $500,000 | 成交量 1,301 手",US.DDOG,2026-05-08 06:01:10
US.DDOG260508C155000,DDOG 260508 155.00C,188.73,1148,3887155.0,CALL,2026-05-08,155.0,2537,0.0,0.0,0.0,0.0,0.0,1,100.0,US.DDOG,33.6,42.85,25.05,5.3586,0.17872092407142473,67176975746.79,"成交额 $3,887,155 ≥ 阈值 $500,000 | 成交量 1,148 手",US.DDOG,2026-05-08 06:01:10
US.DDOG260618C165000,DDOG 260618 165.00C,188.73,1281,3884326.0,CALL,2026-06-18,165.0,2779,60.198,0.782599521,0.00763506,-0.147284566,0.18814666,42,100.0,US.DDOG,31.4,37.9,22.7,6.825,0.1257351772373231,67176975746.79,"成交额 $3,884,326 ≥ 阈值 $500,000 | 成交量 1,281 手",US.DDOG,2026-05-08 06:01:10
US.DDOG260515C160000,DDOG 260515 160.00C,188.73,1313,3782248.0,CALL,2026-05-15,160.0,1618,74.359,0.941431359,0.005643478,-0.160564937,0.032556675,8,100.0,US.DDOG,28.6,37.82,21.52,4.698,0.15222805065437392,67176975746.79,"成交额 $3,782,248 ≥ 阈值 $500,000 | 成交量 1,313 手",US.DDOG,2026-05-08 06:01:10
US.DDOG260618C155000,DDOG 260618 155.00C,188.73,1067,3337080.0,CALL,2026-06-18,155.0,715,60.001,0.862197694,0.005735558,-0.113352985,0.140871412,42,100.0,US.DDOG,38.69,43.2,30.69,9.9033,0.17872092407142473,67176975746.79,"成交额 $3,337,080 ≥ 阈值 $500,000 | 成交量 1,067 手",US.DDOG,2026-05-08 06:01:10
US.DDOG260618C150000,DDOG 260618 150.00C,188.73,695,2880831.0,CALL,2026-06-18,150.0,4638,61.499,0.889895096,0.004781891,-0.100784691,0.120380681,42,100.0,US.DDOG,41.6,50.39,33.5,11.875,0.20521379748847557,67176975746.79,"成交额 $2,880,831 ≥ 阈值 $500,000 | 成交量 695 手",US.DDOG,2026-05-08 06:01:10
US.DDOG260508C160000,DDOG 260508 160.00C,188.73,946,2775670.0,CALL,2026-05-08,160.0,1846,0.0,0.0,0.0,0.0,0.0,1,100.0,US.DDOG,28.2,38.0,20.0,3.9949,0.15222805065437392,67176975746.79,"成交额 $2,775,670 ≥ 阈值 $500,000 | 成交量 946 手",US.DDOG,2026-05-08 06:01:10
US.DDOG260515C170000,DDOG 260515 170.00C,188.73,1177,2626377.0,CALL,2026-05-15,170.0,1094,72.373,0.850681785,0.011530927,-0.308863944,0.064743001,8,100.0,US.DDOG,21.15,28.35,14.35,2.5261,0.0992423038202723,67176975746.79,"成交额 $2,626,377 ≥ 阈值 $500,000 | 成交量 1,177 手",US.DDOG,2026-05-08 06:01:10
US.DDOG260508C190000,DDOG 260508 190.00C,188.73,6292,2474070.0,CALL,2026-05-08,190.0,2655,97.889,0.457240099,0.04207502,-2.0263893,0.038198738,1,100.0,US.DDOG,5.3,12.03,1.01,0.5162,-0.0067291898479309616,67176975746.79,"成交额 $2,474,070 ≥ 阈值 $500,000 | 成交量 6,292 手",US.DDOG,2026-05-08 06:01:10
US.DDOG260515C135000,DDOG 260515 135.00C,188.73,408,2260653.0,CALL,2026-05-15,135.0,1355,0.0,0.0,0.0,0.0,0.0,8,100.0,US.DDOG,54.39,60.0,47.48,15.0653,0.284692417739628,67176975746.79,"成交额 $2,260,653 ≥ 阈值 $500,000 | 成交量 408 手",US.DDOG,2026-05-08 06:01:10
US.DDOG260515C165000,DDOG 260515 165.00C,188.73,887,1994213.0,CALL,2026-05-15,165.0,3255,76.329,0.895475208,0.00852457,-0.253052585,0.050479261,8,100.0,US.DDOG,26.1,33.84,17.5,3.5948,0.1257351772373231,67176975746.79,"成交额 $1,994,213 ≥ 阈值 $500,000 | 成交量 887 手",US.DDOG,2026-05-08 06:01:10
US.DDOG260821C165000,DDOG 260821 165.00C,188.73,518,1692818.0,CALL,2026-08-21,165.0,6,65.547,0.721413921,0.005038162,-0.115518588,0.341438844,106,100.0,US.DDOG,42.32,42.32,32.5,12.7,0.1257351772373231,67176975746.79,"成交额 $1,692,818 ≥ 阈值 $500,000 | 成交量 518 手",US.DDOG,2026-05-08 06:01:10
US.DDOG260508C167500,DDOG 260508 167.50C,188.73,838,1665684.0,CALL,2026-05-08,167.5,966,119.752,0.976427474,0.004823667,-0.329385484,0.005357531,1,100.0,US.DDOG,22.5,27.6,13.02,2.4349,0.1124887405287977,67176975746.79,"成交额 $1,665,684 ≥ 阈值 $500,000 | 成交量 838 手",US.DDOG,2026-05-08 06:01:10
US.DDOG260508C180000,DDOG 260508 180.00C,188.73,1719,1580641.0,CALL,2026-05-08,180.0,2443,115.847,0.797391126,0.02528965,-1.684691775,0.027171176,1,100.0,US.DDOG,11.45,19.75,4.2,1.0701,0.04625655698617067,67176975746.79,"成交额 $1,580,641 ≥ 阈值 $500,000 | 成交量 1,719 手",US.DDOG,2026-05-08 06:01:10
US.DDOG260515C200000,DDOG 260515 200.00C,188.73,3764,1388214.0,CALL,2026-05-15,200.0,495,69.555,0.306451798,0.018117852,-0.442542138,0.097769453,8,100.0,US.DDOG,5.0,9.0,1.63,0.5334,-0.05971493668203259,67176975746.79,"成交额 $1,388,214 ≥ 阈值 $500,000 | 成交量 3,764 手",US.DDOG,2026-05-08 06:01:10
US.DDOG260618C135000,DDOG 260618 135.00C,188.73,259,1387909.0,CALL,2026-06-18,135.0,1857,58.884,0.964002291,0.002098733,-0.047833342,0.050591073,42,100.0,US.DDOG,60.0,63.05,50.0,18.8257,0.284692417739628,67176975746.79,"成交额 $1,387,909 ≥ 阈值 $500,000 | 成交量 259 手",US.DDOG,2026-05-08 06:01:10
US.DDOG260618C200000,DDOG 260618 200.00C,188.73,1296,1381533.0,CALL,2026-06-18,200.0,1951,58.353,0.43129543,0.010526222,-0.182933741,0.251456521,42,100.0,US.DDOG,10.7,16.0,7.11,1.745,-0.05971493668203259,67176975746.79,"成交额 $1,381,533 ≥ 阈值 $500,000 | 成交量 1,296 手",US.DDOG,2026-05-08 06:01:10
US.DDOG260618C160000,DDOG 260618 160.00C,188.73,418,1361710.0,CALL,2026-06-18,160.0,1990,62.01,0.818748936,0.006642388,-0.137018558,0.168610053,42,100.0,US.DDOG,33.35,40.2,26.8,8.125,0.15222805065437392,67176975746.79,"成交额 $1,361,710 ≥ 阈值 $500,000 | 成交量 418 手",US.DDOG,2026-05-08 06:01:10
US.DDOG260515C190000,DDOG 260515 190.00C,188.73,2308,1285932.0,CALL,2026-05-15,190.0,98,70.888,0.498324568,0.020204299,-0.520679348,0.111120596,8,100.0,US.DDOG,8.31,14.15,3.5,0.8303,-0.0067291898479309616,67176975746.79,"成交额 $1,285,932 ≥ 阈值 $500,000 | 成交量 2,308 手",US.DDOG,2026-05-08 06:01:10
US.DDOG260717C140000,DDOG 260717 140.00C,188.73,225,1270535.0,CALL,2026-07-17,140.0,571,60.966,0.898300543,0.003502222,-0.075180967,0.147821304,71,100.0,US.DDOG,56.75,62.0,47.45,18.9145,0.2581995443225772,67176975746.79,"成交额 $1,270,535 ≥ 阈值 $500,000 | 成交量 225 手",US.DDOG,2026-05-08 06:01:10
US.DDOG260717C150000,DDOG 260717 150.00C,188.73,276,1249770.0,CALL,2026-07-17,150.0,579,59.818,0.848409174,0.004717317,-0.094034758,0.195360719,71,100.0,US.DDOG,44.15,52.02,38.3,14.8743,0.20521379748847557,67176975746.79,"成交额 $1,249,770 ≥ 阈值 $500,000 | 成交量 276 手",US.DDOG,2026-05-08 06:01:10
US.DDOG260618C140000,DDOG 260618 140.00C,188.73,223,1145280.0,CALL,2026-06-18,140.0,1284,63.232,0.935747235,0.003105977,-0.072870574,0.080394054,42,100.0,US.DDOG,50.69,59.55,43.0,16.1041,0.2581995443225772,67176975746.79,"成交额 $1,145,280 ≥ 阈值 $500,000 | 成交量 223 手",US.DDOG,2026-05-08 06:01:10
US.DDOG260717C165000,DDOG 260717 165.00C,188.73,327,1111208.0,CALL,2026-07-17,165.0,455,58.8,0.750253807,0.006491351,-0.120643474,0.264266544,71,100.0,US.DDOG,38.0,38.45,29.9,9.65,0.1257351772373231,67176975746.79,"成交额 $1,111,208 ≥ 阈值 $500,000 | 成交量 327 手",US.DDOG,2026-05-08 06:01:10
US.DDOG260508C185000,DDOG 260508 185.00C,188.73,1639,1095651.0,CALL,2026-05-08,185.0,1198,100.221,0.661937285,0.037879835,-1.909537633,0.035209017,1,100.0,US.DDOG,9.0,14.0,2.16,0.7437,0.019763683569119853,67176975746.79,"成交额 $1,095,651 ≥ 阈值 $500,000 | 成交量 1,639 手",US.DDOG,2026-05-08 06:01:10
US.DDOG261120C220000,DDOG 261120 220.00C,188.73,487,1086548.0,CALL,2026-11-20,220.0,1,60.429,0.468504379,0.004746663,-0.091152909,0.55139947,197,100.0,US.DDOG,22.1,27.5,20.5,8.225,-0.16568643035023584,67176975746.79,"成交额 $1,086,548 ≥ 阈值 $500,000 | 成交量 487 手",US.DDOG,2026-05-08 06:01:10
US.DDOG260508C200000,DDOG 260508 200.00C,188.73,4871,1069705.0,CALL,2026-05-08,200.0,51,109.139,0.155789694,0.022747507,-1.320620909,0.023024432,1,100.0,US.DDOG,2.88,6.45,0.3,0.3777,-0.05971493668203259,67176975746.79,"成交额 $1,069,705 ≥ 阈值 $500,000 | 成交量 4,871 手",US.DDOG,2026-05-08 06:01:10
US.DDOG260821C200000,DDOG 260821 200.00C,188.73,444,926860.0,CALL,2026-08-21,200.0,11,61.9,0.509806392,0.006336362,-0.126235032,0.40552995,106,100.0,US.DDOG,22.85,23.0,17.41,6.003,-0.05971493668203259,67176975746.79,"成交额 $926,860 ≥ 阈值 $500,000 | 成交量 444 手",US.DDOG,2026-05-08 06:01:10
US.DDOG260618C170000,DDOG 260618 170.00C,188.73,365,918874.0,CALL,2026-06-18,170.0,2489,57.778,0.743097785,0.008719775,-0.154121221,0.206244253,42,100.0,US.DDOG,27.0,33.78,19.6,5.75,0.0992423038202723,67176975746.79,"成交额 $918,874 ≥ 阈值 $500,000 | 成交量 365 手",US.DDOG,2026-05-08 06:01:10
US.DDOG260508C175000,DDOG 260508 175.00C,188.73,639,862088.0,CALL,2026-05-08,175.0,737,124.119,0.88985244,0.015746184,-1.184736321,0.018125526,1,100.0,US.DDOG,15.0,23.52,8.03,1.4749,0.07274943040322149,67176975746.79,"成交额 $862,088 ≥ 阈值 $500,000 | 成交量 639 手",US.DDOG,2026-05-08 06:01:10
US.DDOG260918C220000,DDOG 260918 220.00C,188.73,420,748967.0,CALL,2026-09-18,220.0,2772,61.112,0.423538218,0.005604534,-0.108513387,0.44770491,134,100.0,US.DDOG,20.1,20.63,15.6,5.0178,-0.16568643035023584,67176975746.79,"成交额 $748,967 ≥ 阈值 $500,000 | 成交量 420 手",US.DDOG,2026-05-08 06:01:10
US.DDOG260515C175000,DDOG 260515 175.00C,188.73,521,742146.0,CALL,2026-05-15,175.0,954,69.978,0.785430599,0.014972945,-0.376349552,0.081288367,8,100.0,US.DDOG,16.6,24.0,9.75,1.9764,0.07274943040322149,67176975746.79,"成交额 $742,146 ≥ 阈值 $500,000 | 成交量 521 手",US.DDOG,2026-05-08 06:01:10
US.DDOG260515P185000,DDOG 260515 185.00P,188.73,920,685520.0,PUT,2026-05-15,185.0,0,74.507,-0.403906584,0.018673749,-0.514205197,0.107870361,8,100.0,US.DDOG,5.12,10.0,4.3,42.42,-0.019763683569119853,67176975746.79,"成交额 $685,520 ≥ 阈值 $500,000 | 成交量 920 手",US.DDOG,2026-05-08 06:01:10
US.DDOG260508C170000,DDOG 260508 170.00C,188.73,427,660279.0,CALL,2026-05-08,170.0,1449,143.708,0.928304147,0.009881757,-0.983577159,0.0131703,1,100.0,US.DDOG,18.65,27.0,10.7,2.0691,0.0992423038202723,67176975746.79,"成交额 $660,279 ≥ 阈值 $500,000 | 成交量 427 手",US.DDOG,2026-05-08 06:01:10
US.DDOG260618C180000,DDOG 260618 180.00C,188.73,311,658828.0,CALL,2026-06-18,180.0,1285,60.331,0.638448873,0.009706109,-0.183414871,0.239722058,42,100.0,US.DDOG,22.0,26.87,14.35,3.9231,0.04625655698617067,67176975746.79,"成交额 $658,828 ≥ 阈值 $500,000 | 成交量 311 手",US.DDOG,2026-05-08 06:01:10
US.DDOG260508P185000,DDOG 260508 185.00P,188.73,1431,642063.0,PUT,2026-05-08,185.0,0,113.938,-0.354203835,0.033903514,-2.190328317,0.035824024,1,100.0,US.DDOG,4.2,8.0,2.4,42.0546,-0.019763683569119853,67176975746.79,"成交额 $642,063 ≥ 阈值 $500,000 | 成交量 1,431 手",US.DDOG,2026-05-08 06:01:10
US.DDOG260612P162500,DDOG 260612 162.50P,188.73,1101,534010.0,PUT,2026-06-12,162.5,0,63.077,-0.191642682,0.007307427,-0.13849499,0.161545704,36,100.0,US.DDOG,4.85,5.1,4.85,4.85,-0.13898161394584851,67176975746.79,"成交额 $534,010 ≥ 阈值 $500,000 | 成交量 1,101 手",US.DDOG,2026-05-08 06:01:10
US.DDOG260508P180000,DDOG 260508 180.00P,188.73,1739,529797.0,PUT,2026-05-08,180.0,0,119.564,-0.209459253,0.02499189,-1.756458411,0.027712203,1,100.0,US.DDOG,1.56,5.5,1.15,37.382,-0.04625655698617067,67176975746.79,"成交额 $529,797 ≥ 阈值 $500,000 | 成交量 1,739 手",US.DDOG,2026-05-08 06:01:10
US.DDOG260717C200000,DDOG 260717 200.00C,188.73,363,525893.0,CALL,2026-07-17,200.0,206,56.682,0.468611408,0.008432182,-0.140008192,0.330926674,71,100.0,US.DDOG,17.05,21.55,11.1,3.279,-0.05971493668203259,67176975746.79,"成交额 $525,893 ≥ 阈值 $500,000 | 成交量 363 手",US.DDOG,2026-05-08 06:01:10
US.DDOG260508P190000,DDOG 260508 190.00P,188.73,736,503814.0,PUT,2026-05-08,190.0,0,109.47,-0.536063155,0.037691863,-2.250590697,0.038261774,1,100.0,US.DDOG,6.55,11.0,3.6,46.8261,0.0067291898479309616,67176975746.79,"成交额 $503,814 ≥ 阈值 $500,000 | 成交量 736 手",US.DDOG,2026-05-08 06:01:10
US.DDOG260918C290000,DDOG 260918 290.00C,188.73,854,500829.0,CALL,2026-09-18,290.0,111,63.153,0.184984821,0.00369667,-0.074772869,0.305140362,134,100.0,US.DDOG,6.7,7.5,4.5,1.3196,-0.5365866581889472,67176975746.79,"成交额 $500,829 ≥ 阈值 $500,000 | 成交量 854 手",US.DDOG,2026-05-08 06:01:10
US.DE260605C575000,DE 260605 575.00C,580.54,300,941562.0,CALL,2026-06-05,575.0,302,39.107,0.566863546,0.006151529,-0.468165928,0.643073746,29,100.0,US.DE,31.65,31.65,30.67,37.854,0.00954283942536253,156808081492.28,"成交额 $941,562 ≥ 阈值 $500,000 | 成交量 300 手",US.DE,2026-05-08 06:01:12
US.DE260529C700000,DE 260529 700.00C,580.54,4001,657480.0,CALL,2026-05-29,700.0,5,42.032,0.040703501,0.001460626,-0.118130344,0.124438698,22,100.0,US.DE,1.5,2.15,0.7,1.4561,-0.20577393461260213,156808081492.28,"成交额 $657,480 ≥ 阈值 $500,000 | 成交量 4,001 手",US.DE,2026-05-08 06:01:12
US.DELL260605C195000,DELL 260605 195.00C,230.27,600,2649000.0,CALL,2026-06-05,195.0,640,72.013,0.825210648,0.0055154,-0.223335705,0.167033581,29,100.0,US.DELL,44.15,44.15,44.15,48.4067,0.15316802015025843,148696495811.77,"成交额 $2,649,000 ≥ 阈值 $500,000 | 成交量 600 手",US.DELL,2026-05-08 06:01:53
US.DELL260618C240000,DELL 260618 240.00C,230.27,1531,2634128.0,CALL,2026-06-18,240.0,2016,68.091,0.481772509,0.007497309,-0.263324589,0.31110953,42,100.0,US.DELL,19.7,20.13,16.4,21.7862,-0.042254744430451165,148696495811.77,"成交额 $2,634,128 ≥ 阈值 $500,000 | 成交量 1,531 手",US.DELL,2026-05-08 06:01:53
US.DELL260918C270000,DELL 260918 270.00C,230.27,1022,2224185.0,CALL,2026-09-18,270.0,977,61.197,0.417663969,0.004573333,-0.132096517,0.544603239,134,100.0,US.DELL,21.95,24.03,21.35,25.475,-0.17253658748425757,148696495811.77,"成交额 $2,224,185 ≥ 阈值 $500,000 | 成交量 1,022 手",US.DELL,2026-05-08 06:01:53
US.DELL260612C205000,DELL 260612 205.00C,230.27,500,1732500.0,CALL,2026-06-12,205.0,0,69.676,0.744521425,0.006383356,-0.239958375,0.232278466,36,100.0,US.DELL,34.65,34.65,34.65,42.2427,0.10974073913232296,148696495811.77,"成交额 $1,732,500 ≥ 阈值 $500,000 | 成交量 500 手",US.DELL,2026-05-08 06:01:53
US.DELL260821C250000,DELL 260821 250.00C,230.27,380,868086.0,CALL,2026-08-21,250.0,508,60.335,0.476957262,0.005320727,-0.149687371,0.494109679,106,100.0,US.DELL,22.8,25.15,22.07,27.725,-0.08568202544838663,148696495811.77,"成交额 $868,086 ≥ 阈值 $500,000 | 成交量 380 手",US.DELL,2026-05-08 06:01:53
US.DELL260918C260000,DELL 260918 260.00C,230.27,327,796476.0,CALL,2026-09-18,260.0,416,61.245,0.457910239,0.00464355,-0.134856729,0.553402593,134,100.0,US.DELL,26.8,26.8,23.71,28.85,-0.1291093064663221,148696495811.77,"成交额 $796,476 ≥ 阈值 $500,000 | 成交量 327 手",US.DELL,2026-05-08 06:01:53
US.DELL260717P200000,DELL 260717 200.00P,230.27,722,779977.0,PUT,2026-07-17,200.0,387,62.798,-0.251258281,0.005009102,-0.137410677,0.323370111,71,100.0,US.DELL,10.8,11.12,10.45,9.425,-0.1314543796412907,148696495811.77,"成交额 $779,977 ≥ 阈值 $500,000 | 成交量 722 手",US.DELL,2026-05-08 06:01:53
US.DELL260618P230000,DELL 260618 230.00P,230.27,355,679265.0,PUT,2026-06-18,230.0,86,67.655,-0.446149128,0.007512901,-0.239382897,0.30844111,42,100.0,US.DELL,19.79,21.3,18.1,16.975,-0.001172536587484302,148696495811.77,"成交额 $679,265 ≥ 阈值 $500,000 | 成交量 355 手",US.DELL,2026-05-08 06:01:53
US.DELL260522P210000,DELL 260522 210.00P,230.27,1705,639570.0,PUT,2026-05-22,210.0,124,62.264,-0.210265254,0.009943567,-0.277286513,0.134387062,15,100.0,US.DELL,3.36,4.0,2.78,2.64,-0.08802709862335523,148696495811.77,"成交额 $639,570 ≥ 阈值 $500,000 | 成交量 1,705 手",US.DELL,2026-05-08 06:01:53
US.DELL260918P175000,DELL 260918 175.00P,230.27,555,522850.0,PUT,2026-09-18,175.0,181,62.801,-0.172804731,0.002926522,-0.079421477,0.356647632,134,100.0,US.DELL,9.38,10.5,9.38,9.1843,-0.24002258218612937,148696495811.77,"成交额 $522,850 ≥ 阈值 $500,000 | 成交量 555 手",US.DELL,2026-05-08 06:01:53
US.DELL260515C235000,DELL 260515 235.00C,230.27,822,518073.0,CALL,2026-05-15,235.0,877,60.078,0.430136623,0.019239059,-0.529654978,0.13349363,8,100.0,US.DELL,8.42,9.24,5.55,11.2741,-0.02054110392148343,148696495811.77,"成交额 $518,073 ≥ 阈值 $500,000 | 成交量 822 手",US.DELL,2026-05-08 06:01:53
US.DG260515P135000,DG 260515 135.00P,116.47,310,558000.0,PUT,2026-05-15,135.0,117,0.0,0.0,0.0,0.0,0.0,8,100.0,US.DG,18.0,18.0,18.0,18.652,0.15909676311496523,25649759490.4,"成交额 $558,000 ≥ 阈值 $500,000 | 成交量 310 手",US.DG,2026-05-08 06:02:31
US.DG260515P140000,DG 260515 140.00P,116.47,230,530150.0,PUT,2026-05-15,140.0,88,0.0,0.0,0.0,0.0,0.0,8,100.0,US.DG,23.05,23.05,23.05,23.6406,0.20202627285996394,25649759490.4,"成交额 $530,150 ≥ 阈值 $500,000 | 成交量 230 手",US.DG,2026-05-08 06:02:31
US.DHR260515P200000,DHR 260515 200.00P,175.66,3420,8703580.0,PUT,2026-05-15,200.0,801,63.814,-0.9092488,0.010262726,-0.150179575,0.042183104,8,100.0,US.DHR,25.99,26.0,24.9,25.3373,0.13856313332574294,124326988338.82,"成交额 $8,703,580 ≥ 阈值 $500,000 | 成交量 3,420 手",US.DHR,2026-05-08 06:03:12
US.DHR260618P230000,DHR 260618 230.00P,175.66,1260,7018900.0,PUT,2026-06-18,230.0,231,55.778,-0.916626474,0.005653766,-0.047630477,0.089159557,42,100.0,US.DHR,56.6,56.6,54.8,55.08,0.30934760332460437,124326988338.82,"成交额 $7,018,900 ≥ 阈值 $500,000 | 成交量 1,260 手",US.DHR,2026-05-08 06:03:12
US.DHR260618P210000,DHR 260618 210.00P,175.66,1363,4764476.0,PUT,2026-06-18,210.0,261,41.09,-0.89518342,0.008960624,-0.04098733,0.105494155,42,100.0,US.DHR,34.64,35.66,34.64,35.0832,0.19549128999203008,124326988338.82,"成交额 $4,764,476 ≥ 阈值 $500,000 | 成交量 1,363 手",US.DHR,2026-05-08 06:03:12
US.DHR260515P195000,DHR 260515 195.00P,175.66,560,1170400.0,PUT,2026-05-15,195.0,99,61.249,-0.866386895,0.013857645,-0.198228103,0.055754549,8,100.0,US.DHR,21.5,21.5,20.3,20.4565,0.11009905499259937,124326988338.82,"成交额 $1,170,400 ≥ 阈值 $500,000 | 成交量 560 手",US.DHR,2026-05-08 06:03:12
US.DHR260618P220000,DHR 260618 220.00P,175.66,244,1117960.0,PUT,2026-06-18,220.0,48,48.729,-0.907835964,0.006924978,-0.044606917,0.096060155,42,100.0,US.DHR,43.9,46.7,43.9,45.08,0.2524194466583172,124326988338.82,"成交额 $1,117,960 ≥ 阈值 $500,000 | 成交量 244 手",US.DHR,2026-05-08 06:03:12
US.DIS260618C120000,DIS 260618 120.00C,108.66,15158,1262901.0,CALL,2026-06-18,120.0,3887,25.549,0.145860999,0.024313247,-0.027120305,0.084248963,42,100.0,US.DIS,0.85,0.98,0.54,0.61,-0.10436223081170627,188689331331.84,"成交额 $1,262,901 ≥ 阈值 $500,000 | 成交量 15,158 手",US.DIS,2026-05-08 06:03:15
US.DIS260618C110000,DIS 260618 110.00C,108.66,2118,822650.0,CALL,2026-06-18,110.0,6762,26.093,0.481281029,0.041458376,-0.050807467,0.146797003,42,100.0,US.DIS,3.65,4.3,2.79,3.03,-0.012332044910730752,188689331331.84,"成交额 $822,650 ≥ 阈值 $500,000 | 成交量 2,118 手",US.DIS,2026-05-08 06:03:15
US.DIS260717C115000,DIS 260717 115.00C,108.66,2187,543608.0,CALL,2026-07-17,115.0,5292,24.059,0.339166531,0.031759992,-0.033240548,0.175340071,71,100.0,US.DIS,2.83,3.0,1.96,2.235,-0.058347137861218513,188689331331.84,"成交额 $543,608 ≥ 阈值 $500,000 | 成交量 2,187 手",US.DIS,2026-05-08 06:03:15
US.DVA260618C200000,DVA 260618 200.00C,196.26,2232,1432956.0,CALL,2026-06-18,200.0,4,31.322,0.46605217,0.019073037,-0.107751612,0.264474382,42,100.0,US.DVA,6.45,7.0,5.05,6.25,-0.01905635381636609,12599892000.0,"成交额 $1,432,956 ≥ 阈值 $500,000 | 成交量 2,232 手",US.DVA,2026-05-08 06:06:29
US.DVA260618C210000,DVA 260618 210.00C,196.26,2175,652165.0,CALL,2026-06-18,210.0,16,29.827,0.281916216,0.017017813,-0.085328474,0.224670431,42,100.0,US.DVA,3.0,3.0,2.33,3.575,-0.0700091715071844,12599892000.0,"成交额 $652,165 ≥ 阈值 $500,000 | 成交量 2,175 手",US.DVA,2026-05-08 06:06:29
US.DVN260717C50000,DVN 260717 50.00C,45.31,55894,7201639.0,CALL,2026-07-17,50.0,4409,36.523,0.313083417,0.048561229,-0.019537906,0.07077139,71,100.0,US.DVN,1.48,1.51,1.02,1.68,-0.1035091591260207,28155634000.0,"成交额 $7,201,639 ≥ 阈值 $500,000 | 成交量 55,894 手",US.DVN,2026-05-08 06:06:32
US.DVN260618C55000,DVN 260618 55.00C,45.31,39244,677627.0,CALL,2026-06-18,55.0,45226,39.058,0.086008597,0.026165998,-0.011510163,0.024109557,42,100.0,US.DVN,0.25,0.32,0.14,0.325,-0.21386007503862275,28155634000.0,"成交额 $677,627 ≥ 阈值 $500,000 | 成交量 39,244 手",US.DVN,2026-05-08 06:06:32
US.DVN260618C42500,DVN 260618 42.50C,45.31,1481,530131.0,CALL,2026-06-18,42.5,3267,39.414,0.718138576,0.055777931,-0.027327957,0.051869687,42,100.0,US.DVN,4.02,4.3,3.5,5.0854,0.062017214742882416,28155634000.0,"成交额 $530,131 ≥ 阈值 $500,000 | 成交量 1,481 手",US.DVN,2026-05-08 06:06:32
US.ETN260618C180000,ETN 260618 180.00C,399.15,1440,31432440.0,CALL,2026-06-18,180.0,531,0.0,0.0,0.0,0.0,0.0,42,100.0,US.ETN,218.82,218.82,216.85,241.4096,0.5490417136414881,154989945000.0,"成交额 $31,432,440 ≥ 阈值 $500,000 | 成交量 1,440 手",US.ETN,2026-05-08 06:11:49
US.ETN260508C375000,ETN 260508 375.00C,399.15,1440,3352440.0,CALL,2026-05-08,375.0,140,0.0,0.0,0.0,0.0,0.0,1,100.0,US.ETN,23.82,23.82,21.85,46.5124,0.06050357008643362,154989945000.0,"成交额 $3,352,440 ≥ 阈值 $500,000 | 成交量 1,440 手",US.ETN,2026-05-08 06:11:49
US.ETN260508C370000,ETN 260508 370.00C,399.15,260,849610.0,CALL,2026-05-08,370.0,38,0.0,0.0,0.0,0.0,0.0,1,100.0,US.ETN,33.86,33.86,30.4,51.5019,0.07303018915194784,154989945000.0,"成交额 $849,610 ≥ 阈值 $500,000 | 成交量 260 手",US.ETN,2026-05-08 06:11:49
US.EXPE260717P250000,EXPE 260717 250.00P,252.79,333,779194.0,PUT,2026-07-17,250.0,45,52.595,-0.425009552,0.006735294,-0.151348573,0.436153266,71,100.0,US.EXPE,23.9,23.9,21.2,24.1905,-0.011036828988488437,30340380844.83,"成交额 $779,194 ≥ 阈值 $500,000 | 成交量 333 手",US.EXPE,2026-05-08 06:13:46
US.EXPE260618P250000,EXPE 260618 250.00P,252.79,332,677693.0,PUT,2026-06-18,250.0,221,57.187,-0.431428198,0.008056632,-0.219801636,0.336447867,42,100.0,US.EXPE,19.6,21.1,16.9,20.5232,-0.011036828988488437,30340380844.83,"成交额 $677,693 ≥ 阈值 $500,000 | 成交量 332 手",US.EXPE,2026-05-08 06:13:46
US.FCX260522C60000,FCX 260522 60.00C,60.61,6257,1762238.0,CALL,2026-05-22,60.0,6475,50.23,0.565557559,0.063960923,-0.085762604,0.048206177,15,100.0,US.FCX,3.5,4.1,2.51,2.9845,0.010064345817521851,87108789339.66,"成交额 $1,762,238 ≥ 阈值 $500,000 | 成交量 6,257 手",US.FCX,2026-05-08 06:15:05
US.FCX260515C65000,FCX 260515 65.00C,60.61,8937,748302.0,CALL,2026-05-15,65.0,18281,53.445,0.20059548,0.058819891,-0.086158145,0.025018923,8,100.0,US.FCX,0.84,0.97,0.45,0.629,-0.07243029203101799,87108789339.66,"成交额 $748,302 ≥ 阈值 $500,000 | 成交量 8,937 手",US.FCX,2026-05-08 06:15:05
US.FCX260717C70000,FCX 260717 70.00C,60.61,2808,694771.0,CALL,2026-07-17,70.0,24267,49.442,0.301715468,0.026391619,-0.034129322,0.093116685,71,100.0,US.FCX,2.5,2.8,2.05,2.32,-0.15492492987955783,87108789339.66,"成交额 $694,771 ≥ 阈值 $500,000 | 成交量 2,808 手",US.FCX,2026-05-08 06:15:05
US.FICO260821C1000000,FICO 260821 1000.00C,1128.39,300,6128260.0,CALL,2026-08-21,1000.0,347,61.105,0.713522388,0.000916325,-0.656703829,2.068597383,106,100.0,US.FICO,200.47,210.9,196.1,176.6737,0.11378158260884985,26168386421.34,"成交额 $6,128,260 ≥ 阈值 $500,000 | 成交量 300 手",US.FICO,2026-05-08 06:16:25
US.FICO260821C920000,FICO 260821 920.00C,1128.39,200,5033022.0,CALL,2026-08-21,920.0,200,62.389,0.790184264,0.000759603,-0.578542569,1.750765161,106,100.0,US.FICO,251.87,253.1,247.47,225.819,0.18467905600014187,26168386421.34,"成交额 $5,033,022 ≥ 阈值 $500,000 | 成交量 200 手",US.FICO,2026-05-08 06:16:25
US.FICO260821C1100000,FICO 260821 1100.00C,1128.39,300,4550630.0,CALL,2026-08-21,1100.0,357,59.354,0.607442719,0.00106545,-0.708660788,2.33637178,106,100.0,US.FICO,147.74,159.2,140.1,128.1456,0.02515974086973484,26168386421.34,"成交额 $4,550,630 ≥ 阈值 $500,000 | 成交量 300 手",US.FICO,2026-05-08 06:16:25
US.FICO260821C1020000,FICO 260821 1020.00C,1128.39,200,3778489.0,CALL,2026-08-21,1020.0,200,61.291,0.692523289,0.000943601,-0.677054667,2.136663751,106,100.0,US.FICO,189.43,193.9,183.9,166.3,0.09605721426102685,26168386421.34,"成交额 $3,778,489 ≥ 阈值 $500,000 | 成交量 200 手",US.FICO,2026-05-08 06:16:25
US.FICO260515C1150000,FICO 260515 1150.00C,1128.39,222,512341.0,CALL,2026-05-15,1150.0,209,57.47,0.431475003,0.004117712,-2.493657133,0.652793661,8,100.0,US.FICO,15.94,29.6,15.94,13.0081,-0.019151179999822666,26168386421.34,"成交额 $512,341 ≥ 阈值 $500,000 | 成交量 222 手",US.FICO,2026-05-08 06:16:25
US.FICO260515C1200000,FICO 260515 1200.00C,1128.39,357,500953.0,CALL,2026-05-15,1200.0,614,56.943,0.247374784,0.003341157,-1.943027925,0.524796027,8,100.0,US.FICO,9.9,15.35,8.6,7.0529,-0.06346210086938017,26168386421.34,"成交额 $500,953 ≥ 阈值 $500,000 | 成交量 357 手",US.FICO,2026-05-08 06:16:25
US.FSLR260918P190000,FSLR 260918 190.00P,214.57,1253,1757590.0,PUT,2026-09-18,190.0,172,52.421,-0.28167191,0.004986268,-0.079630458,0.438388557,134,100.0,US.FSLR,13.86,14.7,13.86,14.472,-0.11450808593932048,23056268098.91,"成交额 $1,757,590 ≥ 阈值 $500,000 | 成交量 1,253 手",US.FSLR,2026-05-08 06:18:25
US.FSLR260717C260000,FSLR 260717 260.00C,214.57,1855,1517482.0,CALL,2026-07-17,260.0,140,51.476,0.241412894,0.006406075,-0.111709093,0.294916191,71,100.0,US.FSLR,7.5,8.7,5.81,7.475,-0.21172577713566673,23056268098.91,"成交额 $1,517,482 ≥ 阈值 $500,000 | 成交量 1,855 手",US.FSLR,2026-05-08 06:18:25
US.FSLR260612C245000,FSLR 260612 245.00C,214.57,1712,734655.0,CALL,2026-06-12,245.0,3,50.555,0.23133684,0.008953378,-0.149133633,0.204999377,36,100.0,US.FSLR,6.23,6.23,3.95,5.2368,-0.14181852076245519,23056268098.91,"成交额 $734,655 ≥ 阈值 $500,000 | 成交量 1,712 手",US.FSLR,2026-05-08 06:18:25
US.FSLR260717C210000,FSLR 260717 210.00C,214.57,299,704202.0,CALL,2026-07-17,210.0,202,51.178,0.594693878,0.008009103,-0.143318649,0.366614568,71,100.0,US.FSLR,26.55,27.25,21.4,24.5286,0.02129841077503842,23056268098.91,"成交额 $704,202 ≥ 阈值 $500,000 | 成交量 299 手",US.FSLR,2026-05-08 06:18:25
US.FTNT260508C90000,FTNT 260508 90.00C,107.97,5302,11138409.0,CALL,2026-05-08,90.0,5529,242.911,0.941085621,0.008977432,-0.825749413,0.006323491,1,100.0,US.FTNT,15.5,21.9,14.9,4.791,0.16643512086690745,79045058014.59,"成交额 $11,138,409 ≥ 阈值 $500,000 | 成交量 5,302 手",US.FTNT,2026-05-08 06:19:02
US.FTNT260918C80000,FTNT 260918 80.00C,107.97,1219,4022143.0,CALL,2026-09-18,80.0,1824,47.007,0.89295378,0.005997969,-0.027720907,0.120565302,134,100.0,US.FTNT,28.45,34.29,28.45,16.0725,0.2590534407705844,79045058014.59,"成交额 $4,022,143 ≥ 阈值 $500,000 | 成交量 1,219 手",US.FTNT,2026-05-08 06:19:02
US.FTNT260618C100000,FTNT 260618 100.00C,107.97,1463,1799447.0,CALL,2026-06-18,100.0,2379,35.694,0.767032041,0.023418975,-0.05508474,0.111870221,42,100.0,US.FTNT,8.6,14.21,8.6,2.7057,0.07381680096323051,79045058014.59,"成交额 $1,799,447 ≥ 阈值 $500,000 | 成交量 1,463 手",US.FTNT,2026-05-08 06:19:02
US.FTNT260508C89000,FTNT 260508 89.00C,107.97,726,1563411.0,CALL,2026-05-08,89.0,832,214.495,0.968590674,0.006119095,-0.431635548,0.003805977,1,100.0,US.FTNT,17.15,22.75,17.15,5.2179,0.17569695285727516,79045058014.59,"成交额 $1,563,411 ≥ 阈值 $500,000 | 成交量 726 手",US.FTNT,2026-05-08 06:19:02
US.FTNT260515P109000,FTNT 260515 109.00P,107.97,3713,1236318.0,PUT,2026-05-15,109.0,0,34.989,-0.557837477,0.071242024,-0.1375431,0.06269122,8,100.0,US.FTNT,3.0,3.77,2.05,19.5526,0.009539686950078737,79045058014.59,"成交额 $1,236,318 ≥ 阈值 $500,000 | 成交量 3,713 手",US.FTNT,2026-05-08 06:19:02
US.FTNT260717C100000,FTNT 260717 100.00C,107.97,980,1227515.0,CALL,2026-07-17,100.0,747,37.535,0.72208918,0.018776706,-0.048960994,0.159598698,71,100.0,US.FTNT,9.5,15.25,8.3,3.65,0.07381680096323051,79045058014.59,"成交额 $1,227,515 ≥ 阈值 $500,000 | 成交量 980 手",US.FTNT,2026-05-08 06:19:02
US.FTNT260508C88000,FTNT 260508 88.00C,107.97,512,1182976.0,CALL,2026-05-08,88.0,571,170.405,0.992856604,0.002161985,-0.097085911,0.001068401,1,100.0,US.FTNT,19.95,24.0,19.47,5.7146,0.18495878484764286,79045058014.59,"成交额 $1,182,976 ≥ 阈值 $500,000 | 成交量 512 手",US.FTNT,2026-05-08 06:19:02
US.FTNT260717C80000,FTNT 260717 80.00C,107.97,361,1168731.0,CALL,2026-07-17,80.0,732,44.672,0.951257465,0.004753663,-0.022450983,0.048087167,71,100.0,US.FTNT,31.65,33.05,28.94,13.5602,0.2590534407705844,79045058014.59,"成交额 $1,168,731 ≥ 阈值 $500,000 | 成交量 361 手",US.FTNT,2026-05-08 06:19:02
US.FTNT260515C100000,FTNT 260515 100.00C,107.97,1284,1158030.0,CALL,2026-05-15,100.0,2799,55.427,0.83901043,0.02773323,-0.144667958,0.038819987,8,100.0,US.FTNT,6.9,12.5,6.75,1.6964,0.07381680096323051,79045058014.59,"成交额 $1,158,030 ≥ 阈值 $500,000 | 成交量 1,284 手",US.FTNT,2026-05-08 06:19:02
US.FTNT260515P103000,FTNT 260515 103.00P,107.97,7235,1119161.0,PUT,2026-05-15,103.0,0,47.397,-0.235411764,0.040852056,-0.146633205,0.048873657,8,100.0,US.FTNT,1.55,1.55,0.61,14.1667,-0.04603130499212743,79045058014.59,"成交额 $1,119,161 ≥ 阈值 $500,000 | 成交量 7,235 手",US.FTNT,2026-05-08 06:19:02
US.FTNT260508C92000,FTNT 260508 92.00C,107.97,579,1086950.0,CALL,2026-05-08,92.0,766,162.0,0.978442784,0.00591402,-0.238207696,0.002778238,1,100.0,US.FTNT,15.0,19.77,14.22,3.939,0.14791145688617208,79045058014.59,"成交额 $1,086,950 ≥ 阈值 $500,000 | 成交量 579 手",US.FTNT,2026-05-08 06:19:02
US.FTNT260515C115000,FTNT 260515 115.00C,107.97,5250,1083884.0,CALL,2026-05-15,115.0,117,45.886,0.187145411,0.036866431,-0.126185359,0.042719414,8,100.0,US.FTNT,1.55,2.68,0.44,0.2072,-0.0651106788922849,79045058014.59,"成交额 $1,083,884 ≥ 阈值 $500,000 | 成交量 5,250 手",US.FTNT,2026-05-08 06:19:02
US.FTNT260618C80000,FTNT 260618 80.00C,107.97,359,1082960.0,CALL,2026-06-18,80.0,1157,49.75,0.970465964,0.003690034,-0.022024132,0.024573297,42,100.0,US.FTNT,28.14,32.5,27.5,12.509,0.2590534407705844,79045058014.59,"成交额 $1,082,960 ≥ 阈值 $500,000 | 成交量 359 手",US.FTNT,2026-05-08 06:19:02
US.FTNT260508C93000,FTNT 260508 93.00C,107.97,625,1032744.0,CALL,2026-05-08,93.0,621,0.0,0.0,0.0,0.0,0.0,1,100.0,US.FTNT,12.0,19.3,12.0,3.5136,0.13864962489580437,79045058014.59,"成交额 $1,032,744 ≥ 阈值 $500,000 | 成交量 625 手",US.FTNT,2026-05-08 06:19:02
US.FTNT260508C100000,FTNT 260508 100.00C,107.97,998,1015302.0,CALL,2026-05-08,100.0,1556,137.567,0.875602276,0.02769463,-0.839340118,0.011047484,1,100.0,US.FTNT,6.65,12.05,6.4,1.4713,0.07381680096323051,79045058014.59,"成交额 $1,015,302 ≥ 阈值 $500,000 | 成交量 998 手",US.FTNT,2026-05-08 06:19:02
US.FTNT260515C90000,FTNT 260515 90.00C,107.97,491,973305.0,CALL,2026-05-15,90.0,3103,77.479,0.951564507,0.008166003,-0.082637617,0.015979284,8,100.0,US.FTNT,14.65,22.1,14.65,5.0321,0.16643512086690745,79045058014.59,"成交额 $973,305 ≥ 阈值 $500,000 | 成交量 491 手",US.FTNT,2026-05-08 06:19:02
US.FTNT260918C100000,FTNT 260918 100.00C,107.97,458,765009.0,CALL,2026-09-18,100.0,695,43.174,0.682662836,0.012621203,-0.043402462,0.233039379,134,100.0,US.FTNT,13.47,19.0,13.35,6.6556,0.07381680096323051,79045058014.59,"成交额 $765,009 ≥ 阈值 $500,000 | 成交量 458 手",US.FTNT,2026-05-08 06:19:02
US.FTNT260918C115000,FTNT 260918 115.00C,107.97,630,634054.0,CALL,2026-09-18,115.0,347,40.297,0.467494028,0.01508777,-0.043417491,0.26002723,134,100.0,US.FTNT,10.45,10.85,8.05,2.8311,-0.0651106788922849,79045058014.59,"成交额 $634,054 ≥ 阈值 $500,000 | 成交量 630 手",US.FTNT,2026-05-08 06:19:02
US.FTNT260515C92000,FTNT 260515 92.00C,107.97,365,627219.0,CALL,2026-05-15,92.0,440,71.207,0.94375589,0.010005106,-0.085904179,0.017992896,8,100.0,US.FTNT,13.4,20.2,13.4,4.0731,0.14791145688617208,79045058014.59,"成交额 $627,219 ≥ 阈值 $500,000 | 成交量 365 手",US.FTNT,2026-05-08 06:19:02
US.FTNT260618C90000,FTNT 260618 90.00C,107.97,306,625269.0,CALL,2026-06-18,90.0,2370,43.785,0.908143306,0.01029215,-0.039319688,0.06030582,42,100.0,US.FTNT,16.88,22.85,16.88,6.4111,0.16643512086690745,79045058014.59,"成交额 $625,269 ≥ 阈值 $500,000 | 成交量 306 手",US.FTNT,2026-05-08 06:19:02
US.FTNT260515C95000,FTNT 260515 95.00C,107.97,413,597292.0,CALL,2026-05-15,95.0,1109,73.626,0.892950515,0.015758808,-0.14273661,0.029302377,8,100.0,US.FTNT,10.6,17.25,10.45,2.9413,0.120125960915069,79045058014.59,"成交额 $597,292 ≥ 阈值 $500,000 | 成交量 413 手",US.FTNT,2026-05-08 06:19:02
US.GE260618C320000,GE 260618 320.00C,302.63,1576,1395898.0,CALL,2026-06-18,320.0,6172,35.155,0.354280036,0.010319556,-0.170645575,0.381464945,42,100.0,US.GE,10.16,10.7,8.16,10.25,-0.05739682120080628,315745147428.05,"成交额 $1,395,898 ≥ 阈值 $500,000 | 成交量 1,576 手",US.GE,2026-05-08 06:20:21
US.GEV260515C1100000,GEV 260515 1100.00C,1045.63,282,642744.0,CALL,2026-05-15,1100.0,379,52.191,0.270549538,0.004120434,-1.73801701,0.509375215,8,100.0,US.GEV,36.73,36.73,12.4,47.8013,-0.05199736044298642,280981688371.85,"成交额 $642,744 ≥ 阈值 $500,000 | 成交量 282 手",US.GEV,2026-05-08 06:21:02
US.GLW260821C165000,GLW 260821 165.00C,182.4,544,2072316.0,CALL,2026-08-21,165.0,389,72.697,0.683975024,0.004980334,-0.128965982,0.349511249,106,100.0,US.GLW,37.1,38.45,34.4,36.4711,0.0953947368421053,156980339280.0,"成交额 $2,072,316 ≥ 阈值 $500,000 | 成交量 544 手",US.GLW,2026-05-08 06:22:21
US.GLW260515C170000,GLW 260515 170.00C,182.4,1009,1603842.0,CALL,2026-05-15,170.0,6197,71.968,0.765772093,0.015874169,-0.394061147,0.082356297,8,100.0,US.GLW,18.65,18.65,12.94,15.5241,0.06798245614035091,156980339280.0,"成交额 $1,603,842 ≥ 阈值 $500,000 | 成交量 1,009 手",US.GLW,2026-05-08 06:22:21
US.GLW260515C200000,GLW 260515 200.00C,182.4,5206,1375096.0,CALL,2026-05-15,200.0,2976,78.257,0.231115655,0.014490418,-0.412759606,0.081745954,8,100.0,US.GLW,3.3,3.7,1.8,2.9446,-0.0964912280701754,156980339280.0,"成交额 $1,375,096 ≥ 阈值 $500,000 | 成交量 5,206 手",US.GLW,2026-05-08 06:22:21
US.GLW260618C200000,GLW 260618 200.00C,182.4,1236,1293445.0,CALL,2026-06-18,200.0,3163,69.808,0.399964536,0.008954051,-0.206106623,0.238774695,42,100.0,US.GLW,11.2,12.5,9.15,10.475,-0.0964912280701754,156980339280.0,"成交额 $1,293,445 ≥ 阈值 $500,000 | 成交量 1,236 手",US.GLW,2026-05-08 06:22:21
US.GLW260717C200000,GLW 260717 200.00C,182.4,657,1061248.0,CALL,2026-07-17,200.0,793,69.42,0.450299784,0.007092593,-0.162907886,0.318234766,71,100.0,US.GLW,16.0,17.2,13.6,15.048,-0.0964912280701754,156980339280.0,"成交额 $1,061,248 ≥ 阈值 $500,000 | 成交量 657 手",US.GLW,2026-05-08 06:22:21
US.GLW260605C182500,GLW 260605 182.50C,182.4,628,949651.0,CALL,2026-06-05,182.5,181,73.638,0.545743654,0.010484337,-0.269848649,0.20344044,29,100.0,US.GLW,16.7,16.7,12.51,14.2291,-0.0005482456140350566,156980339280.0,"成交额 $949,651 ≥ 阈值 $500,000 | 成交量 628 手",US.GLW,2026-05-08 06:22:21
US.GLW260821C160000,GLW 260821 160.00C,182.4,208,810928.0,CALL,2026-08-21,160.0,6108,71.437,0.712399229,0.00485783,-0.122255133,0.335005723,106,100.0,US.GLW,38.2,39.79,37.0,39.3019,0.12280701754385967,156980339280.0,"成交额 $810,928 ≥ 阈值 $500,000 | 成交量 208 手",US.GLW,2026-05-08 06:22:21
US.GLW260515C185000,GLW 260515 185.00C,182.4,1179,798577.0,CALL,2026-05-15,185.0,2527,75.32,0.474050658,0.019685001,-0.533857322,0.106887875,8,100.0,US.GLW,8.3,8.95,4.95,7.175,-0.014254385964912249,156980339280.0,"成交额 $798,577 ≥ 阈值 $500,000 | 成交量 1,179 手",US.GLW,2026-05-08 06:22:21
US.GLW260515C190000,GLW 260515 190.00C,182.4,1536,782619.0,CALL,2026-05-15,190.0,3403,76.214,0.381812016,0.018633431,-0.514036091,0.10237799,8,100.0,US.GLW,6.45,7.0,3.7,5.4221,-0.04166666666666664,156980339280.0,"成交额 $782,619 ≥ 阈值 $500,000 | 成交量 1,536 手",US.GLW,2026-05-08 06:22:21
US.GLW260918C180000,GLW 260918 180.00C,182.4,207,664997.0,CALL,2026-09-18,180.0,587,69.115,0.607541766,0.005033612,-0.117651134,0.424637655,134,100.0,US.GLW,33.49,34.5,29.8,31.9678,0.013157894736842136,156980339280.0,"成交额 $664,997 ≥ 阈值 $500,000 | 成交量 207 手",US.GLW,2026-05-08 06:22:21
US.GLW260918C200000,GLW 260918 200.00C,182.4,248,607355.0,CALL,2026-09-18,200.0,2177,69.328,0.508960459,0.005207236,-0.121094294,0.44063757,134,100.0,US.GLW,25.45,26.29,22.5,24.046,-0.0964912280701754,156980339280.0,"成交额 $607,355 ≥ 阈值 $500,000 | 成交量 248 手",US.GLW,2026-05-08 06:22:21
US.GLW260508C180000,GLW 260508 180.00C,182.4,1209,599613.0,CALL,2026-05-08,180.0,2611,104.502,0.610950638,0.040307222,-2.066089692,0.034899871,1,100.0,US.GLW,7.58,8.36,2.95,6.023,0.013157894736842136,156980339280.0,"成交额 $599,613 ≥ 阈值 $500,000 | 成交量 1,209 手",US.GLW,2026-05-08 06:22:21
US.GLW260508C185000,GLW 260508 185.00C,182.4,1842,560494.0,CALL,2026-05-08,185.0,4501,107.116,0.40658044,0.039789095,-2.138561256,0.035313218,1,100.0,US.GLW,4.25,5.6,1.35,3.9715,-0.014254385964912249,156980339280.0,"成交额 $560,494 ≥ 阈值 $500,000 | 成交量 1,842 手",US.GLW,2026-05-08 06:22:21
US.GLW260515C180000,GLW 260515 180.00C,182.4,598,541699.0,CALL,2026-05-15,180.0,6349,76.575,0.571767457,0.019088613,-0.536696958,0.105376617,8,100.0,US.GLW,11.2,11.55,7.1,9.588,0.013157894736842136,156980339280.0,"成交额 $541,699 ≥ 阈值 $500,000 | 成交量 598 手",US.GLW,2026-05-08 06:22:21
US.GLW260618C180000,GLW 260618 180.00C,182.4,290,537401.0,CALL,2026-06-18,180.0,2658,69.616,0.576069686,0.009102746,-0.210940403,0.24207465,42,100.0,US.GLW,19.58,20.3,16.2,17.7952,0.013157894736842136,156980339280.0,"成交额 $537,401 ≥ 阈值 $500,000 | 成交量 290 手",US.GLW,2026-05-08 06:22:21
US.GOOG260618C100000,GOOG 260618 100.00C,395.3,783,22969833.0,CALL,2026-06-18,100.0,442,0.0,0.0,0.0,0.0,0.0,42,100.0,US.GOOG,294.42,294.9,291.87,295.651,0.7470275739944346,4789454800000.0,"成交额 $22,969,833 ≥ 阈值 $500,000 | 成交量 783 手",US.GOOG,2026-05-08 06:23:03
US.GOOG260918C350000,GOOG 260918 350.00C,395.3,3202,19731718.0,CALL,2026-09-18,350.0,7611,36.106,0.766407573,0.003542858,-0.122977159,0.733242692,134,100.0,US.GOOG,62.68,62.78,59.05,63.2231,0.11459650898052115,4789454800000.0,"成交额 $19,731,718 ≥ 阈值 $500,000 | 成交量 3,202 手",US.GOOG,2026-05-08 06:23:03
US.GOOG260918C395000,GOOG 260918 395.00C,395.3,2490,8609655.0,CALL,2026-09-18,395.0,555,34.725,0.568435115,0.004727479,-0.141144946,0.941107807,134,100.0,US.GOOG,36.6,36.6,33.0,35.5494,0.0007589172780167249,4789454800000.0,"成交额 $8,609,655 ≥ 阈值 $500,000 | 成交量 2,490 手",US.GOOG,2026-05-08 06:23:03
US.GOOG260618C280000,GOOG 260618 280.00C,395.3,628,7316115.0,CALL,2026-06-18,280.0,3821,44.655,0.991400063,0.000390487,-0.043769705,0.031317564,42,100.0,US.GOOG,115.65,116.5,115.65,116.8531,0.2916772071844169,4789454800000.0,"成交额 $7,316,115 ≥ 阈值 $500,000 | 成交量 628 手",US.GOOG,2026-05-08 06:23:03
US.GOOG260618C415000,GOOG 260618 415.00C,395.3,4399,3782734.0,CALL,2026-06-18,415.0,3782,29.958,0.349347974,0.009224199,-0.190907924,0.495748225,42,100.0,US.GOOG,9.7,9.7,7.75,9.1,-0.049835567923096354,4789454800000.0,"成交额 $3,782,734 ≥ 阈值 $500,000 | 成交量 4,399 手",US.GOOG,2026-05-08 06:23:03
US.GOOG260618P385000,GOOG 260618 385.00P,395.3,3039,3512871.0,PUT,2026-06-18,385.0,261,31.45,-0.36873809,0.009006342,-0.176727776,0.504454563,42,100.0,US.GOOG,11.47,12.32,11.27,11.3126,-0.026056159878573265,4789454800000.0,"成交额 $3,512,871 ≥ 阈值 $500,000 | 成交量 3,039 手",US.GOOG,2026-05-08 06:23:03
US.GOOG260618C285000,GOOG 260618 285.00C,395.3,261,2922440.0,CALL,2026-06-18,285.0,873,48.29,0.982430457,0.000670392,-0.060508671,0.058102058,42,100.0,US.GOOG,110.35,112.0,109.75,111.9343,0.27902858588413865,4789454800000.0,"成交额 $2,922,440 ≥ 阈值 $500,000 | 成交量 261 手",US.GOOG,2026-05-08 06:23:03
US.GOOG260508C395000,GOOG 260508 395.00C,395.3,10880,2846472.0,CALL,2026-05-08,395.0,2511,34.574,0.523087566,0.058415599,-1.554440759,0.078537851,1,100.0,US.GOOG,4.8,4.8,1.38,3.8049,0.0007589172780167249,4789454800000.0,"成交额 $2,846,472 ≥ 阈值 $500,000 | 成交量 10,880 手",US.GOOG,2026-05-08 06:23:03
US.GOOG260821C430000,GOOG 260821 430.00C,395.3,1396,2395722.0,CALL,2026-08-21,430.0,458,34.3,0.379905573,0.005212719,-0.144780219,0.810644198,106,100.0,US.GOOG,17.55,18.0,15.95,17.525,-0.08778143182393117,4789454800000.0,"成交额 $2,395,722 ≥ 阈值 $500,000 | 成交量 1,396 手",US.GOOG,2026-05-08 06:23:03
US.GOOG260618C375000,GOOG 260618 375.00C,395.3,678,2028732.0,CALL,2026-06-18,375.0,20659,31.752,0.719955178,0.007915396,-0.197129982,0.450872123,42,100.0,US.GOOG,30.45,30.45,26.3,29.7836,0.051353402479129805,4789454800000.0,"成交额 $2,028,732 ≥ 阈值 $500,000 | 成交量 678 手",US.GOOG,2026-05-08 06:23:03
US.GOOG260618C400000,GOOG 260618 400.00C,395.3,1451,2003380.0,CALL,2026-06-18,400.0,12012,30.764,0.491586984,0.009679067,-0.215179555,0.534247503,42,100.0,US.GOOG,15.45,15.95,12.45,15.05,-0.011889704022261544,4789454800000.0,"成交额 $2,003,380 ≥ 阈值 $500,000 | 成交量 1,451 手",US.GOOG,2026-05-08 06:23:03
US.GOOG260821P380000,GOOG 260821 380.00P,395.3,841,1780956.0,PUT,2026-08-21,380.0,249,35.097,-0.363328591,0.005080828,-0.118736943,0.79727299,106,100.0,US.GOOG,20.5,21.69,20.45,20.4595,-0.03870478117885153,4789454800000.0,"成交额 $1,780,956 ≥ 阈值 $500,000 | 成交量 841 手",US.GOOG,2026-05-08 06:23:03
US.GOOG260515C395000,GOOG 260515 395.00C,395.3,2214,1460582.0,CALL,2026-05-15,395.0,5805,29.273,0.522927724,0.023382336,-0.463392876,0.231746888,8,100.0,US.GOOG,7.69,8.15,4.9,7.5281,0.0007589172780167249,4789454800000.0,"成交额 $1,460,582 ≥ 阈值 $500,000 | 成交量 2,214 手",US.GOOG,2026-05-08 06:23:03
US.GOOG260522C345000,GOOG 260522 345.00C,395.3,283,1398744.0,CALL,2026-05-22,345.0,245,36.64,0.970958534,0.002262622,-0.095686171,0.052923479,15,100.0,US.GOOG,51.75,52.5,48.33,51.8024,0.12724513028079942,4789454800000.0,"成交额 $1,398,744 ≥ 阈值 $500,000 | 成交量 283 手",US.GOOG,2026-05-08 06:23:03
US.GOOG260508C397500,GOOG 260508 397.50C,395.3,7760,1292390.0,CALL,2026-05-08,397.5,879,33.761,0.376107749,0.057008861,-1.437996821,0.074841627,1,100.0,US.GOOG,3.3,3.3,0.83,2.7,-0.005565393372122409,4789454800000.0,"成交额 $1,292,390 ≥ 阈值 $500,000 | 成交量 7,760 手",US.GOOG,2026-05-08 06:23:03
US.GOOG260522C347500,GOOG 260522 347.50C,395.3,267,1252963.0,CALL,2026-05-22,347.5,2,36.653,0.963828597,0.002710935,-0.108521167,0.063422303,15,100.0,US.GOOG,47.46,47.51,45.98,49.3857,0.12092081963066029,4789454800000.0,"成交额 $1,252,963 ≥ 阈值 $500,000 | 成交量 267 手",US.GOOG,2026-05-08 06:23:03
US.GOOG260522C350000,GOOG 260522 350.00C,395.3,268,1210056.0,CALL,2026-05-22,350.0,1090,38.269,0.948617723,0.003447413,-0.138224008,0.084193236,15,100.0,US.GOOG,45.76,45.9,43.49,46.969,0.11459650898052115,4789454800000.0,"成交额 $1,210,056 ≥ 阈值 $500,000 | 成交量 268 手",US.GOOG,2026-05-08 06:23:03
US.GOOG260618C385000,GOOG 260618 385.00C,395.3,525,1174472.0,CALL,2026-06-18,385.0,2540,30.704,0.635340433,0.009136437,-0.208271622,0.50329221,42,100.0,US.GOOG,24.0,24.0,19.88,23.087,0.026056159878573265,4789454800000.0,"成交额 $1,174,472 ≥ 阈值 $500,000 | 成交量 525 手",US.GOOG,2026-05-08 06:23:03
US.GOOG260515C400000,GOOG 260515 400.00C,395.3,2532,1128663.0,CALL,2026-05-15,400.0,4806,29.215,0.407117365,0.0228286,-0.445542836,0.225801762,8,100.0,US.GOOG,6.02,6.02,3.25,5.175,-0.011889704022261544,4789454800000.0,"成交额 $1,128,663 ≥ 阈值 $500,000 | 成交量 2,532 手",US.GOOG,2026-05-08 06:23:03
US.GOOG260508C400000,GOOG 260508 400.00C,395.3,10500,1116983.0,CALL,2026-05-08,400.0,8550,34.12,0.248072417,0.047035001,-1.196940098,0.062395914,1,100.0,US.GOOG,2.32,2.32,0.45,1.88,-0.011889704022261544,4789454800000.0,"成交额 $1,116,983 ≥ 阈值 $500,000 | 成交量 10,500 手",US.GOOG,2026-05-08 06:23:03
US.GOOG260918C370000,GOOG 260918 370.00C,395.3,228,1108343.0,CALL,2026-09-18,370.0,941,34.676,0.68567672,0.004274645,-0.132402143,0.849723888,134,100.0,US.GOOG,49.39,49.39,46.5,49.6515,0.06400202377940807,4789454800000.0,"成交额 $1,108,343 ≥ 阈值 $500,000 | 成交量 228 手",US.GOOG,2026-05-08 06:23:03
US.GOOG260522C352500,GOOG 260522 352.50C,395.3,237,1013388.0,CALL,2026-05-22,352.5,2,35.858,0.949295457,0.003640552,-0.130792903,0.083307295,15,100.0,US.GOOG,42.79,43.35,42.62,44.579,0.10827219833038201,4789454800000.0,"成交额 $1,013,388 ≥ 阈值 $500,000 | 成交量 237 手",US.GOOG,2026-05-08 06:23:03
US.GOOG260618C445000,GOOG 260618 445.00C,395.3,3582,987884.0,CALL,2026-06-18,445.0,2162,30.762,0.148278354,0.005614985,-0.119038062,0.309790312,42,100.0,US.GOOG,3.0,3.0,2.55,2.8695,-0.12572729572476596,4789454800000.0,"成交额 $987,884 ≥ 阈值 $500,000 | 成交量 3,582 手",US.GOOG,2026-05-08 06:23:03
US.GOOG260529P400000,GOOG 260529 400.00P,395.3,558,837671.0,PUT,2026-05-29,400.0,11,29.337,-0.541436536,0.014098054,-0.240238349,0.383566018,22,100.0,US.GOOG,14.5,15.17,14.5,13.9795,0.011889704022261544,4789454800000.0,"成交额 $837,671 ≥ 阈值 $500,000 | 成交量 558 手",US.GOOG,2026-05-08 06:23:03
US.GOOG260508C390000,GOOG 260508 390.00C,395.3,1483,812815.0,CALL,2026-05-08,390.0,2494,36.006,0.778019037,0.041915489,-1.206185678,0.058678229,1,100.0,US.GOOG,8.15,8.15,3.45,6.9378,0.013407538578294994,4789454800000.0,"成交额 $812,815 ≥ 阈值 $500,000 | 成交量 1,483 手",US.GOOG,2026-05-08 06:23:03
US.GOOG260717C400000,GOOG 260717 400.00C,395.3,395,790219.0,CALL,2026-07-17,400.0,4384,31.169,0.513654102,0.007341634,-0.17143944,0.69467862,71,100.0,US.GOOG,21.92,21.92,18.2,21.219,-0.011889704022261544,4789454800000.0,"成交额 $790,219 ≥ 阈值 $500,000 | 成交量 395 手",US.GOOG,2026-05-08 06:23:03
US.GOOG260508P392500,GOOG 260508 392.50P,395.3,3041,781271.0,PUT,2026-05-08,392.5,555,35.609,-0.339454728,0.052158794,-1.433543025,0.072201462,1,100.0,US.GOOG,1.23,4.1,1.23,2.49,-0.0070832279281558596,4789454800000.0,"成交额 $781,271 ≥ 阈值 $500,000 | 成交量 3,041 手",US.GOOG,2026-05-08 06:23:03
US.GOOG260618C395000,GOOG 260618 395.00C,395.3,423,700716.0,CALL,2026-06-18,395.0,1417,30.651,0.539653057,0.00966902,-0.21521925,0.531725388,42,100.0,US.GOOG,17.89,17.95,15.0,17.4041,0.0007589172780167249,4789454800000.0,"成交额 $700,716 ≥ 阈值 $500,000 | 成交量 423 手",US.GOOG,2026-05-08 06:23:03
US.GOOG260508C392500,GOOG 260508 392.50C,395.3,1836,676220.0,CALL,2026-05-08,392.5,2512,36.159,0.658410741,0.051478098,-1.498231201,0.072378949,1,100.0,US.GOOG,5.99,5.99,2.09,5.2467,0.0070832279281558596,4789454800000.0,"成交额 $676,220 ≥ 阈值 $500,000 | 成交量 1,836 手",US.GOOG,2026-05-08 06:23:03
US.GOOG260821C440000,GOOG 260821 440.00C,395.3,464,667277.0,CALL,2026-08-21,440.0,565,34.103,0.332248736,0.005000603,-0.136355526,0.773145172,106,100.0,US.GOOG,14.7,14.7,13.11,14.425,-0.1130786744244877,4789454800000.0,"成交额 $667,277 ≥ 阈值 $500,000 | 成交量 464 手",US.GOOG,2026-05-08 06:23:03
US.GOOG260717C395000,GOOG 260717 395.00C,395.3,272,609506.0,CALL,2026-07-17,395.0,789,31.251,0.550063811,0.00726896,-0.171924336,0.689604704,71,100.0,US.GOOG,24.15,24.15,20.53,23.7934,0.0007589172780167249,4789454800000.0,"成交额 $609,506 ≥ 阈值 $500,000 | 成交量 272 手",US.GOOG,2026-05-08 06:23:03
US.GOOG260515C390000,GOOG 260515 390.00C,395.3,644,597074.0,CALL,2026-05-15,390.0,2951,29.648,0.6365393,0.021756932,-0.446137501,0.218385611,8,100.0,US.GOOG,11.0,11.0,7.23,10.3859,0.013407538578294994,4789454800000.0,"成交额 $597,074 ≥ 阈值 $500,000 | 成交量 644 手",US.GOOG,2026-05-08 06:23:03
US.GOOG260529C395000,GOOG 260529 395.00C,395.3,515,591832.0,CALL,2026-05-29,395.0,1003,30.292,0.530622489,0.0135585,-0.289182091,0.385223223,22,100.0,US.GOOG,12.64,13.35,10.03,12.5302,0.0007589172780167249,4789454800000.0,"成交额 $591,832 ≥ 阈值 $500,000 | 成交量 515 手",US.GOOG,2026-05-08 06:23:03
US.GOOG260821C400000,GOOG 260821 400.00C,395.3,205,580757.0,CALL,2026-08-21,400.0,1909,34.512,0.534386336,0.005408393,-0.156436024,0.846325963,106,100.0,US.GOOG,30.0,30.0,26.7,29.247,-0.011889704022261544,4789454800000.0,"成交额 $580,757 ≥ 阈值 $500,000 | 成交量 205 手",US.GOOG,2026-05-08 06:23:03
US.GOOG261016P365000,GOOG 261016 365.00P,395.3,278,570017.0,PUT,2026-10-16,365.0,87,35.213,-0.303440681,0.003817667,-0.088424911,0.917833146,162,100.0,US.GOOG,20.5,21.0,20.2,20.0746,-0.07665064507968634,4789454800000.0,"成交额 $570,017 ≥ 阈值 $500,000 | 成交量 278 手",US.GOOG,2026-05-08 06:23:03
US.GOOG260522C375000,GOOG 260522 375.00C,395.3,245,562048.0,CALL,2026-05-22,375.0,1051,33.679,0.796855412,0.010502644,-0.285948855,0.225713088,15,100.0,US.GOOG,22.3,23.19,21.07,24.4743,0.051353402479129805,4789454800000.0,"成交额 $562,048 ≥ 阈值 $500,000 | 成交量 245 手",US.GOOG,2026-05-08 06:23:03
US.GOOG260515P377500,GOOG 260515 377.50P,395.3,3134,547783.0,PUT,2026-05-15,377.5,58,31.656,-0.151916717,0.012769549,-0.268156915,0.136743478,8,100.0,US.GOOG,1.8,1.87,1.54,1.673,-0.04502909182899067,4789454800000.0,"成交额 $547,783 ≥ 阈值 $500,000 | 成交量 3,134 手",US.GOOG,2026-05-08 06:23:03
US.GOOG260515P392500,GOOG 260515 392.50P,395.3,885,547213.0,PUT,2026-05-15,392.5,227,29.121,-0.419195972,0.023109571,-0.416609632,0.227229085,8,100.0,US.GOOG,5.0,7.5,5.0,5.675,-0.0070832279281558596,4789454800000.0,"成交额 $547,213 ≥ 阈值 $500,000 | 成交量 885 手",US.GOOG,2026-05-08 06:23:03
US.GOOG260618C380000,GOOG 260618 380.00C,395.3,217,541036.0,CALL,2026-06-18,380.0,9151,31.361,0.678673307,0.008527631,-0.204706104,0.479794975,42,100.0,US.GOOG,25.75,26.0,23.1,26.2547,0.03870478117885153,4789454800000.0,"成交额 $541,036 ≥ 阈值 $500,000 | 成交量 217 手",US.GOOG,2026-05-08 06:23:03
US.GOOG261016C440000,GOOG 261016 440.00C,395.3,261,538257.0,CALL,2026-10-16,440.0,306,34.105,0.387124617,0.004263846,-0.119426925,1.007933074,162,100.0,US.GOOG,20.71,21.25,19.4,21.1131,-0.1130786744244877,4789454800000.0,"成交额 $538,257 ≥ 阈值 $500,000 | 成交量 261 手",US.GOOG,2026-05-08 06:23:03
US.GOOG260618P330000,GOOG 260618 330.00P,395.3,3208,522106.0,PUT,2026-06-18,330.0,2611,37.925,-0.06683424,0.002550424,-0.075601273,0.173438123,42,100.0,US.GOOG,1.65,1.75,1.56,1.585,-0.16519099418163422,4789454800000.0,"成交额 $522,106 ≥ 阈值 $500,000 | 成交量 3,208 手",US.GOOG,2026-05-08 06:23:03
US.GS261016P865000,GS 261016 865.00P,925.87,325,1472367.0,PUT,2026-10-16,865.0,105,33.312,-0.316570875,0.001758242,-0.197701372,2.188866159,162,100.0,US.GS,44.28,47.54,44.14,44.5901,-0.06574357091168306,273138520881.27,"成交额 $1,472,367 ≥ 阈值 $500,000 | 成交量 325 手",US.GS,2026-05-08 06:24:21
US.GS261016P800000,GS 261016 800.00P,925.87,533,1448515.0,PUT,2026-10-16,800.0,154,34.554,-0.208636542,0.001357044,-0.170287517,1.767327363,162,100.0,US.GS,27.35,28.8,27.1,26.8752,-0.13594781124779937,273138520881.27,"成交额 $1,448,515 ≥ 阈值 $500,000 | 成交量 533 手",US.GS,2026-05-08 06:24:21
US.GS260918P865000,GS 260918 865.00P,925.87,361,1395723.0,PUT,2026-09-18,865.0,174,32.848,-0.309394437,0.001936126,-0.215175856,1.971813713,134,100.0,US.GS,37.38,40.76,37.38,37.4584,-0.06574357091168306,273138520881.27,"成交额 $1,395,723 ≥ 阈值 $500,000 | 成交量 361 手",US.GS,2026-05-08 06:24:21
US.GWW260717C1080000,GWW 260717 1080.00C,1234.1,201,3833101.0,CALL,2026-07-17,1080.0,984,24.071,0.915742237,0.001180651,-0.238763164,0.840340773,71,100.0,US.GWW,186.0,196.1,185.5,112.1748,0.12486832509521102,58409934488.5,"成交额 $3,833,101 ≥ 阈值 $500,000 | 成交量 201 手",US.GWW,2026-05-08 06:24:23
US.GWW260515C1240000,GWW 260515 1240.00C,1234.1,449,1288088.0,CALL,2026-05-15,1240.0,327,22.992,0.459912996,0.009503403,-1.137911761,0.721025867,8,100.0,US.GWW,37.5,37.5,17.3,6.6561,-0.00478081192772068,58409934488.5,"成交额 $1,288,088 ≥ 阈值 $500,000 | 成交量 449 手",US.GWW,2026-05-08 06:24:23
US.HD260515P380000,HD 260515 380.00P,322.64,1882,10520930.0,PUT,2026-05-15,380.0,343,0.0,0.0,0.0,0.0,0.0,8,100.0,US.HD,56.65,56.65,54.94,56.95,0.17778328787503103,321358363577.12,"成交额 $10,520,930 ≥ 阈值 $500,000 | 成交量 1,882 手",US.HD,2026-05-08 06:25:43
US.HD260515P370000,HD 260515 370.00P,322.64,1290,5926850.0,PUT,2026-05-15,370.0,175,0.0,0.0,0.0,0.0,0.0,8,100.0,US.HD,46.65,46.65,44.95,46.95,0.1467889908256881,321358363577.12,"成交额 $5,926,850 ≥ 阈值 $500,000 | 成交量 1,290 手",US.HD,2026-05-08 06:25:43
US.HD260515P375000,HD 260515 375.00P,322.64,250,1272800.0,PUT,2026-05-15,375.0,42,0.0,0.0,0.0,0.0,0.0,8,100.0,US.HD,51.7,51.7,49.95,51.95,0.16228613935035957,321358363577.12,"成交额 $1,272,800 ≥ 阈值 $500,000 | 成交量 250 手",US.HD,2026-05-08 06:25:43
US.HD260515P360000,HD 260515 360.00P,322.64,200,734000.0,PUT,2026-05-15,360.0,632,0.0,0.0,0.0,0.0,0.0,8,100.0,US.HD,36.7,36.7,36.7,36.95,0.1157946937763452,321358363577.12,"成交额 $734,000 ≥ 阈值 $500,000 | 成交量 200 手",US.HD,2026-05-08 06:25:43
US.HII260717C330000,HII 260717 330.00C,314.72,412,596959.0,CALL,2026-07-17,330.0,61,34.278,0.424126332,0.008237742,-0.143734119,0.543342983,71,100.0,US.HII,15.5,15.5,13.53,16.25,-0.04855109303507871,12401236006.88,"成交额 $596,959 ≥ 阈值 $500,000 | 成交量 412 手",US.HII,2026-05-08 06:26:21
US.HON260618C220000,HON 260618 220.00C,216.07,993,575938.0,CALL,2026-06-18,220.0,3088,23.988,0.448442247,0.02252525,-0.092481157,0.289632895,42,100.0,US.HON,6.55,6.55,5.5,6.4,-0.018188550006942226,136913429422.33,"成交额 $575,938 ≥ 阈值 $500,000 | 成交量 993 手",US.HON,2026-05-08 06:27:00
US.HOOD260515P140000,HOOD 260515 140.00P,76.28,1493,9435760.0,PUT,2026-05-15,140.0,3762,208.376,-0.967656679,0.003350405,-0.087464215,0.008085682,8,100.0,US.HOOD,63.2,63.2,63.2,60.95,0.8353434714210802,68690525747.96,"成交额 $9,435,760 ≥ 阈值 $500,000 | 成交量 1,493 手",US.HOOD,2026-05-08 06:27:03
US.HOOD260508P130000,HOOD 260508 130.00P,76.28,420,2265900.0,PUT,2026-05-08,130.0,0,564.958,-0.960017834,0.004019394,-0.940645965,0.003278347,1,100.0,US.HOOD,53.95,53.95,53.95,50.95,0.7042475091767173,68690525747.96,"成交额 $2,265,900 ≥ 阈值 $500,000 | 成交量 420 手",US.HOOD,2026-05-08 06:27:03
US.HOOD260515P130000,HOOD 260515 130.00P,76.28,420,2234400.0,PUT,2026-05-15,130.0,300,190.261,-0.962506187,0.004084067,-0.091894355,0.00913634,8,100.0,US.HOOD,53.2,53.2,53.2,50.95,0.7042475091767173,68690525747.96,"成交额 $2,234,400 ≥ 阈值 $500,000 | 成交量 420 手",US.HOOD,2026-05-08 06:27:03
US.HOOD260508P110000,HOOD 260508 110.00P,76.28,470,1595650.0,PUT,2026-05-08,110.0,0,420.488,-0.94951756,0.006510356,-0.856914084,0.003955216,1,100.0,US.HOOD,33.95,33.95,33.95,30.95,0.4420555846879916,68690525747.96,"成交额 $1,595,650 ≥ 阈值 $500,000 | 成交量 470 手",US.HOOD,2026-05-08 06:27:03
US.HOOD260515P110000,HOOD 260515 110.00P,76.28,472,1566800.0,PUT,2026-05-15,110.0,262,156.257,-0.930822758,0.007787224,-0.131669121,0.014908789,8,100.0,US.HOOD,32.0,33.2,32.0,30.9611,0.4420555846879916,68690525747.96,"成交额 $1,566,800 ≥ 阈值 $500,000 | 成交量 472 手",US.HOOD,2026-05-08 06:27:03
US.HOOD261016C80000,HOOD 261016 80.00C,76.28,1077,1402228.0,CALL,2026-10-16,80.0,5371,61.404,0.550771864,0.012684615,-0.041245076,0.201035251,162,100.0,US.HOOD,13.15,13.2,11.2,13.2687,-0.048767697954902975,68690525747.96,"成交额 $1,402,228 ≥ 阈值 $500,000 | 成交量 1,077 手",US.HOOD,2026-05-08 06:27:03
US.HOOD260918C85000,HOOD 260918 85.00C,76.28,1558,1357062.0,CALL,2026-09-18,85.0,3310,60.748,0.47057527,0.014174889,-0.044530379,0.183819192,134,100.0,US.HOOD,9.7,9.7,8.25,10.1,-0.11431567907708441,68690525747.96,"成交额 $1,357,062 ≥ 阈值 $500,000 | 成交量 1,558 手",US.HOOD,2026-05-08 06:27:03
US.HOOD260508P115000,HOOD 260508 115.00P,76.28,320,1240000.0,PUT,2026-05-08,115.0,0,459.922,-0.952988002,0.005623837,-0.881715355,0.00373634,1,100.0,US.HOOD,38.75,38.75,38.75,35.95,0.5076035658101731,68690525747.96,"成交额 $1,240,000 ≥ 阈值 $500,000 | 成交量 320 手",US.HOOD,2026-05-08 06:27:03
US.HOOD260821C80000,HOOD 260821 80.00C,76.28,1368,1231256.0,CALL,2026-08-21,80.0,2601,61.2,0.52093449,0.015842534,-0.050502868,0.163696941,106,100.0,US.HOOD,10.65,10.7,8.6,10.5277,-0.048767697954902975,68690525747.96,"成交额 $1,231,256 ≥ 阈值 $500,000 | 成交量 1,368 手",US.HOOD,2026-05-08 06:27:03
US.HOOD260515P115000,HOOD 260515 115.00P,76.28,320,1222400.0,PUT,2026-05-15,115.0,223,166.92,-0.940058856,0.006560329,-0.12405716,0.013332778,8,100.0,US.HOOD,38.2,38.2,38.2,35.9547,0.5076035658101731,68690525747.96,"成交额 $1,222,400 ≥ 阈值 $500,000 | 成交量 320 手",US.HOOD,2026-05-08 06:27:03
US.HOOD260508P125000,HOOD 260508 125.00P,76.28,240,1174800.0,PUT,2026-05-08,125.0,0,558.868,-0.948665616,0.004962162,-1.153575737,0.004008456,1,100.0,US.HOOD,48.95,48.95,48.95,45.95,0.6386995280545359,68690525747.96,"成交额 $1,174,800 ≥ 阈值 $500,000 | 成交量 240 手",US.HOOD,2026-05-08 06:27:03
US.HOOD260515P125000,HOOD 260515 125.00P,76.28,240,1156800.0,PUT,2026-05-15,125.0,205,178.904,-0.960791482,0.004492151,-0.090026627,0.009476409,8,100.0,US.HOOD,48.2,48.2,48.2,45.95,0.6386995280545359,68690525747.96,"成交额 $1,156,800 ≥ 阈值 $500,000 | 成交量 240 手",US.HOOD,2026-05-08 06:27:03
US.HOOD260515P75000,HOOD 260515 75.00P,76.28,4724,916497.0,PUT,2026-05-15,75.0,14203,58.776,-0.402322552,0.058673779,-0.163626857,0.043438307,8,100.0,US.HOOD,1.45,2.5,1.32,1.385,-0.016780283167278462,68690525747.96,"成交额 $916,497 ≥ 阈值 $500,000 | 成交量 4,724 手",US.HOOD,2026-05-08 06:27:03
US.HOOD260918P65000,HOOD 260918 65.00P,76.28,1541,898279.0,PUT,2026-09-18,65.0,1912,63.339,-0.261392816,0.011167729,-0.033399511,0.150219741,134,100.0,US.HOOD,5.4,5.84,5.3,5.2,-0.14787624541164132,68690525747.96,"成交额 $898,279 ≥ 阈值 $500,000 | 成交量 1,541 手",US.HOOD,2026-05-08 06:27:03
US.HOOD260508C77000,HOOD 260508 77.00C,76.28,6193,854154.0,CALL,2026-05-08,77.0,7542,78.863,0.414200705,0.129817964,-0.662551808,0.014832042,1,100.0,US.HOOD,2.7,2.85,0.65,2.882,-0.009438909281594111,68690525747.96,"成交额 $854,154 ≥ 阈值 $500,000 | 成交量 6,193 手",US.HOOD,2026-05-08 06:27:03
US.HOOD260618C70000,HOOD 260618 70.00C,76.28,789,779675.0,CALL,2026-06-18,70.0,17228,58.701,0.709676309,0.022572064,-0.066759494,0.088520426,42,100.0,US.HOOD,11.25,11.26,9.3,12.0381,0.0823282642894599,68690525747.96,"成交额 $779,675 ≥ 阈值 $500,000 | 成交量 789 手",US.HOOD,2026-05-08 06:27:03
US.HOOD260508P77000,HOOD 260508 77.00P,76.28,7216,771831.0,PUT,2026-05-08,77.0,4839,77.977,-0.586995995,0.131241113,-0.647159027,0.014821471,1,100.0,US.HOOD,0.83,2.21,0.69,0.81,0.009438909281594111,68690525747.96,"成交额 $771,831 ≥ 阈值 $500,000 | 成交量 7,216 手",US.HOOD,2026-05-08 06:27:03
US.HOOD260618C80000,HOOD 260618 80.00C,76.28,1501,761440.0,CALL,2026-06-18,80.0,10222,58.403,0.452045057,0.026236273,-0.074725524,0.102369545,42,100.0,US.HOOD,6.05,6.4,4.3,6.15,-0.048767697954902975,68690525747.96,"成交额 $761,440 ≥ 阈值 $500,000 | 成交量 1,501 手",US.HOOD,2026-05-08 06:27:03
US.HOOD260515P77000,HOOD 260515 77.00P,76.28,2376,690849.0,PUT,2026-05-15,77.0,123,59.828,-0.521781379,0.059383553,-0.170845418,0.044717173,8,100.0,US.HOOD,2.08,3.51,2.06,2.07,0.009438909281594111,68690525747.96,"成交额 $690,849 ≥ 阈值 $500,000 | 成交量 2,376 手",US.HOOD,2026-05-08 06:27:03
US.HOOD260515C80000,HOOD 260515 80.00C,76.28,3877,684051.0,CALL,2026-05-15,80.0,11727,61.118,0.317217821,0.051918438,-0.16050557,0.040005452,8,100.0,US.HOOD,2.49,2.69,1.15,2.65,-0.048767697954902975,68690525747.96,"成交额 $684,051 ≥ 阈值 $500,000 | 成交量 3,877 手",US.HOOD,2026-05-08 06:27:03
US.HOOD260717C80000,HOOD 260717 80.00C,76.28,943,655475.0,CALL,2026-07-17,80.0,3395,57.701,0.48715585,0.020553392,-0.057809511,0.134059368,71,100.0,US.HOOD,8.08,8.25,6.2,8.175,-0.048767697954902975,68690525747.96,"成交额 $655,475 ≥ 阈值 $500,000 | 成交量 943 手",US.HOOD,2026-05-08 06:27:03
US.HOOD260515C78000,HOOD 260515 78.00C,76.28,2371,515927.0,CALL,2026-05-15,78.0,1082,60.525,0.421968474,0.057575574,-0.176427881,0.043934981,8,100.0,US.HOOD,3.7,3.7,1.75,3.6377,-0.022548505506030398,68690525747.96,"成交额 $515,927 ≥ 阈值 $500,000 | 成交量 2,371 手",US.HOOD,2026-05-08 06:27:03
US.HST260618P20000,HST 260618 20.00P,21.67,22660,679769.0,PUT,2026-06-18,20.0,34,32.832,-0.208679434,0.119359789,-0.007850379,0.021063599,42,100.0,US.HST,0.3,0.35,0.28,0.2752,-0.07706506691278273,,"成交额 $679,769 ≥ 阈值 $500,000 | 成交量 22,660 手",US.HST,2026-05-08 06:28:23
US.HWM260618C260000,HWM 260618 260.00C,272.54,874,1601882.0,CALL,2026-06-18,260.0,1291,33.666,0.693801243,0.011285877,-0.147729042,0.324013546,42,100.0,US.HWM,23.2,26.05,17.6,13.25,0.04601159462831151,109210472824.78,"成交额 $1,601,882 ≥ 阈值 $500,000 | 成交量 874 手",US.HWM,2026-05-08 06:29:41
US.HWM260618C270000,HWM 260618 270.00C,272.54,753,1253319.0,CALL,2026-06-18,270.0,806,35.639,0.568514359,0.011942043,-0.169271165,0.362969505,42,100.0,US.HWM,18.0,20.9,11.8,9.7,0.00931973288324657,109210472824.78,"成交额 $1,253,319 ≥ 阈值 $500,000 | 成交量 753 手",US.HWM,2026-05-08 06:29:41
US.HWM260618C240000,HWM 260618 240.00C,272.54,316,1139374.0,CALL,2026-06-18,240.0,424,36.376,0.870159293,0.006291967,-0.104834703,0.1951411,42,100.0,US.HWM,37.2,41.0,35.86,25.2937,0.1193953181184414,109210472824.78,"成交额 $1,139,374 ≥ 阈值 $500,000 | 成交量 316 手",US.HWM,2026-05-08 06:29:41
US.HWM260618C290000,HWM 260618 290.00C,272.54,1485,788874.0,CALL,2026-06-18,290.0,899,32.306,0.317661222,0.011949368,-0.135466403,0.329191634,42,100.0,US.HWM,7.51,8.66,5.28,4.3485,-0.06406399060688331,109210472824.78,"成交额 $788,874 ≥ 阈值 $500,000 | 成交量 1,485 手",US.HWM,2026-05-08 06:29:41
US.HWM260508C250000,HWM 260508 250.00C,272.54,304,626323.0,CALL,2026-05-08,250.0,357,0.0,0.0,0.0,0.0,0.0,1,100.0,US.HWM,27.4,27.4,19.44,12.9622,0.08270345637337645,109210472824.78,"成交额 $626,323 ≥ 阈值 $500,000 | 成交量 304 手",US.HWM,2026-05-08 06:29:41
US.IBM260618C165000,IBM 260618 165.00C,231.31,450,2908375.0,CALL,2026-06-18,165.0,77,0.0,0.0,0.0,0.0,0.0,42,100.0,US.IBM,63.95,64.9,63.95,60.828,0.2866715662963123,217404864116.8,"成交额 $2,908,375 ≥ 阈值 $500,000 | 成交量 450 手",US.IBM,2026-05-08 06:30:21
US.IBM260821C260000,IBM 260821 260.00C,231.31,3658,2720997.0,CALL,2026-08-21,260.0,440,32.782,0.30366297,0.008558656,-0.073793525,0.435524877,106,100.0,US.IBM,6.0,7.6,6.0,5.825,-0.1240326834118715,217404864116.8,"成交额 $2,720,997 ≥ 阈值 $500,000 | 成交量 3,658 手",US.IBM,2026-05-08 06:30:21
US.IBM260515C200000,IBM 260515 200.00C,231.31,653,1936500.0,CALL,2026-05-15,200.0,64,0.0,0.0,0.0,0.0,0.0,8,100.0,US.IBM,29.8,30.25,29.15,25.8049,0.13535947429856038,217404864116.8,"成交额 $1,936,500 ≥ 阈值 $500,000 | 成交量 653 手",US.IBM,2026-05-08 06:30:21
US.IBM260508C220000,IBM 260508 220.00C,231.31,1795,1813624.0,CALL,2026-05-08,220.0,177,0.0,0.0,0.0,0.0,0.0,1,100.0,US.IBM,8.5,11.0,7.9,6.068,0.04889542172841642,217404864116.8,"成交额 $1,813,624 ≥ 阈值 $500,000 | 成交量 1,795 手",US.IBM,2026-05-08 06:30:21
US.IBM260515C180000,IBM 260515 180.00C,231.31,310,1540985.0,CALL,2026-05-15,180.0,29,0.0,0.0,0.0,0.0,0.0,8,100.0,US.IBM,49.35,50.47,49.03,45.8032,0.22182352686870435,217404864116.8,"成交额 $1,540,985 ≥ 阈值 $500,000 | 成交量 310 手",US.IBM,2026-05-08 06:30:21
US.IBM260515C215000,IBM 260515 215.00C,231.31,797,1536291.0,CALL,2026-05-15,215.0,80,0.0,0.0,0.0,0.0,0.0,8,100.0,US.IBM,14.0,16.0,14.0,11.355,0.0705114348709524,217404864116.8,"成交额 $1,536,291 ≥ 阈值 $500,000 | 成交量 797 手",US.IBM,2026-05-08 06:30:21
US.IBM260515C235000,IBM 260515 235.00C,231.31,6656,1431167.0,CALL,2026-05-15,235.0,1073,28.53,0.368046962,0.038799291,-0.246289836,0.128326404,8,100.0,US.IBM,1.86,2.8,1.6,1.52,-0.01595261769919155,217404864116.8,"成交额 $1,431,167 ≥ 阈值 $500,000 | 成交量 6,656 手",US.IBM,2026-05-08 06:30:21
US.IBM260515C195000,IBM 260515 195.00C,231.31,410,1422900.0,CALL,2026-05-15,195.0,41,0.0,0.0,0.0,0.0,0.0,8,100.0,US.IBM,34.35,35.45,34.02,30.8045,0.15697548744109638,217404864116.8,"成交额 $1,422,900 ≥ 阈值 $500,000 | 成交量 410 手",US.IBM,2026-05-08 06:30:21
US.IBM260508C225000,IBM 260508 225.00C,231.31,2589,1373591.0,CALL,2026-05-08,225.0,851,0.0,0.0,0.0,0.0,0.0,1,100.0,US.IBM,3.99,6.2,3.5,2.6456,0.02727940858588043,217404864116.8,"成交额 $1,373,591 ≥ 阈值 $500,000 | 成交量 2,589 手",US.IBM,2026-05-08 06:30:21
US.IBM260515C190000,IBM 260515 190.00C,231.31,345,1369725.0,CALL,2026-05-15,190.0,35,0.0,0.0,0.0,0.0,0.0,8,100.0,US.IBM,39.35,40.58,39.03,35.804,0.17859150058363235,217404864116.8,"成交额 $1,369,725 ≥ 阈值 $500,000 | 成交量 345 手",US.IBM,2026-05-08 06:30:21
US.IBM260508C215000,IBM 260508 215.00C,231.31,842,1310869.0,CALL,2026-05-08,215.0,74,0.0,0.0,0.0,0.0,0.0,1,100.0,US.IBM,13.49,16.02,13.49,10.8403,0.0705114348709524,217404864116.8,"成交额 $1,310,869 ≥ 阈值 $500,000 | 成交量 842 手",US.IBM,2026-05-08 06:30:21
US.IBM260618C180000,IBM 260618 180.00C,231.31,260,1300075.0,CALL,2026-06-18,180.0,62,0.0,0.0,0.0,0.0,0.0,42,100.0,US.IBM,49.75,50.3,49.7,46.0422,0.22182352686870435,217404864116.8,"成交额 $1,300,075 ≥ 阈值 $500,000 | 成交量 260 手",US.IBM,2026-05-08 06:30:21
US.IBM260515C185000,IBM 260515 185.00C,231.31,230,1028700.0,CALL,2026-05-15,185.0,21,0.0,0.0,0.0,0.0,0.0,8,100.0,US.IBM,44.35,45.53,44.07,40.8036,0.20020751372616835,217404864116.8,"成交额 $1,028,700 ≥ 阈值 $500,000 | 成交量 230 手",US.IBM,2026-05-08 06:30:21
US.IBM260515C205000,IBM 260515 205.00C,231.31,355,876150.0,CALL,2026-05-15,205.0,36,0.0,0.0,0.0,0.0,0.0,8,100.0,US.IBM,24.35,25.3,24.0,20.811,0.11374346115602439,217404864116.8,"成交额 $876,150 ≥ 阈值 $500,000 | 成交量 355 手",US.IBM,2026-05-08 06:30:21
US.IBM260508C210000,IBM 260508 210.00C,231.31,411,807496.0,CALL,2026-05-08,210.0,41,0.0,0.0,0.0,0.0,0.0,1,100.0,US.IBM,18.96,20.15,18.96,15.8198,0.0921274480134884,217404864116.8,"成交额 $807,496 ≥ 阈值 $500,000 | 成交量 411 手",US.IBM,2026-05-08 06:30:21
US.IBM260515C240000,IBM 260515 240.00C,231.31,6734,704026.0,CALL,2026-05-15,240.0,5665,30.626,0.218290145,0.02826668,-0.201013786,0.100338675,8,100.0,US.IBM,0.91,1.49,0.77,0.815,-0.03756863084172754,217404864116.8,"成交额 $704,026 ≥ 阈值 $500,000 | 成交量 6,734 手",US.IBM,2026-05-08 06:30:21
US.IBM260515C210000,IBM 260515 210.00C,231.31,345,679500.0,CALL,2026-05-15,210.0,34,0.0,0.0,0.0,0.0,0.0,8,100.0,US.IBM,19.35,20.5,19.1,15.8766,0.0921274480134884,217404864116.8,"成交额 $679,500 ≥ 阈值 $500,000 | 成交量 345 手",US.IBM,2026-05-08 06:30:21
US.IBM260508C205000,IBM 260508 205.00C,231.31,235,579675.0,CALL,2026-05-08,205.0,22,0.0,0.0,0.0,0.0,0.0,1,100.0,US.IBM,24.55,25.15,24.03,20.8173,0.11374346115602439,217404864116.8,"成交额 $579,675 ≥ 阈值 $500,000 | 成交量 235 手",US.IBM,2026-05-08 06:30:21
US.INTU260618P750000,INTU 260618 750.00P,406.78,420,14334600.0,PUT,2026-06-18,750.0,80,100.512,-0.959100658,0.000926848,-0.109603845,0.11642688,42,100.0,US.INTU,342.5,342.5,340.1,361.45,0.8437484635429472,112495009000.0,"成交额 $14,334,600 ≥ 阈值 $500,000 | 成交量 420 手",US.INTU,2026-05-08 06:31:41
US.INTU260618P660000,INTU 260618 660.00P,406.78,380,9609080.0,PUT,2026-06-18,660.0,75,72.694,-0.986984395,0.001080665,-0.023683156,0.040549785,42,100.0,US.INTU,252.7,253.06,252.7,271.45,0.6224986479177935,112495009000.0,"成交额 $9,609,080 ≥ 阈值 $500,000 | 成交量 380 手",US.INTU,2026-05-08 06:31:41
US.INTU260522P405000,INTU 260522 405.00P,406.78,666,1451205.0,PUT,2026-05-22,405.0,34,78.387,-0.454075931,0.006157617,-0.852126258,0.325729597,15,100.0,US.INTU,21.7,25.72,21.44,31.4062,-0.004375829686808528,112495009000.0,"成交额 $1,451,205 ≥ 阈值 $500,000 | 成交量 666 手",US.INTU,2026-05-08 06:31:41
US.INTU260618C420000,INTU 260618 420.00C,406.78,408,1089408.0,CALL,2026-06-18,420.0,1116,60.948,0.487505749,0.004746474,-0.419020696,0.549611256,42,100.0,US.INTU,26.28,28.45,26.28,18.85,-0.032499139584050415,112495009000.0,"成交额 $1,089,408 ≥ 阈值 $500,000 | 成交量 408 手",US.INTU,2026-05-08 06:31:41
US.INTU260618C440000,INTU 260618 440.00C,406.78,437,872254.0,CALL,2026-06-18,440.0,217,59.402,0.394132311,0.004699832,-0.391817127,0.530395075,42,100.0,US.INTU,16.8,21.6,16.8,13.3,-0.081665765278529,112495009000.0,"成交额 $872,254 ≥ 阈值 $500,000 | 成交量 437 手",US.INTU,2026-05-08 06:31:41
US.INTU260529P405000,INTU 260529 405.00P,406.78,223,532693.0,PUT,2026-05-29,405.0,2,67.407,-0.451900818,0.005907935,-0.595218608,0.394557613,22,100.0,US.INTU,23.7,28.3,23.63,35.3307,-0.004375829686808528,112495009000.0,"成交额 $532,693 ≥ 阈值 $500,000 | 成交量 223 手",US.INTU,2026-05-08 06:31:41
US.JBHT260515C210000,JBHT 260515 210.00C,242.19,545,1749450.0,CALL,2026-05-15,210.0,1060,46.015,0.984265531,0.002405321,-0.057029001,0.014073406,8,100.0,US.JBHT,32.1,32.1,32.1,36.3851,0.13291217639043726,22838323974.57,"成交额 $1,749,450 ≥ 阈值 $500,000 | 成交量 545 手",US.JBHT,2026-05-08 06:34:56
US.JBL260522P345000,JBL 260522 345.00P,349.6,4066,4877370.0,PUT,2026-05-22,345.0,2,47.32,-0.420593003,0.011717571,-0.431395393,0.276162958,15,100.0,US.JBL,8.17,15.5,8.17,5.822,-0.013157894736842169,36883716651.2,"成交额 $4,877,370 ≥ 阈值 $500,000 | 成交量 4,066 手",US.JBL,2026-05-08 06:34:58
US.JBL260522C340000,JBL 260522 340.00C,349.6,1970,3986231.0,CALL,2026-05-22,340.0,8,51.248,0.631187012,0.01041626,-0.485560246,0.266489719,15,100.0,US.JBL,23.99,23.99,16.5,38.0919,0.027459954233409675,36883716651.2,"成交额 $3,986,231 ≥ 阈值 $500,000 | 成交量 1,970 手",US.JBL,2026-05-08 06:34:58
US.JBL260508P360000,JBL 260508 360.00P,349.6,2431,2522733.0,PUT,2026-05-08,360.0,2270,67.673,-0.802122125,0.023599739,-1.789761821,0.048512594,1,100.0,US.JBL,7.6,15.37,5.5,2.5339,0.029748283752860344,36883716651.2,"成交额 $2,522,733 ≥ 阈值 $500,000 | 成交量 2,431 手",US.JBL,2026-05-08 06:34:58
US.JBL260508C350000,JBL 260508 350.00C,349.6,2753,1384477.0,CALL,2026-05-08,350.0,2700,65.086,0.493547133,0.035132513,-2.574114283,0.069583887,1,100.0,US.JBL,17.4,17.4,1.81,24.0739,-0.0011441647597253354,36883716651.2,"成交额 $1,384,477 ≥ 阈值 $500,000 | 成交量 2,753 手",US.JBL,2026-05-08 06:34:58
US.JBL260508P340000,JBL 260508 340.00P,349.6,4647,751506.0,PUT,2026-05-08,340.0,16,70.538,-0.208623865,0.023331915,-1.954375341,0.050077532,1,100.0,US.JBL,1.3,2.95,0.7,1.1628,-0.027459954233409675,36883716651.2,"成交额 $751,506 ≥ 阈值 $500,000 | 成交量 4,647 手",US.JBL,2026-05-08 06:34:58
US.JCI260618C115000,JCI 260618 115.00C,139.25,254,611378.0,CALL,2026-06-18,115.0,650,43.073,0.921115632,0.007237412,-0.045798955,0.069392487,42,100.0,US.JCI,24.07,24.07,24.07,29.0707,0.1741472172351885,84958597717.75,"成交额 $611,378 ≥ 阈值 $500,000 | 成交量 254 手",US.JCI,2026-05-08 06:35:00
US.JNJ260618C220000,JNJ 260618 220.00C,222.51,776,642150.0,CALL,2026-06-18,220.0,5897,18.399,0.610375793,0.02764956,-0.076703298,0.28917554,42,100.0,US.JNJ,8.71,8.85,6.72,8.6406,0.011280391892499173,535629848217.21,"成交额 $642,150 ≥ 阈值 $500,000 | 成交量 776 手",US.JNJ,2026-05-08 06:35:38
US.JNJ260618P220000,JNJ 260618 220.00P,222.51,1098,556463.0,PUT,2026-06-18,220.0,4843,24.534,-0.412869212,0.021272048,-0.077961586,0.292862416,42,100.0,US.JNJ,4.75,6.43,4.7,4.525,-0.011280391892499173,535629848217.21,"成交额 $556,463 ≥ 阈值 $500,000 | 成交量 1,098 手",US.JNJ,2026-05-08 06:35:38
US.JPM260515C315000,JPM 260515 315.00C,306.27,9076,1973485.0,CALL,2026-05-15,315.0,5079,24.5,0.229848577,0.02747977,-0.22119614,0.136791283,8,100.0,US.JPM,4.87,4.87,1.41,4.9318,-0.02850426094622398,820653961990.86,"成交额 $1,973,485 ≥ 阈值 $500,000 | 成交量 9,076 手",US.JPM,2026-05-08 06:36:16
US.JPM261016C315000,JPM 261016 315.00C,306.27,543,1044529.0,CALL,2026-10-16,315.0,261,24.652,0.503771684,0.007932962,-0.07562503,0.813731921,162,100.0,US.JPM,20.15,20.95,18.64,23.3721,-0.02850426094622398,820653961990.86,"成交额 $1,044,529 ≥ 阈值 $500,000 | 成交量 543 手",US.JPM,2026-05-08 06:36:16
US.JPM260618C315000,JPM 260618 315.00C,306.27,835,704074.0,CALL,2026-06-18,315.0,3483,23.429,0.396823505,0.015855658,-0.123896075,0.400062877,42,100.0,US.JPM,10.3,10.3,6.8,11.1,-0.02850426094622398,820653961990.86,"成交额 $704,074 ≥ 阈值 $500,000 | 成交量 835 手",US.JPM,2026-05-08 06:36:16
US.JPM260918C350000,JPM 260918 350.00C,306.27,1105,639151.0,CALL,2026-09-18,350.0,8699,22.918,0.213120198,0.006837428,-0.05218137,0.538982526,134,100.0,US.JPM,6.9,6.9,4.8,6.7765,-0.1427825121624711,820653961990.86,"成交额 $639,151 ≥ 阈值 $500,000 | 成交量 1,105 手",US.JPM,2026-05-08 06:36:16
US.JPM260515C310000,JPM 260515 310.00C,306.27,1608,629622.0,CALL,2026-05-15,310.0,3631,24.76,0.385061573,0.034244113,-0.289189199,0.172326093,8,100.0,US.JPM,6.79,6.79,2.99,7.9761,-0.012178796486760108,820653961990.86,"成交额 $629,622 ≥ 阈值 $500,000 | 成交量 1,608 手",US.JPM,2026-05-08 06:36:16
US.JPM260717C315000,JPM 260717 315.00C,306.27,505,565048.0,CALL,2026-07-17,315.0,1020,24.45,0.44386987,0.011967045,-0.104780459,0.533184139,71,100.0,US.JPM,13.55,13.55,10.15,14.8683,-0.02850426094622398,820653961990.86,"成交额 $565,048 ≥ 阈值 $500,000 | 成交量 505 手",US.JPM,2026-05-08 06:36:16
US.KEYS260515P350000,KEYS 260515 350.00P,355.06,949,507187.0,PUT,2026-05-15,350.0,18,45.543,-0.398001935,0.016226381,-0.5855151,0.201602937,8,100.0,US.KEYS,4.6,7.68,3.75,4.3501,-0.014251112488030198,60893675874.7,"成交额 $507,187 ≥ 阈值 $500,000 | 成交量 949 手",US.KEYS,2026-05-08 06:36:58
US.KLAC260515P1740000,KLAC 260515 1740.00P,1763.25,274,1314708.0,PUT,2026-05-15,1740.0,63,57.318,-0.417545745,0.002626538,-3.719679699,1.01304375,8,100.0,US.KLAC,40.05,52.16,35.69,31.6837,-0.013185878349638452,230328976403.25,"成交额 $1,314,708 ≥ 阈值 $500,000 | 成交量 274 手",US.KLAC,2026-05-08 06:38:15
US.LEN260515P110000,LEN 260515 110.00P,87.74,560,1153600.0,PUT,2026-05-15,110.0,225,0.0,0.0,0.0,0.0,0.0,8,100.0,US.LEN,20.6,20.6,20.6,19.46,0.2537041258263051,21610212491.04,"成交额 $1,153,600 ≥ 阈值 $500,000 | 成交量 560 手",US.LEN,2026-05-08 06:40:16
US.LEN260515P105000,LEN 260515 105.00P,87.74,720,1123200.0,PUT,2026-05-15,105.0,306,0.0,0.0,0.0,0.0,0.0,8,100.0,US.LEN,15.6,15.6,15.6,14.4838,0.1967175746523821,21610212491.04,"成交额 $1,123,200 ≥ 阈值 $500,000 | 成交量 720 手",US.LEN,2026-05-08 06:40:16
US.LITE260529C745000,LITE 260529 745.00C,892.58,832,13920366.0,CALL,2026-05-29,745.0,1012,91.027,0.824264017,0.001298442,-1.23568609,0.565177302,22,100.0,US.LITE,174.25,178.6,160.0,220.0355,0.16534092182213364,69442724000.0,"成交额 $13,920,366 ≥ 阈值 $500,000 | 成交量 832 手",US.LITE,2026-05-08 06:41:36
US.LITE260508C700000,LITE 260508 700.00C,892.58,763,13733193.0,CALL,2026-05-08,700.0,766,0.0,0.0,0.0,0.0,0.0,1,100.0,US.LITE,200.0,200.0,159.64,244.8541,0.21575657083958866,69442724000.0,"成交额 $13,733,193 ≥ 阈值 $500,000 | 成交量 763 手",US.LITE,2026-05-08 06:41:36
US.LITE260717C1040000,LITE 260717 1040.00C,892.58,662,6216298.0,CALL,2026-07-17,1040.0,413,89.38,0.431304219,0.001117675,-1.006994585,1.546148591,71,100.0,US.LITE,94.1,99.0,76.8,120.8292,-0.16516166618118258,69442724000.0,"成交额 $6,216,298 ≥ 阈值 $500,000 | 成交量 662 手",US.LITE,2026-05-08 06:41:36
US.LITE260515C900000,LITE 260515 900.00C,892.58,716,2901320.0,CALL,2026-05-15,900.0,507,89.836,0.503784113,0.00337991,-3.118220022,0.524111576,8,100.0,US.LITE,56.0,56.0,30.4,81.1632,-0.008312980349100314,69442724000.0,"成交额 $2,901,320 ≥ 阈值 $500,000 | 成交量 716 手",US.LITE,2026-05-08 06:41:36
US.LITE260612P895000,LITE 260612 895.00P,892.58,250,2672500.0,PUT,2026-06-12,895.0,2,92.502,-0.441798631,0.001527758,-1.388854194,1.104734767,36,100.0,US.LITE,106.9,106.9,106.9,86.5454,0.0027112415693830907,69442724000.0,"成交额 $2,672,500 ≥ 阈值 $500,000 | 成交量 250 手",US.LITE,2026-05-08 06:41:36
US.LITE260508P900000,LITE 260508 900.00P,892.58,535,2121754.0,PUT,2026-05-08,900.0,1024,119.904,-0.54264138,0.007431902,-11.911472306,0.176583151,1,100.0,US.LITE,26.0,52.78,22.5,15.4241,0.008312980349100314,69442724000.0,"成交额 $2,121,754 ≥ 阈值 $500,000 | 成交量 535 手",US.LITE,2026-05-08 06:41:36
US.LITE260508C815000,LITE 260508 815.00C,892.58,402,2096140.0,CALL,2026-05-08,815.0,410,144.773,0.902620983,0.002670575,-6.081504765,0.076623218,1,100.0,US.LITE,53.1,54.0,52.1,131.9661,0.08691657890609249,69442724000.0,"成交额 $2,096,140 ≥ 阈值 $500,000 | 成交量 402 手",US.LITE,2026-05-08 06:41:36
US.LITE260515P835000,LITE 260515 835.00P,892.58,476,1528138.0,PUT,2026-05-15,835.0,478,93.88,-0.288722242,0.002770184,-2.705796501,0.448765311,8,100.0,US.LITE,20.5,33.05,20.5,15.7563,-0.0645096237872236,69442724000.0,"成交额 $1,528,138 ≥ 阈值 $500,000 | 成交量 476 手",US.LITE,2026-05-08 06:41:36
US.LITE260821P680000,LITE 260821 680.00P,892.58,202,1519436.0,PUT,2026-08-21,680.0,148,96.609,-0.211586605,0.000624525,-0.613306124,1.3920076,106,100.0,US.LITE,76.3,78.06,75.2,66.7828,-0.23816352595845755,69442724000.0,"成交额 $1,519,436 ≥ 阈值 $500,000 | 成交量 202 手",US.LITE,2026-05-08 06:41:36
US.LITE260515C915000,LITE 260515 915.00C,892.58,495,1419558.0,CALL,2026-05-15,915.0,46,90.493,0.454732785,0.003333879,-3.113682263,0.520756481,8,100.0,US.LITE,49.37,49.37,27.84,72.3865,-0.025118196688251986,69442724000.0,"成交额 $1,419,558 ≥ 阈值 $500,000 | 成交量 495 手",US.LITE,2026-05-08 06:41:36
US.LITE260515P900000,LITE 260515 900.00P,892.58,249,1387434.0,PUT,2026-05-15,900.0,573,93.313,-0.494556035,0.003256241,-3.150278359,0.524032709,8,100.0,US.LITE,44.2,74.0,44.2,35.8822,0.008312980349100314,69442724000.0,"成交额 $1,387,434 ≥ 阈值 $500,000 | 成交量 249 手",US.LITE,2026-05-08 06:41:36
US.LITE260515C860000,LITE 260515 860.00C,892.58,219,1113129.0,CALL,2026-05-15,860.0,118,90.662,0.637312264,0.003148869,-2.963471563,0.492771131,8,100.0,US.LITE,63.4,64.0,44.8,107.547,0.03650092988863748,69442724000.0,"成交额 $1,113,129 ≥ 阈值 $500,000 | 成交量 219 手",US.LITE,2026-05-08 06:41:36
US.LITE260515C970000,LITE 260515 970.00C,892.58,504,861840.0,CALL,2026-05-15,970.0,863,90.716,0.291070222,0.002877021,-2.659122774,0.45049005,8,100.0,US.LITE,23.0,24.0,16.11,45.1085,-0.08673732326514146,69442724000.0,"成交额 $861,840 ≥ 阈值 $500,000 | 成交量 504 手",US.LITE,2026-05-08 06:41:36
US.LITE260515P795000,LITE 260515 795.00P,892.58,478,793860.0,PUT,2026-05-15,795.0,17,95.371,-0.1839697,0.00212318,-2.111680553,0.349458421,8,100.0,US.LITE,12.7,19.76,12.7,9.3949,-0.1093235340249614,69442724000.0,"成交额 $793,860 ≥ 阈值 $500,000 | 成交量 478 手",US.LITE,2026-05-08 06:41:36
US.LITE260508C900000,LITE 260508 900.00C,892.58,561,785487.0,CALL,2026-05-08,900.0,322,108.224,0.450380541,0.008216151,-10.810957883,0.176226223,1,100.0,US.LITE,27.69,35.0,6.5,59.9294,-0.008312980349100314,69442724000.0,"成交额 $785,487 ≥ 阈值 $500,000 | 成交量 561 手",US.LITE,2026-05-08 06:41:36
US.LITE260515C1000000,LITE 260515 1000.00C,892.58,465,733970.0,CALL,2026-05-15,1000.0,786,94.483,0.229073462,0.002440614,-2.42032194,0.398023817,8,100.0,US.LITE,20.2,22.75,11.0,35.2298,-0.1203477559434448,69442724000.0,"成交额 $733,970 ≥ 阈值 $500,000 | 成交量 465 手",US.LITE,2026-05-08 06:41:36
US.LITE260515P850000,LITE 260515 850.00P,892.58,212,720232.0,PUT,2026-05-15,850.0,819,91.323,-0.331268019,0.003023964,-2.80147738,0.47649507,8,100.0,US.LITE,25.3,43.47,25.3,19.428,-0.047704407448071924,69442724000.0,"成交额 $720,232 ≥ 阈值 $500,000 | 成交量 212 手",US.LITE,2026-05-08 06:41:36
US.LITE260515P800000,LITE 260515 800.00P,892.58,381,634225.0,PUT,2026-05-15,800.0,842,95.506,-0.196368188,0.002206919,-2.206299842,0.363749395,8,100.0,US.LITE,15.5,22.5,13.67,10.0786,-0.10372179524524416,69442724000.0,"成交额 $634,225 ≥ 阈值 $500,000 | 成交量 381 手",US.LITE,2026-05-08 06:41:36
US.LITE260515C950000,LITE 260515 950.00C,892.58,256,628646.0,CALL,2026-05-15,950.0,477,89.177,0.343357934,0.003139044,-2.822548362,0.483187647,8,100.0,US.LITE,34.6,36.13,18.79,53.4108,-0.06433036814627255,69442724000.0,"成交额 $628,646 ≥ 阈值 $500,000 | 成交量 256 手",US.LITE,2026-05-08 06:41:36
US.LITE260515P825000,LITE 260515 825.00P,892.58,210,557370.0,PUT,2026-05-15,825.0,18,92.861,-0.257880624,0.002647984,-2.523201186,0.424329569,8,100.0,US.LITE,20.02,29.87,20.0,13.6111,-0.07571310134665804,69442724000.0,"成交额 $557,370 ≥ 阈值 $500,000 | 成交量 210 手",US.LITE,2026-05-08 06:41:36
US.LITE260508C880000,LITE 260508 880.00C,892.58,254,542744.0,CALL,2026-05-08,880.0,58,113.056,0.610847316,0.007618455,-10.940908747,0.170700924,1,100.0,US.LITE,36.0,41.0,12.4,74.4523,0.014093974769768581,69442724000.0,"成交额 $542,744 ≥ 阈值 $500,000 | 成交量 254 手",US.LITE,2026-05-08 06:41:36
US.LITE260508C890000,LITE 260508 890.00C,892.58,229,540923.0,CALL,2026-05-08,890.0,102,119.524,0.531836036,0.007473576,-12.004069249,0.177036083,1,100.0,US.LITE,28.55,36.0,11.6,67.0262,0.0028904972103341335,69442724000.0,"成交额 $540,923 ≥ 阈值 $500,000 | 成交量 229 手",US.LITE,2026-05-08 06:41:36
US.LITE260508P850000,LITE 260508 850.00P,892.58,454,531059.0,PUT,2026-05-08,850.0,1185,133.139,-0.22046135,0.005001668,-9.767401999,0.131971624,1,100.0,US.LITE,7.0,20.1,6.8,5.4649,-0.047704407448071924,69442724000.0,"成交额 $531,059 ≥ 阈值 $500,000 | 成交量 454 手",US.LITE,2026-05-08 06:41:36
US.LLY260618C800000,LLY 260618 800.00C,974.96,374,6741325.0,CALL,2026-06-18,800.0,816,0.0,0.0,0.0,0.0,0.0,42,100.0,US.LLY,180.6,180.6,175.0,193.6335,0.1794535160416838,918160201193.76,"成交额 $6,741,325 ≥ 阈值 $500,000 | 成交量 374 手",US.LLY,2026-05-08 06:42:14
US.LLY260618C660000,LLY 260618 660.00C,974.96,200,6349000.0,CALL,2026-06-18,660.0,339,0.0,0.0,0.0,0.0,0.0,42,100.0,US.LLY,317.45,317.45,317.45,330.9182,0.3230491507343891,918160201193.76,"成交额 $6,349,000 ≥ 阈值 $500,000 | 成交量 200 手",US.LLY,2026-05-08 06:42:14
US.LLY260618C1000000,LLY 260618 1000.00C,974.96,373,1151026.0,CALL,2026-06-18,1000.0,1959,31.572,0.442590212,0.003785179,-0.533950854,1.304259312,42,100.0,US.LLY,36.13,36.13,28.3,38.6178,-0.02568310494789526,918160201193.76,"成交额 $1,151,026 ≥ 阈值 $500,000 | 成交量 373 手",US.LLY,2026-05-08 06:42:14
US.LLY260618C1100000,LLY 260618 1100.00C,974.96,1262,933179.0,CALL,2026-06-18,1100.0,2357,31.928,0.153255937,0.002242265,-0.311172873,0.78106879,42,100.0,US.LLY,9.7,9.7,6.5,10.5557,-0.12825141544268479,918160201193.76,"成交额 $933,179 ≥ 阈值 $500,000 | 成交量 1,262 手",US.LLY,2026-05-08 06:42:14
US.LLY260515P1000000,LLY 260515 1000.00P,974.96,208,737838.0,PUT,2026-05-15,1000.0,157,36.307,-0.668765773,0.007007042,-1.163841362,0.519899504,8,100.0,US.LLY,30.85,36.15,30.5,26.8001,0.02568310494789526,918160201193.76,"成交额 $737,838 ≥ 阈值 $500,000 | 成交量 208 手",US.LLY,2026-05-08 06:42:14
US.LRCX260508C230000,LRCX 260508 230.00C,286.52,592,3363077.0,CALL,2026-05-08,230.0,629,170.843,0.995632562,0.000524917,-0.171448338,0.001831782,1,100.0,US.LRCX,58.5,58.5,55.0,67.2216,0.1972637163199776,358313602920.0,"成交额 $3,363,077 ≥ 阈值 $500,000 | 成交量 592 手",US.LRCX,2026-05-08 06:43:33
US.LRCX260605C250000,LRCX 260605 250.00C,286.52,503,2202976.0,CALL,2026-06-05,250.0,21,65.153,0.802626502,0.005286623,-0.272061424,0.223939479,29,100.0,US.LRCX,45.0,45.0,42.7,52.9922,0.12746056121736696,358313602920.0,"成交额 $2,202,976 ≥ 阈值 $500,000 | 成交量 503 手",US.LRCX,2026-05-08 06:43:33
US.LRCX260618P290000,LRCX 260618 290.00P,286.52,413,1036532.0,PUT,2026-06-18,290.0,522,63.492,-0.472982603,0.006487044,-0.280187948,0.386183136,42,100.0,US.LRCX,23.12,26.15,23.08,21.275,0.012145748987854315,358313602920.0,"成交额 $1,036,532 ≥ 阈值 $500,000 | 成交量 413 手",US.LRCX,2026-05-08 06:43:33
US.LRCX260618C290000,LRCX 260618 290.00C,286.52,377,886528.0,CALL,2026-06-18,290.0,1971,60.971,0.52596679,0.006725144,-0.295681731,0.386496633,42,100.0,US.LRCX,26.65,26.65,21.5,29.0494,-0.012145748987854315,358313602920.0,"成交额 $886,528 ≥ 阈值 $500,000 | 成交量 377 手",US.LRCX,2026-05-08 06:43:33
US.LRCX260618C280000,LRCX 260618 280.00C,286.52,200,555933.0,CALL,2026-06-18,280.0,5603,62.556,0.592637482,0.006390805,-0.297145245,0.376826973,42,100.0,US.LRCX,31.24,31.5,25.55,34.5486,0.022755828563451007,358313602920.0,"成交额 $555,933 ≥ 阈值 $500,000 | 成交量 200 手",US.LRCX,2026-05-08 06:43:33
US.LRCX260508P285000,LRCX 260508 285.00P,286.52,1255,502201.0,PUT,2026-05-08,285.0,1284,74.803,-0.435041127,0.036827441,-2.364491577,0.05625377,1,100.0,US.LRCX,2.6,5.97,2.37,2.4228,-0.005305039787798346,358313602920.0,"成交额 $502,201 ≥ 阈值 $500,000 | 成交量 1,255 手",US.LRCX,2026-05-08 06:43:33
US.LULU260618P230000,LULU 260618 230.00P,133.59,610,5913950.0,PUT,2026-06-18,230.0,268,79.26,-0.990801511,0.002857886,-0.005888916,0.009600209,42,100.0,US.LULU,96.95,96.95,96.95,97.96,0.7216857549217756,15442821248.88,"成交额 $5,913,950 ≥ 阈值 $500,000 | 成交量 610 手",US.LULU,2026-05-08 06:43:35
US.LULU260618P240000,LULU 260618 240.00P,133.59,200,2128000.0,PUT,2026-06-18,240.0,79,90.506,-0.975413113,0.002753114,-0.019363076,0.024319722,42,100.0,US.LULU,106.4,106.4,106.4,107.96,0.7965416573096789,15442821248.88,"成交额 $2,128,000 ≥ 阈值 $500,000 | 成交量 200 手",US.LULU,2026-05-08 06:43:35
US.LULU260515P160000,LULU 260515 160.00P,133.59,386,1040270.0,PUT,2026-05-15,160.0,235,63.68,-0.974299318,0.006150238,-0.03375928,0.011477224,8,100.0,US.LULU,26.95,26.95,26.95,27.9687,0.19769443820645255,15442821248.88,"成交额 $1,040,270 ≥ 阈值 $500,000 | 成交量 386 手",US.LULU,2026-05-08 06:43:35
US.LUV260618C45000,LUV 260618 45.00C,41.39,4462,665521.0,CALL,2026-06-18,45.0,11936,44.702,0.326828478,0.057539456,-0.028320846,0.050590098,42,100.0,US.LUV,1.53,1.78,1.06,1.3451,-0.08721913505677699,20230343981.07,"成交额 $665,521 ≥ 阈值 $500,000 | 成交量 4,462 手",US.LUV,2026-05-08 06:43:37
US.LYB260515C70000,LYB 260515 70.00C,71.51,3699,945236.0,CALL,2026-05-15,70.0,1391,53.721,0.625299136,0.067042485,-0.143954298,0.039903053,8,100.0,US.LYB,3.0,3.3,2.46,4.4621,0.021115927842259893,23082339117.23,"成交额 $945,236 ≥ 阈值 $500,000 | 成交量 3,699 手",US.LYB,2026-05-08 06:44:15
US.MA260618P600000,MA 260618 600.00P,500.94,250,2459950.0,PUT,2026-06-18,600.0,338,0.0,0.0,0.0,0.0,0.0,42,100.0,US.MA,98.4,98.4,98.3,108.11,0.19774823332135585,442622496323.7,"成交额 $2,459,950 ≥ 阈值 $500,000 | 成交量 250 手",US.MA,2026-05-08 06:44:55
US.MA260522C495000,MA 260522 495.00C,500.94,353,524670.0,CALL,2026-05-22,495.0,363,26.368,0.609659528,0.014375508,-0.378443509,0.388522758,15,100.0,US.MA,13.6,15.4,13.6,9.8,0.011857707509881419,442622496323.7,"成交额 $524,670 ≥ 阈值 $500,000 | 成交量 353 手",US.MA,2026-05-08 06:44:55
US.MCD260515P315000,MCD 260515 315.00P,283.7,2148,6720679.0,PUT,2026-05-15,315.0,998,0.0,0.0,0.0,0.0,0.0,8,100.0,US.MCD,29.48,31.63,29.48,31.1404,0.11032781106802965,201661798914.7,"成交额 $6,720,679 ≥ 阈值 $500,000 | 成交量 2,148 手",US.MCD,2026-05-08 06:46:13
US.MCD260515P320000,MCD 260515 320.00P,283.7,1292,4825224.0,PUT,2026-05-15,320.0,547,0.0,0.0,0.0,0.0,0.0,8,100.0,US.MCD,34.27,37.35,34.27,36.0809,0.12795206203736345,201661798914.7,"成交额 $4,825,224 ≥ 阈值 $500,000 | 成交量 1,292 手",US.MCD,2026-05-08 06:46:13
US.MCD260515P325000,MCD 260515 325.00P,283.7,700,2775500.0,PUT,2026-05-15,325.0,236,0.0,0.0,0.0,0.0,0.0,8,100.0,US.MCD,39.65,39.65,39.65,41.0218,0.14557631300669727,201661798914.7,"成交额 $2,775,500 ≥ 阈值 $500,000 | 成交量 700 手",US.MCD,2026-05-08 06:46:13
US.MCD260918C270000,MCD 260918 270.00C,283.7,305,739601.0,CALL,2026-09-18,270.0,43,19.26,0.724847031,0.010084656,-0.059543659,0.573324364,134,100.0,US.MCD,24.6,25.5,23.25,24.0334,0.04829044765597458,201661798914.7,"成交额 $739,601 ≥ 阈值 $500,000 | 成交量 305 手",US.MCD,2026-05-08 06:46:13
US.MCD260515C282500,MCD 260515 282.50C,283.7,1496,710589.0,CALL,2026-05-15,282.5,77,21.169,0.570235279,0.044427453,-0.242575106,0.164003529,8,100.0,US.MCD,8.75,8.75,3.6,6.4985,0.004229820232640073,201661798914.7,"成交额 $710,589 ≥ 阈值 $500,000 | 成交量 1,496 手",US.MCD,2026-05-08 06:46:13
US.MCD260515C285000,MCD 260515 285.00C,283.7,1870,673943.0,CALL,2026-05-15,285.0,382,20.645,0.456503645,0.0459986,-0.235885235,0.165602628,8,100.0,US.MCD,6.98,7.5,2.55,5.3,-0.004582305252026829,201661798914.7,"成交额 $673,943 ≥ 阈值 $500,000 | 成交量 1,870 手",US.MCD,2026-05-08 06:46:13
US.MCD260508C285000,MCD 260508 285.00C,283.7,2515,576916.0,CALL,2026-05-08,285.0,1443,33.84,0.39859334,0.08058966,-1.053382645,0.054626373,1,100.0,US.MCD,5.6,6.78,0.91,4.475,-0.004582305252026829,201661798914.7,"成交额 $576,916 ≥ 阈值 $500,000 | 成交量 2,515 手",US.MCD,2026-05-08 06:46:13
US.MCHP260515C85000,MCHP 260515 85.00C,101.58,3500,5766908.0,CALL,2026-05-15,85.0,5892,64.676,0.97304891,0.006435558,-0.043139909,0.009306725,8,100.0,US.MCHP,16.4,17.1,16.32,18.0927,0.1632211065170309,54968539823.64,"成交额 $5,766,908 ≥ 阈值 $500,000 | 成交量 3,500 手",US.MCHP,2026-05-08 06:46:15
US.MCHP260717C75000,MCHP 260717 75.00C,101.58,2000,5540000.0,CALL,2026-07-17,75.0,7262,55.671,0.917410291,0.00610954,-0.033222798,0.068172303,71,100.0,US.MCHP,27.7,27.7,27.7,30.1711,0.26166568222090963,54968539823.64,"成交额 $5,540,000 ≥ 阈值 $500,000 | 成交量 2,000 手",US.MCHP,2026-05-08 06:46:15
US.MCHP260918C77500,MCHP 260918 77.50C,101.58,1501,4232961.0,CALL,2026-09-18,77.5,1725,59.347,0.83389012,0.006827729,-0.039597871,0.153382862,134,100.0,US.MCHP,29.61,29.61,28.2,29.8338,0.23705453829493994,54968539823.64,"成交额 $4,232,961 ≥ 阈值 $500,000 | 成交量 1,501 手",US.MCHP,2026-05-08 06:46:15
US.MCHP260508C95000,MCHP 260508 95.00C,101.58,4308,3247320.0,CALL,2026-05-08,95.0,2780,202.827,0.762150755,0.030091613,-1.781900745,0.015678926,1,100.0,US.MCHP,8.1,8.1,6.97,9.0865,0.06477653081315218,54968539823.64,"成交额 $3,247,320 ≥ 阈值 $500,000 | 成交量 4,308 手",US.MCHP,2026-05-08 06:46:15
US.MCHP260717C110000,MCHP 260717 110.00C,101.58,2609,1566451.0,CALL,2026-07-17,110.0,113,53.311,0.42416202,0.016410918,-0.06979281,0.175376356,71,100.0,US.MCHP,5.9,6.7,5.7,7.1,-0.0828903327426659,54968539823.64,"成交额 $1,566,451 ≥ 阈值 $500,000 | 成交量 2,609 手",US.MCHP,2026-05-08 06:46:15
US.MCHP260515C95000,MCHP 260515 95.00C,101.58,1611,1354277.0,CALL,2026-05-15,95.0,914,83.404,0.7301627,0.026504853,-0.273271608,0.049423945,8,100.0,US.MCHP,8.5,9.1,7.76,9.3724,0.06477653081315218,54968539823.64,"成交额 $1,354,277 ≥ 阈值 $500,000 | 成交量 1,611 手",US.MCHP,2026-05-08 06:46:15
US.MCHP260508C98000,MCHP 260508 98.00C,101.58,2294,1250428.0,CALL,2026-05-08,98.0,2375,206.96,0.655406819,0.035108497,-2.180701285,0.018665767,1,100.0,US.MCHP,5.45,6.02,5.45,6.8745,0.03524315810198857,54968539823.64,"成交额 $1,250,428 ≥ 阈值 $500,000 | 成交量 2,294 手",US.MCHP,2026-05-08 06:46:15
US.MCHP260508C101000,MCHP 260508 101.00C,101.58,2310,1011740.0,CALL,2026-05-08,101.0,510,218.303,0.542948894,0.035846682,-2.483362209,0.020102795,1,100.0,US.MCHP,4.2,5.1,3.5,4.8571,0.005709785390824949,54968539823.64,"成交额 $1,011,740 ≥ 阈值 $500,000 | 成交量 2,310 手",US.MCHP,2026-05-08 06:46:15
US.MCHP260515C102000,MCHP 260515 102.00C,101.58,2354,956032.0,CALL,2026-05-15,102.0,23,89.904,0.516336952,0.029651784,-0.354986338,0.059601897,8,100.0,US.MCHP,4.7,5.4,4.05,5.2189,-0.0041346721795629225,54968539823.64,"成交额 $956,032 ≥ 阈值 $500,000 | 成交量 2,354 手",US.MCHP,2026-05-08 06:46:15
US.MCHP260515C105000,MCHP 260515 105.00C,101.58,3086,948692.0,CALL,2026-05-15,105.0,567,88.371,0.427224659,0.02968779,-0.341996296,0.058656394,8,100.0,US.MCHP,3.8,3.92,2.9,4.0027,-0.033668044890726535,54968539823.64,"成交额 $948,692 ≥ 阈值 $500,000 | 成交量 3,086 手",US.MCHP,2026-05-08 06:46:15
US.MCK260515P740000,MCK 260515 740.00P,754.76,613,1660988.0,PUT,2026-05-15,740.0,175,65.82,-0.397474415,0.005277917,-1.810735899,0.428446138,8,100.0,US.MCK,24.06,31.1,21.72,26.838,-0.019555885314537058,92448632290.56,"成交额 $1,660,988 ≥ 阈值 $500,000 | 成交量 613 手",US.MCK,2026-05-08 06:46:17
US.MCK260515P720000,MCK 260515 720.00P,754.76,673,1118869.0,PUT,2026-05-15,720.0,571,68.201,-0.298985671,0.004583398,-1.683771995,0.385649169,8,100.0,US.MCK,20.4,23.2,14.39,19.261,-0.046054374900630655,92448632290.56,"成交额 $1,118,869 ≥ 阈值 $500,000 | 成交量 673 手",US.MCK,2026-05-08 06:46:17
US.MCK260515C800000,MCK 260515 800.00C,754.76,1870,737966.0,CALL,2026-05-15,800.0,111,55.589,0.254358492,0.005192523,-1.28964773,0.356256663,8,100.0,US.MCK,7.0,8.4,2.35,6.6,-0.05993958344374372,92448632290.56,"成交额 $737,966 ≥ 阈值 $500,000 | 成交量 1,870 手",US.MCK,2026-05-08 06:46:17
US.MCK260515P730000,MCK 260515 730.00P,754.76,237,530091.0,PUT,2026-05-15,730.0,614,64.415,-0.341987921,0.005133964,-1.684672675,0.407932925,8,100.0,US.MCK,25.1,26.93,18.81,23.0479,-0.03280513010758385,92448632290.56,"成交额 $530,091 ≥ 阈值 $500,000 | 成交量 237 手",US.MCK,2026-05-08 06:46:17
US.MCK260515C780000,MCK 260515 780.00C,754.76,470,526639.0,CALL,2026-05-15,780.0,92,55.775,0.363175549,0.006055639,-1.536923971,0.416881995,8,100.0,US.MCK,12.1,15.3,6.83,11.0282,-0.03344109385765013,92448632290.56,"成交额 $526,639 ≥ 阈值 $500,000 | 成交量 470 手",US.MCK,2026-05-08 06:46:17
US.MGM260918C40000,MGM 260918 40.00C,38.11,5019,1380760.0,CALL,2026-09-18,40.0,8011,39.731,0.489947632,0.043484744,-0.015240967,0.092058766,134,100.0,US.MGM,2.75,3.24,2.75,2.9579,-0.049593282602991354,9750490565.85,"成交额 $1,380,760 ≥ 阈值 $500,000 | 成交量 5,019 手",US.MGM,2026-05-08 06:47:36
US.MRNA260717C50000,MRNA 260717 50.00C,48.54,19384,11627437.0,CALL,2026-07-17,50.0,2008,75.219,0.538935956,0.024671975,-0.047241109,0.084944898,71,100.0,US.MRNA,7.5,7.75,5.48,5.8325,-0.0300782859497322,19260005011.86,"成交额 $11,627,437 ≥ 阈值 $500,000 | 成交量 19,384 手",US.MRNA,2026-05-08 06:50:16
US.MRNA260508C46000,MRNA 260508 46.00C,48.54,18650,4765855.0,CALL,2026-05-08,46.0,18670,129.495,0.806641263,0.087462385,-0.480534308,0.006642695,1,100.0,US.MRNA,5.3,5.5,2.28,3.0632,0.052327976926246376,19260005011.86,"成交额 $4,765,855 ≥ 阈值 $500,000 | 成交量 18,650 手",US.MRNA,2026-05-08 06:50:16
US.MRNA260515C50000,MRNA 260515 50.00C,48.54,19811,3207393.0,CALL,2026-05-15,50.0,26062,73.699,0.416192613,0.074082376,-0.135783032,0.02787298,8,100.0,US.MRNA,3.0,3.5,1.18,1.6365,-0.0300782859497322,19260005011.86,"成交额 $3,207,393 ≥ 阈值 $500,000 | 成交量 19,811 手",US.MRNA,2026-05-08 06:50:16
US.MRNA260508C48500,MRNA 260508 48.50C,48.54,18917,1521370.0,CALL,2026-05-08,48.5,18749,87.259,0.5170652,0.188608416,-0.478149401,0.00965271,1,100.0,US.MRNA,3.15,3.6,0.58,1.2656,0.0008240626287597682,19260005011.86,"成交额 $1,521,370 ≥ 阈值 $500,000 | 成交量 18,917 手",US.MRNA,2026-05-08 06:50:16
US.MRNA260515C49000,MRNA 260515 49.00C,48.54,6628,1139710.0,CALL,2026-05-15,49.0,1467,70.018,0.487110517,0.079701789,-0.132532439,0.028489562,8,100.0,US.MRNA,3.65,3.84,1.5,2.113,-0.009476720230737553,19260005011.86,"成交额 $1,139,710 ≥ 阈值 $500,000 | 成交量 6,628 手",US.MRNA,2026-05-08 06:50:16
US.MRNA260515C53000,MRNA 260515 53.00C,48.54,6450,924098.0,CALL,2026-05-15,53.0,223,78.832,0.244250396,0.055719521,-0.114338535,0.022423512,8,100.0,US.MRNA,1.85,1.89,0.57,0.815,-0.09188298310671612,19260005011.86,"成交额 $924,098 ≥ 阈值 $500,000 | 成交量 6,450 手",US.MRNA,2026-05-08 06:50:16
US.MRNA260515C52000,MRNA 260515 52.00C,48.54,8086,824563.0,CALL,2026-05-15,52.0,985,77.062,0.293455137,0.062511731,-0.123597521,0.024592365,8,100.0,US.MRNA,2.27,2.4,0.7,1.0218,-0.07128141738772148,19260005011.86,"成交额 $824,563 ≥ 阈值 $500,000 | 成交量 8,086 手",US.MRNA,2026-05-08 06:50:16
US.MRNA260522P50000,MRNA 260522 50.00P,48.54,1437,507461.0,PUT,2026-05-22,50.0,714,75.101,-0.544152183,0.053934819,-0.096851076,0.038884766,15,100.0,US.MRNA,2.0,3.56,2.0,3.3932,0.0300782859497322,19260005011.86,"成交额 $507,461 ≥ 阈值 $500,000 | 成交量 1,437 手",US.MRNA,2026-05-08 06:50:16
US.NEM260717P115000,NEM 260717 115.00P,113.49,3244,2659722.0,PUT,2026-07-17,115.0,2166,44.518,-0.47636281,0.018084905,-0.057331891,0.198841402,71,100.0,US.NEM,7.78,8.85,7.47,9.1,0.013305137016477269,121156563186.36,"成交额 $2,659,722 ≥ 阈值 $500,000 | 成交量 3,244 手",US.NEM,2026-05-08 06:53:31
US.NEM260717C120000,NEM 260717 120.00C,113.49,2187,1778463.0,CALL,2026-07-17,120.0,2213,44.709,0.440952408,0.017642288,-0.066770984,0.197364935,71,100.0,US.NEM,9.55,9.55,6.95,7.525,-0.05736188210415019,121156563186.36,"成交额 $1,778,463 ≥ 阈值 $500,000 | 成交量 2,187 手",US.NEM,2026-05-08 06:53:31
US.NFLX260515P108000,NFLX 260515 108.00P,88.25,13627,26096915.0,PUT,2026-05-15,108.0,3433,0.0,0.0,0.0,0.0,0.0,8,100.0,US.NFLX,19.95,19.95,18.93,19.7496,0.2237960339943343,371602970096.0,"成交额 $26,096,915 ≥ 阈值 $500,000 | 成交量 13,627 手",US.NFLX,2026-05-08 06:53:34
US.NFLX260515P107000,NFLX 260515 107.00P,88.25,4553,8313443.0,PUT,2026-05-15,107.0,948,0.0,0.0,0.0,0.0,0.0,8,100.0,US.NFLX,18.04,18.55,18.04,18.7529,0.21246458923512748,371602970096.0,"成交额 $8,313,443 ≥ 阈值 $500,000 | 成交量 4,553 手",US.NFLX,2026-05-08 06:53:34
US.NFLX260515P106000,NFLX 260515 106.00P,88.25,3861,6627135.0,PUT,2026-05-15,106.0,812,0.0,0.0,0.0,0.0,0.0,8,100.0,US.NFLX,17.35,17.5,16.9,17.7566,0.20113314447592068,371602970096.0,"成交额 $6,627,135 ≥ 阈值 $500,000 | 成交量 3,861 手",US.NFLX,2026-05-08 06:53:34
US.NFLX260618P110000,NFLX 260618 110.00P,88.25,2720,5800570.0,PUT,2026-06-18,110.0,18385,53.315,-0.874798623,0.014455407,-0.032393075,0.060778971,42,100.0,US.NFLX,20.69,21.42,20.69,21.7686,0.24645892351274787,371602970096.0,"成交额 $5,800,570 ≥ 阈值 $500,000 | 成交量 2,720 手",US.NFLX,2026-05-08 06:53:34
US.NFLX260717C100000,NFLX 260717 100.00C,88.25,27408,5797574.0,CALL,2026-07-17,100.0,25150,35.895,0.252652894,0.022887061,-0.033529808,0.124274868,71,100.0,US.NFLX,1.91,2.25,1.91,1.95,-0.13314447592067988,371602970096.0,"成交额 $5,797,574 ≥ 阈值 $500,000 | 成交量 27,408 手",US.NFLX,2026-05-08 06:53:34
US.NFLX260618P102000,NFLX 260618 102.00P,88.25,2512,3392919.0,PUT,2026-06-18,102.0,14424,31.791,-0.915618813,0.022511618,-0.012426417,0.044229538,42,100.0,US.NFLX,13.4,14.05,13.33,13.9805,0.1558073654390935,371602970096.0,"成交额 $3,392,919 ≥ 阈值 $500,000 | 成交量 2,512 手",US.NFLX,2026-05-08 06:53:34
US.NFLX260618P114000,NFLX 260618 114.00P,88.25,1050,2546250.0,PUT,2026-06-18,114.0,488,45.737,-0.960331215,0.011167247,-0.00934228,0.0238303,42,100.0,US.NFLX,24.25,24.25,24.25,25.7428,0.29178470254957506,371602970096.0,"成交额 $2,546,250 ≥ 阈值 $500,000 | 成交量 1,050 手",US.NFLX,2026-05-08 06:53:34
US.NFLX260717P95000,NFLX 260717 95.00P,88.25,2829,2519620.0,PUT,2026-07-17,95.0,16549,34.533,-0.64906312,0.028726168,-0.029958757,0.143263467,71,100.0,US.NFLX,8.65,9.25,8.65,9.215,0.0764872521246459,371602970096.0,"成交额 $2,519,620 ≥ 阈值 $500,000 | 成交量 2,829 手",US.NFLX,2026-05-08 06:53:34
US.NFLX260508P100000,NFLX 260508 100.00P,88.25,1878,2142018.0,PUT,2026-05-08,100.0,420,158.967,-0.937905761,0.017565967,-0.444499781,0.005382968,1,100.0,US.NFLX,10.98,11.95,10.95,11.7444,0.13314447592067988,371602970096.0,"成交额 $2,142,018 ≥ 阈值 $500,000 | 成交量 1,878 手",US.NFLX,2026-05-08 06:53:34
US.NFLX260515C90000,NFLX 260515 90.00C,88.25,12208,1333277.0,CALL,2026-05-15,90.0,47190,31.031,0.348355824,0.091732425,-0.099737131,0.048026249,8,100.0,US.NFLX,1.09,1.46,0.89,1.075,-0.019830028328611898,371602970096.0,"成交额 $1,333,277 ≥ 阈值 $500,000 | 成交量 12,208 手",US.NFLX,2026-05-08 06:53:34
US.NFLX260508P98000,NFLX 260508 98.00P,88.25,1296,1204648.0,PUT,2026-05-08,98.0,442,0.0,0.0,0.0,0.0,0.0,1,100.0,US.NFLX,9.2,9.6,8.75,9.7516,0.11048158640226628,371602970096.0,"成交额 $1,204,648 ≥ 阈值 $500,000 | 成交量 1,296 手",US.NFLX,2026-05-08 06:53:34
US.NFLX260508C89000,NFLX 260508 89.00C,88.25,16943,1163138.0,CALL,2026-05-08,89.0,8416,37.164,0.329079173,0.221172353,-0.335446523,0.015918603,1,100.0,US.NFLX,0.56,1.03,0.31,0.6,-0.0084985835694051,371602970096.0,"成交额 $1,163,138 ≥ 阈值 $500,000 | 成交量 16,943 手",US.NFLX,2026-05-08 06:53:34
US.NFLX260717C90000,NFLX 260717 90.00C,88.25,2081,1103245.0,CALL,2026-07-17,90.0,13108,35.671,0.499515998,0.028752296,-0.043072572,0.155175531,71,100.0,US.NFLX,5.0,5.6,4.98,5.075,-0.019830028328611898,371602970096.0,"成交额 $1,103,245 ≥ 阈值 $500,000 | 成交量 2,081 手",US.NFLX,2026-05-08 06:53:34
US.NFLX260508C90000,NFLX 260508 90.00C,88.25,27881,1018448.0,CALL,2026-05-08,90.0,8683,39.183,0.160965046,0.141654267,-0.233102013,0.010747526,1,100.0,US.NFLX,0.45,0.57,0.13,0.335,-0.019830028328611898,371602970096.0,"成交额 $1,018,448 ≥ 阈值 $500,000 | 成交量 27,881 手",US.NFLX,2026-05-08 06:53:34
US.NFLX260515P112000,NFLX 260515 112.00P,88.25,353,812217.0,PUT,2026-05-15,112.0,90,0.0,0.0,0.0,0.0,0.0,8,100.0,US.NFLX,23.39,23.39,22.6,23.7401,0.26912181303116145,371602970096.0,"成交额 $812,217 ≥ 阈值 $500,000 | 成交量 353 手",US.NFLX,2026-05-08 06:53:34
US.NFLX261120P90000,NFLX 261120 90.00P,88.25,876,806223.0,PUT,2026-11-20,90.0,2037,35.172,-0.45792427,0.018021169,-0.019072169,0.25564534,197,100.0,US.NFLX,9.05,9.4,9.01,9.425,0.019830028328611898,371602970096.0,"成交额 $806,223 ≥ 阈值 $500,000 | 成交量 876 手",US.NFLX,2026-05-08 06:53:34
US.NFLX260508P89000,NFLX 260508 89.00P,88.25,8878,775279.0,PUT,2026-05-08,89.0,5304,34.171,-0.685655982,0.236371697,-0.293969373,0.015614256,1,100.0,US.NFLX,1.33,1.33,0.64,1.3174,0.0084985835694051,371602970096.0,"成交额 $775,279 ≥ 阈值 $500,000 | 成交量 8,878 手",US.NFLX,2026-05-08 06:53:34
US.NFLX260717P90000,NFLX 260717 90.00P,88.25,1299,768535.0,PUT,2026-07-17,90.0,11780,34.648,-0.506873739,0.030120755,-0.033770945,0.154659776,71,100.0,US.NFLX,5.97,6.13,5.57,6.0983,0.019830028328611898,371602970096.0,"成交额 $768,535 ≥ 阈值 $500,000 | 成交量 1,299 手",US.NFLX,2026-05-08 06:53:34
US.NFLX260515P109000,NFLX 260515 109.00P,88.25,370,762400.0,PUT,2026-05-15,109.0,88,76.631,-0.968535422,0.008367364,-0.033975207,0.009054527,8,100.0,US.NFLX,20.95,20.95,20.1,20.7468,0.23512747875354106,371602970096.0,"成交额 $762,400 ≥ 阈值 $500,000 | 成交量 370 手",US.NFLX,2026-05-08 06:53:34
US.NFLX260717C95000,NFLX 260717 95.00C,88.25,2211,740728.0,CALL,2026-07-17,95.0,15426,35.602,0.364642285,0.027133909,-0.039688405,0.14614631,71,100.0,US.NFLX,3.1,3.6,3.1,3.175,-0.0764872521246459,371602970096.0,"成交额 $740,728 ≥ 阈值 $500,000 | 成交量 2,211 手",US.NFLX,2026-05-08 06:53:34
US.NFLX260515C89000,NFLX 260515 89.00C,88.25,4781,738394.0,CALL,2026-05-15,89.0,4412,30.797,0.441727989,0.098658245,-0.106831562,0.051266103,8,100.0,US.NFLX,1.37,1.93,1.25,1.455,-0.0084985835694051,371602970096.0,"成交额 $738,394 ≥ 阈值 $500,000 | 成交量 4,781 手",US.NFLX,2026-05-08 06:53:34
US.NFLX260618P116000,NFLX 260618 116.00P,88.25,250,662500.0,PUT,2026-06-18,116.0,111,48.223,-0.961906653,0.010294169,-0.009563667,0.023067444,42,100.0,US.NFLX,26.5,26.5,26.5,27.7382,0.31444759206798867,371602970096.0,"成交额 $662,500 ≥ 阈值 $500,000 | 成交量 250 手",US.NFLX,2026-05-08 06:53:34
US.NFLX260508C88000,NFLX 260508 88.00C,88.25,5522,653348.0,CALL,2026-05-08,88.0,6296,36.376,0.567673102,0.245604809,-0.360576084,0.017303445,1,100.0,US.NFLX,1.03,1.71,0.71,1.0629,0.0028328611898017,371602970096.0,"成交额 $653,348 ≥ 阈值 $500,000 | 成交量 5,522 手",US.NFLX,2026-05-08 06:53:34
US.NFLX260618C95000,NFLX 260618 95.00C,88.25,4005,633281.0,CALL,2026-06-18,95.0,19447,30.329,0.26597098,0.036182588,-0.037806622,0.098106543,42,100.0,US.NFLX,1.38,1.72,1.36,1.44,-0.0764872521246459,371602970096.0,"成交额 $633,281 ≥ 阈值 $500,000 | 成交量 4,005 手",US.NFLX,2026-05-08 06:53:34
US.NFLX260515P110000,NFLX 260515 110.00P,88.25,270,579000.0,PUT,2026-05-15,110.0,60,0.0,0.0,0.0,0.0,0.0,8,100.0,US.NFLX,21.5,21.5,21.4,21.7444,0.24645892351274787,371602970096.0,"成交额 $579,000 ≥ 阈值 $500,000 | 成交量 270 手",US.NFLX,2026-05-08 06:53:34
US.NFLX260515C63000,NFLX 260515 63.00C,88.25,208,542203.0,CALL,2026-05-15,63.0,56,108.85,0.985690102,0.002572045,-0.035099121,0.004724249,8,100.0,US.NFLX,25.96,26.17,25.83,25.3082,0.28611898016997167,371602970096.0,"成交额 $542,203 ≥ 阈值 $500,000 | 成交量 208 手",US.NFLX,2026-05-08 06:53:34
US.NFLX260508P109000,NFLX 260508 109.00P,88.25,252,517802.0,PUT,2026-05-08,109.0,0,0.0,0.0,0.0,0.0,0.0,1,100.0,US.NFLX,20.15,20.75,20.15,20.73,0.23512747875354106,371602970096.0,"成交额 $517,802 ≥ 阈值 $500,000 | 成交量 252 手",US.NFLX,2026-05-08 06:53:34
US.NFLX260508P88000,NFLX 260508 88.00P,88.25,12451,515554.0,PUT,2026-05-08,88.0,7298,33.65,-0.427569474,0.265035666,-0.324588005,0.017264986,1,100.0,US.NFLX,0.8,0.8,0.29,0.78,-0.0028328611898017,371602970096.0,"成交额 $515,554 ≥ 阈值 $500,000 | 成交量 12,451 手",US.NFLX,2026-05-08 06:53:34
US.NFLX260515C91000,NFLX 260515 91.00C,88.25,5404,507173.0,CALL,2026-05-15,91.0,4113,31.363,0.266146809,0.080574626,-0.088303176,0.042631763,8,100.0,US.NFLX,0.78,1.06,0.62,0.79,-0.031161473087818695,371602970096.0,"成交额 $507,173 ≥ 阈值 $500,000 | 成交量 5,404 手",US.NFLX,2026-05-08 06:53:34
US.NKE260515P57500,NKE 260515 57.50P,44.41,1490,1970850.0,PUT,2026-05-15,57.5,584,103.68,-0.948486741,0.016531119,-0.038337818,0.006867477,8,100.0,US.NKE,13.05,13.45,13.05,13.62,0.29475343391128134,65766193135.53,"成交额 $1,970,850 ≥ 阈值 $500,000 | 成交量 1,490 手",US.NKE,2026-05-08 06:54:50
US.NKE260515P52500,NKE 260515 52.50P,44.41,1092,887200.0,PUT,2026-05-15,52.5,272,56.398,-0.982048093,0.018393678,-0.006517272,0.002768177,8,100.0,US.NKE,8.15,8.19,8.05,8.6421,0.18216617878856123,65766193135.53,"成交额 $887,200 ≥ 阈值 $500,000 | 成交量 1,092 手",US.NKE,2026-05-08 06:54:50
US.NKE260618C45000,NKE 260618 45.00C,44.41,2880,503058.0,CALL,2026-06-18,45.0,12572,32.008,0.488494222,0.082790698,-0.025047133,0.060008553,42,100.0,US.NKE,1.59,1.88,1.59,1.565,-0.01328529610448105,65766193135.53,"成交额 $503,058 ≥ 阈值 $500,000 | 成交量 2,880 手",US.NKE,2026-05-08 06:54:50
US.NOC260515P635000,NOC 260515 635.00P,552.27,203,1650426.0,PUT,2026-05-15,635.0,159,65.6,-0.920032436,0.002917498,-0.436518472,0.12022546,8,100.0,US.NOC,81.3,81.31,81.3,75.8318,0.14979991670740764,78440827790.52,"成交额 $1,650,426 ≥ 阈值 $500,000 | 成交量 203 手",US.NOC,2026-05-08 06:54:52
US.NOW260618P160000,NOW 260618 160.00P,93.59,2270,15044900.0,PUT,2026-06-18,160.0,779,86.937,-0.965787025,0.004479974,-0.018047944,0.022855367,42,100.0,US.NOW,65.3,67.8,65.3,70.95,0.7095843573031306,96520115720.0,"成交额 $15,044,900 ≥ 阈值 $500,000 | 成交量 2,270 手",US.NOW,2026-05-08 06:55:30
US.NOW260618P220000,NOW 260618 220.00P,93.59,569,7163698.0,PUT,2026-06-18,220.0,160,161.46,-0.906538512,0.003652663,-0.088395718,0.05250729,42,100.0,US.NOW,124.8,128.1,124.8,130.95,1.3506784912918046,96520115720.0,"成交额 $7,163,698 ≥ 阈值 $500,000 | 成交量 569 手",US.NOW,2026-05-08 06:55:30
US.NOW260618P148000,NOW 260618 148.00P,93.59,1300,7024000.0,PUT,2026-06-18,148.0,369,104.095,-0.872153174,0.006784314,-0.072523614,0.065892168,42,100.0,US.NOW,53.6,55.0,53.6,58.95,0.5813655305053959,96520115720.0,"成交额 $7,024,000 ≥ 阈值 $500,000 | 成交量 1,300 手",US.NOW,2026-05-08 06:55:30
US.NOW260515P128000,NOW 260515 128.00P,93.59,1697,5801790.0,PUT,2026-05-15,128.0,579,128.237,-0.942223563,0.006821539,-0.112202133,0.015875848,8,100.0,US.NOW,33.9,35.6,33.9,38.95,0.36766748584250447,96520115720.0,"成交额 $5,801,790 ≥ 阈值 $500,000 | 成交量 1,697 手",US.NOW,2026-05-08 06:55:30
US.NOW260618P178000,NOW 260618 178.00P,93.59,640,5381600.0,PUT,2026-06-18,178.0,185,129.067,-0.89905335,0.004761384,-0.074902281,0.055577432,42,100.0,US.NOW,84.9,84.9,82.3,88.95,0.9019125974997328,96520115720.0,"成交额 $5,381,600 ≥ 阈值 $500,000 | 成交量 640 手",US.NOW,2026-05-08 06:55:30
US.NOW260821C100000,NOW 260821 100.00C,93.59,4522,4451913.0,CALL,2026-08-21,100.0,4847,57.954,0.491136858,0.013651168,-0.05879191,0.201070187,106,100.0,US.NOW,8.6,10.6,8.6,7.4,-0.06849022331445663,96520115720.0,"成交额 $4,451,913 ≥ 阈值 $500,000 | 成交量 4,522 手",US.NOW,2026-05-08 06:55:30
US.NOW260618C100000,NOW 260618 100.00C,93.59,8459,4176484.0,CALL,2026-06-18,100.0,10138,54.452,0.403580306,0.022424533,-0.083523658,0.122799223,42,100.0,US.NOW,4.0,5.46,3.9,3.0254,-0.06849022331445663,96520115720.0,"成交额 $4,176,484 ≥ 阈值 $500,000 | 成交量 8,459 手",US.NOW,2026-05-08 06:55:30
US.NOW260618P174000,NOW 260618 174.00P,93.59,510,4144300.0,PUT,2026-06-18,174.0,120,124.803,-0.899756454,0.004906664,-0.071895327,0.055278471,42,100.0,US.NOW,78.5,84.9,78.5,84.95,0.8591729885671545,96520115720.0,"成交额 $4,144,300 ≥ 阈值 $500,000 | 成交量 510 手",US.NOW,2026-05-08 06:55:30
US.NOW260515P144000,NOW 260515 144.00P,93.59,770,3814400.0,PUT,2026-05-15,144.0,198,0.0,0.0,0.0,0.0,0.0,8,100.0,US.NOW,50.2,50.2,48.5,54.95,0.5386259215728175,96520115720.0,"成交额 $3,814,400 ≥ 阈值 $500,000 | 成交量 770 手",US.NOW,2026-05-08 06:55:30
US.NOW260515P148000,NOW 260515 148.00P,93.59,705,3774800.0,PUT,2026-05-15,148.0,171,0.0,0.0,0.0,0.0,0.0,8,100.0,US.NOW,54.6,54.6,52.0,58.95,0.5813655305053959,96520115720.0,"成交额 $3,774,800 ≥ 阈值 $500,000 | 成交量 705 手",US.NOW,2026-05-08 06:55:30
US.NOW260515P136000,NOW 260515 136.00P,93.59,710,2988500.0,PUT,2026-05-15,136.0,185,0.0,0.0,0.0,0.0,0.0,8,100.0,US.NOW,41.5,42.9,41.5,46.95,0.453146703707661,96520115720.0,"成交额 $2,988,500 ≥ 阈值 $500,000 | 成交量 710 手",US.NOW,2026-05-08 06:55:30
US.NOW260515P140000,NOW 260515 140.00P,93.59,610,2826200.0,PUT,2026-05-15,140.0,170,0.0,0.0,0.0,0.0,0.0,8,100.0,US.NOW,46.2,46.6,46.2,50.95,0.4958863126402393,96520115720.0,"成交额 $2,826,200 ≥ 阈值 $500,000 | 成交量 610 手",US.NOW,2026-05-08 06:55:30
US.NOW260618P216000,NOW 260618 216.00P,93.59,220,2664200.0,PUT,2026-06-18,216.0,45,0.0,0.0,0.0,0.0,0.0,42,100.0,US.NOW,123.9,123.9,118.3,126.95,1.3079388823592264,96520115720.0,"成交额 $2,664,200 ≥ 阈值 $500,000 | 成交量 220 手",US.NOW,2026-05-08 06:55:30
US.NOW260515C95000,NOW 260515 95.00C,93.59,9246,2547937.0,CALL,2026-05-15,95.0,9143,55.048,0.446590979,0.052134995,-0.199669594,0.054463906,8,100.0,US.NOW,2.0,3.6,2.0,1.175,-0.015065712148733802,96520115720.0,"成交额 $2,547,937 ≥ 阈值 $500,000 | 成交量 9,246 手",US.NOW,2026-05-08 06:55:30
US.NOW260515P152000,NOW 260515 152.00P,93.59,388,2286000.0,PUT,2026-05-15,152.0,81,188.229,-0.947497538,0.004295303,-0.152654714,0.014730783,8,100.0,US.NOW,57.9,60.0,57.9,62.95,0.6241051394379741,96520115720.0,"成交额 $2,286,000 ≥ 阈值 $500,000 | 成交量 388 手",US.NOW,2026-05-08 06:55:30
US.NOW260717C100000,NOW 260717 100.00C,93.59,3171,2148665.0,CALL,2026-07-17,100.0,5461,53.919,0.448238689,0.017785263,-0.065784447,0.163177254,71,100.0,US.NOW,6.0,7.5,6.0,4.7,-0.06849022331445663,96520115720.0,"成交额 $2,148,665 ≥ 阈值 $500,000 | 成交量 3,171 手",US.NOW,2026-05-08 06:55:30
US.NOW260618P162000,NOW 260618 162.00P,93.59,300,1960330.0,PUT,2026-06-18,162.0,72,82.967,-0.982122801,0.004121123,-0.008868166,0.012667579,42,100.0,US.NOW,65.3,65.4,65.3,72.95,0.7309541617694197,96520115720.0,"成交额 $1,960,330 ≥ 阈值 $500,000 | 成交量 300 手",US.NOW,2026-05-08 06:55:30
US.NOW260515C90000,NOW 260515 90.00C,93.59,2398,1412741.0,CALL,2026-05-15,90.0,4324,56.133,0.699953497,0.044966128,-0.180478074,0.047899091,8,100.0,US.NOW,4.2,6.75,4.2,2.75,0.03835879901698903,96520115720.0,"成交额 $1,412,741 ≥ 阈值 $500,000 | 成交量 2,398 手",US.NOW,2026-05-08 06:55:30
US.NOW260717C95000,NOW 260717 95.00C,93.59,1491,1376750.0,CALL,2026-07-17,95.0,1602,54.086,0.534342353,0.017814758,-0.066899386,0.163955931,71,100.0,US.NOW,7.8,9.7,7.8,6.3,-0.015065712148733802,96520115720.0,"成交额 $1,376,750 ≥ 阈值 $500,000 | 成交量 1,491 手",US.NOW,2026-05-08 06:55:30
US.NOW260821C110000,NOW 260821 110.00C,93.59,1865,1223914.0,CALL,2026-08-21,110.0,4103,58.196,0.372645577,0.012898722,-0.055356269,0.190777576,106,100.0,US.NOW,5.93,7.11,5.93,4.75,-0.1753392456459023,96520115720.0,"成交额 $1,223,914 ≥ 阈值 $500,000 | 成交量 1,865 手",US.NOW,2026-05-08 06:55:30
US.NOW260821C90000,NOW 260821 90.00C,93.59,732,1047307.0,CALL,2026-08-21,90.0,2274,58.8,0.623721709,0.012805493,-0.05769992,0.191369174,106,100.0,US.NOW,13.5,15.2,13.0,11.1409,0.03835879901698903,96520115720.0,"成交额 $1,047,307 ≥ 阈值 $500,000 | 成交量 732 手",US.NOW,2026-05-08 06:55:30
US.NOW260618P144000,NOW 260618 144.00P,93.59,200,1000000.0,PUT,2026-06-18,144.0,114,79.014,-0.939007408,0.006185186,-0.028260287,0.03726098,42,100.0,US.NOW,50.0,50.0,50.0,54.95,0.5386259215728175,96520115720.0,"成交额 $1,000,000 ≥ 阈值 $500,000 | 成交量 200 手",US.NOW,2026-05-08 06:55:30
US.NOW260508C95000,NOW 260508 95.00C,93.59,6837,902700.0,CALL,2026-05-08,95.0,5615,66.788,0.333776007,0.116687098,-0.640532488,0.016981152,1,100.0,US.NOW,0.65,1.95,0.6,0.271,-0.015065712148733802,96520115720.0,"成交额 $902,700 ≥ 阈值 $500,000 | 成交量 6,837 手",US.NOW,2026-05-08 06:55:30
US.NOW260515P124000,NOW 260515 124.00P,93.59,280,862400.0,PUT,2026-05-15,124.0,72,0.0,0.0,0.0,0.0,0.0,8,100.0,US.NOW,30.2,31.6,30.2,34.95,0.32492787690992625,96520115720.0,"成交额 $862,400 ≥ 阈值 $500,000 | 成交量 280 手",US.NOW,2026-05-08 06:55:30
US.NOW260618C95000,NOW 260618 95.00C,93.59,1261,861230.0,CALL,2026-06-18,95.0,6365,53.885,0.512896023,0.023333696,-0.085949237,0.126448617,42,100.0,US.NOW,5.6,7.7,5.6,4.3996,-0.015065712148733802,96520115720.0,"成交额 $861,230 ≥ 阈值 $500,000 | 成交量 1,261 手",US.NOW,2026-05-08 06:55:30
US.NOW260508C68000,NOW 260508 68.00C,93.59,311,789883.0,CALL,2026-05-08,68.0,6,216.658,0.998696927,0.000424296,-0.026340806,0.000200342,1,100.0,US.NOW,26.0,27.5,24.59,21.0881,0.2734266481461695,96520115720.0,"成交额 $789,883 ≥ 阈值 $500,000 | 成交量 311 手",US.NOW,2026-05-08 06:55:30
US.NOW260508C92000,NOW 260508 92.00C,93.59,2766,746464.0,CALL,2026-05-08,92.0,1728,65.638,0.706273347,0.112384914,-0.598329816,0.016073395,1,100.0,US.NOW,1.7,4.0,1.7,0.6765,0.016988994550699896,96520115720.0,"成交额 $746,464 ≥ 阈值 $500,000 | 成交量 2,766 手",US.NOW,2026-05-08 06:55:30
US.NOW260515C100000,NOW 260515 100.00C,93.59,4965,646550.0,CALL,2026-05-15,100.0,14463,56.777,0.22921018,0.038747577,-0.153567853,0.041746194,8,100.0,US.NOW,0.85,1.66,0.8,0.4755,-0.06849022331445663,96520115720.0,"成交额 $646,550 ≥ 阈值 $500,000 | 成交量 4,965 手",US.NOW,2026-05-08 06:55:30
US.NOW260508C100000,NOW 260508 100.00C,93.59,23707,632349.0,CALL,2026-05-08,100.0,7712,88.423,0.069705236,0.032424004,-0.294504187,0.006246988,1,100.0,US.NOW,0.19,0.4,0.1,0.0784,-0.06849022331445663,96520115720.0,"成交额 $632,349 ≥ 阈值 $500,000 | 成交量 23,707 手",US.NOW,2026-05-08 06:55:30
US.NOW260508C90000,NOW 260508 90.00C,93.59,1422,600619.0,CALL,2026-05-08,90.0,5115,74.147,0.859614254,0.064427384,-0.430984776,0.010408504,1,100.0,US.NOW,2.8,5.69,2.8,1.3043,0.03835879901698903,96520115720.0,"成交额 $600,619 ≥ 阈值 $500,000 | 成交量 1,422 手",US.NOW,2026-05-08 06:55:30
US.NOW260508C67000,NOW 260508 67.00C,93.59,211,553520.0,CALL,2026-05-08,67.0,6,0.0,0.0,0.0,0.0,0.0,1,100.0,US.NOW,26.91,27.93,25.52,22.0875,0.28411155037931407,96520115720.0,"成交额 $553,520 ≥ 阈值 $500,000 | 成交量 211 手",US.NOW,2026-05-08 06:55:30
US.ON260918C115000,ON 260918 115.00C,100.61,1015,1046592.0,CALL,2026-09-18,115.0,1584,60.702,0.443006325,0.010674335,-0.058086815,0.240624317,134,100.0,US.ON,10.9,10.9,10.07,12.5593,-0.14302753205446775,39429380046.51,"成交额 $1,046,592 ≥ 阈值 $500,000 | 成交量 1,015 手",US.ON,2026-05-08 06:58:48
US.ON260515P100000,ON 260515 100.00P,100.61,3031,1005010.0,PUT,2026-05-15,100.0,366,62.989,-0.452331203,0.042500499,-0.236907959,0.058648826,8,100.0,US.ON,2.2,3.7,2.2,1.9766,-0.006063015604810649,39429380046.51,"成交额 $1,005,010 ≥ 阈值 $500,000 | 成交量 3,031 手",US.ON,2026-05-08 06:58:48
US.ON260918C145000,ON 260918 145.00C,100.61,1508,639944.0,CALL,2026-09-18,145.0,2520,63.078,0.232532212,0.007947694,-0.045756795,0.18616021,134,100.0,US.ON,4.93,4.93,4.24,5.7939,-0.4412086273730246,39429380046.51,"成交额 $639,944 ≥ 阈值 $500,000 | 成交量 1,508 手",US.ON,2026-05-08 06:58:48
US.ON260717C120000,ON 260717 120.00C,100.61,1371,619652.0,CALL,2026-07-17,120.0,420,57.537,0.29452713,0.01351286,-0.064685935,0.152883064,71,100.0,US.ON,5.68,5.68,4.15,6.3487,-0.19272438127422722,39429380046.51,"成交额 $619,652 ≥ 阈值 $500,000 | 成交量 1,371 手",US.ON,2026-05-08 06:58:48
US.ORCL260618C230000,ORCL 260618 230.00C,194.59,13740,11245860.0,CALL,2026-06-18,230.0,29377,71.412,0.290268641,0.007272723,-0.197868362,0.225793107,42,100.0,US.ORCL,8.65,9.2,6.45,7.3,-0.1819723521249807,559649791140.0,"成交额 $11,245,860 ≥ 阈值 $500,000 | 成交量 13,740 手",US.ORCL,2026-05-08 06:58:51
US.ORCL260515C200000,ORCL 260515 200.00C,194.59,14962,9137665.0,CALL,2026-05-15,200.0,30960,62.628,0.404084523,0.021592557,-0.460092169,0.11095231,8,100.0,US.ORCL,6.3,7.87,3.9,5.2256,-0.027802045326070182,559649791140.0,"成交额 $9,137,665 ≥ 阈值 $500,000 | 成交量 14,962 手",US.ORCL,2026-05-08 06:58:51
US.ORCL260508C200000,ORCL 260508 200.00C,194.59,35775,8653797.0,CALL,2026-05-08,200.0,12768,89.129,0.276825449,0.038680325,-1.624280663,0.032504478,1,100.0,US.ORCL,4.0,4.2,0.77,2.155,-0.027802045326070182,559649791140.0,"成交额 $8,653,797 ≥ 阈值 $500,000 | 成交量 35,775 手",US.ORCL,2026-05-08 06:58:51
US.ORCL260717C210000,ORCL 260717 210.00C,194.59,4623,8047907.0,CALL,2026-07-17,210.0,1468,63.737,0.457950836,0.007257152,-0.160722647,0.340258867,71,100.0,US.ORCL,17.35,18.45,14.68,15.725,-0.0791921475923737,559649791140.0,"成交额 $8,047,907 ≥ 阈值 $500,000 | 成交量 4,623 手",US.ORCL,2026-05-08 06:58:51
US.ORCL260618C200000,ORCL 260618 200.00C,194.59,3820,6564349.0,CALL,2026-06-18,200.0,37399,70.521,0.508874779,0.00857738,-0.230852248,0.262983769,42,100.0,US.ORCL,18.69,19.26,14.25,15.925,-0.027802045326070182,559649791140.0,"成交额 $6,564,349 ≥ 阈值 $500,000 | 成交量 3,820 手",US.ORCL,2026-05-08 06:58:51
US.ORCL260515C210000,ORCL 260515 210.00C,194.59,23096,5839907.0,CALL,2026-05-15,210.0,16588,64.701,0.228349565,0.016318228,-0.362321489,0.08662067,8,100.0,US.ORCL,4.5,4.5,1.79,2.65,-0.0791921475923737,559649791140.0,"成交额 $5,839,907 ≥ 阈值 $500,000 | 成交量 23,096 手",US.ORCL,2026-05-08 06:58:51
US.ORCL260515C175000,ORCL 260515 175.00C,194.59,2315,5308358.0,CALL,2026-05-15,175.0,10642,62.837,0.885309431,0.01076345,-0.233032673,0.055486653,8,100.0,US.ORCL,25.24,26.09,18.02,20.8995,0.1006732103396886,559649791140.0,"成交额 $5,308,358 ≥ 阈值 $500,000 | 成交量 2,315 手",US.ORCL,2026-05-08 06:58:51
US.ORCL260515C205000,ORCL 260515 205.00C,194.59,11743,4857459.0,CALL,2026-05-15,205.0,2392,63.356,0.307234712,0.019363952,-0.417833384,0.100654232,8,100.0,US.ORCL,5.55,5.75,2.56,3.75,-0.05349709645922193,559649791140.0,"成交额 $4,857,459 ≥ 阈值 $500,000 | 成交量 11,743 手",US.ORCL,2026-05-08 06:58:51
US.ORCL260717C200000,ORCL 260717 200.00C,194.59,2283,4639893.0,CALL,2026-07-17,200.0,9760,63.682,0.527063595,0.007287232,-0.16209871,0.341375932,71,100.0,US.ORCL,21.0,22.95,18.36,19.4,-0.027802045326070182,559649791140.0,"成交额 $4,639,893 ≥ 阈值 $500,000 | 成交量 2,283 手",US.ORCL,2026-05-08 06:58:51
US.ORCL260618C210000,ORCL 260618 210.00C,194.59,3231,4308918.0,CALL,2026-06-18,210.0,11778,70.454,0.427662466,0.008446096,-0.225697062,0.258710566,42,100.0,US.ORCL,14.69,15.04,10.9,12.3,-0.0791921475923737,559649791140.0,"成交额 $4,308,918 ≥ 阈值 $500,000 | 成交量 3,231 手",US.ORCL,2026-05-08 06:58:51
US.ORCL260508C190000,ORCL 260508 190.00C,194.59,5299,4248372.0,CALL,2026-05-08,190.0,9656,86.9,0.717102193,0.040091869,-1.612117359,0.032848464,1,100.0,US.ORCL,8.85,11.05,4.13,6.8374,0.02358805694023333,559649791140.0,"成交额 $4,248,372 ≥ 阈值 $500,000 | 成交量 5,299 手",US.ORCL,2026-05-08 06:58:51
US.ORCL260515C195000,ORCL 260515 195.00C,194.59,5532,4236720.0,CALL,2026-05-15,195.0,8576,62.57,0.512676353,0.022247979,-0.476370327,0.114214585,8,100.0,US.ORCL,8.85,10.5,5.4,7.2294,-0.0021069941929184265,559649791140.0,"成交额 $4,236,720 ≥ 阈值 $500,000 | 成交量 5,532 手",US.ORCL,2026-05-08 06:58:51
US.ORCL260717P195000,ORCL 260717 195.00P,194.59,1666,3466155.0,PUT,2026-07-17,195.0,313,65.355,-0.437665418,0.00707459,-0.147028454,0.337725927,71,100.0,US.ORCL,20.0,22.0,19.4,21.275,0.0021069941929184265,559649791140.0,"成交额 $3,466,155 ≥ 阈值 $500,000 | 成交量 1,666 手",US.ORCL,2026-05-08 06:58:51
US.ORCL260508C180000,ORCL 260508 180.00C,194.59,2093,3436014.0,CALL,2026-05-08,180.0,5739,98.361,0.946767924,0.011349888,-0.563517182,0.010525672,1,100.0,US.ORCL,19.29,20.1,12.15,14.7573,0.07497815920653683,559649791140.0,"成交额 $3,436,014 ≥ 阈值 $500,000 | 成交量 2,093 手",US.ORCL,2026-05-08 06:58:51
US.ORCL260515C190000,ORCL 260515 190.00C,194.59,3053,3361272.0,CALL,2026-05-15,190.0,14814,62.046,0.623876007,0.021355979,-0.451100842,0.108717079,8,100.0,US.ORCL,13.85,13.85,7.68,9.9869,0.02358805694023333,559649791140.0,"成交额 $3,361,272 ≥ 阈值 $500,000 | 成交量 3,053 手",US.ORCL,2026-05-08 06:58:51
US.ORCL260717P190000,ORCL 260717 190.00P,194.59,1818,3207820.0,PUT,2026-07-17,190.0,1218,64.991,-0.402314016,0.006977873,-0.144120048,0.331645759,71,100.0,US.ORCL,16.7,19.25,16.45,18.725,-0.02358805694023333,559649791140.0,"成交额 $3,207,820 ≥ 阈值 $500,000 | 成交量 1,818 手",US.ORCL,2026-05-08 06:58:51
US.ORCL261120C200000,ORCL 261120 200.00C,194.59,966,3197553.0,CALL,2026-11-20,200.0,1521,59.336,0.579326139,0.004610357,-0.092284672,0.558934756,197,100.0,US.ORCL,34.04,36.04,31.48,32.6154,-0.027802045326070182,559649791140.0,"成交额 $3,197,553 ≥ 阈值 $500,000 | 成交量 966 手",US.ORCL,2026-05-08 06:58:51
US.ORCL260515P290000,ORCL 260515 290.00P,194.59,321,3078480.0,PUT,2026-05-15,290.0,60,134.961,-0.974168117,0.001781753,-0.113590251,0.017016162,8,100.0,US.ORCL,95.4,96.8,95.4,95.97,0.49031296572280175,559649791140.0,"成交额 $3,078,480 ≥ 阈值 $500,000 | 成交量 321 手",US.ORCL,2026-05-08 06:58:51
US.ORCL260618C190000,ORCL 260618 190.00C,194.59,1301,2724737.0,CALL,2026-06-18,190.0,12437,70.452,0.593631586,0.008350259,-0.225744716,0.255770177,42,100.0,US.ORCL,23.45,24.2,18.45,20.5578,0.02358805694023333,559649791140.0,"成交额 $2,724,737 ≥ 阈值 $500,000 | 成交量 1,301 手",US.ORCL,2026-05-08 06:58:51
US.ORCL260821C300000,ORCL 260821 300.00C,194.59,5668,2680163.0,CALL,2026-08-21,300.0,8093,63.387,0.143194524,0.003401506,-0.073147458,0.236873051,106,100.0,US.ORCL,4.34,5.0,3.8,4.1,-0.5417030679891053,559649791140.0,"成交额 $2,680,163 ≥ 阈值 $500,000 | 成交量 5,668 手",US.ORCL,2026-05-08 06:58:51
US.ORCL260508P195000,ORCL 260508 195.00P,194.59,8919,2592608.0,PUT,2026-05-08,195.0,183,85.752,-0.510282486,0.047903494,-1.864941622,0.038723566,1,100.0,US.ORCL,3.0,5.7,1.8,4.8737,0.0021069941929184265,559649791140.0,"成交额 $2,592,608 ≥ 阈值 $500,000 | 成交量 8,919 手",US.ORCL,2026-05-08 06:58:51
US.ORCL260618C240000,ORCL 260618 240.00C,194.59,4158,2548642.0,CALL,2026-06-18,240.0,11080,72.183,0.236344417,0.006476922,-0.179322404,0.203251988,42,100.0,US.ORCL,6.55,7.1,4.9,5.7,-0.23336245439128422,559649791140.0,"成交额 $2,548,642 ≥ 阈值 $500,000 | 成交量 4,158 手",US.ORCL,2026-05-08 06:58:51
US.ORCL260508C195000,ORCL 260508 195.00C,194.59,6196,2521726.0,CALL,2026-05-08,195.0,4817,85.559,0.489698652,0.048003695,-1.879875878,0.038724548,1,100.0,US.ORCL,6.5,7.3,1.89,3.975,-0.0021069941929184265,559649791140.0,"成交额 $2,521,726 ≥ 阈值 $500,000 | 成交量 6,196 手",US.ORCL,2026-05-08 06:58:51
US.ORCL260515C192500,ORCL 260515 192.50C,194.59,2852,2520883.0,CALL,2026-05-15,192.5,2626,62.05,0.568496475,0.022114087,-0.466661117,0.112583549,8,100.0,US.ORCL,9.4,12.0,6.9,8.6013,0.010740531373657452,559649791140.0,"成交额 $2,520,883 ≥ 阈值 $500,000 | 成交量 2,852 手",US.ORCL,2026-05-08 06:58:51
US.ORCL260508C197500,ORCL 260508 197.50C,194.59,7934,2449566.0,CALL,2026-05-08,197.5,2882,86.781,0.374851429,0.044994448,-1.805260578,0.03681515,1,100.0,US.ORCL,5.42,5.55,1.25,3.0,-0.014954519759494304,559649791140.0,"成交额 $2,449,566 ≥ 阈值 $500,000 | 成交量 7,934 手",US.ORCL,2026-05-08 06:58:51
US.ORCL260515C185000,ORCL 260515 185.00C,194.59,1515,2427447.0,CALL,2026-05-15,185.0,12582,63.452,0.724495017,0.018375134,-0.405637287,0.095659473,8,100.0,US.ORCL,16.33,17.5,10.79,13.135,0.04928310807338508,559649791140.0,"成交额 $2,427,447 ≥ 阈值 $500,000 | 成交量 1,515 手",US.ORCL,2026-05-08 06:58:51
US.ORCL260515C170000,ORCL 260515 170.00C,194.59,828,2321865.0,CALL,2026-05-15,170.0,12795,63.451,0.933397205,0.007109331,-0.158548749,0.037008024,8,100.0,US.ORCL,28.03,30.62,24.0,25.3131,0.12636826147284036,559649791140.0,"成交额 $2,321,865 ≥ 阈值 $500,000 | 成交量 828 手",US.ORCL,2026-05-08 06:58:51
US.ORCL260618C195000,ORCL 260618 195.00C,194.59,1129,2269237.0,CALL,2026-06-18,195.0,4871,70.366,0.550907141,0.008528307,-0.229233819,0.260904564,42,100.0,US.ORCL,19.63,21.66,16.8,18.1673,-0.0021069941929184265,559649791140.0,"成交额 $2,269,237 ≥ 阈值 $500,000 | 成交量 1,129 手",US.ORCL,2026-05-08 06:58:51
US.ORCL260618C250000,ORCL 260618 250.00C,194.59,4524,2254835.0,CALL,2026-06-18,250.0,28719,73.009,0.191547302,0.005665134,-0.159861238,0.179810519,42,100.0,US.ORCL,5.2,5.6,4.0,4.4,-0.28475255665758775,559649791140.0,"成交额 $2,254,835 ≥ 阈值 $500,000 | 成交量 4,524 手",US.ORCL,2026-05-08 06:58:51
US.ORCL260618C220000,ORCL 260618 220.00C,194.59,2213,2252093.0,CALL,2026-06-18,220.0,10456,70.079,0.351793854,0.008030763,-0.211356817,0.244675782,42,100.0,US.ORCL,11.15,11.7,8.31,9.5,-0.1305822498586772,559649791140.0,"成交额 $2,252,093 ≥ 阈值 $500,000 | 成交量 2,213 手",US.ORCL,2026-05-08 06:58:51
US.ORCL260515P280000,ORCL 260515 280.00P,194.59,260,2226200.0,PUT,2026-05-15,280.0,50,122.067,-0.976136114,0.001893107,-0.094033517,0.015882061,8,100.0,US.ORCL,84.84,86.4,84.84,85.97,0.4389228634564983,559649791140.0,"成交额 $2,226,200 ≥ 阈值 $500,000 | 成交量 260 手",US.ORCL,2026-05-08 06:58:51
US.ORCL260522C177500,ORCL 260522 177.50C,194.59,905,2112612.0,CALL,2026-05-22,177.5,1035,63.519,0.785775873,0.011672147,-0.259598593,0.114663622,15,100.0,US.ORCL,24.35,24.48,19.65,20.4292,0.08782568477311271,559649791140.0,"成交额 $2,112,612 ≥ 阈值 $500,000 | 成交量 905 手",US.ORCL,2026-05-08 06:58:51
US.ORCL260508C185000,ORCL 260508 185.00C,194.59,1699,2110218.0,CALL,2026-05-08,185.0,4584,82.85,0.893493034,0.022836962,-0.818179772,0.01783817,1,100.0,US.ORCL,14.54,15.6,7.3,10.4127,0.04928310807338508,559649791140.0,"成交额 $2,110,218 ≥ 阈值 $500,000 | 成交量 1,699 手",US.ORCL,2026-05-08 06:58:51
US.ORCL260717C230000,ORCL 260717 230.00C,194.59,1806,2091762.0,CALL,2026-07-17,230.0,2703,64.433,0.336608364,0.006604712,-0.148042121,0.313037684,71,100.0,US.ORCL,10.5,12.3,9.57,10.2,-0.1819723521249807,559649791140.0,"成交额 $2,091,762 ≥ 阈值 $500,000 | 成交量 1,806 手",US.ORCL,2026-05-08 06:58:51
US.ORCL260618C185000,ORCL 260618 185.00C,194.59,817,2065394.0,CALL,2026-06-18,185.0,7693,71.477,0.635725454,0.007970028,-0.222440517,0.247673608,42,100.0,US.ORCL,26.34,27.1,21.0,23.2217,0.04928310807338508,559649791140.0,"成交额 $2,065,394 ≥ 阈值 $500,000 | 成交量 817 手",US.ORCL,2026-05-08 06:58:51
US.ORCL260522C200000,ORCL 260522 200.00C,194.59,2352,1963569.0,CALL,2026-05-22,200.0,2545,61.661,0.442046401,0.016277317,-0.33417189,0.155234702,15,100.0,US.ORCL,9.02,10.6,6.0,7.5948,-0.027802045326070182,559649791140.0,"成交额 $1,963,569 ≥ 阈值 $500,000 | 成交量 2,352 手",US.ORCL,2026-05-08 06:58:51
US.ORCL260508P190000,ORCL 260508 190.00P,194.59,14140,1822251.0,PUT,2026-05-08,190.0,805,86.204,-0.281465768,0.040318999,-1.576410251,0.03276789,1,100.0,US.ORCL,1.62,3.0,0.78,2.735,-0.02358805694023333,559649791140.0,"成交额 $1,822,251 ≥ 阈值 $500,000 | 成交量 14,140 手",US.ORCL,2026-05-08 06:58:51
US.ORCL260508C202500,ORCL 260508 202.50C,194.59,10436,1784677.0,CALL,2026-05-08,202.5,3589,92.053,0.19975775,0.031298386,-1.387257097,0.027163712,1,100.0,US.ORCL,2.64,3.1,0.54,1.57,-0.04064957089264606,559649791140.0,"成交额 $1,784,677 ≥ 阈值 $500,000 | 成交量 10,436 手",US.ORCL,2026-05-08 06:58:51
US.ORCL260508C205000,ORCL 260508 205.00C,194.59,13938,1742390.0,CALL,2026-05-08,205.0,2644,95.784,0.143538624,0.024339089,-1.154000441,0.021979915,1,100.0,US.ORCL,1.88,2.28,0.36,1.125,-0.05349709645922193,559649791140.0,"成交额 $1,742,390 ≥ 阈值 $500,000 | 成交量 13,938 手",US.ORCL,2026-05-08 06:58:51
US.ORCL260618C180000,ORCL 260618 180.00C,194.59,644,1714806.0,CALL,2026-06-18,180.0,7455,70.597,0.678288298,0.007699502,-0.210701346,0.236319075,42,100.0,US.ORCL,29.45,30.5,24.0,26.1341,0.07497815920653683,559649791140.0,"成交额 $1,714,806 ≥ 阈值 $500,000 | 成交量 644 手",US.ORCL,2026-05-08 06:58:51
US.ORCL260717C220000,ORCL 260717 220.00C,194.59,1278,1654558.0,CALL,2026-07-17,220.0,9378,64.332,0.395091266,0.006978815,-0.156613783,0.330257512,71,100.0,US.ORCL,14.19,15.15,11.36,12.65,-0.1305822498586772,559649791140.0,"成交额 $1,654,558 ≥ 阈值 $500,000 | 成交量 1,278 手",US.ORCL,2026-05-08 06:58:51
US.ORCL260529C210000,ORCL 260529 210.00C,194.59,2458,1604359.0,CALL,2026-05-29,210.0,6811,59.101,0.330393796,0.012859246,-0.240773158,0.172728224,22,100.0,US.ORCL,7.3,7.8,4.7,5.786,-0.0791921475923737,559649791140.0,"成交额 $1,604,359 ≥ 阈值 $500,000 | 成交量 2,458 手",US.ORCL,2026-05-08 06:58:51
US.ORCL260515C197500,ORCL 260515 197.50C,194.59,2262,1603170.0,CALL,2026-05-15,197.5,1258,62.309,0.457250371,0.022224157,-0.470564685,0.113615232,8,100.0,US.ORCL,8.97,9.1,4.6,6.227,-0.014954519759494304,559649791140.0,"成交额 $1,603,170 ≥ 阈值 $500,000 | 成交量 2,262 手",US.ORCL,2026-05-08 06:58:51
US.ORCL260717P210000,ORCL 260717 210.00P,194.59,508,1526464.0,PUT,2026-07-17,210.0,900,63.615,-0.545081576,0.007350161,-0.141496344,0.339494854,71,100.0,US.ORCL,28.67,30.65,27.4,30.32,0.0791921475923737,559649791140.0,"成交额 $1,526,464 ≥ 阈值 $500,000 | 成交量 508 手",US.ORCL,2026-05-08 06:58:51
US.ORCL260522C195000,ORCL 260522 195.00C,194.59,1471,1464500.0,CALL,2026-05-22,195.0,1173,61.11,0.522637282,0.01657288,-0.33584696,0.156641303,15,100.0,US.ORCL,10.51,13.1,8.2,9.75,-0.0021069941929184265,559649791140.0,"成交额 $1,464,500 ≥ 阈值 $500,000 | 成交量 1,471 手",US.ORCL,2026-05-08 06:58:51
US.ORCL260717P200000,ORCL 260717 200.00P,194.59,594,1432380.0,PUT,2026-07-17,200.0,1693,64.753,-0.473550975,0.007223035,-0.146399972,0.341096314,71,100.0,US.ORCL,22.47,24.85,21.5,24.0327,0.027802045326070182,559649791140.0,"成交额 $1,432,380 ≥ 阈值 $500,000 | 成交量 594 手",US.ORCL,2026-05-08 06:58:51
US.ORCL260821C230000,ORCL 260821 230.00C,194.59,944,1427564.0,CALL,2026-08-21,230.0,1727,60.214,0.37424557,0.00600404,-0.119019527,0.397203619,106,100.0,US.ORCL,14.85,16.0,12.5,13.7,-0.1819723521249807,559649791140.0,"成交额 $1,427,564 ≥ 阈值 $500,000 | 成交量 944 手",US.ORCL,2026-05-08 06:58:51
US.ORCL260522C190000,ORCL 260522 190.00C,194.59,1004,1368189.0,CALL,2026-05-22,190.0,770,61.627,0.604837966,0.015888706,-0.328838116,0.151444017,15,100.0,US.ORCL,13.85,16.0,10.22,12.3239,0.02358805694023333,559649791140.0,"成交额 $1,368,189 ≥ 阈值 $500,000 | 成交量 1,004 手",US.ORCL,2026-05-08 06:58:51
US.ORCL260618P195000,ORCL 260618 195.00P,194.59,747,1362638.0,PUT,2026-06-18,195.0,2537,69.958,-0.450385295,0.00861379,-0.209753511,0.260888971,42,100.0,US.ORCL,16.45,19.3,15.83,18.175,0.0021069941929184265,559649791140.0,"成交额 $1,362,638 ≥ 阈值 $500,000 | 成交量 747 手",US.ORCL,2026-05-08 06:58:51
US.ORCL260618C300000,ORCL 260618 300.00C,194.59,7964,1330773.0,CALL,2026-06-18,300.0,15261,78.831,0.070600322,0.002600139,-0.084202325,0.089112196,42,100.0,US.ORCL,1.77,1.99,1.25,1.4676,-0.5417030679891053,559649791140.0,"成交额 $1,330,773 ≥ 阈值 $500,000 | 成交量 7,964 手",US.ORCL,2026-05-08 06:58:51
US.ORCL260515P190000,ORCL 260515 190.00P,194.59,3090,1309575.0,PUT,2026-05-15,190.0,1170,62.85,-0.377419002,0.021119103,-0.438715699,0.108819403,8,100.0,US.ORCL,3.95,6.26,3.42,5.6345,-0.02358805694023333,559649791140.0,"成交额 $1,309,575 ≥ 阈值 $500,000 | 成交量 3,090 手",US.ORCL,2026-05-08 06:58:51
US.ORCL260821C180000,ORCL 260821 180.00C,194.59,368,1304031.0,CALL,2026-08-21,180.0,1879,61.054,0.667709924,0.005674505,-0.119621143,0.380645121,106,100.0,US.ORCL,36.05,37.0,32.37,33.0667,0.07497815920653683,559649791140.0,"成交额 $1,304,031 ≥ 阈值 $500,000 | 成交量 368 手",US.ORCL,2026-05-08 06:58:51
US.ORCL260529C200000,ORCL 260529 200.00C,194.59,1262,1297177.0,CALL,2026-05-29,200.0,1875,59.709,0.460430314,0.013945755,-0.268845653,0.189255606,22,100.0,US.ORCL,11.3,12.5,7.85,9.0798,-0.027802045326070182,559649791140.0,"成交额 $1,297,177 ≥ 阈值 $500,000 | 成交量 1,262 手",US.ORCL,2026-05-08 06:58:51
US.ORCL260717P170000,ORCL 260717 170.00P,194.59,1205,1217997.0,PUT,2026-07-17,170.0,4379,64.601,-0.261352163,0.005883967,-0.121995861,0.278855264,71,100.0,US.ORCL,9.52,10.65,8.77,10.35,-0.12636826147284036,559649791140.0,"成交额 $1,217,997 ≥ 阈值 $500,000 | 成交量 1,205 手",US.ORCL,2026-05-08 06:58:51
US.ORCL260515P180000,ORCL 260515 180.00P,194.59,7213,1159727.0,PUT,2026-05-15,180.0,4619,65.239,-0.192833576,0.014656812,-0.323262198,0.078427533,8,100.0,US.ORCL,1.71,2.69,1.37,2.4154,-0.07497815920653683,559649791140.0,"成交额 $1,159,727 ≥ 阈值 $500,000 | 成交量 7,213 手",US.ORCL,2026-05-08 06:58:51
US.ORCL260821C200000,ORCL 260821 200.00C,194.59,479,1157201.0,CALL,2026-08-21,200.0,3463,60.18,0.543850291,0.006286085,-0.126590352,0.415638243,106,100.0,US.ORCL,25.7,27.3,21.7,23.475,-0.027802045326070182,559649791140.0,"成交额 $1,157,201 ≥ 阈值 $500,000 | 成交量 479 手",US.ORCL,2026-05-08 06:58:51
US.ORCL260618P185000,ORCL 260618 185.00P,194.59,888,1155334.0,PUT,2026-06-18,185.0,5839,70.517,-0.364460854,0.008098898,-0.202035706,0.247640355,42,100.0,US.ORCL,12.32,13.65,11.35,13.25,-0.04928310807338508,559649791140.0,"成交额 $1,155,334 ≥ 阈值 $500,000 | 成交量 888 手",US.ORCL,2026-05-08 06:58:51
US.ORCL260508P192500,ORCL 260508 192.50P,194.59,4416,1103182.0,PUT,2026-05-08,192.5,347,85.178,-0.390745177,0.046418218,-1.782083738,0.037274747,1,100.0,US.ORCL,1.99,4.3,1.24,3.6,-0.010740531373657452,559649791140.0,"成交额 $1,103,182 ≥ 阈值 $500,000 | 成交量 4,416 手",US.ORCL,2026-05-08 06:58:51
US.ORCL260508C192500,ORCL 260508 192.50C,194.59,1954,1084121.0,CALL,2026-05-08,192.5,2422,85.384,0.609064903,0.046308651,-1.805686949,0.037280519,1,100.0,US.ORCL,8.2,9.0,2.76,5.202,0.010740531373657452,559649791140.0,"成交额 $1,084,121 ≥ 阈值 $500,000 | 成交量 1,954 手",US.ORCL,2026-05-08 06:58:51
US.ORCL260717C250000,ORCL 260717 250.00C,194.59,1624,1076478.0,CALL,2026-07-17,250.0,3468,64.591,0.237957301,0.005585401,-0.124911752,0.265367819,71,100.0,US.ORCL,7.5,8.2,6.0,6.65,-0.28475255665758775,559649791140.0,"成交额 $1,076,478 ≥ 阈值 $500,000 | 成交量 1,624 手",US.ORCL,2026-05-08 06:58:51
US.ORCL260515C180000,ORCL 260515 180.00C,194.59,585,1070018.0,CALL,2026-05-15,180.0,13135,63.098,0.814356543,0.014800814,-0.32268576,0.076618516,8,100.0,US.ORCL,20.55,21.5,15.0,16.7673,0.07497815920653683,559649791140.0,"成交额 $1,070,018 ≥ 阈值 $500,000 | 成交量 585 手",US.ORCL,2026-05-08 06:58:51
US.ORCL260918C200000,ORCL 260918 200.00C,194.59,362,1055580.0,CALL,2026-09-18,200.0,7745,62.146,0.559976174,0.005384758,-0.116188937,0.464882162,134,100.0,US.ORCL,30.35,31.13,25.64,27.475,-0.027802045326070182,559649791140.0,"成交额 $1,055,580 ≥ 阈值 $500,000 | 成交量 362 手",US.ORCL,2026-05-08 06:58:51
US.ORCL260821P180000,ORCL 260821 180.00P,194.59,643,1053782.0,PUT,2026-08-21,180.0,3437,62.094,-0.334670566,0.005627512,-0.105037022,0.381484166,106,100.0,US.ORCL,15.89,17.95,15.45,17.175,-0.07497815920653683,559649791140.0,"成交额 $1,053,782 ≥ 阈值 $500,000 | 成交量 643 手",US.ORCL,2026-05-08 06:58:51
US.ORCL260717C180000,ORCL 260717 180.00C,194.59,342,1047529.0,CALL,2026-07-17,180.0,3690,63.745,0.671151237,0.006614602,-0.149978512,0.310167404,71,100.0,US.ORCL,33.05,33.24,28.0,29.3378,0.07497815920653683,559649791140.0,"成交额 $1,047,529 ≥ 阈值 $500,000 | 成交量 342 手",US.ORCL,2026-05-08 06:58:51
US.ORCL260529C145000,ORCL 260529 145.00C,194.59,210,1040982.0,CALL,2026-05-29,145.0,67,55.496,0.987698689,0.001206178,-0.03267854,0.015220824,22,100.0,US.ORCL,49.22,49.81,49.07,50.039,0.2548435171385991,559649791140.0,"成交额 $1,040,982 ≥ 阈值 $500,000 | 成交量 210 手",US.ORCL,2026-05-08 06:58:51
US.ORCL261016C200000,ORCL 261016 200.00C,194.59,307,994666.0,CALL,2026-10-16,200.0,2018,60.288,0.568581651,0.005030202,-0.103044673,0.509374652,162,100.0,US.ORCL,31.76,33.15,29.2,29.9538,-0.027802045326070182,559649791140.0,"成交额 $994,666 ≥ 阈值 $500,000 | 成交量 307 手",US.ORCL,2026-05-08 06:58:51
US.ORCL260605C200000,ORCL 260605 200.00C,194.59,808,979801.0,CALL,2026-06-05,200.0,1698,58.265,0.473039055,0.012474382,-0.229690558,0.217974029,29,100.0,US.ORCL,13.26,13.65,8.91,10.6059,-0.027802045326070182,559649791140.0,"成交额 $979,801 ≥ 阈值 $500,000 | 成交量 808 手",US.ORCL,2026-05-08 06:58:51
US.ORCL260717C240000,ORCL 260717 240.00C,194.59,1045,971242.0,CALL,2026-07-17,240.0,4491,64.983,0.286260637,0.006104158,-0.138624918,0.291779467,71,100.0,US.ORCL,8.5,9.78,7.9,8.35,-0.23336245439128422,559649791140.0,"成交额 $971,242 ≥ 阈值 $500,000 | 成交量 1,045 手",US.ORCL,2026-05-08 06:58:51
US.ORCL260605C190000,ORCL 260605 190.00C,194.59,577,970281.0,CALL,2026-06-05,190.0,1056,57.521,0.597252827,0.012286384,-0.222812326,0.211948738,29,100.0,US.ORCL,16.29,18.95,13.68,15.4272,0.02358805694023333,559649791140.0,"成交额 $970,281 ≥ 阈值 $500,000 | 成交量 577 手",US.ORCL,2026-05-08 06:58:51
US.ORCL260918C210000,ORCL 260918 210.00C,194.59,383,924247.0,CALL,2026-09-18,210.0,6876,62.636,0.509607203,0.005402248,-0.117625652,0.470067974,134,100.0,US.ORCL,25.15,26.79,22.0,23.6,-0.0791921475923737,559649791140.0,"成交额 $924,247 ≥ 阈值 $500,000 | 成交量 383 手",US.ORCL,2026-05-08 06:58:51
US.ORCL260508C170000,ORCL 260508 170.00C,194.59,333,919830.0,CALL,2026-05-08,170.0,4181,150.463,0.966975288,0.005042106,-0.573896064,0.007152978,1,100.0,US.ORCL,29.21,30.01,22.8,24.2709,0.12636826147284036,559649791140.0,"成交额 $919,830 ≥ 阈值 $500,000 | 成交量 333 手",US.ORCL,2026-05-08 06:58:51
US.ORCL260717P180000,ORCL 260717 180.00P,194.59,694,910831.0,PUT,2026-07-17,180.0,2334,64.914,-0.33101571,0.006535957,-0.135877477,0.31085239,71,100.0,US.ORCL,13.02,14.45,12.55,14.05,-0.07497815920653683,559649791140.0,"成交额 $910,831 ≥ 阈值 $500,000 | 成交量 694 手",US.ORCL,2026-05-08 06:58:51
US.ORCL260618C170000,ORCL 260618 170.00C,194.59,261,881982.0,CALL,2026-06-18,170.0,7912,71.645,0.756506745,0.006632396,-0.188779812,0.2065873,42,100.0,US.ORCL,35.0,37.0,31.27,32.555,0.12636826147284036,559649791140.0,"成交额 $881,982 ≥ 阈值 $500,000 | 成交量 261 手",US.ORCL,2026-05-08 06:58:51
US.ORCL260508C182500,ORCL 260508 182.50C,194.59,546,846276.0,CALL,2026-05-08,182.5,3087,98.685,0.908084532,0.017213587,-0.869266314,0.016015868,1,100.0,US.ORCL,17.0,17.8,9.62,12.5725,0.06213063363996096,559649791140.0,"成交额 $846,276 ≥ 阈值 $500,000 | 成交量 546 手",US.ORCL,2026-05-08 06:58:51
US.ORCL260821C250000,ORCL 260821 250.00C,194.59,832,843494.0,CALL,2026-08-21,250.0,5393,61.613,0.288717485,0.005289231,-0.108878142,0.358032187,106,100.0,US.ORCL,9.4,11.45,8.72,9.675,-0.28475255665758775,559649791140.0,"成交额 $843,494 ≥ 阈值 $500,000 | 成交量 832 手",US.ORCL,2026-05-08 06:58:51
US.ORCL260515C155000,ORCL 260515 155.00C,194.59,211,836071.0,CALL,2026-05-15,155.0,6876,0.0,0.0,0.0,0.0,0.0,8,100.0,US.ORCL,44.36,44.95,38.03,39.625,0.2034534148722956,559649791140.0,"成交额 $836,071 ≥ 阈值 $500,000 | 成交量 211 手",US.ORCL,2026-05-08 06:58:51
US.ORCL260508C175000,ORCL 260508 175.00C,194.59,378,828553.0,CALL,2026-05-08,175.0,3598,0.0,0.0,0.0,0.0,0.0,1,100.0,US.ORCL,24.0,25.3,17.13,19.4215,0.1006732103396886,559649791140.0,"成交额 $828,553 ≥ 阈值 $500,000 | 成交量 378 手",US.ORCL,2026-05-08 06:58:51
US.ORCL260821P160000,ORCL 260821 160.00P,194.59,891,802901.0,PUT,2026-08-21,160.0,3021,62.621,-0.218612724,0.004507323,-0.087002095,0.309142518,106,100.0,US.ORCL,9.3,9.89,8.82,9.825,-0.17775836373914386,559649791140.0,"成交额 $802,901 ≥ 阈值 $500,000 | 成交量 891 手",US.ORCL,2026-05-08 06:58:51
US.ORCL260508P197500,ORCL 260508 197.50P,194.59,2061,800809.0,PUT,2026-05-08,197.5,91,87.394,-0.624248303,0.044725964,-1.800194073,0.036841392,1,100.0,US.ORCL,4.75,7.5,2.68,6.3998,0.014954519759494304,559649791140.0,"成交额 $800,809 ≥ 阈值 $500,000 | 成交量 2,061 手",US.ORCL,2026-05-08 06:58:51
US.ORCL260618P180000,ORCL 260618 180.00P,194.59,747,781682.0,PUT,2026-06-18,180.0,8626,70.261,-0.321940345,0.007753036,-0.19257101,0.236329356,42,100.0,US.ORCL,10.37,11.59,9.48,11.175,-0.07497815920653683,559649791140.0,"成交额 $781,682 ≥ 阈值 $500,000 | 成交量 747 手",US.ORCL,2026-05-08 06:58:51
US.ORCL261120C210000,ORCL 261120 210.00C,194.59,266,779084.0,CALL,2026-11-20,210.0,560,59.779,0.536181698,0.004649598,-0.093785483,0.567897182,197,100.0,US.ORCL,31.6,32.15,28.2,28.7509,-0.0791921475923737,559649791140.0,"成交额 $779,084 ≥ 阈值 $500,000 | 成交量 266 手",US.ORCL,2026-05-08 06:58:51
US.ORCL260618C270000,ORCL 260618 270.00C,194.59,2678,775818.0,CALL,2026-06-18,270.0,5156,74.737,0.125041009,0.004178231,-0.122700583,0.135754734,42,100.0,US.ORCL,3.33,3.5,2.48,2.76,-0.38753276119019475,559649791140.0,"成交额 $775,818 ≥ 阈值 $500,000 | 成交量 2,678 手",US.ORCL,2026-05-08 06:58:51
US.ORCL260918C190000,ORCL 260918 190.00C,194.59,239,762057.0,CALL,2026-09-18,190.0,6333,62.945,0.613455297,0.00515838,-0.114898025,0.451060179,134,100.0,US.ORCL,34.33,36.0,30.95,32.0304,0.02358805694023333,559649791140.0,"成交额 $762,057 ≥ 阈值 $500,000 | 成交量 239 手",US.ORCL,2026-05-08 06:58:51
US.ORCL260717C195000,ORCL 260717 195.00C,194.59,329,759595.0,CALL,2026-07-17,195.0,3134,63.53,0.562691188,0.007230975,-0.160671863,0.337930316,71,100.0,US.ORCL,24.15,25.1,20.4,21.6225,-0.0021069941929184265,559649791140.0,"成交额 $759,595 ≥ 阈值 $500,000 | 成交量 329 手",US.ORCL,2026-05-08 06:58:51
US.ORCL260717C190000,ORCL 260717 190.00C,194.59,311,755566.0,CALL,2026-07-17,190.0,2943,63.358,0.598892206,0.00711468,-0.157896281,0.331596104,71,100.0,US.ORCL,26.79,27.65,22.6,24.0526,0.02358805694023333,559649791140.0,"成交额 $755,566 ≥ 阈值 $500,000 | 成交量 311 手",US.ORCL,2026-05-08 06:58:51
US.ORCL260918C250000,ORCL 260918 250.00C,194.59,550,747625.0,CALL,2026-09-18,250.0,7040,62.639,0.331619728,0.004914854,-0.105253246,0.427656451,134,100.0,US.ORCL,14.31,15.25,12.0,12.8,-0.28475255665758775,559649791140.0,"成交额 $747,625 ≥ 阈值 $500,000 | 成交量 550 手",US.ORCL,2026-05-08 06:58:51
US.ORCL260508C187500,ORCL 260508 187.50C,194.59,728,728306.0,CALL,2026-05-08,187.5,4506,101.162,0.777059638,0.0303729,-1.645193918,0.028969238,1,100.0,US.ORCL,12.25,13.15,5.64,8.4777,0.03643558250680921,559649791140.0,"成交额 $728,306 ≥ 阈值 $500,000 | 成交量 728 手",US.ORCL,2026-05-08 06:58:51
US.ORCL260522C205000,ORCL 260522 205.00C,194.59,1100,721678.0,CALL,2026-05-22,205.0,597,61.845,0.36597473,0.015467834,-0.317773238,0.147951602,15,100.0,US.ORCL,6.68,8.15,4.7,5.8968,-0.05349709645922193,559649791140.0,"成交额 $721,678 ≥ 阈值 $500,000 | 成交量 1,100 手",US.ORCL,2026-05-08 06:58:51
US.ORCL260508C210000,ORCL 260508 210.00C,194.59,11593,712409.0,CALL,2026-05-08,210.0,5334,105.339,0.07753009,0.01419319,-0.793928799,0.014096164,1,100.0,US.ORCL,0.87,1.35,0.2,0.62,-0.0791921475923737,559649791140.0,"成交额 $712,409 ≥ 阈值 $500,000 | 成交量 11,593 手",US.ORCL,2026-05-08 06:58:51
US.ORCL260618P165000,ORCL 260618 165.00P,194.59,1162,711878.0,PUT,2026-06-18,165.0,7817,71.784,-0.207320351,0.006048356,-0.157827059,0.188564981,42,100.0,US.ORCL,6.0,6.5,5.25,6.25,-0.1520633126059921,559649791140.0,"成交额 $711,878 ≥ 阈值 $500,000 | 成交量 1,162 手",US.ORCL,2026-05-08 06:58:51
US.ORCL260821P190000,ORCL 260821 190.00P,194.59,338,711799.0,PUT,2026-08-21,190.0,1060,61.631,-0.395972863,0.006012607,-0.10933281,0.403502965,106,100.0,US.ORCL,21.25,22.2,19.92,22.0,-0.02358805694023333,559649791140.0,"成交额 $711,799 ≥ 阈值 $500,000 | 成交量 338 手",US.ORCL,2026-05-08 06:58:51
US.ORCL260508C177500,ORCL 260508 177.50C,194.59,363,681147.0,CALL,2026-05-08,177.5,2023,91.447,0.979287399,0.005616942,-0.241923968,0.004843438,1,100.0,US.ORCL,20.35,22.32,15.0,17.0769,0.08782568477311271,559649791140.0,"成交额 $681,147 ≥ 阈值 $500,000 | 成交量 363 手",US.ORCL,2026-05-08 06:58:51
US.ORCL260515P192500,ORCL 260515 192.50P,194.59,1234,671581.0,PUT,2026-05-15,192.5,279,62.616,-0.432049118,0.021938213,-0.452222233,0.112592444,8,100.0,US.ORCL,5.6,7.55,4.39,6.75,-0.010740531373657452,559649791140.0,"成交额 $671,581 ≥ 阈值 $500,000 | 成交量 1,234 手",US.ORCL,2026-05-08 06:58:51
US.ORCL260515C220000,ORCL 260515 220.00C,194.59,4296,655473.0,CALL,2026-05-15,220.0,10846,68.726,0.124089577,0.01040357,-0.25257313,0.058659064,8,100.0,US.ORCL,1.95,2.13,0.95,1.33,-0.1305822498586772,559649791140.0,"成交额 $655,473 ≥ 阈值 $500,000 | 成交量 4,296 手",US.ORCL,2026-05-08 06:58:51
US.ORCL260515P197500,ORCL 260515 197.50P,194.59,789,603715.0,PUT,2026-05-15,197.5,113,62.449,-0.542962912,0.022207378,-0.45265369,0.11358027,8,100.0,US.ORCL,8.0,10.01,6.18,9.3798,0.014954519759494304,559649791140.0,"成交额 $603,715 ≥ 阈值 $500,000 | 成交量 789 手",US.ORCL,2026-05-08 06:58:51
US.ORCL260508P200000,ORCL 260508 200.00P,194.59,1120,589395.0,PUT,2026-05-08,200.0,91,89.516,-0.722341912,0.038590715,-1.614643923,0.03255002,1,100.0,US.ORCL,4.75,8.4,3.9,8.0563,0.027802045326070182,559649791140.0,"成交额 $589,395 ≥ 阈值 $500,000 | 成交量 1,120 手",US.ORCL,2026-05-08 06:58:51
US.ORCL260515P200000,ORCL 260515 200.00P,194.59,624,586272.0,PUT,2026-05-15,200.0,415,62.555,-0.59654529,0.021655076,-0.440372766,0.110873058,8,100.0,US.ORCL,10.1,12.17,7.42,10.8813,0.027802045326070182,559649791140.0,"成交额 $586,272 ≥ 阈值 $500,000 | 成交量 624 手",US.ORCL,2026-05-08 06:58:51
US.ORCL260821C220000,ORCL 260821 220.00C,194.59,315,554162.0,CALL,2026-08-21,220.0,1388,60.66,0.428638534,0.006173623,-0.124741409,0.411452582,106,100.0,US.ORCL,18.3,19.4,15.1,16.45,-0.1305822498586772,559649791140.0,"成交额 $554,162 ≥ 阈值 $500,000 | 成交量 315 手",US.ORCL,2026-05-08 06:58:51
US.ORCL260618P150000,ORCL 260618 150.00P,194.59,1976,535640.0,PUT,2026-06-18,150.0,11561,73.255,-0.117318005,0.004077276,-0.11105006,0.129793228,42,100.0,US.ORCL,2.53,3.3,2.5,3.225,-0.22914846600544736,559649791140.0,"成交额 $535,640 ≥ 阈值 $500,000 | 成交量 1,976 手",US.ORCL,2026-05-08 06:58:51
US.ORCL260618P190000,ORCL 260618 190.00P,194.59,347,519325.0,PUT,2026-06-18,190.0,7749,70.074,-0.407245634,0.008424753,-0.206737137,0.255808946,42,100.0,US.ORCL,15.0,16.45,13.3,15.575,-0.02358805694023333,559649791140.0,"成交额 $519,325 ≥ 阈值 $500,000 | 成交量 347 手",US.ORCL,2026-05-08 06:58:51
US.PANW260515C190000,PANW 260515 190.00C,196.53,9339,7710598.0,CALL,2026-05-15,190.0,20522,43.485,0.716426146,0.02692318,-0.289090627,0.097970326,8,100.0,US.PANW,4.25,11.2,4.25,2.855,0.03322647941790058,160368480000.0,"成交额 $7,710,598 ≥ 阈值 $500,000 | 成交量 9,339 手",US.PANW,2026-05-08 07:00:10
US.PANW260618P190000,PANW 260618 190.00P,196.53,4087,3994502.0,PUT,2026-06-18,190.0,777,48.869,-0.378623094,0.011729828,-0.141025142,0.253102324,42,100.0,US.PANW,11.48,11.48,9.2,15.4922,-0.03322647941790058,160368480000.0,"成交额 $3,994,502 ≥ 阈值 $500,000 | 成交量 4,087 手",US.PANW,2026-05-08 07:00:10
US.PANW260515C170000,PANW 260515 170.00C,196.53,547,1408054.0,CALL,2026-05-15,170.0,2842,0.0,0.0,0.0,0.0,0.0,8,100.0,US.PANW,21.59,28.15,21.59,14.9836,0.13499211316338472,160368480000.0,"成交额 $1,408,054 ≥ 阈值 $500,000 | 成交量 547 手",US.PANW,2026-05-08 07:00:10
US.PANW260618P160000,PANW 260618 160.00P,196.53,6929,1404220.0,PUT,2026-06-18,160.0,8833,53.469,-0.106135,0.00514849,-0.075668053,0.121997732,42,100.0,US.PANW,2.38,2.7,1.9,3.675,-0.18587493003612682,160368480000.0,"成交额 $1,404,220 ≥ 阈值 $500,000 | 成交量 6,929 手",US.PANW,2026-05-08 07:00:10
US.PANW260515C205000,PANW 260515 205.00C,196.53,5160,1287754.0,CALL,2026-05-15,205.0,7850,41.312,0.257694689,0.027016053,-0.252761577,0.093391815,8,100.0,US.PANW,1.85,3.05,1.15,0.4351,-0.043097745891212534,160368480000.0,"成交额 $1,287,754 ≥ 阈值 $500,000 | 成交量 5,160 手",US.PANW,2026-05-08 07:00:10
US.PANW260522C185000,PANW 260522 185.00C,196.53,835,1127208.0,CALL,2026-05-22,185.0,1115,28.841,0.862571551,0.019186017,-0.100052891,0.087258706,15,100.0,US.PANW,10.5,16.35,8.3,6.425,0.05866788785427162,160368480000.0,"成交额 $1,127,208 ≥ 阈值 $500,000 | 成交量 835 手",US.PANW,2026-05-08 07:00:10
US.PANW260618C185000,PANW 260618 185.00C,196.53,562,1085486.0,CALL,2026-06-18,185.0,2658,49.472,0.680629159,0.010845759,-0.152600027,0.237942825,42,100.0,US.PANW,16.45,21.5,16.15,11.8829,0.05866788785427162,160368480000.0,"成交额 $1,085,486 ≥ 阈值 $500,000 | 成交量 562 手",US.PANW,2026-05-08 07:00:10
US.PANW260717C190000,PANW 260717 190.00C,196.53,581,1082968.0,CALL,2026-07-17,190.0,1200,44.102,0.620760447,0.009960695,-0.113145143,0.329614428,71,100.0,US.PANW,18.0,21.02,15.9,12.575,0.03322647941790058,160368480000.0,"成交额 $1,082,968 ≥ 阈值 $500,000 | 成交量 581 手",US.PANW,2026-05-08 07:00:10
US.PANW260515C185000,PANW 260515 185.00C,196.53,817,1055295.0,CALL,2026-05-15,185.0,4043,47.514,0.818777432,0.019171415,-0.245604961,0.076221631,8,100.0,US.PANW,8.65,15.0,8.55,4.7469,0.05866788785427162,160368480000.0,"成交额 $1,055,295 ≥ 阈值 $500,000 | 成交量 817 手",US.PANW,2026-05-08 07:00:10
US.PANW260515C180000,PANW 260515 180.00C,196.53,598,1015294.0,CALL,2026-05-15,180.0,3187,51.087,0.888093736,0.01288085,-0.1912338,0.055061557,8,100.0,US.PANW,13.39,19.9,10.05,7.514,0.08410929629064265,160368480000.0,"成交额 $1,015,294 ≥ 阈值 $500,000 | 成交量 598 手",US.PANW,2026-05-08 07:00:10
US.PANW260618C200000,PANW 260618 200.00C,196.53,818,961254.0,CALL,2026-06-18,200.0,4403,47.155,0.498629892,0.01270393,-0.159027071,0.265668103,42,100.0,US.PANW,8.9,13.48,7.8,6.05,-0.017656337454841495,160368480000.0,"成交额 $961,254 ≥ 阈值 $500,000 | 成交量 818 手",US.PANW,2026-05-08 07:00:10
US.PANW260515C175000,PANW 260515 175.00C,196.53,456,961085.0,CALL,2026-05-15,175.0,4928,42.09,0.972350116,0.005221726,-0.061873113,0.018396242,8,100.0,US.PANW,17.35,24.6,17.35,10.8553,0.1095507047270137,160368480000.0,"成交额 $961,085 ≥ 阈值 $500,000 | 成交量 456 手",US.PANW,2026-05-08 07:00:10
US.PANW260605C195000,PANW 260605 195.00C,196.53,746,958922.0,CALL,2026-06-05,195.0,101,53.927,0.55820257,0.013232768,-0.21509715,0.218297511,29,100.0,US.PANW,9.7,13.61,9.7,6.175,0.007785070981529543,160368480000.0,"成交额 $958,922 ≥ 阈值 $500,000 | 成交量 746 手",US.PANW,2026-05-08 07:00:10
US.PANW260515C200000,PANW 260515 200.00C,196.53,2655,885259.0,CALL,2026-05-15,200.0,3264,41.253,0.403286329,0.032441484,-0.308653056,0.111997455,8,100.0,US.PANW,2.1,5.05,1.32,0.7887,-0.017656337454841495,160368480000.0,"成交额 $885,259 ≥ 阈值 $500,000 | 成交量 2,655 手",US.PANW,2026-05-08 07:00:10
US.PANW260605C200000,PANW 260605 200.00C,196.53,850,875299.0,CALL,2026-06-05,200.0,295,47.084,0.48244058,0.015304297,-0.18964508,0.220435729,29,100.0,US.PANW,6.2,11.8,6.2,4.575,-0.017656337454841495,160368480000.0,"成交额 $875,299 ≥ 阈值 $500,000 | 成交量 850 手",US.PANW,2026-05-08 07:00:10
US.PANW260918C200000,PANW 260918 200.00C,196.53,449,867665.0,CALL,2026-09-18,200.0,1824,44.056,0.546958088,0.007554232,-0.086422545,0.471599302,134,100.0,US.PANW,18.5,22.5,18.15,14.3,-0.017656337454841495,160368480000.0,"成交额 $867,665 ≥ 阈值 $500,000 | 成交量 449 手",US.PANW,2026-05-08 07:00:10
US.PANW260515C195000,PANW 260515 195.00C,196.53,1467,794411.0,CALL,2026-05-15,195.0,4904,42.533,0.56700673,0.031964417,-0.326741762,0.113775667,8,100.0,US.PANW,3.4,8.0,2.78,1.5235,0.007785070981529543,160368480000.0,"成交额 $794,411 ≥ 阈值 $500,000 | 成交量 1,467 手",US.PANW,2026-05-08 07:00:10
US.PANW260618C190000,PANW 260618 190.00C,196.53,478,761097.0,CALL,2026-06-18,190.0,4783,48.588,0.62285849,0.011740123,-0.158084111,0.252967394,42,100.0,US.PANW,14.05,18.43,14.05,9.7571,0.03322647941790058,160368480000.0,"成交额 $761,097 ≥ 阈值 $500,000 | 成交量 478 手",US.PANW,2026-05-08 07:00:10
US.PANW260918C230000,PANW 260918 230.00C,196.53,610,610941.0,CALL,2026-09-18,230.0,1604,42.892,0.335810273,0.007141972,-0.075203771,0.434048967,134,100.0,US.PANW,9.0,11.0,9.0,6.425,-0.17030478807306773,160368480000.0,"成交额 $610,941 ≥ 阈值 $500,000 | 成交量 610 手",US.PANW,2026-05-08 07:00:10
US.PANW260508C200000,PANW 260508 200.00C,196.53,4631,608252.0,CALL,2026-05-08,200.0,964,53.693,0.262183094,0.061881969,-0.962665542,0.031936461,1,100.0,US.PANW,0.48,2.75,0.21,0.09,-0.017656337454841495,160368480000.0,"成交额 $608,252 ≥ 阈值 $500,000 | 成交量 4,631 手",US.PANW,2026-05-08 07:00:10
US.PANW260508C190000,PANW 260508 190.00C,196.53,913,596606.0,CALL,2026-05-08,190.0,2010,52.152,0.905795008,0.03285155,-0.480961943,0.016466366,1,100.0,US.PANW,4.2,9.3,3.75,1.135,0.03322647941790058,160368480000.0,"成交额 $596,606 ≥ 阈值 $500,000 | 成交量 913 手",US.PANW,2026-05-08 07:00:10
US.PANW260529C200000,PANW 260529 200.00C,196.53,805,545809.0,CALL,2026-05-29,200.0,389,39.646,0.456566524,0.02077479,-0.183061558,0.190945711,22,100.0,US.PANW,3.9,8.5,3.9,2.4413,-0.017656337454841495,160368480000.0,"成交额 $545,809 ≥ 阈值 $500,000 | 成交量 805 手",US.PANW,2026-05-08 07:00:10
US.PANW260515C172500,PANW 260515 172.50C,196.53,211,505313.0,CALL,2026-05-15,172.5,709,0.0,0.0,0.0,0.0,0.0,8,100.0,US.PANW,20.03,25.61,20.03,12.8882,0.12227140894519921,160368480000.0,"成交额 $505,313 ≥ 阈值 $500,000 | 成交量 211 手",US.PANW,2026-05-08 07:00:10
US.PFE260618C23000,PFE 260618 23.00C,26.48,30627,11294756.0,CALL,2026-06-18,23.0,5944,0.0,0.0,0.0,0.0,0.0,42,100.0,US.PFE,3.26,3.55,3.18,3.5319,0.1314199395770393,150921281595.12,"成交额 $11,294,756 ≥ 阈值 $500,000 | 成交量 30,627 手",US.PFE,2026-05-08 07:02:07
US.PFE260618C20000,PFE 260618 20.00C,26.48,7140,4886700.0,CALL,2026-06-18,20.0,1334,0.0,0.0,0.0,0.0,0.0,42,100.0,US.PFE,6.45,6.6,6.4,6.5316,0.2447129909365559,150921281595.12,"成交额 $4,886,700 ≥ 阈值 $500,000 | 成交量 7,140 手",US.PFE,2026-05-08 07:02:07
US.PFE260918C18000,PFE 260918 18.00C,26.48,3240,2768400.0,CALL,2026-09-18,18.0,334,0.0,0.0,0.0,0.0,0.0,134,100.0,US.PFE,9.25,9.25,7.95,8.53,0.3202416918429003,150921281595.12,"成交额 $2,768,400 ≥ 阈值 $500,000 | 成交量 3,240 手",US.PFE,2026-05-08 07:02:07
US.PFE260618C18000,PFE 260618 18.00C,26.48,3061,2725163.0,CALL,2026-06-18,18.0,452,0.0,0.0,0.0,0.0,0.0,42,100.0,US.PFE,8.63,8.63,8.15,8.5314,0.3202416918429003,150921281595.12,"成交额 $2,725,163 ≥ 阈值 $500,000 | 成交量 3,061 手",US.PFE,2026-05-08 07:02:07
US.PFE260508C25000,PFE 260508 25.00C,26.48,16292,2400176.0,CALL,2026-05-08,25.0,2288,0.0,0.0,0.0,0.0,0.0,1,100.0,US.PFE,1.38,1.56,1.2,1.533,0.05589123867069488,150921281595.12,"成交额 $2,400,176 ≥ 阈值 $500,000 | 成交量 16,292 手",US.PFE,2026-05-08 07:02:07
US.PFE260618C22000,PFE 260618 22.00C,26.48,3600,1730400.0,CALL,2026-06-18,22.0,609,0.0,0.0,0.0,0.0,0.0,42,100.0,US.PFE,4.5,4.55,4.4,4.5318,0.1691842900302115,150921281595.12,"成交额 $1,730,400 ≥ 阈值 $500,000 | 成交量 3,600 手",US.PFE,2026-05-08 07:02:07
US.PFE260515C25000,PFE 260515 25.00C,26.48,10447,1602830.0,CALL,2026-05-15,25.0,1801,0.0,0.0,0.0,0.0,0.0,8,100.0,US.PFE,1.44,1.51,1.19,1.5323,0.05589123867069488,150921281595.12,"成交额 $1,602,830 ≥ 阈值 $500,000 | 成交量 10,447 手",US.PFE,2026-05-08 07:02:07
US.PFE260515C23000,PFE 260515 23.00C,26.48,4089,1501786.0,CALL,2026-05-15,23.0,616,0.0,0.0,0.0,0.0,0.0,8,100.0,US.PFE,3.38,3.6,3.21,3.5321,0.1314199395770393,150921281595.12,"成交额 $1,501,786 ≥ 阈值 $500,000 | 成交量 4,089 手",US.PFE,2026-05-08 07:02:07
US.PFE260618C24000,PFE 260618 24.00C,26.48,5404,1430333.0,CALL,2026-06-18,24.0,1295,15.871,0.973393247,0.043234568,-0.003349564,0.00553295,42,100.0,US.PFE,2.25,2.57,2.18,2.532,0.09365558912386708,150921281595.12,"成交额 $1,430,333 ≥ 阈值 $500,000 | 成交量 5,404 手",US.PFE,2026-05-08 07:02:07
US.PFE260918C20000,PFE 260918 20.00C,26.48,2162,1403752.0,CALL,2026-09-18,20.0,381,41.066,0.904305949,0.025798805,-0.005864129,0.027248147,134,100.0,US.PFE,6.56,6.75,6.35,6.53,0.2447129909365559,150921281595.12,"成交额 $1,403,752 ≥ 阈值 $500,000 | 成交量 2,162 手",US.PFE,2026-05-08 07:02:07
US.PFE260508C26000,PFE 260508 26.00C,26.48,27336,1302023.0,CALL,2026-05-08,26.0,4941,26.335,0.92015951,0.426747158,-0.030096577,0.001958782,1,100.0,US.PFE,0.56,0.65,0.2,0.5449,0.018126888217522674,150921281595.12,"成交额 $1,302,023 ≥ 阈值 $500,000 | 成交量 27,336 手",US.PFE,2026-05-08 07:02:07
US.PFE260618C15000,PFE 260618 15.00C,26.48,900,1091340.0,CALL,2026-06-18,15.0,169,0.0,0.0,0.0,0.0,0.0,42,100.0,US.PFE,10.6,11.51,10.6,11.5312,0.4335347432024169,150921281595.12,"成交额 $1,091,340 ≥ 阈值 $500,000 | 成交量 900 手",US.PFE,2026-05-08 07:02:07
US.PFE260618C21000,PFE 260618 21.00C,26.48,1800,1035960.0,CALL,2026-06-18,21.0,323,0.0,0.0,0.0,0.0,0.0,42,100.0,US.PFE,4.75,5.6,4.75,5.5317,0.2069486404833837,150921281595.12,"成交额 $1,035,960 ≥ 阈值 $500,000 | 成交量 1,800 手",US.PFE,2026-05-08 07:02:07
US.PFE260508C15000,PFE 260508 15.00C,26.48,450,510703.0,CALL,2026-05-08,15.0,62,0.0,0.0,0.0,0.0,0.0,1,100.0,US.PFE,11.41,11.6,11.2,11.5316,0.4335347432024169,150921281595.12,"成交额 $510,703 ≥ 阈值 $500,000 | 成交量 450 手",US.PFE,2026-05-08 07:02:07
US.PFE260508C25500,PFE 260508 25.50C,26.48,5168,508447.0,CALL,2026-05-08,25.5,894,35.478,0.984031061,0.085273731,-0.011892529,0.000528025,1,100.0,US.PFE,1.14,1.23,0.71,1.0337,0.03700906344410878,150921281595.12,"成交额 $508,447 ≥ 阈值 $500,000 | 成交量 5,168 手",US.PFE,2026-05-08 07:02:07
US.PG260618P170000,PG 260618 170.00P,146.06,332,758270.0,PUT,2026-06-18,170.0,115,0.0,0.0,0.0,0.0,0.0,42,100.0,US.PG,23.35,23.35,22.04,22.1,0.16390524442010132,340115166726.68,"成交额 $758,270 ≥ 阈值 $500,000 | 成交量 332 手",US.PG,2026-05-08 07:02:47
US.PLTR260508C140000,PLTR 260508 140.00C,137.05,47810,6549254.0,CALL,2026-05-08,140.0,16273,61.908,0.25103031,0.075248076,-0.755181763,0.021770461,1,100.0,US.PLTR,0.68,2.58,0.49,0.53,-0.02152499087924107,328551606447.85,"成交额 $6,549,254 ≥ 阈值 $500,000 | 成交量 47,810 手",US.PLTR,2026-05-08 07:04:10
US.PLTR260515C140000,PLTR 260515 140.00C,137.05,17050,5791182.0,CALL,2026-05-15,140.0,13254,49.722,0.40377393,0.0386102,-0.258377371,0.078124965,8,100.0,US.PLTR,2.34,4.85,2.3,2.0193,-0.02152499087924107,328551606447.85,"成交额 $5,791,182 ≥ 阈值 $500,000 | 成交量 17,050 手",US.PLTR,2026-05-08 07:04:10
US.PLTR260515C135000,PLTR 260515 135.00C,137.05,8762,5522495.0,CALL,2026-05-15,135.0,5593,49.846,0.599813457,0.038425728,-0.261337147,0.077945814,8,100.0,US.PLTR,4.1,7.9,4.1,3.725,0.014958044509303256,328551606447.85,"成交额 $5,522,495 ≥ 阈值 $500,000 | 成交量 8,762 手",US.PLTR,2026-05-08 07:04:10
US.PLTR260515P185000,PLTR 260515 185.00P,137.05,1042,4985860.0,PUT,2026-05-15,185.0,471,0.0,0.0,0.0,0.0,0.0,8,100.0,US.PLTR,48.17,48.17,46.81,51.2322,0.34987230937614,328551606447.85,"成交额 $4,985,860 ≥ 阈值 $500,000 | 成交量 1,042 手",US.PLTR,2026-05-08 07:04:10
US.PLTR260508C138000,PLTR 260508 138.00C,137.05,22087,4643086.0,CALL,2026-05-08,138.0,4057,60.353,0.416291821,0.094554882,-0.913775137,0.026670168,1,100.0,US.PLTR,1.04,3.85,0.99,0.85,-0.006931776723823339,328551606447.85,"成交额 $4,643,086 ≥ 阈值 $500,000 | 成交量 22,087 手",US.PLTR,2026-05-08 07:04:10
US.PLTR260508C139000,PLTR 260508 139.00C,137.05,19990,3661867.0,CALL,2026-05-08,139.0,4031,60.926,0.327548654,0.086686999,-0.849145038,0.024682672,1,100.0,US.PLTR,1.2,3.15,0.7,0.66,-0.014228383801532204,328551606447.85,"成交额 $3,661,867 ≥ 阈值 $500,000 | 成交量 19,990 手",US.PLTR,2026-05-08 07:04:10
US.PLTR260508C134000,PLTR 260508 134.00C,137.05,7595,2995718.0,CALL,2026-05-08,134.0,8306,64.139,0.764939518,0.070094029,-0.761560351,0.021009998,1,100.0,US.PLTR,2.64,7.15,2.55,2.165,0.02225465158701212,328551606447.85,"成交额 $2,995,718 ≥ 阈值 $500,000 | 成交量 7,595 手",US.PLTR,2026-05-08 07:04:10
US.PLTR260522P200000,PLTR 260522 200.00P,137.05,460,2907860.0,PUT,2026-05-22,200.0,126,89.584,-0.984355187,0.002695727,-0.022129788,0.010343939,15,100.0,US.PLTR,63.2,63.22,63.2,66.2273,0.45932141554177297,328551606447.85,"成交额 $2,907,860 ≥ 阈值 $500,000 | 成交量 460 手",US.PLTR,2026-05-08 07:04:10
US.PLTR260618C165000,PLTR 260618 165.00C,137.05,12177,2797354.0,CALL,2026-06-18,165.0,8848,51.053,0.16798287,0.010591897,-0.073053439,0.116602018,42,100.0,US.PLTR,1.82,2.8,1.82,1.665,-0.2039401678219627,328551606447.85,"成交额 $2,797,354 ≥ 阈值 $500,000 | 成交量 12,177 手",US.PLTR,2026-05-08 07:04:10
US.PLTR260522P210000,PLTR 260522 210.00P,137.05,350,2546250.0,PUT,2026-05-22,210.0,98,101.727,-0.982038057,0.002414417,-0.029638553,0.011766372,15,100.0,US.PLTR,72.75,72.75,72.75,76.21,0.5322874863188616,328551606447.85,"成交额 $2,546,250 ≥ 阈值 $500,000 | 成交量 350 手",US.PLTR,2026-05-08 07:04:10
US.PLTR260618C150000,PLTR 260618 150.00C,137.05,4992,2522638.0,CALL,2026-06-18,150.0,29568,48.667,0.330087274,0.01602567,-0.102134922,0.168186839,42,100.0,US.PLTR,4.15,6.1,3.95,3.7,-0.09449106165632971,328551606447.85,"成交额 $2,522,638 ≥ 阈值 $500,000 | 成交量 4,992 手",US.PLTR,2026-05-08 07:04:10
US.PLTR260508C137000,PLTR 260508 137.00C,137.05,10277,2464298.0,CALL,2026-05-08,137.0,2187,60.28,0.512041365,0.096763572,-0.935374041,0.027260523,1,100.0,US.PLTR,1.45,4.59,1.32,1.09,0.0003648303538855262,328551606447.85,"成交额 $2,464,298 ≥ 阈值 $500,000 | 成交量 10,277 手",US.PLTR,2026-05-08 07:04:10
US.PLTR260515C145000,PLTR 260515 145.00C,137.05,13556,2435583.0,CALL,2026-05-15,145.0,10458,50.448,0.238359275,0.03043253,-0.204953556,0.062472301,8,100.0,US.PLTR,1.23,2.74,1.23,1.0828,-0.058008026267785395,328551606447.85,"成交额 $2,435,583 ≥ 阈值 $500,000 | 成交量 13,556 手",US.PLTR,2026-05-08 07:04:10
US.PLTR260618C140000,PLTR 260618 140.00C,137.05,2799,2399814.0,CALL,2026-06-18,140.0,9303,48.396,0.491091154,0.017746057,-0.113523846,0.185217759,42,100.0,US.PLTR,7.7,10.11,7.42,6.5,-0.02152499087924107,328551606447.85,"成交额 $2,399,814 ≥ 阈值 $500,000 | 成交量 2,799 手",US.PLTR,2026-05-08 07:04:10
US.PLTR260508C136000,PLTR 260508 136.00C,137.05,6986,2254053.0,CALL,2026-05-08,136.0,4194,61.296,0.606339751,0.091800733,-0.917406614,0.026298003,1,100.0,US.PLTR,1.75,5.35,1.36,1.375,0.0076614374315943905,328551606447.85,"成交额 $2,254,053 ≥ 阈值 $500,000 | 成交量 6,986 手",US.PLTR,2026-05-08 07:04:10
US.PLTR260515P195000,PLTR 260515 195.00P,137.05,370,2143000.0,PUT,2026-05-15,195.0,109,0.0,0.0,0.0,0.0,0.0,8,100.0,US.PLTR,58.2,58.2,57.8,61.2143,0.4228383801532286,328551606447.85,"成交额 $2,143,000 ≥ 阈值 $500,000 | 成交量 370 手",US.PLTR,2026-05-08 07:04:10
US.PLTR260515C138000,PLTR 260515 138.00C,137.05,5058,2085848.0,CALL,2026-05-15,138.0,4295,49.33,0.480880007,0.040042657,-0.26534396,0.080386201,8,100.0,US.PLTR,2.99,5.91,2.99,2.5789,-0.006931776723823339,328551606447.85,"成交额 $2,085,848 ≥ 阈值 $500,000 | 成交量 5,058 手",US.PLTR,2026-05-08 07:04:10
US.PLTR260515P200000,PLTR 260515 200.00P,137.05,310,1950800.0,PUT,2026-05-15,200.0,92,101.774,-0.999995383,0.000923203,0.0,0.000120552,8,100.0,US.PLTR,63.2,63.2,62.8,66.21,0.45932141554177297,328551606447.85,"成交额 $1,950,800 ≥ 阈值 $500,000 | 成交量 310 手",US.PLTR,2026-05-08 07:04:10
US.PLTR260508P138000,PLTR 260508 138.00P,137.05,9088,1703751.0,PUT,2026-05-08,138.0,4978,56.493,-0.590206033,0.100687072,-0.838911868,0.026570648,1,100.0,US.PLTR,4.02,4.02,0.89,5.0214,0.006931776723823339,328551606447.85,"成交额 $1,703,751 ≥ 阈值 $500,000 | 成交量 9,088 手",US.PLTR,2026-05-08 07:04:10
US.PLTR260515P190000,PLTR 260515 190.00P,137.05,300,1600500.0,PUT,2026-05-15,190.0,310,89.294,-0.999994454,0.001109058,0.0,0.000144623,8,100.0,US.PLTR,53.35,53.35,53.35,56.2202,0.3863553447646843,328551606447.85,"成交额 $1,600,500 ≥ 阈值 $500,000 | 成交量 300 手",US.PLTR,2026-05-08 07:04:10
US.PLTR260508C135000,PLTR 260508 135.00C,137.05,4086,1539170.0,CALL,2026-05-08,135.0,3694,61.083,0.695968215,0.083763437,-0.829199025,0.023911568,1,100.0,US.PLTR,2.07,6.3,2.05,1.725,0.014958044509303256,328551606447.85,"成交额 $1,539,170 ≥ 阈值 $500,000 | 成交量 4,086 手",US.PLTR,2026-05-08 07:04:10
US.PLTR260508P137000,PLTR 260508 137.00P,137.05,10016,1436301.0,PUT,2026-05-08,137.0,2119,57.244,-0.488007202,0.101919403,-0.87518418,0.027259378,1,100.0,US.PLTR,2.78,2.83,0.65,4.2606,-0.0003648303538855262,328551606447.85,"成交额 $1,436,301 ≥ 阈值 $500,000 | 成交量 10,016 手",US.PLTR,2026-05-08 07:04:10
US.PLTR260618C145000,PLTR 260618 145.00C,137.05,2157,1421461.0,CALL,2026-06-18,145.0,10324,48.48,0.406861237,0.017234791,-0.109750088,0.180188427,42,100.0,US.PLTR,5.22,7.85,5.22,4.925,-0.058008026267785395,328551606447.85,"成交额 $1,421,461 ≥ 阈值 $500,000 | 成交量 2,157 手",US.PLTR,2026-05-08 07:04:10
US.PLTR260508P140000,PLTR 260508 140.00P,137.05,5535,1410774.0,PUT,2026-05-08,140.0,6238,58.989,-0.760079971,0.077172531,-0.688180262,0.021243551,1,100.0,US.PLTR,5.75,5.75,1.59,6.7033,0.02152499087924107,328551606447.85,"成交额 $1,410,774 ≥ 阈值 $500,000 | 成交量 5,535 手",US.PLTR,2026-05-08 07:04:10
US.PLTR260717C140000,PLTR 260717 140.00C,137.05,1230,1391959.0,CALL,2026-07-17,140.0,4160,48.42,0.516001362,0.013628583,-0.088497833,0.240791193,71,100.0,US.PLTR,10.15,13.1,9.9,9.2897,-0.02152499087924107,328551606447.85,"成交额 $1,391,959 ≥ 阈值 $500,000 | 成交量 1,230 手",US.PLTR,2026-05-08 07:04:10
US.PLTR260508P144000,PLTR 260508 144.00P,137.05,2192,1374623.0,PUT,2026-05-08,144.0,1032,55.982,-0.961192033,0.022710469,-0.156296545,0.005730215,1,100.0,US.PLTR,7.61,8.3,4.05,10.427,0.050711419190076525,328551606447.85,"成交额 $1,374,623 ≥ 阈值 $500,000 | 成交量 2,192 手",US.PLTR,2026-05-08 07:04:10
US.PLTR260515C137000,PLTR 260515 137.00C,137.05,2945,1371208.0,CALL,2026-05-15,137.0,15712,49.684,0.5208796,0.039748272,-0.267746374,0.080368511,8,100.0,US.PLTR,3.29,6.6,3.29,2.935,0.0003648303538855262,328551606447.85,"成交额 $1,371,208 ≥ 阈值 $500,000 | 成交量 2,945 手",US.PLTR,2026-05-08 07:04:10
US.PLTR260821C140000,PLTR 260821 140.00C,137.05,837,1369243.0,CALL,2026-08-21,140.0,3187,53.979,0.543215753,0.009952283,-0.080717043,0.292784923,106,100.0,US.PLTR,13.6,17.38,13.6,13.425,-0.02152499087924107,328551606447.85,"成交额 $1,369,243 ≥ 阈值 $500,000 | 成交量 837 手",US.PLTR,2026-05-08 07:04:10
US.PLTR260508C141000,PLTR 260508 141.00C,137.05,11644,1319519.0,CALL,2026-05-08,141.0,3358,63.397,0.189479957,0.062506603,-0.651630499,0.018518771,1,100.0,US.PLTR,0.68,2.06,0.36,0.4263,-0.028821597956949933,328551606447.85,"成交额 $1,319,519 ≥ 阈值 $500,000 | 成交量 11,644 手",US.PLTR,2026-05-08 07:04:10
US.PLTR260717C150000,PLTR 260717 150.00C,137.05,1709,1315189.0,CALL,2026-07-17,150.0,23257,48.575,0.389135299,0.013067692,-0.084179628,0.231611976,71,100.0,US.PLTR,6.44,8.95,6.44,6.075,-0.09449106165632971,328551606447.85,"成交额 $1,315,189 ≥ 阈值 $500,000 | 成交量 1,709 手",US.PLTR,2026-05-08 07:04:10
US.PLTR260508P150000,PLTR 260508 150.00P,137.05,1033,1315173.0,PUT,2026-05-08,150.0,975,0.0,0.0,0.0,0.0,0.0,1,100.0,US.PLTR,14.15,14.15,9.6,16.3182,0.09449106165632971,328551606447.85,"成交额 $1,315,173 ≥ 阈值 $500,000 | 成交量 1,033 手",US.PLTR,2026-05-08 07:04:10
US.PLTR260515C142000,PLTR 260515 142.00C,137.05,4667,1303674.0,CALL,2026-05-15,142.0,13893,49.775,0.331108092,0.036114594,-0.240324312,0.073151313,8,100.0,US.PLTR,2.0,3.88,1.95,1.5764,-0.0361182050346588,328551606447.85,"成交额 $1,303,674 ≥ 阈值 $500,000 | 成交量 4,667 手",US.PLTR,2026-05-08 07:04:10
US.PLTR260508P139000,PLTR 260508 139.00P,137.05,6254,1234166.0,PUT,2026-05-08,139.0,2016,57.552,-0.682606495,0.090646675,-0.777955556,0.02436,1,100.0,US.PLTR,3.97,4.02,1.2,5.8324,0.014228383801532204,328551606447.85,"成交额 $1,234,166 ≥ 阈值 $500,000 | 成交量 6,254 手",US.PLTR,2026-05-08 07:04:10
US.PLTR260508C142000,PLTR 260508 142.00C,137.05,17462,1207374.0,CALL,2026-05-08,142.0,8818,64.634,0.139721524,0.05030449,-0.538972559,0.015194138,1,100.0,US.PLTR,0.45,1.62,0.26,0.3586,-0.0361182050346588,328551606447.85,"成交额 $1,207,374 ≥ 阈值 $500,000 | 成交量 17,462 手",US.PLTR,2026-05-08 07:04:10
US.PLTR260918C140000,PLTR 260918 140.00C,137.05,670,1169288.0,CALL,2026-09-18,140.0,3166,53.207,0.554317145,0.008948487,-0.071195068,0.328091584,134,100.0,US.PLTR,16.5,19.45,16.5,15.3,-0.02152499087924107,328551606447.85,"成交额 $1,169,288 ≥ 阈值 $500,000 | 成交量 670 手",US.PLTR,2026-05-08 07:04:10
US.PLTR260918C135000,PLTR 260918 135.00C,137.05,579,1159072.0,CALL,2026-09-18,135.0,3172,53.324,0.598544764,0.008736173,-0.070308066,0.321010046,134,100.0,US.PLTR,19.0,21.58,19.0,17.3985,0.014958044509303256,328551606447.85,"成交额 $1,159,072 ≥ 阈值 $500,000 | 成交量 579 手",US.PLTR,2026-05-08 07:04:10
US.PLTR260618C135000,PLTR 260618 135.00C,137.05,995,1088654.0,CALL,2026-06-18,135.0,4740,48.458,0.579020288,0.017379028,-0.11254879,0.181617575,42,100.0,US.PLTR,9.2,12.7,9.2,8.575,0.014958044509303256,328551606447.85,"成交额 $1,088,654 ≥ 阈值 $500,000 | 成交量 995 手",US.PLTR,2026-05-08 07:04:10
US.PLTR260618C160000,PLTR 260618 160.00C,137.05,3832,1084915.0,CALL,2026-06-18,160.0,12686,50.34,0.212483391,0.012413317,-0.083656794,0.134747095,42,100.0,US.PLTR,2.4,3.62,2.36,2.155,-0.16745713243341837,328551606447.85,"成交额 $1,084,915 ≥ 阈值 $500,000 | 成交量 3,832 手",US.PLTR,2026-05-08 07:04:10
US.PLTR260515C150000,PLTR 260515 150.00C,137.05,9987,1064618.0,CALL,2026-05-15,150.0,38994,52.702,0.132442095,0.020155012,-0.143720242,0.043221368,8,100.0,US.PLTR,0.71,1.52,0.66,0.65,-0.09449106165632971,328551606447.85,"成交额 $1,064,618 ≥ 阈值 $500,000 | 成交量 9,987 手",US.PLTR,2026-05-08 07:04:10
US.PLTR260717P140000,PLTR 260717 140.00P,137.05,892,1054468.0,PUT,2026-07-17,140.0,8687,47.593,-0.488117132,0.014025684,-0.074326716,0.240460372,71,100.0,US.PLTR,13.3,13.31,11.2,14.45,0.02152499087924107,328551606447.85,"成交额 $1,054,468 ≥ 阈值 $500,000 | 成交量 892 手",US.PLTR,2026-05-08 07:04:10
US.PLTR260529C140000,PLTR 260529 140.00C,137.05,1709,1040771.0,CALL,2026-05-29,140.0,1877,48.552,0.459713032,0.024346652,-0.155106178,0.133266655,22,100.0,US.PLTR,5.0,7.45,5.0,4.1525,-0.02152499087924107,328551606447.85,"成交额 $1,040,771 ≥ 阈值 $500,000 | 成交量 1,709 手",US.PLTR,2026-05-08 07:04:10
US.PLTR260618P135000,PLTR 260618 135.00P,137.05,1417,1002453.0,PUT,2026-06-18,135.0,8564,47.996,-0.422248201,0.017640942,-0.098869358,0.181581548,42,100.0,US.PLTR,8.52,8.52,6.3,9.1349,-0.014958044509303256,328551606447.85,"成交额 $1,002,453 ≥ 阈值 $500,000 | 成交量 1,417 手",US.PLTR,2026-05-08 07:04:10
US.PLTR260717C135000,PLTR 260717 135.00C,137.05,690,953157.0,CALL,2026-07-17,135.0,2702,48.707,0.583379542,0.013261874,-0.087923502,0.235702088,71,100.0,US.PLTR,12.5,15.55,12.5,11.4,0.014958044509303256,328551606447.85,"成交额 $953,157 ≥ 阈值 $500,000 | 成交量 690 手",US.PLTR,2026-05-08 07:04:10
US.PLTR260508C133000,PLTR 260508 133.00C,137.05,1697,940118.0,CALL,2026-05-08,133.0,2469,67.558,0.818499188,0.057110986,-0.684657903,0.018030945,1,100.0,US.PLTR,3.5,8.0,3.5,2.6465,0.029551258664720987,328551606447.85,"成交额 $940,118 ≥ 阈值 $500,000 | 成交量 1,697 手",US.PLTR,2026-05-08 07:04:10
US.PLTR260618P140000,PLTR 260618 140.00P,137.05,905,874347.0,PUT,2026-06-18,140.0,13697,47.465,-0.512359889,0.01823114,-0.098458266,0.184940397,42,100.0,US.PLTR,10.33,10.7,8.6,12.0602,0.02152499087924107,328551606447.85,"成交额 $874,347 ≥ 阈值 $500,000 | 成交量 905 手",US.PLTR,2026-05-08 07:04:10
US.PLTR260515C136000,PLTR 260515 136.00C,137.05,1652,854389.0,CALL,2026-05-15,136.0,1879,50.172,0.560314754,0.038965072,-0.268049092,0.079557027,8,100.0,US.PLTR,4.4,7.15,4.2,3.325,0.0076614374315943905,328551606447.85,"成交额 $854,389 ≥ 阈值 $500,000 | 成交量 1,652 手",US.PLTR,2026-05-08 07:04:10
US.PLTR260515P140000,PLTR 260515 140.00P,137.05,1723,845051.0,PUT,2026-05-15,140.0,16074,48.773,-0.599265925,0.039399799,-0.239756065,0.077935849,8,100.0,US.PLTR,7.2,7.2,3.79,8.0534,0.02152499087924107,328551606447.85,"成交额 $845,051 ≥ 阈值 $500,000 | 成交量 1,723 手",US.PLTR,2026-05-08 07:04:10
US.PLTR260515C141000,PLTR 260515 141.00C,137.05,2768,827023.0,CALL,2026-05-15,141.0,839,49.948,0.367317854,0.037382509,-0.251521104,0.075983601,8,100.0,US.PLTR,2.01,4.32,2.01,1.7979,-0.028821597956949933,328551606447.85,"成交额 $827,023 ≥ 阈值 $500,000 | 成交量 2,768 手",US.PLTR,2026-05-08 07:04:10
US.PLTR260508P147000,PLTR 260508 147.00P,137.05,874,820729.0,PUT,2026-05-08,147.0,1840,0.0,0.0,0.0,0.0,0.0,1,100.0,US.PLTR,12.13,12.13,6.81,13.3608,0.07260124042320312,328551606447.85,"成交额 $820,729 ≥ 阈值 $500,000 | 成交量 874 手",US.PLTR,2026-05-08 07:04:10
US.PLTR260821C150000,PLTR 260821 150.00C,137.05,685,809709.0,CALL,2026-08-21,150.0,4404,53.722,0.447989455,0.009973399,-0.07922442,0.292004443,106,100.0,US.PLTR,10.6,13.25,10.6,9.9,-0.09449106165632971,328551606447.85,"成交额 $809,709 ≥ 阈值 $500,000 | 成交量 685 手",US.PLTR,2026-05-08 07:04:10
US.PLTR260522C140000,PLTR 260522 140.00C,137.05,1532,797576.0,CALL,2026-05-22,140.0,3160,50.103,0.442363998,0.028446932,-0.192405149,0.109342171,15,100.0,US.PLTR,3.8,6.46,3.8,3.2834,-0.02152499087924107,328551606447.85,"成交额 $797,576 ≥ 阈值 $500,000 | 成交量 1,532 手",US.PLTR,2026-05-08 07:04:10
US.PLTR260522C145000,PLTR 260522 145.00C,137.05,2508,761490.0,CALL,2026-05-22,145.0,1619,50.73,0.314125771,0.025251421,-0.173208404,0.098270994,15,100.0,US.PLTR,2.89,4.25,2.55,2.0812,-0.058008026267785395,328551606447.85,"成交额 $761,490 ≥ 阈值 $500,000 | 成交量 2,508 手",US.PLTR,2026-05-08 07:04:10
US.PLTR261016C170000,PLTR 261016 170.00C,137.05,748,739879.0,CALL,2026-10-16,170.0,951,52.724,0.347566969,0.007676755,-0.058785425,0.337212033,162,100.0,US.PLTR,9.77,10.2,9.35,8.3171,-0.240423203210507,328551606447.85,"成交额 $739,879 ≥ 阈值 $500,000 | 成交量 748 手",US.PLTR,2026-05-08 07:04:10
US.PLTR260515P130000,PLTR 260515 130.00P,137.05,5635,732374.0,PUT,2026-05-15,130.0,19828,50.456,-0.224112635,0.02940925,-0.192670137,0.060353762,8,100.0,US.PLTR,2.04,2.11,0.87,2.5003,-0.05144107989784758,328551606447.85,"成交额 $732,374 ≥ 阈值 $500,000 | 成交量 5,635 手",US.PLTR,2026-05-08 07:04:10
US.PLTR260508C130000,PLTR 260508 130.00C,137.05,837,709247.0,CALL,2026-05-08,130.0,2024,78.495,0.914760802,0.029059021,-0.462190167,0.010659701,1,100.0,US.PLTR,6.15,10.96,6.0,4.6021,0.05144107989784758,328551606447.85,"成交额 $709,247 ≥ 阈值 $500,000 | 成交量 837 手",US.PLTR,2026-05-08 07:04:10
US.PLTR260515P135000,PLTR 260515 135.00P,137.05,2532,707235.0,PUT,2026-05-15,135.0,9401,49.004,-0.399304639,0.03910139,-0.243779311,0.077883984,8,100.0,US.PLTR,4.1,4.12,1.9,4.7515,-0.014958044509303256,328551606447.85,"成交额 $707,235 ≥ 阈值 $500,000 | 成交量 2,532 手",US.PLTR,2026-05-08 07:04:10
US.PLTR260508P135000,PLTR 260508 135.00P,137.05,9191,695342.0,PUT,2026-05-08,135.0,13866,58.652,-0.297097059,0.086338444,-0.77470262,0.023663042,1,100.0,US.PLTR,2.37,2.37,0.33,2.8943,-0.014958044509303256,328551606447.85,"成交额 $695,342 ≥ 阈值 $500,000 | 成交量 9,191 手",US.PLTR,2026-05-08 07:04:10
US.PLTR260918P140000,PLTR 260918 140.00P,137.05,394,671573.0,PUT,2026-09-18,140.0,8486,52.202,-0.451313923,0.009283999,-0.05759616,0.32801007,134,100.0,US.PLTR,18.1,18.1,16.87,19.5735,0.02152499087924107,328551606447.85,"成交额 $671,573 ≥ 阈值 $500,000 | 成交量 394 手",US.PLTR,2026-05-08 07:04:10
US.PLTR260717C145000,PLTR 260717 145.00C,137.05,728,670950.0,CALL,2026-07-17,145.0,4766,48.551,0.450898246,0.013499555,-0.087442678,0.239155013,71,100.0,US.PLTR,8.55,10.77,8.2,7.5,-0.058008026267785395,328551606447.85,"成交额 $670,950 ≥ 阈值 $500,000 | 成交量 728 手",US.PLTR,2026-05-08 07:04:10
US.PLTR260515C139000,PLTR 260515 139.00C,137.05,1696,659469.0,CALL,2026-05-15,139.0,1243,49.733,0.442119683,0.039344854,-0.264238909,0.079629724,8,100.0,US.PLTR,2.8,5.41,2.8,2.2991,-0.014228383801532204,328551606447.85,"成交额 $659,469 ≥ 阈值 $500,000 | 成交量 1,696 手",US.PLTR,2026-05-08 07:04:10
US.PLTR260508P136000,PLTR 260508 136.00P,137.05,5770,651989.0,PUT,2026-05-08,136.0,2782,57.952,-0.388387146,0.096743621,-0.851024956,0.026197379,1,100.0,US.PLTR,2.65,2.7,0.46,3.5449,-0.0076614374315943905,328551606447.85,"成交额 $651,989 ≥ 阈值 $500,000 | 成交量 5,770 手",US.PLTR,2026-05-08 07:04:10
US.PLTR260618P130000,PLTR 260618 130.00P,137.05,1229,644053.0,PUT,2026-06-18,130.0,18302,48.266,-0.334474399,0.016291535,-0.093283587,0.168976418,42,100.0,US.PLTR,6.2,6.2,4.49,6.7,-0.05144107989784758,328551606447.85,"成交额 $644,053 ≥ 阈值 $500,000 | 成交量 1,229 手",US.PLTR,2026-05-08 07:04:10
US.PLTR260522C135000,PLTR 260522 135.00C,137.05,772,626422.0,CALL,2026-05-22,135.0,858,50.453,0.58449111,0.027905155,-0.193233165,0.108010115,15,100.0,US.PLTR,6.5,9.13,6.0,5.1671,0.014958044509303256,328551606447.85,"成交额 $626,422 ≥ 阈值 $500,000 | 成交量 772 手",US.PLTR,2026-05-08 07:04:10
US.PLTR260515C130000,PLTR 260515 130.00C,137.05,642,619873.0,CALL,2026-05-15,130.0,3276,52.236,0.769005673,0.028885238,-0.216008754,0.061398313,8,100.0,US.PLTR,9.0,11.68,8.15,6.4766,0.05144107989784758,328551606447.85,"成交额 $619,873 ≥ 阈值 $500,000 | 成交量 642 手",US.PLTR,2026-05-08 07:04:10
US.PLTR260717C160000,PLTR 260717 160.00C,137.05,1206,602606.0,CALL,2026-07-17,160.0,5652,49.063,0.282620861,0.011409321,-0.074185045,0.204240578,71,100.0,US.PLTR,4.5,6.0,4.5,3.925,-0.16745713243341837,328551606447.85,"成交额 $602,606 ≥ 阈值 $500,000 | 成交量 1,206 手",US.PLTR,2026-05-08 07:04:10
US.PLTR260821P160000,PLTR 260821 160.00P,137.05,202,600801.0,PUT,2026-08-21,160.0,2190,52.3,-0.652246787,0.009956091,-0.058273487,0.271352016,106,100.0,US.PLTR,29.63,29.75,28.38,31.9784,0.16745713243341837,328551606447.85,"成交额 $600,801 ≥ 阈值 $500,000 | 成交量 202 手",US.PLTR,2026-05-08 07:04:10
US.PLTR260508C145000,PLTR 260508 145.00C,137.05,16618,595213.0,CALL,2026-05-08,145.0,11782,72.962,0.06317817,0.024864305,-0.328604808,0.008478167,1,100.0,US.PLTR,0.22,0.78,0.11,0.215,-0.058008026267785395,328551606447.85,"成交额 $595,213 ≥ 阈值 $500,000 | 成交量 16,618 手",US.PLTR,2026-05-08 07:04:10
US.PLTR260515C146000,PLTR 260515 146.00C,137.05,3359,580823.0,CALL,2026-05-15,146.0,4308,51.005,0.213438895,0.028277245,-0.193606073,0.058688236,8,100.0,US.PLTR,1.35,2.39,1.14,0.9288,-0.06530463334549426,328551606447.85,"成交额 $580,823 ≥ 阈值 $500,000 | 成交量 3,359 手",US.PLTR,2026-05-08 07:04:10
US.PLTR260515P137000,PLTR 260515 137.00P,137.05,1556,577759.0,PUT,2026-05-15,137.0,701,48.816,-0.479687135,0.040518961,-0.249991185,0.080351345,8,100.0,US.PLTR,5.2,5.2,2.6,5.9639,-0.0003648303538855262,328551606447.85,"成交额 $577,759 ≥ 阈值 $500,000 | 成交量 1,556 手",US.PLTR,2026-05-08 07:04:10
US.PLTR260618C130000,PLTR 260618 130.00C,137.05,402,568286.0,CALL,2026-06-18,130.0,5239,49.584,0.66394632,0.015841012,-0.108543005,0.169387299,42,100.0,US.PLTR,12.1,16.0,12.05,11.1351,0.05144107989784758,328551606447.85,"成交额 $568,286 ≥ 阈值 $500,000 | 成交量 402 手",US.PLTR,2026-05-08 07:04:10
US.PLTR260515P144000,PLTR 260515 144.00P,137.05,686,560183.0,PUT,2026-05-15,144.0,973,50.086,-0.73458995,0.032670446,-0.203394844,0.066058031,8,100.0,US.PLTR,9.3,9.3,6.62,11.2801,0.050711419190076525,328551606447.85,"成交额 $560,183 ≥ 阈值 $500,000 | 成交量 686 手",US.PLTR,2026-05-08 07:04:10
US.PLTR260821C135000,PLTR 260821 135.00C,137.05,307,554734.0,CALL,2026-08-21,135.0,1439,53.849,0.592303428,0.009765525,-0.079413372,0.286595654,106,100.0,US.PLTR,16.75,20.0,16.75,15.5527,0.014958044509303256,328551606447.85,"成交额 $554,734 ≥ 阈值 $500,000 | 成交量 307 手",US.PLTR,2026-05-08 07:04:10
US.PLTR260717P135000,PLTR 260717 135.00P,137.05,561,550948.0,PUT,2026-07-17,135.0,12282,47.67,-0.418869733,0.013671475,-0.073756017,0.235688106,71,100.0,US.PLTR,11.0,11.0,8.75,11.5678,-0.014958044509303256,328551606447.85,"成交额 $550,948 ≥ 阈值 $500,000 | 成交量 561 手",US.PLTR,2026-05-08 07:04:10
US.PLTR260515P138000,PLTR 260515 138.00P,137.05,1330,532464.0,PUT,2026-05-15,138.0,620,48.466,-0.520469203,0.040826847,-0.247513076,0.080345249,8,100.0,US.PLTR,4.65,4.93,2.95,6.6094,0.006931776723823339,328551606447.85,"成交额 $532,464 ≥ 阈值 $500,000 | 成交量 1,330 手",US.PLTR,2026-05-08 07:04:10
US.PNR260515P90000,PNR 260515 90.00P,78.96,2000,2000000.0,PUT,2026-05-15,90.0,2001,0.0,0.0,0.0,0.0,0.0,8,100.0,US.PNR,10.0,10.0,10.0,10.09,0.1398176291793314,12760373517.36,"成交额 $2,000,000 ≥ 阈值 $500,000 | 成交量 2,000 手",US.PNR,2026-05-08 07:05:27
US.PTC260618C150000,PTC 260618 150.00C,147.65,1505,918220.0,CALL,2026-06-18,150.0,16,35.027,0.484679606,0.022747629,-0.090377061,0.19944675,42,100.0,US.PTC,6.4,6.8,6.1,2.5661,-0.015916017609210933,17569776527.4,"成交额 $918,220 ≥ 阈值 $500,000 | 成交量 1,505 手",US.PTC,2026-05-08 07:08:05
US.PWR260821C680000,PWR 260821 680.00C,750.73,300,3433273.0,CALL,2026-08-21,680.0,326,47.753,0.710361083,0.001771521,-0.354050239,1.383385501,106,100.0,US.PWR,114.08,114.95,114.08,147.4971,0.09421496410160779,112654655658.77,"成交额 $3,433,273 ≥ 阈值 $500,000 | 成交量 300 手",US.PWR,2026-05-08 07:08:07
US.PWR260821C780000,PWR 260821 780.00C,750.73,300,1836835.0,CALL,2026-08-21,780.0,312,45.971,0.504826497,0.002145779,-0.382325792,1.613163564,106,100.0,US.PWR,60.97,62.18,59.5,86.914,-0.03898871764815577,112654655658.77,"成交额 $1,836,835 ≥ 阈值 $500,000 | 成交量 300 手",US.PWR,2026-05-08 07:08:07
US.PWR260918C980000,PWR 260918 980.00C,750.73,301,669208.0,CALL,2026-09-18,980.0,1,44.662,0.211729895,0.001425931,-0.233320148,1.316608611,134,100.0,US.PWR,22.11,24.5,21.52,30.1805,-0.3053960811476829,112654655658.77,"成交额 $669,208 ≥ 阈值 $500,000 | 成交量 301 手",US.PWR,2026-05-08 07:08:07
US.PYPL260515P60000,PYPL 260515 60.00P,46.22,380,521360.0,PUT,2026-05-15,60.0,480,0.0,0.0,0.0,0.0,0.0,8,100.0,US.PYPL,13.72,13.72,13.72,13.7305,0.2981393336218088,40770915886.46,"成交额 $521,360 ≥ 阈值 $500,000 | 成交量 380 手",US.PYPL,2026-05-08 07:08:45
US.QCOM260618C180000,QCOM 260618 180.00C,202.55,4068,17406536.0,CALL,2026-06-18,180.0,7961,52.664,0.780565267,0.008179655,-0.140939546,0.202904144,42,100.0,US.QCOM,18.84,46.45,16.6,20.091,0.11133053567020494,213487700000.0,"成交额 $17,406,536 ≥ 阈值 $500,000 | 成交量 4,068 手",US.QCOM,2026-05-08 07:09:26
US.QCOM260508C200000,QCOM 260508 200.00C,202.55,20239,10046775.0,CALL,2026-05-08,200.0,8430,102.734,0.608200544,0.03701365,-2.261473847,0.038813611,1,100.0,US.QCOM,0.98,23.2,0.4,1.69,0.012589484078005485,213487700000.0,"成交额 $10,046,775 ≥ 阈值 $500,000 | 成交量 20,239 手",US.QCOM,2026-05-08 07:09:26
US.QCOM260508C210000,QCOM 260508 210.00C,202.55,24741,9872539.0,CALL,2026-05-08,210.0,5039,112.457,0.269516324,0.029075653,-2.102600302,0.033374874,1,100.0,US.QCOM,0.44,15.52,0.1,0.55,-0.03678104171809424,213487700000.0,"成交额 $9,872,539 ≥ 阈值 $500,000 | 成交量 24,741 手",US.QCOM,2026-05-08 07:09:26
US.QCOM260618C200000,QCOM 260618 200.00C,202.55,5211,9838783.0,CALL,2026-06-18,200.0,13243,55.777,0.57287186,0.010246786,-0.190170888,0.269226055,42,100.0,US.QCOM,9.5,32.1,7.8,9.95,0.012589484078005485,213487700000.0,"成交额 $9,838,783 ≥ 阈值 $500,000 | 成交量 5,211 手",US.QCOM,2026-05-08 07:09:26
US.QCOM260717C210000,QCOM 260717 210.00C,202.55,4758,9645361.0,CALL,2026-07-17,210.0,4115,56.512,0.503180338,0.00790716,-0.150857793,0.356146544,71,100.0,US.QCOM,9.7,30.0,8.9,10.604,-0.03678104171809424,213487700000.0,"成交额 $9,645,361 ≥ 阈值 $500,000 | 成交量 4,758 手",US.QCOM,2026-05-08 07:09:26
US.QCOM260618C210000,QCOM 260618 210.00C,202.55,5894,9469291.0,CALL,2026-06-18,210.0,2858,58.501,0.475291558,0.00991679,-0.20017292,0.273280723,42,100.0,US.QCOM,6.45,26.0,5.5,6.95,-0.03678104171809424,213487700000.0,"成交额 $9,469,291 ≥ 阈值 $500,000 | 成交量 5,894 手",US.QCOM,2026-05-08 07:09:26
US.QCOM260618C220000,QCOM 260618 220.00C,202.55,8455,9463476.0,CALL,2026-06-18,220.0,7067,60.933,0.39099037,0.009181016,-0.19943252,0.263515701,42,100.0,US.QCOM,4.0,22.35,3.75,4.75,-0.08615156751419396,213487700000.0,"成交额 $9,463,476 ≥ 阈值 $500,000 | 成交量 8,455 手",US.QCOM,2026-05-08 07:09:26
US.QCOM260515C220000,QCOM 260515 220.00C,202.55,17419,9238248.0,CALL,2026-05-15,220.0,6057,81.778,0.267698247,0.013503141,-0.521091378,0.098153218,8,100.0,US.QCOM,1.06,14.0,0.64,1.265,-0.08615156751419396,213487700000.0,"成交额 $9,238,248 ≥ 阈值 $500,000 | 成交量 17,419 手",US.QCOM,2026-05-08 07:09:26
US.QCOM260515C200000,QCOM 260515 200.00C,202.55,10342,9098597.0,CALL,2026-05-15,200.0,10567,72.641,0.571165578,0.018126758,-0.56612257,0.117043435,8,100.0,US.QCOM,3.9,27.25,2.75,4.6363,0.012589484078005485,213487700000.0,"成交额 $9,098,597 ≥ 阈值 $500,000 | 成交量 10,342 手",US.QCOM,2026-05-08 07:09:26
US.QCOM260717C150000,QCOM 260717 150.00C,202.55,1489,8501598.0,CALL,2026-07-17,150.0,5730,48.454,0.938986111,0.002790123,-0.05022672,0.107736311,71,100.0,US.QCOM,45.31,71.15,45.31,45.5854,0.2594421130585041,213487700000.0,"成交额 $8,501,598 ≥ 阈值 $500,000 | 成交量 1,489 手",US.QCOM,2026-05-08 07:09:26
US.QCOM260508C220000,QCOM 260508 220.00C,202.55,27787,7938133.0,CALL,2026-05-08,220.0,2015,130.028,0.107420931,0.014071395,-1.315809078,0.01867555,1,100.0,US.QCOM,0.15,9.75,0.03,0.2252,-0.08615156751419396,213487700000.0,"成交额 $7,938,133 ≥ 阈值 $500,000 | 成交量 27,787 手",US.QCOM,2026-05-08 07:09:26
US.QCOM260508C215000,QCOM 260508 215.00C,202.55,22378,7311420.0,CALL,2026-05-08,215.0,1416,122.15,0.171795596,0.020643511,-1.734681912,0.025738048,1,100.0,US.QCOM,0.36,12.04,0.04,0.325,-0.0614663046161441,213487700000.0,"成交额 $7,311,420 ≥ 阈值 $500,000 | 成交量 22,378 手",US.QCOM,2026-05-08 07:09:26
US.QCOM260515C210000,QCOM 260515 210.00C,202.55,8503,7243346.0,CALL,2026-05-15,210.0,2858,77.437,0.400144542,0.016735651,-0.588503831,0.115194616,8,100.0,US.QCOM,1.78,19.42,1.39,2.443,-0.03678104171809424,213487700000.0,"成交额 $7,243,346 ≥ 阈值 $500,000 | 成交量 8,503 手",US.QCOM,2026-05-08 07:09:26
US.QCOM260508C205000,QCOM 260508 205.00C,202.55,15431,6877187.0,CALL,2026-05-08,205.0,5039,106.866,0.421833846,0.036238661,-2.392106091,0.039529149,1,100.0,US.QCOM,0.32,19.0,0.19,0.935,-0.012095778820044376,213487700000.0,"成交额 $6,877,187 ≥ 阈值 $500,000 | 成交量 15,431 手",US.QCOM,2026-05-08 07:09:26
US.QCOM260618C250000,QCOM 260618 250.00C,202.55,11200,6677563.0,CALL,2026-06-18,250.0,3296,67.027,0.213390717,0.006323822,-0.163604384,0.1996515,42,100.0,US.QCOM,1.13,12.0,1.13,1.735,-0.23426314490249314,213487700000.0,"成交额 $6,677,563 ≥ 阈值 $500,000 | 成交量 11,200 手",US.QCOM,2026-05-08 07:09:26
US.QCOM260717C170000,QCOM 260717 170.00C,202.55,1453,5929356.0,CALL,2026-07-17,170.0,3708,51.071,0.821809906,0.005718579,-0.096738604,0.232751771,71,100.0,US.QCOM,28.15,55.0,28.15,29.9144,0.16070106146630467,213487700000.0,"成交额 $5,929,356 ≥ 阈值 $500,000 | 成交量 1,453 手",US.QCOM,2026-05-08 07:09:26
US.QCOM260618C230000,QCOM 260618 230.00C,202.55,6766,5679154.0,CALL,2026-06-18,230.0,6187,62.728,0.318479321,0.008289774,-0.189672971,0.244940359,42,100.0,US.QCOM,2.55,17.5,2.46,3.35,-0.1355220933102937,213487700000.0,"成交额 $5,679,154 ≥ 阈值 $500,000 | 成交量 6,766 手",US.QCOM,2026-05-08 07:09:26
US.QCOM260515C215000,QCOM 260515 215.00C,202.55,6731,4558818.0,CALL,2026-05-15,215.0,1504,80.181,0.33007153,0.015150509,-0.567048028,0.107978888,8,100.0,US.QCOM,1.49,16.5,0.85,1.795,-0.0614663046161441,213487700000.0,"成交额 $4,558,818 ≥ 阈值 $500,000 | 成交量 6,731 手",US.QCOM,2026-05-08 07:09:26
US.QCOM260717C190000,QCOM 260717 190.00C,202.55,1250,4262683.0,CALL,2026-07-17,190.0,2386,54.106,0.661719684,0.007570744,-0.13575225,0.326473794,71,100.0,US.QCOM,16.0,37.1,15.6,18.5179,0.061960009874105215,213487700000.0,"成交额 $4,262,683 ≥ 阈值 $500,000 | 成交量 1,250 手",US.QCOM,2026-05-08 07:09:26
US.QCOM260717C230000,QCOM 260717 230.00C,202.55,3049,4138521.0,CALL,2026-07-17,230.0,924,59.243,0.371069431,0.007145412,-0.14766288,0.337383431,71,100.0,US.QCOM,5.2,22.0,5.0,6.025,-0.1355220933102937,213487700000.0,"成交额 $4,138,521 ≥ 阈值 $500,000 | 成交量 3,049 手",US.QCOM,2026-05-08 07:09:26
US.QCOM260717C200000,QCOM 260717 200.00C,202.55,1730,4049921.0,CALL,2026-07-17,200.0,4455,55.803,0.580548464,0.007844063,-0.147365012,0.34887384,71,100.0,US.QCOM,12.28,36.4,11.86,14.3061,0.012589484078005485,213487700000.0,"成交额 $4,049,921 ≥ 阈值 $500,000 | 成交量 1,730 手",US.QCOM,2026-05-08 07:09:26
US.QCOM260508P200000,QCOM 260508 200.00P,202.55,19080,3985935.0,PUT,2026-05-08,200.0,197,99.329,-0.388872183,0.038203788,-2.162354303,0.038730714,1,100.0,US.QCOM,8.1,8.1,0.41,8.9868,-0.012589484078005485,213487700000.0,"成交额 $3,985,935 ≥ 阈值 $500,000 | 成交量 19,080 手",US.QCOM,2026-05-08 07:09:26
US.QCOM260508P210000,QCOM 260508 210.00P,202.55,8490,3781740.0,PUT,2026-05-08,210.0,29,108.638,-0.738276893,0.029667588,-1.979524427,0.03287995,1,100.0,US.QCOM,8.23,12.22,1.88,17.8683,0.03678104171809424,213487700000.0,"成交额 $3,781,740 ≥ 阈值 $500,000 | 成交量 8,490 手",US.QCOM,2026-05-08 07:09:26
US.QCOM260717C240000,QCOM 260717 240.00C,202.55,3462,3731459.0,CALL,2026-07-17,240.0,1022,60.244,0.315806151,0.006612104,-0.140584505,0.317472136,71,100.0,US.QCOM,3.45,19.0,3.45,4.55,-0.18489261910639343,213487700000.0,"成交额 $3,731,459 ≥ 阈值 $500,000 | 成交量 3,462 手",US.QCOM,2026-05-08 07:09:26
US.QCOM260515C195000,QCOM 260515 195.00C,202.55,3241,3392430.0,CALL,2026-05-15,195.0,1413,74.936,0.657889231,0.016439089,-0.54628114,0.109498588,8,100.0,US.QCOM,5.6,30.33,4.0,6.45,0.03727474697605535,213487700000.0,"成交额 $3,392,430 ≥ 阈值 $500,000 | 成交量 3,241 手",US.QCOM,2026-05-08 07:09:26
US.QCOM260918C220000,QCOM 260918 220.00C,202.55,1499,3329318.0,CALL,2026-09-18,220.0,1622,53.854,0.480368836,0.006030754,-0.106151174,0.488842599,134,100.0,US.QCOM,12.0,33.04,12.0,13.425,-0.08615156751419396,213487700000.0,"成交额 $3,329,318 ≥ 阈值 $500,000 | 成交量 1,499 手",US.QCOM,2026-05-08 07:09:26
US.QCOM260515C230000,QCOM 260515 230.00C,202.55,8573,3261727.0,CALL,2026-05-15,230.0,1068,87.836,0.180820793,0.010048566,-0.438880793,0.078452534,8,100.0,US.QCOM,0.5,9.9,0.35,0.7549,-0.1355220933102937,213487700000.0,"成交额 $3,261,727 ≥ 阈值 $500,000 | 成交量 8,573 手",US.QCOM,2026-05-08 07:09:26
US.QCOM260508C190000,QCOM 260508 190.00C,202.55,2469,3202699.0,CALL,2026-05-08,190.0,9787,121.291,0.861922394,0.017993252,-1.497889672,0.022275869,1,100.0,US.QCOM,4.35,32.0,2.4,5.4965,0.061960009874105215,213487700000.0,"成交额 $3,202,699 ≥ 阈值 $500,000 | 成交量 2,469 手",US.QCOM,2026-05-08 07:09:26
US.QCOM260717C185000,QCOM 260717 185.00C,202.55,1004,3120907.0,CALL,2026-07-17,185.0,1332,53.162,0.703393306,0.007288045,-0.127470603,0.308792643,71,100.0,US.QCOM,19.2,40.36,19.2,20.8786,0.08664527277215507,213487700000.0,"成交额 $3,120,907 ≥ 阈值 $500,000 | 成交量 1,004 手",US.QCOM,2026-05-08 07:09:26
US.QCOM260515C190000,QCOM 260515 190.00C,202.55,1602,2992890.0,CALL,2026-05-15,190.0,6400,69.991,0.751760451,0.015171303,-0.439845935,0.094383484,8,100.0,US.QCOM,7.45,33.8,6.07,9.0002,0.061960009874105215,213487700000.0,"成交额 $2,992,890 ≥ 阈值 $500,000 | 成交量 1,602 手",US.QCOM,2026-05-08 07:09:26
US.QCOM260717C180000,QCOM 260717 180.00C,202.55,738,2936995.0,CALL,2026-07-17,180.0,2254,53.244,0.742306655,0.006792429,-0.120339136,0.288234024,71,100.0,US.QCOM,19.65,49.95,19.65,23.8905,0.11133053567020494,213487700000.0,"成交额 $2,936,995 ≥ 阈值 $500,000 | 成交量 738 手",US.QCOM,2026-05-08 07:09:26
US.QCOM260529C190000,QCOM 260529 190.00C,202.55,1306,2920664.0,CALL,2026-05-29,190.0,2564,61.52,0.696464542,0.011449117,-0.258077663,0.173444484,22,100.0,US.QCOM,10.0,37.0,9.7,12.1622,0.061960009874105215,213487700000.0,"成交额 $2,920,664 ≥ 阈值 $500,000 | 成交量 1,306 手",US.QCOM,2026-05-08 07:09:26
US.QCOM260717C220000,QCOM 260717 220.00C,202.55,1899,2878482.0,CALL,2026-07-17,220.0,2120,58.472,0.43474685,0.007539813,-0.152693499,0.351379326,71,100.0,US.QCOM,7.5,25.37,6.83,8.025,-0.08615156751419396,213487700000.0,"成交额 $2,878,482 ≥ 阈值 $500,000 | 成交量 1,899 手",US.QCOM,2026-05-08 07:09:26
US.QCOM260515C205000,QCOM 260515 205.00C,202.55,3073,2869407.0,CALL,2026-05-15,205.0,1799,75.052,0.481478142,0.017809516,-0.591625825,0.118812784,8,100.0,US.QCOM,2.11,21.85,1.97,3.2935,-0.012095778820044376,213487700000.0,"成交额 $2,869,407 ≥ 阈值 $500,000 | 成交量 3,073 手",US.QCOM,2026-05-08 07:09:26
US.QCOM260618C240000,QCOM 260618 240.00C,202.55,3932,2786675.0,CALL,2026-06-18,240.0,2447,64.796,0.259841325,0.007291383,-0.177085903,0.222539995,42,100.0,US.QCOM,1.8,14.3,1.8,2.42,-0.18489261910639343,213487700000.0,"成交额 $2,786,675 ≥ 阈值 $500,000 | 成交量 3,932 手",US.QCOM,2026-05-08 07:09:26
US.QCOM260522C200000,QCOM 260522 200.00C,202.55,1873,2751951.0,CALL,2026-05-22,200.0,2817,69.551,0.567893152,0.013808893,-0.392155733,0.160937026,15,100.0,US.QCOM,4.75,27.62,4.64,6.3277,0.012589484078005485,213487700000.0,"成交额 $2,751,951 ≥ 阈值 $500,000 | 成交量 1,873 手",US.QCOM,2026-05-08 07:09:26
US.QCOM260618C190000,QCOM 260618 190.00C,202.55,1087,2670831.0,CALL,2026-06-18,190.0,4225,54.197,0.678289253,0.00963529,-0.171465952,0.24598084,42,100.0,US.QCOM,13.2,38.85,11.25,14.4648,0.061960009874105215,213487700000.0,"成交额 $2,670,831 ≥ 阈值 $500,000 | 成交量 1,087 手",US.QCOM,2026-05-08 07:09:26
US.QCOM260618P190000,QCOM 260618 190.00P,202.55,3345,2597050.0,PUT,2026-06-18,190.0,203,58.026,-0.328964626,0.009103218,-0.165913737,0.248137767,42,100.0,US.QCOM,13.0,13.0,5.85,11.525,-0.061960009874105215,213487700000.0,"成交额 $2,597,050 ≥ 阈值 $500,000 | 成交量 3,345 手",US.QCOM,2026-05-08 07:09:26
US.QCOM260515C225000,QCOM 260515 225.00C,202.55,4090,2453813.0,CALL,2026-05-15,225.0,2739,83.645,0.216004231,0.011748243,-0.469595806,0.087346273,8,100.0,US.QCOM,0.5,11.6,0.46,0.9422,-0.11083683041224383,213487700000.0,"成交额 $2,453,813 ≥ 阈值 $500,000 | 成交量 4,090 手",US.QCOM,2026-05-08 07:09:26
US.QCOM260717C195000,QCOM 260717 195.00C,202.55,942,2404313.0,CALL,2026-07-17,195.0,1916,54.775,0.620732787,0.007781658,-0.141869232,0.339719815,71,100.0,US.QCOM,15.23,32.9,14.8,16.1572,0.03727474697605535,213487700000.0,"成交额 $2,404,313 ≥ 阈值 $500,000 | 成交量 942 手",US.QCOM,2026-05-08 07:09:26
US.QCOM260508C187500,QCOM 260508 187.50C,202.55,2235,2367809.0,CALL,2026-05-08,187.5,2452,119.544,0.907606468,0.013709766,-1.097351968,0.016728442,1,100.0,US.QCOM,5.75,26.76,3.82,7.068,0.07430264132313014,213487700000.0,"成交额 $2,367,809 ≥ 阈值 $500,000 | 成交量 2,235 手",US.QCOM,2026-05-08 07:09:26
US.QCOM260508C225000,QCOM 260508 225.00C,202.55,10473,2357107.0,CALL,2026-05-08,225.0,1291,140.887,0.07223469,0.009663348,-1.043427038,0.013896299,1,100.0,US.QCOM,0.11,6.95,0.01,0.1897,-0.11083683041224383,213487700000.0,"成交额 $2,357,107 ≥ 阈值 $500,000 | 成交量 10,473 手",US.QCOM,2026-05-08 07:09:26
US.QCOM260515C160000,QCOM 260515 160.00C,202.55,455,2313617.0,CALL,2026-05-15,160.0,7195,81.602,0.978816204,0.002089492,-0.086474893,0.015157323,8,100.0,US.QCOM,33.04,61.62,29.05,33.5269,0.21007158726240438,213487700000.0,"成交额 $2,313,617 ≥ 阈值 $500,000 | 成交量 455 手",US.QCOM,2026-05-08 07:09:26
US.QCOM260508P205000,QCOM 260508 205.00P,202.55,6475,2225712.0,PUT,2026-05-08,205.0,25,102.897,-0.581971472,0.037569289,-2.278706702,0.039450388,1,100.0,US.QCOM,7.85,8.25,0.92,13.2422,0.012095778820044376,213487700000.0,"成交额 $2,225,712 ≥ 阈值 $500,000 | 成交量 6,475 手",US.QCOM,2026-05-08 07:09:26
US.QCOM260522C180000,QCOM 260522 180.00C,202.55,702,2213740.0,CALL,2026-05-22,180.0,1441,62.629,0.843167098,0.00936685,-0.221539943,0.098294515,15,100.0,US.QCOM,14.65,43.3,14.65,16.4753,0.11133053567020494,213487700000.0,"成交额 $2,213,740 ≥ 阈值 $500,000 | 成交量 702 手",US.QCOM,2026-05-08 07:09:26
US.QCOM260618P200000,QCOM 260618 200.00P,202.55,1775,2136639.0,PUT,2026-06-18,200.0,335,59.218,-0.42800624,0.009693078,-0.1824181,0.269177672,42,100.0,US.QCOM,20.0,20.0,9.09,17.0247,-0.012589484078005485,213487700000.0,"成交额 $2,136,639 ≥ 阈值 $500,000 | 成交量 1,775 手",US.QCOM,2026-05-08 07:09:26
US.QCOM260918C180000,QCOM 260918 180.00C,202.55,499,2081972.0,CALL,2026-09-18,180.0,4038,49.94,0.720953471,0.005485106,-0.087869095,0.412285313,134,100.0,US.QCOM,30.0,55.0,30.0,28.9339,0.11133053567020494,213487700000.0,"成交额 $2,081,972 ≥ 阈值 $500,000 | 成交量 499 手",US.QCOM,2026-05-08 07:09:26
US.QCOM260821C230000,QCOM 260821 230.00C,202.55,1101,2074731.0,CALL,2026-08-21,230.0,360,57.528,0.412533887,0.006202483,-0.122368761,0.424758662,106,100.0,US.QCOM,8.77,27.66,8.51,9.425,-0.1355220933102937,213487700000.0,"成交额 $2,074,731 ≥ 阈值 $500,000 | 成交量 1,101 手",US.QCOM,2026-05-08 07:09:26
US.QCOM260821C220000,QCOM 260821 220.00C,202.55,997,2023596.0,CALL,2026-08-21,220.0,862,55.693,0.464067583,0.006538643,-0.121813304,0.433500455,106,100.0,US.QCOM,10.8,30.87,10.4,11.5,-0.08615156751419396,213487700000.0,"成交额 $2,023,596 ≥ 阈值 $500,000 | 成交量 997 手",US.QCOM,2026-05-08 07:09:26
US.QCOM260508C195000,QCOM 260508 195.00C,202.55,3050,1977484.0,CALL,2026-05-08,195.0,1930,107.859,0.768729872,0.027950753,-1.865363163,0.030771746,1,100.0,US.QCOM,2.0,28.35,1.0,3.125,0.03727474697605535,213487700000.0,"成交额 $1,977,484 ≥ 阈值 $500,000 | 成交量 3,050 手",US.QCOM,2026-05-08 07:09:26
US.QCOM260508C180000,QCOM 260508 180.00C,202.55,952,1976670.0,CALL,2026-05-08,180.0,2601,0.0,0.0,0.0,0.0,0.0,1,100.0,US.QCOM,9.28,42.78,9.0,13.1545,0.11133053567020494,213487700000.0,"成交额 $1,976,670 ≥ 阈值 $500,000 | 成交量 952 手",US.QCOM,2026-05-08 07:09:26
US.QCOM261120C230000,QCOM 261120 230.00C,202.55,712,1931652.0,CALL,2026-11-20,230.0,356,49.983,0.456613802,0.005332642,-0.082105311,0.590047331,197,100.0,US.QCOM,20.21,34.7,20.21,15.15,-0.1355220933102937,213487700000.0,"成交额 $1,931,652 ≥ 阈值 $500,000 | 成交量 712 手",US.QCOM,2026-05-08 07:09:26
US.QCOM260515P210000,QCOM 260515 210.00P,202.55,2014,1855575.0,PUT,2026-05-15,210.0,48,77.302,-0.600476177,0.01678604,-0.567276629,0.115121084,8,100.0,US.QCOM,10.76,15.32,6.0,19.311,0.03678104171809424,213487700000.0,"成交额 $1,855,575 ≥ 阈值 $500,000 | 成交量 2,014 手",US.QCOM,2026-05-08 07:09:26
US.QCOM260508P215000,QCOM 260508 215.00P,202.55,3137,1825617.0,PUT,2026-05-08,215.0,0,120.727,-0.831319424,0.020664298,-1.673237931,0.025435412,1,100.0,US.QCOM,18.25,18.25,3.5,22.6556,0.0614663046161441,213487700000.0,"成交额 $1,825,617 ≥ 阈值 $500,000 | 成交量 3,137 手",US.QCOM,2026-05-08 07:09:26
US.QCOM260918C200000,QCOM 260918 200.00C,202.55,686,1745902.0,CALL,2026-09-18,200.0,4365,51.244,0.594494226,0.006166732,-0.100490391,0.475643767,134,100.0,US.QCOM,18.0,40.0,17.8,19.6,0.012589484078005485,213487700000.0,"成交额 $1,745,902 ≥ 阈值 $500,000 | 成交量 686 手",US.QCOM,2026-05-08 07:09:26
US.QCOM260529C200000,QCOM 260529 200.00C,202.55,1195,1683287.0,CALL,2026-05-29,200.0,1713,66.878,0.568520565,0.011843183,-0.311240301,0.195041981,22,100.0,US.QCOM,6.2,29.66,5.85,7.75,0.012589484078005485,213487700000.0,"成交额 $1,683,287 ≥ 阈值 $500,000 | 成交量 1,195 手",US.QCOM,2026-05-08 07:09:26
US.QCOM260508C230000,QCOM 260508 230.00C,202.55,9514,1621413.0,CALL,2026-05-08,230.0,306,158.466,0.058529626,0.007297168,-0.987522908,0.011803093,1,100.0,US.QCOM,0.05,5.36,0.02,0.1545,-0.1355220933102937,213487700000.0,"成交额 $1,621,413 ≥ 阈值 $500,000 | 成交量 9,514 手",US.QCOM,2026-05-08 07:09:26
US.QCOM260821P230000,QCOM 260821 230.00P,202.55,417,1601331.0,PUT,2026-08-21,230.0,0,59.502,-0.585640497,0.006146744,-0.106794675,0.423969765,106,100.0,US.QCOM,34.57,42.6,34.57,45.5286,0.1355220933102937,213487700000.0,"成交额 $1,601,331 ≥ 阈值 $500,000 | 成交量 417 手",US.QCOM,2026-05-08 07:09:26
US.QCOM260508C192500,QCOM 260508 192.50C,202.55,2953,1586704.0,CALL,2026-05-08,192.5,935,122.262,0.806884563,0.022188811,-1.892948429,0.027690228,1,100.0,US.QCOM,2.8,26.4,1.55,4.0893,0.04961737842508028,213487700000.0,"成交额 $1,586,704 ≥ 阈值 $500,000 | 成交量 2,953 手",US.QCOM,2026-05-08 07:09:26
US.QCOM260618C175000,QCOM 260618 175.00C,202.55,591,1573367.0,CALL,2026-06-18,175.0,5678,52.62,0.824485464,0.007150878,-0.125021246,0.17723176,42,100.0,US.QCOM,20.52,50.05,20.52,23.4786,0.1360157985682548,213487700000.0,"成交额 $1,573,367 ≥ 阈值 $500,000 | 成交量 591 手",US.QCOM,2026-05-08 07:09:26
US.QCOM260508C182500,QCOM 260508 182.50C,202.55,1484,1536140.0,CALL,2026-05-08,182.5,2024,142.715,0.933343034,0.008967013,-1.011673594,0.01306227,1,100.0,US.QCOM,9.0,40.22,6.8,10.9593,0.09898790422118,213487700000.0,"成交额 $1,536,140 ≥ 阈值 $500,000 | 成交量 1,484 手",US.QCOM,2026-05-08 07:09:26
US.QCOM260515C250000,QCOM 260515 250.00C,202.55,7670,1473467.0,CALL,2026-05-15,250.0,2246,98.668,0.085165021,0.005297407,-0.280216479,0.04645933,8,100.0,US.QCOM,0.18,5.28,0.08,0.2449,-0.23426314490249314,213487700000.0,"成交额 $1,473,467 ≥ 阈值 $500,000 | 成交量 7,670 手",US.QCOM,2026-05-08 07:09:26
US.QCOM260508P220000,QCOM 260508 220.00P,202.55,1418,1456501.0,PUT,2026-05-08,220.0,5,141.73,-0.871370899,0.014685767,-1.619969172,0.021212965,1,100.0,US.QCOM,30.0,30.0,5.5,27.5653,0.08615156751419396,213487700000.0,"成交额 $1,456,501 ≥ 阈值 $500,000 | 成交量 1,418 手",US.QCOM,2026-05-08 07:09:26
US.QCOM260618P210000,QCOM 260618 210.00P,202.55,836,1437383.0,PUT,2026-06-18,210.0,21,62.538,-0.519363068,0.009339995,-0.194177734,0.273259656,42,100.0,US.QCOM,24.25,24.25,13.22,24.0386,0.03678104171809424,213487700000.0,"成交额 $1,437,383 ≥ 阈值 $500,000 | 成交量 836 手",US.QCOM,2026-05-08 07:09:26
US.QCOM260618C260000,QCOM 260618 260.00C,202.55,3611,1425810.0,CALL,2026-06-18,260.0,1103,68.667,0.173914344,0.005448049,-0.147339363,0.176208339,42,100.0,US.QCOM,1.1,7.6,1.1,1.36,-0.28363367069859285,213487700000.0,"成交额 $1,425,810 ≥ 阈值 $500,000 | 成交量 3,611 手",US.QCOM,2026-05-08 07:09:26
US.QCOM260717P230000,QCOM 260717 230.00P,202.55,421,1422336.0,PUT,2026-07-17,230.0,1,62.526,-0.620783783,0.006944027,-0.136680849,0.338933627,71,100.0,US.QCOM,29.8,39.8,29.8,42.7243,0.1355220933102937,213487700000.0,"成交额 $1,422,336 ≥ 阈值 $500,000 | 成交量 421 手",US.QCOM,2026-05-08 07:09:26
US.QCOM260522C210000,QCOM 260522 210.00C,202.55,1914,1416099.0,CALL,2026-05-22,210.0,504,72.171,0.434667703,0.013322122,-0.40426276,0.161112195,15,100.0,US.QCOM,3.1,21.65,2.95,3.375,-0.03678104171809424,213487700000.0,"成交额 $1,416,099 ≥ 阈值 $500,000 | 成交量 1,914 手",US.QCOM,2026-05-08 07:09:26
US.QCOM260618C195000,QCOM 260618 195.00C,202.55,789,1372670.0,CALL,2026-06-18,195.0,4604,54.869,0.625440503,0.010065493,-0.182056934,0.260155333,42,100.0,US.QCOM,11.2,34.0,9.6,12.125,0.03727474697605535,213487700000.0,"成交额 $1,372,670 ≥ 阈值 $500,000 | 成交量 789 手",US.QCOM,2026-05-08 07:09:26
US.QCOM260529C220000,QCOM 260529 220.00C,202.55,1668,1347776.0,CALL,2026-05-29,220.0,151,69.239,0.348471542,0.010762937,-0.29887099,0.183507416,22,100.0,US.QCOM,2.5,18.65,2.15,3.125,-0.08615156751419396,213487700000.0,"成交额 $1,347,776 ≥ 阈值 $500,000 | 成交量 1,668 手",US.QCOM,2026-05-08 07:09:26
US.QCOM260918C250000,QCOM 260918 250.00C,202.55,905,1340227.0,CALL,2026-09-18,250.0,4928,54.915,0.334970714,0.005407221,-0.097269305,0.446916705,134,100.0,US.QCOM,6.85,22.5,6.6,7.575,-0.23426314490249314,213487700000.0,"成交额 $1,340,227 ≥ 阈值 $500,000 | 成交量 905 手",US.QCOM,2026-05-08 07:09:26
US.QCOM260522C230000,QCOM 260522 230.00C,202.55,2293,1310159.0,CALL,2026-05-22,230.0,168,78.769,0.239035826,0.009620016,-0.341844765,0.126972106,15,100.0,US.QCOM,1.0,12.0,1.0,1.4754,-0.1355220933102937,213487700000.0,"成交额 $1,310,159 ≥ 阈值 $500,000 | 成交量 2,293 手",US.QCOM,2026-05-08 07:09:26
US.QCOM260515P200000,QCOM 260515 200.00P,202.55,2193,1264381.0,PUT,2026-05-15,200.0,146,71.398,-0.428550574,0.018452981,-0.537115516,0.117013474,8,100.0,US.QCOM,14.15,14.2,2.9,11.4494,-0.012589484078005485,213487700000.0,"成交额 $1,264,381 ≥ 阈值 $500,000 | 成交量 2,193 手",US.QCOM,2026-05-08 07:09:26
US.QCOM260522C250000,QCOM 260522 250.00C,202.55,4908,1229288.0,CALL,2026-05-22,250.0,37,86.722,0.134633928,0.006104601,-0.258388953,0.08870801,15,100.0,US.QCOM,0.5,6.81,0.5,0.6669,-0.23426314490249314,213487700000.0,"成交额 $1,229,288 ≥ 阈值 $500,000 | 成交量 4,908 手",US.QCOM,2026-05-08 07:09:26
US.QCOM260612C220000,QCOM 260612 220.00C,202.55,960,1203123.0,CALL,2026-06-12,220.0,26,63.323,0.382579737,0.009483965,-0.221751336,0.242386199,36,100.0,US.QCOM,9.2,18.06,9.2,4.3909,-0.08615156751419396,213487700000.0,"成交额 $1,203,123 ≥ 阈值 $500,000 | 成交量 960 手",US.QCOM,2026-05-08 07:09:26
US.QCOM260522P212500,QCOM 260522 212.50P,202.55,858,1201031.0,PUT,2026-05-22,212.5,0,72.53,-0.596953924,0.013078215,-0.37887657,0.158394282,15,100.0,US.QCOM,13.15,17.12,11.58,13.15,0.04912367316711917,213487700000.0,"成交额 $1,201,031 ≥ 阈值 $500,000 | 成交量 858 手",US.QCOM,2026-05-08 07:09:26
US.QCOM260618C185000,QCOM 260618 185.00C,202.55,347,1148930.0,CALL,2026-06-18,185.0,5429,54.205,0.728430826,0.008913401,-0.160120833,0.227580751,42,100.0,US.QCOM,15.7,43.0,14.45,17.1027,0.08664527277215507,213487700000.0,"成交额 $1,148,930 ≥ 阈值 $500,000 | 成交量 347 手",US.QCOM,2026-05-08 07:09:26
US.QCOM260618C300000,QCOM 260618 300.00C,202.55,5427,1110711.0,CALL,2026-06-18,300.0,1198,77.728,0.089509757,0.003031682,-0.103773363,0.110996628,42,100.0,US.QCOM,0.42,4.5,0.4,0.58,-0.48111577388299176,213487700000.0,"成交额 $1,110,711 ≥ 阈值 $500,000 | 成交量 5,427 手",US.QCOM,2026-05-08 07:09:26
US.QCOM260508C197500,QCOM 260508 197.50C,202.55,3672,1100336.0,CALL,2026-05-08,197.5,1072,94.488,0.712669109,0.035701544,-1.838239674,0.034432412,1,100.0,US.QCOM,1.62,25.52,0.59,2.325,0.024932115527030417,213487700000.0,"成交额 $1,100,336 ≥ 阈值 $500,000 | 成交量 3,672 手",US.QCOM,2026-05-08 07:09:26
US.QCOM260717P210000,QCOM 260717 210.00P,202.55,504,1096101.0,PUT,2026-07-17,210.0,23,59.562,-0.494138424,0.007571529,-0.139407052,0.355690208,71,100.0,US.QCOM,23.0,25.43,17.5,27.2588,0.03678104171809424,213487700000.0,"成交额 $1,096,101 ≥ 阈值 $500,000 | 成交量 504 手",US.QCOM,2026-05-08 07:09:26
US.QCOM260522C220000,QCOM 260522 220.00C,202.55,1679,1023350.0,CALL,2026-05-22,220.0,507,75.012,0.322939452,0.011690394,-0.380069714,0.146943187,15,100.0,US.QCOM,2.1,17.0,1.37,2.2275,-0.08615156751419396,213487700000.0,"成交额 $1,023,350 ≥ 阈值 $500,000 | 成交量 1,679 手",US.QCOM,2026-05-08 07:09:26
US.QCOM260918P190000,QCOM 260918 190.00P,202.55,598,987511.0,PUT,2026-09-18,190.0,167,53.437,-0.34697169,0.005682152,-0.083035284,0.452462636,134,100.0,US.QCOM,20.3,20.3,16.05,20.3,-0.061960009874105215,213487700000.0,"成交额 $987,511 ≥ 阈值 $500,000 | 成交量 598 手",US.QCOM,2026-05-08 07:09:26
US.QCOM260821C240000,QCOM 260821 240.00C,202.55,613,953170.0,CALL,2026-08-21,240.0,24,58.36,0.363612688,0.005895511,-0.119058513,0.409565597,106,100.0,US.QCOM,6.94,23.4,6.94,7.6,-0.18489261910639343,213487700000.0,"成交额 $953,170 ≥ 阈值 $500,000 | 成交量 613 手",US.QCOM,2026-05-08 07:09:26
US.QCOM260918C210000,QCOM 260918 210.00C,202.55,350,934671.0,CALL,2026-09-18,210.0,4516,52.206,0.534343164,0.006205618,-0.103706814,0.487623959,134,100.0,US.QCOM,16.18,35.02,15.0,16.35,-0.03678104171809424,213487700000.0,"成交额 $934,671 ≥ 阈值 $500,000 | 成交量 350 手",US.QCOM,2026-05-08 07:09:26
US.QCOM260508P195000,QCOM 260508 195.00P,202.55,6397,924127.0,PUT,2026-05-08,195.0,164,101.005,-0.217414586,0.028819477,-1.665801361,0.029710759,1,100.0,US.QCOM,7.2,7.95,0.22,5.4136,-0.03727474697605535,213487700000.0,"成交额 $924,127 ≥ 阈值 $500,000 | 成交量 6,397 手",US.QCOM,2026-05-08 07:09:26
US.QCOM260515C185000,QCOM 260515 185.00C,202.55,405,911551.0,CALL,2026-05-15,185.0,3414,73.601,0.815414406,0.012147357,-0.387825009,0.079467805,8,100.0,US.QCOM,8.75,37.5,8.5,12.012,0.08664527277215507,213487700000.0,"成交额 $911,551 ≥ 阈值 $500,000 | 成交量 405 手",US.QCOM,2026-05-08 07:09:26
US.QCOM261120C250000,QCOM 261120 250.00C,202.55,458,900418.0,CALL,2026-11-20,250.0,376,51.305,0.375309369,0.004968792,-0.079537869,0.564310834,197,100.0,US.QCOM,10.8,26.15,10.8,11.525,-0.23426314490249314,213487700000.0,"成交额 $900,418 ≥ 阈值 $500,000 | 成交量 458 手",US.QCOM,2026-05-08 07:09:26
US.QCOM260515C240000,QCOM 260515 240.00C,202.55,2704,884799.0,CALL,2026-05-15,240.0,380,91.287,0.117119799,0.007224821,-0.333144853,0.058622462,8,100.0,US.QCOM,0.2,7.07,0.2,0.3808,-0.18489261910639343,213487700000.0,"成交额 $884,799 ≥ 阈值 $500,000 | 成交量 2,704 手",US.QCOM,2026-05-08 07:09:26
US.QCOM260515P220000,QCOM 260515 220.00P,202.55,756,858199.0,PUT,2026-05-15,220.0,0,80.374,-0.737163622,0.013667204,-0.486934555,0.097196987,8,100.0,US.QCOM,13.05,21.85,10.4,28.2064,0.08615156751419396,213487700000.0,"成交额 $858,199 ≥ 阈值 $500,000 | 成交量 756 手",US.QCOM,2026-05-08 07:09:26
US.QCOM260618P185000,QCOM 260618 185.00P,202.55,1459,851321.0,PUT,2026-06-18,185.0,451,58.575,-0.28260926,0.008425777,-0.157073962,0.231990909,42,100.0,US.QCOM,10.41,10.41,4.95,9.1501,-0.08664527277215507,213487700000.0,"成交额 $851,321 ≥ 阈值 $500,000 | 成交量 1,459 手",US.QCOM,2026-05-08 07:09:26
US.QCOM260515C180000,QCOM 260515 180.00C,202.55,313,842688.0,CALL,2026-05-15,180.0,6427,66.313,0.897264059,0.009052988,-0.23582934,0.053357745,8,100.0,US.QCOM,12.0,43.8,12.0,15.5129,0.11133053567020494,213487700000.0,"成交额 $842,688 ≥ 阈值 $500,000 | 成交量 313 手",US.QCOM,2026-05-08 07:09:26
US.QCOM260508C185000,QCOM 260508 185.00C,202.55,461,829520.0,CALL,2026-05-08,185.0,3399,133.188,0.919066064,0.011145528,-1.101852347,0.01515182,1,100.0,US.QCOM,7.5,38.74,5.5,8.889,0.08664527277215507,213487700000.0,"成交额 $829,520 ≥ 阈值 $500,000 | 成交量 461 手",US.QCOM,2026-05-08 07:09:26
US.QCOM260821C200000,QCOM 260821 200.00C,202.55,290,820978.0,CALL,2026-08-21,200.0,796,54.52,0.589405441,0.006537399,-0.118836353,0.424294039,106,100.0,US.QCOM,16.5,40.4,16.5,18.225,0.012589484078005485,213487700000.0,"成交额 $820,978 ≥ 阈值 $500,000 | 成交量 290 手",US.QCOM,2026-05-08 07:09:26
US.QCOM260515C207500,QCOM 260515 207.50C,202.55,892,815646.0,CALL,2026-05-15,207.5,104,75.814,0.439009286,0.017442938,-0.589772008,0.117547958,8,100.0,US.QCOM,2.4,20.0,1.55,2.868,-0.02443841026906931,213487700000.0,"成交额 $815,646 ≥ 阈值 $500,000 | 成交量 892 手",US.QCOM,2026-05-08 07:09:26
US.QCOM260717P220000,QCOM 260717 220.00P,202.55,277,746285.0,PUT,2026-07-17,220.0,0,60.895,-0.561594392,0.007347559,-0.139399851,0.35131463,71,100.0,US.QCOM,26.8,30.6,23.0,34.695,0.08615156751419396,213487700000.0,"成交额 $746,285 ≥ 阈值 $500,000 | 成交量 277 手",US.QCOM,2026-05-08 07:09:26
US.QCOM261120C200000,QCOM 261120 200.00C,202.55,211,707043.0,CALL,2026-11-20,200.0,1123,48.989,0.60635249,0.005277532,-0.080376572,0.572350976,197,100.0,US.QCOM,23.7,42.46,23.7,24.6354,0.012589484078005485,213487700000.0,"成交额 $707,043 ≥ 阈值 $500,000 | 成交量 211 手",US.QCOM,2026-05-08 07:09:26
US.QCOM260515C170000,QCOM 260515 170.00C,202.55,216,695016.0,CALL,2026-05-15,170.0,3957,76.862,0.946520786,0.004747834,-0.166016568,0.032436693,8,100.0,US.QCOM,20.36,47.32,19.75,23.9965,0.16070106146630467,213487700000.0,"成交额 $695,016 ≥ 阈值 $500,000 | 成交量 216 手",US.QCOM,2026-05-08 07:09:26
US.QCOM260522P207500,QCOM 260522 207.50P,202.55,530,688528.0,PUT,2026-05-22,207.5,0,69.335,-0.537071537,0.0140273,-0.373269491,0.162547748,15,100.0,US.QCOM,11.02,14.36,7.65,11.02,0.02443841026906931,213487700000.0,"成交额 $688,528 ≥ 阈值 $500,000 | 成交量 530 手",US.QCOM,2026-05-08 07:09:26
US.QCOM261016C200000,QCOM 261016 200.00C,202.55,211,683037.0,CALL,2026-10-16,200.0,666,49.985,0.599908261,0.005729712,-0.089796489,0.521215471,162,100.0,US.QCOM,19.95,45.1,19.45,21.8544,0.012589484078005485,213487700000.0,"成交额 $683,037 ≥ 阈值 $500,000 | 成交量 211 手",US.QCOM,2026-05-08 07:09:26
US.QCOM260717C280000,QCOM 260717 280.00C,202.55,1228,668914.0,CALL,2026-07-17,280.0,76,64.96,0.167773183,0.004326614,-0.105437826,0.223990056,71,100.0,US.QCOM,1.62,9.5,1.62,1.775,-0.38237472229079233,213487700000.0,"成交额 $668,914 ≥ 阈值 $500,000 | 成交量 1,228 手",US.QCOM,2026-05-08 07:09:26
US.QCOM260508P190000,QCOM 260508 190.00P,202.55,11222,667972.0,PUT,2026-05-08,190.0,677,105.29,-0.106406451,0.017258987,-1.058515499,0.018547811,1,100.0,US.QCOM,3.25,4.14,0.12,2.78,-0.061960009874105215,213487700000.0,"成交额 $667,972 ≥ 阈值 $500,000 | 成交量 11,222 手",US.QCOM,2026-05-08 07:09:26
US.QCOM260508C175000,QCOM 260508 175.00C,202.55,313,645491.0,CALL,2026-05-08,175.0,1315,0.0,0.0,0.0,0.0,0.0,1,100.0,US.QCOM,14.1,44.5,13.45,17.9689,0.1360157985682548,213487700000.0,"成交额 $645,491 ≥ 阈值 $500,000 | 成交量 313 手",US.QCOM,2026-05-08 07:09:26
US.QCOM260626C205000,QCOM 260626 205.00C,202.55,354,627373.0,CALL,2026-06-26,205.0,0,60.509,0.532051141,0.008774329,-0.190508302,0.297835519,50,100.0,US.QCOM,13.9,25.35,13.79,13.9,-0.012095778820044376,213487700000.0,"成交额 $627,373 ≥ 阈值 $500,000 | 成交量 354 手",US.QCOM,2026-05-08 07:09:26
US.QCOM260605C220000,QCOM 260605 220.00C,202.55,598,626208.0,CALL,2026-06-05,220.0,468,67.212,0.371815316,0.009870438,-0.259018905,0.215561453,29,100.0,US.QCOM,3.9,18.95,3.1,3.8252,-0.08615156751419396,213487700000.0,"成交额 $626,208 ≥ 阈值 $500,000 | 成交量 598 手",US.QCOM,2026-05-08 07:09:26
US.QCOM260515P205000,QCOM 260515 205.00P,202.55,872,621457.0,PUT,2026-05-15,205.0,26,72.167,-0.521290501,0.01853674,-0.549258524,0.11875025,8,100.0,US.QCOM,9.95,12.0,4.14,15.1331,0.012095778820044376,213487700000.0,"成交额 $621,457 ≥ 阈值 $500,000 | 成交量 872 手",US.QCOM,2026-05-08 07:09:26
US.QCOM260515P190000,QCOM 260515 190.00P,202.55,1769,608099.0,PUT,2026-05-15,190.0,296,70.767,-0.250352278,0.015076625,-0.427871578,0.094803278,8,100.0,US.QCOM,6.2,7.41,1.26,5.7785,-0.061960009874105215,213487700000.0,"成交额 $608,099 ≥ 阈值 $500,000 | 成交量 1,769 手",US.QCOM,2026-05-08 07:09:26
US.QCOM260717C250000,QCOM 260717 250.00C,202.55,719,599704.0,CALL,2026-07-17,250.0,714,63.013,0.276443535,0.00594664,-0.137656499,0.298638753,71,100.0,US.QCOM,4.0,15.8,3.2,3.425,-0.23426314490249314,213487700000.0,"成交额 $599,704 ≥ 阈值 $500,000 | 成交量 719 手",US.QCOM,2026-05-08 07:09:26
US.QCOM260821C210000,QCOM 260821 210.00C,202.55,243,587899.0,CALL,2026-08-21,210.0,636,55.562,0.525642691,0.006567169,-0.122671285,0.434371238,106,100.0,US.QCOM,13.15,31.15,12.92,14.425,-0.03678104171809424,213487700000.0,"成交额 $587,899 ≥ 阈值 $500,000 | 成交量 243 手",US.QCOM,2026-05-08 07:09:26
US.QCOM260515P207500,QCOM 260515 207.50P,202.55,772,577877.0,PUT,2026-05-15,207.5,55,74.396,-0.563314948,0.017784162,-0.558451344,0.117415377,8,100.0,US.QCOM,9.6,13.45,4.8,17.2207,0.02443841026906931,213487700000.0,"成交额 $577,877 ≥ 阈值 $500,000 | 成交量 772 手",US.QCOM,2026-05-08 07:09:26
US.QCOM260618P220000,QCOM 260618 220.00P,202.55,247,565466.0,PUT,2026-06-18,220.0,42,63.776,-0.602693735,0.008895434,-0.189566822,0.264355254,42,100.0,US.QCOM,21.88,28.6,18.23,31.8521,0.08615156751419396,213487700000.0,"成交额 $565,466 ≥ 阈值 $500,000 | 成交量 247 手",US.QCOM,2026-05-08 07:09:26
US.QCOM261016C250000,QCOM 261016 250.00C,202.55,355,540973.0,CALL,2026-10-16,250.0,633,53.394,0.356229278,0.005174885,-0.088762336,0.502819983,162,100.0,US.QCOM,8.1,25.05,8.1,8.925,-0.23426314490249314,213487700000.0,"成交额 $540,973 ≥ 阈值 $500,000 | 成交量 355 手",US.QCOM,2026-05-08 07:09:26
US.QCOM260515C217500,QCOM 260515 217.50C,202.55,732,526561.0,CALL,2026-05-15,217.5,0,81.679,0.299572998,0.014268625,-0.55191558,0.103592266,8,100.0,US.QCOM,1.23,14.8,1.23,1.23,-0.07380893606516903,213487700000.0,"成交额 $526,561 ≥ 阈值 $500,000 | 成交量 732 手",US.QCOM,2026-05-08 07:09:26
US.QCOM260515C235000,QCOM 260515 235.00C,202.55,1301,526079.0,CALL,2026-05-15,235.0,70,89.064,0.144134815,0.008548914,-0.379451277,0.067676529,8,100.0,US.QCOM,0.54,8.32,0.23,0.5678,-0.16020735620834356,213487700000.0,"成交额 $526,079 ≥ 阈值 $500,000 | 成交量 1,301 手",US.QCOM,2026-05-08 07:09:26
US.RCL260918P260000,RCL 260918 260.00P,280.87,6251,13778210.0,PUT,2026-09-18,260.0,660,49.88,-0.328675429,0.004297341,-0.105071025,0.614362818,134,100.0,US.RCL,22.1,22.1,22.04,20.5001,-0.07430483853740166,75327923470.86,"成交额 $13,778,210 ≥ 阈值 $500,000 | 成交量 6,251 手",US.RCL,2026-05-08 07:09:28
US.RCL260618P250000,RCL 260618 250.00P,280.87,5968,3764532.0,PUT,2026-06-18,250.0,10682,51.866,-0.219941423,0.006005637,-0.168736902,0.281642386,42,100.0,US.RCL,5.9,6.74,5.66,5.5,-0.10990849859365544,75327923470.86,"成交额 $3,764,532 ≥ 阈值 $500,000 | 成交量 5,968 手",US.RCL,2026-05-08 07:09:28
US.RVTY260515C90000,RVTY 260515 90.00C,98.85,2372,2170380.0,CALL,2026-05-15,90.0,2375,30.97,0.982262595,0.009726756,-0.019998122,0.006350555,8,100.0,US.RVTY,9.15,9.15,9.15,9.9318,0.08952959028831557,11051758873.95,"成交额 $2,170,380 ≥ 阈值 $500,000 | 成交量 2,372 手",US.RVTY,2026-05-08 07:13:23
US.SATS260618C150000,SATS 260618 150.00C,122.62,17360,6673962.0,CALL,2026-06-18,150.0,43052,69.409,0.235135783,0.010664433,-0.108507055,0.127651522,42,100.0,US.SATS,3.7,4.2,3.35,3.8,-0.22329146958081875,35421957830.58,"成交额 $6,673,962 ≥ 阈值 $500,000 | 成交量 17,360 手",US.SATS,2026-05-08 07:14:01
US.SBUX260717P100000,SBUX 260717 100.00P,104.26,3139,875330.0,PUT,2026-07-17,100.0,1113,28.988,-0.330684641,0.027451299,-0.030902708,0.166154832,71,100.0,US.SBUX,3.15,3.3,2.61,2.29,-0.04085938998657208,118825122000.0,"成交额 $875,330 ≥ 阈值 $500,000 | 成交量 3,139 手",US.SBUX,2026-05-08 07:14:05
US.SCHW260717P100000,SCHW 260717 100.00P,89.5,3023,3410341.0,PUT,2026-07-17,100.0,232,30.507,-0.775359763,0.027856924,-0.019832399,0.11607322,71,100.0,US.SCHW,11.2,11.43,11.05,9.3247,0.11731843575418995,155559899969.5,"成交额 $3,410,341 ≥ 阈值 $500,000 | 成交量 3,023 手",US.SCHW,2026-05-08 07:14:43
US.SCHW260515P100000,SCHW 260515 100.00P,89.5,3036,3268331.0,PUT,2026-05-15,100.0,6588,70.499,-0.84560868,0.025999173,-0.131604974,0.03118016,8,100.0,US.SCHW,8.79,10.95,8.79,8.2586,0.11731843575418995,155559899969.5,"成交额 $3,268,331 ≥ 阈值 $500,000 | 成交量 3,036 手",US.SCHW,2026-05-08 07:14:43
US.SCHW260618C95000,SCHW 260618 95.00C,89.5,11125,1653453.0,CALL,2026-06-18,95.0,4049,25.891,0.27807746,0.042748758,-0.033893514,0.101669206,42,100.0,US.SCHW,1.97,1.97,1.15,2.235,-0.061452513966480445,155559899969.5,"成交额 $1,653,453 ≥ 阈值 $500,000 | 成交量 11,125 手",US.SCHW,2026-05-08 07:14:43
US.SCHW260618C90000,SCHW 260618 90.00C,89.5,3137,1053412.0,CALL,2026-06-18,90.0,2530,25.433,0.510754097,0.051729729,-0.041204473,0.120882974,42,100.0,US.SCHW,3.22,3.51,2.8,4.7709,-0.00558659217877095,155559899969.5,"成交额 $1,053,412 ≥ 阈值 $500,000 | 成交量 3,137 手",US.SCHW,2026-05-08 07:14:43
US.SNDK260508P1300000,SNDK 260508 1300.00P,1339.96,5380,11916872.0,PUT,2026-05-08,1300.0,1521,119.091,-0.290377678,0.00440578,-15.619179798,0.223592495,1,100.0,US.SNDK,15.9,34.58,9.43,12.5549,-0.02982178572494704,198434352129.68,"成交额 $11,916,872 ≥ 阈值 $500,000 | 成交量 5,380 手",US.SNDK,2026-05-08 07:16:02
US.SNDK260508C1400000,SNDK 260508 1400.00C,1339.96,8829,10705794.0,CALL,2026-05-08,1400.0,2056,110.155,0.215255623,0.004066058,-12.260059763,0.190872478,1,100.0,US.SNDK,32.7,43.7,4.0,52.5967,-0.04480730768082627,198434352129.68,"成交额 $10,705,794 ≥ 阈值 $500,000 | 成交量 8,829 手",US.SNDK,2026-05-08 07:16:02
US.SNDK260508C1350000,SNDK 260508 1350.00C,1339.96,3135,8869772.0,CALL,2026-05-08,1350.0,796,107.446,0.454310889,0.005650277,-16.516194378,0.258723794,1,100.0,US.SNDK,45.8,72.4,11.0,84.4069,-0.007492760977939612,198434352129.68,"成交额 $8,869,772 ≥ 阈值 $500,000 | 成交量 3,135 手",US.SNDK,2026-05-08 07:16:02
US.SNDK260508C1300000,SNDK 260508 1300.00C,1339.96,1541,7765004.0,CALL,2026-05-08,1300.0,1754,109.716,0.723993561,0.004667033,-14.152213401,0.218213751,1,100.0,US.SNDK,84.94,106.26,28.5,122.4547,0.02982178572494704,198434352129.68,"成交额 $7,765,004 ≥ 阈值 $500,000 | 成交量 1,541 手",US.SNDK,2026-05-08 07:16:02
US.SNDK260508P1350000,SNDK 260508 1350.00P,1339.96,1877,7673931.0,PUT,2026-05-08,1350.0,693,109.089,-0.544723149,0.005567467,-16.640418785,0.258790183,1,100.0,US.SNDK,40.07,65.2,20.0,24.5026,0.007492760977939612,198434352129.68,"成交额 $7,673,931 ≥ 阈值 $500,000 | 成交量 1,877 手",US.SNDK,2026-05-08 07:16:02
US.SNDK260508C1250000,SNDK 260508 1250.00C,1339.96,674,6774937.0,CALL,2026-05-08,1250.0,1797,139.05,0.855660258,0.002503186,-11.982517485,0.148331002,1,100.0,US.SNDK,117.94,143.83,59.0,166.4739,0.06713633242783369,198434352129.68,"成交额 $6,774,937 ≥ 阈值 $500,000 | 成交量 674 手",US.SNDK,2026-05-08 07:16:02
US.SNDK260515C1400000,SNDK 260515 1400.00C,1339.96,1077,6672959.0,CALL,2026-05-15,1400.0,1565,101.272,0.41480548,0.00195672,-5.138826473,0.766802357,8,100.0,US.SNDK,74.0,90.0,40.0,97.6785,-0.04480730768082627,198434352129.68,"成交额 $6,672,959 ≥ 阈值 $500,000 | 成交量 1,077 手",US.SNDK,2026-05-08 07:16:02
US.SNDK260515C1300000,SNDK 260515 1300.00C,1339.96,710,6501076.0,CALL,2026-05-15,1300.0,542,102.962,0.610673056,0.001893416,-5.170678293,0.754371939,8,100.0,US.SNDK,132.53,140.85,76.2,157.2403,0.02982178572494704,198434352129.68,"成交额 $6,501,076 ≥ 阈值 $500,000 | 成交量 710 手",US.SNDK,2026-05-08 07:16:02
US.SNDK260508P1400000,SNDK 260508 1400.00P,1339.96,913,6408819.0,PUT,2026-05-08,1400.0,792,111.598,-0.78163223,0.00404957,-12.396291667,0.192449465,1,100.0,US.SNDK,60.08,110.0,40.2,42.6862,0.04480730768082627,198434352129.68,"成交额 $6,408,819 ≥ 阈值 $500,000 | 成交量 913 手",US.SNDK,2026-05-08 07:16:02
US.SNDK260618C1420000,SNDK 260618 1420.00C,1339.96,374,5732213.0,CALL,2026-06-18,1420.0,78,99.297,0.503219656,0.000885281,-2.2123962,1.810393591,42,100.0,US.SNDK,164.6,174.9,132.9,189.6653,-0.05973312636198093,198434352129.68,"成交额 $5,732,213 ≥ 阈值 $500,000 | 成交量 374 手",US.SNDK,2026-05-08 07:16:02
US.SNDK260515P1300000,SNDK 260515 1300.00P,1339.96,847,5228045.0,PUT,2026-05-15,1300.0,684,105.232,-0.390507446,0.001854868,-5.160685081,0.754981749,8,100.0,US.SNDK,57.0,80.7,45.0,47.6293,-0.02982178572494704,198434352129.68,"成交额 $5,228,045 ≥ 阈值 $500,000 | 成交量 847 手",US.SNDK,2026-05-08 07:16:02
US.SNDK260508C1200000,SNDK 260508 1200.00C,1339.96,335,4784651.0,CALL,2026-05-08,1200.0,1459,140.951,0.949715345,0.001125945,-5.384336162,0.067632847,1,100.0,US.SNDK,182.1,190.0,102.0,213.6874,0.10445087913072035,198434352129.68,"成交额 $4,784,651 ≥ 阈值 $500,000 | 成交量 335 手",US.SNDK,2026-05-08 07:16:02
US.SNDK260508P1250000,SNDK 260508 1250.00P,1339.96,4782,4393819.0,PUT,2026-05-08,1250.0,1133,130.813,-0.130577221,0.002484823,-10.379324032,0.13851938,1,100.0,US.SNDK,8.05,14.0,4.4,6.5768,-0.06713633242783369,198434352129.68,"成交额 $4,393,819 ≥ 阈值 $500,000 | 成交量 4,782 手",US.SNDK,2026-05-08 07:16:02
US.SNDK260515P1250000,SNDK 260515 1250.00P,1339.96,826,3998966.0,PUT,2026-05-15,1250.0,450,108.26,-0.301025974,0.001635536,-4.800427536,0.684980589,8,100.0,US.SNDK,33.8,57.3,32.0,33.2874,-0.06713633242783369,198434352129.68,"成交额 $3,998,966 ≥ 阈值 $500,000 | 成交量 826 手",US.SNDK,2026-05-08 07:16:02
US.SNDK260515P1200000,SNDK 260515 1200.00P,1339.96,1266,3855462.0,PUT,2026-05-15,1200.0,3375,109.145,-0.219661781,0.00137806,-4.076511291,0.581914223,8,100.0,US.SNDK,25.63,37.55,21.0,21.8046,-0.10445087913072035,198434352129.68,"成交额 $3,855,462 ≥ 阈值 $500,000 | 成交量 1,266 手",US.SNDK,2026-05-08 07:16:02
US.SNDK260618P1340000,SNDK 260618 1340.00P,1339.96,214,3848827.0,PUT,2026-06-18,1340.0,22,99.89,-0.428709562,0.000868148,-2.071345601,1.781170489,42,100.0,US.SNDK,176.25,187.23,176.25,155.0378,2.9851637362282173e-05,198434352129.68,"成交额 $3,848,827 ≥ 阈值 $500,000 | 成交量 214 手",US.SNDK,2026-05-08 07:16:02
US.SNDK260515C1500000,SNDK 260515 1500.00C,1339.96,1248,3716944.0,CALL,2026-05-15,1500.0,1466,100.998,0.2477744,0.001591879,-4.076928407,0.622123088,8,100.0,US.SNDK,46.4,50.07,20.1,56.932,-0.11943640108659957,198434352129.68,"成交额 $3,716,944 ≥ 阈值 $500,000 | 成交量 1,248 手",US.SNDK,2026-05-08 07:16:02
US.SNDK260618C1500000,SNDK 260618 1500.00C,1339.96,305,3580877.0,CALL,2026-06-18,1500.0,806,99.245,0.438348047,0.00087517,-2.178429936,1.788783542,42,100.0,US.SNDK,143.9,148.4,105.41,158.3041,-0.11943640108659957,198434352129.68,"成交额 $3,580,877 ≥ 阈值 $500,000 | 成交量 305 手",US.SNDK,2026-05-08 07:16:02
US.SNDK260515C1350000,SNDK 260515 1350.00C,1339.96,453,3531704.0,CALL,2026-05-15,1350.0,396,101.707,0.511936397,0.001993115,-5.304974024,0.784417085,8,100.0,US.SNDK,115.0,115.0,55.0,125.6615,-0.007492760977939612,198434352129.68,"成交额 $3,531,704 ≥ 阈值 $500,000 | 成交量 453 手",US.SNDK,2026-05-08 07:16:02
US.SNDK260508C1380000,SNDK 260508 1380.00C,1339.96,1344,3345102.0,CALL,2026-05-08,1380.0,286,108.168,0.297802611,0.004907457,-14.411196929,0.226218022,1,100.0,US.SNDK,36.4,53.6,6.13,64.6334,-0.029881488999671604,198434352129.68,"成交额 $3,345,102 ≥ 阈值 $500,000 | 成交量 1,344 手",US.SNDK,2026-05-08 07:16:02
US.SNDK260515P1390000,SNDK 260515 1390.00P,1339.96,259,3130052.0,PUT,2026-05-15,1390.0,166,103.79,-0.563509953,0.001931063,-5.194465497,0.774711374,8,100.0,US.SNDK,89.9,135.82,82.68,82.6456,0.037344398340248934,198434352129.68,"成交额 $3,130,052 ≥ 阈值 $500,000 | 成交量 259 手",US.SNDK,2026-05-08 07:16:02
US.SNDK260508P1430000,SNDK 260508 1430.00P,1339.96,306,3031970.0,PUT,2026-05-08,1430.0,346,106.549,-0.889929308,0.002711292,-7.313989396,0.122774668,1,100.0,US.SNDK,91.0,120.0,72.9,58.1432,0.06719603570255826,198434352129.68,"成交额 $3,031,970 ≥ 阈值 $500,000 | 成交量 306 手",US.SNDK,2026-05-08 07:16:02
US.SNDK260508C1320000,SNDK 260508 1320.00C,1339.96,793,2834157.0,CALL,2026-05-08,1320.0,193,113.672,0.618009011,0.00513916,-16.809128721,0.248954265,1,100.0,US.SNDK,64.35,84.0,20.79,106.735,0.014895967043792379,198434352129.68,"成交额 $2,834,157 ≥ 阈值 $500,000 | 成交量 793 手",US.SNDK,2026-05-08 07:16:02
US.SNDK260508C1370000,SNDK 260508 1370.00C,1339.96,1048,2651291.0,CALL,2026-05-08,1370.0,405,112.979,0.354311853,0.005044244,-16.227984011,0.242867269,1,100.0,US.SNDK,40.25,57.8,6.9,70.6518,-0.022418579659094273,198434352129.68,"成交额 $2,651,291 ≥ 阈值 $500,000 | 成交量 1,048 手",US.SNDK,2026-05-08 07:16:02
US.SNDK260508C1450000,SNDK 260508 1450.00C,1339.96,4147,2634671.0,CALL,2026-05-08,1450.0,3943,111.748,0.077677672,0.001992925,-5.948161537,0.094906441,1,100.0,US.SNDK,15.0,22.1,1.35,30.1976,-0.08212185438371292,198434352129.68,"成交额 $2,634,671 ≥ 阈值 $500,000 | 成交量 4,147 手",US.SNDK,2026-05-08 07:16:02
US.SNDK260508C1360000,SNDK 260508 1360.00C,1339.96,962,2576596.0,CALL,2026-05-08,1360.0,240,107.688,0.399334341,0.005493204,-16.097739719,0.252097273,1,100.0,US.SNDK,46.9,62.0,9.44,77.2054,-0.014955670318516943,198434352129.68,"成交额 $2,576,596 ≥ 阈值 $500,000 | 成交量 962 手",US.SNDK,2026-05-08 07:16:02
US.SNDK260529P1280000,SNDK 260529 1280.00P,1339.96,223,2523745.0,PUT,2026-05-29,1280.0,28,101.661,-0.375846676,0.001139185,-2.870568123,1.244411512,22,100.0,US.SNDK,98.4,116.9,87.5,84.3753,-0.0447476044061017,198434352129.68,"成交额 $2,523,745 ≥ 阈值 $500,000 | 成交量 223 手",US.SNDK,2026-05-08 07:16:02
US.SNDK260515C1320000,SNDK 260515 1320.00C,1339.96,283,2493611.0,CALL,2026-05-15,1320.0,232,103.51,0.571390743,0.001927817,-5.319948589,0.772168912,8,100.0,US.SNDK,98.0,126.0,68.0,143.8799,0.014895967043792379,198434352129.68,"成交额 $2,493,611 ≥ 阈值 $500,000 | 成交量 283 手",US.SNDK,2026-05-08 07:16:02
US.SNDK260508C1390000,SNDK 260508 1390.00C,1339.96,1084,2458533.0,CALL,2026-05-08,1390.0,621,110.666,0.257372521,0.004466297,-13.669600715,0.210635307,1,100.0,US.SNDK,35.4,51.3,5.0,58.615,-0.037344398340248934,198434352129.68,"成交额 $2,458,533 ≥ 阈值 $500,000 | 成交量 1,084 手",US.SNDK,2026-05-08 07:16:02
US.SNDK260508P1320000,SNDK 260508 1320.00P,1339.96,811,2450692.0,PUT,2026-05-08,1320.0,225,114.568,-0.382739208,0.005102201,-16.820850907,0.249097888,1,100.0,US.SNDK,19.1,42.98,14.4,16.8337,-0.014895967043792379,198434352129.68,"成交额 $2,450,692 ≥ 阈值 $500,000 | 成交量 811 手",US.SNDK,2026-05-08 07:16:02
US.SNDK260515C1450000,SNDK 260515 1450.00C,1339.96,549,2428591.0,CALL,2026-05-15,1450.0,1038,101.544,0.326489656,0.001805192,-4.727368911,0.709311141,8,100.0,US.SNDK,58.4,67.0,27.3,75.0586,-0.08212185438371292,198434352129.68,"成交额 $2,428,591 ≥ 阈值 $500,000 | 成交量 549 手",US.SNDK,2026-05-08 07:16:02
US.SNDK260508C1355000,SNDK 260508 1355.00C,1339.96,757,2413460.0,CALL,2026-05-08,1355.0,270,110.564,0.429097221,0.005439676,-16.822257485,0.256309341,1,100.0,US.SNDK,38.0,62.0,10.7,80.7899,-0.011224215648228278,198434352129.68,"成交额 $2,413,460 ≥ 阈值 $500,000 | 成交量 757 手",US.SNDK,2026-05-08 07:16:02
US.SNDK260508P1200000,SNDK 260508 1200.00P,1339.96,5926,2377257.0,PUT,2026-05-08,1200.0,3967,151.278,-0.062410474,0.001243938,-6.760503792,0.08019435,1,100.0,US.SNDK,4.55,6.1,2.35,3.7921,-0.10445087913072035,198434352129.68,"成交额 $2,377,257 ≥ 阈值 $500,000 | 成交量 5,926 手",US.SNDK,2026-05-08 07:16:02
US.SNDK260508P1330000,SNDK 260508 1330.00P,1339.96,699,2294009.0,PUT,2026-05-08,1330.0,351,114.349,-0.435149965,0.005273886,-17.339742714,0.256981977,1,100.0,US.SNDK,21.58,51.0,15.4,18.973,-0.0074330577032150486,198434352129.68,"成交额 $2,294,009 ≥ 阈值 $500,000 | 成交量 699 手",US.SNDK,2026-05-08 07:16:02
US.SNDK260508C1500000,SNDK 260508 1500.00C,1339.96,6156,2123828.0,CALL,2026-05-08,1500.0,3067,116.93,0.025556151,0.0007799,-2.428664019,0.038865141,1,100.0,US.SNDK,8.3,11.4,0.45,16.2027,-0.11943640108659957,198434352129.68,"成交额 $2,123,828 ≥ 阈值 $500,000 | 成交量 6,156 手",US.SNDK,2026-05-08 07:16:02
US.SNDK260522P1280000,SNDK 260522 1280.00P,1339.96,215,2099858.0,PUT,2026-05-22,1280.0,25,107.206,-0.372162433,0.001305603,-3.696189046,1.02289755,15,100.0,US.SNDK,81.0,100.73,81.0,69.4117,-0.0447476044061017,198434352129.68,"成交额 $2,099,858 ≥ 阈值 $500,000 | 成交量 215 手",US.SNDK,2026-05-08 07:16:02
US.SNDK260508C1330000,SNDK 260508 1330.00C,1339.96,630,2045883.0,CALL,2026-05-08,1330.0,159,113.672,0.565124297,0.005304312,-17.365987745,0.256955859,1,100.0,US.SNDK,58.7,74.5,17.13,98.8753,0.0074330577032150486,198434352129.68,"成交额 $2,045,883 ≥ 阈值 $500,000 | 成交量 630 手",US.SNDK,2026-05-08 07:16:02
US.SNDK260508P1380000,SNDK 260508 1380.00P,1339.96,438,2038947.0,PUT,2026-05-08,1380.0,275,116.589,-0.687435693,0.004653201,-15.75323305,0.231120937,1,100.0,US.SNDK,47.8,91.5,31.2,34.7255,0.029881488999671604,198434352129.68,"成交额 $2,038,947 ≥ 阈值 $500,000 | 成交量 438 手",US.SNDK,2026-05-08 07:16:02
US.SNDK260508P1345000,SNDK 260508 1345.00P,1339.96,529,2014526.0,PUT,2026-05-08,1345.0,100,114.89,-0.515001248,0.005315924,-17.639349209,0.260245345,1,100.0,US.SNDK,25.72,58.9,21.0,23.1202,0.0037613063076509475,198434352129.68,"成交额 $2,014,526 ≥ 阈值 $500,000 | 成交量 529 手",US.SNDK,2026-05-08 07:16:02
US.SNDK260618C1600000,SNDK 260618 1600.00C,1339.96,202,1913948.0,CALL,2026-06-18,1600.0,590,98.999,0.363594243,0.000835545,-2.062497468,1.703544524,42,100.0,US.SNDK,115.99,116.0,81.25,124.6027,-0.19406549449237287,198434352129.68,"成交额 $1,913,948 ≥ 阈值 $500,000 | 成交量 202 手",US.SNDK,2026-05-08 07:16:02
US.SNDK260508P1370000,SNDK 260508 1370.00P,1339.96,380,1909710.0,PUT,2026-05-08,1370.0,183,114.732,-0.643292904,0.004980172,-16.387295328,0.243439517,1,100.0,US.SNDK,35.3,80.0,29.45,30.7452,0.022418579659094273,198434352129.68,"成交额 $1,909,710 ≥ 阈值 $500,000 | 成交量 380 手",US.SNDK,2026-05-08 07:16:02
US.SNDK260508P1390000,SNDK 260508 1390.00P,1339.96,262,1733473.0,PUT,2026-05-08,1390.0,599,115.727,-0.732623924,0.004357017,-14.457391477,0.214779156,1,100.0,US.SNDK,60.0,100.0,36.3,38.7059,0.037344398340248934,198434352129.68,"成交额 $1,733,473 ≥ 阈值 $500,000 | 成交量 262 手",US.SNDK,2026-05-08 07:16:02
US.SNDK260508P1360000,SNDK 260508 1360.00P,1339.96,426,1703557.0,PUT,2026-05-08,1360.0,118,114.32,-0.59376313,0.005198179,-17.032895448,0.253200709,1,100.0,US.SNDK,42.3,70.0,23.0,27.3,0.014955670318516943,198434352129.68,"成交额 $1,703,557 ≥ 阈值 $500,000 | 成交量 426 手",US.SNDK,2026-05-08 07:16:02
US.SNDK260508C1385000,SNDK 260508 1385.00C,1339.96,628,1661921.0,CALL,2026-05-08,1385.0,361,107.21,0.272528318,0.004746298,-13.658243281,0.216850859,1,100.0,US.SNDK,33.63,51.8,6.7,61.6242,-0.03361294366996027,198434352129.68,"成交额 $1,661,921 ≥ 阈值 $500,000 | 成交量 628 手",US.SNDK,2026-05-08 07:16:02
US.SNDK260508C1345000,SNDK 260508 1345.00C,1339.96,516,1652446.0,CALL,2026-05-08,1345.0,321,106.916,0.48230527,0.005710191,-16.537395611,0.260177556,1,100.0,US.SNDK,60.0,73.0,13.2,88.024,-0.0037613063076509475,198434352129.68,"成交额 $1,652,446 ≥ 阈值 $500,000 | 成交量 516 手",US.SNDK,2026-05-08 07:16:02
US.SNDK260508C1340000,SNDK 260508 1340.00C,1339.96,533,1649506.0,CALL,2026-05-08,1340.0,190,113.528,0.511440151,0.005380717,-17.572354956,0.26032674,1,100.0,US.SNDK,39.0,76.0,13.8,91.6411,-2.9851637362282173e-05,198434352129.68,"成交额 $1,649,506 ≥ 阈值 $500,000 | 成交量 533 手",US.SNDK,2026-05-08 07:16:02
US.SNDK260515C1380000,SNDK 260515 1380.00C,1339.96,232,1573932.0,CALL,2026-05-15,1380.0,125,102.404,0.454040576,0.001967275,-5.294795574,0.779553703,8,100.0,US.SNDK,90.5,100.0,46.0,108.0666,-0.029881488999671604,198434352129.68,"成交额 $1,573,932 ≥ 阈值 $500,000 | 成交量 232 手",US.SNDK,2026-05-08 07:16:02
US.SNDK260508P1290000,SNDK 260508 1290.00P,1339.96,822,1532575.0,PUT,2026-05-08,1290.0,400,119.945,-0.247962982,0.004040833,-14.475855198,0.20654284,1,100.0,US.SNDK,15.0,30.0,7.6,10.8348,-0.03728469506552437,198434352129.68,"成交额 $1,532,575 ≥ 阈值 $500,000 | 成交量 822 手",US.SNDK,2026-05-08 07:16:02
US.SNDK260508P1310000,SNDK 260508 1310.00P,1339.96,553,1498194.0,PUT,2026-05-08,1310.0,368,115.755,-0.333356263,0.004811978,-16.160767607,0.23736488,1,100.0,US.SNDK,21.9,40.0,11.5,14.6943,-0.02235887638436971,198434352129.68,"成交额 $1,498,194 ≥ 阈值 $500,000 | 成交量 553 手",US.SNDK,2026-05-08 07:16:02
US.SNDK260529P1000000,SNDK 260529 1000.00P,1339.96,693,1488797.0,PUT,2026-05-29,1000.0,273,109.651,-0.108907109,0.00051919,-1.516623341,0.61227196,22,100.0,US.SNDK,19.0,23.45,17.87,17.2103,-0.25370906594226694,198434352129.68,"成交额 $1,488,797 ≥ 阈值 $500,000 | 成交量 693 手",US.SNDK,2026-05-08 07:16:02
US.SNDK260508C1325000,SNDK 260508 1325.00C,1339.96,461,1476446.0,CALL,2026-05-08,1325.0,131,108.803,0.594812328,0.005457291,-16.365409979,0.253043363,1,100.0,US.SNDK,67.78,75.8,19.5,102.8052,0.011164512373503714,198434352129.68,"成交额 $1,476,446 ≥ 阈值 $500,000 | 成交量 461 手",US.SNDK,2026-05-08 07:16:02
US.SNDK260515P1000000,SNDK 260515 1000.00P,1339.96,2450,1417934.0,PUT,2026-05-15,1000.0,2340,127.421,-0.04825413,0.000399943,-1.511747963,0.19719848,8,100.0,US.SNDK,5.6,6.6,3.6,4.2517,-0.25370906594226694,198434352129.68,"成交额 $1,417,934 ≥ 阈值 $500,000 | 成交量 2,450 手",US.SNDK,2026-05-08 07:16:02
US.SNDK260508C1310000,SNDK 260508 1310.00C,1339.96,395,1403398.0,CALL,2026-05-08,1310.0,297,108.458,0.675807069,0.005078131,-15.091740263,0.234714723,1,100.0,US.SNDK,89.28,89.28,25.0,114.5948,0.02235887638436971,198434352129.68,"成交额 $1,403,398 ≥ 阈值 $500,000 | 成交量 395 手",US.SNDK,2026-05-08 07:16:02
US.SNDK260508C1375000,SNDK 260508 1375.00C,1339.96,553,1380244.0,CALL,2026-05-08,1375.0,173,110.48,0.325967584,0.00499639,-15.341291635,0.235239849,1,100.0,US.SNDK,45.6,56.5,6.7,67.6426,-0.02615003432938294,198434352129.68,"成交额 $1,380,244 ≥ 阈值 $500,000 | 成交量 553 手",US.SNDK,2026-05-08 07:16:02
US.SNDK260508P1340000,SNDK 260508 1340.00P,1339.96,383,1320671.0,PUT,2026-05-08,1340.0,224,119.961,-0.487981536,0.005092412,-18.431569838,0.260312024,1,100.0,US.SNDK,30.0,55.0,18.3,21.7378,2.9851637362282173e-05,198434352129.68,"成交额 $1,320,671 ≥ 阈值 $500,000 | 成交量 383 手",US.SNDK,2026-05-08 07:16:02
US.SNDK260508C1335000,SNDK 260508 1335.00C,1339.96,399,1306635.0,CALL,2026-05-08,1335.0,48,115.209,0.538111622,0.005280134,-17.759126131,0.259244479,1,100.0,US.SNDK,79.99,82.5,16.0,95.2582,0.003701603032926383,198434352129.68,"成交额 $1,306,635 ≥ 阈值 $500,000 | 成交量 399 手",US.SNDK,2026-05-08 07:16:02
US.SNDK260508P1325000,SNDK 260508 1325.00P,1339.96,379,1152377.0,PUT,2026-05-08,1325.0,114,115.803,-0.409552618,0.005141262,-17.329904954,0.25370833,1,100.0,US.SNDK,25.6,46.0,13.8,17.9034,-0.011164512373503714,198434352129.68,"成交额 $1,152,377 ≥ 阈值 $500,000 | 成交量 379 手",US.SNDK,2026-05-08 07:16:02
US.SNDK260529P960000,SNDK 260529 960.00P,1339.96,646,1146255.0,PUT,2026-05-29,960.0,97,111.749,-0.086351368,0.000429647,-1.300156654,0.516397861,22,100.0,US.SNDK,17.69,17.9,16.8,13.1775,-0.2835607033045763,198434352129.68,"成交额 $1,146,255 ≥ 阈值 $500,000 | 成交量 646 手",US.SNDK,2026-05-08 07:16:02
US.SNDK260508C1410000,SNDK 260508 1410.00C,1339.96,911,1146125.0,CALL,2026-05-08,1410.0,771,111.729,0.182149409,0.003624425,-11.178218643,0.172571951,1,100.0,US.SNDK,21.18,35.0,3.71,47.107,-0.052270217021403595,198434352129.68,"成交额 $1,146,125 ≥ 阈值 $500,000 | 成交量 911 手",US.SNDK,2026-05-08 07:16:02
US.SNDK260515P1100000,SNDK 260515 1100.00P,1339.96,874,1123788.0,PUT,2026-05-15,1100.0,1846,117.468,-0.108429604,0.000805407,-2.686651233,0.366072966,8,100.0,US.SNDK,10.3,16.0,9.0,9.5728,-0.17907997253649366,198434352129.68,"成交额 $1,123,788 ≥ 阈值 $500,000 | 成交量 874 手",US.SNDK,2026-05-08 07:16:02
US.SNDK260508C1405000,SNDK 260508 1405.00C,1339.96,764,1120356.0,CALL,2026-05-08,1405.0,496,110.728,0.197649803,0.003845554,-11.682179799,0.18146023,1,100.0,US.SNDK,35.0,43.3,3.7,49.8518,-0.04853876235111493,198434352129.68,"成交额 $1,120,356 ≥ 阈值 $500,000 | 成交量 764 手",US.SNDK,2026-05-08 07:16:02
US.SNDK260508C1365000,SNDK 260508 1365.00C,1339.96,327,1108627.0,CALL,2026-05-08,1365.0,174,110.839,0.376660475,0.005247852,-16.271908608,0.247884644,1,100.0,US.SNDK,39.8,60.0,9.0,73.661,-0.01868712498880561,198434352129.68,"成交额 $1,108,627 ≥ 阈值 $500,000 | 成交量 327 手",US.SNDK,2026-05-08 07:16:02
US.SNDK260508P1315000,SNDK 260508 1315.00P,1339.96,353,1055245.0,PUT,2026-05-08,1315.0,198,116.642,-0.359131949,0.004909334,-16.762461149,0.244021044,1,100.0,US.SNDK,19.0,40.3,13.0,15.764,-0.018627421714081042,198434352129.68,"成交额 $1,055,245 ≥ 阈值 $500,000 | 成交量 353 手",US.SNDK,2026-05-08 07:16:02
US.SNDK260508P1355000,SNDK 260508 1355.00P,1339.96,260,1001864.0,PUT,2026-05-08,1355.0,80,114.367,-0.56788761,0.005266606,-17.291196878,0.256648215,1,100.0,US.SNDK,33.88,64.4,21.7,25.885,0.011224215648228278,198434352129.68,"成交额 $1,001,864 ≥ 阈值 $500,000 | 成交量 260 手",US.SNDK,2026-05-08 07:16:02
US.SNDK260508P1280000,SNDK 260508 1280.00P,1339.96,679,1000652.0,PUT,2026-05-08,1280.0,301,121.572,-0.210704211,0.003638594,-13.330837325,0.188506942,1,100.0,US.SNDK,11.0,24.5,7.72,9.7119,-0.0447476044061017,198434352129.68,"成交额 $1,000,652 ≥ 阈值 $500,000 | 成交量 679 手",US.SNDK,2026-05-08 07:16:02
US.SNDK260515C1600000,SNDK 260515 1600.00C,1339.96,688,983718.0,CALL,2026-05-15,1600.0,1545,101.399,0.133117358,0.001078047,-2.698861498,0.422982083,8,100.0,US.SNDK,21.4,25.6,9.6,32.344,-0.19406549449237287,198434352129.68,"成交额 $983,718 ≥ 阈值 $500,000 | 成交量 688 手",US.SNDK,2026-05-08 07:16:02
US.SNDK260508C1315000,SNDK 260508 1315.00C,1339.96,292,957839.0,CALL,2026-05-08,1315.0,145,112.441,0.645134647,0.005071206,-16.216459874,0.243002383,1,100.0,US.SNDK,60.95,60.95,22.74,110.6649,0.018627421714081042,198434352129.68,"成交额 $957,839 ≥ 阈值 $500,000 | 成交量 292 手",US.SNDK,2026-05-08 07:16:02
US.SNDK260508P1295000,SNDK 260508 1295.00P,1339.96,405,946493.0,PUT,2026-05-08,1295.0,118,118.834,-0.267657051,0.004243694,-14.950903915,0.214902413,1,100.0,US.SNDK,20.0,33.0,10.3,11.6948,-0.0335532403952357,198434352129.68,"成交额 $946,493 ≥ 阈值 $500,000 | 成交量 405 手",US.SNDK,2026-05-08 07:16:02
US.SNDK260508C1395000,SNDK 260508 1395.00C,1339.96,352,849834.0,CALL,2026-05-08,1395.0,160,108.167,0.230900384,0.004309573,-12.559242902,0.198654177,1,100.0,US.SNDK,36.02,47.0,4.57,55.6058,-0.0410758530105376,198434352129.68,"成交额 $849,834 ≥ 阈值 $500,000 | 成交量 352 手",US.SNDK,2026-05-08 07:16:02
US.SNDK260508P1335000,SNDK 260508 1335.00P,1339.96,213,795390.0,PUT,2026-05-08,1335.0,79,114.532,-0.461818789,0.005311721,-17.523160567,0.259236608,1,100.0,US.SNDK,21.0,53.0,16.0,20.3554,-0.003701603032926383,198434352129.68,"成交额 $795,390 ≥ 阈值 $500,000 | 成交量 213 手",US.SNDK,2026-05-08 07:16:02
US.SNDK260508C1305000,SNDK 260508 1305.00C,1339.96,201,745337.0,CALL,2026-05-08,1305.0,178,113.295,0.694317067,0.004740707,-15.355076673,0.228890821,1,100.0,US.SNDK,73.0,89.0,26.5,118.5247,0.026090331054658373,198434352129.68,"成交额 $745,337 ≥ 阈值 $500,000 | 成交量 201 手",US.SNDK,2026-05-08 07:16:02
US.SNDK260522P1000000,SNDK 260522 1000.00P,1339.96,469,720842.0,PUT,2026-05-22,1000.0,404,119.573,-0.09024281,0.000503228,-1.742498562,0.44001211,15,100.0,US.SNDK,13.83,16.3,10.9,11.8597,-0.25370906594226694,198434352129.68,"成交额 $720,842 ≥ 阈值 $500,000 | 成交量 469 手",US.SNDK,2026-05-08 07:16:02
US.SNDK260508C1420000,SNDK 260508 1420.00C,1339.96,692,706732.0,CALL,2026-05-08,1420.0,567,109.228,0.144116049,0.003183269,-9.303842774,0.148174161,1,100.0,US.SNDK,24.9,31.05,2.8,42.2416,-0.05973312636198093,198434352129.68,"成交额 $706,732 ≥ 阈值 $500,000 | 成交量 692 手",US.SNDK,2026-05-08 07:16:02
US.SNDK260515C1550000,SNDK 260515 1550.00C,1339.96,284,685029.0,CALL,2026-05-15,1550.0,304,100.201,0.181146456,0.001336553,-3.319880391,0.518215463,8,100.0,US.SNDK,27.85,35.0,14.4,42.2858,-0.15675094778948623,198434352129.68,"成交额 $685,029 ≥ 阈值 $500,000 | 成交量 284 手",US.SNDK,2026-05-08 07:16:02
US.SNDK260508P1305000,SNDK 260508 1305.00P,1339.96,237,650481.0,PUT,2026-05-08,1305.0,185,116.875,-0.310567486,0.004627757,-15.823173024,0.230487272,1,100.0,US.SNDK,20.0,36.5,11.74,13.6246,-0.026090331054658373,198434352129.68,"成交额 $650,481 ≥ 阈值 $500,000 | 成交量 237 手",US.SNDK,2026-05-08 07:16:02
US.SNDK260515P1080000,SNDK 260515 1080.00P,1339.96,685,639430.0,PUT,2026-05-15,1080.0,254,117.301,-0.089636051,0.000701662,-2.313793828,0.31846948,8,100.0,US.SNDK,9.1,12.65,8.15,8.1891,-0.1940057912176483,198434352129.68,"成交额 $639,430 ≥ 阈值 $500,000 | 成交量 685 手",US.SNDK,2026-05-08 07:16:02
US.SNDK260508C1440000,SNDK 260508 1440.00C,1339.96,797,612072.0,CALL,2026-05-08,1440.0,2082,106.749,0.087418617,0.002280312,-6.241948702,0.103734325,1,100.0,US.SNDK,14.57,25.0,1.72,34.0322,-0.07465894504313558,198434352129.68,"成交额 $612,072 ≥ 阈值 $500,000 | 成交量 797 手",US.SNDK,2026-05-08 07:16:02
US.SNDK260508P1275000,SNDK 260508 1275.00P,1339.96,443,606160.0,PUT,2026-05-08,1275.0,282,126.777,-0.201344756,0.003396442,-13.515417395,0.183495044,1,100.0,US.SNDK,11.0,22.5,7.15,9.1504,-0.048479059076390364,198434352129.68,"成交额 $606,160 ≥ 阈值 $500,000 | 成交量 443 手",US.SNDK,2026-05-08 07:16:02
US.SNDK260515P1150000,SNDK 260515 1150.00P,1339.96,278,566312.0,PUT,2026-05-15,1150.0,44,114.035,-0.158305679,0.0010772,-3.43940155,0.475278935,8,100.0,US.SNDK,17.38,25.0,14.1,14.9574,-0.141765425833607,198434352129.68,"成交额 $566,312 ≥ 阈值 $500,000 | 成交量 278 手",US.SNDK,2026-05-08 07:16:02
US.SNDK260618C2120000,SNDK 260618 2120.00C,1339.96,210,539681.0,CALL,2026-06-18,2120.0,86,100.051,0.120568736,0.000442041,-1.096632397,0.910805882,42,100.0,US.SNDK,32.0,32.0,20.68,36.9072,-0.582136780202394,198434352129.68,"成交额 $539,681 ≥ 阈值 $500,000 | 成交量 210 手",US.SNDK,2026-05-08 07:16:02
US.SNPS260522C485000,SNPS 260522 485.00C,505.19,210,760200.0,CALL,2026-05-22,485.0,244,50.047,0.680469841,0.007004077,-0.653536862,0.364369628,15,100.0,US.SNPS,36.2,36.2,36.2,30.7356,0.0399651616223599,96775220420.13,"成交额 $760,200 ≥ 阈值 $500,000 | 成交量 210 手",US.SNPS,2026-05-08 07:16:05
US.SNPS260508C492500,SNPS 260508 492.50C,505.19,355,669810.0,CALL,2026-05-08,492.5,379,66.257,0.790124406,0.017664967,-2.775147346,0.070911995,1,100.0,US.SNPS,18.87,18.87,18.12,16.5064,0.025119262059819073,96775220420.13,"成交额 $669,810 ≥ 阈值 $500,000 | 成交量 355 手",US.SNPS,2026-05-08 07:16:05
US.STX260918P600000,STX 260918 600.00P,766.44,295,1818002.0,PUT,2026-09-18,600.0,65,81.209,-0.221404226,0.00079093,-0.399175654,1.379442527,134,100.0,US.STX,62.0,63.25,60.8,58.3989,-0.21715985595741355,171858068628.48,"成交额 $1,818,002 ≥ 阈值 $500,000 | 成交量 295 手",US.STX,2026-05-08 07:18:43
US.STX260618C750000,STX 260618 750.00C,766.44,211,1785320.0,CALL,2026-06-18,750.0,466,75.297,0.590542113,0.00198829,-0.949282301,1.008773495,42,100.0,US.STX,79.0,89.09,77.1,102.8191,0.02144981994676694,171858068628.48,"成交额 $1,785,320 ≥ 阈值 $500,000 | 成交量 211 手",US.STX,2026-05-08 07:18:43
US.STX260717P570000,STX 260717 570.00P,766.44,555,1395035.0,PUT,2026-07-17,570.0,41,80.111,-0.150588335,0.000864813,-0.434260609,0.789432168,71,100.0,US.STX,24.7,26.0,24.6,22.456,-0.2563018631595429,171858068628.48,"成交额 $1,395,035 ≥ 阈值 $500,000 | 成交量 555 手",US.STX,2026-05-08 07:18:43
US.STX260717P600000,STX 260717 600.00P,766.44,377,1205205.0,PUT,2026-07-17,600.0,58,79.444,-0.185937531,0.00099924,-0.492270624,0.904226431,71,100.0,US.STX,31.65,33.6,31.5,28.9,-0.21715985595741355,171858068628.48,"成交额 $1,205,205 ≥ 阈值 $500,000 | 成交量 377 手",US.STX,2026-05-08 07:18:43
US.STX260508P790000,STX 260508 790.00P,766.44,303,1158948.0,PUT,2026-05-08,790.0,411,85.63,-0.758984331,0.009750704,-5.759493689,0.116351738,1,100.0,US.STX,47.65,47.65,28.16,22.1794,0.03073952298940549,171858068628.48,"成交额 $1,158,948 ≥ 阈值 $500,000 | 成交量 303 手",US.STX,2026-05-08 07:18:43
US.STX260508P750000,STX 260508 750.00P,766.44,583,932647.0,PUT,2026-05-08,750.0,755,110.538,-0.333208517,0.008806881,-8.82273734,0.135767494,1,100.0,US.STX,12.38,20.3,10.0,8.1662,-0.02144981994676694,171858068628.48,"成交额 $932,647 ≥ 阈值 $500,000 | 成交量 583 手",US.STX,2026-05-08 07:18:43
US.STX260508C750000,STX 260508 750.00C,766.44,411,646663.0,CALL,2026-05-08,750.0,250,90.635,0.696730597,0.010322212,-7.009106464,0.130481819,1,100.0,US.STX,22.0,27.2,12.95,44.5126,0.02144981994676694,171858068628.48,"成交额 $646,663 ≥ 阈值 $500,000 | 成交量 411 手",US.STX,2026-05-08 07:18:43
US.STX260515P717500,STX 260515 717.50P,766.44,277,504591.0,PUT,2026-05-15,717.5,0,82.178,-0.269781751,0.003575295,-1.96699816,0.371859983,8,100.0,US.STX,18.23,18.23,18.19,14.6415,-0.06385366108240705,171858068628.48,"成交额 $504,591 ≥ 阈值 $500,000 | 成交量 277 手",US.STX,2026-05-08 07:18:43
US.SYK260618P410000,SYK 260618 410.00P,294.23,840,9555180.0,PUT,2026-06-18,410.0,150,0.0,0.0,0.0,0.0,0.0,42,100.0,US.SYK,112.9,114.6,112.9,117.67,0.3934676953403799,112685456760.19,"成交额 $9,555,180 ≥ 阈值 $500,000 | 成交量 840 手",US.SYK,2026-05-08 07:20:38
US.SYK260618P360000,SYK 260618 360.00P,294.23,700,4582900.0,PUT,2026-06-18,360.0,134,0.0,0.0,0.0,0.0,0.0,42,100.0,US.SYK,66.04,66.04,64.9,67.6982,0.2235326105427726,112685456760.19,"成交额 $4,582,900 ≥ 阈值 $500,000 | 成交量 700 手",US.SYK,2026-05-08 07:20:38
US.SYK260618P370000,SYK 260618 370.00P,294.23,500,3772500.0,PUT,2026-06-18,370.0,89,0.0,0.0,0.0,0.0,0.0,42,100.0,US.SYK,76.3,76.3,74.6,77.67,0.25751962750229407,112685456760.19,"成交额 $3,772,500 ≥ 阈值 $500,000 | 成交量 500 手",US.SYK,2026-05-08 07:20:38
US.TDG260515C1310000,TDG 260515 1310.00C,1241.98,1586,933496.0,CALL,2026-05-15,1310.0,510,30.878,0.127927815,0.003715819,-0.752206182,0.381276473,8,100.0,US.TDG,5.9,6.6,3.6,3.6174,-0.054767387558575804,69468391414.34,"成交额 $933,496 ≥ 阈值 $500,000 | 成交量 1,586 手",US.TDG,2026-05-08 07:21:20
US.TDG260515C1290000,TDG 260515 1290.00C,1241.98,1007,734755.0,CALL,2026-05-15,1290.0,8,29.906,0.20490616,0.005209388,-1.015535066,0.517732326,8,100.0,US.TDG,7.3,7.3,6.79,6.6291,-0.03866406866455175,69468391414.34,"成交额 $734,755 ≥ 阈值 $500,000 | 成交量 1,007 手",US.TDG,2026-05-08 07:21:20
US.TER260515P340000,TER 260515 340.00P,354.11,580,612216.0,PUT,2026-05-15,340.0,79,70.15,-0.325079752,0.009874191,-0.846515417,0.187108045,8,100.0,US.TER,5.5,11.0,5.5,3.624,-0.03984637542006725,55433144985.82,"成交额 $612,216 ≥ 阈值 $500,000 | 成交量 580 手",US.TER,2026-05-08 07:22:39
US.TFC260515C45000,TFC 260515 45.00C,49.74,8640,4168800.0,CALL,2026-05-15,45.0,1752,49.078,0.924627547,0.039648691,-0.035434594,0.01037406,8,100.0,US.TFC,5.2,5.2,4.8,5.8026,0.09529553679131487,61970035138.5,"成交额 $4,168,800 ≥ 阈值 $500,000 | 成交量 8,640 手",US.TFC,2026-05-08 07:23:17
US.TFC260618C37500,TFC 260618 37.50C,49.74,1920,2360400.0,CALL,2026-06-18,37.5,447,61.854,0.929638232,0.012936999,-0.020045006,0.022706211,42,100.0,US.TFC,13.7,13.7,12.2,13.3037,0.2460796139927624,61970035138.5,"成交额 $2,360,400 ≥ 阈值 $500,000 | 成交量 1,920 手",US.TFC,2026-05-08 07:23:17
US.TFC260515C47500,TFC 260515 47.50C,49.74,5803,1337096.0,CALL,2026-05-15,47.5,1132,0.0,0.0,0.0,0.0,0.0,8,100.0,US.TFC,3.3,3.3,2.3,3.3028,0.0450341777241657,61970035138.5,"成交额 $1,337,096 ≥ 阈值 $500,000 | 成交量 5,803 手",US.TFC,2026-05-08 07:23:17
US.TFC260515C37500,TFC 260515 37.50C,49.74,800,1044000.0,CALL,2026-05-15,37.5,0,153.292,0.914844425,0.013920781,-0.111865467,0.011378017,8,100.0,US.TFC,13.05,13.05,13.05,13.3019,0.2460796139927624,61970035138.5,"成交额 $1,044,000 ≥ 阈值 $500,000 | 成交量 800 手",US.TFC,2026-05-08 07:23:17
US.TFC260618C40000,TFC 260618 40.00C,49.74,965,969035.0,CALL,2026-06-18,40.0,210,0.0,0.0,0.0,0.0,0.0,42,100.0,US.TFC,10.87,10.87,10.0,10.8039,0.19581825492561322,61970035138.5,"成交额 $969,035 ≥ 阈值 $500,000 | 成交量 965 手",US.TFC,2026-05-08 07:23:17
US.TFC260618C42500,TFC 260618 42.50C,49.74,801,644009.0,CALL,2026-06-18,42.5,419,33.567,0.930209035,0.023690167,-0.012866228,0.022559818,42,100.0,US.TFC,8.09,8.09,8.04,8.3042,0.14555689585846404,61970035138.5,"成交额 $644,009 ≥ 阈值 $500,000 | 成交量 801 手",US.TFC,2026-05-08 07:23:17
US.TGT261016C135000,TGT 261016 135.00C,125.88,763,593569.0,CALL,2026-10-16,135.0,5255,32.617,0.444745564,0.014450362,-0.038206833,0.331202577,162,100.0,US.TGT,7.65,8.2,7.38,10.0,-0.07244995233555772,57171705972.36,"成交额 $593,569 ≥ 阈值 $500,000 | 成交量 763 手",US.TGT,2026-05-08 07:23:20
US.TMO260618P570000,TMO 260618 570.00P,474.46,733,7062870.0,PUT,2026-06-18,570.0,160,40.039,-0.910942411,0.003196219,-0.092870746,0.25074562,42,100.0,US.TMO,95.5,96.5,95.5,97.05,0.20136576318340857,176319520283.9,"成交额 $7,062,870 ≥ 阈值 $500,000 | 成交量 733 手",US.TMO,2026-05-08 07:24:35
US.TMO260618P580000,TMO 260618 580.00P,474.46,400,4254600.0,PUT,2026-06-18,580.0,76,0.0,0.0,0.0,0.0,0.0,42,100.0,US.TMO,106.2,106.5,106.2,107.05,0.22244235551995958,176319520283.9,"成交额 $4,254,600 ≥ 阈值 $500,000 | 成交量 400 手",US.TMO,2026-05-08 07:24:35
US.TSCO260918C35000,TSCO 260918 35.00C,31.74,2692,588957.0,CALL,2026-09-18,35.0,12451,40.828,0.413837612,0.04964289,-0.012546086,0.074886152,134,100.0,US.TSCO,2.45,2.45,1.99,2.5,-0.10270951480781354,16695440406.36,"成交额 $588,957 ≥ 阈值 $500,000 | 成交量 2,692 手",US.TSCO,2026-05-08 07:26:35
US.TTD260515P24000,TTD 260515 24.00P,23.49,11156,2324913.0,PUT,2026-05-15,24.0,1257,151.0,-0.493143102,0.07663592,-0.135200911,0.013755267,8,100.0,US.TTD,2.03,2.44,1.89,2.0706,0.021711366538952812,11042596593.81,"成交额 $2,324,913 ≥ 阈值 $500,000 | 成交量 11,156 手",US.TTD,2026-05-08 07:27:17
US.TTD260618P25000,TTD 260618 25.00P,23.49,5867,1983689.0,PUT,2026-06-18,25.0,6845,87.096,-0.520873927,0.057761045,-0.031768478,0.031680859,42,100.0,US.TTD,3.1,3.62,3.1,3.0759,0.06428267347807584,11042596593.81,"成交额 $1,983,689 ≥ 阈值 $500,000 | 成交量 5,867 手",US.TTD,2026-05-08 07:27:17
US.TTD260508C25000,TTD 260508 25.00C,23.49,12198,1867674.0,CALL,2026-05-08,25.0,4030,429.465,0.42363722,0.079652601,-1.138141063,0.004483132,1,100.0,US.TTD,1.58,1.75,1.2,1.4369,-0.06428267347807584,11042596593.81,"成交额 $1,867,674 ≥ 阈值 $500,000 | 成交量 12,198 手",US.TTD,2026-05-08 07:27:17
US.TTD260618C25000,TTD 260618 25.00C,23.49,4517,1155607.0,CALL,2026-06-18,25.0,6009,89.356,0.483757509,0.056072887,-0.034951815,0.031711793,42,100.0,US.TTD,2.4,2.8,2.2,2.335,-0.06428267347807584,11042596593.81,"成交额 $1,155,607 ≥ 阈值 $500,000 | 成交量 4,517 手",US.TTD,2026-05-08 07:27:17
US.TTD261016P22500,TTD 261016 22.50P,23.49,2405,929399.0,PUT,2026-10-16,22.5,561,75.771,-0.35842914,0.031815352,-0.012679832,0.058407921,162,100.0,US.TTD,3.8,4.06,3.8,3.6,-0.04214559386973174,11042596593.81,"成交额 $929,399 ≥ 阈值 $500,000 | 成交量 2,405 手",US.TTD,2026-05-08 07:27:17
US.TTD260515P24500,TTD 260515 24.50P,23.49,2926,633600.0,PUT,2026-05-15,24.5,784,155.42,-0.526833612,0.074304774,-0.138675999,0.013726102,8,100.0,US.TTD,2.26,2.52,2.05,2.3743,0.04299702000851433,11042596593.81,"成交额 $633,600 ≥ 阈值 $500,000 | 成交量 2,926 手",US.TTD,2026-05-08 07:27:17
US.TTD260515C24500,TTD 260515 24.50C,23.49,3097,621944.0,CALL,2026-05-15,24.5,1019,152.965,0.471429374,0.075432861,-0.138768721,0.013722495,8,100.0,US.TTD,1.97,2.21,1.7,1.8941,-0.04299702000851433,11042596593.81,"成交额 $621,944 ≥ 阈值 $500,000 | 成交量 3,097 手",US.TTD,2026-05-08 07:27:17
US.TTD260508P24000,TTD 260508 24.00P,23.49,3309,617767.0,PUT,2026-05-08,24.0,2661,395.906,-0.505751571,0.088015202,-1.068730078,0.004566577,1,100.0,US.TTD,1.7,2.25,1.56,1.855,0.021711366538952812,11042596593.81,"成交额 $617,767 ≥ 阈值 $500,000 | 成交量 3,309 手",US.TTD,2026-05-08 07:27:17
US.TTD260508C24500,TTD 260508 24.50C,23.49,3168,543498.0,CALL,2026-05-08,24.5,860,420.47,0.459156385,0.082444996,-1.130687566,0.0045431,1,100.0,US.TTD,1.79,2.0,1.41,1.65,-0.04299702000851433,11042596593.81,"成交额 $543,498 ≥ 阈值 $500,000 | 成交量 3,168 手",US.TTD,2026-05-08 07:27:17
US.TXN260508C250000,TXN 260508 250.00C,285.24,250,827625.0,CALL,2026-05-08,250.0,177,125.204,0.985865777,0.00206777,-0.352316602,0.005001198,1,100.0,US.TXN,31.0,33.5,31.0,39.7083,0.12354508484083582,259594867704.84,"成交额 $827,625 ≥ 阈值 $500,000 | 成交量 250 手",US.TXN,2026-05-08 07:27:56
US.TXN260515C290000,TXN 260515 290.00C,285.24,1349,523723.0,CALL,2026-05-15,290.0,1240,38.09,0.399768141,0.024217911,-0.41455112,0.161752361,8,100.0,US.TXN,4.73,5.2,3.25,7.4259,-0.016687701584630454,259594867704.84,"成交额 $523,723 ≥ 阈值 $500,000 | 成交量 1,349 手",US.TXN,2026-05-08 07:27:56
US.UAL260618P115000,UAL 260618 115.00P,99.7,1789,2826158.0,PUT,2026-06-18,115.0,696,53.242,-0.756000852,0.018035429,-0.06015814,0.105447495,42,100.0,US.UAL,15.8,17.76,15.66,16.509,0.15346038114343025,32359601881.6,"成交额 $2,826,158 ≥ 阈值 $500,000 | 成交量 1,789 手",US.UAL,2026-05-08 07:28:37
US.UAL260515C95000,UAL 260515 95.00C,99.7,3912,2504009.0,CALL,2026-05-15,95.0,5844,60.05,0.725999766,0.037895876,-0.197066811,0.048747535,8,100.0,US.UAL,8.9,9.5,5.8,6.8704,0.047141424272818484,32359601881.6,"成交额 $2,504,009 ≥ 阈值 $500,000 | 成交量 3,912 手",US.UAL,2026-05-08 07:28:37
US.UAL260618C100000,UAL 260618 100.00C,99.7,2316,1906836.0,CALL,2026-06-18,100.0,11670,55.539,0.539953542,0.021166268,-0.094075361,0.134030903,42,100.0,US.UAL,7.8,9.5,6.79,7.1774,-0.003009027081243703,32359601881.6,"成交额 $1,906,836 ≥ 阈值 $500,000 | 成交量 2,316 手",US.UAL,2026-05-08 07:28:37
US.UAL260515C100000,UAL 260515 100.00C,99.7,2121,1074300.0,CALL,2026-05-15,100.0,10816,59.373,0.507231867,0.045900266,-0.232542167,0.058380657,8,100.0,US.UAL,5.0,5.57,2.96,3.6698,-0.003009027081243703,32359601881.6,"成交额 $1,074,300 ≥ 阈值 $500,000 | 成交量 2,121 手",US.UAL,2026-05-08 07:28:37
US.UAL260618C110000,UAL 260618 110.00C,99.7,2015,935396.0,CALL,2026-06-18,110.0,6286,52.07,0.3279457,0.020545605,-0.07908574,0.121970328,42,100.0,US.UAL,3.95,4.71,3.17,3.225,-0.10330992978936808,32359601881.6,"成交额 $935,396 ≥ 阈值 $500,000 | 成交量 2,015 手",US.UAL,2026-05-08 07:28:37
US.UAL260515C105000,UAL 260515 105.00C,99.7,3950,538186.0,CALL,2026-05-15,105.0,7950,55.473,0.279057385,0.041392304,-0.179399515,0.049185754,8,100.0,US.UAL,2.06,2.77,1.27,1.4929,-0.053159478435305885,32359601881.6,"成交额 $538,186 ≥ 阈值 $500,000 | 成交量 3,950 手",US.UAL,2026-05-08 07:28:37
US.UAL260918C115000,UAL 260918 115.00C,99.7,656,517912.0,CALL,2026-09-18,115.0,2997,49.748,0.39018558,0.012775183,-0.046299594,0.231683499,134,100.0,US.UAL,8.7,8.7,7.4,7.131,-0.15346038114343025,32359601881.6,"成交额 $517,912 ≥ 阈值 $500,000 | 成交量 656 手",US.UAL,2026-05-08 07:28:37
US.UBER260508C77000,UBER 260508 77.00C,76.73,6823,1812688.0,CALL,2026-05-08,77.0,6493,58.273,0.457588372,0.182137237,-0.515170874,0.014826038,1,100.0,US.UBER,3.3,3.95,0.71,2.597,-0.003518832268995126,156191512267.49,"成交额 $1,812,688 ≥ 阈值 $500,000 | 成交量 6,823 手",US.UBER,2026-05-08 07:29:15
US.UBER260717C80000,UBER 260717 80.00C,76.73,2415,934736.0,CALL,2026-07-17,80.0,1049,36.371,0.44587295,0.032143546,-0.037450682,0.133634281,71,100.0,US.UBER,5.5,5.7,3.5,4.875,-0.04261696859116377,156191512267.49,"成交额 $934,736 ≥ 阈值 $500,000 | 成交量 2,415 手",US.UBER,2026-05-08 07:29:15
US.UBER260515P90000,UBER 260515 90.00P,76.73,617,835903.0,PUT,2026-05-15,90.0,573,0.0,0.0,0.0,0.0,0.0,8,100.0,US.UBER,11.0,13.7,11.0,10.8496,0.17294408966505923,156191512267.49,"成交额 $835,903 ≥ 阈值 $500,000 | 成交量 617 手",US.UBER,2026-05-08 07:29:15
US.UBER260618C80000,UBER 260618 80.00C,76.73,2155,670919.0,CALL,2026-06-18,80.0,10302,35.931,0.402175154,0.041433733,-0.046204092,0.10053527,42,100.0,US.UBER,4.1,4.5,2.34,3.675,-0.04261696859116377,156191512267.49,"成交额 $670,919 ≥ 阈值 $500,000 | 成交量 2,155 手",US.UBER,2026-05-08 07:29:15
US.UBER260515C80000,UBER 260515 80.00C,76.73,5888,527681.0,CALL,2026-05-15,80.0,30482,39.863,0.251284148,0.070961846,-0.094185298,0.035887248,8,100.0,US.UBER,1.97,2.45,0.6,1.64,-0.04261696859116377,156191512267.49,"成交额 $527,681 ≥ 阈值 $500,000 | 成交量 5,888 手",US.UBER,2026-05-08 07:29:15
US.UBER260717P70000,UBER 260717 70.00P,76.73,3012,507617.0,PUT,2026-07-17,70.0,3946,36.185,-0.243454598,0.025708716,-0.025290067,0.105803807,71,100.0,US.UBER,1.3,2.0,1.11,1.43,-0.0877101524827317,156191512267.49,"成交额 $507,617 ≥ 阈值 $500,000 | 成交量 3,012 手",US.UBER,2026-05-08 07:29:15
US.UNH260508C250000,UNH 260508 250.00C,369.74,253,2969043.0,CALL,2026-05-08,250.0,46,0.0,0.0,0.0,0.0,0.0,1,100.0,US.UNH,115.99,117.63,115.99,117.3627,0.3238491913236328,335777311934.96,"成交额 $2,969,043 ≥ 阈值 $500,000 | 成交量 253 手",US.UNH,2026-05-08 07:30:33
US.UNH260508C370000,UNH 260508 370.00C,369.74,3730,576857.0,CALL,2026-05-08,370.0,3160,30.758,0.486593367,0.071928355,-1.325649348,0.071855376,1,100.0,US.UNH,1.44,2.3,0.96,1.975,-0.0007031968410233972,335777311934.96,"成交额 $576,857 ≥ 阈值 $500,000 | 成交量 3,730 手",US.UNH,2026-05-08 07:30:33
US.UNH260618C380000,UNH 260618 380.00C,369.74,654,515830.0,CALL,2026-06-18,380.0,7702,24.298,0.404927342,0.012736956,-0.155686692,0.485284371,42,100.0,US.UNH,6.95,8.61,6.95,7.8,-0.027749229188078085,335777311934.96,"成交额 $515,830 ≥ 阈值 $500,000 | 成交量 654 手",US.UNH,2026-05-08 07:30:33
US.UPS260515P115000,UPS 260515 115.00P,100.1,1196,1694510.0,PUT,2026-05-15,115.0,723,0.0,0.0,0.0,0.0,0.0,8,100.0,US.UPS,14.15,15.35,14.15,15.11,0.14885114885114892,85085628527.9,"成交额 $1,694,510 ≥ 阈值 $500,000 | 成交量 1,196 手",US.UPS,2026-05-08 07:31:13
US.UPS260515P130000,UPS 260515 130.00P,100.1,480,1375200.0,PUT,2026-05-15,130.0,330,0.0,0.0,0.0,0.0,0.0,8,100.0,US.UPS,28.65,28.65,28.65,30.11,0.2987012987012988,85085628527.9,"成交额 $1,375,200 ≥ 阈值 $500,000 | 成交量 480 手",US.UPS,2026-05-08 07:31:13
US.UPS260515P120000,UPS 260515 120.00P,100.1,560,1097600.0,PUT,2026-05-15,120.0,360,0.0,0.0,0.0,0.0,0.0,8,100.0,US.UPS,19.6,19.6,19.6,20.11,0.19880119880119887,85085628527.9,"成交额 $1,097,600 ≥ 阈值 $500,000 | 成交量 560 手",US.UPS,2026-05-08 07:31:13
US.V260618P340000,V 260618 340.00P,321.28,342,756431.0,PUT,2026-06-18,340.0,511,21.993,-0.761970592,0.014254197,-0.069515044,0.33111534,42,100.0,US.V,20.19,22.25,20.19,23.1576,0.05826693227091642,608654665224.96,"成交额 $756,431 ≥ 阈值 $500,000 | 成交量 342 手",US.V,2026-05-08 07:31:54
US.VICI260618C30000,VICI 260618 30.00C,28.79,18059,732955.0,CALL,2026-06-18,30.0,11183,20.282,0.307104204,0.177656368,-0.009172897,0.034247222,42,100.0,US.VICI,0.25,0.43,0.2,0.2509,-0.04202848211184442,,"成交额 $732,955 ≥ 阈值 $500,000 | 成交量 18,059 手",US.VICI,2026-05-08 07:31:55
US.VRSN260515C280000,VRSN 260515 280.00C,278.47,3350,1458354.0,CALL,2026-05-15,280.0,3587,28.911,0.464402783,0.03361773,-0.320951626,0.162444091,8,100.0,US.VRSN,4.0,5.1,2.15,3.6251,-0.00549430818400536,25340770000.0,"成交额 $1,458,354 ≥ 阈值 $500,000 | 成交量 3,350 手",US.VRSN,2026-05-08 07:33:14
US.VRT260717P260000,VRT 260717 260.00P,340.01,2015,1417412.0,PUT,2026-07-17,260.0,2203,66.266,-0.13844919,0.002226996,-0.149928165,0.330884782,71,100.0,US.VRT,6.98,8.1,6.88,6.5078,-0.23531660833504894,130600838528.16,"成交额 $1,417,412 ≥ 阈值 $500,000 | 成交量 2,015 手",US.VRT,2026-05-08 07:33:52
US.VRT260918P320000,VRT 260918 320.00P,340.01,336,1278268.0,PUT,2026-09-18,320.0,64,64.327,-0.352525436,0.002826169,-0.170593144,0.764128053,134,100.0,US.VRT,37.89,40.39,37.89,34.442,-0.05885121025852178,130600838528.16,"成交额 $1,278,268 ≥ 阈值 $500,000 | 成交量 336 手",US.VRT,2026-05-08 07:33:52
US.VRT260618P240000,VRT 260618 240.00P,340.01,4082,856053.0,PUT,2026-06-18,240.0,1284,68.701,-0.051504941,0.001334713,-0.097325845,0.121589801,42,100.0,US.VRT,1.7,2.2,1.7,1.665,-0.2941384076938913,130600838528.16,"成交额 $856,053 ≥ 阈值 $500,000 | 成交量 4,082 手",US.VRT,2026-05-08 07:33:52
US.VRT260618C360000,VRT 260618 360.00C,340.01,225,553600.0,CALL,2026-06-18,360.0,593,63.639,0.445165604,0.005392355,-0.360779389,0.455044933,42,100.0,US.VRT,29.4,29.4,20.0,32.0505,-0.05879238845916299,130600838528.16,"成交额 $553,600 ≥ 阈值 $500,000 | 成交量 225 手",US.VRT,2026-05-08 07:33:52
US.VST260515C165000,VST 260515 165.00C,153.95,2343,1302757.0,CALL,2026-05-15,165.0,3033,56.034,0.214203861,0.023021383,-0.239744136,0.06589189,8,100.0,US.VST,5.96,8.1,1.47,4.1301,-0.07177655082819105,51881150000.0,"成交额 $1,302,757 ≥ 阈值 $500,000 | 成交量 2,343 手",US.VST,2026-05-08 07:34:32
US.VST260515C160000,VST 260515 160.00C,153.95,1769,780063.0,CALL,2026-05-15,160.0,1806,55.565,0.336479718,0.029058945,-0.303681234,0.082480048,8,100.0,US.VST,8.2,11.01,2.56,6.716,-0.03929847353036708,51881150000.0,"成交额 $780,063 ≥ 阈值 $500,000 | 成交量 1,769 手",US.VST,2026-05-08 07:34:32
US.VST261016P140000,VST 261016 140.00P,153.95,600,766347.0,PUT,2026-10-16,140.0,633,53.91,-0.315155019,0.006487405,-0.055512205,0.363890275,162,100.0,US.VST,12.19,13.8,12.19,13.0489,-0.0906138356609288,51881150000.0,"成交额 $766,347 ≥ 阈值 $500,000 | 成交量 600 手",US.VST,2026-05-08 07:34:32
US.VST260515C170000,VST 260515 170.00C,153.95,2444,725666.0,CALL,2026-05-15,170.0,6582,57.785,0.131937679,0.016363679,-0.176733597,0.048298562,8,100.0,US.VST,4.2,5.5,0.79,2.8401,-0.10425462812601502,51881150000.0,"成交额 $725,666 ≥ 阈值 $500,000 | 成交量 2,444 手",US.VST,2026-05-08 07:34:32
US.VST260918C170000,VST 260918 170.00C,153.95,401,717446.0,CALL,2026-09-18,170.0,292,54.326,0.461655834,0.007839938,-0.08087662,0.370222126,134,100.0,US.VST,19.25,19.25,15.0,16.8652,-0.10425462812601502,51881150000.0,"成交额 $717,446 ≥ 阈值 $500,000 | 成交量 401 手",US.VST,2026-05-08 07:34:32
US.VST260618C175000,VST 260618 175.00C,153.95,1108,623465.0,CALL,2026-06-18,175.0,2482,53.957,0.278590756,0.011935926,-0.116999503,0.17507314,42,100.0,US.VST,8.5,9.9,4.6,6.4217,-0.136732705423839,51881150000.0,"成交额 $623,465 ≥ 阈值 $500,000 | 成交量 1,108 手",US.VST,2026-05-08 07:34:32
US.VST260717C200000,VST 260717 200.00C,153.95,1151,566244.0,CALL,2026-07-17,200.0,1440,53.625,0.168686877,0.006921838,-0.066863876,0.170785688,71,100.0,US.VST,4.9,6.0,2.75,3.9359,-0.2991230919129588,51881150000.0,"成交额 $566,244 ≥ 阈值 $500,000 | 成交量 1,151 手",US.VST,2026-05-08 07:34:32
US.VST260918C150000,VST 260918 150.00C,153.95,209,562901.0,CALL,2026-09-18,150.0,401,54.147,0.611801367,0.007590017,-0.079529061,0.357241695,134,100.0,US.VST,31.4,31.4,22.7,26.2567,0.025657681065280862,51881150000.0,"成交额 $562,901 ≥ 阈值 $500,000 | 成交量 209 手",US.VST,2026-05-08 07:34:32
US.VTRS260717C11000,VTRS 260717 11.00C,17.39,2008,1220857.0,CALL,2026-07-17,11.0,2141,0.0,0.0,0.0,0.0,0.0,71,100.0,US.VTRS,6.1,6.11,5.5,5.1484,0.36745255894192064,20249279607.51,"成交额 $1,220,857 ≥ 阈值 $500,000 | 成交量 2,008 手",US.VTRS,2026-05-08 07:34:36
US.WBD260821C29000,WBD 260821 29.00C,27.12,7623,670348.0,CALL,2026-08-21,29.0,60707,24.909,0.361788271,0.103005071,-0.007346976,0.054728075,106,100.0,US.WBD,0.7,0.9,0.7,0.95,-0.0693215339233038,67993547358.24,"成交额 $670,348 ≥ 阈值 $500,000 | 成交量 7,623 手",US.WBD,2026-05-08 07:35:54
US.WDAY260918C115000,WDAY 260918 115.00C,130.88,500,1430000.0,CALL,2026-09-18,115.0,549,66.704,0.710652599,0.006467453,-0.074002077,0.271024643,134,100.0,US.WDAY,28.6,28.6,28.6,23.0648,0.12133251833740828,32678844914.88,"成交额 $1,430,000 ≥ 阈值 $500,000 | 成交量 500 手",US.WDAY,2026-05-08 07:36:31
US.WDAY260918P140000,WDAY 260918 140.00P,130.88,394,928118.0,PUT,2026-09-18,140.0,806,59.058,-0.493392896,0.008677683,-0.062728477,0.31549653,134,100.0,US.WDAY,24.3,24.3,23.0,28.157,0.0696821515892421,32678844914.88,"成交额 $928,118 ≥ 阈值 $500,000 | 成交量 394 手",US.WDAY,2026-05-08 07:36:31
US.WDAY260522C145000,WDAY 260522 145.00C,130.88,1210,568629.0,CALL,2026-05-22,145.0,79,83.384,0.302981235,0.015856787,-0.265056882,0.092245929,15,100.0,US.WDAY,4.15,4.9,3.52,2.2135,-0.10788508557457216,32678844914.88,"成交额 $568,629 ≥ 阈值 $500,000 | 成交量 1,210 手",US.WDAY,2026-05-08 07:36:31
US.WDC261016P380000,WDC 261016 380.00P,463.91,348,1754038.0,PUT,2026-10-16,380.0,29,82.568,-0.253808645,0.001262062,-0.238462928,0.989683235,162,100.0,US.WDC,49.7,53.0,49.7,49.3654,-0.1808756008708586,159901487392.21,"成交额 $1,754,038 ≥ 阈值 $500,000 | 成交量 348 手",US.WDC,2026-05-08 07:36:34
US.WDC260522C435000,WDC 260522 435.00C,463.91,312,1370718.0,CALL,2026-05-22,435.0,63,81.764,0.684896709,0.004641035,-0.955495562,0.332640059,15,100.0,US.WDC,43.92,47.5,42.04,61.3256,0.06231812204953552,159901487392.21,"成交额 $1,370,718 ≥ 阈值 $500,000 | 成交量 312 手",US.WDC,2026-05-08 07:36:34
US.WDC260618C500000,WDC 260618 500.00C,463.91,355,1224025.0,CALL,2026-06-18,500.0,1594,79.128,0.448305441,0.003181901,-0.607863494,0.621533371,42,100.0,US.WDC,39.18,41.47,30.0,45.6026,-0.07779526201202813,159901487392.21,"成交额 $1,224,025 ≥ 阈值 $500,000 | 成交量 355 手",US.WDC,2026-05-08 07:36:34
US.WDC261016C710000,WDC 261016 710.00C,463.91,257,954410.0,CALL,2026-10-16,710.0,3,79.547,0.305735267,0.001426876,-0.276800832,1.083243329,162,100.0,US.WDC,37.5,37.65,33.0,41.4831,-0.5304692720570799,159901487392.21,"成交额 $954,410 ≥ 阈值 $500,000 | 成交量 257 手",US.WDC,2026-05-08 07:36:34
US.WDC260626C480000,WDC 260626 480.00C,463.91,206,924714.0,CALL,2026-06-26,480.0,0,75.981,0.514662315,0.003059967,-0.542727847,0.683612822,50,100.0,US.WDC,44.85,46.19,44.85,44.85,-0.03468345153154701,159901487392.21,"成交额 $924,714 ≥ 阈值 $500,000 | 成交量 206 手",US.WDC,2026-05-08 07:36:34
US.WDC260515C470000,WDC 260515 470.00C,463.91,434,878664.0,CALL,2026-05-15,470.0,863,78.741,0.480770824,0.007430338,-1.424257906,0.271392978,8,100.0,US.WDC,22.74,24.25,13.65,30.9448,-0.013127546291306448,159901487392.21,"成交额 $878,664 ≥ 阈值 $500,000 | 成交量 434 手",US.WDC,2026-05-08 07:36:34
US.WDC260626C490000,WDC 260626 490.00C,463.91,203,834669.0,CALL,2026-06-26,490.0,0,76.419,0.486107158,0.00304262,-0.54475135,0.683658875,50,100.0,US.WDC,41.1,42.23,41.1,41.1,-0.056239356771787576,159901487392.21,"成交额 $834,669 ≥ 阈值 $500,000 | 成交量 203 手",US.WDC,2026-05-08 07:36:34
US.WDC260515C460000,WDC 260515 460.00C,463.91,324,750704.0,CALL,2026-05-15,460.0,567,79.528,0.554723475,0.007295951,-1.429989895,0.269148516,8,100.0,US.WDC,24.0,30.6,15.85,36.4595,0.008428358948934114,159901487392.21,"成交额 $750,704 ≥ 阈值 $500,000 | 成交量 324 手",US.WDC,2026-05-08 07:36:34
US.WDC260508C450000,WDC 260508 450.00C,463.91,367,672092.0,CALL,2026-05-08,450.0,1016,100.74,0.740967479,0.014212819,-4.35220859,0.073199105,1,100.0,US.WDC,26.87,26.87,9.0,35.6111,0.029984264189174676,159901487392.21,"成交额 $672,092 ≥ 阈值 $500,000 | 成交量 367 手",US.WDC,2026-05-08 07:36:34
US.WFC260515C65000,WFC 260515 65.00C,79.16,13440,19152000.0,CALL,2026-05-15,65.0,4176,77.879,0.963094713,0.008916295,-0.049545632,0.00937845,8,100.0,US.WFC,14.25,14.25,14.25,15.4283,0.17887822132390094,242244600345.04,"成交额 $19,152,000 ≥ 阈值 $500,000 | 成交量 13,440 手",US.WFC,2026-05-08 07:37:51
US.WFC260618C52500,WFC 260618 52.50C,79.16,4415,11790375.0,CALL,2026-06-18,52.5,1403,0.0,0.0,0.0,0.0,0.0,42,100.0,US.WFC,26.5,27.45,26.5,27.9281,0.33678625568468923,242244600345.04,"成交额 $11,790,375 ≥ 阈值 $500,000 | 成交量 4,415 手",US.WFC,2026-05-08 07:37:51
US.WFC260515C67500,WFC 260515 67.50C,79.16,7680,9254400.0,CALL,2026-05-15,67.5,876,69.576,0.947247676,0.013310493,-0.058920563,0.012507261,8,100.0,US.WFC,12.05,12.05,12.05,12.9285,0.14729661445174327,242244600345.04,"成交额 $9,254,400 ≥ 阈值 $500,000 | 成交量 7,680 手",US.WFC,2026-05-08 07:37:51
US.WFC260618C40000,WFC 260618 40.00C,79.16,1175,4568975.0,CALL,2026-06-18,40.0,204,0.0,0.0,0.0,0.0,0.0,42,100.0,US.WFC,38.4,39.7,38.4,40.427,0.4946942900454775,242244600345.04,"成交额 $4,568,975 ≥ 阈值 $500,000 | 成交量 1,175 手",US.WFC,2026-05-08 07:37:51
US.WFC260618C50000,WFC 260618 50.00C,79.16,1290,3758770.0,CALL,2026-06-18,50.0,249,0.0,0.0,0.0,0.0,0.0,42,100.0,US.WFC,28.8,29.7,28.8,30.4279,0.3683678625568469,242244600345.04,"成交额 $3,758,770 ≥ 阈值 $500,000 | 成交量 1,290 手",US.WFC,2026-05-08 07:37:51
US.WFC260618C57500,WFC 260618 57.50C,79.16,1300,2853500.0,CALL,2026-06-18,57.5,1308,0.0,0.0,0.0,0.0,0.0,42,100.0,US.WFC,21.95,21.95,21.95,22.9315,0.2736230419403739,242244600345.04,"成交额 $2,853,500 ≥ 阈值 $500,000 | 成交量 1,300 手",US.WFC,2026-05-08 07:37:51
US.WFC260618C55000,WFC 260618 55.00C,79.16,1150,2788200.0,CALL,2026-06-18,55.0,266,0.0,0.0,0.0,0.0,0.0,42,100.0,US.WFC,24.25,24.75,24.15,25.4283,0.30520464881253156,242244600345.04,"成交额 $2,788,200 ≥ 阈值 $500,000 | 成交量 1,150 手",US.WFC,2026-05-08 07:37:51
US.WFC260515C72500,WFC 260515 72.50C,79.16,3840,2438400.0,CALL,2026-05-15,72.5,399,0.0,0.0,0.0,0.0,0.0,8,100.0,US.WFC,6.35,6.35,6.35,7.929,0.08413340070742796,242244600345.04,"成交额 $2,438,400 ≥ 阈值 $500,000 | 成交量 3,840 手",US.WFC,2026-05-08 07:37:51
US.WFC260515C70000,WFC 260515 70.00C,79.16,1922,1701040.0,CALL,2026-05-15,70.0,131,0.0,0.0,0.0,0.0,0.0,8,100.0,US.WFC,9.2,9.2,8.85,10.4287,0.11571500757958561,242244600345.04,"成交额 $1,701,040 ≥ 阈值 $500,000 | 成交量 1,922 手",US.WFC,2026-05-08 07:37:51
US.WFC260515C55000,WFC 260515 55.00C,79.16,510,1242200.0,CALL,2026-05-15,55.0,69,131.953,0.976183141,0.003659223,-0.055410425,0.006521418,8,100.0,US.WFC,24.2,24.7,24.2,25.4274,0.30520464881253156,242244600345.04,"成交额 $1,242,200 ≥ 阈值 $500,000 | 成交量 510 手",US.WFC,2026-05-08 07:37:51
US.WFC260618C45000,WFC 260618 45.00C,79.16,325,1102500.0,CALL,2026-06-18,45.0,51,0.0,0.0,0.0,0.0,0.0,42,100.0,US.WFC,34.65,34.65,33.45,35.4275,0.43153107630116216,242244600345.04,"成交额 $1,102,500 ≥ 阈值 $500,000 | 成交量 325 手",US.WFC,2026-05-08 07:37:51
US.WFC260515C60000,WFC 260515 60.00C,79.16,525,1011375.0,CALL,2026-05-15,60.0,74,110.001,0.964198541,0.006157621,-0.065476824,0.009148219,8,100.0,US.WFC,19.45,19.45,19.05,20.4278,0.24204143506821624,242244600345.04,"成交额 $1,011,375 ≥ 阈值 $500,000 | 成交量 525 手",US.WFC,2026-05-08 07:37:51
US.WFC260515C50000,WFC 260515 50.00C,79.16,300,883150.0,CALL,2026-05-15,50.0,39,183.407,0.967399161,0.003419456,-0.097120128,0.008470334,8,100.0,US.WFC,29.45,29.75,29.1,30.427,0.3683678625568469,242244600345.04,"成交额 $883,150 ≥ 阈值 $500,000 | 成交量 300 手",US.WFC,2026-05-08 07:37:51
US.WFC260515C73000,WFC 260515 73.00C,79.16,1000,587000.0,CALL,2026-05-15,73.0,2,0.0,0.0,0.0,0.0,0.0,8,100.0,US.WFC,5.87,5.87,5.87,7.4293,0.07781707933299642,242244600345.04,"成交额 $587,000 ≥ 阈值 $500,000 | 成交量 1,000 手",US.WFC,2026-05-08 07:37:51
US.WMT260515C85000,WMT 260515 85.00C,130.2,11523,52189462.0,CALL,2026-05-15,85.0,8432,0.0,0.0,0.0,0.0,0.0,8,100.0,US.WMT,44.78,45.3,44.78,45.0893,0.34715821812596,1037822965053.0,"成交额 $52,189,462 ≥ 阈值 $500,000 | 成交量 11,523 手",US.WMT,2026-05-08 07:38:33
US.WMT260515C105000,WMT 260515 105.00C,130.2,6259,15564071.0,CALL,2026-05-15,105.0,1974,81.15,0.969380485,0.004461494,-0.073178248,0.013228376,8,100.0,US.WMT,24.3,24.95,24.3,25.0917,0.19354838709677413,1037822965053.0,"成交额 $15,564,071 ≥ 阈值 $500,000 | 成交量 6,259 手",US.WMT,2026-05-08 07:38:33
US.WMT260515C110000,WMT 260515 110.00C,130.2,4811,9620099.0,CALL,2026-05-15,110.0,1599,0.0,0.0,0.0,0.0,0.0,8,100.0,US.WMT,20.16,20.2,19.55,20.094,0.15514592933947766,1037822965053.0,"成交额 $9,620,099 ≥ 阈值 $500,000 | 成交量 4,811 手",US.WMT,2026-05-08 07:38:33
US.WMT260515C100000,WMT 260515 100.00C,130.2,2933,8871428.0,CALL,2026-05-15,100.0,498,0.0,0.0,0.0,0.0,0.0,8,100.0,US.WMT,29.55,30.35,29.51,30.0908,0.23195084485407058,1037822965053.0,"成交额 $8,871,428 ≥ 阈值 $500,000 | 成交量 2,933 手",US.WMT,2026-05-08 07:38:33
US.WMT260515C87500,WMT 260515 87.50C,130.2,1185,5034325.0,CALL,2026-05-15,87.5,227,0.0,0.0,0.0,0.0,0.0,8,100.0,US.WMT,42.35,42.6,42.25,42.5895,0.32795698924731176,1037822965053.0,"成交额 $5,034,325 ≥ 阈值 $500,000 | 成交量 1,185 手",US.WMT,2026-05-08 07:38:33
US.WMT260515C115000,WMT 260515 115.00C,130.2,3218,4826233.0,CALL,2026-05-15,115.0,1688,0.0,0.0,0.0,0.0,0.0,8,100.0,US.WMT,14.6,15.25,14.6,15.0969,0.11674347158218118,1037822965053.0,"成交额 $4,826,233 ≥ 阈值 $500,000 | 成交量 3,218 手",US.WMT,2026-05-08 07:38:33
US.WMT260515C95000,WMT 260515 95.00C,130.2,1200,4201325.0,CALL,2026-05-15,95.0,229,101.404,0.985988357,0.001842471,-0.048359557,0.006827008,8,100.0,US.WMT,35.0,35.45,34.75,35.0902,0.2703533026113671,1037822965053.0,"成交额 $4,201,325 ≥ 阈值 $500,000 | 成交量 1,200 手",US.WMT,2026-05-08 07:38:33
US.WMT260515C97500,WMT 260515 97.50C,130.2,835,2690655.0,CALL,2026-05-15,97.5,157,78.023,0.995188082,0.000936983,-0.020728672,0.002672663,8,100.0,US.WMT,32.35,32.84,31.65,32.5904,0.2511520737327188,1037822965053.0,"成交额 $2,690,655 ≥ 阈值 $500,000 | 成交量 835 手",US.WMT,2026-05-08 07:38:33
US.WMT260508C123000,WMT 260508 123.00C,130.2,2899,2135994.0,CALL,2026-05-08,123.0,402,0.0,0.0,0.0,0.0,0.0,1,100.0,US.WMT,6.83,7.45,6.6,7.1053,0.05529953917050683,1037822965053.0,"成交额 $2,135,994 ≥ 阈值 $500,000 | 成交量 2,899 手",US.WMT,2026-05-08 07:38:33
US.WMT260508C124000,WMT 260508 124.00C,130.2,2897,1845009.0,CALL,2026-05-08,124.0,372,53.539,0.97037772,0.019820353,-0.135425347,0.004272451,1,100.0,US.WMT,5.85,6.45,5.85,6.1064,0.04761904761904753,1037822965053.0,"成交额 $1,845,009 ≥ 阈值 $500,000 | 成交量 2,897 手",US.WMT,2026-05-08 07:38:33
US.WMT260515C92500,WMT 260515 92.50C,130.2,428,1603940.0,CALL,2026-05-15,92.5,76,0.0,0.0,0.0,0.0,0.0,8,100.0,US.WMT,37.35,37.55,37.3,37.59,0.2895545314900153,1037822965053.0,"成交额 $1,603,940 ≥ 阈值 $500,000 | 成交量 428 手",US.WMT,2026-05-08 07:38:33
US.WMT260508C125000,WMT 260508 125.00C,130.2,3142,1597084.0,CALL,2026-05-08,125.0,301,54.255,0.940387109,0.03442887,-0.238443328,0.007519316,1,100.0,US.WMT,5.05,5.25,3.75,5.1163,0.03993855606758824,1037822965053.0,"成交额 $1,597,084 ≥ 阈值 $500,000 | 成交量 3,142 手",US.WMT,2026-05-08 07:38:33
US.WMT260515C90000,WMT 260515 90.00C,130.2,365,1456975.0,CALL,2026-05-15,90.0,69,0.0,0.0,0.0,0.0,0.0,8,100.0,US.WMT,39.35,40.1,39.35,40.0897,0.30875576036866353,1037822965053.0,"成交额 $1,456,975 ≥ 阈值 $500,000 | 成交量 365 手",US.WMT,2026-05-08 07:38:33
US.WMT260618C100000,WMT 260618 100.00C,130.2,422,1267725.0,CALL,2026-06-18,100.0,2139,0.0,0.0,0.0,0.0,0.0,42,100.0,US.WMT,29.92,30.05,29.6,30.4853,0.23195084485407058,1037822965053.0,"成交额 $1,267,725 ≥ 阈值 $500,000 | 成交量 422 手",US.WMT,2026-05-08 07:38:33
US.WMT260515C80000,WMT 260515 80.00C,130.2,210,1051050.0,CALL,2026-05-15,80.0,40,0.0,0.0,0.0,0.0,0.0,8,100.0,US.WMT,49.45,50.3,49.45,50.0889,0.3855606758832565,1037822965053.0,"成交额 $1,051,050 ≥ 阈值 $500,000 | 成交量 210 手",US.WMT,2026-05-08 07:38:33
US.WMT260515C120000,WMT 260515 120.00C,130.2,873,843381.0,CALL,2026-05-15,120.0,3818,0.0,0.0,0.0,0.0,0.0,8,100.0,US.WMT,9.81,10.35,8.72,10.1334,0.07834101382488472,1037822965053.0,"成交额 $843,381 ≥ 阈值 $500,000 | 成交量 873 手",US.WMT,2026-05-08 07:38:33
US.WMT260508C126000,WMT 260508 126.00C,130.2,1752,667798.0,CALL,2026-05-08,126.0,380,45.803,0.931105493,0.045638283,-0.227135578,0.008414073,1,100.0,US.WMT,3.27,4.05,3.27,4.1389,0.03225806451612895,1037822965053.0,"成交额 $667,798 ≥ 阈值 $500,000 | 成交量 1,752 手",US.WMT,2026-05-08 07:38:33
US.WMT260515P130000,WMT 260515 130.00P,130.2,2718,514358.0,PUT,2026-05-15,130.0,6516,24.997,-0.468469221,0.083524022,-0.119144346,0.075957421,8,100.0,US.WMT,2.14,2.74,1.75,2.0208,-0.0015360983102917715,1037822965053.0,"成交额 $514,358 ≥ 阈值 $500,000 | 成交量 2,718 手",US.WMT,2026-05-08 07:38:33
US.XOM260618C150000,XOM 260618 150.00C,146.58,2831,1041062.0,CALL,2026-06-18,150.0,11362,25.904,0.431978138,0.030570416,-0.066648282,0.195155388,42,100.0,US.XOM,3.1,4.3,3.1,5.025,-0.023331968890708057,607566355005.96,"成交额 $1,041,062 ≥ 阈值 $500,000 | 成交量 2,831 手",US.XOM,2026-05-08 07:40:32
US.XOM260618C180000,XOM 260618 180.00C,146.58,38810,929513.0,CALL,2026-06-18,180.0,43766,32.202,0.03670271,0.005025321,-0.015605539,0.039890439,42,100.0,US.XOM,0.37,0.37,0.15,0.3279,-0.22799836266884968,607566355005.96,"成交额 $929,513 ≥ 阈值 $500,000 | 成交量 38,810 手",US.XOM,2026-05-08 07:40:32
US.XOM260618P145000,XOM 260618 145.00P,146.58,1439,796808.0,PUT,2026-06-18,145.0,7432,30.936,-0.424854493,0.025723947,-0.066394751,0.194179484,42,100.0,US.XOM,5.96,6.4,4.9,4.325,-0.01077909673898221,607566355005.96,"成交额 $796,808 ≥ 阈值 $500,000 | 成交量 1,439 手",US.XOM,2026-05-08 07:40:32
US.XOM260918C150000,XOM 260918 150.00C,146.58,701,587850.0,CALL,2026-09-18,150.0,3311,25.514,0.505809591,0.017612124,-0.040379185,0.354099969,134,100.0,US.XOM,8.03,8.64,7.7,10.0,-0.023331968890708057,607566355005.96,"成交额 $587,850 ≥ 阈值 $500,000 | 成交量 701 手",US.XOM,2026-05-08 07:40:32
US.XYZ260918P75000,XYZ 260918 75.00P,70.14,1490,1616724.0,PUT,2026-09-18,75.0,373,51.885,-0.510806182,0.018497972,-0.029084654,0.168900824,134,100.0,US.XYZ,10.8,11.11,10.8,11.0674,0.06928999144568006,41779266178.86,"成交额 $1,616,724 ≥ 阈值 $500,000 | 成交量 1,490 手",US.XYZ,2026-05-08 07:41:12
US.XYZ260508C80000,XYZ 260508 80.00C,70.14,15862,838434.0,CALL,2026-05-08,80.0,1524,239.062,0.142237925,0.027539566,-1.052920421,0.007688271,1,100.0,US.XYZ,1.0,1.0,0.51,0.83,-0.14057599087539208,41779266178.86,"成交额 $838,434 ≥ 阈值 $500,000 | 成交量 15,862 手",US.XYZ,2026-05-08 07:41:12
US.XYZ260508C76000,XYZ 260508 76.00C,70.14,3730,548752.0,CALL,2026-05-08,76.0,2008,245.876,0.271195551,0.039438677,-1.63116051,0.011324035,1,100.0,US.XYZ,1.99,1.99,1.25,1.6797,-0.08354719133162246,41779266178.86,"成交额 $548,752 ≥ 阈值 $500,000 | 成交量 3,730 手",US.XYZ,2026-05-08 07:41:12
US.XYZ260515C71000,XYZ 260515 71.00C,70.14,1370,534893.0,CALL,2026-05-15,71.0,1376,92.987,0.493912997,0.0416606,-0.254101929,0.041073997,8,100.0,US.XYZ,4.0,4.2,3.31,4.0315,-0.012261191901910457,41779266178.86,"成交额 $534,893 ≥ 阈值 $500,000 | 成交量 1,370 手",US.XYZ,2026-05-08 07:41:12
US.ZBRA260515C220000,ZBRA 260515 220.00C,228.62,900,1836000.0,CALL,2026-05-15,220.0,535,103.701,0.630709146,0.01084095,-0.873990899,0.126647476,8,100.0,US.ZBRA,20.4,20.4,20.4,17.9744,0.0377044877963433,11246207368.48,"成交额 $1,836,000 ≥ 阈值 $500,000 | 成交量 900 手",US.ZBRA,2026-05-08 07:41:51
US.ZTS260618P120000,ZTS 260618 120.00P,87.31,834,2533030.0,PUT,2026-06-18,120.0,412,62.236,-0.928808503,0.009335511,-0.023261255,0.03916092,42,100.0,US.ZTS,33.0,34.8,29.65,11.4078,0.3744130111098385,36715356470.07,"成交额 $2,533,030 ≥ 阈值 $500,000 | 成交量 834 手",US.ZTS,2026-05-08 07:42:29
US.ZTS260618P125000,ZTS 260618 125.00P,87.31,538,2089387.0,PUT,2026-06-18,125.0,604,68.331,-0.933419038,0.00813518,-0.02431271,0.037189062,42,100.0,US.ZTS,36.48,38.94,35.7,15.0865,0.43168021990608174,36715356470.07,"成交额 $2,089,387 ≥ 阈值 $500,000 | 成交量 538 手",US.ZTS,2026-05-08 07:42:29
US.ZTS260515P115000,ZTS 260515 115.00P,87.31,649,1687656.0,PUT,2026-05-15,115.0,5093,104.721,-0.958696448,0.007153992,-0.061966044,0.011255179,8,100.0,US.ZTS,24.2,29.79,24.2,7.376,0.3171458023135952,36715356470.07,"成交额 $1,687,656 ≥ 阈值 $500,000 | 成交量 649 手",US.ZTS,2026-05-08 07:42:29
US.ZTS260515C90000,ZTS 260515 90.00C,87.31,5786,1222131.0,CALL,2026-05-15,90.0,0,57.911,0.380127041,0.051297458,-0.188032322,0.048810585,8,100.0,US.ZTS,3.5,3.9,1.32,21.3743,-0.030809758332378853,36715356470.07,"成交额 $1,222,131 ≥ 阈值 $500,000 | 成交量 5,786 手",US.ZTS,2026-05-08 07:42:29
US.ZTS260618P135000,ZTS 260618 135.00P,87.31,239,1084530.0,PUT,2026-06-18,135.0,116,76.381,-0.951069955,0.006300972,-0.020630693,0.02890208,42,100.0,US.ZTS,48.0,48.1,45.3,23.9506,0.5462146374985682,36715356470.07,"成交额 $1,084,530 ≥ 阈值 $500,000 | 成交量 239 手",US.ZTS,2026-05-08 07:42:29
US.ZTS260515P110000,ZTS 260515 110.00P,87.31,442,958067.0,PUT,2026-05-15,110.0,2734,106.76,-0.919244081,0.011244112,-0.116690954,0.019144107,8,100.0,US.ZTS,20.3,24.45,19.2,4.35,0.25987859351735193,36715356470.07,"成交额 $958,067 ≥ 阈值 $500,000 | 成交量 442 手",US.ZTS,2026-05-08 07:42:29
US.ZTS260618P130000,ZTS 260618 130.00P,87.31,211,930262.0,PUT,2026-06-18,130.0,109,64.759,-0.972701558,0.006528564,-0.009607163,0.017213564,42,100.0,US.ZTS,41.62,44.1,41.62,19.2427,0.488947428702325,36715356470.07,"成交额 $930,262 ≥ 阈值 $500,000 | 成交量 211 手",US.ZTS,2026-05-08 07:42:29
US.ZTS260515P125000,ZTS 260515 125.00P,87.31,246,928891.0,PUT,2026-05-15,125.0,115,146.007,-0.942421102,0.006397992,-0.119651669,0.01473959,8,100.0,US.ZTS,35.5,37.8,35.5,14.4855,0.43168021990608174,36715356470.07,"成交额 $928,891 ≥ 阈值 $500,000 | 成交量 246 手",US.ZTS,2026-05-08 07:42:29
US.ZTS260515P120000,ZTS 260515 120.00P,87.31,214,651325.0,PUT,2026-05-15,120.0,339,117.611,-0.962275382,0.005939003,-0.064246309,0.010454721,8,100.0,US.ZTS,32.07,33.0,30.3,10.6032,0.3744130111098385,36715356470.07,"成交额 $651,325 ≥ 阈值 $500,000 | 成交量 214 手",US.ZTS,2026-05-08 07:42:29
US.ZTS260618P85000,ZTS 260618 85.00P,87.31,1394,512102.0,PUT,2026-06-18,85.0,14,42.701,-0.38860725,0.030493016,-0.054776974,0.113236208,42,100.0,US.ZTS,3.03,4.3,2.15,0.4253,-0.026457450463864416,36715356470.07,"成交额 $512,102 ≥ 阈值 $500,000 | 成交量 1,394 手",US.ZTS,2026-05-08 07:42:29
