code,name,last_price,volume,turnover,option_type,strike_time,option_strike_price,option_open_interest,option_implied_volatility,option_delta,option_gamma,option_theta,option_vega,option_expiry_date_distance,option_contract_size,stock_owner,open_price,high_price,low_price,prev_close_price,atm_degree_pct,market_val,anomaly_reason,scan_symbol,scan_timestamp
US.AAPL260506C282500,AAPL 260506 282.50C,284.18,119408,16240546.0,CALL,2026-05-06,282.5,5322,30.044,0.662074275,0.087846284,-0.914921697,0.05062457,1,100.0,US.AAPL,0.32,3.4,0.28,0.44,0.0059117460764304556,4173852828080.0,"成交额 $16,240,546 ≥ 阈值 $500,000 | 成交量 119,408 手",US.AAPL,2026-05-06 07:59:46
US.AAPL260506C280000,AAPL 260506 280.00C,284.18,54510,11671492.0,CALL,2026-05-06,280.0,4105,31.923,0.832908221,0.056601194,-0.66239068,0.034650764,1,100.0,US.AAPL,0.73,5.2,0.68,0.93,0.014708987261594787,4173852828080.0,"成交额 $11,671,492 ≥ 阈值 $500,000 | 成交量 54,510 手",US.AAPL,2026-05-06 07:59:46
US.AAPL260515C280000,AAPL 260515 280.00C,284.18,19351,9857416.0,CALL,2026-05-15,280.0,42575,24.049,0.662510501,0.032514837,-0.230910462,0.170691123,10,100.0,US.AAPL,3.0,7.55,3.0,3.25,0.014708987261594787,4173852828080.0,"成交额 $9,857,416 ≥ 阈值 $500,000 | 成交量 19,351 手",US.AAPL,2026-05-06 07:59:46
US.AAPL260717C255000,AAPL 260717 255.00C,284.18,2756,9078178.0,CALL,2026-07-17,255.0,1984,27.461,0.842159252,0.006915996,-0.078168594,0.306074726,73,100.0,US.AAPL,29.85,34.15,29.85,27.7751,0.1026813991132381,4173852828080.0,"成交额 $9,078,178 ≥ 阈值 $500,000 | 成交量 2,756 手",US.AAPL,2026-05-06 07:59:46
US.AAPL260821C265000,AAPL 260821 265.00C,284.18,2954,8313110.0,CALL,2026-08-21,265.0,2709,26.941,0.733538391,0.007891696,-0.081303563,0.507328227,108,100.0,US.AAPL,25.48,29.51,25.48,23.9794,0.06749243437258078,4173852828080.0,"成交额 $8,313,110 ≥ 阈值 $500,000 | 成交量 2,954 手",US.AAPL,2026-05-06 07:59:46
US.AAPL260515C285000,AAPL 260515 285.00C,284.18,22923,7771553.0,CALL,2026-05-15,285.0,32222,23.798,0.488429005,0.035861881,-0.244038915,0.186322723,10,100.0,US.AAPL,1.55,4.75,1.5,1.69,-0.002885495108733877,4173852828080.0,"成交额 $7,771,553 ≥ 阈值 $500,000 | 成交量 22,923 手",US.AAPL,2026-05-06 07:59:46
US.AAPL260506C285000,AAPL 260506 285.00C,284.18,90563,7743944.0,CALL,2026-05-06,285.0,5272,29.862,0.426703541,0.094822234,-0.970977491,0.054317758,1,100.0,US.AAPL,0.15,2.02,0.13,0.205,-0.002885495108733877,4173852828080.0,"成交额 $7,743,944 ≥ 阈值 $500,000 | 成交量 90,563 手",US.AAPL,2026-05-06 07:59:46
US.AAPL260508C280000,AAPL 260508 280.00C,284.18,19053,6730280.0,CALL,2026-05-08,280.0,15073,29.211,0.724518035,0.045391738,-0.476702913,0.084096378,3,100.0,US.AAPL,1.76,6.1,1.55,1.885,0.014708987261594787,4173852828080.0,"成交额 $6,730,280 ≥ 阈值 $500,000 | 成交量 19,053 手",US.AAPL,2026-05-06 07:59:46
US.AAPL260508C285000,AAPL 260508 285.00C,284.18,33890,6380273.0,CALL,2026-05-08,285.0,10042,28.07,0.463378327,0.056191325,-0.553994985,0.100053501,3,100.0,US.AAPL,0.59,3.15,0.55,0.705,-0.002885495108733877,4173852828080.0,"成交额 $6,380,273 ≥ 阈值 $500,000 | 成交量 33,890 手",US.AAPL,2026-05-06 07:59:46
US.AAPL260515C250000,AAPL 260515 250.00C,284.18,1639,5269903.0,CALL,2026-05-15,250.0,9421,31.059,0.994677329,0.001053413,-0.034460774,0.007169593,10,100.0,US.AAPL,27.24,34.37,27.24,27.2815,0.12027588148356677,4173852828080.0,"成交额 $5,269,903 ≥ 阈值 $500,000 | 成交量 1,639 手",US.AAPL,2026-05-06 07:59:46
US.AAPL260508C282500,AAPL 260508 282.50C,284.18,20107,5072965.0,CALL,2026-05-08,282.5,6843,28.285,0.602732939,0.05413336,-0.54371993,0.097123976,3,100.0,US.AAPL,1.03,4.42,0.93,1.175,0.0059117460764304556,4173852828080.0,"成交额 $5,072,965 ≥ 阈值 $500,000 | 成交量 20,107 手",US.AAPL,2026-05-06 07:59:46
US.AAPL260529C255000,AAPL 260529 255.00C,284.18,1708,4919285.0,CALL,2026-05-29,255.0,827,26.502,0.952303384,0.005157193,-0.063351208,0.072159775,24,100.0,US.AAPL,25.8,30.4,25.59,23.4681,0.1026813991132381,4173852828080.0,"成交额 $4,919,285 ≥ 阈值 $500,000 | 成交量 1,708 手",US.AAPL,2026-05-06 07:59:46
US.AAPL260618C300000,AAPL 260618 300.00C,284.18,11554,3939236.0,CALL,2026-06-18,300.0,91866,23.116,0.280439631,0.014792437,-0.095228327,0.331782096,44,100.0,US.AAPL,2.07,4.2,2.01,2.13,-0.05566894221971987,4173852828080.0,"成交额 $3,939,236 ≥ 阈值 $500,000 | 成交量 11,554 手",US.AAPL,2026-05-06 07:59:46
US.AAPL260618C280000,AAPL 260618 280.00C,284.18,3587,3908855.0,CALL,2026-06-18,280.0,46761,24.167,0.606725697,0.01615226,-0.120878335,0.378863916,44,100.0,US.AAPL,8.1,12.85,8.0,8.225,0.014708987261594787,4173852828080.0,"成交额 $3,908,855 ≥ 阈值 $500,000 | 成交量 3,587 手",US.AAPL,2026-05-06 07:59:46
US.AAPL260506P282500,AAPL 260506 282.50P,284.18,20123,3678398.0,PUT,2026-05-06,282.5,506,30.421,-0.339841789,0.086969591,-0.900460576,0.050731415,1,100.0,US.AAPL,5.61,5.7,0.91,6.0448,-0.0059117460764304556,4173852828080.0,"成交额 $3,678,398 ≥ 阈值 $500,000 | 成交量 20,123 手",US.AAPL,2026-05-06 07:59:46
US.AAPL260717C310000,AAPL 260717 310.00C,284.18,12563,3659316.0,CALL,2026-07-17,310.0,17318,22.589,0.229835968,0.010582117,-0.065898171,0.385210658,73,100.0,US.AAPL,2.19,4.0,2.19,2.235,-0.0908579069603772,4173852828080.0,"成交额 $3,659,316 ≥ 阈值 $500,000 | 成交量 12,563 手",US.AAPL,2026-05-06 07:59:46
US.AAPL260506P280000,AAPL 260506 280.00P,284.18,27707,3550563.0,PUT,2026-05-06,280.0,869,31.165,-0.161408473,0.056695411,-0.605124099,0.033879513,1,100.0,US.AAPL,4.0,4.03,0.34,4.0279,-0.014708987261594787,4173852828080.0,"成交额 $3,550,563 ≥ 阈值 $500,000 | 成交量 27,707 手",US.AAPL,2026-05-06 07:59:46
US.AAPL260506C277500,AAPL 260506 277.50C,284.18,10425,3440678.0,CALL,2026-05-06,277.5,3231,34.767,0.921809865,0.030342954,-0.420531144,0.020231098,1,100.0,US.AAPL,1.58,7.1,1.48,1.855,0.02350622844675912,4173852828080.0,"成交额 $3,440,678 ≥ 阈值 $500,000 | 成交量 10,425 手",US.AAPL,2026-05-06 07:59:46
US.AAPL260515C277500,AAPL 260515 277.50C,284.18,4991,3344493.0,CALL,2026-05-15,277.5,3391,24.412,0.737976206,0.028550088,-0.211540293,0.15211908,10,100.0,US.AAPL,4.25,9.03,4.14,4.375,0.02350622844675912,4173852828080.0,"成交额 $3,344,493 ≥ 阈值 $500,000 | 成交量 4,991 手",US.AAPL,2026-05-06 07:59:46
US.AAPL260618C290000,AAPL 260618 290.00C,284.18,5212,3221359.0,CALL,2026-06-18,290.0,30959,23.55,0.438770459,0.016991891,-0.116483598,0.388378711,44,100.0,US.AAPL,4.3,7.56,4.04,4.35,-0.020479977479062543,4173852828080.0,"成交额 $3,221,359 ≥ 阈值 $500,000 | 成交量 5,212 手",US.AAPL,2026-05-06 07:59:46
US.AAPL260618C285000,AAPL 260618 285.00C,284.18,3458,2995008.0,CALL,2026-06-18,285.0,18069,23.784,0.523588545,0.016995644,-0.120819515,0.392342786,44,100.0,US.AAPL,6.0,10.05,5.94,6.05,-0.002885495108733877,4173852828080.0,"成交额 $2,995,008 ≥ 阈值 $500,000 | 成交量 3,458 手",US.AAPL,2026-05-06 07:59:46
US.AAPL260508C275000,AAPL 260508 275.00C,284.18,4134,2787186.0,CALL,2026-05-08,275.0,5287,29.719,0.898071468,0.023774521,-0.24004431,0.044801946,3,100.0,US.AAPL,4.2,10.0,3.85,4.2267,0.03230346963192345,4173852828080.0,"成交额 $2,787,186 ≥ 阈值 $500,000 | 成交量 4,134 手",US.AAPL,2026-05-06 07:59:46
US.AAPL260515C282500,AAPL 260515 282.50C,284.18,5470,2638631.0,CALL,2026-05-15,282.5,2723,23.564,0.578368269,0.035531901,-0.23981633,0.182788162,10,100.0,US.AAPL,2.2,6.0,2.2,2.39,0.0059117460764304556,4173852828080.0,"成交额 $2,638,631 ≥ 阈值 $500,000 | 成交量 5,470 手",US.AAPL,2026-05-06 07:59:46
US.AAPL260515C275000,AAPL 260515 275.00C,284.18,3085,2506019.0,CALL,2026-05-15,275.0,21887,24.61,0.803991528,0.024051623,-0.184332006,0.12916902,10,100.0,US.AAPL,5.7,11.05,5.4,5.6906,0.03230346963192345,4173852828080.0,"成交额 $2,506,019 ≥ 阈值 $500,000 | 成交量 3,085 手",US.AAPL,2026-05-06 07:59:46
US.AAPL260618C200000,AAPL 260618 200.00C,284.18,293,2482000.0,CALL,2026-06-18,200.0,6544,0.0,0.0,0.0,0.0,0.0,44,100.0,US.AAPL,79.9,85.02,79.9,77.8764,0.2962207051868534,4173852828080.0,"成交额 $2,482,000 ≥ 阈值 $500,000 | 成交量 293 手",US.AAPL,2026-05-06 07:59:46
US.AAPL260515C290000,AAPL 260515 290.00C,284.18,12363,2402420.0,CALL,2026-05-15,290.0,30531,23.74,0.317485847,0.032132462,-0.21279771,0.166503141,10,100.0,US.AAPL,0.8,2.7,0.72,0.87,-0.020479977479062543,4173852828080.0,"成交额 $2,402,420 ≥ 阈值 $500,000 | 成交量 12,363 手",US.AAPL,2026-05-06 07:59:46
US.AAPL260918C275000,AAPL 260918 275.00C,284.18,945,2259501.0,CALL,2026-09-18,275.0,5341,26.177,0.644311075,0.008208077,-0.0780739,0.645890529,136,100.0,US.AAPL,20.0,25.15,20.0,20.2,0.03230346963192345,4173852828080.0,"成交额 $2,259,501 ≥ 阈值 $500,000 | 成交量 945 手",US.AAPL,2026-05-06 07:59:46
US.AAPL260717C280000,AAPL 260717 280.00C,284.18,1579,2257163.0,CALL,2026-07-17,280.0,41463,24.107,0.602053633,0.012604214,-0.096794,0.489866508,73,100.0,US.AAPL,11.2,15.85,10.63,11.125,0.014708987261594787,4173852828080.0,"成交额 $2,257,163 ≥ 阈值 $500,000 | 成交量 1,579 手",US.AAPL,2026-05-06 07:59:46
US.AAPL260821C260000,AAPL 260821 260.00C,284.18,679,2209203.0,CALL,2026-08-21,260.0,4264,27.708,0.769397674,0.007104095,-0.078881618,0.469667232,108,100.0,US.AAPL,29.5,33.25,29.5,27.401,0.08508691674290944,4173852828080.0,"成交额 $2,209,203 ≥ 阈值 $500,000 | 成交量 679 手",US.AAPL,2026-05-06 07:59:46
US.AAPL260717C285000,AAPL 260717 285.00C,284.18,1937,2168187.0,CALL,2026-07-17,285.0,10248,23.745,0.537506832,0.013173148,-0.096385613,0.504308766,73,100.0,US.AAPL,8.6,12.8,8.6,8.85,-0.002885495108733877,4173852828080.0,"成交额 $2,168,187 ≥ 阈值 $500,000 | 成交量 1,937 手",US.AAPL,2026-05-06 07:59:46
US.AAPL260618C270000,AAPL 260618 270.00C,284.18,1181,2165542.0,CALL,2026-06-18,270.0,28311,25.54,0.749084001,0.012653754,-0.110938718,0.313592222,44,100.0,US.AAPL,13.95,19.6,13.8,13.9675,0.04989795200225212,4173852828080.0,"成交额 $2,165,542 ≥ 阈值 $500,000 | 成交量 1,181 手",US.AAPL,2026-05-06 07:59:46
US.AAPL260506P285000,AAPL 260506 285.00P,284.18,6689,2135147.0,PUT,2026-05-06,285.0,3205,30.119,-0.572842566,0.094116791,-0.952006025,0.054320568,1,100.0,US.AAPL,8.35,8.35,2.0,8.3186,0.002885495108733877,4173852828080.0,"成交额 $2,135,147 ≥ 阈值 $500,000 | 成交量 6,689 手",US.AAPL,2026-05-06 07:59:46
US.AAPL260508C277500,AAPL 260508 277.50C,284.18,4151,2134557.0,CALL,2026-05-08,277.5,3562,28.82,0.830260535,0.034827987,-0.343415433,0.063647576,3,100.0,US.AAPL,2.84,7.77,2.5,2.91,0.02350622844675912,4173852828080.0,"成交额 $2,134,557 ≥ 阈值 $500,000 | 成交量 4,151 手",US.AAPL,2026-05-06 07:59:46
US.AAPL260515C255000,AAPL 260515 255.00C,284.18,770,1991918.0,CALL,2026-05-15,255.0,11309,30.517,0.986235752,0.0024664,-0.048002371,0.016456277,10,100.0,US.AAPL,24.1,29.75,24.1,22.3961,0.1026813991132381,4173852828080.0,"成交额 $1,991,918 ≥ 阈值 $500,000 | 成交量 770 手",US.AAPL,2026-05-06 07:59:46
US.AAPL260508C287500,AAPL 260508 287.50C,284.18,17791,1935967.0,CALL,2026-05-08,287.5,11230,27.998,0.328452436,0.051259432,-0.488011726,0.091027406,3,100.0,US.AAPL,0.39,2.06,0.28,0.395,-0.011682736293898209,4173852828080.0,"成交额 $1,935,967 ≥ 阈值 $500,000 | 成交量 17,791 手",US.AAPL,2026-05-06 07:59:46
US.AAPL260618C275000,AAPL 260618 275.00C,284.18,1333,1864512.0,CALL,2026-06-18,275.0,21337,24.841,0.682599898,0.014562134,-0.117655514,0.351054137,44,100.0,US.AAPL,10.75,16.0,10.74,10.8599,0.03230346963192345,4173852828080.0,"成交额 $1,864,512 ≥ 阈值 $500,000 | 成交量 1,333 手",US.AAPL,2026-05-06 07:59:46
US.AAPL260506P277500,AAPL 260506 277.50P,284.18,23948,1857523.0,PUT,2026-05-06,277.5,774,33.423,-0.070301094,0.029100306,-0.346844786,0.018652009,1,100.0,US.AAPL,2.25,2.38,0.13,2.4484,-0.02350622844675912,4173852828080.0,"成交额 $1,857,523 ≥ 阈值 $500,000 | 成交量 23,948 手",US.AAPL,2026-05-06 07:59:46
US.AAPL260506C275000,AAPL 260506 275.00C,284.18,3559,1831164.0,CALL,2026-05-06,275.0,2143,0.0,0.0,0.0,0.0,0.0,1,100.0,US.AAPL,3.05,9.5,2.89,3.224,0.03230346963192345,4173852828080.0,"成交额 $1,831,164 ≥ 阈值 $500,000 | 成交量 3,559 手",US.AAPL,2026-05-06 07:59:46
US.AAPL260918C320000,AAPL 260918 320.00C,284.18,3407,1799349.0,CALL,2026-09-18,320.0,3245,23.887,0.25816018,0.007803147,-0.055971515,0.560116291,136,100.0,US.AAPL,4.83,6.3,4.75,4.325,-0.12604687170103454,4173852828080.0,"成交额 $1,799,349 ≥ 阈值 $500,000 | 成交量 3,407 手",US.AAPL,2026-05-06 07:59:46
US.AAPL260717C320000,AAPL 260717 320.00C,284.18,10512,1788444.0,CALL,2026-07-17,320.0,13651,22.722,0.147506568,0.007991256,-0.049520175,0.292545921,73,100.0,US.AAPL,1.2,2.3,1.19,1.21,-0.12604687170103454,4173852828080.0,"成交额 $1,788,444 ≥ 阈值 $500,000 | 成交量 10,512 手",US.AAPL,2026-05-06 07:59:46
US.AAPL260508C290000,AAPL 260508 290.00C,284.18,26597,1776988.0,CALL,2026-05-08,290.0,19967,28.163,0.215258964,0.041221158,-0.375785779,0.073619208,3,100.0,US.AAPL,0.19,1.37,0.15,0.225,-0.020479977479062543,4173852828080.0,"成交额 $1,776,988 ≥ 阈值 $500,000 | 成交量 26,597 手",US.AAPL,2026-05-06 07:59:46
US.AAPL260717C290000,AAPL 260717 290.00C,284.18,1728,1658151.0,CALL,2026-07-17,290.0,11941,23.292,0.470834974,0.013453065,-0.093304537,0.505188349,73,100.0,US.AAPL,6.85,10.5,6.8,6.875,-0.020479977479062543,4173852828080.0,"成交额 $1,658,151 ≥ 阈值 $500,000 | 成交量 1,728 手",US.AAPL,2026-05-06 07:59:46
US.AAPL260515C270000,AAPL 260515 270.00C,284.18,1220,1590151.0,CALL,2026-05-15,270.0,26645,25.632,0.895965477,0.015081495,-0.132091966,0.084345948,10,100.0,US.AAPL,9.15,15.7,9.03,9.0159,0.04989795200225212,4173852828080.0,"成交额 $1,590,151 ≥ 阈值 $500,000 | 成交量 1,220 手",US.AAPL,2026-05-06 07:59:46
US.AAPL260717C300000,AAPL 260717 300.00C,284.18,2689,1561207.0,CALL,2026-07-17,300.0,21408,22.637,0.339644936,0.012742468,-0.081383381,0.464965833,73,100.0,US.AAPL,3.95,6.65,3.95,4.05,-0.05566894221971987,4173852828080.0,"成交额 $1,561,207 ≥ 阈值 $500,000 | 成交量 2,689 手",US.AAPL,2026-05-06 07:59:46
US.AAPL260717C275000,AAPL 260717 275.00C,284.18,936,1544595.0,CALL,2026-07-17,275.0,10257,24.612,0.662555478,0.011690855,-0.095470994,0.463844536,73,100.0,US.AAPL,13.73,18.9,13.7,13.809,0.03230346963192345,4173852828080.0,"成交额 $1,544,595 ≥ 阈值 $500,000 | 成交量 936 手",US.AAPL,2026-05-06 07:59:46
US.AAPL260918C300000,AAPL 260918 300.00C,284.18,1290,1505553.0,CALL,2026-09-18,300.0,23549,24.472,0.421626933,0.009220153,-0.071898575,0.678261188,136,100.0,US.AAPL,9.0,12.2,9.0,9.05,-0.05566894221971987,4173852828080.0,"成交额 $1,505,553 ≥ 阈值 $500,000 | 成交量 1,290 手",US.AAPL,2026-05-06 07:59:46
US.AAPL260508P280000,AAPL 260508 280.00P,284.18,6489,1426429.0,PUT,2026-05-08,280.0,3201,28.241,-0.269151813,0.046432687,-0.42801713,0.083115327,3,100.0,US.AAPL,4.6,4.64,1.16,4.9069,-0.014708987261594787,4173852828080.0,"成交额 $1,426,429 ≥ 阈值 $500,000 | 成交量 6,489 手",US.AAPL,2026-05-06 07:59:46
US.AAPL260506C287500,AAPL 260506 287.50C,284.18,30725,1420172.0,CALL,2026-05-06,287.5,3680,31.03,0.225196366,0.069818173,-0.757390205,0.041548714,1,100.0,US.AAPL,0.08,1.2,0.06,0.1,-0.011682736293898209,4173852828080.0,"成交额 $1,420,172 ≥ 阈值 $500,000 | 成交量 30,725 手",US.AAPL,2026-05-06 07:59:46
US.AAPL261016P255000,AAPL 261016 255.00P,284.18,1721,1405520.0,PUT,2026-10-16,255.0,1641,28.307,-0.229781177,0.005689578,-0.04382606,0.57628019,164,100.0,US.AAPL,8.72,8.85,7.97,9.2166,-0.1026813991132381,4173852828080.0,"成交额 $1,405,520 ≥ 阈值 $500,000 | 成交量 1,721 手",US.AAPL,2026-05-06 07:59:46
US.AAPL260618C265000,AAPL 260618 265.00C,284.18,640,1380105.0,CALL,2026-06-18,265.0,10728,26.363,0.804543724,0.010630285,-0.102381898,0.271908141,44,100.0,US.AAPL,17.42,23.44,17.42,17.416,0.06749243437258078,4173852828080.0,"成交额 $1,380,105 ≥ 阈值 $500,000 | 成交量 640 手",US.AAPL,2026-05-06 07:59:46
US.AAPL260515P280000,AAPL 260515 280.00P,284.18,3542,1310557.0,PUT,2026-05-15,280.0,13855,25.265,-0.344912807,0.03127414,-0.216325704,0.172010673,10,100.0,US.AAPL,6.3,6.3,2.76,6.348,-0.014708987261594787,4173852828080.0,"成交额 $1,310,557 ≥ 阈值 $500,000 | 成交量 3,542 手",US.AAPL,2026-05-06 07:59:46
US.AAPL260918C260000,AAPL 260918 260.00C,284.18,381,1308120.0,CALL,2026-09-18,260.0,45805,27.011,0.759263599,0.006648898,-0.071728607,0.539772393,136,100.0,US.AAPL,29.35,35.45,29.35,29.779,0.08508691674290944,4173852828080.0,"成交额 $1,308,120 ≥ 阈值 $500,000 | 成交量 381 手",US.AAPL,2026-05-06 07:59:46
US.AAPL261120P255000,AAPL 261120 255.00P,284.18,1246,1304557.0,PUT,2026-11-20,255.0,3554,28.664,-0.243122789,0.005277082,-0.040852144,0.65466225,199,100.0,US.AAPL,10.5,10.5,9.8,11.2,-0.1026813991132381,4173852828080.0,"成交额 $1,304,557 ≥ 阈值 $500,000 | 成交量 1,246 手",US.AAPL,2026-05-06 07:59:46
US.AAPL260511C280000,AAPL 260511 280.00C,284.18,3042,1300577.0,CALL,2026-05-11,280.0,754,22.601,0.709461279,0.042072874,-0.265325832,0.123405107,6,100.0,US.AAPL,2.29,6.3,1.94,2.2901,0.014708987261594787,4173852828080.0,"成交额 $1,300,577 ≥ 阈值 $500,000 | 成交量 3,042 手",US.AAPL,2026-05-06 07:59:46
US.AAPL260821C280000,AAPL 260821 280.00C,284.18,699,1291523.0,CALL,2026-08-21,280.0,7264,25.583,0.599933932,0.009775667,-0.08596834,0.596858032,108,100.0,US.AAPL,15.03,19.67,15.03,15.075,0.014708987261594787,4173852828080.0,"成交额 $1,291,523 ≥ 阈值 $500,000 | 成交量 699 手",US.AAPL,2026-05-06 07:59:46
US.AAPL260918C230000,AAPL 260918 230.00C,284.18,227,1288776.0,CALL,2026-09-18,230.0,2140,33.102,0.887857873,0.003321813,-0.059321803,0.330442678,136,100.0,US.AAPL,56.15,60.26,56.15,53.6364,0.19065381096488143,4173852828080.0,"成交额 $1,288,776 ≥ 阈值 $500,000 | 成交量 227 手",US.AAPL,2026-05-06 07:59:46
US.AAPL260618C295000,AAPL 260618 295.00C,284.18,2691,1267211.0,CALL,2026-06-18,295.0,21563,23.214,0.355726716,0.016290307,-0.107055614,0.366986024,44,100.0,US.AAPL,3.05,5.55,3.0,3.075,-0.03807445984939121,4173852828080.0,"成交额 $1,267,211 ≥ 阈值 $500,000 | 成交量 2,691 手",US.AAPL,2026-05-06 07:59:46
US.AAPL260618C250000,AAPL 260618 250.00C,284.18,312,1106245.0,CALL,2026-06-18,250.0,17625,30.473,0.9044116,0.00565551,-0.079877709,0.167204777,44,100.0,US.AAPL,29.95,36.85,29.95,29.8037,0.12027588148356677,4173852828080.0,"成交额 $1,106,245 ≥ 阈值 $500,000 | 成交量 312 手",US.AAPL,2026-05-06 07:59:46
US.AAPL260508P277500,AAPL 260508 277.50P,284.18,6823,1071664.0,PUT,2026-05-08,277.5,2277,28.953,-0.170931589,0.034830514,-0.319215554,0.063926124,3,100.0,US.AAPL,3.13,3.3,0.66,3.4266,-0.02350622844675912,4173852828080.0,"成交额 $1,071,664 ≥ 阈值 $500,000 | 成交量 6,823 手",US.AAPL,2026-05-06 07:59:46
US.AAPL260918C285000,AAPL 260918 285.00C,284.18,600,1054785.0,CALL,2026-09-18,285.0,6522,25.215,0.558028681,0.009028355,-0.077512298,0.684360308,136,100.0,US.AAPL,14.8,19.1,14.8,14.925,-0.002885495108733877,4173852828080.0,"成交额 $1,054,785 ≥ 阈值 $500,000 | 成交量 600 手",US.AAPL,2026-05-06 07:59:46
US.AAPL260515C287500,AAPL 260515 287.50C,284.18,3993,1000243.0,CALL,2026-05-15,287.5,2891,24.052,0.40162912,0.034413622,-0.236556347,0.180694622,10,100.0,US.AAPL,1.16,3.65,1.08,1.21,-0.011682736293898209,4173852828080.0,"成交额 $1,000,243 ≥ 阈值 $500,000 | 成交量 3,993 手",US.AAPL,2026-05-06 07:59:46
US.AAPL260506C290000,AAPL 260506 290.00C,284.18,40607,984709.0,CALL,2026-05-06,290.0,3008,32.56,0.103084164,0.039786925,-0.461123331,0.024841713,1,100.0,US.AAPL,0.03,0.73,0.03,0.045,-0.020479977479062543,4173852828080.0,"成交额 $984,709 ≥ 阈值 $500,000 | 成交量 40,607 手",US.AAPL,2026-05-06 07:59:46
US.AAPL260511C285000,AAPL 260511 285.00C,284.18,4584,941870.0,CALL,2026-05-11,285.0,1127,22.212,0.473081237,0.049735832,-0.297034283,0.143407454,6,100.0,US.AAPL,0.98,3.3,0.8,0.9265,-0.002885495108733877,4173852828080.0,"成交额 $941,870 ≥ 阈值 $500,000 | 成交量 4,584 手",US.AAPL,2026-05-06 07:59:46
US.AAPL260918C305000,AAPL 260918 305.00C,284.18,941,937040.0,CALL,2026-09-18,305.0,5153,23.972,0.375257888,0.009125268,-0.06769638,0.657514187,136,100.0,US.AAPL,8.4,10.35,8.3,7.575,-0.07326342459004853,4173852828080.0,"成交额 $937,040 ≥ 阈值 $500,000 | 成交量 941 手",US.AAPL,2026-05-06 07:59:46
US.AAPL260717C295000,AAPL 260717 295.00C,284.18,1259,928028.0,CALL,2026-07-17,295.0,89908,22.985,0.40440086,0.013274642,-0.088442815,0.491896398,73,100.0,US.AAPL,5.8,8.5,5.8,5.3,-0.03807445984939121,4173852828080.0,"成交额 $928,028 ≥ 阈值 $500,000 | 成交量 1,259 手",US.AAPL,2026-05-06 07:59:46
US.AAPL260515C300000,AAPL 260515 300.00C,284.18,19607,905520.0,CALL,2026-05-15,300.0,54207,23.566,0.087950558,0.014497194,-0.088997619,0.074538323,10,100.0,US.AAPL,0.16,0.75,0.13,0.165,-0.05566894221971987,4173852828080.0,"成交额 $905,520 ≥ 阈值 $500,000 | 成交量 19,607 手",US.AAPL,2026-05-06 07:59:46
US.AAPL260918C270000,AAPL 260918 270.00C,284.18,329,893355.0,CALL,2026-09-18,270.0,8027,26.767,0.683591249,0.007668746,-0.077404899,0.617024246,136,100.0,US.AAPL,24.45,28.45,24.45,23.2,0.04989795200225212,4173852828080.0,"成交额 $893,355 ≥ 阈值 $500,000 | 成交量 329 手",US.AAPL,2026-05-06 07:59:46
US.AAPL260522C285000,AAPL 260522 285.00C,284.18,1880,846741.0,CALL,2026-05-22,285.0,4249,23.662,0.500696881,0.027598317,-0.187137473,0.243710916,17,100.0,US.AAPL,2.77,6.03,2.55,2.7008,-0.002885495108733877,4173852828080.0,"成交额 $846,741 ≥ 阈值 $500,000 | 成交量 1,880 手",US.AAPL,2026-05-06 07:59:46
US.AAPL260508P282500,AAPL 260508 282.50P,284.18,3115,841314.0,PUT,2026-05-08,282.5,1119,27.862,-0.396194843,0.054965251,-0.507925816,0.097029946,3,100.0,US.AAPL,6.2,6.2,1.97,6.7045,-0.0059117460764304556,4173852828080.0,"成交额 $841,314 ≥ 阈值 $500,000 | 成交量 3,115 手",US.AAPL,2026-05-06 07:59:46
US.AAPL260821C300000,AAPL 260821 300.00C,284.18,919,834958.0,CALL,2026-08-21,300.0,11371,24.457,0.39729713,0.01020689,-0.077903804,0.59572344,108,100.0,US.AAPL,7.18,10.3,7.18,7.125,-0.05566894221971987,4173852828080.0,"成交额 $834,958 ≥ 阈值 $500,000 | 成交量 919 手",US.AAPL,2026-05-06 07:59:46
US.AAPL260717P270000,AAPL 260717 270.00P,284.18,1252,824368.0,PUT,2026-07-17,270.0,3292,25.37,-0.286472118,0.010650868,-0.067884784,0.431110058,73,100.0,US.AAPL,7.22,7.47,6.15,8.125,-0.04989795200225212,4173852828080.0,"成交额 $824,368 ≥ 阈值 $500,000 | 成交量 1,252 手",US.AAPL,2026-05-06 07:59:46
US.AAPL260515C260000,AAPL 260515 260.00C,284.18,354,817270.0,CALL,2026-05-15,260.0,10628,27.8,0.976692969,0.004241994,-0.058854719,0.025764435,10,100.0,US.AAPL,20.0,24.8,19.65,17.6215,0.08508691674290944,4173852828080.0,"成交额 $817,270 ≥ 阈值 $500,000 | 成交量 354 手",US.AAPL,2026-05-06 07:59:46
US.AAPL261016C300000,AAPL 261016 300.00C,284.18,600,796563.0,CALL,2026-10-16,300.0,9060,24.382,0.440292549,0.008496635,-0.067010086,0.751072769,164,100.0,US.AAPL,10.95,14.32,10.95,10.95,-0.05566894221971987,4173852828080.0,"成交额 $796,563 ≥ 阈值 $500,000 | 成交量 600 手",US.AAPL,2026-05-06 07:59:46
US.AAPL261016C290000,AAPL 261016 290.00C,284.18,426,786071.0,CALL,2026-10-16,290.0,1694,25.337,0.524482478,0.008253585,-0.071661859,0.75819875,164,100.0,US.AAPL,15.78,18.8,15.78,14.8,-0.020479977479062543,4173852828080.0,"成交额 $786,071 ≥ 阈值 $500,000 | 成交量 426 手",US.AAPL,2026-05-06 07:59:46
US.AAPL260918C280000,AAPL 260918 280.00C,284.18,382,774519.0,CALL,2026-09-18,280.0,9175,25.718,0.602165537,0.008651647,-0.078273305,0.668869308,136,100.0,US.AAPL,17.5,22.03,17.5,17.5,0.014708987261594787,4173852828080.0,"成交额 $774,519 ≥ 阈值 $500,000 | 成交量 382 手",US.AAPL,2026-05-06 07:59:46
US.AAPL260618C305000,AAPL 260618 305.00C,284.18,2971,757047.0,CALL,2026-06-18,305.0,9331,23.073,0.214939655,0.012851732,-0.081552644,0.287669559,44,100.0,US.AAPL,1.42,3.05,1.42,1.44,-0.07326342459004853,4173852828080.0,"成交额 $757,047 ≥ 阈值 $500,000 | 成交量 2,971 手",US.AAPL,2026-05-06 07:59:46
US.AAPL260529C300000,AAPL 260529 300.00C,284.18,5364,742454.0,CALL,2026-05-29,300.0,13173,22.657,0.193485627,0.016665867,-0.099985977,0.199290318,24,100.0,US.AAPL,0.75,2.0,0.68,0.755,-0.05566894221971987,4173852828080.0,"成交额 $742,454 ≥ 阈值 $500,000 | 成交量 5,364 手",US.AAPL,2026-05-06 07:59:46
US.AAPL260529C285000,AAPL 260529 285.00C,284.18,1422,735819.0,CALL,2026-05-29,285.0,1502,23.529,0.508625728,0.023326274,-0.158092956,0.289837316,24,100.0,US.AAPL,3.55,7.01,3.21,3.475,-0.002885495108733877,4173852828080.0,"成交额 $735,819 ≥ 阈值 $500,000 | 成交量 1,422 手",US.AAPL,2026-05-06 07:59:46
US.AAPL260508C270000,AAPL 260508 270.00C,284.18,625,718413.0,CALL,2026-05-08,270.0,3061,29.587,0.975921536,0.007599674,-0.080238875,0.014272169,3,100.0,US.AAPL,8.05,15.24,7.6,7.8841,0.04989795200225212,4173852828080.0,"成交额 $718,413 ≥ 阈值 $500,000 | 成交量 625 手",US.AAPL,2026-05-06 07:59:46
US.AAPL260515C292500,AAPL 260515 292.50C,284.18,5116,696741.0,CALL,2026-05-15,292.5,1806,24.021,0.24633416,0.028091033,-0.188068445,0.147259416,10,100.0,US.AAPL,0.5,2.01,0.48,0.565,-0.029277218664226872,4173852828080.0,"成交额 $696,741 ≥ 阈值 $500,000 | 成交量 5,116 手",US.AAPL,2026-05-06 07:59:46
US.AAPL260529C280000,AAPL 260529 280.00C,284.18,876,695031.0,CALL,2026-05-29,280.0,2676,23.41,0.624415322,0.022301191,-0.153297536,0.275670072,24,100.0,US.AAPL,5.35,9.95,5.15,5.45,0.014708987261594787,4173852828080.0,"成交额 $695,031 ≥ 阈值 $500,000 | 成交量 876 手",US.AAPL,2026-05-06 07:59:46
US.AAPL261120C280000,AAPL 261120 280.00C,284.18,266,684866.0,CALL,2026-11-20,280.0,1900,27.045,0.607600925,0.006774163,-0.069329092,0.806272516,199,100.0,US.AAPL,23.7,26.9,23.7,22.5497,0.014708987261594787,4173852828080.0,"成交额 $684,866 ≥ 阈值 $500,000 | 成交量 266 手",US.AAPL,2026-05-06 07:59:46
US.AAPL260522C280000,AAPL 260522 280.00C,284.18,1028,678725.0,CALL,2026-05-22,280.0,5195,24.135,0.634526574,0.025504683,-0.183791334,0.229701065,17,100.0,US.AAPL,4.61,8.65,4.45,4.5,0.014708987261594787,4173852828080.0,"成交额 $678,725 ≥ 阈值 $500,000 | 成交量 1,028 手",US.AAPL,2026-05-06 07:59:46
US.AAPL260821P290000,AAPL 260821 290.00P,284.18,368,676652.0,PUT,2026-08-21,290.0,331,25.218,-0.510285469,0.010634954,-0.05928124,0.611485015,108,100.0,US.AAPL,19.85,19.9,17.5,21.0815,0.020479977479062543,4173852828080.0,"成交额 $676,652 ≥ 阈值 $500,000 | 成交量 368 手",US.AAPL,2026-05-06 07:59:46
US.AAPL260821C270000,AAPL 260821 270.00C,284.18,284,671533.0,CALL,2026-08-21,270.0,5047,26.602,0.691599382,0.008565044,-0.084169064,0.543721532,108,100.0,US.AAPL,20.9,26.0,20.9,20.7259,0.04989795200225212,4173852828080.0,"成交额 $671,533 ≥ 阈值 $500,000 | 成交量 284 手",US.AAPL,2026-05-06 07:59:46
US.AAPL260918C290000,AAPL 260918 290.00C,284.18,443,670024.0,CALL,2026-09-18,290.0,8815,25.055,0.512826907,0.009178458,-0.076715835,0.691334472,136,100.0,US.AAPL,12.8,16.7,12.65,12.775,-0.020479977479062543,4173852828080.0,"成交额 $670,024 ≥ 阈值 $500,000 | 成交量 443 手",US.AAPL,2026-05-06 07:59:46
US.AAPL260618C260000,AAPL 260618 260.00C,284.18,260,660787.0,CALL,2026-06-18,260.0,20903,27.592,0.846861103,0.008696191,-0.094517154,0.2327882,44,100.0,US.AAPL,21.01,28.0,21.01,21.3077,0.08508691674290944,4173852828080.0,"成交额 $660,787 ≥ 阈值 $500,000 | 成交量 260 手",US.AAPL,2026-05-06 07:59:46
US.AAPL260515C272500,AAPL 260515 272.50C,284.18,644,640245.0,CALL,2026-05-15,272.5,1962,24.802,0.858506955,0.019345485,-0.154467226,0.104688338,10,100.0,US.AAPL,7.6,13.07,7.08,7.2562,0.041100710817087785,4173852828080.0,"成交额 $640,245 ≥ 阈值 $500,000 | 成交量 644 手",US.AAPL,2026-05-06 07:59:46
US.AAPL260605P290000,AAPL 260605 290.00P,284.18,531,629513.0,PUT,2026-06-05,290.0,14,24.53,-0.586133836,0.019615657,-0.114021206,0.320703534,31,100.0,US.AAPL,12.28,12.28,10.56,15.4566,0.020479977479062543,4173852828080.0,"成交额 $629,513 ≥ 阈值 $500,000 | 成交量 531 手",US.AAPL,2026-05-06 07:59:46
US.AAPL261016P275000,AAPL 261016 275.00P,284.18,447,626849.0,PUT,2026-10-16,275.0,297,26.117,-0.364003879,0.007742209,-0.047558216,0.711237695,164,100.0,US.AAPL,15.25,15.5,13.7,16.3,-0.03230346963192345,4173852828080.0,"成交额 $626,849 ≥ 阈值 $500,000 | 成交量 447 手",US.AAPL,2026-05-06 07:59:46
US.AAPL260821C285000,AAPL 260821 285.00C,284.18,415,617741.0,CALL,2026-08-21,285.0,5341,25.333,0.550049885,0.010113137,-0.085853137,0.611454277,108,100.0,US.AAPL,12.65,17.0,12.5,12.675,-0.002885495108733877,4173852828080.0,"成交额 $617,741 ≥ 阈值 $500,000 | 成交量 415 手",US.AAPL,2026-05-06 07:59:46
US.AAPL260529C290000,AAPL 260529 290.00C,284.18,1601,617066.0,CALL,2026-05-29,290.0,6190,22.749,0.390267612,0.023212728,-0.144705926,0.278843259,24,100.0,US.AAPL,2.15,4.75,2.04,2.15,-0.020479977479062543,4173852828080.0,"成交额 $617,066 ≥ 阈值 $500,000 | 成交量 1,601 手",US.AAPL,2026-05-06 07:59:46
US.AAPL260508P285000,AAPL 260508 285.00P,284.18,1413,601047.0,PUT,2026-05-08,285.0,911,27.707,-0.537742369,0.05702554,-0.519541704,0.099987305,3,100.0,US.AAPL,7.6,7.6,3.1,8.7447,0.002885495108733877,4173852828080.0,"成交额 $601,047 ≥ 阈值 $500,000 | 成交量 1,413 手",US.AAPL,2026-05-06 07:59:46
US.AAPL260618P280000,AAPL 260618 280.00P,284.18,728,590786.0,PUT,2026-06-18,280.0,2788,24.353,-0.396954472,0.016232209,-0.095655105,0.378922959,44,100.0,US.AAPL,10.2,10.2,7.14,10.3104,-0.014708987261594787,4173852828080.0,"成交额 $590,786 ≥ 阈值 $500,000 | 成交量 728 手",US.AAPL,2026-05-06 07:59:46
US.AAPL260717P285000,AAPL 260717 285.00P,284.18,442,584725.0,PUT,2026-07-17,285.0,462,23.446,-0.469178529,0.013684037,-0.069580347,0.502481218,73,100.0,US.AAPL,13.69,14.05,11.7,15.2194,0.002885495108733877,4173852828080.0,"成交额 $584,725 ≥ 阈值 $500,000 | 成交量 442 手",US.AAPL,2026-05-06 07:59:46
US.AAPL260618P275000,AAPL 260618 275.00P,284.18,930,568404.0,PUT,2026-06-18,275.0,4775,24.949,-0.320226632,0.014647381,-0.092272157,0.351754336,44,100.0,US.AAPL,7.8,7.83,5.4,7.925,-0.03230346963192345,4173852828080.0,"成交额 $568,404 ≥ 阈值 $500,000 | 成交量 930 手",US.AAPL,2026-05-06 07:59:46
US.AAPL260506C270000,AAPL 260506 270.00C,284.18,449,568054.0,CALL,2026-05-06,270.0,1367,54.086,0.974898722,0.007828472,-0.261438422,0.008123568,1,100.0,US.AAPL,7.2,14.54,6.97,7.2451,0.04989795200225212,4173852828080.0,"成交额 $568,054 ≥ 阈值 $500,000 | 成交量 449 手",US.AAPL,2026-05-06 07:59:46
US.AAPL260717P275000,AAPL 260717 275.00P,284.18,680,563928.0,PUT,2026-07-17,275.0,2403,24.627,-0.341273321,0.011869179,-0.070051389,0.46454918,73,100.0,US.AAPL,9.85,9.85,7.58,10.125,-0.03230346963192345,4173852828080.0,"成交额 $563,928 ≥ 阈值 $500,000 | 成交量 680 手",US.AAPL,2026-05-06 07:59:46
US.AAPL260506P275000,AAPL 260506 275.00P,284.18,14434,556348.0,PUT,2026-05-06,275.0,1872,37.244,-0.034174459,0.014687887,-0.21120677,0.010495073,1,100.0,US.AAPL,1.15,1.23,0.06,1.315,-0.03230346963192345,4173852828080.0,"成交额 $556,348 ≥ 阈值 $500,000 | 成交量 14,434 手",US.AAPL,2026-05-06 07:59:46
US.AAPL260618P285000,AAPL 260618 285.00P,284.18,550,549679.0,PUT,2026-06-18,285.0,1175,24.607,-0.480317345,0.01669023,-0.098320466,0.391274828,44,100.0,US.AAPL,11.45,11.85,9.3,13.1716,0.002885495108733877,4173852828080.0,"成交额 $549,679 ≥ 阈值 $500,000 | 成交量 550 手",US.AAPL,2026-05-06 07:59:46
US.AAPL260515P275000,AAPL 260515 275.00P,284.18,2541,527915.0,PUT,2026-05-15,275.0,4196,26.469,-0.212588561,0.023491418,-0.178317647,0.135530597,10,100.0,US.AAPL,3.63,3.65,1.44,3.775,-0.03230346963192345,4173852828080.0,"成交额 $527,915 ≥ 阈值 $500,000 | 成交量 2,541 手",US.AAPL,2026-05-06 07:59:46
US.AAPL260717C270000,AAPL 260717 270.00C,284.18,253,517395.0,CALL,2026-07-17,270.0,5776,25.859,0.713438288,0.0103665,-0.094850841,0.432120749,73,100.0,US.AAPL,17.0,22.35,17.0,16.8145,0.04989795200225212,4173852828080.0,"成交额 $517,395 ≥ 阈值 $500,000 | 成交量 253 手",US.AAPL,2026-05-06 07:59:46
US.AAPL260511C287500,AAPL 260511 287.50C,284.18,3177,513521.0,CALL,2026-05-11,287.5,514,22.568,0.355224463,0.045796217,-0.277573937,0.13414524,6,100.0,US.AAPL,0.43,2.47,0.43,0.6381,-0.011682736293898209,4173852828080.0,"成交额 $513,521 ≥ 阈值 $500,000 | 成交量 3,177 手",US.AAPL,2026-05-06 07:59:46
US.AMD260508C350000,AMD 260508 350.00C,355.26,15353,25361454.0,CALL,2026-05-08,350.0,5812,123.58,0.576741097,0.010063219,-2.954151212,0.123271185,3,100.0,US.AMD,15.55,21.0,12.55,11.175,0.014806057535326215,579219756084.18,"成交额 $25,361,454 ≥ 阈值 $500,000 | 成交量 15,353 手",US.AMD,2026-05-06 08:00:14
US.AMD260508C360000,AMD 260508 360.00C,355.26,16765,21500915.0,CALL,2026-05-08,360.0,7092,123.931,0.47481605,0.010204112,-3.01009577,0.125351915,3,100.0,US.AMD,11.35,15.8,8.85,7.9,-0.013342340820807323,579219756084.18,"成交额 $21,500,915 ≥ 阈值 $500,000 | 成交量 16,765 手",US.AMD,2026-05-06 08:00:14
US.AMD260508P350000,AMD 260508 350.00P,355.26,12575,17217955.0,PUT,2026-05-08,350.0,4685,123.039,-0.423161975,0.010108549,-2.906882048,0.12326242,3,100.0,US.AMD,12.6,17.55,11.4,19.4872,-0.014806057535326215,579219756084.18,"成交额 $17,217,955 ≥ 阈值 $500,000 | 成交量 12,575 手",US.AMD,2026-05-06 08:00:14
US.AMD260508C355000,AMD 260508 355.00C,355.26,10034,15349136.0,CALL,2026-05-08,355.0,2102,123.679,0.525547801,0.010224289,-3.010787361,0.125344683,3,100.0,US.AMD,13.5,18.2,10.65,9.425,0.0007318583572594464,579219756084.18,"成交额 $15,349,136 ≥ 阈值 $500,000 | 成交量 10,034 手",US.AMD,2026-05-06 08:00:14
US.AMD260618C350000,AMD 260618 350.00C,355.26,4018,13728896.0,CALL,2026-06-18,350.0,11612,65.474,0.57864097,0.00485089,-0.378568024,0.481756521,44,100.0,US.AMD,31.95,38.0,28.8,27.025,0.014806057535326215,579219756084.18,"成交额 $13,728,896 ≥ 阈值 $500,000 | 成交量 4,018 手",US.AMD,2026-05-06 08:00:14
US.AMD260618C400000,AMD 260618 400.00C,355.26,7327,12014853.0,CALL,2026-06-18,400.0,8417,66.255,0.351012859,0.00454401,-0.357014911,0.45664755,44,100.0,US.AMD,14.6,18.6,13.05,11.975,-0.12593593424534147,579219756084.18,"成交额 $12,014,853 ≥ 阈值 $500,000 | 成交量 7,327 手",US.AMD,2026-05-06 08:00:14
US.AMD260821C400000,AMD 260821 400.00C,355.26,3094,10355410.0,CALL,2026-08-21,400.0,7194,65.092,0.449082402,0.003147611,-0.24345542,0.764172996,108,100.0,US.AMD,30.6,37.0,29.75,27.875,-0.12593593424534147,579219756084.18,"成交额 $10,355,410 ≥ 阈值 $500,000 | 成交量 3,094 手",US.AMD,2026-05-06 08:00:14
US.AMD260515C350000,AMD 260515 350.00C,355.26,5133,10323933.0,CALL,2026-05-15,350.0,14119,84.725,0.57290446,0.007926407,-1.027896523,0.229118849,10,100.0,US.AMD,20.0,25.0,16.53,15.0198,0.014806057535326215,579219756084.18,"成交额 $10,323,933 ≥ 阈值 $500,000 | 成交量 5,133 手",US.AMD,2026-05-06 08:00:14
US.AMD260508C352500,AMD 260508 352.50C,355.26,6573,10014258.0,CALL,2026-05-08,352.5,2069,124.19,0.551116584,0.010119294,-3.003667729,0.124569849,3,100.0,US.AMD,14.65,19.5,11.6,10.25,0.0077689579462928305,579219756084.18,"成交额 $10,014,258 ≥ 阈值 $500,000 | 成交量 6,573 手",US.AMD,2026-05-06 08:00:14
US.AMD260508C370000,AMD 260508 370.00C,355.26,10643,9600006.0,CALL,2026-05-08,370.0,6573,125.01,0.378667397,0.009663702,-2.856754781,0.11974704,3,100.0,US.AMD,8.2,11.5,6.19,5.4569,-0.041490739176940857,579219756084.18,"成交额 $9,600,006 ≥ 阈值 $500,000 | 成交量 10,643 手",US.AMD,2026-05-06 08:00:14
US.AMD260508P340000,AMD 260508 340.00P,355.26,10099,9540292.0,PUT,2026-05-08,340.0,9193,122.527,-0.322344331,0.009299304,-2.609300609,0.112929995,3,100.0,US.AMD,9.55,12.25,7.7,13.875,-0.04295445589145975,579219756084.18,"成交额 $9,540,292 ≥ 阈值 $500,000 | 成交量 10,099 手",US.AMD,2026-05-06 08:00:14
US.AMD260522C100000,AMD 260522 100.00C,355.26,372,9507456.0,CALL,2026-05-22,100.0,28,0.0,0.0,0.0,0.0,0.0,17,100.0,US.AMD,255.71,255.71,255.51,241.7536,0.7185160164386646,579219756084.18,"成交额 $9,507,456 ≥ 阈值 $500,000 | 成交量 372 手",US.AMD,2026-05-06 08:00:14
US.AMD260508C400000,AMD 260508 400.00C,355.26,27237,8002807.0,CALL,2026-05-08,400.0,10425,127.015,0.159882903,0.006081478,-1.654905079,0.076565526,3,100.0,US.AMD,2.66,3.95,1.93,1.735,-0.12593593424534147,579219756084.18,"成交额 $8,002,807 ≥ 阈值 $500,000 | 成交量 27,237 手",US.AMD,2026-05-06 08:00:14
US.AMD260515C355000,AMD 260515 355.00C,355.26,4049,7776005.0,CALL,2026-05-15,355.0,869,84.766,0.532666255,0.008030482,-1.04125163,0.232239291,10,100.0,US.AMD,17.61,22.21,14.3,13.0732,0.0007318583572594464,579219756084.18,"成交额 $7,776,005 ≥ 阈值 $500,000 | 成交量 4,049 手",US.AMD,2026-05-06 08:00:14
US.AMD260508P345000,AMD 260508 345.00P,355.26,6062,7187473.0,PUT,2026-05-08,345.0,4991,123.042,-0.372294562,0.009767258,-2.79255636,0.119108176,3,100.0,US.AMD,11.16,14.75,9.3,16.5623,-0.028880256713392984,579219756084.18,"成交额 $7,187,473 ≥ 阈值 $500,000 | 成交量 6,062 手",US.AMD,2026-05-06 08:00:14
US.AMD260508P355000,AMD 260508 355.00P,355.26,4509,7169633.0,PUT,2026-05-08,355.0,670,122.757,-0.474645477,0.010303499,-2.953966496,0.125344999,3,100.0,US.AMD,16.61,20.35,13.65,22.7373,-0.0007318583572594464,579219756084.18,"成交额 $7,169,633 ≥ 阈值 $500,000 | 成交量 4,509 手",US.AMD,2026-05-06 08:00:14
US.AMD260508C365000,AMD 260508 365.00C,355.26,6070,6522099.0,CALL,2026-05-08,365.0,3120,124.809,0.425966806,0.009977199,-2.967463341,0.123433111,3,100.0,US.AMD,9.65,13.5,7.44,6.5845,-0.02741653999887409,579219756084.18,"成交额 $6,522,099 ≥ 阈值 $500,000 | 成交量 6,070 手",US.AMD,2026-05-06 08:00:14
US.AMD260618C190000,AMD 260618 190.00C,355.26,371,6126669.0,CALL,2026-06-18,190.0,1909,88.152,0.986617346,0.000316162,-0.05999574,0.042279027,44,100.0,US.AMD,164.97,168.45,159.3,153.1943,0.4651804312334628,579219756084.18,"成交额 $6,126,669 ≥ 阈值 $500,000 | 成交量 371 手",US.AMD,2026-05-06 08:00:14
US.AMD260508C375000,AMD 260508 375.00C,355.26,7805,5957279.0,CALL,2026-05-08,375.0,2726,124.812,0.333233152,0.009251804,-2.691897969,0.11446075,3,100.0,US.AMD,6.7,9.7,5.17,4.5,-0.05556493835500763,579219756084.18,"成交额 $5,957,279 ≥ 阈值 $500,000 | 成交量 7,805 手",US.AMD,2026-05-06 08:00:14
US.AMD260821C330000,AMD 260821 330.00C,355.26,960,5740227.0,CALL,2026-08-21,330.0,4618,65.442,0.661053308,0.002895655,-0.231913,0.706790604,108,100.0,US.AMD,62.0,66.26,56.96,53.8982,0.07110285424759329,579219756084.18,"成交额 $5,740,227 ≥ 阈值 $500,000 | 成交量 960 手",US.AMD,2026-05-06 08:00:14
US.AMD260508C357500,AMD 260508 357.50C,355.26,3910,5648616.0,CALL,2026-05-08,357.5,908,123.857,0.500086028,0.010230563,-3.019222698,0.125602302,3,100.0,US.AMD,12.56,16.9,9.84,8.625,-0.006305241231773938,579219756084.18,"成交额 $5,648,616 ≥ 阈值 $500,000 | 成交量 3,910 手",US.AMD,2026-05-06 08:00:14
US.AMD260618C360000,AMD 260618 360.00C,355.26,1806,5429039.0,CALL,2026-06-18,360.0,3195,65.306,0.529461672,0.004946492,-0.382531696,0.48999369,44,100.0,US.AMD,27.75,33.01,24.9,23.05,-0.013342340820807323,579219756084.18,"成交额 $5,429,039 ≥ 阈值 $500,000 | 成交量 1,806 手",US.AMD,2026-05-06 08:00:14
US.AMD260508C345000,AMD 260508 345.00C,355.26,2881,5421940.0,CALL,2026-05-08,345.0,2241,123.821,0.627229482,0.009708595,-2.84561135,0.11915919,3,100.0,US.AMD,18.0,23.77,14.8,13.25,0.028880256713392984,579219756084.18,"成交额 $5,421,940 ≥ 阈值 $500,000 | 成交量 2,881 手",US.AMD,2026-05-06 08:00:14
US.AMD260508C390000,AMD 260508 390.00C,355.26,13043,5419684.0,CALL,2026-05-08,390.0,2045,126.188,0.218932813,0.007432023,-2.093782304,0.092959992,3,100.0,US.AMD,3.8,5.7,2.9,2.5512,-0.09778753588920794,579219756084.18,"成交额 $5,419,684 ≥ 阈值 $500,000 | 成交量 13,043 手",US.AMD,2026-05-06 08:00:14
US.AMD260918C400000,AMD 260918 400.00C,355.26,1349,5226916.0,CALL,2026-09-18,400.0,2297,64.332,0.471482736,0.002853706,-0.217157672,0.862482947,136,100.0,US.AMD,38.0,42.79,35.24,33.2797,-0.12593593424534147,579219756084.18,"成交额 $5,226,916 ≥ 阈值 $500,000 | 成交量 1,349 手",US.AMD,2026-05-06 08:00:14
US.AMD260508C380000,AMD 260508 380.00C,355.26,8141,5181141.0,CALL,2026-05-08,380.0,6796,125.449,0.292055143,0.0086954,-2.516959891,0.108125457,3,100.0,US.AMD,5.65,8.13,4.2,3.75,-0.0696391375330744,579219756084.18,"成交额 $5,181,141 ≥ 阈值 $500,000 | 成交量 8,141 手",US.AMD,2026-05-06 08:00:14
US.AMD260618C300000,AMD 260618 300.00C,355.26,806,5125819.0,CALL,2026-06-18,300.0,7852,66.457,0.807289268,0.003344368,-0.278029731,0.337107861,44,100.0,US.AMD,62.65,69.17,58.0,54.983,0.1555480493159939,579219756084.18,"成交额 $5,125,819 ≥ 阈值 $500,000 | 成交量 806 手",US.AMD,2026-05-06 08:00:14
US.AMD260605C105000,AMD 260605 105.00C,355.26,200,4965350.0,CALL,2026-06-05,105.0,7,166.358,0.997177925,5.0379e-05,-0.033373679,0.00894629,31,100.0,US.AMD,246.21,249.84,245.91,237.5111,0.7044418172605978,579219756084.18,"成交额 $4,965,350 ≥ 阈值 $500,000 | 成交量 200 手",US.AMD,2026-05-06 08:00:14
US.AMD260515C360000,AMD 260515 360.00C,355.26,2941,4895518.0,CALL,2026-05-15,360.0,3205,85.017,0.492853451,0.008032437,-1.046101662,0.232983383,10,100.0,US.AMD,15.2,19.9,12.5,11.3232,-0.013342340820807323,579219756084.18,"成交额 $4,895,518 ≥ 阈值 $500,000 | 成交量 2,941 手",US.AMD,2026-05-06 08:00:14
US.AMD260515P340000,AMD 260515 340.00P,355.26,3756,4880450.0,PUT,2026-05-15,340.0,5927,84.752,-0.347762467,0.007468129,-0.936651954,0.215822911,10,100.0,US.AMD,12.88,15.8,11.35,17.4531,-0.04295445589145975,579219756084.18,"成交额 $4,880,450 ≥ 阈值 $500,000 | 成交量 3,756 手",US.AMD,2026-05-06 08:00:14
US.AMD260515C370000,AMD 260515 370.00C,355.26,3606,4859947.0,CALL,2026-05-15,370.0,3453,84.74,0.414850131,0.007875727,-1.01489558,0.227691496,10,100.0,US.AMD,12.0,15.6,9.5,8.4083,-0.041490739176940857,579219756084.18,"成交额 $4,859,947 ≥ 阈值 $500,000 | 成交量 3,606 手",US.AMD,2026-05-06 08:00:14
US.AMD260508P320000,AMD 260508 320.00P,355.26,13120,4845955.0,PUT,2026-05-08,320.0,3635,123.8,-0.156215734,0.006145298,-1.61637568,0.075407451,3,100.0,US.AMD,3.77,5.35,3.0,6.05,-0.09925125260372683,579219756084.18,"成交额 $4,845,955 ≥ 阈值 $500,000 | 成交量 13,120 手",US.AMD,2026-05-06 08:00:14
US.AMD260605C125000,AMD 260605 125.00C,355.26,210,4814130.0,CALL,2026-06-05,125.0,2,0.0,0.0,0.0,0.0,0.0,31,100.0,US.AMD,227.8,231.17,227.8,217.5883,0.6481450205483308,579219756084.18,"成交额 $4,814,130 ≥ 阈值 $500,000 | 成交量 210 手",US.AMD,2026-05-06 08:00:14
US.AMD260515C400000,AMD 260515 400.00C,355.26,7933,4697441.0,CALL,2026-05-15,400.0,7111,86.33,0.224287348,0.005936965,-0.777790877,0.174856748,10,100.0,US.AMD,5.0,7.0,3.74,3.427,-0.12593593424534147,579219756084.18,"成交额 $4,697,441 ≥ 阈值 $500,000 | 成交量 7,933 手",US.AMD,2026-05-06 08:00:14
US.AMD260508P352500,AMD 260508 352.50P,355.26,2951,4533966.0,PUT,2026-05-08,352.5,645,122.857,-0.448854825,0.010230854,-2.937132955,0.124565497,3,100.0,US.AMD,15.4,18.3,12.5,21.0622,-0.0077689579462928305,579219756084.18,"成交额 $4,533,966 ≥ 阈值 $500,000 | 成交量 2,951 手",US.AMD,2026-05-06 08:00:14
US.AMD260508P347500,AMD 260508 347.50P,355.26,3330,4517562.0,PUT,2026-05-08,347.5,1129,122.279,-0.397238921,0.010018288,-2.838434749,0.121409342,3,100.0,US.AMD,12.05,16.15,10.43,17.9622,-0.021843157124359597,579219756084.18,"成交额 $4,517,562 ≥ 阈值 $500,000 | 成交量 3,330 手",US.AMD,2026-05-06 08:00:14
US.AMD260918C500000,AMD 260918 500.00C,355.26,2439,4325910.0,CALL,2026-09-18,500.0,1674,64.783,0.263412227,0.002325503,-0.176270839,0.707729076,136,100.0,US.AMD,16.74,19.74,15.9,14.9,-0.40741991780667686,579219756084.18,"成交额 $4,325,910 ≥ 阈值 $500,000 | 成交量 2,439 手",US.AMD,2026-05-06 08:00:14
US.AMD260508P330000,AMD 260508 330.00P,355.26,7420,4318583.0,PUT,2026-05-08,330.0,5258,122.814,-0.231282496,0.007877808,-2.146453301,0.095895141,3,100.0,US.AMD,6.15,8.2,4.92,9.425,-0.07110285424759329,579219756084.18,"成交额 $4,318,583 ≥ 阈值 $500,000 | 成交量 7,420 手",US.AMD,2026-05-06 08:00:14
US.AMD260717C320000,AMD 260717 320.00C,355.26,683,4023353.0,CALL,2026-07-17,320.0,1765,62.857,0.70484939,0.003458932,-0.256024421,0.547797801,73,100.0,US.AMD,54.0,62.2,51.99,49.1988,0.09925125260372683,579219756084.18,"成交额 $4,023,353 ≥ 阈值 $500,000 | 成交量 683 手",US.AMD,2026-05-06 08:00:14
US.AMD260529C155000,AMD 260529 155.00C,355.26,200,3962600.0,CALL,2026-05-29,155.0,26,107.689,0.999206504,2.7825e-05,-0.020464423,0.002474892,24,100.0,US.AMD,195.98,199.78,195.68,187.273,0.5636998254799301,579219756084.18,"成交额 $3,962,600 ≥ 阈值 $500,000 | 成交量 200 手",US.AMD,2026-05-06 08:00:14
US.AMD260508C340000,AMD 260508 340.00C,355.26,1770,3915493.0,CALL,2026-05-08,340.0,2337,124.022,0.676164245,0.009203852,-2.680966751,0.113147413,3,100.0,US.AMD,21.3,27.24,17.55,15.5624,0.04295445589145975,579219756084.18,"成交额 $3,915,493 ≥ 阈值 $500,000 | 成交量 1,770 手",US.AMD,2026-05-06 08:00:14
US.AMD260717C380000,AMD 260717 380.00C,355.26,1263,3769789.0,CALL,2026-07-17,380.0,1040,62.771,0.470514285,0.003992956,-0.286474212,0.631514199,73,100.0,US.AMD,27.88,33.3,26.0,24.025,-0.0696391375330744,579219756084.18,"成交额 $3,769,789 ≥ 阈值 $500,000 | 成交量 1,263 手",US.AMD,2026-05-06 08:00:14
US.AMD260515P345000,AMD 260515 345.00P,355.26,2306,3702664.0,PUT,2026-05-15,345.0,1001,83.956,-0.386692913,0.007809318,-0.9613305,0.223536555,10,100.0,US.AMD,16.52,18.2,13.25,20.188,-0.028880256713392984,579219756084.18,"成交额 $3,702,664 ≥ 阈值 $500,000 | 成交量 2,306 手",US.AMD,2026-05-06 08:00:14
US.AMD260605C260000,AMD 260605 260.00C,355.26,375,3687182.0,CALL,2026-06-05,260.0,70,75.068,0.939811082,0.001539786,-0.172208006,0.123362698,31,100.0,US.AMD,94.0,101.27,94.0,85.6021,0.26814164274052804,579219756084.18,"成交额 $3,687,182 ≥ 阈值 $500,000 | 成交量 375 手",US.AMD,2026-05-06 08:00:14
US.AMD260918C360000,AMD 260918 360.00C,355.26,669,3666762.0,CALL,2026-09-18,360.0,2154,64.113,0.577781536,0.002816082,-0.215444769,0.848213068,136,100.0,US.AMD,50.0,57.53,49.65,46.3247,-0.013342340820807323,579219756084.18,"成交额 $3,666,762 ≥ 阈值 $500,000 | 成交量 669 手",US.AMD,2026-05-06 08:00:14
US.AMD260821C280000,AMD 260821 280.00C,355.26,400,3651510.0,CALL,2026-08-21,280.0,1394,65.644,0.809369098,0.002144851,-0.179255177,0.525122383,108,100.0,US.AMD,90.5,96.34,89.55,82.6948,0.21184484602826098,579219756084.18,"成交额 $3,651,510 ≥ 阈值 $500,000 | 成交量 400 手",US.AMD,2026-05-06 08:00:14
US.AMD260508P335000,AMD 260508 335.00P,355.26,4754,3637705.0,PUT,2026-05-08,335.0,1606,122.624,-0.275182551,0.008646238,-2.394254552,0.105084658,3,100.0,US.AMD,7.5,10.1,6.2,11.5,-0.05702865506952652,579219756084.18,"成交额 $3,637,705 ≥ 阈值 $500,000 | 成交量 4,754 手",US.AMD,2026-05-06 08:00:14
US.AMD260821C450000,AMD 260821 450.00C,355.26,1580,3561403.0,CALL,2026-08-21,450.0,4339,65.24,0.323125193,0.002849718,-0.219184135,0.693410531,108,100.0,US.AMD,20.0,23.7,18.97,17.375,-0.26667792602600915,579219756084.18,"成交额 $3,561,403 ≥ 阈值 $500,000 | 成交量 1,580 手",US.AMD,2026-05-06 08:00:14
US.AMD260717C350000,AMD 260717 350.00C,355.26,835,3550705.0,CALL,2026-07-17,350.0,4231,63.135,0.586908326,0.003886006,-0.285167443,0.618161573,73,100.0,US.AMD,40.8,46.0,36.9,34.825,0.014806057535326215,579219756084.18,"成交额 $3,550,705 ≥ 阈值 $500,000 | 成交量 835 手",US.AMD,2026-05-06 08:00:14
US.AMD260515C340000,AMD 260515 340.00C,355.26,1305,3440288.0,CALL,2026-05-15,340.0,3515,83.65,0.653624097,0.007551853,-0.9559817,0.215521249,10,100.0,US.AMD,25.9,31.0,21.3,19.3652,0.04295445589145975,579219756084.18,"成交额 $3,440,288 ≥ 阈值 $500,000 | 成交量 1,305 手",US.AMD,2026-05-06 08:00:14
US.AMD260605C215000,AMD 260605 215.00C,355.26,251,3434754.0,CALL,2026-06-05,215.0,13,82.142,0.987281836,0.000387061,-0.064736815,0.033939475,31,100.0,US.AMD,133.85,140.72,132.17,128.5049,0.39480943534312896,579219756084.18,"成交额 $3,434,754 ≥ 阈值 $500,000 | 成交量 251 手",US.AMD,2026-05-06 08:00:14
US.AMD260508P357500,AMD 260508 357.50P,355.26,2103,3382956.0,PUT,2026-05-08,357.5,180,123.34,-0.50016073,0.01027589,-2.971890703,0.125598355,3,100.0,US.AMD,20.2,22.0,14.9,24.4375,0.006305241231773938,579219756084.18,"成交额 $3,382,956 ≥ 阈值 $500,000 | 成交量 2,103 手",US.AMD,2026-05-06 08:00:14
US.AMD260508C347500,AMD 260508 347.50C,355.26,1858,3117893.0,CALL,2026-05-08,347.5,1004,125.097,0.601492858,0.009799617,-2.941294506,0.121515294,3,100.0,US.AMD,18.31,22.4,13.55,12.15,0.021843157124359597,579219756084.18,"成交额 $3,117,893 ≥ 阈值 $500,000 | 成交量 1,858 手",US.AMD,2026-05-06 08:00:14
US.AMD260618C370000,AMD 260618 370.00C,355.26,1276,3109317.0,CALL,2026-06-18,370.0,2679,65.435,0.481429757,0.00494493,-0.382497044,0.490800324,44,100.0,US.AMD,24.8,28.54,21.4,19.65,-0.041490739176940857,579219756084.18,"成交额 $3,109,317 ≥ 阈值 $500,000 | 成交量 1,276 手",US.AMD,2026-05-06 08:00:14
US.AMD260618C310000,AMD 260618 310.00C,355.26,532,3085926.0,CALL,2026-06-18,310.0,3400,65.156,0.769001843,0.003793146,-0.300810607,0.374861815,44,100.0,US.AMD,52.31,60.77,51.25,48.2401,0.12739965095986036,579219756084.18,"成交额 $3,085,926 ≥ 阈值 $500,000 | 成交量 532 手",US.AMD,2026-05-06 08:00:14
US.AMD260515P357500,AMD 260515 357.50P,355.26,1436,3060616.0,PUT,2026-05-15,357.5,141,84.089,-0.487998433,0.008126657,-1.001085019,0.23288298,10,100.0,US.AMD,21.7,23.1,18.9,27.7227,0.006305241231773938,579219756084.18,"成交额 $3,060,616 ≥ 阈值 $500,000 | 成交量 1,436 手",US.AMD,2026-05-06 08:00:14
US.AMD260515C380000,AMD 260515 380.00C,355.26,2949,3030089.0,CALL,2026-05-15,380.0,4546,85.023,0.342858056,0.007401582,-0.954814717,0.21469804,10,100.0,US.AMD,8.65,12.0,7.15,6.2975,-0.0696391375330744,579219756084.18,"成交额 $3,030,089 ≥ 阈值 $500,000 | 成交量 2,949 手",US.AMD,2026-05-06 08:00:14
US.AMD260717C360000,AMD 260717 360.00C,355.26,786,2952961.0,CALL,2026-07-17,360.0,2262,62.966,0.547481233,0.003963214,-0.288106255,0.628757859,73,100.0,US.AMD,36.0,41.17,32.1,30.8,-0.013342340820807323,579219756084.18,"成交额 $2,952,961 ≥ 阈值 $500,000 | 成交量 786 手",US.AMD,2026-05-06 08:00:14
US.AMD260515P350000,AMD 260515 350.00P,355.26,1690,2934197.0,PUT,2026-05-15,350.0,1032,83.941,-0.427143171,0.0080063,-0.984803825,0.22909909,10,100.0,US.AMD,17.55,20.7,15.3,23.1049,-0.014806057535326215,579219756084.18,"成交额 $2,934,197 ≥ 阈值 $500,000 | 成交量 1,690 手",US.AMD,2026-05-06 08:00:14
US.AMD260508C362500,AMD 260508 362.50C,355.26,2344,2905895.0,CALL,2026-05-08,362.5,2064,124.108,0.449928904,0.010129325,-2.989023923,0.124611597,3,100.0,US.AMD,10.5,14.45,8.1,7.2,-0.020379440409840705,579219756084.18,"成交额 $2,905,895 ≥ 阈值 $500,000 | 成交量 2,344 手",US.AMD,2026-05-06 08:00:14
US.AMD260717C340000,AMD 260717 340.00C,355.26,611,2903341.0,CALL,2026-07-17,340.0,3399,62.105,0.626676841,0.003841074,-0.274426954,0.601046778,73,100.0,US.AMD,43.0,51.0,41.65,38.9846,0.04295445589145975,579219756084.18,"成交额 $2,903,341 ≥ 阈值 $500,000 | 成交量 611 手",US.AMD,2026-05-06 08:00:14
US.AMD260508P360000,AMD 260508 360.00P,355.26,1587,2873220.0,PUT,2026-05-08,360.0,610,122.818,-0.52587657,0.010298196,-2.94782683,0.125333526,3,100.0,US.AMD,18.25,23.78,16.2,26.2127,0.013342340820807323,579219756084.18,"成交额 $2,873,220 ≥ 阈值 $500,000 | 成交量 1,587 手",US.AMD,2026-05-06 08:00:14
US.AMD260508C300000,AMD 260508 300.00C,355.26,490,2675472.0,CALL,2026-05-08,300.0,1433,137.268,0.926881592,0.003212463,-0.957473724,0.043709531,3,100.0,US.AMD,53.45,60.0,48.95,43.828,0.1555480493159939,579219756084.18,"成交额 $2,675,472 ≥ 阈值 $500,000 | 成交量 490 手",US.AMD,2026-05-06 08:00:14
US.AMD260618C390000,AMD 260618 390.00C,355.26,1378,2663911.0,CALL,2026-06-18,390.0,4976,65.885,0.391592675,0.004733784,-0.368848021,0.473072397,44,100.0,US.AMD,16.68,21.49,15.55,14.15,-0.09778753588920794,579219756084.18,"成交额 $2,663,911 ≥ 阈值 $500,000 | 成交量 1,378 手",US.AMD,2026-05-06 08:00:14
US.AMD260717P330000,AMD 260717 330.00P,355.26,1002,2598183.0,PUT,2026-07-17,330.0,577,61.748,-0.334262412,0.003728109,-0.232977576,0.577488167,73,100.0,US.AMD,27.2,27.5,25.05,29.95,-0.07110285424759329,579219756084.18,"成交额 $2,598,183 ≥ 阈值 $500,000 | 成交量 1,002 手",US.AMD,2026-05-06 08:00:14
US.AMD260508C385000,AMD 260508 385.00C,355.26,4624,2581708.0,CALL,2026-05-08,385.0,2200,125.776,0.253681015,0.008086972,-2.310599455,0.100821863,3,100.0,US.AMD,4.65,6.85,3.5,3.0774,-0.08371333671114116,579219756084.18,"成交额 $2,581,708 ≥ 阈值 $500,000 | 成交量 4,624 手",US.AMD,2026-05-06 08:00:14
US.AMD260717C330000,AMD 260717 330.00C,355.26,483,2566281.0,CALL,2026-07-17,330.0,1611,62.225,0.666529937,0.003681799,-0.265557563,0.577235678,73,100.0,US.AMD,52.0,56.5,48.0,43.9441,0.07110285424759329,579219756084.18,"成交额 $2,566,281 ≥ 阈值 $500,000 | 成交量 483 手",US.AMD,2026-05-06 08:00:14
US.AMD260522P350000,AMD 260522 350.00P,355.26,1156,2421674.0,PUT,2026-05-22,350.0,201,76.0,-0.427679065,0.006768909,-0.669576451,0.299589258,17,100.0,US.AMD,22.05,24.0,18.8,25.9075,-0.014806057535326215,579219756084.18,"成交额 $2,421,674 ≥ 阈值 $500,000 | 成交量 1,156 手",US.AMD,2026-05-06 08:00:14
US.AMD261016P300000,AMD 261016 300.00P,355.26,816,2418897.0,PUT,2026-10-16,300.0,861,63.168,-0.259854218,0.002169388,-0.138708714,0.771588476,164,100.0,US.AMD,29.7,31.0,29.0,32.2982,-0.1555480493159939,579219756084.18,"成交额 $2,418,897 ≥ 阈值 $500,000 | 成交量 816 手",US.AMD,2026-05-06 08:00:14
US.AMD260618C380000,AMD 260618 380.00C,355.26,1101,2413593.0,CALL,2026-06-18,380.0,4181,65.502,0.434972826,0.004879408,-0.376956012,0.484788337,44,100.0,US.AMD,20.4,25.0,18.15,16.7,-0.0696391375330744,579219756084.18,"成交额 $2,413,593 ≥ 阈值 $500,000 | 成交量 1,101 手",US.AMD,2026-05-06 08:00:14
US.AMD260515C345000,AMD 260515 345.00C,355.26,1063,2401454.0,CALL,2026-05-15,345.0,1122,84.106,0.613387065,0.007790499,-0.996438473,0.223543784,10,100.0,US.AMD,23.0,27.44,18.65,17.1018,0.028880256713392984,579219756084.18,"成交额 $2,401,454 ≥ 阈值 $500,000 | 成交量 1,063 手",US.AMD,2026-05-06 08:00:14
US.AMD260529C335000,AMD 260529 335.00C,355.26,656,2375297.0,CALL,2026-05-29,335.0,200,69.393,0.667493946,0.005762097,-0.504351985,0.329979556,24,100.0,US.AMD,29.85,39.0,29.85,27.5345,0.05702865506952652,579219756084.18,"成交额 $2,375,297 ≥ 阈值 $500,000 | 成交量 656 手",US.AMD,2026-05-06 08:00:14
US.AMD260618P340000,AMD 260618 340.00P,355.26,997,2314165.0,PUT,2026-06-18,340.0,2262,65.089,-0.372791099,0.004734371,-0.33382955,0.465955861,44,100.0,US.AMD,24.53,26.4,22.4,28.225,-0.04295445589145975,579219756084.18,"成交额 $2,314,165 ≥ 阈值 $500,000 | 成交量 997 手",US.AMD,2026-05-06 08:00:14
US.AMD260618C450000,AMD 260618 450.00C,355.26,3065,2313672.0,CALL,2026-06-18,450.0,14060,67.442,0.190638892,0.003273799,-0.263327684,0.334876516,44,100.0,US.AMD,6.5,8.45,5.6,5.15,-0.26667792602600915,579219756084.18,"成交额 $2,313,672 ≥ 阈值 $500,000 | 成交量 3,065 手",US.AMD,2026-05-06 08:00:14
US.AMD260618P350000,AMD 260618 350.00P,355.26,732,2109299.0,PUT,2026-06-18,350.0,1319,64.893,-0.422496088,0.004914765,-0.342767202,0.481795173,44,100.0,US.AMD,28.3,32.0,27.0,33.8413,-0.014806057535326215,579219756084.18,"成交额 $2,109,299 ≥ 阈值 $500,000 | 成交量 732 手",US.AMD,2026-05-06 08:00:14
US.AMD260515C330000,AMD 260515 330.00C,355.26,680,2082026.0,CALL,2026-05-15,330.0,3243,83.688,0.729720062,0.006767601,-0.85744232,0.193225428,10,100.0,US.AMD,31.35,37.54,27.58,24.7164,0.07110285424759329,579219756084.18,"成交额 $2,082,026 ≥ 阈值 $500,000 | 成交量 680 手",US.AMD,2026-05-06 08:00:14
US.AMD260508P300000,AMD 260508 300.00P,355.26,15730,2045501.0,PUT,2026-05-08,300.0,8194,127.156,-0.059482801,0.002955442,-0.707594405,0.037250052,3,100.0,US.AMD,1.2,1.93,1.05,2.15,-0.1555480493159939,579219756084.18,"成交额 $2,045,501 ≥ 阈值 $500,000 | 成交量 15,730 手",US.AMD,2026-05-06 08:00:14
US.AMD260508P325000,AMD 260508 325.00P,355.26,4076,1942513.0,PUT,2026-05-08,325.0,2814,123.304,-0.191640313,0.00702742,-1.885284255,0.085885638,3,100.0,US.AMD,4.85,6.65,3.9,7.6,-0.08517705342566005,579219756084.18,"成交额 $1,942,513 ≥ 阈值 $500,000 | 成交量 4,076 手",US.AMD,2026-05-06 08:00:14
US.AMD260717C270000,AMD 260717 270.00C,355.26,200,1924176.0,CALL,2026-07-17,270.0,1671,64.892,0.867883762,0.002076781,-0.172494832,0.339529714,73,100.0,US.AMD,89.0,98.13,88.48,82.6674,0.2399932443843945,579219756084.18,"成交额 $1,924,176 ≥ 阈值 $500,000 | 成交量 200 手",US.AMD,2026-05-06 08:00:14
US.AMD260508C342500,AMD 260508 342.50C,355.26,912,1883067.0,CALL,2026-05-08,342.5,2678,124.085,0.651806758,0.009463184,-2.773841795,0.116394817,3,100.0,US.AMD,19.85,25.17,16.45,14.375,0.035917356302426366,579219756084.18,"成交额 $1,883,067 ≥ 阈值 $500,000 | 成交量 912 手",US.AMD,2026-05-06 08:00:14
US.AMD260618C280000,AMD 260618 280.00C,355.26,231,1811915.0,CALL,2026-06-18,280.0,4963,70.004,0.868695644,0.002470635,-0.23187805,0.262323747,44,100.0,US.AMD,76.2,85.71,74.0,70.061,0.21184484602826098,579219756084.18,"成交额 $1,811,915 ≥ 阈值 $500,000 | 成交量 231 手",US.AMD,2026-05-06 08:00:14
US.AMD260515C375000,AMD 260515 375.00C,355.26,1573,1805901.0,CALL,2026-05-15,375.0,2830,85.264,0.378792945,0.007637796,-0.993844888,0.222179481,10,100.0,US.AMD,10.72,13.71,8.4,7.3284,-0.05556493835500763,579219756084.18,"成交额 $1,805,901 ≥ 阈值 $500,000 | 成交量 1,573 手",US.AMD,2026-05-06 08:00:14
US.AMD260618P320000,AMD 260618 320.00P,355.26,1148,1801366.0,PUT,2026-06-18,320.0,1344,65.482,-0.277092802,0.004159446,-0.299017507,0.412368995,44,100.0,US.AMD,15.56,17.85,14.9,18.95,-0.09925125260372683,579219756084.18,"成交额 $1,801,366 ≥ 阈值 $500,000 | 成交量 1,148 手",US.AMD,2026-05-06 08:00:14
US.AMD260618P360000,AMD 260618 360.00P,355.26,522,1775232.0,PUT,2026-06-18,360.0,559,65.409,-0.471694256,0.004962758,-0.349755664,0.489796407,44,100.0,US.AMD,34.82,36.8,32.45,39.8537,0.013342340820807323,579219756084.18,"成交额 $1,775,232 ≥ 阈值 $500,000 | 成交量 522 手",US.AMD,2026-05-06 08:00:14
US.AMD260618C340000,AMD 260618 340.00C,355.26,450,1762558.0,CALL,2026-06-18,340.0,3436,65.652,0.627734103,0.004678795,-0.36879683,0.465926377,44,100.0,US.AMD,38.5,43.05,34.03,31.3911,0.04295445589145975,579219756084.18,"成交额 $1,762,558 ≥ 阈值 $500,000 | 成交量 450 手",US.AMD,2026-05-06 08:00:14
US.AMD260508C382500,AMD 260508 382.50C,355.26,2813,1744317.0,CALL,2026-05-08,382.5,3995,125.345,0.271936155,0.008408438,-2.408103464,0.104470404,3,100.0,US.AMD,5.08,7.45,3.8,3.4,-0.07667623712210778,579219756084.18,"成交额 $1,744,317 ≥ 阈值 $500,000 | 成交量 2,813 手",US.AMD,2026-05-06 08:00:14
US.AMD260508C330000,AMD 260508 330.00C,355.26,579,1710667.0,CALL,2026-05-08,330.0,1100,123.56,0.767587903,0.007851133,-2.199354485,0.096156913,3,100.0,US.AMD,30.0,34.6,23.75,21.111,0.07110285424759329,579219756084.18,"成交额 $1,710,667 ≥ 阈值 $500,000 | 成交量 579 手",US.AMD,2026-05-06 08:00:14
US.AMD261120C400000,AMD 261120 400.00C,355.26,330,1700309.0,CALL,2026-11-20,400.0,1096,63.592,0.509640435,0.002391397,-0.180198706,1.045938692,199,100.0,US.AMD,48.74,54.65,47.79,44.55,-0.12593593424534147,579219756084.18,"成交额 $1,700,309 ≥ 阈值 $500,000 | 成交量 330 手",US.AMD,2026-05-06 08:00:14
US.AMD260618C320000,AMD 260618 320.00C,355.26,322,1672883.0,CALL,2026-06-18,320.0,35742,64.831,0.72469936,0.004181202,-0.325703628,0.41115818,44,100.0,US.AMD,49.1,55.1,45.8,42.0692,0.09925125260372683,579219756084.18,"成交额 $1,672,883 ≥ 阈值 $500,000 | 成交量 322 手",US.AMD,2026-05-06 08:00:14
US.AMD260821C350000,AMD 260821 350.00C,355.26,321,1655432.0,CALL,2026-08-21,350.0,754,65.181,0.598522328,0.003072028,-0.241977077,0.74684877,108,100.0,US.AMD,50.38,56.5,47.0,44.925,0.014806057535326215,579219756084.18,"成交额 $1,655,432 ≥ 阈值 $500,000 | 成交量 321 手",US.AMD,2026-05-06 08:00:14
US.AMD260717C400000,AMD 260717 400.00C,355.26,685,1629221.0,CALL,2026-07-17,400.0,2564,63.111,0.399761329,0.003855955,-0.277981481,0.613140818,73,100.0,US.AMD,21.55,26.35,20.0,18.775,-0.12593593424534147,579219756084.18,"成交额 $1,629,221 ≥ 阈值 $500,000 | 成交量 685 手",US.AMD,2026-05-06 08:00:14
US.AMD260515C357500,AMD 260515 357.50C,355.26,859,1608170.0,CALL,2026-05-15,357.5,518,84.623,0.51254009,0.008067185,-1.041784829,0.232905745,10,100.0,US.AMD,16.15,21.14,13.6,12.1384,-0.006305241231773938,579219756084.18,"成交额 $1,608,170 ≥ 阈值 $500,000 | 成交量 859 手",US.AMD,2026-05-06 08:00:14
US.AMD260618P300000,AMD 260618 300.00P,355.26,1612,1605318.0,PUT,2026-06-18,300.0,4626,66.362,-0.192819967,0.003353318,-0.248725023,0.337172281,44,100.0,US.AMD,9.65,11.15,8.9,11.925,-0.1555480493159939,579219756084.18,"成交额 $1,605,318 ≥ 阈值 $500,000 | 成交量 1,612 手",US.AMD,2026-05-06 08:00:14
US.AMD260717C300000,AMD 260717 300.00C,355.26,229,1593073.0,CALL,2026-07-17,300.0,2239,63.236,0.77794738,0.002965537,-0.225816056,0.472479003,73,100.0,US.AMD,67.31,75.29,64.1,61.2712,0.1555480493159939,579219756084.18,"成交额 $1,593,073 ≥ 阈值 $500,000 | 成交量 229 手",US.AMD,2026-05-06 08:00:14
US.AMD260508C372500,AMD 260508 372.50C,355.26,1857,1574073.0,CALL,2026-05-08,372.5,1187,124.717,0.355356838,0.009484721,-2.773971384,0.11725284,3,100.0,US.AMD,7.55,10.35,5.7,4.975,-0.048527838765974246,579219756084.18,"成交额 $1,574,073 ≥ 阈值 $500,000 | 成交量 1,857 手",US.AMD,2026-05-06 08:00:14
US.AMD260821P300000,AMD 260821 300.00P,355.26,681,1565146.0,PUT,2026-08-21,300.0,574,65.298,-0.248124646,0.002518284,-0.17577908,0.611072553,108,100.0,US.AMD,22.25,23.7,21.7,25.1972,-0.1555480493159939,579219756084.18,"成交额 $1,565,146 ≥ 阈值 $500,000 | 成交量 681 手",US.AMD,2026-05-06 08:00:14
US.AMD260515C300000,AMD 260515 300.00C,355.26,273,1550850.0,CALL,2026-05-15,300.0,8494,86.965,0.896306244,0.00354739,-0.484563588,0.105245229,10,100.0,US.AMD,56.17,62.0,49.53,46.0923,0.1555480493159939,579219756084.18,"成交额 $1,550,850 ≥ 阈值 $500,000 | 成交量 273 手",US.AMD,2026-05-06 08:00:14
US.AMD260618P330000,AMD 260618 330.00P,355.26,771,1537642.0,PUT,2026-06-18,330.0,1356,65.323,-0.324101663,0.004477971,-0.319314502,0.442622613,44,100.0,US.AMD,20.14,22.0,18.35,23.25,-0.07110285424759329,579219756084.18,"成交额 $1,537,642 ≥ 阈值 $500,000 | 成交量 771 手",US.AMD,2026-05-06 08:00:14
US.AMD261016P340000,AMD 261016 340.00P,355.26,308,1513748.0,PUT,2026-10-16,340.0,109,63.036,-0.364854683,0.002531884,-0.157665729,0.893769903,164,100.0,US.AMD,48.7,50.75,47.06,51.6999,-0.04295445589145975,579219756084.18,"成交额 $1,513,748 ≥ 阈值 $500,000 | 成交量 308 手",US.AMD,2026-05-06 08:00:14
US.AMD260918C350000,AMD 260918 350.00C,355.26,259,1503524.0,CALL,2026-09-18,350.0,2901,63.952,0.605623758,0.002776586,-0.212209163,0.83421329,136,100.0,US.AMD,56.25,62.0,52.63,50.5338,0.014806057535326215,579219756084.18,"成交额 $1,503,524 ≥ 阈值 $500,000 | 成交量 259 手",US.AMD,2026-05-06 08:00:14
US.AMD260508C335000,AMD 260508 335.00C,355.26,558,1501066.0,CALL,2026-05-08,335.0,899,123.53,0.72364764,0.008600131,-2.451255386,0.10530544,3,100.0,US.AMD,25.0,30.52,20.65,18.1868,0.05702865506952652,579219756084.18,"成交额 $1,501,066 ≥ 阈值 $500,000 | 成交量 558 手",US.AMD,2026-05-06 08:00:14
US.AMD260515P330000,AMD 260515 330.00P,355.26,1640,1497920.0,PUT,2026-05-15,330.0,1220,84.615,-0.272110999,0.00671806,-0.837341626,0.19386558,10,100.0,US.AMD,9.15,11.5,8.13,12.809,-0.07110285424759329,579219756084.18,"成交额 $1,497,920 ≥ 阈值 $500,000 | 成交量 1,640 手",US.AMD,2026-05-06 08:00:14
US.AMD260821C360000,AMD 260821 360.00C,355.26,308,1495523.0,CALL,2026-08-21,360.0,776,65.381,0.567726695,0.003113792,-0.245797957,0.75933581,108,100.0,US.AMD,44.18,52.1,43.5,40.85,-0.013342340820807323,579219756084.18,"成交额 $1,495,523 ≥ 阈值 $500,000 | 成交量 308 手",US.AMD,2026-05-06 08:00:14
US.AMD260508P337500,AMD 260508 337.50P,355.26,1760,1450401.0,PUT,2026-05-08,337.5,937,123.43,-0.299426912,0.00894012,-2.529311439,0.109369836,3,100.0,US.AMD,8.45,11.0,7.0,12.625,-0.04999155548049314,579219756084.18,"成交额 $1,450,401 ≥ 阈值 $500,000 | 成交量 1,760 手",US.AMD,2026-05-06 08:00:14
US.AMD260508P342500,AMD 260508 342.50P,355.26,1348,1425901.0,PUT,2026-05-08,342.5,1353,122.637,-0.347003837,0.009563867,-2.703843176,0.116246027,3,100.0,US.AMD,10.59,13.53,8.4,15.1874,-0.035917356302426366,579219756084.18,"成交额 $1,425,901 ≥ 阈值 $500,000 | 成交量 1,348 手",US.AMD,2026-05-06 08:00:14
US.AMD261016P290000,AMD 261016 290.00P,355.26,549,1424315.0,PUT,2026-10-16,290.0,682,63.36,-0.234712414,0.002046449,-0.132272059,0.730785292,164,100.0,US.AMD,26.1,26.75,25.45,28.1,-0.18369644767212742,579219756084.18,"成交额 $1,424,315 ≥ 阈值 $500,000 | 成交量 549 手",US.AMD,2026-05-06 08:00:14
US.AMD260515P300000,AMD 260515 300.00P,355.26,4774,1393041.0,PUT,2026-05-15,300.0,5313,87.837,-0.105748921,0.003562614,-0.466468782,0.106748707,10,100.0,US.AMD,3.0,3.65,2.58,4.2071,-0.1555480493159939,579219756084.18,"成交额 $1,393,041 ≥ 阈值 $500,000 | 成交量 4,774 手",US.AMD,2026-05-06 08:00:14
US.AMD260529P355000,AMD 260529 355.00P,355.26,567,1380133.0,PUT,2026-05-29,355.0,88,70.196,-0.458008681,0.006235359,-0.518726566,0.360289409,24,100.0,US.AMD,25.0,26.55,23.37,30.6959,-0.0007318583572594464,579219756084.18,"成交额 $1,380,133 ≥ 阈值 $500,000 | 成交量 567 手",US.AMD,2026-05-06 08:00:14
US.AMD260515P352500,AMD 260515 352.50P,355.26,692,1344170.0,PUT,2026-05-15,352.5,718,83.599,-0.44748487,0.008105567,-0.98833615,0.230971578,10,100.0,US.AMD,19.0,21.55,17.1,24.5927,-0.0077689579462928305,579219756084.18,"成交额 $1,344,170 ≥ 阈值 $500,000 | 成交量 692 手",US.AMD,2026-05-06 08:00:14
US.AMD260515P355000,AMD 260515 355.00P,355.26,671,1308160.0,PUT,2026-05-15,355.0,390,84.331,-0.467697506,0.008079566,-1.001957226,0.232227093,10,100.0,US.AMD,21.35,21.82,17.65,26.1576,-0.0007318583572594464,579219756084.18,"成交额 $1,308,160 ≥ 阈值 $500,000 | 成交量 671 手",US.AMD,2026-05-06 08:00:14
US.AMD260508P310000,AMD 260508 310.00P,355.26,6052,1307557.0,PUT,2026-05-08,310.0,3650,125.079,-0.098986042,0.004423524,-1.110157317,0.054841821,3,100.0,US.AMD,2.16,3.3,1.8,3.7,-0.12739965095986036,579219756084.18,"成交额 $1,307,557 ≥ 阈值 $500,000 | 成交量 6,052 手",US.AMD,2026-05-06 08:00:14
US.AMD260522C350000,AMD 260522 350.00C,355.26,548,1286729.0,CALL,2026-05-22,350.0,557,76.318,0.57266825,0.006731044,-0.705828637,0.299597569,17,100.0,US.AMD,25.1,28.5,20.0,18.0623,0.014806057535326215,579219756084.18,"成交额 $1,286,729 ≥ 阈值 $500,000 | 成交量 548 手",US.AMD,2026-05-06 08:00:14
US.AMD260618C410000,AMD 260618 410.00C,355.26,1039,1283449.0,CALL,2026-06-18,410.0,2209,66.005,0.311072363,0.004346364,-0.33806275,0.435134301,44,100.0,US.AMD,13.5,15.99,11.22,10.175,-0.154084332601475,579219756084.18,"成交额 $1,283,449 ≥ 阈值 $500,000 | 成交量 1,039 手",US.AMD,2026-05-06 08:00:14
US.AMD260529P300000,AMD 260529 300.00P,355.26,2059,1276570.0,PUT,2026-05-29,300.0,7045,72.301,-0.154081057,0.003614861,-0.321647062,0.215589958,24,100.0,US.AMD,6.15,6.9,5.15,7.425,-0.1555480493159939,579219756084.18,"成交额 $1,276,570 ≥ 阈值 $500,000 | 成交量 2,059 手",US.AMD,2026-05-06 08:00:14
US.AMD260821C520000,AMD 260821 520.00C,355.26,1199,1262172.0,CALL,2026-08-21,520.0,494,66.331,0.198633338,0.002176431,-0.171321846,0.538410965,108,100.0,US.AMD,10.02,12.56,9.72,9.275,-0.4637167145189439,579219756084.18,"成交额 $1,262,172 ≥ 阈值 $500,000 | 成交量 1,199 手",US.AMD,2026-05-06 08:00:14
US.AMD260508C310000,AMD 260508 310.00C,355.26,271,1242840.0,CALL,2026-05-08,310.0,780,135.351,0.884630352,0.004565303,-1.405949581,0.061249235,3,100.0,US.AMD,45.47,50.42,40.0,35.3812,0.12739965095986036,579219756084.18,"成交额 $1,242,840 ≥ 阈值 $500,000 | 成交量 271 手",US.AMD,2026-05-06 08:00:14
US.AMD260515P320000,AMD 260515 320.00P,355.26,1890,1231581.0,PUT,2026-05-15,320.0,2807,85.638,-0.206259215,0.005701892,-0.723828803,0.166548349,10,100.0,US.AMD,7.65,8.0,5.7,9.1185,-0.09925125260372683,579219756084.18,"成交额 $1,231,581 ≥ 阈值 $500,000 | 成交量 1,890 手",US.AMD,2026-05-06 08:00:14
US.AMD260515C352500,AMD 260515 352.50C,355.26,624,1222081.0,CALL,2026-05-15,352.5,758,84.585,0.552772252,0.008004005,-1.034041693,0.230979134,10,100.0,US.AMD,18.4,23.65,15.7,14.008,0.0077689579462928305,579219756084.18,"成交额 $1,222,081 ≥ 阈值 $500,000 | 成交量 624 手",US.AMD,2026-05-06 08:00:14
US.AMD260618C420000,AMD 260618 420.00C,355.26,982,1210632.0,CALL,2026-06-18,420.0,5640,66.332,0.276242801,0.004093429,-0.320739693,0.411840001,44,100.0,US.AMD,10.5,13.5,9.43,8.575,-0.18223273095760853,579219756084.18,"成交额 $1,210,632 ≥ 阈值 $500,000 | 成交量 982 手",US.AMD,2026-05-06 08:00:14
US.AMD260515C385000,AMD 260515 385.00C,355.26,1278,1186388.0,CALL,2026-05-15,385.0,1123,85.071,0.309301509,0.007092933,-0.912954381,0.205858744,10,100.0,US.AMD,7.4,10.55,6.0,5.4051,-0.08371333671114116,579219756084.18,"成交额 $1,186,388 ≥ 阈值 $500,000 | 成交量 1,278 手",US.AMD,2026-05-06 08:00:14
US.AMD260717P300000,AMD 260717 300.00P,355.26,765,1155763.0,PUT,2026-07-17,300.0,1270,62.963,-0.222132913,0.002984798,-0.196356416,0.472459083,73,100.0,US.AMD,15.29,16.41,14.42,17.425,-0.1555480493159939,579219756084.18,"成交额 $1,155,763 ≥ 阈值 $500,000 | 成交量 765 手",US.AMD,2026-05-06 08:00:14
US.AMD260529C360000,AMD 260529 360.00C,355.26,535,1151354.0,CALL,2026-05-29,360.0,580,70.131,0.511562958,0.00625917,-0.55369121,0.362262159,24,100.0,US.AMD,19.35,25.7,18.0,16.475,-0.013342340820807323,579219756084.18,"成交额 $1,151,354 ≥ 阈值 $500,000 | 成交量 535 手",US.AMD,2026-05-06 08:00:14
US.AMD260508C320000,AMD 260508 320.00C,355.26,310,1149441.0,CALL,2026-05-08,320.0,1768,131.851,0.830319208,0.006088607,-1.870952749,0.079573642,3,100.0,US.AMD,37.78,42.28,31.52,27.734,0.09925125260372683,579219756084.18,"成交额 $1,149,441 ≥ 阈值 $500,000 | 成交量 310 手",US.AMD,2026-05-06 08:00:14
US.AMD260821C380000,AMD 260821 380.00C,355.26,274,1137242.0,CALL,2026-08-21,380.0,987,64.997,0.506575826,0.003177696,-0.246396895,0.770358172,108,100.0,US.AMD,38.75,43.7,37.19,33.75,-0.0696391375330744,579219756084.18,"成交额 $1,137,242 ≥ 阈值 $500,000 | 成交量 274 手",US.AMD,2026-05-06 08:00:14
US.AMD260515P310000,AMD 260515 310.00P,355.26,2501,1117955.0,PUT,2026-05-15,310.0,2917,86.728,-0.150654448,0.004616499,-0.595973448,0.136572103,10,100.0,US.AMD,4.25,5.48,3.88,6.2429,-0.12739965095986036,579219756084.18,"成交额 $1,117,955 ≥ 阈值 $500,000 | 成交量 2,501 手",US.AMD,2026-05-06 08:00:14
US.AMD260918P300000,AMD 260918 300.00P,355.26,418,1107776.0,PUT,2026-09-18,300.0,1706,63.714,-0.254831478,0.002335175,-0.153445179,0.695511399,136,100.0,US.AMD,26.1,27.95,25.1,28.8,-0.1555480493159939,579219756084.18,"成交额 $1,107,776 ≥ 阈值 $500,000 | 成交量 418 手",US.AMD,2026-05-06 08:00:14
US.AMD260508C410000,AMD 260508 410.00C,355.26,5193,1096145.0,CALL,2026-05-08,410.0,1477,128.518,0.115305456,0.004806154,-1.269697013,0.061224854,3,100.0,US.AMD,1.9,2.66,1.28,1.19,-0.154084332601475,579219756084.18,"成交额 $1,096,145 ≥ 阈值 $500,000 | 成交量 5,193 手",US.AMD,2026-05-06 08:00:14
US.AMD260821C460000,AMD 260821 460.00C,355.26,535,1089850.0,CALL,2026-08-21,460.0,730,65.197,0.300995772,0.002765503,-0.212078412,0.672460847,108,100.0,US.AMD,19.0,21.67,17.25,15.9,-0.2948263243821427,579219756084.18,"成交额 $1,089,850 ≥ 阈值 $500,000 | 成交量 535 手",US.AMD,2026-05-06 08:00:14
US.AMD260508P365000,AMD 260508 365.00P,355.26,524,1072866.0,PUT,2026-05-08,365.0,122,125.308,-0.573651047,0.009942733,-2.944741295,0.123450286,3,100.0,US.AMD,23.4,25.22,19.15,29.8978,0.02741653999887409,579219756084.18,"成交额 $1,072,866 ≥ 阈值 $500,000 | 成交量 524 手",US.AMD,2026-05-06 08:00:14
US.AMD260618C330000,AMD 260618 330.00C,355.26,236,1072709.0,CALL,2026-06-18,330.0,3552,65.992,0.675748386,0.004424103,-0.354155487,0.44284302,44,100.0,US.AMD,44.98,49.05,39.61,36.3945,0.07110285424759329,579219756084.18,"成交额 $1,072,709 ≥ 阈值 $500,000 | 成交量 236 手",US.AMD,2026-05-06 08:00:14
US.AMD260529C400000,AMD 260529 400.00C,355.26,1065,1057272.0,CALL,2026-05-29,400.0,13049,70.535,0.289690487,0.005339351,-0.471181923,0.310795225,24,100.0,US.AMD,9.5,12.0,7.5,6.8016,-0.12593593424534147,579219756084.18,"成交额 $1,057,272 ≥ 阈值 $500,000 | 成交量 1,065 手",US.AMD,2026-05-06 08:00:14
US.AMD260717P360000,AMD 260717 360.00P,355.26,256,1052333.0,PUT,2026-07-17,360.0,134,62.778,-0.454686159,0.004006751,-0.254574625,0.62859369,73,100.0,US.AMD,41.5,43.55,39.4,46.6996,0.013342340820807323,579219756084.18,"成交额 $1,052,333 ≥ 阈值 $500,000 | 成交量 256 手",US.AMD,2026-05-06 08:00:14
US.AMD260618P260000,AMD 260618 260.00P,355.26,3100,1046401.0,PUT,2026-06-18,260.0,6997,70.351,-0.0779796,0.001683121,-0.140723356,0.179560372,44,100.0,US.AMD,3.25,3.78,3.0,3.95,-0.26814164274052804,579219756084.18,"成交额 $1,046,401 ≥ 阈值 $500,000 | 成交量 3,100 手",US.AMD,2026-05-06 08:00:14
US.AMD260515C365000,AMD 260515 365.00C,355.26,699,1029188.0,CALL,2026-05-15,365.0,998,84.748,0.453269674,0.008003828,-1.033930681,0.231419894,10,100.0,US.AMD,14.1,17.6,11.1,9.8081,-0.02741653999887409,579219756084.18,"成交额 $1,029,188 ≥ 阈值 $500,000 | 成交量 699 手",US.AMD,2026-05-06 08:00:14
US.AMD260508P315000,AMD 260508 315.00P,355.26,3433,1013053.0,PUT,2026-05-08,315.0,3163,124.547,-0.125605296,0.005267545,-1.358795077,0.065027468,3,100.0,US.AMD,2.85,4.15,2.25,4.75,-0.1133254517817936,579219756084.18,"成交额 $1,013,053 ≥ 阈值 $500,000 | 成交量 3,433 手",US.AMD,2026-05-06 08:00:14
US.AMD260515C347500,AMD 260515 347.50C,355.26,482,999445.0,CALL,2026-05-15,347.5,310,84.864,0.592925816,0.007828907,-1.018955098,0.226670057,10,100.0,US.AMD,20.8,25.55,17.85,16.0315,0.021843157124359597,579219756084.18,"成交额 $999,445 ≥ 阈值 $500,000 | 成交量 482 手",US.AMD,2026-05-06 08:00:14
US.AMD260605C350000,AMD 260605 350.00C,355.26,333,984695.0,CALL,2026-06-05,350.0,243,69.206,0.575341688,0.005479976,-0.474748994,0.404777149,31,100.0,US.AMD,29.15,33.25,24.55,22.74,0.014806057535326215,579219756084.18,"成交额 $984,695 ≥ 阈值 $500,000 | 成交量 333 手",US.AMD,2026-05-06 08:00:14
US.AMD260508P370000,AMD 260508 370.00P,355.26,404,967305.0,PUT,2026-05-08,370.0,255,124.698,-0.62183248,0.009688525,-2.812701299,0.119691812,3,100.0,US.AMD,30.0,30.0,22.1,33.7712,0.041490739176940857,579219756084.18,"成交额 $967,305 ≥ 阈值 $500,000 | 成交量 404 手",US.AMD,2026-05-06 08:00:14
US.AMD260618C430000,AMD 260618 430.00C,355.26,956,966404.0,CALL,2026-06-18,430.0,956,66.59,0.244226063,0.00382659,-0.301442536,0.386487361,44,100.0,US.AMD,8.07,11.6,8.07,7.25,-0.2103811293137421,579219756084.18,"成交额 $966,404 ≥ 阈值 $500,000 | 成交量 956 手",US.AMD,2026-05-06 08:00:14
US.AMD260508C377500,AMD 260508 377.50C,355.26,1329,961751.0,CALL,2026-05-08,377.5,1564,125.344,0.312591379,0.008972106,-2.613892863,0.111473525,3,100.0,US.AMD,6.5,8.72,4.77,4.125,-0.06260203794404101,579219756084.18,"成交额 $961,751 ≥ 阈值 $500,000 | 成交量 1,329 手",US.AMD,2026-05-06 08:00:14
US.AMD260508C395000,AMD 260508 395.00C,355.26,2513,953204.0,CALL,2026-05-08,395.0,2350,126.63,0.187749678,0.006756765,-1.8736601,0.084809605,3,100.0,US.AMD,3.2,4.8,2.27,2.095,-0.1118617350672747,579219756084.18,"成交额 $953,204 ≥ 阈值 $500,000 | 成交量 2,513 手",US.AMD,2026-05-06 08:00:14
US.AMD260618P280000,AMD 260618 280.00P,355.26,1593,947354.0,PUT,2026-06-18,280.0,3721,68.027,-0.126156481,0.002473956,-0.19328874,0.255118922,44,100.0,US.AMD,5.75,6.67,5.5,7.075,-0.21184484602826098,579219756084.18,"成交额 $947,354 ≥ 阈值 $500,000 | 成交量 1,593 手",US.AMD,2026-05-06 08:00:14
US.AMD260605C345000,AMD 260605 345.00C,355.26,306,930720.0,CALL,2026-06-05,345.0,429,67.534,0.603738922,0.0055235,-0.457129078,0.398133954,31,100.0,US.AMD,31.97,36.0,27.4,24.7298,0.028880256713392984,579219756084.18,"成交额 $930,720 ≥ 阈值 $500,000 | 成交量 306 手",US.AMD,2026-05-06 08:00:14
US.AMD260618P310000,AMD 260618 310.00P,355.26,731,926854.0,PUT,2026-06-18,310.0,1462,66.037,-0.233515451,0.003769719,-0.27634219,0.377056984,44,100.0,US.AMD,13.3,14.2,11.71,15.15,-0.12739965095986036,579219756084.18,"成交额 $926,854 ≥ 阈值 $500,000 | 成交量 731 手",US.AMD,2026-05-06 08:00:14
US.AMD260515P360000,AMD 260515 360.00P,355.26,424,922879.0,PUT,2026-05-15,360.0,786,83.954,-0.508226976,0.008142588,-0.998727417,0.23293567,10,100.0,US.AMD,24.0,25.6,20.32,29.4075,0.013342340820807323,579219756084.18,"成交额 $922,879 ≥ 阈值 $500,000 | 成交量 424 手",US.AMD,2026-05-06 08:00:14
US.AMD260717C450000,AMD 260717 450.00C,355.26,726,915894.0,CALL,2026-07-17,450.0,1285,63.942,0.254873575,0.003162886,-0.231471399,0.509539111,73,100.0,US.AMD,11.0,14.2,10.85,10.0378,-0.26667792602600915,579219756084.18,"成交额 $915,894 ≥ 阈值 $500,000 | 成交量 726 手",US.AMD,2026-05-06 08:00:14
US.AMD260529C350000,AMD 260529 350.00C,355.26,335,903346.0,CALL,2026-05-29,350.0,650,70.899,0.573782003,0.006087738,-0.552198457,0.356198333,24,100.0,US.AMD,25.65,30.7,22.1,20.2876,0.014806057535326215,579219756084.18,"成交额 $903,346 ≥ 阈值 $500,000 | 成交量 335 手",US.AMD,2026-05-06 08:00:14
US.AMD260717P350000,AMD 260717 350.00P,355.26,252,891978.0,PUT,2026-07-17,350.0,987,62.499,-0.415026479,0.003953119,-0.250486861,0.618372433,73,100.0,US.AMD,35.51,38.3,33.97,40.7551,-0.014806057535326215,579219756084.18,"成交额 $891,978 ≥ 阈值 $500,000 | 成交量 252 手",US.AMD,2026-05-06 08:00:14
US.AMD260522P330000,AMD 260522 330.00P,355.26,725,876121.0,PUT,2026-05-22,330.0,470,76.684,-0.294809281,0.005893536,-0.595388397,0.263386143,17,100.0,US.AMD,11.85,14.2,11.0,15.6332,-0.07110285424759329,579219756084.18,"成交额 $876,121 ≥ 阈值 $500,000 | 成交量 725 手",US.AMD,2026-05-06 08:00:14
US.AMD260529C340000,AMD 260529 340.00C,355.26,268,868915.0,CALL,2026-05-29,340.0,1055,69.733,0.636333862,0.005926119,-0.522469144,0.34103812,24,100.0,US.AMD,31.16,36.5,27.37,24.8801,0.04295445589145975,579219756084.18,"成交额 $868,915 ≥ 阈值 $500,000 | 成交量 268 手",US.AMD,2026-05-06 08:00:14
US.AMD260612C350000,AMD 260612 350.00C,355.26,273,864952.0,CALL,2026-06-12,350.0,74,68.297,0.577268006,0.005008735,-0.423661413,0.447907725,38,100.0,US.AMD,28.85,35.02,27.42,25.275,0.014806057535326215,579219756084.18,"成交额 $864,952 ≥ 阈值 $500,000 | 成交量 273 手",US.AMD,2026-05-06 08:00:14
US.AMD260717C470000,AMD 260717 470.00C,355.26,854,862111.0,CALL,2026-07-17,470.0,417,63.341,0.205584821,0.002830678,-0.202598449,0.451724758,73,100.0,US.AMD,8.53,11.2,8.25,7.7916,-0.3229747227382762,579219756084.18,"成交额 $862,111 ≥ 阈值 $500,000 | 成交量 854 手",US.AMD,2026-05-06 08:00:14
US.AMD260522C360000,AMD 260522 360.00C,355.26,424,859932.0,CALL,2026-05-22,360.0,528,76.563,0.504766256,0.006822501,-0.717717526,0.304644375,17,100.0,US.AMD,18.52,23.42,15.7,14.325,-0.013342340820807323,579219756084.18,"成交额 $859,932 ≥ 阈值 $500,000 | 成交量 424 手",US.AMD,2026-05-06 08:00:14
US.AMD260515C390000,AMD 260515 390.00C,355.26,1095,853328.0,CALL,2026-05-15,390.0,3556,86.009,0.280246577,0.006703412,-0.878862815,0.196699618,10,100.0,US.AMD,6.33,9.02,5.2,4.6304,-0.09778753588920794,579219756084.18,"成交额 $853,328 ≥ 阈值 $500,000 | 成交量 1,095 手",US.AMD,2026-05-06 08:00:14
US.AMD260918C550000,AMD 260918 550.00C,355.26,711,848911.0,CALL,2026-09-18,550.0,345,65.569,0.195237165,0.001941389,-0.149864736,0.597985157,136,100.0,US.AMD,11.65,13.02,11.18,10.1767,-0.5481619095873446,579219756084.18,"成交额 $848,911 ≥ 阈值 $500,000 | 成交量 711 手",US.AMD,2026-05-06 08:00:14
US.AMD260508C367500,AMD 260508 367.50C,355.26,847,828954.0,CALL,2026-05-08,367.5,3677,124.015,0.401037861,0.00990155,-2.894878771,0.121717419,3,100.0,US.AMD,9.67,12.32,6.8,6.0207,-0.034453639587907474,579219756084.18,"成交额 $828,954 ≥ 阈值 $500,000 | 成交量 847 手",US.AMD,2026-05-06 08:00:14
US.AMD260605C400000,AMD 260605 400.00C,355.26,634,812713.0,CALL,2026-06-05,400.0,1073,68.426,0.315191097,0.005026495,-0.418861673,0.367080829,31,100.0,US.AMD,10.0,14.45,9.81,8.9653,-0.12593593424534147,579219756084.18,"成交额 $812,713 ≥ 阈值 $500,000 | 成交量 634 手",US.AMD,2026-05-06 08:00:14
US.AMD260612C360000,AMD 260612 360.00C,355.26,304,805089.0,CALL,2026-06-12,360.0,217,66.544,0.525073089,0.005228879,-0.418710662,0.455595341,38,100.0,US.AMD,23.72,30.82,23.7,21.4808,-0.013342340820807323,579219756084.18,"成交额 $805,089 ≥ 阈值 $500,000 | 成交量 304 手",US.AMD,2026-05-06 08:00:14
US.AMD260529C355000,AMD 260529 355.00C,355.26,320,797144.0,CALL,2026-05-29,355.0,1525,71.247,0.543055136,0.006127773,-0.560187182,0.360301872,24,100.0,US.AMD,23.35,28.01,20.2,18.3,0.0007318583572594464,579219756084.18,"成交额 $797,144 ≥ 阈值 $500,000 | 成交量 320 手",US.AMD,2026-05-06 08:00:14
US.AMD260522C355000,AMD 260522 355.00C,355.26,366,785379.0,CALL,2026-05-22,355.0,263,77.134,0.53880843,0.006740383,-0.720705752,0.303223564,17,100.0,US.AMD,18.95,25.69,18.0,16.1286,0.0007318583572594464,579219756084.18,"成交额 $785,379 ≥ 阈值 $500,000 | 成交量 366 手",US.AMD,2026-05-06 08:00:14
US.AMD260508C337500,AMD 260508 337.50C,355.26,303,785150.0,CALL,2026-05-08,337.5,362,122.695,0.701469537,0.008980701,-2.543226625,0.1092226,3,100.0,US.AMD,23.83,28.57,18.8,16.8121,0.04999155548049314,579219756084.18,"成交额 $785,150 ≥ 阈值 $500,000 | 成交量 303 手",US.AMD,2026-05-06 08:00:14
US.AMD260717P290000,AMD 260717 290.00P,355.26,615,767986.0,PUT,2026-07-17,290.0,1163,63.523,-0.189320201,0.002689421,-0.180642488,0.429687863,73,100.0,US.AMD,12.7,13.2,11.85,14.225,-0.18369644767212742,579219756084.18,"成交额 $767,986 ≥ 阈值 $500,000 | 成交量 615 手",US.AMD,2026-05-06 08:00:14
US.AMD261120P260000,AMD 261120 260.00P,355.26,375,757991.0,PUT,2026-11-20,260.0,630,64.007,-0.175302335,0.001543671,-0.102094044,0.67676775,199,100.0,US.AMD,20.3,20.6,19.5,21.775,-0.26814164274052804,579219756084.18,"成交额 $757,991 ≥ 阈值 $500,000 | 成交量 375 手",US.AMD,2026-05-06 08:00:14
US.AMD260515P335000,AMD 260515 335.00P,355.26,693,751626.0,PUT,2026-05-15,335.0,812,83.898,-0.308048449,0.007182008,-0.881563243,0.205480433,10,100.0,US.AMD,10.7,13.15,9.55,15.0594,-0.05702865506952652,579219756084.18,"成交额 $751,626 ≥ 阈值 $500,000 | 成交量 693 手",US.AMD,2026-05-06 08:00:14
US.AMD260508P362500,AMD 260508 362.50P,355.26,394,750855.0,PUT,2026-05-08,362.5,202,123.194,-0.550839706,0.010205171,-2.931081252,0.124576019,3,100.0,US.AMD,20.85,24.75,17.62,28.013,0.020379440409840705,579219756084.18,"成交额 $750,855 ≥ 阈值 $500,000 | 成交量 394 手",US.AMD,2026-05-06 08:00:14
US.AMD260918C530000,AMD 260918 530.00C,355.26,522,750267.0,CALL,2026-09-18,530.0,3102,65.144,0.219532501,0.002094433,-0.159940395,0.640943721,136,100.0,US.AMD,13.7,15.5,12.8,11.775,-0.49186511287507745,579219756084.18,"成交额 $750,267 ≥ 阈值 $500,000 | 成交量 522 手",US.AMD,2026-05-06 08:00:14
US.AMD260522C357500,AMD 260522 357.50C,355.26,344,748204.0,CALL,2026-05-22,357.5,14,75.848,0.521236355,0.006877495,-0.710784291,0.304234472,17,100.0,US.AMD,19.85,24.3,17.7,15.2,-0.006305241231773938,579219756084.18,"成交额 $748,204 ≥ 阈值 $500,000 | 成交量 344 手",US.AMD,2026-05-06 08:00:14
US.AMD260515P342500,AMD 260515 342.50P,355.26,526,746073.0,PUT,2026-05-15,342.5,423,84.407,-0.367084833,0.007642316,-0.950905944,0.219945428,10,100.0,US.AMD,14.01,16.5,12.41,18.759,-0.035917356302426366,579219756084.18,"成交额 $746,073 ≥ 阈值 $500,000 | 成交量 526 手",US.AMD,2026-05-06 08:00:14
US.AMD260508P327500,AMD 260508 327.50P,355.26,1394,737063.0,PUT,2026-05-08,327.5,706,123.758,-0.212087121,0.007439973,-2.037037078,0.09126198,3,100.0,US.AMD,5.7,7.4,4.4,8.475,-0.07813995383662667,579219756084.18,"成交额 $737,063 ≥ 阈值 $500,000 | 成交量 1,394 手",US.AMD,2026-05-06 08:00:14
US.AMD260515C362500,AMD 260515 362.50C,355.26,454,719721.0,CALL,2026-05-15,362.5,341,84.449,0.472568734,0.008068623,-1.036004189,0.232469515,10,100.0,US.AMD,14.1,18.8,11.95,10.508,-0.020379440409840705,579219756084.18,"成交额 $719,721 ≥ 阈值 $500,000 | 成交量 454 手",US.AMD,2026-05-06 08:00:14
US.AMD260508P332500,AMD 260508 332.50P,355.26,1067,718562.0,PUT,2026-05-08,332.5,889,122.884,-0.25303507,0.00826674,-2.278386323,0.100685824,3,100.0,US.AMD,6.4,9.08,5.52,10.45,-0.0640657546585599,579219756084.18,"成交额 $718,562 ≥ 阈值 $500,000 | 成交量 1,067 手",US.AMD,2026-05-06 08:00:14
US.AMD260522P340000,AMD 260522 340.00P,355.26,435,703641.0,PUT,2026-05-22,340.0,189,76.144,-0.359597496,0.00643685,-0.640630476,0.285555074,17,100.0,US.AMD,17.15,17.84,14.55,20.3802,-0.04295445589145975,579219756084.18,"成交额 $703,641 ≥ 阈值 $500,000 | 成交量 435 手",US.AMD,2026-05-06 08:00:14
US.AMD260515C335000,AMD 260515 335.00C,355.26,230,695543.0,CALL,2026-05-15,335.0,1003,85.799,0.689254748,0.007047008,-0.938008141,0.206278571,10,100.0,US.AMD,29.23,34.0,24.8,21.9693,0.05702865506952652,579219756084.18,"成交额 $695,543 ≥ 阈值 $500,000 | 成交量 230 手",US.AMD,2026-05-06 08:00:14
US.AMD260508C405000,AMD 260508 405.00C,355.26,2669,678425.0,CALL,2026-05-08,405.0,1714,128.221,0.137011125,0.005433078,-1.469689488,0.069051174,3,100.0,US.AMD,2.19,3.22,1.56,1.43,-0.14001013342340823,579219756084.18,"成交额 $678,425 ≥ 阈值 $500,000 | 成交量 2,669 手",US.AMD,2026-05-06 08:00:14
US.AMD260515P337500,AMD 260515 337.50P,355.26,511,670240.0,PUT,2026-05-15,337.5,780,84.278,-0.32777209,0.007339751,-0.90977812,0.210935899,10,100.0,US.AMD,11.9,14.2,10.62,16.2562,-0.04999155548049314,579219756084.18,"成交额 $670,240 ≥ 阈值 $500,000 | 成交量 511 手",US.AMD,2026-05-06 08:00:14
US.AMD260717P320000,AMD 260717 320.00P,355.26,303,662014.0,PUT,2026-07-17,320.0,743,62.842,-0.296143719,0.00347578,-0.226124699,0.54843203,73,100.0,US.AMD,22.25,23.9,20.86,25.25,-0.09925125260372683,579219756084.18,"成交额 $662,014 ≥ 阈值 $500,000 | 成交量 303 手",US.AMD,2026-05-06 08:00:14
US.AMD260618C460000,AMD 260618 460.00C,355.26,927,642591.0,CALL,2026-06-18,460.0,2318,67.467,0.166248393,0.003002031,-0.241125244,0.307191157,44,100.0,US.AMD,4.85,7.15,4.8,4.4,-0.2948263243821427,579219756084.18,"成交额 $642,591 ≥ 阈值 $500,000 | 成交量 927 手",US.AMD,2026-05-06 08:00:14
US.AMD260522C365000,AMD 260522 365.00C,355.26,348,638339.0,CALL,2026-05-22,365.0,331,76.022,0.470689724,0.006852941,-0.709707323,0.303842976,17,100.0,US.AMD,15.05,21.0,14.0,12.6366,-0.02741653999887409,579219756084.18,"成交额 $638,339 ≥ 阈值 $500,000 | 成交量 348 手",US.AMD,2026-05-06 08:00:14
US.AMD260508C402500,AMD 260508 402.50C,355.26,2307,636155.0,CALL,2026-05-08,402.5,937,127.64,0.148104821,0.005752886,-1.561710353,0.072784851,3,100.0,US.AMD,2.5,3.6,1.71,1.58,-0.13297303383437487,579219756084.18,"成交额 $636,155 ≥ 阈值 $500,000 | 成交量 2,307 手",US.AMD,2026-05-06 08:00:14
US.AMD260508C412500,AMD 260508 412.50C,355.26,3504,622625.0,CALL,2026-05-08,412.5,241,128.962,0.106115565,0.004512811,-1.183938881,0.057686771,3,100.0,US.AMD,1.51,2.38,1.2,1.075,-0.1611214321905084,579219756084.18,"成交额 $622,625 ≥ 阈值 $500,000 | 成交量 3,504 手",US.AMD,2026-05-06 08:00:14
US.AMD260515P325000,AMD 260515 325.00P,355.26,767,603749.0,PUT,2026-05-15,325.0,1030,85.601,-0.238982892,0.006204625,-0.78962014,0.181145722,10,100.0,US.AMD,8.5,9.55,6.8,10.8538,-0.08517705342566005,579219756084.18,"成交额 $603,749 ≥ 阈值 $500,000 | 成交量 767 手",US.AMD,2026-05-06 08:00:14
US.AMD260515C342500,AMD 260515 342.50C,355.26,245,598271.0,CALL,2026-05-15,342.5,521,84.795,0.632736447,0.007604654,-0.988739858,0.219999551,10,100.0,US.AMD,23.85,29.0,20.1,18.172,0.035917356302426366,579219756084.18,"成交额 $598,271 ≥ 阈值 $500,000 | 成交量 245 手",US.AMD,2026-05-06 08:00:14
US.AMD260717P250000,AMD 260717 250.00P,355.26,1178,589060.0,PUT,2026-07-17,250.0,4642,66.837,-0.088733797,0.001515204,-0.113636253,0.255033157,73,100.0,US.AMD,4.75,5.4,4.75,5.575,-0.29629004109666157,579219756084.18,"成交额 $589,060 ≥ 阈值 $500,000 | 成交量 1,178 手",US.AMD,2026-05-06 08:00:14
US.AMD260508C420000,AMD 260508 420.00C,355.26,4353,583314.0,CALL,2026-05-08,420.0,1268,130.18,0.082128873,0.003699881,-0.947189051,0.047741912,3,100.0,US.AMD,1.22,1.81,0.88,0.8162,-0.18223273095760853,579219756084.18,"成交额 $583,314 ≥ 阈值 $500,000 | 成交量 4,353 手",US.AMD,2026-05-06 08:00:14
US.AMD260717C420000,AMD 260717 420.00C,355.26,319,581273.0,CALL,2026-07-17,420.0,942,62.762,0.333260212,0.003649411,-0.258971706,0.57707685,73,100.0,US.AMD,16.46,20.45,15.88,14.6,-0.18223273095760853,579219756084.18,"成交额 $581,273 ≥ 阈值 $500,000 | 成交量 319 手",US.AMD,2026-05-06 08:00:14
US.AMD260508P322500,AMD 260508 322.50P,355.26,1379,578212.0,PUT,2026-05-08,322.5,822,123.38,-0.173090883,0.006590108,-1.746226313,0.080591222,3,100.0,US.AMD,3.75,5.95,3.45,6.775,-0.09221415301469343,579219756084.18,"成交额 $578,212 ≥ 阈值 $500,000 | 成交量 1,379 手",US.AMD,2026-05-06 08:00:14
US.AMD260522C380000,AMD 260522 380.00C,355.26,434,577329.0,CALL,2026-05-22,380.0,775,76.132,0.374757597,0.006520614,-0.673553715,0.289522863,17,100.0,US.AMD,9.65,15.15,9.65,8.7667,-0.0696391375330744,579219756084.18,"成交额 $577,329 ≥ 阈值 $500,000 | 成交量 434 手",US.AMD,2026-05-06 08:00:14
US.AMD260717P280000,AMD 260717 280.00P,355.26,567,570998.0,PUT,2026-07-17,280.0,973,64.074,-0.159137861,0.002386605,-0.163531258,0.384767908,73,100.0,US.AMD,9.77,10.93,9.5,11.425,-0.21184484602826098,579219756084.18,"成交额 $570,998 ≥ 阈值 $500,000 | 成交量 567 手",US.AMD,2026-05-06 08:00:14
US.AMD260605C360000,AMD 260605 360.00C,355.26,224,560028.0,CALL,2026-06-05,360.0,288,66.925,0.517935253,0.005764143,-0.465783246,0.411732609,31,100.0,US.AMD,22.79,28.9,20.9,18.7604,-0.013342340820807323,579219756084.18,"成交额 $560,028 ≥ 阈值 $500,000 | 成交量 224 手",US.AMD,2026-05-06 08:00:14
US.AMD260529C380000,AMD 260529 380.00C,355.26,360,548074.0,CALL,2026-05-29,380.0,753,70.099,0.392538832,0.006036016,-0.529784462,0.349181204,24,100.0,US.AMD,14.43,17.74,11.99,10.7443,-0.0696391375330744,579219756084.18,"成交额 $548,074 ≥ 阈值 $500,000 | 成交量 360 手",US.AMD,2026-05-06 08:00:14
US.AMD260508P312500,AMD 260508 312.50P,355.26,2210,543878.0,PUT,2026-05-08,312.5,804,124.364,-0.110997681,0.00483363,-1.220314893,0.059583316,3,100.0,US.AMD,2.47,3.71,2.09,4.2,-0.12036255137082698,579219756084.18,"成交额 $543,878 ≥ 阈值 $500,000 | 成交量 2,210 手",US.AMD,2026-05-06 08:00:14
US.AMD260508P290000,AMD 260508 290.00P,355.26,6681,532532.0,PUT,2026-05-08,290.0,5431,129.72,-0.033966386,0.00184591,-0.420369335,0.023735691,3,100.0,US.AMD,0.73,1.04,0.55,1.185,-0.18369644767212742,579219756084.18,"成交额 $532,532 ≥ 阈值 $500,000 | 成交量 6,681 手",US.AMD,2026-05-06 08:00:14
US.AMD260717C430000,AMD 260717 430.00C,355.26,320,524300.0,CALL,2026-07-17,430.0,906,62.338,0.301448038,0.003521432,-0.246025754,0.553072427,73,100.0,US.AMD,17.3,18.36,13.7,12.725,-0.2103811293137421,579219756084.18,"成交额 $524,300 ≥ 阈值 $500,000 | 成交量 320 手",US.AMD,2026-05-06 08:00:14
US.AMZN260618C75000,AMZN 260618 75.00C,273.55,930,18660158.0,CALL,2026-06-18,75.0,2308,159.937,0.99558909,8.5248e-05,-0.029079773,0.012262781,44,100.0,US.AMZN,201.54,202.31,198.9,197.4496,0.7258270882836776,2942607286217.8,"成交额 $18,660,158 ≥ 阈值 $500,000 | 成交量 930 手",US.AMZN,2026-05-06 08:00:18
US.AMZN260515C105000,AMZN 260515 105.00C,273.55,890,15162469.0,CALL,2026-05-15,105.0,6250,0.0,0.0,0.0,0.0,0.0,10,100.0,US.AMZN,173.49,173.49,168.54,167.1703,0.6161579235971486,2942607286217.8,"成交额 $15,162,469 ≥ 阈值 $500,000 | 成交量 890 手",US.AMZN,2026-05-06 08:00:18
US.AMZN261016C250000,AMZN 261016 250.00C,273.55,2077,8951592.0,CALL,2026-10-16,250.0,4502,35.319,0.714830946,0.005245832,-0.082570835,0.622393399,164,100.0,US.AMZN,44.0,44.0,40.82,39.5652,0.08609029427892528,2942607286217.8,"成交额 $8,951,592 ≥ 阈值 $500,000 | 成交量 2,077 手",US.AMZN,2026-05-06 08:00:18
US.AMZN260508C280000,AMZN 260508 280.00C,273.55,49518,8874175.0,CALL,2026-05-08,280.0,17386,33.278,0.221893604,0.036882387,-0.435861726,0.072118641,3,100.0,US.AMZN,1.99,3.14,0.95,1.13,-0.023578870407603685,2942607286217.8,"成交额 $8,874,175 ≥ 阈值 $500,000 | 成交量 49,518 手",US.AMZN,2026-05-06 08:00:18
US.AMZN260618C255000,AMZN 260618 255.00C,273.55,3328,8617364.0,CALL,2026-06-18,255.0,12581,31.888,0.767279782,0.010107129,-0.124225919,0.289796629,44,100.0,US.AMZN,25.85,27.9,23.35,22.8834,0.06781210016450379,2942607286217.8,"成交额 $8,617,364 ≥ 阈值 $500,000 | 成交量 3,328 手",US.AMZN,2026-05-06 08:00:18
US.AMZN260506C277500,AMZN 260506 277.50C,273.55,53500,8510108.0,CALL,2026-05-06,277.5,2047,34.593,0.201315882,0.060951896,-0.757816985,0.037457652,1,100.0,US.AMZN,1.69,3.2,0.51,0.81,-0.01443977335039294,2942607286217.8,"成交额 $8,510,108 ≥ 阈值 $500,000 | 成交量 53,500 手",US.AMZN,2026-05-06 08:00:18
US.AMZN260506C275000,AMZN 260506 275.00C,273.55,35344,7651512.0,CALL,2026-05-06,275.0,5511,34.429,0.381483788,0.083061887,-1.043240279,0.050812827,1,100.0,US.AMZN,2.74,4.75,1.07,1.43,-0.005300676293182192,2942607286217.8,"成交额 $7,651,512 ≥ 阈值 $500,000 | 成交量 35,344 手",US.AMZN,2026-05-06 08:00:18
US.AMZN261016C245000,AMZN 261016 245.00C,273.55,1634,7522309.0,CALL,2026-10-16,245.0,2254,35.74,0.741517448,0.004936516,-0.080506872,0.592668432,164,100.0,US.AMZN,46.1,46.29,44.2,42.9459,0.10436848839334678,2942607286217.8,"成交额 $7,522,309 ≥ 阈值 $500,000 | 成交量 1,634 手",US.AMZN,2026-05-06 08:00:18
US.AMZN260515C275000,AMZN 260515 275.00C,273.55,9594,5504253.0,CALL,2026-05-15,275.0,27249,29.725,0.474616695,0.029780095,-0.289260667,0.179062493,10,100.0,US.AMZN,6.25,7.88,4.3,4.5,-0.005300676293182192,2942607286217.8,"成交额 $5,504,253 ≥ 阈值 $500,000 | 成交量 9,594 手",US.AMZN,2026-05-06 08:00:18
US.AMZN260918C280000,AMZN 260918 280.00C,273.55,2475,5391653.0,CALL,2026-09-18,280.0,12293,33.53,0.52168407,0.007118282,-0.094280851,0.664834628,136,100.0,US.AMZN,22.4,23.89,20.4,20.4,-0.023578870407603685,2942607286217.8,"成交额 $5,391,653 ≥ 阈值 $500,000 | 成交量 2,475 手",US.AMZN,2026-05-06 08:00:18
US.AMZN260618C280000,AMZN 260618 280.00C,273.55,5497,5298933.0,CALL,2026-06-18,280.0,23696,29.062,0.445253571,0.014338637,-0.136055209,0.374751672,44,100.0,US.AMZN,9.9,11.4,8.2,8.275,-0.023578870407603685,2942607286217.8,"成交额 $5,298,933 ≥ 阈值 $500,000 | 成交量 5,497 手",US.AMZN,2026-05-06 08:00:18
US.AMZN260506C280000,AMZN 260506 280.00C,273.55,47035,4987628.0,CALL,2026-05-06,280.0,5951,36.433,0.096983396,0.035334339,-0.473625502,0.022868793,1,100.0,US.AMZN,0.94,2.01,0.22,0.455,-0.023578870407603685,2942607286217.8,"成交额 $4,987,628 ≥ 阈值 $500,000 | 成交量 47,035 手",US.AMZN,2026-05-06 08:00:18
US.AMZN261016C300000,AMZN 261016 300.00C,273.55,2768,4713499.0,CALL,2026-10-16,300.0,4291,32.77,0.406567646,0.006458865,-0.080699743,0.711029981,164,100.0,US.AMZN,16.5,17.75,15.42,15.225,-0.09669164686528967,2942607286217.8,"成交额 $4,713,499 ≥ 阈值 $500,000 | 成交量 2,768 手",US.AMZN,2026-05-06 08:00:18
US.AMZN260618C100000,AMZN 260618 100.00C,273.55,264,4632833.0,CALL,2026-06-18,100.0,2665,121.812,0.9953989,0.000116229,-0.026970674,0.01273496,44,100.0,US.AMZN,176.81,177.48,173.52,172.5629,0.6344361177115702,2942607286217.8,"成交额 $4,632,833 ≥ 阈值 $500,000 | 成交量 264 手",US.AMZN,2026-05-06 08:00:18
US.AMZN260506C272500,AMZN 260506 272.50C,273.55,12041,4527649.0,CALL,2026-05-06,272.5,4740,35.416,0.593461728,0.082173987,-1.098881477,0.051711926,1,100.0,US.AMZN,4.45,6.65,2.1,2.44,0.003838420764028555,2942607286217.8,"成交额 $4,527,649 ≥ 阈值 $500,000 | 成交量 12,041 手",US.AMZN,2026-05-06 08:00:18
US.AMZN260508C272500,AMZN 260508 272.50C,273.55,7830,4474202.0,CALL,2026-05-08,272.5,11346,34.25,0.560115425,0.047499214,-0.646029824,0.095614012,3,100.0,US.AMZN,5.76,7.55,3.45,3.625,0.003838420764028555,2942607286217.8,"成交额 $4,474,202 ≥ 阈值 $500,000 | 成交量 7,830 手",US.AMZN,2026-05-06 08:00:18
US.AMZN261016C280000,AMZN 261016 280.00C,273.55,1709,4268935.0,CALL,2026-10-16,280.0,1637,33.459,0.53219739,0.006483845,-0.086655501,0.728831701,164,100.0,US.AMZN,25.33,26.34,23.53,22.9,-0.023578870407603685,2942607286217.8,"成交额 $4,268,935 ≥ 阈值 $500,000 | 成交量 1,709 手",US.AMZN,2026-05-06 08:00:18
US.AMZN260618C240000,AMZN 260618 240.00C,273.55,1125,4211393.0,CALL,2026-06-18,240.0,16070,35.595,0.876437834,0.006049077,-0.098720251,0.193587688,44,100.0,US.AMZN,39.5,41.1,36.0,35.2454,0.12264668250776826,2942607286217.8,"成交额 $4,211,393 ≥ 阈值 $500,000 | 成交量 1,125 手",US.AMZN,2026-05-06 08:00:18
US.AMZN260515C280000,AMZN 260515 280.00C,273.55,10183,3954384.0,CALL,2026-05-15,280.0,34133,29.367,0.330618233,0.027438745,-0.256073521,0.162981767,10,100.0,US.AMZN,3.85,5.2,2.56,2.705,-0.023578870407603685,2942607286217.8,"成交额 $3,954,384 ≥ 阈值 $500,000 | 成交量 10,183 手",US.AMZN,2026-05-06 08:00:18
US.AMZN260508C275000,AMZN 260508 275.00C,273.55,10640,3888440.0,CALL,2026-05-08,275.0,9247,33.205,0.438311727,0.048964111,-0.621686705,0.095555085,3,100.0,US.AMZN,4.1,5.81,2.31,2.525,-0.005300676293182192,2942607286217.8,"成交额 $3,888,440 ≥ 阈值 $500,000 | 成交量 10,640 手",US.AMZN,2026-05-06 08:00:18
US.AMZN260717C300000,AMZN 260717 300.00C,273.55,6092,3864097.0,CALL,2026-07-17,300.0,15908,29.051,0.277476854,0.009438486,-0.088757016,0.409534054,73,100.0,US.AMZN,6.45,7.5,5.45,5.5,-0.09669164686528967,2942607286217.8,"成交额 $3,864,097 ≥ 阈值 $500,000 | 成交量 6,092 手",US.AMZN,2026-05-06 08:00:18
US.AMZN260618C275000,AMZN 260618 275.00C,273.55,3041,3747470.0,CALL,2026-06-18,275.0,26466,29.408,0.516705669,0.01429226,-0.140392825,0.377995584,44,100.0,US.AMZN,12.4,14.09,10.35,10.3,-0.005300676293182192,2942607286217.8,"成交额 $3,747,470 ≥ 阈值 $500,000 | 成交量 3,041 手",US.AMZN,2026-05-06 08:00:18
US.AMZN260618C285000,AMZN 260618 285.00C,273.55,4612,3460764.0,CALL,2026-06-18,285.0,12840,28.792,0.375538895,0.013893987,-0.128155436,0.359735186,44,100.0,US.AMZN,7.8,9.09,6.3,6.475,-0.04185706452202518,2942607286217.8,"成交额 $3,460,764 ≥ 阈值 $500,000 | 成交量 4,612 手",US.AMZN,2026-05-06 08:00:18
US.AMZN260515C260000,AMZN 260515 260.00C,273.55,2007,3444252.0,CALL,2026-05-15,260.0,35015,32.839,0.837955491,0.016610969,-0.205480372,0.110308773,10,100.0,US.AMZN,17.0,19.6,14.4,14.0125,0.04953390605008229,2942607286217.8,"成交额 $3,444,252 ≥ 阈值 $500,000 | 成交量 2,007 手",US.AMZN,2026-05-06 08:00:18
US.AMZN260618C300000,AMZN 260618 300.00C,273.55,9706,3358260.0,CALL,2026-06-18,300.0,35833,28.607,0.20126581,0.010358709,-0.092109513,0.266408041,44,100.0,US.AMZN,3.5,4.35,2.72,2.9,-0.09669164686528967,2942607286217.8,"成交额 $3,358,260 ≥ 阈值 $500,000 | 成交量 9,706 手",US.AMZN,2026-05-06 08:00:18
US.AMZN260506P275000,AMZN 260506 275.00P,273.55,14578,2843508.0,PUT,2026-05-06,275.0,310,34.488,-0.618514917,0.082997154,-1.018653483,0.050804699,1,100.0,US.AMZN,1.8,3.65,1.1,4.2988,0.005300676293182192,2942607286217.8,"成交额 $2,843,508 ≥ 阈值 $500,000 | 成交量 14,578 手",US.AMZN,2026-05-06 08:00:18
US.AMZN260508C277500,AMZN 260508 277.50C,273.55,10732,2772869.0,CALL,2026-05-08,277.5,5506,33.258,0.322041124,0.044471087,-0.550745237,0.086916755,3,100.0,US.AMZN,2.98,4.35,1.5,1.72,-0.01443977335039294,2942607286217.8,"成交额 $2,772,869 ≥ 阈值 $500,000 | 成交量 10,732 手",US.AMZN,2026-05-06 08:00:18
US.AMZN260508C270000,AMZN 260508 270.00C,273.55,3958,2719619.0,CALL,2026-05-08,270.0,7640,34.055,0.676283754,0.043523037,-0.578410765,0.087104812,3,100.0,US.AMZN,7.35,9.5,4.85,4.9819,0.012977517821239303,2942607286217.8,"成交额 $2,719,619 ≥ 阈值 $500,000 | 成交量 3,958 手",US.AMZN,2026-05-06 08:00:18
US.AMZN260515C265000,AMZN 260515 265.00C,273.55,2075,2700188.0,CALL,2026-05-15,265.0,15148,31.569,0.744292363,0.022648582,-0.254429309,0.144605258,10,100.0,US.AMZN,13.06,15.45,10.5,10.1593,0.0312557119356608,2942607286217.8,"成交额 $2,700,188 ≥ 阈值 $500,000 | 成交量 2,075 手",US.AMZN,2026-05-06 08:00:18
US.AMZN260918C320000,AMZN 260918 320.00C,273.55,2917,2476372.0,CALL,2026-09-18,320.0,2845,32.525,0.266623159,0.006052551,-0.072127037,0.548239282,136,100.0,US.AMZN,8.9,9.34,7.72,7.8446,-0.16980442332297563,2942607286217.8,"成交额 $2,476,372 ≥ 阈值 $500,000 | 成交量 2,917 手",US.AMZN,2026-05-06 08:00:18
US.AMZN260515C230000,AMZN 260515 230.00C,273.55,534,2408987.0,CALL,2026-05-15,230.0,12837,59.77,0.965899372,0.002813596,-0.119224624,0.034018091,10,100.0,US.AMZN,46.25,48.66,43.31,42.4487,0.15920307073661125,2942607286217.8,"成交额 $2,408,987 ≥ 阈值 $500,000 | 成交量 534 手",US.AMZN,2026-05-06 08:00:18
US.AMZN260717C250000,AMZN 260717 250.00C,273.55,735,2337278.0,CALL,2026-07-17,250.0,6132,32.746,0.769723332,0.007591754,-0.101486081,0.371313299,73,100.0,US.AMZN,33.12,35.0,30.48,29.9365,0.08609029427892528,2942607286217.8,"成交额 $2,337,278 ≥ 阈值 $500,000 | 成交量 735 手",US.AMZN,2026-05-06 08:00:18
US.AMZN260821C240000,AMZN 260821 240.00C,273.55,519,2309576.0,CALL,2026-08-21,240.0,36570,37.138,0.788765961,0.005236402,-0.091280552,0.429988853,108,100.0,US.AMZN,45.3,47.3,43.42,42.1937,0.12264668250776826,2942607286217.8,"成交额 $2,309,576 ≥ 阈值 $500,000 | 成交量 519 手",US.AMZN,2026-05-06 08:00:18
US.AMZN260515P272500,AMZN 260515 272.50P,273.55,5327,2267137.0,PUT,2026-05-15,272.5,576,29.467,-0.451612224,0.029969941,-0.261362699,0.177983571,10,100.0,US.AMZN,3.87,5.2,3.13,5.7888,-0.003838420764028555,2942607286217.8,"成交额 $2,267,137 ≥ 阈值 $500,000 | 成交量 5,327 手",US.AMZN,2026-05-06 08:00:18
US.AMZN260618C260000,AMZN 260618 260.00C,273.55,1011,2248780.0,CALL,2026-06-18,260.0,15714,30.946,0.714923204,0.011569939,-0.131547958,0.321957898,44,100.0,US.AMZN,22.02,24.1,19.5,19.2192,0.04953390605008229,2942607286217.8,"成交额 $2,248,780 ≥ 阈值 $500,000 | 成交量 1,011 手",US.AMZN,2026-05-06 08:00:18
US.AMZN260918C240000,AMZN 260918 240.00C,273.55,459,2196165.0,CALL,2026-09-18,240.0,6332,36.557,0.775985351,0.004903282,-0.083834668,0.499229283,136,100.0,US.AMZN,48.21,49.5,45.65,44.4438,0.12264668250776826,2942607286217.8,"成交额 $2,196,165 ≥ 阈值 $500,000 | 成交量 459 手",US.AMZN,2026-05-06 08:00:18
US.AMZN260918C250000,AMZN 260918 250.00C,273.55,560,2173451.0,CALL,2026-09-18,250.0,7251,35.572,0.720904582,0.005661077,-0.08933779,0.560882229,136,100.0,US.AMZN,39.58,42.0,38.29,37.3577,0.08609029427892528,2942607286217.8,"成交额 $2,173,451 ≥ 阈值 $500,000 | 成交量 560 手",US.AMZN,2026-05-06 08:00:18
US.AMZN260618C270000,AMZN 260618 270.00C,273.55,1446,2163031.0,CALL,2026-06-18,270.0,16863,29.955,0.586945065,0.013708592,-0.141418518,0.369300852,44,100.0,US.AMZN,15.19,17.0,13.1,12.9516,0.012977517821239303,2942607286217.8,"成交额 $2,163,031 ≥ 阈值 $500,000 | 成交量 1,446 手",US.AMZN,2026-05-06 08:00:18
US.AMZN260515C210000,AMZN 260515 210.00C,273.55,330,2123030.0,CALL,2026-05-15,210.0,17742,71.705,0.98954888,0.000858844,-0.061224083,0.012461471,10,100.0,US.AMZN,66.5,68.12,63.17,62.3317,0.23231584719429724,2942607286217.8,"成交额 $2,123,030 ≥ 阈值 $500,000 | 成交量 330 手",US.AMZN,2026-05-06 08:00:18
US.AMZN260515C235000,AMZN 260515 235.00C,273.55,524,2070048.0,CALL,2026-05-15,235.0,13193,59.325,0.946967837,0.004050673,-0.162451194,0.048606156,10,100.0,US.AMZN,41.67,43.0,38.02,37.5051,0.14092487662218978,2942607286217.8,"成交额 $2,070,048 ≥ 阈值 $500,000 | 成交量 524 手",US.AMZN,2026-05-06 08:00:18
US.AMZN260515C285000,AMZN 260515 285.00C,273.55,9612,2062452.0,CALL,2026-05-15,285.0,22638,29.416,0.210885504,0.021837213,-0.200421394,0.129901019,10,100.0,US.AMZN,2.31,3.26,1.43,1.58,-0.04185706452202518,2942607286217.8,"成交额 $2,062,452 ≥ 阈值 $500,000 | 成交量 9,612 手",US.AMZN,2026-05-06 08:00:18
US.AMZN260918C325000,AMZN 260918 325.00C,273.55,2650,2054958.0,CALL,2026-09-18,325.0,922,32.498,0.241357758,0.005749185,-0.068124459,0.520305414,136,100.0,US.AMZN,8.25,8.5,6.85,6.8594,-0.18808261743739713,2942607286217.8,"成交额 $2,054,958 ≥ 阈值 $500,000 | 成交量 2,650 手",US.AMZN,2026-05-06 08:00:18
US.AMZN260918C300000,AMZN 260918 300.00C,273.55,1485,2023453.0,CALL,2026-09-18,300.0,10978,32.779,0.384381651,0.006983877,-0.086167742,0.637613964,136,100.0,US.AMZN,14.17,15.41,12.8,12.825,-0.09669164686528967,2942607286217.8,"成交额 $2,023,453 ≥ 阈值 $500,000 | 成交量 1,485 手",US.AMZN,2026-05-06 08:00:18
US.AMZN260515C250000,AMZN 260515 250.00C,273.55,769,1999662.0,CALL,2026-05-15,250.0,30511,38.036,0.931423992,0.00772546,-0.134237852,0.059426369,10,100.0,US.AMZN,26.65,29.0,23.2,22.9247,0.08609029427892528,2942607286217.8,"成交额 $1,999,662 ≥ 阈值 $500,000 | 成交量 769 手",US.AMZN,2026-05-06 08:00:18
US.AMZN260618C230000,AMZN 260618 230.00C,273.55,413,1975603.0,CALL,2026-06-18,230.0,23264,39.232,0.915438682,0.004166287,-0.085839731,0.146961063,44,100.0,US.AMZN,48.07,50.45,45.2,44.4204,0.15920307073661125,2942607286217.8,"成交额 $1,975,603 ≥ 阈值 $500,000 | 成交量 413 手",US.AMZN,2026-05-06 08:00:18
US.AMZN260506C270000,AMZN 260506 270.00C,273.55,3326,1966482.0,CALL,2026-05-06,270.0,2978,36.022,0.775720329,0.062343962,-0.859340389,0.039898716,1,100.0,US.AMZN,6.4,8.85,3.55,3.8266,0.012977517821239303,2942607286217.8,"成交额 $1,966,482 ≥ 阈值 $500,000 | 成交量 3,326 手",US.AMZN,2026-05-06 08:00:18
US.AMZN260515C245000,AMZN 260515 245.00C,273.55,588,1858077.0,CALL,2026-05-15,245.0,25544,45.944,0.934471577,0.006174743,-0.152095618,0.05737752,10,100.0,US.AMZN,31.72,33.5,28.58,27.7049,0.10436848839334678,2942607286217.8,"成交额 $1,858,077 ≥ 阈值 $500,000 | 成交量 588 手",US.AMZN,2026-05-06 08:00:18
US.AMZN260508C255000,AMZN 260508 255.00C,273.55,930,1791814.0,CALL,2026-05-08,255.0,2443,65.902,0.891843816,0.011627282,-0.507882466,0.045030792,3,100.0,US.AMZN,20.95,23.06,18.2,17.4479,0.06781210016450379,2942607286217.8,"成交额 $1,791,814 ≥ 阈值 $500,000 | 成交量 930 手",US.AMZN,2026-05-06 08:00:18
US.AMZN260508C260000,AMZN 260508 260.00C,273.55,1144,1790936.0,CALL,2026-05-08,260.0,21702,42.389,0.916005195,0.015007717,-0.272317255,0.037381398,3,100.0,US.AMZN,17.0,18.8,13.19,12.7442,0.04953390605008229,2942607286217.8,"成交额 $1,790,936 ≥ 阈值 $500,000 | 成交量 1,144 手",US.AMZN,2026-05-06 08:00:18
US.AMZN260508C285000,AMZN 260508 285.00C,273.55,21121,1784550.0,CALL,2026-05-08,285.0,9078,35.032,0.097483657,0.020282152,-0.233331279,0.04174707,3,100.0,US.AMZN,0.88,1.54,0.31,0.495,-0.04185706452202518,2942607286217.8,"成交额 $1,784,550 ≥ 阈值 $500,000 | 成交量 21,121 手",US.AMZN,2026-05-06 08:00:18
US.AMZN260506P272500,AMZN 260506 272.50P,273.55,13843,1767191.0,PUT,2026-05-06,272.5,570,35.09,-0.405842685,0.08292515,-1.061807847,0.051686259,1,100.0,US.AMZN,1.2,2.15,0.57,2.8054,-0.003838420764028555,2942607286217.8,"成交额 $1,767,191 ≥ 阈值 $500,000 | 成交量 13,843 手",US.AMZN,2026-05-06 08:00:18
US.AMZN260618C250000,AMZN 260618 250.00C,273.55,592,1739944.0,CALL,2026-06-18,250.0,21494,32.834,0.812212533,0.008652211,-0.115161073,0.255429182,44,100.0,US.AMZN,29.95,32.18,27.36,26.8,0.08609029427892528,2942607286217.8,"成交额 $1,739,944 ≥ 阈值 $500,000 | 成交量 592 手",US.AMZN,2026-05-06 08:00:18
US.AMZN260508P275000,AMZN 260508 275.00P,273.55,5862,1723287.0,PUT,2026-05-08,275.0,3336,32.9,-0.562804719,0.049484775,-0.589467535,0.09548034,3,100.0,US.AMZN,2.72,4.61,2.12,5.3103,0.005300676293182192,2942607286217.8,"成交额 $1,723,287 ≥ 阈值 $500,000 | 成交量 5,862 手",US.AMZN,2026-05-06 08:00:18
US.AMZN260821C300000,AMZN 260821 300.00C,273.55,1416,1677731.0,CALL,2026-08-21,300.0,11175,33.141,0.358409466,0.007579499,-0.094136073,0.555440358,108,100.0,US.AMZN,10.9,13.0,10.5,10.5,-0.09669164686528967,2942607286217.8,"成交额 $1,677,731 ≥ 阈值 $500,000 | 成交量 1,416 手",US.AMZN,2026-05-06 08:00:18
US.AMZN260821C320000,AMZN 260821 320.00C,273.55,2526,1663599.0,CALL,2026-08-21,320.0,39240,32.844,0.232977693,0.006261696,-0.074992643,0.45468768,108,100.0,US.AMZN,6.7,7.55,5.8,5.9438,-0.16980442332297563,2942607286217.8,"成交额 $1,663,599 ≥ 阈值 $500,000 | 成交量 2,526 手",US.AMZN,2026-05-06 08:00:18
US.AMZN260515C262500,AMZN 260515 262.50C,273.55,1128,1615676.0,CALL,2026-05-15,262.5,4160,32.244,0.794685901,0.019610045,-0.231536047,0.127872641,10,100.0,US.AMZN,14.6,16.7,12.78,12.0486,0.040394808992871546,2942607286217.8,"成交额 $1,615,676 ≥ 阈值 $500,000 | 成交量 1,128 手",US.AMZN,2026-05-06 08:00:18
US.AMZN260515C270000,AMZN 260515 270.00C,273.55,1751,1604333.0,CALL,2026-05-15,270.0,23520,30.483,0.619912537,0.02777343,-0.287311065,0.171251946,10,100.0,US.AMZN,9.3,11.2,6.95,6.9382,0.012977517821239303,2942607286217.8,"成交额 $1,604,333 ≥ 阈值 $500,000 | 成交量 1,751 手",US.AMZN,2026-05-06 08:00:18
US.AMZN260515C255000,AMZN 260515 255.00C,273.55,758,1575743.0,CALL,2026-05-15,255.0,18602,35.445,0.894514518,0.011444286,-0.167992348,0.082030564,10,100.0,US.AMZN,21.88,24.07,18.78,18.3141,0.06781210016450379,2942607286217.8,"成交额 $1,575,743 ≥ 阈值 $500,000 | 成交量 758 手",US.AMZN,2026-05-06 08:00:18
US.AMZN260515C240000,AMZN 260515 240.00C,273.55,439,1545915.0,CALL,2026-05-15,240.0,14766,53.555,0.938360875,0.005050918,-0.165823583,0.054711958,10,100.0,US.AMZN,36.6,38.84,33.02,32.5746,0.12264668250776826,2942607286217.8,"成交额 $1,545,915 ≥ 阈值 $500,000 | 成交量 439 手",US.AMZN,2026-05-06 08:00:18
US.AMZN260821C280000,AMZN 260821 280.00C,273.55,782,1510534.0,CALL,2026-08-21,280.0,13672,33.857,0.509437965,0.007921337,-0.105309872,0.593090712,108,100.0,US.AMZN,20.1,21.25,17.98,17.825,-0.023578870407603685,2942607286217.8,"成交额 $1,510,534 ≥ 阈值 $500,000 | 成交量 782 手",US.AMZN,2026-05-06 08:00:18
US.AMZN260717C230000,AMZN 260717 230.00C,273.55,300,1482890.0,CALL,2026-07-17,230.0,4320,36.776,0.881305836,0.004416149,-0.080412927,0.242550627,73,100.0,US.AMZN,50.7,52.0,47.32,46.5035,0.15920307073661125,2942607286217.8,"成交额 $1,482,890 ≥ 阈值 $500,000 | 成交量 300 手",US.AMZN,2026-05-06 08:00:18
US.AMZN260821C260000,AMZN 260821 260.00C,273.55,482,1457381.0,CALL,2026-08-21,260.0,29505,35.157,0.661832849,0.006993848,-0.10388974,0.543727245,108,100.0,US.AMZN,31.1,32.64,28.9,28.3711,0.04953390605008229,2942607286217.8,"成交额 $1,457,381 ≥ 阈值 $500,000 | 成交量 482 手",US.AMZN,2026-05-06 08:00:18
US.AMZN260515C277500,AMZN 260515 277.50C,273.55,3035,1450144.0,CALL,2026-05-15,277.5,1018,29.414,0.400526936,0.029213438,-0.275831216,0.173812183,10,100.0,US.AMZN,4.6,6.4,3.4,3.525,-0.01443977335039294,2942607286217.8,"成交额 $1,450,144 ≥ 阈值 $500,000 | 成交量 3,035 手",US.AMZN,2026-05-06 08:00:18
US.AMZN260511C275000,AMZN 260511 275.00C,273.55,3196,1429273.0,CALL,2026-05-11,275.0,518,27.475,0.453186991,0.041578974,-0.348332452,0.137400771,6,100.0,US.AMZN,4.72,6.26,2.9,3.015,-0.005300676293182192,2942607286217.8,"成交额 $1,429,273 ≥ 阈值 $500,000 | 成交量 3,196 手",US.AMZN,2026-05-06 08:00:18
US.AMZN260717C275000,AMZN 260717 275.00C,273.55,872,1413166.0,CALL,2026-07-17,275.0,6927,30.161,0.532634688,0.010785744,-0.113924606,0.485968616,73,100.0,US.AMZN,16.68,17.8,14.31,14.25,-0.005300676293182192,2942607286217.8,"成交额 $1,413,166 ≥ 阈值 $500,000 | 成交量 872 手",US.AMZN,2026-05-06 08:00:18
US.AMZN260506P277500,AMZN 260506 277.50P,273.55,4913,1381237.0,PUT,2026-05-06,277.5,229,33.441,-0.807330397,0.061647805,-0.68707045,0.036454683,1,100.0,US.AMZN,2.8,5.1,2.02,6.1837,0.01443977335039294,2942607286217.8,"成交额 $1,381,237 ≥ 阈值 $500,000 | 成交量 4,913 手",US.AMZN,2026-05-06 08:00:18
US.AMZN260821C275000,AMZN 260821 275.00C,273.55,628,1371689.0,CALL,2026-08-21,275.0,3020,34.445,0.548807987,0.007729903,-0.107063701,0.588812263,108,100.0,US.AMZN,22.56,23.78,20.36,20.1625,-0.005300676293182192,2942607286217.8,"成交额 $1,371,689 ≥ 阈值 $500,000 | 成交量 628 手",US.AMZN,2026-05-06 08:00:18
US.AMZN260618P275000,AMZN 260618 275.00P,273.55,1255,1368608.0,PUT,2026-06-18,275.0,3449,28.888,-0.487221848,0.014743296,-0.112854327,0.377150557,44,100.0,US.AMZN,10.29,11.67,9.35,12.054,0.005300676293182192,2942607286217.8,"成交额 $1,368,608 ≥ 阈值 $500,000 | 成交量 1,255 手",US.AMZN,2026-05-06 08:00:18
US.AMZN260508P272500,AMZN 260508 272.50P,273.55,5976,1360366.0,PUT,2026-05-08,272.5,2600,33.111,-0.438515988,0.049152987,-0.598233928,0.095543128,3,100.0,US.AMZN,2.19,3.4,1.38,3.906,-0.003838420764028555,2942607286217.8,"成交额 $1,360,366 ≥ 阈值 $500,000 | 成交量 5,976 手",US.AMZN,2026-05-06 08:00:18
US.AMZN260717C280000,AMZN 260717 280.00C,273.55,972,1336465.0,CALL,2026-07-17,280.0,6516,29.792,0.478422333,0.010940048,-0.111629483,0.486883648,73,100.0,US.AMZN,13.65,15.31,12.1,12.0,-0.023578870407603685,2942607286217.8,"成交额 $1,336,465 ≥ 阈值 $500,000 | 成交量 972 手",US.AMZN,2026-05-06 08:00:18
US.AMZN260618C310000,AMZN 260618 310.00C,273.55,6068,1281714.0,CALL,2026-06-18,310.0,37614,29.001,0.124967335,0.007483385,-0.067512026,0.195093494,44,100.0,US.AMZN,1.98,2.55,1.53,1.58,-0.13324803509413266,2942607286217.8,"成交额 $1,281,714 ≥ 阈值 $500,000 | 成交量 6,068 手",US.AMZN,2026-05-06 08:00:18
US.AMZN260618C220000,AMZN 260618 220.00C,273.55,220,1277919.0,CALL,2026-06-18,220.0,27487,42.798,0.942011705,0.002857507,-0.073414358,0.10996781,44,100.0,US.AMZN,58.0,60.0,55.39,53.9109,0.19575945896545424,2942607286217.8,"成交额 $1,277,919 ≥ 阈值 $500,000 | 成交量 220 手",US.AMZN,2026-05-06 08:00:18
US.AMZN260618P250000,AMZN 260618 250.00P,273.55,3931,1179702.0,PUT,2026-06-18,250.0,10502,31.825,-0.18207167,0.008773382,-0.086379148,0.25038104,44,100.0,US.AMZN,2.84,3.4,2.58,3.5805,-0.08609029427892528,2942607286217.8,"成交额 $1,179,702 ≥ 阈值 $500,000 | 成交量 3,931 手",US.AMZN,2026-05-06 08:00:18
US.AMZN260522C280000,AMZN 260522 280.00C,273.55,2031,1081185.0,CALL,2026-05-22,280.0,4719,29.131,0.37673478,0.022167653,-0.205133818,0.223288928,17,100.0,US.AMZN,5.35,6.72,3.95,4.075,-0.023578870407603685,2942607286217.8,"成交额 $1,081,185 ≥ 阈值 $500,000 | 成交量 2,031 手",US.AMZN,2026-05-06 08:00:18
US.AMZN260618P270000,AMZN 260618 270.00P,273.55,1265,1067538.0,PUT,2026-06-18,270.0,3963,29.341,-0.414710656,0.014129718,-0.113679442,0.368941163,44,100.0,US.AMZN,7.8,9.15,7.27,9.7,-0.012977517821239303,2942607286217.8,"成交额 $1,067,538 ≥ 阈值 $500,000 | 成交量 1,265 手",US.AMZN,2026-05-06 08:00:18
US.AMZN260506C267500,AMZN 260506 267.50C,273.55,1308,1049075.0,CALL,2026-05-06,267.5,1269,39.089,0.882614632,0.037797697,-0.609049955,0.026247199,1,100.0,US.AMZN,9.1,11.15,5.5,5.6275,0.02211661487845005,2942607286217.8,"成交额 $1,049,075 ≥ 阈值 $500,000 | 成交量 1,308 手",US.AMZN,2026-05-06 08:00:18
US.AMZN260717C290000,AMZN 260717 290.00C,273.55,1071,1048381.0,CALL,2026-07-17,290.0,8660,29.353,0.372797541,0.01054953,-0.102705901,0.462561024,73,100.0,US.AMZN,9.8,10.83,8.25,8.25,-0.06013525863644668,2942607286217.8,"成交额 $1,048,381 ≥ 阈值 $500,000 | 成交量 1,071 手",US.AMZN,2026-05-06 08:00:18
US.AMZN260821C250000,AMZN 260821 250.00C,273.55,282,1041950.0,CALL,2026-08-21,250.0,13280,35.988,0.729983276,0.006178365,-0.098461071,0.491664405,108,100.0,US.AMZN,38.2,39.75,35.4,34.9153,0.08609029427892528,2942607286217.8,"成交额 $1,041,950 ≥ 阈值 $500,000 | 成交量 282 手",US.AMZN,2026-05-06 08:00:18
US.AMZN260717C285000,AMZN 260717 285.00C,273.55,901,1026637.0,CALL,2026-07-17,285.0,4156,29.551,0.424779667,0.010848268,-0.107923105,0.478890208,73,100.0,US.AMZN,11.9,13.0,10.0,10.0,-0.04185706452202518,2942607286217.8,"成交额 $1,026,637 ≥ 阈值 $500,000 | 成交量 901 手",US.AMZN,2026-05-06 08:00:18
US.AMZN260515P277500,AMZN 260515 277.50P,273.55,1621,1016137.0,PUT,2026-05-15,277.5,239,28.88,-0.603216647,0.029891481,-0.24456319,0.173153401,10,100.0,US.AMZN,6.25,7.45,5.0,8.6963,0.01443977335039294,2942607286217.8,"成交额 $1,016,137 ≥ 阈值 $500,000 | 成交量 1,621 手",US.AMZN,2026-05-06 08:00:18
US.AMZN260618C265000,AMZN 260618 265.00C,273.55,556,1014157.0,CALL,2026-06-18,265.0,20884,30.473,0.653459316,0.012770458,-0.138318794,0.349958387,44,100.0,US.AMZN,18.51,20.5,16.15,15.8755,0.0312557119356608,2942607286217.8,"成交额 $1,014,157 ≥ 阈值 $500,000 | 成交量 556 手",US.AMZN,2026-05-06 08:00:18
US.AMZN260717C260000,AMZN 260717 260.00C,273.55,404,995162.0,CALL,2026-07-17,260.0,7271,31.441,0.685603826,0.009236427,-0.110166504,0.433791814,73,100.0,US.AMZN,27.0,27.5,23.36,22.8237,0.04953390605008229,2942607286217.8,"成交额 $995,162 ≥ 阈值 $500,000 | 成交量 404 手",US.AMZN,2026-05-06 08:00:18
US.AMZN260506C282500,AMZN 260506 282.50C,273.55,15054,914798.0,CALL,2026-05-06,282.5,4249,40.174,0.051519879,0.019723317,-0.312852093,0.014078537,1,100.0,US.AMZN,0.5,1.22,0.1,0.26,-0.03271796746481443,2942607286217.8,"成交额 $914,798 ≥ 阈值 $500,000 | 成交量 15,054 手",US.AMZN,2026-05-06 08:00:18
US.AMZN260918C270000,AMZN 260918 270.00C,273.55,304,836617.0,CALL,2026-09-18,270.0,9299,34.124,0.591615469,0.006819192,-0.095043932,0.648179682,136,100.0,US.AMZN,28.1,29.17,25.55,25.231,0.012977517821239303,2942607286217.8,"成交额 $836,617 ≥ 阈值 $500,000 | 成交量 304 手",US.AMZN,2026-05-06 08:00:18
US.AMZN260529C270000,AMZN 260529 270.00C,273.55,690,833669.0,CALL,2026-05-29,270.0,1704,29.472,0.595796791,0.018790482,-0.184238703,0.270968324,24,100.0,US.AMZN,12.0,13.79,9.75,9.8578,0.012977517821239303,2942607286217.8,"成交额 $833,669 ≥ 阈值 $500,000 | 成交量 690 手",US.AMZN,2026-05-06 08:00:18
US.AMZN260618C290000,AMZN 260618 290.00C,273.55,1377,832723.0,CALL,2026-06-18,290.0,11747,28.73,0.311104087,0.012968444,-0.11806241,0.335026789,44,100.0,US.AMZN,5.95,7.15,4.9,4.9,-0.06013525863644668,2942607286217.8,"成交额 $832,723 ≥ 阈值 $500,000 | 成交量 1,377 手",US.AMZN,2026-05-06 08:00:18
US.AMZN261120C300000,AMZN 261120 300.00C,273.55,429,827283.0,CALL,2026-11-20,300.0,2882,34.092,0.435516659,0.00571892,-0.078133151,0.795037262,199,100.0,US.AMZN,21.25,21.73,18.75,18.8378,-0.09669164686528967,2942607286217.8,"成交额 $827,283 ≥ 阈值 $500,000 | 成交量 429 手",US.AMZN,2026-05-06 08:00:18
US.AMZN260717C270000,AMZN 260717 270.00C,273.55,431,810677.0,CALL,2026-07-17,270.0,6858,30.504,0.58594494,0.010450976,-0.114215626,0.476236113,73,100.0,US.AMZN,19.1,20.95,16.99,16.8895,0.012977517821239303,2942607286217.8,"成交额 $810,677 ≥ 阈值 $500,000 | 成交量 431 手",US.AMZN,2026-05-06 08:00:18
US.AMZN260506P270000,AMZN 260506 270.00P,273.55,12047,758017.0,PUT,2026-05-06,270.0,1891,36.1,-0.224801356,0.062297439,-0.835665446,0.039949774,1,100.0,US.AMZN,0.45,1.14,0.29,1.69,-0.012977517821239303,2942607286217.8,"成交额 $758,017 ≥ 阈值 $500,000 | 成交量 12,047 手",US.AMZN,2026-05-06 08:00:18
US.AMZN260508C265000,AMZN 260508 265.00C,273.55,662,755504.0,CALL,2026-05-08,265.0,4357,37.109,0.839073457,0.027147674,-0.402921247,0.059194626,3,100.0,US.AMZN,11.6,14.03,8.64,8.4693,0.0312557119356608,2942607286217.8,"成交额 $755,504 ≥ 阈值 $500,000 | 成交量 662 手",US.AMZN,2026-05-06 08:00:18
US.AMZN260821C315000,AMZN 260821 315.00C,273.55,961,745066.0,CALL,2026-08-21,315.0,4432,32.876,0.261062535,0.006648577,-0.080110114,0.483271494,108,100.0,US.AMZN,8.3,8.55,6.97,6.8529,-0.15152622920855416,2942607286217.8,"成交额 $745,066 ≥ 阈值 $500,000 | 成交量 961 手",US.AMZN,2026-05-06 08:00:18
US.AMZN260821C255000,AMZN 260821 255.00C,273.55,216,727030.0,CALL,2026-08-21,255.0,3234,35.566,0.696833111,0.006605064,-0.101535529,0.519459812,108,100.0,US.AMZN,35.41,36.0,31.7,31.5704,0.06781210016450379,2942607286217.8,"成交额 $727,030 ≥ 阈值 $500,000 | 成交量 216 手",US.AMZN,2026-05-06 08:00:18
US.AMZN260529C275000,AMZN 260529 275.00C,273.55,784,719651.0,CALL,2026-05-29,275.0,7782,28.606,0.498696919,0.019936638,-0.181825225,0.279057633,24,100.0,US.AMZN,8.9,10.61,7.2,7.175,-0.005300676293182192,2942607286217.8,"成交额 $719,651 ≥ 阈值 $500,000 | 成交量 784 手",US.AMZN,2026-05-06 08:00:18
US.AMZN260605P270000,AMZN 260605 270.00P,273.55,1175,711550.0,PUT,2026-06-05,270.0,1231,28.881,-0.409426983,0.017022154,-0.135277696,0.308685927,31,100.0,US.AMZN,6.4,7.5,5.45,8.0,-0.012977517821239303,2942607286217.8,"成交额 $711,550 ≥ 阈值 $500,000 | 成交量 1,175 手",US.AMZN,2026-05-06 08:00:18
US.AMZN260918C265000,AMZN 260918 265.00C,273.55,242,707563.0,CALL,2026-09-18,265.0,3042,34.4,0.625735869,0.006600532,-0.094360516,0.632457189,136,100.0,US.AMZN,31.2,31.2,28.54,28.0955,0.0312557119356608,2942607286217.8,"成交额 $707,563 ≥ 阈值 $500,000 | 成交量 242 手",US.AMZN,2026-05-06 08:00:18
US.AMZN260821C285000,AMZN 260821 285.00C,273.55,412,704303.0,CALL,2026-08-21,285.0,3274,33.628,0.470408371,0.007955457,-0.103598348,0.591618003,108,100.0,US.AMZN,17.25,18.66,15.81,15.7,-0.04185706452202518,2942607286217.8,"成交额 $704,303 ≥ 阈值 $500,000 | 成交量 412 手",US.AMZN,2026-05-06 08:00:18
US.AMZN260508P270000,AMZN 260508 270.00P,273.55,4603,695111.0,PUT,2026-05-08,270.0,8779,33.606,-0.321841512,0.044020194,-0.542975023,0.086883099,3,100.0,US.AMZN,1.1,2.29,0.89,2.76,-0.012977517821239303,2942607286217.8,"成交额 $695,111 ≥ 阈值 $500,000 | 成交量 4,603 手",US.AMZN,2026-05-06 08:00:18
US.AMZN260605C280000,AMZN 260605 280.00C,273.55,931,688111.0,CALL,2026-06-05,280.0,719,28.872,0.421113275,0.017028879,-0.157384442,0.311119585,31,100.0,US.AMZN,8.35,9.2,6.39,6.225,-0.023578870407603685,2942607286217.8,"成交额 $688,111 ≥ 阈值 $500,000 | 成交量 931 手",US.AMZN,2026-05-06 08:00:18
US.AMZN260522C255000,AMZN 260522 255.00C,273.55,290,655647.0,CALL,2026-05-22,255.0,1025,33.393,0.850242686,0.011860969,-0.156802492,0.136917229,17,100.0,US.AMZN,23.5,24.45,19.9,19.2699,0.06781210016450379,2942607286217.8,"成交额 $655,647 ≥ 阈值 $500,000 | 成交量 290 手",US.AMZN,2026-05-06 08:00:18
US.AMZN260522C277500,AMZN 260522 277.50C,273.55,1153,637485.0,CALL,2026-05-22,277.5,102,29.244,0.432524453,0.022865968,-0.214565329,0.231224342,17,100.0,US.AMZN,7.7,8.0,4.9,4.975,-0.01443977335039294,2942607286217.8,"成交额 $637,485 ≥ 阈值 $500,000 | 成交量 1,153 手",US.AMZN,2026-05-06 08:00:18
US.AMZN260821C270000,AMZN 260821 270.00C,273.55,257,619974.0,CALL,2026-08-21,270.0,6055,34.415,0.587325129,0.00760751,-0.106218933,0.578984057,108,100.0,US.AMZN,25.0,26.64,23.2,22.73,0.012977517821239303,2942607286217.8,"成交额 $619,974 ≥ 阈值 $500,000 | 成交量 257 手",US.AMZN,2026-05-06 08:00:18
US.AMZN260515C272500,AMZN 260515 272.50C,273.55,825,604818.0,CALL,2026-05-15,272.5,2437,30.12,0.548638429,0.029229874,-0.29339942,0.178090493,10,100.0,US.AMZN,7.7,9.5,5.61,5.625,0.003838420764028555,2942607286217.8,"成交额 $604,818 ≥ 阈值 $500,000 | 成交量 825 手",US.AMZN,2026-05-06 08:00:18
US.AMZN260508C267500,AMZN 260508 267.50C,273.55,717,601258.0,CALL,2026-05-08,267.5,3459,35.818,0.767119207,0.035211983,-0.504129075,0.074113345,3,100.0,US.AMZN,9.5,11.8,7.0,6.6285,0.02211661487845005,2942607286217.8,"成交额 $601,258 ≥ 阈值 $500,000 | 成交量 717 手",US.AMZN,2026-05-06 08:00:18
US.AMZN260618P280000,AMZN 260618 280.00P,273.55,471,599929.0,PUT,2026-06-18,280.0,1082,28.402,-0.561654189,0.014925428,-0.107656873,0.372408744,44,100.0,US.AMZN,12.6,14.07,11.6,15.0414,0.023578870407603685,2942607286217.8,"成交额 $599,929 ≥ 阈值 $500,000 | 成交量 471 手",US.AMZN,2026-05-06 08:00:18
US.AMZN261016C275000,AMZN 261016 275.00C,273.55,221,599777.0,CALL,2026-10-16,275.0,1283,33.657,0.56416568,0.006382983,-0.086999431,0.721735437,164,100.0,US.AMZN,27.87,29.0,25.5,25.2567,-0.005300676293182192,2942607286217.8,"成交额 $599,777 ≥ 阈值 $500,000 | 成交量 221 手",US.AMZN,2026-05-06 08:00:18
US.AMZN260821C290000,AMZN 260821 290.00C,273.55,408,599621.0,CALL,2026-08-21,290.0,3595,33.425,0.431910458,0.007908685,-0.101087137,0.584578316,108,100.0,US.AMZN,16.25,16.44,14.1,13.8,-0.06013525863644668,2942607286217.8,"成交额 $599,621 ≥ 阈值 $500,000 | 成交量 408 手",US.AMZN,2026-05-06 08:00:18
US.AMZN260918P275000,AMZN 260918 275.00P,273.55,294,590789.0,PUT,2026-09-18,275.0,502,32.896,-0.450738728,0.007394166,-0.068426523,0.657703614,136,100.0,US.AMZN,19.4,21.3,19.4,21.925,0.005300676293182192,2942607286217.8,"成交额 $590,789 ≥ 阈值 $500,000 | 成交量 294 手",US.AMZN,2026-05-06 08:00:18
US.AMZN260618P265000,AMZN 260618 265.00P,273.55,923,589712.0,PUT,2026-06-18,265.0,2435,30.369,-0.348092791,0.012909711,-0.112973553,0.35004619,44,100.0,US.AMZN,6.41,7.2,5.67,7.625,-0.0312557119356608,2942607286217.8,"成交额 $589,712 ≥ 阈值 $500,000 | 成交量 923 手",US.AMZN,2026-05-06 08:00:18
US.AMZN260529C280000,AMZN 260529 280.00C,273.55,882,589426.0,CALL,2026-05-29,280.0,1298,28.513,0.401045872,0.019383409,-0.173423021,0.270416888,24,100.0,US.AMZN,6.55,8.0,5.0,5.1,-0.023578870407603685,2942607286217.8,"成交额 $589,426 ≥ 阈值 $500,000 | 成交量 882 手",US.AMZN,2026-05-06 08:00:18
US.AMZN260821P260000,AMZN 260821 260.00P,273.55,469,588782.0,PUT,2026-08-21,260.0,2370,34.322,-0.339550574,0.007252194,-0.077858717,0.543398839,108,100.0,US.AMZN,11.5,13.1,11.5,13.3,-0.04953390605008229,2942607286217.8,"成交额 $588,782 ≥ 阈值 $500,000 | 成交量 469 手",US.AMZN,2026-05-06 08:00:18
US.AMZN260515P275000,AMZN 260515 275.00P,273.55,1099,588590.0,PUT,2026-05-15,275.0,575,29.074,-0.527582696,0.030576031,-0.257138149,0.178830945,10,100.0,US.AMZN,4.85,6.54,4.0,7.1669,0.005300676293182192,2942607286217.8,"成交额 $588,590 ≥ 阈值 $500,000 | 成交量 1,099 手",US.AMZN,2026-05-06 08:00:18
US.AMZN260522C290000,AMZN 260522 290.00C,273.55,2327,572630.0,CALL,2026-05-22,290.0,2219,29.406,0.193335217,0.015861218,-0.145850967,0.161227911,17,100.0,US.AMZN,2.5,3.1,1.63,1.6987,-0.06013525863644668,2942607286217.8,"成交额 $572,630 ≥ 阈值 $500,000 | 成交量 2,327 手",US.AMZN,2026-05-06 08:00:18
US.AMZN260508P277500,AMZN 260508 277.50P,273.55,1349,568463.0,PUT,2026-05-08,277.5,47,32.509,-0.682711296,0.045384361,-0.508565883,0.086323242,3,100.0,US.AMZN,4.3,6.27,3.15,7.0113,0.01443977335039294,2942607286217.8,"成交额 $568,463 ≥ 阈值 $500,000 | 成交量 1,349 手",US.AMZN,2026-05-06 08:00:18
US.AMZN260605C270000,AMZN 260605 270.00C,273.55,445,563050.0,CALL,2026-06-05,270.0,3863,29.463,0.591382667,0.016572741,-0.163603615,0.308986244,31,100.0,US.AMZN,13.45,15.0,10.95,10.8127,0.012977517821239303,2942607286217.8,"成交额 $563,050 ≥ 阈值 $500,000 | 成交量 445 手",US.AMZN,2026-05-06 08:00:18
US.AMZN260618C305000,AMZN 260618 305.00C,273.55,1902,557868.0,CALL,2026-06-18,305.0,8899,28.771,0.159260933,0.008890597,-0.079428893,0.229943859,44,100.0,US.AMZN,2.53,3.32,2.06,2.1,-0.11496984097971116,2942607286217.8,"成交额 $557,868 ≥ 阈值 $500,000 | 成交量 1,902 手",US.AMZN,2026-05-06 08:00:18
US.AMZN260508C282500,AMZN 260508 282.50C,273.55,3970,552643.0,CALL,2026-05-08,282.5,1484,33.949,0.147894195,0.02806264,-0.324562278,0.055975763,3,100.0,US.AMZN,1.38,2.25,0.61,0.75,-0.03271796746481443,2942607286217.8,"成交额 $552,643 ≥ 阈值 $500,000 | 成交量 3,970 手",US.AMZN,2026-05-06 08:00:18
US.AMZN260918P230000,AMZN 260918 230.00P,273.55,882,539376.0,PUT,2026-09-18,230.0,5625,36.39,-0.172020037,0.004216002,-0.052469289,0.425012831,136,100.0,US.AMZN,5.8,6.47,5.65,6.55,-0.15920307073661125,2942607286217.8,"成交额 $539,376 ≥ 阈值 $500,000 | 成交量 882 手",US.AMZN,2026-05-06 08:00:18
US.AMZN260717P290000,AMZN 260717 290.00P,273.55,257,537777.0,PUT,2026-07-17,290.0,183,28.483,-0.642346769,0.011259676,-0.074005309,0.452302326,73,100.0,US.AMZN,20.25,21.7,20.25,24.2276,0.06013525863644668,2942607286217.8,"成交额 $537,777 ≥ 阈值 $500,000 | 成交量 257 手",US.AMZN,2026-05-06 08:00:18
US.AMZN260515P265000,AMZN 260515 265.00P,273.55,2681,521866.0,PUT,2026-05-15,265.0,5491,30.672,-0.250426839,0.023077772,-0.219411491,0.142975901,10,100.0,US.AMZN,1.81,2.5,1.39,2.82,-0.0312557119356608,2942607286217.8,"成交额 $521,866 ≥ 阈值 $500,000 | 成交量 2,681 手",US.AMZN,2026-05-06 08:00:18
US.AMZN261120P195000,AMZN 261120 195.00P,273.55,1421,511550.0,PUT,2026-11-20,195.0,1912,39.922,-0.087531989,0.001976808,-0.029921484,0.321010785,199,100.0,US.AMZN,3.6,3.6,3.5,3.85,-0.2871504295375617,2942607286217.8,"成交额 $511,550 ≥ 阈值 $500,000 | 成交量 1,421 手",US.AMZN,2026-05-06 08:00:18
US.AMZN260717C295000,AMZN 260717 295.00C,273.55,669,509427.0,CALL,2026-07-17,295.0,2305,29.23,0.323740155,0.010058168,-0.096380873,0.439134546,73,100.0,US.AMZN,8.0,9.0,6.67,6.8,-0.07841345275086817,2942607286217.8,"成交额 $509,427 ≥ 阈值 $500,000 | 成交量 669 手",US.AMZN,2026-05-06 08:00:18
US.AMZN260918C310000,AMZN 260918 310.00C,273.55,460,509325.0,CALL,2026-09-18,310.0,1695,32.588,0.322115924,0.006593073,-0.079583053,0.598399834,136,100.0,US.AMZN,11.5,12.0,10.0,10.0,-0.13324803509413266,2942607286217.8,"成交额 $509,325 ≥ 阈值 $500,000 | 成交量 460 手",US.AMZN,2026-05-06 08:00:18
US.AMZN261120C325000,AMZN 261120 325.00C,273.55,402,506144.0,CALL,2026-11-20,325.0,1850,33.318,0.309476544,0.005239677,-0.066898225,0.711786815,199,100.0,US.AMZN,12.98,12.98,12.09,11.75,-0.18808261743739713,2942607286217.8,"成交额 $506,144 ≥ 阈值 $500,000 | 成交量 402 手",US.AMZN,2026-05-06 08:00:18
US.ARM260618C200000,ARM 260618 200.00C,208.84,740,1863690.0,CALL,2026-06-18,200.0,2988,75.526,0.622766511,0.006947577,-0.24844303,0.275046236,44,100.0,US.ARM,28.0,30.0,24.55,24.0923,0.04232905573644897,221788080000.0,"成交额 $1,863,690 ≥ 阈值 $500,000 | 成交量 740 手",US.ARM,2026-05-06 08:00:45
US.ARM260508C220000,ARM 260508 220.00C,208.84,1986,1564513.0,CALL,2026-05-08,220.0,2989,160.815,0.385152417,0.012843061,-2.169765478,0.070761613,3,100.0,US.ARM,7.95,9.81,6.05,5.7027,-0.05343803868990613,221788080000.0,"成交额 $1,564,513 ≥ 阈值 $500,000 | 成交量 1,986 手",US.ARM,2026-05-06 08:00:45
US.ARM260529C205000,ARM 260529 205.00C,208.84,701,1453118.0,CALL,2026-05-29,205.0,79,82.091,0.581084235,0.008911422,-0.372794076,0.208632544,24,100.0,US.ARM,20.85,22.5,18.55,17.313,0.018387282129860197,221788080000.0,"成交额 $1,453,118 ≥ 阈值 $500,000 | 成交量 701 手",US.ARM,2026-05-06 08:00:45
US.ARM260529C200000,ARM 260529 200.00C,208.84,611,1419777.0,CALL,2026-05-29,200.0,135,81.72,0.626580207,0.008677272,-0.360648994,0.20223154,24,100.0,US.ARM,21.2,24.71,20.0,19.4985,0.04232905573644897,221788080000.0,"成交额 $1,419,777 ≥ 阈值 $500,000 | 成交量 611 手",US.ARM,2026-05-06 08:00:45
US.ARM260508C147000,ARM 260508 147.00C,208.84,212,1262168.0,CALL,2026-05-08,147.0,271,0.0,0.0,0.0,0.0,0.0,3,100.0,US.ARM,65.52,65.52,58.04,56.5358,0.29611185596628997,221788080000.0,"成交额 $1,262,168 ≥ 阈值 $500,000 | 成交量 212 手",US.ARM,2026-05-06 08:00:45
US.ARM260918C250000,ARM 260918 250.00C,208.84,543,1259712.0,CALL,2026-09-18,250.0,176,72.311,0.437799543,0.004277172,-0.14058117,0.502118707,136,100.0,US.ARM,22.85,25.0,22.7,21.9,-0.1970886803294388,221788080000.0,"成交额 $1,259,712 ≥ 阈值 $500,000 | 成交量 543 手",US.ARM,2026-05-06 08:00:45
US.ARM260508C148000,ARM 260508 148.00C,208.84,212,1242037.0,CALL,2026-05-08,148.0,217,0.0,0.0,0.0,0.0,0.0,3,100.0,US.ARM,64.62,64.62,57.09,55.5496,0.29132350124497225,221788080000.0,"成交额 $1,242,037 ≥ 阈值 $500,000 | 成交量 212 手",US.ARM,2026-05-06 08:00:45
US.ARM260508C210000,ARM 260508 210.00C,208.84,985,1076569.0,CALL,2026-05-08,210.0,805,156.014,0.512421775,0.0138081,-2.232654017,0.073807416,3,100.0,US.ARM,12.91,13.77,9.0,8.8803,-0.005554491476728579,221788080000.0,"成交额 $1,076,569 ≥ 阈值 $500,000 | 成交量 985 手",US.ARM,2026-05-06 08:00:45
US.ARM260508C200000,ARM 260508 200.00C,208.84,602,999860.0,CALL,2026-05-08,200.0,749,155.029,0.65008446,0.012906779,-2.040268645,0.068553763,3,100.0,US.ARM,18.15,19.22,14.0,13.1191,0.04232905573644897,221788080000.0,"成交额 $999,860 ≥ 阈值 $500,000 | 成交量 602 手",US.ARM,2026-05-06 08:00:45
US.ARM260508C205000,ARM 260508 205.00C,208.84,642,856484.0,CALL,2026-05-08,205.0,1292,155.201,0.581512607,0.013596244,-2.172841882,0.072296392,3,100.0,US.ARM,14.5,16.38,11.09,10.7335,0.018387282129860197,221788080000.0,"成交额 $856,484 ≥ 阈值 $500,000 | 成交量 642 手",US.ARM,2026-05-06 08:00:45
US.ARM260918C300000,ARM 260918 300.00C,208.84,598,841007.0,CALL,2026-09-18,300.0,187,74.787,0.295951663,0.003626184,-0.125987566,0.440261692,136,100.0,US.ARM,14.25,15.0,13.5,12.775,-0.43650641639532656,221788080000.0,"成交额 $841,007 ≥ 阈值 $500,000 | 成交量 598 手",US.ARM,2026-05-06 08:00:45
US.ARM260515P190000,ARM 260515 190.00P,208.84,1474,824080.0,PUT,2026-05-15,190.0,1950,102.84,-0.258097101,0.009152775,-0.583154014,0.110950287,10,100.0,US.ARM,5.5,7.1,5.37,7.6453,-0.09021260294962652,221788080000.0,"成交额 $824,080 ≥ 阈值 $500,000 | 成交量 1,474 手",US.ARM,2026-05-06 08:00:45
US.ARM260515P200000,ARM 260515 200.00P,208.84,839,744894.0,PUT,2026-05-15,200.0,1539,103.079,-0.364908566,0.010623042,-0.68298069,0.129047254,10,100.0,US.ARM,8.6,11.25,8.5,12.3039,-0.04232905573644897,221788080000.0,"成交额 $744,894 ≥ 阈值 $500,000 | 成交量 839 手",US.ARM,2026-05-06 08:00:45
US.ARM260515C200000,ARM 260515 200.00C,208.84,420,741371.0,CALL,2026-05-15,200.0,3927,103.021,0.63526202,0.010623029,-0.701895966,0.129034175,10,100.0,US.ARM,22.25,22.25,16.1,15.6477,0.04232905573644897,221788080000.0,"成交额 $741,371 ≥ 阈值 $500,000 | 成交量 420 手",US.ARM,2026-05-06 08:00:45
US.ARM260515C220000,ARM 260515 220.00C,208.84,660,668511.0,CALL,2026-05-15,220.0,2371,103.628,0.415043134,0.010956376,-0.727635899,0.13386722,10,100.0,US.ARM,11.1,12.4,8.5,8.2899,-0.05343803868990613,221788080000.0,"成交额 $668,511 ≥ 阈值 $500,000 | 成交量 660 手",US.ARM,2026-05-06 08:00:45
US.ARM260508C215000,ARM 260508 215.00C,208.84,677,656041.0,CALL,2026-05-08,215.0,945,158.995,0.446779545,0.013434946,-2.243791666,0.073185099,3,100.0,US.ARM,10.0,12.0,7.4,7.1353,-0.029496265083317354,221788080000.0,"成交额 $656,041 ≥ 阈值 $500,000 | 成交量 677 手",US.ARM,2026-05-06 08:00:45
US.ARM260515C210000,ARM 260515 210.00C,208.84,492,655122.0,CALL,2026-05-15,210.0,1923,104.258,0.52357109,0.011124362,-0.751374461,0.136746603,10,100.0,US.ARM,15.0,16.6,11.82,11.4277,-0.005554491476728579,221788080000.0,"成交额 $655,122 ≥ 阈值 $500,000 | 成交量 492 手",US.ARM,2026-05-06 08:00:45
US.ARM260618C210000,ARM 260618 210.00C,208.84,279,643688.0,CALL,2026-06-18,210.0,2400,76.076,0.550688072,0.007184484,-0.259162619,0.286498848,44,100.0,US.ARM,24.45,25.0,19.6,19.4,-0.005554491476728579,221788080000.0,"成交额 $643,688 ≥ 阈值 $500,000 | 成交量 279 手",US.ARM,2026-05-06 08:00:45
US.ARM260918P160000,ARM 260918 160.00P,208.84,503,635581.0,PUT,2026-09-18,160.0,766,71.179,-0.195417283,0.003052785,-0.087712871,0.351735287,136,100.0,US.ARM,12.87,12.87,11.7,13.876,-0.23386324458915916,221788080000.0,"成交额 $635,581 ≥ 阈值 $500,000 | 成交量 503 手",US.ARM,2026-05-06 08:00:45
US.ARM260618C240000,ARM 260618 240.00C,208.84,474,587316.0,CALL,2026-06-18,240.0,1512,78.64,0.360244914,0.006572432,-0.250163856,0.270918918,44,100.0,US.ARM,13.4,13.8,11.0,10.675,-0.14920513311626124,221788080000.0,"成交额 $587,316 ≥ 阈值 $500,000 | 成交量 474 手",US.ARM,2026-05-06 08:00:45
US.ARM260618C220000,ARM 260618 220.00C,208.84,312,570901.0,CALL,2026-06-18,220.0,1859,75.79,0.479994814,0.007261275,-0.258816533,0.288469302,44,100.0,US.ARM,20.35,20.55,16.54,15.8,-0.05343803868990613,221788080000.0,"成交额 $570,901 ≥ 阈值 $500,000 | 成交量 312 手",US.ARM,2026-05-06 08:00:45
US.ARM260508C207500,ARM 260508 207.50C,208.84,463,554610.0,CALL,2026-05-08,207.5,346,152.796,0.546708384,0.014008941,-2.173396877,0.073336517,3,100.0,US.ARM,14.99,15.0,10.15,9.8061,0.006416395326565808,221788080000.0,"成交额 $554,610 ≥ 阈值 $500,000 | 成交量 463 手",US.ARM,2026-05-06 08:00:45
US.ARM260508C240000,ARM 260508 240.00C,208.84,1789,543826.0,CALL,2026-05-08,240.0,3937,168.491,0.196364407,0.008877881,-1.509824967,0.051248946,3,100.0,US.ARM,3.25,4.0,2.5,2.353,-0.14920513311626124,221788080000.0,"成交额 $543,826 ≥ 阈值 $500,000 | 成交量 1,789 手",US.ARM,2026-05-06 08:00:45
US.ARM260508C250000,ARM 260508 250.00C,208.84,2469,505975.0,CALL,2026-05-08,250.0,3598,172.271,0.135671511,0.006832197,-1.144869477,0.040324491,3,100.0,US.ARM,1.7,2.58,1.49,1.493,-0.1970886803294388,221788080000.0,"成交额 $505,975 ≥ 阈值 $500,000 | 成交量 2,469 手",US.ARM,2026-05-06 08:00:45
US.BABA260717C135000,BABA 260717 135.00C,132.26,2285,2160229.0,CALL,2026-07-17,135.0,3485,41.384,0.508269531,0.01630906,-0.072957708,0.235701142,73,100.0,US.BABA,10.01,10.17,8.95,9.5,-0.020716769998487896,317298186749.18,"成交额 $2,160,229 ≥ 阈值 $500,000 | 成交量 2,285 手",US.BABA,2026-05-06 08:00:49
US.BABA260515C140000,BABA 260515 140.00C,132.26,4922,1417990.0,CALL,2026-05-15,140.0,20913,58.982,0.298794916,0.027059243,-0.23308374,0.075465287,10,100.0,US.BABA,3.4,3.4,2.15,2.8915,-0.05852109481324671,317298186749.18,"成交额 $1,417,990 ≥ 阈值 $500,000 | 成交量 4,922 手",US.BABA,2026-05-06 08:00:49
US.BABA260515C135000,BABA 260515 135.00C,132.26,3201,1349427.0,CALL,2026-05-15,135.0,21587,57.341,0.436456995,0.031587868,-0.260553735,0.08564739,10,100.0,US.BABA,5.0,5.05,3.88,4.584,-0.020716769998487896,317298186749.18,"成交额 $1,349,427 ≥ 阈值 $500,000 | 成交量 3,201 手",US.BABA,2026-05-06 08:00:49
US.BABA260918C160000,BABA 260918 160.00C,132.26,1706,1065075.0,CALL,2026-09-18,160.0,6000,44.327,0.301924839,0.009748418,-0.049313853,0.281348271,136,100.0,US.BABA,6.3,6.4,5.9,6.2494,-0.20973839407228195,317298186749.18,"成交额 $1,065,075 ≥ 阈值 $500,000 | 成交量 1,706 手",US.BABA,2026-05-06 08:00:49
US.BABA260515C145000,BABA 260515 145.00C,132.26,4569,703733.0,CALL,2026-05-15,145.0,28936,60.165,0.192066188,0.020879617,-0.183937736,0.059396587,10,100.0,US.BABA,1.85,1.91,1.3,1.7398,-0.09632541962800552,317298186749.18,"成交额 $703,733 ≥ 阈值 $500,000 | 成交量 4,569 手",US.BABA,2026-05-06 08:00:49
US.BABA260508C135000,BABA 260508 135.00C,132.26,4020,573284.0,CALL,2026-05-08,135.0,3920,45.067,0.313370736,0.067102252,-0.354121481,0.04154169,3,100.0,US.BABA,2.0,2.14,1.01,1.73,-0.020716769998487896,317298186749.18,"成交额 $573,284 ≥ 阈值 $500,000 | 成交量 4,020 手",US.BABA,2026-05-06 08:00:49
US.BABA260618C150000,BABA 260618 150.00C,132.26,1562,500742.0,CALL,2026-06-18,150.0,22192,46.383,0.249761001,0.014934557,-0.080141596,0.145613845,44,100.0,US.BABA,3.45,3.65,2.9,3.275,-0.13412974444276432,317298186749.18,"成交额 $500,742 ≥ 阈值 $500,000 | 成交量 1,562 手",US.BABA,2026-05-06 08:00:49
US.BIDU260918P130000,BIDU 260918 130.00P,126.24,500,825000.0,PUT,2026-09-18,130.0,739,50.762,-0.46330472,0.010339814,-0.051102805,0.305246948,136,100.0,US.BIDU,16.5,16.5,16.5,15.8484,0.02978453738910017,42953495672.16,"成交额 $825,000 ≥ 阈值 $500,000 | 成交量 500 手",US.BIDU,2026-05-06 08:01:16
US.BIDU260717C130000,BIDU 260717 130.00C,126.24,639,648230.0,CALL,2026-07-17,130.0,2807,50.01,0.505102224,0.014141578,-0.082823796,0.225003587,73,100.0,US.BIDU,11.15,11.15,9.55,10.85,-0.02978453738910017,42953495672.16,"成交额 $648,230 ≥ 阈值 $500,000 | 成交量 639 手",US.BIDU,2026-05-06 08:01:16
US.COIN260717P200000,COIN 260717 200.00P,197.75,1996,4916174.0,PUT,2026-07-17,200.0,3026,70.18,-0.444545257,0.006411884,-0.158960461,0.348841252,73,100.0,US.COIN,23.07,26.3,23.07,22.75,0.011378002528445006,52097862587.75,"成交额 $4,916,174 ≥ 阈值 $500,000 | 成交量 1,996 手",US.COIN,2026-05-06 08:01:46
US.COIN260508C50000,COIN 260508 50.00C,197.75,226,3309512.0,CALL,2026-05-08,50.0,5,0.0,0.0,0.0,0.0,0.0,3,100.0,US.COIN,154.31,154.57,144.97,153.0051,0.7471554993678887,52097862587.75,"成交额 $3,309,512 ≥ 阈值 $500,000 | 成交量 226 手",US.COIN,2026-05-06 08:01:46
US.COIN260508C40000,COIN 260508 40.00C,197.75,210,3272168.0,CALL,2026-05-08,40.0,4,0.0,0.0,0.0,0.0,0.0,3,100.0,US.COIN,164.23,164.23,154.87,163.0011,0.797724399494311,52097862587.75,"成交额 $3,272,168 ≥ 阈值 $500,000 | 成交量 210 手",US.COIN,2026-05-06 08:01:46
US.COIN260508C200000,COIN 260508 200.00C,197.75,3000,2649972.0,CALL,2026-05-08,200.0,2642,123.148,0.481454262,0.018467137,-1.667606837,0.069831679,3,100.0,US.COIN,13.75,13.75,6.66,10.7621,-0.011378002528445006,52097862587.75,"成交额 $2,649,972 ≥ 阈值 $500,000 | 成交量 3,000 手",US.COIN,2026-05-06 08:01:46
US.COIN260515P190000,COIN 260515 190.00P,197.75,2463,1927824.0,PUT,2026-05-15,190.0,4790,88.374,-0.361616616,0.013047044,-0.551711631,0.121810007,10,100.0,US.COIN,5.2,9.23,5.2,6.275,-0.039190897597977246,52097862587.75,"成交额 $1,927,824 ≥ 阈值 $500,000 | 成交量 2,463 手",US.COIN,2026-05-06 08:01:46
US.COIN260508P200000,COIN 260508 200.00P,197.75,1759,1902687.0,PUT,2026-05-08,200.0,1578,122.516,-0.518933932,0.0185664,-1.639569438,0.069826081,3,100.0,US.COIN,5.45,12.0,5.45,7.7,0.011378002528445006,52097862587.75,"成交额 $1,902,687 ≥ 阈值 $500,000 | 成交量 1,759 手",US.COIN,2026-05-06 08:01:46
US.COIN260508C210000,COIN 260508 210.00C,197.75,2903,1546066.0,CALL,2026-05-08,210.0,3171,125.19,0.314277604,0.016177413,-1.457656317,0.062187154,3,100.0,US.COIN,8.37,8.5,3.8,6.4752,-0.061946902654867256,52097862587.75,"成交额 $1,546,066 ≥ 阈值 $500,000 | 成交量 2,903 手",US.COIN,2026-05-06 08:01:46
US.COIN260918C200000,COIN 260918 200.00C,197.75,436,1517224.0,CALL,2026-09-18,200.0,1568,71.344,0.58810495,0.004521237,-0.131678069,0.469535143,136,100.0,US.COIN,40.4,40.4,32.9,38.0764,-0.011378002528445006,52097862587.75,"成交额 $1,517,224 ≥ 阈值 $500,000 | 成交量 436 手",US.COIN,2026-05-06 08:01:46
US.COIN260515C200000,COIN 260515 200.00C,197.75,1383,1504018.0,CALL,2026-05-15,200.0,3354,89.037,0.501039217,0.013781359,-0.609688625,0.129703051,10,100.0,US.COIN,16.53,16.53,9.53,13.712,-0.011378002528445006,52097862587.75,"成交额 $1,504,018 ≥ 阈值 $500,000 | 成交量 1,383 手",US.COIN,2026-05-06 08:01:46
US.COIN260618C200000,COIN 260618 200.00C,197.75,729,1437526.0,CALL,2026-06-18,200.0,3275,71.994,0.538609027,0.008045234,-0.233388859,0.272209931,44,100.0,US.COIN,24.95,25.08,17.93,22.4304,-0.011378002528445006,52097862587.75,"成交额 $1,437,526 ≥ 阈值 $500,000 | 成交量 729 手",US.COIN,2026-05-06 08:01:46
US.COIN260717C195000,COIN 260717 195.00C,197.75,530,1343716.0,CALL,2026-07-17,195.0,346,70.073,0.588779194,0.006283325,-0.174808728,0.34372182,73,100.0,US.COIN,28.77,29.3,25.05,30.127,0.01390644753476612,52097862587.75,"成交额 $1,343,716 ≥ 阈值 $500,000 | 成交量 530 手",US.COIN,2026-05-06 08:01:46
US.COIN260508C215000,COIN 260508 215.00C,197.75,3276,1324248.0,CALL,2026-05-08,215.0,2047,126.275,0.245432243,0.014220451,-1.26317348,0.055138037,3,100.0,US.COIN,6.8,6.8,2.8,4.8752,-0.08723135271807839,52097862587.75,"成交额 $1,324,248 ≥ 阈值 $500,000 | 成交量 3,276 手",US.COIN,2026-05-06 08:01:46
US.COIN260508C205000,COIN 260508 205.00C,197.75,1820,1259254.0,CALL,2026-05-08,205.0,5085,123.072,0.392420228,0.017821733,-1.587295484,0.067349599,3,100.0,US.COIN,10.95,11.1,5.1,8.4,-0.03666245259165613,52097862587.75,"成交额 $1,259,254 ≥ 阈值 $500,000 | 成交量 1,820 手",US.COIN,2026-05-06 08:01:46
US.COIN260717P195000,COIN 260717 195.00P,197.75,501,1168217.0,PUT,2026-07-17,195.0,826,70.174,-0.412679316,0.00631311,-0.157220218,0.34381605,73,100.0,US.COIN,22.17,23.32,22.17,20.225,-0.01390644753476612,52097862587.75,"成交额 $1,168,217 ≥ 阈值 $500,000 | 成交量 501 手",US.COIN,2026-05-06 08:01:46
US.COIN260529C210000,COIN 260529 210.00C,197.75,931,1061488.0,CALL,2026-05-29,210.0,250,76.004,0.420788944,0.01017499,-0.325147369,0.197738841,24,100.0,US.COIN,14.85,15.15,9.7,12.95,-0.061946902654867256,52097862587.75,"成交额 $1,061,488 ≥ 阈值 $500,000 | 成交量 931 手",US.COIN,2026-05-06 08:01:46
US.COIN260515C220000,COIN 260515 220.00C,197.75,1704,834535.0,CALL,2026-05-15,220.0,10743,90.966,0.263825831,0.011050026,-0.500677997,0.106247369,10,100.0,US.COIN,6.16,8.7,3.9,6.1389,-0.1125158027812895,52097862587.75,"成交额 $834,535 ≥ 阈值 $500,000 | 成交量 1,704 手",US.COIN,2026-05-06 08:01:46
US.COIN260508P180000,COIN 260508 180.00P,197.75,3139,822806.0,PUT,2026-05-08,180.0,1122,125.015,-0.182243015,0.012071768,-1.024844508,0.04633758,3,100.0,US.COIN,1.13,3.35,1.13,1.8,-0.0897597977243995,52097862587.75,"成交额 $822,806 ≥ 阈值 $500,000 | 成交量 3,139 手",US.COIN,2026-05-06 08:01:46
US.COIN260618C250000,COIN 260618 250.00C,197.75,1272,815096.0,CALL,2026-06-18,250.0,6812,74.395,0.222666681,0.005845771,-0.177278481,0.204377104,44,100.0,US.COIN,7.55,8.05,5.33,6.8,-0.26422250316055623,52097862587.75,"成交额 $815,096 ≥ 阈值 $500,000 | 成交量 1,272 手",US.COIN,2026-05-06 08:01:46
US.COIN260618C210000,COIN 260618 210.00C,197.75,507,779106.0,CALL,2026-06-18,210.0,2414,71.506,0.459805779,0.008096849,-0.230558721,0.27210111,44,100.0,US.COIN,20.1,20.1,13.7,17.85,-0.061946902654867256,52097862587.75,"成交额 $779,106 ≥ 阈值 $500,000 | 成交量 507 手",US.COIN,2026-05-06 08:01:46
US.COIN260508P197500,COIN 260508 197.50P,197.75,882,776393.0,PUT,2026-05-08,197.5,367,122.837,-0.472686651,0.018494244,-1.645056664,0.06974138,3,100.0,US.COIN,5.0,10.31,5.0,6.55,-0.0012642225031605564,52097862587.75,"成交额 $776,393 ≥ 阈值 $500,000 | 成交量 882 手",US.COIN,2026-05-06 08:01:46
US.COIN260508C195000,COIN 260508 195.00C,197.75,718,700629.0,CALL,2026-05-08,195.0,7842,123.228,0.573563394,0.018160108,-1.642797441,0.068715329,3,100.0,US.COIN,15.5,15.5,8.79,13.6861,0.01390644753476612,52097862587.75,"成交额 $700,629 ≥ 阈值 $500,000 | 成交量 718 手",US.COIN,2026-05-06 08:01:46
US.COIN260717C200000,COIN 260717 200.00C,197.75,269,656226.0,CALL,2026-07-17,200.0,2032,70.794,0.557757445,0.006310906,-0.178570654,0.348785839,73,100.0,US.COIN,29.85,30.35,22.7,27.6709,-0.011378002528445006,52097862587.75,"成交额 $656,226 ≥ 阈值 $500,000 | 成交量 269 手",US.COIN,2026-05-06 08:01:46
US.COIN260515C210000,COIN 260515 210.00C,197.75,772,622393.0,CALL,2026-05-15,210.0,5679,90.077,0.372523448,0.012920858,-0.580669595,0.123023064,10,100.0,US.COIN,11.75,11.87,6.17,9.225,-0.061946902654867256,52097862587.75,"成交额 $622,393 ≥ 阈值 $500,000 | 成交量 772 手",US.COIN,2026-05-06 08:01:46
US.COIN260508C207500,COIN 260508 207.50C,197.75,942,621226.0,CALL,2026-05-08,207.5,3230,123.871,0.351609582,0.017092566,-1.526481667,0.065013261,3,100.0,US.COIN,8.55,10.28,4.4,7.375,-0.0493046776232617,52097862587.75,"成交额 $621,226 ≥ 阈值 $500,000 | 成交量 942 手",US.COIN,2026-05-06 08:01:46
US.COIN260508C220000,COIN 260508 220.00C,197.75,2110,606010.0,CALL,2026-05-08,220.0,2117,129.376,0.192085705,0.012050189,-1.084145396,0.047870315,3,100.0,US.COIN,5.25,5.25,2.1,3.625,-0.1125158027812895,52097862587.75,"成交额 $606,010 ≥ 阈值 $500,000 | 成交量 2,110 手",US.COIN,2026-05-06 08:01:46
US.COIN260508P195000,COIN 260508 195.00P,197.75,806,588074.0,PUT,2026-05-08,195.0,918,123.297,-0.426502026,0.018153337,-1.624702393,0.068715849,3,100.0,US.COIN,4.5,9.05,4.35,5.625,-0.01390644753476612,52097862587.75,"成交额 $588,074 ≥ 阈值 $500,000 | 成交量 806 手",US.COIN,2026-05-06 08:01:46
US.COIN260508C197500,COIN 260508 197.50C,197.75,633,566718.0,CALL,2026-05-08,197.5,5301,122.402,0.527314724,0.018556179,-1.658445607,0.069743331,3,100.0,US.COIN,14.4,14.4,7.7,12.1117,0.0012642225031605564,52097862587.75,"成交额 $566,718 ≥ 阈值 $500,000 | 成交量 633 手",US.COIN,2026-05-06 08:01:46
US.COIN260618C240000,COIN 260618 240.00C,197.75,718,530007.0,CALL,2026-06-18,240.0,3494,73.626,0.269630323,0.006546304,-0.195123891,0.226506466,44,100.0,US.COIN,9.5,10.17,6.85,8.625,-0.213653603034134,52097862587.75,"成交额 $530,007 ≥ 阈值 $500,000 | 成交量 718 手",US.COIN,2026-05-06 08:01:46
US.COIN260515C190000,COIN 260515 190.00C,197.75,277,500380.0,CALL,2026-05-15,190.0,12650,88.925,0.638054512,0.01296413,-0.573820885,0.121857088,10,100.0,US.COIN,23.35,23.35,14.6,19.6087,0.039190897597977246,52097862587.75,"成交额 $500,380 ≥ 阈值 $500,000 | 成交量 277 手",US.COIN,2026-05-06 08:01:46
US.GOOGL260821C330000,GOOGL 260821 330.00C,388.43,2513,17585684.0,CALL,2026-08-21,330.0,2066,38.564,0.824734266,0.003168533,-0.122349958,0.544742862,108,100.0,US.GOOGL,71.5,71.87,67.37,65.6129,0.15042607419612286,4706217880000.0,"成交额 $17,585,684 ≥ 阈值 $500,000 | 成交量 2,513 手",US.GOOGL,2026-05-06 08:02:13
US.GOOGL260506C390000,GOOGL 260506 390.00C,388.43,31327,7012872.0,CALL,2026-05-06,390.0,1333,33.693,0.408206048,0.060876437,-1.479089013,0.073520148,1,100.0,US.GOOGL,1.38,4.99,0.88,0.98,-0.004041912313672974,4706217880000.0,"成交额 $7,012,872 ≥ 阈值 $500,000 | 成交量 31,327 手",US.GOOGL,2026-05-06 08:02:13
US.GOOGL260515C370000,GOOGL 260515 370.00C,388.43,3081,6617010.0,CALL,2026-05-15,370.0,7692,34.62,0.815851902,0.01203813,-0.32978272,0.169945274,10,100.0,US.GOOGL,19.0,24.45,17.8,16.5628,0.04744741652292564,4706217880000.0,"成交额 $6,617,010 ≥ 阈值 $500,000 | 成交量 3,081 手",US.GOOGL,2026-05-06 08:02:13
US.GOOGL260508C390000,GOOGL 260508 390.00C,388.43,13277,5616036.0,CALL,2026-05-08,390.0,6791,31.912,0.452874652,0.036059588,-0.854950579,0.13638073,3,100.0,US.GOOGL,3.1,6.75,2.4,2.33,-0.004041912313672974,4706217880000.0,"成交额 $5,616,036 ≥ 阈值 $500,000 | 成交量 13,277 手",US.GOOGL,2026-05-06 08:02:13
US.GOOGL260515C325000,GOOGL 260515 325.00C,388.43,747,4744071.0,CALL,2026-05-15,325.0,5070,0.0,0.0,0.0,0.0,0.0,10,100.0,US.GOOGL,63.1,67.0,60.27,58.7428,0.16329840640527252,4706217880000.0,"成交额 $4,744,071 ≥ 阈值 $500,000 | 成交量 747 手",US.GOOGL,2026-05-06 08:02:13
US.GOOGL260508C385000,GOOGL 260508 385.00C,388.43,6247,4021408.0,CALL,2026-05-08,385.0,5663,32.996,0.628415902,0.033284473,-0.844076727,0.130157359,3,100.0,US.GOOGL,5.4,10.0,4.45,4.175,0.00883041989547668,4706217880000.0,"成交额 $4,021,408 ≥ 阈值 $500,000 | 成交量 6,247 手",US.GOOGL,2026-05-06 08:02:13
US.GOOGL260506C387500,GOOGL 260506 387.50C,388.43,12922,3794222.0,CALL,2026-05-06,387.5,496,34.331,0.562286273,0.060627162,-1.536447771,0.074607174,1,100.0,US.GOOGL,2.25,6.5,1.64,1.595,0.002394253790901853,4706217880000.0,"成交额 $3,794,222 ≥ 阈值 $500,000 | 成交量 12,922 手",US.GOOGL,2026-05-06 08:02:13
US.GOOGL260515C350000,GOOGL 260515 350.00C,388.43,911,3415448.0,CALL,2026-05-15,350.0,5727,38.226,0.955865818,0.003822324,-0.143190624,0.059591596,10,100.0,US.GOOGL,36.6,43.3,35.78,34.2016,0.09893674535952425,4706217880000.0,"成交额 $3,415,448 ≥ 阈值 $500,000 | 成交量 911 手",US.GOOGL,2026-05-06 08:02:13
US.GOOGL260515C390000,GOOGL 260515 390.00C,388.43,4502,3221215.0,CALL,2026-05-15,390.0,6406,29.999,0.485148577,0.020808418,-0.415322384,0.254606814,10,100.0,US.GOOGL,6.0,9.75,5.25,5.075,-0.004041912313672974,4706217880000.0,"成交额 $3,221,215 ≥ 阈值 $500,000 | 成交量 4,502 手",US.GOOGL,2026-05-06 08:02:13
US.GOOGL260515C400000,GOOGL 260515 400.00C,388.43,8501,3109558.0,CALL,2026-05-15,400.0,7915,29.603,0.28823716,0.01805345,-0.343014689,0.217948568,10,100.0,US.GOOGL,2.84,5.3,2.5,2.335,-0.02978657673197228,4706217880000.0,"成交额 $3,109,558 ≥ 阈值 $500,000 | 成交量 8,501 手",US.GOOGL,2026-05-06 08:02:13
US.GOOGL260918P390000,GOOGL 260918 390.00P,388.43,942,2976054.0,PUT,2026-09-18,390.0,165,34.753,-0.44650015,0.004912406,-0.103370549,0.933064654,136,100.0,US.GOOGL,30.65,32.28,30.65,32.9909,0.004041912313672974,4706217880000.0,"成交额 $2,976,054 ≥ 阈值 $500,000 | 成交量 942 手",US.GOOGL,2026-05-06 08:02:13
US.GOOGL260618C350000,GOOGL 260618 350.00C,388.43,645,2793439.0,CALL,2026-06-18,350.0,15586,34.181,0.835272397,0.005387286,-0.158169828,0.333824208,44,100.0,US.GOOGL,43.8,48.1,41.26,39.69,0.09893674535952425,4706217880000.0,"成交额 $2,793,439 ≥ 阈值 $500,000 | 成交量 645 手",US.GOOGL,2026-05-06 08:02:13
US.GOOGL260506C392500,GOOGL 260506 392.50C,388.43,15037,2652803.0,CALL,2026-05-06,392.5,1550,33.923,0.268643511,0.051351541,-1.2502529,0.062432788,1,100.0,US.GOOGL,0.84,3.52,0.47,0.615,-0.010478078418247801,4706217880000.0,"成交额 $2,652,803 ≥ 阈值 $500,000 | 成交量 15,037 手",US.GOOGL,2026-05-06 08:02:13
US.GOOGL260529C405000,GOOGL 260529 405.00C,388.43,4522,2637982.0,CALL,2026-05-29,405.0,355,30.543,0.320810574,0.011800185,-0.240961372,0.355534653,24,100.0,US.GOOGL,4.85,7.35,4.85,4.55,-0.04265890894112193,4706217880000.0,"成交额 $2,637,982 ≥ 阈值 $500,000 | 成交量 4,522 手",US.GOOGL,2026-05-06 08:02:13
US.GOOGL260618C385000,GOOGL 260618 385.00C,388.43,1328,2626553.0,CALL,2026-06-18,385.0,4107,31.635,0.569643138,0.009221687,-0.21191315,0.529001765,44,100.0,US.GOOGL,18.0,22.1,17.51,16.3751,0.00883041989547668,4706217880000.0,"成交额 $2,626,553 ≥ 阈值 $500,000 | 成交量 1,328 手",US.GOOGL,2026-05-06 08:02:13
US.GOOGL260618C400000,GOOGL 260618 400.00C,388.43,2046,2563925.0,CALL,2026-06-18,400.0,9161,30.868,0.428564566,0.009443281,-0.202272783,0.528561716,44,100.0,US.GOOGL,10.55,14.5,10.5,10.125,-0.02978657673197228,4706217880000.0,"成交额 $2,563,925 ≥ 阈值 $500,000 | 成交量 2,046 手",US.GOOGL,2026-05-06 08:02:13
US.GOOGL260717C300000,GOOGL 260717 300.00C,388.43,277,2563042.0,CALL,2026-07-17,300.0,13202,38.547,0.94824272,0.001584601,-0.075931035,0.183954407,73,100.0,US.GOOGL,92.38,93.4,90.73,87.732,0.2276600674510208,4706217880000.0,"成交额 $2,563,042 ≥ 阈值 $500,000 | 成交量 277 手",US.GOOGL,2026-05-06 08:02:13
US.GOOGL260515C365000,GOOGL 260515 365.00C,388.43,1006,2431613.0,CALL,2026-05-15,365.0,3407,33.25,0.881653751,0.009328275,-0.243048519,0.126467779,10,100.0,US.GOOGL,23.42,28.0,23.12,20.5801,0.060319748732075296,4706217880000.0,"成交额 $2,431,613 ≥ 阈值 $500,000 | 成交量 1,006 手",US.GOOGL,2026-05-06 08:02:13
US.GOOGL260821C300000,GOOGL 260821 300.00C,388.43,257,2421385.0,CALL,2026-08-21,300.0,1551,42.996,0.897592195,0.001966798,-0.10019492,0.376985657,108,100.0,US.GOOGL,97.85,97.85,94.0,90.779,0.2276600674510208,4706217880000.0,"成交额 $2,421,385 ≥ 阈值 $500,000 | 成交量 257 手",US.GOOGL,2026-05-06 08:02:13
US.GOOGL260618C380000,GOOGL 260618 380.00C,388.43,1038,2309745.0,CALL,2026-06-18,380.0,9726,31.952,0.615173707,0.008882832,-0.210024302,0.514652254,44,100.0,US.GOOGL,21.45,25.25,20.17,18.9999,0.021702752104626334,4706217880000.0,"成交额 $2,309,745 ≥ 阈值 $500,000 | 成交量 1,038 手",US.GOOGL,2026-05-06 08:02:13
US.GOOGL260612P385000,GOOGL 260612 385.00P,388.43,1619,2260682.0,PUT,2026-06-12,385.0,44,31.524,-0.432714606,0.010046628,-0.190268111,0.491209052,38,100.0,US.GOOGL,12.6,14.76,12.6,15.1286,-0.00883041989547668,4706217880000.0,"成交额 $2,260,682 ≥ 阈值 $500,000 | 成交量 1,619 手",US.GOOGL,2026-05-06 08:02:13
US.GOOGL260618C390000,GOOGL 260618 390.00C,388.43,1303,2227801.0,CALL,2026-06-18,390.0,6267,31.361,0.522871871,0.009431223,-0.211333525,0.536329057,44,100.0,US.GOOGL,15.9,19.4,14.5,14.125,-0.004041912313672974,4706217880000.0,"成交额 $2,227,801 ≥ 阈值 $500,000 | 成交量 1,303 手",US.GOOGL,2026-05-06 08:02:13
US.GOOGL260515C340000,GOOGL 260515 340.00C,388.43,430,2133452.0,CALL,2026-05-15,340.0,6529,45.337,0.966885878,0.002549825,-0.134612336,0.047154131,10,100.0,US.GOOGL,46.55,51.98,46.03,43.9217,0.12468140977782356,4706217880000.0,"成交额 $2,133,452 ≥ 阈值 $500,000 | 成交量 430 手",US.GOOGL,2026-05-06 08:02:13
US.GOOGL260506C385000,GOOGL 260506 385.00C,388.43,5411,2096543.0,CALL,2026-05-06,385.0,1872,35.489,0.700689275,0.051693019,-1.398086285,0.065752454,1,100.0,US.GOOGL,3.65,8.55,2.58,2.48,0.00883041989547668,4706217880000.0,"成交额 $2,096,543 ≥ 阈值 $500,000 | 成交量 5,411 手",US.GOOGL,2026-05-06 08:02:13
US.GOOGL260508C325000,GOOGL 260508 325.00C,388.43,320,1972287.0,CALL,2026-05-08,325.0,506,98.153,0.981968981,0.001311997,-0.215901973,0.015263621,3,100.0,US.GOOGL,64.45,64.45,60.05,58.5241,0.16329840640527252,4706217880000.0,"成交额 $1,972,287 ≥ 阈值 $500,000 | 成交量 320 手",US.GOOGL,2026-05-06 08:02:13
US.GOOGL260508C375000,GOOGL 260508 375.00C,388.43,1184,1734091.0,CALL,2026-05-08,375.0,4169,32.265,0.895207362,0.016346495,-0.361013789,0.062487342,3,100.0,US.GOOGL,12.0,17.7,11.56,10.4196,0.03457508431377599,4706217880000.0,"成交额 $1,734,091 ≥ 阈值 $500,000 | 成交量 1,184 手",US.GOOGL,2026-05-06 08:02:13
US.GOOGL260506P385000,GOOGL 260506 385.00P,388.43,8232,1717516.0,PUT,2026-05-06,385.0,285,34.771,-0.295728458,0.05248016,-1.324841572,0.065388099,1,100.0,US.GOOGL,2.48,3.32,0.87,4.113,-0.00883041989547668,4706217880000.0,"成交额 $1,717,516 ≥ 阈值 $500,000 | 成交量 8,232 手",US.GOOGL,2026-05-06 08:02:13
US.GOOGL260508C387500,GOOGL 260508 387.50C,388.43,3397,1656873.0,CALL,2026-05-08,387.5,7250,32.339,0.542965692,0.035625666,-0.872254051,0.136543368,3,100.0,US.GOOGL,4.05,8.3,3.4,3.15,0.002394253790901853,4706217880000.0,"成交额 $1,656,873 ≥ 阈值 $500,000 | 成交量 3,397 手",US.GOOGL,2026-05-06 08:02:13
US.GOOGL260508C395000,GOOGL 260508 395.00C,388.43,6800,1656610.0,CALL,2026-05-08,395.0,7449,31.649,0.28306468,0.031057653,-0.692106832,0.116479438,3,100.0,US.GOOGL,1.5,4.14,1.2,1.23,-0.016914244522822627,4706217880000.0,"成交额 $1,656,610 ≥ 阈值 $500,000 | 成交量 6,800 手",US.GOOGL,2026-05-06 08:02:13
US.GOOGL260515C380000,GOOGL 260515 380.00C,388.43,1183,1644328.0,CALL,2026-05-15,380.0,9688,31.72,0.67924372,0.017669798,-0.400556071,0.228592553,10,100.0,US.GOOGL,11.26,16.5,10.5,9.7634,0.021702752104626334,4706217880000.0,"成交额 $1,644,328 ≥ 阈值 $500,000 | 成交量 1,183 手",US.GOOGL,2026-05-06 08:02:13
US.GOOGL260515C310000,GOOGL 260515 310.00C,388.43,209,1594232.0,CALL,2026-05-15,310.0,10979,0.0,0.0,0.0,0.0,0.0,10,100.0,US.GOOGL,77.19,81.91,75.44,73.6687,0.20191540303272149,4706217880000.0,"成交额 $1,594,232 ≥ 阈值 $500,000 | 成交量 209 手",US.GOOGL,2026-05-06 08:02:13
US.GOOGL260508P385000,GOOGL 260508 385.00P,388.43,5534,1556781.0,PUT,2026-05-08,385.0,653,31.941,-0.368084877,0.034300424,-0.777426945,0.129733428,3,100.0,US.GOOGL,4.15,4.9,2.1,5.6898,-0.00883041989547668,4706217880000.0,"成交额 $1,556,781 ≥ 阈值 $500,000 | 成交量 5,534 手",US.GOOGL,2026-05-06 08:02:13
US.GOOGL260515C385000,GOOGL 260515 385.00C,388.43,1568,1554357.0,CALL,2026-05-15,385.0,2270,30.059,0.588627626,0.020265798,-0.410101909,0.248465123,10,100.0,US.GOOGL,8.46,13.0,7.75,7.125,0.00883041989547668,4706217880000.0,"成交额 $1,554,357 ≥ 阈值 $500,000 | 成交量 1,568 手",US.GOOGL,2026-05-06 08:02:13
US.GOOGL260918P280000,GOOGL 260918 280.00P,388.43,4592,1526091.0,PUT,2026-09-18,280.0,9130,41.036,-0.069199585,0.001369208,-0.045025058,0.315222629,136,100.0,US.GOOGL,3.0,3.45,3.0,3.2748,-0.2791493962876194,4706217880000.0,"成交额 $1,526,091 ≥ 阈值 $500,000 | 成交量 4,592 手",US.GOOGL,2026-05-06 08:02:13
US.GOOGL260506C345000,GOOGL 260506 345.00C,388.43,354,1468509.0,CALL,2026-05-06,345.0,183,0.0,0.0,0.0,0.0,0.0,1,100.0,US.GOOGL,43.33,44.0,39.82,38.3927,0.1118090775686739,4706217880000.0,"成交额 $1,468,509 ≥ 阈值 $500,000 | 成交量 354 手",US.GOOGL,2026-05-06 08:02:13
US.GOOGL260717C385000,GOOGL 260717 385.00C,388.43,580,1451683.0,CALL,2026-07-17,385.0,2826,32.398,0.572868984,0.006976266,-0.17146921,0.680789583,73,100.0,US.GOOGL,23.72,27.8,23.2,22.2737,0.00883041989547668,4706217880000.0,"成交额 $1,451,683 ≥ 阈值 $500,000 | 成交量 580 手",US.GOOGL,2026-05-06 08:02:13
US.GOOGL260506P387500,GOOGL 260506 387.50P,388.43,5625,1366942.0,PUT,2026-05-06,387.5,38,34.303,-0.437777027,0.060699874,-1.497418176,0.07460305,1,100.0,US.GOOGL,3.46,4.8,1.35,5.7325,-0.002394253790901853,4706217880000.0,"成交额 $1,366,942 ≥ 阈值 $500,000 | 成交量 5,625 手",US.GOOGL,2026-05-06 08:02:13
US.GOOGL260717C360000,GOOGL 260717 360.00C,388.43,328,1357670.0,CALL,2026-07-17,360.0,2018,32.645,0.740110291,0.005723786,-0.150960205,0.562744979,73,100.0,US.GOOGL,43.5,44.58,39.8,37.2199,0.07319208094122495,4706217880000.0,"成交额 $1,357,670 ≥ 阈值 $500,000 | 成交量 328 手",US.GOOGL,2026-05-06 08:02:13
US.GOOGL261120C390000,GOOGL 261120 390.00C,388.43,311,1356068.0,CALL,2026-11-20,390.0,177,36.094,0.576241152,0.003783958,-0.119904745,1.122982569,199,100.0,US.GOOGL,44.11,45.44,41.75,40.0963,-0.004041912313672974,4706217880000.0,"成交额 $1,356,068 ≥ 阈值 $500,000 | 成交量 311 手",US.GOOGL,2026-05-06 08:02:13
US.GOOGL260508C392500,GOOGL 260508 392.50C,388.43,4190,1336916.0,CALL,2026-05-08,392.5,6441,31.75,0.36458847,0.03437508,-0.793141317,0.129343611,3,100.0,US.GOOGL,2.23,5.25,1.73,1.705,-0.010478078418247801,4706217880000.0,"成交额 $1,336,916 ≥ 阈值 $500,000 | 成交量 4,190 手",US.GOOGL,2026-05-06 08:02:13
US.GOOGL260821C400000,GOOGL 260821 400.00C,388.43,521,1334013.0,CALL,2026-08-21,400.0,4027,35.022,0.498939245,0.00539454,-0.153726225,0.842397785,108,100.0,US.GOOGL,25.0,28.5,24.2,23.1604,-0.02978657673197228,4706217880000.0,"成交额 $1,334,013 ≥ 阈值 $500,000 | 成交量 521 手",US.GOOGL,2026-05-06 08:02:13
US.GOOGL260821C390000,GOOGL 260821 390.00C,388.43,438,1327301.0,CALL,2026-08-21,390.0,5951,35.264,0.552008497,0.005311937,-0.155098693,0.835235023,108,100.0,US.GOOGL,29.5,32.5,28.67,27.425,-0.004041912313672974,4706217880000.0,"成交额 $1,327,301 ≥ 阈值 $500,000 | 成交量 438 手",US.GOOGL,2026-05-06 08:02:13
US.GOOGL260618P375000,GOOGL 260618 375.00P,388.43,1139,1255593.0,PUT,2026-06-18,375.0,3555,31.939,-0.34172547,0.008580565,-0.168267834,0.493707043,44,100.0,US.GOOGL,10.4,11.78,9.25,11.9,-0.03457508431377599,4706217880000.0,"成交额 $1,255,593 ≥ 阈值 $500,000 | 成交量 1,139 手",US.GOOGL,2026-05-06 08:02:13
US.GOOGL260717C400000,GOOGL 260717 400.00C,388.43,683,1254439.0,CALL,2026-07-17,400.0,6029,31.768,0.466216068,0.007209695,-0.167081561,0.689883461,73,100.0,US.GOOGL,16.65,20.45,16.65,15.9033,-0.02978657673197228,4706217880000.0,"成交额 $1,254,439 ≥ 阈值 $500,000 | 成交量 683 手",US.GOOGL,2026-05-06 08:02:13
US.GOOGL260529C400000,GOOGL 260529 400.00C,388.43,1610,1250179.0,CALL,2026-05-29,400.0,1059,30.732,0.380560296,0.012478869,-0.259712962,0.378339121,24,100.0,US.GOOGL,6.55,9.7,6.3,5.75,-0.02978657673197228,4706217880000.0,"成交额 $1,250,179 ≥ 阈值 $500,000 | 成交量 1,610 手",US.GOOGL,2026-05-06 08:02:13
US.GOOGL260717C410000,GOOGL 260717 410.00C,388.43,803,1218075.0,CALL,2026-07-17,410.0,46202,31.606,0.397125613,0.007029538,-0.159469919,0.669190608,73,100.0,US.GOOGL,13.23,16.0,13.0,12.3681,-0.05553124115027159,4706217880000.0,"成交额 $1,218,075 ≥ 阈值 $500,000 | 成交量 803 手",US.GOOGL,2026-05-06 08:02:13
US.GOOGL260618C370000,GOOGL 260618 370.00C,388.43,432,1217253.0,CALL,2026-06-18,370.0,7225,32.794,0.699431253,0.007880172,-0.200146845,0.468556813,44,100.0,US.GOOGL,27.8,31.7,26.0,24.8647,0.04744741652292564,4706217880000.0,"成交额 $1,217,253 ≥ 阈值 $500,000 | 成交量 432 手",US.GOOGL,2026-05-06 08:02:13
US.GOOGL260508C345000,GOOGL 260508 345.00C,388.43,284,1188593.0,CALL,2026-05-08,345.0,860,0.0,0.0,0.0,0.0,0.0,3,100.0,US.GOOGL,43.6,46.06,39.72,38.5894,0.1118090775686739,4706217880000.0,"成交额 $1,188,593 ≥ 阈值 $500,000 | 成交量 284 手",US.GOOGL,2026-05-06 08:02:13
US.GOOGL260508C400000,GOOGL 260508 400.00C,388.43,9520,1175347.0,CALL,2026-05-08,400.0,11177,32.206,0.157681272,0.021735955,-0.461057007,0.082938529,3,100.0,US.GOOGL,0.81,2.4,0.6,0.635,-0.02978657673197228,4706217880000.0,"成交额 $1,175,347 ≥ 阈值 $500,000 | 成交量 9,520 手",US.GOOGL,2026-05-06 08:02:13
US.GOOGL260618C405000,GOOGL 260618 405.00C,388.43,931,1083719.0,CALL,2026-06-18,405.0,888,30.658,0.382520613,0.009241099,-0.194114661,0.513715132,44,100.0,US.GOOGL,9.65,12.15,9.65,8.6,-0.04265890894112193,4706217880000.0,"成交额 $1,083,719 ≥ 阈值 $500,000 | 成交量 931 手",US.GOOGL,2026-05-06 08:02:13
US.GOOGL260506C395000,GOOGL 260506 395.00C,388.43,11378,1073205.0,CALL,2026-05-06,395.0,628,34.46,0.162300914,0.037641901,-0.929090513,0.046483515,1,100.0,US.GOOGL,0.35,2.4,0.25,0.36,-0.016914244522822627,4706217880000.0,"成交额 $1,073,205 ≥ 阈值 $500,000 | 成交量 11,378 手",US.GOOGL,2026-05-06 08:02:13
US.GOOGL260515C375000,GOOGL 260515 375.00C,388.43,637,1066447.0,CALL,2026-05-15,375.0,13117,31.612,0.764801093,0.015228092,-0.347012973,0.19630935,10,100.0,US.GOOGL,14.85,20.0,14.15,12.9641,0.03457508431377599,4706217880000.0,"成交额 $1,066,447 ≥ 阈值 $500,000 | 成交量 637 手",US.GOOGL,2026-05-06 08:02:13
US.GOOGL260918C400000,GOOGL 260918 400.00C,388.43,358,1057903.0,CALL,2026-09-18,400.0,4295,34.465,0.511876677,0.004882187,-0.136884915,0.945016511,136,100.0,US.GOOGL,27.53,32.0,27.53,26.8213,-0.02978657673197228,4706217880000.0,"成交额 $1,057,903 ≥ 阈值 $500,000 | 成交量 358 手",US.GOOGL,2026-05-06 08:02:13
US.GOOGL260515C355000,GOOGL 260515 355.00C,388.43,293,1002732.0,CALL,2026-05-15,355.0,23516,21.624,0.995010638,0.001045036,-0.04383642,0.009293336,10,100.0,US.GOOGL,32.5,37.5,31.15,29.4969,0.0860644131503746,4706217880000.0,"成交额 $1,002,732 ≥ 阈值 $500,000 | 成交量 293 手",US.GOOGL,2026-05-06 08:02:13
US.GOOGL260717C390000,GOOGL 260717 390.00C,388.43,435,983402.0,CALL,2026-07-17,390.0,1670,32.066,0.537458574,0.007136952,-0.170690314,0.689321355,73,100.0,US.GOOGL,21.3,24.57,20.92,19.982,-0.004041912313672974,4706217880000.0,"成交额 $983,402 ≥ 阈值 $500,000 | 成交量 435 手",US.GOOGL,2026-05-06 08:02:13
US.GOOGL260717C370000,GOOGL 260717 370.00C,388.43,279,962577.0,CALL,2026-07-17,370.0,4037,32.713,0.675517262,0.006335134,-0.163265963,0.624193416,73,100.0,US.GOOGL,32.51,36.5,32.15,30.5496,0.04744741652292564,4706217880000.0,"成交额 $962,577 ≥ 阈值 $500,000 | 成交量 279 手",US.GOOGL,2026-05-06 08:02:13
US.GOOGL260821C380000,GOOGL 260821 380.00C,388.43,261,935496.0,CALL,2026-08-21,380.0,1650,35.759,0.604580445,0.005100729,-0.154871135,0.813281781,108,100.0,US.GOOGL,34.5,38.71,34.43,32.3533,0.021702752104626334,4706217880000.0,"成交额 $935,496 ≥ 阈值 $500,000 | 成交量 261 手",US.GOOGL,2026-05-06 08:02:13
US.GOOGL260918C390000,GOOGL 260918 390.00C,388.43,247,839760.0,CALL,2026-09-18,390.0,4086,34.641,0.55980964,0.004804731,-0.137592979,0.934792073,136,100.0,US.GOOGL,33.75,36.5,32.75,30.925,-0.004041912313672974,4706217880000.0,"成交额 $839,760 ≥ 阈值 $500,000 | 成交量 247 手",US.GOOGL,2026-05-06 08:02:13
US.GOOGL260508P382500,GOOGL 260508 382.50P,388.43,3315,789365.0,PUT,2026-05-08,382.5,311,32.073,-0.286050453,0.03081391,-0.690057542,0.117050759,3,100.0,US.GOOGL,3.14,3.8,1.56,4.425,-0.015266586000051506,4706217880000.0,"成交额 $789,365 ≥ 阈值 $500,000 | 成交量 3,315 手",US.GOOGL,2026-05-06 08:02:13
US.GOOGL260506P390000,GOOGL 260506 390.00P,388.43,2275,786991.0,PUT,2026-05-06,390.0,49,34.138,-0.590724001,0.060169484,-1.461936486,0.073556354,1,100.0,US.GOOGL,5.45,6.71,2.15,7.6238,0.004041912313672974,4706217880000.0,"成交额 $786,991 ≥ 阈值 $500,000 | 成交量 2,275 手",US.GOOGL,2026-05-06 08:02:13
US.GOOGL260529C390000,GOOGL 260529 390.00C,388.43,635,775228.0,CALL,2026-05-29,390.0,560,31.389,0.507752485,0.012793167,-0.281710196,0.396181668,24,100.0,US.GOOGL,11.0,15.0,9.55,9.4419,-0.004041912313672974,4706217880000.0,"成交额 $775,228 ≥ 阈值 $500,000 | 成交量 635 手",US.GOOGL,2026-05-06 08:02:13
US.GOOGL260618C420000,GOOGL 260618 420.00C,388.43,1266,773858.0,CALL,2026-06-18,420.0,5475,30.197,0.257058467,0.007929949,-0.159117914,0.434122082,44,100.0,US.GOOGL,5.8,7.65,5.4,4.85,-0.0812759055685709,4706217880000.0,"成交额 $773,858 ≥ 阈值 $500,000 | 成交量 1,266 手",US.GOOGL,2026-05-06 08:02:13
US.GOOGL260508P390000,GOOGL 260508 390.00P,388.43,1483,758491.0,PUT,2026-05-08,390.0,151,31.822,-0.54772788,0.036217342,-0.815078587,0.136310388,3,100.0,US.GOOGL,6.1,7.85,3.75,8.8569,0.004041912313672974,4706217880000.0,"成交额 $758,491 ≥ 阈值 $500,000 | 成交量 1,483 手",US.GOOGL,2026-05-06 08:02:13
US.GOOGL260515P380000,GOOGL 260515 380.00P,388.43,1697,747754.0,PUT,2026-05-15,380.0,1318,31.153,-0.318558375,0.017964589,-0.355937228,0.2278426,10,100.0,US.GOOGL,4.61,5.61,3.4,6.15,-0.021702752104626334,4706217880000.0,"成交额 $747,754 ≥ 阈值 $500,000 | 成交量 1,697 手",US.GOOGL,2026-05-06 08:02:13
US.GOOGL260506C382500,GOOGL 260506 382.50C,388.43,1069,741785.0,CALL,2026-05-06,382.5,769,36.19,0.8121515,0.039328332,-1.101405213,0.051006243,1,100.0,US.GOOGL,5.0,10.65,4.22,3.8,0.015266586000051506,4706217880000.0,"成交额 $741,785 ≥ 阈值 $500,000 | 成交量 1,069 手",US.GOOGL,2026-05-06 08:02:13
US.GOOGL260506C370000,GOOGL 260506 370.00C,388.43,427,732779.0,CALL,2026-05-06,370.0,589,0.0,0.0,0.0,0.0,0.0,1,100.0,US.GOOGL,17.5,22.1,15.53,13.7233,0.04744741652292564,4706217880000.0,"成交额 $732,779 ≥ 阈值 $500,000 | 成交量 427 手",US.GOOGL,2026-05-06 08:02:13
US.GOOGL260506C377500,GOOGL 260506 377.50C,388.43,638,732647.0,CALL,2026-05-06,377.5,841,32.666,0.964540257,0.012628299,-0.298682583,0.014788444,1,100.0,US.GOOGL,9.0,15.0,8.15,7.1529,0.02813891820920116,4706217880000.0,"成交额 $732,647 ≥ 阈值 $500,000 | 成交量 638 手",US.GOOGL,2026-05-06 08:02:13
US.GOOGL260821C430000,GOOGL 260821 430.00C,388.43,469,719310.0,CALL,2026-08-21,430.0,480,34.111,0.345407432,0.005117377,-0.135092942,0.778260825,108,100.0,US.GOOGL,13.75,16.0,13.75,13.475,-0.1070205699868702,4706217880000.0,"成交额 $719,310 ≥ 阈值 $500,000 | 成交量 469 手",US.GOOGL,2026-05-06 08:02:13
US.GOOGL260506C375000,GOOGL 260506 375.00C,388.43,536,704157.0,CALL,2026-05-06,375.0,404,0.0,0.0,0.0,0.0,0.0,1,100.0,US.GOOGL,13.95,17.58,11.21,9.1884,0.03457508431377599,4706217880000.0,"成交额 $704,157 ≥ 阈值 $500,000 | 成交量 536 手",US.GOOGL,2026-05-06 08:02:13
US.GOOGL260508C382500,GOOGL 260508 382.50C,388.43,867,700785.0,CALL,2026-05-08,382.5,2489,32.604,0.711133097,0.030440396,-0.74316805,0.117611559,3,100.0,US.GOOGL,6.96,12.0,5.97,5.414,0.015266586000051506,4706217880000.0,"成交额 $700,785 ≥ 阈值 $500,000 | 成交量 867 手",US.GOOGL,2026-05-06 08:02:13
US.GOOGL260918P345000,GOOGL 260918 345.00P,388.43,510,695004.0,PUT,2026-09-18,345.0,1460,36.399,-0.242673098,0.003651379,-0.090201982,0.739988284,136,100.0,US.GOOGL,13.93,14.01,12.65,14.325,-0.1118090775686739,4706217880000.0,"成交额 $695,004 ≥ 阈值 $500,000 | 成交量 510 手",US.GOOGL,2026-05-06 08:02:13
US.GOOGL260515C395000,GOOGL 260515 395.00C,388.43,1268,674310.0,CALL,2026-05-15,395.0,1983,29.78,0.382835895,0.020064612,-0.390566724,0.243701685,10,100.0,US.GOOGL,4.41,7.3,3.8,3.475,-0.016914244522822627,4706217880000.0,"成交额 $674,310 ≥ 阈值 $500,000 | 成交量 1,268 手",US.GOOGL,2026-05-06 08:02:13
US.GOOGL260522C390000,GOOGL 260522 390.00C,388.43,638,663473.0,CALL,2026-05-22,390.0,556,32.47,0.500450944,0.014713927,-0.343819961,0.333116805,17,100.0,US.GOOGL,10.0,13.15,8.5,7.9754,-0.004041912313672974,4706217880000.0,"成交额 $663,473 ≥ 阈值 $500,000 | 成交量 638 手",US.GOOGL,2026-05-06 08:02:13
US.GOOGL260506C380000,GOOGL 260506 380.00C,388.43,736,653872.0,CALL,2026-05-06,380.0,526,42.51,0.858468636,0.027859638,-1.068733869,0.042443585,1,100.0,US.GOOGL,7.65,13.0,5.95,5.3169,0.021702752104626334,4706217880000.0,"成交额 $653,872 ≥ 阈值 $500,000 | 成交量 736 手",US.GOOGL,2026-05-06 08:02:13
US.GOOGL260508C380000,GOOGL 260508 380.00C,388.43,650,648613.0,CALL,2026-05-08,380.0,6663,33.861,0.775061453,0.025723602,-0.663294391,0.103212722,3,100.0,US.GOOGL,9.0,13.85,7.68,6.9168,0.021702752104626334,4706217880000.0,"成交额 $648,613 ≥ 阈值 $500,000 | 成交量 650 手",US.GOOGL,2026-05-06 08:02:13
US.GOOGL260717C380000,GOOGL 260717 380.00C,388.43,226,628430.0,CALL,2026-07-17,380.0,2109,32.626,0.607606411,0.00678752,-0.170503994,0.667021522,73,100.0,US.GOOGL,25.95,30.0,25.95,25.0222,0.021702752104626334,4706217880000.0,"成交额 $628,430 ≥ 阈值 $500,000 | 成交量 226 手",US.GOOGL,2026-05-06 08:02:13
US.GOOGL260717P400000,GOOGL 260717 400.00P,388.43,226,601494.0,PUT,2026-07-17,400.0,153,31.967,-0.538987235,0.007325568,-0.132186707,0.686136728,73,100.0,US.GOOGL,27.3,29.4,24.85,29.7719,0.02978657673197228,4706217880000.0,"成交额 $601,494 ≥ 阈值 $500,000 | 成交量 226 手",US.GOOGL,2026-05-06 08:02:13
US.GOOGL260618P380000,GOOGL 260618 380.00P,388.43,449,562074.0,PUT,2026-06-18,380.0,512,31.551,-0.386061626,0.00906489,-0.172063151,0.51435748,44,100.0,US.GOOGL,11.8,13.8,11.22,14.075,-0.021702752104626334,4706217880000.0,"成交额 $562,074 ≥ 阈值 $500,000 | 成交量 449 手",US.GOOGL,2026-05-06 08:02:13
US.GOOGL260529C395000,GOOGL 260529 395.00C,388.43,584,555664.0,CALL,2026-05-29,395.0,321,30.856,0.443124072,0.012884012,-0.272254974,0.392215907,24,100.0,US.GOOGL,9.0,11.0,8.65,7.325,-0.016914244522822627,4706217880000.0,"成交额 $555,664 ≥ 阈值 $500,000 | 成交量 584 手",US.GOOGL,2026-05-06 08:02:13
US.GOOGL260618C410000,GOOGL 260618 410.00C,388.43,617,543835.0,CALL,2026-06-18,410.0,1947,30.561,0.338714361,0.008890607,-0.184526683,0.492633925,44,100.0,US.GOOGL,8.32,10.0,7.8,7.225,-0.05553124115027159,4706217880000.0,"成交额 $543,835 ≥ 阈值 $500,000 | 成交量 617 手",US.GOOGL,2026-05-06 08:02:13
US.GOOGL260918P275000,GOOGL 260918 275.00P,388.43,1869,538586.0,PUT,2026-09-18,275.0,3061,41.618,-0.062319552,0.001244484,-0.042189123,0.29066319,136,100.0,US.GOOGL,2.7,3.1,2.7,2.8501,-0.29202172849676905,4706217880000.0,"成交额 $538,586 ≥ 阈值 $500,000 | 成交量 1,869 手",US.GOOGL,2026-05-06 08:02:13
US.GOOGL260717C420000,GOOGL 260717 420.00C,388.43,492,535459.0,CALL,2026-07-17,420.0,1431,31.382,0.33158986,0.006662007,-0.147611815,0.629652225,73,100.0,US.GOOGL,10.25,11.93,10.05,9.5165,-0.0812759055685709,4706217880000.0,"成交额 $535,459 ≥ 阈值 $500,000 | 成交量 492 手",US.GOOGL,2026-05-06 08:02:13
US.GOOGL260508P377500,GOOGL 260508 377.50P,388.43,5306,521521.0,PUT,2026-05-08,377.5,4967,34.649,-0.170106774,0.02122624,-0.521311176,0.087121542,3,100.0,US.GOOGL,1.5,2.08,0.86,2.585,-0.02813891820920116,4706217880000.0,"成交额 $521,521 ≥ 阈值 $500,000 | 成交量 5,306 手",US.GOOGL,2026-05-06 08:02:13
US.GOOGL260515P390000,GOOGL 260515 390.00P,388.43,609,517711.0,PUT,2026-05-15,390.0,149,29.89,-0.516085193,0.020968659,-0.376948469,0.254360751,10,100.0,US.GOOGL,9.0,10.75,6.7,11.4714,0.004041912313672974,4706217880000.0,"成交额 $517,711 ≥ 阈值 $500,000 | 成交量 609 手",US.GOOGL,2026-05-06 08:02:13
US.GOOGL260618P390000,GOOGL 260618 390.00P,388.43,313,510535.0,PUT,2026-06-18,390.0,160,31.191,-0.480324527,0.009593472,-0.174344872,0.535359165,44,100.0,US.GOOGL,16.8,18.89,15.05,19.2036,0.004041912313672974,4706217880000.0,"成交额 $510,535 ≥ 阈值 $500,000 | 成交量 313 手",US.GOOGL,2026-05-06 08:02:13
US.GOOGL260515P385000,GOOGL 260515 385.00P,388.43,762,506501.0,PUT,2026-05-15,385.0,533,30.048,-0.412097791,0.020330241,-0.373129161,0.248426548,10,100.0,US.GOOGL,6.56,7.95,5.0,8.515,-0.00883041989547668,4706217880000.0,"成交额 $506,501 ≥ 阈值 $500,000 | 成交量 762 手",US.GOOGL,2026-05-06 08:02:13
US.GOOGL260506C400000,GOOGL 260506 400.00C,388.43,14097,504823.0,CALL,2026-05-06,400.0,3227,36.677,0.051753992,0.015265693,-0.407189099,0.020067577,1,100.0,US.GOOGL,0.19,0.99,0.06,0.155,-0.02978657673197228,4706217880000.0,"成交额 $504,823 ≥ 阈值 $500,000 | 成交量 14,097 手",US.GOOGL,2026-05-06 08:02:13
US.GOOGL260508C365000,GOOGL 260508 365.00C,388.43,221,504711.0,CALL,2026-05-08,365.0,2393,0.0,0.0,0.0,0.0,0.0,3,100.0,US.GOOGL,21.23,27.62,21.1,19.1044,0.060319748732075296,4706217880000.0,"成交额 $504,711 ≥ 阈值 $500,000 | 成交量 221 手",US.GOOGL,2026-05-06 08:02:13
US.INTC260508C110000,INTC 260508 110.00C,108.15,58874,20076252.0,CALL,2026-05-08,110.0,12070,116.131,0.455975117,0.035624063,-0.853995639,0.03800269,3,100.0,US.INTC,0.78,5.15,0.75,0.33,-0.01710587147480346,543561900000.0,"成交额 $20,076,252 ≥ 阈值 $500,000 | 成交量 58,874 手",US.INTC,2026-05-06 08:02:19
US.INTC260618C105000,INTC 260618 105.00C,108.15,10216,14140742.0,CALL,2026-06-18,105.0,18681,83.152,0.603261599,0.012365263,-0.142882393,0.144535095,44,100.0,US.INTC,9.28,15.84,8.55,6.775,0.02912621359223306,543561900000.0,"成交额 $14,140,742 ≥ 阈值 $500,000 | 成交量 10,216 手",US.INTC,2026-05-06 08:02:19
US.INTC260508C100000,INTC 260508 100.00C,108.15,17481,13966717.0,CALL,2026-05-08,100.0,21162,113.476,0.797356919,0.025944893,-0.55960808,0.027043852,3,100.0,US.INTC,3.9,11.57,3.6,1.8,0.07535829865926959,543561900000.0,"成交额 $13,966,717 ≥ 阈值 $500,000 | 成交量 17,481 手",US.INTC,2026-05-06 08:02:19
US.INTC261120C110000,INTC 261120 110.00C,108.15,4826,12462189.0,CALL,2026-11-20,110.0,5187,80.635,0.618806411,0.005920101,-0.065887126,0.304274334,199,100.0,US.INTC,20.34,26.8,20.34,16.9,-0.01710587147480346,543561900000.0,"成交额 $12,462,189 ≥ 阈值 $500,000 | 成交量 4,826 手",US.INTC,2026-05-06 08:02:19
US.INTC260515C110000,INTC 260515 110.00C,108.15,21132,11700606.0,CALL,2026-05-15,110.0,3221,94.284,0.489795705,0.023788327,-0.352498326,0.070913746,10,100.0,US.INTC,2.24,7.5,2.24,1.33,-0.01710587147480346,543561900000.0,"成交额 $11,700,606 ≥ 阈值 $500,000 | 成交量 21,132 手",US.INTC,2026-05-06 08:02:19
US.INTC260508C105000,INTC 260508 105.00C,108.15,21958,10408849.0,CALL,2026-05-08,105.0,6789,113.48,0.635718926,0.034536398,-0.787225387,0.036001134,3,100.0,US.INTC,1.78,7.92,1.4,0.785,0.02912621359223306,543561900000.0,"成交额 $10,408,849 ≥ 阈值 $500,000 | 成交量 21,958 手",US.INTC,2026-05-06 08:02:19
US.INTC260508P105000,INTC 260508 105.00P,108.15,32552,9944223.0,PUT,2026-05-08,105.0,255,112.495,-0.363512366,0.034818199,-0.769466587,0.035974695,3,100.0,US.INTC,6.8,6.8,2.42,9.9607,-0.02912621359223306,543561900000.0,"成交额 $9,944,223 ≥ 阈值 $500,000 | 成交量 32,552 手",US.INTC,2026-05-06 08:02:19
US.INTC260618C110000,INTC 260618 110.00C,108.15,8732,9566680.0,CALL,2026-06-18,110.0,4848,83.493,0.540300221,0.012679057,-0.147085859,0.148810358,44,100.0,US.INTC,7.16,13.41,6.96,5.3,-0.01710587147480346,543561900000.0,"成交额 $9,566,680 ≥ 阈值 $500,000 | 成交量 8,732 手",US.INTC,2026-05-06 08:02:19
US.INTC260618C100000,INTC 260618 100.00C,108.15,5532,8921849.0,CALL,2026-06-18,100.0,15342,82.946,0.666913485,0.011688243,-0.135077862,0.136282643,44,100.0,US.INTC,11.25,18.45,10.95,8.4,0.07535829865926959,543561900000.0,"成交额 $8,921,849 ≥ 阈值 $500,000 | 成交量 5,532 手",US.INTC,2026-05-06 08:02:19
US.INTC260821C65000,INTC 260821 65.00C,108.15,1818,8636700.0,CALL,2026-08-21,65.0,3232,84.836,0.912736154,0.003181773,-0.04189265,0.093298229,108,100.0,US.INTC,43.26,47.52,43.26,34.7024,0.3989828941285252,543561900000.0,"成交额 $8,636,700 ≥ 阈值 $500,000 | 成交量 1,818 手",US.INTC,2026-05-06 08:02:19
US.INTC260515C120000,INTC 260515 120.00C,108.15,28000,8489617.0,CALL,2026-05-15,120.0,20600,98.299,0.288952895,0.019550507,-0.310089857,0.060761573,10,100.0,US.INTC,0.91,3.97,0.76,0.4596,-0.1095700416088765,543561900000.0,"成交额 $8,489,617 ≥ 阈值 $500,000 | 成交量 28,000 手",US.INTC,2026-05-06 08:02:19
US.INTC260515P100000,INTC 260515 100.00P,108.15,24063,8274381.0,PUT,2026-05-15,100.0,2476,92.763,-0.275556675,0.020255,-0.281578363,0.059386393,10,100.0,US.INTC,5.0,5.2,2.71,7.6872,-0.07535829865926959,543561900000.0,"成交额 $8,274,381 ≥ 阈值 $500,000 | 成交量 24,063 手",US.INTC,2026-05-06 08:02:19
US.INTC260618C130000,INTC 260618 130.00C,108.15,13281,7461928.0,CALL,2026-06-18,130.0,10412,86.633,0.327070532,0.011109459,-0.137006026,0.135288793,44,100.0,US.INTC,3.1,6.9,2.95,2.175,-0.20203421174294955,543561900000.0,"成交额 $7,461,928 ≥ 阈值 $500,000 | 成交量 13,281 手",US.INTC,2026-05-06 08:02:19
US.INTC260515C100000,INTC 260515 100.00C,108.15,7053,7297060.0,CALL,2026-05-15,100.0,16813,93.49,0.723392955,0.020129402,-0.294135891,0.059500386,10,100.0,US.INTC,5.7,13.31,5.5,3.5756,0.07535829865926959,543561900000.0,"成交额 $7,297,060 ≥ 阈值 $500,000 | 成交量 7,053 手",US.INTC,2026-05-06 08:02:19
US.INTC260508C102000,INTC 260508 102.00C,108.15,10986,6756104.0,CALL,2026-05-08,102.0,5394,112.582,0.73876745,0.030134371,-0.657787929,0.031163494,3,100.0,US.INTC,2.82,10.05,2.57,1.3,0.056865464632454975,543561900000.0,"成交额 $6,756,104 ≥ 阈值 $500,000 | 成交量 10,986 手",US.INTC,2026-05-06 08:02:19
US.INTC260618C120000,INTC 260618 120.00C,108.15,8037,6435242.0,CALL,2026-06-18,120.0,8069,85.233,0.424897147,0.012262171,-0.147193178,0.146914735,44,100.0,US.INTC,3.65,9.65,3.65,3.375,-0.1095700416088765,543561900000.0,"成交额 $6,435,242 ≥ 阈值 $500,000 | 成交量 8,037 手",US.INTC,2026-05-06 08:02:19
US.INTC260618P110000,INTC 260618 110.00P,108.15,4891,6315180.0,PUT,2026-06-18,110.0,190,83.194,-0.46092298,0.012773914,-0.136412711,0.148803998,44,100.0,US.INTC,15.65,15.65,12.5,19.0427,0.01710587147480346,543561900000.0,"成交额 $6,315,180 ≥ 阈值 $500,000 | 成交量 4,891 手",US.INTC,2026-05-06 08:02:19
US.INTC260515C105000,INTC 260515 105.00C,108.15,8746,6270100.0,CALL,2026-05-15,105.0,6911,93.046,0.608772305,0.023210978,-0.336045484,0.068283523,10,100.0,US.INTC,3.58,10.1,2.96,2.2323,0.02912621359223306,543561900000.0,"成交额 $6,270,100 ≥ 阈值 $500,000 | 成交量 8,746 手",US.INTC,2026-05-06 08:02:19
US.INTC260515P105000,INTC 260515 105.00P,108.15,11811,6085118.0,PUT,2026-05-15,105.0,391,92.326,-0.391023977,0.02340076,-0.32327599,0.068268177,10,100.0,US.INTC,7.0,7.0,4.59,11.3445,-0.02912621359223306,543561900000.0,"成交额 $6,085,118 ≥ 阈值 $500,000 | 成交量 11,811 手",US.INTC,2026-05-06 08:02:19
US.INTC260522P100000,INTC 260522 100.00P,108.15,12275,6034216.0,PUT,2026-05-22,100.0,511,88.998,-0.303837353,0.016909916,-0.21377926,0.08128853,17,100.0,US.INTC,5.52,5.83,4.1,8.9864,-0.07535829865926959,543561900000.0,"成交额 $6,034,216 ≥ 阈值 $500,000 | 成交量 12,275 手",US.INTC,2026-05-06 08:02:19
US.INTC260522P102000,INTC 260522 102.00P,108.15,11170,5870301.0,PUT,2026-05-22,102.0,6,89.163,-0.341116287,0.017710324,-0.224696341,0.085282684,17,100.0,US.INTC,6.75,6.75,4.8,10.2978,-0.056865464632454975,543561900000.0,"成交额 $5,870,301 ≥ 阈值 $500,000 | 成交量 11,170 手",US.INTC,2026-05-06 08:02:19
US.INTC260508C108000,INTC 260508 108.00C,108.15,11659,5051352.0,CALL,2026-05-08,108.0,1020,115.458,0.526911742,0.035969562,-0.855807262,0.038148751,3,100.0,US.INTC,1.07,6.15,1.07,0.47,0.0013869625520111482,543561900000.0,"成交额 $5,051,352 ≥ 阈值 $500,000 | 成交量 11,659 手",US.INTC,2026-05-06 08:02:19
US.INTC260515P102000,INTC 260515 102.00P,108.15,12670,4878138.0,PUT,2026-05-15,102.0,59,92.14,-0.319771509,0.021828615,-0.299990562,0.063564425,10,100.0,US.INTC,5.81,5.85,3.45,9.0824,-0.056865464632454975,543561900000.0,"成交额 $4,878,138 ≥ 阈值 $500,000 | 成交量 12,670 手",US.INTC,2026-05-06 08:02:19
US.INTC260508C115000,INTC 260508 115.00C,108.15,21825,4831198.0,CALL,2026-05-08,115.0,2981,119.497,0.300042594,0.030360115,-0.741792059,0.033325658,3,100.0,US.INTC,0.36,3.25,0.3,0.1351,-0.06333795654183998,543561900000.0,"成交额 $4,831,198 ≥ 阈值 $500,000 | 成交量 21,825 手",US.INTC,2026-05-06 08:02:19
US.INTC260508C106000,INTC 260508 106.00C,108.15,9866,4608188.0,CALL,2026-05-08,106.0,1721,113.582,0.59973018,0.035495893,-0.814477156,0.037034669,3,100.0,US.INTC,1.81,7.3,1.04,0.655,0.019879796578825756,543561900000.0,"成交额 $4,608,188 ≥ 阈值 $500,000 | 成交量 9,866 手",US.INTC,2026-05-06 08:02:19
US.INTC260515C104000,INTC 260515 104.00C,108.15,4842,4470695.0,CALL,2026-05-15,104.0,5203,93.258,0.63241338,0.022720344,-0.330496465,0.066992521,10,100.0,US.INTC,3.5,10.28,3.5,2.4785,0.03837263060564036,543561900000.0,"成交额 $4,470,695 ≥ 阈值 $500,000 | 成交量 4,842 手",US.INTC,2026-05-06 08:02:19
US.INTC260821C120000,INTC 260821 120.00C,108.15,2801,4402006.0,CALL,2026-08-21,120.0,1299,83.703,0.5090072,0.008104643,-0.095120447,0.234488207,108,100.0,US.INTC,10.84,16.83,10.84,8.75,-0.1095700416088765,543561900000.0,"成交额 $4,402,006 ≥ 阈值 $500,000 | 成交量 2,801 手",US.INTC,2026-05-06 08:02:19
US.INTC260508C107000,INTC 260508 107.00C,108.15,9982,4331370.0,CALL,2026-05-08,107.0,1616,114.026,0.563219421,0.036045132,-0.835867202,0.037754665,3,100.0,US.INTC,1.26,6.7,1.26,0.555,0.010633379565418452,543561900000.0,"成交额 $4,331,370 ≥ 阈值 $500,000 | 成交量 9,982 手",US.INTC,2026-05-06 08:02:19
US.INTC260508C104000,INTC 260508 104.00C,108.15,8476,4240975.0,CALL,2026-05-08,104.0,3989,112.314,0.672109517,0.033555944,-0.743914872,0.034619642,3,100.0,US.INTC,2.04,8.6,2.04,0.93,0.03837263060564036,543561900000.0,"成交额 $4,240,975 ≥ 阈值 $500,000 | 成交量 8,476 手",US.INTC,2026-05-06 08:02:19
US.INTC260515C90000,INTC 260515 90.00C,108.15,2266,4154380.0,CALL,2026-05-15,90.0,13622,97.088,0.891924871,0.010754713,-0.168625732,0.033012237,10,100.0,US.INTC,12.35,21.25,12.32,8.5496,0.16782246879334262,543561900000.0,"成交额 $4,154,380 ≥ 阈值 $500,000 | 成交量 2,266 手",US.INTC,2026-05-06 08:02:19
US.INTC260522P99000,INTC 260522 99.00P,108.15,8696,4011720.0,PUT,2026-05-22,99.0,48,89.166,-0.285951024,0.016411733,-0.208249923,0.079046877,17,100.0,US.INTC,5.64,5.64,3.9,8.3359,-0.08460471567267688,543561900000.0,"成交额 $4,011,720 ≥ 阈值 $500,000 | 成交量 8,696 手",US.INTC,2026-05-06 08:02:19
US.INTC260821C140000,INTC 260821 140.00C,108.15,3918,4011045.0,CALL,2026-08-21,140.0,703,84.954,0.380267401,0.007624782,-0.091375166,0.223900018,108,100.0,US.INTC,7.21,11.15,7.05,5.4,-0.2944983818770226,543561900000.0,"成交额 $4,011,045 ≥ 阈值 $500,000 | 成交量 3,918 手",US.INTC,2026-05-06 08:02:19
US.INTC260508P100000,INTC 260508 100.00P,108.15,25178,3828380.0,PUT,2026-05-08,100.0,5254,110.994,-0.198071584,0.026165178,-0.528671801,0.026675267,3,100.0,US.INTC,3.05,3.23,1.1,5.9733,-0.07535829865926959,543561900000.0,"成交额 $3,828,380 ≥ 阈值 $500,000 | 成交量 25,178 手",US.INTC,2026-05-06 08:02:19
US.INTC260508P110000,INTC 260508 110.00P,108.15,7299,3821826.0,PUT,2026-05-08,110.0,261,114.965,-0.544963257,0.035987699,-0.834521515,0.037991001,3,100.0,US.INTC,10.45,10.45,4.51,14.5097,0.01710587147480346,543561900000.0,"成交额 $3,821,826 ≥ 阈值 $500,000 | 成交量 7,299 手",US.INTC,2026-05-06 08:02:19
US.INTC260918C75000,INTC 260918 75.00C,108.15,949,3814294.0,CALL,2026-09-18,75.0,5391,81.617,0.844030848,0.004442924,-0.052591318,0.157872797,136,100.0,US.INTC,34.82,41.5,34.82,28.7379,0.3065187239944522,543561900000.0,"成交额 $3,814,294 ≥ 阈值 $500,000 | 成交量 949 手",US.INTC,2026-05-06 08:02:19
US.INTC260717C125000,INTC 260717 125.00C,108.15,4007,3805128.0,CALL,2026-07-17,125.0,6034,82.448,0.424966657,0.009835834,-0.111012258,0.18935472,73,100.0,US.INTC,6.6,11.29,6.6,4.7,-0.15580212667591303,543561900000.0,"成交额 $3,805,128 ≥ 阈值 $500,000 | 成交量 4,007 手",US.INTC,2026-05-06 08:02:19
US.INTC260618C125000,INTC 260618 125.00C,108.15,6071,3799677.0,CALL,2026-06-18,125.0,2813,85.886,0.373427971,0.011760183,-0.142924315,0.141979462,44,100.0,US.INTC,4.21,8.2,4.1,2.685,-0.15580212667591303,543561900000.0,"成交额 $3,799,677 ≥ 阈值 $500,000 | 成交量 6,071 手",US.INTC,2026-05-06 08:02:19
US.INTC260821C135000,INTC 260821 135.00C,108.15,3261,3672938.0,CALL,2026-08-21,135.0,525,84.494,0.409134651,0.007821547,-0.092898752,0.228434961,108,100.0,US.INTC,8.95,12.3,8.95,6.05,-0.24826629680998608,543561900000.0,"成交额 $3,672,938 ≥ 阈值 $500,000 | 成交量 3,261 手",US.INTC,2026-05-06 08:02:19
US.INTC260717C80000,INTC 260717 80.00C,108.15,1116,3540321.0,CALL,2026-07-17,80.0,5060,81.576,0.84832623,0.005958678,-0.06951738,0.113497285,73,100.0,US.INTC,26.0,33.95,26.0,21.5184,0.26028663892741566,543561900000.0,"成交额 $3,540,321 ≥ 阈值 $500,000 | 成交量 1,116 手",US.INTC,2026-05-06 08:02:19
US.INTC260508C120000,INTC 260508 120.00C,108.15,29778,3480047.0,CALL,2026-05-08,120.0,10578,123.854,0.186788108,0.022621205,-0.555863129,0.025735826,3,100.0,US.INTC,0.14,1.9,0.1,0.055,-0.1095700416088765,543561900000.0,"成交额 $3,480,047 ≥ 阈值 $500,000 | 成交量 29,778 手",US.INTC,2026-05-06 08:02:19
US.INTC260515C87000,INTC 260515 87.00C,108.15,1488,3334213.0,CALL,2026-05-15,87.0,802,98.45,0.92384007,0.008181332,-0.132026503,0.025465457,10,100.0,US.INTC,18.25,23.4,18.25,10.6811,0.19556171983356455,543561900000.0,"成交额 $3,334,213 ≥ 阈值 $500,000 | 成交量 1,488 手",US.INTC,2026-05-06 08:02:19
US.INTC260508C109000,INTC 260508 109.00C,108.15,7801,3303948.0,CALL,2026-05-08,109.0,797,115.275,0.490918614,0.036099305,-0.855219941,0.038225866,3,100.0,US.INTC,1.27,5.7,1.06,0.39,-0.007859454461396156,543561900000.0,"成交额 $3,303,948 ≥ 阈值 $500,000 | 成交量 7,801 手",US.INTC,2026-05-06 08:02:19
US.INTC260618C85000,INTC 260618 85.00C,108.15,1326,3301569.0,CALL,2026-06-18,85.0,10389,83.371,0.839638755,0.007795403,-0.093380998,0.091355046,44,100.0,US.INTC,19.93,28.37,19.93,15.9811,0.21405455386037914,543561900000.0,"成交额 $3,301,569 ≥ 阈值 $500,000 | 成交量 1,326 手",US.INTC,2026-05-06 08:02:19
US.INTC260515C95000,INTC 260515 95.00C,108.15,2749,3249081.0,CALL,2026-05-15,95.0,16162,93.96,0.821941619,0.015598854,-0.229680063,0.046339305,10,100.0,US.INTC,8.65,17.03,8.65,5.6623,0.12159038372630611,543561900000.0,"成交额 $3,249,081 ≥ 阈值 $500,000 | 成交量 2,749 手",US.INTC,2026-05-06 08:02:19
US.INTC261016C150000,INTC 261016 150.00C,108.15,2807,3174772.0,CALL,2026-10-16,150.0,40,81.981,0.385448972,0.006436558,-0.072327996,0.277083842,164,100.0,US.INTC,8.09,13.2,8.09,6.9031,-0.38696255201109564,543561900000.0,"成交额 $3,174,772 ≥ 阈值 $500,000 | 成交量 2,807 手",US.INTC,2026-05-06 08:02:19
US.INTC260918C140000,INTC 260918 140.00C,108.15,2623,3138849.0,CALL,2026-09-18,140.0,5859,82.932,0.40886656,0.007099284,-0.081517783,0.256333543,136,100.0,US.INTC,8.85,13.3,8.85,6.8271,-0.2944983818770226,543561900000.0,"成交额 $3,138,849 ≥ 阈值 $500,000 | 成交量 2,623 手",US.INTC,2026-05-06 08:02:19
US.INTC260717C100000,INTC 260717 100.00C,108.15,1669,3087944.0,CALL,2026-07-17,100.0,5828,80.639,0.661918988,0.009382766,-0.103259087,0.176670698,73,100.0,US.INTC,13.65,21.4,12.9,11.1259,0.07535829865926959,543561900000.0,"成交额 $3,087,944 ≥ 阈值 $500,000 | 成交量 1,669 手",US.INTC,2026-05-06 08:02:19
US.INTC260522P103000,INTC 260522 103.00P,108.15,5538,3053094.0,PUT,2026-05-22,103.0,6,89.185,-0.360006859,0.018057308,-0.229148007,0.086967734,17,100.0,US.INTC,7.25,7.25,5.24,10.9972,-0.04761904761904767,543561900000.0,"成交额 $3,053,094 ≥ 阈值 $500,000 | 成交量 5,538 手",US.INTC,2026-05-06 08:02:19
US.INTC260515P103000,INTC 260515 103.00P,108.15,7278,2954696.0,PUT,2026-05-15,103.0,7,92.711,-0.343710073,0.022327338,-0.310893866,0.065416575,10,100.0,US.INTC,5.71,5.9,3.8,9.8363,-0.04761904761904767,543561900000.0,"成交额 $2,954,696 ≥ 阈值 $500,000 | 成交量 7,278 手",US.INTC,2026-05-06 08:02:19
US.INTC260618C80000,INTC 260618 80.00C,108.15,1000,2938032.0,CALL,2026-06-18,80.0,23673,83.953,0.884230409,0.006195903,-0.076432839,0.073116307,44,100.0,US.INTC,23.26,32.57,23.26,19.3886,0.26028663892741566,543561900000.0,"成交额 $2,938,032 ≥ 阈值 $500,000 | 成交量 1,000 手",US.INTC,2026-05-06 08:02:19
US.INTC260918C130000,INTC 260918 130.00C,108.15,1902,2854717.0,CALL,2026-09-18,130.0,1478,82.357,0.464894814,0.007312854,-0.083146608,0.26221427,136,100.0,US.INTC,10.23,15.82,10.23,8.4026,-0.20203421174294955,543561900000.0,"成交额 $2,854,717 ≥ 阈值 $500,000 | 成交量 1,902 手",US.INTC,2026-05-06 08:02:19
US.INTC260508P108000,INTC 260508 108.00P,108.15,6599,2834035.0,PUT,2026-05-08,108.0,62,114.285,-0.473291492,0.03634801,-0.836669497,0.038148834,3,100.0,US.INTC,6.63,6.63,3.65,12.6479,-0.0013869625520111482,543561900000.0,"成交额 $2,834,035 ≥ 阈值 $500,000 | 成交量 6,599 手",US.INTC,2026-05-06 08:02:19
US.INTC260618C70000,INTC 260618 70.00C,108.15,726,2813020.0,CALL,2026-06-18,70.0,43521,87.751,0.944805616,0.003390611,-0.047843982,0.041822137,44,100.0,US.INTC,32.35,41.27,32.35,27.4243,0.3527508090614887,543561900000.0,"成交额 $2,813,020 ≥ 阈值 $500,000 | 成交量 726 手",US.INTC,2026-05-06 08:02:19
US.INTC260717C130000,INTC 260717 130.00C,108.15,3229,2741561.0,CALL,2026-07-17,130.0,4893,82.954,0.385291229,0.009538089,-0.10870536,0.184748663,73,100.0,US.INTC,5.75,10.0,5.75,4.0,-0.20203421174294955,543561900000.0,"成交额 $2,741,561 ≥ 阈值 $500,000 | 成交量 3,229 手",US.INTC,2026-05-06 08:02:19
US.INTC260618C115000,INTC 260618 115.00C,108.15,2957,2716051.0,CALL,2026-06-18,115.0,1883,84.285,0.48039585,0.012609207,-0.148502383,0.149393168,44,100.0,US.INTC,5.6,11.39,5.6,4.225,-0.06333795654183998,543561900000.0,"成交额 $2,716,051 ≥ 阈值 $500,000 | 成交量 2,957 手",US.INTC,2026-05-06 08:02:19
US.INTC260717P100000,INTC 260717 100.00P,108.15,2470,2685252.0,PUT,2026-07-17,100.0,2112,80.308,-0.338977564,0.009461745,-0.09363687,0.176810237,73,100.0,US.INTC,12.5,12.5,10.25,14.5863,-0.07535829865926959,543561900000.0,"成交额 $2,685,252 ≥ 阈值 $500,000 | 成交量 2,470 手",US.INTC,2026-05-06 08:02:19
US.INTC260717C110000,INTC 260717 110.00C,108.15,1772,2660919.0,CALL,2026-07-17,110.0,2102,81.087,0.561323447,0.010061034,-0.110907835,0.190494409,73,100.0,US.INTC,9.85,16.6,9.85,7.875,-0.01710587147480346,543561900000.0,"成交额 $2,660,919 ≥ 阈值 $500,000 | 成交量 1,772 手",US.INTC,2026-05-06 08:02:19
US.INTC260515P110000,INTC 260515 110.00P,108.15,3453,2649043.0,PUT,2026-05-15,110.0,108,94.35,-0.510410157,0.0237948,-0.342217069,0.07090396,10,100.0,US.INTC,10.0,10.0,6.9,15.4448,0.01710587147480346,543561900000.0,"成交额 $2,649,043 ≥ 阈值 $500,000 | 成交量 3,453 手",US.INTC,2026-05-06 08:02:19
US.INTC260508C97000,INTC 260508 97.00C,108.15,2454,2592057.0,CALL,2026-05-08,97.0,6289,102.608,0.893469523,0.018684472,-0.304453444,0.017610291,3,100.0,US.INTC,5.45,14.0,5.3,2.855,0.10309754969949149,543561900000.0,"成交额 $2,592,057 ≥ 阈值 $500,000 | 成交量 2,454 手",US.INTC,2026-05-06 08:02:19
US.INTC260515C65000,INTC 260515 65.00C,108.15,637,2576925.0,CALL,2026-05-15,65.0,8599,133.182,0.992637796,0.000860316,-0.028114971,0.003623139,10,100.0,US.INTC,36.18,45.1,36.18,30.9508,0.3989828941285252,543561900000.0,"成交额 $2,576,925 ≥ 阈值 $500,000 | 成交量 637 手",US.INTC,2026-05-06 08:02:19
US.INTC260508P115000,INTC 260508 115.00P,108.15,3037,2559894.0,PUT,2026-05-08,115.0,81,119.244,-0.700566677,0.030421765,-0.72850979,0.033291948,3,100.0,US.INTC,11.4,11.4,7.69,19.3205,0.06333795654183998,543561900000.0,"成交额 $2,559,894 ≥ 阈值 $500,000 | 成交量 3,037 手",US.INTC,2026-05-06 08:02:19
US.INTC260618C150000,INTC 260618 150.00C,108.15,8425,2544236.0,CALL,2026-06-18,150.0,3824,90.797,0.192701788,0.008040657,-0.107918292,0.102622044,44,100.0,US.INTC,1.52,3.6,1.5,1.015,-0.38696255201109564,543561900000.0,"成交额 $2,544,236 ≥ 阈值 $500,000 | 成交量 8,425 手",US.INTC,2026-05-06 08:02:19
US.INTC260821C100000,INTC 260821 100.00C,108.15,1100,2541698.0,CALL,2026-08-21,100.0,2198,82.687,0.663817613,0.007504272,-0.087222897,0.214484213,108,100.0,US.INTC,17.0,25.0,17.0,14.6073,0.07535829865926959,543561900000.0,"成交额 $2,541,698 ≥ 阈值 $500,000 | 成交量 1,100 手",US.INTC,2026-05-06 08:02:19
US.INTC260508C85000,INTC 260508 85.00C,108.15,1105,2496093.0,CALL,2026-05-08,85.0,3590,146.081,0.973042415,0.004446132,-0.123400064,0.00596627,3,100.0,US.INTC,16.38,25.08,16.38,11.2755,0.21405455386037914,543561900000.0,"成交额 $2,496,093 ≥ 阈值 $500,000 | 成交量 1,105 手",US.INTC,2026-05-06 08:02:19
US.INTC260821C110000,INTC 260821 110.00C,108.15,1233,2322860.0,CALL,2026-08-21,110.0,19049,83.316,0.58421412,0.007962209,-0.093159484,0.229303295,108,100.0,US.INTC,14.41,20.55,14.41,11.275,-0.01710587147480346,543561900000.0,"成交额 $2,322,860 ≥ 阈值 $500,000 | 成交量 1,233 手",US.INTC,2026-05-06 08:02:19
US.INTC260618P85000,INTC 260618 85.00P,108.15,7524,2313930.0,PUT,2026-06-18,85.0,7761,83.034,-0.159896861,0.007816633,-0.084629551,0.091177924,44,100.0,US.INTC,3.7,3.7,2.8,4.7751,-0.21405455386037914,543561900000.0,"成交额 $2,313,930 ≥ 阈值 $500,000 | 成交量 7,524 手",US.INTC,2026-05-06 08:02:19
US.INTC260515P90000,INTC 260515 90.00P,108.15,21755,2299359.0,PUT,2026-05-15,90.0,8798,95.333,-0.104469562,0.010688123,-0.152850653,0.032212223,10,100.0,US.INTC,1.56,1.74,0.83,2.665,-0.16782246879334262,543561900000.0,"成交额 $2,299,359 ≥ 阈值 $500,000 | 成交量 21,755 手",US.INTC,2026-05-06 08:02:19
US.INTC260515C80000,INTC 260515 80.00C,108.15,820,2262338.0,CALL,2026-05-15,80.0,15304,106.059,0.965757427,0.004024356,-0.076284972,0.013494898,10,100.0,US.INTC,21.06,30.75,21.06,16.5311,0.26028663892741566,543561900000.0,"成交额 $2,262,338 ≥ 阈值 $500,000 | 成交量 820 手",US.INTC,2026-05-06 08:02:19
US.INTC260508C103000,INTC 260508 103.00C,108.15,4618,2259750.0,CALL,2026-05-08,103.0,1849,112.974,0.705481006,0.031841711,-0.707897729,0.033043949,3,100.0,US.INTC,1.55,9.02,1.55,1.095,0.04761904761904767,543561900000.0,"成交额 $2,259,750 ≥ 阈值 $500,000 | 成交量 4,618 手",US.INTC,2026-05-06 08:02:19
US.INTC260717C120000,INTC 260717 120.00C,108.15,2008,2234285.0,CALL,2026-07-17,120.0,7514,81.914,0.467604891,0.010045454,-0.112232181,0.192139503,73,100.0,US.INTC,7.04,12.7,7.04,5.6,-0.1095700416088765,543561900000.0,"成交额 $2,234,285 ≥ 阈值 $500,000 | 成交量 2,008 手",US.INTC,2026-05-06 08:02:19
US.INTC260717C105000,INTC 260717 105.00C,108.15,1379,2202881.0,CALL,2026-07-17,105.0,5105,80.696,0.611160814,0.009831114,-0.107801515,0.185243409,73,100.0,US.INTC,12.17,18.81,12.17,9.375,0.02912621359223306,543561900000.0,"成交额 $2,202,881 ≥ 阈值 $500,000 | 成交量 1,379 手",US.INTC,2026-05-06 08:02:19
US.INTC260618C95000,INTC 260618 95.00C,108.15,1260,2202545.0,CALL,2026-06-18,95.0,17558,83.182,0.728695322,0.010627442,-0.124273643,0.124264876,44,100.0,US.INTC,13.56,21.3,13.45,10.4594,0.12159038372630611,543561900000.0,"成交额 $2,202,545 ≥ 阈值 $500,000 | 成交量 1,260 手",US.INTC,2026-05-06 08:02:19
US.INTC260821C90000,INTC 260821 90.00C,108.15,830,2146587.0,CALL,2026-08-21,90.0,3370,83.111,0.74416543,0.006582777,-0.078154831,0.189109116,108,100.0,US.INTC,22.0,29.9,22.0,18.9696,0.16782246879334262,543561900000.0,"成交额 $2,146,587 ≥ 阈值 $500,000 | 成交量 830 手",US.INTC,2026-05-06 08:02:19
US.INTC261016C130000,INTC 261016 130.00C,108.15,1443,2143378.0,CALL,2026-10-16,130.0,1640,81.145,0.485386638,0.006779989,-0.07520653,0.288894899,164,100.0,US.INTC,12.5,17.33,12.5,9.95,-0.20203421174294955,543561900000.0,"成交额 $2,143,378 ≥ 阈值 $500,000 | 成交量 1,443 手",US.INTC,2026-05-06 08:02:19
US.INTC260618C90000,INTC 260618 90.00C,108.15,965,2127510.0,CALL,2026-06-18,90.0,13356,83.308,0.786866088,0.009307323,-0.110060799,0.108992676,44,100.0,US.INTC,16.59,25.0,16.59,12.9965,0.16782246879334262,543561900000.0,"成交额 $2,127,510 ≥ 阈值 $500,000 | 成交量 965 手",US.INTC,2026-05-06 08:02:19
US.INTC260515C115000,INTC 260515 115.00C,108.15,4817,2092835.0,CALL,2026-05-15,115.0,2232,95.588,0.379821799,0.022398402,-0.338962052,0.067692948,10,100.0,US.INTC,1.6,5.5,1.55,0.78,-0.06333795654183998,543561900000.0,"成交额 $2,092,835 ≥ 阈值 $500,000 | 成交量 4,817 手",US.INTC,2026-05-06 08:02:19
US.INTC260529C100000,INTC 260529 100.00C,108.15,1554,2055881.0,CALL,2026-05-29,100.0,3750,84.739,0.684693972,0.015164765,-0.182132712,0.098280987,24,100.0,US.INTC,8.1,15.65,8.1,5.8509,0.07535829865926959,543561900000.0,"成交额 $2,055,881 ≥ 阈值 $500,000 | 成交量 1,554 手",US.INTC,2026-05-06 08:02:19
US.INTC260515C60000,INTC 260515 60.00C,108.15,417,2040048.0,CALL,2026-05-15,60.0,18845,144.975,0.995271809,0.000533663,-0.021598423,0.002446539,10,100.0,US.INTC,44.0,49.5,43.5,35.9131,0.44521497919556174,543561900000.0,"成交额 $2,040,048 ≥ 阈值 $500,000 | 成交量 417 手",US.INTC,2026-05-06 08:02:19
US.INTC260508C98000,INTC 260508 98.00C,108.15,2278,1994645.0,CALL,2026-05-08,98.0,2042,114.885,0.846534356,0.021499043,-0.459397375,0.022687853,3,100.0,US.INTC,4.9,13.0,4.55,2.47,0.0938511326860842,543561900000.0,"成交额 $1,994,645 ≥ 阈值 $500,000 | 成交量 2,278 手",US.INTC,2026-05-06 08:02:19
US.INTC260515C109000,INTC 260515 109.00C,108.15,3381,1989690.0,CALL,2026-05-15,109.0,377,93.727,0.513007777,0.023924802,-0.350677675,0.070899276,10,100.0,US.INTC,2.7,7.7,2.7,1.465,-0.007859454461396156,543561900000.0,"成交额 $1,989,690 ≥ 阈值 $500,000 | 成交量 3,381 手",US.INTC,2026-05-06 08:02:19
US.INTC260605C110000,INTC 260605 110.00C,108.15,2009,1988903.0,CALL,2026-06-05,110.0,569,85.619,0.527382549,0.014780474,-0.179727016,0.125172619,31,100.0,US.INTC,6.2,11.5,6.2,3.9,-0.01710587147480346,543561900000.0,"成交额 $1,988,903 ≥ 阈值 $500,000 | 成交量 2,009 手",US.INTC,2026-05-06 08:02:19
US.INTC260515C70000,INTC 260515 70.00C,108.15,548,1968881.0,CALL,2026-05-15,70.0,32358,124.65,0.987123765,0.00149787,-0.040755174,0.005903726,10,100.0,US.INTC,31.8,39.78,31.8,26.0205,0.3527508090614887,543561900000.0,"成交额 $1,968,881 ≥ 阈值 $500,000 | 成交量 548 手",US.INTC,2026-05-06 08:02:19
US.INTC260508C112000,INTC 260508 112.00C,108.15,6533,1953205.0,CALL,2026-05-08,112.0,921,118.125,0.390090378,0.033891573,-0.831588952,0.036775217,3,100.0,US.INTC,0.6,4.25,0.6,0.23,-0.03559870550161807,543561900000.0,"成交额 $1,953,205 ≥ 阈值 $500,000 | 成交量 6,533 手",US.INTC,2026-05-06 08:02:19
US.INTC260508C95000,INTC 260508 95.00C,108.15,1572,1940287.0,CALL,2026-05-08,95.0,5237,119.723,0.899309207,0.015371416,-0.337588501,0.016904538,3,100.0,US.INTC,7.05,15.69,7.05,3.8225,0.12159038372630611,543561900000.0,"成交额 $1,940,287 ≥ 阈值 $500,000 | 成交量 1,572 手",US.INTC,2026-05-06 08:02:19
US.INTC261120C85000,INTC 261120 85.00C,108.15,516,1940286.0,CALL,2026-11-20,85.0,1906,79.811,0.76942849,0.004772026,-0.053392445,0.242757258,199,100.0,US.INTC,31.0,38.0,31.0,26.4922,0.21405455386037914,543561900000.0,"成交额 $1,940,286 ≥ 阈值 $500,000 | 成交量 516 手",US.INTC,2026-05-06 08:02:19
US.INTC260508P109000,INTC 260508 109.00P,108.15,4080,1931413.0,PUT,2026-05-08,109.0,28,114.111,-0.509660256,0.036476454,-0.835988999,0.038223132,3,100.0,US.INTC,8.09,8.09,4.15,13.5688,0.007859454461396156,543561900000.0,"成交额 $1,931,413 ≥ 阈值 $500,000 | 成交量 4,080 手",US.INTC,2026-05-06 08:02:19
US.INTC260618P90000,INTC 260618 90.00P,108.15,4432,1916617.0,PUT,2026-06-18,90.0,6663,82.471,-0.211955716,0.009379436,-0.100026391,0.108631893,44,100.0,US.INTC,5.32,5.41,4.04,6.7751,-0.16782246879334262,543561900000.0,"成交额 $1,916,617 ≥ 阈值 $500,000 | 成交量 4,432 手",US.INTC,2026-05-06 08:02:19
US.INTC260515P94000,INTC 260515 94.00P,108.15,9083,1906056.0,PUT,2026-05-15,94.0,8608,93.577,-0.159992661,0.014624046,-0.204228845,0.043259757,10,100.0,US.INTC,2.34,2.34,1.39,4.275,-0.1308368007397134,543561900000.0,"成交额 $1,906,056 ≥ 阈值 $500,000 | 成交量 9,083 手",US.INTC,2026-05-06 08:02:19
US.INTC260508C99000,INTC 260508 99.00C,108.15,2367,1887123.0,CALL,2026-05-08,99.0,2272,114.183,0.823038648,0.023721481,-0.509698917,0.024880349,3,100.0,US.INTC,4.35,12.1,4.22,2.11,0.08460471567267688,543561900000.0,"成交额 $1,887,123 ≥ 阈值 $500,000 | 成交量 2,367 手",US.INTC,2026-05-06 08:02:19
US.INTC260508C90000,INTC 260508 90.00C,108.15,1053,1863248.0,CALL,2026-05-08,90.0,6722,130.89,0.949934789,0.00822988,-0.197237475,0.009894974,3,100.0,US.INTC,11.5,20.38,10.4,7.052,0.16782246879334262,543561900000.0,"成交额 $1,863,248 ≥ 阈值 $500,000 | 成交量 1,053 手",US.INTC,2026-05-06 08:02:19
US.INTC260508P107000,INTC 260508 107.00P,108.15,4705,1847974.0,PUT,2026-05-08,107.0,8,112.835,-0.436592871,0.036429569,-0.816658956,0.03775072,3,100.0,US.INTC,6.15,6.3,3.2,11.7322,-0.010633379565418452,543561900000.0,"成交额 $1,847,974 ≥ 阈值 $500,000 | 成交量 4,705 手",US.INTC,2026-05-06 08:02:19
US.INTC260515P95000,INTC 260515 95.00P,108.15,9090,1829799.0,PUT,2026-05-15,95.0,4323,93.145,-0.176372549,0.015643192,-0.217041391,0.046060134,10,100.0,US.INTC,2.97,3.1,1.55,4.775,-0.12159038372630611,543561900000.0,"成交额 $1,829,799 ≥ 阈值 $500,000 | 成交量 9,090 手",US.INTC,2026-05-06 08:02:19
US.INTC260515C108000,INTC 260515 108.00C,108.15,2686,1781682.0,CALL,2026-05-15,108.0,1167,93.543,0.536769879,0.023882844,-0.348953062,0.070635475,10,100.0,US.INTC,2.94,8.55,2.94,1.625,0.0013869625520111482,543561900000.0,"成交额 $1,781,682 ≥ 阈值 $500,000 | 成交量 2,686 手",US.INTC,2026-05-06 08:02:19
US.INTC260522C110000,INTC 260522 110.00C,108.15,2352,1749114.0,CALL,2026-05-22,110.0,728,90.898,0.507769182,0.018874692,-0.258399377,0.092730091,17,100.0,US.INTC,3.89,9.09,3.89,2.3535,-0.01710587147480346,543561900000.0,"成交额 $1,749,114 ≥ 阈值 $500,000 | 成交量 2,352 手",US.INTC,2026-05-06 08:02:19
US.INTC260717C115000,INTC 260717 115.00C,108.15,1348,1745153.0,CALL,2026-07-17,115.0,1531,81.499,0.513286449,0.010124421,-0.112328058,0.192669175,73,100.0,US.INTC,9.1,14.55,9.1,6.625,-0.06333795654183998,543561900000.0,"成交额 $1,745,153 ≥ 阈值 $500,000 | 成交量 1,348 手",US.INTC,2026-05-06 08:02:19
US.INTC260618P100000,INTC 260618 100.00P,108.15,2131,1715005.0,PUT,2026-06-18,100.0,1996,82.553,-0.333406014,0.011769497,-0.125028284,0.136310661,44,100.0,US.INTC,9.95,10.25,7.55,12.1551,-0.07535829865926959,543561900000.0,"成交额 $1,715,005 ≥ 阈值 $500,000 | 成交量 2,131 手",US.INTC,2026-05-06 08:02:19
US.INTC260618C140000,INTC 260618 140.00C,108.15,4181,1704809.0,CALL,2026-06-18,140.0,3577,88.829,0.251407415,0.009569897,-0.123473247,0.119493677,44,100.0,US.INTC,2.26,5.0,2.26,1.4478,-0.2944983818770226,543561900000.0,"成交额 $1,704,809 ≥ 阈值 $500,000 | 成交量 4,181 手",US.INTC,2026-05-06 08:02:19
US.INTC260508P106000,INTC 260508 106.00P,108.15,4658,1696171.0,PUT,2026-05-08,106.0,24,112.362,-0.399678748,0.035873035,-0.795024375,0.037019382,3,100.0,US.INTC,5.35,5.72,2.81,10.8314,-0.019879796578825756,543561900000.0,"成交额 $1,696,171 ≥ 阈值 $500,000 | 成交量 4,658 手",US.INTC,2026-05-06 08:02:19
US.INTC260618P95000,INTC 260618 95.00P,108.15,2771,1684458.0,PUT,2026-06-18,95.0,7409,82.401,-0.270724224,0.010730162,-0.113959283,0.124117454,44,100.0,US.INTC,7.4,7.5,5.65,9.225,-0.12159038372630611,543561900000.0,"成交额 $1,684,458 ≥ 阈值 $500,000 | 成交量 2,771 手",US.INTC,2026-05-06 08:02:19
US.INTC260618C50000,INTC 260618 50.00C,108.15,281,1637553.0,CALL,2026-06-18,50.0,56066,105.118,0.989590389,0.00070035,-0.016979557,0.010349742,44,100.0,US.INTC,51.9,60.8,51.0,46.2367,0.5376791493296348,543561900000.0,"成交额 $1,637,553 ≥ 阈值 $500,000 | 成交量 281 手",US.INTC,2026-05-06 08:02:19
US.INTC260618P105000,INTC 260618 105.00P,108.15,1551,1624569.0,PUT,2026-06-18,105.0,409,82.557,-0.397554824,0.012493074,-0.132114914,0.144578764,44,100.0,US.INTC,11.6,12.0,9.85,15.5221,-0.02912621359223306,543561900000.0,"成交额 $1,624,569 ≥ 阈值 $500,000 | 成交量 1,551 手",US.INTC,2026-05-06 08:02:19
US.INTC260821P80000,INTC 260821 80.00P,108.15,2687,1623577.0,PUT,2026-08-21,80.0,2381,82.285,-0.178986853,0.005414568,-0.056531564,0.153732862,108,100.0,US.INTC,6.25,6.45,5.65,7.6,-0.26028663892741566,543561900000.0,"成交额 $1,623,577 ≥ 阈值 $500,000 | 成交量 2,687 手",US.INTC,2026-05-06 08:02:19
US.INTC260618C45000,INTC 260618 45.00C,108.15,262,1617836.0,CALL,2026-06-18,45.0,34365,114.956,0.992033992,0.000506671,-0.014853482,0.008188438,44,100.0,US.INTC,56.4,65.0,56.4,51.1521,0.5839112343966714,543561900000.0,"成交额 $1,617,836 ≥ 阈值 $500,000 | 成交量 262 手",US.INTC,2026-05-06 08:02:19
US.INTC260508C101000,INTC 260508 101.00C,108.15,2574,1608740.0,CALL,2026-05-08,101.0,1775,113.548,0.768180865,0.028024616,-0.614506814,0.029230358,3,100.0,US.INTC,3.4,10.71,3.1,1.535,0.06611188164586228,543561900000.0,"成交额 $1,608,740 ≥ 阈值 $500,000 | 成交量 2,574 手",US.INTC,2026-05-06 08:02:19
US.INTC260821C150000,INTC 260821 150.00C,108.15,1983,1602714.0,CALL,2026-08-21,150.0,677,85.447,0.326759213,0.007180156,-0.086765953,0.21206414,108,100.0,US.INTC,5.98,9.65,5.98,4.3,-0.38696255201109564,543561900000.0,"成交额 $1,602,714 ≥ 阈值 $500,000 | 成交量 1,983 手",US.INTC,2026-05-06 08:02:19
US.INTC260618P80000,INTC 260618 80.00P,108.15,7833,1593657.0,PUT,2026-06-18,80.0,13308,83.939,-0.115907333,0.00620423,-0.06868746,0.073176793,44,100.0,US.INTC,2.55,2.58,1.85,3.2,-0.26028663892741566,543561900000.0,"成交额 $1,593,657 ≥ 阈值 $500,000 | 成交量 7,833 手",US.INTC,2026-05-06 08:02:19
US.INTC260618C75000,INTC 260618 75.00C,108.15,458,1585213.0,CALL,2026-06-18,75.0,10231,87.423,0.915224168,0.004738019,-0.064254255,0.058223588,44,100.0,US.INTC,27.66,36.72,27.57,23.2396,0.3065187239944522,543561900000.0,"成交额 $1,585,213 ≥ 阈值 $500,000 | 成交量 458 手",US.INTC,2026-05-06 08:02:19
US.INTC260717C50000,INTC 260717 50.00C,108.15,262,1544798.0,CALL,2026-07-17,50.0,16794,0.0,0.0,0.0,0.0,0.0,73,100.0,US.INTC,52.0,60.73,52.0,46.6829,0.5376791493296348,543561900000.0,"成交额 $1,544,798 ≥ 阈值 $500,000 | 成交量 262 手",US.INTC,2026-05-06 08:02:19
US.INTC260717C150000,INTC 260717 150.00C,108.15,2948,1509817.0,CALL,2026-07-17,150.0,224,85.212,0.257917265,0.00784473,-0.093595739,0.156082685,73,100.0,US.INTC,2.74,6.11,2.74,2.16,-0.38696255201109564,543561900000.0,"成交额 $1,509,817 ≥ 阈值 $500,000 | 成交量 2,948 手",US.INTC,2026-05-06 08:02:19
US.INTC260529C110000,INTC 260529 110.00C,108.15,1695,1473149.0,CALL,2026-05-29,110.0,2120,86.318,0.517654112,0.01669576,-0.206158507,0.110219702,24,100.0,US.INTC,4.5,10.47,4.5,3.0522,-0.01710587147480346,543561900000.0,"成交额 $1,473,149 ≥ 阈值 $500,000 | 成交量 1,695 手",US.INTC,2026-05-06 08:02:19
US.INTC260508P103000,INTC 260508 103.00P,108.15,6071,1470310.0,PUT,2026-05-08,103.0,273,111.886,-0.293075784,0.032081105,-0.68906929,0.032968346,3,100.0,US.INTC,4.5,4.5,1.8,8.2696,-0.04761904761904767,543561900000.0,"成交额 $1,470,310 ≥ 阈值 $500,000 | 成交量 6,071 手",US.INTC,2026-05-06 08:02:19
US.INTC261016C120000,INTC 261016 120.00C,108.15,743,1435633.0,CALL,2026-10-16,120.0,241,80.674,0.543025147,0.006784447,-0.074766567,0.287407516,164,100.0,US.INTC,14.05,20.3,14.05,12.025,-0.1095700416088765,543561900000.0,"成交额 $1,435,633 ≥ 阈值 $500,000 | 成交量 743 手",US.INTC,2026-05-06 08:02:19
US.INTC260508C111000,INTC 260508 111.00C,108.15,4248,1434119.0,CALL,2026-05-08,111.0,274,117.419,0.422618223,0.03478038,-0.848452861,0.037514146,3,100.0,US.INTC,0.6,4.75,0.6,0.28,-0.026352288488210765,543561900000.0,"成交额 $1,434,119 ≥ 阈值 $500,000 | 成交量 4,248 手",US.INTC,2026-05-06 08:02:19
US.INTC260821P100000,INTC 260821 100.00P,108.15,1005,1429154.0,PUT,2026-08-21,100.0,421,82.499,-0.337644932,0.00757148,-0.078037044,0.214802436,108,100.0,US.INTC,15.37,15.37,13.55,17.6961,-0.07535829865926959,543561900000.0,"成交额 $1,429,154 ≥ 阈值 $500,000 | 成交量 1,005 手",US.INTC,2026-05-06 08:02:19
US.INTC260515C125000,INTC 260515 125.00C,108.15,6842,1412311.0,CALL,2026-05-15,125.0,4000,100.57,0.215618449,0.016366567,-0.268768829,0.052040328,10,100.0,US.INTC,0.58,2.85,0.58,0.2552,-0.15580212667591303,543561900000.0,"成交额 $1,412,311 ≥ 阈值 $500,000 | 成交量 6,842 手",US.INTC,2026-05-06 08:02:19
US.INTC260515C50000,INTC 260515 50.00C,108.15,241,1402801.0,CALL,2026-05-15,50.0,21587,176.95,0.997450106,0.000251104,-0.015680352,0.00140507,10,100.0,US.INTC,52.0,59.58,52.0,45.8741,0.5376791493296348,543561900000.0,"成交额 $1,402,801 ≥ 阈值 $500,000 | 成交量 241 手",US.INTC,2026-05-06 08:02:19
US.INTC260508C60000,INTC 260508 60.00C,108.15,287,1398757.0,CALL,2026-05-08,60.0,717,279.858,0.993803418,0.000652273,-0.056427389,0.001676879,3,100.0,US.INTC,45.94,50.05,45.94,35.8168,0.44521497919556174,543561900000.0,"成交额 $1,398,757 ≥ 阈值 $500,000 | 成交量 287 手",US.INTC,2026-05-06 08:02:19
US.INTC260618C60000,INTC 260618 60.00C,108.15,283,1380928.0,CALL,2026-06-18,60.0,33032,95.776,0.974625466,0.001647982,-0.029559813,0.022187585,44,100.0,US.INTC,42.0,50.04,42.0,36.5663,0.44521497919556174,543561900000.0,"成交额 $1,380,928 ≥ 阈值 $500,000 | 成交量 283 手",US.INTC,2026-05-06 08:02:19
US.INTC260515C75000,INTC 260515 75.00C,108.15,403,1378040.0,CALL,2026-05-15,75.0,9118,115.892,0.97838151,0.002509596,-0.05743691,0.009195989,10,100.0,US.INTC,27.25,34.8,27.25,21.1909,0.3065187239944522,543561900000.0,"成交额 $1,378,040 ≥ 阈值 $500,000 | 成交量 403 手",US.INTC,2026-05-06 08:02:19
US.INTC260918C100000,INTC 260918 100.00C,108.15,558,1352570.0,CALL,2026-09-18,100.0,13187,80.929,0.667459315,0.006802557,-0.076192737,0.239689569,136,100.0,US.INTC,18.95,26.95,18.95,16.35,0.07535829865926959,543561900000.0,"成交额 $1,352,570 ≥ 阈值 $500,000 | 成交量 558 手",US.INTC,2026-05-06 08:02:19
US.INTC260918C110000,INTC 260918 110.00C,108.15,658,1335224.0,CALL,2026-09-18,110.0,13552,81.461,0.595434849,0.00720861,-0.081105218,0.255667916,136,100.0,US.INTC,15.5,22.25,15.5,13.025,-0.01710587147480346,543561900000.0,"成交额 $1,335,224 ≥ 阈值 $500,000 | 成交量 658 手",US.INTC,2026-05-06 08:02:19
US.INTC260515C62500,INTC 260515 62.50C,108.15,284,1328715.0,CALL,2026-05-15,62.5,5164,143.159,0.992888304,0.000776297,-0.028782884,0.003514149,10,100.0,US.INTC,45.75,46.95,45.7,33.4301,0.4220989366620435,543561900000.0,"成交额 $1,328,715 ≥ 阈值 $500,000 | 成交量 284 手",US.INTC,2026-05-06 08:02:19
US.INTC261120C145000,INTC 261120 145.00C,108.15,901,1328542.0,CALL,2026-11-20,145.0,5,81.642,0.43945338,0.006049864,-0.067862635,0.3148245,199,100.0,US.INTC,13.82,16.15,13.82,9.475,-0.3407304669440591,543561900000.0,"成交额 $1,328,542 ≥ 阈值 $500,000 | 成交量 901 手",US.INTC,2026-05-06 08:02:19
US.INTC260515C85000,INTC 260515 85.00C,108.15,571,1323507.0,CALL,2026-05-15,85.0,3830,101.149,0.937904774,0.006803342,-0.115957192,0.021756892,10,100.0,US.INTC,17.87,25.68,17.87,12.2457,0.21405455386037914,543561900000.0,"成交额 $1,323,507 ≥ 阈值 $500,000 | 成交量 571 手",US.INTC,2026-05-06 08:02:19
US.INTC260717P105000,INTC 260717 105.00P,108.15,976,1313624.0,PUT,2026-07-17,105.0,198,80.264,-0.390226556,0.009936558,-0.097672507,0.18536922,73,100.0,US.INTC,14.2,14.55,12.7,17.8191,-0.02912621359223306,543561900000.0,"成交额 $1,313,624 ≥ 阈值 $500,000 | 成交量 976 手",US.INTC,2026-05-06 08:02:19
US.INTC261016C105000,INTC 261016 105.00C,108.15,559,1310408.0,CALL,2026-10-16,105.0,2089,80.389,0.638493354,0.006431419,-0.071090395,0.271491002,164,100.0,US.INTC,19.56,26.02,19.56,16.25,0.02912621359223306,543561900000.0,"成交额 $1,310,408 ≥ 阈值 $500,000 | 成交量 559 手",US.INTC,2026-05-06 08:02:19
US.INTC260508C125000,INTC 260508 125.00C,108.15,15630,1259440.0,CALL,2026-05-08,125.0,2253,128.617,0.112976518,0.015548167,-0.379957646,0.018369111,3,100.0,US.INTC,0.05,1.15,0.04,0.0252,-0.15580212667591303,543561900000.0,"成交额 $1,259,440 ≥ 阈值 $500,000 | 成交量 15,630 手",US.INTC,2026-05-06 08:02:19
US.INTC260717P110000,INTC 260717 110.00P,108.15,783,1257921.0,PUT,2026-07-17,110.0,218,80.679,-0.440596846,0.01017638,-0.100425941,0.190546919,73,100.0,US.INTC,16.85,17.25,15.5,21.3062,0.01710587147480346,543561900000.0,"成交额 $1,257,921 ≥ 阈值 $500,000 | 成交量 783 手",US.INTC,2026-05-06 08:02:19
US.INTC260918P60000,INTC 260918 60.00P,108.15,5600,1254703.0,PUT,2026-09-18,60.0,6375,83.164,-0.075045266,0.002582402,-0.027708993,0.093475329,136,100.0,US.INTC,2.21,2.35,2.18,2.79,-0.44521497919556174,543561900000.0,"成交额 $1,254,703 ≥ 阈值 $500,000 | 成交量 5,600 手",US.INTC,2026-05-06 08:02:19
US.INTC260821P110000,INTC 260821 110.00P,108.15,651,1252490.0,PUT,2026-08-21,110.0,58,82.845,-0.418366483,0.008080582,-0.082946854,0.229516717,108,100.0,US.INTC,20.2,20.57,19.0,24.3104,0.01710587147480346,543561900000.0,"成交额 $1,252,490 ≥ 阈值 $500,000 | 成交量 651 手",US.INTC,2026-05-06 08:02:19
US.INTC260515P125000,INTC 260515 125.00P,108.15,591,1207665.0,PUT,2026-05-15,125.0,21,100.135,-0.786347719,0.016448277,-0.255008742,0.051732609,10,100.0,US.INTC,24.5,24.5,17.93,29.3907,0.15580212667591303,543561900000.0,"成交额 $1,207,665 ≥ 阈值 $500,000 | 成交量 591 手",US.INTC,2026-05-06 08:02:19
US.INTC260717P85000,INTC 260717 85.00P,108.15,2360,1201868.0,PUT,2026-07-17,85.0,5472,80.204,-0.192203547,0.007060656,-0.070550213,0.132049726,73,100.0,US.INTC,5.45,5.47,4.66,6.925,-0.21405455386037914,543561900000.0,"成交额 $1,201,868 ≥ 阈值 $500,000 | 成交量 2,360 手",US.INTC,2026-05-06 08:02:19
US.INTC260918C90000,INTC 260918 90.00C,108.15,390,1199925.0,CALL,2026-09-18,90.0,3347,81.137,0.740829002,0.006048696,-0.068858105,0.213672553,136,100.0,US.INTC,26.15,32.0,26.15,20.4439,0.16782246879334262,543561900000.0,"成交额 $1,199,925 ≥ 阈值 $500,000 | 成交量 390 手",US.INTC,2026-05-06 08:02:19
US.INTC260515P85000,INTC 260515 85.00P,108.15,21804,1195122.0,PUT,2026-05-15,85.0,17568,99.418,-0.059246866,0.006672098,-0.101696994,0.020971949,10,100.0,US.INTC,0.77,0.88,0.43,1.365,-0.21405455386037914,543561900000.0,"成交额 $1,195,122 ≥ 阈值 $500,000 | 成交量 21,804 手",US.INTC,2026-05-06 08:02:19
US.INTC260508P95000,INTC 260508 95.00P,108.15,17509,1194799.0,PUT,2026-05-08,95.0,5876,115.278,-0.092948433,0.015053284,-0.294102495,0.015939722,3,100.0,US.INTC,1.4,1.44,0.45,2.995,-0.12159038372630611,543561900000.0,"成交额 $1,194,799 ≥ 阈值 $500,000 | 成交量 17,509 手",US.INTC,2026-05-06 08:02:19
US.INTC260515C67000,INTC 260515 67.00C,108.15,291,1167616.0,CALL,2026-05-15,67.0,935,125.478,0.992427647,0.000936068,-0.027578376,0.003714153,10,100.0,US.INTC,39.28,42.2,37.91,28.9726,0.3804900601017106,543561900000.0,"成交额 $1,167,616 ≥ 阈值 $500,000 | 成交量 291 手",US.INTC,2026-05-06 08:02:19
US.INTC260918C120000,INTC 260918 120.00C,108.15,697,1155147.0,CALL,2026-09-18,120.0,951,81.769,0.527147717,0.007376933,-0.083102438,0.262625928,136,100.0,US.INTC,12.34,18.8,12.34,10.45,-0.1095700416088765,543561900000.0,"成交额 $1,155,147 ≥ 阈值 $500,000 | 成交量 697 手",US.INTC,2026-05-06 08:02:19
US.INTC260515C102000,INTC 260515 102.00C,108.15,1249,1152410.0,CALL,2026-05-15,102.0,801,93.343,0.67889543,0.021576961,-0.314437132,0.063678791,10,100.0,US.INTC,5.4,11.65,5.4,2.9708,0.056865464632454975,543561900000.0,"成交额 $1,152,410 ≥ 阈值 $500,000 | 成交量 1,249 手",US.INTC,2026-05-06 08:02:19
US.INTC261120C100000,INTC 261120 100.00C,108.15,410,1148752.0,CALL,2026-11-20,100.0,1045,79.86,0.677673499,0.005625795,-0.061943746,0.286368759,199,100.0,US.INTC,23.93,30.42,23.93,20.125,0.07535829865926959,543561900000.0,"成交额 $1,148,752 ≥ 阈值 $500,000 | 成交量 410 手",US.INTC,2026-05-06 08:02:19
US.INTC260515C111000,INTC 260515 111.00C,108.15,2101,1139177.0,CALL,2026-05-15,111.0,634,94.518,0.466778523,0.023654993,-0.351896501,0.070690793,10,100.0,US.INTC,2.65,6.98,2.55,1.195,-0.026352288488210765,543561900000.0,"成交额 $1,139,177 ≥ 阈值 $500,000 | 成交量 2,101 手",US.INTC,2026-05-06 08:02:19
US.INTC261120C95000,INTC 261120 95.00C,108.15,353,1119923.0,CALL,2026-11-20,95.0,843,79.824,0.708219567,0.005386539,-0.059547102,0.274067623,199,100.0,US.INTC,26.3,32.43,26.3,22.0779,0.12159038372630611,543561900000.0,"成交额 $1,119,923 ≥ 阈值 $500,000 | 成交量 353 手",US.INTC,2026-05-06 08:02:19
US.INTC260821C80000,INTC 260821 80.00C,108.15,318,1079271.0,CALL,2026-08-21,80.0,3817,83.399,0.819990438,0.0053517,-0.065066499,0.154272439,108,100.0,US.INTC,31.15,36.32,30.63,24.3652,0.26028663892741566,543561900000.0,"成交额 $1,079,271 ≥ 阈值 $500,000 | 成交量 318 手",US.INTC,2026-05-06 08:02:19
US.INTC260529C105000,INTC 260529 105.00C,108.15,985,1061810.0,CALL,2026-05-29,105.0,3555,85.603,0.600762388,0.01631136,-0.198921597,0.106789529,24,100.0,US.INTC,6.05,12.5,6.05,4.2604,0.02912621359223306,543561900000.0,"成交额 $1,061,810 ≥ 阈值 $500,000 | 成交量 985 手",US.INTC,2026-05-06 08:02:19
US.INTC260515C96000,INTC 260515 96.00C,108.15,905,1054337.0,CALL,2026-05-15,96.0,1860,94.322,0.802981737,0.016541933,-0.245545089,0.049330386,10,100.0,US.INTC,7.9,16.27,7.3,5.1787,0.1123439667128988,543561900000.0,"成交额 $1,054,337 ≥ 阈值 $500,000 | 成交量 905 手",US.INTC,2026-05-06 08:02:19
US.INTC260515C106000,INTC 260515 106.00C,108.15,1490,1049668.0,CALL,2026-05-15,106.0,1126,93.567,0.584656776,0.023436546,-0.342977376,0.069333712,10,100.0,US.INTC,3.35,9.3,2.82,1.9862,0.019879796578825756,543561900000.0,"成交额 $1,049,668 ≥ 阈值 $500,000 | 成交量 1,490 手",US.INTC,2026-05-06 08:02:19
US.INTC261120C60000,INTC 261120 60.00C,108.15,202,1047230.0,CALL,2026-11-20,60.0,12473,79.275,0.908758541,0.002591974,-0.030624255,0.130965459,199,100.0,US.INTC,47.51,54.3,47.51,41.5872,0.44521497919556174,543561900000.0,"成交额 $1,047,230 ≥ 阈值 $500,000 | 成交量 202 手",US.INTC,2026-05-06 08:02:19
US.INTC260821C105000,INTC 260821 105.00C,108.15,498,1027299.0,CALL,2026-08-21,105.0,1104,82.97,0.623553459,0.007782869,-0.090662989,0.223208137,108,100.0,US.INTC,15.2,22.45,15.2,12.825,0.02912621359223306,543561900000.0,"成交额 $1,027,299 ≥ 阈值 $500,000 | 成交量 498 手",US.INTC,2026-05-06 08:02:19
US.INTC260821P95000,INTC 260821 95.00P,108.15,858,1022805.0,PUT,2026-08-21,95.0,3897,82.116,-0.29660683,0.007192853,-0.073829661,0.203336892,108,100.0,US.INTC,13.35,13.35,11.2,14.7803,-0.12159038372630611,543561900000.0,"成交额 $1,022,805 ≥ 阈值 $500,000 | 成交量 858 手",US.INTC,2026-05-06 08:02:19
US.INTC260918C70000,INTC 260918 70.00C,108.15,235,1020904.0,CALL,2026-09-18,70.0,5357,80.701,0.876393792,0.003835631,-0.045177711,0.134761857,136,100.0,US.INTC,39.0,45.5,38.6,32.0553,0.3527508090614887,543561900000.0,"成交额 $1,020,904 ≥ 阈值 $500,000 | 成交量 235 手",US.INTC,2026-05-06 08:02:19
US.INTC260821P90000,INTC 260821 90.00P,108.15,1080,1011320.0,PUT,2026-08-21,90.0,888,82.167,-0.256042848,0.006681789,-0.069002544,0.189182183,108,100.0,US.INTC,10.8,10.8,9.1,12.125,-0.16782246879334262,543561900000.0,"成交额 $1,011,320 ≥ 阈值 $500,000 | 成交量 1,080 手",US.INTC,2026-05-06 08:02:19
US.INTC260508P102000,INTC 260508 102.00P,108.15,4805,1005323.0,PUT,2026-05-08,102.0,61,111.097,-0.258917648,0.030399392,-0.635547525,0.031020296,3,100.0,US.INTC,3.85,4.0,1.55,7.4741,-0.056865464632454975,543561900000.0,"成交额 $1,005,323 ≥ 阈值 $500,000 | 成交量 4,805 手",US.INTC,2026-05-06 08:02:19
US.INTC260508P104000,INTC 260508 104.00P,108.15,3458,1000569.0,PUT,2026-05-08,104.0,114,112.15,-0.327745047,0.033602383,-0.732447413,0.034612748,3,100.0,US.INTC,4.5,4.5,2.1,9.1051,-0.03837263060564036,543561900000.0,"成交额 $1,000,569 ≥ 阈值 $500,000 | 成交量 3,458 手",US.INTC,2026-05-06 08:02:19
US.INTC260522C100000,INTC 260522 100.00C,108.15,836,998858.0,CALL,2026-05-22,100.0,1856,90.049,0.695042878,0.016730608,-0.226393124,0.081428319,17,100.0,US.INTC,7.4,14.6,7.25,4.9635,0.07535829865926959,543561900000.0,"成交额 $998,858 ≥ 阈值 $500,000 | 成交量 836 手",US.INTC,2026-05-06 08:02:19
US.INTC260515P107000,INTC 260515 107.00P,108.15,1627,992918.0,PUT,2026-05-15,107.0,56,93.049,-0.439484252,0.023850239,-0.33449708,0.070112691,10,100.0,US.INTC,8.0,8.55,5.5,12.9081,-0.010633379565418452,543561900000.0,"成交额 $992,918 ≥ 阈值 $500,000 | 成交量 1,627 手",US.INTC,2026-05-06 08:02:19
US.INTC260515C107000,INTC 260515 107.00C,108.15,1408,971706.0,CALL,2026-05-15,107.0,948,93.727,0.560716684,0.023659719,-0.347258576,0.070113818,10,100.0,US.INTC,3.4,8.8,3.4,1.795,0.010633379565418452,543561900000.0,"成交额 $971,706 ≥ 阈值 $500,000 | 成交量 1,408 手",US.INTC,2026-05-06 08:02:19
US.INTC260918C150000,INTC 260918 150.00C,108.15,943,969147.0,CALL,2026-09-18,150.0,55,83.446,0.35888704,0.006787345,-0.078639897,0.246585664,136,100.0,US.INTC,7.6,11.3,7.6,5.6,-0.38696255201109564,543561900000.0,"成交额 $969,147 ≥ 阈值 $500,000 | 成交量 943 手",US.INTC,2026-05-06 08:02:19
US.INTC260515P104000,INTC 260515 104.00P,108.15,1849,954838.0,PUT,2026-05-15,104.0,59,93.632,-0.368014461,0.022648603,-0.321829674,0.067013578,10,100.0,US.INTC,6.05,6.35,4.15,10.5904,-0.03837263060564036,543561900000.0,"成交额 $954,838 ≥ 阈值 $500,000 | 成交量 1,849 手",US.INTC,2026-05-06 08:02:19
US.INTC260515P88000,INTC 260515 88.00P,108.15,12473,954717.0,PUT,2026-05-15,88.0,2446,96.694,-0.083427598,0.008924666,-0.130287906,0.027282484,10,100.0,US.INTC,1.15,1.23,0.65,2.0321,-0.18631530282015724,543561900000.0,"成交额 $954,717 ≥ 阈值 $500,000 | 成交量 12,473 手",US.INTC,2026-05-06 08:02:19
US.INTC260508C65000,INTC 260508 65.00C,108.15,217,953696.0,CALL,2026-05-08,65.0,1487,227.864,0.995650416,0.00058469,-0.034625296,0.001223915,3,100.0,US.INTC,41.85,44.62,41.8,30.8262,0.3989828941285252,543561900000.0,"成交额 $953,696 ≥ 阈值 $500,000 | 成交量 217 手",US.INTC,2026-05-06 08:02:19
US.INTC260508P90000,INTC 260508 90.00P,108.15,34888,950444.0,PUT,2026-05-08,90.0,10611,125.629,-0.043794846,0.007701742,-0.158740067,0.008887939,3,100.0,US.INTC,0.5,0.67,0.2,1.225,-0.16782246879334262,543561900000.0,"成交额 $950,444 ≥ 阈值 $500,000 | 成交量 34,888 手",US.INTC,2026-05-06 08:02:19
US.INTC260529C120000,INTC 260529 120.00C,108.15,1957,947657.0,CALL,2026-05-29,120.0,3651,87.604,0.366348182,0.0155339,-0.19602237,0.104075647,24,100.0,US.INTC,2.87,6.45,2.87,1.6352,-0.1095700416088765,543561900000.0,"成交额 $947,657 ≥ 阈值 $500,000 | 成交量 1,957 手",US.INTC,2026-05-06 08:02:19
US.INTC260717P75000,INTC 260717 75.00P,108.15,3555,936651.0,PUT,2026-07-17,75.0,2010,81.112,-0.113182775,0.004899217,-0.050315716,0.092734417,73,100.0,US.INTC,2.42,3.15,2.41,3.6,-0.3065187239944522,543561900000.0,"成交额 $936,651 ≥ 阈值 $500,000 | 成交量 3,555 手",US.INTC,2026-05-06 08:02:19
US.INTC260717C140000,INTC 260717 140.00C,108.15,1310,935474.0,CALL,2026-07-17,140.0,1093,84.055,0.315531586,0.008752294,-0.10197517,0.171776216,73,100.0,US.INTC,3.95,7.55,3.75,2.92,-0.2944983818770226,543561900000.0,"成交额 $935,474 ≥ 阈值 $500,000 | 成交量 1,310 手",US.INTC,2026-05-06 08:02:19
US.INTC260515P108000,INTC 260515 108.00P,108.15,1400,924396.0,PUT,2026-05-15,108.0,255,92.88,-0.463621117,0.024074044,-0.336163969,0.070634489,10,100.0,US.INTC,9.4,9.5,5.99,13.7386,-0.0013869625520111482,543561900000.0,"成交额 $924,396 ≥ 阈值 $500,000 | 成交量 1,400 手",US.INTC,2026-05-06 08:02:19
US.INTC260508C96000,INTC 260508 96.00C,108.15,887,913570.0,CALL,2026-05-08,96.0,3696,116.727,0.886187966,0.017222072,-0.365478548,0.018465811,3,100.0,US.INTC,6.15,15.0,6.15,3.325,0.1123439667128988,543561900000.0,"成交额 $913,570 ≥ 阈值 $500,000 | 成交量 887 手",US.INTC,2026-05-06 08:02:19
US.INTC261016C140000,INTC 261016 140.00C,108.15,625,909049.0,CALL,2026-10-16,140.0,1834,81.638,0.433055367,0.006648383,-0.07433601,0.285007061,164,100.0,US.INTC,12.35,14.91,12.35,8.277,-0.2944983818770226,543561900000.0,"成交额 $909,049 ≥ 阈值 $500,000 | 成交量 625 手",US.INTC,2026-05-06 08:02:19
US.INTC260717C90000,INTC 260717 90.00C,108.15,365,897799.0,CALL,2026-07-17,90.0,20511,80.625,0.761206952,0.007957393,-0.088765567,0.149803709,73,100.0,US.INTC,19.21,27.0,19.21,15.6471,0.16782246879334262,543561900000.0,"成交额 $897,799 ≥ 阈值 $500,000 | 成交量 365 手",US.INTC,2026-05-06 08:02:19
US.INTC260522C105000,INTC 260522 105.00C,108.15,1023,894681.0,CALL,2026-05-22,105.0,801,89.994,0.601868647,0.018442686,-0.248428259,0.089707216,17,100.0,US.INTC,5.1,11.69,4.85,3.4014,0.02912621359223306,543561900000.0,"成交额 $894,681 ≥ 阈值 $500,000 | 成交量 1,023 手",US.INTC,2026-05-06 08:02:19
US.INTC260515P109000,INTC 260515 109.00P,108.15,1297,888824.0,PUT,2026-05-15,109.0,11,93.43,-0.487383197,0.024022663,-0.339138429,0.070893395,10,100.0,US.INTC,9.25,9.48,6.38,14.5792,0.007859454461396156,543561900000.0,"成交额 $888,824 ≥ 阈值 $500,000 | 成交量 1,297 手",US.INTC,2026-05-06 08:02:19
US.INTC261016C100000,INTC 261016 100.00C,108.15,329,888630.0,CALL,2026-10-16,100.0,13497,80.247,0.671785859,0.00621417,-0.068752137,0.261855626,164,100.0,US.INTC,21.92,28.65,21.92,18.0,0.07535829865926959,543561900000.0,"成交额 $888,630 ≥ 阈值 $500,000 | 成交量 329 手",US.INTC,2026-05-06 08:02:19
US.INTC261016C90000,INTC 261016 90.00C,108.15,280,865703.0,CALL,2026-10-16,90.0,1053,79.896,0.739322991,0.005610016,-0.062238587,0.235361724,164,100.0,US.INTC,25.24,33.0,25.24,22.0702,0.16782246879334262,543561900000.0,"成交额 $865,703 ≥ 阈值 $500,000 | 成交量 280 手",US.INTC,2026-05-06 08:02:19
US.INTC260529C85000,INTC 260529 85.00C,108.15,371,861083.0,CALL,2026-05-29,85.0,1221,86.027,0.88795507,0.008008635,-0.101869955,0.052689329,24,100.0,US.INTC,23.14,25.98,22.05,13.8919,0.21405455386037914,543561900000.0,"成交额 $861,083 ≥ 阈值 $500,000 | 成交量 371 手",US.INTC,2026-05-06 08:02:19
US.INTC260508P99000,INTC 260508 99.00P,108.15,6346,853982.0,PUT,2026-05-08,99.0,1891,112.081,-0.172982161,0.023821094,-0.482051905,0.024523551,3,100.0,US.INTC,2.8,2.89,0.94,5.283,-0.08460471567267688,543561900000.0,"成交额 $853,982 ≥ 阈值 $500,000 | 成交量 6,346 手",US.INTC,2026-05-06 08:02:19
US.INTC260515C150000,INTC 260515 150.00C,108.15,19739,847183.0,CALL,2026-05-15,150.0,1511,115.382,0.05215283,0.005198478,-0.105549612,0.018964479,10,100.0,US.INTC,0.02,0.58,0.02,0.015,-0.38696255201109564,543561900000.0,"成交额 $847,183 ≥ 阈值 $500,000 | 成交量 19,739 手",US.INTC,2026-05-06 08:02:19
US.INTC260605C125000,INTC 260605 125.00C,108.15,2203,824109.0,CALL,2026-06-05,125.0,1569,88.438,0.336333784,0.013118563,-0.168404067,0.114753548,31,100.0,US.INTC,2.91,6.4,2.91,1.7157,-0.15580212667591303,543561900000.0,"成交额 $824,109 ≥ 阈值 $500,000 | 成交量 2,203 手",US.INTC,2026-05-06 08:02:19
US.INTC261120C80000,INTC 261120 80.00C,108.15,213,818461.0,CALL,2026-11-20,80.0,14095,79.981,0.799358681,0.004392794,-0.04973944,0.223939249,199,100.0,US.INTC,34.2,40.65,34.2,29.0187,0.26028663892741566,543561900000.0,"成交额 $818,461 ≥ 阈值 $500,000 | 成交量 213 手",US.INTC,2026-05-06 08:02:19
US.INTC260918C80000,INTC 260918 80.00C,108.15,229,816139.0,CALL,2026-09-18,80.0,5394,81.159,0.811578336,0.005041349,-0.058388089,0.178134194,136,100.0,US.INTC,29.98,37.6,29.98,25.7179,0.26028663892741566,543561900000.0,"成交额 $816,139 ≥ 阈值 $500,000 | 成交量 229 手",US.INTC,2026-05-06 08:02:19
US.INTC260508C74000,INTC 260508 74.00C,108.15,224,813562.0,CALL,2026-05-08,74.0,380,250.73,0.965628837,0.003167947,-0.262709304,0.00729633,3,100.0,US.INTC,28.4,36.48,28.4,21.879,0.3157651410078595,543561900000.0,"成交额 $813,562 ≥ 阈值 $500,000 | 成交量 224 手",US.INTC,2026-05-06 08:02:19
US.INTC260821P60000,INTC 260821 60.00P,108.15,4725,809326.0,PUT,2026-08-21,60.0,2798,85.681,-0.064372505,0.002498875,-0.028611057,0.074002079,108,100.0,US.INTC,1.87,1.87,1.6,2.13,-0.44521497919556174,543561900000.0,"成交额 $809,326 ≥ 阈值 $500,000 | 成交量 4,725 手",US.INTC,2026-05-06 08:02:19
US.INTC260515C99000,INTC 260515 99.00C,108.15,700,796934.0,CALL,2026-05-15,99.0,1063,93.389,0.745014774,0.019336587,-0.281845446,0.057094676,10,100.0,US.INTC,6.2,13.55,6.2,3.925,0.08460471567267688,543561900000.0,"成交额 $796,934 ≥ 阈值 $500,000 | 成交量 700 手",US.INTC,2026-05-06 08:02:19
US.INTC260821C130000,INTC 260821 130.00C,108.15,698,793858.0,CALL,2026-08-21,130.0,2512,84.263,0.440670961,0.007963542,-0.094261498,0.231947908,108,100.0,US.INTC,8.0,13.5,8.0,6.85,-0.20203421174294955,543561900000.0,"成交额 $793,858 ≥ 阈值 $500,000 | 成交量 698 手",US.INTC,2026-05-06 08:02:19
US.INTC260821C95000,INTC 260821 95.00C,108.15,308,789337.0,CALL,2026-08-21,95.0,6262,83.02,0.704251245,0.007077175,-0.08332711,0.203090236,108,100.0,US.INTC,20.88,27.25,20.88,16.6599,0.12159038372630611,543561900000.0,"成交额 $789,337 ≥ 阈值 $500,000 | 成交量 308 手",US.INTC,2026-05-06 08:02:19
US.INTC260918P90000,INTC 260918 90.00P,108.15,705,779658.0,PUT,2026-09-18,90.0,611,80.323,-0.259953198,0.006145209,-0.060059872,0.214002635,136,100.0,US.INTC,12.2,12.2,10.49,13.425,-0.16782246879334262,543561900000.0,"成交额 $779,658 ≥ 阈值 $500,000 | 成交量 705 手",US.INTC,2026-05-06 08:02:19
US.INTC260717C85000,INTC 260717 85.00C,108.15,279,771868.0,CALL,2026-07-17,85.0,2018,80.591,0.807596548,0.007022116,-0.079059987,0.132139091,73,100.0,US.INTC,24.16,30.55,24.13,18.3965,0.21405455386037914,543561900000.0,"成交额 $771,868 ≥ 阈值 $500,000 | 成交量 279 手",US.INTC,2026-05-06 08:02:19
US.INTC260717P67500,INTC 260717 67.50P,108.15,5311,761467.0,PUT,2026-07-17,67.5,760,83.545,-0.071107073,0.003366907,-0.036774915,0.0656707,73,100.0,US.INTC,1.72,1.72,1.36,2.03,-0.375866851595007,543561900000.0,"成交额 $761,467 ≥ 阈值 $500,000 | 成交量 5,311 手",US.INTC,2026-05-06 08:02:19
US.INTC260821P105000,INTC 260821 105.00P,108.15,453,761277.0,PUT,2026-08-21,105.0,130,82.417,-0.378520849,0.007897305,-0.080745015,0.223517045,108,100.0,US.INTC,17.82,17.82,16.2,20.8855,-0.02912621359223306,543561900000.0,"成交额 $761,277 ≥ 阈值 $500,000 | 成交量 453 手",US.INTC,2026-05-06 08:02:19
US.INTC261016C110000,INTC 261016 110.00C,108.15,336,761260.0,CALL,2026-10-16,110.0,367,80.359,0.605638157,0.006609277,-0.072732072,0.278895726,164,100.0,US.INTC,17.18,23.9,17.18,14.75,-0.01710587147480346,543561900000.0,"成交额 $761,260 ≥ 阈值 $500,000 | 成交量 336 手",US.INTC,2026-05-06 08:02:19
US.INTC260918P110000,INTC 260918 110.00P,108.15,359,758477.0,PUT,2026-09-18,110.0,62,80.729,-0.408027352,0.007360518,-0.070874679,0.256077343,136,100.0,US.INTC,22.1,22.1,20.58,25.8456,0.01710587147480346,543561900000.0,"成交额 $758,477 ≥ 阈值 $500,000 | 成交量 359 手",US.INTC,2026-05-06 08:02:19
US.INTC260515P106000,INTC 260515 106.00P,108.15,1345,758057.0,PUT,2026-05-15,106.0,51,93.231,-0.415439355,0.023536397,-0.331538803,0.069331502,10,100.0,US.INTC,7.95,7.95,5.0,12.0988,-0.019879796578825756,543561900000.0,"成交额 $758,057 ≥ 阈值 $500,000 | 成交量 1,345 手",US.INTC,2026-05-06 08:02:19
US.INTC260529P95000,INTC 260529 95.00P,108.15,2071,750162.0,PUT,2026-05-29,95.0,731,84.89,-0.236985331,0.013157619,-0.15021066,0.085370776,24,100.0,US.INTC,4.95,4.95,3.39,6.9043,-0.12159038372630611,543561900000.0,"成交额 $750,162 ≥ 阈值 $500,000 | 成交量 2,071 手",US.INTC,2026-05-06 08:02:19
US.INTC260515C82000,INTC 260515 82.00C,108.15,305,746436.0,CALL,2026-05-15,82.0,3911,103.549,0.956987191,0.004963879,-0.089211173,0.016251239,10,100.0,US.INTC,22.25,27.9,22.25,14.7506,0.24179380490060107,543561900000.0,"成交额 $746,436 ≥ 阈值 $500,000 | 成交量 305 手",US.INTC,2026-05-06 08:02:19
US.INTC260522C102000,INTC 260522 102.00C,108.15,995,743202.0,CALL,2026-05-22,102.0,952,89.546,0.658767719,0.017624772,-0.235560773,0.08530173,17,100.0,US.INTC,6.45,12.99,6.45,4.2752,0.056865464632454975,543561900000.0,"成交额 $743,202 ≥ 阈值 $500,000 | 成交量 995 手",US.INTC,2026-05-06 08:02:19
US.INTC260515C130000,INTC 260515 130.00C,108.15,5245,730347.0,CALL,2026-05-15,130.0,2341,103.304,0.160420352,0.013268678,-0.227154518,0.043336719,10,100.0,US.INTC,0.37,2.05,0.32,0.1391,-0.20203421174294955,543561900000.0,"成交额 $730,347 ≥ 阈值 $500,000 | 成交量 5,245 手",US.INTC,2026-05-06 08:02:19
US.INTC260515C98000,INTC 260515 98.00C,108.15,620,724592.0,CALL,2026-05-15,98.0,1012,93.772,0.765059345,0.018427509,-0.27066075,0.054633323,10,100.0,US.INTC,6.75,14.37,6.65,4.3,0.0938511326860842,543561900000.0,"成交额 $724,592 ≥ 阈值 $500,000 | 成交量 620 手",US.INTC,2026-05-06 08:02:19
US.INTC260515C118000,INTC 260515 118.00C,108.15,2334,721946.0,CALL,2026-05-15,118.0,3928,96.813,0.32209028,0.020830001,-0.321688975,0.063759604,10,100.0,US.INTC,1.35,4.48,1.35,0.565,-0.09107720758206189,543561900000.0,"成交额 $721,946 ≥ 阈值 $500,000 | 成交量 2,334 手",US.INTC,2026-05-06 08:02:19
US.INTC260515C114000,INTC 260515 114.00C,108.15,1547,719203.0,CALL,2026-05-15,114.0,3107,95.495,0.400995851,0.022767055,-0.344398741,0.068740838,10,100.0,US.INTC,2.07,5.65,1.99,0.87,-0.054091539528432674,543561900000.0,"成交额 $719,203 ≥ 阈值 $500,000 | 成交量 1,547 手",US.INTC,2026-05-06 08:02:19
US.INTC261120C150000,INTC 261120 150.00C,108.15,497,704780.0,CALL,2026-11-20,150.0,73,81.763,0.417844608,0.005981429,-0.067184318,0.311720904,199,100.0,US.INTC,12.0,15.35,12.0,8.775,-0.38696255201109564,543561900000.0,"成交额 $704,780 ≥ 阈值 $500,000 | 成交量 497 手",US.INTC,2026-05-06 08:02:19
US.INTC260522C125000,INTC 260522 125.00C,108.15,2985,690308.0,CALL,2026-05-22,125.0,2588,94.676,0.27376915,0.015125987,-0.221449802,0.077400013,17,100.0,US.INTC,1.75,4.2,1.75,0.7521,-0.15580212667591303,543561900000.0,"成交额 $690,308 ≥ 阈值 $500,000 | 成交量 2,985 手",US.INTC,2026-05-06 08:02:19
US.INTC260508C119000,INTC 260508 119.00C,108.15,4959,678357.0,CALL,2026-05-08,119.0,297,123.191,0.206530487,0.024170517,-0.596536283,0.027351362,3,100.0,US.INTC,0.37,2.1,0.37,0.065,-0.1003236245954692,543561900000.0,"成交额 $678,357 ≥ 阈值 $500,000 | 成交量 4,959 手",US.INTC,2026-05-06 08:02:19
US.INTC260605C120000,INTC 260605 120.00C,108.15,1088,677034.0,CALL,2026-06-05,120.0,408,87.267,0.393301366,0.014012566,-0.17573513,0.120952432,31,100.0,US.INTC,3.45,7.8,3.45,2.2403,-0.1095700416088765,543561900000.0,"成交额 $677,034 ≥ 阈值 $500,000 | 成交量 1,088 手",US.INTC,2026-05-06 08:02:19
US.INTC260508C114000,INTC 260508 114.00C,108.15,2887,667560.0,CALL,2026-05-08,114.0,356,118.403,0.327486685,0.031814405,-0.770952833,0.034602292,3,100.0,US.INTC,0.49,3.54,0.49,0.1628,-0.054091539528432674,543561900000.0,"成交额 $667,560 ≥ 阈值 $500,000 | 成交量 2,887 手",US.INTC,2026-05-06 08:02:19
US.INTC260618C92500,INTC 260618 92.50C,108.15,323,658406.0,CALL,2026-06-18,92.5,800,83.178,0.758463523,0.010003018,-0.11741125,0.116957793,44,100.0,US.INTC,15.07,22.36,15.07,11.7032,0.14470642625982436,543561900000.0,"成交额 $658,406 ≥ 阈值 $500,000 | 成交量 323 手",US.INTC,2026-05-06 08:02:19
US.INTC261120P97500,INTC 261120 97.50P,108.15,359,635136.0,PUT,2026-11-20,97.5,39,79.065,-0.309914354,0.005639424,-0.051887204,0.2816014,199,100.0,US.INTC,18.3,18.3,17.35,20.7502,-0.09847434119278785,543561900000.0,"成交额 $635,136 ≥ 阈值 $500,000 | 成交量 359 手",US.INTC,2026-05-06 08:02:19
US.INTC260618P70000,INTC 260618 70.00P,108.15,7753,634757.0,PUT,2026-06-18,70.0,10782,87.328,-0.054583374,0.003377159,-0.040424493,0.041457066,44,100.0,US.INTC,1.0,1.15,0.74,1.275,-0.3527508090614887,543561900000.0,"成交额 $634,757 ≥ 阈值 $500,000 | 成交量 7,753 手",US.INTC,2026-05-06 08:02:19
US.INTC260508C81000,INTC 260508 81.00C,108.15,224,630380.0,CALL,2026-05-08,81.0,601,153.698,0.9858268,0.002448386,-0.071384942,0.003456932,3,100.0,US.INTC,24.84,28.4,24.84,15.0241,0.2510402219140084,543561900000.0,"成交额 $630,380 ≥ 阈值 $500,000 | 成交量 224 手",US.INTC,2026-05-06 08:02:19
US.INTC260508C113000,INTC 260508 113.00C,108.15,2375,629866.0,CALL,2026-05-08,113.0,267,118.262,0.358133183,0.032947074,-0.803977849,0.035791728,3,100.0,US.INTC,0.53,3.95,0.53,0.1904,-0.04484512251502537,543561900000.0,"成交额 $629,866 ≥ 阈值 $500,000 | 成交量 2,375 手",US.INTC,2026-05-06 08:02:19
US.INTC260918P105000,INTC 260918 105.00P,108.15,344,628334.0,PUT,2026-09-18,105.0,283,80.675,-0.371532949,0.007159021,-0.06933741,0.249379529,136,100.0,US.INTC,19.3,19.6,17.77,22.4554,-0.02912621359223306,543561900000.0,"成交额 $628,334 ≥ 阈值 $500,000 | 成交量 344 手",US.INTC,2026-05-06 08:02:19
US.INTC260918C105000,INTC 260918 105.00C,108.15,275,622438.0,CALL,2026-09-18,105.0,1175,81.327,0.631143439,0.007028806,-0.079127141,0.248881817,136,100.0,US.INTC,17.23,24.35,17.23,14.6,0.02912621359223306,543561900000.0,"成交额 $622,438 ≥ 阈值 $500,000 | 成交量 275 手",US.INTC,2026-05-06 08:02:19
US.INTC260515C112000,INTC 260515 112.00C,108.15,1181,614757.0,CALL,2026-05-15,112.0,239,94.434,0.443797873,0.023522278,-0.348905245,0.070231711,10,100.0,US.INTC,2.42,6.44,2.35,1.07,-0.03559870550161807,543561900000.0,"成交额 $614,757 ≥ 阈值 $500,000 | 成交量 1,181 手",US.INTC,2026-05-06 08:02:19
US.INTC260717P95000,INTC 260717 95.00P,108.15,726,613113.0,PUT,2026-07-17,95.0,1637,79.894,-0.287858068,0.008857195,-0.08715918,0.164804415,73,100.0,US.INTC,9.95,10.1,8.09,11.7006,-0.12159038372630611,543561900000.0,"成交额 $613,113 ≥ 阈值 $500,000 | 成交量 726 手",US.INTC,2026-05-06 08:02:19
US.INTC261120C105000,INTC 261120 105.00C,108.15,231,612937.0,CALL,2026-11-20,105.0,832,80.096,0.647681739,0.005806106,-0.064023706,0.296423576,199,100.0,US.INTC,23.35,28.1,23.35,18.425,0.02912621359223306,543561900000.0,"成交额 $612,937 ≥ 阈值 $500,000 | 成交量 231 手",US.INTC,2026-05-06 08:02:19
US.INTC260717P90000,INTC 260717 90.00P,108.15,933,611530.0,PUT,2026-07-17,90.0,2630,79.996,-0.238548454,0.008029927,-0.0795464,0.149705997,73,100.0,US.INTC,7.75,7.85,6.1,9.15,-0.16782246879334262,543561900000.0,"成交额 $611,530 ≥ 阈值 $500,000 | 成交量 933 手",US.INTC,2026-05-06 08:02:19
US.INTC261016C125000,INTC 261016 125.00C,108.15,366,608585.0,CALL,2026-10-16,125.0,220,80.741,0.513147244,0.006814789,-0.07503074,0.288932707,164,100.0,US.INTC,13.32,18.85,13.32,10.95,-0.15580212667591303,543561900000.0,"成交额 $608,585 ≥ 阈值 $500,000 | 成交量 366 手",US.INTC,2026-05-06 08:02:19
US.INTC261016P90000,INTC 261016 90.00P,108.15,489,588182.0,PUT,2026-10-16,90.0,253,79.269,-0.262001712,0.005699657,-0.053771168,0.23598217,164,100.0,US.INTC,13.0,13.0,11.8,14.75,-0.16782246879334262,543561900000.0,"成交额 $588,182 ≥ 阈值 $500,000 | 成交量 489 手",US.INTC,2026-05-06 08:02:19
US.INTC260717C95000,INTC 260717 95.00C,108.15,268,586421.0,CALL,2026-07-17,95.0,5131,80.581,0.712332375,0.008757494,-0.096837753,0.164778447,73,100.0,US.INTC,17.05,24.0,17.05,13.2206,0.12159038372630611,543561900000.0,"成交额 $586,421 ≥ 阈值 $500,000 | 成交量 268 手",US.INTC,2026-05-06 08:02:19
US.INTC260918P75000,INTC 260918 75.00P,108.15,1062,581574.0,PUT,2026-09-18,75.0,1304,80.672,-0.155207786,0.004489359,-0.044863026,0.157394498,136,100.0,US.INTC,6.0,6.0,5.3,6.875,-0.3065187239944522,543561900000.0,"成交额 $581,574 ≥ 阈值 $500,000 | 成交量 1,062 手",US.INTC,2026-05-06 08:02:19
US.INTC260522C120000,INTC 260522 120.00C,108.15,1380,581514.0,CALL,2026-05-22,120.0,2886,93.491,0.341446296,0.016885247,-0.242334439,0.085321414,17,100.0,US.INTC,1.12,5.5,1.12,1.0905,-0.1095700416088765,543561900000.0,"成交额 $581,514 ≥ 阈值 $500,000 | 成交量 1,380 手",US.INTC,2026-05-06 08:02:19
US.INTC260821C115000,INTC 260821 115.00C,108.15,343,576649.0,CALL,2026-08-21,115.0,1060,83.465,0.545836474,0.008076052,-0.094521327,0.232998662,108,100.0,US.INTC,12.77,18.5,12.77,9.925,-0.06333795654183998,543561900000.0,"成交额 $576,649 ≥ 阈值 $500,000 | 成交量 343 手",US.INTC,2026-05-06 08:02:19
US.INTC260529P110000,INTC 260529 110.00P,108.15,557,574107.0,PUT,2026-05-29,110.0,75,85.868,-0.483277628,0.016820428,-0.194766415,0.110203977,24,100.0,US.INTC,11.2,11.23,9.6,17.0329,0.01710587147480346,543561900000.0,"成交额 $574,107 ≥ 阈值 $500,000 | 成交量 557 手",US.INTC,2026-05-06 08:02:19
US.INTC260918P100000,INTC 260918 100.00P,108.15,368,572771.0,PUT,2026-09-18,100.0,450,80.556,-0.33449217,0.0068944,-0.067010127,0.240191747,136,100.0,US.INTC,16.97,16.97,15.25,19.2439,-0.07535829865926959,543561900000.0,"成交额 $572,771 ≥ 阈值 $500,000 | 成交量 368 手",US.INTC,2026-05-06 08:02:19
US.INTC260529C84000,INTC 260529 84.00C,108.15,243,567905.0,CALL,2026-05-29,84.0,359,84.596,0.901005254,0.007446248,-0.092219976,0.048174566,24,100.0,US.INTC,22.15,26.65,22.15,14.6329,0.22330097087378645,543561900000.0,"成交额 $567,905 ≥ 阈值 $500,000 | 成交量 243 手",US.INTC,2026-05-06 08:02:19
US.INTC260529C115000,INTC 260529 115.00C,108.15,838,565796.0,CALL,2026-05-29,115.0,635,86.767,0.438346725,0.016426604,-0.204155145,0.109007147,24,100.0,US.INTC,3.15,8.4,3.15,2.22,-0.06333795654183998,543561900000.0,"成交额 $565,796 ≥ 阈值 $500,000 | 成交量 838 手",US.INTC,2026-05-06 08:02:19
US.INTC260508P98000,INTC 260508 98.00P,108.15,4989,562781.0,PUT,2026-05-08,98.0,2715,112.562,-0.149025146,0.021518986,-0.430148431,0.022248745,3,100.0,US.INTC,2.14,2.2,0.77,4.6428,-0.0938511326860842,543561900000.0,"成交额 $562,781 ≥ 阈值 $500,000 | 成交量 4,989 手",US.INTC,2026-05-06 08:02:19
US.INTC260508P93000,INTC 260508 93.00P,108.15,13200,556387.0,PUT,2026-05-08,93.0,12613,118.643,-0.068032119,0.011551087,-0.227673492,0.012588493,3,100.0,US.INTC,0.93,1.09,0.32,2.1252,-0.14008321775312071,543561900000.0,"成交额 $556,387 ≥ 阈值 $500,000 | 成交量 13,200 手",US.INTC,2026-05-06 08:02:19
US.INTC260508C94000,INTC 260508 94.00C,108.15,390,539488.0,CALL,2026-05-08,94.0,1159,129.889,0.899413853,0.014157618,-0.365528239,0.016891788,3,100.0,US.INTC,8.75,16.83,8.75,4.3368,0.1308368007397134,543561900000.0,"成交额 $539,488 ≥ 阈值 $500,000 | 成交量 390 手",US.INTC,2026-05-06 08:02:19
US.INTC260508P101000,INTC 260508 101.00P,108.15,2895,527521.0,PUT,2026-05-08,101.0,334,111.61,-0.228504419,0.028284014,-0.588314904,0.028995359,3,100.0,US.INTC,4.7,4.7,1.32,6.7087,-0.06611188164586228,543561900000.0,"成交额 $527,521 ≥ 阈值 $500,000 | 成交量 2,895 手",US.INTC,2026-05-06 08:02:19
US.INTC260529P105000,INTC 260529 105.00P,108.15,672,527403.0,PUT,2026-05-29,105.0,161,84.82,-0.399516808,0.016487391,-0.18717749,0.10679138,24,100.0,US.INTC,9.15,9.25,7.1,13.2416,-0.02912621359223306,543561900000.0,"成交额 $527,403 ≥ 阈值 $500,000 | 成交量 672 手",US.INTC,2026-05-06 08:02:19
US.INTC260515C103000,INTC 260515 103.00C,108.15,672,515310.0,CALL,2026-05-15,103.0,365,92.722,0.656416254,0.022312493,-0.320904746,0.065411732,10,100.0,US.INTC,4.1,11.25,4.1,2.7246,0.04761904761904767,543561900000.0,"成交额 $515,310 ≥ 阈值 $500,000 | 成交量 672 手",US.INTC,2026-05-06 08:02:19
US.INTC260618P65000,INTC 260618 65.00P,108.15,10183,508224.0,PUT,2026-06-18,65.0,12150,89.972,-0.035813075,0.002333819,-0.029608625,0.02952249,44,100.0,US.INTC,0.67,0.78,0.44,0.77,-0.3989828941285252,543561900000.0,"成交额 $508,224 ≥ 阈值 $500,000 | 成交量 10,183 手",US.INTC,2026-05-06 08:02:19
US.META260515P700000,META 260515 700.00P,604.96,1103,10603752.0,PUT,2026-05-15,700.0,983,0.0,0.0,0.0,0.0,0.0,10,100.0,US.META,85.75,100.2,85.75,89.6166,0.1571012959534514,1535644561987.84,"成交额 $10,603,752 ≥ 阈值 $500,000 | 成交量 1,103 手",US.META,2026-05-06 08:02:50
US.META260506C605000,META 260506 605.00C,604.96,20321,8256199.0,CALL,2026-05-06,605.0,370,34.377,0.503820184,0.039353929,-2.423003032,0.117629239,1,100.0,US.META,10.55,10.55,2.66,9.0371,-6.61200740544228e-05,1535644561987.84,"成交额 $8,256,199 ≥ 阈值 $500,000 | 成交量 20,321 手",US.META,2026-05-06 08:02:50
US.META260515P730000,META 260515 730.00P,604.96,651,8199115.0,PUT,2026-05-15,730.0,638,61.83,-0.968713523,0.001447566,-0.163681617,0.068454748,10,100.0,US.META,123.65,125.95,123.65,119.59,0.2066913514943136,1535644561987.84,"成交额 $8,199,115 ≥ 阈值 $500,000 | 成交量 651 手",US.META,2026-05-06 08:02:50
US.META260515C600000,META 260515 600.00C,604.96,3622,5581084.0,CALL,2026-05-15,600.0,15732,31.856,0.580077086,0.012335692,-0.677420582,0.388786271,10,100.0,US.META,19.9,19.9,13.05,19.6701,0.008198889182755945,1535644561987.84,"成交额 $5,581,084 ≥ 阈值 $500,000 | 成交量 3,622 手",US.META,2026-05-06 08:02:50
US.META260821C600000,META 260821 600.00C,604.96,1062,5551968.0,CALL,2026-08-21,600.0,1256,36.476,0.577198931,0.003263158,-0.247608254,1.287355345,108,100.0,US.META,56.0,56.0,50.55,56.6408,0.008198889182755945,1535644561987.84,"成交额 $5,551,968 ≥ 阈值 $500,000 | 成交量 1,062 手",US.META,2026-05-06 08:02:50
US.META260506C610000,META 260506 610.00C,604.96,20871,5492568.0,CALL,2026-05-06,610.0,1460,34.331,0.314801011,0.035081993,-2.131965658,0.104709414,1,100.0,US.META,7.0,7.55,1.29,6.057,-0.00833112933086479,1535644561987.84,"成交额 $5,492,568 ≥ 阈值 $500,000 | 成交量 20,871 手",US.META,2026-05-06 08:02:50
US.META260506P600000,META 260506 600.00P,604.96,17615,5382661.0,PUT,2026-05-06,600.0,1114,34.443,-0.307228061,0.034606184,-2.080676155,0.103602974,1,100.0,US.META,1.32,4.45,0.92,1.995,-0.008198889182755945,1535644561987.84,"成交额 $5,382,661 ≥ 阈值 $500,000 | 成交量 17,615 手",US.META,2026-05-06 08:02:50
US.META260918C750000,META 260918 750.00C,604.96,3557,4817519.0,CALL,2026-09-18,750.0,6166,35.238,0.203471826,0.002174775,-0.146266856,1.043763896,136,100.0,US.META,13.4,13.65,12.6,14.6,-0.23975138852155506,1535644561987.84,"成交额 $4,817,519 ≥ 阈值 $500,000 | 成交量 3,557 手",US.META,2026-05-06 08:02:50
US.META260821C610000,META 260821 610.00C,604.96,987,4743971.0,CALL,2026-08-21,610.0,1177,36.279,0.544154445,0.003323204,-0.2477337,1.303957375,108,100.0,US.META,51.5,51.65,45.89,51.3589,-0.00833112933086479,1535644561987.84,"成交额 $4,743,971 ≥ 阈值 $500,000 | 成交量 987 手",US.META,2026-05-06 08:02:50
US.META260506C600000,META 260506 600.00C,604.96,6814,4447608.0,CALL,2026-05-06,600.0,340,34.672,0.691705673,0.034423867,-2.15695654,0.103766692,1,100.0,US.META,15.0,15.33,4.75,12.6599,0.008198889182755945,1535644561987.84,"成交额 $4,447,608 ≥ 阈值 $500,000 | 成交量 6,814 手",US.META,2026-05-06 08:02:50
US.META260506C602500,META 260506 602.50C,604.96,8494,4091894.0,CALL,2026-05-06,602.5,577,34.682,0.600479725,0.037766064,-2.369484035,0.113880653,1,100.0,US.META,11.9,11.9,3.6,10.7837,0.004066384554350761,1535644561987.84,"成交额 $4,091,894 ≥ 阈值 $500,000 | 成交量 8,494 手",US.META,2026-05-06 08:02:50
US.META261016P550000,META 261016 550.00P,604.96,1344,3989993.0,PUT,2026-10-16,550.0,1681,36.24,-0.28435551,0.002334206,-0.135320876,1.371709788,164,100.0,US.META,28.4,30.6,28.4,28.15,-0.09084898175085962,1535644561987.84,"成交额 $3,989,993 ≥ 阈值 $500,000 | 成交量 1,344 手",US.META,2026-05-06 08:02:50
US.META260506C607500,META 260506 607.50C,604.96,10621,3544287.0,CALL,2026-05-06,607.5,398,34.252,0.406152134,0.038402102,-2.338222745,0.114361664,1,100.0,US.META,8.6,8.83,1.91,7.4099,-0.004198624702459607,1535644561987.84,"成交额 $3,544,287 ≥ 阈值 $500,000 | 成交量 10,621 手",US.META,2026-05-06 08:02:50
US.META260918C850000,META 260918 850.00C,604.96,7044,3381474.0,CALL,2026-09-18,850.0,2224,36.34,0.086591994,0.001176354,-0.082387744,0.582239345,136,100.0,US.META,5.1,5.1,4.6,5.275,-0.4050515736577624,1535644561987.84,"成交额 $3,381,474 ≥ 阈值 $500,000 | 成交量 7,044 手",US.META,2026-05-06 08:02:50
US.META260506P602500,META 260506 602.50P,604.96,7925,3313018.0,PUT,2026-05-06,602.5,265,34.342,-0.398704578,0.038130629,-2.286368533,0.113810997,1,100.0,US.META,1.48,5.75,1.48,2.62,-0.004066384554350761,1535644561987.84,"成交额 $3,313,018 ≥ 阈值 $500,000 | 成交量 7,925 手",US.META,2026-05-06 08:02:50
US.META260508C610000,META 260508 610.00C,604.96,5596,3200867.0,CALL,2026-05-08,610.0,2251,34.602,0.402877688,0.020862672,-1.397137834,0.207525716,3,100.0,US.META,9.72,10.2,4.05,9.0274,-0.00833112933086479,1535644561987.84,"成交额 $3,200,867 ≥ 阈值 $500,000 | 成交量 5,596 手",US.META,2026-05-06 08:02:50
US.META260918P540000,META 260918 540.00P,604.96,1275,3055910.0,PUT,2026-09-18,540.0,1110,36.765,-0.251222902,0.002365283,-0.144435762,1.174025266,136,100.0,US.META,21.8,23.98,21.8,21.475,-0.10737900026448036,1535644561987.84,"成交额 $3,055,910 ≥ 阈值 $500,000 | 成交量 1,275 手",US.META,2026-05-06 08:02:50
US.META260508C605000,META 260508 605.00C,604.96,3874,2888817.0,CALL,2026-05-08,605.0,909,34.64,0.508967266,0.021473791,-1.45979297,0.213847944,3,100.0,US.META,13.45,13.45,5.85,11.81,-6.61200740544228e-05,1535644561987.84,"成交额 $2,888,817 ≥ 阈值 $500,000 | 成交量 3,874 手",US.META,2026-05-06 08:02:50
US.META260506P605000,META 260506 605.00P,604.96,5916,2787354.0,PUT,2026-05-06,605.0,609,34.047,-0.496342876,0.039754738,-2.341248329,0.117617961,1,100.0,US.META,2.0,7.3,1.96,3.375,6.61200740544228e-05,1535644561987.84,"成交额 $2,787,354 ≥ 阈值 $500,000 | 成交量 5,916 手",US.META,2026-05-06 08:02:50
US.META260918C700000,META 260918 700.00C,604.96,1221,2720973.0,CALL,2026-09-18,700.0,4474,35.146,0.304928162,0.002699875,-0.183438991,1.292546209,136,100.0,US.META,23.47,23.47,21.4,24.4304,-0.1571012959534514,1535644561987.84,"成交额 $2,720,973 ≥ 阈值 $500,000 | 成交量 1,221 手",US.META,2026-05-06 08:02:50
US.META260506C615000,META 260506 615.00C,604.96,15671,2694681.0,CALL,2026-05-06,615.0,1364,34.928,0.170233615,0.024591471,-1.515139084,0.07466306,1,100.0,US.META,4.3,4.8,0.62,3.8,-0.01659613858767516,1535644561987.84,"成交额 $2,694,681 ≥ 阈值 $500,000 | 成交量 15,671 手",US.META,2026-05-06 08:02:50
US.META260515C610000,META 260515 610.00C,604.96,2336,2535690.0,CALL,2026-05-15,610.0,2453,31.314,0.453688424,0.012721705,-0.667855156,0.39413226,10,100.0,US.META,14.75,15.7,8.8,13.956,-0.00833112933086479,1535644561987.84,"成交额 $2,535,690 ≥ 阈值 $500,000 | 成交量 2,336 手",US.META,2026-05-06 08:02:50
US.META260515C605000,META 260515 605.00C,604.96,1927,2425264.0,CALL,2026-05-15,605.0,1310,31.383,0.51735863,0.012767756,-0.677186044,0.396437264,10,100.0,US.META,16.25,16.5,10.75,16.6644,-6.61200740544228e-05,1535644561987.84,"成交额 $2,425,264 ≥ 阈值 $500,000 | 成交量 1,927 手",US.META,2026-05-06 08:02:50
US.META260515P710000,META 260515 710.00P,604.96,212,2243844.0,PUT,2026-05-15,710.0,159,52.816,-0.969987546,0.001723135,-0.13071791,0.065738409,10,100.0,US.META,102.71,105.95,102.71,99.5901,0.17363131446707214,1535644561987.84,"成交额 $2,243,844 ≥ 阈值 $500,000 | 成交量 212 手",US.META,2026-05-06 08:02:50
US.META260618C600000,META 260618 600.00C,604.96,761,2213789.0,CALL,2026-06-18,600.0,4326,31.213,0.567683557,0.006006334,-0.326245331,0.824604511,44,100.0,US.META,33.1,33.1,27.5,33.3422,0.008198889182755945,1535644561987.84,"成交额 $2,213,789 ≥ 阈值 $500,000 | 成交量 761 手",US.META,2026-05-06 08:02:50
US.META260515P600000,META 260515 600.00P,604.96,2181,2174432.0,PUT,2026-05-15,600.0,15597,30.974,-0.418987006,0.012711088,-0.601772635,0.388379749,10,100.0,US.META,7.0,11.9,7.0,8.275,-0.008198889182755945,1535644561987.84,"成交额 $2,174,432 ≥ 阈值 $500,000 | 成交量 2,181 手",US.META,2026-05-06 08:02:50
US.META261120C610000,META 261120 610.00C,604.96,281,1942480.0,CALL,2026-11-20,610.0,139,37.485,0.571354556,0.002344878,-0.192832714,1.753049826,199,100.0,US.META,71.5,71.52,67.33,73.2165,-0.00833112933086479,1535644561987.84,"成交额 $1,942,480 ≥ 阈值 $500,000 | 成交量 281 手",US.META,2026-05-06 08:02:50
US.META260508C602500,META 260508 602.50C,604.96,2328,1930065.0,CALL,2026-05-08,602.5,148,34.6,0.562574151,0.02123931,-1.441332563,0.211263584,3,100.0,US.META,13.08,13.08,6.9,13.3878,0.004066384554350761,1535644561987.84,"成交额 $1,930,065 ≥ 阈值 $500,000 | 成交量 2,328 手",US.META,2026-05-06 08:02:50
US.META260508P600000,META 260508 600.00P,604.96,3320,1905093.0,PUT,2026-05-08,600.0,2272,33.676,-0.382194867,0.021138046,-1.29567852,0.204464998,3,100.0,US.META,3.33,7.39,2.85,4.2,-0.008198889182755945,1535644561987.84,"成交额 $1,905,093 ≥ 阈值 $500,000 | 成交量 3,320 手",US.META,2026-05-06 08:02:50
US.META261120C565000,META 261120 565.00C,604.96,202,1874033.0,CALL,2026-11-20,565.0,359,37.994,0.675219121,0.00212058,-0.184999033,1.606834161,199,100.0,US.META,97.65,97.65,92.7,97.7525,0.06605395398042851,1535644561987.84,"成交额 $1,874,033 ≥ 阈值 $500,000 | 成交量 202 手",US.META,2026-05-06 08:02:50
US.META260918C725000,META 260918 725.00C,604.96,1074,1842365.0,CALL,2026-09-18,725.0,1808,35.195,0.250568283,0.002449193,-0.165483463,1.174074348,136,100.0,US.META,17.0,17.45,16.52,18.925,-0.19842634223750324,1535644561987.84,"成交额 $1,842,365 ≥ 阈值 $500,000 | 成交量 1,074 手",US.META,2026-05-06 08:02:50
US.META260821P570000,META 260821 570.00P,604.96,616,1837113.0,PUT,2026-08-21,570.0,1017,36.49,-0.32818621,0.003039378,-0.18204593,1.186103081,108,100.0,US.META,26.85,30.15,26.85,26.85,-0.057788944723618146,1535644561987.84,"成交额 $1,837,113 ≥ 阈值 $500,000 | 成交量 616 手",US.META,2026-05-06 08:02:50
US.META260821P600000,META 260821 600.00P,604.96,410,1718846.0,PUT,2026-08-21,600.0,2658,35.844,-0.427450893,0.003382525,-0.189843028,1.286425063,108,100.0,US.META,39.65,43.35,39.15,39.075,-0.008198889182755945,1535644561987.84,"成交额 $1,718,846 ≥ 阈值 $500,000 | 成交量 410 手",US.META,2026-05-06 08:02:50
US.META260618C650000,META 260618 650.00C,604.96,1651,1713239.0,CALL,2026-06-18,650.0,5555,30.777,0.28135633,0.005227358,-0.264806972,0.707504896,44,100.0,US.META,12.75,12.9,9.55,12.325,-0.07445120338534773,1535644561987.84,"成交额 $1,713,239 ≥ 阈值 $500,000 | 成交量 1,651 手",US.META,2026-05-06 08:02:50
US.META260506C612500,META 260506 612.50C,604.96,8739,1712607.0,CALL,2026-05-06,612.5,666,34.488,0.234741706,0.030199653,-1.835038171,0.090540984,1,100.0,US.META,5.25,6.05,0.88,4.8,-0.012463633959269974,1535644561987.84,"成交额 $1,712,607 ≥ 阈值 $500,000 | 成交量 8,739 手",US.META,2026-05-06 08:02:50
US.META260515P650000,META 260515 650.00P,604.96,351,1662989.0,PUT,2026-05-15,650.0,4408,32.409,-0.909917618,0.005582657,-0.217687504,0.159522242,10,100.0,US.META,41.05,49.95,41.05,41.3221,0.07445120338534773,1535644561987.84,"成交额 $1,662,989 ≥ 阈值 $500,000 | 成交量 351 手",US.META,2026-05-06 08:02:50
US.META260508P615000,META 260508 615.00P,604.96,1084,1542089.0,PUT,2026-05-08,615.0,828,34.108,-0.699156803,0.019112001,-1.145909006,0.186522557,3,100.0,US.META,8.61,17.1,8.61,10.8082,0.01659613858767516,1535644561987.84,"成交额 $1,542,089 ≥ 阈值 $500,000 | 成交量 1,084 手",US.META,2026-05-06 08:02:50
US.META260821C650000,META 260821 650.00C,604.96,472,1445845.0,CALL,2026-08-21,650.0,1695,35.917,0.414793248,0.003300009,-0.23563828,1.281914308,108,100.0,US.META,32.5,32.6,30.0,34.1,-0.07445120338534773,1535644561987.84,"成交额 $1,445,845 ≥ 阈值 $500,000 | 成交量 472 手",US.META,2026-05-06 08:02:50
US.META260717C600000,META 260717 600.00C,604.96,363,1371288.0,CALL,2026-07-17,600.0,1266,31.851,0.571383406,0.004559397,-0.263206323,1.061025257,73,100.0,US.META,40.5,40.5,36.5,42.1399,0.008198889182755945,1535644561987.84,"成交额 $1,371,288 ≥ 阈值 $500,000 | 成交量 363 手",US.META,2026-05-06 08:02:50
US.META260508P610000,META 260508 610.00P,604.96,1252,1332814.0,PUT,2026-05-08,610.0,1597,33.891,-0.599849859,0.021308133,-1.307941471,0.207081802,3,100.0,US.META,6.59,13.2,6.59,8.125,0.00833112933086479,1535644561987.84,"成交额 $1,332,814 ≥ 阈值 $500,000 | 成交量 1,252 手",US.META,2026-05-06 08:02:50
US.META261016C600000,META 261016 600.00C,604.96,201,1307648.0,CALL,2026-10-16,600.0,362,35.861,0.587916626,0.002677504,-0.201825357,1.577660474,164,100.0,US.META,69.0,69.0,62.3,68.3474,0.008198889182755945,1535644561987.84,"成交额 $1,307,648 ≥ 阈值 $500,000 | 成交量 201 手",US.META,2026-05-06 08:02:50
US.META260717P570000,META 260717 570.00P,604.96,694,1276856.0,PUT,2026-07-17,570.0,1862,32.288,-0.298542321,0.004000399,-0.191104773,0.936217314,73,100.0,US.META,16.12,19.1,16.12,16.0931,-0.057788944723618146,1535644561987.84,"成交额 $1,276,856 ≥ 阈值 $500,000 | 成交量 694 手",US.META,2026-05-06 08:02:50
US.META260508C607500,META 260508 607.50C,604.96,1873,1260736.0,CALL,2026-05-08,607.5,578,34.521,0.455281194,0.021418118,-1.439626854,0.212555297,3,100.0,US.META,10.7,10.7,4.97,10.3565,-0.004198624702459607,1535644561987.84,"成交额 $1,260,736 ≥ 阈值 $500,000 | 成交量 1,873 手",US.META,2026-05-06 08:02:50
US.META260717P620000,META 260717 620.00P,604.96,311,1249029.0,PUT,2026-07-17,620.0,1833,31.202,-0.527415038,0.004826896,-0.20149278,1.071294011,73,100.0,US.META,36.6,42.0,36.6,36.6771,0.024861147844485523,1535644561987.84,"成交额 $1,249,029 ≥ 阈值 $500,000 | 成交量 311 手",US.META,2026-05-06 08:02:50
US.META260508C615000,META 260508 615.00C,604.96,3322,1225573.0,CALL,2026-05-08,615.0,1663,34.903,0.305933638,0.018742708,-1.242032906,0.188045404,3,100.0,US.META,7.08,7.85,2.73,6.7,-0.01659613858767516,1535644561987.84,"成交额 $1,225,573 ≥ 阈值 $500,000 | 成交量 3,322 手",US.META,2026-05-06 08:02:50
US.META260506P610000,META 260506 610.00P,604.96,1441,1172317.0,PUT,2026-05-06,610.0,1327,33.33,-0.690787027,0.035913222,-1.995582139,0.103875173,1,100.0,US.META,3.65,11.0,3.2,5.4,0.00833112933086479,1535644561987.84,"成交额 $1,172,317 ≥ 阈值 $500,000 | 成交量 1,441 手",US.META,2026-05-06 08:02:50
US.META260618C700000,META 260618 700.00C,604.96,3628,1166118.0,CALL,2026-06-18,700.0,18739,31.691,0.108689984,0.002804865,-0.146728246,0.390832853,44,100.0,US.META,3.98,4.1,2.91,3.85,-0.1571012959534514,1535644561987.84,"成交额 $1,166,118 ≥ 阈值 $500,000 | 成交量 3,628 手",US.META,2026-05-06 08:02:50
US.META260506P607500,META 260506 607.50P,604.96,2096,1133483.0,PUT,2026-05-06,607.5,319,34.216,-0.594140623,0.03846623,-2.276965316,0.1143244,1,100.0,US.META,2.77,9.0,2.46,4.25,0.004198624702459607,1535644561987.84,"成交额 $1,133,483 ≥ 阈值 $500,000 | 成交量 2,096 手",US.META,2026-05-06 08:02:50
US.META260717P580000,META 260717 580.00P,604.96,515,1121995.0,PUT,2026-07-17,580.0,1737,31.977,-0.340997427,0.004278638,-0.198583906,0.989643626,73,100.0,US.META,20.04,23.0,19.59,19.225,-0.04125892620999741,1535644561987.84,"成交额 $1,121,995 ≥ 阈值 $500,000 | 成交量 515 手",US.META,2026-05-06 08:02:50
US.META260618P560000,META 260618 560.00P,604.96,1257,1119084.0,PUT,2026-06-18,560.0,5464,32.275,-0.217183485,0.004352438,-0.214956287,0.615771262,44,100.0,US.META,7.7,9.89,7.7,7.95,-0.07431896323723888,1535644561987.84,"成交额 $1,119,084 ≥ 阈值 $500,000 | 成交量 1,257 手",US.META,2026-05-06 08:02:50
US.META260618C610000,META 260618 610.00C,604.96,447,1089593.0,CALL,2026-06-18,610.0,2628,31.029,0.506858523,0.006129402,-0.325585128,0.836556454,44,100.0,US.META,28.55,28.55,22.85,27.8646,-0.00833112933086479,1535644561987.84,"成交额 $1,089,593 ≥ 阈值 $500,000 | 成交量 447 手",US.META,2026-05-06 08:02:50
US.META260515P640000,META 260515 640.00P,604.96,281,1080786.0,PUT,2026-05-15,640.0,1810,31.769,-0.853566112,0.007605503,-0.322414663,0.226706008,10,100.0,US.META,32.46,40.78,32.46,32.6676,0.05792118487172699,1535644561987.84,"成交额 $1,080,786 ≥ 阈值 $500,000 | 成交量 281 手",US.META,2026-05-06 08:02:50
US.META260618C605000,META 260618 605.00C,604.96,401,1069111.0,CALL,2026-06-18,605.0,574,31.077,0.537336224,0.00609415,-0.326389047,0.833013191,44,100.0,US.META,31.28,31.28,25.14,30.5169,-6.61200740544228e-05,1535644561987.84,"成交额 $1,069,111 ≥ 阈值 $500,000 | 成交量 401 手",US.META,2026-05-06 08:02:50
US.META260508C600000,META 260508 600.00C,604.96,1076,1061009.0,CALL,2026-05-08,600.0,553,34.759,0.614812638,0.02051295,-1.400288687,0.204975136,3,100.0,US.META,15.1,15.1,8.1,15.1149,0.008198889182755945,1535644561987.84,"成交额 $1,061,009 ≥ 阈值 $500,000 | 成交量 1,076 手",US.META,2026-05-06 08:02:50
US.META260618C630000,META 260618 630.00C,604.96,680,1059623.0,CALL,2026-06-18,630.0,3776,30.8,0.387591621,0.005929024,-0.305009527,0.803196933,44,100.0,US.META,19.51,19.51,15.0,18.925,-0.04139116635810626,1535644561987.84,"成交额 $1,059,623 ≥ 阈值 $500,000 | 成交量 680 手",US.META,2026-05-06 08:02:50
US.META261120P550000,META 261120 550.00P,604.96,301,1054586.0,PUT,2026-11-20,550.0,944,37.564,-0.294367866,0.00208301,-0.127832649,1.535674826,199,100.0,US.META,35.1,36.9,34.66,34.5362,-0.09084898175085962,1535644561987.84,"成交额 $1,054,586 ≥ 阈值 $500,000 | 成交量 301 手",US.META,2026-05-06 08:02:50
US.META260506P615000,META 260506 615.00P,604.96,905,1045230.0,PUT,2026-05-06,615.0,814,34.309,-0.834710891,0.024693917,-1.403372749,0.073209329,1,100.0,US.META,5.66,15.05,5.58,8.1516,0.01659613858767516,1535644561987.84,"成交额 $1,045,230 ≥ 阈值 $500,000 | 成交量 905 手",US.META,2026-05-06 08:02:50
US.META260508C612500,META 260508 612.50C,604.96,2076,1043801.0,CALL,2026-05-08,612.5,1458,34.799,0.353105265,0.019915094,-1.332684121,0.199220404,3,100.0,US.META,8.2,8.86,3.4,7.825,-0.012463633959269974,1535644561987.84,"成交额 $1,043,801 ≥ 阈值 $500,000 | 成交量 2,076 手",US.META,2026-05-06 08:02:50
US.META260506C625000,META 260506 625.00C,604.96,14763,1043628.0,CALL,2026-05-06,625.0,1126,39.577,0.046938871,0.008402291,-0.630084726,0.028911511,1,100.0,US.META,1.33,1.59,0.17,1.305,-0.03312615710129589,1535644561987.84,"成交额 $1,043,628 ≥ 阈值 $500,000 | 成交量 14,763 手",US.META,2026-05-06 08:02:50
US.META260717P600000,META 260717 600.00P,604.96,346,1040209.0,PUT,2026-07-17,600.0,4037,31.617,-0.432403922,0.004663131,-0.206656926,1.059948915,73,100.0,US.META,26.86,31.6,26.86,26.975,-0.008198889182755945,1535644561987.84,"成交额 $1,040,209 ≥ 阈值 $500,000 | 成交量 346 手",US.META,2026-05-06 08:02:50
US.META260515C615000,META 260515 615.00C,604.96,1184,1016753.0,CALL,2026-05-15,615.0,1681,31.276,0.39154364,0.012346928,-0.64249615,0.382040152,10,100.0,US.META,12.85,12.85,7.0,11.625,-0.01659613858767516,1535644561987.84,"成交额 $1,016,753 ≥ 阈值 $500,000 | 成交量 1,184 手",US.META,2026-05-06 08:02:50
US.META260918P580000,META 260918 580.00P,604.96,263,995894.0,PUT,2026-09-18,580.0,4224,35.938,-0.362537666,0.002867939,-0.161984937,1.380473323,136,100.0,US.META,35.65,38.32,35.65,34.875,-0.04125892620999741,1535644561987.84,"成交额 $995,894 ≥ 阈值 $500,000 | 成交量 263 手",US.META,2026-05-06 08:02:50
US.META260717C605000,META 260717 605.00C,604.96,274,979806.0,CALL,2026-07-17,605.0,353,31.803,0.548373457,0.004606618,-0.263775345,1.070401907,73,100.0,US.META,39.55,39.55,34.0,39.3911,-6.61200740544228e-05,1535644561987.84,"成交额 $979,806 ≥ 阈值 $500,000 | 成交量 274 手",US.META,2026-05-06 08:02:50
US.META260821C660000,META 260821 660.00C,604.96,352,967356.0,CALL,2026-08-21,660.0,1056,35.802,0.383999085,0.003243939,-0.229106282,1.256067308,108,100.0,US.META,29.64,29.64,26.88,30.475,-0.09098122189896846,1535644561987.84,"成交额 $967,356 ≥ 阈值 $500,000 | 成交量 352 手",US.META,2026-05-06 08:02:50
US.META260618C580000,META 260618 580.00C,604.96,230,954696.0,CALL,2026-06-18,580.0,1109,31.725,0.683577338,0.005349232,-0.308249118,0.746389627,44,100.0,US.META,47.3,47.3,39.4,46.203,0.04125892620999741,1535644561987.84,"成交额 $954,696 ≥ 阈值 $500,000 | 成交量 230 手",US.META,2026-05-06 08:02:50
US.META260717P610000,META 260717 610.00P,604.96,263,908811.0,PUT,2026-07-17,610.0,1546,31.697,-0.479386534,0.004730512,-0.207794812,1.073363688,73,100.0,US.META,31.48,36.4,31.48,31.6,0.00833112933086479,1535644561987.84,"成交额 $908,811 ≥ 阈值 $500,000 | 成交量 263 手",US.META,2026-05-06 08:02:50
US.META260918C660000,META 260918 660.00C,604.96,275,902218.0,CALL,2026-09-18,660.0,1108,35.307,0.407560257,0.002978704,-0.207589862,1.432698373,136,100.0,US.META,34.23,34.23,32.35,36.275,-0.09098122189896846,1535644561987.84,"成交额 $902,218 ≥ 阈值 $500,000 | 成交量 275 手",US.META,2026-05-06 08:02:50
US.META260506C595000,META 260506 595.00C,604.96,966,900415.0,CALL,2026-05-06,595.0,984,37.673,0.820673724,0.023565622,-1.732102738,0.077174532,1,100.0,US.META,14.82,14.82,8.0,16.8609,0.01646389843956631,1535644561987.84,"成交额 $900,415 ≥ 阈值 $500,000 | 成交量 966 手",US.META,2026-05-06 08:02:50
US.META260508C620000,META 260508 620.00C,604.96,3333,889864.0,CALL,2026-05-08,620.0,2293,35.408,0.224303688,0.015769465,-1.032626467,0.160491781,3,100.0,US.META,4.95,5.35,1.83,4.85,-0.024861147844485523,1535644561987.84,"成交额 $889,864 ≥ 阈值 $500,000 | 成交量 3,333 手",US.META,2026-05-06 08:02:50
US.META260618C620000,META 260618 620.00C,604.96,439,880547.0,CALL,2026-06-18,620.0,4093,30.935,0.446423918,0.006093452,-0.318748575,0.829109204,44,100.0,US.META,23.22,23.22,18.5,23.075,-0.024861147844485523,1535644561987.84,"成交额 $880,547 ≥ 阈值 $500,000 | 成交量 439 手",US.META,2026-05-06 08:02:50
US.META260508P605000,META 260508 605.00P,604.96,1171,875510.0,PUT,2026-05-08,605.0,662,33.837,-0.491435562,0.022009916,-1.368260096,0.213800424,3,100.0,US.META,4.53,9.96,4.53,5.9,6.61200740544228e-05,1535644561987.84,"成交额 $875,510 ≥ 阈值 $500,000 | 成交量 1,171 手",US.META,2026-05-06 08:02:50
US.META260529C600000,META 260529 600.00C,604.96,405,874652.0,CALL,2026-05-29,600.0,346,30.734,0.569158826,0.008264457,-0.427579033,0.607846945,24,100.0,US.META,25.0,25.0,19.8,25.8599,0.008198889182755945,1535644561987.84,"成交额 $874,652 ≥ 阈值 $500,000 | 成交量 405 手",US.META,2026-05-06 08:02:50
US.META260717C650000,META 260717 650.00C,604.96,463,823720.0,CALL,2026-07-17,650.0,1534,31.208,0.347038665,0.004377252,-0.233302327,0.997969018,73,100.0,US.META,19.21,19.22,16.9,20.1469,-0.07445120338534773,1535644561987.84,"成交额 $823,720 ≥ 阈值 $500,000 | 成交量 463 手",US.META,2026-05-06 08:02:50
US.META260506C597500,META 260506 597.50C,604.96,824,821499.0,CALL,2026-05-06,597.5,94,36.95,0.758889705,0.028604129,-2.029010799,0.091883067,1,100.0,US.META,18.05,18.05,6.15,14.7106,0.012331393811161127,1535644561987.84,"成交额 $821,499 ≥ 阈值 $500,000 | 成交量 824 手",US.META,2026-05-06 08:02:50
US.META260717C610000,META 260717 610.00C,604.96,246,818629.0,CALL,2026-07-17,610.0,968,31.649,0.525216774,0.004654093,-0.262750904,1.076185268,73,100.0,US.META,37.2,37.2,31.65,36.765,-0.00833112933086479,1535644561987.84,"成交额 $818,629 ≥ 阈值 $500,000 | 成交量 246 手",US.META,2026-05-06 08:02:50
US.META260522C610000,META 260522 610.00C,604.96,567,811397.0,CALL,2026-05-22,610.0,317,31.137,0.473913113,0.009831106,-0.512090568,0.517700928,17,100.0,US.META,18.3,18.5,12.4,17.6403,-0.00833112933086479,1535644561987.84,"成交额 $811,397 ≥ 阈值 $500,000 | 成交量 567 手",US.META,2026-05-06 08:02:50
US.META260821C700000,META 260821 700.00C,604.96,459,807841.0,CALL,2026-08-21,700.0,7875,36.174,0.277877498,0.00281908,-0.199984675,1.102793672,108,100.0,US.META,19.18,19.18,16.7,19.55,-0.1571012959534514,1535644561987.84,"成交额 $807,841 ≥ 阈值 $500,000 | 成交量 459 手",US.META,2026-05-06 08:02:50
US.META260717P560000,META 260717 560.00P,604.96,518,790876.0,PUT,2026-07-17,560.0,2708,32.67,-0.259125979,0.003684967,-0.181705279,0.873989559,73,100.0,US.META,13.3,16.0,13.3,13.3514,-0.07431896323723888,1535644561987.84,"成交额 $790,876 ≥ 阈值 $500,000 | 成交量 518 手",US.META,2026-05-06 08:02:50
US.META260605C610000,META 260605 610.00C,604.96,388,788016.0,CALL,2026-06-05,610.0,630,30.347,0.493968632,0.007471439,-0.375528207,0.701758821,31,100.0,US.META,23.28,23.5,18.05,23.1859,-0.00833112933086479,1535644561987.84,"成交额 $788,016 ≥ 阈值 $500,000 | 成交量 388 手",US.META,2026-05-06 08:02:50
US.META260506P617500,META 260506 617.50P,604.96,544,784304.0,PUT,2026-05-06,617.5,302,34.915,-0.884096464,0.019143833,-1.096226128,0.057469914,1,100.0,US.META,9.1,16.55,9.01,9.8472,0.02072864321608034,1535644561987.84,"成交额 $784,304 ≥ 阈值 $500,000 | 成交量 544 手",US.META,2026-05-06 08:02:50
US.META260522C600000,META 260522 600.00C,604.96,432,776027.0,CALL,2026-05-22,600.0,1169,31.519,0.57147301,0.00957609,-0.516627565,0.510459051,17,100.0,US.META,22.05,22.27,17.0,23.2383,0.008198889182755945,1535644561987.84,"成交额 $776,027 ≥ 阈值 $500,000 | 成交量 432 手",US.META,2026-05-06 08:02:50
US.META260515C620000,META 260515 620.00C,604.96,1075,732296.0,CALL,2026-05-15,620.0,2213,31.309,0.332778486,0.011667879,-0.604165394,0.361385002,10,100.0,US.META,10.0,10.0,5.6,9.5,-0.024861147844485523,1535644561987.84,"成交额 $732,296 ≥ 阈值 $500,000 | 成交量 1,075 手",US.META,2026-05-06 08:02:50
US.META260618P600000,META 260618 600.00P,604.96,312,707545.0,PUT,2026-06-18,600.0,10178,30.878,-0.434681103,0.006132159,-0.267397719,0.82387627,44,100.0,US.META,20.6,24.17,20.6,19.925,-0.008198889182755945,1535644561987.84,"成交额 $707,545 ≥ 阈值 $500,000 | 成交量 312 手",US.META,2026-05-06 08:02:50
US.META260918C770000,META 260918 770.00C,604.96,657,699849.0,CALL,2026-09-18,770.0,1266,35.377,0.171790793,0.001950994,-0.131582442,0.940022187,136,100.0,US.META,10.9,11.1,10.25,11.825,-0.27281142554879656,1535644561987.84,"成交额 $699,849 ≥ 阈值 $500,000 | 成交量 657 手",US.META,2026-05-06 08:02:50
US.META260511C610000,META 260511 610.00C,604.96,949,685109.0,CALL,2026-05-11,610.0,247,28.881,0.423737223,0.017679235,-0.796496691,0.300371478,6,100.0,US.META,10.6,10.6,5.3,10.4186,-0.00833112933086479,1535644561987.84,"成交额 $685,109 ≥ 阈值 $500,000 | 成交量 949 手",US.META,2026-05-06 08:02:50
US.META260515P590000,META 260515 590.00P,604.96,1048,671213.0,PUT,2026-05-15,590.0,2934,31.272,-0.297898127,0.01115554,-0.540274754,0.344564862,10,100.0,US.META,4.5,7.5,4.18,5.25,-0.02472890769637668,1535644561987.84,"成交额 $671,213 ≥ 阈值 $500,000 | 成交量 1,048 手",US.META,2026-05-06 08:02:50
US.META260618C660000,META 260618 660.00C,604.96,802,661425.0,CALL,2026-06-18,660.0,4284,30.833,0.235645048,0.004759299,-0.240531681,0.645299716,44,100.0,US.META,9.25,9.25,7.65,9.8,-0.09098122189896846,1535644561987.84,"成交额 $661,425 ≥ 阈值 $500,000 | 成交量 802 手",US.META,2026-05-06 08:02:50
US.META260717C700000,META 260717 700.00C,604.96,856,648665.0,CALL,2026-07-17,700.0,3442,31.526,0.180347372,0.003082956,-0.163598863,0.709890055,73,100.0,US.META,8.75,8.75,6.95,8.625,-0.1571012959534514,1535644561987.84,"成交额 $648,665 ≥ 阈值 $500,000 | 成交量 856 手",US.META,2026-05-06 08:02:50
US.META260717P530000,META 260717 530.00P,604.96,830,634007.0,PUT,2026-07-17,530.0,1327,33.965,-0.160814642,0.002665054,-0.144653248,0.659146002,73,100.0,US.META,7.8,9.03,7.6,7.4615,-0.12390901877810108,1535644561987.84,"成交额 $634,007 ≥ 阈值 $500,000 | 成交量 830 手",US.META,2026-05-06 08:02:50
US.META260506P597500,META 260506 597.50P,604.96,2794,616003.0,PUT,2026-05-06,597.5,709,35.423,-0.232051012,0.02921765,-1.846929711,0.089961036,1,100.0,US.META,0.89,3.4,0.8,1.545,-0.012331393811161127,1535644561987.84,"成交额 $616,003 ≥ 阈值 $500,000 | 成交量 2,794 手",US.META,2026-05-06 08:02:50
US.META260506P595000,META 260506 595.00P,604.96,3715,607086.0,PUT,2026-05-06,595.0,663,36.505,-0.171922085,0.023679754,-1.576289632,0.075135375,1,100.0,US.META,0.67,2.46,0.67,1.195,-0.01646389843956631,1535644561987.84,"成交额 $607,086 ≥ 阈值 $500,000 | 成交量 3,715 手",US.META,2026-05-06 08:02:50
US.META260508P595000,META 260508 595.00P,604.96,1440,581725.0,PUT,2026-05-08,595.0,1670,34.264,-0.284070996,0.018457772,-1.144639578,0.181703325,3,100.0,US.META,2.17,5.2,2.1,2.975,-0.01646389843956631,1535644561987.84,"成交额 $581,725 ≥ 阈值 $500,000 | 成交量 1,440 手",US.META,2026-05-06 08:02:50
US.META260508C630000,META 260508 630.00C,604.96,4569,574477.0,CALL,2026-05-08,630.0,2573,36.935,0.112398089,0.009642754,-0.617067013,0.102360303,3,100.0,US.META,2.46,2.6,0.84,2.39,-0.04139116635810626,1535644561987.84,"成交额 $574,477 ≥ 阈值 $500,000 | 成交量 4,569 手",US.META,2026-05-06 08:02:50
US.META260529C605000,META 260529 605.00C,604.96,297,573554.0,CALL,2026-05-29,605.0,214,30.578,0.527341834,0.00841377,-0.428426936,0.615699213,24,100.0,US.META,21.2,21.25,17.3,23.0032,-6.61200740544228e-05,1535644561987.84,"成交额 $573,554 ≥ 阈值 $500,000 | 成交量 297 手",US.META,2026-05-06 08:02:50
US.META260506C620000,META 260506 620.00C,604.96,7068,571666.0,CALL,2026-05-06,620.0,752,36.895,0.088223274,0.014706975,-0.98480263,0.047165939,1,100.0,US.META,2.5,2.79,0.31,2.27,-0.024861147844485523,1535644561987.84,"成交额 $571,666 ≥ 阈值 $500,000 | 成交量 7,068 手",US.META,2026-05-06 08:02:50
US.META260717C630000,META 260717 630.00C,604.96,233,570014.0,CALL,2026-07-17,630.0,1034,31.355,0.43339151,0.004641287,-0.253051876,1.063244732,73,100.0,US.META,27.71,27.71,23.35,27.5865,-0.04139116635810626,1535644561987.84,"成交额 $570,014 ≥ 阈值 $500,000 | 成交量 233 手",US.META,2026-05-06 08:02:50
US.META260515C625000,META 260515 625.00C,604.96,1085,560434.0,CALL,2026-05-15,625.0,1977,31.414,0.278889158,0.010752373,-0.556195072,0.334125324,10,100.0,US.META,8.42,8.42,4.4,7.7,-0.03312615710129589,1535644561987.84,"成交额 $560,434 ≥ 阈值 $500,000 | 成交量 1,085 手",US.META,2026-05-06 08:02:50
US.META260605C600000,META 260605 600.00C,604.96,229,555046.0,CALL,2026-06-05,600.0,156,30.644,0.568032787,0.007292157,-0.37782464,0.691604288,31,100.0,US.META,27.75,27.75,22.93,28.6943,0.008198889182755945,1535644561987.84,"成交额 $555,046 ≥ 阈值 $500,000 | 成交量 229 手",US.META,2026-05-06 08:02:50
US.META260520P555000,META 260520 555.00P,604.96,3109,538626.0,PUT,2026-05-20,555.0,0,33.751,-0.093403895,0.004051294,-0.223657349,0.203679246,15,100.0,US.META,2.0,2.2,1.53,2.0,-0.08258397249404925,1535644561987.84,"成交额 $538,626 ≥ 阈值 $500,000 | 成交量 3,109 手",US.META,2026-05-06 08:02:50
US.META260618P550000,META 260618 550.00P,604.96,739,538139.0,PUT,2026-06-18,550.0,8580,32.802,-0.17624224,0.003770373,-0.193275664,0.542536469,44,100.0,US.META,5.7,7.75,5.41,6.275,-0.09084898175085962,1535644561987.84,"成交额 $538,139 ≥ 阈值 $500,000 | 成交量 739 手",US.META,2026-05-06 08:02:50
US.META260506P590000,META 260506 590.00P,604.96,6462,529214.0,PUT,2026-05-06,590.0,1382,39.334,-0.093412289,0.014392705,-1.089387169,0.049209009,1,100.0,US.META,0.46,1.32,0.36,0.73,-0.02472890769637668,1535644561987.84,"成交额 $529,214 ≥ 阈值 $500,000 | 成交量 6,462 手",US.META,2026-05-06 08:02:50
US.META260618C690000,META 260618 690.00C,604.96,1244,524731.0,CALL,2026-06-18,690.0,5876,31.352,0.132282803,0.003256165,-0.167484651,0.448858877,44,100.0,US.META,4.98,4.98,3.7,4.85,-0.14057127743983067,1535644561987.84,"成交额 $524,731 ≥ 阈值 $500,000 | 成交量 1,244 手",US.META,2026-05-06 08:02:50
US.META260508C590000,META 260508 590.00C,604.96,282,523001.0,CALL,2026-05-08,590.0,363,35.873,0.791723405,0.014911187,-1.037104659,0.153747834,3,100.0,US.META,22.0,22.0,14.49,22.9888,0.02472890769637668,1535644561987.84,"成交额 $523,001 ≥ 阈值 $500,000 | 成交量 282 手",US.META,2026-05-06 08:02:50
US.MSFT260515P470000,MSFT 260515 470.00P,411.38,1803,10680845.0,PUT,2026-05-15,470.0,1247,0.0,0.0,0.0,0.0,0.0,10,100.0,US.MSFT,60.25,60.25,58.67,56.38,0.14249598910982547,3055909468531.52,"成交额 $10,680,845 ≥ 阈值 $500,000 | 成交量 1,803 手",US.MSFT,2026-05-06 08:03:17
US.MSFT260515P480000,MSFT 260515 480.00P,411.38,1102,7600010.0,PUT,2026-05-15,480.0,215,0.0,0.0,0.0,0.0,0.0,10,100.0,US.MSFT,69.4,69.8,68.68,66.38,0.16680441441003452,3055909468531.52,"成交额 $7,600,010 ≥ 阈值 $500,000 | 成交量 1,102 手",US.MSFT,2026-05-06 08:03:17
US.MSFT260515P490000,MSFT 260515 490.00P,411.38,700,5566750.0,PUT,2026-05-15,490.0,334,0.0,0.0,0.0,0.0,0.0,10,100.0,US.MSFT,79.65,79.65,79.4,76.38,0.1911128397102436,3055909468531.52,"成交额 $5,566,750 ≥ 阈值 $500,000 | 成交量 700 手",US.MSFT,2026-05-06 08:03:17
US.MSFT260918C420000,MSFT 260918 420.00C,411.38,1599,4397622.0,CALL,2026-09-18,420.0,6635,28.688,0.51842228,0.005534533,-0.124277913,1.000229506,136,100.0,US.MSFT,29.99,30.35,26.3,28.825,-0.020953862608780214,3055909468531.52,"成交额 $4,397,622 ≥ 阈值 $500,000 | 成交量 1,599 手",US.MSFT,2026-05-06 08:03:17
US.MSFT260821P410000,MSFT 260821 410.00P,411.38,1722,4240788.0,PUT,2026-08-21,410.0,2996,30.017,-0.439353555,0.005999936,-0.106091557,0.87817323,108,100.0,US.MSFT,22.34,25.3,22.34,23.325,-0.0033545626914288384,3055909468531.52,"成交额 $4,240,788 ≥ 阈值 $500,000 | 成交量 1,722 手",US.MSFT,2026-05-06 08:03:17
US.MSFT260821C430000,MSFT 260821 430.00C,411.38,2087,4174135.0,CALL,2026-08-21,430.0,5080,28.93,0.446437603,0.006110529,-0.135099058,0.884099877,108,100.0,US.MSFT,22.0,22.65,19.05,21.2,-0.045262287908989264,3055909468531.52,"成交额 $4,174,135 ≥ 阈值 $500,000 | 成交量 2,087 手",US.MSFT,2026-05-06 08:03:17
US.MSFT260515P510000,MSFT 260515 510.00P,411.38,400,3981000.0,PUT,2026-05-15,510.0,173,0.0,0.0,0.0,0.0,0.0,10,100.0,US.MSFT,99.65,99.65,99.4,96.38,0.23972969031066169,3055909468531.52,"成交额 $3,981,000 ≥ 阈值 $500,000 | 成交量 400 手",US.MSFT,2026-05-06 08:03:17
US.MSFT260506C412500,MSFT 260506 412.50C,411.38,15551,3839718.0,CALL,2026-05-06,412.5,438,33.171,0.438514711,0.059263086,-1.568017397,0.079043761,1,100.0,US.MSFT,5.02,6.0,1.65,4.5175,-0.002722543633623425,3055909468531.52,"成交额 $3,839,718 ≥ 阈值 $500,000 | 成交量 15,551 手",US.MSFT,2026-05-06 08:03:17
US.MSFT261016P410000,MSFT 261016 410.00P,411.38,1261,3705878.0,PUT,2026-10-16,410.0,1027,29.359,-0.430080386,0.005004863,-0.08068253,1.076343176,164,100.0,US.MSFT,27.47,29.6,27.47,28.1957,-0.0033545626914288384,3055909468531.52,"成交额 $3,705,878 ≥ 阈值 $500,000 | 成交量 1,261 手",US.MSFT,2026-05-06 08:03:17
US.MSFT260506P410000,MSFT 260506 410.00P,411.38,10890,3117320.0,PUT,2026-05-06,410.0,1560,33.916,-0.414310825,0.057318339,-1.550216021,0.078136804,1,100.0,US.MSFT,1.43,3.7,1.25,2.295,-0.0033545626914288384,3055909468531.52,"成交额 $3,117,320 ≥ 阈值 $500,000 | 成交量 10,890 手",US.MSFT,2026-05-06 08:03:17
US.MSFT260506C410000,MSFT 260506 410.00C,411.38,8580,3064888.0,CALL,2026-05-06,410.0,604,32.958,0.588060635,0.05888795,-1.543987958,0.078038169,1,100.0,US.MSFT,7.5,7.6,2.6,6.039,0.0033545626914288384,3055909468531.52,"成交额 $3,064,888 ≥ 阈值 $500,000 | 成交量 8,580 手",US.MSFT,2026-05-06 08:03:17
US.MSFT260506C415000,MSFT 260506 415.00C,411.38,17305,3003905.0,CALL,2026-05-06,415.0,2164,33.42,0.300009209,0.051883123,-1.380030882,0.069712945,1,100.0,US.MSFT,4.0,4.55,1.0,3.275,-0.008799649958675689,3055909468531.52,"成交额 $3,003,905 ≥ 阈值 $500,000 | 成交量 17,305 手",US.MSFT,2026-05-06 08:03:17
US.MSFT260515P500000,MSFT 260515 500.00P,411.38,275,2462250.0,PUT,2026-05-15,500.0,107,0.0,0.0,0.0,0.0,0.0,10,100.0,US.MSFT,89.65,89.65,89.4,86.38,0.21542126501045264,3055909468531.52,"成交额 $2,462,250 ≥ 阈值 $500,000 | 成交量 275 手",US.MSFT,2026-05-06 08:03:17
US.MSFT260717C425000,MSFT 260717 425.00C,411.38,1500,2138207.0,CALL,2026-07-17,425.0,3905,26.477,0.438430277,0.008099405,-0.148502299,0.724510873,73,100.0,US.MSFT,16.9,16.9,13.91,15.866,-0.03310807525888474,3055909468531.52,"成交额 $2,138,207 ≥ 阈值 $500,000 | 成交量 1,500 手",US.MSFT,2026-05-06 08:03:17
US.MSFT260618C420000,MSFT 260618 420.00C,411.38,1800,2134565.0,CALL,2026-06-18,420.0,20752,25.984,0.445609106,0.010665195,-0.184889965,0.563643591,44,100.0,US.MSFT,13.9,14.6,11.1,13.3012,-0.020953862608780214,3055909468531.52,"成交额 $2,134,565 ≥ 阈值 $500,000 | 成交量 1,800 手",US.MSFT,2026-05-06 08:03:17
US.MSFT260508C410000,MSFT 260508 410.00C,411.38,3678,2023012.0,CALL,2026-05-08,410.0,1817,32.293,0.55632893,0.033543828,-0.918566126,0.144004475,3,100.0,US.MSFT,9.04,9.16,4.59,7.741,0.0033545626914288384,3055909468531.52,"成交额 $2,023,012 ≥ 阈值 $500,000 | 成交量 3,678 手",US.MSFT,2026-05-06 08:03:17
US.MSFT260618P450000,MSFT 260618 450.00P,411.38,510,1959248.0,PUT,2026-06-18,450.0,7600,28.613,-0.804152678,0.007510902,-0.102564048,0.387901292,44,100.0,US.MSFT,37.8,43.15,37.75,40.0932,0.09387913850940738,3055909468531.52,"成交额 $1,959,248 ≥ 阈值 $500,000 | 成交量 510 手",US.MSFT,2026-05-06 08:03:17
US.MSFT260518C335000,MSFT 260518 335.00C,411.38,253,1908324.0,CALL,2026-05-18,335.0,0,59.423,0.971810084,0.001407733,-0.141879552,0.049910201,13,100.0,US.MSFT,75.42,75.45,75.41,78.8516,0.18566775244299674,3055909468531.52,"成交额 $1,908,324 ≥ 阈值 $500,000 | 成交量 253 手",US.MSFT,2026-05-06 08:03:17
US.MSFT260918P420000,MSFT 260918 420.00P,411.38,599,1901333.0,PUT,2026-09-18,420.0,5490,29.243,-0.489856962,0.005628866,-0.089404601,0.994347695,136,100.0,US.MSFT,29.93,32.5,29.93,31.2019,0.020953862608780214,3055909468531.52,"成交额 $1,901,333 ≥ 阈值 $500,000 | 成交量 599 手",US.MSFT,2026-05-06 08:03:17
US.MSFT260618C450000,MSFT 260618 450.00C,411.38,4680,1823672.0,CALL,2026-06-18,450.0,64955,26.627,0.189796074,0.007141153,-0.124740006,0.386586254,44,100.0,US.MSFT,4.6,5.05,3.49,4.524,-0.09387913850940738,3055909468531.52,"成交额 $1,823,672 ≥ 阈值 $500,000 | 成交量 4,680 手",US.MSFT,2026-05-06 08:03:17
US.MSFT260821P400000,MSFT 260821 400.00P,411.38,892,1813381.0,PUT,2026-08-21,400.0,4589,30.361,-0.380145377,0.005694916,-0.105363043,0.848879285,108,100.0,US.MSFT,19.6,20.6,19.39,19.125,-0.02766298799163789,3055909468531.52,"成交额 $1,813,381 ≥ 阈值 $500,000 | 成交量 892 手",US.MSFT,2026-05-06 08:03:17
US.MSFT260508C420000,MSFT 260508 420.00C,411.38,8927,1732288.0,CALL,2026-05-08,420.0,6494,32.223,0.241387149,0.026542944,-0.673302239,0.113679965,3,100.0,US.MSFT,3.38,4.0,1.41,3.075,-0.020953862608780214,3055909468531.52,"成交额 $1,732,288 ≥ 阈值 $500,000 | 成交量 8,927 手",US.MSFT,2026-05-06 08:03:17
US.MSFT260821P350000,MSFT 260821 350.00P,411.38,2710,1703909.0,PUT,2026-08-21,350.0,8820,32.64,-0.145963836,0.00314568,-0.071804411,0.511315954,108,100.0,US.MSFT,5.55,6.39,5.55,5.9,-0.14920511449268314,3055909468531.52,"成交额 $1,703,909 ≥ 阈值 $500,000 | 成交量 2,710 手",US.MSFT,2026-05-06 08:03:17
US.MSFT260618C440000,MSFT 260618 440.00C,411.38,2919,1691681.0,CALL,2026-06-18,440.0,11889,26.304,0.259747518,0.008642014,-0.149000123,0.462229067,44,100.0,US.MSFT,6.99,6.99,5.2,6.577,-0.06957071320919832,3055909468531.52,"成交额 $1,691,681 ≥ 阈值 $500,000 | 成交量 2,919 手",US.MSFT,2026-05-06 08:03:17
US.MSFT260918C430000,MSFT 260918 430.00C,411.38,726,1672740.0,CALL,2026-09-18,430.0,4458,28.554,0.464350893,0.00554431,-0.121675433,0.997278958,136,100.0,US.MSFT,25.8,25.8,22.15,24.225,-0.045262287908989264,3055909468531.52,"成交额 $1,672,740 ≥ 阈值 $500,000 | 成交量 726 手",US.MSFT,2026-05-06 08:03:17
US.MSFT260612P415000,MSFT 260612 415.00P,411.38,1032,1666828.0,PUT,2026-06-12,415.0,15,27.377,-0.508623365,0.011145698,-0.173068049,0.52703711,38,100.0,US.MSFT,13.8,16.85,13.8,15.4179,0.008799649958675689,3055909468531.52,"成交额 $1,666,828 ≥ 阈值 $500,000 | 成交量 1,032 手",US.MSFT,2026-05-06 08:03:17
US.MSFT260508C415000,MSFT 260508 415.00C,411.38,4716,1648046.0,CALL,2026-05-08,415.0,2829,32.138,0.388463215,0.032705709,-0.872180299,0.139729499,3,100.0,US.MSFT,5.5,6.25,2.63,5.0,-0.008799649958675689,3055909468531.52,"成交额 $1,648,046 ≥ 阈值 $500,000 | 成交量 4,716 手",US.MSFT,2026-05-06 08:03:17
US.MSFT260717C420000,MSFT 260717 420.00C,411.38,934,1605689.0,CALL,2026-07-17,420.0,5641,26.759,0.47883249,0.008099416,-0.152786057,0.732245635,73,100.0,US.MSFT,19.4,19.5,15.95,18.3244,-0.020953862608780214,3055909468531.52,"成交额 $1,605,689 ≥ 阈值 $500,000 | 成交量 934 手",US.MSFT,2026-05-06 08:03:17
US.MSFT260506P407500,MSFT 260506 407.50P,411.38,8013,1510740.0,PUT,2026-05-06,407.5,503,34.692,-0.283064028,0.04865054,-1.370153213,0.067844221,1,100.0,US.MSFT,1.02,2.55,0.88,1.585,-0.009431669016481101,3055909468531.52,"成交额 $1,510,740 ≥ 阈值 $500,000 | 成交量 8,013 手",US.MSFT,2026-05-06 08:03:17
US.MSFT260529C345000,MSFT 260529 345.00C,411.38,212,1405234.0,CALL,2026-05-29,345.0,9,38.355,0.969076998,0.001729234,-0.0905336,0.073405092,24,100.0,US.MSFT,66.94,66.94,66.17,69.5473,0.16135932714278767,3055909468531.52,"成交额 $1,405,234 ≥ 阈值 $500,000 | 成交量 212 手",US.MSFT,2026-05-06 08:03:17
US.MSFT260508C412500,MSFT 260508 412.50C,411.38,3111,1374005.0,CALL,2026-05-08,412.5,1263,31.992,0.471437377,0.034112985,-0.913653269,0.145084465,3,100.0,US.MSFT,7.71,7.71,3.5,6.2888,-0.002722543633623425,3055909468531.52,"成交额 $1,374,005 ≥ 阈值 $500,000 | 成交量 3,111 手",US.MSFT,2026-05-06 08:03:17
US.MSFT260529C350000,MSFT 260529 350.00C,411.38,215,1319649.0,CALL,2026-05-29,350.0,36,36.838,0.963079222,0.00208314,-0.097376914,0.084921874,24,100.0,US.MSFT,62.0,62.0,60.61,64.6228,0.14920511449268314,3055909468531.52,"成交额 $1,319,649 ≥ 阈值 $500,000 | 成交量 215 手",US.MSFT,2026-05-06 08:03:17
US.MSFT260515C410000,MSFT 260515 410.00C,411.38,1540,1287733.0,CALL,2026-05-15,410.0,10342,28.231,0.546461934,0.020750076,-0.415138582,0.268005152,10,100.0,US.MSFT,11.44,11.89,7.45,10.5307,0.0033545626914288384,3055909468531.52,"成交额 $1,287,733 ≥ 阈值 $500,000 | 成交量 1,540 手",US.MSFT,2026-05-06 08:03:17
US.MSFT260515P407500,MSFT 260515 407.50P,411.38,2009,1287492.0,PUT,2026-05-15,407.5,435,28.173,-0.402509266,0.020356899,-0.367631367,0.261572538,10,100.0,US.MSFT,5.45,6.8,5.18,5.375,-0.009431669016481101,3055909468531.52,"成交额 $1,287,492 ≥ 阈值 $500,000 | 成交量 2,009 手",US.MSFT,2026-05-06 08:03:17
US.MSFT260821C400000,MSFT 260821 400.00C,411.38,374,1280343.0,CALL,2026-08-21,400.0,3246,29.662,0.625926627,0.005711849,-0.138947674,0.847325296,108,100.0,US.MSFT,38.0,38.0,33.1,36.2409,0.02766298799163789,3055909468531.52,"成交额 $1,280,343 ≥ 阈值 $500,000 | 成交量 374 手",US.MSFT,2026-05-06 08:03:17
US.MSFT260529C410000,MSFT 260529 410.00C,411.38,1015,1244631.0,CALL,2026-05-29,410.0,467,25.773,0.547731567,0.014608842,-0.248595475,0.416659959,24,100.0,US.MSFT,14.58,15.6,10.87,13.6719,0.0033545626914288384,3055909468531.52,"成交额 $1,244,631 ≥ 阈值 $500,000 | 成交量 1,015 手",US.MSFT,2026-05-06 08:03:17
US.MSFT260508P410000,MSFT 260508 410.00P,411.38,2644,1202181.0,PUT,2026-05-08,410.0,2045,32.254,-0.443912501,0.033620013,-0.877793842,0.143984909,3,100.0,US.MSFT,3.08,5.4,2.88,3.875,-0.0033545626914288384,3055909468531.52,"成交额 $1,202,181 ≥ 阈值 $500,000 | 成交量 2,644 手",US.MSFT,2026-05-06 08:03:17
US.MSFT260618C410000,MSFT 260618 410.00C,411.38,721,1196608.0,CALL,2026-06-18,410.0,5156,26.324,0.551806494,0.010536499,-0.191178356,0.564146387,44,100.0,US.MSFT,19.65,19.7,15.5,18.2948,0.0033545626914288384,3055909468531.52,"成交额 $1,196,608 ≥ 阈值 $500,000 | 成交量 721 手",US.MSFT,2026-05-06 08:03:17
US.MSFT260506C420000,MSFT 260506 420.00C,411.38,16447,1182982.0,CALL,2026-05-06,420.0,5102,34.758,0.113057231,0.027513131,-0.764030371,0.038440272,1,100.0,US.MSFT,1.67,2.22,0.35,1.62,-0.020953862608780214,3055909468531.52,"成交额 $1,182,982 ≥ 阈值 $500,000 | 成交量 16,447 手",US.MSFT,2026-05-06 08:03:17
US.MSFT260522C410000,MSFT 260522 410.00C,411.38,1062,1152448.0,CALL,2026-05-22,410.0,713,26.944,0.546141118,0.016630487,-0.305475658,0.350435792,17,100.0,US.MSFT,13.44,13.44,9.55,12.3059,0.0033545626914288384,3055909468531.52,"成交额 $1,152,448 ≥ 阈值 $500,000 | 成交量 1,062 手",US.MSFT,2026-05-06 08:03:17
US.MSFT260618P400000,MSFT 260618 400.00P,411.38,1121,1152127.0,PUT,2026-06-18,400.0,13596,27.835,-0.352632006,0.009418038,-0.155348741,0.528775473,44,100.0,US.MSFT,9.0,11.0,8.73,9.65,-0.02766298799163789,3055909468531.52,"成交额 $1,152,127 ≥ 阈值 $500,000 | 成交量 1,121 手",US.MSFT,2026-05-06 08:03:17
US.MSFT260717C415000,MSFT 260717 415.00C,411.38,596,1148265.0,CALL,2026-07-17,415.0,4031,26.671,0.518680367,0.008128785,-0.153812829,0.732480468,73,100.0,US.MSFT,21.15,22.05,18.2,20.7829,-0.008799649958675689,3055909468531.52,"成交额 $1,148,265 ≥ 阈值 $500,000 | 成交量 596 手",US.MSFT,2026-05-06 08:03:17
US.MSFT260515C415000,MSFT 260515 415.00C,411.38,1693,1093813.0,CALL,2026-05-15,415.0,7345,28.053,0.442111005,0.020803073,-0.406702486,0.266988052,10,100.0,US.MSFT,9.0,9.0,5.3,7.85,-0.008799649958675689,3055909468531.52,"成交额 $1,093,813 ≥ 阈值 $500,000 | 成交量 1,693 手",US.MSFT,2026-05-06 08:03:17
US.MSFT260513C367500,MSFT 260513 367.50C,411.38,253,1083544.0,CALL,2026-05-13,367.5,4,46.111,0.956510232,0.003311179,-0.188207881,0.055691292,8,100.0,US.MSFT,42.82,42.85,42.81,46.4178,0.10666537021731731,3055909468531.52,"成交额 $1,083,544 ≥ 阈值 $500,000 | 成交量 253 手",US.MSFT,2026-05-06 08:03:17
US.MSFT260506C417500,MSFT 260506 417.50C,411.38,8915,1078491.0,CALL,2026-05-06,417.5,1949,34.039,0.190376994,0.039804478,-1.081683567,0.054467388,1,100.0,US.MSFT,3.0,3.3,0.6,2.335,-0.01487675628372795,3055909468531.52,"成交额 $1,078,491 ≥ 阈值 $500,000 | 成交量 8,915 手",US.MSFT,2026-05-06 08:03:17
US.MSFT260618P440000,MSFT 260618 440.00P,411.38,309,1055142.0,PUT,2026-06-18,440.0,2337,27.023,-0.744324222,0.008927055,-0.116251737,0.453440893,44,100.0,US.MSFT,33.05,34.9,32.5,32.0538,0.06957071320919832,3055909468531.52,"成交额 $1,055,142 ≥ 阈值 $500,000 | 成交量 309 手",US.MSFT,2026-05-06 08:03:17
US.MSFT260918C510000,MSFT 260918 510.00C,411.38,2055,1051201.0,CALL,2026-09-18,510.0,4776,29.033,0.147240331,0.003160153,-0.067193873,0.577726764,136,100.0,US.MSFT,5.8,5.8,4.85,5.426,-0.23972969031066169,3055909468531.52,"成交额 $1,051,201 ≥ 阈值 $500,000 | 成交量 2,055 手",US.MSFT,2026-05-06 08:03:17
US.MSFT260821C450000,MSFT 260821 450.00C,411.38,791,1045912.0,CALL,2026-08-21,450.0,17274,28.908,0.335720182,0.005639919,-0.121837418,0.81530669,108,100.0,US.MSFT,15.1,15.1,12.68,14.275,-0.09387913850940738,3055909468531.52,"成交额 $1,045,912 ≥ 阈值 $500,000 | 成交量 791 手",US.MSFT,2026-05-06 08:03:17
US.MSFT260515C420000,MSFT 260515 420.00C,411.38,2389,1042224.0,CALL,2026-05-15,420.0,12556,28.028,0.342493972,0.019381239,-0.373819888,0.248497266,10,100.0,US.MSFT,6.0,6.6,3.65,5.6998,-0.020953862608780214,3055909468531.52,"成交额 $1,042,224 ≥ 阈值 $500,000 | 成交量 2,389 手",US.MSFT,2026-05-06 08:03:17
US.MSFT260515C400000,MSFT 260515 400.00C,411.38,714,1026789.0,CALL,2026-05-15,400.0,16719,30.077,0.729674258,0.016262773,-0.37564104,0.223740888,10,100.0,US.MSFT,18.54,18.54,13.4,17.3605,0.02766298799163789,3055909468531.52,"成交额 $1,026,789 ≥ 阈值 $500,000 | 成交量 714 手",US.MSFT,2026-05-06 08:03:17
US.MSFT260717P410000,MSFT 260717 410.00P,411.38,571,1025284.0,PUT,2026-07-17,410.0,1873,27.324,-0.446172088,0.008008592,-0.119780006,0.723972326,73,100.0,US.MSFT,18.2,19.2,17.67,17.475,-0.0033545626914288384,3055909468531.52,"成交额 $1,025,284 ≥ 阈值 $500,000 | 成交量 571 手",US.MSFT,2026-05-06 08:03:17
US.MSFT260618C430000,MSFT 260618 430.00C,411.38,1204,1004776.0,CALL,2026-06-18,430.0,12109,26.155,0.34650146,0.009893241,-0.170901265,0.526230205,44,100.0,US.MSFT,9.9,10.54,7.65,9.4526,-0.045262287908989264,3055909468531.52,"成交额 $1,004,776 ≥ 阈值 $500,000 | 成交量 1,204 手",US.MSFT,2026-05-06 08:03:17
US.MSFT260506P412500,MSFT 260506 412.50P,411.38,2649,999079.0,PUT,2026-05-06,412.5,730,33.99,-0.560031097,0.057907898,-1.56745189,0.07907832,1,100.0,US.MSFT,2.01,5.2,2.01,3.275,0.002722543633623425,3055909468531.52,"成交额 $999,079 ≥ 阈值 $500,000 | 成交量 2,649 手",US.MSFT,2026-05-06 08:03:17
US.MSFT260717C430000,MSFT 260717 430.00C,411.38,755,977527.0,CALL,2026-07-17,430.0,3642,26.377,0.399274219,0.00796466,-0.143880694,0.70973725,73,100.0,US.MSFT,15.03,15.24,12.16,14.0287,-0.045262287908989264,3055909468531.52,"成交额 $977,527 ≥ 阈值 $500,000 | 成交量 755 手",US.MSFT,2026-05-06 08:03:17
US.MSFT260618C400000,MSFT 260618 400.00C,411.38,405,906972.0,CALL,2026-06-18,400.0,9659,26.11,0.656652474,0.009876606,-0.181596103,0.524457768,44,100.0,US.MSFT,25.25,25.85,21.22,24.3207,0.02766298799163789,3055909468531.52,"成交额 $906,972 ≥ 阈值 $500,000 | 成交量 405 手",US.MSFT,2026-05-06 08:03:17
US.MSFT261016P320000,MSFT 261016 320.00P,411.38,1803,884623.0,PUT,2026-10-16,320.0,2194,33.343,-0.096518133,0.00186466,-0.044208772,0.470798163,164,100.0,US.MSFT,4.6,4.91,4.6,4.6054,-0.2221303903933103,3055909468531.52,"成交额 $884,623 ≥ 阈值 $500,000 | 成交量 1,803 手",US.MSFT,2026-05-06 08:03:17
US.MSFT260518P410000,MSFT 260518 410.00P,411.38,1081,871675.0,PUT,2026-05-18,410.0,10,26.67,-0.454437963,0.019323606,-0.306171792,0.30582621,13,100.0,US.MSFT,8.0,8.17,6.55,6.95,-0.0033545626914288384,3055909468531.52,"成交额 $871,675 ≥ 阈值 $500,000 | 成交量 1,081 手",US.MSFT,2026-05-06 08:03:17
US.MSFT260515P420000,MSFT 260515 420.00P,411.38,618,828536.0,PUT,2026-05-15,420.0,5771,27.172,-0.664920698,0.020050188,-0.321432306,0.245927621,10,100.0,US.MSFT,9.65,14.3,9.65,11.5393,0.020953862608780214,3055909468531.52,"成交额 $828,536 ≥ 阈值 $500,000 | 成交量 618 手",US.MSFT,2026-05-06 08:03:17
US.MSFT260717C450000,MSFT 260717 450.00C,411.38,1053,775615.0,CALL,2026-07-17,450.0,8379,26.522,0.262122854,0.006681423,-0.11908311,0.598530633,73,100.0,US.MSFT,8.6,8.8,6.75,8.1,-0.09387913850940738,3055909468531.52,"成交额 $775,615 ≥ 阈值 $500,000 | 成交量 1,053 手",US.MSFT,2026-05-06 08:03:17
US.MSFT260618C415000,MSFT 260618 415.00C,411.38,523,748543.0,CALL,2026-06-18,415.0,5892,26.209,0.498801047,0.010672936,-0.189935773,0.568949805,44,100.0,US.MSFT,15.9,16.98,13.25,15.7976,-0.008799649958675689,3055909468531.52,"成交额 $748,543 ≥ 阈值 $500,000 | 成交量 523 手",US.MSFT,2026-05-06 08:03:17
US.MSFT260508P405000,MSFT 260508 405.00P,411.38,2751,724861.0,PUT,2026-05-08,405.0,1781,32.889,-0.287709778,0.028450005,-0.752176886,0.124310235,3,100.0,US.MSFT,1.72,3.2,1.58,2.25,-0.015508775341533365,3055909468531.52,"成交额 $724,861 ≥ 阈值 $500,000 | 成交量 2,751 手",US.MSFT,2026-05-06 08:03:17
US.MSFT260918C410000,MSFT 260918 410.00C,411.38,223,709417.0,CALL,2026-09-18,410.0,3478,28.845,0.572923621,0.005418071,-0.124937742,0.984517699,136,100.0,US.MSFT,34.18,34.18,31.05,33.7034,0.0033545626914288384,3055909468531.52,"成交额 $709,417 ≥ 阈值 $500,000 | 成交量 223 手",US.MSFT,2026-05-06 08:03:17
US.MSFT260522C380000,MSFT 260522 380.00C,411.38,200,691863.0,CALL,2026-05-22,380.0,437,33.371,0.87804833,0.006855711,-0.209023253,0.178864049,17,100.0,US.MSFT,34.62,34.68,34.38,35.5512,0.07627983859205599,3055909468531.52,"成交额 $691,863 ≥ 阈值 $500,000 | 成交量 200 手",US.MSFT,2026-05-06 08:03:17
US.MSFT260508P415000,MSFT 260508 415.00P,411.38,935,677121.0,PUT,2026-05-08,415.0,2131,31.555,-0.614306605,0.033325745,-0.815172408,0.139376111,3,100.0,US.MSFT,4.8,8.25,4.65,6.1394,0.008799649958675689,3055909468531.52,"成交额 $677,121 ≥ 阈值 $500,000 | 成交量 935 手",US.MSFT,2026-05-06 08:03:17
US.MSFT260821C420000,MSFT 260821 420.00C,411.38,275,665085.0,CALL,2026-08-21,420.0,3760,29.214,0.506520219,0.006105287,-0.13939285,0.892055752,108,100.0,US.MSFT,26.5,26.79,23.15,25.5,-0.020953862608780214,3055909468531.52,"成交额 $665,085 ≥ 阈值 $500,000 | 成交量 275 手",US.MSFT,2026-05-06 08:03:17
US.MSFT260508P407500,MSFT 260508 407.50P,411.38,1859,652649.0,PUT,2026-05-08,407.5,750,32.532,-0.362275606,0.031628043,-0.833554241,0.136671432,3,100.0,US.MSFT,2.26,4.2,2.07,3.02,-0.009431669016481101,3055909468531.52,"成交额 $652,649 ≥ 阈值 $500,000 | 成交量 1,859 手",US.MSFT,2026-05-06 08:03:17
US.MSFT260506P405000,MSFT 260506 405.00P,411.38,5364,646762.0,PUT,2026-05-06,405.0,1579,35.522,-0.179779654,0.036812388,-1.074229616,0.05256205,1,100.0,US.MSFT,0.69,1.67,0.5,1.035,-0.015508775341533365,3055909468531.52,"成交额 $646,762 ≥ 阈值 $500,000 | 成交量 5,364 手",US.MSFT,2026-05-06 08:03:17
US.MSFT260508C417500,MSFT 260508 417.50C,411.38,2272,632415.0,CALL,2026-05-08,417.5,875,32.029,0.309963626,0.030207627,-0.781731092,0.128610206,3,100.0,US.MSFT,4.5,5.05,1.93,3.95,-0.01487675628372795,3055909468531.52,"成交额 $632,415 ≥ 阈值 $500,000 | 成交量 2,272 手",US.MSFT,2026-05-06 08:03:17
US.MSFT260515C412500,MSFT 260515 412.50C,411.38,849,625981.0,CALL,2026-05-15,412.5,1189,28.059,0.494172934,0.021017991,-0.413321205,0.269809657,10,100.0,US.MSFT,10.35,10.35,6.36,9.1274,-0.002722543633623425,3055909468531.52,"成交额 $625,981 ≥ 阈值 $500,000 | 成交量 849 手",US.MSFT,2026-05-06 08:03:17
US.MSFT260515C430000,MSFT 260515 430.00C,411.38,2889,618957.0,CALL,2026-05-15,430.0,14837,28.647,0.185272948,0.013788253,-0.270046852,0.180645716,10,100.0,US.MSFT,2.82,3.45,1.64,2.7333,-0.045262287908989264,3055909468531.52,"成交额 $618,957 ≥ 阈值 $500,000 | 成交量 2,889 手",US.MSFT,2026-05-06 08:03:17
US.MSFT260618C425000,MSFT 260618 425.00C,411.38,609,618579.0,CALL,2026-06-18,425.0,5101,26.105,0.394936587,0.010341703,-0.179346689,0.549069331,44,100.0,US.MSFT,11.9,12.37,9.2,11.375,-0.03310807525888474,3055909468531.52,"成交额 $618,579 ≥ 阈值 $500,000 | 成交量 609 手",US.MSFT,2026-05-06 08:03:17
US.MSFT260508P412500,MSFT 260508 412.50P,411.38,1169,617020.0,PUT,2026-05-08,412.5,2881,31.779,-0.529239199,0.034390484,-0.867976985,0.145021417,3,100.0,US.MSFT,3.5,6.8,3.41,4.925,0.002722543633623425,3055909468531.52,"成交额 $617,020 ≥ 阈值 $500,000 | 成交量 1,169 手",US.MSFT,2026-05-06 08:03:17
US.MSFT260918C450000,MSFT 260918 450.00C,411.38,379,606804.0,CALL,2026-09-18,450.0,7424,28.386,0.361846343,0.005260177,-0.111590815,0.94053475,136,100.0,US.MSFT,17.93,17.93,15.4,17.15,-0.09387913850940738,3055909468531.52,"成交额 $606,804 ≥ 阈值 $500,000 | 成交量 379 手",US.MSFT,2026-05-06 08:03:17
US.MSFT260508C425000,MSFT 260508 425.00C,411.38,5574,605803.0,CALL,2026-05-08,425.0,3354,33.277,0.140084668,0.018351824,-0.457353561,0.081160426,3,100.0,US.MSFT,1.95,2.34,0.74,1.83,-0.03310807525888474,3055909468531.52,"成交额 $605,803 ≥ 阈值 $500,000 | 成交量 5,574 手",US.MSFT,2026-05-06 08:03:17
US.MSFT260522C385000,MSFT 260522 385.00C,411.38,200,601953.0,CALL,2026-05-22,385.0,371,31.969,0.846873474,0.008361033,-0.230115989,0.208970939,17,100.0,US.MSFT,30.08,30.18,29.89,31.0683,0.06412562594195147,3055909468531.52,"成交额 $601,953 ≥ 阈值 $500,000 | 成交量 200 手",US.MSFT,2026-05-06 08:03:17
US.MSFT260508C405000,MSFT 260508 405.00C,411.38,714,601528.0,CALL,2026-05-08,405.0,1692,32.615,0.713970434,0.02859825,-0.783112281,0.123981723,3,100.0,US.MSFT,11.6,11.6,7.4,11.1186,0.015508775341533365,3055909468531.52,"成交额 $601,528 ≥ 阈值 $500,000 | 成交量 714 手",US.MSFT,2026-05-06 08:03:17
US.MSFT260529C445000,MSFT 260529 445.00C,411.38,3038,595945.0,CALL,2026-05-29,445.0,2830,26.422,0.137023924,0.007891403,-0.132529064,0.230616525,24,100.0,US.MSFT,2.85,2.85,1.64,2.385,-0.08172492585930284,3055909468531.52,"成交额 $595,945 ≥ 阈值 $500,000 | 成交量 3,038 手",US.MSFT,2026-05-06 08:03:17
US.MSFT260918C440000,MSFT 260918 440.00C,411.38,301,582211.0,CALL,2026-09-18,440.0,6225,28.409,0.411590183,0.005456988,-0.117176004,0.976552344,136,100.0,US.MSFT,21.38,21.52,18.55,20.55,-0.06957071320919832,3055909468531.52,"成交额 $582,211 ≥ 阈值 $500,000 | 成交量 301 手",US.MSFT,2026-05-06 08:03:17
US.MSFT260605C415000,MSFT 260605 415.00C,411.38,509,579765.0,CALL,2026-06-05,415.0,571,26.519,0.485936014,0.01256682,-0.225275043,0.476961984,31,100.0,US.MSFT,13.6,14.02,10.45,13.0,-0.008799649958675689,3055909468531.52,"成交额 $579,765 ≥ 阈值 $500,000 | 成交量 509 手",US.MSFT,2026-05-06 08:03:17
US.MSFT260508C407500,MSFT 260508 407.50C,411.38,833,550791.0,CALL,2026-05-08,407.5,1149,33.085,0.635907784,0.031132437,-0.889503639,0.136926687,3,100.0,US.MSFT,7.95,8.2,5.9,9.3876,0.009431669016481101,3055909468531.52,"成交额 $550,791 ≥ 阈值 $500,000 | 成交量 833 手",US.MSFT,2026-05-06 08:03:17
US.MSFT260508C400000,MSFT 260508 400.00C,411.38,417,529734.0,CALL,2026-05-08,400.0,1797,34.182,0.829075559,0.020374882,-0.586144826,0.092562023,3,100.0,US.MSFT,15.41,15.6,10.97,15.1442,0.02766298799163789,3055909468531.52,"成交额 $529,734 ≥ 阈值 $500,000 | 成交量 417 手",US.MSFT,2026-05-06 08:03:17
US.MSFT260717C410000,MSFT 260717 410.00C,411.38,235,516775.0,CALL,2026-07-17,410.0,2280,26.651,0.559057062,0.008054319,-0.153801816,0.725231149,73,100.0,US.MSFT,24.15,24.66,20.5,23.4162,0.0033545626914288384,3055909468531.52,"成交额 $516,775 ≥ 阈值 $500,000 | 成交量 235 手",US.MSFT,2026-05-06 08:03:17
US.MSFT260821P360000,MSFT 260821 360.00P,411.38,647,513892.0,PUT,2026-08-21,360.0,3900,31.99,-0.181619295,0.003704147,-0.080486144,0.589234478,108,100.0,US.MSFT,7.54,8.2,7.54,7.575,-0.1248966891924741,3055909468531.52,"成交额 $513,892 ≥ 阈值 $500,000 | 成交量 647 手",US.MSFT,2026-05-06 08:03:17
US.MSTR260618C130000,MSTR 260618 130.00C,186.9,24562,147369785.0,CALL,2026-06-18,130.0,26314,85.938,0.916536735,0.002756556,-0.108253539,0.09944791,44,100.0,US.MSTR,61.24,61.24,58.0,56.9837,0.30444087747458537,64821830049.9,"成交额 $147,369,785 ≥ 阈值 $500,000 | 成交量 24,562 手",US.MSTR,2026-05-06 08:03:43
US.MSTR260618C125000,MSTR 260618 125.00C,186.9,20188,127186553.0,CALL,2026-06-18,125.0,21899,88.55,0.930303725,0.002332351,-0.098059003,0.086702032,44,100.0,US.MSTR,65.0,67.5,61.91,61.5323,0.33119315141787053,64821830049.9,"成交额 $127,186,553 ≥ 阈值 $500,000 | 成交量 20,188 手",US.MSTR,2026-05-06 08:03:43
US.MSTR260618C180000,MSTR 260618 180.00C,186.9,44811,98474282.0,CALL,2026-06-18,180.0,3116,72.088,0.615209549,0.008182421,-0.213865916,0.247632782,44,100.0,US.MSTR,24.29,25.0,20.65,20.9639,0.03691813804173358,64821830049.9,"成交额 $98,474,282 ≥ 阈值 $500,000 | 成交量 44,811 手",US.MSTR,2026-05-06 08:03:43
US.MSTR260515C140000,MSTR 260515 140.00C,186.9,17629,83159758.0,CALL,2026-05-15,140.0,36995,108.783,0.956398622,0.002764269,-0.162876505,0.028395147,10,100.0,US.MSTR,48.65,51.0,45.25,44.6958,0.250936329588015,64821830049.9,"成交额 $83,159,758 ≥ 阈值 $500,000 | 成交量 17,629 手",US.MSTR,2026-05-06 08:03:43
US.MSTR260717C180000,MSTR 260717 180.00C,186.9,16685,46992670.0,CALL,2026-07-17,180.0,1053,72.285,0.618057125,0.006317378,-0.167240332,0.318452007,73,100.0,US.MSTR,28.97,30.0,26.29,26.2588,0.03691813804173358,64821830049.9,"成交额 $46,992,670 ≥ 阈值 $500,000 | 成交量 16,685 手",US.MSTR,2026-05-06 08:03:43
US.MSTR260515C200000,MSTR 260515 200.00C,186.9,17344,9875752.0,CALL,2026-05-15,200.0,19607,81.23,0.332467239,0.014551403,-0.474058207,0.111615152,10,100.0,US.MSTR,6.55,7.0,4.45,4.875,-0.07009095773140714,64821830049.9,"成交额 $9,875,752 ≥ 阈值 $500,000 | 成交量 17,344 手",US.MSTR,2026-05-06 08:03:43
US.MSTR260508C190000,MSTR 260508 190.00C,186.9,10885,6349268.0,CALL,2026-05-08,190.0,20413,101.186,0.446139206,0.02358485,-1.281723824,0.065478632,3,100.0,US.MSTR,7.16,7.76,4.32,4.875,-0.01658640984483678,64821830049.9,"成交额 $6,349,268 ≥ 阈值 $500,000 | 成交量 10,885 手",US.MSTR,2026-05-06 08:03:43
US.MSTR260612P295000,MSTR 260612 295.00P,186.9,450,4979815.0,PUT,2026-06-12,295.0,0,87.521,-0.937807329,0.002868605,-0.068446199,0.072191686,38,100.0,US.MSTR,109.32,111.02,109.32,111.9794,0.5783841626538255,64821830049.9,"成交额 $4,979,815 ≥ 阈值 $500,000 | 成交量 450 手",US.MSTR,2026-05-06 08:03:43
US.MSTR260508C200000,MSTR 260508 200.00C,186.9,16962,4844885.0,CALL,2026-05-08,200.0,7621,107.14,0.253679971,0.018044588,-1.037325691,0.053044042,3,100.0,US.MSTR,3.7,4.2,2.04,2.49,-0.07009095773140714,64821830049.9,"成交额 $4,844,885 ≥ 阈值 $500,000 | 成交量 16,962 手",US.MSTR,2026-05-06 08:03:43
US.MSTR260515C170000,MSTR 260515 170.00C,186.9,2346,4675840.0,CALL,2026-05-15,170.0,9162,75.975,0.796452734,0.012118299,-0.351267425,0.086937592,10,100.0,US.MSTR,22.15,23.13,18.24,18.2972,0.09042268592830394,64821830049.9,"成交额 $4,675,840 ≥ 阈值 $500,000 | 成交量 2,346 手",US.MSTR,2026-05-06 08:03:43
US.MSTR260515C180000,MSTR 260515 180.00C,186.9,2987,4357557.0,CALL,2026-05-15,180.0,8388,77.487,0.643063734,0.015665043,-0.471748757,0.11462195,10,100.0,US.MSTR,15.49,15.75,11.75,12.1003,0.03691813804173358,64821830049.9,"成交额 $4,357,557 ≥ 阈值 $500,000 | 成交量 2,987 手",US.MSTR,2026-05-06 08:03:43
US.MSTR260508C187500,MSTR 260508 187.50C,186.9,6598,4317937.0,CALL,2026-05-08,187.5,32339,100.06,0.504552172,0.024068319,-1.285089752,0.0660776,3,100.0,US.MSTR,9.75,9.75,5.25,5.725,-0.003210272873194191,64821830049.9,"成交额 $4,317,937 ≥ 阈值 $500,000 | 成交量 6,598 手",US.MSTR,2026-05-06 08:03:43
US.MSTR260508C180000,MSTR 260508 180.00C,186.9,3861,4023510.0,CALL,2026-05-08,180.0,39345,98.435,0.683701354,0.021825022,-1.107728663,0.058945204,3,100.0,US.MSTR,12.64,13.5,8.86,9.2519,0.03691813804173358,64821830049.9,"成交额 $4,023,510 ≥ 阈值 $500,000 | 成交量 3,861 手",US.MSTR,2026-05-06 08:03:43
US.MSTR260515P182500,MSTR 260515 182.50P,186.9,4314,3430979.0,PUT,2026-05-15,182.5,164,78.602,-0.398969644,0.015994656,-0.477150842,0.118626748,10,100.0,US.MSTR,7.2,8.83,6.97,9.225,-0.02354200107009099,64821830049.9,"成交额 $3,430,979 ≥ 阈值 $500,000 | 成交量 4,314 手",US.MSTR,2026-05-06 08:03:43
US.MSTR260515C177500,MSTR 260515 177.50C,186.9,2072,3022478.0,CALL,2026-05-15,177.5,621,78.286,0.681851567,0.014828889,-0.455870665,0.109622721,10,100.0,US.MSTR,16.56,16.56,13.35,13.3983,0.05029427501337617,64821830049.9,"成交额 $3,022,478 ≥ 阈值 $500,000 | 成交量 2,072 手",US.MSTR,2026-05-06 08:03:43
US.MSTR260612P245000,MSTR 260612 245.00P,186.9,450,2835369.0,PUT,2026-06-12,245.0,0,82.73,-0.811224095,0.005613401,-0.161317407,0.162135619,38,100.0,US.MSTR,61.88,63.32,61.88,64.5003,0.31086142322097376,64821830049.9,"成交额 $2,835,369 ≥ 阈值 $500,000 | 成交量 450 手",US.MSTR,2026-05-06 08:03:43
US.MSTR260508C170000,MSTR 260508 170.00C,186.9,1635,2813402.0,CALL,2026-05-08,170.0,18238,90.511,0.889739578,0.01256319,-0.479176271,0.031198182,3,100.0,US.MSTR,20.55,23.45,16.0,16.0731,0.09042268592830394,64821830049.9,"成交额 $2,813,402 ≥ 阈值 $500,000 | 成交量 1,635 手",US.MSTR,2026-05-06 08:03:43
US.MSTR260508C185000,MSTR 260508 185.00C,186.9,3521,2757750.0,CALL,2026-05-08,185.0,3247,98.942,0.564984029,0.02401818,-1.253424205,0.065203218,3,100.0,US.MSTR,9.24,10.5,6.26,6.75,0.010165864098448399,64821830049.9,"成交额 $2,757,750 ≥ 阈值 $500,000 | 成交量 3,521 手",US.MSTR,2026-05-06 08:03:43
US.MSTR260508C192500,MSTR 260508 192.50C,186.9,5272,2527229.0,CALL,2026-05-08,192.5,1357,102.476,0.391076492,0.022621019,-1.249257967,0.063602964,3,100.0,US.MSTR,7.0,7.0,3.6,4.15,-0.02996254681647937,64821830049.9,"成交额 $2,527,229 ≥ 阈值 $500,000 | 成交量 5,272 手",US.MSTR,2026-05-06 08:03:43
US.MSTR260515C190000,MSTR 260515 190.00C,186.9,2804,2402690.0,CALL,2026-05-15,190.0,4367,78.668,0.478097562,0.016477815,-0.508892776,0.122407648,10,100.0,US.MSTR,9.92,10.8,7.32,7.675,-0.01658640984483678,64821830049.9,"成交额 $2,402,690 ≥ 阈值 $500,000 | 成交量 2,804 手",US.MSTR,2026-05-06 08:03:43
US.MSTR260508P185000,MSTR 260508 185.00P,186.9,3902,2382458.0,PUT,2026-05-08,185.0,517,100.889,-0.435649919,0.023565919,-1.260211944,0.06521806,3,100.0,US.MSTR,5.25,7.35,5.0,7.7505,-0.010165864098448399,64821830049.9,"成交额 $2,382,458 ≥ 阈值 $500,000 | 成交量 3,902 手",US.MSTR,2026-05-06 08:03:43
US.MSTR260618C200000,MSTR 260618 200.00C,186.9,1381,1934784.0,CALL,2026-06-18,200.0,12284,72.422,0.449502274,0.008433512,-0.21979456,0.256413509,44,100.0,US.MSTR,15.5,15.8,12.66,13.05,-0.07009095773140714,64821830049.9,"成交额 $1,934,784 ≥ 阈值 $500,000 | 成交量 1,381 手",US.MSTR,2026-05-06 08:03:43
US.MSTR260508P187500,MSTR 260508 187.50P,186.9,2501,1827760.0,PUT,2026-05-08,187.5,35,102.367,-0.494821822,0.023532053,-1.296279141,0.066073531,3,100.0,US.MSTR,6.69,8.55,6.08,9.2272,0.003210272873194191,64821830049.9,"成交额 $1,827,760 ≥ 阈值 $500,000 | 成交量 2,501 手",US.MSTR,2026-05-06 08:03:43
US.MSTR260508C177500,MSTR 260508 177.50C,186.9,1587,1794655.0,CALL,2026-05-08,177.5,15217,97.472,0.740162257,0.020083577,-0.98186728,0.053710556,3,100.0,US.MSTR,12.99,15.5,10.5,10.7526,0.05029427501337617,64821830049.9,"成交额 $1,794,655 ≥ 阈值 $500,000 | 成交量 1,587 手",US.MSTR,2026-05-06 08:03:43
US.MSTR260618C190000,MSTR 260618 190.00C,186.9,1012,1782517.0,CALL,2026-06-18,190.0,4345,71.86,0.530302168,0.008543463,-0.220457477,0.257742536,44,100.0,US.MSTR,19.14,20.05,16.05,16.616,-0.01658640984483678,64821830049.9,"成交额 $1,782,517 ≥ 阈值 $500,000 | 成交量 1,012 手",US.MSTR,2026-05-06 08:03:43
US.MSTR260508C195000,MSTR 260508 195.00C,186.9,4250,1778405.0,CALL,2026-05-08,195.0,3640,104.147,0.340755262,0.021257632,-1.196803001,0.06074415,3,100.0,US.MSTR,5.15,5.71,3.0,3.45,-0.04333868378812196,64821830049.9,"成交额 $1,778,405 ≥ 阈值 $500,000 | 成交量 4,250 手",US.MSTR,2026-05-06 08:03:43
US.MSTR260515C185000,MSTR 260515 185.00C,186.9,1613,1711585.0,CALL,2026-05-15,185.0,5274,78.17,0.560167604,0.016418537,-0.502267164,0.121195613,10,100.0,US.MSTR,11.55,13.07,9.35,9.675,0.010165864098448399,64821830049.9,"成交额 $1,711,585 ≥ 阈值 $500,000 | 成交量 1,613 手",US.MSTR,2026-05-06 08:03:43
US.MSTR260515C210000,MSTR 260515 210.00C,186.9,4853,1706419.0,CALL,2026-05-15,210.0,2494,84.537,0.223071619,0.011488616,-0.399472903,0.091708353,10,100.0,US.MSTR,4.05,4.5,2.73,3.125,-0.1235955056179775,64821830049.9,"成交额 $1,706,419 ≥ 阈值 $500,000 | 成交量 4,853 手",US.MSTR,2026-05-06 08:03:43
US.MSTR260612P195000,MSTR 260612 195.00P,186.9,729,1649968.0,PUT,2026-06-12,195.0,1,70.502,-0.523849959,0.009429758,-0.214151229,0.239583249,38,100.0,US.MSTR,22.63,22.68,22.6,23.7179,0.04333868378812196,64821830049.9,"成交额 $1,649,968 ≥ 阈值 $500,000 | 成交量 729 手",US.MSTR,2026-05-06 08:03:43
US.MSTR260508P182500,MSTR 260508 182.50P,186.9,2878,1456250.0,PUT,2026-05-08,182.5,1017,100.527,-0.376377705,0.02280194,-1.203153885,0.062881256,3,100.0,US.MSTR,4.6,6.03,4.1,6.45,-0.02354200107009099,64821830049.9,"成交额 $1,456,250 ≥ 阈值 $500,000 | 成交量 2,878 手",US.MSTR,2026-05-06 08:03:43
US.MSTR260508C182500,MSTR 260508 182.50C,186.9,1487,1308275.0,CALL,2026-05-08,182.5,15784,98.516,0.625430966,0.023228661,-1.1946678,0.062787923,3,100.0,US.MSTR,11.0,11.69,7.54,7.9508,0.02354200107009099,64821830049.9,"成交额 $1,308,275 ≥ 阈值 $500,000 | 成交量 1,487 手",US.MSTR,2026-05-06 08:03:43
US.MSTR260508C210000,MSTR 260508 210.00C,186.9,9573,1265337.0,CALL,2026-05-08,210.0,3117,113.154,0.133704309,0.011507425,-0.669624116,0.035725685,3,100.0,US.MSTR,2.09,2.17,0.94,1.2455,-0.1235955056179775,64821830049.9,"成交额 $1,265,337 ≥ 阈值 $500,000 | 成交量 9,573 手",US.MSTR,2026-05-06 08:03:43
US.MSTR260508C197500,MSTR 260508 197.50C,186.9,3660,1176661.0,CALL,2026-05-08,197.5,626,105.629,0.294798558,0.01971376,-1.123018987,0.057133712,3,100.0,US.MSTR,4.0,4.85,2.5,2.935,-0.05671482075976455,64821830049.9,"成交额 $1,176,661 ≥ 阈值 $500,000 | 成交量 3,660 手",US.MSTR,2026-05-06 08:03:43
US.MSTR260508C175000,MSTR 260508 175.00C,186.9,806,1146996.0,CALL,2026-05-08,175.0,13569,97.563,0.790274093,0.017819834,-0.852984476,0.047700642,3,100.0,US.MSTR,15.0,17.05,12.08,12.403,0.06367041198501876,64821830049.9,"成交额 $1,146,996 ≥ 阈值 $500,000 | 成交量 806 手",US.MSTR,2026-05-06 08:03:43
US.MSTR260508C147000,MSTR 260508 147.00C,186.9,277,1142387.0,CALL,2026-05-08,147.0,326,145.458,0.973162809,0.002573962,-0.211513482,0.010272897,3,100.0,US.MSTR,41.3,41.3,37.72,37.2782,0.21348314606741575,64821830049.9,"成交额 $1,142,387 ≥ 阈值 $500,000 | 成交量 277 手",US.MSTR,2026-05-06 08:03:43
US.MSTR260515P170000,MSTR 260515 170.00P,186.9,3330,1132953.0,PUT,2026-05-15,170.0,4246,78.99,-0.211297325,0.011918777,-0.356123038,0.088874999,10,100.0,US.MSTR,3.08,3.8,2.92,4.175,-0.09042268592830394,64821830049.9,"成交额 $1,132,953 ≥ 阈值 $500,000 | 成交量 3,330 手",US.MSTR,2026-05-06 08:03:43
US.MSTR260515C195000,MSTR 260515 195.00C,186.9,1541,1109867.0,CALL,2026-05-15,195.0,2530,80.46,0.402399004,0.015649759,-0.503196119,0.118904369,10,100.0,US.MSTR,8.2,8.64,5.75,6.2,-0.04333868378812196,64821830049.9,"成交额 $1,109,867 ≥ 阈值 $500,000 | 成交量 1,541 手",US.MSTR,2026-05-06 08:03:43
US.MSTR260515C220000,MSTR 260515 220.00C,186.9,4842,1059736.0,CALL,2026-05-15,220.0,10066,88.0,0.1473614,0.008520394,-0.31561119,0.070799974,10,100.0,US.MSTR,2.64,2.99,1.75,2.1144,-0.17710005350454786,64821830049.9,"成交额 $1,059,736 ≥ 阈值 $500,000 | 成交量 4,842 手",US.MSTR,2026-05-06 08:03:43
US.MSTR260515C175000,MSTR 260515 175.00C,186.9,644,1043522.0,CALL,2026-05-15,175.0,3292,78.18,0.720288788,0.014004642,-0.429428312,0.103388507,10,100.0,US.MSTR,17.95,18.96,14.72,14.9918,0.06367041198501876,64821830049.9,"成交额 $1,043,522 ≥ 阈值 $500,000 | 成交量 644 手",US.MSTR,2026-05-06 08:03:43
US.MSTR260717C200000,MSTR 260717 200.00C,186.9,540,1035664.0,CALL,2026-07-17,200.0,2448,71.458,0.48809184,0.006682476,-0.171010155,0.332998897,73,100.0,US.MSTR,20.4,21.0,17.84,17.8875,-0.07009095773140714,64821830049.9,"成交额 $1,035,664 ≥ 阈值 $500,000 | 成交量 540 手",US.MSTR,2026-05-06 08:03:43
US.MSTR260515C150000,MSTR 260515 150.00C,186.9,253,985505.0,CALL,2026-05-15,150.0,7108,96.26,0.929891926,0.004544483,-0.209927604,0.041307188,10,100.0,US.MSTR,39.49,40.25,35.77,35.1361,0.19743178170144465,64821830049.9,"成交额 $985,505 ≥ 阈值 $500,000 | 成交量 253 手",US.MSTR,2026-05-06 08:03:43
US.MSTR260717C195000,MSTR 260717 195.00C,186.9,452,966131.0,CALL,2026-07-17,195.0,1160,72.649,0.52149747,0.006566259,-0.173987471,0.332664322,73,100.0,US.MSTR,22.0,22.8,19.8,19.8776,-0.04333868378812196,64821830049.9,"成交额 $966,131 ≥ 阈值 $500,000 | 成交量 452 手",US.MSTR,2026-05-06 08:03:43
US.MSTR260508P180000,MSTR 260508 180.00P,186.9,2497,961307.0,PUT,2026-05-08,180.0,3407,100.565,-0.31928358,0.021450167,-1.119160716,0.059178172,3,100.0,US.MSTR,3.3,4.9,3.28,5.25,-0.03691813804173358,64821830049.9,"成交额 $961,307 ≥ 阈值 $500,000 | 成交量 2,497 手",US.MSTR,2026-05-06 08:03:43
US.MSTR260515C162500,MSTR 260515 162.50C,186.9,392,948249.0,CALL,2026-05-15,162.5,1937,83.103,0.864192553,0.008536831,-0.295066132,0.066989109,10,100.0,US.MSTR,27.6,27.6,23.99,24.068,0.1305510968432317,64821830049.9,"成交额 $948,249 ≥ 阈值 $500,000 | 成交量 392 手",US.MSTR,2026-05-06 08:03:43
US.MSTR260618P150000,MSTR 260618 150.00P,186.9,1918,943515.0,PUT,2026-06-18,150.0,5539,75.597,-0.162109594,0.00501304,-0.134093275,0.15898331,44,100.0,US.MSTR,4.65,5.35,4.62,5.5069,-0.19743178170144465,64821830049.9,"成交额 $943,515 ≥ 阈值 $500,000 | 成交量 1,918 手",US.MSTR,2026-05-06 08:03:43
US.MSTR260515P187500,MSTR 260515 187.50P,186.9,871,886030.0,PUT,2026-05-15,187.5,30,78.564,-0.481392486,0.016523362,-0.491334319,0.122440496,10,100.0,US.MSTR,9.73,11.6,8.99,12.0004,0.003210272873194191,64821830049.9,"成交额 $886,030 ≥ 阈值 $500,000 | 成交量 871 手",US.MSTR,2026-05-06 08:03:43
US.MSTR260717C185000,MSTR 260717 185.00C,186.9,329,844075.0,CALL,2026-07-17,185.0,737,71.987,0.585158094,0.006484514,-0.169731747,0.325529312,73,100.0,US.MSTR,26.53,28.0,23.95,23.9784,0.010165864098448399,64821830049.9,"成交额 $844,075 ≥ 阈值 $500,000 | 成交量 329 手",US.MSTR,2026-05-06 08:03:43
US.MSTR260918C200000,MSTR 260918 200.00C,186.9,272,791755.0,CALL,2026-09-18,200.0,3540,73.901,0.541869689,0.004708008,-0.130429396,0.452405561,136,100.0,US.MSTR,30.35,31.1,27.87,27.75,-0.07009095773140714,64821830049.9,"成交额 $791,755 ≥ 阈值 $500,000 | 成交量 272 手",US.MSTR,2026-05-06 08:03:43
US.MSTR260515C187500,MSTR 260515 187.50C,186.9,818,785843.0,CALL,2026-05-15,187.5,673,78.737,0.518961122,0.016469542,-0.510405456,0.122454097,10,100.0,US.MSTR,10.95,11.98,8.35,8.625,-0.003210272873194191,64821830049.9,"成交额 $785,843 ≥ 阈值 $500,000 | 成交量 818 手",US.MSTR,2026-05-06 08:03:43
US.MSTR260515C205000,MSTR 260515 205.00C,186.9,1731,783160.0,CALL,2026-05-15,205.0,2166,82.452,0.271978007,0.013097448,-0.436544432,0.101973166,10,100.0,US.MSTR,4.99,5.65,3.52,3.875,-0.09684323167469232,64821830049.9,"成交额 $783,160 ≥ 阈值 $500,000 | 成交量 1,731 手",US.MSTR,2026-05-06 08:03:43
US.MSTR260522C200000,MSTR 260522 200.00C,186.9,1014,766998.0,CALL,2026-05-22,200.0,826,77.224,0.376389655,0.012235815,-0.359854522,0.15252545,17,100.0,US.MSTR,7.9,9.2,6.45,6.8855,-0.07009095773140714,64821830049.9,"成交额 $766,998 ≥ 阈值 $500,000 | 成交量 1,014 手",US.MSTR,2026-05-06 08:03:43
US.MSTR260508P175000,MSTR 260508 175.00P,186.9,3195,766598.0,PUT,2026-05-08,175.0,1665,99.844,-0.214519866,0.017645353,-0.869308633,0.048334436,3,100.0,US.MSTR,2.5,3.05,1.92,3.4,-0.06367041198501876,64821830049.9,"成交额 $766,598 ≥ 阈值 $500,000 | 成交量 3,195 手",US.MSTR,2026-05-06 08:03:43
US.MSTR260508C160000,MSTR 260508 160.00C,186.9,267,742029.0,CALL,2026-05-08,160.0,2126,127.627,0.924062023,0.00675963,-0.485072476,0.023670266,3,100.0,US.MSTR,28.53,29.0,24.59,24.7661,0.1439272338148743,64821830049.9,"成交额 $742,029 ≥ 阈值 $500,000 | 成交量 267 手",US.MSTR,2026-05-06 08:03:43
US.MSTR260508P177500,MSTR 260508 177.50P,186.9,2289,714806.0,PUT,2026-05-08,177.5,1471,99.331,-0.263259512,0.019842173,-0.990980638,0.054071474,3,100.0,US.MSTR,2.84,3.9,2.55,4.25,-0.05029427501337617,64821830049.9,"成交额 $714,806 ≥ 阈值 $500,000 | 成交量 2,289 手",US.MSTR,2026-05-06 08:03:43
US.MSTR260618C250000,MSTR 260618 250.00C,186.9,1592,707790.0,CALL,2026-06-18,250.0,11125,77.513,0.175694178,0.005145406,-0.150619626,0.167431314,44,100.0,US.MSTR,5.61,5.61,4.0,4.2225,-0.33761369716425893,64821830049.9,"成交额 $707,790 ≥ 阈值 $500,000 | 成交量 1,592 手",US.MSTR,2026-05-06 08:03:43
US.MSTR260522C195000,MSTR 260522 195.00C,186.9,759,704103.0,CALL,2026-05-22,195.0,838,76.993,0.435082851,0.012725445,-0.373325011,0.158156749,17,100.0,US.MSTR,9.9,11.0,7.9,8.3918,-0.04333868378812196,64821830049.9,"成交额 $704,103 ≥ 阈值 $500,000 | 成交量 759 手",US.MSTR,2026-05-06 08:03:43
US.MSTR260508C167500,MSTR 260508 167.50C,186.9,345,690408.0,CALL,2026-05-08,167.5,13285,97.986,0.904675016,0.010439726,-0.457337795,0.028066087,3,100.0,US.MSTR,20.0,21.35,18.3,18.0514,0.10379882289994652,64821830049.9,"成交额 $690,408 ≥ 阈值 $500,000 | 成交量 345 手",US.MSTR,2026-05-06 08:03:43
US.MSTR260522C185000,MSTR 260522 185.00C,186.9,522,685575.0,CALL,2026-05-22,185.0,954,74.528,0.561332099,0.013165387,-0.364442171,0.158386337,17,100.0,US.MSTR,14.39,15.5,11.65,12.3905,0.010165864098448399,64821830049.9,"成交额 $685,575 ≥ 阈值 $500,000 | 成交量 522 手",US.MSTR,2026-05-06 08:03:43
US.MSTR260618C170000,MSTR 260618 170.00C,186.9,240,676244.0,CALL,2026-06-18,170.0,3328,72.884,0.69800897,0.007384508,-0.198857329,0.22595184,44,100.0,US.MSTR,29.82,30.11,26.24,26.4291,0.09042268592830394,64821830049.9,"成交额 $676,244 ≥ 阈值 $500,000 | 成交量 240 手",US.MSTR,2026-05-06 08:03:43
US.MSTR260618C210000,MSTR 260618 210.00C,186.9,599,653954.0,CALL,2026-06-18,210.0,2172,73.376,0.376841421,0.007988093,-0.212668794,0.246066892,44,100.0,US.MSTR,11.47,12.23,10.07,10.275,-0.1235955056179775,64821830049.9,"成交额 $653,954 ≥ 阈值 $500,000 | 成交量 599 手",US.MSTR,2026-05-06 08:03:43
US.MSTR260717C210000,MSTR 260717 210.00C,186.9,399,647921.0,CALL,2026-07-17,210.0,540,72.837,0.431284521,0.006461328,-0.170942135,0.328190843,73,100.0,US.MSTR,16.49,16.7,15.1,15.0867,-0.1235955056179775,64821830049.9,"成交额 $647,921 ≥ 阈值 $500,000 | 成交量 399 手",US.MSTR,2026-05-06 08:03:43
US.MSTR260515P180000,MSTR 260515 180.00P,186.9,937,615380.0,PUT,2026-05-15,180.0,4948,78.344,-0.35808695,0.015519308,-0.459887559,0.114740216,10,100.0,US.MSTR,6.55,7.55,5.9,7.975,-0.03691813804173358,64821830049.9,"成交额 $615,380 ≥ 阈值 $500,000 | 成交量 937 手",US.MSTR,2026-05-06 08:03:43
US.MSTR260529C195000,MSTR 260529 195.00C,186.9,570,613251.0,CALL,2026-05-29,195.0,492,73.197,0.452082218,0.011321516,-0.300562536,0.189287295,24,100.0,US.MSTR,11.45,12.5,9.55,10.1432,-0.04333868378812196,64821830049.9,"成交额 $613,251 ≥ 阈值 $500,000 | 成交量 570 手",US.MSTR,2026-05-06 08:03:43
US.MSTR260508P190000,MSTR 260508 190.00P,186.9,715,613094.0,PUT,2026-05-08,190.0,252,103.139,-0.552263905,0.023159529,-1.288866329,0.065510427,3,100.0,US.MSTR,8.5,10.24,7.25,10.8791,0.01658640984483678,64821830049.9,"成交额 $613,094 ≥ 阈值 $500,000 | 成交量 715 手",US.MSTR,2026-05-06 08:03:43
US.MSTR260515P185000,MSTR 260515 185.00P,186.9,650,578514.0,PUT,2026-05-15,185.0,471,78.806,-0.440144064,0.016301294,-0.488496355,0.121194516,10,100.0,US.MSTR,8.45,10.4,8.07,10.5498,-0.010165864098448399,64821830049.9,"成交额 $578,514 ≥ 阈值 $500,000 | 成交量 650 手",US.MSTR,2026-05-06 08:03:43
US.MSTR260618C220000,MSTR 260618 220.00C,186.9,643,557093.0,CALL,2026-06-18,220.0,3551,74.084,0.31225339,0.007372701,-0.199255553,0.229299481,44,100.0,US.MSTR,9.32,9.88,7.7,8.0315,-0.17710005350454786,64821830049.9,"成交额 $557,093 ≥ 阈值 $500,000 | 成交量 643 手",US.MSTR,2026-05-06 08:03:43
US.MSTR260618C185000,MSTR 260618 185.00C,186.9,277,553337.0,CALL,2026-06-18,185.0,1244,72.049,0.572700242,0.008403378,-0.218644988,0.254184523,44,100.0,US.MSTR,21.31,22.0,18.55,18.7411,0.010165864098448399,64821830049.9,"成交额 $553,337 ≥ 阈值 $500,000 | 成交量 277 手",US.MSTR,2026-05-06 08:03:43
US.MSTR260508P170000,MSTR 260508 170.00P,186.9,3981,549943.0,PUT,2026-05-08,170.0,5632,100.608,-0.133367052,0.012920225,-0.605381721,0.035662994,3,100.0,US.MSTR,1.17,1.83,1.03,2.07,-0.09042268592830394,64821830049.9,"成交额 $549,943 ≥ 阈值 $500,000 | 成交量 3,981 手",US.MSTR,2026-05-06 08:03:43
US.MSTR260508C205000,MSTR 260508 205.00C,186.9,2896,545549.0,CALL,2026-05-08,205.0,1210,109.747,0.184383369,0.014652987,-0.844047311,0.044122098,3,100.0,US.MSTR,2.5,3.03,1.4,1.7659,-0.09684323167469232,64821830049.9,"成交额 $545,549 ≥ 阈值 $500,000 | 成交量 2,896 手",US.MSTR,2026-05-06 08:03:43
US.MSTR260821C205000,MSTR 260821 205.00C,186.9,228,525458.0,CALL,2026-08-21,205.0,204,73.543,0.498208243,0.005338946,-0.145412217,0.405331663,108,100.0,US.MSTR,24.0,24.82,22.35,22.2557,-0.09684323167469232,64821830049.9,"成交额 $525,458 ≥ 阈值 $500,000 | 成交量 228 手",US.MSTR,2026-05-06 08:03:43
US.MU260508C600000,MU 260508 600.00C,640.2,15998,62813256.0,CALL,2026-05-08,600.0,12589,101.585,0.778912201,0.005151874,-3.154381755,0.1684639,3,100.0,US.MU,26.25,58.35,24.0,11.4031,0.06279287722586699,721975339450.2,"成交额 $62,813,256 ≥ 阈值 $500,000 | 成交量 15,998 手",US.MU,2026-05-06 08:03:49
US.MU260508C650000,MU 260508 650.00C,640.2,30101,49438841.0,CALL,2026-05-08,650.0,8865,102.398,0.452680732,0.006818467,-4.455580373,0.224749988,3,100.0,US.MU,7.6,25.16,6.25,2.6536,-0.015307716338644101,721975339450.2,"成交额 $49,438,841 ≥ 阈值 $500,000 | 成交量 30,101 手",US.MU,2026-05-06 08:03:49
US.MU260508C640000,MU 260508 640.00C,640.2,15780,34960299.0,CALL,2026-05-08,640.0,1315,101.937,0.520649026,0.006888626,-4.480185909,0.22604108,3,100.0,US.MU,10.15,30.55,9.17,3.5842,0.00031240237425811537,721975339450.2,"成交额 $34,960,299 ≥ 阈值 $500,000 | 成交量 15,780 手",US.MU,2026-05-06 08:03:49
US.MU260618C600000,MU 260618 600.00C,640.2,3896,33735974.0,CALL,2026-06-18,600.0,7230,80.942,0.650603914,0.002060548,-0.794449518,0.821543868,44,100.0,US.MU,70.9,100.0,68.75,52.575,0.06279287722586699,721975339450.2,"成交额 $33,735,974 ≥ 阈值 $500,000 | 成交量 3,896 手",US.MU,2026-05-06 08:03:49
US.MU260508C630000,MU 260508 630.00C,640.2,12518,31485861.0,CALL,2026-05-08,630.0,2092,100.731,0.590075389,0.006801811,-4.308524922,0.220549758,3,100.0,US.MU,12.0,36.35,12.0,4.85,0.015932521087160333,721975339450.2,"成交额 $31,485,861 ≥ 阈值 $500,000 | 成交量 12,518 手",US.MU,2026-05-06 08:03:49
US.MU260515C650000,MU 260515 650.00C,640.2,10524,31128009.0,CALL,2026-05-15,650.0,3839,88.697,0.490213517,0.004271837,-1.964886891,0.419791876,10,100.0,US.MU,18.0,38.55,16.76,9.2,-0.015307716338644101,721975339450.2,"成交额 $31,128,009 ≥ 阈值 $500,000 | 成交量 10,524 手",US.MU,2026-05-06 08:03:49
US.MU260515C600000,MU 260515 600.00C,640.2,5516,28960420.0,CALL,2026-05-15,600.0,7572,87.95,0.701097289,0.003749559,-1.701960147,0.365362061,10,100.0,US.MU,37.55,68.0,35.75,21.95,0.06279287722586699,721975339450.2,"成交额 $28,960,420 ≥ 阈值 $500,000 | 成交量 5,516 手",US.MU,2026-05-06 08:03:49
US.MU260717C700000,MU 260717 700.00C,640.2,4109,28522857.0,CALL,2026-07-17,700.0,3944,81.405,0.482554565,0.001711628,-0.66258725,1.140056288,73,100.0,US.MU,52.75,76.2,52.75,41.1395,-0.09340830990315518,721975339450.2,"成交额 $28,522,857 ≥ 阈值 $500,000 | 成交量 4,109 手",US.MU,2026-05-06 08:03:49
US.MU261016C600000,MU 261016 600.00C,640.2,1707,25251863.0,CALL,2026-10-16,600.0,2163,79.883,0.662470341,0.001066293,-0.409300309,1.567333557,164,100.0,US.MU,131.65,160.33,131.65,111.55,0.06279287722586699,721975339450.2,"成交额 $25,251,863 ≥ 阈值 $500,000 | 成交量 1,707 手",US.MU,2026-05-06 08:03:49
US.MU260515P600000,MU 260515 600.00P,640.2,11505,22311526.0,PUT,2026-05-15,600.0,146,87.004,-0.29757821,0.003783935,-1.622128055,0.364601267,10,100.0,US.MU,27.9,28.9,16.0,44.6276,-0.06279287722586699,721975339450.2,"成交额 $22,311,526 ≥ 阈值 $500,000 | 成交量 11,505 手",US.MU,2026-05-06 08:03:49
US.MU260618C700000,MU 260618 700.00C,640.2,4665,22288754.0,CALL,2026-06-18,700.0,3848,81.583,0.436871654,0.002175634,-0.840140757,0.874299945,44,100.0,US.MU,35.1,55.0,34.4,24.3,-0.09340830990315518,721975339450.2,"成交额 $22,288,754 ≥ 阈值 $500,000 | 成交量 4,665 手",US.MU,2026-05-06 08:03:49
US.MU260508C635000,MU 260508 635.00C,640.2,9191,21571938.0,CALL,2026-05-08,635.0,573,100.894,0.555316365,0.006902082,-4.395965945,0.224164902,3,100.0,US.MU,11.07,33.25,11.05,4.1809,0.008122461730709223,721975339450.2,"成交额 $21,571,938 ≥ 阈值 $500,000 | 成交量 9,191 手",US.MU,2026-05-06 08:03:49
US.MU260508P640000,MU 260508 640.00P,640.2,9298,21472447.0,PUT,2026-05-08,640.0,6,100.85,-0.479589565,0.006964967,-4.370535366,0.226038788,3,100.0,US.MU,39.22,39.22,18.5,66.6354,-0.00031240237425811537,721975339450.2,"成交额 $21,472,447 ≥ 阈值 $500,000 | 成交量 9,298 手",US.MU,2026-05-06 08:03:49
US.MU260508C620000,MU 260508 620.00C,640.2,7483,21036792.0,CALL,2026-05-08,620.0,2457,100.859,0.657838039,0.006418603,-4.036056801,0.208388009,3,100.0,US.MU,17.35,42.85,14.5,6.4798,0.03155263980006255,721975339450.2,"成交额 $21,036,792 ≥ 阈值 $500,000 | 成交量 7,483 手",US.MU,2026-05-06 08:03:49
US.MU260618C500000,MU 260618 500.00C,640.2,1320,20491124.0,CALL,2026-06-18,500.0,12372,83.342,0.844956824,0.001288486,-0.541307539,0.528932137,44,100.0,US.MU,132.0,168.39,129.5,105.5569,0.21899406435488916,721975339450.2,"成交额 $20,491,124 ≥ 阈值 $500,000 | 成交量 1,320 手",US.MU,2026-05-06 08:03:49
US.MU260618P1100000,MU 260618 1100.00P,640.2,435,20145226.0,PUT,2026-06-18,1100.0,0,90.751,-0.951666328,0.00069396,-0.17621384,0.215345981,44,100.0,US.MU,465.56,470.05,456.43,465.56,0.7182130584192439,721975339450.2,"成交额 $20,145,226 ≥ 阈值 $500,000 | 成交量 435 手",US.MU,2026-05-06 08:03:49
US.MU260508C700000,MU 260508 700.00C,640.2,36987,19970888.0,CALL,2026-05-08,700.0,2517,107.128,0.186699765,0.004416688,-2.850491852,0.152302753,3,100.0,US.MU,1.74,8.3,1.51,0.635,-0.09340830990315518,721975339450.2,"成交额 $19,970,888 ≥ 阈值 $500,000 | 成交量 36,987 手",US.MU,2026-05-06 08:03:49
US.MU260618C650000,MU 260618 650.00C,640.2,2957,19504916.0,CALL,2026-06-18,650.0,5352,80.926,0.540489269,0.002209732,-0.844897562,0.880850134,44,100.0,US.MU,50.9,74.66,48.28,35.925,-0.015307716338644101,721975339450.2,"成交额 $19,504,916 ≥ 阈值 $500,000 | 成交量 2,957 手",US.MU,2026-05-06 08:03:49
US.MU260717C640000,MU 260717 640.00C,640.2,2088,19372604.0,CALL,2026-07-17,640.0,1312,81.031,0.580000241,0.001686435,-0.651519981,1.118129927,73,100.0,US.MU,74.41,100.5,73.55,57.325,0.00031240237425811537,721975339450.2,"成交额 $19,372,604 ≥ 阈值 $500,000 | 成交量 2,088 手",US.MU,2026-05-06 08:03:49
US.MU260618C640000,MU 260618 640.00C,640.2,2632,18792885.0,CALL,2026-06-18,640.0,995,80.806,0.562278055,0.002197307,-0.838886313,0.874603591,44,100.0,US.MU,54.41,79.3,54.41,38.8,0.00031240237425811537,721975339450.2,"成交额 $18,792,885 ≥ 阈值 $500,000 | 成交量 2,632 手",US.MU,2026-05-06 08:03:49
US.MU260508C645000,MU 260508 645.00C,640.2,8550,18686831.0,CALL,2026-05-08,645.0,482,102.32,0.486481199,0.006868111,-4.494525245,0.226214304,3,100.0,US.MU,9.0,27.59,7.85,3.0988,-0.007497656982192993,721975339450.2,"成交额 $18,686,831 ≥ 阈值 $500,000 | 成交量 8,550 手",US.MU,2026-05-06 08:03:49
US.MU260508P635000,MU 260508 635.00P,640.2,8673,18642781.0,PUT,2026-05-08,635.0,18,100.574,-0.444687082,0.006925624,-4.320096114,0.224157102,3,100.0,US.MU,31.25,31.25,16.5,62.2211,-0.008122461730709223,721975339450.2,"成交额 $18,642,781 ≥ 阈值 $500,000 | 成交量 8,673 手",US.MU,2026-05-06 08:03:49
US.MU260508P630000,MU 260508 630.00P,640.2,9591,18489070.0,PUT,2026-05-08,630.0,56,100.513,-0.409866323,0.006817544,-4.237449512,0.220535225,3,100.0,US.MU,31.86,31.86,14.45,57.88,-0.015932521087160333,721975339450.2,"成交额 $18,489,070 ≥ 阈值 $500,000 | 成交量 9,591 手",US.MU,2026-05-06 08:03:49
US.MU260821C510000,MU 260821 510.00C,640.2,1079,18400315.0,CALL,2026-08-21,510.0,1448,80.627,0.777076623,0.001063185,-0.420242191,1.03826864,108,100.0,US.MU,160.32,186.25,157.72,130.2426,0.20337394564198694,721975339450.2,"成交额 $18,400,315 ≥ 阈值 $500,000 | 成交量 1,079 手",US.MU,2026-05-06 08:03:49
US.MU260515C550000,MU 260515 550.00C,640.2,2169,18163049.0,CALL,2026-05-15,550.0,9944,91.125,0.863255875,0.002283591,-1.108631768,0.230542675,10,100.0,US.MU,68.41,107.52,68.41,46.3384,0.14089347079037806,721975339450.2,"成交额 $18,163,049 ≥ 阈值 $500,000 | 成交量 2,169 手",US.MU,2026-05-06 08:03:49
US.MU260515C640000,MU 260515 640.00C,640.2,4725,16964610.0,CALL,2026-05-15,640.0,777,87.971,0.532382184,0.004294169,-1.946185721,0.418534387,10,100.0,US.MU,21.15,43.21,19.4,11.0,0.00031240237425811537,721975339450.2,"成交额 $16,964,610 ≥ 阈值 $500,000 | 成交量 4,725 手",US.MU,2026-05-06 08:03:49
US.MU260508C550000,MU 260508 550.00C,640.2,1979,16738004.0,CALL,2026-05-08,550.0,3194,111.128,0.944546254,0.001775833,-1.094662118,0.063523911,3,100.0,US.MU,60.3,100.93,60.16,36.7459,0.14089347079037806,721975339450.2,"成交额 $16,738,004 ≥ 阈值 $500,000 | 成交量 1,979 手",US.MU,2026-05-06 08:03:49
US.MU260515C700000,MU 260515 700.00C,640.2,11114,16536731.0,CALL,2026-05-15,700.0,3697,90.106,0.300807535,0.003670381,-1.71825745,0.366411785,10,100.0,US.MU,7.75,20.0,6.95,3.675,-0.09340830990315518,721975339450.2,"成交额 $16,536,731 ≥ 阈值 $500,000 | 成交量 11,114 手",US.MU,2026-05-06 08:03:49
US.MU260618C210000,MU 260618 210.00C,640.2,399,16481386.0,CALL,2026-06-18,210.0,1246,141.744,0.994181725,5.2592e-05,-0.078304499,0.036724133,44,100.0,US.MU,410.0,416.16,410.0,368.5493,0.6719775070290535,721975339450.2,"成交额 $16,481,386 ≥ 阈值 $500,000 | 成交量 399 手",US.MU,2026-05-06 08:03:49
US.MU260515C500000,MU 260515 500.00C,640.2,1224,16287119.0,CALL,2026-05-15,500.0,10707,98.704,0.946330537,0.001050175,-0.60017608,0.114841035,10,100.0,US.MU,113.61,151.0,113.37,83.5931,0.21899406435488916,721975339450.2,"成交额 $16,287,119 ≥ 阈值 $500,000 | 成交量 1,224 手",US.MU,2026-05-06 08:03:49
US.MU260717C600000,MU 260717 600.00C,640.2,1487,15998871.0,CALL,2026-07-17,600.0,4297,81.132,0.648074946,0.001599196,-0.623130149,1.061609761,73,100.0,US.MU,90.4,119.5,88.69,71.425,0.06279287722586699,721975339450.2,"成交额 $15,998,871 ≥ 阈值 $500,000 | 成交量 1,487 手",US.MU,2026-05-06 08:03:49
US.MU260508C625000,MU 260508 625.00C,640.2,5854,15411179.0,CALL,2026-05-08,625.0,1318,101.255,0.623930403,0.006606538,-4.211596677,0.215332395,3,100.0,US.MU,14.5,39.6,14.1,5.6026,0.023742580443611442,721975339450.2,"成交额 $15,411,179 ≥ 阈值 $500,000 | 成交量 5,854 手",US.MU,2026-05-06 08:03:49
US.MU260618C550000,MU 260618 550.00C,640.2,1274,15307682.0,CALL,2026-06-18,550.0,3713,81.61,0.756045295,0.001731621,-0.68621742,0.696082444,44,100.0,US.MU,96.11,131.07,96.11,75.6046,0.14089347079037806,721975339450.2,"成交额 $15,307,682 ≥ 阈值 $500,000 | 成交量 1,274 手",US.MU,2026-05-06 08:03:49
US.MU260515C620000,MU 260515 620.00C,640.2,3880,15283364.0,CALL,2026-05-15,620.0,2564,87.586,0.618464893,0.004135072,-1.861218424,0.401264461,10,100.0,US.MU,28.75,55.0,26.5,15.65,0.03155263980006255,721975339450.2,"成交额 $15,283,364 ≥ 阈值 $500,000 | 成交量 3,880 手",US.MU,2026-05-06 08:03:49
US.MU260717C800000,MU 260717 800.00C,640.2,3336,15153804.0,CALL,2026-07-17,800.0,635,82.332,0.343798368,0.001562399,-0.613390756,1.052497103,73,100.0,US.MU,32.05,49.0,32.05,23.7693,-0.24960949703217736,721975339450.2,"成交额 $15,153,804 ≥ 阈值 $500,000 | 成交量 3,336 手",US.MU,2026-05-06 08:03:49
US.MU260821C600000,MU 260821 600.00C,640.2,1235,14879384.0,CALL,2026-08-21,600.0,2046,80.123,0.652207375,0.001325236,-0.507288769,1.286100839,108,100.0,US.MU,106.84,138.45,105.85,88.425,0.06279287722586699,721975339450.2,"成交额 $14,879,384 ≥ 阈值 $500,000 | 成交量 1,235 手",US.MU,2026-05-06 08:03:49
US.MU260515C450000,MU 260515 450.00C,640.2,779,14417495.0,CALL,2026-05-15,450.0,5632,118.134,0.972393062,0.000510655,-0.418918013,0.066837523,10,100.0,US.MU,160.75,198.53,160.0,129.1264,0.29709465791940026,721975339450.2,"成交额 $14,417,495 ≥ 阈值 $500,000 | 成交量 779 手",US.MU,2026-05-06 08:03:49
US.MU260618C630000,MU 260618 630.00C,640.2,2019,14414478.0,CALL,2026-06-18,630.0,2736,80.777,0.584313199,0.002175384,-0.831164894,0.865565863,44,100.0,US.MU,58.8,84.0,56.65,41.925,0.015932521087160333,721975339450.2,"成交额 $14,414,478 ≥ 阈值 $500,000 | 成交量 2,019 手",US.MU,2026-05-06 08:03:49
US.MU260515C630000,MU 260515 630.00C,640.2,3568,13763388.0,CALL,2026-05-15,630.0,1522,87.767,0.575442117,0.004240916,-1.915365209,0.41238723,10,100.0,US.MU,25.05,48.46,23.75,13.15,0.015932521087160333,721975339450.2,"成交额 $13,763,388 ≥ 阈值 $500,000 | 成交量 3,568 手",US.MU,2026-05-06 08:03:49
US.MU260508P650000,MU 260508 650.00P,640.2,4825,13754858.0,PUT,2026-05-08,650.0,20,102.203,-0.547572405,0.00683354,-4.383832599,0.224720929,3,100.0,US.MU,44.9,47.47,23.25,75.728,0.015307716338644101,721975339450.2,"成交额 $13,754,858 ≥ 阈值 $500,000 | 成交量 4,825 手",US.MU,2026-05-06 08:03:49
US.MU260515C660000,MU 260515 660.00C,640.2,4877,13609717.0,CALL,2026-05-15,660.0,826,88.492,0.448337268,0.004247056,-1.940707934,0.416391435,10,100.0,US.MU,14.8,34.8,14.35,7.7,-0.03092783505154632,721975339450.2,"成交额 $13,609,717 ≥ 阈值 $500,000 | 成交量 4,877 手",US.MU,2026-05-06 08:03:49
US.MU260508C637500,MU 260508 637.50C,640.2,5894,13572093.0,CALL,2026-05-08,637.5,153,101.792,0.537887717,0.006876554,-4.459653151,0.225322802,3,100.0,US.MU,10.45,31.45,10.35,3.8826,0.0042174320524836694,721975339450.2,"成交额 $13,572,093 ≥ 阈值 $500,000 | 成交量 5,894 手",US.MU,2026-05-06 08:03:49
US.MU260508P600000,MU 260508 600.00P,640.2,15076,13514944.0,PUT,2026-05-08,600.0,414,101.257,-0.220462314,0.005160481,-3.078930384,0.168187911,3,100.0,US.MU,16.2,18.24,5.9,34.3862,-0.06279287722586699,721975339450.2,"成交额 $13,514,944 ≥ 阈值 $500,000 | 成交量 15,076 手",US.MU,2026-05-06 08:03:49
US.MU260508C642500,MU 260508 642.50C,640.2,5783,12826554.0,CALL,2026-05-08,642.5,188,102.223,0.503533057,0.006878308,-4.496554278,0.22633545,3,100.0,US.MU,9.95,29.0,8.5,3.3415,-0.003592627303967439,721975339450.2,"成交额 $12,826,554 ≥ 阈值 $500,000 | 成交量 5,783 手",US.MU,2026-05-06 08:03:49
US.MU260515C645000,MU 260515 645.00C,640.2,3627,12783784.0,CALL,2026-05-15,645.0,0,88.133,0.511037395,0.004298823,-1.954005974,0.419757707,10,100.0,US.MU,20.55,40.88,20.5,20.55,-0.007497656982192993,721975339450.2,"成交额 $12,783,784 ≥ 阈值 $500,000 | 成交量 3,627 手",US.MU,2026-05-06 08:03:49
US.MU260508P620000,MU 260508 620.00P,640.2,8288,12559430.0,PUT,2026-05-08,620.0,25,100.618,-0.341927449,0.006433138,-3.964294269,0.208328641,3,100.0,US.MU,25.78,28.54,11.0,49.4915,-0.03155263980006255,721975339450.2,"成交额 $12,559,430 ≥ 阈值 $500,000 | 成交量 8,288 手",US.MU,2026-05-06 08:03:49
US.MU260508C610000,MU 260508 610.00C,640.2,3882,12454819.0,CALL,2026-05-08,610.0,1940,101.361,0.721067479,0.005842597,-3.648146488,0.190630587,3,100.0,US.MU,21.25,50.49,19.6,8.5909,0.04717275851296476,721975339450.2,"成交额 $12,454,819 ≥ 阈值 $500,000 | 成交量 3,882 手",US.MU,2026-05-06 08:03:49
US.MU260508P645000,MU 260508 645.00P,640.2,4960,12446720.0,PUT,2026-05-08,645.0,9,100.796,-0.514351069,0.006973695,-4.36490577,0.226187131,3,100.0,US.MU,36.05,36.05,20.85,71.1614,0.007497656982192993,721975339450.2,"成交额 $12,446,720 ≥ 阈值 $500,000 | 成交量 4,960 手",US.MU,2026-05-06 08:03:49
US.MU260618C580000,MU 260618 580.00C,640.2,1224,12436565.0,CALL,2026-06-18,580.0,2876,81.043,0.694092569,0.00194999,-0.756708557,0.778427161,44,100.0,US.MU,80.0,111.08,78.62,60.9,0.09403311465167141,721975339450.2,"成交额 $12,436,565 ≥ 阈值 $500,000 | 成交量 1,224 手",US.MU,2026-05-06 08:03:49
US.MU260508C647500,MU 260508 647.50C,640.2,5511,11938079.0,CALL,2026-05-08,647.5,214,101.566,0.468995825,0.0069022,-4.444818624,0.225660298,3,100.0,US.MU,8.2,26.44,8.0,2.8762,-0.011402686660418547,721975339450.2,"成交额 $11,938,079 ≥ 阈值 $500,000 | 成交量 5,511 手",US.MU,2026-05-06 08:03:49
US.MU260515C560000,MU 260515 560.00C,640.2,1483,11809208.0,CALL,2026-05-15,560.0,2492,89.814,0.838144319,0.00259317,-1.224078566,0.25803028,10,100.0,US.MU,65.0,98.05,62.0,40.3185,0.12527335207747586,721975339450.2,"成交额 $11,809,208 ≥ 阈值 $500,000 | 成交量 1,483 手",US.MU,2026-05-06 08:03:49
US.MU260717C760000,MU 260717 760.00C,640.2,2071,11370147.0,CALL,2026-07-17,760.0,188,81.896,0.395106957,0.001643767,-0.640495718,1.101460622,73,100.0,US.MU,39.63,58.05,39.63,29.5379,-0.18712902218056848,721975339450.2,"成交额 $11,370,147 ≥ 阈值 $500,000 | 成交量 2,071 手",US.MU,2026-05-06 08:03:49
US.MU260515C580000,MU 260515 580.00C,640.2,1771,11238713.0,CALL,2026-05-15,580.0,2721,88.413,0.77600503,0.003214515,-1.472953757,0.314872842,10,100.0,US.MU,49.88,80.97,47.05,30.2,0.09403311465167141,721975339450.2,"成交额 $11,238,713 ≥ 阈值 $500,000 | 成交量 1,771 手",US.MU,2026-05-06 08:03:49
US.MU260918C600000,MU 260918 600.00C,640.2,805,11204256.0,CALL,2026-09-18,600.0,3723,79.319,0.65684988,0.001186817,-0.447603229,1.436194333,136,100.0,US.MU,122.45,149.85,119.0,99.875,0.06279287722586699,721975339450.2,"成交额 $11,204,256 ≥ 阈值 $500,000 | 成交量 805 手",US.MU,2026-05-06 08:03:49
US.MU261120P630000,MU 261120 630.00P,640.2,804,10618748.0,PUT,2026-11-20,630.0,44,78.143,-0.366317586,0.001031907,-0.320431601,1.777759194,199,100.0,US.MU,132.2,133.08,131.2,153.3955,-0.015932521087160333,721975339450.2,"成交额 $10,618,748 ≥ 阈值 $500,000 | 成交量 804 手",US.MU,2026-05-06 08:03:49
US.MU260918C450000,MU 260918 450.00C,640.2,459,10423097.0,CALL,2026-09-18,450.0,2575,80.614,0.83894807,0.000776041,-0.313956654,0.954402362,136,100.0,US.MU,203.72,237.45,203.72,175.5135,0.29709465791940026,721975339450.2,"成交额 $10,423,097 ≥ 阈值 $500,000 | 成交量 459 手",US.MU,2026-05-06 08:03:49
US.MU260508C632500,MU 260508 632.50C,640.2,4213,10312926.0,CALL,2026-05-08,632.5,234,100.912,0.572681824,0.006852017,-4.361738491,0.222577266,3,100.0,US.MU,13.75,34.0,12.65,4.5,0.012027491408934778,721975339450.2,"成交额 $10,312,926 ≥ 阈值 $500,000 | 成交量 4,213 手",US.MU,2026-05-06 08:03:49
US.MU260618C800000,MU 260618 800.00C,640.2,3885,10237426.0,CALL,2026-06-18,800.0,3629,83.288,0.270178705,0.001789315,-0.71306196,0.734054157,44,100.0,US.MU,16.7,29.08,16.0,11.1,-0.24960949703217736,721975339450.2,"成交额 $10,237,426 ≥ 阈值 $500,000 | 成交量 3,885 手",US.MU,2026-05-06 08:03:49
US.MU260508C615000,MU 260508 615.00C,640.2,3577,9825216.0,CALL,2026-05-08,615.0,949,100.827,0.690506135,0.006162692,-3.843044735,0.200016853,3,100.0,US.MU,17.8,45.2,17.8,7.4903,0.03936269915651366,721975339450.2,"成交额 $9,825,216 ≥ 阈值 $500,000 | 成交量 3,577 手",US.MU,2026-05-06 08:03:49
US.MU260821C650000,MU 260821 650.00C,640.2,895,9740344.0,CALL,2026-08-21,650.0,846,80.093,0.582164814,0.001400744,-0.531943316,1.358872789,108,100.0,US.MU,86.75,113.9,86.75,71.1055,-0.015307716338644101,721975339450.2,"成交额 $9,740,344 ≥ 阈值 $500,000 | 成交量 895 手",US.MU,2026-05-06 08:03:49
US.MU260618C450000,MU 260618 450.00C,640.2,479,9491410.0,CALL,2026-06-18,450.0,8122,85.641,0.911576037,0.000843198,-0.384547406,0.35568498,44,100.0,US.MU,177.84,211.07,177.84,142.6506,0.29709465791940026,721975339450.2,"成交额 $9,491,410 ≥ 阈值 $500,000 | 成交量 479 手",US.MU,2026-05-06 08:03:49
US.MU260717C650000,MU 260717 650.00C,640.2,1045,9124606.0,CALL,2026-07-17,650.0,1209,81.119,0.563279932,0.001697628,-0.656359041,1.126765891,73,100.0,US.MU,70.45,96.25,69.95,54.25,-0.015307716338644101,721975339450.2,"成交额 $9,124,606 ≥ 阈值 $500,000 | 成交量 1,045 手",US.MU,2026-05-06 08:03:49
US.MU260918C620000,MU 260918 620.00C,640.2,702,9028274.0,CALL,2026-09-18,620.0,917,79.281,0.63158516,0.001217552,-0.457370211,1.472691646,136,100.0,US.MU,113.25,137.95,113.03,92.4819,0.03155263980006255,721975339450.2,"成交额 $9,028,274 ≥ 阈值 $500,000 | 成交量 702 手",US.MU,2026-05-06 08:03:49
US.MU260515P650000,MU 260515 650.00P,640.2,2252,8821312.0,PUT,2026-05-15,650.0,30,87.191,-0.511230684,0.004349811,-1.869651603,0.419691146,10,100.0,US.MU,60.1,60.1,36.55,81.9165,0.015307716338644101,721975339450.2,"成交额 $8,821,312 ≥ 阈值 $500,000 | 成交量 2,252 手",US.MU,2026-05-06 08:03:49
US.MU260515C520000,MU 260515 520.00C,640.2,800,8742771.0,CALL,2026-05-15,520.0,4934,95.419,0.920761974,0.001469524,-0.781946585,0.155347798,10,100.0,US.MU,96.5,132.15,95.42,67.3557,0.1877538269290847,721975339450.2,"成交额 $8,742,771 ≥ 阈值 $500,000 | 成交量 800 手",US.MU,2026-05-06 08:03:49
US.MU260508P610000,MU 260508 610.00P,640.2,7035,8703885.0,PUT,2026-05-08,610.0,42,99.901,-0.276533272,0.005903523,-3.517806501,0.189823979,3,100.0,US.MU,24.0,24.0,8.11,41.5872,-0.04717275851296476,721975339450.2,"成交额 $8,703,885 ≥ 阈值 $500,000 | 成交量 7,035 手",US.MU,2026-05-06 08:03:49
US.MU260522C610000,MU 260522 610.00C,640.2,1374,8702507.0,CALL,2026-05-22,610.0,1451,86.287,0.641433594,0.003146133,-1.368693918,0.51415029,17,100.0,US.MU,43.75,70.0,41.85,27.0584,0.04717275851296476,721975339450.2,"成交额 $8,702,507 ≥ 阈值 $500,000 | 成交量 1,374 手",US.MU,2026-05-06 08:03:49
US.MU260515C635000,MU 260515 635.00C,640.2,2354,8652021.0,CALL,2026-05-15,635.0,0,87.79,0.553878777,0.004277809,-1.932051999,0.416082957,10,100.0,US.MU,23.9,44.35,23.38,23.9,0.008122461730709223,721975339450.2,"成交额 $8,652,021 ≥ 阈值 $500,000 | 成交量 2,354 手",US.MU,2026-05-06 08:03:49
US.MU260918C700000,MU 260918 700.00C,640.2,858,8601404.0,CALL,2026-09-18,700.0,938,79.291,0.533951091,0.001283458,-0.477606369,1.552593626,136,100.0,US.MU,85.05,108.3,83.5,68.3,-0.09340830990315518,721975339450.2,"成交额 $8,601,404 ≥ 阈值 $500,000 | 成交量 858 手",US.MU,2026-05-06 08:03:49
US.MU260508C580000,MU 260508 580.00C,640.2,1568,8534057.0,CALL,2026-05-08,580.0,2519,104.093,0.868579684,0.003608971,-2.177756034,0.120923484,3,100.0,US.MU,38.35,75.0,37.3,19.0374,0.09403311465167141,721975339450.2,"成交额 $8,534,057 ≥ 阈值 $500,000 | 成交量 1,568 手",US.MU,2026-05-06 08:03:49
US.MU260522C642500,MU 260522 642.50C,640.2,2226,8459663.0,CALL,2026-05-22,642.5,1,86.255,0.532839961,0.003349361,-1.449974458,0.547166353,17,100.0,US.MU,32.44,50.7,32.26,17.8293,-0.003592627303967439,721975339450.2,"成交额 $8,459,663 ≥ 阈值 $500,000 | 成交量 2,226 手",US.MU,2026-05-06 08:03:49
US.MU260717P700000,MU 260717 700.00P,640.2,657,8289606.0,PUT,2026-07-17,700.0,14,80.787,-0.520769247,0.001739159,-0.595109675,1.138714357,73,100.0,US.MU,136.38,136.38,121.3,159.4308,0.09340830990315518,721975339450.2,"成交额 $8,289,606 ≥ 阈值 $500,000 | 成交量 657 手",US.MU,2026-05-06 08:03:49
US.MU260508C680000,MU 260508 680.00C,640.2,9527,8255490.0,CALL,2026-05-08,680.0,2237,105.077,0.274904574,0.005595984,-3.669602321,0.189277017,3,100.0,US.MU,3.05,13.19,2.92,1.1073,-0.062168072477350754,721975339450.2,"成交额 $8,255,490 ≥ 阈值 $500,000 | 成交量 9,527 手",US.MU,2026-05-06 08:03:49
US.MU260717C550000,MU 260717 550.00C,640.2,607,8179988.0,CALL,2026-07-17,550.0,4588,81.614,0.731923542,0.00141124,-0.561973342,0.942392158,73,100.0,US.MU,115.65,147.0,114.3,93.6752,0.14089347079037806,721975339450.2,"成交额 $8,179,988 ≥ 阈值 $500,000 | 成交量 607 手",US.MU,2026-05-06 08:03:49
US.MU260515P620000,MU 260515 620.00P,640.2,2934,7982353.0,PUT,2026-05-15,620.0,35,86.954,-0.38126833,0.004166518,-1.787544733,0.401145729,10,100.0,US.MU,38.3,38.3,23.0,58.3378,-0.03155263980006255,721975339450.2,"成交额 $7,982,353 ≥ 阈值 $500,000 | 成交量 2,934 手",US.MU,2026-05-06 08:03:49
US.MU260515P580000,MU 260515 580.00P,640.2,5716,7837818.0,PUT,2026-05-15,580.0,2331,88.374,-0.223998616,0.003216643,-1.415453527,0.314861415,10,100.0,US.MU,19.0,20.95,10.9,32.8747,-0.09403311465167141,721975339450.2,"成交额 $7,837,818 ≥ 阈值 $500,000 | 成交量 5,716 手",US.MU,2026-05-06 08:03:49
US.MU260508C560000,MU 260508 560.00C,640.2,1118,7727176.0,CALL,2026-05-08,560.0,1159,108.595,0.925322203,0.002289967,-1.39834611,0.080047346,3,100.0,US.MU,58.6,90.23,53.54,30.1467,0.12527335207747586,721975339450.2,"成交额 $7,727,176 ≥ 阈值 $500,000 | 成交量 1,118 手",US.MU,2026-05-06 08:03:49
US.MU260508P625000,MU 260508 625.00P,640.2,4375,7689581.0,PUT,2026-05-08,625.0,62,100.33,-0.375328648,0.006664335,-4.109038878,0.215193125,3,100.0,US.MU,28.99,31.62,12.8,53.6231,-0.023742580443611442,721975339450.2,"成交额 $7,689,581 ≥ 阈值 $500,000 | 成交量 4,375 手",US.MU,2026-05-06 08:03:49
US.MU260508C660000,MU 260508 660.00C,640.2,5434,7636601.0,CALL,2026-05-08,660.0,1688,103.176,0.388098625,0.006545143,-4.296298754,0.217379681,3,100.0,US.MU,5.45,20.5,5.1,1.963,-0.03092783505154632,721975339450.2,"成交额 $7,636,601 ≥ 阈值 $500,000 | 成交量 5,434 手",US.MU,2026-05-06 08:03:49
US.MU260508C590000,MU 260508 590.00C,640.2,1657,7632308.0,CALL,2026-05-08,590.0,1946,103.022,0.827198184,0.004374791,-2.676249952,0.145076715,3,100.0,US.MU,32.15,66.65,30.2,14.8568,0.0784129959387692,721975339450.2,"成交额 $7,632,308 ≥ 阈值 $500,000 | 成交量 1,657 手",US.MU,2026-05-06 08:03:49
US.MU260918C650000,MU 260918 650.00C,640.2,632,7614536.0,CALL,2026-09-18,650.0,1125,79.308,0.594232956,0.001251757,-0.468618625,1.514568037,136,100.0,US.MU,101.32,128.5,100.47,82.55,-0.015307716338644101,721975339450.2,"成交额 $7,614,536 ≥ 阈值 $500,000 | 成交量 632 手",US.MU,2026-05-06 08:03:49
US.MU260618P550000,MU 260618 550.00P,640.2,2443,7225826.0,PUT,2026-06-18,550.0,2739,80.696,-0.242875393,0.001748913,-0.624676138,0.69434229,44,100.0,US.MU,35.32,35.6,27.89,46.1,-0.14089347079037806,721975339450.2,"成交额 $7,225,826 ≥ 阈值 $500,000 | 成交量 2,443 手",US.MU,2026-05-06 08:03:49
US.MU260515C460000,MU 260515 460.00C,640.2,401,7188942.0,CALL,2026-05-15,460.0,4662,114.802,0.96790297,0.000595455,-0.46017972,0.075737845,10,100.0,US.MU,155.05,190.68,155.05,119.6452,0.281474539206498,721975339450.2,"成交额 $7,188,942 ≥ 阈值 $500,000 | 成交量 401 手",US.MU,2026-05-06 08:03:49
US.MU260618C400000,MU 260618 400.00C,640.2,296,7059504.0,CALL,2026-06-18,400.0,33514,91.478,0.951073151,0.000499269,-0.269048246,0.224961469,44,100.0,US.MU,221.0,254.57,221.0,185.3969,0.3751952514839113,721975339450.2,"成交额 $7,059,504 ≥ 阈值 $500,000 | 成交量 296 手",US.MU,2026-05-06 08:03:49
US.MU260618C620000,MU 260618 620.00C,640.2,934,7021918.0,CALL,2026-06-18,620.0,1473,80.836,0.60645236,0.002144012,-0.821638596,0.853701447,44,100.0,US.MU,62.48,89.25,60.82,45.25,0.03155263980006255,721975339450.2,"成交额 $7,021,918 ≥ 阈值 $500,000 | 成交量 934 手",US.MU,2026-05-06 08:03:49
US.MU260508P637500,MU 260508 637.50P,640.2,3141,7003013.0,PUT,2026-05-08,637.5,3,100.588,-0.462157027,0.006960641,-4.345145813,0.225316548,3,100.0,US.MU,27.0,27.1,17.64,64.4279,-0.0042174320524836694,721975339450.2,"成交额 $7,003,013 ≥ 阈值 $500,000 | 成交量 3,141 手",US.MU,2026-05-06 08:03:49
US.MU260717C500000,MU 260717 500.00C,640.2,413,6892265.0,CALL,2026-07-17,500.0,4335,82.168,0.809632661,0.001155923,-0.473394411,0.777123004,73,100.0,US.MU,144.52,181.7,144.52,121.3248,0.21899406435488916,721975339450.2,"成交额 $6,892,265 ≥ 阈值 $500,000 | 成交量 413 手",US.MU,2026-05-06 08:03:49
US.MU260508C670000,MU 260508 670.00C,640.2,6256,6744798.0,CALL,2026-05-08,670.0,2777,103.836,0.328050185,0.006132533,-4.010722972,0.204977356,3,100.0,US.MU,4.0,16.48,4.0,1.4737,-0.046547953764448535,721975339450.2,"成交额 $6,744,798 ≥ 阈值 $500,000 | 成交量 6,256 手",US.MU,2026-05-06 08:03:49
US.MU261120C650000,MU 261120 650.00C,640.2,451,6734343.0,CALL,2026-11-20,650.0,758,78.933,0.617608582,0.001022613,-0.382830018,1.802872304,199,100.0,US.MU,133.0,152.8,133.0,105.8508,-0.015307716338644101,721975339450.2,"成交额 $6,734,343 ≥ 阈值 $500,000 | 成交量 451 手",US.MU,2026-05-06 08:03:49
US.MU260618C750000,MU 260618 750.00C,640.2,1932,6671985.0,CALL,2026-06-18,750.0,2217,82.27,0.345643884,0.002019224,-0.788805098,0.818266858,44,100.0,US.MU,24.21,40.0,23.56,16.45,-0.17150890346766628,721975339450.2,"成交额 $6,671,985 ≥ 阈值 $500,000 | 成交量 1,932 手",US.MU,2026-05-06 08:03:49
US.MU260618P580000,MU 260618 580.00P,640.2,1638,6586588.0,PUT,2026-06-18,580.0,469,80.275,-0.305660517,0.001971045,-0.694407986,0.778023548,44,100.0,US.MU,49.59,49.59,38.12,61.3267,-0.09403311465167141,721975339450.2,"成交额 $6,586,588 ≥ 阈值 $500,000 | 成交量 1,638 手",US.MU,2026-05-06 08:03:49
US.MU260618C520000,MU 260618 520.00C,640.2,472,6582977.0,CALL,2026-06-18,520.0,6391,82.342,0.812322223,0.001473684,-0.600025442,0.597702341,44,100.0,US.MU,116.35,153.42,115.0,92.6706,0.1877538269290847,721975339450.2,"成交额 $6,582,977 ≥ 阈值 $500,000 | 成交量 472 手",US.MU,2026-05-06 08:03:49
US.MU260717C400000,MU 260717 400.00C,640.2,257,6449752.0,CALL,2026-07-17,400.0,2654,86.339,0.923758913,0.000580379,-0.276208126,0.409984583,73,100.0,US.MU,231.24,261.25,231.24,193.6905,0.3751952514839113,721975339450.2,"成交额 $6,449,752 ≥ 阈值 $500,000 | 成交量 257 手",US.MU,2026-05-06 08:03:49
US.MU260515C400000,MU 260515 400.00C,640.2,273,6445145.0,CALL,2026-05-15,400.0,3604,133.687,0.987904715,0.000223488,-0.242689845,0.033104506,10,100.0,US.MU,216.5,250.0,216.5,177.8023,0.3751952514839113,721975339450.2,"成交额 $6,445,145 ≥ 阈值 $500,000 | 成交量 273 手",US.MU,2026-05-06 08:03:49
US.MU260918C910000,MU 260918 910.00C,640.2,1223,6328045.0,CALL,2026-09-18,910.0,5140,80.458,0.328728734,0.001150571,-0.43422035,1.412290884,136,100.0,US.MU,50.4,54.74,48.8,31.8078,-0.42143080287410173,721975339450.2,"成交额 $6,328,045 ≥ 阈值 $500,000 | 成交量 1,223 手",US.MU,2026-05-06 08:03:49
US.MU260515C590000,MU 260515 590.00C,640.2,1097,6282621.0,CALL,2026-05-15,590.0,1456,88.035,0.739988151,0.003500528,-1.591366888,0.341421788,10,100.0,US.MU,43.65,75.0,41.83,25.725,0.0784129959387692,721975339450.2,"成交额 $6,282,621 ≥ 阈值 $500,000 | 成交量 1,097 手",US.MU,2026-05-06 08:03:49
US.MU260522C700000,MU 260522 700.00C,640.2,2523,6211391.0,CALL,2026-05-22,700.0,460,87.346,0.354654024,0.003096035,-1.361766876,0.512167023,17,100.0,US.MU,14.7,29.6,14.0,8.225,-0.09340830990315518,721975339450.2,"成交额 $6,211,391 ≥ 阈值 $500,000 | 成交量 2,523 手",US.MU,2026-05-06 08:03:49
US.MU260717C620000,MU 260717 620.00C,640.2,632,6153872.0,CALL,2026-07-17,620.0,356,81.025,0.613930775,0.001650615,-0.639426187,1.094293949,73,100.0,US.MU,80.95,109.9,80.95,64.0,0.03155263980006255,721975339450.2,"成交额 $6,153,872 ≥ 阈值 $500,000 | 成交量 632 手",US.MU,2026-05-06 08:03:49
US.MU260508C540000,MU 260508 540.00C,640.2,650,6127295.0,CALL,2026-05-08,540.0,1993,114.551,0.958204611,0.001373988,-0.870905227,0.050664136,3,100.0,US.MU,71.75,112.65,71.75,44.1213,0.1565135895032803,721975339450.2,"成交额 $6,127,295 ≥ 阈值 $500,000 | 成交量 650 手",US.MU,2026-05-06 08:03:49
US.MU260508C617500,MU 260508 617.50C,640.2,2387,6100018.0,CALL,2026-05-08,617.5,254,101.68,0.673229291,0.006252652,-3.982366907,0.204653397,3,100.0,US.MU,19.3,45.0,17.03,6.985,0.0354576694782881,721975339450.2,"成交额 $6,100,018 ≥ 阈值 $500,000 | 成交量 2,387 手",US.MU,2026-05-06 08:03:49
US.MU260515C610000,MU 260515 610.00C,640.2,1266,6032778.0,CALL,2026-05-15,610.0,1218,87.742,0.660522392,0.003965046,-1.791474716,0.38544601,10,100.0,US.MU,33.23,60.95,30.55,18.6,0.04717275851296476,721975339450.2,"成交额 $6,032,778 ≥ 阈值 $500,000 | 成交量 1,266 手",US.MU,2026-05-06 08:03:49
US.MU260618C560000,MU 260618 560.00C,640.2,516,5997840.0,CALL,2026-06-18,560.0,1685,81.365,0.735978253,0.001810405,-0.711353914,0.725572566,44,100.0,US.MU,90.6,124.34,89.95,70.3542,0.12527335207747586,721975339450.2,"成交额 $5,997,840 ≥ 阈值 $500,000 | 成交量 516 手",US.MU,2026-05-06 08:03:49
US.MU260618C660000,MU 260618 660.00C,640.2,1011,5989527.0,CALL,2026-06-18,660.0,3337,81.31,0.519282741,0.00220809,-0.851054955,0.884379229,44,100.0,US.MU,46.48,69.9,45.25,33.275,-0.03092783505154632,721975339450.2,"成交额 $5,989,527 ≥ 阈值 $500,000 | 成交量 1,011 手",US.MU,2026-05-06 08:03:49
US.MU260508C627500,MU 260508 627.50C,640.2,2432,5976112.0,CALL,2026-05-08,627.5,829,101.032,0.607086477,0.006707402,-4.266584445,0.218139655,3,100.0,US.MU,14.4,35.5,13.3,5.2,0.019837550765385886,721975339450.2,"成交额 $5,976,112 ≥ 阈值 $500,000 | 成交量 2,432 手",US.MU,2026-05-06 08:03:49
US.MU260618C590000,MU 260618 590.00C,640.2,644,5958705.0,CALL,2026-06-18,590.0,827,80.983,0.672477245,0.002008803,-0.776765238,0.80131138,44,100.0,US.MU,75.2,105.03,74.05,56.625,0.0784129959387692,721975339450.2,"成交额 $5,958,705 ≥ 阈值 $500,000 | 成交量 644 手",US.MU,2026-05-06 08:03:49
US.MU260717C540000,MU 260717 540.00C,640.2,406,5920030.0,CALL,2026-07-17,540.0,729,81.746,0.74808318,0.001364505,-0.546433472,0.912648476,73,100.0,US.MU,120.65,153.75,120.1,98.6425,0.1565135895032803,721975339450.2,"成交额 $5,920,030 ≥ 阈值 $500,000 | 成交量 406 手",US.MU,2026-05-06 08:03:49
US.MU260618P600000,MU 260618 600.00P,640.2,1185,5901324.0,PUT,2026-06-18,600.0,180,80.028,-0.349568463,0.002088658,-0.729241272,0.821520455,44,100.0,US.MU,58.4,58.4,46.0,72.9651,-0.06279287722586699,721975339450.2,"成交额 $5,901,324 ≥ 阈值 $500,000 | 成交量 1,185 手",US.MU,2026-05-06 08:03:49
US.MU260508C500000,MU 260508 500.00C,640.2,438,5890417.0,CALL,2026-05-08,500.0,2332,141.033,0.979441503,0.000619392,-0.550031861,0.028120366,3,100.0,US.MU,113.47,150.0,110.33,78.8086,0.21899406435488916,721975339450.2,"成交额 $5,890,417 ≥ 阈值 $500,000 | 成交量 438 手",US.MU,2026-05-06 08:03:49
US.MU260515P645000,MU 260515 645.00P,640.2,1547,5875153.0,PUT,2026-05-15,645.0,0,87.81,-0.48938958,0.004318786,-1.885187851,0.419715525,10,100.0,US.MU,48.6,48.6,34.0,48.6,0.007497656982192993,721975339450.2,"成交额 $5,875,153 ≥ 阈值 $500,000 | 成交量 1,547 手",US.MU,2026-05-06 08:03:49
US.MU260508P632500,MU 260508 632.50P,640.2,2755,5739916.0,PUT,2026-05-08,632.5,5,100.587,-0.427261087,0.006875374,-4.285802549,0.222563817,3,100.0,US.MU,26.65,26.65,15.4,60.0351,-0.012027491408934778,721975339450.2,"成交额 $5,739,916 ≥ 阈值 $500,000 | 成交量 2,755 手",US.MU,2026-05-06 08:03:49
US.MU260618C530000,MU 260618 530.00C,640.2,429,5596727.0,CALL,2026-06-18,530.0,1993,82.25,0.793993074,0.001560987,-0.631885879,0.632408405,44,100.0,US.MU,110.8,145.93,109.75,86.7003,0.1721337082161825,721975339450.2,"成交额 $5,596,727 ≥ 阈值 $500,000 | 成交量 429 手",US.MU,2026-05-06 08:03:49
US.MU260515P610000,MU 260515 610.00P,640.2,2227,5573564.0,PUT,2026-05-15,610.0,16,86.672,-0.338401367,0.00401077,-1.70861041,0.384947522,10,100.0,US.MU,32.87,34.0,19.35,51.2818,-0.04717275851296476,721975339450.2,"成交额 $5,573,564 ≥ 阈值 $500,000 | 成交量 2,227 手",US.MU,2026-05-06 08:03:49
US.MU260717C630000,MU 260717 630.00C,640.2,583,5529870.0,CALL,2026-07-17,630.0,565,81.129,0.59697755,0.001668047,-0.646830579,1.10726725,73,100.0,US.MU,77.1,103.57,77.1,60.475,0.015932521087160333,721975339450.2,"成交额 $5,529,870 ≥ 阈值 $500,000 | 成交量 583 手",US.MU,2026-05-06 08:03:49
US.MU260515C480000,MU 260515 480.00C,640.2,337,5520770.0,CALL,2026-05-15,480.0,2520,108.442,0.956359642,0.00081013,-0.556728069,0.09733254,10,100.0,US.MU,132.94,170.8,132.15,101.1414,0.2502343017806936,721975339450.2,"成交额 $5,520,770 ≥ 阈值 $500,000 | 成交量 337 手",US.MU,2026-05-06 08:03:49
US.MU260717C610000,MU 260717 610.00C,640.2,527,5366225.0,CALL,2026-07-17,610.0,365,81.057,0.631000765,0.001627,-0.631753939,1.079059246,73,100.0,US.MU,88.88,114.9,85.53,67.575,0.04717275851296476,721975339450.2,"成交额 $5,366,225 ≥ 阈值 $500,000 | 成交量 527 手",US.MU,2026-05-06 08:03:49
US.MU260717C750000,MU 260717 750.00C,640.2,1006,5338130.0,CALL,2026-07-17,750.0,1261,81.962,0.409294923,0.00165744,-0.647365774,1.111514177,73,100.0,US.MU,41.6,60.32,40.95,31.3275,-0.17150890346766628,721975339450.2,"成交额 $5,338,130 ≥ 阈值 $500,000 | 成交量 1,006 手",US.MU,2026-05-06 08:03:49
US.MU260515C510000,MU 260515 510.00C,640.2,406,5282546.0,CALL,2026-05-15,510.0,5957,96.959,0.934750238,0.001246082,-0.685577412,0.133853982,10,100.0,US.MU,106.0,142.19,104.7,75.2432,0.20337394564198694,721975339450.2,"成交额 $5,282,546 ≥ 阈值 $500,000 | 成交量 406 手",US.MU,2026-05-06 08:03:49
US.MU260522C580000,MU 260522 580.00C,640.2,676,5265211.0,CALL,2026-05-22,580.0,463,86.837,0.736089746,0.002735059,-1.209588787,0.449815855,17,100.0,US.MU,59.1,88.04,57.46,38.9681,0.09403311465167141,721975339450.2,"成交额 $5,265,211 ≥ 阈值 $500,000 | 成交量 676 手",US.MU,2026-05-06 08:03:49
US.MU260515C470000,MU 260515 470.00C,640.2,315,5129060.0,CALL,2026-05-15,470.0,2882,105.731,0.969282744,0.000623473,-0.413747215,0.073036125,10,100.0,US.MU,146.7,183.07,142.43,110.3066,0.2658544204935958,721975339450.2,"成交额 $5,129,060 ≥ 阈值 $500,000 | 成交量 315 手",US.MU,2026-05-06 08:03:49
US.MU260515P630000,MU 260515 630.00P,640.2,1559,5067154.0,PUT,2026-05-15,630.0,4,87.17,-0.424635333,0.004272992,-1.841816638,0.412361466,10,100.0,US.MU,43.86,43.86,26.82,65.8454,-0.015932521087160333,721975339450.2,"成交额 $5,067,154 ≥ 阈值 $500,000 | 成交量 1,559 手",US.MU,2026-05-06 08:03:49
US.MU260522C635000,MU 260522 635.00C,640.2,1213,5060705.0,CALL,2026-05-22,635.0,836,86.199,0.557924914,0.003327442,-1.440069909,0.543229959,17,100.0,US.MU,32.92,55.6,32.92,19.6316,0.008122461730709223,721975339450.2,"成交额 $5,060,705 ≥ 阈值 $500,000 | 成交量 1,213 手",US.MU,2026-05-06 08:03:49
US.MU260717C470000,MU 260717 470.00C,640.2,259,5060059.0,CALL,2026-07-17,470.0,6130,82.98,0.85047377,0.00098023,-0.414137796,0.665504163,73,100.0,US.MU,167.05,202.5,167.05,140.6755,0.2658544204935958,721975339450.2,"成交额 $5,060,059 ≥ 阈值 $500,000 | 成交量 259 手",US.MU,2026-05-06 08:03:49
US.MU260508C520000,MU 260508 520.00C,640.2,485,5021838.0,CALL,2026-05-08,520.0,2402,132.367,0.966657964,0.000988656,-0.810947222,0.042125586,3,100.0,US.MU,93.64,128.38,87.68,60.6436,0.1877538269290847,721975339450.2,"成交额 $5,021,838 ≥ 阈值 $500,000 | 成交量 485 手",US.MU,2026-05-06 08:03:49
US.MU260918C900000,MU 260918 900.00C,640.2,968,5017813.0,CALL,2026-09-18,900.0,2425,80.419,0.336745552,0.001162168,-0.438393409,1.425831912,136,100.0,US.MU,42.3,57.83,42.0,32.925,-0.40581068416119953,721975339450.2,"成交额 $5,017,813 ≥ 阈值 $500,000 | 成交量 968 手",US.MU,2026-05-06 08:03:49
US.MU260618P500000,MU 260618 500.00P,640.2,2896,4930943.0,PUT,2026-06-18,500.0,2893,82.428,-0.153352461,0.001294038,-0.483789057,0.525086755,44,100.0,US.MU,19.65,20.19,15.4,26.2,-0.21899406435488916,721975339450.2,"成交额 $4,930,943 ≥ 阈值 $500,000 | 成交量 2,896 手",US.MU,2026-05-06 08:03:49
US.MU260508C575000,MU 260508 575.00C,640.2,770,4894514.0,CALL,2026-05-08,575.0,1297,105.766,0.884117464,0.003252229,-1.993253092,0.110722412,3,100.0,US.MU,42.05,76.05,42.05,21.5186,0.10184317400812253,721975339450.2,"成交额 $4,894,514 ≥ 阈值 $500,000 | 成交量 770 手",US.MU,2026-05-06 08:03:49
US.MU260508C665000,MU 260508 665.00C,640.2,3804,4892901.0,CALL,2026-05-08,665.0,574,102.899,0.356417543,0.00638588,-4.137106021,0.211519884,3,100.0,US.MU,4.8,17.76,4.33,1.7075,-0.03873789440799743,721975339450.2,"成交额 $4,892,901 ≥ 阈值 $500,000 | 成交量 3,804 手",US.MU,2026-05-06 08:03:49
US.MU260821C560000,MU 260821 560.00C,640.2,332,4851965.0,CALL,2026-08-21,560.0,440,80.208,0.708690576,0.001228835,-0.474902896,1.193812096,108,100.0,US.MU,143.88,157.4,142.55,105.193,0.12527335207747586,721975339450.2,"成交额 $4,851,965 ≥ 阈值 $500,000 | 成交量 332 手",US.MU,2026-05-06 08:03:49
US.MU260508C530000,MU 260508 530.00C,640.2,469,4799267.0,CALL,2026-05-08,530.0,1857,119.831,0.96671512,0.001090531,-0.737396663,0.042066185,3,100.0,US.MU,80.5,120.85,80.49,52.1453,0.1721337082161825,721975339450.2,"成交额 $4,799,267 ≥ 阈值 $500,000 | 成交量 469 手",US.MU,2026-05-06 08:03:49
US.MU260508P642500,MU 260508 642.50P,640.2,2029,4793307.0,PUT,2026-05-08,642.5,19,100.919,-0.496965399,0.006969331,-4.377074644,0.226327851,3,100.0,US.MU,32.0,32.04,19.85,68.8982,0.003592627303967439,721975339450.2,"成交额 $4,793,307 ≥ 阈值 $500,000 | 成交量 2,029 手",US.MU,2026-05-06 08:03:49
US.MU260618C610000,MU 260618 610.00C,640.2,603,4739269.0,CALL,2026-06-18,610.0,1125,80.862,0.628579247,0.002106447,-0.809120271,0.83901661,44,100.0,US.MU,67.95,91.52,65.2,48.75,0.04717275851296476,721975339450.2,"成交额 $4,739,269 ≥ 阈值 $500,000 | 成交量 603 手",US.MU,2026-05-06 08:03:49
US.MU260508C570000,MU 260508 570.00C,640.2,733,4660853.0,CALL,2026-05-08,570.0,1482,106.557,0.89975014,0.002908161,-1.775573803,0.099749199,3,100.0,US.MU,46.85,84.08,44.1,24.2883,0.10965323336457364,721975339450.2,"成交额 $4,660,853 ≥ 阈值 $500,000 | 成交量 733 手",US.MU,2026-05-06 08:03:49
US.MU260821C700000,MU 260821 700.00C,640.2,526,4643828.0,CALL,2026-08-21,700.0,759,80.267,0.515194357,0.001427059,-0.541200146,1.387414438,108,100.0,US.MU,72.3,95.56,72.3,57.2,-0.09340830990315518,721975339450.2,"成交额 $4,643,828 ≥ 阈值 $500,000 | 成交量 526 手",US.MU,2026-05-06 08:03:49
US.MU260508C535000,MU 260508 535.00C,640.2,490,4615184.0,CALL,2026-05-08,535.0,911,117.6,0.962239489,0.001232331,-0.813474753,0.046650412,3,100.0,US.MU,76.43,115.78,76.43,48.0709,0.16432364885973139,721975339450.2,"成交额 $4,615,184 ≥ 阈值 $500,000 | 成交量 490 手",US.MU,2026-05-06 08:03:49
US.MU260515C625000,MU 260515 625.00C,640.2,1049,4611877.0,CALL,2026-05-15,625.0,0,88.764,0.596515696,0.004144306,-1.914809988,0.40756812,10,100.0,US.MU,28.05,51.0,26.0,28.05,0.023742580443611442,721975339450.2,"成交额 $4,611,877 ≥ 阈值 $500,000 | 成交量 1,049 手",US.MU,2026-05-06 08:03:49
US.MU260515P640000,MU 260515 640.00P,640.2,1287,4604252.0,PUT,2026-05-15,640.0,7,86.803,-0.468191103,0.004356156,-1.859478283,0.418532431,10,100.0,US.MU,51.1,51.1,31.88,73.7051,-0.00031240237425811537,721975339450.2,"成交额 $4,604,252 ≥ 阈值 $500,000 | 成交量 1,287 手",US.MU,2026-05-06 08:03:49
US.MU260515C430000,MU 260515 430.00C,640.2,217,4570540.0,CALL,2026-05-15,430.0,2178,123.292,0.980753477,0.000361124,-0.326839543,0.049330671,10,100.0,US.MU,182.87,218.86,182.87,148.4033,0.32833489534520466,721975339450.2,"成交额 $4,570,540 ≥ 阈值 $500,000 | 成交量 217 手",US.MU,2026-05-06 08:03:49
US.MU260515C680000,MU 260515 680.00C,640.2,2132,4567166.0,CALL,2026-05-15,680.0,494,89.181,0.370198632,0.004022917,-1.857276645,0.397486887,10,100.0,US.MU,10.6,26.4,10.25,5.325,-0.062168072477350754,721975339450.2,"成交额 $4,567,166 ≥ 阈值 $500,000 | 成交量 2,132 手",US.MU,2026-05-06 08:03:49
US.MU260515C540000,MU 260515 540.00C,640.2,462,4559849.0,CALL,2026-05-15,540.0,12387,91.778,0.886851099,0.001986169,-0.977890574,0.201951245,10,100.0,US.MU,78.75,115.61,75.53,52.7695,0.1565135895032803,721975339450.2,"成交额 $4,559,849 ≥ 阈值 $500,000 | 成交量 462 手",US.MU,2026-05-06 08:03:49
US.MU260821C640000,MU 260821 640.00C,640.2,413,4540194.0,CALL,2026-08-21,640.0,334,80.057,0.59598094,0.001390202,-0.528167662,1.34804558,108,100.0,US.MU,92.0,118.75,92.0,74.3,0.00031240237425811537,721975339450.2,"成交额 $4,540,194 ≥ 阈值 $500,000 | 成交量 413 手",US.MU,2026-05-06 08:03:49
US.MU260529C700000,MU 260529 700.00C,640.2,1558,4488334.0,CALL,2026-05-29,700.0,354,82.881,0.380491651,0.002807343,-1.113304664,0.623558604,24,100.0,US.MU,18.35,36.55,18.35,11.675,-0.09340830990315518,721975339450.2,"成交额 $4,488,334 ≥ 阈值 $500,000 | 成交量 1,558 手",US.MU,2026-05-06 08:03:49
US.MU260618P830000,MU 260618 830.00P,640.2,203,4294225.0,PUT,2026-06-18,830.0,1,83.731,-0.772182909,0.001669721,-0.585477959,0.668446947,44,100.0,US.MU,218.0,218.0,208.05,259.4392,0.296469853170884,721975339450.2,"成交额 $4,294,225 ≥ 阈值 $500,000 | 成交量 203 手",US.MU,2026-05-06 08:03:49
US.MU260717C580000,MU 260717 580.00C,640.2,372,4282931.0,CALL,2026-07-17,580.0,3951,81.147,0.682117583,0.001536349,-0.601077131,1.020068511,73,100.0,US.MU,99.24,128.5,98.55,79.5672,0.09403311465167141,721975339450.2,"成交额 $4,282,931 ≥ 阈值 $500,000 | 成交量 372 手",US.MU,2026-05-06 08:03:49
US.MU260529C600000,MU 260529 600.00C,640.2,617,4254205.0,CALL,2026-05-29,600.0,987,82.036,0.664705574,0.002713643,-1.07033053,0.596605232,24,100.0,US.MU,50.75,81.02,50.75,36.075,0.06279287722586699,721975339450.2,"成交额 $4,254,205 ≥ 阈值 $500,000 | 成交量 617 手",US.MU,2026-05-06 08:03:49
US.MU260821C620000,MU 260821 620.00C,640.2,360,4081099.0,CALL,2026-08-21,620.0,285,80.025,0.623945707,0.001362717,-0.518778676,1.320863235,108,100.0,US.MU,100.55,125.15,100.0,81.05,0.03155263980006255,721975339450.2,"成交额 $4,081,099 ≥ 阈值 $500,000 | 成交量 360 手",US.MU,2026-05-06 08:03:49
US.MU260515C750000,MU 260515 750.00C,640.2,6318,4041230.0,CALL,2026-05-15,750.0,939,92.966,0.170355315,0.002589468,-1.262693482,0.266704934,10,100.0,US.MU,3.15,9.61,2.9,1.415,-0.17150890346766628,721975339450.2,"成交额 $4,041,230 ≥ 阈值 $500,000 | 成交量 6,318 手",US.MU,2026-05-06 08:03:49
US.MU260508C525000,MU 260508 525.00C,640.2,382,3980317.0,CALL,2026-05-08,525.0,1008,124.247,0.96850798,0.001004809,-0.724886419,0.040187671,3,100.0,US.MU,88.31,124.0,86.9,56.3446,0.1799437675726336,721975339450.2,"成交额 $3,980,317 ≥ 阈值 $500,000 | 成交量 382 手",US.MU,2026-05-06 08:03:49
US.MU260529C650000,MU 260529 650.00C,640.2,836,3894909.0,CALL,2026-05-29,650.0,485,82.044,0.517465927,0.002967408,-1.161550897,0.652467191,24,100.0,US.MU,31.34,55.57,31.34,20.84,-0.015307716338644101,721975339450.2,"成交额 $3,894,909 ≥ 阈值 $500,000 | 成交量 836 手",US.MU,2026-05-06 08:03:49
US.MU260508C655000,MU 260508 655.00C,640.2,2467,3807451.0,CALL,2026-05-08,655.0,314,102.07,0.41906886,0.006746633,-4.360183244,0.221670085,3,100.0,US.MU,6.4,22.5,6.01,2.3083,-0.02311777569509521,721975339450.2,"成交额 $3,807,451 ≥ 阈值 $500,000 | 成交量 2,467 手",US.MU,2026-05-06 08:03:49
US.MU260522C630000,MU 260522 630.00C,640.2,776,3801520.0,CALL,2026-05-22,630.0,433,86.413,0.574704671,0.003295622,-1.434251186,0.539373014,17,100.0,US.MU,35.2,58.4,34.92,20.9468,0.015932521087160333,721975339450.2,"成交额 $3,801,520 ≥ 阈值 $500,000 | 成交量 776 手",US.MU,2026-05-06 08:03:49
US.MU260508C675000,MU 260508 675.00C,640.2,3962,3793141.0,CALL,2026-05-08,675.0,1965,104.892,0.301576074,0.005856232,-3.870647759,0.197731589,3,100.0,US.MU,3.2,14.95,3.15,1.2895,-0.05435801312089964,721975339450.2,"成交额 $3,793,141 ≥ 阈值 $500,000 | 成交量 3,962 手",US.MU,2026-05-06 08:03:49
US.MU260522C650000,MU 260522 650.00C,640.2,893,3780562.0,CALL,2026-05-22,650.0,358,86.38,0.508002327,0.003355214,-1.455167407,0.548916912,17,100.0,US.MU,26.7,49.02,26.6,16.1131,-0.015307716338644101,721975339450.2,"成交额 $3,780,562 ≥ 阈值 $500,000 | 成交量 893 手",US.MU,2026-05-06 08:03:49
US.MU260522P610000,MU 260522 610.00P,640.2,1168,3764543.0,PUT,2026-05-22,610.0,1,85.605,-0.358291349,0.003172838,-1.29898653,0.513955963,17,100.0,US.MU,41.52,42.6,29.1,59.3246,-0.04717275851296476,721975339450.2,"成交额 $3,764,543 ≥ 阈值 $500,000 | 成交量 1,168 手",US.MU,2026-05-06 08:03:49
US.MU260717P600000,MU 260717 600.00P,640.2,550,3750158.0,PUT,2026-07-17,600.0,96,80.464,-0.3529108,0.001619771,-0.563107683,1.062406852,73,100.0,US.MU,76.6,76.8,64.65,89.979,-0.06279287722586699,721975339450.2,"成交额 $3,750,158 ≥ 阈值 $500,000 | 成交量 550 手",US.MU,2026-05-06 08:03:49
US.MU260918C610000,MU 260918 610.00C,640.2,281,3705752.0,CALL,2026-09-18,610.0,602,79.302,0.644197521,0.00120286,-0.452759474,1.455308553,136,100.0,US.MU,116.95,144.1,113.88,96.15,0.04717275851296476,721975339450.2,"成交额 $3,705,752 ≥ 阈值 $500,000 | 成交量 281 手",US.MU,2026-05-06 08:03:49
US.MU260618P480000,MU 260618 480.00P,640.2,2765,3702511.0,PUT,2026-06-18,480.0,1797,83.603,-0.124506588,0.001106781,-0.425899439,0.455578268,44,100.0,US.MU,16.07,16.07,12.05,20.325,-0.2502343017806936,721975339450.2,"成交额 $3,702,511 ≥ 阈值 $500,000 | 成交量 2,765 手",US.MU,2026-05-06 08:03:49
US.MU260618C570000,MU 260618 570.00C,640.2,338,3663698.0,CALL,2026-06-18,570.0,1806,81.256,0.715196432,0.001881924,-0.735705766,0.753231266,44,100.0,US.MU,86.88,116.36,85.9,65.5022,0.10965323336457364,721975339450.2,"成交额 $3,663,698 ≥ 阈值 $500,000 | 成交量 338 手",US.MU,2026-05-06 08:03:49
US.MU260821C500000,MU 260821 500.00C,640.2,202,3635299.0,CALL,2026-08-21,500.0,1879,80.715,0.790206489,0.001025361,-0.407384414,1.002412887,108,100.0,US.MU,163.46,194.75,159.92,135.8373,0.21899406435488916,721975339450.2,"成交额 $3,635,299 ≥ 阈值 $500,000 | 成交量 202 手",US.MU,2026-05-06 08:03:49
US.MU260508C585000,MU 260508 585.00C,640.2,733,3629962.0,CALL,2026-05-08,585.0,1568,100.915,0.854543648,0.003989226,-2.292744966,0.129583825,3,100.0,US.MU,35.85,69.44,33.28,16.918,0.08622305529522031,721975339450.2,"成交额 $3,629,962 ≥ 阈值 $500,000 | 成交量 733 手",US.MU,2026-05-06 08:03:49
US.MU260515C800000,MU 260515 800.00C,640.2,10229,3588029.0,CALL,2026-05-15,800.0,1880,96.963,0.094780854,0.001653217,-0.855052217,0.177596354,10,100.0,US.MU,1.27,4.73,1.23,0.555,-0.24960949703217736,721975339450.2,"成交额 $3,588,029 ≥ 阈值 $500,000 | 成交量 10,229 手",US.MU,2026-05-06 08:03:49
US.MU260717P520000,MU 260717 520.00P,640.2,999,3585254.0,PUT,2026-07-17,520.0,1691,81.214,-0.219872624,0.001276149,-0.457414388,0.846605757,73,100.0,US.MU,39.82,39.9,33.8,48.45,-0.1877538269290847,721975339450.2,"成交额 $3,585,254 ≥ 阈值 $500,000 | 成交量 999 手",US.MU,2026-05-06 08:03:49
US.MU260522C550000,MU 260522 550.00C,640.2,347,3584101.0,CALL,2026-05-22,550.0,813,88.359,0.816820466,0.002181648,-1.003340138,0.365083914,17,100.0,US.MU,75.55,114.75,75.55,54.4067,0.14089347079037806,721975339450.2,"成交额 $3,584,101 ≥ 阈值 $500,000 | 成交量 347 手",US.MU,2026-05-06 08:03:49
US.MU260508P615000,MU 260508 615.00P,640.2,2491,3582938.0,PUT,2026-05-08,615.0,15,100.695,-0.309344322,0.006170137,-3.776534204,0.199970136,3,100.0,US.MU,23.0,24.6,9.5,45.4938,-0.03936269915651366,721975339450.2,"成交额 $3,582,938 ≥ 阈值 $500,000 | 成交量 2,491 手",US.MU,2026-05-06 08:03:49
US.MU261016C680000,MU 261016 680.00C,640.2,277,3560907.0,CALL,2026-10-16,680.0,289,79.851,0.573477375,0.001144881,-0.434696866,1.68218186,164,100.0,US.MU,103.7,130.75,102.94,85.6,-0.062168072477350754,721975339450.2,"成交额 $3,560,907 ≥ 阈值 $500,000 | 成交量 277 手",US.MU,2026-05-06 08:03:49
US.MU260515C565000,MU 260515 565.00C,640.2,444,3556357.0,CALL,2026-05-15,565.0,567,89.263,0.82419613,0.002751527,-1.283561667,0.272108919,10,100.0,US.MU,60.32,90.67,58.77,37.5235,0.11746329272102474,721975339450.2,"成交额 $3,556,357 ≥ 阈值 $500,000 | 成交量 444 手",US.MU,2026-05-06 08:03:49
US.MU260618C680000,MU 260618 680.00C,640.2,656,3526976.0,CALL,2026-06-18,680.0,704,81.181,0.476837069,0.002210471,-0.847211459,0.883918815,44,100.0,US.MU,40.21,62.0,40.21,28.475,-0.062168072477350754,721975339450.2,"成交额 $3,526,976 ≥ 阈值 $500,000 | 成交量 656 手",US.MU,2026-05-06 08:03:49
US.MU260515C530000,MU 260515 530.00C,640.2,323,3524870.0,CALL,2026-05-15,530.0,2141,92.766,0.906788248,0.001706869,-0.858809819,0.175420804,10,100.0,US.MU,85.5,126.45,82.6,59.8162,0.1721337082161825,721975339450.2,"成交额 $3,524,870 ≥ 阈值 $500,000 | 成交量 323 手",US.MU,2026-05-06 08:03:49
US.MU260508C545000,MU 260508 545.00C,640.2,395,3467932.0,CALL,2026-05-08,545.0,1757,113.522,0.950873163,0.001578926,-1.000792743,0.057697352,3,100.0,US.MU,68.05,106.77,64.34,40.3993,0.1487035301468292,721975339450.2,"成交额 $3,467,932 ≥ 阈值 $500,000 | 成交量 395 手",US.MU,2026-05-06 08:03:49
US.MU260508P627500,MU 260508 627.50P,640.2,1775,3428217.0,PUT,2026-05-08,627.5,13,99.893,-0.39216733,0.006781467,-4.154685423,0.218017612,3,100.0,US.MU,29.0,29.0,13.72,55.7253,-0.019837550765385886,721975339450.2,"成交额 $3,428,217 ≥ 阈值 $500,000 | 成交量 1,775 手",US.MU,2026-05-06 08:03:49
US.MU260515C670000,MU 260515 670.00C,640.2,1459,3412193.0,CALL,2026-05-15,670.0,700,88.772,0.40825976,0.004156098,-1.906575842,0.408763742,10,100.0,US.MU,13.2,30.0,12.05,6.4,-0.046547953764448535,721975339450.2,"成交额 $3,412,193 ≥ 阈值 $500,000 | 成交量 1,459 手",US.MU,2026-05-06 08:03:49
US.MU260508C510000,MU 260508 510.00C,640.2,275,3400320.0,CALL,2026-05-08,510.0,1780,135.918,0.974423482,0.000772512,-0.650395234,0.033799563,3,100.0,US.MU,101.3,140.7,100.15,69.5525,0.20337394564198694,721975339450.2,"成交额 $3,400,320 ≥ 阈值 $500,000 | 成交量 275 手",US.MU,2026-05-06 08:03:49
US.MU260618C490000,MU 260618 490.00C,640.2,207,3379691.0,CALL,2026-06-18,490.0,1368,84.188,0.859255314,0.001195517,-0.514325584,0.495748502,44,100.0,US.MU,137.93,176.49,137.93,112.423,0.23461418306779136,721975339450.2,"成交额 $3,379,691 ≥ 阈值 $500,000 | 成交量 207 手",US.MU,2026-05-06 08:03:49
US.MU260522C645000,MU 260522 645.00C,640.2,725,3373951.0,CALL,2026-05-22,645.0,49,86.32,0.524542842,0.003351898,-1.452712772,0.547988253,17,100.0,US.MU,38.2,50.4,38.2,17.2565,-0.007497656982192993,721975339450.2,"成交额 $3,373,951 ≥ 阈值 $500,000 | 成交量 725 手",US.MU,2026-05-06 08:03:49
US.MU260918P500000,MU 260918 500.00P,640.2,671,3301015.0,PUT,2026-09-18,500.0,394,79.066,-0.218264419,0.0009575,-0.319335389,1.151309912,136,100.0,US.MU,51.35,51.35,48.05,61.775,-0.21899406435488916,721975339450.2,"成交额 $3,301,015 ≥ 阈值 $500,000 | 成交量 671 手",US.MU,2026-05-06 08:03:49
US.MU261016C640000,MU 261016 640.00C,640.2,242,3281359.0,CALL,2026-10-16,640.0,1749,79.831,0.617332838,0.001114234,-0.42480432,1.636732525,164,100.0,US.MU,119.93,144.79,119.93,97.775,0.00031240237425811537,721975339450.2,"成交额 $3,281,359 ≥ 阈值 $500,000 | 成交量 242 手",US.MU,2026-05-06 08:03:49
US.MU260508P605000,MU 260508 605.00P,640.2,3137,3249303.0,PUT,2026-05-08,605.0,59,100.761,-0.24792009,0.005534403,-3.315431253,0.179487834,3,100.0,US.MU,19.0,21.15,6.95,37.9695,-0.054982817869415876,721975339450.2,"成交额 $3,249,303 ≥ 阈值 $500,000 | 成交量 3,137 手",US.MU,2026-05-06 08:03:49
US.MU260508C612500,MU 260508 612.50C,640.2,1127,3221329.0,CALL,2026-05-08,612.5,181,101.129,0.705925492,0.006004775,-3.750386812,0.195473392,3,100.0,US.MU,20.8,47.0,18.49,8.0406,0.043267728834739214,721975339450.2,"成交额 $3,221,329 ≥ 阈值 $500,000 | 成交量 1,127 手",US.MU,2026-05-06 08:03:49
US.MU260522C667500,MU 260522 667.50C,640.2,937,3215682.0,CALL,2026-05-22,667.5,3,86.65,0.451429384,0.003320622,-1.445361803,0.544951823,17,100.0,US.MU,33.52,39.7,31.35,12.7604,-0.04264292408622298,721975339450.2,"成交额 $3,215,682 ≥ 阈值 $500,000 | 成交量 937 手",US.MU,2026-05-06 08:03:49
US.MU260529C500000,MU 260529 500.00C,640.2,223,3180614.0,CALL,2026-05-29,500.0,817,85.631,0.894190133,0.001304358,-0.577630107,0.29932018,24,100.0,US.MU,122.39,155.87,121.77,92.7209,0.21899406435488916,721975339450.2,"成交额 $3,180,614 ≥ 阈值 $500,000 | 成交量 223 手",US.MU,2026-05-06 08:03:49
US.MU260918C570000,MU 260918 570.00C,640.2,203,3180005.0,CALL,2026-09-18,570.0,1262,79.466,0.694913108,0.001128652,-0.429435355,1.368331535,136,100.0,US.MU,132.53,163.35,132.53,111.9748,0.10965323336457364,721975339450.2,"成交额 $3,180,005 ≥ 阈值 $500,000 | 成交量 203 手",US.MU,2026-05-06 08:03:49
US.MU260508C595000,MU 260508 595.00C,640.2,797,3172537.0,CALL,2026-05-08,595.0,571,102.21,0.804212088,0.004766073,-2.913241361,0.156806305,3,100.0,US.MU,26.85,62.45,26.85,13.13,0.07060293658231809,721975339450.2,"成交额 $3,172,537 ≥ 阈值 $500,000 | 成交量 797 手",US.MU,2026-05-06 08:03:49
US.MU260821C550000,MU 260821 550.00C,640.2,204,3144113.0,CALL,2026-08-21,550.0,913,80.273,0.722660238,0.001199338,-0.465237278,1.166093527,108,100.0,US.MU,131.59,162.7,131.59,109.8843,0.14089347079037806,721975339450.2,"成交额 $3,144,113 ≥ 阈值 $500,000 | 成交量 204 手",US.MU,2026-05-06 08:03:49
US.MU260515C570000,MU 260515 570.00C,640.2,415,3134751.0,CALL,2026-05-15,570.0,2294,89.158,0.808476162,0.002905795,-1.352808514,0.287028038,10,100.0,US.MU,56.36,88.93,54.09,34.9494,0.10965323336457364,721975339450.2,"成交额 $3,134,751 ≥ 阈值 $500,000 | 成交量 415 手",US.MU,2026-05-06 08:03:49
US.MU260515C535000,MU 260515 535.00C,640.2,293,3113913.0,CALL,2026-05-15,535.0,736,92.41,0.896873024,0.001845165,-0.920974502,0.188906611,10,100.0,US.MU,83.53,119.87,83.53,56.2229,0.16432364885973139,721975339450.2,"成交额 $3,113,913 ≥ 阈值 $500,000 | 成交量 293 手",US.MU,2026-05-06 08:03:49
US.MU260618C510000,MU 260618 510.00C,640.2,209,3090000.0,CALL,2026-06-18,510.0,2685,82.892,0.828962042,0.001380864,-0.571672754,0.563800232,44,100.0,US.MU,122.35,158.44,122.35,98.9395,0.20337394564198694,721975339450.2,"成交额 $3,090,000 ≥ 阈值 $500,000 | 成交量 209 手",US.MU,2026-05-06 08:03:49
US.MU260717P550000,MU 260717 550.00P,640.2,641,3060658.0,PUT,2026-07-17,550.0,542,80.595,-0.267714642,0.00143118,-0.503218,0.941636646,73,100.0,US.MU,51.0,52.3,43.83,62.4414,-0.14089347079037806,721975339450.2,"成交额 $3,060,658 ≥ 阈值 $500,000 | 成交量 641 手",US.MU,2026-05-06 08:03:49
US.MU260515P635000,MU 260515 635.00P,640.2,889,3043558.0,PUT,2026-05-15,635.0,0,87.268,-0.446360339,0.004307025,-1.859728958,0.416071567,10,100.0,US.MU,49.4,49.4,29.3,49.4,-0.008122461730709223,721975339450.2,"成交额 $3,043,558 ≥ 阈值 $500,000 | 成交量 889 手",US.MU,2026-05-06 08:03:49
US.MU260918P600000,MU 260918 600.00P,640.2,318,2998864.0,PUT,2026-09-18,600.0,170,78.555,-0.345405688,0.001209702,-0.390605905,1.439298082,136,100.0,US.MU,102.75,102.75,92.0,114.7562,-0.06279287722586699,721975339450.2,"成交额 $2,998,864 ≥ 阈值 $500,000 | 成交量 318 手",US.MU,2026-05-06 08:03:49
US.MU260717C590000,MU 260717 590.00C,640.2,270,2972193.0,CALL,2026-07-17,590.0,2255,81.132,0.665125396,0.001569572,-0.612683057,1.041941541,73,100.0,US.MU,95.07,125.0,95.07,75.425,0.0784129959387692,721975339450.2,"成交额 $2,972,193 ≥ 阈值 $500,000 | 成交量 270 手",US.MU,2026-05-06 08:03:49
US.MU260605C600000,MU 260605 600.00C,640.2,398,2951592.0,CALL,2026-06-05,600.0,685,81.395,0.657367872,0.002425075,-0.942833802,0.684152478,31,100.0,US.MU,59.23,86.35,58.25,41.8811,0.06279287722586699,721975339450.2,"成交额 $2,951,592 ≥ 阈值 $500,000 | 成交量 398 手",US.MU,2026-05-06 08:03:49
US.MU260618P620000,MU 260618 620.00P,640.2,509,2939583.0,PUT,2026-06-18,620.0,89,80.126,-0.394334328,0.002169759,-0.756872758,0.853944294,44,100.0,US.MU,64.3,64.81,56.12,85.6118,-0.03155263980006255,721975339450.2,"成交额 $2,939,583 ≥ 阈值 $500,000 | 成交量 509 手",US.MU,2026-05-06 08:03:49
US.MU260508P590000,MU 260508 590.00P,640.2,4091,2899592.0,PUT,2026-05-08,590.0,453,101.582,-0.169748834,0.004386707,-2.545306872,0.143430431,3,100.0,US.MU,12.0,14.0,4.27,27.8295,-0.0784129959387692,721975339450.2,"成交额 $2,899,592 ≥ 阈值 $500,000 | 成交量 4,091 手",US.MU,2026-05-06 08:03:49
US.MU260618C540000,MU 260618 540.00C,640.2,227,2897266.0,CALL,2026-06-18,540.0,2608,81.863,0.775482522,0.001648694,-0.659225447,0.664800675,44,100.0,US.MU,104.9,137.85,104.9,80.9285,0.1565135895032803,721975339450.2,"成交额 $2,897,266 ≥ 阈值 $500,000 | 成交量 227 手",US.MU,2026-05-06 08:03:49
US.MU260508C690000,MU 260508 690.00C,640.2,4527,2886304.0,CALL,2026-05-08,690.0,1613,106.3,0.228119201,0.005011594,-3.279634434,0.171482618,3,100.0,US.MU,2.4,10.55,2.22,0.8351,-0.07778819119025297,721975339450.2,"成交额 $2,886,304 ≥ 阈值 $500,000 | 成交量 4,527 手",US.MU,2026-05-06 08:03:49
US.MU260522C600000,MU 260522 600.00C,640.2,458,2830170.0,CALL,2026-05-22,600.0,826,86.911,0.673464846,0.003014905,-1.332008049,0.496267452,17,100.0,US.MU,47.45,75.29,46.68,30.6153,0.06279287722586699,721975339450.2,"成交额 $2,830,170 ≥ 阈值 $500,000 | 成交量 458 手",US.MU,2026-05-06 08:03:49
US.MU260508C605000,MU 260508 605.00C,640.2,789,2825030.0,CALL,2026-05-08,605.0,485,101.616,0.750531112,0.005505612,-3.417097709,0.180087558,3,100.0,US.MU,24.4,52.8,22.85,9.9804,0.054982817869415876,721975339450.2,"成交额 $2,825,030 ≥ 阈值 $500,000 | 成交量 789 手",US.MU,2026-05-06 08:03:49
US.MU260918C680000,MU 260918 680.00C,640.2,244,2754505.0,CALL,2026-09-18,680.0,554,79.337,0.557773032,0.001273847,-0.475565403,1.54187368,136,100.0,US.MU,90.58,114.51,90.58,73.675,-0.062168072477350754,721975339450.2,"成交额 $2,754,505 ≥ 阈值 $500,000 | 成交量 244 手",US.MU,2026-05-06 08:03:49
US.MU260529C640000,MU 260529 640.00C,640.2,508,2744365.0,CALL,2026-05-29,640.0,293,81.966,0.546810686,0.002952596,-1.155256108,0.64859231,24,100.0,US.MU,36.15,58.38,36.15,23.261,0.00031240237425811537,721975339450.2,"成交额 $2,744,365 ≥ 阈值 $500,000 | 成交量 508 手",US.MU,2026-05-06 08:03:49
US.MU260508C622500,MU 260508 622.50C,640.2,1083,2727932.0,CALL,2026-05-08,622.5,251,101.044,0.640969337,0.006519771,-4.127806816,0.212060967,3,100.0,US.MU,16.0,39.4,14.3,6.0412,0.027647610121836995,721975339450.2,"成交额 $2,727,932 ≥ 阈值 $500,000 | 成交量 1,083 手",US.MU,2026-05-06 08:03:49
US.MU260522C640000,MU 260522 640.00C,640.2,591,2718165.0,CALL,2026-05-22,640.0,49,86.29,0.541204989,0.003341457,-1.448202868,0.546096461,17,100.0,US.MU,30.37,53.46,30.37,18.4026,0.00031240237425811537,721975339450.2,"成交额 $2,718,165 ≥ 阈值 $500,000 | 成交量 591 手",US.MU,2026-05-06 08:03:49
US.MU260605C650000,MU 260605 650.00C,640.2,494,2684385.0,CALL,2026-06-05,650.0,384,81.556,0.526894361,0.002621496,-1.015019627,0.741029905,31,100.0,US.MU,40.0,61.4,38.68,26.125,-0.015307716338644101,721975339450.2,"成交额 $2,684,385 ≥ 阈值 $500,000 | 成交量 494 手",US.MU,2026-05-06 08:03:49
US.MU260508C555000,MU 260508 555.00C,640.2,337,2675635.0,CALL,2026-05-08,555.0,627,109.115,0.936761972,0.00200482,-1.210921977,0.070415676,3,100.0,US.MU,58.6,96.05,58.6,33.388,0.13308341143392696,721975339450.2,"成交额 $2,675,635 ≥ 阈值 $500,000 | 成交量 337 手",US.MU,2026-05-06 08:03:49
US.MU260821P640000,MU 260821 640.00P,640.2,248,2652316.0,PUT,2026-08-21,640.0,10,79.355,-0.406676359,0.001415203,-0.467083074,1.349612147,108,100.0,US.MU,106.5,108.85,103.3,130.5886,-0.00031240237425811537,721975339450.2,"成交额 $2,652,316 ≥ 阈值 $500,000 | 成交量 248 手",US.MU,2026-05-06 08:03:49
US.MU260508C505000,MU 260508 505.00C,640.2,211,2643371.0,CALL,2026-05-08,505.0,588,135.217,0.979419029,0.000646632,-0.529918216,0.028146491,3,100.0,US.MU,112.85,143.8,112.85,74.1498,0.21118400499843804,721975339450.2,"成交额 $2,643,371 ≥ 阈值 $500,000 | 成交量 211 手",US.MU,2026-05-06 08:03:49
US.MU260618P630000,MU 260618 630.00P,640.2,410,2639612.0,PUT,2026-06-18,630.0,1506,80.347,-0.416651227,0.002194502,-0.768331473,0.865761039,44,100.0,US.MU,74.7,74.7,60.0,92.2763,-0.015932521087160333,721975339450.2,"成交额 $2,639,612 ≥ 阈值 $500,000 | 成交量 410 手",US.MU,2026-05-06 08:03:49
US.MU260717P590000,MU 260717 590.00P,640.2,412,2619817.0,PUT,2026-07-17,590.0,39,80.515,-0.335659819,0.001588106,-0.553802711,1.042664353,73,100.0,US.MU,70.46,70.46,60.0,84.0172,-0.0784129959387692,721975339450.2,"成交额 $2,619,817 ≥ 阈值 $500,000 | 成交量 412 手",US.MU,2026-05-06 08:03:49
US.MU260618P560000,MU 260618 560.00P,640.2,780,2567904.0,PUT,2026-06-18,560.0,126,80.576,-0.263324719,0.001827908,-0.650324153,0.724505601,44,100.0,US.MU,41.75,41.75,30.84,50.825,-0.12527335207747586,721975339450.2,"成交额 $2,567,904 ≥ 阈值 $500,000 | 成交量 780 手",US.MU,2026-05-06 08:03:49
US.MU260508P580000,MU 260508 580.00P,640.2,5184,2544143.0,PUT,2026-05-08,580.0,3113,102.756,-0.128607096,0.003601641,-2.054990785,0.119124124,3,100.0,US.MU,10.49,10.49,3.05,22.0023,-0.09403311465167141,721975339450.2,"成交额 $2,544,143 ≥ 阈值 $500,000 | 成交量 5,184 手",US.MU,2026-05-06 08:03:49
US.MU260618P640000,MU 260618 640.00P,640.2,366,2541063.0,PUT,2026-06-18,640.0,92,80.189,-0.438997604,0.002222552,-0.773439478,0.874747056,44,100.0,US.MU,76.0,76.0,65.47,99.1428,-0.00031240237425811537,721975339450.2,"成交额 $2,541,063 ≥ 阈值 $500,000 | 成交量 366 手",US.MU,2026-05-06 08:03:49
US.MU260529C540000,MU 260529 540.00C,640.2,218,2450793.0,CALL,2026-05-29,540.0,331,84.349,0.818058467,0.001913097,-0.807934159,0.432447398,24,100.0,US.MU,91.65,123.66,89.25,65.4077,0.1565135895032803,721975339450.2,"成交额 $2,450,793 ≥ 阈值 $500,000 | 成交量 218 手",US.MU,2026-05-06 08:03:49
US.MU260515P625000,MU 260515 625.00P,640.2,776,2449869.0,PUT,2026-05-15,625.0,0,87.414,-0.403074944,0.00420972,-1.82529434,0.407425382,10,100.0,US.MU,43.2,43.2,25.62,43.2,-0.023742580443611442,721975339450.2,"成交额 $2,449,869 ≥ 阈值 $500,000 | 成交量 776 手",US.MU,2026-05-06 08:03:49
US.MU260918C920000,MU 260918 920.00C,640.2,495,2447730.0,CALL,2026-09-18,920.0,60,80.493,0.320867999,0.001138711,-0.429905091,1.398339425,136,100.0,US.MU,43.79,53.6,43.79,30.7879,-0.437050921587004,721975339450.2,"成交额 $2,447,730 ≥ 阈值 $500,000 | 成交量 495 手",US.MU,2026-05-06 08:03:49
US.MU260605C700000,MU 260605 700.00C,640.2,714,2385305.0,CALL,2026-06-05,700.0,472,82.275,0.404861851,0.002530096,-0.990349707,0.721490772,31,100.0,US.MU,24.7,42.0,24.0,15.925,-0.09340830990315518,721975339450.2,"成交额 $2,385,305 ≥ 阈值 $500,000 | 成交量 714 手",US.MU,2026-05-06 08:03:49
US.MU260717C670000,MU 260717 670.00C,640.2,300,2377934.0,CALL,2026-07-17,670.0,384,81.233,0.530323098,0.001711913,-0.662099941,1.137852975,73,100.0,US.MU,61.83,87.19,61.83,48.6427,-0.046547953764448535,721975339450.2,"成交额 $2,377,934 ≥ 阈值 $500,000 | 成交量 300 手",US.MU,2026-05-06 08:03:49
US.MU260717C900000,MU 260717 900.00C,640.2,819,2312313.0,CALL,2026-07-17,900.0,632,83.728,0.240696002,0.001300047,-0.524499115,0.890600944,73,100.0,US.MU,19.1,30.85,19.1,14.0362,-0.40581068416119953,721975339450.2,"成交额 $2,312,313 ≥ 阈值 $500,000 | 成交量 819 手",US.MU,2026-05-06 08:03:49
US.MU260508C607500,MU 260508 607.50C,640.2,716,2311188.0,CALL,2026-05-08,607.5,313,101.119,0.736642595,0.005691122,-3.5171271,0.185245083,3,100.0,US.MU,22.5,50.15,21.0,9.2857,0.05107778819119032,721975339450.2,"成交额 $2,311,188 ≥ 阈值 $500,000 | 成交量 716 手",US.MU,2026-05-06 08:03:49
US.MU260515P550000,MU 260515 550.00P,640.2,3302,2290664.0,PUT,2026-05-15,550.0,2054,90.409,-0.135159844,0.002283588,-1.037365731,0.228703269,10,100.0,US.MU,10.0,11.35,5.8,19.0199,-0.14089347079037806,721975339450.2,"成交额 $2,290,664 ≥ 阈值 $500,000 | 成交量 3,302 手",US.MU,2026-05-06 08:03:49
US.MU260508P647500,MU 260508 647.50P,640.2,886,2263892.0,PUT,2026-05-08,647.5,2,101.037,-0.531443506,0.006940159,-4.358567567,0.225629373,3,100.0,US.MU,32.2,33.5,22.0,73.4445,0.011402686660418547,721975339450.2,"成交额 $2,263,892 ≥ 阈值 $500,000 | 成交量 886 手",US.MU,2026-05-06 08:03:49
US.MU260508C577500,MU 260508 577.50C,640.2,389,2185948.0,CALL,2026-05-08,577.5,691,105.754,0.874858572,0.003433542,-2.124721788,0.116881778,3,100.0,US.MU,41.15,74.47,39.5,20.275,0.09793814432989698,721975339450.2,"成交额 $2,185,948 ≥ 阈值 $500,000 | 成交量 389 手",US.MU,2026-05-06 08:03:49
US.MU260529C630000,MU 260529 630.00C,640.2,370,2134361.0,CALL,2026-05-29,630.0,211,82.284,0.576446226,0.002907068,-1.147846411,0.641065506,24,100.0,US.MU,34.55,63.57,34.55,26.1822,0.015932521087160333,721975339450.2,"成交额 $2,134,361 ≥ 阈值 $500,000 | 成交量 370 手",US.MU,2026-05-06 08:03:49
US.MU260515C720000,MU 260515 720.00C,640.2,1863,2088993.0,CALL,2026-05-15,720.0,615,91.529,0.242325391,0.00324373,-1.554596712,0.328928955,10,100.0,US.MU,5.25,14.75,4.89,2.49,-0.12464854732895962,721975339450.2,"成交额 $2,088,993 ≥ 阈值 $500,000 | 成交量 1,863 手",US.MU,2026-05-06 08:03:49
US.MU260717P630000,MU 260717 630.00P,640.2,251,2085063.0,PUT,2026-07-17,630.0,16,80.505,-0.40467092,0.001690529,-0.584817398,1.108007971,73,100.0,US.MU,85.0,86.95,79.6,108.9272,-0.015932521087160333,721975339450.2,"成交额 $2,085,063 ≥ 阈值 $500,000 | 成交量 251 手",US.MU,2026-05-06 08:03:49
US.MU261016P500000,MU 261016 500.00P,640.2,359,2076892.0,PUT,2026-10-16,500.0,258,79.512,-0.224660295,0.000882287,-0.295264695,1.285544523,164,100.0,US.MU,62.05,62.05,56.74,70.9268,-0.21899406435488916,721975339450.2,"成交额 $2,076,892 ≥ 阈值 $500,000 | 成交量 359 手",US.MU,2026-05-06 08:03:49
US.MU260918C850000,MU 260918 850.00C,640.2,344,2070896.0,CALL,2026-09-18,850.0,423,80.101,0.379032818,0.001216022,-0.456374988,1.48601464,136,100.0,US.MU,52.59,66.9,52.59,39.3,-0.32771009059668843,721975339450.2,"成交额 $2,070,896 ≥ 阈值 $500,000 | 成交量 344 手",US.MU,2026-05-06 08:03:49
US.MU260605C640000,MU 260605 640.00C,640.2,339,2042825.0,CALL,2026-06-05,640.0,53,81.126,0.552621925,0.002618367,-1.004757279,0.736247863,31,100.0,US.MU,44.13,65.0,44.13,28.894,0.00031240237425811537,721975339450.2,"成交额 $2,042,825 ≥ 阈值 $500,000 | 成交量 339 手",US.MU,2026-05-06 08:03:49
US.MU260717C660000,MU 260717 660.00C,640.2,238,2040667.0,CALL,2026-07-17,660.0,523,81.258,0.546803154,0.001704526,-0.660419208,1.133289405,73,100.0,US.MU,66.8,91.87,66.68,51.2956,-0.03092783505154632,721975339450.2,"成交额 $2,040,667 ≥ 阈值 $500,000 | 成交量 238 手",US.MU,2026-05-06 08:03:49
US.MU260508C710000,MU 260508 710.00C,640.2,4820,2032527.0,CALL,2026-05-08,710.0,367,107.865,0.151090183,0.003828271,-2.423821346,0.132920762,3,100.0,US.MU,1.3,6.5,1.29,0.51,-0.10902842861605741,721975339450.2,"成交额 $2,032,527 ≥ 阈值 $500,000 | 成交量 4,820 手",US.MU,2026-05-06 08:03:49
US.MU260618P650000,MU 260618 650.00P,640.2,267,1984383.0,PUT,2026-06-18,650.0,173,80.293,-0.461053303,0.002236189,-0.77848507,0.880856676,44,100.0,US.MU,86.93,88.05,70.5,106.2614,0.015307716338644101,721975339450.2,"成交额 $1,984,383 ≥ 阈值 $500,000 | 成交量 267 手",US.MU,2026-05-06 08:03:49
US.MU260515C575000,MU 260515 575.00C,640.2,310,1971086.0,CALL,2026-05-15,575.0,0,88.843,0.792487353,0.003060325,-1.415298475,0.301223511,10,100.0,US.MU,57.65,80.79,57.65,57.65,0.10184317400812253,721975339450.2,"成交额 $1,971,086 ≥ 阈值 $500,000 | 成交量 310 手",US.MU,2026-05-06 08:03:49
US.MU260717C690000,MU 260717 690.00C,640.2,266,1944441.0,CALL,2026-07-17,690.0,402,81.303,0.498147707,0.001715389,-0.66309537,1.141136617,73,100.0,US.MU,60.75,80.55,60.75,43.5647,-0.07778819119025297,721975339450.2,"成交额 $1,944,441 ≥ 阈值 $500,000 | 成交量 266 手",US.MU,2026-05-06 08:03:49
US.MU260508P570000,MU 260508 570.00P,640.2,5347,1926710.0,PUT,2026-05-08,570.0,1206,104.076,-0.095376077,0.002870712,-1.605765057,0.09616947,3,100.0,US.MU,6.95,7.5,2.19,17.2477,-0.10965323336457364,721975339450.2,"成交额 $1,926,710 ≥ 阈值 $500,000 | 成交量 5,347 手",US.MU,2026-05-06 08:03:49
US.MU260515P605000,MU 260515 605.00P,640.2,878,1916817.0,PUT,2026-05-15,605.0,0,87.079,-0.31808523,0.003893211,-1.673254115,0.375437245,10,100.0,US.MU,29.3,29.5,17.75,29.3,-0.054982817869415876,721975339450.2,"成交额 $1,916,817 ≥ 阈值 $500,000 | 成交量 878 手",US.MU,2026-05-06 08:03:49
US.MU260529C670000,MU 260529 670.00C,640.2,476,1883355.0,CALL,2026-05-29,670.0,251,82.385,0.460422651,0.002943392,-1.158350953,0.649874945,24,100.0,US.MU,26.37,46.26,26.37,16.575,-0.046547953764448535,721975339450.2,"成交额 $1,883,355 ≥ 阈值 $500,000 | 成交量 476 手",US.MU,2026-05-06 08:03:49
US.MU260508P660000,MU 260508 660.00P,640.2,539,1877935.0,PUT,2026-05-08,660.0,1,102.177,-0.61342804,0.006605275,-4.18549898,0.217116,3,100.0,US.MU,46.7,46.7,28.95,85.0638,0.03092783505154632,721975339450.2,"成交额 $1,877,935 ≥ 阈值 $500,000 | 成交量 539 手",US.MU,2026-05-06 08:03:49
US.MU260529C580000,MU 260529 580.00C,640.2,250,1873597.0,CALL,2026-05-29,580.0,248,82.362,0.720878871,0.00249278,-0.994722911,0.550224243,24,100.0,US.MU,64.25,93.0,64.15,44.475,0.09403311465167141,721975339450.2,"成交额 $1,873,597 ≥ 阈值 $500,000 | 成交量 250 手",US.MU,2026-05-06 08:03:49
US.MU260618P350000,MU 260618 350.00P,640.2,7630,1861486.0,PUT,2026-06-18,350.0,15203,98.311,-0.025336385,0.00027081,-0.143637428,0.131187615,44,100.0,US.MU,2.62,2.62,2.2,3.075,-0.4532958450484224,721975339450.2,"成交额 $1,861,486 ≥ 阈值 $500,000 | 成交量 7,630 手",US.MU,2026-05-06 08:03:49
US.MU260508P550000,MU 260508 550.00P,640.2,9917,1843914.0,PUT,2026-05-08,550.0,5089,108.974,-0.052226799,0.001726941,-0.962946151,0.060578087,3,100.0,US.MU,3.6,4.2,1.14,9.7,-0.14089347079037806,721975339450.2,"成交额 $1,843,914 ≥ 阈值 $500,000 | 成交量 9,917 手",US.MU,2026-05-06 08:03:49
US.MU260821P410000,MU 260821 410.00P,640.2,1019,1805527.0,PUT,2026-08-21,410.0,655,82.061,-0.106744114,0.000644865,-0.236202869,0.640493783,108,100.0,US.MU,17.65,18.3,17.39,23.1,-0.3595751327710091,721975339450.2,"成交额 $1,805,527 ≥ 阈值 $500,000 | 成交量 1,019 手",US.MU,2026-05-06 08:03:49
US.MU260515P560000,MU 260515 560.00P,640.2,2083,1790861.0,PUT,2026-05-15,560.0,236,89.211,-0.160527032,0.002597016,-1.154524105,0.25663713,10,100.0,US.MU,12.68,13.2,7.2,22.9963,-0.12527335207747586,721975339450.2,"成交额 $1,790,861 ≥ 阈值 $500,000 | 成交量 2,083 手",US.MU,2026-05-06 08:03:49
US.MU260821C730000,MU 260821 730.00C,640.2,232,1753662.0,CALL,2026-08-21,730.0,396,80.428,0.47723985,0.001422912,-0.540237063,1.386156779,108,100.0,US.MU,72.31,84.11,72.31,50.3075,-0.14026866604186183,721975339450.2,"成交额 $1,753,662 ≥ 阈值 $500,000 | 成交量 232 手",US.MU,2026-05-06 08:03:49
US.MU260508C587500,MU 260508 587.50C,640.2,368,1751576.0,CALL,2026-05-08,587.5,608,105.184,0.834280555,0.004171307,-2.64574317,0.141230871,3,100.0,US.MU,34.05,67.0,32.3,15.8582,0.08231802561699475,721975339450.2,"成交额 $1,751,576 ≥ 阈值 $500,000 | 成交量 368 手",US.MU,2026-05-06 08:03:49
US.MU260522C750000,MU 260522 750.00C,640.2,1240,1733994.0,CALL,2026-05-22,750.0,228,89.377,0.236043675,0.002504453,-1.141936221,0.42393197,17,100.0,US.MU,7.75,17.35,7.4,4.15,-0.17150890346766628,721975339450.2,"成交额 $1,733,994 ≥ 阈值 $500,000 | 成交量 1,240 手",US.MU,2026-05-06 08:03:49
US.MU260515P615000,MU 260515 615.00P,640.2,658,1732469.0,PUT,2026-05-15,615.0,0,87.465,-0.360336734,0.004066913,-1.765254546,0.393883065,10,100.0,US.MU,37.5,37.5,21.4,37.5,-0.03936269915651366,721975339450.2,"成交额 $1,732,469 ≥ 阈值 $500,000 | 成交量 658 手",US.MU,2026-05-06 08:03:49
US.MU260918P450000,MU 260918 450.00P,640.2,527,1731580.0,PUT,2026-09-18,450.0,1206,79.672,-0.160322242,0.000784513,-0.267678832,0.951740546,136,100.0,US.MU,36.3,36.3,32.3,41.825,-0.29709465791940026,721975339450.2,"成交额 $1,731,580 ≥ 阈值 $500,000 | 成交量 527 手",US.MU,2026-05-06 08:03:49
US.MU260522P637500,MU 260522 637.50P,640.2,390,1729358.0,PUT,2026-05-22,637.5,0,85.481,-0.451022429,0.003369953,-1.37136864,0.544794025,17,100.0,US.MU,44.0,47.0,42.8,78.75,-0.0042174320524836694,721975339450.2,"成交额 $1,729,358 ≥ 阈值 $500,000 | 成交量 390 手",US.MU,2026-05-06 08:03:49
US.MU260508C750000,MU 260508 750.00C,640.2,13138,1715920.0,CALL,2026-05-08,750.0,3716,114.435,0.065864264,0.001973011,-1.223777788,0.072677517,3,100.0,US.MU,0.39,2.25,0.38,0.2,-0.17150890346766628,721975339450.2,"成交额 $1,715,920 ≥ 阈值 $500,000 | 成交量 13,138 手",US.MU,2026-05-06 08:03:49
US.MU260717C680000,MU 260717 680.00C,640.2,225,1711043.0,CALL,2026-07-17,680.0,834,81.225,0.51405236,0.001715981,-0.662794311,1.140442062,73,100.0,US.MU,58.73,82.77,58.73,45.9927,-0.062168072477350754,721975339450.2,"成交额 $1,711,043 ≥ 阈值 $500,000 | 成交量 225 手",US.MU,2026-05-06 08:03:49
US.MU260717P500000,MU 260717 500.00P,640.2,576,1708120.0,PUT,2026-07-17,500.0,495,81.554,-0.189782257,0.001163894,-0.421606208,0.775631782,73,100.0,US.MU,33.21,33.4,27.5,40.35,-0.21899406435488916,721975339450.2,"成交额 $1,708,120 ≥ 阈值 $500,000 | 成交量 576 手",US.MU,2026-05-06 08:03:49
US.MU260508C705000,MU 260508 705.00C,640.2,3459,1701031.0,CALL,2026-05-08,705.0,0,107.242,0.167533553,0.004120078,-2.620874107,0.142226494,3,100.0,US.MU,1.67,7.15,1.55,1.67,-0.1012183692596063,721975339450.2,"成交额 $1,701,031 ≥ 阈值 $500,000 | 成交量 3,459 手",US.MU,2026-05-06 08:03:49
US.MU260618C670000,MU 260618 670.00C,640.2,290,1696150.0,CALL,2026-06-18,670.0,849,81.317,0.498017304,0.002210459,-0.85104226,0.88540191,44,100.0,US.MU,43.38,65.88,41.95,30.775,-0.046547953764448535,721975339450.2,"成交额 $1,696,150 ≥ 阈值 $500,000 | 成交量 290 手",US.MU,2026-05-06 08:03:49
US.MU260529P640000,MU 260529 640.00P,640.2,323,1688505.0,PUT,2026-05-29,640.0,41,81.485,-0.453934645,0.002976331,-1.088302011,0.648582084,24,100.0,US.MU,57.45,57.45,48.0,85.1714,-0.00031240237425811537,721975339450.2,"成交额 $1,688,505 ≥ 阈值 $500,000 | 成交量 323 手",US.MU,2026-05-06 08:03:49
US.MU260918C800000,MU 260918 800.00C,640.2,229,1681398.0,CALL,2026-09-18,800.0,1425,79.967,0.426575516,0.001255545,-0.471139568,1.531754603,136,100.0,US.MU,58.85,78.45,58.85,47.1181,-0.24960949703217736,721975339450.2,"成交额 $1,681,398 ≥ 阈值 $500,000 | 成交量 229 手",US.MU,2026-05-06 08:03:49
US.MU260508P622500,MU 260508 622.50P,640.2,963,1675636.0,PUT,2026-05-08,622.5,13,100.22,-0.358243623,0.006569278,-4.029561157,0.211893597,3,100.0,US.MU,24.7,24.7,11.67,51.5571,-0.027647610121836995,721975339450.2,"成交额 $1,675,636 ≥ 阈值 $500,000 | 成交量 963 手",US.MU,2026-05-06 08:03:49
US.MU260508C597500,MU 260508 597.50C,640.2,403,1667088.0,CALL,2026-05-08,597.5,437,102.991,0.789595425,0.00493773,-3.089860511,0.163695546,3,100.0,US.MU,27.85,59.45,26.7,12.2665,0.06669790690409254,721975339450.2,"成交额 $1,667,088 ≥ 阈值 $500,000 | 成交量 403 手",US.MU,2026-05-06 08:03:49
US.MU260508C685000,MU 260508 685.00C,640.2,2318,1643542.0,CALL,2026-05-08,685.0,228,105.008,0.249132183,0.005323974,-3.441938426,0.17995777,3,100.0,US.MU,2.56,11.5,2.56,0.9634,-0.06997813183380186,721975339450.2,"成交额 $1,643,542 ≥ 阈值 $500,000 | 成交量 2,318 手",US.MU,2026-05-06 08:03:49
US.MU260515C690000,MU 260515 690.00C,640.2,948,1640397.0,CALL,2026-05-15,690.0,401,89.601,0.334258917,0.003859464,-1.792898447,0.383130555,10,100.0,US.MU,8.62,22.7,8.62,4.4,-0.07778819119025297,721975339450.2,"成交额 $1,640,397 ≥ 阈值 $500,000 | 成交量 948 手",US.MU,2026-05-06 08:03:49
US.MU260717C910000,MU 260717 910.00C,640.2,603,1636285.0,CALL,2026-07-17,910.0,1305,83.857,0.232113866,0.001272367,-0.514623861,0.87297585,73,100.0,US.MU,18.78,29.95,18.63,13.3309,-0.42143080287410173,721975339450.2,"成交额 $1,636,285 ≥ 阈值 $500,000 | 成交量 603 手",US.MU,2026-05-06 08:03:49
US.MU260618P520000,MU 260618 520.00P,640.2,765,1630916.0,PUT,2026-06-18,520.0,2463,81.668,-0.186622024,0.001481718,-0.543287568,0.595581337,44,100.0,US.MU,25.89,25.89,19.7,33.25,-0.1877538269290847,721975339450.2,"成交额 $1,630,916 ≥ 阈值 $500,000 | 成交量 765 手",US.MU,2026-05-06 08:03:49
US.MU260508C565000,MU 260508 565.00C,640.2,246,1626944.0,CALL,2026-05-08,565.0,1296,107.361,0.91369363,0.002583955,-1.570972611,0.089297487,3,100.0,US.MU,48.5,88.8,47.2,27.1085,0.11746329272102474,721975339450.2,"成交额 $1,626,944 ≥ 阈值 $500,000 | 成交量 246 手",US.MU,2026-05-06 08:03:49
US.MU260605C660000,MU 260605 660.00C,640.2,312,1623199.0,CALL,2026-06-05,660.0,21,81.404,0.501058881,0.002632372,-1.014086875,0.742715026,31,100.0,US.MU,37.73,56.2,37.73,23.775,-0.03092783505154632,721975339450.2,"成交额 $1,623,199 ≥ 阈值 $500,000 | 成交量 312 手",US.MU,2026-05-06 08:03:49
US.MU260618P610000,MU 260618 610.00P,640.2,303,1622395.0,PUT,2026-06-18,610.0,38,80.218,-0.371961283,0.002129193,-0.745766572,0.839212619,44,100.0,US.MU,63.0,63.12,50.5,79.1247,-0.04717275851296476,721975339450.2,"成交额 $1,622,395 ≥ 阈值 $500,000 | 成交量 303 手",US.MU,2026-05-06 08:03:49
US.MU260821C1000000,MU 260821 1000.00C,640.2,563,1611492.0,CALL,2026-08-21,1000.0,870,82.638,0.228365222,0.001051568,-0.414665486,1.052504906,108,100.0,US.MU,21.6,32.7,21.6,16.5955,-0.5620118712902217,721975339450.2,"成交额 $1,611,492 ≥ 阈值 $500,000 | 成交量 563 手",US.MU,2026-05-06 08:03:49
US.MU260612C700000,MU 260612 700.00C,640.2,368,1594258.0,CALL,2026-06-12,700.0,39,81.092,0.421959044,0.002339992,-0.891539955,0.806839151,38,100.0,US.MU,33.0,48.65,33.0,20.1902,-0.09340830990315518,721975339450.2,"成交额 $1,594,258 ≥ 阈值 $500,000 | 成交量 368 手",US.MU,2026-05-06 08:03:49
US.MU260508C720000,MU 260508 720.00C,640.2,5423,1592029.0,CALL,2026-05-08,720.0,1485,109.406,0.122998099,0.003279043,-2.065755017,0.115477552,3,100.0,US.MU,0.94,4.9,0.94,0.4,-0.12464854732895962,721975339450.2,"成交额 $1,592,029 ≥ 阈值 $500,000 | 成交量 5,423 手",US.MU,2026-05-06 08:03:49
US.MU260618C1000000,MU 260618 1000.00C,640.2,2262,1583217.0,CALL,2026-06-18,1000.0,360,87.555,0.096261665,0.000878272,-0.380798835,0.378763524,44,100.0,US.MU,3.85,8.45,3.7,2.4893,-0.5620118712902217,721975339450.2,"成交额 $1,583,217 ≥ 阈值 $500,000 | 成交量 2,262 手",US.MU,2026-05-06 08:03:49
US.MU260522P600000,MU 260522 600.00P,640.2,571,1573626.0,PUT,2026-05-22,600.0,239,85.672,-0.32538014,0.003056095,-1.253685718,0.495502483,17,100.0,US.MU,36.25,36.25,24.99,52.8822,-0.06279287722586699,721975339450.2,"成交额 $1,573,626 ≥ 阈值 $500,000 | 成交量 571 手",US.MU,2026-05-06 08:03:49
US.MU260515C675000,MU 260515 675.00C,640.2,659,1531378.0,CALL,2026-05-15,675.0,0,89.057,0.389128235,0.004090408,-1.885919541,0.403592612,10,100.0,US.MU,12.58,27.5,12.58,12.58,-0.05435801312089964,721975339450.2,"成交额 $1,531,378 ≥ 阈值 $500,000 | 成交量 659 手",US.MU,2026-05-06 08:03:49
US.MU260508C652500,MU 260508 652.50C,640.2,869,1520649.0,CALL,2026-05-08,652.5,139,101.935,0.435520544,0.006807724,-4.399050509,0.223381015,3,100.0,US.MU,7.8,23.95,6.85,2.481,-0.019212746016869654,721975339450.2,"成交额 $1,520,649 ≥ 阈值 $500,000 | 成交量 869 手",US.MU,2026-05-06 08:03:49
US.MU260508P585000,MU 260508 585.00P,640.2,2672,1518143.0,PUT,2026-05-08,585.0,617,101.422,-0.146581063,0.003989979,-2.260378647,0.130254437,3,100.0,US.MU,10.09,12.05,3.6,24.8863,-0.08622305529522031,721975339450.2,"成交额 $1,518,143 ≥ 阈值 $500,000 | 成交量 2,672 手",US.MU,2026-05-06 08:03:49
US.MU260508P560000,MU 260508 560.00P,640.2,6273,1513002.0,PUT,2026-05-08,560.0,1896,106.026,-0.070191096,0.002236695,-1.237492715,0.076335288,3,100.0,US.MU,5.0,5.5,1.56,13.1026,-0.12527335207747586,721975339450.2,"成交额 $1,513,002 ≥ 阈值 $500,000 | 成交量 6,273 手",US.MU,2026-05-06 08:03:49
US.MU260522C647500,MU 260522 647.50C,640.2,347,1503355.0,CALL,2026-05-22,647.5,5,86.346,0.516254445,0.003354442,-1.454191694,0.548571691,17,100.0,US.MU,28.3,49.0,28.3,16.6844,-0.011402686660418547,721975339450.2,"成交额 $1,503,355 ≥ 阈值 $500,000 | 成交量 347 手",US.MU,2026-05-06 08:03:49
US.MU260508C582500,MU 260508 582.50C,640.2,297,1497015.0,CALL,2026-05-08,582.5,521,103.74,0.859128633,0.003797529,-2.29629278,0.126810442,3,100.0,US.MU,37.45,72.17,35.45,17.9777,0.09012808497344586,721975339450.2,"成交额 $1,497,015 ≥ 阈值 $500,000 | 成交量 297 手",US.MU,2026-05-06 08:03:49
US.MU260508P700000,MU 260508 700.00P,640.2,207,1495799.0,PUT,2026-05-08,700.0,0,105.886,-0.816668698,0.00442947,-2.714856507,0.150549613,3,100.0,US.MU,91.0,91.1,56.7,123.8495,0.09340830990315518,721975339450.2,"成交额 $1,495,799 ≥ 阈值 $500,000 | 成交量 207 手",US.MU,2026-05-06 08:03:49
US.MU260612P600000,MU 260612 600.00P,640.2,335,1493046.0,PUT,2026-06-12,600.0,12,79.911,-0.346861546,0.002244256,-0.784332392,0.761107055,38,100.0,US.MU,53.0,53.0,41.44,68.3803,-0.06279287722586699,721975339450.2,"成交额 $1,493,046 ≥ 阈值 $500,000 | 成交量 335 手",US.MU,2026-05-06 08:03:49
US.MU260515C585000,MU 260515 585.00C,640.2,230,1455363.0,CALL,2026-05-15,585.0,0,88.255,0.758259568,0.003359639,-1.534480054,0.328500292,10,100.0,US.MU,62.91,76.53,61.96,62.91,0.08622305529522031,721975339450.2,"成交额 $1,455,363 ≥ 阈值 $500,000 | 成交量 230 手",US.MU,2026-05-06 08:03:49
US.MU260618P530000,MU 260618 530.00P,640.2,596,1448627.0,PUT,2026-06-18,530.0,553,81.358,-0.204645259,0.001573178,-0.572098405,0.629872577,44,100.0,US.MU,28.8,28.8,22.3,37.25,-0.1721337082161825,721975339450.2,"成交额 $1,448,627 ≥ 阈值 $500,000 | 成交量 596 手",US.MU,2026-05-06 08:03:49
US.MU260605P600000,MU 260605 600.00P,640.2,368,1438997.0,PUT,2026-06-05,600.0,19,80.757,-0.342574765,0.002447406,-0.878329309,0.683996026,31,100.0,US.MU,47.0,47.0,35.5,63.2317,-0.06279287722586699,721975339450.2,"成交额 $1,438,997 ≥ 阈值 $500,000 | 成交量 368 手",US.MU,2026-05-06 08:03:49
US.MU260529P600000,MU 260529 600.00P,640.2,437,1434871.0,PUT,2026-05-29,600.0,61,81.388,-0.334997345,0.002737059,-1.004136185,0.596316532,24,100.0,US.MU,40.97,40.97,30.0,57.9951,-0.06279287722586699,721975339450.2,"成交额 $1,434,871 ≥ 阈值 $500,000 | 成交量 437 手",US.MU,2026-05-06 08:03:49
US.MU260618C740000,MU 260618 740.00C,640.2,385,1428931.0,CALL,2026-06-18,740.0,335,82.133,0.362755166,0.002057704,-0.801950701,0.832473852,44,100.0,US.MU,26.55,41.65,26.49,17.825,-0.15588878475476406,721975339450.2,"成交额 $1,428,931 ≥ 阈值 $500,000 | 成交量 385 手",US.MU,2026-05-06 08:03:49
US.MU260618P570000,MU 260618 570.00P,640.2,388,1427053.0,PUT,2026-06-18,570.0,497,80.513,-0.284369112,0.001900556,-0.674392618,0.752576582,44,100.0,US.MU,44.92,44.92,34.15,55.95,-0.10965323336457364,721975339450.2,"成交额 $1,427,053 ≥ 阈值 $500,000 | 成交量 388 手",US.MU,2026-05-06 08:03:49
US.MU260618P450000,MU 260618 450.00P,640.2,1595,1423592.0,PUT,2026-06-18,450.0,13644,85.54,-0.088351687,0.000843844,-0.33998065,0.355469272,44,100.0,US.MU,10.0,10.73,8.2,13.475,-0.29709465791940026,721975339450.2,"成交额 $1,423,592 ≥ 阈值 $500,000 | 成交量 1,595 手",US.MU,2026-05-06 08:03:49
US.MU260618C690000,MU 260618 690.00C,640.2,268,1372820.0,CALL,2026-06-18,690.0,1240,81.332,0.456506974,0.002196937,-0.844148416,0.880143104,44,100.0,US.MU,37.0,58.09,37.0,26.325,-0.07778819119025297,721975339450.2,"成交额 $1,372,820 ≥ 阈值 $500,000 | 成交量 268 手",US.MU,2026-05-06 08:03:49
US.MU260717P490000,MU 260717 490.00P,640.2,512,1355837.0,PUT,2026-07-17,490.0,744,81.784,-0.175512432,0.001105167,-0.402996829,0.738684358,73,100.0,US.MU,28.35,28.35,25.55,36.55,-0.23461418306779136,721975339450.2,"成交额 $1,355,837 ≥ 阈值 $500,000 | 成交量 512 手",US.MU,2026-05-06 08:03:49
US.MU260618C900000,MU 260618 900.00C,640.2,995,1351235.0,CALL,2026-06-18,900.0,812,85.672,0.162644237,0.001293383,-0.540907615,0.545783503,44,100.0,US.MU,8.34,15.38,8.0,5.1936,-0.40581068416119953,721975339450.2,"成交额 $1,351,235 ≥ 阈值 $500,000 | 成交量 995 手",US.MU,2026-05-06 08:03:49
US.MU260522C637500,MU 260522 637.50C,640.2,276,1350558.0,CALL,2026-05-22,637.5,9,86.517,0.549631143,0.003324649,-1.448879078,0.544773362,17,100.0,US.MU,38.0,55.0,38.0,18.9771,0.0042174320524836694,721975339450.2,"成交额 $1,350,558 ≥ 阈值 $500,000 | 成交量 276 手",US.MU,2026-05-06 08:03:49
US.MU260529C680000,MU 260529 680.00C,640.2,367,1346222.0,CALL,2026-05-29,680.0,390,82.294,0.432459367,0.002918715,-1.144489771,0.643707774,24,100.0,US.MU,25.0,41.45,23.96,14.825,-0.062168072477350754,721975339450.2,"成交额 $1,346,222 ≥ 阈值 $500,000 | 成交量 367 手",US.MU,2026-05-06 08:03:49
US.MU260618C720000,MU 260618 720.00C,640.2,326,1344921.0,CALL,2026-06-18,720.0,431,81.821,0.398612965,0.002125557,-0.823791705,0.856655144,44,100.0,US.MU,30.38,48.24,30.38,20.825,-0.12464854732895962,721975339450.2,"成交额 $1,344,921 ≥ 阈值 $500,000 | 成交量 326 手",US.MU,2026-05-06 08:03:49
US.MU260717C740000,MU 260717 740.00C,640.2,234,1328890.0,CALL,2026-07-17,740.0,155,81.695,0.422881709,0.001675168,-0.650640218,1.119752311,73,100.0,US.MU,45.3,62.82,45.3,33.1193,-0.15588878475476406,721975339450.2,"成交额 $1,328,890 ≥ 阈值 $500,000 | 成交量 234 手",US.MU,2026-05-06 08:03:49
US.MU260515P570000,MU 260515 570.00P,640.2,1231,1322215.0,PUT,2026-05-15,570.0,1665,88.735,-0.190652895,0.002911964,-1.286827463,0.286215354,10,100.0,US.MU,16.82,16.82,8.82,27.625,-0.10965323336457364,721975339450.2,"成交额 $1,322,215 ≥ 阈值 $500,000 | 成交量 1,231 手",US.MU,2026-05-06 08:03:49
US.MU260508C602500,MU 260508 602.50C,640.2,350,1315381.0,CALL,2026-05-08,602.5,467,101.781,0.764582882,0.00532675,-3.296537315,0.17451837,3,100.0,US.MU,24.49,55.0,23.4,10.6752,0.05888784754764143,721975339450.2,"成交额 $1,315,381 ≥ 阈值 $500,000 | 成交量 350 手",US.MU,2026-05-06 08:03:49
US.MU260515C655000,MU 260515 655.00C,640.2,440,1314423.0,CALL,2026-05-15,655.0,0,88.298,0.468880563,0.004279335,-1.948991059,0.418639677,10,100.0,US.MU,17.33,36.7,17.02,17.33,-0.02311777569509521,721975339450.2,"成交额 $1,314,423 ≥ 阈值 $500,000 | 成交量 440 手",US.MU,2026-05-06 08:03:49
US.MU260605P640000,MU 260605 640.00P,640.2,227,1313094.0,PUT,2026-06-05,640.0,1,81.241,-0.447981776,0.002621405,-0.946069564,0.736194463,31,100.0,US.MU,59.0,62.85,55.0,90.2246,-0.00031240237425811537,721975339450.2,"成交额 $1,313,094 ≥ 阈值 $500,000 | 成交量 227 手",US.MU,2026-05-06 08:03:49
US.MU260508P575000,MU 260508 575.00P,640.2,3115,1308101.0,PUT,2026-05-08,575.0,631,103.599,-0.111453255,0.003229359,-1.833182502,0.107687145,3,100.0,US.MU,8.82,9.0,2.6,19.4805,-0.10184317400812253,721975339450.2,"成交额 $1,308,101 ≥ 阈值 $500,000 | 成交量 3,115 手",US.MU,2026-05-06 08:03:49
US.MU260605P590000,MU 260605 590.00P,640.2,370,1285363.0,PUT,2026-06-05,590.0,32,80.864,-0.316758209,0.002368025,-0.853070048,0.66281847,31,100.0,US.MU,42.18,42.18,31.75,57.4353,-0.0784129959387692,721975339450.2,"成交额 $1,285,363 ≥ 阈值 $500,000 | 成交量 370 手",US.MU,2026-05-06 08:03:49
US.MU260717P480000,MU 260717 480.00P,640.2,536,1280604.0,PUT,2026-07-17,480.0,1198,81.949,-0.161615759,0.001045845,-0.383245657,0.70053346,73,100.0,US.MU,27.06,27.1,22.77,33.125,-0.2502343017806936,721975339450.2,"成交额 $1,280,604 ≥ 阈值 $500,000 | 成交量 536 手",US.MU,2026-05-06 08:03:49
US.MU260529C625000,MU 260529 625.00C,640.2,223,1269615.0,CALL,2026-05-29,625.0,193,81.896,0.591256497,0.002897443,-1.134316638,0.635930708,24,100.0,US.MU,39.85,66.2,39.85,27.6428,0.023742580443611442,721975339450.2,"成交额 $1,269,615 ≥ 阈值 $500,000 | 成交量 223 手",US.MU,2026-05-06 08:03:49
US.MU260529C645000,MU 260529 645.00C,640.2,238,1239234.0,CALL,2026-05-29,645.0,152,82.004,0.532095263,0.002962101,-1.159179007,0.650978684,24,100.0,US.MU,45.23,57.85,43.29,22.0505,-0.007497656982192993,721975339450.2,"成交额 $1,239,234 ≥ 阈值 $500,000 | 成交量 238 手",US.MU,2026-05-06 08:03:49
US.MU260515P500000,MU 260515 500.00P,640.2,5199,1229488.0,PUT,2026-05-15,500.0,3926,97.499,-0.051763464,0.001033064,-0.527786446,0.111591084,10,100.0,US.MU,3.53,3.7,1.99,6.3084,-0.21899406435488916,721975339450.2,"成交额 $1,229,488 ≥ 阈值 $500,000 | 成交量 5,199 手",US.MU,2026-05-06 08:03:49
US.MU260522P620000,MU 260522 620.00P,640.2,345,1224443.0,PUT,2026-05-22,620.0,1,85.591,-0.391809206,0.003264596,-1.335047753,0.528643314,17,100.0,US.MU,42.0,42.47,33.92,66.0706,-0.03155263980006255,721975339450.2,"成交额 $1,224,443 ≥ 阈值 $500,000 | 成交量 345 手",US.MU,2026-05-06 08:03:49
US.MU260618C710000,MU 260618 710.00C,640.2,269,1196849.0,CALL,2026-06-18,710.0,371,81.629,0.417307848,0.002154579,-0.83203017,0.866317096,44,100.0,US.MU,32.55,50.5,30.6,22.475,-0.10902842861605741,721975339450.2,"成交额 $1,196,849 ≥ 阈值 $500,000 | 成交量 269 手",US.MU,2026-05-06 08:03:49
US.MU260529C620000,MU 260529 620.00C,640.2,200,1196001.0,CALL,2026-05-29,620.0,119,81.857,0.606097351,0.00287115,-1.123842887,0.629857817,24,100.0,US.MU,43.85,68.58,42.45,29.15,0.03155263980006255,721975339450.2,"成交额 $1,196,001 ≥ 阈值 $500,000 | 成交量 200 手",US.MU,2026-05-06 08:03:49
US.MU260529C635000,MU 260529 635.00C,640.2,219,1189255.0,CALL,2026-05-29,635.0,30,81.891,0.561580621,0.002940284,-1.149215884,0.645297117,24,100.0,US.MU,38.0,60.5,37.4,24.7216,0.008122461730709223,721975339450.2,"成交额 $1,189,255 ≥ 阈值 $500,000 | 成交量 219 手",US.MU,2026-05-06 08:03:49
US.MU260529C660000,MU 260529 660.00C,640.2,271,1186531.0,CALL,2026-05-29,660.0,230,82.141,0.488552962,0.002965547,-1.161861052,0.652823643,24,100.0,US.MU,28.31,51.05,28.31,18.6,-0.03092783505154632,721975339450.2,"成交额 $1,186,531 ≥ 阈值 $500,000 | 成交量 271 手",US.MU,2026-05-06 08:03:49
US.MU260515C615000,MU 260515 615.00C,640.2,271,1181813.0,CALL,2026-05-15,615.0,0,87.802,0.639512483,0.004049946,-1.832142176,0.393970197,10,100.0,US.MU,31.0,55.0,30.88,31.0,0.03936269915651366,721975339450.2,"成交额 $1,181,813 ≥ 阈值 $500,000 | 成交量 271 手",US.MU,2026-05-06 08:03:49
US.MU260821P500000,MU 260821 500.00P,640.2,282,1163089.0,PUT,2026-08-21,500.0,727,79.999,-0.209610733,0.001036386,-0.356972857,1.001910011,108,100.0,US.MU,45.4,45.4,39.39,53.05,-0.21899406435488916,721975339450.2,"成交额 $1,163,089 ≥ 阈值 $500,000 | 成交量 282 手",US.MU,2026-05-06 08:03:49
US.MU260515P590000,MU 260515 590.00P,640.2,736,1158177.0,PUT,2026-05-15,590.0,221,87.584,-0.259282183,0.003514363,-1.523402422,0.340908737,10,100.0,US.MU,22.3,23.8,13.55,38.4003,-0.0784129959387692,721975339450.2,"成交额 $1,158,177 ≥ 阈值 $500,000 | 成交量 736 手",US.MU,2026-05-06 08:03:49
US.MU260508P595000,MU 260508 595.00P,640.2,1537,1149943.0,PUT,2026-05-08,595.0,114,101.209,-0.193722036,0.004782487,-2.804038458,0.155795153,3,100.0,US.MU,13.5,15.5,5.09,31.1073,-0.07060293658231809,721975339450.2,"成交额 $1,149,943 ≥ 阈值 $500,000 | 成交量 1,537 手",US.MU,2026-05-06 08:03:49
US.MU260529P590000,MU 260529 590.00P,640.2,392,1145595.0,PUT,2026-05-29,590.0,28,81.426,-0.30613127,0.002634304,-0.968098618,0.574294259,24,100.0,US.MU,36.5,38.92,26.0,52.0518,-0.0784129959387692,721975339450.2,"成交额 $1,145,595 ≥ 阈值 $500,000 | 成交量 392 手",US.MU,2026-05-06 08:03:49
US.MU260508C677500,MU 260508 677.50C,640.2,1165,1136813.0,CALL,2026-05-08,677.5,275,104.419,0.286854057,0.005748296,-3.742552149,0.193211191,3,100.0,US.MU,3.76,13.77,3.35,1.1984,-0.0582630427991252,721975339450.2,"成交额 $1,136,813 ≥ 阈值 $500,000 | 成交量 1,165 手",US.MU,2026-05-06 08:03:49
US.MU260522C620000,MU 260522 620.00C,640.2,213,1105690.0,CALL,2026-05-22,620.0,179,86.181,0.608241782,0.00323908,-1.403956186,0.528691746,17,100.0,US.MU,38.27,62.77,38.27,23.8034,0.03155263980006255,721975339450.2,"成交额 $1,105,690 ≥ 阈值 $500,000 | 成交量 213 手",US.MU,2026-05-06 08:03:49
US.MU260515P595000,MU 260515 595.00P,640.2,615,1085968.0,PUT,2026-05-15,595.0,0,87.469,-0.278426423,0.003647296,-1.578831454,0.353327926,10,100.0,US.MU,25.5,25.5,14.55,25.5,-0.07060293658231809,721975339450.2,"成交额 $1,085,968 ≥ 阈值 $500,000 | 成交量 615 手",US.MU,2026-05-06 08:03:49
US.MU260508P612500,MU 260508 612.50P,640.2,829,1078845.0,PUT,2026-05-08,612.5,18,99.837,-0.292098134,0.006064043,-3.628713915,0.19485864,3,100.0,US.MU,22.0,22.59,9.35,43.5403,-0.043267728834739214,721975339450.2,"成交额 $1,078,845 ≥ 阈值 $500,000 | 成交量 829 手",US.MU,2026-05-06 08:03:49
US.MU260618P590000,MU 260618 590.00P,640.2,237,1058729.0,PUT,2026-06-18,590.0,191,80.219,-0.327518482,0.002031517,-0.713771656,0.801160519,44,100.0,US.MU,53.5,53.95,41.92,67.0323,-0.0784129959387692,721975339450.2,"成交额 $1,058,729 ≥ 阈值 $500,000 | 成交量 237 手",US.MU,2026-05-06 08:03:49
US.MU260618P540000,MU 260618 540.00P,640.2,392,1039522.0,PUT,2026-06-18,540.0,712,81.074,-0.223481264,0.001661929,-0.599711014,0.662994835,44,100.0,US.MU,33.5,33.5,25.27,41.45,-0.1565135895032803,721975339450.2,"成交额 $1,039,522 ≥ 阈值 $500,000 | 成交量 392 手",US.MU,2026-05-06 08:03:49
US.MU260522C710000,MU 260522 710.00C,640.2,437,1039363.0,CALL,2026-05-22,710.0,236,87.735,0.327978285,0.002991926,-1.325262645,0.497151673,17,100.0,US.MU,12.65,26.6,12.65,7.15,-0.10902842861605741,721975339450.2,"成交额 $1,039,363 ≥ 阈值 $500,000 | 成交量 437 手",US.MU,2026-05-06 08:03:49
US.MU260508C667500,MU 260508 667.50C,640.2,924,1034046.0,CALL,2026-05-08,667.5,29,103.686,0.342592726,0.006246529,-4.092363771,0.208486672,3,100.0,US.MU,4.42,16.49,4.42,1.5906,-0.04264292408622298,721975339450.2,"成交额 $1,034,046 ≥ 阈值 $500,000 | 成交量 924 手",US.MU,2026-05-06 08:03:49
US.MU260717C1000000,MU 260717 1000.00C,640.2,595,1015179.0,CALL,2026-07-17,1000.0,637,85.299,0.168376826,0.00103076,-0.429402621,0.719362144,73,100.0,US.MU,12.6,20.0,11.7,8.4302,-0.5620118712902217,721975339450.2,"成交额 $1,015,179 ≥ 阈值 $500,000 | 成交量 595 手",US.MU,2026-05-06 08:03:49
US.MU260605C690000,MU 260605 690.00C,640.2,245,991963.0,CALL,2026-06-05,690.0,30,81.928,0.427626163,0.00257239,-0.999735086,0.730457913,31,100.0,US.MU,28.45,45.0,28.45,17.625,-0.07778819119025297,721975339450.2,"成交额 $991,963 ≥ 阈值 $500,000 | 成交量 245 手",US.MU,2026-05-06 08:03:49
US.MU260515C710000,MU 260515 710.00C,640.2,777,988809.0,CALL,2026-05-15,710.0,414,90.715,0.270044173,0.003463064,-1.636929218,0.348050748,10,100.0,US.MU,6.45,16.87,6.4,3.025,-0.10902842861605741,721975339450.2,"成交额 $988,809 ≥ 阈值 $500,000 | 成交量 777 手",US.MU,2026-05-06 08:03:49
US.MU260618C910000,MU 260618 910.00C,640.2,795,968590.0,CALL,2026-06-18,910.0,7269,85.653,0.153593724,0.001245949,-0.520431793,0.525651623,44,100.0,US.MU,7.5,14.55,7.3,4.7841,-0.42143080287410173,721975339450.2,"成交额 $968,590 ≥ 阈值 $500,000 | 成交量 795 手",US.MU,2026-05-06 08:03:49
US.MU260508P655000,MU 260508 655.00P,640.2,292,950753.0,PUT,2026-05-08,655.0,4,100.523,-0.58280962,0.006846946,-4.225919203,0.221435595,3,100.0,US.MU,40.0,40.57,26.2,80.3947,0.02311777569509521,721975339450.2,"成交额 $950,753 ≥ 阈值 $500,000 | 成交量 292 手",US.MU,2026-05-06 08:03:49
US.MU260618P510000,MU 260618 510.00P,640.2,500,949176.0,PUT,2026-06-18,510.0,593,82.196,-0.169863451,0.001387283,-0.515544516,0.561287322,44,100.0,US.MU,22.75,22.75,17.65,29.55,-0.20337394564198694,721975339450.2,"成交额 $949,176 ≥ 阈值 $500,000 | 成交量 500 手",US.MU,2026-05-06 08:03:49
US.MU260515P510000,MU 260515 510.00P,640.2,3232,935384.0,PUT,2026-05-15,510.0,938,95.618,-0.062894634,0.001227942,-0.607779282,0.130079908,10,100.0,US.MU,4.0,4.32,2.43,7.95,-0.20337394564198694,721975339450.2,"成交额 $935,384 ≥ 阈值 $500,000 | 成交量 3,232 手",US.MU,2026-05-06 08:03:49
US.MU260618P490000,MU 260618 490.00P,640.2,625,920708.0,PUT,2026-06-18,490.0,1588,82.926,-0.138285808,0.001199788,-0.454129431,0.489824069,44,100.0,US.MU,17.7,17.7,13.67,23.1,-0.23461418306779136,721975339450.2,"成交额 $920,708 ≥ 阈值 $500,000 | 成交量 625 手",US.MU,2026-05-06 08:03:49
US.MU260618C730000,MU 260618 730.00C,640.2,235,914432.0,CALL,2026-06-18,730.0,392,81.907,0.380204972,0.002094865,-0.812781115,0.845177434,44,100.0,US.MU,30.8,44.75,30.8,19.25,-0.14026866604186183,721975339450.2,"成交额 $914,432 ≥ 阈值 $500,000 | 成交量 235 手",US.MU,2026-05-06 08:03:49
US.MU260618C770000,MU 260618 770.00C,640.2,374,904951.0,CALL,2026-06-18,770.0,564,82.675,0.313631157,0.001932385,-0.760869156,0.786926098,44,100.0,US.MU,20.6,34.3,20.6,14.1,-0.2027491408934707,721975339450.2,"成交额 $904,951 ≥ 阈值 $500,000 | 成交量 374 手",US.MU,2026-05-06 08:03:49
US.MU260515C730000,MU 260515 730.00C,640.2,894,893793.0,CALL,2026-05-15,730.0,455,91.861,0.215613362,0.003026875,-1.454751665,0.308052013,10,100.0,US.MU,4.5,12.93,4.3,2.075,-0.14026866604186183,721975339450.2,"成交额 $893,793 ≥ 阈值 $500,000 | 成交量 894 手",US.MU,2026-05-06 08:03:49
US.MU260522P635000,MU 260522 635.00P,640.2,204,890301.0,PUT,2026-05-22,635.0,0,85.523,-0.442549643,0.003358465,-1.368605523,0.543237671,17,100.0,US.MU,49.61,49.61,40.2,76.9033,-0.008122461730709223,721975339450.2,"成交额 $890,301 ≥ 阈值 $500,000 | 成交量 204 手",US.MU,2026-05-06 08:03:49
US.MU260717P450000,MU 260717 450.00P,640.2,502,872741.0,PUT,2026-07-17,450.0,2866,83.21,-0.12462358,0.00086362,-0.327084659,0.587588599,73,100.0,US.MU,19.7,20.2,16.7,24.1,-0.29709465791940026,721975339450.2,"成交额 $872,741 ≥ 阈值 $500,000 | 成交量 502 手",US.MU,2026-05-06 08:03:49
US.MU260508P582500,MU 260508 582.50P,640.2,1674,865944.0,PUT,2026-05-08,582.5,311,102.272,-0.137751285,0.003793879,-2.166033457,0.124890789,3,100.0,US.MU,9.48,10.0,3.3,23.4442,-0.09012808497344586,721975339450.2,"成交额 $865,944 ≥ 阈值 $500,000 | 成交量 1,674 手",US.MU,2026-05-06 08:03:49
US.MU260508C682500,MU 260508 682.50C,640.2,1033,848512.0,CALL,2026-05-08,682.5,444,104.921,0.261562447,0.005465715,-3.550730959,0.184597063,3,100.0,US.MU,3.26,12.27,3.11,1.0275,-0.06607310215557631,721975339450.2,"成交额 $848,512 ≥ 阈值 $500,000 | 成交量 1,033 手",US.MU,2026-05-06 08:03:49
US.MU261120P380000,MU 261120 380.00P,640.2,310,843180.0,PUT,2026-11-20,380.0,361,80.163,-0.113720403,0.000509349,-0.17515301,0.910522403,199,100.0,US.MU,27.3,27.35,26.9,33.0,-0.40643548890971576,721975339450.2,"成交额 $843,180 ≥ 阈值 $500,000 | 成交量 310 手",US.MU,2026-05-06 08:03:49
US.MU260515C665000,MU 260515 665.00C,640.2,309,842546.0,CALL,2026-05-15,665.0,0,88.628,0.428091653,0.004206797,-1.925981758,0.413076807,10,100.0,US.MU,13.8,31.63,13.8,13.8,-0.03873789440799743,721975339450.2,"成交额 $842,546 ≥ 阈值 $500,000 | 成交量 309 手",US.MU,2026-05-06 08:03:49
US.MU260529C800000,MU 260529 800.00C,640.2,786,841590.0,CALL,2026-05-29,800.0,453,85.863,0.185580575,0.001902686,-0.797681992,0.437811087,24,100.0,US.MU,6.5,14.24,6.5,3.65,-0.24960949703217736,721975339450.2,"成交额 $841,590 ≥ 阈值 $500,000 | 成交量 786 手",US.MU,2026-05-06 08:03:49
US.MU260529P550000,MU 260529 550.00P,640.2,501,833092.0,PUT,2026-05-29,550.0,105,82.486,-0.201557714,0.002083832,-0.786446206,0.460406714,24,100.0,US.MU,21.57,21.57,15.28,31.5728,-0.14089347079037806,721975339450.2,"成交额 $833,092 ≥ 阈值 $500,000 | 成交量 501 手",US.MU,2026-05-06 08:03:49
US.MU260605P580000,MU 260605 580.00P,640.2,253,830442.0,PUT,2026-06-05,580.0,40,81.011,-0.29150852,0.002277416,-0.82422235,0.638732031,31,100.0,US.MU,35.0,35.0,29.75,51.7585,-0.09403311465167141,721975339450.2,"成交额 $830,442 ≥ 阈值 $500,000 | 成交量 253 手",US.MU,2026-05-06 08:03:49
US.MU260717C850000,MU 260717 850.00C,640.2,252,807768.0,CALL,2026-07-17,850.0,486,82.98,0.287872093,0.001437137,-0.571189589,0.975721306,73,100.0,US.MU,25.0,37.5,25.0,18.2055,-0.32771009059668843,721975339450.2,"成交额 $807,768 ≥ 阈值 $500,000 | 成交量 252 手",US.MU,2026-05-06 08:03:49
US.MU260522C655000,MU 260522 655.00C,640.2,200,803700.0,CALL,2026-05-22,655.0,6,86.43,0.491587303,0.003353232,-1.454912321,0.54890501,17,100.0,US.MU,26.25,46.45,26.25,15.1007,-0.02311777569509521,721975339450.2,"成交额 $803,700 ≥ 阈值 $500,000 | 成交量 200 手",US.MU,2026-05-06 08:03:49
US.MU260918C1060000,MU 260918 1060.00C,640.2,278,798512.0,CALL,2026-09-18,1060.0,821,81.601,0.230634323,0.000954143,-0.367995725,1.187795754,136,100.0,US.MU,27.8,35.55,27.8,19.1181,-0.655732583567635,721975339450.2,"成交额 $798,512 ≥ 阈值 $500,000 | 成交量 278 手",US.MU,2026-05-06 08:03:49
US.MU260508P617500,MU 260508 617.50P,640.2,524,796881.0,PUT,2026-05-08,617.5,29,100.331,-0.325071479,0.006324011,-3.859213656,0.204213459,3,100.0,US.MU,22.5,23.55,10.25,47.4925,-0.0354576694782881,721975339450.2,"成交额 $796,881 ≥ 阈值 $500,000 | 成交量 524 手",US.MU,2026-05-06 08:03:49
US.MU260515P540000,MU 260515 540.00P,640.2,1408,772465.0,PUT,2026-05-15,540.0,1195,91.163,-0.111825197,0.001982946,-0.910309952,0.200254955,10,100.0,US.MU,8.5,8.5,4.69,15.4558,-0.1565135895032803,721975339450.2,"成交额 $772,465 ≥ 阈值 $500,000 | 成交量 1,408 手",US.MU,2026-05-06 08:03:49
US.MU260618P470000,MU 260618 470.00P,640.2,681,771250.0,PUT,2026-06-18,470.0,2572,84.343,-0.111761925,0.001016319,-0.398109954,0.422077604,44,100.0,US.MU,13.64,14.1,10.53,17.75,-0.2658544204935958,721975339450.2,"成交额 $771,250 ≥ 阈值 $500,000 | 成交量 681 手",US.MU,2026-05-06 08:03:49
US.MU260508P607500,MU 260508 607.50P,640.2,695,769819.0,PUT,2026-05-08,607.5,13,100.291,-0.261924948,0.005722605,-3.416999591,0.184725136,3,100.0,US.MU,18.56,22.2,7.5,39.7782,-0.05107778819119032,721975339450.2,"成交额 $769,819 ≥ 阈值 $500,000 | 成交量 695 手",US.MU,2026-05-06 08:03:49
US.MU260508P597500,MU 260508 597.50P,640.2,946,750745.0,PUT,2026-05-08,597.5,17,101.113,-0.20661995,0.004976174,-2.936450575,0.161949997,3,100.0,US.MU,15.18,16.55,5.45,32.7466,-0.06669790690409254,721975339450.2,"成交额 $750,745 ≥ 阈值 $500,000 | 成交量 946 手",US.MU,2026-05-06 08:03:49
US.MU260515P520000,MU 260515 520.00P,640.2,2072,747453.0,PUT,2026-05-15,520.0,1186,94.0,-0.076510476,0.001452584,-0.699809608,0.151269101,10,100.0,US.MU,5.4,5.7,3.0,10.0549,-0.1877538269290847,721975339450.2,"成交额 $747,453 ≥ 阈值 $500,000 | 成交量 2,072 手",US.MU,2026-05-06 08:03:49
US.MU260605P550000,MU 260605 550.00P,640.2,345,742357.0,PUT,2026-06-05,550.0,143,81.857,-0.220931992,0.001948904,-0.721452931,0.55251813,31,100.0,US.MU,27.1,27.1,19.7,36.8153,-0.14089347079037806,721975339450.2,"成交额 $742,357 ≥ 阈值 $500,000 | 成交量 345 手",US.MU,2026-05-06 08:03:49
US.MU260508P602500,MU 260508 602.50P,640.2,797,706870.0,PUT,2026-05-08,602.5,24,100.894,-0.233740958,0.005352751,-3.193152613,0.173826821,3,100.0,US.MU,16.8,18.3,6.48,36.1612,-0.05888784754764143,721975339450.2,"成交额 $706,870 ≥ 阈值 $500,000 | 成交量 797 手",US.MU,2026-05-06 08:03:49
US.MU260508C657500,MU 260508 657.50C,640.2,484,696054.0,CALL,2026-05-08,657.5,68,102.366,0.403066955,0.006665203,-4.320114041,0.219628811,3,100.0,US.MU,5.65,20.63,5.65,2.1357,-0.027022805373320764,721975339450.2,"成交额 $696,054 ≥ 阈值 $500,000 | 成交量 484 手",US.MU,2026-05-06 08:03:49
US.MU260605C800000,MU 260605 800.00C,640.2,435,676332.0,CALL,2026-06-05,800.0,447,84.161,0.219006056,0.001884819,-0.762737968,0.549787827,31,100.0,US.MU,9.9,19.9,9.8,5.875,-0.24960949703217736,721975339450.2,"成交额 $676,332 ≥ 阈值 $500,000 | 成交量 435 手",US.MU,2026-05-06 08:03:49
US.MU260522P550000,MU 260522 550.00P,640.2,516,675541.0,PUT,2026-05-22,550.0,175,87.36,-0.18112764,0.002191662,-0.931906813,0.362503976,17,100.0,US.MU,17.5,18.24,11.35,26.7006,-0.14089347079037806,721975339450.2,"成交额 $675,541 ≥ 阈值 $500,000 | 成交量 516 手",US.MU,2026-05-06 08:03:49
US.MU260618P400000,MU 260618 400.00P,640.2,1471,672854.0,PUT,2026-06-18,400.0,25017,90.709,-0.047860462,0.000494674,-0.22386829,0.221041455,44,100.0,US.MU,5.3,5.35,4.1,6.425,-0.3751952514839113,721975339450.2,"成交额 $672,854 ≥ 阈值 $500,000 | 成交量 1,471 手",US.MU,2026-05-06 08:03:49
US.MU260508C730000,MU 260508 730.00C,640.2,2898,669930.0,CALL,2026-05-08,730.0,994,111.354,0.100643365,0.002790852,-1.761501731,0.10003511,3,100.0,US.MU,0.98,3.85,0.78,0.325,-0.14026866604186183,721975339450.2,"成交额 $669,930 ≥ 阈值 $500,000 | 成交量 2,898 手",US.MU,2026-05-06 08:03:49
US.MU260508P587500,MU 260508 587.50P,640.2,1078,668365.0,PUT,2026-05-08,587.5,288,101.528,-0.157975964,0.00418896,-2.403682338,0.136892664,3,100.0,US.MU,11.9,12.05,3.9,26.3286,-0.08231802561699475,721975339450.2,"成交额 $668,365 ≥ 阈值 $500,000 | 成交量 1,078 手",US.MU,2026-05-06 08:03:49
US.MU260508C672500,MU 260508 672.50C,640.2,703,658250.0,CALL,2026-05-08,672.5,291,103.942,0.313771047,0.006013668,-3.921423155,0.201208424,3,100.0,US.MU,3.85,15.52,3.65,1.3806,-0.05045298344267409,721975339450.2,"成交额 $658,250 ≥ 阈值 $500,000 | 成交量 703 手",US.MU,2026-05-06 08:03:49
US.MU260529C750000,MU 260529 750.00C,640.2,343,657301.0,CALL,2026-05-29,750.0,87,84.263,0.268982365,0.002392423,-0.973408783,0.540247255,24,100.0,US.MU,11.56,22.18,11.56,6.5065,-0.17150890346766628,721975339450.2,"成交额 $657,301 ≥ 阈值 $500,000 | 成交量 343 手",US.MU,2026-05-06 08:03:49
US.MU260821P400000,MU 260821 400.00P,640.2,417,656379.0,PUT,2026-08-21,400.0,2391,82.438,-0.097570304,0.000601216,-0.222452683,0.599966074,108,100.0,US.MU,18.0,18.0,15.4,20.8124,-0.3751952514839113,721975339450.2,"成交额 $656,379 ≥ 阈值 $500,000 | 成交量 417 手",US.MU,2026-05-06 08:03:49
US.MU260522P580000,MU 260522 580.00P,640.2,297,625343.0,PUT,2026-05-22,580.0,99,86.073,-0.262786022,0.002754574,-1.140342552,0.448803348,17,100.0,US.MU,27.1,27.95,19.0,41.2412,-0.09403311465167141,721975339450.2,"成交额 $625,343 ≥ 阈值 $500,000 | 成交量 297 手",US.MU,2026-05-06 08:03:49
US.MU260618P460000,MU 260618 460.00P,640.2,621,617614.0,PUT,2026-06-18,460.0,7589,84.797,-0.099318774,0.000928094,-0.367471703,0.387538699,44,100.0,US.MU,12.0,12.3,9.3,15.5,-0.281474539206498,721975339450.2,"成交额 $617,614 ≥ 阈值 $500,000 | 成交量 621 手",US.MU,2026-05-06 08:03:49
US.MU260522P590000,MU 260522 590.00P,640.2,255,606284.0,PUT,2026-05-22,590.0,56,85.855,-0.293477404,0.002914802,-1.200925303,0.473659824,17,100.0,US.MU,31.35,33.2,21.56,46.9037,-0.0784129959387692,721975339450.2,"成交额 $606,284 ≥ 阈值 $500,000 | 成交量 255 手",US.MU,2026-05-06 08:03:49
US.MU260515C715000,MU 260515 715.00C,640.2,454,591948.0,CALL,2026-05-15,715.0,0,90.803,0.254964344,0.00335942,-1.587715916,0.33795981,10,100.0,US.MU,7.5,15.9,7.5,7.5,-0.11683848797250851,721975339450.2,"成交额 $591,948 ≥ 阈值 $500,000 | 成交量 454 手",US.MU,2026-05-06 08:03:49
US.MU260618C850000,MU 260618 850.00C,640.2,329,584727.0,CALL,2026-06-18,850.0,331,84.524,0.210132948,0.001536882,-0.628102651,0.639844171,44,100.0,US.MU,11.79,21.21,11.79,7.593,-0.32771009059668843,721975339450.2,"成交额 $584,727 ≥ 阈值 $500,000 | 成交量 329 手",US.MU,2026-05-06 08:03:49
US.MU260618P420000,MU 260618 420.00P,640.2,1011,575929.0,PUT,2026-06-18,420.0,3910,88.446,-0.061594916,0.000619445,-0.266691901,0.269857248,44,100.0,US.MU,6.75,6.83,5.45,8.65,-0.3439550140581069,721975339450.2,"成交额 $575,929 ≥ 阈值 $500,000 | 成交量 1,011 手",US.MU,2026-05-06 08:03:49
US.MU260605P500000,MU 260605 500.00P,640.2,533,569067.0,PUT,2026-06-05,500.0,409,84.619,-0.127282901,0.001323639,-0.523577797,0.388073731,31,100.0,US.MU,14.0,14.0,10.0,18.775,-0.21899406435488916,721975339450.2,"成交额 $569,067 ≥ 阈值 $500,000 | 成交量 533 手",US.MU,2026-05-06 08:03:49
US.MU260508P540000,MU 260508 540.00P,640.2,3782,563707.0,PUT,2026-05-08,540.0,2797,112.185,-0.038820723,0.001321292,-0.744577635,0.047715142,3,100.0,US.MU,2.55,2.91,0.85,7.0751,-0.1565135895032803,721975339450.2,"成交额 $563,707 ≥ 阈值 $500,000 | 成交量 3,782 手",US.MU,2026-05-06 08:03:49
US.MU260529P520000,MU 260529 520.00P,640.2,533,561930.0,PUT,2026-05-29,520.0,407,84.476,-0.139817993,0.001608418,-0.635634165,0.364016443,24,100.0,US.MU,13.77,14.4,9.5,20.35,-0.1877538269290847,721975339450.2,"成交额 $561,930 ≥ 阈值 $500,000 | 成交量 533 手",US.MU,2026-05-06 08:03:49
US.MU260618P440000,MU 260618 440.00P,640.2,678,513906.0,PUT,2026-06-18,440.0,2481,86.603,-0.078841307,0.000765071,-0.31594149,0.32631416,44,100.0,US.MU,9.05,9.17,7.1,11.675,-0.31271477663230246,721975339450.2,"成交额 $513,906 ≥ 阈值 $500,000 | 成交量 678 手",US.MU,2026-05-06 08:03:49
US.MU260508C662500,MU 260508 662.50C,640.2,432,510956.0,CALL,2026-05-08,662.5,66,103.011,0.372100788,0.00647209,-4.219191986,0.214608879,3,100.0,US.MU,5.3,19.25,5.3,1.8353,-0.03483286472977187,721975339450.2,"成交额 $510,956 ≥ 阈值 $500,000 | 成交量 432 手",US.MU,2026-05-06 08:03:49
US.MU260508P565000,MU 260508 565.00P,640.2,1721,506775.0,PUT,2026-05-08,565.0,477,104.969,-0.081851033,0.002539751,-1.411070168,0.085812799,3,100.0,US.MU,6.05,6.62,1.85,15.0659,-0.11746329272102474,721975339450.2,"成交额 $506,775 ≥ 阈值 $500,000 | 成交量 1,721 手",US.MU,2026-05-06 08:03:49
US.MU260529P500000,MU 260529 500.00P,640.2,650,503753.0,PUT,2026-05-29,500.0,1116,85.464,-0.105532555,0.001304596,-0.526506022,0.298742474,24,100.0,US.MU,10.0,10.0,6.85,14.775,-0.21899406435488916,721975339450.2,"成交额 $503,753 ≥ 阈值 $500,000 | 成交量 650 手",US.MU,2026-05-06 08:03:49
US.NVDA260717C200000,NVDA 260717 200.00C,196.5,46434,63576649.0,CALL,2026-07-17,200.0,42223,40.255,0.512780795,0.011281799,-0.105746345,0.350079108,73,100.0,US.NVDA,14.4,14.9,12.92,14.1,-0.017811704834605598,4774950000000.0,"成交额 $63,576,649 ≥ 阈值 $500,000 | 成交量 46,434 手",US.NVDA,2026-05-06 08:04:19
US.NVDA260515C200000,NVDA 260515 200.00C,196.5,66316,25549173.0,CALL,2026-05-15,200.0,138254,36.715,0.402824144,0.032630218,-0.24580967,0.125039926,10,100.0,US.NVDA,4.6,5.15,3.2,4.35,-0.017811704834605598,4774950000000.0,"成交额 $25,549,173 ≥ 阈值 $500,000 | 成交量 66,316 手",US.NVDA,2026-05-06 08:04:19
US.NVDA260506C200000,NVDA 260506 200.00C,196.5,163416,20179601.0,CALL,2026-05-06,200.0,14270,48.454,0.231965196,0.065767984,-0.830059243,0.029206227,1,100.0,US.NVDA,1.8,2.18,0.61,1.545,-0.017811704834605598,4774950000000.0,"成交额 $20,179,601 ≥ 阈值 $500,000 | 成交量 163,416 手",US.NVDA,2026-05-06 08:04:19
US.NVDA260506C197500,NVDA 260506 197.50C,196.5,71370,15126770.0,CALL,2026-05-06,197.5,8399,48.987,0.42185925,0.083426291,-1.093563842,0.037458563,1,100.0,US.NVDA,2.88,3.77,1.38,2.8432,-0.005089058524173028,4774950000000.0,"成交额 $15,126,770 ≥ 阈值 $500,000 | 成交量 71,370 手",US.NVDA,2026-05-06 08:04:19
US.NVDA260506P197500,NVDA 260506 197.50P,196.5,61519,11542908.0,PUT,2026-05-06,197.5,3215,49.431,-0.577471534,0.082741577,-1.084694671,0.037468239,1,100.0,US.NVDA,1.26,2.82,1.02,1.765,0.005089058524173028,4774950000000.0,"成交额 $11,542,908 ≥ 阈值 $500,000 | 成交量 61,519 手",US.NVDA,2026-05-06 08:04:19
US.NVDA260508C200000,NVDA 260508 200.00C,196.5,53063,11458409.0,CALL,2026-05-08,200.0,34218,42.216,0.327947317,0.049138955,-0.505255615,0.062901131,3,100.0,US.NVDA,2.68,3.25,1.47,2.575,-0.017811704834605598,4774950000000.0,"成交额 $11,458,409 ≥ 阈值 $500,000 | 成交量 53,063 手",US.NVDA,2026-05-06 08:04:19
US.NVDA260508C197500,NVDA 260508 197.50C,196.5,27808,9242882.0,CALL,2026-05-08,197.5,11176,42.985,0.457501963,0.052993517,-0.580681702,0.06907515,3,100.0,US.NVDA,4.0,4.75,2.43,3.9052,-0.005089058524173028,4774950000000.0,"成交额 $9,242,882 ≥ 阈值 $500,000 | 成交量 27,808 手",US.NVDA,2026-05-06 08:04:19
US.NVDA260506P195000,NVDA 260506 195.00P,196.5,76151,9006467.0,PUT,2026-05-06,195.0,14764,52.083,-0.375270369,0.076074023,-1.110221983,0.036309746,1,100.0,US.NVDA,0.68,1.61,0.54,1.025,-0.007633587786259542,4774950000000.0,"成交额 $9,006,467 ≥ 阈值 $500,000 | 成交量 76,151 手",US.NVDA,2026-05-06 08:04:19
US.NVDA260529C200000,NVDA 260529 200.00C,196.5,8119,6907286.0,CALL,2026-05-29,200.0,19996,45.24,0.470400361,0.017501354,-0.199872286,0.19990351,24,100.0,US.NVDA,9.13,9.6,7.51,8.75,-0.017811704834605598,4774950000000.0,"成交额 $6,907,286 ≥ 阈值 $500,000 | 成交量 8,119 手",US.NVDA,2026-05-06 08:04:19
US.NVDA260618C200000,NVDA 260618 200.00C,196.5,6354,6766284.0,CALL,2026-06-18,200.0,113726,41.399,0.491673505,0.014142861,-0.137549003,0.27170426,44,100.0,US.NVDA,11.45,11.9,9.9,11.1,-0.017811704834605598,4774950000000.0,"成交额 $6,766,284 ≥ 阈值 $500,000 | 成交量 6,354 手",US.NVDA,2026-05-06 08:04:19
US.NVDA260515C195000,NVDA 260515 195.00C,196.5,9781,6193175.0,CALL,2026-05-15,195.0,70528,37.858,0.567489822,0.032149456,-0.260689868,0.127036572,10,100.0,US.NVDA,7.4,8.15,5.6,7.2045,0.007633587786259542,4774950000000.0,"成交额 $6,193,175 ≥ 阈值 $500,000 | 成交量 9,781 手",US.NVDA,2026-05-06 08:04:19
US.NVDA260618C220000,NVDA 260618 220.00C,196.5,15474,6062779.0,CALL,2026-06-18,220.0,74108,40.558,0.241306207,0.011285002,-0.102714602,0.212366055,44,100.0,US.NVDA,4.17,4.5,3.58,4.0896,-0.11959287531806616,4774950000000.0,"成交额 $6,062,779 ≥ 阈值 $500,000 | 成交量 15,474 手",US.NVDA,2026-05-06 08:04:19
US.NVDA260506C195000,NVDA 260506 195.00C,196.5,15551,5750801.0,CALL,2026-05-06,195.0,1884,51.763,0.625464588,0.076486365,-1.121792932,0.036288555,1,100.0,US.NVDA,4.74,5.8,2.68,4.6049,0.007633587786259542,4774950000000.0,"成交额 $5,750,801 ≥ 阈值 $500,000 | 成交量 15,551 手",US.NVDA,2026-05-06 08:04:19
US.NVDA260508C195000,NVDA 260508 195.00C,196.5,11632,5548933.0,CALL,2026-05-08,195.0,19996,44.218,0.588004672,0.050544676,-0.587262074,0.067772072,3,100.0,US.NVDA,6.3,6.6,3.75,5.5282,0.007633587786259542,4774950000000.0,"成交额 $5,548,933 ≥ 阈值 $500,000 | 成交量 11,632 手",US.NVDA,2026-05-06 08:04:19
US.NVDA260506C202500,NVDA 260506 202.50C,196.5,86211,5281145.0,CALL,2026-05-06,202.5,12171,51.048,0.116355637,0.040047677,-0.546857659,0.018735596,1,100.0,US.NVDA,0.75,1.1,0.27,0.74,-0.030534351145038167,4774950000000.0,"成交额 $5,281,145 ≥ 阈值 $500,000 | 成交量 86,211 手",US.NVDA,2026-05-06 08:04:19
US.NVDA260506P200000,NVDA 260506 200.00P,196.5,17170,5141195.0,PUT,2026-05-06,200.0,7212,48.332,-0.768860123,0.065916683,-0.807505425,0.029141566,1,100.0,US.NVDA,2.81,4.58,1.91,2.9707,0.017811704834605598,4774950000000.0,"成交额 $5,141,195 ≥ 阈值 $500,000 | 成交量 17,170 手",US.NVDA,2026-05-06 08:04:19
US.NVDA260508C190000,NVDA 260508 190.00C,196.5,5954,5089572.0,CALL,2026-05-08,190.0,8145,48.577,0.790899763,0.033984246,-0.452087483,0.050054227,3,100.0,US.NVDA,9.6,10.8,7.27,9.4902,0.03307888040712468,4774950000000.0,"成交额 $5,089,572 ≥ 阈值 $500,000 | 成交量 5,954 手",US.NVDA,2026-05-06 08:04:19
US.NVDA260522C200000,NVDA 260522 200.00C,196.5,6368,4711050.0,CALL,2026-05-22,200.0,17392,49.102,0.460726376,0.019141182,-0.256046301,0.167696669,17,100.0,US.NVDA,7.95,8.72,6.68,7.925,-0.017811704834605598,4774950000000.0,"成交额 $4,711,050 ≥ 阈值 $500,000 | 成交量 6,368 手",US.NVDA,2026-05-06 08:04:19
US.NVDA260717P195000,NVDA 260717 195.00P,196.5,3783,4629012.0,PUT,2026-07-17,195.0,6134,40.265,-0.434327613,0.011245724,-0.087398505,0.344871219,73,100.0,US.NVDA,11.48,12.85,11.1,11.675,-0.007633587786259542,4774950000000.0,"成交额 $4,629,012 ≥ 阈值 $500,000 | 成交量 3,783 手",US.NVDA,2026-05-06 08:04:19
US.NVDA260515C205000,NVDA 260515 205.00C,196.5,20641,4565195.0,CALL,2026-05-15,205.0,50497,36.298,0.253561685,0.027301443,-0.197346933,0.103417799,10,100.0,US.NVDA,2.47,2.86,1.7,2.38,-0.043256997455470736,4774950000000.0,"成交额 $4,565,195 ≥ 阈值 $500,000 | 成交量 20,641 手",US.NVDA,2026-05-06 08:04:19
US.NVDA260821P180000,NVDA 260821 180.00P,196.5,4948,4472741.0,PUT,2026-08-21,180.0,19819,42.038,-0.295107547,0.007736119,-0.066177231,0.368163638,108,100.0,US.NVDA,8.62,9.45,8.5,8.75,-0.08396946564885496,4774950000000.0,"成交额 $4,472,741 ≥ 阈值 $500,000 | 成交量 4,948 手",US.NVDA,2026-05-06 08:04:19
US.NVDA260618C195000,NVDA 260618 195.00C,196.5,3195,4228406.0,CALL,2026-06-18,195.0,23569,41.912,0.561745392,0.013805288,-0.138746382,0.268502076,44,100.0,US.NVDA,14.15,14.7,12.35,13.7237,0.007633587786259542,4774950000000.0,"成交额 $4,228,406 ≥ 阈值 $500,000 | 成交量 3,195 手",US.NVDA,2026-05-06 08:04:19
US.NVDA260717P185000,NVDA 260717 185.00P,196.5,4892,4047534.0,PUT,2026-07-17,185.0,11249,41.451,-0.325536568,0.00995107,-0.083884733,0.315850315,73,100.0,US.NVDA,7.62,8.65,7.35,7.875,-0.058524173027989825,4774950000000.0,"成交额 $4,047,534 ≥ 阈值 $500,000 | 成交量 4,892 手",US.NVDA,2026-05-06 08:04:19
US.NVDA260618C210000,NVDA 260618 210.00C,196.5,5906,3899802.0,CALL,2026-06-18,210.0,63478,40.81,0.356404828,0.013410092,-0.124997421,0.253949858,44,100.0,US.NVDA,7.1,7.5,6.09,6.9,-0.06870229007633588,4774950000000.0,"成交额 $3,899,802 ≥ 阈值 $500,000 | 成交量 5,906 手",US.NVDA,2026-05-06 08:04:19
US.NVDA260508C205000,NVDA 260508 205.00C,196.5,43140,3619010.0,CALL,2026-05-08,205.0,72440,43.24,0.14039584,0.02961679,-0.283594041,0.038825396,3,100.0,US.NVDA,0.94,1.24,0.53,0.945,-0.043256997455470736,4774950000000.0,"成交额 $3,619,010 ≥ 阈值 $500,000 | 成交量 43,140 手",US.NVDA,2026-05-06 08:04:19
US.NVDA260515C202500,NVDA 260515 202.50C,196.5,12124,3540810.0,CALL,2026-05-15,202.5,10868,36.479,0.324500126,0.030519986,-0.225061616,0.116194608,10,100.0,US.NVDA,3.4,3.84,2.36,3.25,-0.030534351145038167,4774950000000.0,"成交额 $3,540,810 ≥ 阈值 $500,000 | 成交量 12,124 手",US.NVDA,2026-05-06 08:04:19
US.NVDA260717P180000,NVDA 260717 180.00P,196.5,5072,3385989.0,PUT,2026-07-17,180.0,37484,42.036,-0.275875306,0.009092211,-0.079495381,0.29313902,73,100.0,US.NVDA,5.85,7.05,5.85,6.375,-0.08396946564885496,4774950000000.0,"成交额 $3,385,989 ≥ 阈值 $500,000 | 成交量 5,072 手",US.NVDA,2026-05-06 08:04:19
US.NVDA260508C202500,NVDA 260508 202.50C,196.5,24815,3343757.0,CALL,2026-05-08,202.5,39789,42.359,0.21920301,0.040057735,-0.393916638,0.051445884,3,100.0,US.NVDA,1.6,2.06,0.89,1.595,-0.030534351145038167,4774950000000.0,"成交额 $3,343,757 ≥ 阈值 $500,000 | 成交量 24,815 手",US.NVDA,2026-05-06 08:04:19
US.NVDA260529P190000,NVDA 260529 190.00P,196.5,5521,3306752.0,PUT,2026-05-29,190.0,3472,46.213,-0.358701766,0.016125239,-0.176616176,0.187658184,24,100.0,US.NVDA,5.31,6.21,4.9,5.45,-0.03307888040712468,4774950000000.0,"成交额 $3,306,752 ≥ 阈值 $500,000 | 成交量 5,521 手",US.NVDA,2026-05-06 08:04:19
US.NVDA261016P190000,NVDA 261016 190.00P,196.5,2018,3276312.0,PUT,2026-10-16,190.0,3720,41.755,-0.379866719,0.007038254,-0.056409935,0.499973671,164,100.0,US.NVDA,16.08,17.01,16.03,16.275,-0.03307888040712468,4774950000000.0,"成交额 $3,276,312 ≥ 阈值 $500,000 | 成交量 2,018 手",US.NVDA,2026-05-06 08:04:19
US.NVDA260918C200000,NVDA 260918 200.00C,196.5,1549,3127844.0,CALL,2026-09-18,200.0,29414,41.803,0.544290594,0.007911191,-0.081948392,0.475328756,136,100.0,US.NVDA,20.98,21.5,19.4,20.6663,-0.017811704834605598,4774950000000.0,"成交额 $3,127,844 ≥ 阈值 $500,000 | 成交量 1,549 手",US.NVDA,2026-05-06 08:04:19
US.NVDA260717C195000,NVDA 260717 195.00C,196.5,1874,3066778.0,CALL,2026-07-17,195.0,6252,40.753,0.568635853,0.010984341,-0.106387017,0.345061937,73,100.0,US.NVDA,16.92,17.65,15.4,16.6836,0.007633587786259542,4774950000000.0,"成交额 $3,066,778 ≥ 阈值 $500,000 | 成交量 1,874 手",US.NVDA,2026-05-06 08:04:19
US.NVDA260618C205000,NVDA 260618 205.00C,196.5,3605,3062843.0,CALL,2026-06-18,205.0,24095,41.012,0.42227038,0.014007463,-0.132730934,0.266583725,44,100.0,US.NVDA,9.0,9.5,7.81,8.825,-0.043256997455470736,4774950000000.0,"成交额 $3,062,843 ≥ 阈值 $500,000 | 成交量 3,605 手",US.NVDA,2026-05-06 08:04:19
US.NVDA260508P195000,NVDA 260508 195.00P,196.5,14687,3042688.0,PUT,2026-05-08,195.0,33543,43.844,-0.411557333,0.050991138,-0.563198124,0.067746675,3,100.0,US.NVDA,1.42,2.56,1.25,1.85,-0.007633587786259542,4774950000000.0,"成交额 $3,042,688 ≥ 阈值 $500,000 | 成交量 14,687 手",US.NVDA,2026-05-06 08:04:19
US.NVDA260508P197500,NVDA 260508 197.50P,196.5,10487,2972246.0,PUT,2026-05-08,197.5,21140,42.765,-0.54308107,0.053318429,-0.558640434,0.069049892,3,100.0,US.NVDA,2.26,3.78,1.95,2.73,0.005089058524173028,4774950000000.0,"成交额 $2,972,246 ≥ 阈值 $500,000 | 成交量 10,487 手",US.NVDA,2026-05-06 08:04:19
US.NVDA260618P200000,NVDA 260618 200.00P,196.5,2376,2929855.0,PUT,2026-06-18,200.0,26967,41.29,-0.51093096,0.014311328,-0.118795042,0.271219553,44,100.0,US.NVDA,11.25,12.9,10.83,11.6486,0.017811704834605598,4774950000000.0,"成交额 $2,929,855 ≥ 阈值 $500,000 | 成交量 2,376 手",US.NVDA,2026-05-06 08:04:19
US.NVDA260918P215000,NVDA 260918 215.00P,196.5,1004,2859474.0,PUT,2026-09-18,215.0,753,40.389,-0.583454734,0.008400955,-0.058514866,0.464744896,136,100.0,US.NVDA,28.7,29.14,28.45,27.8569,0.09414758269720101,4774950000000.0,"成交额 $2,859,474 ≥ 阈值 $500,000 | 成交量 1,004 手",US.NVDA,2026-05-06 08:04:19
US.NVDA260717P175000,NVDA 260717 175.00P,196.5,4867,2673149.0,PUT,2026-07-17,175.0,20705,42.935,-0.231476916,0.008108391,-0.074497903,0.267339114,73,100.0,US.NVDA,4.85,5.65,4.7,5.125,-0.10941475826972011,4774950000000.0,"成交额 $2,673,149 ≥ 阈值 $500,000 | 成交量 4,867 手",US.NVDA,2026-05-06 08:04:19
US.NVDA260508C192500,NVDA 260508 192.50C,196.5,4125,2630209.0,CALL,2026-05-08,192.5,2014,46.088,0.702272189,0.043173722,-0.534510264,0.060333436,3,100.0,US.NVDA,7.52,8.6,5.38,7.4097,0.020356234096692113,4774950000000.0,"成交额 $2,630,209 ≥ 阈值 $500,000 | 成交量 4,125 手",US.NVDA,2026-05-06 08:04:19
US.NVDA260522C205000,NVDA 260522 205.00C,196.5,4647,2525263.0,CALL,2026-05-22,205.0,15559,48.585,0.367984164,0.018364828,-0.238883299,0.159196835,17,100.0,US.NVDA,6.08,6.35,4.8,5.75,-0.043256997455470736,4774950000000.0,"成交额 $2,525,263 ≥ 阈值 $500,000 | 成交量 4,647 手",US.NVDA,2026-05-06 08:04:19
US.NVDA260918C210000,NVDA 260918 210.00C,196.5,1532,2452071.0,CALL,2026-09-18,210.0,24207,41.326,0.466568847,0.008023801,-0.080197132,0.476592897,136,100.0,US.NVDA,16.4,16.8,15.2,16.225,-0.06870229007633588,4774950000000.0,"成交额 $2,452,071 ≥ 阈值 $500,000 | 成交量 1,532 手",US.NVDA,2026-05-06 08:04:19
US.NVDA260508P190000,NVDA 260508 190.00P,196.5,29946,2437778.0,PUT,2026-05-08,190.0,56292,47.748,-0.205359511,0.034211684,-0.420352676,0.049519428,3,100.0,US.NVDA,0.6,1.11,0.49,0.81,-0.03307888040712468,4774950000000.0,"成交额 $2,437,778 ≥ 阈值 $500,000 | 成交量 29,946 手",US.NVDA,2026-05-06 08:04:19
US.NVDA260508P200000,NVDA 260508 200.00P,196.5,6092,2407060.0,PUT,2026-05-08,200.0,9845,41.889,-0.673893853,0.049533987,-0.481233037,0.062732561,3,100.0,US.NVDA,3.25,5.34,2.9,3.905,0.017811704834605598,4774950000000.0,"成交额 $2,407,060 ≥ 阈值 $500,000 | 成交量 6,092 手",US.NVDA,2026-05-06 08:04:19
US.NVDA260515C210000,NVDA 260515 210.00C,196.5,21714,2386645.0,CALL,2026-05-15,210.0,82880,36.689,0.145694655,0.019290412,-0.139069404,0.073852348,10,100.0,US.NVDA,1.21,1.5,0.85,1.2,-0.06870229007633588,4774950000000.0,"成交额 $2,386,645 ≥ 阈值 $500,000 | 成交量 21,714 手",US.NVDA,2026-05-06 08:04:19
US.NVDA260821C200000,NVDA 260821 200.00C,196.5,1369,2370141.0,CALL,2026-08-21,200.0,16757,40.595,0.531453687,0.009171073,-0.088857278,0.424830866,108,100.0,US.NVDA,17.98,18.5,16.45,17.6326,-0.017811704834605598,4774950000000.0,"成交额 $2,370,141 ≥ 阈值 $500,000 | 成交量 1,369 手",US.NVDA,2026-05-06 08:04:19
US.NVDA260918C260000,NVDA 260918 260.00C,196.5,5532,2295242.0,CALL,2026-09-18,260.0,8734,40.579,0.170371915,0.005208887,-0.048270381,0.303736334,136,100.0,US.NVDA,4.25,4.25,3.95,4.2,-0.3231552162849873,4774950000000.0,"成交额 $2,295,242 ≥ 阈值 $500,000 | 成交量 5,532 手",US.NVDA,2026-05-06 08:04:19
US.NVDA260511C200000,NVDA 260511 200.00C,196.5,8648,2293557.0,CALL,2026-05-11,200.0,1906,34.162,0.354752068,0.043734529,-0.286902852,0.092715367,6,100.0,US.NVDA,3.15,3.75,1.95,3.05,-0.017811704834605598,4774950000000.0,"成交额 $2,293,557 ≥ 阈值 $500,000 | 成交量 8,648 手",US.NVDA,2026-05-06 08:04:19
US.NVDA261016C205000,NVDA 261016 205.00C,196.5,1136,2263711.0,CALL,2026-10-16,205.0,4965,41.372,0.517785865,0.007316527,-0.074523825,0.524731786,164,100.0,US.NVDA,21.0,21.02,19.47,20.425,-0.043256997455470736,4774950000000.0,"成交额 $2,263,711 ≥ 阈值 $500,000 | 成交量 1,136 手",US.NVDA,2026-05-06 08:04:19
US.NVDA260506P192500,NVDA 260506 192.50P,196.5,37201,2256711.0,PUT,2026-05-06,192.5,9150,56.079,-0.220812153,0.055269075,-0.925076763,0.028404651,1,100.0,US.NVDA,0.32,0.89,0.27,0.575,-0.020356234096692113,4774950000000.0,"成交额 $2,256,711 ≥ 阈值 $500,000 | 成交量 37,201 手",US.NVDA,2026-05-06 08:04:19
US.NVDA260618C225000,NVDA 260618 225.00C,196.5,7407,2209584.0,CALL,2026-06-18,225.0,21238,40.651,0.194995539,0.009955924,-0.09056639,0.187778381,44,100.0,US.NVDA,3.15,3.4,2.74,3.1086,-0.1450381679389313,4774950000000.0,"成交额 $2,209,584 ≥ 阈值 $500,000 | 成交量 7,407 手",US.NVDA,2026-05-06 08:04:19
US.NVDA260717C210000,NVDA 260717 210.00C,196.5,2255,2137948.0,CALL,2026-07-17,210.0,19606,39.536,0.402524598,0.011148279,-0.099404117,0.339739527,73,100.0,US.NVDA,9.86,10.36,8.89,9.775,-0.06870229007633588,4774950000000.0,"成交额 $2,137,948 ≥ 阈值 $500,000 | 成交量 2,255 手",US.NVDA,2026-05-06 08:04:19
US.NVDA260515C145000,NVDA 260515 145.00C,196.5,395,2120403.0,CALL,2026-05-15,145.0,3620,0.0,0.0,0.0,0.0,0.0,10,100.0,US.NVDA,53.7,53.7,51.7,53.8277,0.26208651399491095,4774950000000.0,"成交额 $2,120,403 ≥ 阈值 $500,000 | 成交量 395 手",US.NVDA,2026-05-06 08:04:19
US.NVDA260522C195000,NVDA 260522 195.00C,196.5,2182,2117488.0,CALL,2026-05-22,195.0,5256,49.835,0.555963452,0.018764725,-0.260214512,0.166853652,17,100.0,US.NVDA,10.68,11.5,9.1,10.5758,0.007633587786259542,4774950000000.0,"成交额 $2,117,488 ≥ 阈值 $500,000 | 成交量 2,182 手",US.NVDA,2026-05-06 08:04:19
US.NVDA260515C190000,NVDA 260515 190.00C,196.5,2194,2112814.0,CALL,2026-05-15,190.0,42729,39.583,0.713788698,0.026601628,-0.237849511,0.109894924,10,100.0,US.NVDA,11.31,12.0,8.9,10.7856,0.03307888040712468,4774950000000.0,"成交额 $2,112,814 ≥ 阈值 $500,000 | 成交量 2,194 手",US.NVDA,2026-05-06 08:04:19
US.NVDA260515C197500,NVDA 260515 197.50C,196.5,4100,2074675.0,CALL,2026-05-15,197.5,3117,37.307,0.485600817,0.03307805,-0.25901585,0.128801989,10,100.0,US.NVDA,5.9,6.5,4.32,5.6771,-0.005089058524173028,4774950000000.0,"成交额 $2,074,675 ≥ 阈值 $500,000 | 成交量 4,100 手",US.NVDA,2026-05-06 08:04:19
US.NVDA260918P205000,NVDA 260918 205.00P,196.5,922,2046027.0,PUT,2026-09-18,205.0,2532,40.805,-0.503241672,0.008373062,-0.062157348,0.476262946,136,100.0,US.NVDA,21.2,23.2,20.86,21.917,0.043256997455470736,4774950000000.0,"成交额 $2,046,027 ≥ 阈值 $500,000 | 成交量 922 手",US.NVDA,2026-05-06 08:04:19
US.NVDA260618P180000,NVDA 260618 180.00P,196.5,4333,2006940.0,PUT,2026-06-18,180.0,35331,43.954,-0.248908435,0.010610009,-0.103805268,0.21584191,44,100.0,US.NVDA,4.25,4.95,4.0,4.375,-0.08396946564885496,4774950000000.0,"成交额 $2,006,940 ≥ 阈值 $500,000 | 成交量 4,333 手",US.NVDA,2026-05-06 08:04:19
US.NVDA260522C210000,NVDA 260522 210.00C,196.5,5422,2002738.0,CALL,2026-05-22,210.0,11535,48.36,0.28398032,0.016591375,-0.212218423,0.143150584,17,100.0,US.NVDA,4.15,4.5,3.32,4.05,-0.06870229007633588,4774950000000.0,"成交额 $2,002,738 ≥ 阈值 $500,000 | 成交量 5,422 手",US.NVDA,2026-05-06 08:04:19
US.NVDA260515P190000,NVDA 260515 190.00P,196.5,9354,1991078.0,PUT,2026-05-15,190.0,90904,39.295,-0.285281343,0.02677734,-0.217349718,0.109697548,10,100.0,US.NVDA,1.69,2.52,1.57,1.98,-0.03307888040712468,4774950000000.0,"成交额 $1,991,078 ≥ 阈值 $500,000 | 成交量 9,354 手",US.NVDA,2026-05-06 08:04:19
US.NVDA260522C197500,NVDA 260522 197.50C,196.5,2321,1984358.0,CALL,2026-05-22,197.5,1008,49.372,0.508390921,0.019124837,-0.259500567,0.168477375,17,100.0,US.NVDA,9.3,10.0,7.85,9.2005,-0.005089058524173028,4774950000000.0,"成交额 $1,984,358 ≥ 阈值 $500,000 | 成交量 2,321 手",US.NVDA,2026-05-06 08:04:19
US.NVDA260515C185000,NVDA 260515 185.00C,196.5,1486,1972733.0,CALL,2026-05-15,185.0,29675,41.905,0.822251774,0.019228754,-0.194474711,0.084090476,10,100.0,US.NVDA,15.5,16.2,12.8,14.9185,0.058524173027989825,4774950000000.0,"成交额 $1,972,733 ≥ 阈值 $500,000 | 成交量 1,486 手",US.NVDA,2026-05-06 08:04:19
US.NVDA260515C215000,NVDA 260515 215.00C,196.5,35389,1964650.0,CALL,2026-05-15,215.0,52978,38.189,0.082873222,0.012374661,-0.094159591,0.049313675,10,100.0,US.NVDA,0.62,0.76,0.45,0.62,-0.09414758269720101,4774950000000.0,"成交额 $1,964,650 ≥ 阈值 $500,000 | 成交量 35,389 手",US.NVDA,2026-05-06 08:04:19
US.NVDA260618C230000,NVDA 260618 230.00C,196.5,8710,1954359.0,CALL,2026-06-18,230.0,44033,40.835,0.156152729,0.008608086,-0.078630359,0.163084598,44,100.0,US.NVDA,2.38,2.59,2.08,2.35,-0.17048346055979643,4774950000000.0,"成交额 $1,954,359 ≥ 阈值 $500,000 | 成交量 8,710 手",US.NVDA,2026-05-06 08:04:19
US.NVDA260605C200000,NVDA 260605 200.00C,196.5,2048,1926503.0,CALL,2026-06-05,200.0,7426,43.367,0.479021136,0.01607641,-0.169721426,0.227649498,31,100.0,US.NVDA,9.85,10.4,8.4,9.65,-0.017811704834605598,4774950000000.0,"成交额 $1,926,503 ≥ 阈值 $500,000 | 成交量 2,048 手",US.NVDA,2026-05-06 08:04:19
US.NVDA260529C210000,NVDA 260529 210.00C,196.5,4025,1887680.0,CALL,2026-05-29,210.0,14287,44.614,0.306922608,0.015668872,-0.171671173,0.17648198,24,100.0,US.NVDA,4.85,5.3,4.04,4.75,-0.06870229007633588,4774950000000.0,"成交额 $1,887,680 ≥ 阈值 $500,000 | 成交量 4,025 手",US.NVDA,2026-05-06 08:04:19
US.NVDA260515P197500,NVDA 260515 197.50P,196.5,3895,1856216.0,PUT,2026-05-15,197.5,8665,37.008,-0.515538098,0.033445034,-0.238244234,0.128710425,10,100.0,US.NVDA,4.0,5.5,3.65,4.375,0.005089058524173028,4774950000000.0,"成交额 $1,856,216 ≥ 阈值 $500,000 | 成交量 3,895 手",US.NVDA,2026-05-06 08:04:19
US.NVDA260717C220000,NVDA 260717 220.00C,196.5,2881,1831860.0,CALL,2026-07-17,220.0,33322,39.21,0.302976319,0.010144734,-0.087969833,0.306590626,73,100.0,US.NVDA,6.64,7.05,5.95,6.55,-0.11959287531806616,4774950000000.0,"成交额 $1,831,860 ≥ 阈值 $500,000 | 成交量 2,881 手",US.NVDA,2026-05-06 08:04:19
US.NVDA260508P192500,NVDA 260508 192.50P,196.5,13010,1801277.0,PUT,2026-05-08,192.5,11319,45.577,-0.295931707,0.043548341,-0.508097494,0.060161519,3,100.0,US.NVDA,0.96,1.71,0.8,1.23,-0.020356234096692113,4774950000000.0,"成交额 $1,801,277 ≥ 阈值 $500,000 | 成交量 13,010 手",US.NVDA,2026-05-06 08:04:19
US.NVDA260515P185000,NVDA 260515 185.00P,196.5,14347,1763903.0,PUT,2026-05-15,185.0,30538,41.364,-0.175019328,0.019297512,-0.172216147,0.083256894,10,100.0,US.NVDA,0.94,1.43,0.86,1.115,-0.058524173027989825,4774950000000.0,"成交额 $1,763,903 ≥ 阈值 $500,000 | 成交量 14,347 手",US.NVDA,2026-05-06 08:04:19
US.NVDA260511C197500,NVDA 260511 197.50C,196.5,5027,1722528.0,CALL,2026-05-11,197.5,677,34.885,0.468325664,0.045760967,-0.316938054,0.099069448,6,100.0,US.NVDA,4.4,5.19,2.94,4.3394,-0.005089058524173028,4774950000000.0,"成交额 $1,722,528 ≥ 阈值 $500,000 | 成交量 5,027 手",US.NVDA,2026-05-06 08:04:19
US.NVDA260506C205000,NVDA 260506 205.00C,196.5,62441,1700772.0,CALL,2026-05-06,205.0,18951,56.136,0.062822276,0.022975325,-0.369759524,0.011820595,1,100.0,US.NVDA,0.34,0.52,0.14,0.34,-0.043256997455470736,4774950000000.0,"成交额 $1,700,772 ≥ 阈值 $500,000 | 成交量 62,441 手",US.NVDA,2026-05-06 08:04:19
US.NVDA260506C190000,NVDA 260506 190.00C,196.5,2061,1700089.0,CALL,2026-05-06,190.0,416,60.538,0.8765951,0.035199894,-0.692816115,0.019529752,1,100.0,US.NVDA,9.39,10.35,6.55,8.9007,0.03307888040712468,4774950000000.0,"成交额 $1,700,089 ≥ 阈值 $500,000 | 成交量 2,061 手",US.NVDA,2026-05-06 08:04:19
US.NVDA260515P200000,NVDA 260515 200.00P,196.5,2928,1669370.0,PUT,2026-05-15,200.0,25782,36.606,-0.598667281,0.032860502,-0.226205198,0.124810369,10,100.0,US.NVDA,5.1,6.85,4.65,5.5521,0.017811704834605598,4774950000000.0,"成交额 $1,669,370 ≥ 阈值 $500,000 | 成交量 2,928 手",US.NVDA,2026-05-06 08:04:19
US.NVDA260522P197500,NVDA 260522 197.50P,196.5,1990,1602681.0,PUT,2026-05-22,197.5,268,49.186,-0.492547785,0.019255306,-0.239865272,0.168396123,17,100.0,US.NVDA,7.5,8.95,7.18,7.775,0.005089058524173028,4774950000000.0,"成交额 $1,602,681 ≥ 阈值 $500,000 | 成交量 1,990 手",US.NVDA,2026-05-06 08:04:19
US.NVDA260618C190000,NVDA 260618 190.00C,196.5,998,1599963.0,CALL,2026-06-18,190.0,49098,42.746,0.629493008,0.012971948,-0.136841513,0.257314263,44,100.0,US.NVDA,17.16,17.8,15.17,16.7659,0.03307888040712468,4774950000000.0,"成交额 $1,599,963 ≥ 阈值 $500,000 | 成交量 998 手",US.NVDA,2026-05-06 08:04:19
US.NVDA260918C220000,NVDA 260918 220.00C,196.5,1293,1588609.0,CALL,2026-09-18,220.0,27385,40.777,0.391510305,0.007856849,-0.07567657,0.460462088,136,100.0,US.NVDA,12.78,13.2,11.7,12.5,-0.11959287531806616,4774950000000.0,"成交额 $1,588,609 ≥ 阈值 $500,000 | 成交量 1,293 手",US.NVDA,2026-05-06 08:04:19
US.NVDA260522C185000,NVDA 260522 185.00C,196.5,956,1553293.0,CALL,2026-05-22,185.0,3467,51.666,0.730266619,0.01514311,-0.228870133,0.139589502,17,100.0,US.NVDA,17.79,18.25,15.35,17.2703,0.058524173027989825,4774950000000.0,"成交额 $1,553,293 ≥ 阈值 $500,000 | 成交量 956 手",US.NVDA,2026-05-06 08:04:19
US.NVDA260821C220000,NVDA 260821 220.00C,196.5,1584,1536587.0,CALL,2026-08-21,220.0,16975,39.591,0.356646768,0.008817248,-0.079281703,0.39831138,108,100.0,US.NVDA,10.03,10.29,9.0,9.675,-0.11959287531806616,4774950000000.0,"成交额 $1,536,587 ≥ 阈值 $500,000 | 成交量 1,584 手",US.NVDA,2026-05-06 08:04:19
US.NVDA260717P170000,NVDA 260717 170.00P,196.5,3381,1422974.0,PUT,2026-07-17,170.0,21852,43.815,-0.191716795,0.007109009,-0.068421841,0.239406439,73,100.0,US.NVDA,4.01,4.5,3.75,4.075,-0.13486005089058525,4774950000000.0,"成交额 $1,422,974 ≥ 阈值 $500,000 | 成交量 3,381 手",US.NVDA,2026-05-06 08:04:19
US.NVDA260522P200000,NVDA 260522 200.00P,196.5,1539,1420605.0,PUT,2026-05-22,200.0,10094,48.776,-0.540793626,0.019336976,-0.235529033,0.167521665,17,100.0,US.NVDA,8.8,10.21,8.1,9.0005,0.017811704834605598,4774950000000.0,"成交额 $1,420,605 ≥ 阈值 $500,000 | 成交量 1,539 手",US.NVDA,2026-05-06 08:04:19
US.NVDA260522C220000,NVDA 260522 220.00C,196.5,8299,1417437.0,CALL,2026-05-22,220.0,15157,48.42,0.15453907,0.011627678,-0.14655252,0.100440553,17,100.0,US.NVDA,1.95,2.13,1.52,1.88,-0.11959287531806616,4774950000000.0,"成交额 $1,417,437 ≥ 阈值 $500,000 | 成交量 8,299 手",US.NVDA,2026-05-06 08:04:19
US.NVDA260518C200000,NVDA 260518 200.00C,196.5,3125,1392594.0,CALL,2026-05-18,200.0,4309,34.609,0.413118983,0.030500399,-0.204522131,0.143674262,13,100.0,US.NVDA,4.9,5.45,3.6,4.7,-0.017811704834605598,4774950000000.0,"成交额 $1,392,594 ≥ 阈值 $500,000 | 成交量 3,125 手",US.NVDA,2026-05-06 08:04:19
US.NVDA260508P202500,NVDA 260508 202.50P,196.5,2301,1342918.0,PUT,2026-05-08,202.5,4817,42.236,-0.782260233,0.040250512,-0.372688995,0.051207657,3,100.0,US.NVDA,5.15,7.25,4.35,5.4336,0.030534351145038167,4774950000000.0,"成交额 $1,342,918 ≥ 阈值 $500,000 | 成交量 2,301 手",US.NVDA,2026-05-06 08:04:19
US.NVDA261120P200000,NVDA 261120 200.00P,196.5,550,1315644.0,PUT,2026-11-20,200.0,2574,41.976,-0.443136307,0.006666025,-0.05167861,0.570442929,199,100.0,US.NVDA,22.97,23.98,22.97,23.375,0.017811704834605598,4774950000000.0,"成交额 $1,315,644 ≥ 阈值 $500,000 | 成交量 550 手",US.NVDA,2026-05-06 08:04:19
US.NVDA260515P220000,NVDA 260515 220.00P,196.5,616,1294552.0,PUT,2026-05-15,220.0,2180,43.683,-0.941998096,0.009465262,-0.065947729,0.036881399,10,100.0,US.NVDA,20.65,23.45,20.28,21.6567,0.11959287531806616,4774950000000.0,"成交额 $1,294,552 ≥ 阈值 $500,000 | 成交量 616 手",US.NVDA,2026-05-06 08:04:19
US.NVDA260821P190000,NVDA 260821 190.00P,196.5,1041,1281912.0,PUT,2026-08-21,190.0,6646,40.97,-0.381386255,0.008805733,-0.070038891,0.406396366,108,100.0,US.NVDA,11.74,13.33,11.74,12.35,-0.03307888040712468,4774950000000.0,"成交额 $1,281,912 ≥ 阈值 $500,000 | 成交量 1,041 手",US.NVDA,2026-05-06 08:04:19
US.NVDA260918C250000,NVDA 260918 250.00C,196.5,2364,1268373.0,CALL,2026-09-18,250.0,18203,40.521,0.213085812,0.005983376,-0.055604687,0.348413687,136,100.0,US.NVDA,5.54,5.9,5.2,5.525,-0.272264631043257,4774950000000.0,"成交额 $1,268,373 ≥ 阈值 $500,000 | 成交量 2,364 手",US.NVDA,2026-05-06 08:04:19
US.NVDA260515P195000,NVDA 260515 195.00P,196.5,3441,1261772.0,PUT,2026-05-15,195.0,24920,37.748,-0.432980239,0.032313106,-0.24128395,0.127007935,10,100.0,US.NVDA,3.05,4.3,2.73,3.4,-0.007633587786259542,4774950000000.0,"成交额 $1,261,772 ≥ 阈值 $500,000 | 成交量 3,441 手",US.NVDA,2026-05-06 08:04:19
US.NVDA260522C215000,NVDA 260522 215.00C,196.5,4889,1250292.0,CALL,2026-05-22,215.0,62561,48.045,0.2108965,0.014236576,-0.178245964,0.122027418,17,100.0,US.NVDA,2.9,3.1,2.23,2.78,-0.09414758269720101,4774950000000.0,"成交额 $1,250,292 ≥ 阈值 $500,000 | 成交量 4,889 手",US.NVDA,2026-05-06 08:04:19
US.NVDA260918P200000,NVDA 260918 200.00P,196.5,629,1235143.0,PUT,2026-09-18,200.0,15218,41.122,-0.46228453,0.008227416,-0.063129139,0.474537778,136,100.0,US.NVDA,19.15,20.35,18.6,19.275,0.017811704834605598,4774950000000.0,"成交额 $1,235,143 ≥ 阈值 $500,000 | 成交量 629 手",US.NVDA,2026-05-06 08:04:19
US.NVDA260605C195000,NVDA 260605 195.00C,196.5,995,1202529.0,CALL,2026-06-05,195.0,3465,43.761,0.558809802,0.015780021,-0.170990277,0.225483691,31,100.0,US.NVDA,12.2,13.1,10.86,12.2749,0.007633587786259542,4774950000000.0,"成交额 $1,202,529 ≥ 阈值 $500,000 | 成交量 995 手",US.NVDA,2026-05-06 08:04:19
US.NVDA260508P205000,NVDA 260508 205.00P,196.5,1511,1177022.0,PUT,2026-05-08,205.0,6327,42.512,-0.865022051,0.029737932,-0.252348361,0.037731956,3,100.0,US.NVDA,6.82,9.31,5.99,7.296,0.043256997455470736,4774950000000.0,"成交额 $1,177,022 ≥ 阈值 $500,000 | 成交量 1,511 手",US.NVDA,2026-05-06 08:04:19
US.NVDA260515P215000,NVDA 260515 215.00P,196.5,659,1170421.0,PUT,2026-05-15,215.0,12321,41.268,-0.903711927,0.013709246,-0.09842569,0.054685742,10,100.0,US.NVDA,16.15,19.1,16.11,16.9008,0.09414758269720101,4774950000000.0,"成交额 $1,170,421 ≥ 阈值 $500,000 | 成交量 659 手",US.NVDA,2026-05-06 08:04:19
US.NVDA260821P140000,NVDA 260821 140.00P,196.5,6057,1162444.0,PUT,2026-08-21,140.0,18305,48.821,-0.07390659,0.002685281,-0.032382436,0.149476442,108,100.0,US.NVDA,1.7,1.94,1.7,1.79,-0.2875318066157761,4774950000000.0,"成交额 $1,162,444 ≥ 阈值 $500,000 | 成交量 6,057 手",US.NVDA,2026-05-06 08:04:19
US.NVDA260529P195000,NVDA 260529 195.00P,196.5,1611,1157625.0,PUT,2026-05-29,195.0,9583,45.554,-0.44358921,0.017313147,-0.182831466,0.198320821,24,100.0,US.NVDA,6.99,8.34,6.61,7.325,-0.007633587786259542,4774950000000.0,"成交额 $1,157,625 ≥ 阈值 $500,000 | 成交量 1,611 手",US.NVDA,2026-05-06 08:04:19
US.NVDA261016P180000,NVDA 261016 180.00P,196.5,911,1142216.0,PUT,2026-10-16,180.0,5660,42.558,-0.309412724,0.006359443,-0.05417995,0.463301107,164,100.0,US.NVDA,12.0,13.0,12.0,12.35,-0.08396946564885496,4774950000000.0,"成交额 $1,142,216 ≥ 阈值 $500,000 | 成交量 911 手",US.NVDA,2026-05-06 08:04:19
US.NVDA260515C170000,NVDA 260515 170.00C,196.5,406,1133918.0,CALL,2026-05-15,170.0,10276,49.162,0.967464016,0.004581337,-0.071428848,0.023509629,10,100.0,US.NVDA,28.8,30.5,26.74,29.0399,0.13486005089058525,4774950000000.0,"成交额 $1,133,918 ≥ 阈值 $500,000 | 成交量 406 手",US.NVDA,2026-05-06 08:04:19
US.NVDA260821P150000,NVDA 260821 150.00P,196.5,4136,1126730.0,PUT,2026-08-21,150.0,17119,46.676,-0.109394167,0.003761029,-0.041162503,0.199969473,108,100.0,US.NVDA,2.72,2.98,2.61,2.74,-0.2366412213740458,4774950000000.0,"成交额 $1,126,730 ≥ 阈值 $500,000 | 成交量 4,136 手",US.NVDA,2026-05-06 08:04:19
US.NVDA260522P195000,NVDA 260522 195.00P,196.5,1587,1088142.0,PUT,2026-05-22,195.0,9521,49.334,-0.44457484,0.019002442,-0.239153724,0.166812959,17,100.0,US.NVDA,6.38,7.65,5.95,6.65,-0.007633587786259542,4774950000000.0,"成交额 $1,088,142 ≥ 阈值 $500,000 | 成交量 1,587 手",US.NVDA,2026-05-06 08:04:19
US.NVDA260506C192500,NVDA 260506 192.50C,196.5,1779,1078185.0,CALL,2026-05-06,192.5,1568,55.85,0.780111687,0.055359373,-0.937982164,0.028337011,1,100.0,US.NVDA,6.7,7.93,4.45,6.6556,0.020356234096692113,4774950000000.0,"成交额 $1,078,185 ≥ 阈值 $500,000 | 成交量 1,779 手",US.NVDA,2026-05-06 08:04:19
US.NVDA260717C215000,NVDA 260717 215.00C,196.5,1372,1077346.0,CALL,2026-07-17,215.0,7369,39.379,0.351145449,0.010725826,-0.094314954,0.325563421,73,100.0,US.NVDA,8.37,8.6,7.34,8.025,-0.09414758269720101,4774950000000.0,"成交额 $1,077,346 ≥ 阈值 $500,000 | 成交量 1,372 手",US.NVDA,2026-05-06 08:04:19
US.NVDA260618P190000,NVDA 260618 190.00P,196.5,1387,1064346.0,PUT,2026-06-18,190.0,22294,42.251,-0.371077458,0.013187485,-0.117484173,0.257217079,44,100.0,US.NVDA,6.96,8.15,6.75,7.325,-0.03307888040712468,4774950000000.0,"成交额 $1,064,346 ≥ 阈值 $500,000 | 成交量 1,387 手",US.NVDA,2026-05-06 08:04:19
US.NVDA260506P202500,NVDA 260506 202.50P,196.5,2082,1056474.0,PUT,2026-05-06,202.5,1249,51.891,-0.880135493,0.040449294,-0.55027458,0.019122111,1,100.0,US.NVDA,4.35,6.52,3.4,4.6729,0.030534351145038167,4774950000000.0,"成交额 $1,056,474 ≥ 阈值 $500,000 | 成交量 2,082 手",US.NVDA,2026-05-06 08:04:19
US.NVDA260918P145000,NVDA 260918 145.00P,196.5,3143,1026742.0,PUT,2026-09-18,145.0,24033,47.832,-0.109453466,0.00327257,-0.03740138,0.224528414,136,100.0,US.NVDA,3.14,3.43,3.14,3.225,-0.26208651399491095,4774950000000.0,"成交额 $1,026,742 ≥ 阈值 $500,000 | 成交量 3,143 手",US.NVDA,2026-05-06 08:04:19
US.NVDA260717P220000,NVDA 260717 220.00P,196.5,373,1013285.0,PUT,2026-07-17,220.0,1967,39.269,-0.705387764,0.010526386,-0.069029132,0.300385416,73,100.0,US.NVDA,25.7,27.38,25.7,26.5726,0.11959287531806616,4774950000000.0,"成交额 $1,013,285 ≥ 阈值 $500,000 | 成交量 373 手",US.NVDA,2026-05-06 08:04:19
US.NVDA260717C205000,NVDA 260717 205.00C,196.5,879,1008093.0,CALL,2026-07-17,205.0,11952,39.843,0.456925279,0.011337859,-0.103349422,0.348211344,73,100.0,US.NVDA,12.0,12.5,10.8,11.8,-0.043256997455470736,4774950000000.0,"成交额 $1,008,093 ≥ 阈值 $500,000 | 成交量 879 手",US.NVDA,2026-05-06 08:04:19
US.NVDA260821P195000,NVDA 260821 195.00P,196.5,655,992422.0,PUT,2026-08-21,195.0,5150,40.462,-0.427294979,0.009205888,-0.070455128,0.418048756,108,100.0,US.NVDA,14.2,15.51,13.84,14.475,-0.007633587786259542,4774950000000.0,"成交额 $992,422 ≥ 阈值 $500,000 | 成交量 655 手",US.NVDA,2026-05-06 08:04:19
US.NVDA261016P205000,NVDA 261016 205.00P,196.5,428,989067.0,PUT,2026-10-16,205.0,1996,40.767,-0.491213318,0.007656453,-0.055808161,0.522677869,164,100.0,US.NVDA,23.07,24.77,23.0,23.6121,0.043256997455470736,4774950000000.0,"成交额 $989,067 ≥ 阈值 $500,000 | 成交量 428 手",US.NVDA,2026-05-06 08:04:19
US.NVDA260506C150000,NVDA 260506 150.00C,196.5,206,975965.0,CALL,2026-05-06,150.0,4,0.0,0.0,0.0,0.0,0.0,1,100.0,US.NVDA,47.32,48.21,46.2,48.5738,0.2366412213740458,4774950000000.0,"成交额 $975,965 ≥ 阈值 $500,000 | 成交量 206 手",US.NVDA,2026-05-06 08:04:19
US.NVDA260515P192500,NVDA 260515 192.50P,196.5,3506,967645.0,PUT,2026-05-15,192.5,9651,38.504,-0.355371833,0.029976731,-0.233659424,0.120278042,10,100.0,US.NVDA,2.41,3.3,2.08,2.6,-0.020356234096692113,4774950000000.0,"成交额 $967,645 ≥ 阈值 $500,000 | 成交量 3,506 手",US.NVDA,2026-05-06 08:04:19
US.NVDA260717P200000,NVDA 260717 200.00P,196.5,657,961038.0,PUT,2026-07-17,200.0,6744,39.824,-0.491547134,0.011568024,-0.086589531,0.34933925,73,100.0,US.NVDA,14.0,15.33,13.25,14.083,0.017811704834605598,4774950000000.0,"成交额 $961,038 ≥ 阈值 $500,000 | 成交量 657 手",US.NVDA,2026-05-06 08:04:19
US.NVDA261016P175000,NVDA 261016 175.00P,196.5,858,949915.0,PUT,2026-10-16,175.0,4129,43.025,-0.276294006,0.005956375,-0.05236968,0.439696195,164,100.0,US.NVDA,10.8,11.3,10.55,10.675,-0.10941475826972011,4774950000000.0,"成交额 $949,915 ≥ 阈值 $500,000 | 成交量 858 手",US.NVDA,2026-05-06 08:04:19
US.NVDA260717P165000,NVDA 260717 165.00P,196.5,2725,945230.0,PUT,2026-07-17,165.0,16741,44.648,-0.156505126,0.00612741,-0.061534941,0.210420351,73,100.0,US.NVDA,3.12,3.6,2.98,3.225,-0.16030534351145037,4774950000000.0,"成交额 $945,230 ≥ 阈值 $500,000 | 成交量 2,725 手",US.NVDA,2026-05-06 08:04:19
US.NVDA260529C205000,NVDA 260529 205.00C,196.5,1496,920673.0,CALL,2026-05-29,205.0,13313,44.915,0.385668295,0.016945743,-0.189440873,0.192161403,24,100.0,US.NVDA,6.54,7.2,5.56,6.525,-0.043256997455470736,4774950000000.0,"成交额 $920,673 ≥ 阈值 $500,000 | 成交量 1,496 手",US.NVDA,2026-05-06 08:04:19
US.NVDA260717P190000,NVDA 260717 190.00P,196.5,917,920115.0,PUT,2026-07-17,190.0,9462,40.772,-0.378504219,0.010703436,-0.086380778,0.333413717,73,100.0,US.NVDA,9.69,10.6,9.1,9.65,-0.03307888040712468,4774950000000.0,"成交额 $920,115 ≥ 阈值 $500,000 | 成交量 917 手",US.NVDA,2026-05-06 08:04:19
US.NVDA261016C200000,NVDA 261016 200.00C,196.5,407,908140.0,CALL,2026-10-16,200.0,2712,41.771,0.553715981,0.007188038,-0.075097448,0.520486694,164,100.0,US.NVDA,23.21,23.65,21.6,22.7114,-0.017811704834605598,4774950000000.0,"成交额 $908,140 ≥ 阈值 $500,000 | 成交量 407 手",US.NVDA,2026-05-06 08:04:19
US.NVDA260511P195000,NVDA 260511 195.00P,196.5,3506,902367.0,PUT,2026-05-11,195.0,640,35.624,-0.419130161,0.044082845,-0.301044721,0.09730375,6,100.0,US.NVDA,1.92,3.1,1.63,2.26,-0.007633587786259542,4774950000000.0,"成交额 $902,367 ≥ 阈值 $500,000 | 成交量 3,506 手",US.NVDA,2026-05-06 08:04:19
US.NVDA261016C220000,NVDA 261016 220.00C,196.5,627,892157.0,CALL,2026-10-16,220.0,3266,40.839,0.414306688,0.007247524,-0.070731863,0.513071959,164,100.0,US.NVDA,14.9,15.0,13.8,14.625,-0.11959287531806616,4774950000000.0,"成交额 $892,157 ≥ 阈值 $500,000 | 成交量 627 手",US.NVDA,2026-05-06 08:04:19
US.NVDA260515P210000,NVDA 260515 210.00P,196.5,615,861662.0,PUT,2026-05-15,210.0,11780,36.474,-0.859568747,0.019736409,-0.117917016,0.071646809,10,100.0,US.NVDA,11.35,14.4,11.12,12.4451,0.06870229007633588,4774950000000.0,"成交额 $861,662 ≥ 阈值 $500,000 | 成交量 615 手",US.NVDA,2026-05-06 08:04:19
US.NVDA260529C220000,NVDA 260529 220.00C,196.5,3744,859757.0,CALL,2026-05-29,220.0,13107,44.656,0.181041086,0.011736658,-0.127089479,0.13230437,24,100.0,US.NVDA,2.42,2.7,2.02,2.41,-0.11959287531806616,4774950000000.0,"成交额 $859,757 ≥ 阈值 $500,000 | 成交量 3,744 手",US.NVDA,2026-05-06 08:04:19
US.NVDA260511C202500,NVDA 260511 202.50C,196.5,4553,859023.0,CALL,2026-05-11,202.5,1341,33.986,0.253669806,0.037822781,-0.240835888,0.079761209,6,100.0,US.NVDA,1.97,2.5,1.23,2.01,-0.030534351145038167,4774950000000.0,"成交额 $859,023 ≥ 阈值 $500,000 | 成交量 4,553 手",US.NVDA,2026-05-06 08:04:19
US.NVDA260513C200000,NVDA 260513 200.00C,196.5,2494,848347.0,CALL,2026-05-13,200.0,1163,35.618,0.383410433,0.037156317,-0.263934189,0.110129427,8,100.0,US.NVDA,3.9,4.4,2.64,3.725,-0.017811704834605598,4774950000000.0,"成交额 $848,347 ≥ 阈值 $500,000 | 成交量 2,494 手",US.NVDA,2026-05-06 08:04:19
US.NVDA260618C185000,NVDA 260618 185.00C,196.5,438,845974.0,CALL,2026-06-18,185.0,21039,43.178,0.693870654,0.011928157,-0.129929732,0.238993877,44,100.0,US.NVDA,20.2,20.95,18.42,20.1123,0.058524173027989825,4774950000000.0,"成交额 $845,974 ≥ 阈值 $500,000 | 成交量 438 手",US.NVDA,2026-05-06 08:04:19
US.NVDA260821C250000,NVDA 260821 250.00C,196.5,2310,845045.0,CALL,2026-08-21,250.0,13400,39.693,0.168942834,0.005944208,-0.052454338,0.269174679,108,100.0,US.NVDA,3.6,3.9,3.37,3.65,-0.272264631043257,4774950000000.0,"成交额 $845,045 ≥ 阈值 $500,000 | 成交量 2,310 手",US.NVDA,2026-05-06 08:04:19
US.NVDA260618P215000,NVDA 260618 215.00P,196.5,377,826896.0,PUT,2026-06-18,215.0,3909,40.508,-0.710673397,0.012799993,-0.094973221,0.231779347,44,100.0,US.NVDA,19.9,22.68,19.9,20.93,0.09414758269720101,4774950000000.0,"成交额 $826,896 ≥ 阈值 $500,000 | 成交量 377 手",US.NVDA,2026-05-06 08:04:19
US.NVDA260717C190000,NVDA 260717 190.00C,196.5,429,825063.0,CALL,2026-07-17,190.0,14234,41.34,0.623117194,0.010463704,-0.105254332,0.333439824,73,100.0,US.NVDA,20.0,20.45,18.18,19.6446,0.03307888040712468,4774950000000.0,"成交额 $825,063 ≥ 阈值 $500,000 | 成交量 429 手",US.NVDA,2026-05-06 08:04:19
US.NVDA261016C245000,NVDA 261016 245.00C,196.5,1069,824337.0,CALL,2026-10-16,245.0,3252,40.46,0.268265121,0.006186735,-0.05807435,0.433866652,164,100.0,US.NVDA,8.3,8.35,7.55,8.05,-0.24681933842239187,4774950000000.0,"成交额 $824,337 ≥ 阈值 $500,000 | 成交量 1,069 手",US.NVDA,2026-05-06 08:04:19
US.NVDA260515P202500,NVDA 260515 202.50P,196.5,1161,822533.0,PUT,2026-05-15,202.5,3163,36.18,-0.678606868,0.030909605,-0.203889854,0.115576796,10,100.0,US.NVDA,6.73,8.41,5.95,6.9587,0.030534351145038167,4774950000000.0,"成交额 $822,533 ≥ 阈值 $500,000 | 成交量 1,161 手",US.NVDA,2026-05-06 08:04:19
US.NVDA260506P190000,NVDA 260506 190.00P,196.5,26566,816915.0,PUT,2026-05-06,190.0,19739,60.349,-0.122696721,0.035168576,-0.66903854,0.019450817,1,100.0,US.NVDA,0.16,0.47,0.13,0.32,-0.03307888040712468,4774950000000.0,"成交额 $816,915 ≥ 阈值 $500,000 | 成交量 26,566 手",US.NVDA,2026-05-06 08:04:19
US.NVDA260508C185000,NVDA 260508 185.00C,196.5,631,809763.0,CALL,2026-05-08,185.0,9959,54.858,0.898077462,0.018628296,-0.291700417,0.030983826,3,100.0,US.NVDA,14.45,15.03,11.76,14.0147,0.058524173027989825,4774950000000.0,"成交额 $809,763 ≥ 阈值 $500,000 | 成交量 631 手",US.NVDA,2026-05-06 08:04:19
US.NVDA260522C190000,NVDA 260522 190.00C,196.5,604,798424.0,CALL,2026-05-22,190.0,9105,50.625,0.647625662,0.017363376,-0.250116575,0.156838021,17,100.0,US.NVDA,14.23,14.8,12.0,13.7242,0.03307888040712468,4774950000000.0,"成交额 $798,424 ≥ 阈值 $500,000 | 成交量 604 手",US.NVDA,2026-05-06 08:04:19
US.NVDA260508C210000,NVDA 260508 210.00C,196.5,26381,785438.0,CALL,2026-05-08,210.0,52188,47.146,0.059071466,0.01433333,-0.141233645,0.020489595,3,100.0,US.NVDA,0.33,0.45,0.2,0.325,-0.06870229007633588,4774950000000.0,"成交额 $785,438 ≥ 阈值 $500,000 | 成交量 26,381 手",US.NVDA,2026-05-06 08:04:19
US.NVDA260508C207500,NVDA 260508 207.50C,196.5,16212,781736.0,CALL,2026-05-08,207.5,37565,44.891,0.089779277,0.020735474,-0.1988488,0.028221432,3,100.0,US.NVDA,0.5,0.74,0.32,0.545,-0.05597964376590331,4774950000000.0,"成交额 $781,736 ≥ 阈值 $500,000 | 成交量 16,212 手",US.NVDA,2026-05-06 08:04:19
US.NVDA260618P210000,NVDA 260618 210.00P,196.5,419,774185.0,PUT,2026-06-18,210.0,7464,40.827,-0.647687737,0.013633228,-0.106146935,0.252081584,44,100.0,US.NVDA,17.35,18.97,16.57,17.4599,0.06870229007633588,4774950000000.0,"成交额 $774,185 ≥ 阈值 $500,000 | 成交量 419 手",US.NVDA,2026-05-06 08:04:19
US.NVDA260605P190000,NVDA 260605 190.00P,196.5,1184,774078.0,PUT,2026-06-05,190.0,4950,44.251,-0.364266803,0.01489762,-0.147992924,0.214505844,31,100.0,US.NVDA,5.97,6.95,5.5,6.125,-0.03307888040712468,4774950000000.0,"成交额 $774,078 ≥ 阈值 $500,000 | 成交量 1,184 手",US.NVDA,2026-05-06 08:04:19
US.NVDA260618P195000,NVDA 260618 195.00P,196.5,791,766269.0,PUT,2026-06-18,195.0,16652,41.578,-0.440064152,0.014014768,-0.119589752,0.268372166,44,100.0,US.NVDA,9.28,10.3,8.62,9.2752,-0.007633587786259542,4774950000000.0,"成交额 $766,269 ≥ 阈值 $500,000 | 成交量 791 手",US.NVDA,2026-05-06 08:04:19
US.NVDA260605C205000,NVDA 260605 205.00C,196.5,1096,760119.0,CALL,2026-06-05,205.0,5419,43.024,0.400756873,0.01572219,-0.162224924,0.220869209,31,100.0,US.NVDA,7.61,8.03,6.4,7.425,-0.043256997455470736,4774950000000.0,"成交额 $760,119 ≥ 阈值 $500,000 | 成交量 1,096 手",US.NVDA,2026-05-06 08:04:19
US.NVDA260918C215000,NVDA 260918 215.00C,196.5,523,759437.0,CALL,2026-09-18,215.0,5988,41.021,0.428414589,0.007981102,-0.078178832,0.470545907,136,100.0,US.NVDA,14.5,15.2,13.33,14.275,-0.09414758269720101,4774950000000.0,"成交额 $759,437 ≥ 阈值 $500,000 | 成交量 523 手",US.NVDA,2026-05-06 08:04:19
US.NVDA260618C189000,NVDA 260618 189.00C,196.5,470,753379.0,CALL,2026-06-18,189.0,5984,42.838,0.642689101,0.012786877,-0.135762054,0.254184355,44,100.0,US.NVDA,18.25,18.25,16.0,17.4139,0.03816793893129771,4774950000000.0,"成交额 $753,379 ≥ 阈值 $500,000 | 成交量 470 手",US.NVDA,2026-05-06 08:04:19
US.NVDA260821C180000,NVDA 260821 180.00C,196.5,259,752388.0,CALL,2026-08-21,180.0,13707,42.457,0.706039079,0.007595272,-0.083586486,0.367953805,108,100.0,US.NVDA,29.68,30.7,27.81,29.4084,0.08396946564885496,4774950000000.0,"成交额 $752,388 ≥ 阈值 $500,000 | 成交量 259 手",US.NVDA,2026-05-06 08:04:19
US.NVDA260515C220000,NVDA 260515 220.00C,196.5,24035,743178.0,CALL,2026-05-15,220.0,56348,40.517,0.049703813,0.007841668,-0.06554028,0.033160789,10,100.0,US.NVDA,0.34,0.43,0.26,0.335,-0.11959287531806616,4774950000000.0,"成交额 $743,178 ≥ 阈值 $500,000 | 成交量 24,035 手",US.NVDA,2026-05-06 08:04:19
US.NVDA260508P185000,NVDA 260508 185.00P,196.5,19878,734168.0,PUT,2026-05-08,185.0,27337,52.26,-0.091542864,0.018071247,-0.236529351,0.028631871,3,100.0,US.NVDA,0.24,0.48,0.2,0.335,-0.058524173027989825,4774950000000.0,"成交额 $734,168 ≥ 阈值 $500,000 | 成交量 19,878 手",US.NVDA,2026-05-06 08:04:19
US.NVDA260506C187500,NVDA 260506 187.50C,196.5,684,733548.0,CALL,2026-05-06,187.5,252,60.531,0.946015108,0.018914993,-0.369318093,0.010493721,1,100.0,US.NVDA,11.35,13.1,8.95,11.2654,0.04580152671755725,4774950000000.0,"成交额 $733,548 ≥ 阈值 $500,000 | 成交量 684 手",US.NVDA,2026-05-06 08:04:19
US.NVDA260511P197500,NVDA 260511 197.50P,196.5,2180,726058.0,PUT,2026-05-11,197.5,276,34.998,-0.532144083,0.04571886,-0.299098429,0.099013472,6,100.0,US.NVDA,2.71,4.15,2.39,3.15,0.005089058524173028,4774950000000.0,"成交额 $726,058 ≥ 阈值 $500,000 | 成交量 2,180 手",US.NVDA,2026-05-06 08:04:19
US.NVDA260918P160000,NVDA 260918 160.00P,196.5,1239,724419.0,PUT,2026-09-18,160.0,29559,45.211,-0.177070209,0.004808386,-0.048350348,0.311118072,136,100.0,US.NVDA,5.55,5.95,5.35,5.575,-0.18575063613231552,4774950000000.0,"成交额 $724,419 ≥ 阈值 $500,000 | 成交量 1,239 手",US.NVDA,2026-05-06 08:04:19
US.NVDA260918P170000,NVDA 260918 170.00P,196.5,890,722668.0,PUT,2026-09-18,170.0,25520,43.952,-0.236289696,0.005882315,-0.055162634,0.369145976,136,100.0,US.NVDA,7.85,8.4,7.65,7.85,-0.13486005089058525,4774950000000.0,"成交额 $722,668 ≥ 阈值 $500,000 | 成交量 890 手",US.NVDA,2026-05-06 08:04:19
US.NVDA260605C220000,NVDA 260605 220.00C,196.5,2407,702425.0,CALL,2026-06-05,220.0,10234,42.714,0.205362173,0.011652694,-0.116322481,0.162500974,31,100.0,US.NVDA,3.1,3.32,2.6,3.05,-0.11959287531806616,4774950000000.0,"成交额 $702,425 ≥ 阈值 $500,000 | 成交量 2,407 手",US.NVDA,2026-05-06 08:04:19
US.NVDA260508P210000,NVDA 260508 210.00P,196.5,569,701081.0,PUT,2026-05-08,210.0,4764,49.187,-0.934433391,0.015507681,-0.146050485,0.022132978,3,100.0,US.NVDA,11.0,14.05,10.4,11.7104,0.06870229007633588,4774950000000.0,"成交额 $701,081 ≥ 阈值 $500,000 | 成交量 569 手",US.NVDA,2026-05-06 08:04:19
US.NVDA260605C180000,NVDA 260605 180.00C,196.5,322,698246.0,CALL,2026-06-05,180.0,349,45.607,0.773596961,0.01154863,-0.140733254,0.171964857,31,100.0,US.NVDA,22.4,23.56,20.8,22.5781,0.08396946564885496,4774950000000.0,"成交额 $698,246 ≥ 阈值 $500,000 | 成交量 322 手",US.NVDA,2026-05-06 08:04:19
US.NVDA260518C195000,NVDA 260518 195.00C,196.5,1052,691439.0,CALL,2026-05-18,195.0,892,35.52,0.56648202,0.030019456,-0.214816959,0.14513271,13,100.0,US.NVDA,7.65,8.5,6.0,7.4518,0.007633587786259542,4774950000000.0,"成交额 $691,439 ≥ 阈值 $500,000 | 成交量 1,052 手",US.NVDA,2026-05-06 08:04:19
US.NVDA260618C180000,NVDA 260618 180.00C,196.5,300,691298.0,CALL,2026-06-18,180.0,54442,43.879,0.75215219,0.010582177,-0.120713744,0.215461188,44,100.0,US.NVDA,24.15,25.0,22.0,23.7903,0.08396946564885496,4774950000000.0,"成交额 $691,298 ≥ 阈值 $500,000 | 成交量 300 手",US.NVDA,2026-05-06 08:04:19
US.NVDA260612C200000,NVDA 260612 200.00C,196.5,681,688589.0,CALL,2026-06-12,200.0,756,41.989,0.486004555,0.015002298,-0.149395138,0.252339105,38,100.0,US.NVDA,10.45,11.2,9.28,10.425,-0.017811704834605598,4774950000000.0,"成交额 $688,589 ≥ 阈值 $500,000 | 成交量 681 手",US.NVDA,2026-05-06 08:04:19
US.NVDA260918C180000,NVDA 260918 180.00C,196.5,217,683672.0,CALL,2026-09-18,180.0,16481,43.471,0.696448593,0.006706823,-0.077719899,0.419033183,136,100.0,US.NVDA,32.2,33.0,30.55,32.109,0.08396946564885496,4774950000000.0,"成交额 $683,672 ≥ 阈值 $500,000 | 成交量 217 手",US.NVDA,2026-05-06 08:04:19
US.NVDA260529C215000,NVDA 260529 215.00C,196.5,2132,681425.0,CALL,2026-05-29,215.0,10286,44.483,0.237835459,0.013839709,-0.149725975,0.1554136,24,100.0,US.NVDA,3.45,3.8,2.85,3.4,-0.09414758269720101,4774950000000.0,"成交额 $681,425 ≥ 阈值 $500,000 | 成交量 2,132 手",US.NVDA,2026-05-06 08:04:19
US.NVDA260605C210000,NVDA 260605 210.00C,196.5,1238,674995.0,CALL,2026-06-05,210.0,4902,42.717,0.327048057,0.01478255,-0.149392966,0.206178407,31,100.0,US.NVDA,5.75,6.09,4.84,5.6,-0.06870229007633588,4774950000000.0,"成交额 $674,995 ≥ 阈值 $500,000 | 成交量 1,238 手",US.NVDA,2026-05-06 08:04:19
US.NVDA260529P185000,NVDA 260529 185.00P,196.5,1750,663475.0,PUT,2026-05-29,185.0,6079,47.109,-0.281271403,0.01427111,-0.163205588,0.169447815,24,100.0,US.NVDA,3.65,4.5,3.5,3.95,-0.058524173027989825,4774950000000.0,"成交额 $663,475 ≥ 阈值 $500,000 | 成交量 1,750 手",US.NVDA,2026-05-06 08:04:19
US.NVDA260821C190000,NVDA 260821 190.00C,196.5,294,656261.0,CALL,2026-08-21,190.0,18870,41.353,0.621615732,0.008608095,-0.088023657,0.406193323,108,100.0,US.NVDA,23.17,24.07,21.7,23.0691,0.03307888040712468,4774950000000.0,"成交额 $656,261 ≥ 阈值 $500,000 | 成交量 294 手",US.NVDA,2026-05-06 08:04:19
US.NVDA260618C215000,NVDA 260618 215.00C,196.5,1299,654582.0,CALL,2026-06-18,215.0,30963,40.611,0.295383994,0.012479439,-0.114509073,0.235159163,44,100.0,US.NVDA,5.35,5.8,4.65,5.3536,-0.09414758269720101,4774950000000.0,"成交额 $654,582 ≥ 阈值 $500,000 | 成交量 1,299 手",US.NVDA,2026-05-06 08:04:19
US.NVDA260605P185000,NVDA 260605 185.00P,196.5,1308,652397.0,PUT,2026-06-05,185.0,2920,45.093,-0.292234371,0.01335733,-0.138670876,0.196204582,31,100.0,US.NVDA,4.55,5.2,4.15,4.575,-0.058524173027989825,4774950000000.0,"成交额 $652,397 ≥ 阈值 $500,000 | 成交量 1,308 手",US.NVDA,2026-05-06 08:04:19
US.NVDA260918C230000,NVDA 260918 230.00C,196.5,694,650055.0,CALL,2026-09-18,230.0,15357,40.631,0.32398585,0.007379148,-0.069930407,0.430897311,136,100.0,US.NVDA,9.6,10.04,8.97,9.6,-0.17048346055979643,4774950000000.0,"成交额 $650,055 ≥ 阈值 $500,000 | 成交量 694 手",US.NVDA,2026-05-06 08:04:19
US.NVDA260821P205000,NVDA 260821 205.00P,196.5,320,644928.0,PUT,2026-08-21,205.0,3825,39.741,-0.521238225,0.009610908,-0.068561164,0.423896252,108,100.0,US.NVDA,18.8,20.7,18.7,19.5335,0.043256997455470736,4774950000000.0,"成交额 $644,928 ≥ 阈值 $500,000 | 成交量 320 手",US.NVDA,2026-05-06 08:04:19
US.NVDA260821C210000,NVDA 260821 210.00C,196.5,499,640073.0,CALL,2026-08-21,210.0,13714,40.026,0.441447726,0.009229888,-0.085763999,0.421549485,108,100.0,US.NVDA,13.3,13.92,12.3,13.175,-0.06870229007633588,4774950000000.0,"成交额 $640,073 ≥ 阈值 $500,000 | 成交量 499 手",US.NVDA,2026-05-06 08:04:19
US.NVDA261016C210000,NVDA 261016 210.00C,196.5,345,629886.0,CALL,2026-10-16,210.0,11873,41.228,0.482673342,0.007342444,-0.073804768,0.524754669,164,100.0,US.NVDA,18.95,19.1,17.33,18.375,-0.06870229007633588,4774950000000.0,"成交额 $629,886 ≥ 阈值 $500,000 | 成交量 345 手",US.NVDA,2026-05-06 08:04:19
US.NVDA260918C195000,NVDA 260918 195.00C,196.5,276,627372.0,CALL,2026-09-18,195.0,10585,42.003,0.583452003,0.007748292,-0.081661322,0.467775693,136,100.0,US.NVDA,23.6,24.1,21.82,23.2422,0.007633587786259542,4774950000000.0,"成交额 $627,372 ≥ 阈值 $500,000 | 成交量 276 手",US.NVDA,2026-05-06 08:04:19
US.NVDA260821C195000,NVDA 260821 195.00C,196.5,314,623513.0,CALL,2026-08-21,195.0,10080,40.998,0.576882336,0.008939649,-0.089036677,0.418217093,108,100.0,US.NVDA,20.2,21.3,19.0,20.2168,0.007633587786259542,4774950000000.0,"成交额 $623,513 ≥ 阈值 $500,000 | 成交量 314 手",US.NVDA,2026-05-06 08:04:19
US.NVDA260529C195000,NVDA 260529 195.00C,196.5,580,621886.0,CALL,2026-05-29,195.0,4948,45.954,0.557309947,0.017098523,-0.202923819,0.198384069,24,100.0,US.NVDA,11.81,12.33,10.0,11.3873,0.007633587786259542,4774950000000.0,"成交额 $621,886 ≥ 阈值 $500,000 | 成交量 580 手",US.NVDA,2026-05-06 08:04:19
US.NVDA260508C180000,NVDA 260508 180.00C,196.5,335,609507.0,CALL,2026-05-08,180.0,3888,61.143,0.95063023,0.009589037,-0.173691617,0.01777795,3,100.0,US.NVDA,19.48,20.2,16.45,18.8332,0.08396946564885496,4774950000000.0,"成交额 $609,507 ≥ 阈值 $500,000 | 成交量 335 手",US.NVDA,2026-05-06 08:04:19
US.NVDA260717C225000,NVDA 260717 225.00C,196.5,1175,607006.0,CALL,2026-07-17,225.0,9646,39.184,0.259569453,0.009420309,-0.081178954,0.284498322,73,100.0,US.NVDA,5.45,5.7,4.85,5.3,-0.1450381679389313,4774950000000.0,"成交额 $607,006 ≥ 阈值 $500,000 | 成交量 1,175 手",US.NVDA,2026-05-06 08:04:19
US.NVDA261016P135000,NVDA 261016 135.00P,196.5,2086,602203.0,PUT,2026-10-16,135.0,4459,48.723,-0.087180106,0.002475253,-0.029335363,0.208740033,164,100.0,US.NVDA,2.84,3.0,2.8,2.82,-0.31297709923664124,4774950000000.0,"成交额 $602,203 ≥ 阈值 $500,000 | 成交量 2,086 手",US.NVDA,2026-05-06 08:04:19
US.NVDA260515C180000,NVDA 260515 180.00C,196.5,328,601283.0,CALL,2026-05-15,180.0,37319,42.691,0.902960346,0.012447382,-0.134104237,0.055453002,10,100.0,US.NVDA,19.57,20.8,17.25,19.4347,0.08396946564885496,4774950000000.0,"成交额 $601,283 ≥ 阈值 $500,000 | 成交量 328 手",US.NVDA,2026-05-06 08:04:19
US.NVDA260508C175000,NVDA 260508 175.00C,196.5,243,593563.0,CALL,2026-05-08,175.0,930,85.188,0.942540383,0.00776216,-0.269410674,0.020050277,3,100.0,US.NVDA,24.8,24.8,21.7,23.7613,0.10941475826972011,4774950000000.0,"成交额 $593,563 ≥ 阈值 $500,000 | 成交量 243 手",US.NVDA,2026-05-06 08:04:19
US.NVDA260618C221000,NVDA 260618 221.00C,196.5,1561,582267.0,CALL,2026-06-18,221.0,2216,40.651,0.231976444,0.011017486,-0.10063149,0.207807043,44,100.0,US.NVDA,3.89,3.89,3.45,3.8721,-0.12468193384223919,4774950000000.0,"成交额 $582,267 ≥ 阈值 $500,000 | 成交量 1,561 手",US.NVDA,2026-05-06 08:04:19
US.NVDA260618P185000,NVDA 260618 185.00P,196.5,963,570741.0,PUT,2026-06-18,185.0,11896,42.897,-0.306342796,0.012046033,-0.111531718,0.238908571,44,100.0,US.NVDA,5.3,6.35,5.3,5.6828,-0.058524173027989825,4774950000000.0,"成交额 $570,741 ≥ 阈值 $500,000 | 成交量 963 手",US.NVDA,2026-05-06 08:04:19
US.NVDA261120C200000,NVDA 261120 200.00C,196.5,211,545435.0,CALL,2026-11-20,200.0,3609,42.76,0.565343464,0.006345286,-0.0700222,0.570917266,199,100.0,US.NVDA,26.1,26.77,24.77,25.9957,-0.017811704834605598,4774950000000.0,"成交额 $545,435 ≥ 阈值 $500,000 | 成交量 211 手",US.NVDA,2026-05-06 08:04:19
US.NVDA260618C250000,NVDA 260618 250.00C,196.5,6634,539998.0,CALL,2026-06-18,250.0,44909,43.113,0.065882418,0.004362569,-0.043684126,0.08727173,44,100.0,US.NVDA,0.85,0.92,0.76,0.83,-0.272264631043257,4774950000000.0,"成交额 $539,998 ≥ 阈值 $500,000 | 成交量 6,634 手",US.NVDA,2026-05-06 08:04:19
US.NVDA260618C245000,NVDA 260618 245.00C,196.5,5421,537320.0,CALL,2026-06-18,245.0,13336,42.35,0.08084387,0.005194179,-0.0503747,0.102061948,44,100.0,US.NVDA,1.06,1.17,0.96,1.06,-0.24681933842239187,4774950000000.0,"成交额 $537,320 ≥ 阈值 $500,000 | 成交量 5,421 手",US.NVDA,2026-05-06 08:04:19
US.NVDA260522P210000,NVDA 260522 210.00P,196.5,348,531667.0,PUT,2026-05-22,210.0,8773,48.691,-0.716421463,0.016663088,-0.194850332,0.142814692,17,100.0,US.NVDA,14.2,16.57,14.0,15.1405,0.06870229007633588,4774950000000.0,"成交额 $531,667 ≥ 阈值 $500,000 | 成交量 348 手",US.NVDA,2026-05-06 08:04:19
US.NVDA260522P220000,NVDA 260522 220.00P,196.5,215,527719.0,PUT,2026-05-22,220.0,711,47.767,-0.853084321,0.01189765,-0.122215802,0.096591186,17,100.0,US.NVDA,24.0,25.0,24.0,23.0061,0.11959287531806616,4774950000000.0,"成交额 $527,719 ≥ 阈值 $500,000 | 成交量 215 手",US.NVDA,2026-05-06 08:04:19
US.NVDA260918P175000,NVDA 260918 175.00P,196.5,551,527386.0,PUT,2026-09-18,175.0,24385,43.294,-0.269355689,0.006407243,-0.057830179,0.395436275,136,100.0,US.NVDA,9.15,9.85,9.13,9.25,-0.10941475826972011,4774950000000.0,"成交额 $527,386 ≥ 阈值 $500,000 | 成交量 551 手",US.NVDA,2026-05-06 08:04:19
US.NVDA261016C250000,NVDA 261016 250.00C,196.5,738,516059.0,CALL,2026-10-16,250.0,3675,40.512,0.244670073,0.005889354,-0.055241822,0.413530965,164,100.0,US.NVDA,7.45,7.45,6.7,7.1,-0.272264631043257,4774950000000.0,"成交额 $516,059 ≥ 阈值 $500,000 | 成交量 738 手",US.NVDA,2026-05-06 08:04:19
US.NVDA260605P180000,NVDA 260605 180.00P,196.5,1383,506119.0,PUT,2026-06-05,180.0,1923,45.85,-0.227886659,0.011543989,-0.124411969,0.172539372,31,100.0,US.NVDA,3.25,3.84,2.99,3.4,-0.08396946564885496,4774950000000.0,"成交额 $506,119 ≥ 阈值 $500,000 | 成交量 1,383 手",US.NVDA,2026-05-06 08:04:19
US.PDD260529C104000,PDD 260529 104.00C,96.75,3022,691362.0,CALL,2026-05-29,104.0,464,46.175,0.297068998,0.030299788,-0.086029856,0.085630467,24,100.0,US.PDD,2.3,2.37,2.0,2.5755,-0.07493540051679587,137713607698.5,"成交额 $691,362 ≥ 阈值 $500,000 | 成交量 3,022 手",US.PDD,2026-05-06 08:04:45
US.SMCI260515C30000,SMCI 260515 30.00C,27.83,15685,2112810.0,CALL,2026-05-15,30.0,36932,130.278,0.405609605,0.065042004,-0.120846466,0.017740899,10,100.0,US.SMCI,1.51,1.58,1.18,1.4081,-0.07797340998922034,16669875781.24,"成交额 $2,112,810 ≥ 阈值 $500,000 | 成交量 15,685 手",US.SMCI,2026-05-06 08:04:50
US.SMCI260508C28000,SMCI 260508 28.00C,27.83,10228,1831923.0,CALL,2026-05-08,28.0,7877,208.03,0.524199773,0.077609394,-0.395938316,0.009821497,3,100.0,US.SMCI,1.88,2.16,1.53,1.865,-0.006108515989938976,16669875781.24,"成交额 $1,831,923 ≥ 阈值 $500,000 | 成交量 10,228 手",US.SMCI,2026-05-06 08:04:50
US.SMCI260508C30000,SMCI 260508 30.00C,27.83,14954,1568237.0,CALL,2026-05-08,30.0,16242,210.749,0.379391568,0.073214695,-0.375784765,0.00938643,3,100.0,US.SMCI,1.23,1.27,0.86,1.115,-0.07797340998922034,16669875781.24,"成交额 $1,568,237 ≥ 阈值 $500,000 | 成交量 14,954 手",US.SMCI,2026-05-06 08:04:50
US.SMCI260508C28500,SMCI 260508 28.50C,27.83,8130,1239978.0,CALL,2026-05-08,28.5,17909,206.083,0.485093845,0.078432546,-0.391846136,0.009832734,3,100.0,US.SMCI,1.65,1.8,1.35,1.64,-0.024074739489759314,16669875781.24,"成交额 $1,239,978 ≥ 阈值 $500,000 | 成交量 8,130 手",US.SMCI,2026-05-06 08:04:50
US.SMCI260515C28000,SMCI 260515 28.00C,27.83,5455,1118343.0,CALL,2026-05-15,28.0,6171,128.404,0.532421273,0.067676082,-0.122832278,0.018194002,10,100.0,US.SMCI,2.33,2.33,1.87,2.175,-0.006108515989938976,16669875781.24,"成交额 $1,118,343 ≥ 阈值 $500,000 | 成交量 5,455 手",US.SMCI,2026-05-06 08:04:50
US.SMCI260508C29000,SMCI 260508 29.00C,27.83,7060,958272.0,CALL,2026-05-08,29.0,11140,207.332,0.448008554,0.077351068,-0.38950582,0.009755922,3,100.0,US.SMCI,1.68,1.68,1.14,1.45,-0.042040962989579655,16669875781.24,"成交额 $958,272 ≥ 阈值 $500,000 | 成交量 7,060 手",US.SMCI,2026-05-06 08:04:50
US.SMCI260508P25000,SMCI 260508 25.00P,27.83,13544,954708.0,PUT,2026-05-08,25.0,4166,200.85,-0.244150287,0.063342601,-0.28696191,0.007739008,3,100.0,US.SMCI,0.58,0.81,0.58,0.7115,-0.10168882500898306,16669875781.24,"成交额 $954,708 ≥ 阈值 $500,000 | 成交量 13,544 手",US.SMCI,2026-05-06 08:04:50
US.SMCI260515P28000,SMCI 260515 28.00P,27.83,3951,898705.0,PUT,2026-05-15,28.0,8565,126.851,-0.468365557,0.068555906,-0.118691553,0.018195897,10,100.0,US.SMCI,2.06,2.45,2.06,2.1999,0.006108515989938976,16669875781.24,"成交额 $898,705 ≥ 阈值 $500,000 | 成交量 3,951 手",US.SMCI,2026-05-06 08:04:50
US.SMCI260508C25000,SMCI 260508 25.00C,27.83,2467,866899.0,CALL,2026-05-08,25.0,636,204.447,0.753019446,0.062612316,-0.296833084,0.007787098,3,100.0,US.SMCI,3.55,3.75,3.25,3.6588,0.10168882500898306,16669875781.24,"成交额 $866,899 ≥ 阈值 $500,000 | 成交量 2,467 手",US.SMCI,2026-05-06 08:04:50
US.SMCI260508P26000,SMCI 260508 26.00P,27.83,7943,835737.0,PUT,2026-05-08,26.0,2903,201.047,-0.318328275,0.071963659,-0.335011872,0.008800761,3,100.0,US.SMCI,0.99,1.17,0.92,1.025,-0.06575637800934238,16669875781.24,"成交额 $835,737 ≥ 阈值 $500,000 | 成交量 7,943 手",US.SMCI,2026-05-06 08:04:50
US.SMCI260508C27500,SMCI 260508 27.50C,27.83,3449,681862.0,CALL,2026-05-08,27.5,16772,205.972,0.562842053,0.077553223,-0.387830291,0.009717275,3,100.0,US.SMCI,2.24,2.34,1.73,2.1025,0.011857707509881363,16669875781.24,"成交额 $681,862 ≥ 阈值 $500,000 | 成交量 3,449 手",US.SMCI,2026-05-06 08:04:50
US.SMCI260618C30000,SMCI 260618 30.00C,27.83,2182,548146.0,CALL,2026-06-18,30.0,16754,89.805,0.471502438,0.045926234,-0.040559228,0.038391355,44,100.0,US.SMCI,2.94,2.94,2.35,2.6059,-0.07797340998922034,16669875781.24,"成交额 $548,146 ≥ 阈值 $500,000 | 成交量 2,182 手",US.SMCI,2026-05-06 08:04:50
US.SMCI260918P22000,SMCI 260918 22.00P,27.83,2203,535343.0,PUT,2026-09-18,22.0,1196,83.113,-0.229578526,0.021568298,-0.015025441,0.051508787,136,100.0,US.SMCI,2.47,2.51,2.43,2.4574,-0.2094861660079051,16669875781.24,"成交额 $535,343 ≥ 阈值 $500,000 | 成交量 2,203 手",US.SMCI,2026-05-06 08:04:50
US.SMCI260508C32000,SMCI 260508 32.00C,27.83,8071,517130.0,CALL,2026-05-08,32.0,4142,214.603,0.261894437,0.061510839,-0.313011883,0.008030103,3,100.0,US.SMCI,0.66,0.79,0.48,0.655,-0.14983830398850168,16669875781.24,"成交额 $517,130 ≥ 阈值 $500,000 | 成交量 8,071 手",US.SMCI,2026-05-06 08:04:50
US.TSLA260506C400000,TSLA 260506 400.00C,389.37,167143,54366696.0,CALL,2026-05-06,400.0,6436,51.823,0.146724287,0.023365633,-1.302624663,0.043582986,1,100.0,US.TSLA,2.82,6.4,0.71,2.455,-0.02730051108200425,1462366203651.27,"成交额 $54,366,696 ≥ 阈值 $500,000 | 成交量 167,143 手",US.TSLA,2026-05-06 08:05:21
US.TSLA260506C395000,TSLA 260506 395.00C,389.37,103713,42866142.0,CALL,2026-05-06,395.0,8092,50.399,0.284755475,0.035489779,-1.914518514,0.064383304,1,100.0,US.TSLA,4.95,9.5,1.65,4.125,-0.014459254693479199,1462366203651.27,"成交额 $42,866,142 ≥ 阈值 $500,000 | 成交量 103,713 手",US.TSLA,2026-05-06 08:05:21
US.TSLA260508C400000,TSLA 260508 400.00C,389.37,55620,31618774.0,CALL,2026-05-08,400.0,19461,49.509,0.279124734,0.01967402,-1.069917149,0.115973375,3,100.0,US.TSLA,5.35,8.9,2.86,4.65,-0.02730051108200425,1462366203651.27,"成交额 $31,618,774 ≥ 阈值 $500,000 | 成交量 55,620 手",US.TSLA,2026-05-06 08:05:21
US.TSLA260508P410000,TSLA 260508 410.00P,389.37,17208,29950426.0,PUT,2026-05-08,410.0,864,50.61,-0.870117129,0.012250889,-0.579679004,0.072839487,3,100.0,US.TSLA,15.28,22.0,12.5,19.498,0.05298302385905436,1462366203651.27,"成交额 $29,950,426 ≥ 阈值 $500,000 | 成交量 17,208 手",US.TSLA,2026-05-06 08:05:21
US.TSLA260508C390000,TSLA 260508 390.00C,389.37,29178,29621649.0,CALL,2026-05-08,390.0,6533,48.686,0.496293034,0.023745295,-1.312259732,0.137655673,3,100.0,US.TSLA,10.25,15.25,6.3,9.0024,-0.001617998304954145,1462366203651.27,"成交额 $29,621,649 ≥ 阈值 $500,000 | 成交量 29,178 手",US.TSLA,2026-05-06 08:05:21
US.TSLA260508C385000,TSLA 260508 385.00C,389.37,21252,28434602.0,CALL,2026-05-08,385.0,4704,48.374,0.614611304,0.022906519,-1.245430195,0.131938884,3,100.0,US.TSLA,15.0,19.35,9.25,12.0545,0.011223258083570909,1462366203651.27,"成交额 $28,434,602 ≥ 阈值 $500,000 | 成交量 21,252 手",US.TSLA,2026-05-06 08:05:21
US.TSLA260506C392500,TSLA 260506 392.50C,389.37,57808,27710934.0,CALL,2026-05-06,392.5,2637,50.063,0.377338205,0.039999181,-2.144921588,0.072083287,1,100.0,US.TSLA,6.3,11.26,2.4,5.2807,-0.008038626499216672,1462366203651.27,"成交额 $27,710,934 ≥ 阈值 $500,000 | 成交量 57,808 手",US.TSLA,2026-05-06 08:05:21
US.TSLA260506C390000,TSLA 260506 390.00C,389.37,39743,27302321.0,CALL,2026-05-06,390.0,3251,49.713,0.479634632,0.042240744,-2.243164742,0.075592663,1,100.0,US.TSLA,7.9,13.4,3.45,6.6319,-0.001617998304954145,1462366203651.27,"成交额 $27,302,321 ≥ 阈值 $500,000 | 成交量 39,743 手",US.TSLA,2026-05-06 08:05:21
US.TSLA260506P395000,TSLA 260506 395.00P,389.37,52107,24146547.0,PUT,2026-05-06,395.0,2051,50.83,-0.713709989,0.035315329,-1.898545553,0.064538831,1,100.0,US.TSLA,4.75,8.05,2.35,6.496,0.014459254693479199,1462366203651.27,"成交额 $24,146,547 ≥ 阈值 $500,000 | 成交量 52,107 手",US.TSLA,2026-05-06 08:05:21
US.TSLA260506C397500,TSLA 260506 397.50C,389.37,59743,23363124.0,CALL,2026-05-06,397.5,3171,51.035,0.207514653,0.029555637,-1.618306313,0.054292647,1,100.0,US.TSLA,3.75,7.8,1.1,3.2,-0.020879882887741726,1462366203651.27,"成交额 $23,363,124 ≥ 阈值 $500,000 | 成交量 59,743 手",US.TSLA,2026-05-06 08:05:21
US.TSLA260508C380000,TSLA 260508 380.00C,389.37,12114,21816126.0,CALL,2026-05-08,380.0,4005,48.812,0.72284641,0.019886211,-1.076535505,0.115573808,3,100.0,US.TSLA,17.41,23.33,12.37,15.5953,0.02406451447209596,1462366203651.27,"成交额 $21,816,126 ≥ 阈值 $500,000 | 成交量 12,114 手",US.TSLA,2026-05-06 08:05:21
US.TSLA260515C400000,TSLA 260515 400.00C,389.37,23087,21576835.0,CALL,2026-05-15,400.0,19974,43.016,0.370094256,0.013711816,-0.552424057,0.241722981,10,100.0,US.TSLA,9.57,13.2,6.75,8.65,-0.02730051108200425,1462366203651.27,"成交额 $21,576,835 ≥ 阈值 $500,000 | 成交量 23,087 手",US.TSLA,2026-05-06 08:05:21
US.TSLA260506P390000,TSLA 260506 390.00P,389.37,70200,21364133.0,PUT,2026-05-06,390.0,5038,50.084,-0.520229744,0.041942467,-2.221851169,0.075589402,1,100.0,US.TSLA,2.91,5.0,1.23,4.0,0.001617998304954145,1462366203651.27,"成交额 $21,364,133 ≥ 阈值 $500,000 | 成交量 70,200 手",US.TSLA,2026-05-06 08:05:21
US.TSLA260506P400000,TSLA 260506 400.00P,389.37,28985,21237156.0,PUT,2026-05-06,400.0,693,52.779,-0.849078018,0.023459429,-1.316845465,0.044394739,1,100.0,US.TSLA,7.36,12.0,4.22,9.8306,0.02730051108200425,1462366203651.27,"成交额 $21,237,156 ≥ 阈值 $500,000 | 成交量 28,985 手",US.TSLA,2026-05-06 08:05:21
US.TSLA260508C387500,TSLA 260508 387.50C,389.37,15797,19569698.0,CALL,2026-05-08,387.5,1340,47.978,0.556138001,0.023857962,-1.281568548,0.13629602,3,100.0,US.TSLA,13.45,17.15,7.6,10.4537,0.004802629889308381,1462366203651.27,"成交额 $19,569,698 ≥ 阈值 $500,000 | 成交量 15,797 手",US.TSLA,2026-05-06 08:05:21
US.TSLA260506C385000,TSLA 260506 385.00C,389.37,18712,19369148.0,CALL,2026-05-06,385.0,1508,49.371,0.686077237,0.037867404,-1.981948736,0.067297614,1,100.0,US.TSLA,10.75,17.6,6.34,9.9033,0.011223258083570909,1462366203651.27,"成交额 $19,369,148 ≥ 阈值 $500,000 | 成交量 18,712 手",US.TSLA,2026-05-06 08:05:21
US.TSLA260508P400000,TSLA 260508 400.00P,389.37,19256,18848655.0,PUT,2026-05-08,400.0,1977,48.801,-0.724417142,0.019893665,-1.009553251,0.115202626,3,100.0,US.TSLA,10.0,13.9,6.6,11.9066,0.02730051108200425,1462366203651.27,"成交额 $18,848,655 ≥ 阈值 $500,000 | 成交量 19,256 手",US.TSLA,2026-05-06 08:05:21
US.TSLA260506C405000,TSLA 260506 405.00C,389.37,93994,17840511.0,CALL,2026-05-06,405.0,3050,54.137,0.070042893,0.013077952,-0.772263963,0.025484151,1,100.0,US.TSLA,1.5,4.0,0.31,1.39,-0.040141767470529305,1462366203651.27,"成交额 $17,840,511 ≥ 阈值 $500,000 | 成交量 93,994 手",US.TSLA,2026-05-06 08:05:21
US.TSLA260506C380000,TSLA 260506 380.00C,389.37,12177,17430526.0,CALL,2026-05-06,380.0,1631,50.472,0.842847431,0.025110446,-1.359838413,0.045617201,1,100.0,US.TSLA,15.85,22.75,10.2,13.8587,0.02406451447209596,1462366203651.27,"成交额 $17,430,526 ≥ 阈值 $500,000 | 成交量 12,177 手",US.TSLA,2026-05-06 08:05:21
US.TSLA260506P392500,TSLA 260506 392.50P,389.37,42167,17161067.0,PUT,2026-05-06,392.5,1587,49.687,-0.623755971,0.040288622,-2.08909633,0.072011243,1,100.0,US.TSLA,3.6,6.4,1.71,5.15,0.008038626499216672,1462366203651.27,"成交额 $17,161,067 ≥ 阈值 $500,000 | 成交量 42,167 手",US.TSLA,2026-05-06 08:05:21
US.TSLA260508P405000,TSLA 260508 405.00P,389.37,11657,16677520.0,PUT,2026-05-08,405.0,550,49.74,-0.806994343,0.0160568,-0.796627855,0.094462074,3,100.0,US.TSLA,14.3,17.92,9.35,15.5138,0.040141767470529305,1462366203651.27,"成交额 $16,677,520 ≥ 阈值 $500,000 | 成交量 11,657 手",US.TSLA,2026-05-06 08:05:21
US.TSLA260508C382500,TSLA 260508 382.50C,389.37,12060,16102338.0,CALL,2026-05-08,382.5,1152,48.436,0.671046441,0.02163986,-1.169016222,0.124801597,3,100.0,US.TSLA,15.5,21.05,10.7,13.7551,0.017643886277833434,1462366203651.27,"成交额 $16,102,338 ≥ 阈值 $500,000 | 成交量 12,060 手",US.TSLA,2026-05-06 08:05:21
US.TSLA260508C392500,TSLA 260508 392.50C,389.37,18594,15763818.0,CALL,2026-05-08,392.5,3767,48.678,0.437457429,0.023457788,-1.288731941,0.135965584,3,100.0,US.TSLA,9.45,13.45,5.25,7.7008,-0.008038626499216672,1462366203651.27,"成交额 $15,763,818 ≥ 阈值 $500,000 | 成交量 18,594 手",US.TSLA,2026-05-06 08:05:21
US.TSLA260508C395000,TSLA 260508 395.00C,389.37,22275,15743787.0,CALL,2026-05-08,395.0,12397,48.715,0.380437121,0.022658301,-1.233773883,0.131429151,3,100.0,US.TSLA,7.55,11.8,4.3,6.55,-0.014459254693479199,1462366203651.27,"成交额 $15,743,787 ≥ 阈值 $500,000 | 成交量 22,275 手",US.TSLA,2026-05-06 08:05:21
US.TSLA260506C410000,TSLA 260506 410.00C,389.37,120447,14663951.0,CALL,2026-05-06,410.0,5537,58.214,0.035711405,0.007112286,-0.471635668,0.014905126,1,100.0,US.TSLA,0.83,2.43,0.15,0.785,-0.05298302385905436,1462366203651.27,"成交额 $14,663,951 ≥ 阈值 $500,000 | 成交量 120,447 手",US.TSLA,2026-05-06 08:05:21
US.TSLA260506C402500,TSLA 260506 402.50C,389.37,54191,14557582.0,CALL,2026-05-06,402.5,2175,53.009,0.102448325,0.017759903,-1.021398567,0.033884915,1,100.0,US.TSLA,2.19,5.06,0.47,1.855,-0.03372113927626678,1462366203651.27,"成交额 $14,557,582 ≥ 阈值 $500,000 | 成交量 54,191 手",US.TSLA,2026-05-06 08:05:21
US.TSLA260515C390000,TSLA 260515 390.00C,389.37,10493,14248161.0,CALL,2026-05-15,390.0,5550,42.863,0.510456078,0.014533436,-0.588085384,0.255306328,10,100.0,US.TSLA,14.4,19.05,10.8,13.1393,-0.001617998304954145,1462366203651.27,"成交额 $14,248,161 ≥ 阈值 $500,000 | 成交量 10,493 手",US.TSLA,2026-05-06 08:05:21
US.TSLA260508P402500,TSLA 260508 402.50P,389.37,10981,13225928.0,PUT,2026-05-08,402.5,383,49.248,-0.768355014,0.018013703,-0.905300274,0.105127941,3,100.0,US.TSLA,9.14,15.92,7.9,13.66,0.03372113927626678,1462366203651.27,"成交额 $13,225,928 ≥ 阈值 $500,000 | 成交量 10,981 手",US.TSLA,2026-05-06 08:05:21
US.TSLA260506P397500,TSLA 260506 397.50P,389.37,24753,12959207.0,PUT,2026-05-06,397.5,602,51.632,-0.78993993,0.029480458,-1.612581426,0.054671037,1,100.0,US.TSLA,5.8,9.8,3.15,8.073,0.020879882887741726,1462366203651.27,"成交额 $12,959,207 ≥ 阈值 $500,000 | 成交量 24,753 手",US.TSLA,2026-05-06 08:05:21
US.TSLA260508C397500,TSLA 260508 397.50C,389.37,18177,12642336.0,CALL,2026-05-08,397.5,4972,49.057,0.327428439,0.021325781,-1.160246125,0.124566625,3,100.0,US.TSLA,6.25,10.27,3.5,5.55,-0.020879882887741726,1462366203651.27,"成交额 $12,642,336 ≥ 阈值 $500,000 | 成交量 18,177 手",US.TSLA,2026-05-06 08:05:21
US.TSLA260508P395000,TSLA 260508 395.00P,389.37,16051,12205398.0,PUT,2026-05-08,395.0,2854,47.981,-0.621911285,0.022995876,-1.174961807,0.131147587,3,100.0,US.TSLA,6.45,10.53,4.59,8.8012,0.014459254693479199,1462366203651.27,"成交额 $12,205,398 ≥ 阈值 $500,000 | 成交量 16,051 手",US.TSLA,2026-05-06 08:05:21
US.TSLA260508P415000,TSLA 260508 415.00P,389.37,5951,11983824.0,PUT,2026-05-08,415.0,302,52.132,-0.912900639,0.009014813,-0.41042036,0.054540782,3,100.0,US.TSLA,19.3,26.15,16.15,23.7892,0.06582428024757941,1462366203651.27,"成交额 $11,983,824 ≥ 阈值 $500,000 | 成交量 5,951 手",US.TSLA,2026-05-06 08:05:21
US.TSLA260508C410000,TSLA 260508 410.00C,389.37,41463,11296823.0,CALL,2026-05-08,410.0,18427,51.493,0.135174614,0.012230008,-0.646957064,0.074976415,3,100.0,US.TSLA,2.38,4.65,1.17,2.225,-0.05298302385905436,1462366203651.27,"成交额 $11,296,823 ≥ 阈值 $500,000 | 成交量 41,463 手",US.TSLA,2026-05-06 08:05:21
US.TSLA260506P410000,TSLA 260506 410.00P,389.37,7632,11020468.0,PUT,2026-05-06,410.0,231,60.973,-0.957998895,0.007947384,-0.535054325,0.016970441,1,100.0,US.TSLA,15.2,21.2,10.4,18.1753,0.05298302385905436,1462366203651.27,"成交额 $11,020,468 ≥ 阈值 $500,000 | 成交量 7,632 手",US.TSLA,2026-05-06 08:05:21
US.TSLA260515P410000,TSLA 260515 410.00P,389.37,4970,10227432.0,PUT,2026-05-15,410.0,3811,43.818,-0.749265641,0.011472154,-0.430667262,0.20340888,10,100.0,US.TSLA,18.05,23.6,16.36,22.4814,0.05298302385905436,1462366203651.27,"成交额 $10,227,432 ≥ 阈值 $500,000 | 成交量 4,970 手",US.TSLA,2026-05-06 08:05:21
US.TSLA260508C375000,TSLA 260508 375.00C,389.37,5071,10106189.0,CALL,2026-05-08,375.0,3306,49.77,0.810857264,0.015756763,-0.854536662,0.093368426,3,100.0,US.TSLA,20.85,27.6,16.45,19.5852,0.036905770860621016,1462366203651.27,"成交额 $10,106,189 ≥ 阈值 $500,000 | 成交量 5,071 手",US.TSLA,2026-05-06 08:05:21
US.TSLA260508C405000,TSLA 260508 405.00C,389.37,25006,9691562.0,CALL,2026-05-08,405.0,6452,50.403,0.1970017,0.01595065,-0.856968223,0.095718441,3,100.0,US.TSLA,3.6,6.5,1.85,3.25,-0.040141767470529305,1462366203651.27,"成交额 $9,691,562 ≥ 阈值 $500,000 | 成交量 25,006 手",US.TSLA,2026-05-06 08:05:21
US.TSLA260508P390000,TSLA 260508 390.00P,389.37,16938,9223469.0,PUT,2026-05-08,390.0,9468,47.804,-0.50430416,0.024201889,-1.251067725,0.13763297,3,100.0,US.TSLA,3.95,7.55,2.98,6.25,0.001617998304954145,1462366203651.27,"成交额 $9,223,469 ≥ 阈值 $500,000 | 成交量 16,938 手",US.TSLA,2026-05-06 08:05:21
US.TSLA260508P412500,TSLA 260508 412.50P,389.37,4906,8952816.0,PUT,2026-05-08,412.5,170,49.696,-0.901309255,0.010338285,-0.440491635,0.059836487,3,100.0,US.TSLA,16.62,22.99,14.66,21.6183,0.05940365205331689,1462366203651.27,"成交额 $8,952,816 ≥ 阈值 $500,000 | 成交量 4,906 手",US.TSLA,2026-05-06 08:05:21
US.TSLA260618C400000,TSLA 260618 400.00C,389.37,3856,8365895.0,CALL,2026-06-18,400.0,19424,42.122,0.467492212,0.006993041,-0.275358462,0.536716788,44,100.0,US.TSLA,21.75,25.5,18.7,20.575,-0.02730051108200425,1462366203651.27,"成交额 $8,365,895 ≥ 阈值 $500,000 | 成交量 3,856 手",US.TSLA,2026-05-06 08:05:21
US.TSLA260508P397500,TSLA 260508 397.50P,389.37,8945,8063782.0,PUT,2026-05-08,397.5,725,47.878,-0.677326709,0.021767718,-1.086843944,0.123781211,3,100.0,US.TSLA,7.55,12.24,5.5,10.3037,0.020879882887741726,1462366203651.27,"成交额 $8,063,782 ≥ 阈值 $500,000 | 成交量 8,945 手",US.TSLA,2026-05-06 08:05:21
US.TSLA260717C415000,TSLA 260717 415.00C,389.37,3453,8028842.0,CALL,2026-07-17,415.0,435,43.17,0.422107195,0.005210273,-0.21655532,0.680762049,73,100.0,US.TSLA,22.91,26.52,20.94,22.25,-0.06582428024757941,1462366203651.27,"成交额 $8,028,842 ≥ 阈值 $500,000 | 成交量 3,453 手",US.TSLA,2026-05-06 08:05:21
US.TSLA260506P405000,TSLA 260506 405.00P,389.37,7278,8027397.0,PUT,2026-05-06,405.0,508,55.503,-0.925404146,0.013536488,-0.798537333,0.026713858,1,100.0,US.TSLA,11.5,16.24,6.95,13.7722,0.040141767470529305,1462366203651.27,"成交额 $8,027,397 ≥ 阈值 $500,000 | 成交量 7,278 手",US.TSLA,2026-05-06 08:05:21
US.TSLA260506P387500,TSLA 260506 387.50P,389.37,34277,7601790.0,PUT,2026-05-06,387.5,2101,49.931,-0.415499863,0.041170529,-2.169484915,0.073983349,1,100.0,US.TSLA,1.93,3.75,0.89,3.05,-0.004802629889308381,1462366203651.27,"成交额 $7,601,790 ≥ 阈值 $500,000 | 成交量 34,277 手",US.TSLA,2026-05-06 08:05:21
US.TSLA260515C387500,TSLA 260515 387.50C,389.37,4357,7565454.0,CALL,2026-05-15,387.5,955,43.06,0.546669118,0.014372858,-0.588221931,0.253644091,10,100.0,US.TSLA,15.8,20.85,12.1,14.5149,0.004802629889308381,1462366203651.27,"成交额 $7,565,454 ≥ 阈值 $500,000 | 成交量 4,357 手",US.TSLA,2026-05-06 08:05:21
US.TSLA260618C390000,TSLA 260618 390.00C,389.37,2855,7516094.0,CALL,2026-06-18,390.0,6262,42.132,0.536577007,0.006985181,-0.277490162,0.536244143,44,100.0,US.TSLA,27.0,30.85,23.32,25.2367,-0.001617998304954145,1462366203651.27,"成交额 $7,516,094 ≥ 阈值 $500,000 | 成交量 2,855 手",US.TSLA,2026-05-06 08:05:21
US.TSLA260515P390000,TSLA 260515 390.00P,389.37,7810,7450945.0,PUT,2026-05-15,390.0,4873,42.531,-0.49030695,0.01468091,-0.546479478,0.25520681,10,100.0,US.TSLA,8.85,11.6,6.58,10.15,0.001617998304954145,1462366203651.27,"成交额 $7,450,945 ≥ 阈值 $500,000 | 成交量 7,810 手",US.TSLA,2026-05-06 08:05:21
US.TSLA260515C395000,TSLA 260515 395.00C,389.37,6165,7317649.0,CALL,2026-05-15,395.0,6454,42.982,0.438834079,0.014327444,-0.579878407,0.252383939,10,100.0,US.TSLA,11.35,15.95,8.55,10.75,-0.014459254693479199,1462366203651.27,"成交额 $7,317,649 ≥ 阈值 $500,000 | 成交量 6,165 手",US.TSLA,2026-05-06 08:05:21
US.TSLA260515P400000,TSLA 260515 400.00P,389.37,5055,6964096.0,PUT,2026-05-15,400.0,12074,43.085,-0.630701456,0.013747979,-0.515764435,0.241360684,10,100.0,US.TSLA,12.7,17.68,10.7,15.6674,0.02730051108200425,1462366203651.27,"成交额 $6,964,096 ≥ 阈值 $500,000 | 成交量 5,055 手",US.TSLA,2026-05-06 08:05:21
US.TSLA260508C402500,TSLA 260508 402.50C,389.37,12013,6568907.0,CALL,2026-05-08,402.5,5817,49.98,0.23570772,0.017847742,-0.967344435,0.106205995,3,100.0,US.TSLA,4.35,7.7,2.31,3.9,-0.03372113927626678,1462366203651.27,"成交额 $6,568,907 ≥ 阈值 $500,000 | 成交量 12,013 手",US.TSLA,2026-05-06 08:05:21
US.TSLA260515C410000,TSLA 260515 410.00C,389.37,9880,6477942.0,CALL,2026-05-15,410.0,19728,43.63,0.251376496,0.011410314,-0.465754951,0.20400371,10,100.0,US.TSLA,6.0,8.75,4.0,5.45,-0.05298302385905436,1462366203651.27,"成交额 $6,477,942 ≥ 阈值 $500,000 | 成交量 9,880 手",US.TSLA,2026-05-06 08:05:21
US.TSLA260618C450000,TSLA 260618 450.00C,389.37,8625,6418727.0,CALL,2026-06-18,450.0,26365,43.588,0.196750348,0.004711393,-0.192962634,0.374126266,44,100.0,US.TSLA,7.05,8.85,5.9,6.75,-0.15571307496725478,1462366203651.27,"成交额 $6,418,727 ≥ 阈值 $500,000 | 成交量 8,625 手",US.TSLA,2026-05-06 08:05:21
US.TSLA260506P385000,TSLA 260506 385.00P,389.37,40442,6189021.0,PUT,2026-05-06,385.0,2416,50.082,-0.316284281,0.037453981,-1.978797175,0.067511366,1,100.0,US.TSLA,1.37,2.68,0.66,2.27,-0.011223258083570909,1462366203651.27,"成交额 $6,189,021 ≥ 阈值 $500,000 | 成交量 40,442 手",US.TSLA,2026-05-06 08:05:21
US.TSLA260717C410000,TSLA 260717 410.00C,389.37,2481,6037339.0,CALL,2026-07-17,410.0,1930,43.078,0.44656041,0.00527529,-0.219017556,0.687803105,73,100.0,US.TSLA,24.85,28.65,22.52,24.1,-0.05298302385905436,1462366203651.27,"成交额 $6,037,339 ≥ 阈值 $500,000 | 成交量 2,481 手",US.TSLA,2026-05-06 08:05:21
US.TSLA260506C365000,TSLA 260506 365.00C,389.37,1773,5988857.0,CALL,2026-05-06,365.0,90,68.315,0.975051235,0.004501404,-0.440529899,0.011070894,1,100.0,US.TSLA,31.47,37.55,26.02,27.8669,0.06258828363767112,1462366203651.27,"成交额 $5,988,857 ≥ 阈值 $500,000 | 成交量 1,773 手",US.TSLA,2026-05-06 08:05:21
US.TSLA260515C380000,TSLA 260515 380.00C,389.37,3127,5857213.0,CALL,2026-05-15,380.0,6326,43.201,0.652566636,0.01335657,-0.5536378,0.23647473,10,100.0,US.TSLA,21.35,26.0,16.48,19.1898,0.02406451447209596,1462366203651.27,"成交额 $5,857,213 ≥ 阈值 $500,000 | 成交量 3,127 手",US.TSLA,2026-05-06 08:05:21
US.TSLA260508P392500,TSLA 260508 392.50P,389.37,8564,5818793.0,PUT,2026-05-08,392.5,1223,47.97,-0.563972374,0.023816149,-1.231596495,0.135861209,3,100.0,US.TSLA,5.95,9.0,3.8,7.45,0.008038626499216672,1462366203651.27,"成交额 $5,818,793 ≥ 阈值 $500,000 | 成交量 8,564 手",US.TSLA,2026-05-06 08:05:21
US.TSLA260717C400000,TSLA 260717 400.00C,389.37,1931,5685948.0,CALL,2026-07-17,400.0,5558,43.208,0.497817057,0.005307068,-0.223111414,0.694036689,73,100.0,US.TSLA,29.0,33.35,26.5,28.175,-0.02730051108200425,1462366203651.27,"成交额 $5,685,948 ≥ 阈值 $500,000 | 成交量 1,931 手",US.TSLA,2026-05-06 08:05:21
US.TSLA260508P420000,TSLA 260508 420.00P,389.37,2209,5649338.0,PUT,2026-05-08,420.0,758,53.796,-0.942154068,0.006512848,-0.279603476,0.03976273,3,100.0,US.TSLA,21.46,30.55,20.2,28.3021,0.07866553663610447,1462366203651.27,"成交额 $5,649,338 ≥ 阈值 $500,000 | 成交量 2,209 手",US.TSLA,2026-05-06 08:05:21
US.TSLA260618C420000,TSLA 260618 420.00C,389.37,3880,5588555.0,CALL,2026-06-18,420.0,14238,42.282,0.339598509,0.006416854,-0.251199672,0.49434203,44,100.0,US.TSLA,14.36,17.0,11.95,13.325,-0.07866553663610447,1462366203651.27,"成交额 $5,588,555 ≥ 阈值 $500,000 | 成交量 3,880 手",US.TSLA,2026-05-06 08:05:21
US.TSLA260515P402500,TSLA 260515 402.50P,389.37,3501,5428696.0,PUT,2026-05-15,402.5,227,42.95,-0.664110078,0.013344888,-0.493866931,0.233232237,10,100.0,US.TSLA,12.75,18.16,12.0,17.2452,0.03372113927626678,1462366203651.27,"成交额 $5,428,696 ≥ 阈值 $500,000 | 成交量 3,501 手",US.TSLA,2026-05-06 08:05:21
US.TSLA260618P390000,TSLA 260618 390.00P,389.37,2588,5375572.0,PUT,2026-06-18,390.0,6723,41.682,-0.465678221,0.007115619,-0.238608649,0.535809625,44,100.0,US.TSLA,19.68,22.62,17.02,20.775,0.001617998304954145,1462366203651.27,"成交额 $5,375,572 ≥ 阈值 $500,000 | 成交量 2,588 手",US.TSLA,2026-05-06 08:05:21
US.TSLA260717C405000,TSLA 260717 405.00C,389.37,2027,5330566.0,CALL,2026-07-17,405.0,977,43.105,0.471920804,0.005306578,-0.221301578,0.69232401,73,100.0,US.TSLA,26.82,30.9,24.57,26.075,-0.040141767470529305,1462366203651.27,"成交额 $5,330,566 ≥ 阈值 $500,000 | 成交量 2,027 手",US.TSLA,2026-05-06 08:05:21
US.TSLA260506P407500,TSLA 260506 407.50P,389.37,4377,5298135.0,PUT,2026-05-06,407.5,127,56.415,-0.950073425,0.009829393,-0.575231866,0.019504748,1,100.0,US.TSLA,12.85,18.48,8.52,15.931,0.04656239566479183,1462366203651.27,"成交额 $5,298,135 ≥ 阈值 $500,000 | 成交量 4,377 手",US.TSLA,2026-05-06 08:05:21
US.TSLA260506P402500,TSLA 260506 402.50P,389.37,5562,5285218.0,PUT,2026-05-06,402.5,101,53.491,-0.895897289,0.017923319,-1.007955404,0.034256945,1,100.0,US.TSLA,7.97,14.2,5.5,11.7337,0.03372113927626678,1462366203651.27,"成交额 $5,285,218 ≥ 阈值 $500,000 | 成交量 5,562 手",US.TSLA,2026-05-06 08:05:21
US.TSLA260506C387500,TSLA 260506 387.50C,389.37,6098,5195347.0,CALL,2026-05-06,387.5,912,49.621,0.585021675,0.041408622,-2.193223399,0.073965264,1,100.0,US.TSLA,10.11,15.5,4.76,8.1828,0.004802629889308381,1462366203651.27,"成交额 $5,195,347 ≥ 阈值 $500,000 | 成交量 6,098 手",US.TSLA,2026-05-06 08:05:21
US.TSLA260515C420000,TSLA 260515 420.00C,389.37,13328,4996525.0,CALL,2026-05-15,420.0,15084,44.922,0.164767708,0.008623755,-0.366496659,0.158741797,10,100.0,US.TSLA,3.75,5.6,2.4,3.35,-0.07866553663610447,1462366203651.27,"成交额 $4,996,525 ≥ 阈值 $500,000 | 成交量 13,328 手",US.TSLA,2026-05-06 08:05:21
US.TSLA260506C375000,TSLA 260506 375.00C,389.37,2461,4829472.0,CALL,2026-05-06,375.0,946,53.221,0.928718731,0.013483586,-0.804190018,0.025829412,1,100.0,US.TSLA,22.75,27.1,15.0,18.2934,0.036905770860621016,1462366203651.27,"成交额 $4,829,472 ≥ 阈值 $500,000 | 成交量 2,461 手",US.TSLA,2026-05-06 08:05:21
US.TSLA260618P400000,TSLA 260618 400.00P,389.37,1885,4765203.0,PUT,2026-06-18,400.0,13204,41.613,-0.536260583,0.007148591,-0.235464717,0.535312644,44,100.0,US.TSLA,24.0,27.54,21.72,26.1123,0.02730051108200425,1462366203651.27,"成交额 $4,765,203 ≥ 阈值 $500,000 | 成交量 1,885 手",US.TSLA,2026-05-06 08:05:21
US.TSLA260522C395000,TSLA 260522 395.00C,389.37,3473,4747715.0,CALL,2026-05-22,395.0,1269,42.033,0.462099682,0.011288063,-0.437072646,0.332408565,17,100.0,US.TSLA,16.0,19.1,11.8,13.825,-0.014459254693479199,1462366203651.27,"成交额 $4,747,715 ≥ 阈值 $500,000 | 成交量 3,473 手",US.TSLA,2026-05-06 08:05:21
US.TSLA260515P395000,TSLA 260515 395.00P,389.37,4016,4550230.0,PUT,2026-05-15,395.0,2807,42.651,-0.562667148,0.014478615,-0.53792313,0.252085601,10,100.0,US.TSLA,11.16,14.18,8.5,12.7633,0.014459254693479199,1462366203651.27,"成交额 $4,550,230 ≥ 阈值 $500,000 | 成交量 4,016 手",US.TSLA,2026-05-06 08:05:21
US.TSLA260506C407500,TSLA 260506 407.50C,389.37,30667,4359534.0,CALL,2026-05-06,407.5,1728,55.921,0.049126235,0.009584765,-0.594784477,0.01929391,1,100.0,US.TSLA,1.14,3.15,0.21,1.045,-0.04656239566479183,1462366203651.27,"成交额 $4,359,534 ≥ 阈值 $500,000 | 成交量 30,667 手",US.TSLA,2026-05-06 08:05:21
US.TSLA260515C385000,TSLA 260515 385.00C,389.37,2478,4137739.0,CALL,2026-05-15,385.0,3047,42.899,0.582851125,0.014212113,-0.578643879,0.249864488,10,100.0,US.TSLA,17.59,22.15,13.45,15.9902,0.011223258083570909,1462366203651.27,"成交额 $4,137,739 ≥ 阈值 $500,000 | 成交量 2,478 手",US.TSLA,2026-05-06 08:05:21
US.TSLA260511C395000,TSLA 260511 395.00C,389.37,5087,4072580.0,CALL,2026-05-11,395.0,1650,40.146,0.403172922,0.019534251,-0.696662951,0.191100508,6,100.0,US.TSLA,9.5,12.68,5.55,7.725,-0.014459254693479199,1462366203651.27,"成交额 $4,072,580 ≥ 阈值 $500,000 | 成交量 5,087 手",US.TSLA,2026-05-06 08:05:21
US.TSLA260918C400000,TSLA 260918 400.00C,389.37,914,4062358.0,CALL,2026-09-18,400.0,5730,45.614,0.536210545,0.003666424,-0.1754309,0.943816861,136,100.0,US.TSLA,44.05,47.9,40.83,42.8826,-0.02730051108200425,1462366203651.27,"成交额 $4,062,358 ≥ 阈值 $500,000 | 成交量 914 手",US.TSLA,2026-05-06 08:05:21
US.TSLA260511C400000,TSLA 260511 400.00C,389.37,6011,3960157.0,CALL,2026-05-11,400.0,1662,40.504,0.312957117,0.017717178,-0.634851834,0.174858101,6,100.0,US.TSLA,6.27,10.0,3.9,5.75,-0.02730051108200425,1462366203651.27,"成交额 $3,960,157 ≥ 阈值 $500,000 | 成交量 6,011 手",US.TSLA,2026-05-06 08:05:21
US.TSLA260506C382500,TSLA 260506 382.50C,389.37,3469,3739614.0,CALL,2026-05-06,382.5,486,49.647,0.773824709,0.031933396,-1.682779245,0.057065267,1,100.0,US.TSLA,12.8,20.65,8.1,11.8086,0.017643886277833434,1462366203651.27,"成交额 $3,739,614 ≥ 阈值 $500,000 | 成交量 3,469 手",US.TSLA,2026-05-06 08:05:21
US.TSLA260515C405000,TSLA 260515 405.00C,389.37,4680,3624595.0,CALL,2026-05-15,405.0,16980,43.28,0.307228413,0.012682877,-0.513566711,0.224948076,10,100.0,US.TSLA,7.8,10.8,5.27,6.9,-0.040141767470529305,1462366203651.27,"成交额 $3,624,595 ≥ 阈值 $500,000 | 成交量 4,680 手",US.TSLA,2026-05-06 08:05:21
US.TSLA260529C450000,TSLA 260529 450.00C,389.37,10763,3615704.0,CALL,2026-05-29,450.0,17899,44.167,0.11431831,0.0043952,-0.180920427,0.192407341,24,100.0,US.TSLA,3.0,4.15,2.32,2.83,-0.15571307496725478,1462366203651.27,"成交额 $3,615,704 ≥ 阈值 $500,000 | 成交量 10,763 手",US.TSLA,2026-05-06 08:05:21
US.TSLA260511C415000,TSLA 260511 415.00C,389.37,10967,3604902.0,CALL,2026-05-11,415.0,537,43.367,0.131066664,0.009937574,-0.385238118,0.104998373,6,100.0,US.TSLA,2.38,4.25,1.34,2.18,-0.06582428024757941,1462366203651.27,"成交额 $3,604,902 ≥ 阈值 $500,000 | 成交量 10,967 手",US.TSLA,2026-05-06 08:05:21
US.TSLA260511C390000,TSLA 260511 390.00C,389.37,3400,3583509.0,CALL,2026-05-11,390.0,766,39.969,0.501970786,0.020219022,-0.720833466,0.196931679,6,100.0,US.TSLA,11.03,15.95,7.7,10.0755,-0.001617998304954145,1462366203651.27,"成交额 $3,583,509 ≥ 阈值 $500,000 | 成交量 3,400 手",US.TSLA,2026-05-06 08:05:21
US.TSLA260508P417500,TSLA 260508 417.50P,389.37,1419,3542245.0,PUT,2026-05-08,417.5,86,52.729,-0.929832665,0.007637823,-0.334507918,0.046252835,3,100.0,US.TSLA,19.8,27.0,18.6,26.0255,0.07224490844184193,1462366203651.27,"成交额 $3,542,245 ≥ 阈值 $500,000 | 成交量 1,419 手",US.TSLA,2026-05-06 08:05:21
US.TSLA260511C392500,TSLA 260511 392.50C,389.37,4315,3531915.0,CALL,2026-05-11,392.5,902,40.052,0.451922999,0.020031085,-0.714440242,0.195501046,6,100.0,US.TSLA,11.0,14.2,6.55,8.8252,-0.008038626499216672,1462366203651.27,"成交额 $3,531,915 ≥ 阈值 $500,000 | 成交量 4,315 手",US.TSLA,2026-05-06 08:05:21
US.TSLA260717P350000,TSLA 260717 350.00P,389.37,2949,3512337.0,PUT,2026-07-17,350.0,11268,44.219,-0.251050492,0.004153644,-0.158803635,0.553641114,73,100.0,US.TSLA,10.85,13.25,9.9,11.875,-0.10111205280324628,1462366203651.27,"成交额 $3,512,337 ≥ 阈值 $500,000 | 成交量 2,949 手",US.TSLA,2026-05-06 08:05:21
US.TSLA260508C377500,TSLA 260508 377.50C,389.37,1945,3485783.0,CALL,2026-05-08,377.5,1111,49.685,0.767792828,0.01780544,-0.982308434,0.105329812,3,100.0,US.TSLA,21.49,25.51,14.55,17.5404,0.03048514266635849,1462366203651.27,"成交额 $3,485,783 ≥ 阈值 $500,000 | 成交量 1,945 手",US.TSLA,2026-05-06 08:05:21
US.TSLA260508P407500,TSLA 260508 407.50P,389.37,2582,3479189.0,PUT,2026-05-08,407.5,130,47.689,-0.853864271,0.014068799,-0.60489899,0.078950371,3,100.0,US.TSLA,13.53,19.8,10.9,17.4582,0.04656239566479183,1462366203651.27,"成交额 $3,479,189 ≥ 阈值 $500,000 | 成交量 2,582 手",US.TSLA,2026-05-06 08:05:21
US.TSLA260506C415000,TSLA 260506 415.00C,389.37,42899,3301206.0,CALL,2026-05-06,415.0,2423,63.981,0.021361071,0.004217317,-0.330098981,0.009715093,1,100.0,US.TSLA,0.45,1.43,0.08,0.455,-0.06582428024757941,1462366203651.27,"成交额 $3,301,206 ≥ 阈值 $500,000 | 成交量 42,899 手",US.TSLA,2026-05-06 08:05:21
US.TSLA260508C415000,TSLA 260508 415.00C,389.37,18793,3244052.0,CALL,2026-05-08,415.0,7969,52.558,0.090248852,0.008972341,-0.462722552,0.056143441,3,100.0,US.TSLA,1.64,3.3,0.74,1.505,-0.06582428024757941,1462366203651.27,"成交额 $3,244,052 ≥ 阈值 $500,000 | 成交量 18,793 手",US.TSLA,2026-05-06 08:05:21
US.TSLA260508C420000,TSLA 260508 420.00C,389.37,25347,3194677.0,CALL,2026-05-08,420.0,16389,54.114,0.060680994,0.006435975,-0.329053427,0.041466959,3,100.0,US.TSLA,1.1,2.25,0.47,1.005,-0.07866553663610447,1462366203651.27,"成交额 $3,194,677 ≥ 阈值 $500,000 | 成交量 25,347 手",US.TSLA,2026-05-06 08:05:21
US.TSLA260529C400000,TSLA 260529 400.00C,389.37,1998,3104657.0,CALL,2026-05-29,400.0,4422,40.963,0.427746036,0.009620558,-0.353953165,0.390672422,24,100.0,US.TSLA,15.9,18.7,12.0,13.975,-0.02730051108200425,1462366203651.27,"成交额 $3,104,657 ≥ 阈值 $500,000 | 成交量 1,998 手",US.TSLA,2026-05-06 08:05:21
US.TSLA260515C415000,TSLA 260515 415.00C,389.37,6244,3081569.0,CALL,2026-05-15,415.0,2781,44.303,0.204602783,0.010006281,-0.417493973,0.181655366,10,100.0,US.TSLA,4.7,7.05,3.11,4.3,-0.06582428024757941,1462366203651.27,"成交额 $3,081,569 ≥ 阈值 $500,000 | 成交量 6,244 手",US.TSLA,2026-05-06 08:05:21
US.TSLA260618C380000,TSLA 260618 380.00C,389.37,939,2928177.0,CALL,2026-06-18,380.0,7086,42.345,0.606047081,0.006731291,-0.272753772,0.519364068,44,100.0,US.TSLA,33.41,37.0,28.53,30.702,0.02406451447209596,1462366203651.27,"成交额 $2,928,177 ≥ 阈值 $500,000 | 成交量 939 手",US.TSLA,2026-05-06 08:05:21
US.TSLA260821C420000,TSLA 260821 420.00C,389.37,952,2884252.0,CALL,2026-08-21,420.0,16772,45.424,0.444420354,0.004108854,-0.190884336,0.836218525,108,100.0,US.TSLA,30.3,34.05,28.51,29.4,-0.07866553663610447,1462366203651.27,"成交额 $2,884,252 ≥ 阈值 $500,000 | 成交量 952 手",US.TSLA,2026-05-06 08:05:21
US.TSLA260515C392500,TSLA 260515 392.50C,389.37,2300,2879694.0,CALL,2026-05-15,392.5,1174,42.901,0.474350733,0.014495622,-0.586090114,0.254865341,10,100.0,US.TSLA,12.63,17.5,9.8,11.8882,-0.008038626499216672,1462366203651.27,"成交额 $2,879,694 ≥ 阈值 $500,000 | 成交量 2,300 手",US.TSLA,2026-05-06 08:05:21
US.TSLA260522C400000,TSLA 260522 400.00C,389.37,2210,2830042.0,CALL,2026-05-22,400.0,2844,42.012,0.407292595,0.011037067,-0.424966665,0.324854189,17,100.0,US.TSLA,12.64,16.45,9.8,11.675,-0.02730051108200425,1462366203651.27,"成交额 $2,830,042 ≥ 阈值 $500,000 | 成交量 2,210 手",US.TSLA,2026-05-06 08:05:21
US.TSLA260508C407500,TSLA 260508 407.50C,389.37,7193,2732871.0,CALL,2026-05-08,407.5,2189,50.968,0.163870957,0.014051471,-0.750705972,0.085265546,3,100.0,US.TSLA,2.96,5.53,1.48,2.69,-0.04656239566479183,1462366203651.27,"成交额 $2,732,871 ≥ 阈值 $500,000 | 成交量 7,193 手",US.TSLA,2026-05-06 08:05:21
US.TSLA260515P420000,TSLA 260515 420.00P,389.37,985,2706229.0,PUT,2026-05-15,420.0,6101,44.919,-0.837772983,0.008752293,-0.327612333,0.156649941,10,100.0,US.TSLA,28.4,33.2,23.1,30.4033,0.07866553663610447,1462366203651.27,"成交额 $2,706,229 ≥ 阈值 $500,000 | 成交量 985 手",US.TSLA,2026-05-06 08:05:21
US.TSLA260515C375000,TSLA 260515 375.00C,389.37,1168,2691722.0,CALL,2026-05-15,375.0,6978,43.553,0.717231627,0.012130618,-0.512971715,0.216509526,10,100.0,US.TSLA,25.0,30.25,19.78,22.7132,0.036905770860621016,1462366203651.27,"成交额 $2,691,722 ≥ 阈值 $500,000 | 成交量 1,168 手",US.TSLA,2026-05-06 08:05:21
US.TSLA260717C450000,TSLA 260717 450.00C,389.37,1984,2659622.0,CALL,2026-07-17,450.0,8010,43.788,0.272641376,0.004361475,-0.183331132,0.577966627,73,100.0,US.TSLA,13.5,15.26,11.6,12.575,-0.15571307496725478,1462366203651.27,"成交额 $2,659,622 ≥ 阈值 $500,000 | 成交量 1,984 手",US.TSLA,2026-05-06 08:05:21
US.TSLA260717P400000,TSLA 260717 400.00P,389.37,797,2563601.0,PUT,2026-07-17,400.0,8149,42.609,-0.506913857,0.005457449,-0.18408639,0.692339243,73,100.0,US.TSLA,31.47,34.4,28.4,32.5837,0.02730051108200425,1462366203651.27,"成交额 $2,563,601 ≥ 阈值 $500,000 | 成交量 797 手",US.TSLA,2026-05-06 08:05:21
US.TSLA260508P385000,TSLA 260508 385.00P,389.37,7658,2532426.0,PUT,2026-05-08,385.0,4691,47.828,-0.384442308,0.023160608,-1.192965737,0.131830243,3,100.0,US.TSLA,3.15,5.15,1.94,4.3,-0.011223258083570909,1462366203651.27,"成交额 $2,532,426 ≥ 阈值 $500,000 | 成交量 7,658 手",US.TSLA,2026-05-06 08:05:21
US.TSLA260522C392500,TSLA 260522 392.50C,389.37,1785,2512192.0,CALL,2026-05-22,392.5,352,42.037,0.490080525,0.011334763,-0.439990629,0.333814725,17,100.0,US.TSLA,16.76,20.42,12.95,15.0007,-0.008038626499216672,1462366203651.27,"成交额 $2,512,192 ≥ 阈值 $500,000 | 成交量 1,785 手",US.TSLA,2026-05-06 08:05:21
US.TSLA260618C430000,TSLA 260618 430.00C,389.37,2264,2506069.0,CALL,2026-06-18,430.0,11133,42.555,0.284516856,0.005905474,-0.232838571,0.457855947,44,100.0,US.TSLA,11.52,13.69,9.5,10.625,-0.10434804941315456,1462366203651.27,"成交额 $2,506,069 ≥ 阈值 $500,000 | 成交量 2,264 手",US.TSLA,2026-05-06 08:05:21
US.TSLA260511P410000,TSLA 260511 410.00P,389.37,1403,2481755.0,PUT,2026-05-11,410.0,17,42.143,-0.825139522,0.012576755,-0.427639827,0.126905949,6,100.0,US.TSLA,15.49,20.72,13.65,20.3358,0.05298302385905436,1462366203651.27,"成交额 $2,481,755 ≥ 阈值 $500,000 | 成交量 1,403 手",US.TSLA,2026-05-06 08:05:21
US.TSLA260515C397500,TSLA 260515 397.50C,389.37,2254,2473569.0,CALL,2026-05-15,397.5,927,43.018,0.40402403,0.014065022,-0.568506576,0.247962158,10,100.0,US.TSLA,10.65,14.32,7.61,9.65,-0.020879882887741726,1462366203651.27,"成交额 $2,473,569 ≥ 阈值 $500,000 | 成交量 2,254 手",US.TSLA,2026-05-06 08:05:21
US.TSLA260513C400000,TSLA 260513 400.00C,389.37,2819,2388675.0,CALL,2026-05-13,400.0,871,42.098,0.347435494,0.015350469,-0.593064006,0.211149128,8,100.0,US.TSLA,8.8,11.65,5.4,7.325,-0.02730051108200425,1462366203651.27,"成交额 $2,388,675 ≥ 阈值 $500,000 | 成交量 2,819 手",US.TSLA,2026-05-06 08:05:21
US.TSLA260515C370000,TSLA 260515 370.00C,389.37,858,2383701.0,CALL,2026-05-15,370.0,3591,43.721,0.7762062,0.010682637,-0.45741433,0.191390845,10,100.0,US.TSLA,29.75,34.48,23.85,26.5856,0.049747027249146064,1462366203651.27,"成交额 $2,383,701 ≥ 阈值 $500,000 | 成交量 858 手",US.TSLA,2026-05-06 08:05:21
US.TSLA260515P405000,TSLA 260515 405.00P,389.37,1370,2349537.0,PUT,2026-05-15,405.0,3269,43.461,-0.693246299,0.012714556,-0.478461381,0.224545961,10,100.0,US.TSLA,17.6,20.85,13.36,18.9234,0.040141767470529305,1462366203651.27,"成交额 $2,349,537 ≥ 阈值 $500,000 | 成交量 1,370 手",US.TSLA,2026-05-06 08:05:21
US.TSLA260515C382500,TSLA 260515 382.50C,389.37,1264,2318904.0,CALL,2026-05-15,382.5,880,42.973,0.618352548,0.013858388,-0.567361566,0.244066627,10,100.0,US.TSLA,20.8,24.13,14.94,17.5401,0.017643886277833434,1462366203651.27,"成交额 $2,318,904 ≥ 阈值 $500,000 | 成交量 1,264 手",US.TSLA,2026-05-06 08:05:21
US.TSLA260717C620000,TSLA 260717 620.00C,389.37,15555,2318444.0,CALL,2026-07-17,620.0,1165,55.144,0.041331656,0.000922431,-0.059177775,0.153968959,73,100.0,US.TSLA,1.41,1.67,1.36,1.28,-0.5923157921771066,1462366203651.27,"成交额 $2,318,444 ≥ 阈值 $500,000 | 成交量 15,555 手",US.TSLA,2026-05-06 08:05:21
US.TSLA260717C420000,TSLA 260717 420.00C,389.37,1060,2304143.0,CALL,2026-07-17,420.0,4229,43.167,0.397963662,0.005137444,-0.212902204,0.671200185,73,100.0,US.TSLA,21.6,24.65,19.1,20.525,-0.07866553663610447,1462366203651.27,"成交额 $2,304,143 ≥ 阈值 $500,000 | 成交量 1,060 手",US.TSLA,2026-05-06 08:05:21
US.TSLA260821C400000,TSLA 260821 400.00C,389.37,572,2204748.0,CALL,2026-08-21,400.0,4208,45.484,0.523150372,0.004136701,-0.194875604,0.843017666,108,100.0,US.TSLA,38.52,42.53,35.8,37.3,-0.02730051108200425,1462366203651.27,"成交额 $2,204,748 ≥ 阈值 $500,000 | 成交量 572 手",US.TSLA,2026-05-06 08:05:21
US.TSLA260506C412500,TSLA 260506 412.50C,389.37,22814,2179058.0,CALL,2026-05-06,412.5,1698,60.655,0.026510092,0.005334104,-0.378930862,0.011648298,1,100.0,US.TSLA,0.63,1.85,0.11,0.59,-0.05940365205331689,1462366203651.27,"成交额 $2,179,058 ≥ 阈值 $500,000 | 成交量 22,814 手",US.TSLA,2026-05-06 08:05:21
US.TSLA260511P395000,TSLA 260511 395.00P,389.37,2545,2162952.0,PUT,2026-05-11,395.0,661,39.968,-0.598008698,0.019664483,-0.655800696,0.190859458,6,100.0,US.TSLA,7.92,10.67,5.6,10.0004,0.014459254693479199,1462366203651.27,"成交额 $2,162,952 ≥ 阈值 $500,000 | 成交量 2,545 手",US.TSLA,2026-05-06 08:05:21
US.TSLA260618C395000,TSLA 260618 395.00C,389.37,883,2124103.0,CALL,2026-06-18,395.0,3142,42.169,0.501883873,0.007008435,-0.277671692,0.538502461,44,100.0,US.TSLA,24.85,28.0,21.0,22.825,-0.014459254693479199,1462366203651.27,"成交额 $2,124,103 ≥ 阈值 $500,000 | 成交量 883 手",US.TSLA,2026-05-06 08:05:21
US.TSLA260529C395000,TSLA 260529 395.00C,389.37,1230,2118887.0,CALL,2026-05-29,395.0,1094,40.972,0.47528376,0.009760588,-0.360858476,0.396447269,24,100.0,US.TSLA,16.7,21.15,14.35,16.125,-0.014459254693479199,1462366203651.27,"成交额 $2,118,887 ≥ 阈值 $500,000 | 成交量 1,230 手",US.TSLA,2026-05-06 08:05:21
US.TSLA260515P392500,TSLA 260515 392.50P,389.37,1909,2071947.0,PUT,2026-05-15,392.5,1291,42.571,-0.526779602,0.014645536,-0.544349304,0.254688652,10,100.0,US.TSLA,9.15,13.05,7.65,11.4,0.008038626499216672,1462366203651.27,"成交额 $2,071,947 ≥ 阈值 $500,000 | 成交量 1,909 手",US.TSLA,2026-05-06 08:05:21
US.TSLA260508C360000,TSLA 260508 360.00C,389.37,566,2067645.0,CALL,2026-05-08,360.0,1517,52.579,0.956596037,0.005074397,-0.269798807,0.031768539,3,100.0,US.TSLA,40.2,43.25,30.2,33.2415,0.07542954002619617,1462366203651.27,"成交额 $2,067,645 ≥ 阈值 $500,000 | 成交量 566 手",US.TSLA,2026-05-06 08:05:21
US.TSLA260618C405000,TSLA 260618 405.00C,389.37,1034,2058837.0,CALL,2026-06-18,405.0,2658,42.092,0.433737075,0.006924276,-0.271269543,0.531055286,44,100.0,US.TSLA,20.85,22.9,16.95,18.475,-0.040141767470529305,1462366203651.27,"成交额 $2,058,837 ≥ 阈值 $500,000 | 成交量 1,034 手",US.TSLA,2026-05-06 08:05:21
US.TSLA260618C410000,TSLA 260618 410.00C,389.37,1097,2058193.0,CALL,2026-06-18,410.0,4176,42.09,0.400917819,0.006803996,-0.265620945,0.521798931,44,100.0,US.TSLA,17.28,20.89,14.95,16.6,-0.05298302385905436,1462366203651.27,"成交额 $2,058,193 ≥ 阈值 $500,000 | 成交量 1,097 手",US.TSLA,2026-05-06 08:05:21
US.TSLA260506P380000,TSLA 260506 380.00P,389.37,26938,2044170.0,PUT,2026-05-06,380.0,2693,51.398,-0.16145869,0.025099541,-1.371871647,0.046431288,1,100.0,US.TSLA,0.41,1.33,0.37,1.225,-0.02406451447209596,1462366203651.27,"成交额 $2,044,170 ≥ 阈值 $500,000 | 成交量 26,938 手",US.TSLA,2026-05-06 08:05:21
US.TSLA260508C370000,TSLA 260508 370.00C,389.37,865,2030043.0,CALL,2026-05-08,370.0,1385,51.39,0.874814336,0.011620546,-0.642636911,0.071096972,3,100.0,US.TSLA,29.45,32.06,20.35,23.9194,0.049747027249146064,1462366203651.27,"成交额 $2,030,043 ≥ 阈值 $500,000 | 成交量 865 手",US.TSLA,2026-05-06 08:05:21
US.TSLA260511C385000,TSLA 260511 385.00C,389.37,1519,2029892.0,CALL,2026-05-11,385.0,429,39.786,0.602777865,0.019634878,-0.696483044,0.19035875,6,100.0,US.TSLA,14.07,19.84,10.9,13.0254,0.011223258083570909,1462366203651.27,"成交额 $2,029,892 ≥ 阈值 $500,000 | 成交量 1,519 手",US.TSLA,2026-05-06 08:05:21
US.TSLA260618C385000,TSLA 260618 385.00C,389.37,734,2017978.0,CALL,2026-06-18,385.0,3177,42.285,0.57143663,0.006876943,-0.276427183,0.529850782,44,100.0,US.TSLA,29.98,33.08,25.75,27.8829,0.011223258083570909,1462366203651.27,"成交额 $2,017,978 ≥ 阈值 $500,000 | 成交量 734 手",US.TSLA,2026-05-06 08:05:21
US.TSLA260529P390000,TSLA 260529 390.00P,389.37,1343,1989791.0,PUT,2026-05-29,390.0,788,40.65,-0.477682854,0.009887388,-0.323317129,0.396236667,24,100.0,US.TSLA,12.5,16.6,11.4,15.025,0.001617998304954145,1462366203651.27,"成交额 $1,989,791 ≥ 阈值 $500,000 | 成交量 1,343 手",US.TSLA,2026-05-06 08:05:21
US.TSLA260605C390000,TSLA 260605 390.00C,389.37,903,1989666.0,CALL,2026-06-05,390.0,4634,41.266,0.528737109,0.008515749,-0.322261079,0.450548935,31,100.0,US.TSLA,22.15,26.51,19.0,21.0125,-0.001617998304954145,1462366203651.27,"成交额 $1,989,666 ≥ 阈值 $500,000 | 成交量 903 手",US.TSLA,2026-05-06 08:05:21
US.TSLA260515P380000,TSLA 260515 380.00P,389.37,3538,1988511.0,PUT,2026-05-15,380.0,13564,42.716,-0.346447267,0.013508176,-0.510293832,0.236164266,10,100.0,US.TSLA,5.57,7.2,3.85,6.2,-0.02406451447209596,1462366203651.27,"成交额 $1,988,511 ≥ 阈值 $500,000 | 成交量 3,538 手",US.TSLA,2026-05-06 08:05:21
US.TSLA260513C392500,TSLA 260513 392.50C,389.37,1951,1950695.0,CALL,2026-05-13,392.5,156,41.822,0.465348323,0.016624506,-0.64121932,0.22718346,8,100.0,US.TSLA,12.51,16.05,8.3,10.4755,-0.008038626499216672,1462366203651.27,"成交额 $1,950,695 ≥ 阈值 $500,000 | 成交量 1,951 手",US.TSLA,2026-05-06 08:05:21
US.TSLA260506P382500,TSLA 260506 382.50P,389.37,18086,1921202.0,PUT,2026-05-06,382.5,2037,50.48,-0.229828502,0.031692749,-1.688643564,0.057580797,1,100.0,US.TSLA,0.31,1.89,0.31,1.675,-0.017643886277833434,1462366203651.27,"成交额 $1,921,202 ≥ 阈值 $500,000 | 成交量 18,086 手",US.TSLA,2026-05-06 08:05:21
US.TSLA261016P320000,TSLA 261016 320.00P,389.37,1221,1906578.0,PUT,2026-10-16,320.0,3480,46.906,-0.204170592,0.002328085,-0.097799308,0.738884422,164,100.0,US.TSLA,15.7,16.4,14.37,16.025,-0.1781595911343966,1462366203651.27,"成交额 $1,906,578 ≥ 阈值 $500,000 | 成交量 1,221 手",US.TSLA,2026-05-06 08:05:21
US.TSLA260515P385000,TSLA 260515 385.00P,389.37,2491,1873699.0,PUT,2026-05-15,385.0,3530,42.55,-0.417182694,0.014350612,-0.537065115,0.249785571,10,100.0,US.TSLA,7.01,9.25,5.05,8.0,-0.011223258083570909,1462366203651.27,"成交额 $1,873,699 ≥ 阈值 $500,000 | 成交量 2,491 手",US.TSLA,2026-05-06 08:05:21
US.TSLA260529P400000,TSLA 260529 400.00P,389.37,976,1871271.0,PUT,2026-05-29,400.0,284,41.125,-0.573645924,0.009651397,-0.31823036,0.389899557,24,100.0,US.TSLA,19.28,21.72,15.8,20.3926,0.02730051108200425,1462366203651.27,"成交额 $1,871,271 ≥ 阈值 $500,000 | 成交量 976 手",US.TSLA,2026-05-06 08:05:21
US.TSLA260522P395000,TSLA 260522 395.00P,389.37,1264,1838198.0,PUT,2026-05-22,395.0,654,41.511,-0.540021704,0.011478331,-0.394609261,0.331952446,17,100.0,US.TSLA,14.0,17.35,11.35,15.5257,0.014459254693479199,1462366203651.27,"成交额 $1,838,198 ≥ 阈值 $500,000 | 成交量 1,264 手",US.TSLA,2026-05-06 08:05:21
US.TSLA260515C402500,TSLA 260515 402.50C,389.37,1974,1823577.0,CALL,2026-05-15,402.5,1010,43.095,0.337680566,0.013246195,-0.53377159,0.233938553,10,100.0,US.TSLA,8.4,11.79,6.04,7.725,-0.03372113927626678,1462366203651.27,"成交额 $1,823,577 ≥ 阈值 $500,000 | 成交量 1,974 手",US.TSLA,2026-05-06 08:05:21
US.TSLA260508P380000,TSLA 260508 380.00P,389.37,8139,1798157.0,PUT,2026-05-08,380.0,3404,48.224,-0.275008069,0.020056344,-1.02173031,0.11512526,3,100.0,US.TSLA,2.13,3.35,1.2,2.84,-0.02406451447209596,1462366203651.27,"成交额 $1,798,157 ≥ 阈值 $500,000 | 成交量 8,139 手",US.TSLA,2026-05-06 08:05:21
US.TSLA260717C390000,TSLA 260717 390.00C,389.37,523,1793314.0,CALL,2026-07-17,390.0,6161,43.334,0.550081198,0.005249949,-0.223677226,0.688572888,73,100.0,US.TSLA,33.7,38.55,31.2,32.8248,-0.001617998304954145,1462366203651.27,"成交额 $1,793,314 ≥ 阈值 $500,000 | 成交量 523 手",US.TSLA,2026-05-06 08:05:21
US.TSLA260618P395000,TSLA 260618 395.00P,389.37,774,1769217.0,PUT,2026-06-18,395.0,3104,41.647,-0.501138786,0.007159065,-0.238027219,0.537679346,44,100.0,US.TSLA,21.25,24.95,19.2,23.3616,0.014459254693479199,1462366203651.27,"成交额 $1,769,217 ≥ 阈值 $500,000 | 成交量 774 手",US.TSLA,2026-05-06 08:05:21
US.TSLA260511P400000,TSLA 260511 400.00P,389.37,1675,1760734.0,PUT,2026-05-11,400.0,599,40.589,-0.687570582,0.017756994,-0.598814373,0.174593858,6,100.0,US.TSLA,9.79,14.8,7.75,13.0275,0.02730051108200425,1462366203651.27,"成交额 $1,760,734 ≥ 阈值 $500,000 | 成交量 1,675 手",US.TSLA,2026-05-06 08:05:21
US.TSLA260918P300000,TSLA 260918 300.00P,389.37,2102,1750955.0,PUT,2026-09-18,300.0,12224,47.983,-0.140363491,0.001960715,-0.088079836,0.529411321,136,100.0,US.TSLA,8.5,9.35,8.1,9.075,-0.2295246166884968,1462366203651.27,"成交额 $1,750,955 ≥ 阈值 $500,000 | 成交量 2,102 手",US.TSLA,2026-05-06 08:05:21
US.TSLA260513P395000,TSLA 260513 395.00P,389.37,1543,1717536.0,PUT,2026-05-13,395.0,476,42.122,-0.575513282,0.016320333,-0.597146262,0.223825433,8,100.0,US.TSLA,9.9,13.0,7.4,11.5252,0.014459254693479199,1462366203651.27,"成交额 $1,717,536 ≥ 阈值 $500,000 | 成交量 1,543 手",US.TSLA,2026-05-06 08:05:21
US.TSLA260529C420000,TSLA 260529 420.00C,389.37,1962,1644346.0,CALL,2026-05-29,420.0,2134,41.543,0.261936774,0.00787189,-0.293053751,0.324154977,24,100.0,US.TSLA,8.0,10.55,6.2,7.5,-0.07866553663610447,1462366203651.27,"成交额 $1,644,346 ≥ 阈值 $500,000 | 成交量 1,962 手",US.TSLA,2026-05-06 08:05:21
US.TSLA260605C395000,TSLA 260605 395.00C,389.37,851,1608384.0,CALL,2026-06-05,395.0,462,41.248,0.486387646,0.008536731,-0.321279275,0.451457247,31,100.0,US.TSLA,20.98,23.66,16.7,18.575,-0.014459254693479199,1462366203651.27,"成交额 $1,608,384 ≥ 阈值 $500,000 | 成交量 851 手",US.TSLA,2026-05-06 08:05:21
US.TSLA260605C400000,TSLA 260605 400.00C,389.37,881,1595850.0,CALL,2026-06-05,400.0,1477,41.213,0.44464185,0.008466417,-0.316759581,0.447360285,31,100.0,US.TSLA,17.22,21.35,14.55,16.4,-0.02730051108200425,1462366203651.27,"成交额 $1,595,850 ≥ 阈值 $500,000 | 成交量 881 手",US.TSLA,2026-05-06 08:05:21
US.TSLA260515P397500,TSLA 260515 397.50P,389.37,1256,1593961.0,PUT,2026-05-15,397.5,270,43.286,-0.596124585,0.014032035,-0.534724422,0.247773072,10,100.0,US.TSLA,12.39,16.03,9.55,14.1652,0.020879882887741726,1462366203651.27,"成交额 $1,593,961 ≥ 阈值 $500,000 | 成交量 1,256 手",US.TSLA,2026-05-06 08:05:21
US.TSLA260511P392500,TSLA 260511 392.50P,389.37,2015,1581838.0,PUT,2026-05-11,392.5,395,39.877,-0.548933677,0.020158076,-0.673844005,0.195369105,6,100.0,US.TSLA,7.1,10.1,4.85,8.6,0.008038626499216672,1462366203651.27,"成交额 $1,581,838 ≥ 阈值 $500,000 | 成交量 2,015 手",US.TSLA,2026-05-06 08:05:21
US.TSLA260515C355000,TSLA 260515 355.00C,389.37,368,1576809.0,CALL,2026-05-15,355.0,1298,45.915,0.898821821,0.006021702,-0.291306585,0.113294059,10,100.0,US.TSLA,44.9,47.0,36.35,39.4691,0.08827079641472123,1462366203651.27,"成交额 $1,576,809 ≥ 阈值 $500,000 | 成交量 368 手",US.TSLA,2026-05-06 08:05:21
US.TSLA260511C420000,TSLA 260511 420.00C,389.37,7010,1557372.0,CALL,2026-05-11,420.0,742,44.916,0.098337072,0.007818668,-0.318215876,0.085561673,6,100.0,US.TSLA,2.02,3.14,1.0,1.56,-0.07866553663610447,1462366203651.27,"成交额 $1,557,372 ≥ 阈值 $500,000 | 成交量 7,010 手",US.TSLA,2026-05-06 08:05:21
US.TSLA260522C405000,TSLA 260522 405.00C,389.37,1455,1541826.0,CALL,2026-05-22,405.0,1666,42.035,0.355015555,0.010581363,-0.405960216,0.311602181,17,100.0,US.TSLA,11.75,14.05,8.04,9.8,-0.040141767470529305,1462366203651.27,"成交额 $1,541,826 ≥ 阈值 $500,000 | 成交量 1,455 手",US.TSLA,2026-05-06 08:05:21
US.TSLA260717C440000,TSLA 260717 440.00C,389.37,920,1521977.0,CALL,2026-07-17,440.0,4496,43.509,0.310524009,0.00466418,-0.194402369,0.614163799,73,100.0,US.TSLA,15.84,18.0,13.7,14.8,-0.13003056219020467,1462366203651.27,"成交额 $1,521,977 ≥ 阈值 $500,000 | 成交量 920 手",US.TSLA,2026-05-06 08:05:21
US.TSLA260717P360000,TSLA 260717 360.00P,389.37,1009,1510030.0,PUT,2026-07-17,360.0,5506,43.65,-0.297226434,0.004579505,-0.169400789,0.601780703,73,100.0,US.TSLA,13.8,16.4,12.57,14.85,-0.07542954002619617,1462366203651.27,"成交额 $1,510,030 ≥ 阈值 $500,000 | 成交量 1,009 手",US.TSLA,2026-05-06 08:05:21
US.TSLA260511C397500,TSLA 260511 397.50C,389.37,2023,1503899.0,CALL,2026-05-11,397.5,702,40.283,0.356555549,0.018750852,-0.669266699,0.184054019,6,100.0,US.TSLA,8.85,11.25,4.75,6.675,-0.020879882887741726,1462366203651.27,"成交额 $1,503,899 ≥ 阈值 $500,000 | 成交量 2,023 手",US.TSLA,2026-05-06 08:05:21
US.TSLA260511C410000,TSLA 260511 410.00C,389.37,4191,1460739.0,CALL,2026-05-11,410.0,1230,42.072,0.176109863,0.012461459,-0.464396438,0.127736219,6,100.0,US.TSLA,3.6,5.75,1.9,3.05,-0.05298302385905436,1462366203651.27,"成交额 $1,460,739 ≥ 阈值 $500,000 | 成交量 4,191 手",US.TSLA,2026-05-06 08:05:21
US.TSLA260511C405000,TSLA 260511 405.00C,389.37,3036,1451974.0,CALL,2026-05-11,405.0,1150,41.163,0.23671921,0.015184126,-0.552505629,0.152286919,6,100.0,US.TSLA,4.68,7.6,2.74,4.2,-0.040141767470529305,1462366203651.27,"成交额 $1,451,974 ≥ 阈值 $500,000 | 成交量 3,036 手",US.TSLA,2026-05-06 08:05:21
US.TSLA260605P375000,TSLA 260605 375.00P,389.37,1394,1420685.0,PUT,2026-06-05,375.0,667,41.401,-0.346260585,0.007892541,-0.269070969,0.417469932,31,100.0,US.TSLA,9.5,12.2,8.5,10.95,-0.036905770860621016,1462366203651.27,"成交额 $1,420,685 ≥ 阈值 $500,000 | 成交量 1,394 手",US.TSLA,2026-05-06 08:05:21
US.TSLA260717C395000,TSLA 260717 395.00C,389.37,427,1362674.0,CALL,2026-07-17,395.0,765,43.309,0.523920837,0.005285201,-0.224029585,0.692800744,73,100.0,US.TSLA,33.0,35.79,28.85,30.4091,-0.014459254693479199,1462366203651.27,"成交额 $1,362,674 ≥ 阈值 $500,000 | 成交量 427 手",US.TSLA,2026-05-06 08:05:21
US.TSLA260821C450000,TSLA 260821 450.00C,389.37,609,1320212.0,CALL,2026-08-21,450.0,5309,45.823,0.339675423,0.003776226,-0.176161421,0.775247881,108,100.0,US.TSLA,21.3,23.9,19.29,20.425,-0.15571307496725478,1462366203651.27,"成交额 $1,320,212 ≥ 阈值 $500,000 | 成交量 609 手",US.TSLA,2026-05-06 08:05:21
US.TSLA260717P405000,TSLA 260717 405.00P,389.37,390,1309405.0,PUT,2026-07-17,405.0,213,42.562,-0.53342592,0.005457145,-0.182217367,0.689787667,73,100.0,US.TSLA,34.36,36.25,30.99,35.4794,0.040141767470529305,1462366203651.27,"成交额 $1,309,405 ≥ 阈值 $500,000 | 成交量 390 手",US.TSLA,2026-05-06 08:05:21
US.TSLA260511C402500,TSLA 260511 402.50C,389.37,2125,1293967.0,CALL,2026-05-11,402.5,318,40.875,0.273315906,0.016486326,-0.596858598,0.164198073,6,100.0,US.TSLA,5.1,8.75,3.29,4.925,-0.03372113927626678,1462366203651.27,"成交额 $1,293,967 ≥ 阈值 $500,000 | 成交量 2,125 手",US.TSLA,2026-05-06 08:05:21
US.TSLA260508P375000,TSLA 260508 375.00P,389.37,9003,1279075.0,PUT,2026-05-08,375.0,5549,48.866,-0.185035454,0.015833624,-0.789305559,0.092103363,3,100.0,US.TSLA,1.28,2.08,0.77,1.83,-0.036905770860621016,1462366203651.27,"成交额 $1,279,075 ≥ 阈值 $500,000 | 成交量 9,003 手",US.TSLA,2026-05-06 08:05:21
US.TSLA260717P340000,TSLA 260717 340.00P,389.37,1313,1278156.0,PUT,2026-07-17,340.0,7317,44.831,-0.209011485,0.003693958,-0.146025321,0.499663946,73,100.0,US.TSLA,8.8,10.6,7.9,9.375,-0.1267945655802964,1462366203651.27,"成交额 $1,278,156 ≥ 阈值 $500,000 | 成交量 1,313 手",US.TSLA,2026-05-06 08:05:21
US.TSLA260529C390000,TSLA 260529 390.00C,389.37,626,1265789.0,CALL,2026-05-29,390.0,1347,41.076,0.523807414,0.009737048,-0.363521774,0.39650387,24,100.0,US.TSLA,19.95,24.05,16.65,18.613,-0.001617998304954145,1462366203651.27,"成交额 $1,265,789 ≥ 阈值 $500,000 | 成交量 626 手",US.TSLA,2026-05-06 08:05:21
US.TSLA261120C420000,TSLA 261120 420.00C,389.37,266,1232553.0,CALL,2026-11-20,420.0,809,46.979,0.50481166,0.002954127,-0.150677264,1.146614546,199,100.0,US.TSLA,49.5,50.3,45.98,46.5764,-0.07866553663610447,1462366203651.27,"成交额 $1,232,553 ≥ 阈值 $500,000 | 成交量 266 手",US.TSLA,2026-05-06 08:05:21
US.TSLA260821C460000,TSLA 260821 460.00C,389.37,626,1220822.0,CALL,2026-08-21,460.0,2207,46.056,0.309320811,0.003615349,-0.169747773,0.74598332,108,100.0,US.TSLA,18.52,21.1,17.53,18.025,-0.1813955877443049,1462366203651.27,"成交额 $1,220,822 ≥ 阈值 $500,000 | 成交量 626 手",US.TSLA,2026-05-06 08:05:21
US.TSLA260506C377500,TSLA 260506 377.50C,389.37,696,1204998.0,CALL,2026-05-06,377.5,303,52.846,0.888480137,0.018938873,-1.117866867,0.036023694,1,100.0,US.TSLA,21.0,24.35,12.75,16.0286,0.03048514266635849,1462366203651.27,"成交额 $1,204,998 ≥ 阈值 $500,000 | 成交量 696 手",US.TSLA,2026-05-06 08:05:21
US.TSLA260918C500000,TSLA 260918 500.00C,389.37,753,1187877.0,CALL,2026-09-18,500.0,7753,46.747,0.24608847,0.002837483,-0.136944175,0.748490156,136,100.0,US.TSLA,15.05,17.5,14.17,15.0078,-0.2841256388525053,1462366203651.27,"成交额 $1,187,877 ≥ 阈值 $500,000 | 成交量 753 手",US.TSLA,2026-05-06 08:05:21
US.TSLA260717P390000,TSLA 260717 390.00P,389.37,441,1185094.0,PUT,2026-07-17,390.0,4793,42.752,-0.453213791,0.005383343,-0.185381645,0.688034156,73,100.0,US.TSLA,26.15,28.26,23.5,27.25,0.001617998304954145,1462366203651.27,"成交额 $1,185,094 ≥ 阈值 $500,000 | 成交量 441 手",US.TSLA,2026-05-06 08:05:21
US.TSLA260506P377500,TSLA 260506 377.50P,389.37,20087,1151714.0,PUT,2026-05-06,377.5,1890,53.052,-0.112412361,0.01897366,-1.091202762,0.03622899,1,100.0,US.TSLA,0.52,0.94,0.29,0.895,-0.03048514266635849,1462366203651.27,"成交额 $1,151,714 ≥ 阈值 $500,000 | 成交量 20,087 手",US.TSLA,2026-05-06 08:05:21
US.TSLA260511P390000,TSLA 260511 390.00P,389.37,1745,1148211.0,PUT,2026-05-11,390.0,266,40.177,-0.498395972,0.020148437,-0.687076643,0.196867162,6,100.0,US.TSLA,5.59,8.75,3.95,7.35,0.001617998304954145,1462366203651.27,"成交额 $1,148,211 ≥ 阈值 $500,000 | 成交量 1,745 手",US.TSLA,2026-05-06 08:05:21
US.TSLA260618P350000,TSLA 260618 350.00P,389.37,1658,1146151.0,PUT,2026-06-18,350.0,15039,43.609,-0.209752335,0.004900264,-0.185799071,0.388536923,44,100.0,US.TSLA,6.6,7.95,5.5,7.025,-0.10111205280324628,1462366203651.27,"成交额 $1,146,151 ≥ 阈值 $500,000 | 成交量 1,658 手",US.TSLA,2026-05-06 08:05:21
US.TSLA260513C395000,TSLA 260513 395.00C,389.37,1121,1135308.0,CALL,2026-05-13,395.0,336,41.938,0.424779098,0.01634464,-0.631791713,0.223976314,8,100.0,US.TSLA,10.87,14.25,7.19,9.35,-0.014459254693479199,1462366203651.27,"成交额 $1,135,308 ≥ 阈值 $500,000 | 成交量 1,121 手",US.TSLA,2026-05-06 08:05:21
US.TSLA260506C370000,TSLA 260506 370.00C,389.37,389,1086753.0,CALL,2026-05-06,370.0,712,57.879,0.966105906,0.006853169,-0.48410234,0.014279419,1,100.0,US.TSLA,24.41,34.4,19.98,23.0127,0.049747027249146064,1462366203651.27,"成交额 $1,086,753 ≥ 阈值 $500,000 | 成交量 389 手",US.TSLA,2026-05-06 08:05:21
US.TSLA260511P397500,TSLA 260511 397.50P,389.37,1265,1079116.0,PUT,2026-05-11,397.5,255,41.723,-0.63876487,0.018250225,-0.659166645,0.184782873,6,100.0,US.TSLA,9.19,12.96,6.6,11.4513,0.020879882887741726,1462366203651.27,"成交额 $1,079,116 ≥ 阈值 $500,000 | 成交量 1,265 手",US.TSLA,2026-05-06 08:05:21
US.TSLA260522C390000,TSLA 260522 390.00C,389.37,628,1071649.0,CALL,2026-05-22,390.0,2161,42.056,0.518290963,0.011321051,-0.440915655,0.333567388,17,100.0,US.TSLA,17.5,22.0,14.0,16.2766,-0.001617998304954145,1462366203651.27,"成交额 $1,071,649 ≥ 阈值 $500,000 | 成交量 628 手",US.TSLA,2026-05-06 08:05:21
US.TSLA260508P387500,TSLA 260508 387.50P,389.37,2379,1068871.0,PUT,2026-05-08,387.5,1156,48.003,-0.444053231,0.023860744,-1.244605657,0.136289023,3,100.0,US.TSLA,3.8,6.25,2.4,5.2,-0.004802629889308381,1462366203651.27,"成交额 $1,068,871 ≥ 阈值 $500,000 | 成交量 2,379 手",US.TSLA,2026-05-06 08:05:21
US.TSLA260513P390000,TSLA 260513 390.00P,389.37,1316,1058015.0,PUT,2026-05-13,390.0,622,42.425,-0.49345399,0.016479679,-0.617122194,0.227929139,8,100.0,US.TSLA,7.64,9.85,5.5,8.9,0.001617998304954145,1462366203651.27,"成交额 $1,058,015 ≥ 阈值 $500,000 | 成交量 1,316 手",US.TSLA,2026-05-06 08:05:21
US.TSLA260918C450000,TSLA 260918 450.00C,389.37,403,1045183.0,CALL,2026-09-18,450.0,5045,45.775,0.370629104,0.003474036,-0.163346266,0.897400185,136,100.0,US.TSLA,25.5,29.0,24.46,25.3343,-0.15571307496725478,1462366203651.27,"成交额 $1,045,183 ≥ 阈值 $500,000 | 成交量 403 手",US.TSLA,2026-05-06 08:05:21
US.TSLA260529C430000,TSLA 260529 430.00C,389.37,1795,1043748.0,CALL,2026-05-29,430.0,1891,42.224,0.199531228,0.006649757,-0.253799025,0.27830792,24,100.0,US.TSLA,5.75,7.67,4.5,5.4,-0.10434804941315456,1462366203651.27,"成交额 $1,043,748 ≥ 阈值 $500,000 | 成交量 1,795 手",US.TSLA,2026-05-06 08:05:21
US.TSLA260508C350000,TSLA 260508 350.00C,389.37,232,1031470.0,CALL,2026-05-08,350.0,1611,63.514,0.97300947,0.002843175,-0.2122546,0.021504157,3,100.0,US.TSLA,48.9,52.0,39.7,42.9929,0.10111205280324628,1462366203651.27,"成交额 $1,031,470 ≥ 阈值 $500,000 | 成交量 232 手",US.TSLA,2026-05-06 08:05:21
US.TSLA260918C390000,TSLA 260918 390.00C,389.37,202,1010147.0,CALL,2026-09-18,390.0,1745,45.694,0.572221883,0.003614782,-0.174699838,0.932150931,136,100.0,US.TSLA,51.57,52.82,46.0,47.4121,-0.001617998304954145,1462366203651.27,"成交额 $1,010,147 ≥ 阈值 $500,000 | 成交量 202 手",US.TSLA,2026-05-06 08:05:21
US.TSLA260515P370000,TSLA 260515 370.00P,389.37,3348,996699.0,PUT,2026-05-15,370.0,9851,43.215,-0.221602493,0.01075233,-0.413791979,0.190286137,10,100.0,US.TSLA,2.96,4.09,2.09,3.6,-0.049747027249146064,1462366203651.27,"成交额 $996,699 ≥ 阈值 $500,000 | 成交量 3,348 手",US.TSLA,2026-05-06 08:05:21
US.TSLA260618C500000,TSLA 260618 500.00C,389.37,3847,983819.0,CALL,2026-06-18,500.0,25014,47.587,0.079719036,0.002308252,-0.110571472,0.200116758,44,100.0,US.TSLA,2.35,3.06,2.16,2.335,-0.2841256388525053,1462366203651.27,"成交额 $983,819 ≥ 阈值 $500,000 | 成交量 3,847 手",US.TSLA,2026-05-06 08:05:21
US.TSLA260518C400000,TSLA 260518 400.00C,389.37,935,979867.0,CALL,2026-05-18,400.0,464,40.223,0.381342779,0.012962314,-0.457139834,0.278640884,13,100.0,US.TSLA,11.85,14.0,7.57,9.425,-0.02730051108200425,1462366203651.27,"成交额 $979,867 ≥ 阈值 $500,000 | 成交量 935 手",US.TSLA,2026-05-06 08:05:21
US.TSLA261120P350000,TSLA 261120 350.00P,389.37,330,973590.0,PUT,2026-11-20,350.0,4430,46.753,-0.29861573,0.002611613,-0.105193609,0.995786759,199,100.0,US.TSLA,28.2,30.52,27.9,30.1127,-0.10111205280324628,1462366203651.27,"成交额 $973,590 ≥ 阈值 $500,000 | 成交量 330 手",US.TSLA,2026-05-06 08:05:21
US.TSLA260717P370000,TSLA 260717 370.00P,389.37,509,964362.0,PUT,2026-07-17,370.0,5584,43.262,-0.347174302,0.00493584,-0.177859137,0.641752729,73,100.0,US.TSLA,17.08,20.08,15.81,18.4,-0.049747027249146064,1462366203651.27,"成交额 $964,362 ≥ 阈值 $500,000 | 成交量 509 手",US.TSLA,2026-05-06 08:05:21
US.TSLA260515P375000,TSLA 260515 375.00P,389.37,2287,962666.0,PUT,2026-05-15,375.0,6025,42.892,-0.280423123,0.012277007,-0.4670752,0.21559526,10,100.0,US.TSLA,4.0,5.45,2.81,4.725,-0.036905770860621016,1462366203651.27,"成交额 $962,666 ≥ 阈值 $500,000 | 成交量 2,287 手",US.TSLA,2026-05-06 08:05:21
US.TSLA260821P390000,TSLA 260821 390.00P,389.37,274,961479.0,PUT,2026-08-21,390.0,4455,44.833,-0.440552531,0.004214506,-0.156566384,0.833254019,108,100.0,US.TSLA,32.73,36.45,31.1,34.975,0.001617998304954145,1462366203651.27,"成交额 $961,479 ≥ 阈值 $500,000 | 成交量 274 手",US.TSLA,2026-05-06 08:05:21
US.TSLA260618P340000,TSLA 260618 340.00P,389.37,1805,948005.0,PUT,2026-06-18,340.0,10305,44.461,-0.162794426,0.004104447,-0.162375684,0.331991526,44,100.0,US.TSLA,4.77,5.85,4.05,5.175,-0.1267945655802964,1462366203651.27,"成交额 $948,005 ≥ 阈值 $500,000 | 成交量 1,805 手",US.TSLA,2026-05-06 08:05:21
US.TSLA260511P387500,TSLA 260511 387.50P,389.37,1674,947507.0,PUT,2026-05-11,387.5,367,39.834,-0.447831183,0.020140238,-0.676738642,0.195192754,6,100.0,US.TSLA,4.5,7.5,3.3,6.275,-0.004802629889308381,1462366203651.27,"成交额 $947,507 ≥ 阈值 $500,000 | 成交量 1,674 手",US.TSLA,2026-05-06 08:05:21
US.TSLA260506C420000,TSLA 260506 420.00C,389.37,21310,926781.0,CALL,2026-05-06,420.0,4200,70.131,0.014035735,0.002687891,-0.247979215,0.006787905,1,100.0,US.TSLA,0.28,0.85,0.06,0.28,-0.07866553663610447,1462366203651.27,"成交额 $926,781 ≥ 阈值 $500,000 | 成交量 21,310 手",US.TSLA,2026-05-06 08:05:21
US.TSLA260522P400000,TSLA 260522 400.00P,389.37,606,926259.0,PUT,2026-05-22,400.0,568,41.56,-0.595550281,0.011210508,-0.382797002,0.323932681,17,100.0,US.TSLA,14.75,19.5,13.6,18.3799,0.02730051108200425,1462366203651.27,"成交额 $926,259 ≥ 阈值 $500,000 | 成交量 606 手",US.TSLA,2026-05-06 08:05:21
US.TSLA260506P430000,TSLA 260506 430.00P,389.37,274,898449.0,PUT,2026-05-06,430.0,31,117.848,-0.955571702,0.004238526,-1.112107997,0.017784563,1,100.0,US.TSLA,30.9,38.51,28.8,37.5589,0.10434804941315456,1462366203651.27,"成交额 $898,449 ≥ 阈值 $500,000 | 成交量 274 手",US.TSLA,2026-05-06 08:05:21
US.TSLA260513C420000,TSLA 260513 420.00C,389.37,3373,891040.0,CALL,2026-05-13,420.0,329,44.914,0.134883223,0.008451675,-0.354422606,0.124013932,8,100.0,US.TSLA,2.73,4.45,1.68,2.5,-0.07866553663610447,1462366203651.27,"成交额 $891,040 ≥ 阈值 $500,000 | 成交量 3,373 手",US.TSLA,2026-05-06 08:05:21
US.TSLA260717P330000,TSLA 260717 330.00P,389.37,1125,876599.0,PUT,2026-07-17,330.0,6357,45.583,-0.171893038,0.003219485,-0.132226471,0.443110407,73,100.0,US.TSLA,6.4,8.4,6.2,7.375,-0.1524770783573465,1462366203651.27,"成交额 $876,599 ≥ 阈值 $500,000 | 成交量 1,125 手",US.TSLA,2026-05-06 08:05:21
US.TSLA260529C410000,TSLA 260529 410.00C,389.37,732,874515.0,CALL,2026-05-29,410.0,1299,41.092,0.338628032,0.008941737,-0.328295934,0.364232564,24,100.0,US.TSLA,10.45,14.15,8.71,10.275,-0.05298302385905436,1462366203651.27,"成交额 $874,515 ≥ 阈值 $500,000 | 成交量 732 手",US.TSLA,2026-05-06 08:05:21
US.TSLA260717P320000,TSLA 260717 320.00P,389.37,1440,873589.0,PUT,2026-07-17,320.0,4996,46.442,-0.139738244,0.002754754,-0.117938196,0.386525875,73,100.0,US.TSLA,5.34,6.6,4.9,5.75,-0.1781595911343966,1462366203651.27,"成交额 $873,589 ≥ 阈值 $500,000 | 成交量 1,440 手",US.TSLA,2026-05-06 08:05:21
US.TSLA260515C430000,TSLA 260515 430.00C,389.37,3663,871980.0,CALL,2026-05-15,430.0,10460,46.733,0.107378647,0.006176988,-0.278679571,0.118285999,10,100.0,US.TSLA,2.07,3.55,1.47,2.04,-0.10434804941315456,1462366203651.27,"成交额 $871,980 ≥ 阈值 $500,000 | 成交量 3,663 手",US.TSLA,2026-05-06 08:05:21
US.TSLA260522C397500,TSLA 260522 397.50C,389.37,622,847938.0,CALL,2026-05-22,397.5,236,41.973,0.434340002,0.011201346,-0.431490353,0.329381414,17,100.0,US.TSLA,13.5,17.75,10.9,12.75,-0.020879882887741726,1462366203651.27,"成交额 $847,938 ≥ 阈值 $500,000 | 成交量 622 手",US.TSLA,2026-05-06 08:05:21
US.TSLA260506C417500,TSLA 260506 417.50C,389.37,13600,847468.0,CALL,2026-05-06,417.5,913,66.689,0.016682833,0.003278759,-0.275710094,0.007873319,1,100.0,US.TSLA,0.33,1.1,0.07,0.35,-0.07224490844184193,1462366203651.27,"成交额 $847,468 ≥ 阈值 $500,000 | 成交量 13,600 手",US.TSLA,2026-05-06 08:05:21
US.TSLA260605C450000,TSLA 260605 450.00C,389.37,1884,838668.0,CALL,2026-06-05,450.0,1408,43.466,0.145155156,0.004634351,-0.186561398,0.258211923,31,100.0,US.TSLA,4.25,5.65,3.5,4.1,-0.15571307496725478,1462366203651.27,"成交额 $838,668 ≥ 阈值 $500,000 | 成交量 1,884 手",US.TSLA,2026-05-06 08:05:21
US.TSLA260522C420000,TSLA 260522 420.00C,389.37,1360,817193.0,CALL,2026-05-22,420.0,2089,42.887,0.224498412,0.008344178,-0.328380817,0.250677493,17,100.0,US.TSLA,6.38,8.38,4.45,5.6,-0.07866553663610447,1462366203651.27,"成交额 $817,193 ≥ 阈值 $500,000 | 成交量 1,360 手",US.TSLA,2026-05-06 08:05:21
US.TSLA260513P392500,TSLA 260513 392.50P,389.37,935,815934.0,PUT,2026-05-13,392.5,132,42.002,-0.535023476,0.016591954,-0.606556394,0.227062894,8,100.0,US.TSLA,8.7,11.69,6.45,10.15,0.008038626499216672,1462366203651.27,"成交额 $815,934 ≥ 阈值 $500,000 | 成交量 935 手",US.TSLA,2026-05-06 08:05:21
US.TSLA260612C400000,TSLA 260612 400.00C,389.37,386,815705.0,CALL,2026-06-12,400.0,192,41.667,0.457971724,0.007591919,-0.291552734,0.497544207,38,100.0,US.TSLA,19.85,23.45,16.89,18.675,-0.02730051108200425,1462366203651.27,"成交额 $815,705 ≥ 阈值 $500,000 | 成交量 386 手",US.TSLA,2026-05-06 08:05:21
US.TSLA260821C430000,TSLA 260821 430.00C,389.37,303,811968.0,CALL,2026-08-21,430.0,2625,45.557,0.407629344,0.00402563,-0.1871896,0.821678494,108,100.0,US.TSLA,28.0,30.2,24.75,26.075,-0.10434804941315456,1462366203651.27,"成交额 $811,968 ≥ 阈值 $500,000 | 成交量 303 手",US.TSLA,2026-05-06 08:05:21
US.TSLA260522P390000,TSLA 260522 390.00P,389.37,660,811117.0,PUT,2026-05-22,390.0,1459,41.529,-0.482901754,0.011506424,-0.398750751,0.333388316,17,100.0,US.TSLA,10.6,14.2,9.35,12.975,0.001617998304954145,1462366203651.27,"成交额 $811,117 ≥ 阈值 $500,000 | 成交量 660 手",US.TSLA,2026-05-06 08:05:21
US.TSLA260918C550000,TSLA 260918 550.00C,389.37,870,804750.0,CALL,2026-09-18,550.0,4540,48.155,0.162873579,0.002151725,-0.108984383,0.584663082,136,100.0,US.TSLA,10.15,10.6,8.65,9.15,-0.4125382027377558,1462366203651.27,"成交额 $804,750 ≥ 阈值 $500,000 | 成交量 870 手",US.TSLA,2026-05-06 08:05:21
US.TSLA260821C480000,TSLA 260821 480.00C,389.37,552,803496.0,CALL,2026-08-21,480.0,5560,46.509,0.255008127,0.003261813,-0.155173843,0.679626175,108,100.0,US.TSLA,14.88,16.8,13.38,14.2,-0.2327606132984051,1462366203651.27,"成交额 $803,496 ≥ 阈值 $500,000 | 成交量 552 手",US.TSLA,2026-05-06 08:05:21
US.TSLA260821P400000,TSLA 260821 400.00P,389.37,200,799645.0,PUT,2026-08-21,400.0,3423,44.794,-0.482489193,0.004276198,-0.156600651,0.841398894,108,100.0,US.TSLA,38.0,41.52,36.45,40.2935,0.02730051108200425,1462366203651.27,"成交额 $799,645 ≥ 阈值 $500,000 | 成交量 200 手",US.TSLA,2026-05-06 08:05:21
US.TSLA260821C410000,TSLA 260821 410.00C,389.37,233,787507.0,CALL,2026-08-21,410.0,1958,45.498,0.483362711,0.00413885,-0.193914729,0.843700731,108,100.0,US.TSLA,36.45,38.3,32.73,33.15,-0.05298302385905436,1462366203651.27,"成交额 $787,507 ≥ 阈值 $500,000 | 成交量 233 手",US.TSLA,2026-05-06 08:05:21
US.TSLA260522C415000,TSLA 260522 415.00C,389.37,1008,781197.0,CALL,2026-05-22,415.0,765,42.592,0.263636606,0.009163675,-0.357452019,0.273408563,17,100.0,US.TSLA,8.0,10.0,5.45,6.775,-0.06582428024757941,1462366203651.27,"成交额 $781,197 ≥ 阈值 $500,000 | 成交量 1,008 手",US.TSLA,2026-05-06 08:05:21
US.TSLA260515C407500,TSLA 260515 407.50C,389.37,1184,780625.0,CALL,2026-05-15,407.5,774,43.606,0.279188839,0.012041415,-0.49304581,0.215176513,10,100.0,US.TSLA,6.93,9.65,4.73,6.15,-0.04656239566479183,1462366203651.27,"成交额 $780,625 ≥ 阈值 $500,000 | 成交量 1,184 手",US.TSLA,2026-05-06 08:05:21
US.TSLA260513C397500,TSLA 260513 397.50C,389.37,814,759682.0,CALL,2026-05-13,397.5,167,41.833,0.384746414,0.015981727,-0.612374964,0.218454751,8,100.0,US.TSLA,8.7,12.68,6.4,8.275,-0.020879882887741726,1462366203651.27,"成交额 $759,682 ≥ 阈值 $500,000 | 成交量 814 手",US.TSLA,2026-05-06 08:05:21
US.TSLA260821C500000,TSLA 260821 500.00C,389.37,662,758230.0,CALL,2026-08-21,500.0,3895,47.092,0.209841681,0.002889976,-0.140179728,0.609678561,108,100.0,US.TSLA,11.35,13.2,10.45,11.2,-0.2841256388525053,1462366203651.27,"成交额 $758,230 ≥ 阈值 $500,000 | 成交量 662 手",US.TSLA,2026-05-06 08:05:21
US.TSLA260518C395000,TSLA 260518 395.00C,389.37,614,756978.0,CALL,2026-05-18,395.0,156,40.156,0.446010465,0.013464947,-0.476016002,0.288970308,13,100.0,US.TSLA,12.8,16.8,9.8,11.725,-0.014459254693479199,1462366203651.27,"成交额 $756,978 ≥ 阈值 $500,000 | 成交量 614 手",US.TSLA,2026-05-06 08:05:21
US.TSLA260605C415000,TSLA 260605 415.00C,389.37,622,744173.0,CALL,2026-06-05,415.0,574,41.365,0.328413475,0.007716964,-0.287578243,0.409237999,31,100.0,US.TSLA,11.55,14.57,9.49,10.975,-0.06582428024757941,1462366203651.27,"成交额 $744,173 ≥ 阈值 $500,000 | 成交量 622 手",US.TSLA,2026-05-06 08:05:21
US.TSLA260508C412500,TSLA 260508 412.50C,389.37,3304,735466.0,CALL,2026-05-08,412.5,5805,51.973,0.110543417,0.010521859,-0.548778624,0.065105472,3,100.0,US.TSLA,2.05,3.89,0.93,1.84,-0.05940365205331689,1462366203651.27,"成交额 $735,466 ≥ 阈值 $500,000 | 成交量 3,304 手",US.TSLA,2026-05-06 08:05:21
US.TSLA260605C440000,TSLA 260605 440.00C,389.37,1352,727313.0,CALL,2026-06-05,440.0,3067,42.674,0.184513696,0.005515178,-0.215238695,0.301696365,31,100.0,US.TSLA,5.55,7.52,4.9,5.425,-0.13003056219020467,1462366203651.27,"成交额 $727,313 ≥ 阈值 $500,000 | 成交量 1,352 手",US.TSLA,2026-05-06 08:05:21
US.TSLA260618C445000,TSLA 260618 445.00C,389.37,953,721887.0,CALL,2026-06-18,445.0,7077,43.26,0.215819629,0.005014709,-0.202781045,0.395223026,44,100.0,US.TSLA,7.82,9.8,6.72,7.575,-0.14287181857872974,1462366203651.27,"成交额 $721,887 ≥ 阈值 $500,000 | 成交量 953 手",US.TSLA,2026-05-06 08:05:21
US.TSLA260618P360000,TSLA 260618 360.00P,389.37,818,721753.0,PUT,2026-06-18,360.0,9022,42.908,-0.264908685,0.00566742,-0.206959913,0.441770235,44,100.0,US.TSLA,9.0,10.5,7.48,9.425,-0.07542954002619617,1462366203651.27,"成交额 $721,753 ≥ 阈值 $500,000 | 成交量 818 手",US.TSLA,2026-05-06 08:05:21
US.TSLA260513C407500,TSLA 260513 407.50C,389.37,1250,716420.0,CALL,2026-05-13,407.5,108,42.924,0.248794337,0.0129178,-0.510869234,0.181162046,8,100.0,US.TSLA,7.2,8.1,3.48,4.95,-0.04656239566479183,1462366203651.27,"成交额 $716,420 ≥ 阈值 $500,000 | 成交量 1,250 手",US.TSLA,2026-05-06 08:05:21
US.TSLA260522C410000,TSLA 260522 410.00C,389.37,773,710493.0,CALL,2026-05-22,410.0,1637,42.335,0.30735405,0.009918688,-0.384125709,0.29416272,17,100.0,US.TSLA,8.72,11.9,6.75,8.15,-0.05298302385905436,1462366203651.27,"成交额 $710,493 ≥ 阈值 $500,000 | 成交量 773 手",US.TSLA,2026-05-06 08:05:21
US.TSLA260717P395000,TSLA 260717 395.00P,389.37,237,701179.0,PUT,2026-07-17,395.0,461,42.685,-0.480112432,0.005431304,-0.185214234,0.69177703,73,100.0,US.TSLA,27.55,30.85,26.24,29.825,0.014459254693479199,1462366203651.27,"成交额 $701,179 ≥ 阈值 $500,000 | 成交量 237 手",US.TSLA,2026-05-06 08:05:21
US.TSLA260605C420000,TSLA 260605 420.00C,389.37,650,688842.0,CALL,2026-06-05,420.0,685,41.605,0.294589115,0.007319379,-0.274972372,0.390394969,31,100.0,US.TSLA,10.1,12.8,8.19,9.525,-0.07866553663610447,1462366203651.27,"成交额 $688,842 ≥ 阈值 $500,000 | 成交量 650 手",US.TSLA,2026-05-06 08:05:21
US.TSLA260717P355000,TSLA 260717 355.00P,389.37,493,684934.0,PUT,2026-07-17,355.0,145,43.885,-0.273517206,0.004375483,-0.164201664,0.578457804,73,100.0,US.TSLA,11.85,14.62,11.6,13.275,-0.08827079641472123,1462366203651.27,"成交额 $684,934 ≥ 阈值 $500,000 | 成交量 493 手",US.TSLA,2026-05-06 08:05:21
US.TSLA260515C377500,TSLA 260515 377.50C,389.37,339,674919.0,CALL,2026-05-15,377.5,1063,43.171,0.68633124,0.012830152,-0.532206766,0.226991517,10,100.0,US.TSLA,24.85,26.97,18.55,20.9391,0.03048514266635849,1462366203651.27,"成交额 $674,919 ≥ 阈值 $500,000 | 成交量 339 手",US.TSLA,2026-05-06 08:05:21
US.TSLA260515P387500,TSLA 260515 387.50P,389.37,812,669378.0,PUT,2026-05-15,387.5,552,42.525,-0.453643941,0.014582294,-0.544063482,0.253570809,10,100.0,US.TSLA,7.6,10.33,5.8,9.025,-0.004802629889308381,1462366203651.27,"成交额 $669,378 ≥ 阈值 $500,000 | 成交量 812 手",US.TSLA,2026-05-06 08:05:21
US.TSLA260618C425000,TSLA 260618 425.00C,389.37,521,651562.0,CALL,2026-06-18,425.0,9197,42.418,0.311272797,0.006172417,-0.242473108,0.477026363,44,100.0,US.TSLA,13.0,15.1,10.55,11.9,-0.09150679302462952,1462366203651.27,"成交额 $651,562 ≥ 阈值 $500,000 | 成交量 521 手",US.TSLA,2026-05-06 08:05:21
US.TSLA260529C405000,TSLA 260529 405.00C,389.37,483,638192.0,CALL,2026-05-29,405.0,1084,41.013,0.382005498,0.00933906,-0.342968968,0.37969476,24,100.0,US.TSLA,14.1,16.3,10.29,12.025,-0.040141767470529305,1462366203651.27,"成交额 $638,192 ≥ 阈值 $500,000 | 成交量 483 手",US.TSLA,2026-05-06 08:05:21
US.TSLA260508C430000,TSLA 260508 430.00C,389.37,9585,632844.0,CALL,2026-05-08,430.0,7052,58.328,0.029461916,0.003330178,-0.174967258,0.023131806,3,100.0,US.TSLA,0.46,1.05,0.22,0.455,-0.10434804941315456,1462366203651.27,"成交额 $632,844 ≥ 阈值 $500,000 | 成交量 9,585 手",US.TSLA,2026-05-06 08:05:21
US.TSLA260513P397500,TSLA 260513 397.50P,389.37,623,632384.0,PUT,2026-05-13,397.5,9,43.166,-0.611857222,0.015584876,-0.596037474,0.218883006,8,100.0,US.TSLA,9.87,13.47,8.3,12.9513,0.020879882887741726,1462366203651.27,"成交额 $632,384 ≥ 阈值 $500,000 | 成交量 623 手",US.TSLA,2026-05-06 08:05:21
US.TSLA260605C410000,TSLA 260605 410.00C,389.37,442,631533.0,CALL,2026-06-05,410.0,708,41.275,0.365218957,0.008044147,-0.299539595,0.425670305,31,100.0,US.TSLA,13.3,16.53,11.0,12.575,-0.05298302385905436,1462366203651.27,"成交额 $631,533 ≥ 阈值 $500,000 | 成交量 442 手",US.TSLA,2026-05-06 08:05:21
US.TSLA260515P407500,TSLA 260515 407.50P,389.37,378,628804.0,PUT,2026-05-15,407.5,64,44.372,-0.718407888,0.011985129,-0.467067923,0.215802047,10,100.0,US.TSLA,16.52,20.55,15.2,20.6771,0.04656239566479183,1462366203651.27,"成交额 $628,804 ≥ 阈值 $500,000 | 成交量 378 手",US.TSLA,2026-05-06 08:05:21
US.TSLA260618C435000,TSLA 260618 435.00C,389.37,623,627526.0,CALL,2026-06-18,435.0,1983,42.77,0.259842231,0.005616576,-0.22310151,0.437653521,44,100.0,US.TSLA,10.05,12.25,8.48,9.5,-0.11718930580167962,1462366203651.27,"成交额 $627,526 ≥ 阈值 $500,000 | 成交量 623 手",US.TSLA,2026-05-06 08:05:21
US.TSLA260618P370000,TSLA 260618 370.00P,389.37,525,624222.0,PUT,2026-06-18,370.0,8224,42.328,-0.327211006,0.00633823,-0.223696728,0.486796,44,100.0,US.TSLA,11.85,13.34,9.97,12.475,-0.049747027249146064,1462366203651.27,"成交额 $624,222 ≥ 阈值 $500,000 | 成交量 525 手",US.TSLA,2026-05-06 08:05:21
US.TSLA260508P382500,TSLA 260508 382.50P,389.37,2249,599420.0,PUT,2026-05-08,382.5,1995,48.057,-0.327921751,0.021789738,-1.12078169,0.12463305,3,100.0,US.TSLA,2.6,4.15,1.53,3.5,-0.017643886277833434,1462366203651.27,"成交额 $599,420 ≥ 阈值 $500,000 | 成交量 2,249 手",US.TSLA,2026-05-06 08:05:21
US.TSLA260529C440000,TSLA 260529 440.00C,389.37,1359,589079.0,CALL,2026-05-29,440.0,5473,43.098,0.150894945,0.005455096,-0.215314804,0.233023876,24,100.0,US.TSLA,4.2,5.7,3.18,3.9,-0.13003056219020467,1462366203651.27,"成交额 $589,079 ≥ 阈值 $500,000 | 成交量 1,359 手",US.TSLA,2026-05-06 08:05:21
US.TSLA260717C430000,TSLA 260717 430.00C,389.37,307,582420.0,CALL,2026-07-17,430.0,5765,43.314,0.352464786,0.00492786,-0.204522496,0.645993402,73,100.0,US.TSLA,18.0,20.99,16.3,17.425,-0.10434804941315456,1462366203651.27,"成交额 $582,420 ≥ 阈值 $500,000 | 成交量 307 手",US.TSLA,2026-05-06 08:05:21
US.TSLA260506P415000,TSLA 260506 415.00P,389.37,274,576144.0,PUT,2026-05-06,415.0,142,57.071,-0.990306932,0.002999455,-0.119171542,0.004833395,1,100.0,US.TSLA,19.0,25.86,14.9,22.8545,0.06582428024757941,1462366203651.27,"成交额 $576,144 ≥ 阈值 $500,000 | 成交量 274 手",US.TSLA,2026-05-06 08:05:21
US.TSLA260506P420000,TSLA 260506 420.00P,389.37,221,574444.0,PUT,2026-05-06,420.0,112,70.885,-0.986229839,0.002922003,-0.218122855,0.006616873,1,100.0,US.TSLA,22.0,28.65,19.0,27.6885,0.07866553663610447,1462366203651.27,"成交额 $574,444 ≥ 阈值 $500,000 | 成交量 221 手",US.TSLA,2026-05-06 08:05:21
US.TSLA260618C440000,TSLA 260618 440.00C,389.37,661,569032.0,CALL,2026-06-18,440.0,8418,42.977,0.236774499,0.005319111,-0.212800603,0.416475836,44,100.0,US.TSLA,9.15,10.95,7.45,8.45,-0.13003056219020467,1462366203651.27,"成交额 $569,032 ≥ 阈值 $500,000 | 成交量 661 手",US.TSLA,2026-05-06 08:05:21
US.TSLA260506P412500,TSLA 260506 412.50P,389.37,295,564685.0,PUT,2026-05-06,412.5,9,61.299,-0.973146271,0.005608907,-0.356666994,0.011722203,1,100.0,US.TSLA,17.45,23.24,12.65,20.4849,0.05940365205331689,1462366203651.27,"成交额 $564,685 ≥ 阈值 $500,000 | 成交量 295 手",US.TSLA,2026-05-06 08:05:21
US.TSLA260529C425000,TSLA 260529 425.00C,389.37,820,561083.0,CALL,2026-05-29,425.0,1038,41.819,0.228701229,0.00726937,-0.273184333,0.301329211,24,100.0,US.TSLA,7.25,9.01,5.3,6.375,-0.09150679302462952,1462366203651.27,"成交额 $561,083 ≥ 阈值 $500,000 | 成交量 820 手",US.TSLA,2026-05-06 08:05:21
US.TSLA260618P385000,TSLA 260618 385.00P,389.37,312,556517.0,PUT,2026-06-18,385.0,3166,41.809,-0.430172903,0.007002256,-0.237687578,0.529639332,44,100.0,US.TSLA,17.38,19.82,15.0,18.425,-0.011223258083570909,1462366203651.27,"成交额 $556,517 ≥ 阈值 $500,000 | 成交量 312 手",US.TSLA,2026-05-06 08:05:21
US.TSLA260717C425000,TSLA 260717 425.00C,389.37,259,555813.0,CALL,2026-07-17,425.0,370,43.187,0.374579791,0.005045147,-0.208707843,0.659432238,73,100.0,US.TSLA,21.6,22.7,17.8,18.925,-0.09150679302462952,1462366203651.27,"成交额 $555,813 ≥ 阈值 $500,000 | 成交量 259 手",US.TSLA,2026-05-06 08:05:21
US.TSLA260605P395000,TSLA 260605 395.00P,389.37,295,555202.0,PUT,2026-06-05,395.0,218,41.122,-0.515638372,0.008622029,-0.283625736,0.450805561,31,100.0,US.TSLA,17.3,20.66,15.9,19.7623,0.014459254693479199,1462366203651.27,"成交额 $555,202 ≥ 阈值 $500,000 | 成交量 295 手",US.TSLA,2026-05-06 08:05:21
US.TSLA260529C380000,TSLA 260529 380.00C,389.37,215,552379.0,CALL,2026-05-29,380.0,969,41.481,0.619833308,0.009220161,-0.35470415,0.379147319,24,100.0,US.TSLA,26.25,30.65,22.43,24.3103,0.02406451447209596,1462366203651.27,"成交额 $552,379 ≥ 阈值 $500,000 | 成交量 215 手",US.TSLA,2026-05-06 08:05:21
US.TSLA260717C500000,TSLA 260717 500.00C,389.37,916,551987.0,CALL,2026-07-17,500.0,20181,46.074,0.140814973,0.002787726,-0.127601533,0.388681713,73,100.0,US.TSLA,5.7,7.0,5.3,5.65,-0.2841256388525053,1462366203651.27,"成交额 $551,987 ≥ 阈值 $500,000 | 成交量 916 手",US.TSLA,2026-05-06 08:05:21
US.TSLA260522P380000,TSLA 260522 380.00P,389.37,685,547524.0,PUT,2026-05-22,380.0,949,41.847,-0.369666158,0.010796834,-0.383486156,0.315791442,17,100.0,US.TSLA,7.0,9.85,6.2,8.8,-0.02406451447209596,1462366203651.27,"成交额 $547,524 ≥ 阈值 $500,000 | 成交量 685 手",US.TSLA,2026-05-06 08:05:21
US.TSLA260605P385000,TSLA 260605 385.00P,389.37,395,544108.0,PUT,2026-06-05,385.0,683,41.043,-0.429932245,0.008489632,-0.281767475,0.444340683,31,100.0,US.TSLA,14.0,16.35,11.5,14.9,-0.011223258083570909,1462366203651.27,"成交额 $544,108 ≥ 阈值 $500,000 | 成交量 395 手",US.TSLA,2026-05-06 08:05:21
US.TSLA260522P392500,TSLA 260522 392.50P,389.37,390,526419.0,PUT,2026-05-22,392.5,97,41.589,-0.51148836,0.011502164,-0.398460275,0.333528976,17,100.0,US.TSLA,10.92,15.42,10.35,14.2,0.008038626499216672,1462366203651.27,"成交额 $526,419 ≥ 阈值 $500,000 | 成交量 390 手",US.TSLA,2026-05-06 08:05:21
US.TSLA260515C425000,TSLA 260515 425.00C,389.37,1741,515700.0,CALL,2026-05-15,425.0,5256,45.752,0.132783566,0.007328863,-0.319993314,0.137397734,10,100.0,US.TSLA,2.85,4.4,1.89,2.6,-0.09150679302462952,1462366203651.27,"成交额 $515,700 ≥ 阈值 $500,000 | 成交量 1,741 手",US.TSLA,2026-05-06 08:05:21
US.TSLA260515C450000,TSLA 260515 450.00C,389.37,5035,505496.0,CALL,2026-05-15,450.0,17783,51.861,0.050182632,0.003115486,-0.166994228,0.066215488,10,100.0,US.TSLA,0.87,1.41,0.67,0.83,-0.15571307496725478,1462366203651.27,"成交额 $505,496 ≥ 阈值 $500,000 | 成交量 5,035 手",US.TSLA,2026-05-06 08:05:21
US.AAL260618C1000,AAL 260618 1.00C,12.37,850,937074.0,CALL,2026-06-18,1.0,267,350.547,0.996329454,0.000729649,-0.001940086,0.000470375,44,100.0,US.AAL,11.04,11.4,10.97,10.8287,0.9191592562651576,8181334144.69,"成交额 $937,074 ≥ 阈值 $500,000 | 成交量 850 手",US.AAL,2026-05-06 08:06:13
US.AEIS260515P380000,AEIS 260515 380.00P,345.63,456,1638293.0,PUT,2026-05-15,380.0,759,67.598,-0.785982606,0.007654625,-0.544096483,0.165411631,10,100.0,US.AEIS,38.8,47.33,27.65,18.9,0.09944159939820041,13144535978.91,"成交额 $1,638,293 ≥ 阈值 $500,000 | 成交量 456 手",US.AEIS,2026-05-06 08:07:14
US.AEIS260515P330000,AEIS 260515 330.00P,345.63,533,612401.0,PUT,2026-05-15,330.0,41,67.98,-0.316256699,0.009215803,-0.70100555,0.202187513,10,100.0,US.AEIS,5.0,12.74,5.0,3.6206,-0.04522176894366807,13144535978.91,"成交额 $612,401 ≥ 阈值 $500,000 | 成交量 533 手",US.AEIS,2026-05-06 08:07:14
US.AEIS260515P340000,AEIS 260515 340.00P,345.63,479,573188.0,PUT,2026-05-15,340.0,27,66.261,-0.415455864,0.010365145,-0.749075493,0.221560246,10,100.0,US.AEIS,11.0,18.4,7.5,5.5503,-0.016289095275294378,13144535978.91,"成交额 $573,188 ≥ 阈值 $500,000 | 成交量 479 手",US.AEIS,2026-05-06 08:07:14
US.AMKR260918C55000,AMKR 260918 55.00C,76.71,200,539000.0,CALL,2026-09-18,55.0,566,77.856,0.833061863,0.006864035,-0.037291095,0.117052902,136,100.0,US.AMKR,26.9,27.0,26.9,22.2061,0.28301394863772644,19014300855.78,"成交额 $539,000 ≥ 阈值 $500,000 | 成交量 200 手",US.AMKR,2026-05-06 08:09:21
US.ANF260618C75000,ANF 260618 75.00C,78.51,763,755400.0,CALL,2026-06-18,75.0,139,72.221,0.627515241,0.019249498,-0.089198047,0.102986171,44,100.0,US.ANF,10.05,10.4,9.81,10.0197,0.04470768055024844,3512421597.75,"成交额 $755,400 ≥ 阈值 $500,000 | 成交量 763 手",US.ANF,2026-05-06 08:09:52
US.ANF260618C80000,ANF 260618 80.00C,78.51,799,588977.0,CALL,2026-06-18,80.0,1813,72.955,0.527650205,0.020042788,-0.093985332,0.108320662,44,100.0,US.ANF,7.5,7.9,7.2,7.5,-0.018978474079735,3512421597.75,"成交额 $588,977 ≥ 阈值 $500,000 | 成交量 799 手",US.ANF,2026-05-06 08:09:52
US.AR260618P33000,AR 260618 33.00P,39.13,29238,877473.0,PUT,2026-06-18,33.0,20056,42.26,-0.103095141,0.031314987,-0.011316472,0.024328282,44,100.0,US.AR,0.28,0.35,0.25,0.2573,-0.15665729619217997,12123882680.0,"成交额 $877,473 ≥ 阈值 $500,000 | 成交量 29,238 手",US.AR,2026-05-06 08:10:45
US.BWA260515C60000,BWA 260515 60.00C,57.26,9363,1719409.0,CALL,2026-05-15,60.0,10917,85.954,0.39973855,0.04783724,-0.164576495,0.036287764,10,100.0,US.BWA,1.49,2.3,1.45,1.225,-0.0478519035976249,11799080802.88,"成交额 $1,719,409 ≥ 阈值 $500,000 | 成交量 9,363 手",US.BWA,2026-05-06 08:17:14
US.BWA260515P55000,BWA 260515 55.00P,57.26,3956,750378.0,PUT,2026-05-15,55.0,70,82.2,-0.354638488,0.048217133,-0.147754341,0.034958429,10,100.0,US.BWA,1.82,2.42,1.5,1.875,-0.03946908836884384,11799080802.88,"成交额 $750,378 ≥ 阈值 $500,000 | 成交量 3,956 手",US.BWA,2026-05-06 08:17:14
US.CAR261016P390000,CAR 261016 390.00P,160.1,400,9220000.0,PUT,2026-10-16,390.0,405,0.0,0.0,0.0,0.0,0.0,164,100.0,US.CAR,230.5,230.5,230.5,223.4065,1.4359775140537165,5655530258.6,"成交额 $9,220,000 ≥ 阈值 $500,000 | 成交量 400 手",US.CAR,2026-05-06 08:17:49
US.CAR260515P170000,CAR 260515 170.00P,160.1,1510,2049462.0,PUT,2026-05-15,170.0,1884,90.029,-0.628113456,0.016025163,-0.454693174,0.099311972,10,100.0,US.CAR,14.7,16.12,9.4,10.8244,0.061836352279825146,5655530258.6,"成交额 $2,049,462 ≥ 阈值 $500,000 | 成交量 1,510 手",US.CAR,2026-05-06 08:17:49
US.CAR260515P180000,CAR 260515 180.00P,160.1,528,1015069.0,PUT,2026-05-15,180.0,1013,84.786,-0.778928243,0.013420256,-0.326038548,0.077930432,10,100.0,US.CAR,20.15,23.4,14.65,17.422,0.12429731417863839,5655530258.6,"成交额 $1,015,069 ≥ 阈值 $500,000 | 成交量 528 手",US.CAR,2026-05-06 08:17:49
US.CAR260522P180000,CAR 260522 180.00P,160.1,460,1012194.0,PUT,2026-05-22,180.0,114,84.509,-0.708410528,0.011886479,-0.286815188,0.117877761,17,100.0,US.CAR,23.0,24.98,15.56,19.805,0.12429731417863839,5655530258.6,"成交额 $1,012,194 ≥ 阈值 $500,000 | 成交量 460 手",US.CAR,2026-05-06 08:17:49
US.CAR260522P200000,CAR 260522 200.00P,160.1,257,939827.0,PUT,2026-05-22,200.0,356,63.352,-0.946397355,0.005894824,-0.056890109,0.036823073,17,100.0,US.CAR,36.6,41.35,28.9,35.4328,0.24921923797626488,5655530258.6,"成交额 $939,827 ≥ 阈值 $500,000 | 成交量 257 手",US.CAR,2026-05-06 08:17:49
US.CAR260508P180000,CAR 260508 180.00P,160.1,522,882910.0,PUT,2026-05-08,180.0,365,100.248,-0.900470686,0.012489329,-0.379843395,0.024611405,3,100.0,US.CAR,16.97,22.0,11.65,14.5986,0.12429731417863839,5655530258.6,"成交额 $882,910 ≥ 阈值 $500,000 | 成交量 522 手",US.CAR,2026-05-06 08:17:49
US.CAR260529P180000,CAR 260529 180.00P,160.1,360,846030.0,PUT,2026-05-29,180.0,114,79.602,-0.679546621,0.011070561,-0.234623105,0.146235905,24,100.0,US.CAR,21.49,26.5,16.87,21.5342,0.12429731417863839,5655530258.6,"成交额 $846,030 ≥ 阈值 $500,000 | 成交量 360 手",US.CAR,2026-05-06 08:17:49
US.CAR260515P160000,CAR 260515 160.00P,160.1,1177,836711.0,PUT,2026-05-15,160.0,1704,84.816,-0.467932238,0.017864863,-0.455237153,0.104435972,10,100.0,US.CAR,7.8,10.0,5.58,6.25,-0.0006246096189880969,5655530258.6,"成交额 $836,711 ≥ 阈值 $500,000 | 成交量 1,177 手",US.CAR,2026-05-06 08:17:49
US.CAR260515P150000,CAR 260515 150.00P,160.1,1374,637500.0,PUT,2026-05-15,150.0,4410,86.182,-0.295247591,0.015253075,-0.401188097,0.09065632,10,100.0,US.CAR,3.4,5.6,3.2,3.2,-0.06308557151780134,5655530258.6,"成交额 $637,500 ≥ 阈值 $500,000 | 成交量 1,374 手",US.CAR,2026-05-06 08:17:49
US.CAR260618P160000,CAR 260618 160.00P,160.1,449,627209.0,PUT,2026-06-18,160.0,4275,67.707,-0.446000828,0.010564913,-0.16277318,0.219174982,44,100.0,US.CAR,14.0,15.57,11.5,11.7265,-0.0006246096189880969,5655530258.6,"成交额 $627,209 ≥ 阈值 $500,000 | 成交量 449 手",US.CAR,2026-05-06 08:17:49
US.CAR260618P150000,CAR 260618 150.00P,160.1,630,599789.0,PUT,2026-06-18,150.0,3465,67.858,-0.340432023,0.009759573,-0.152536084,0.203304059,44,100.0,US.CAR,9.02,10.7,7.7,7.75,-0.06308557151780134,5655530258.6,"成交额 $599,789 ≥ 阈值 $500,000 | 成交量 630 手",US.CAR,2026-05-06 08:17:49
US.CAR260508P150000,CAR 260508 150.00P,160.1,2262,526897.0,PUT,2026-05-08,150.0,2945,107.012,-0.228986663,0.020098877,-0.84253043,0.042657868,3,100.0,US.CAR,1.85,3.4,1.3,1.6544,-0.06308557151780134,5655530258.6,"成交额 $526,897 ≥ 阈值 $500,000 | 成交量 2,262 手",US.CAR,2026-05-06 08:17:49
US.CAR260508P160000,CAR 260508 160.00P,160.1,910,513188.0,PUT,2026-05-08,160.0,926,101.909,-0.478171804,0.027761098,-1.114631143,0.056099599,3,100.0,US.CAR,4.55,7.5,2.9,3.6274,-0.0006246096189880969,5655530258.6,"成交额 $513,188 ≥ 阈值 $500,000 | 成交量 910 手",US.CAR,2026-05-06 08:17:49
US.CAR260529P182500,CAR 260529 182.50P,160.1,200,505360.0,PUT,2026-05-29,182.5,5,80.703,-0.700080955,0.010620283,-0.230369952,0.142063626,24,100.0,US.CAR,24.8,25.7,24.7,23.1397,0.1399125546533417,5655530258.6,"成交额 $505,360 ≥ 阈值 $500,000 | 成交量 200 手",US.CAR,2026-05-06 08:17:49
US.CAVA260717C90000,CAVA 260717 90.00C,90.34,796,788151.0,CALL,2026-07-17,90.0,186,61.229,0.570246602,0.015895422,-0.070961068,0.158482427,73,100.0,US.CAVA,10.07,10.24,9.9,10.1397,0.003763559884879382,10516694680.22,"成交额 $788,151 ≥ 阈值 $500,000 | 成交量 796 手",US.CAVA,2026-05-06 08:18:17
US.CAVA260717C75000,CAVA 260717 75.00C,90.34,396,760320.0,CALL,2026-07-17,75.0,89,63.584,0.794662014,0.011084272,-0.055429108,0.114759435,73,100.0,US.CAVA,19.2,19.2,19.2,19.0705,0.16980296657073282,10516694680.22,"成交额 $760,320 ≥ 阈值 $500,000 | 成交量 396 手",US.CAVA,2026-05-06 08:18:17
US.CELH260515C34500,CELH 260515 34.50C,33.52,2905,647918.0,CALL,2026-05-15,34.5,6226,117.304,0.48069004,0.061765964,-0.135663129,0.021914822,10,100.0,US.CELH,2.1,2.29,1.8,2.1812,-0.029236276849641907,8611156434.0,"成交额 $647,918 ≥ 阈值 $500,000 | 成交量 2,905 手",US.CELH,2026-05-06 08:19:17
US.CGNX260515C55000,CGNX 260515 55.00C,58.83,1728,963949.0,CALL,2026-05-15,55.0,534,97.702,0.69364257,0.037217084,-0.175642186,0.033875538,10,100.0,US.CGNX,4.7,6.1,4.7,4.2047,0.06510283868774432,9825425148.48,"成交额 $963,949 ≥ 阈值 $500,000 | 成交量 1,728 手",US.CGNX,2026-05-06 08:19:48
US.CHDN260618P80000,CHDN 260618 80.00P,92.66,8320,721375.0,PUT,2026-06-18,80.0,26,39.866,-0.122611898,0.015878285,-0.028551279,0.065167447,44,100.0,US.CHDN,0.88,1.1,0.75,1.047,-0.13662853442693715,6458115495.28,"成交额 $721,375 ≥ 阈值 $500,000 | 成交量 8,320 手",US.CHDN,2026-05-06 08:19:53
US.COKE260515P195000,COKE 260515 195.00P,215.4,2268,589539.0,PUT,2026-05-15,195.0,79,65.82,-0.162541349,0.010570289,-0.288587274,0.086859958,10,100.0,US.COKE,3.0,3.0,1.9,3.7582,-0.09470752089136493,14337948927.6,"成交额 $589,539 ≥ 阈值 $500,000 | 成交量 2,268 手",US.COKE,2026-05-06 08:22:20
US.CYTK260717C55000,CYTK 260717 55.00C,77.09,8573,21146870.0,CALL,2026-07-17,55.0,9642,71.439,0.892572524,0.007514832,-0.035677128,0.06365189,73,100.0,US.CYTK,21.5,25.88,21.5,20.7528,0.28654819042677393,9577493697.98,"成交额 $21,146,870 ≥ 阈值 $500,000 | 成交量 8,573 手",US.CYTK,2026-05-06 08:25:47
US.CYTK260515P75000,CYTK 260515 75.00P,77.09,2258,771199.0,PUT,2026-05-15,75.0,27,100.739,-0.399578355,0.030327565,-0.253757994,0.048848891,10,100.0,US.CYTK,6.2,6.2,2.4,17.5414,-0.027111168763782636,9577493697.98,"成交额 $771,199 ≥ 阈值 $500,000 | 成交量 2,258 手",US.CYTK,2026-05-06 08:25:47
US.CYTK260717C60000,CYTK 260717 60.00C,77.09,350,689200.0,CALL,2026-07-17,60.0,228,62.746,0.855470944,0.010525773,-0.038400741,0.078306031,73,100.0,US.CYTK,18.4,21.4,18.4,18.4536,0.2216889350110261,9577493697.98,"成交额 $689,200 ≥ 阈值 $500,000 | 成交量 350 手",US.CYTK,2026-05-06 08:25:47
US.CYTK260515C85000,CYTK 260515 85.00C,77.09,3308,646363.0,CALL,2026-05-15,85.0,1168,86.722,0.271437104,0.03022374,-0.1894647,0.041930963,10,100.0,US.CYTK,2.62,3.6,1.5,5.2186,-0.10260734206771302,9577493697.98,"成交额 $646,363 ≥ 阈值 $500,000 | 成交量 3,308 手",US.CYTK,2026-05-06 08:25:47
US.DAR260717C45000,DAR 260717 45.00C,64.84,1117,2364148.0,CALL,2026-07-17,45.0,3555,63.86,0.926260772,0.007555051,-0.021608229,0.040466984,73,100.0,US.DAR,21.38,21.38,20.6,19.8339,0.3059839605181987,10292002624.8,"成交额 $2,364,148 ≥ 阈值 $500,000 | 成交量 1,117 手",US.DAR,2026-05-06 08:25:51
US.DAR260515C45000,DAR 260515 45.00C,64.84,400,800000.0,CALL,2026-05-15,45.0,30,142.529,0.953820606,0.006382828,-0.075942011,0.010295312,10,100.0,US.DAR,20.0,20.0,20.0,19.4748,0.3059839605181987,10292002624.8,"成交额 $800,000 ≥ 阈值 $500,000 | 成交量 400 手",US.DAR,2026-05-06 08:25:51
US.DINO260918C90000,DINO 260918 90.00C,74.5,28882,7515351.0,CALL,2026-09-18,90.0,52,41.096,0.282734288,0.018108154,-0.025075177,0.153683169,136,100.0,US.DINO,2.6,3.0,2.5,2.1,-0.2080536912751678,13430520056.5,"成交额 $7,515,351 ≥ 阈值 $500,000 | 成交量 28,882 手",US.DINO,2026-05-06 08:26:23
US.DINO260515C70000,DINO 260515 70.00C,74.5,3381,1260944.0,CALL,2026-05-15,70.0,4083,40.321,0.838828167,0.049605232,-0.067213007,0.029875604,10,100.0,US.DINO,3.33,5.1,3.33,3.1546,0.06040268456375839,13430520056.5,"成交额 $1,260,944 ≥ 阈值 $500,000 | 成交量 3,381 手",US.DINO,2026-05-06 08:26:23
US.DINO260515C75000,DINO 260515 75.00C,74.5,6112,842002.0,CALL,2026-05-15,75.0,50,41.032,0.479584831,0.079440298,-0.107765714,0.048697751,10,100.0,US.DINO,1.3,1.9,1.1,1.0751,-0.006711409395973154,13430520056.5,"成交额 $842,002 ≥ 阈值 $500,000 | 成交量 6,112 手",US.DINO,2026-05-06 08:26:23
US.DINO260515C72500,DINO 260515 72.50C,74.5,3661,806529.0,CALL,2026-05-15,72.5,3666,38.671,0.682972992,0.075361403,-0.092328555,0.043535728,10,100.0,US.DINO,1.35,3.3,1.35,1.7751,0.026845637583892617,13430520056.5,"成交额 $806,529 ≥ 阈值 $500,000 | 成交量 3,661 手",US.DINO,2026-05-06 08:26:23
US.DOCN260508C127000,DOCN 260508 127.00C,152.77,668,1436704.0,CALL,2026-05-08,127.0,4453,129.209,0.953946375,0.005560175,-0.255656056,0.012979974,3,100.0,US.DOCN,12.0,23.82,12.0,2.3354,0.16868495123388105,15942075334.34,"成交额 $1,436,704 ≥ 阈值 $500,000 | 成交量 668 手",US.DOCN,2026-05-06 08:27:15
US.DOCN260618C95000,DOCN 260618 95.00C,152.77,266,1388422.0,CALL,2026-06-18,95.0,1244,93.191,0.950126769,0.002086405,-0.066091425,0.054484046,44,100.0,US.DOCN,41.8,60.1,41.8,21.5417,0.37815016037180077,15942075334.34,"成交额 $1,388,422 ≥ 阈值 $500,000 | 成交量 266 手",US.DOCN,2026-05-06 08:27:15
US.DOCN260515C100000,DOCN 260515 100.00C,152.77,286,1305089.0,CALL,2026-05-15,100.0,780,0.0,0.0,0.0,0.0,0.0,10,100.0,US.DOCN,33.3,52.75,33.3,14.5992,0.34542122144400084,15942075334.34,"成交额 $1,305,089 ≥ 阈值 $500,000 | 成交量 286 手",US.DOCN,2026-05-06 08:27:15
US.DOCN260508C100000,DOCN 260508 100.00C,152.77,248,1011596.0,CALL,2026-05-08,100.0,6157,0.0,0.0,0.0,0.0,0.0,3,100.0,US.DOCN,35.0,50.0,35.0,13.5444,0.34542122144400084,15942075334.34,"成交额 $1,011,596 ≥ 阈值 $500,000 | 成交量 248 手",US.DOCN,2026-05-06 08:27:15
US.DOCN260508C145000,DOCN 260508 145.00C,152.77,1194,979826.0,CALL,2026-05-08,145.0,568,121.503,0.706903272,0.021063282,-1.081117392,0.046238945,3,100.0,US.DOCN,5.5,11.6,3.8,0.5248,0.0508607710938012,15942075334.34,"成交额 $979,826 ≥ 阈值 $500,000 | 成交量 1,194 手",US.DOCN,2026-05-06 08:27:15
US.DOCN260508C130000,DOCN 260508 130.00C,152.77,447,901137.0,CALL,2026-05-08,130.0,751,131.121,0.927733833,0.007806858,-0.391252382,0.01849425,3,100.0,US.DOCN,8.66,24.13,8.66,1.7443,0.14904758787720107,15942075334.34,"成交额 $901,137 ≥ 阈值 $500,000 | 成交量 447 手",US.DOCN,2026-05-06 08:27:15
US.DOCN260508C155000,DOCN 260508 155.00C,152.77,1925,886307.0,CALL,2026-05-08,155.0,58,126.673,0.471389945,0.023369957,-1.333502276,0.053485879,3,100.0,US.DOCN,2.5,6.5,1.58,0.1567,-0.014597106761798715,15942075334.34,"成交额 $886,307 ≥ 阈值 $500,000 | 成交量 1,925 手",US.DOCN,2026-05-06 08:27:15
US.DOCN260515C140000,DOCN 260515 140.00C,152.77,490,787963.0,CALL,2026-05-15,140.0,39,103.406,0.727440139,0.012816948,-0.456116667,0.083266767,10,100.0,US.DOCN,8.22,17.7,8.22,1.675,0.08358971002160116,15942075334.34,"成交额 $787,963 ≥ 阈值 $500,000 | 成交量 490 手",US.DOCN,2026-05-06 08:27:15
US.DOCN260508C110000,DOCN 260508 110.00C,152.77,206,759396.0,CALL,2026-05-08,110.0,2897,0.0,0.0,0.0,0.0,0.0,3,100.0,US.DOCN,18.7,42.96,18.7,8.1211,0.2799633435884009,15942075334.34,"成交额 $759,396 ≥ 阈值 $500,000 | 成交量 206 手",US.DOCN,2026-05-06 08:27:15
US.DOCN260508C125000,DOCN 260508 125.00C,152.77,262,735052.0,CALL,2026-05-08,125.0,381,118.045,0.976495321,0.003497465,-0.126451349,0.007459586,3,100.0,US.DOCN,15.0,28.8,15.0,2.7838,0.18177652680500103,15942075334.34,"成交额 $735,052 ≥ 阈值 $500,000 | 成交量 262 手",US.DOCN,2026-05-06 08:27:15
US.DOCN260508C150000,DOCN 260508 150.00C,152.77,1258,733542.0,CALL,2026-05-08,150.0,182,137.636,0.584714557,0.021075937,-1.420010193,0.052410242,3,100.0,US.DOCN,2.3,8.8,2.15,0.2565,0.018131832166001245,15942075334.34,"成交额 $733,542 ≥ 阈值 $500,000 | 成交量 1,258 手",US.DOCN,2026-05-06 08:27:15
US.DOCN261016C155000,DOCN 261016 155.00C,152.77,201,631400.0,CALL,2026-10-16,155.0,1,84.235,0.612309999,0.00444274,-0.106869747,0.392022847,164,100.0,US.DOCN,26.5,35.1,26.5,11.9,-0.014597106761798715,15942075334.34,"成交额 $631,400 ≥ 阈值 $500,000 | 成交量 201 手",US.DOCN,2026-05-06 08:27:15
US.DUOL260918P100000,DUOL 260918 100.00P,104.03,521,832214.0,PUT,2026-09-18,100.0,447,71.405,-0.369467562,0.008397942,-0.058611868,0.239354868,136,100.0,US.DUOL,15.74,16.06,14.9,15.5025,-0.038738825338844575,4847081961.51,"成交额 $832,214 ≥ 阈值 $500,000 | 成交量 521 手",US.DUOL,2026-05-06 08:27:54
US.DUOL260508P111000,DUOL 260508 111.00P,104.03,629,735922.0,PUT,2026-05-08,111.0,945,84.891,-0.796264116,0.036530415,-0.385926939,0.025900536,3,100.0,US.DUOL,6.66,12.5,6.5,10.3422,0.06699990387388252,4847081961.51,"成交额 $735,922 ≥ 阈值 $500,000 | 成交量 629 手",US.DUOL,2026-05-06 08:27:54
US.DUOL260821C130000,DUOL 260821 130.00C,104.03,579,600207.0,CALL,2026-08-21,130.0,754,70.837,0.359993906,0.009340441,-0.07251921,0.211526896,108,100.0,US.DUOL,10.8,10.8,6.93,14.0,-0.24963952705950204,4847081961.51,"成交额 $600,207 ≥ 阈值 $500,000 | 成交量 579 手",US.DUOL,2026-05-06 08:27:54
US.DUOL260508P100000,DUOL 260508 100.00P,104.03,2488,600042.0,PUT,2026-05-08,100.0,3877,93.454,-0.299816373,0.040642262,-0.564408495,0.031813045,3,100.0,US.DUOL,1.85,4.78,1.5,4.777,-0.038738825338844575,4847081961.51,"成交额 $600,042 ≥ 阈值 $500,000 | 成交量 2,488 手",US.DUOL,2026-05-06 08:27:54
US.DY260515C410000,DY 260515 410.00C,457.14,377,1944674.0,CALL,2026-05-15,410.0,405,53.451,0.90251196,0.004296907,-0.382358437,0.129181651,10,100.0,US.DY,36.42,53.23,36.42,24.6774,0.10311939449621557,13722702346.86,"成交额 $1,944,674 ≥ 阈值 $500,000 | 成交量 377 手",US.DY,2026-05-06 08:28:17
US.ENTG260821C155000,ENTG 260821 155.00C,149.29,1430,2684535.0,CALL,2026-08-21,155.0,53,61.747,0.535020893,0.007931766,-0.09868215,0.322459673,108,100.0,US.ENTG,16.3,19.3,16.3,12.8913,-0.03824770580748883,22766725000.0,"成交额 $2,684,535 ≥ 阈值 $500,000 | 成交量 1,430 手",US.ENTG,2026-05-06 08:29:51
US.ENTG260515C140000,ENTG 260515 140.00C,149.29,1014,1235609.0,CALL,2026-05-15,140.0,1706,62.1,0.755254,0.020655965,-0.257160968,0.076952106,10,100.0,US.ENTG,9.3,13.0,8.3,5.6,0.062227878625493956,22766725000.0,"成交额 $1,235,609 ≥ 阈值 $500,000 | 成交量 1,014 手",US.ENTG,2026-05-06 08:29:51
US.ENTG260515P135000,ENTG 260515 135.00P,149.29,1619,504974.0,PUT,2026-05-15,135.0,1038,71.066,-0.176368336,0.014885112,-0.228322876,0.063442794,10,100.0,US.ENTG,3.6,3.63,1.8,4.0046,-0.09571974010315489,22766725000.0,"成交额 $504,974 ≥ 阈值 $500,000 | 成交量 1,619 手",US.ENTG,2026-05-06 08:29:51
US.FLEX260515P90000,FLEX 260515 90.00P,96.45,6478,1960559.0,PUT,2026-05-15,90.0,993,104.092,-0.309915564,0.021421307,-0.299192115,0.05581908,10,100.0,US.FLEX,3.5,3.79,2.5,3.3632,-0.06687402799377919,35462149969.8,"成交额 $1,960,559 ≥ 阈值 $500,000 | 成交量 6,478 手",US.FLEX,2026-05-06 08:33:49
US.FLEX260515P85000,FLEX 260515 85.00P,96.45,4215,685027.0,PUT,2026-05-15,85.0,4355,87.885,-0.169782211,0.018182865,-0.17831786,0.040009054,10,100.0,US.FLEX,2.0,2.12,1.15,2.0473,-0.11871435977190256,35462149969.8,"成交额 $685,027 ≥ 阈值 $500,000 | 成交量 4,215 手",US.FLEX,2026-05-06 08:33:49
US.FLR260918C65000,FLR 260918 65.00C,52.99,10502,2975253.0,CALL,2026-09-18,65.0,3064,50.576,0.321283363,0.021910541,-0.02298145,0.115783042,136,100.0,US.FLR,2.75,3.0,2.7,2.5266,-0.22664653708246835,7610820748.09,"成交额 $2,975,253 ≥ 阈值 $500,000 | 成交量 10,502 手",US.FLR,2026-05-06 08:34:21
US.FLR260515P52500,FLR 260515 52.50P,52.99,4197,1030372.0,PUT,2026-05-15,52.5,533,82.982,-0.443183276,0.054777711,-0.146439171,0.034328014,10,100.0,US.FLR,2.4,2.57,2.35,2.7,-0.00924702774108326,7610820748.09,"成交额 $1,030,372 ≥ 阈值 $500,000 | 成交量 4,197 手",US.FLR,2026-05-06 08:34:21
US.FLR260515C50000,FLR 260515 50.00C,52.99,2018,880802.0,CALL,2026-05-15,50.0,4717,85.552,0.688256704,0.04754659,-0.140012547,0.030746634,10,100.0,US.FLR,4.3,4.7,4.1,4.2361,0.05642574070579358,7610820748.09,"成交额 $880,802 ≥ 阈值 $500,000 | 成交量 2,018 手",US.FLR,2026-05-06 08:34:21
US.GME260618C30000,GME 260618 30.00C,24.23,24476,1785079.0,CALL,2026-06-18,30.0,92382,77.094,0.257936895,0.049905533,-0.024437314,0.027120454,44,100.0,US.GME,0.59,1.05,0.49,0.6706,-0.23813454395377628,10864130054.11,"成交额 $1,785,079 ≥ 阈值 $500,000 | 成交量 24,476 手",US.GME,2026-05-06 08:37:22
US.GME260717C15000,GME 260717 15.00C,24.23,1602,1367295.0,CALL,2026-07-17,15.0,5647,71.031,0.954758421,0.012382793,-0.006359323,0.010302521,73,100.0,US.GME,8.45,9.4,8.45,9.2645,0.38093272802311184,10864130054.11,"成交额 $1,367,295 ≥ 阈值 $500,000 | 成交量 1,602 手",US.GME,2026-05-06 08:37:22
US.GME260515C25000,GME 260515 25.00C,24.23,19683,1352992.0,CALL,2026-05-15,25.0,16207,61.08,0.400398539,0.159145821,-0.049798206,0.015362637,10,100.0,US.GME,0.5,0.99,0.3,0.615,-0.031778786628146906,10864130054.11,"成交额 $1,352,992 ≥ 阈值 $500,000 | 成交量 19,683 手",US.GME,2026-05-06 08:37:22
US.GME260618C25000,GME 260618 25.00C,24.23,6562,1025680.0,CALL,2026-06-18,25.0,20640,61.798,0.492547489,0.076874898,-0.024756186,0.033489125,44,100.0,US.GME,1.23,2.14,1.1,1.525,-0.031778786628146906,10864130054.11,"成交额 $1,025,680 ≥ 阈值 $500,000 | 成交量 6,562 手",US.GME,2026-05-06 08:37:22
US.GME260508C25000,GME 260508 25.00C,24.23,25857,839839.0,CALL,2026-05-08,25.0,10980,70.902,0.320681498,0.236797807,-0.103672392,0.007630351,3,100.0,US.GME,0.26,0.6,0.13,0.41,-0.031778786628146906,10864130054.11,"成交额 $839,839 ≥ 阈值 $500,000 | 成交量 25,857 手",US.GME,2026-05-06 08:37:22
US.GME260508C23500,GME 260508 23.50C,24.23,12622,805474.0,CALL,2026-05-08,23.5,2613,61.509,0.724913912,0.25449728,-0.084310764,0.007114203,3,100.0,US.GME,0.6,1.38,0.36,0.9201,0.030127940569541906,10864130054.11,"成交额 $805,474 ≥ 阈值 $500,000 | 成交量 12,622 手",US.GME,2026-05-06 08:37:22
US.GME260508C24000,GME 260508 24.00C,24.23,13574,799658.0,CALL,2026-05-08,24.0,3187,64.82,0.579522725,0.282938899,-0.107007806,0.008335313,3,100.0,US.GME,0.42,1.06,0.25,0.675,0.009492364836978968,10864130054.11,"成交额 $799,658 ≥ 阈值 $500,000 | 成交量 13,574 手",US.GME,2026-05-06 08:37:22
US.GME260515C24000,GME 260515 24.00C,24.23,8592,673751.0,CALL,2026-05-15,24.0,6250,55.956,0.563727787,0.177044277,-0.04702995,0.015656894,10,100.0,US.GME,0.63,1.41,0.48,0.92,0.009492364836978968,10864130054.11,"成交额 $673,751 ≥ 阈值 $500,000 | 成交量 8,592 手",US.GME,2026-05-06 08:37:22
US.GME260508P24000,GME 260508 24.00P,24.23,8371,567464.0,PUT,2026-05-08,24.0,7587,63.216,-0.419152952,0.290017598,-0.101965886,0.008329012,3,100.0,US.GME,1.16,1.34,0.35,0.8054,-0.009492364836978968,10864130054.11,"成交额 $567,464 ≥ 阈值 $500,000 | 成交量 8,371 手",US.GME,2026-05-06 08:37:22
US.HIMS260821C29000,HIMS 260821 29.00C,26.33,2812,1349664.0,CALL,2026-08-21,29.0,384,101.611,0.5480174,0.027235969,-0.027721381,0.056677719,108,100.0,US.HIMS,4.8,5.0,4.45,5.2909,-0.1014052411697684,6084100246.23,"成交额 $1,349,664 ≥ 阈值 $500,000 | 成交量 2,812 手",US.HIMS,2026-05-06 08:39:50
US.ITT260515P210000,ITT 260515 210.00P,212.69,1602,836494.0,PUT,2026-05-15,210.0,1601,55.023,-0.422281455,0.020405052,-0.383571195,0.136531361,10,100.0,US.ITT,5.22,6.47,5.22,8.3454,-0.01264751516291315,19108032166.56,"成交额 $836,494 ≥ 阈值 $500,000 | 成交量 1,602 手",US.ITT,2026-05-06 08:43:18
US.ITT260717C210000,ITT 260717 210.00C,212.69,501,806580.0,CALL,2026-07-17,210.0,8,35.054,0.581529105,0.011728145,-0.100390016,0.371065207,73,100.0,US.ITT,16.1,16.1,15.8,13.4802,0.01264751516291315,19108032166.56,"成交额 $806,580 ≥ 阈值 $500,000 | 成交量 501 手",US.ITT,2026-05-06 08:43:18
US.ITT260618P200000,ITT 260618 200.00P,212.69,1300,747500.0,PUT,2026-06-18,200.0,0,39.689,-0.293008389,0.011794417,-0.109237974,0.253290885,44,100.0,US.ITT,5.75,5.75,5.75,6.7502,-0.05966430015515538,19108032166.56,"成交额 $747,500 ≥ 阈值 $500,000 | 成交量 1,300 手",US.ITT,2026-05-06 08:43:18
US.LSCC260618C135000,LSCC 260618 135.00C,122.27,2468,1090182.0,CALL,2026-06-18,135.0,2746,60.738,0.365171001,0.014608985,-0.11473276,0.159270197,44,100.0,US.LSCC,4.0,6.1,3.6,11.2132,-0.10411384640549606,16751950675.39,"成交额 $1,090,182 ≥ 阈值 $500,000 | 成交量 2,468 手",US.LSCC,2026-05-06 08:47:50
US.LSCC260821C140000,LSCC 260821 140.00C,122.27,981,894680.0,CALL,2026-08-21,140.0,1272,61.632,0.418884449,0.009538172,-0.078404994,0.259615763,108,100.0,US.LSCC,8.43,11.0,8.29,15.1237,-0.14500695182792184,16751950675.39,"成交额 $894,680 ≥ 阈值 $500,000 | 成交量 981 手",US.LSCC,2026-05-06 08:47:50
US.MP260918C70000,MP 260918 70.00C,68.06,6302,7283966.0,CALL,2026-09-18,70.0,6867,71.396,0.573084484,0.013232023,-0.045635312,0.162845326,136,100.0,US.MP,10.48,11.8,9.2,10.025,-0.028504260946223884,12115972527.46,"成交额 $7,283,966 ≥ 阈值 $500,000 | 成交量 6,302 手",US.MP,2026-05-06 08:49:55
US.MP260618C70000,MP 260618 70.00C,68.06,6045,3642444.0,CALL,2026-06-18,70.0,6228,72.524,0.51242398,0.023313463,-0.081122517,0.094039008,44,100.0,US.MP,5.5,6.92,4.7,5.475,-0.028504260946223884,12115972527.46,"成交额 $3,642,444 ≥ 阈值 $500,000 | 成交量 6,045 手",US.MP,2026-05-06 08:49:55
US.MP260618C75000,MP 260618 75.00C,68.06,1760,817198.0,CALL,2026-06-18,75.0,3742,73.271,0.405810143,0.022440555,-0.079138169,0.091449006,44,100.0,US.MP,4.05,5.2,3.4,3.95,-0.10196885101381131,12115972527.46,"成交额 $817,198 ≥ 阈值 $500,000 | 成交量 1,760 手",US.MP,2026-05-06 08:49:55
US.MTSI260821C310000,MTSI 260821 310.00C,303.57,494,1820464.0,CALL,2026-08-21,310.0,1600,68.092,0.562523329,0.003507218,-0.218459885,0.650134175,108,100.0,US.MTSI,38.0,42.8,34.2,40.2607,-0.02118127614718189,22771383732.9,"成交额 $1,820,464 ≥ 阈值 $500,000 | 成交量 494 手",US.MTSI,2026-05-06 08:50:57
US.MTZ260618P410000,MTZ 260618 410.00P,437.51,751,1355768.0,PUT,2026-06-18,410.0,16,50.849,-0.315998166,0.004626364,-0.300483376,0.538987982,44,100.0,US.MTZ,19.07,19.07,17.42,22.45,-0.06287856277570797,34571408435.56,"成交额 $1,355,768 ≥ 阈值 $500,000 | 成交量 751 手",US.MTZ,2026-05-06 08:51:21
US.ONTO260515C320000,ONTO 260515 320.00C,305.0,1043,1316805.0,CALL,2026-05-15,320.0,82,98.167,0.41624905,0.007941812,-1.010388941,0.195211662,10,100.0,US.ONTO,12.0,15.5,11.6,11.1,-0.04918032786885246,15171787935.0,"成交额 $1,316,805 ≥ 阈值 $500,000 | 成交量 1,043 手",US.ONTO,2026-05-06 08:56:54
US.ORA260515C105000,ORA 260515 105.00C,115.34,1001,1071030.0,CALL,2026-05-15,105.0,2014,52.757,0.872795267,0.020872936,-0.114241226,0.039425898,10,100.0,US.ORA,10.3,10.7,10.3,10.7965,0.08964799722559393,7088053033.7,"成交额 $1,071,030 ≥ 阈值 $500,000 | 成交量 1,001 手",US.ORA,2026-05-06 08:57:23
US.PBF260515C45000,PBF 260515 45.00C,46.19,3323,812368.0,CALL,2026-05-15,45.0,5451,69.604,0.615702398,0.072430274,-0.107735034,0.028951331,10,100.0,US.PBF,2.15,2.89,2.15,2.5579,0.025763152197445287,5464667721.21,"成交额 $812,368 ≥ 阈值 $500,000 | 成交量 3,323 手",US.PBF,2026-05-06 08:58:54
US.PFGC260515P85000,PFGC 260515 85.00P,87.12,2548,637310.0,PUT,2026-05-15,85.0,812,57.411,-0.375138188,0.046252232,-0.159090903,0.054196814,10,100.0,US.PFGC,2.2,2.6,2.05,2.025,-0.02433425160697893,13686462353.52,"成交额 $637,310 ≥ 阈值 $500,000 | 成交量 2,548 手",US.PFGC,2026-05-06 08:59:50
US.PINS260508C21000,PINS 260508 21.00C,22.28,9653,2296054.0,CALL,2026-05-08,21.0,9713,86.444,0.79380261,0.168259608,-0.0898247,0.005588418,3,100.0,US.PINS,3.2,3.48,1.31,1.5999,0.057450628366247806,12480305245.56,"成交额 $2,296,054 ≥ 阈值 $500,000 | 成交量 9,653 手",US.PINS,2026-05-06 08:59:58
US.PINS260515C21000,PINS 260515 21.00C,22.28,3459,892660.0,CALL,2026-05-15,21.0,6717,63.134,0.736442297,0.141531585,-0.040517263,0.011939455,10,100.0,US.PINS,3.35,3.41,1.64,1.7,0.057450628366247806,12480305245.56,"成交额 $892,660 ≥ 阈值 $500,000 | 成交量 3,459 手",US.PINS,2026-05-06 08:59:58
US.PINS260508C23000,PINS 260508 23.00C,22.28,8093,632135.0,CALL,2026-05-08,23.0,9913,73.485,0.324457306,0.249692962,-0.09938345,0.007049938,3,100.0,US.PINS,1.66,1.78,0.24,0.8743,-0.03231597845601431,12480305245.56,"成交额 $632,135 ≥ 阈值 $500,000 | 成交量 8,093 手",US.PINS,2026-05-06 08:59:58
US.PLNT260515C67500,PLNT 260515 67.50C,64.31,2488,577765.0,CALL,2026-05-15,67.5,83,85.391,0.394137517,0.042711863,-0.18288205,0.040600599,10,100.0,US.PLNT,1.9,2.7,1.9,1.7291,-0.049603483128595825,5125371241.59,"成交额 $577,765 ≥ 阈值 $500,000 | 成交量 2,488 手",US.PLNT,2026-05-06 09:00:26
US.ASML260618C1500000,ASML 260618 1500.00C,1442.92,245,1492810.0,CALL,2026-06-18,1500.0,1001,46.836,0.447861805,0.001689038,-1.119597269,1.977567915,44,100.0,US.ASML,60.5,76.0,57.5,46.0137,-0.039558672691486656,556126857181.8,"成交额 $1,492,810 ≥ 阈值 $500,000 | 成交量 245 手",US.ASML,2026-05-06 09:11:12
US.ASML260508C1435000,ASML 260508 1435.00C,1442.92,230,660133.0,CALL,2026-05-08,1435.0,27,60.225,0.553960298,0.005170543,-6.000331251,0.501773252,3,100.0,US.ASML,26.0,40.0,20.0,11.9585,0.0054888697918111,556126857181.8,"成交额 $660,133 ≥ 阈值 $500,000 | 成交量 230 手",US.ASML,2026-05-06 09:11:12
US.MELI260508P1815000,MELI 260508 1815.00P,1817.31,453,3133112.0,PUT,2026-05-08,1815.0,0,108.931,-0.474613213,0.002303524,-13.647876242,0.631826462,3,100.0,US.MELI,85.4,85.4,60.0,70.6968,-0.0012711094970037833,92132495820.42,"成交额 $3,133,112 ≥ 阈值 $500,000 | 成交量 453 手",US.MELI,2026-05-06 09:12:06
US.MELI260515P1815000,MELI 260515 1815.00P,1817.31,259,2064755.0,PUT,2026-05-15,1815.0,0,66.514,-0.470411382,0.002012658,-4.04611433,1.183478399,10,100.0,US.MELI,77.35,87.2,72.7,80.7292,-0.0012711094970037833,92132495820.42,"成交额 $2,064,755 ≥ 阈值 $500,000 | 成交量 259 手",US.MELI,2026-05-06 09:12:06
US.MRVL260618P150000,MRVL 260618 150.00P,168.75,12170,11525123.0,PUT,2026-06-18,150.0,5085,83.519,-0.285860521,0.006974473,-0.185194223,0.198682004,44,100.0,US.MRVL,10.17,10.7,9.25,11.085,-0.1111111111111111,147538125000.0,"成交额 $11,525,123 ≥ 阈值 $500,000 | 成交量 12,170 手",US.MRVL,2026-05-06 09:12:29
US.MRVL260821C200000,MRVL 260821 200.00C,168.75,4675,8963568.0,CALL,2026-08-21,200.0,5413,75.81,0.42840926,0.005645966,-0.132279593,0.359922668,108,100.0,US.MRVL,15.43,19.85,15.43,15.0314,-0.18518518518518517,147538125000.0,"成交额 $8,963,568 ≥ 阈值 $500,000 | 成交量 4,675 手",US.MRVL,2026-05-06 09:12:29
US.MRVL260618P130000,MRVL 260618 130.00P,168.75,20859,8373339.0,PUT,2026-06-18,130.0,2160,84.321,-0.146097353,0.004650582,-0.126485188,0.133878378,44,100.0,US.MRVL,4.2,4.5,3.95,4.8,-0.22962962962962963,147538125000.0,"成交额 $8,373,339 ≥ 阈值 $500,000 | 成交量 20,859 手",US.MRVL,2026-05-06 09:12:29
US.MRVL260618P170000,MRVL 260618 170.00P,168.75,4053,7569487.0,PUT,2026-06-18,170.0,3177,82.863,-0.448027381,0.008194646,-0.211625331,0.231107964,44,100.0,US.MRVL,18.8,19.15,18.0,21.4796,0.007407407407407408,147538125000.0,"成交额 $7,569,487 ≥ 阈值 $500,000 | 成交量 4,053 手",US.MRVL,2026-05-06 09:12:29
US.MRVL260821C220000,MRVL 260821 220.00C,168.75,5342,7531540.0,CALL,2026-08-21,220.0,259,76.29,0.342153485,0.005250119,-0.123822592,0.33680039,108,100.0,US.MRVL,11.05,14.67,11.05,10.95,-0.3037037037037037,147538125000.0,"成交额 $7,531,540 ≥ 阈值 $500,000 | 成交量 5,342 手",US.MRVL,2026-05-06 09:12:29
US.MRVL260717P150000,MRVL 260717 150.00P,168.75,5029,6418686.0,PUT,2026-07-17,150.0,2265,78.13,-0.297930101,0.005902485,-0.135017955,0.261130859,73,100.0,US.MRVL,13.14,13.14,12.55,14.2303,-0.1111111111111111,147538125000.0,"成交额 $6,418,686 ≥ 阈值 $500,000 | 成交量 5,029 手",US.MRVL,2026-05-06 09:12:29
US.MRVL260717P130000,MRVL 260717 130.00P,168.75,10052,6322377.0,PUT,2026-07-17,130.0,376,78.761,-0.174505815,0.004340371,-0.101894723,0.193885152,73,100.0,US.MRVL,6.6,6.7,6.18,7.1,-0.22962962962962963,147538125000.0,"成交额 $6,322,377 ≥ 阈值 $500,000 | 成交量 10,052 手",US.MRVL,2026-05-06 09:12:29
US.MRVL260618P185000,MRVL 260618 185.00P,168.75,2156,5908338.0,PUT,2026-06-18,185.0,97,82.484,-0.56649114,0.008212849,-0.206974817,0.229767526,44,100.0,US.MRVL,29.8,29.8,27.2,31.1719,0.0962962962962963,147538125000.0,"成交额 $5,908,338 ≥ 阈值 $500,000 | 成交量 2,156 手",US.MRVL,2026-05-06 09:12:29
US.MRVL260618P135000,MRVL 260618 135.00P,168.75,11122,5634299.0,PUT,2026-06-18,135.0,5770,83.586,-0.176291659,0.005304633,-0.141667456,0.151349486,44,100.0,US.MRVL,5.1,5.76,4.9,6.025,-0.2,147538125000.0,"成交额 $5,634,299 ≥ 阈值 $500,000 | 成交量 11,122 手",US.MRVL,2026-05-06 09:12:29
US.MRVL260918C185000,MRVL 260918 185.00C,168.75,2072,4785878.0,CALL,2026-09-18,185.0,1081,76.408,0.525794191,0.005062187,-0.121750467,0.409751536,136,100.0,US.MRVL,22.95,28.0,22.95,22.8053,-0.0962962962962963,147538125000.0,"成交额 $4,785,878 ≥ 阈值 $500,000 | 成交量 2,072 手",US.MRVL,2026-05-06 09:12:29
US.MRVL260618P155000,MRVL 260618 155.00P,168.75,3312,3708018.0,PUT,2026-06-18,155.0,3681,83.124,-0.325357419,0.007424268,-0.19482235,0.210414465,44,100.0,US.MRVL,12.19,12.77,11.12,13.3625,-0.08148148148148149,147538125000.0,"成交额 $3,708,018 ≥ 阈值 $500,000 | 成交量 3,312 手",US.MRVL,2026-05-06 09:12:29
US.MRVL260618C220000,MRVL 260618 220.00C,168.75,4686,2936365.0,CALL,2026-06-18,220.0,1197,84.052,0.226471212,0.006127634,-0.172272008,0.175926421,44,100.0,US.MRVL,4.65,6.85,4.39,4.175,-0.3037037037037037,147538125000.0,"成交额 $2,936,365 ≥ 阈值 $500,000 | 成交量 4,686 手",US.MRVL,2026-05-06 09:12:29
US.MRVL260529P149000,MRVL 260529 149.00P,168.75,4327,2915469.0,PUT,2026-05-29,149.0,45,92.441,-0.256279132,0.008089649,-0.267021369,0.138672757,24,100.0,US.MRVL,6.9,7.35,6.5,7.5398,-0.11703703703703704,147538125000.0,"成交额 $2,915,469 ≥ 阈值 $500,000 | 成交量 4,327 手",US.MRVL,2026-05-06 09:12:29
US.MRVL260618P160000,MRVL 260618 160.00P,168.75,2069,2800140.0,PUT,2026-06-18,160.0,2764,83.246,-0.366099773,0.007749794,-0.203419624,0.219859712,44,100.0,US.MRVL,14.54,15.12,13.3,15.6435,-0.05185185185185185,147538125000.0,"成交额 $2,800,140 ≥ 阈值 $500,000 | 成交量 2,069 手",US.MRVL,2026-05-06 09:12:29
US.MRVL260612C157500,MRVL 260612 157.50C,168.75,1042,2703455.0,CALL,2026-06-12,157.5,0,87.007,0.655363645,0.007796301,-0.240274056,0.199959394,38,100.0,US.MRVL,25.85,26.85,25.7,20.8635,0.06666666666666667,147538125000.0,"成交额 $2,703,455 ≥ 阈值 $500,000 | 成交量 1,042 手",US.MRVL,2026-05-06 09:12:29
US.MRVL260508C145000,MRVL 260508 145.00C,168.75,1016,2636544.0,CALL,2026-05-08,145.0,1457,0.0,0.0,0.0,0.0,0.0,3,100.0,US.MRVL,21.1,27.78,20.69,19.3107,0.14074074074074075,147538125000.0,"成交额 $2,636,544 ≥ 阈值 $500,000 | 成交量 1,016 手",US.MRVL,2026-05-06 09:12:29
US.MRVL260618C140000,MRVL 260618 140.00C,168.75,750,2621455.0,CALL,2026-06-18,140.0,6252,84.319,0.788284717,0.005876069,-0.173188978,0.169242732,44,100.0,US.MRVL,36.05,39.7,33.0,31.8827,0.17037037037037037,147538125000.0,"成交额 $2,621,455 ≥ 阈值 $500,000 | 成交量 750 手",US.MRVL,2026-05-06 09:12:29
US.MRVL261120C135000,MRVL 261120 135.00C,168.75,501,2573110.0,CALL,2026-11-20,135.0,610,74.122,0.763481801,0.00334057,-0.079152975,0.384088477,199,100.0,US.MRVL,52.0,55.7,50.4,49.3012,0.2,147538125000.0,"成交额 $2,573,110 ≥ 阈值 $500,000 | 成交量 501 手",US.MRVL,2026-05-06 09:12:29
US.MRVL260618P110000,MRVL 260618 110.00P,168.75,16562,2339978.0,PUT,2026-06-18,110.0,14281,87.771,-0.057826697,0.002255914,-0.066431715,0.067634776,44,100.0,US.MRVL,1.48,1.55,1.29,1.7505,-0.34814814814814815,147538125000.0,"成交额 $2,339,978 ≥ 阈值 $500,000 | 成交量 16,562 手",US.MRVL,2026-05-06 09:12:29
US.MRVL260618C180000,MRVL 260618 180.00C,168.75,1447,2273555.0,CALL,2026-06-18,180.0,28219,84.046,0.47559397,0.008106279,-0.23108134,0.23272807,44,100.0,US.MRVL,14.28,17.45,12.3,12.25,-0.06666666666666667,147538125000.0,"成交额 $2,273,555 ≥ 阈值 $500,000 | 成交量 1,447 手",US.MRVL,2026-05-06 09:12:29
US.MRVL260508C172500,MRVL 260508 172.50C,168.75,4182,1864917.0,CALL,2026-05-08,172.5,3175,86.068,0.400851133,0.030475699,-0.97424987,0.056967304,3,100.0,US.MRVL,3.15,5.9,2.29,2.215,-0.022222222222222223,147538125000.0,"成交额 $1,864,917 ≥ 阈值 $500,000 | 成交量 4,182 手",US.MRVL,2026-05-06 09:12:29
US.MRVL260515C165000,MRVL 260515 165.00C,168.75,1614,1802064.0,CALL,2026-05-15,165.0,2770,75.992,0.598957683,0.01841387,-0.434718296,0.106811213,10,100.0,US.MRVL,10.05,13.4,7.7,7.625,0.022222222222222223,147538125000.0,"成交额 $1,802,064 ≥ 阈值 $500,000 | 成交量 1,614 手",US.MRVL,2026-05-06 09:12:29
US.MRVL260508C170000,MRVL 260508 170.00C,168.75,3056,1479642.0,CALL,2026-05-08,170.0,3613,87.376,0.4780947,0.030934651,-1.029878924,0.05870414,3,100.0,US.MRVL,4.55,7.2,3.06,2.955,-0.007407407407407408,147538125000.0,"成交额 $1,479,642 ≥ 阈值 $500,000 | 成交量 3,056 手",US.MRVL,2026-05-06 09:12:29
US.MRVL260717P110000,MRVL 260717 110.00P,168.75,5045,1336228.0,PUT,2026-07-17,110.0,403,81.627,-0.084597441,0.002521619,-0.063949544,0.116844343,73,100.0,US.MRVL,2.65,2.8,2.53,2.97,-0.34814814814814815,147538125000.0,"成交额 $1,336,228 ≥ 阈值 $500,000 | 成交量 5,045 手",US.MRVL,2026-05-06 09:12:29
US.MRVL260515C170000,MRVL 260515 170.00C,168.75,1507,1297836.0,CALL,2026-05-15,170.0,4875,75.619,0.504047833,0.019094368,-0.445090956,0.110214337,10,100.0,US.MRVL,7.5,10.5,5.8,5.5,-0.007407407407407408,147538125000.0,"成交额 $1,297,836 ≥ 阈值 $500,000 | 成交量 1,507 手",US.MRVL,2026-05-06 09:12:29
US.MRVL260515C125000,MRVL 260515 125.00C,168.75,267,1137723.0,CALL,2026-05-15,125.0,8973,95.116,0.977849683,0.002008763,-0.077884701,0.014585025,10,100.0,US.MRVL,43.25,48.0,40.97,39.1555,0.25925925925925924,147538125000.0,"成交额 $1,137,723 ≥ 阈值 $500,000 | 成交量 267 手",US.MRVL,2026-05-06 09:12:29
US.MRVL261120C150000,MRVL 261120 150.00C,168.75,230,1089393.0,CALL,2026-11-20,150.0,1018,73.204,0.700111659,0.003812847,-0.087033135,0.432964223,199,100.0,US.MRVL,43.88,48.05,43.88,41.3972,0.1111111111111111,147538125000.0,"成交额 $1,089,393 ≥ 阈值 $500,000 | 成交量 230 手",US.MRVL,2026-05-06 09:12:29
US.MRVL260508C175000,MRVL 260508 175.00C,168.75,3412,1083427.0,CALL,2026-05-08,175.0,2974,86.188,0.329298329,0.028487221,-0.895942534,0.053324138,3,100.0,US.MRVL,2.63,4.7,1.71,1.715,-0.037037037037037035,147538125000.0,"成交额 $1,083,427 ≥ 阈值 $500,000 | 成交量 3,412 手",US.MRVL,2026-05-06 09:12:29
US.MRVL260618C190000,MRVL 260618 190.00C,168.75,912,1041755.0,CALL,2026-06-18,190.0,5154,83.454,0.400996751,0.007925991,-0.221928029,0.225945604,44,100.0,US.MRVL,11.3,13.8,9.7,9.4222,-0.1259259259259259,147538125000.0,"成交额 $1,041,755 ≥ 阈值 $500,000 | 成交量 912 手",US.MRVL,2026-05-06 09:12:29
US.MRVL260508C167500,MRVL 260508 167.50C,168.75,1507,997267.0,CALL,2026-05-08,167.5,2967,87.97,0.555192469,0.030477174,-1.029815522,0.05822924,3,100.0,US.MRVL,5.75,8.8,4.0,3.75,0.007407407407407408,147538125000.0,"成交额 $997,267 ≥ 阈值 $500,000 | 成交量 1,507 手",US.MRVL,2026-05-06 09:12:29
US.MRVL260618C200000,MRVL 260618 200.00C,168.75,1071,984525.0,CALL,2026-06-18,200.0,5040,83.51,0.334418089,0.007459083,-0.208384498,0.212776614,44,100.0,US.MRVL,8.42,11.1,7.3,7.25,-0.18518518518518517,147538125000.0,"成交额 $984,525 ≥ 阈值 $500,000 | 成交量 1,071 手",US.MRVL,2026-05-06 09:12:29
US.MRVL260515C175000,MRVL 260515 175.00C,168.75,1442,942329.0,CALL,2026-05-15,175.0,1900,74.844,0.409984326,0.018799779,-0.427168207,0.107401474,10,100.0,US.MRVL,5.4,8.15,4.0,3.925,-0.037037037037037035,147538125000.0,"成交额 $942,329 ≥ 阈值 $500,000 | 成交量 1,442 手",US.MRVL,2026-05-06 09:12:29
US.MRVL260515C130000,MRVL 260515 130.00C,168.75,235,934546.0,CALL,2026-05-15,130.0,4266,85.616,0.973699344,0.002577978,-0.081392118,0.016848245,10,100.0,US.MRVL,38.65,42.85,35.8,34.3464,0.22962962962962963,147538125000.0,"成交额 $934,546 ≥ 阈值 $500,000 | 成交量 235 手",US.MRVL,2026-05-06 09:12:29
US.MRVL260618C170000,MRVL 260618 170.00C,168.75,472,907712.0,CALL,2026-06-18,170.0,1923,83.386,0.553265957,0.00811273,-0.228733076,0.231083807,44,100.0,US.MRVL,18.24,21.7,16.2,15.9707,-0.007407407407407408,147538125000.0,"成交额 $907,712 ≥ 阈值 $500,000 | 成交量 472 手",US.MRVL,2026-05-06 09:12:29
US.MRVL260515C135000,MRVL 260515 135.00C,168.75,246,888857.0,CALL,2026-05-15,135.0,1685,81.815,0.959080487,0.003883331,-0.109287805,0.024251194,10,100.0,US.MRVL,35.75,38.11,31.2,29.6741,0.2,147538125000.0,"成交额 $888,857 ≥ 阈值 $500,000 | 成交量 246 手",US.MRVL,2026-05-06 09:12:29
US.MRVL260508C180000,MRVL 260508 180.00C,168.75,4317,863646.0,CALL,2026-05-08,180.0,2378,87.083,0.20984757,0.02244699,-0.678508681,0.04245308,3,100.0,US.MRVL,1.34,2.85,0.98,0.97,-0.06666666666666667,147538125000.0,"成交额 $863,646 ≥ 阈值 $500,000 | 成交量 4,317 手",US.MRVL,2026-05-06 09:12:29
US.MRVL260618P125000,MRVL 260618 125.00P,168.75,2680,845478.0,PUT,2026-06-18,125.0,5740,85.321,-0.119559438,0.004002494,-0.111499838,0.116605202,44,100.0,US.MRVL,3.27,3.5,3.08,3.7289,-0.25925925925925924,147538125000.0,"成交额 $845,478 ≥ 阈值 $500,000 | 成交量 2,680 手",US.MRVL,2026-05-06 09:12:29
US.MRVL260515C150000,MRVL 260515 150.00C,168.75,377,842071.0,CALL,2026-05-15,150.0,7852,73.444,0.852619549,0.011356018,-0.251382138,0.063659178,10,100.0,US.MRVL,20.75,24.75,18.55,16.8549,0.1111111111111111,147538125000.0,"成交额 $842,071 ≥ 阈值 $500,000 | 成交量 377 手",US.MRVL,2026-05-06 09:12:29
US.MRVL260618P100000,MRVL 260618 100.00P,168.75,10636,817174.0,PUT,2026-06-18,100.0,11634,91.437,-0.034108068,0.001415298,-0.045149519,0.044215657,44,100.0,US.MRVL,0.84,1.0,0.7,0.9403,-0.4074074074074074,147538125000.0,"成交额 $817,174 ≥ 阈值 $500,000 | 成交量 10,636 手",US.MRVL,2026-05-06 09:12:29
US.MRVL260821C150000,MRVL 260821 150.00C,168.75,216,815759.0,CALL,2026-08-21,150.0,4406,76.725,0.697302898,0.004961695,-0.12216685,0.320122031,108,100.0,US.MRVL,35.38,39.84,34.75,33.4594,0.1111111111111111,147538125000.0,"成交额 $815,759 ≥ 阈值 $500,000 | 成交量 216 手",US.MRVL,2026-05-06 09:12:29
US.MRVL261120C240000,MRVL 261120 240.00C,168.75,446,788821.0,CALL,2026-11-20,240.0,17,74.026,0.368690456,0.004090479,-0.091931721,0.469691194,199,100.0,US.MRVL,16.8,19.0,16.75,15.0141,-0.4222222222222222,147538125000.0,"成交额 $788,821 ≥ 阈值 $500,000 | 成交量 446 手",US.MRVL,2026-05-06 09:12:29
US.MRVL260515C180000,MRVL 260515 180.00C,168.75,1699,773912.0,CALL,2026-05-15,180.0,5627,75.136,0.324472712,0.017326426,-0.393885821,0.099369076,10,100.0,US.MRVL,3.8,6.0,2.9,2.745,-0.06666666666666667,147538125000.0,"成交额 $773,912 ≥ 阈值 $500,000 | 成交量 1,699 手",US.MRVL,2026-05-06 09:12:29
US.MRVL260717C200000,MRVL 260717 200.00C,168.75,553,768724.0,CALL,2026-07-17,200.0,3800,78.357,0.385934803,0.006478328,-0.160738662,0.288246339,73,100.0,US.MRVL,12.05,14.75,10.95,10.6829,-0.18518518518518517,147538125000.0,"成交额 $768,724 ≥ 阈值 $500,000 | 成交量 553 手",US.MRVL,2026-05-06 09:12:29
US.MRVL260618C150000,MRVL 260618 150.00C,168.75,238,740431.0,CALL,2026-06-18,150.0,7485,83.347,0.714789069,0.006971854,-0.198932936,0.19849154,44,100.0,US.MRVL,27.1,32.73,27.1,25.5255,0.1111111111111111,147538125000.0,"成交额 $740,431 ≥ 阈值 $500,000 | 成交量 238 手",US.MRVL,2026-05-06 09:12:29
US.MRVL260821C190000,MRVL 260821 190.00C,168.75,344,739118.0,CALL,2026-08-21,190.0,138,76.158,0.478558905,0.005704101,-0.135330769,0.365302966,108,100.0,US.MRVL,18.54,22.64,17.9,17.7506,-0.1259259259259259,147538125000.0,"成交额 $739,118 ≥ 阈值 $500,000 | 成交量 344 手",US.MRVL,2026-05-06 09:12:29
US.MRVL260618C175000,MRVL 260618 175.00C,168.75,412,735798.0,CALL,2026-06-18,175.0,2175,83.104,0.51303657,0.008209144,-0.229369118,0.23304052,44,100.0,US.MRVL,15.01,19.48,14.31,14.0731,-0.037037037037037035,147538125000.0,"成交额 $735,798 ≥ 阈值 $500,000 | 成交量 412 手",US.MRVL,2026-05-06 09:12:29
US.MRVL260618C160000,MRVL 260618 160.00C,168.75,317,730892.0,CALL,2026-06-18,160.0,2714,82.243,0.634811765,0.007821069,-0.215848335,0.219721583,44,100.0,US.MRVL,23.55,26.7,20.75,20.112,0.05185185185185185,147538125000.0,"成交额 $730,892 ≥ 阈值 $500,000 | 成交量 317 手",US.MRVL,2026-05-06 09:12:29
US.MRVL260717C150000,MRVL 260717 150.00C,168.75,223,699992.0,CALL,2026-07-17,150.0,1349,78.062,0.702959796,0.005884075,-0.148811927,0.260823297,73,100.0,US.MRVL,31.3,36.14,30.05,29.4632,0.1111111111111111,147538125000.0,"成交额 $699,992 ≥ 阈值 $500,000 | 成交量 223 手",US.MRVL,2026-05-06 09:12:29
US.MRVL260918P175000,MRVL 260918 175.00P,168.75,213,685735.0,PUT,2026-09-18,175.0,74,75.72,-0.430974844,0.005099397,-0.104285945,0.40413035,136,100.0,US.MRVL,32.2,32.75,31.87,34.743,0.037037037037037035,147538125000.0,"成交额 $685,735 ≥ 阈值 $500,000 | 成交量 213 手",US.MRVL,2026-05-06 09:12:29
US.MRVL260508C140000,MRVL 260508 140.00C,168.75,217,680655.0,CALL,2026-05-08,140.0,607,117.4,0.969650134,0.003970693,-0.175953193,0.010124433,3,100.0,US.MRVL,28.62,31.8,28.62,23.958,0.17037037037037037,147538125000.0,"成交额 $680,655 ≥ 阈值 $500,000 | 成交量 217 手",US.MRVL,2026-05-06 09:12:29
US.MRVL260508C165000,MRVL 260508 165.00C,168.75,871,674410.0,CALL,2026-05-08,165.0,4630,86.929,0.632176228,0.029415494,-0.963031438,0.055535334,3,100.0,US.MRVL,7.5,10.25,5.0,4.825,0.022222222222222223,147538125000.0,"成交额 $674,410 ≥ 阈值 $500,000 | 成交量 871 手",US.MRVL,2026-05-06 09:12:29
US.MRVL260515C140000,MRVL 260515 140.00C,168.75,224,660447.0,CALL,2026-05-15,140.0,3194,80.134,0.932756525,0.005879595,-0.155882599,0.035961966,10,100.0,US.MRVL,27.87,33.65,27.25,25.1606,0.17037037037037037,147538125000.0,"成交额 $660,447 ≥ 阈值 $500,000 | 成交量 224 手",US.MRVL,2026-05-06 09:12:29
US.MRVL260515C144000,MRVL 260515 144.00C,168.75,206,585537.0,CALL,2026-05-15,144.0,112,82.708,0.893647929,0.008031477,-0.224466006,0.050701793,10,100.0,US.MRVL,28.43,29.68,26.15,21.6795,0.14666666666666667,147538125000.0,"成交额 $585,537 ≥ 阈值 $500,000 | 成交量 206 手",US.MRVL,2026-05-06 09:12:29
US.MRVL260515C160000,MRVL 260515 160.00C,168.75,402,561692.0,CALL,2026-05-15,160.0,9219,77.909,0.687517923,0.016446867,-0.408309667,0.097806274,10,100.0,US.MRVL,13.44,16.53,10.9,10.1618,0.05185185185185185,147538125000.0,"成交额 $561,692 ≥ 阈值 $500,000 | 成交量 402 手",US.MRVL,2026-05-06 09:12:29
US.MRVL260717C180000,MRVL 260717 180.00C,168.75,278,536266.0,CALL,2026-07-17,180.0,17777,77.539,0.503043307,0.006827472,-0.167210499,0.300615044,73,100.0,US.MRVL,18.3,21.75,16.75,16.1022,-0.06666666666666667,147538125000.0,"成交额 $536,266 ≥ 阈值 $500,000 | 成交量 278 手",US.MRVL,2026-05-06 09:12:29
US.MRVL260508C160000,MRVL 260508 160.00C,168.75,469,503356.0,CALL,2026-05-08,160.0,1585,97.605,0.748733228,0.022151219,-0.883459545,0.04695599,3,100.0,US.MRVL,10.55,14.35,8.1,7.5993,0.05185185185185185,147538125000.0,"成交额 $503,356 ≥ 阈值 $500,000 | 成交量 469 手",US.MRVL,2026-05-06 09:12:29
US.SHOP260515P145000,SHOP 260515 145.00P,107.63,1728,6235274.0,PUT,2026-05-15,145.0,5908,0.0,0.0,0.0,0.0,0.0,10,100.0,US.SHOP,29.1,39.25,25.45,20.207,0.347208027501626,139666565674.3,"成交额 $6,235,274 ≥ 阈值 $500,000 | 成交量 1,728 手",US.SHOP,2026-05-06 09:12:37
US.SHOP260618C145000,SHOP 260618 145.00C,107.63,56030,4232628.0,CALL,2026-06-18,145.0,56707,58.36,0.088326786,0.007357494,-0.040348333,0.059717775,44,100.0,US.SHOP,1.41,2.0,0.55,5.825,-0.347208027501626,139666565674.3,"成交额 $4,232,628 ≥ 阈值 $500,000 | 成交量 56,030 手",US.SHOP,2026-05-06 09:12:37
US.SHOP260605C125000,SHOP 260605 125.00C,107.63,15691,4165086.0,CALL,2026-06-05,125.0,63,59.692,0.224202685,0.016030955,-0.092994382,0.093610821,31,100.0,US.SHOP,5.0,5.0,1.68,12.3332,-0.16138623060485,139666565674.3,"成交额 $4,165,086 ≥ 阈值 $500,000 | 成交量 15,691 手",US.SHOP,2026-05-06 09:12:37
US.SHOP260618P125000,SHOP 260618 125.00P,107.63,2081,4125017.0,PUT,2026-06-18,125.0,897,57.945,-0.737530558,0.015499675,-0.072626635,0.121132344,44,100.0,US.SHOP,14.06,21.3,12.75,10.6,0.16138623060485,139666565674.3,"成交额 $4,125,017 ≥ 阈值 $500,000 | 成交量 2,081 手",US.SHOP,2026-05-06 09:12:37
US.SHOP260508P120000,SHOP 260508 120.00P,107.63,3322,2306038.0,PUT,2026-05-08,120.0,3215,115.188,-0.846461788,0.021779803,-0.432618593,0.022415115,3,100.0,US.SHOP,6.0,14.48,4.0,4.55,0.114930781380656,139666565674.3,"成交额 $2,306,038 ≥ 阈值 $500,000 | 成交量 3,322 手",US.SHOP,2026-05-06 09:12:37
US.SHOP260618P90000,SHOP 260618 90.00P,107.63,16647,2079664.0,PUT,2026-06-18,90.0,9429,59.176,-0.159915078,0.011029192,-0.059595959,0.090686992,44,100.0,US.SHOP,1.18,2.26,0.88,1.0435,-0.163801913964508,139666565674.3,"成交额 $2,079,664 ≥ 阈值 $500,000 | 成交量 16,647 手",US.SHOP,2026-05-06 09:12:37
US.SHOP260717P85000,SHOP 260717 85.00P,107.63,12505,1824736.0,PUT,2026-07-17,85.0,689,60.708,-0.151339115,0.008045164,-0.045369231,0.112730101,73,100.0,US.SHOP,1.72,2.86,1.42,1.38,-0.210257363188702,139666565674.3,"成交额 $1,824,736 ≥ 阈值 $500,000 | 成交量 12,505 手",US.SHOP,2026-05-06 09:12:37
US.SHOP260717C120000,SHOP 260717 120.00C,107.63,1874,1616404.0,CALL,2026-07-17,120.0,480,57.112,0.393377544,0.01400747,-0.076258201,0.18489935,73,100.0,US.SHOP,10.6,11.75,5.45,18.7309,-0.114930781380656,139666565674.3,"成交额 $1,616,404 ≥ 阈值 $500,000 | 成交量 1,874 手",US.SHOP,2026-05-06 09:12:37
US.SHOP260515P110000,SHOP 260515 110.00P,107.63,4283,1349580.0,PUT,2026-05-15,110.0,2349,64.671,-0.557332076,0.034638571,-0.229297382,0.069698109,10,100.0,US.SHOP,2.48,6.95,1.7,2.325,0.022019882932267996,139666565674.3,"成交额 $1,349,580 ≥ 阈值 $500,000 | 成交量 4,283 手",US.SHOP,2026-05-06 09:12:37
US.SHOP260508P115000,SHOP 260508 115.00P,107.63,2311,1315706.0,PUT,2026-05-08,115.0,2249,85.837,-0.798627647,0.034678256,-0.40021015,0.026609786,3,100.0,US.SHOP,4.0,9.39,1.81,2.8534,0.068475332156462,139666565674.3,"成交额 $1,315,706 ≥ 阈值 $500,000 | 成交量 2,311 手",US.SHOP,2026-05-06 09:12:37
US.SHOP260605C140000,SHOP 260605 140.00C,107.63,14889,1258190.0,CALL,2026-06-05,140.0,36,59.275,0.077435444,0.00782307,-0.043890383,0.045362208,31,100.0,US.SHOP,1.26,1.56,0.49,6.0353,-0.300752578277432,139666565674.3,"成交额 $1,258,190 ≥ 阈值 $500,000 | 成交量 14,889 手",US.SHOP,2026-05-06 09:12:37
US.SHOP260618C120000,SHOP 260618 120.00C,107.63,2168,1154589.0,CALL,2026-06-18,120.0,2416,58.11,0.337981492,0.016868211,-0.09393677,0.136334496,44,100.0,US.SHOP,8.0,9.01,3.44,16.3543,-0.114930781380656,139666565674.3,"成交额 $1,154,589 ≥ 阈值 $500,000 | 成交量 2,168 手",US.SHOP,2026-05-06 09:12:37
US.SHOP260717C105000,SHOP 260717 105.00C,107.63,616,1088937.0,CALL,2026-07-17,105.0,109,60.45,0.600034489,0.013293314,-0.08247322,0.185733029,73,100.0,US.SHOP,18.15,19.55,11.6,28.2242,0.024435566291926003,139666565674.3,"成交额 $1,088,937 ≥ 阈值 $500,000 | 成交量 616 手",US.SHOP,2026-05-06 09:12:37
US.SHOP260515C115000,SHOP 260515 115.00C,107.63,2950,1088820.0,CALL,2026-05-15,115.0,1115,67.957,0.298219566,0.028895363,-0.218287186,0.061230016,10,100.0,US.SHOP,7.35,7.45,1.5,16.2654,-0.068475332156462,139666565674.3,"成交额 $1,088,820 ≥ 阈值 $500,000 | 成交量 2,950 手",US.SHOP,2026-05-06 09:12:37
US.SHOP260515P105000,SHOP 260515 105.00P,107.63,6675,1044638.0,PUT,2026-05-15,105.0,1907,63.735,-0.383022853,0.033937396,-0.220014171,0.06738649,10,100.0,US.SHOP,1.55,4.15,0.8,1.375,-0.024435566291926003,139666565674.3,"成交额 $1,044,638 ≥ 阈值 $500,000 | 成交量 6,675 手",US.SHOP,2026-05-06 09:12:37
US.SHOP261120C110000,SHOP 261120 110.00C,107.63,523,1016803.0,CALL,2026-11-20,110.0,151,62.108,0.588942925,0.007883439,-0.052692744,0.309030303,199,100.0,US.SHOP,22.68,22.68,18.38,33.3687,-0.022019882932267996,139666565674.3,"成交额 $1,016,803 ≥ 阈值 $500,000 | 成交量 523 手",US.SHOP,2026-05-06 09:12:37
US.SHOP260618P110000,SHOP 260618 110.00P,107.63,1499,1013176.0,PUT,2026-06-18,110.0,2987,56.692,-0.497807422,0.018984379,-0.091263989,0.148648356,44,100.0,US.SHOP,6.0,10.35,4.97,4.8,0.022019882932267996,139666565674.3,"成交额 $1,013,176 ≥ 阈值 $500,000 | 成交量 1,499 手",US.SHOP,2026-05-06 09:12:37
US.SHOP260717C110000,SHOP 260717 110.00C,107.63,795,851995.0,CALL,2026-07-17,110.0,355,58.765,0.530228991,0.014080189,-0.082057516,0.191244082,73,100.0,US.SHOP,14.68,16.75,9.14,24.7786,-0.022019882932267996,139666565674.3,"成交额 $851,995 ≥ 阈值 $500,000 | 成交量 795 手",US.SHOP,2026-05-06 09:12:37
US.SHOP260918C100000,SHOP 260918 100.00C,107.63,315,844293.0,CALL,2026-09-18,100.0,102,63.213,0.662208328,0.008806247,-0.060980642,0.239967501,136,100.0,US.SHOP,24.95,28.6,20.0,35.9592,0.07089101551612,139666565674.3,"成交额 $844,293 ≥ 阈值 $500,000 | 成交量 315 手",US.SHOP,2026-05-06 09:12:37
US.SHOP260515C122000,SHOP 260515 122.00C,107.63,3792,840552.0,CALL,2026-05-15,122.0,79,66.203,0.137752915,0.018830194,-0.131007265,0.038869997,10,100.0,US.SHOP,2.5,3.75,0.6,11.7149,-0.13351296107033359,139666565674.3,"成交额 $840,552 ≥ 阈值 $500,000 | 成交量 3,792 手",US.SHOP,2026-05-06 09:12:37
US.SHOP260515C110000,SHOP 260515 110.00C,107.63,1867,826565.0,CALL,2026-05-15,110.0,910,68.132,0.448195263,0.032878978,-0.252860789,0.06985264,10,100.0,US.SHOP,8.7,10.67,2.76,19.9607,-0.022019882932267996,139666565674.3,"成交额 $826,565 ≥ 阈值 $500,000 | 成交量 1,867 手",US.SHOP,2026-05-06 09:12:37
US.SHOP261120C105000,SHOP 261120 105.00C,107.63,391,816015.0,CALL,2026-11-20,105.0,17,62.042,0.627848597,0.00767454,-0.051522988,0.300522069,199,100.0,US.SHOP,26.31,26.31,20.35,36.1134,0.024435566291926003,139666565674.3,"成交额 $816,015 ≥ 阈值 $500,000 | 成交量 391 手",US.SHOP,2026-05-06 09:12:37
US.SHOP260508P125000,SHOP 260508 125.00P,107.63,872,802698.0,PUT,2026-05-08,125.0,1161,130.906,-0.892704608,0.014980569,-0.358648207,0.017480563,3,100.0,US.SHOP,8.37,19.0,7.07,6.7499,0.16138623060485,139666565674.3,"成交额 $802,698 ≥ 阈值 $500,000 | 成交量 872 手",US.SHOP,2026-05-06 09:12:37
US.SHOP260508C110000,SHOP 260508 110.00C,107.63,4109,792424.0,CALL,2026-05-08,110.0,69,82.574,0.39757584,0.049330743,-0.589404787,0.036524046,3,100.0,US.SHOP,7.0,9.0,1.35,19.2333,-0.022019882932267996,139666565674.3,"成交额 $792,424 ≥ 阈值 $500,000 | 成交量 4,109 手",US.SHOP,2026-05-06 09:12:37
US.SHOP260918C120000,SHOP 260918 120.00C,107.63,536,731883.0,CALL,2026-09-18,120.0,547,61.432,0.473327535,0.009868795,-0.063082218,0.261342846,136,100.0,US.SHOP,16.25,17.41,10.65,24.0387,-0.114930781380656,139666565674.3,"成交额 $731,883 ≥ 阈值 $500,000 | 成交量 536 手",US.SHOP,2026-05-06 09:12:37
US.SHOP260918C90000,SHOP 260918 90.00C,107.63,219,724369.0,CALL,2026-09-18,90.0,395,62.433,0.756653081,0.007641004,-0.052844007,0.205641772,136,100.0,US.SHOP,31.59,35.08,28.32,43.0673,0.163801913964508,139666565674.3,"成交额 $724,369 ≥ 阈值 $500,000 | 成交量 219 手",US.SHOP,2026-05-06 09:12:37
US.SHOP260515C120000,SHOP 260515 120.00C,107.63,4771,718134.0,CALL,2026-05-15,120.0,1590,67.804,0.180476241,0.021951807,-0.16195516,0.04640985,10,100.0,US.SHOP,5.85,5.85,0.78,12.9538,-0.114930781380656,139666565674.3,"成交额 $718,134 ≥ 阈值 $500,000 | 成交量 4,771 手",US.SHOP,2026-05-06 09:12:37
US.SHOP260717C115000,SHOP 260717 115.00C,107.63,643,708216.0,CALL,2026-07-17,115.0,777,57.721,0.460212762,0.014304694,-0.079967092,0.190838908,73,100.0,US.SHOP,13.35,14.35,7.25,21.7057,-0.068475332156462,139666565674.3,"成交额 $708,216 ≥ 阈值 $500,000 | 成交量 643 手",US.SHOP,2026-05-06 09:12:37
US.SHOP260508C115000,SHOP 260508 115.00C,107.63,3848,699892.0,CALL,2026-05-08,115.0,348,80.236,0.18432874,0.035053732,-0.359149824,0.02521753,3,100.0,US.SHOP,4.8,5.8,0.46,15.4632,-0.068475332156462,139666565674.3,"成交额 $699,892 ≥ 阈值 $500,000 | 成交量 3,848 手",US.SHOP,2026-05-06 09:12:37
US.SHOP260618P135000,SHOP 260618 135.00P,107.63,299,697502.0,PUT,2026-06-18,135.0,1296,54.806,-0.867665076,0.011611814,-0.041582585,0.078866323,44,100.0,US.SHOP,22.24,29.25,20.4,16.1091,0.254297129053238,139666565674.3,"成交额 $697,502 ≥ 阈值 $500,000 | 成交量 299 手",US.SHOP,2026-05-06 09:12:37
US.SHOP260618C170000,SHOP 260618 170.00C,107.63,55541,670293.0,CALL,2026-06-18,170.0,56943,63.056,0.024832013,0.002471251,-0.015530418,0.021679049,44,100.0,US.SHOP,0.27,0.5,0.1,1.6261,-0.5794852736225959,139666565674.3,"成交额 $670,293 ≥ 阈值 $500,000 | 成交量 55,541 手",US.SHOP,2026-05-06 09:12:37
US.SHOP260515P115000,SHOP 260515 115.00P,107.63,1050,661846.0,PUT,2026-05-15,115.0,4143,66.238,-0.708338682,0.029486386,-0.200013828,0.06056716,10,100.0,US.SHOP,4.26,10.4,3.25,3.625,0.068475332156462,139666565674.3,"成交额 $661,846 ≥ 阈值 $500,000 | 成交量 1,050 手",US.SHOP,2026-05-06 09:12:37
US.SHOP260515P130000,SHOP 260515 130.00P,107.63,312,605039.0,PUT,2026-05-15,130.0,2964,80.121,-0.915858505,0.011368155,-0.098656275,0.027157296,10,100.0,US.SHOP,14.85,24.45,12.86,10.0188,0.207841679829044,139666565674.3,"成交额 $605,039 ≥ 阈值 $500,000 | 成交量 312 手",US.SHOP,2026-05-06 09:12:37
US.SHOP260717C100000,SHOP 260717 100.00C,107.63,321,573985.0,CALL,2026-07-17,100.0,76,59.87,0.66848386,0.01260498,-0.077532708,0.174423146,73,100.0,US.SHOP,21.45,24.0,14.25,32.0677,0.07089101551612,139666565674.3,"成交额 $573,985 ≥ 阈值 $500,000 | 成交量 321 手",US.SHOP,2026-05-06 09:12:37
US.SHOP260508P110000,SHOP 260508 110.00P,107.63,2760,546383.0,PUT,2026-05-08,110.0,1683,78.183,-0.609727094,0.051874292,-0.544123864,0.03633399,3,100.0,US.SHOP,2.5,5.6,0.63,1.625,0.022019882932267996,139666565674.3,"成交额 $546,383 ≥ 阈值 $500,000 | 成交量 2,760 手",US.SHOP,2026-05-06 09:12:37
US.SHOP260618C110000,SHOP 260618 110.00C,107.63,592,540647.0,CALL,2026-06-18,110.0,640,58.488,0.506125981,0.018286905,-0.104479863,0.148767082,44,100.0,US.SHOP,13.77,15.6,6.65,22.7956,-0.022019882932267996,139666565674.3,"成交额 $540,647 ≥ 阈值 $500,000 | 成交量 592 手",US.SHOP,2026-05-06 09:12:37
US.SHOP260618C115000,SHOP 260618 115.00C,107.63,679,538532.0,CALL,2026-06-18,115.0,953,57.509,0.416494871,0.018191356,-0.099845797,0.145511316,44,100.0,US.SHOP,10.8,11.35,4.9,19.3632,-0.068475332156462,139666565674.3,"成交额 $538,532 ≥ 阈值 $500,000 | 成交量 679 手",US.SHOP,2026-05-06 09:12:37
US.SHOP260618P100000,SHOP 260618 100.00P,107.63,1294,524874.0,PUT,2026-06-18,100.0,4611,57.738,-0.313056914,0.016490107,-0.084019396,0.132080557,44,100.0,US.SHOP,3.77,5.38,2.26,2.415,-0.07089101551612,139666565674.3,"成交额 $524,874 ≥ 阈值 $500,000 | 成交量 1,294 手",US.SHOP,2026-05-06 09:12:37
US.SHOP260618C95000,SHOP 260618 95.00C,107.63,312,522548.0,CALL,2026-06-18,95.0,45083,57.576,0.772541248,0.014053027,-0.080860785,0.112534599,44,100.0,US.SHOP,21.97,25.55,14.9,34.5765,0.117346464740314,139666565674.3,"成交额 $522,548 ≥ 阈值 $500,000 | 成交量 312 手",US.SHOP,2026-05-06 09:12:37
US.ZS260618P140000,ZS 260618 140.00P,141.36,1375,1873804.0,PUT,2026-06-18,140.0,3268,74.771,-0.428079363,0.010755244,-0.158447222,0.192062944,44,100.0,US.ZS,12.75,14.35,12.75,13.275,-0.009620826259196474,22729373776.08,"成交额 $1,873,804 ≥ 阈值 $500,000 | 成交量 1,375 手",US.ZS,2026-05-06 09:13:06
US.ABT260918C85000,ABT 260918 85.00C,87.17,3245,2538361.0,CALL,2026-09-18,85.0,104,29.373,0.62005327,0.024380086,-0.026524018,0.202422234,136,100.0,US.ABT,7.56,8.25,7.56,7.9903,0.02489388551107034,151833852634.18,"成交额 $2,538,361 ≥ 阈值 $500,000 | 成交量 3,245 手",US.ABT,2026-05-06 09:14:05
US.ACN260515C175000,ACN 260515 175.00C,179.01,972,583150.0,CALL,2026-05-15,175.0,18,49.503,0.630078413,0.026022834,-0.297339999,0.110646831,10,100.0,US.ACN,6.0,6.0,5.5,8.8203,0.02240098318529686,109901268364.68,"成交额 $583,150 ≥ 阈值 $500,000 | 成交量 972 手",US.ACN,2026-05-06 09:14:29
US.ADBE260618C250000,ADBE 260618 250.00C,255.62,946,1861950.0,CALL,2026-06-18,250.0,2320,48.722,0.595572894,0.008981936,-0.205048986,0.343009934,44,100.0,US.ADBE,19.18,21.25,18.2,20.2845,0.021985760112667257,103321604000.0,"成交额 $1,861,950 ≥ 阈值 $500,000 | 成交量 946 手",US.ADBE,2026-05-06 09:14:42
US.ADBE260618P250000,ADBE 260618 250.00P,255.62,833,1193865.0,PUT,2026-06-18,250.0,2384,49.052,-0.405940657,0.008969119,-0.182981598,0.34306607,44,100.0,US.ADBE,15.3,16.34,13.5,14.925,-0.021985760112667257,103321604000.0,"成交额 $1,193,865 ≥ 阈值 $500,000 | 成交量 833 手",US.ADBE,2026-05-06 09:14:42
US.ADBE260618C265000,ADBE 260618 265.00C,255.62,591,727030.0,CALL,2026-06-18,265.0,468,48.49,0.458308648,0.009242023,-0.205883548,0.351263056,44,100.0,US.ADBE,12.1,13.85,10.95,13.1948,-0.03669509428057271,103321604000.0,"成交额 $727,030 ≥ 阈值 $500,000 | 成交量 591 手",US.ADBE,2026-05-06 09:14:42
US.ADBE260717C255000,ADBE 260717 255.00C,255.62,279,554459.0,CALL,2026-07-17,255.0,251,45.75,0.559399498,0.007554344,-0.154066102,0.450324902,73,100.0,US.ADBE,20.55,22.0,19.75,21.3001,0.002425475314920603,103321604000.0,"成交额 $554,459 ≥ 阈值 $500,000 | 成交量 279 手",US.ADBE,2026-05-06 09:14:42
US.ADM260918C85000,ADM 260918 85.00C,79.19,1824,807983.0,CALL,2026-09-18,85.0,1590,29.49,0.409566312,0.027285487,-0.023261491,0.187706359,136,100.0,US.ADM,2.8,4.8,2.8,3.025,-0.07336784947594396,38161272969.0,"成交额 $807,983 ≥ 阈值 $500,000 | 成交量 1,824 手",US.ADM,2026-05-06 09:15:05
US.ADM260515C77500,ADM 260515 77.50C,79.19,1327,512956.0,CALL,2026-05-15,77.5,1723,32.677,0.672973736,0.085167199,-0.084934537,0.046778342,10,100.0,US.ADM,1.2,4.48,1.2,1.9,0.021341078418992267,38161272969.0,"成交额 $512,956 ≥ 阈值 $500,000 | 成交量 1,327 手",US.ADM,2026-05-06 09:15:05
US.AKAM260508C120000,AKAM 260508 120.00C,117.94,3530,1631914.0,CALL,2026-05-08,120.0,954,176.804,0.486765439,0.021898598,-1.452596374,0.041061242,3,100.0,US.AKAM,2.0,6.6,2.0,1.2435,-0.017466508394098714,17363486281.12,"成交额 $1,631,914 ≥ 阈值 $500,000 | 成交量 3,530 手",US.AKAM,2026-05-06 09:17:00
US.AKAM260508C100000,AKAM 260508 100.00C,117.94,970,1605798.0,CALL,2026-05-08,100.0,1970,170.363,0.882083836,0.011261772,-0.605383075,0.020347032,3,100.0,US.AKAM,12.6,19.21,12.6,9.3065,0.15211124300491774,17363486281.12,"成交额 $1,605,798 ≥ 阈值 $500,000 | 成交量 970 手",US.AKAM,2026-05-06 09:17:00
US.AKAM260508C115000,AKAM 260508 115.00C,117.94,948,726080.0,CALL,2026-05-08,115.0,79,175.587,0.596041357,0.021420124,-1.400186049,0.039887489,3,100.0,US.AKAM,4.0,8.9,3.9,2.1681,0.0249279294556554,17363486281.12,"成交额 $726,080 ≥ 阈值 $500,000 | 成交量 948 手",US.AKAM,2026-05-06 09:17:00
US.AKAM260515C120000,AKAM 260515 120.00C,117.94,1011,508273.0,CALL,2026-05-15,120.0,2341,100.978,0.493536394,0.020458567,-0.413265166,0.07701949,10,100.0,US.AKAM,2.84,7.0,2.84,1.925,-0.017466508394098714,17363486281.12,"成交额 $508,273 ≥ 阈值 $500,000 | 成交量 1,011 手",US.AKAM,2026-05-06 09:17:00
US.ALB260717C210000,ALB 260717 210.00C,194.82,251,871670.0,CALL,2026-07-17,210.0,94,64.745,0.46417017,0.007054076,-0.161554082,0.345664828,73,100.0,US.ALB,17.4,17.4,16.7,14.925,-0.07791807822605486,22966723325.34,"成交额 $871,670 ≥ 阈值 $500,000 | 成交量 251 手",US.ALB,2026-05-06 09:17:12
US.AMAT261016P380000,AMAT 261016 380.00P,410.82,1014,4384707.0,PUT,2026-10-16,380.0,102,56.767,-0.333589383,0.002350961,-0.158746647,0.999896461,164,100.0,US.AMAT,44.4,44.4,41.75,49.95,-0.07502069032666372,326030805560.94,"成交额 $4,384,707 ≥ 阈值 $500,000 | 成交量 1,014 手",US.AMAT,2026-05-06 09:18:06
US.AMAT260618C490000,AMAT 260618 490.00C,410.82,764,816954.0,CALL,2026-06-18,490.0,6613,58.388,0.226951476,0.003627682,-0.294565081,0.428785971,44,100.0,US.AMAT,9.32,11.4,7.8,6.525,-0.19273647826298623,326030805560.94,"成交额 $816,954 ≥ 阈值 $500,000 | 成交量 764 手",US.AMAT,2026-05-06 09:18:06
US.AMAT260515C380000,AMAT 260515 380.00C,410.82,221,814482.0,CALL,2026-05-15,380.0,763,77.12,0.754420556,0.006068195,-0.875154171,0.211703582,10,100.0,US.AMAT,33.7,42.05,33.7,26.7524,0.07502069032666372,326030805560.94,"成交额 $814,482 ≥ 阈值 $500,000 | 成交量 221 手",US.AMAT,2026-05-06 09:18:06
US.AMAT260618C450000,AMAT 260618 450.00C,410.82,340,680204.0,CALL,2026-06-18,450.0,710,58.771,0.372833857,0.004526226,-0.376422407,0.538535864,44,100.0,US.AMAT,17.65,21.34,17.65,12.95,-0.09537023513947716,326030805560.94,"成交额 $680,204 ≥ 阈值 $500,000 | 成交量 340 手",US.AMAT,2026-05-06 09:18:06
US.AMAT260618C420000,AMAT 260618 420.00C,410.82,217,669288.0,CALL,2026-06-18,420.0,691,58.99,0.506099367,0.004752432,-0.40223027,0.56757038,44,100.0,US.AMAT,27.1,32.53,26.87,21.45,-0.02234555279684535,326030805560.94,"成交额 $669,288 ≥ 阈值 $500,000 | 成交量 217 手",US.AMAT,2026-05-06 09:18:06
US.AMAT260605C415000,AMAT 260605 415.00C,410.82,222,652096.0,CALL,2026-06-05,415.0,223,62.281,0.520490045,0.005361809,-0.503301529,0.475337059,31,100.0,US.AMAT,24.99,29.65,24.99,19.1381,-0.010174772406406716,326030805560.94,"成交额 $652,096 ≥ 阈值 $500,000 | 成交量 222 手",US.AMAT,2026-05-06 09:18:06
US.AMAT260515C450000,AMAT 260515 450.00C,410.82,851,554987.0,CALL,2026-05-15,450.0,3684,74.141,0.247701792,0.00634119,-0.824111803,0.212678895,10,100.0,US.AMAT,6.05,8.18,5.6,3.6645,-0.09537023513947716,326030805560.94,"成交额 $554,987 ≥ 阈值 $500,000 | 成交量 851 手",US.AMAT,2026-05-06 09:18:06
US.ANET260515C175000,ANET 260515 175.00C,170.22,6109,5437868.0,CALL,2026-05-15,175.0,1902,81.456,0.446818518,0.017418353,-0.47743242,0.110184579,10,100.0,US.ANET,9.3,10.15,6.95,8.8,-0.028081306544471867,214335821736.36,"成交额 $5,437,868 ≥ 阈值 $500,000 | 成交量 6,109 手",US.ANET,2026-05-06 09:19:14
US.ANET260522P260000,ANET 260522 260.00P,170.22,228,1962585.0,PUT,2026-05-22,260.0,0,90.049,-0.99162356,0.001833976,-0.012766529,0.007590946,17,100.0,US.ANET,86.1,86.1,86.05,87.38,0.5274350840089296,214335821736.36,"成交额 $1,962,585 ≥ 阈值 $500,000 | 成交量 228 手",US.ANET,2026-05-06 09:19:14
US.ANET260508C180000,ANET 260508 180.00C,170.22,2663,1321972.0,CALL,2026-05-08,180.0,2049,136.18,0.341619133,0.01813598,-1.448501239,0.054557043,3,100.0,US.ANET,7.1,7.1,4.18,5.5938,-0.05745505816002821,214335821736.36,"成交额 $1,321,972 ≥ 阈值 $500,000 | 成交量 2,663 手",US.ANET,2026-05-06 09:19:14
US.ANET260522P227500,ANET 260522 227.50P,170.22,228,1230705.0,PUT,2026-05-22,227.5,0,76.029,-0.960581923,0.003806633,-0.055390051,0.030421144,17,100.0,US.ANET,54.0,54.0,53.95,55.1498,0.3365056985078134,214335821736.36,"成交额 $1,230,705 ≥ 阈值 $500,000 | 成交量 228 手",US.ANET,2026-05-06 09:19:14
US.ANET260515C180000,ANET 260515 180.00C,170.22,1486,890021.0,CALL,2026-05-15,180.0,2681,82.144,0.366574241,0.016443558,-0.455793287,0.104895687,10,100.0,US.ANET,7.5,8.4,5.1,6.8806,-0.05745505816002821,214335821736.36,"成交额 $890,021 ≥ 阈值 $500,000 | 成交量 1,486 手",US.ANET,2026-05-06 09:19:14
US.ANET260508C175000,ANET 260508 175.00C,170.22,1169,858196.0,CALL,2026-05-08,175.0,1347,137.334,0.433020928,0.019268669,-1.598957264,0.058456024,3,100.0,US.ANET,7.44,9.0,5.55,7.45,-0.028081306544471867,214335821736.36,"成交额 $858,196 ≥ 阈值 $500,000 | 成交量 1,169 手",US.ANET,2026-05-06 09:19:14
US.ANET260618C180000,ANET 260618 180.00C,170.22,719,846278.0,CALL,2026-06-18,180.0,1992,59.571,0.441757696,0.011238113,-0.165600411,0.23268063,44,100.0,US.ANET,13.61,13.61,10.45,11.6144,-0.05745505816002821,214335821736.36,"成交额 $846,278 ≥ 阈值 $500,000 | 成交量 719 手",US.ANET,2026-05-06 09:19:14
US.ANET260515P172500,ANET 260515 172.50P,170.22,849,758814.0,PUT,2026-05-15,172.5,89,82.758,-0.509581632,0.017312577,-0.47370448,0.111124667,10,100.0,US.ANET,9.0,9.95,8.29,9.4355,0.013394430736693698,214335821736.36,"成交额 $758,814 ≥ 阈值 $500,000 | 成交量 849 手",US.ANET,2026-05-06 09:19:14
US.ANET260508C172500,ANET 260508 172.50C,170.22,906,757242.0,CALL,2026-05-08,172.5,334,134.824,0.479337966,0.019882036,-1.598899204,0.059214191,3,100.0,US.ANET,8.5,9.55,6.8,8.4747,-0.013394430736693698,214335821736.36,"成交额 $757,242 ≥ 阈值 $500,000 | 成交量 906 手",US.ANET,2026-05-06 09:19:14
US.ANET260918C250000,ANET 260918 250.00C,170.22,1259,724900.0,CALL,2026-09-18,250.0,19,57.742,0.190253243,0.004530286,-0.062614447,0.281934664,136,100.0,US.ANET,5.8,6.55,5.47,6.0615,-0.46868758077781697,214335821736.36,"成交额 $724,900 ≥ 阈值 $500,000 | 成交量 1,259 手",US.ANET,2026-05-06 09:19:14
US.ANET260515C172500,ANET 260515 172.50C,170.22,710,700562.0,CALL,2026-05-15,172.5,381,82.914,0.490830292,0.017261249,-0.491121888,0.111144756,10,100.0,US.ANET,10.85,10.86,8.0,10.0607,-0.013394430736693698,214335821736.36,"成交额 $700,562 ≥ 阈值 $500,000 | 成交量 710 手",US.ANET,2026-05-06 09:19:14
US.ANET260508P170000,ANET 260508 170.00P,170.22,870,616312.0,PUT,2026-05-08,170.0,290,134.802,-0.47127645,0.019863893,-1.583391791,0.059138631,3,100.0,US.ANET,6.71,8.05,5.9,6.9697,-0.0012924450710844722,214335821736.36,"成交额 $616,312 ≥ 阈值 $500,000 | 成交量 870 手",US.ANET,2026-05-06 09:19:14
US.ANET260618C195000,ANET 260618 195.00C,170.22,850,586238.0,CALL,2026-06-18,195.0,2407,59.787,0.29743581,0.009825954,-0.144296581,0.204171283,44,100.0,US.ANET,7.5,7.76,5.93,7.0646,-0.1455763130066972,214335821736.36,"成交额 $586,238 ≥ 阈值 $500,000 | 成交量 850 手",US.ANET,2026-05-06 09:19:14
US.ANET260515C160000,ANET 260515 160.00C,170.22,328,583148.0,CALL,2026-05-15,160.0,3000,82.056,0.703786008,0.015117353,-0.423033701,0.096331839,10,100.0,US.ANET,18.18,18.5,15.45,17.4232,0.06003994830219715,214335821736.36,"成交额 $583,148 ≥ 阈值 $500,000 | 成交量 328 手",US.ANET,2026-05-06 09:19:14
US.ANET260508P160000,ANET 260508 160.00P,170.22,1842,517638.0,PUT,2026-05-08,160.0,635,133.374,-0.276851867,0.01688917,-1.27492729,0.049755617,3,100.0,US.ANET,2.6,3.85,2.29,3.2617,-0.06003994830219715,214335821736.36,"成交额 $517,638 ≥ 阈值 $500,000 | 成交量 1,842 手",US.ANET,2026-05-06 09:19:14
US.ANET260515C195000,ANET 260515 195.00C,170.22,1830,505952.0,CALL,2026-05-15,195.0,8645,82.986,0.177412063,0.011243584,-0.30976159,0.072456418,10,100.0,US.ANET,3.4,3.45,1.97,3.0426,-0.1455763130066972,214335821736.36,"成交额 $505,952 ≥ 阈值 $500,000 | 成交量 1,830 手",US.ANET,2026-05-06 09:19:14
US.APA260918C55000,APA 260918 55.00C,41.48,6477,976743.0,CALL,2026-09-18,55.0,86,51.163,0.240469984,0.024042107,-0.015671581,0.078725219,136,100.0,US.APA,1.55,1.8,1.5,1.6203,-0.32594021215043406,14659049172.72,"成交额 $976,743 ≥ 阈值 $500,000 | 成交量 6,477 手",US.APA,2026-05-06 09:20:00
US.APH260515P145000,APH 260515 145.00P,136.69,1728,1442554.0,PUT,2026-05-15,145.0,3899,49.998,-0.749389458,0.028704232,-0.174413584,0.071108155,10,100.0,US.APH,5.79,10.5,5.79,6.9525,0.06079449850025607,168160746287.05,"成交额 $1,442,554 ≥ 阈值 $500,000 | 成交量 1,728 手",US.APH,2026-05-06 09:20:30
US.APH260618C155000,APH 260618 155.00C,136.69,2629,828964.0,CALL,2026-06-18,155.0,984,43.323,0.231542592,0.014860338,-0.074382949,0.144269825,44,100.0,US.APH,4.3,5.4,2.5,4.15,-0.1339527397761358,168160746287.05,"成交额 $828,964 ≥ 阈值 $500,000 | 成交量 2,629 手",US.APH,2026-05-06 09:20:30
US.APH260717P105000,APH 260717 105.00P,136.69,5500,770000.0,PUT,2026-07-17,105.0,96,51.86,-0.099614953,0.005531868,-0.036679544,0.106783097,73,100.0,US.APH,1.4,1.4,1.4,1.425,-0.23183846660326285,168160746287.05,"成交额 $770,000 ≥ 阈值 $500,000 | 成交量 5,500 手",US.APH,2026-05-06 09:20:30
US.APH261016C130000,APH 261016 130.00C,136.69,304,714468.0,CALL,2026-10-16,130.0,310,49.322,0.642948559,0.00826028,-0.058054169,0.341575204,164,100.0,US.APH,23.33,23.87,23.32,25.2542,0.04894286341356352,168160746287.05,"成交额 $714,468 ≥ 阈值 $500,000 | 成交量 304 手",US.APH,2026-05-06 09:20:30
US.APO260515C130000,APO 260515 130.00C,130.3,3590,1680518.0,CALL,2026-05-15,130.0,3545,51.019,0.532279463,0.036535913,-0.233605242,0.084823818,10,100.0,US.APO,4.8,5.1,4.12,4.4105,0.0023023791250960197,75120433778.6,"成交额 $1,680,518 ≥ 阈值 $500,000 | 成交量 3,590 手",US.APO,2026-05-06 09:20:37
US.APP260618C560000,APP 260618 560.00C,478.11,678,1581875.0,CALL,2026-06-18,560.0,780,76.228,0.326235738,0.002855757,-0.534719292,0.596891555,44,100.0,US.APP,23.26,25.2,21.78,23.668,-0.1712785760599025,160769706070.65,"成交额 $1,581,875 ≥ 阈值 $500,000 | 成交量 678 手",US.APP,2026-05-06 09:20:59
US.APP260515P520000,APP 260515 520.00P,478.11,239,1444661.0,PUT,2026-05-15,520.0,477,105.25,-0.654202925,0.004485208,-1.550438619,0.288574447,10,100.0,US.APP,63.36,63.36,59.4,62.3486,0.08761582062705232,160769706070.65,"成交额 $1,444,661 ≥ 阈值 $500,000 | 成交量 239 手",US.APP,2026-05-06 09:20:59
US.APP260508C490000,APP 260508 490.00C,478.11,551,1343251.0,CALL,2026-05-08,490.0,479,180.603,0.470043167,0.00527618,-5.991565622,0.166081055,3,100.0,US.APP,31.11,31.11,21.25,23.6495,-0.024868754052414687,160769706070.65,"成交额 $1,343,251 ≥ 阈值 $500,000 | 成交量 551 手",US.APP,2026-05-06 09:20:59
US.APP260508C480000,APP 260508 480.00C,478.11,412,1204350.0,CALL,2026-05-08,480.0,349,173.488,0.520547216,0.005500792,-5.78389984,0.166329939,3,100.0,US.APP,30.13,31.6,25.0,28.2628,-0.003953065194202143,160769706070.65,"成交额 $1,204,350 ≥ 阈值 $500,000 | 成交量 412 手",US.APP,2026-05-06 09:20:59
US.APP260508C500000,APP 260508 500.00C,478.11,534,1083208.0,CALL,2026-05-08,500.0,1286,172.815,0.413176067,0.005398071,-5.567036716,0.162590566,3,100.0,US.APP,21.7,22.29,17.5,19.25,-0.045784442910627235,160769706070.65,"成交额 $1,083,208 ≥ 阈值 $500,000 | 成交量 534 手",US.APP,2026-05-06 09:20:59
US.APP260515C500000,APP 260515 500.00C,478.11,384,952380.0,CALL,2026-05-15,500.0,2314,112.759,0.44238119,0.004472799,-1.844605746,0.309004475,10,100.0,US.APP,28.21,28.21,23.0,24.7836,-0.045784442910627235,160769706070.65,"成交额 $952,380 ≥ 阈值 $500,000 | 成交量 384 手",US.APP,2026-05-06 09:20:59
US.APP260717P450000,APP 260717 450.00P,478.11,210,944473.0,PUT,2026-07-17,450.0,407,72.352,-0.356298643,0.002422487,-0.378098916,0.795568413,73,100.0,US.APP,47.4,47.4,44.0,48.6581,-0.058794001380435494,160769706070.65,"成交额 $944,473 ≥ 阈值 $500,000 | 成交量 210 手",US.APP,2026-05-06 09:20:59
US.APP260821P380000,APP 260821 380.00P,478.11,220,699705.0,PUT,2026-08-21,380.0,157,76.599,-0.216875109,0.001479261,-0.259949057,0.762917877,108,100.0,US.APP,33.0,33.0,31.35,33.3302,-0.2052038233879233,160769706070.65,"成交额 $699,705 ≥ 阈值 $500,000 | 成交量 220 手",US.APP,2026-05-06 09:20:59
US.AVGO260618C500000,AVGO 260618 500.00C,427.36,9932,8410116.0,CALL,2026-06-18,500.0,9313,50.909,0.21844218,0.003913389,-0.262426747,0.43642459,44,100.0,US.AVGO,7.0,10.32,6.65,5.85,-0.169973792587046,2023407795114.24,"成交额 $8,410,116 ≥ 阈值 $500,000 | 成交量 9,932 手",US.AVGO,2026-05-06 09:22:27
US.AVGO260618C420000,AVGO 260618 420.00C,427.36,1642,6030263.0,CALL,2026-06-18,420.0,6401,51.616,0.583518556,0.0051069,-0.363717433,0.577499773,44,100.0,US.AVGO,30.5,39.0,29.4,27.725,0.017222014226881348,2023407795114.24,"成交额 $6,030,263 ≥ 阈值 $500,000 | 成交量 1,642 手",US.AVGO,2026-05-06 09:22:27
US.AVGO260515C450000,AVGO 260515 450.00C,427.36,9787,5580195.0,CALL,2026-05-15,450.0,10087,46.816,0.266816734,0.010034094,-0.568646629,0.229946373,10,100.0,US.AVGO,3.55,7.3,2.94,2.5991,-0.05297641332834141,2023407795114.24,"成交额 $5,580,195 ≥ 阈值 $500,000 | 成交量 9,787 手",US.AVGO,2026-05-06 09:22:27
US.AVGO260618C260000,AVGO 260618 260.00C,427.36,300,5202011.0,CALL,2026-06-18,260.0,1142,68.424,0.987251799,0.000324983,-0.062489016,0.048728087,44,100.0,US.AVGO,173.58,173.85,173.08,158.3631,0.3916136278547361,2023407795114.24,"成交额 $5,202,011 ≥ 阈值 $500,000 | 成交量 300 手",US.AVGO,2026-05-06 09:22:27
US.AVGO260618C290000,AVGO 260618 290.00C,427.36,371,5023262.0,CALL,2026-06-18,290.0,1186,66.43,0.965562741,0.000775468,-0.111840549,0.112856464,44,100.0,US.AVGO,134.82,144.7,134.73,129.2661,0.3214152002995133,2023407795114.24,"成交额 $5,023,262 ≥ 阈值 $500,000 | 成交量 371 手",US.AVGO,2026-05-06 09:22:27
US.AVGO260515C410000,AVGO 260515 410.00C,427.36,1671,4206417.0,CALL,2026-05-15,410.0,7059,50.369,0.710862763,0.009699466,-0.65586979,0.239152471,10,100.0,US.AVGO,19.55,28.14,18.81,16.7567,0.04062149007862227,2023407795114.24,"成交额 $4,206,417 ≥ 阈值 $500,000 | 成交量 1,671 手",US.AVGO,2026-05-06 09:22:27
US.AVGO260918C490000,AVGO 260918 490.00C,427.36,1152,3700818.0,CALL,2026-09-18,490.0,838,49.217,0.397203578,0.003005923,-0.196251179,1.005123713,136,100.0,US.AVGO,29.03,32.59,27.3,25.1775,-0.1465743167353051,2023407795114.24,"成交额 $3,700,818 ≥ 阈值 $500,000 | 成交量 1,152 手",US.AVGO,2026-05-06 09:22:27
US.AVGO260515C430000,AVGO 260515 430.00C,427.36,2937,3548285.0,CALL,2026-05-15,430.0,4982,47.739,0.489120724,0.011939284,-0.718578856,0.279022479,10,100.0,US.AVGO,10.2,15.58,8.7,7.35,-0.006177461624859571,2023407795114.24,"成交额 $3,548,285 ≥ 阈值 $500,000 | 成交量 2,937 手",US.AVGO,2026-05-06 09:22:27
US.AVGO260618C400000,AVGO 260618 400.00C,427.36,718,3412844.0,CALL,2026-06-18,400.0,9321,52.564,0.68380078,0.00457331,-0.342185349,0.526638193,44,100.0,US.AVGO,42.0,51.0,41.0,38.4664,0.06402096593036319,2023407795114.24,"成交额 $3,412,844 ≥ 阈值 $500,000 | 成交量 718 手",US.AVGO,2026-05-06 09:22:27
US.AVGO260717C500000,AVGO 260717 500.00C,427.36,2339,3331779.0,CALL,2026-07-17,500.0,2366,48.479,0.279787719,0.003637138,-0.224653718,0.642110934,73,100.0,US.AVGO,11.5,16.13,11.5,10.3,-0.169973792587046,2023407795114.24,"成交额 $3,331,779 ≥ 阈值 $500,000 | 成交量 2,339 手",US.AVGO,2026-05-06 09:22:27
US.AVGO260618C320000,AVGO 260618 320.00C,427.36,270,3075671.0,CALL,2026-06-18,320.0,3135,60.422,0.934208322,0.001431125,-0.158678518,0.189425177,44,100.0,US.AVGO,115.15,115.2,112.25,101.0069,0.25121677274429055,2023407795114.24,"成交额 $3,075,671 ≥ 阈值 $500,000 | 成交量 270 手",US.AVGO,2026-05-06 09:22:27
US.AVGO260506C430000,AVGO 260506 430.00C,427.36,6068,2858812.0,CALL,2026-05-06,430.0,503,63.379,0.423708984,0.031210396,-3.232925477,0.077534011,1,100.0,US.AVGO,2.12,7.4,1.39,1.42,-0.006177461624859571,2023407795114.24,"成交额 $2,858,812 ≥ 阈值 $500,000 | 成交量 6,068 手",US.AVGO,2026-05-06 09:22:27
US.AVGO260618C450000,AVGO 260618 450.00C,427.36,1215,2773385.0,CALL,2026-06-18,450.0,6490,50.906,0.428599435,0.005209563,-0.355621525,0.580998331,44,100.0,US.AVGO,17.78,24.67,17.78,16.25,-0.05297641332834141,2023407795114.24,"成交额 $2,773,385 ≥ 阈值 $500,000 | 成交量 1,215 手",US.AVGO,2026-05-06 09:22:27
US.AVGO260515C400000,AVGO 260515 400.00C,427.36,810,2672778.0,CALL,2026-05-15,400.0,11080,49.499,0.807556754,0.00789696,-0.519543678,0.191337537,10,100.0,US.AVGO,27.23,37.0,25.87,23.3421,0.06402096593036319,2023407795114.24,"成交额 $2,672,778 ≥ 阈值 $500,000 | 成交量 810 手",US.AVGO,2026-05-06 09:22:27
US.AVGO260529C310000,AVGO 260529 310.00C,427.36,202,2476747.0,CALL,2026-05-29,310.0,11,65.855,0.977675456,0.000739652,-0.107774637,0.05797387,24,100.0,US.AVGO,122.8,122.8,121.0,108.0822,0.27461624859603145,2023407795114.24,"成交额 $2,476,747 ≥ 阈值 $500,000 | 成交量 202 手",US.AVGO,2026-05-06 09:22:27
US.AVGO260529C315000,AVGO 260529 315.00C,427.36,202,2377560.0,CALL,2026-05-29,315.0,13,65.209,0.973200937,0.000870774,-0.120384408,0.067578136,24,100.0,US.AVGO,117.85,117.86,116.13,103.1861,0.26291651067016103,2023407795114.24,"成交额 $2,377,560 ≥ 阈值 $500,000 | 成交量 202 手",US.AVGO,2026-05-06 09:22:27
US.AVGO260515C420000,AVGO 260515 420.00C,427.36,1406,2332220.0,CALL,2026-05-15,420.0,7175,47.844,0.607711262,0.011480485,-0.698524484,0.268886932,10,100.0,US.AVGO,13.6,21.85,13.0,11.4291,0.017222014226881348,2023407795114.24,"成交额 $2,332,220 ≥ 阈值 $500,000 | 成交量 1,406 手",US.AVGO,2026-05-06 09:22:27
US.AVGO260515C370000,AVGO 260515 370.00C,427.36,384,2309482.0,CALL,2026-05-15,370.0,7084,56.974,0.945442138,0.002772865,-0.251166688,0.077331518,10,100.0,US.AVGO,56.76,64.15,52.7,48.3251,0.13421939348558595,2023407795114.24,"成交额 $2,309,482 ≥ 阈值 $500,000 | 成交量 384 手",US.AVGO,2026-05-06 09:22:27
US.AVGO260506C425000,AVGO 260506 425.00C,427.36,3512,1918648.0,CALL,2026-05-06,425.0,343,68.167,0.576758366,0.029011321,-3.482691725,0.0775163,1,100.0,US.AVGO,4.0,10.7,2.94,2.595,0.005522276301010889,2023407795114.24,"成交额 $1,918,648 ≥ 阈值 $500,000 | 成交量 3,512 手",US.AVGO,2026-05-06 09:22:27
US.AVGO260506C432500,AVGO 260506 432.50C,427.36,4616,1874877.0,CALL,2026-05-06,432.5,288,62.299,0.345641342,0.029892139,-2.979544201,0.072992943,1,100.0,US.AVGO,1.54,5.95,0.95,1.035,-0.012027330587794802,2023407795114.24,"成交额 $1,874,877 ≥ 阈值 $500,000 | 成交量 4,616 手",US.AVGO,2026-05-06 09:22:27
US.AVGO260918C570000,AVGO 260918 570.00C,427.36,1417,1839177.0,CALL,2026-09-18,570.0,169,49.58,0.224652069,0.002318648,-0.1507071,0.780961536,136,100.0,US.AVGO,13.01,15.4,12.92,11.275,-0.33377012354923247,2023407795114.24,"成交额 $1,839,177 ≥ 阈值 $500,000 | 成交量 1,417 手",US.AVGO,2026-05-06 09:22:27
US.AVGO260508C430000,AVGO 260508 430.00C,427.36,2488,1832229.0,CALL,2026-05-08,430.0,3488,54.744,0.46051635,0.019431338,-1.633905271,0.148151458,3,100.0,US.AVGO,4.3,10.6,3.95,3.225,-0.006177461624859571,2023407795114.24,"成交额 $1,832,229 ≥ 阈值 $500,000 | 成交量 2,488 手",US.AVGO,2026-05-06 09:22:27
US.AVGO260821C420000,AVGO 260821 420.00C,427.36,385,1794093.0,CALL,2026-08-21,420.0,970,48.165,0.594125974,0.003466799,-0.221971143,0.900562577,108,100.0,US.AVGO,45.4,53.6,45.4,42.4145,0.017222014226881348,2023407795114.24,"成交额 $1,794,093 ≥ 阈值 $500,000 | 成交量 385 手",US.AVGO,2026-05-06 09:22:27
US.AVGO260821C430000,AVGO 260821 430.00C,427.36,392,1782421.0,CALL,2026-08-21,430.0,1595,47.866,0.558657802,0.003549961,-0.2232357,0.916440275,108,100.0,US.AVGO,41.5,48.2,41.5,37.95,-0.006177461624859571,2023407795114.24,"成交额 $1,782,421 ≥ 阈值 $500,000 | 成交量 392 手",US.AVGO,2026-05-06 09:22:27
US.AVGO260508C420000,AVGO 260508 420.00C,427.36,1498,1743414.0,CALL,2026-05-08,420.0,2225,56.657,0.648564501,0.017543781,-1.568427508,0.138432258,3,100.0,US.AVGO,9.3,16.9,8.2,6.8,0.017222014226881348,2023407795114.24,"成交额 $1,743,414 ≥ 阈值 $500,000 | 成交量 1,498 手",US.AVGO,2026-05-06 09:22:27
US.AVGO260513P450000,AVGO 260513 450.00P,427.36,708,1734004.0,PUT,2026-05-13,450.0,0,45.417,-0.769810843,0.01082933,-0.529100743,0.189292928,8,100.0,US.AVGO,24.5,24.56,23.35,35.2404,0.05297641332834141,2023407795114.24,"成交额 $1,734,004 ≥ 阈值 $500,000 | 成交量 708 手",US.AVGO,2026-05-06 09:22:27
US.AVGO260918C560000,AVGO 260918 560.00C,427.36,1030,1702774.0,CALL,2026-09-18,560.0,832,49.339,0.241054606,0.002422988,-0.156279811,0.812156989,136,100.0,US.AVGO,14.6,16.86,14.6,12.4,-0.3103706476974915,2023407795114.24,"成交额 $1,702,774 ≥ 阈值 $500,000 | 成交量 1,030 手",US.AVGO,2026-05-06 09:22:27
US.AVGO260918C460000,AVGO 260918 460.00C,427.36,427,1660077.0,CALL,2026-09-18,460.0,876,49.171,0.479881019,0.003108669,-0.204757815,1.038541251,136,100.0,US.AVGO,36.6,42.77,35.6,33.975,-0.07637588918008233,2023407795114.24,"成交额 $1,660,077 ≥ 阈值 $500,000 | 成交量 427 手",US.AVGO,2026-05-06 09:22:27
US.AVGO260515C435000,AVGO 260515 435.00C,427.36,1542,1638289.0,CALL,2026-05-15,435.0,443,47.528,0.430024464,0.011811689,-0.701788351,0.27481886,10,100.0,US.AVGO,7.5,13.26,7.05,5.85,-0.01787719955073003,2023407795114.24,"成交额 $1,638,289 ≥ 阈值 $500,000 | 成交量 1,542 手",US.AVGO,2026-05-06 09:22:27
US.AVGO260618C490000,AVGO 260618 490.00C,427.36,1381,1619498.0,CALL,2026-06-18,490.0,3276,51.135,0.254891517,0.004241612,-0.287861908,0.475138862,44,100.0,US.AVGO,8.3,12.35,8.15,7.25,-0.1465743167353051,2023407795114.24,"成交额 $1,619,498 ≥ 阈值 $500,000 | 成交量 1,381 手",US.AVGO,2026-05-06 09:22:27
US.AVGO261120P380000,AVGO 261120 380.00P,427.36,454,1578309.0,PUT,2026-11-20,380.0,861,49.425,-0.291507824,0.002224371,-0.121481731,1.080932472,199,100.0,US.AVGO,34.87,35.68,33.55,37.375,-0.11081991763384504,2023407795114.24,"成交额 $1,578,309 ≥ 阈值 $500,000 | 成交量 454 手",US.AVGO,2026-05-06 09:22:27
US.AVGO260618P380000,AVGO 260618 380.00P,427.36,1371,1547650.0,PUT,2026-06-18,380.0,3738,53.52,-0.227236905,0.003812572,-0.26401738,0.446230962,44,100.0,US.AVGO,12.0,12.26,10.7,13.375,-0.11081991763384504,2023407795114.24,"成交额 $1,547,650 ≥ 阈值 $500,000 | 成交量 1,371 手",US.AVGO,2026-05-06 09:22:27
US.AVGO260508C440000,AVGO 260508 440.00C,427.36,4488,1433545.0,CALL,2026-05-08,440.0,959,53.961,0.27788458,0.016654358,-1.296230272,0.125155062,3,100.0,US.AVGO,1.82,5.75,1.7,1.3939,-0.029576937476600493,2023407795114.24,"成交额 $1,433,545 ≥ 阈值 $500,000 | 成交量 4,488 手",US.AVGO,2026-05-06 09:22:27
US.AVGO260529C450000,AVGO 260529 450.00C,427.36,1218,1352384.0,CALL,2026-05-29,450.0,512,44.646,0.353746165,0.007634306,-0.397841012,0.40560337,24,100.0,US.AVGO,9.5,13.55,8.65,6.925,-0.05297641332834141,2023407795114.24,"成交额 $1,352,384 ≥ 阈值 $500,000 | 成交量 1,218 手",US.AVGO,2026-05-06 09:22:27
US.AVGO260821C460000,AVGO 260821 460.00C,427.36,377,1297676.0,CALL,2026-08-21,460.0,1576,47.558,0.454574586,0.003588632,-0.219561985,0.920448695,108,100.0,US.AVGO,31.18,35.77,30.45,26.875,-0.07637588918008233,2023407795114.24,"成交额 $1,297,676 ≥ 阈值 $500,000 | 成交量 377 手",US.AVGO,2026-05-06 09:22:27
US.AVGO260918C400000,AVGO 260918 400.00C,427.36,200,1293693.0,CALL,2026-09-18,400.0,3976,50.317,0.660199538,0.002793049,-0.198527806,0.954848293,136,100.0,US.AVGO,62.0,72.0,62.0,59.0308,0.06402096593036319,2023407795114.24,"成交额 $1,293,693 ≥ 阈值 $500,000 | 成交量 200 手",US.AVGO,2026-05-06 09:22:27
US.AVGO260515C425000,AVGO 260515 425.00C,427.36,889,1239045.0,CALL,2026-05-15,425.0,752,48.33,0.548485926,0.011710511,-0.724613668,0.2770621,10,100.0,US.AVGO,12.4,18.4,10.5,9.2869,0.005522276301010889,2023407795114.24,"成交额 $1,239,045 ≥ 阈值 $500,000 | 成交量 889 手",US.AVGO,2026-05-06 09:22:27
US.AVGO260513P440000,AVGO 260513 440.00P,427.36,700,1221017.0,PUT,2026-05-13,440.0,1,45.877,-0.652604704,0.012957316,-0.671095238,0.230357329,8,100.0,US.AVGO,17.37,17.51,17.2,26.6836,0.029576937476600493,2023407795114.24,"成交额 $1,221,017 ≥ 阈值 $500,000 | 成交量 700 手",US.AVGO,2026-05-06 09:22:27
US.AVGO260506P430000,AVGO 260506 430.00P,427.36,2136,1215985.0,PUT,2026-05-06,430.0,49,64.898,-0.574322389,0.030517541,-3.271642872,0.077604413,1,100.0,US.AVGO,8.25,8.68,4.27,14.8246,0.006177461624859571,2023407795114.24,"成交额 $1,215,985 ≥ 阈值 $500,000 | 成交量 2,136 手",US.AVGO,2026-05-06 09:22:27
US.AVGO260618C430000,AVGO 260618 430.00C,427.36,399,1211165.0,CALL,2026-06-18,430.0,3975,51.308,0.531358808,0.005236874,-0.366539328,0.588663739,44,100.0,US.AVGO,26.37,33.66,25.27,23.35,-0.006177461624859571,2023407795114.24,"成交额 $1,211,165 ≥ 阈值 $500,000 | 成交量 399 手",US.AVGO,2026-05-06 09:22:27
US.AVGO260515C440000,AVGO 260515 440.00C,427.36,1505,1209554.0,CALL,2026-05-15,440.0,5270,46.797,0.370912313,0.011540513,-0.661623434,0.264375649,10,100.0,US.AVGO,5.89,10.85,5.4,4.4004,-0.029576937476600493,2023407795114.24,"成交额 $1,209,554 ≥ 阈值 $500,000 | 成交量 1,505 手",US.AVGO,2026-05-06 09:22:27
US.AVGO260522C415000,AVGO 260522 415.00C,427.36,448,1164129.0,CALL,2026-05-22,415.0,343,48.141,0.637606808,0.008499347,-0.52451427,0.343615282,17,100.0,US.AVGO,20.0,28.4,20.0,17.7411,0.02892175215275181,2023407795114.24,"成交额 $1,164,129 ≥ 阈值 $500,000 | 成交量 448 手",US.AVGO,2026-05-06 09:22:27
US.AVGO260506C420000,AVGO 260506 420.00C,427.36,1180,1121992.0,CALL,2026-05-06,420.0,634,71.076,0.707608919,0.024418809,-3.173206458,0.068028367,1,100.0,US.AVGO,6.5,14.5,5.3,4.4149,0.017222014226881348,2023407795114.24,"成交额 $1,121,992 ≥ 阈值 $500,000 | 成交量 1,180 手",US.AVGO,2026-05-06 09:22:27
US.AVGO261120P400000,AVGO 261120 400.00P,427.36,267,1121363.0,PUT,2026-11-20,400.0,281,49.057,-0.342008703,0.002406912,-0.12755693,1.156280964,199,100.0,US.AVGO,42.0,42.19,41.95,46.475,-0.06402096593036319,2023407795114.24,"成交额 $1,121,363 ≥ 阈值 $500,000 | 成交量 267 手",US.AVGO,2026-05-06 09:22:27
US.AVGO260518C420000,AVGO 260518 420.00C,427.36,652,1108127.0,CALL,2026-05-18,420.0,434,45.358,0.603364327,0.010626068,-0.581492068,0.308291411,13,100.0,US.AVGO,15.1,22.8,14.38,11.9296,0.017222014226881348,2023407795114.24,"成交额 $1,108,127 ≥ 阈值 $500,000 | 成交量 652 手",US.AVGO,2026-05-06 09:22:27
US.AVGO260506C435000,AVGO 260506 435.00C,427.36,3688,1095625.0,CALL,2026-05-06,435.0,209,64.021,0.280963539,0.026602221,-2.78442604,0.06675346,1,100.0,US.AVGO,0.85,4.9,0.61,0.675,-0.01787719955073003,2023407795114.24,"成交额 $1,095,625 ≥ 阈值 $500,000 | 成交量 3,688 手",US.AVGO,2026-05-06 09:22:27
US.AVGO260511C420000,AVGO 260511 420.00C,427.36,904,1094711.0,CALL,2026-05-11,420.0,815,45.384,0.634092408,0.015408376,-0.853735465,0.202363734,6,100.0,US.AVGO,11.25,17.43,9.2,7.8913,0.017222014226881348,2023407795114.24,"成交额 $1,094,711 ≥ 阈值 $500,000 | 成交量 904 手",US.AVGO,2026-05-06 09:22:27
US.AVGO260918C500000,AVGO 260918 500.00C,427.36,372,1027944.0,CALL,2026-09-18,500.0,3172,49.165,0.371247237,0.002949441,-0.191596887,0.985191247,136,100.0,US.AVGO,24.43,29.87,24.43,22.725,-0.169973792587046,2023407795114.24,"成交额 $1,027,944 ≥ 阈值 $500,000 | 成交量 372 手",US.AVGO,2026-05-06 09:22:27
US.AVGO260821P420000,AVGO 260821 420.00P,427.36,267,1014300.0,PUT,2026-08-21,420.0,264,48.442,-0.408909169,0.00349063,-0.185194817,0.900771289,108,100.0,US.AVGO,38.61,39.95,37.0,42.425,-0.017222014226881348,2023407795114.24,"成交额 $1,014,300 ≥ 阈值 $500,000 | 成交量 267 手",US.AVGO,2026-05-06 09:22:27
US.AVGO260618P440000,AVGO 260618 440.00P,427.36,291,1009074.0,PUT,2026-06-18,440.0,635,51.038,-0.52267324,0.005313976,-0.322997757,0.588818999,44,100.0,US.AVGO,35.1,36.6,33.95,41.3485,0.029576937476600493,2023407795114.24,"成交额 $1,009,074 ≥ 阈值 $500,000 | 成交量 291 手",US.AVGO,2026-05-06 09:22:27
US.AVGO260918C440000,AVGO 260918 440.00C,427.36,202,997638.0,CALL,2026-09-18,440.0,2003,49.131,0.538875436,0.003100361,-0.205714093,1.034930804,136,100.0,US.AVGO,44.0,51.2,44.0,41.275,-0.029576937476600493,2023407795114.24,"成交额 $997,638 ≥ 阈值 $500,000 | 成交量 202 手",US.AVGO,2026-05-06 09:22:27
US.AVGO260508C422500,AVGO 260508 422.50C,427.36,982,989063.0,CALL,2026-05-08,422.5,2331,56.257,0.603728082,0.018356136,-1.628818537,0.143819016,3,100.0,US.AVGO,8.45,15.3,7.0,5.75,0.011372145263946119,2023407795114.24,"成交额 $989,063 ≥ 阈值 $500,000 | 成交量 982 手",US.AVGO,2026-05-06 09:22:27
US.AVGO260508C425000,AVGO 260508 425.00C,427.36,1057,982768.0,CALL,2026-05-08,425.0,1302,55.933,0.557036389,0.018916464,-1.665183019,0.147357074,3,100.0,US.AVGO,6.25,13.3,5.72,4.8,0.005522276301010889,2023407795114.24,"成交额 $982,768 ≥ 阈值 $500,000 | 成交量 1,057 手",US.AVGO,2026-05-06 09:22:27
US.AVGO260518C432500,AVGO 260518 432.50C,427.36,712,976801.0,CALL,2026-05-18,432.5,0,46.017,0.467716528,0.010804083,-0.602449979,0.318018968,13,100.0,US.AVGO,9.1,14.03,9.1,9.1,-0.012027330587794802,2023407795114.24,"成交额 $976,801 ≥ 阈值 $500,000 | 成交量 712 手",US.AVGO,2026-05-06 09:22:27
US.AVGO261120P330000,AVGO 261120 330.00P,427.36,517,958154.0,PUT,2026-11-20,330.0,1383,50.849,-0.178115403,0.001633195,-0.097263956,0.821777424,199,100.0,US.AVGO,18.9,19.01,17.88,19.925,-0.22781729689254962,2023407795114.24,"成交额 $958,154 ≥ 阈值 $500,000 | 成交量 517 手",US.AVGO,2026-05-06 09:22:27
US.AVGO260506C417500,AVGO 260506 417.50C,427.36,885,926242.0,CALL,2026-05-06,417.5,509,67.449,0.777906007,0.022293738,-2.597542291,0.058936666,1,100.0,US.AVGO,9.0,16.2,5.95,5.5033,0.02307188318981658,2023407795114.24,"成交额 $926,242 ≥ 阈值 $500,000 | 成交量 885 手",US.AVGO,2026-05-06 09:22:27
US.AVGO260605P440000,AVGO 260605 440.00P,427.36,297,921695.0,PUT,2026-06-05,440.0,6,52.774,-0.538764089,0.006098539,-0.402623866,0.492326349,31,100.0,US.AVGO,34.3,34.3,30.44,38.3678,0.029576937476600493,2023407795114.24,"成交额 $921,695 ≥ 阈值 $500,000 | 成交量 297 手",US.AVGO,2026-05-06 09:22:27
US.AVGO260605C420000,AVGO 260605 420.00C,427.36,296,918642.0,CALL,2026-06-05,420.0,419,54.702,0.582402689,0.005750379,-0.455702246,0.484524146,31,100.0,US.AVGO,28.05,34.5,26.0,23.6087,0.017222014226881348,2023407795114.24,"成交额 $918,642 ≥ 阈值 $500,000 | 成交量 296 手",US.AVGO,2026-05-06 09:22:27
US.AVGO260717P420000,AVGO 260717 420.00P,427.36,273,888302.0,PUT,2026-07-17,420.0,1589,49.717,-0.41434895,0.004137575,-0.236777721,0.742857699,73,100.0,US.AVGO,32.74,33.25,30.86,35.8302,-0.017222014226881348,2023407795114.24,"成交额 $888,302 ≥ 阈值 $500,000 | 成交量 273 手",US.AVGO,2026-05-06 09:22:27
US.AVGO260506C427500,AVGO 260506 427.50C,427.36,1678,882144.0,CALL,2026-05-06,427.5,474,63.655,0.502504571,0.03165481,-3.314450824,0.078981513,1,100.0,US.AVGO,3.18,9.0,2.25,1.96,-0.00032759266192434094,2023407795114.24,"成交额 $882,144 ≥ 阈值 $500,000 | 成交量 1,678 手",US.AVGO,2026-05-06 09:22:27
US.AVGO260821P310000,AVGO 260821 310.00P,427.36,1309,880974.0,PUT,2026-08-21,310.0,2351,53.668,-0.100194834,0.001411444,-0.097288421,0.40802934,108,100.0,US.AVGO,6.55,6.8,6.5,7.4,-0.27461624859603145,2023407795114.24,"成交额 $880,974 ≥ 阈值 $500,000 | 成交量 1,309 手",US.AVGO,2026-05-06 09:22:27
US.AVGO260717C430000,AVGO 260717 430.00C,427.36,222,857342.0,CALL,2026-07-17,430.0,1118,48.482,0.545071596,0.004284245,-0.272313694,0.75646638,73,100.0,US.AVGO,34.0,40.65,32.5,30.225,-0.006177461624859571,2023407795114.24,"成交额 $857,342 ≥ 阈值 $500,000 | 成交量 222 手",US.AVGO,2026-05-06 09:22:27
US.AVGO260508C435000,AVGO 260508 435.00C,427.36,1427,854195.0,CALL,2026-05-08,435.0,1397,54.012,0.364586689,0.018640234,-1.499566267,0.140217238,3,100.0,US.AVGO,2.85,7.9,2.47,2.1697,-0.01787719955073003,2023407795114.24,"成交额 $854,195 ≥ 阈值 $500,000 | 成交量 1,427 手",US.AVGO,2026-05-06 09:22:27
US.AVGO260508P422500,AVGO 260508 422.50P,427.36,1192,853990.0,PUT,2026-05-08,422.5,131,55.562,-0.395355479,0.018580419,-1.566508879,0.143717273,3,100.0,US.AVGO,7.95,9.0,4.97,11.5418,-0.011372145263946119,2023407795114.24,"成交额 $853,990 ≥ 阈值 $500,000 | 成交量 1,192 手",US.AVGO,2026-05-06 09:22:27
US.AVGO260518P450000,AVGO 260518 450.00P,427.36,312,831725.0,PUT,2026-05-18,450.0,0,44.055,-0.71725238,0.009701539,-0.442755258,0.270052845,13,100.0,US.AVGO,25.65,27.28,25.65,36.5658,0.05297641332834141,2023407795114.24,"成交额 $831,725 ≥ 阈值 $500,000 | 成交量 312 手",US.AVGO,2026-05-06 09:22:27
US.AVGO260821C480000,AVGO 260821 480.00C,427.36,312,825691.0,CALL,2026-08-21,480.0,797,47.415,0.389579736,0.00348332,-0.210227725,0.890722775,108,100.0,US.AVGO,23.45,28.64,23.45,21.05,-0.12317484088356417,2023407795114.24,"成交额 $825,691 ≥ 阈值 $500,000 | 成交量 312 手",US.AVGO,2026-05-06 09:22:27
US.AVGO260605C430000,AVGO 260605 430.00C,427.36,316,825580.0,CALL,2026-06-05,430.0,568,54.166,0.523505049,0.005924106,-0.458110638,0.494265791,31,100.0,US.AVGO,24.12,29.2,22.5,19.2123,-0.006177461624859571,2023407795114.24,"成交额 $825,580 ≥ 阈值 $500,000 | 成交量 316 手",US.AVGO,2026-05-06 09:22:27
US.AVGO260518C435000,AVGO 260518 435.00C,427.36,661,813605.0,CALL,2026-05-18,435.0,0,44.67,0.43842619,0.011033326,-0.579005195,0.315254444,13,100.0,US.AVGO,8.7,14.25,8.18,8.7,-0.01787719955073003,2023407795114.24,"成交额 $813,605 ≥ 阈值 $500,000 | 成交量 661 手",US.AVGO,2026-05-06 09:22:27
US.AVGO260717P400000,AVGO 260717 400.00P,427.36,333,782215.0,PUT,2026-07-17,400.0,2155,49.772,-0.330986528,0.00383508,-0.222906776,0.69138144,73,100.0,US.AVGO,24.58,25.0,22.15,26.375,-0.06402096593036319,2023407795114.24,"成交额 $782,215 ≥ 阈值 $500,000 | 成交量 333 手",US.AVGO,2026-05-06 09:22:27
US.AVGO260717C450000,AVGO 260717 450.00C,427.36,275,781775.0,CALL,2026-07-17,450.0,3929,48.63,0.461832669,0.004279032,-0.270759735,0.757836819,73,100.0,US.AVGO,25.0,31.53,24.3,22.8111,-0.05297641332834141,2023407795114.24,"成交额 $781,775 ≥ 阈值 $500,000 | 成交量 275 手",US.AVGO,2026-05-06 09:22:27
US.AVGO260506C440000,AVGO 260506 440.00C,427.36,4710,778946.0,CALL,2026-05-06,440.0,191,64.171,0.167777245,0.019750223,-2.041808473,0.049674076,1,100.0,US.AVGO,0.6,2.8,0.35,0.4234,-0.029576937476600493,2023407795114.24,"成交额 $778,946 ≥ 阈值 $500,000 | 成交量 4,710 手",US.AVGO,2026-05-06 09:22:27
US.AVGO260618P430000,AVGO 260618 430.00P,427.36,246,729014.0,PUT,2026-06-18,430.0,505,51.371,-0.470203244,0.005262875,-0.327093015,0.58828718,44,100.0,US.AVGO,32.28,32.49,29.0,35.2049,0.006177461624859571,2023407795114.24,"成交额 $729,014 ≥ 阈值 $500,000 | 成交量 246 手",US.AVGO,2026-05-06 09:22:27
US.AVGO260821C450000,AVGO 260821 450.00C,427.36,204,728697.0,CALL,2026-08-21,450.0,1636,47.729,0.488815441,0.003597763,-0.222642198,0.926103888,108,100.0,US.AVGO,33.34,39.43,32.39,30.125,-0.05297641332834141,2023407795114.24,"成交额 $728,697 ≥ 阈值 $500,000 | 成交量 204 手",US.AVGO,2026-05-06 09:22:27
US.AVGO260618C440000,AVGO 260618 440.00C,427.36,283,700546.0,CALL,2026-06-18,440.0,5934,51.105,0.47942851,0.005266943,-0.363949888,0.589701496,44,100.0,US.AVGO,21.93,29.0,21.31,19.5,-0.029576937476600493,2023407795114.24,"成交额 $700,546 ≥ 阈值 $500,000 | 成交量 283 手",US.AVGO,2026-05-06 09:22:27
US.AVGO260618P400000,AVGO 260618 400.00P,427.36,398,691567.0,PUT,2026-06-18,400.0,3634,52.37,-0.316661506,0.004604666,-0.303054407,0.526715036,44,100.0,US.AVGO,17.5,18.8,16.56,20.375,-0.06402096593036319,2023407795114.24,"成交额 $691,567 ≥ 阈值 $500,000 | 成交量 398 手",US.AVGO,2026-05-06 09:22:27
US.AVGO260522C420000,AVGO 260522 420.00C,427.36,305,668866.0,CALL,2026-05-22,420.0,1368,47.995,0.593462542,0.00882019,-0.539052435,0.355510104,17,100.0,US.AVGO,17.35,25.65,17.0,15.37,0.017222014226881348,2023407795114.24,"成交额 $668,866 ≥ 阈值 $500,000 | 成交量 305 手",US.AVGO,2026-05-06 09:22:27
US.AVGO260515C422500,AVGO 260515 422.50C,427.36,446,646687.0,CALL,2026-05-15,422.5,354,48.226,0.577949463,0.011596675,-0.715649661,0.273779835,10,100.0,US.AVGO,12.4,19.5,12.0,10.358,0.011372145263946119,2023407795114.24,"成交额 $646,687 ≥ 阈值 $500,000 | 成交量 446 手",US.AVGO,2026-05-06 09:22:27
US.AVGO260518P440000,AVGO 260518 440.00P,427.36,310,616146.0,PUT,2026-05-18,440.0,0,44.29,-0.617132989,0.01083194,-0.512661913,0.304934959,13,100.0,US.AVGO,19.6,20.35,19.56,28.3005,0.029576937476600493,2023407795114.24,"成交额 $616,146 ≥ 阈值 $500,000 | 成交量 310 手",US.AVGO,2026-05-06 09:22:27
US.AVGO260618P420000,AVGO 260618 420.00P,427.36,236,615204.0,PUT,2026-06-18,420.0,1194,51.59,-0.417783821,0.005135709,-0.32433307,0.577473958,44,100.0,US.AVGO,27.73,27.73,24.0,29.5924,-0.017222014226881348,2023407795114.24,"成交额 $615,204 ≥ 阈值 $500,000 | 成交量 236 手",US.AVGO,2026-05-06 09:22:27
US.AVGO260605C425000,AVGO 260605 425.00C,427.36,213,610979.0,CALL,2026-06-05,425.0,131,55.091,0.553192632,0.005782741,-0.463396349,0.490717506,31,100.0,US.AVGO,25.7,32.02,24.13,21.4105,0.005522276301010889,2023407795114.24,"成交额 $610,979 ≥ 阈值 $500,000 | 成交量 213 手",US.AVGO,2026-05-06 09:22:27
US.AVGO260506P420000,AVGO 260506 420.00P,427.36,1942,602780.0,PUT,2026-05-06,420.0,274,68.676,-0.286269117,0.025023704,-2.994214262,0.067353947,1,100.0,US.AVGO,4.09,5.54,1.76,7.8103,-0.017222014226881348,2023407795114.24,"成交额 $602,780 ≥ 阈值 $500,000 | 成交量 1,942 手",US.AVGO,2026-05-06 09:22:27
US.AVGO260515C427500,AVGO 260515 427.50C,427.36,467,597052.0,CALL,2026-05-15,427.5,358,47.449,0.518800347,0.012003446,-0.715119016,0.278816538,10,100.0,US.AVGO,9.75,17.0,9.75,8.275,-0.00032759266192434094,2023407795114.24,"成交额 $597,052 ≥ 阈值 $500,000 | 成交量 467 手",US.AVGO,2026-05-06 09:22:27
US.AVGO260618P410000,AVGO 260618 410.00P,427.36,273,587100.0,PUT,2026-06-18,410.0,1465,51.901,-0.366187341,0.004914506,-0.316065856,0.556616485,44,100.0,US.AVGO,22.0,23.22,20.0,24.625,-0.04062149007862227,2023407795114.24,"成交额 $587,100 ≥ 阈值 $500,000 | 成交量 273 手",US.AVGO,2026-05-06 09:22:27
US.AVGO260508C415000,AVGO 260508 415.00C,427.36,327,576390.0,CALL,2026-05-08,415.0,852,58.722,0.72686292,0.015174784,-1.426878223,0.12410042,3,100.0,US.AVGO,12.75,20.1,10.35,9.2189,0.02892175215275181,2023407795114.24,"成交额 $576,390 ≥ 阈值 $500,000 | 成交量 327 手",US.AVGO,2026-05-06 09:22:27
US.AVGO260518C425000,AVGO 260518 425.00C,427.36,368,545525.0,CALL,2026-05-18,425.0,0,45.547,0.548744799,0.010869644,-0.597403613,0.316680232,13,100.0,US.AVGO,13.5,19.31,11.77,13.5,0.005522276301010889,2023407795114.24,"成交额 $545,525 ≥ 阈值 $500,000 | 成交量 368 手",US.AVGO,2026-05-06 09:22:27
US.AVGO260511C435000,AVGO 260511 435.00C,427.36,815,538642.0,CALL,2026-05-11,435.0,45,44.82,0.391398749,0.015929353,-0.850259146,0.206602147,6,100.0,US.AVGO,4.35,8.75,4.35,3.2372,-0.01787719955073003,2023407795114.24,"成交额 $538,642 ≥ 阈值 $500,000 | 成交量 815 手",US.AVGO,2026-05-06 09:22:27
US.AVGO260511C440000,AVGO 260511 440.00C,427.36,1037,532698.0,CALL,2026-05-11,440.0,34,44.489,0.314827292,0.014839442,-0.772024515,0.191041528,6,100.0,US.AVGO,3.33,7.0,2.96,2.1759,-0.029576937476600493,2023407795114.24,"成交额 $532,698 ≥ 阈值 $500,000 | 成交量 1,037 手",US.AVGO,2026-05-06 09:22:27
US.AVGO260618P390000,AVGO 260618 390.00P,427.36,387,531647.0,PUT,2026-06-18,390.0,1829,53.312,-0.271174494,0.004207209,-0.288200295,0.490255146,44,100.0,US.AVGO,15.15,15.38,13.13,16.525,-0.0874204417821041,2023407795114.24,"成交额 $531,647 ≥ 阈值 $500,000 | 成交量 387 手",US.AVGO,2026-05-06 09:22:27
US.AVGO260717C520000,AVGO 260717 520.00C,427.36,470,528848.0,CALL,2026-07-17,520.0,522,48.626,0.223122198,0.003216583,-0.198783868,0.569557492,73,100.0,US.AVGO,8.85,12.0,8.27,7.45,-0.21677274429052784,2023407795114.24,"成交额 $528,848 ≥ 阈值 $500,000 | 成交量 470 手",US.AVGO,2026-05-06 09:22:27
US.AVGO261016P360000,AVGO 261016 360.00P,427.36,221,523179.0,PUT,2026-10-16,360.0,1571,50.718,-0.236963801,0.002139029,-0.126390936,0.883093116,164,100.0,US.AVGO,24.95,24.95,23.3,25.975,-0.15761886933732688,2023407795114.24,"成交额 $523,179 ≥ 阈值 $500,000 | 成交量 221 手",US.AVGO,2026-05-06 09:22:27
US.AVGO260618C470000,AVGO 260618 470.00C,427.36,333,521453.0,CALL,2026-06-18,470.0,4977,50.656,0.33376021,0.004851828,-0.325412325,0.53842326,44,100.0,US.AVGO,12.25,17.04,12.25,10.875,-0.09977536503182326,2023407795114.24,"成交额 $521,453 ≥ 阈值 $500,000 | 成交量 333 手",US.AVGO,2026-05-06 09:22:27
US.AVGO260513C435000,AVGO 260513 435.00C,427.36,560,502924.0,CALL,2026-05-13,435.0,16,45.848,0.413081915,0.013610573,-0.755209416,0.2430301,8,100.0,US.AVGO,5.78,10.95,5.48,4.5919,-0.01787719955073003,2023407795114.24,"成交额 $502,924 ≥ 阈值 $500,000 | 成交量 560 手",US.AVGO,2026-05-06 09:22:27
US.AVGO260529C420000,AVGO 260529 420.00C,427.36,210,501421.0,CALL,2026-05-29,420.0,1432,46.431,0.589313169,0.007678009,-0.441136968,0.424249941,24,100.0,US.AVGO,20.0,27.88,19.64,17.775,0.017222014226881348,2023407795114.24,"成交额 $501,421 ≥ 阈值 $500,000 | 成交量 210 手",US.AVGO,2026-05-06 09:22:27
US.BA260612C210000,BA 260612 210.00C,224.38,501,948809.0,CALL,2026-06-12,210.0,0,37.002,0.741318601,0.012110899,-0.129510091,0.233522668,38,100.0,US.BA,18.09,18.94,18.09,16.8974,0.064087708351903,176879277029.78,"成交额 $948,809 ≥ 阈值 $500,000 | 成交量 501 手",US.BA,2026-05-06 09:23:49
US.BA260618C220000,BA 260618 220.00C,224.38,677,871954.0,CALL,2026-06-18,220.0,3352,33.269,0.60505919,0.014892011,-0.126531248,0.299207505,44,100.0,US.BA,12.5,13.65,12.0,11.6059,0.01952045636866029,176879277029.78,"成交额 $871,954 ≥ 阈值 $500,000 | 成交量 677 手",US.BA,2026-05-06 09:23:49
US.BA260515P240000,BA 260515 240.00P,224.38,468,771235.0,PUT,2026-05-15,240.0,3390,36.112,-0.866613505,0.016997904,-0.128344802,0.078607735,10,100.0,US.BA,17.0,17.0,16.15,19.4026,0.06961404759782513,176879277029.78,"成交额 $771,235 ≥ 阈值 $500,000 | 成交量 468 手",US.BA,2026-05-06 09:23:49
US.BA260612C215000,BA 260612 215.00C,224.38,500,759500.0,CALL,2026-06-12,215.0,62,36.104,0.676532946,0.013781817,-0.138141158,0.259307062,38,100.0,US.BA,15.19,15.19,15.19,14.011,0.041804082360281644,176879277029.78,"成交额 $759,500 ≥ 阈值 $500,000 | 成交量 500 手",US.BA,2026-05-06 09:23:49
US.BA260618C235000,BA 260618 235.00C,224.38,1154,734956.0,CALL,2026-06-18,235.0,1537,32.535,0.376216293,0.015012804,-0.117887121,0.294962088,44,100.0,US.BA,5.95,6.55,5.4,5.3,-0.047330421606203786,176879277029.78,"成交额 $734,956 ≥ 阈值 $500,000 | 成交量 1,154 手",US.BA,2026-05-06 09:23:49
US.BA260515C230000,BA 260515 230.00C,224.38,1696,563240.0,CALL,2026-05-15,230.0,6004,37.508,0.360797439,0.027173525,-0.277199547,0.137526119,10,100.0,US.BA,3.26,3.8,2.73,2.6705,-0.025046795614582427,176879277029.78,"成交额 $563,240 ≥ 阈值 $500,000 | 成交量 1,696 手",US.BA,2026-05-06 09:23:49
US.BRKB260821C430000,BRKB 260821 430.00C,465.52,349,1625008.0,CALL,2026-08-21,430.0,259,19.969,0.811760716,0.00534119,-0.09634916,0.682088801,108,100.0,US.BRK.B,48.48,48.88,46.42,48.2944,0.07630177006358477,1004058756477.04,"成交额 $1,625,008 ≥ 阈值 $500,000 | 成交量 349 手",US.BRK.B,2026-05-06 09:27:36
US.BRKB260618C425000,BRKB 260618 425.00C,465.52,338,1523574.0,CALL,2026-06-18,425.0,748,24.421,0.879083082,0.005107825,-0.126629733,0.324059015,44,100.0,US.BRK.B,46.44,47.12,43.5,47.047,0.08704244715586867,1004058756477.04,"成交额 $1,523,574 ≥ 阈值 $500,000 | 成交量 338 手",US.BRK.B,2026-05-06 09:27:36
US.BRKB260515C470000,BRKB 260515 470.00C,465.52,2371,1045086.0,CALL,2026-05-15,470.0,1110,17.769,0.389259197,0.028315529,-0.289254781,0.292217812,10,100.0,US.BRK.B,4.5,5.35,3.2,5.3,-0.009623646674686412,1004058756477.04,"成交额 $1,045,086 ≥ 阈值 $500,000 | 成交量 2,371 手",US.BRK.B,2026-05-06 09:27:36
US.BRKB260618P480000,BRKB 260618 480.00P,465.52,289,505295.0,PUT,2026-06-18,480.0,3247,15.007,-0.70394786,0.015939521,-0.071204256,0.545369802,44,100.0,US.BRK.B,16.55,18.6,16.55,15.7359,0.031105000859254207,1004058756477.04,"成交额 $505,295 ≥ 阈值 $500,000 | 成交量 289 手",US.BRK.B,2026-05-06 09:27:36
US.BRKB260508C467500,BRKB 260508 467.50C,465.52,1761,505068.0,CALL,2026-05-08,467.5,1214,20.643,0.416409399,0.046492639,-0.667460097,0.158588917,3,100.0,US.BRK.B,4.6,4.65,2.2,4.554,-0.004253308128544462,1004058756477.04,"成交额 $505,068 ≥ 阈值 $500,000 | 成交量 1,761 手",US.BRK.B,2026-05-06 09:27:36
US.C260515C115000,C 260515 115.00C,128.01,806,1071581.0,CALL,2026-05-15,115.0,5088,49.121,0.916965417,0.014851712,-0.089077908,0.03204012,10,100.0,US.C,11.2,13.9,11.2,11.2207,0.10163268494648849,218333856000.0,"成交额 $1,071,581 ≥ 阈值 $500,000 | 成交量 806 手",US.C,2026-05-06 09:29:03
US.CAT260918C560000,CAT 260918 560.00C,904.59,279,9938610.0,CALL,2026-09-18,560.0,475,40.871,0.982244122,0.000194035,-0.089332669,0.241495939,136,100.0,US.CAT,356.5,356.5,353.92,327.1415,0.3809350092307012,416646901901.97,"成交额 $9,938,610 ≥ 阈值 $500,000 | 成交量 279 手",US.CAT,2026-05-06 09:29:57
US.CAT260618C800000,CAT 260618 800.00C,904.59,220,2568255.0,CALL,2026-06-18,800.0,561,38.455,0.846564014,0.001964608,-0.390422975,0.741401662,44,100.0,US.CAT,104.6,120.2,104.6,94.9153,0.11562144175814461,416646901901.97,"成交额 $2,568,255 ≥ 阈值 $500,000 | 成交量 220 手",US.CAT,2026-05-06 09:29:57
US.CAT260717C1000000,CAT 260717 1000.00C,904.59,438,1114842.0,CALL,2026-07-17,1000.0,104,36.368,0.311468601,0.002406401,-0.382807259,1.427856232,73,100.0,US.CAT,22.05,27.59,22.05,18.025,-0.10547319780231924,416646901901.97,"成交额 $1,114,842 ≥ 阈值 $500,000 | 成交量 438 手",US.CAT,2026-05-06 09:29:57
US.CAT260508C900000,CAT 260508 900.00C,904.59,737,992459.0,CALL,2026-05-08,900.0,855,42.291,0.565018815,0.011783332,-2.668000064,0.310928566,3,100.0,US.CAT,9.85,20.0,8.55,6.3822,0.0050741219779126805,416646901901.97,"成交额 $992,459 ≥ 阈值 $500,000 | 成交量 737 手",US.CAT,2026-05-06 09:29:57
US.CAT260618C1000000,CAT 260618 1000.00C,904.59,405,564827.0,CALL,2026-06-18,1000.0,371,34.893,0.231689047,0.002788974,-0.400648006,0.955024651,44,100.0,US.CAT,13.3,14.85,11.59,9.2124,-0.10547319780231924,416646901901.97,"成交额 $564,827 ≥ 阈值 $500,000 | 成交量 405 手",US.CAT,2026-05-06 09:29:57
US.CBOE260618C340000,CBOE 260618 340.00C,343.98,1151,1592615.0,CALL,2026-06-18,340.0,681,24.864,0.590461171,0.013119659,-0.150967287,0.46299755,44,100.0,US.CBOE,13.15,15.9,11.7,12.3,0.011570440141868766,35998808620.32,"成交额 $1,592,615 ≥ 阈值 $500,000 | 成交量 1,151 手",US.CBOE,2026-05-06 09:30:15
US.CBOE260618C350000,CBOE 260618 350.00C,343.98,1135,1017924.0,CALL,2026-06-18,350.0,53,24.491,0.455879598,0.013589065,-0.147470325,0.472363324,44,100.0,US.CBOE,7.95,10.57,7.2,8.0,-0.017501017501017447,35998808620.32,"成交额 $1,017,924 ≥ 阈值 $500,000 | 成交量 1,135 手",US.CBOE,2026-05-06 09:30:15
US.CDNS260918C460000,CDNS 260918 460.00C,353.63,790,797980.0,CALL,2026-09-18,460.0,4,44.449,0.216325389,0.003058584,-0.110086592,0.632370084,136,100.0,US.CDNS,10.3,10.3,10.1,9.8356,-0.3007946158414162,97536812080.0,"成交额 $797,980 ≥ 阈值 $500,000 | 成交量 790 手",US.CDNS,2026-05-06 09:31:23
US.CIEN260717C570000,CIEN 260717 570.00C,544.75,318,2580709.0,CALL,2026-07-17,570.0,325,89.677,0.541870778,0.001818689,-0.61828543,0.965109955,73,100.0,US.CIEN,82.9,82.9,80.0,74.7573,-0.0463515374024782,77026793108.25,"成交额 $2,580,709 ≥ 阈值 $500,000 | 成交量 318 手",US.CIEN,2026-05-06 09:33:43
US.CLX260618C95000,CLX 260618 95.00C,86.12,5184,593213.0,CALL,2026-06-18,95.0,379,30.461,0.201523376,0.030954257,-0.030819182,0.083859264,44,100.0,US.CLX,0.95,1.15,0.8,1.075,-0.10311193683232693,10413746748.12,"成交额 $593,213 ≥ 阈值 $500,000 | 成交量 5,184 手",US.CLX,2026-05-06 09:34:33
US.CMG260618P27500,CMG 260618 27.50P,32.31,26546,717818.0,PUT,2026-06-18,27.5,36522,41.483,-0.110834372,0.0407492,-0.009665536,0.021144258,44,100.0,US.CMG,0.29,0.3,0.23,0.305,-0.1488703187867534,41445135540.0,"成交额 $717,818 ≥ 阈值 $500,000 | 成交量 26,546 手",US.CMG,2026-05-06 09:35:25
US.CNC260618P60000,CNC 260618 60.00P,52.98,1044,744265.0,PUT,2026-06-18,60.0,1048,33.464,-0.849420892,0.043576032,-0.012906272,0.042059985,44,100.0,US.CNC,7.15,7.2,7.1,7.1019,0.1325028312570782,26161365060.0,"成交额 $744,265 ≥ 阈值 $500,000 | 成交量 1,044 手",US.CNC,2026-05-06 09:36:00
US.COF260515C195000,COF 260515 195.00C,189.68,2828,633138.0,CALL,2026-05-15,195.0,3378,33.913,0.32530374,0.03418791,-0.203492002,0.111801084,10,100.0,US.COF,2.55,2.65,1.95,2.525,-0.028047237452551627,120294279450.08,"成交额 $633,138 ≥ 阈值 $500,000 | 成交量 2,828 手",US.COF,2026-05-06 09:36:18
US.COHR260508C360000,COHR 260508 360.00C,335.73,680,944260.0,CALL,2026-05-08,360.0,400,187.321,0.365729394,0.006848593,-4.042743347,0.110275838,3,100.0,US.COHR,10.9,16.0,10.0,11.0797,-0.07229023322312567,62943282171.96,"成交额 $944,260 ≥ 阈值 $500,000 | 成交量 680 手",US.COHR,2026-05-06 09:36:35
US.COHR260508C320000,COHR 260508 320.00C,335.73,232,730727.0,CALL,2026-05-08,320.0,186,189.61,0.645895509,0.006690894,-4.104697483,0.109053446,3,100.0,US.COHR,28.4,36.5,26.61,26.9534,0.046853126023888296,62943282171.96,"成交额 $730,727 ≥ 阈值 $500,000 | 成交量 232 手",US.COHR,2026-05-06 09:36:35
US.COHR260508C350000,COHR 260508 350.00C,335.73,429,715206.0,CALL,2026-05-08,350.0,536,189.754,0.43381345,0.007071964,-4.348735449,0.115351569,3,100.0,US.COHR,14.7,20.0,13.1,14.6595,-0.042504393411372174,62943282171.96,"成交额 $715,206 ≥ 阈值 $500,000 | 成交量 429 手",US.COHR,2026-05-06 09:36:35
US.COHR260508C330000,COHR 260508 330.00C,335.73,256,620322.0,CALL,2026-05-08,330.0,195,186.623,0.574880063,0.007162363,-4.29228658,0.114898629,3,100.0,US.COHR,23.96,29.62,21.23,21.8852,0.017067286212134804,62943282171.96,"成交额 $620,322 ≥ 阈值 $500,000 | 成交量 256 手",US.COHR,2026-05-06 09:36:35
US.COHR260515C360000,COHR 260515 360.00C,335.73,333,596464.0,CALL,2026-05-15,360.0,401,121.204,0.402216738,0.00580742,-1.360167691,0.212660714,10,100.0,US.COHR,15.9,21.0,15.75,15.6963,-0.07229023322312567,62943282171.96,"成交额 $596,464 ≥ 阈值 $500,000 | 成交量 333 手",US.COHR,2026-05-06 09:36:35
US.COST260618C1010000,COST 260618 1010.00C,1016.42,206,813314.0,CALL,2026-06-18,1010.0,40,24.995,0.566215381,0.004471219,-0.450823291,1.385001344,44,100.0,US.COST,37.25,43.1,37.2,38.5923,0.006316286574447531,450937314706.8,"成交额 $813,314 ≥ 阈值 $500,000 | 成交量 206 手",US.COST,2026-05-06 09:37:44
US.COST260618P1005000,COST 260618 1005.00P,1016.42,263,710343.0,PUT,2026-06-18,1005.0,85,24.925,-0.4144411,0.004489143,-0.3539842,1.368583857,44,100.0,US.COST,27.22,27.64,27.0,29.7921,-0.011235512878534424,450937314706.8,"成交额 $710,343 ≥ 阈值 $500,000 | 成交量 263 手",US.COST,2026-05-06 09:37:44
US.COST260515P1015000,COST 260515 1015.00P,1016.42,430,617903.0,PUT,2026-05-15,1015.0,296,22.677,-0.468524261,0.010588391,-0.743569154,0.661096199,10,100.0,US.COST,15.0,16.45,13.0,16.88,-0.0013970602703606374,450937314706.8,"成交额 $617,903 ≥ 阈值 $500,000 | 成交量 430 手",US.COST,2026-05-06 09:37:44
US.COST260618P990000,COST 260618 990.00P,1016.42,254,547520.0,PUT,2026-06-18,990.0,363,24.895,-0.347430775,0.004246609,-0.338948281,1.297788553,44,100.0,US.COST,24.66,24.66,21.45,24.0686,-0.025993191790795105,450937314706.8,"成交额 $547,520 ≥ 阈值 $500,000 | 成交量 254 手",US.COST,2026-05-06 09:37:44
US.CRM260515P180000,CRM 260515 180.00P,186.99,34335,11847634.0,PUT,2026-05-15,180.0,38526,49.184,-0.299873825,0.023102877,-0.267600091,0.106395129,10,100.0,US.CRM,3.6,4.95,2.94,3.5752,-0.03738167816460778,152967869590.56,"成交额 $11,847,634 ≥ 阈值 $500,000 | 成交量 34,335 手",US.CRM,2026-05-06 09:39:28
US.CRM260515C190000,CRM 260515 190.00C,186.99,26620,10914889.0,CALL,2026-05-15,190.0,29346,48.419,0.440559445,0.026615283,-0.314290778,0.120769004,10,100.0,US.CRM,3.77,4.75,2.75,4.275,-0.01609711749291401,152967869590.56,"成交额 $10,914,889 ≥ 阈值 $500,000 | 成交量 26,620 手",US.CRM,2026-05-06 09:39:28
US.CRM260717P175000,CRM 260717 175.00P,186.99,823,878628.0,PUT,2026-07-17,175.0,1374,47.978,-0.327833568,0.00905877,-0.093502109,0.301333746,73,100.0,US.CRM,11.7,11.7,9.93,10.075,-0.06412107599336868,152967869590.56,"成交额 $878,628 ≥ 阈值 $500,000 | 成交量 823 手",US.CRM,2026-05-06 09:39:28
US.CRM260717P160000,CRM 260717 160.00P,186.99,1030,543397.0,PUT,2026-07-17,160.0,2215,49.032,-0.197230355,0.006794706,-0.074515518,0.231686983,73,100.0,US.CRM,5.1,5.85,5.0,5.175,-0.14433926947965137,152967869590.56,"成交额 $543,397 ≥ 阈值 $500,000 | 成交量 1,030 手",US.CRM,2026-05-06 09:39:28
US.CRWD260821P500000,CRWD 260821 500.00P,476.53,582,3433427.0,PUT,2026-08-21,500.0,45,47.434,-0.511143511,0.003308705,-0.202866813,1.029799218,108,100.0,US.CRWD,58.12,59.6,58.1,63.2681,0.04925188340713078,120854722307.7,"成交额 $3,433,427 ≥ 阈值 $500,000 | 成交量 582 手",US.CRWD,2026-05-06 09:39:46
US.CRWD260821C500000,CRWD 260821 500.00C,476.53,598,2491816.0,CALL,2026-08-21,500.0,388,48.817,0.496725303,0.003155734,-0.253767912,1.033030248,108,100.0,US.CRWD,37.82,43.02,37.82,37.975,-0.04925188340713078,120854722307.7,"成交额 $2,491,816 ≥ 阈值 $500,000 | 成交量 598 手",US.CRWD,2026-05-06 09:39:46
US.CRWD260618C500000,CRWD 260618 500.00C,476.53,493,1194405.0,CALL,2026-06-18,500.0,3665,50.994,0.436729971,0.004680372,-0.398864392,0.650123419,44,100.0,US.CRWD,22.15,26.5,21.0,22.1104,-0.04925188340713078,120854722307.7,"成交额 $1,194,405 ≥ 阈值 $500,000 | 成交量 493 手",US.CRWD,2026-05-06 09:39:46
US.CRWD260618C480000,CRWD 260618 480.00C,476.53,224,737629.0,CALL,2026-06-18,480.0,1141,52.108,0.529554456,0.00462599,-0.414765718,0.656621256,44,100.0,US.CRWD,32.3,35.7,29.25,29.7544,-0.0072818080708455446,120854722307.7,"成交额 $737,629 ≥ 阈值 $500,000 | 成交量 224 手",US.CRWD,2026-05-06 09:39:46
US.CRWD260515C500000,CRWD 260515 500.00C,476.53,869,607258.0,CALL,2026-05-15,500.0,1738,48.672,0.290720121,0.00902483,-0.689063897,0.267349173,10,100.0,US.CRWD,6.85,8.32,4.75,5.619,-0.04925188340713078,120854722307.7,"成交额 $607,258 ≥ 阈值 $500,000 | 成交量 869 手",US.CRWD,2026-05-06 09:39:46
US.CRWD260508C480000,CRWD 260508 480.00C,476.53,666,567224.0,CALL,2026-05-08,480.0,936,60.668,0.458095349,0.015714482,-2.014774676,0.165098604,3,100.0,US.CRWD,8.3,11.05,5.35,6.6854,-0.0072818080708455446,120854722307.7,"成交额 $567,224 ≥ 阈值 $500,000 | 成交量 666 手",US.CRWD,2026-05-06 09:39:46
US.CRWD260508P497500,CRWD 260508 497.50P,476.53,231,554384.0,PUT,2026-05-08,497.5,0,64.488,-0.768202773,0.011396609,-1.483569114,0.126857225,3,100.0,US.CRWD,22.8,24.2,22.15,30.8221,0.044005623990095125,120854722307.7,"成交额 $554,384 ≥ 阈值 $500,000 | 成交量 231 手",US.CRWD,2026-05-06 09:39:46
US.CSCO261016C82500,CSCO 261016 82.50C,94.3,1665,2588238.0,CALL,2026-10-16,82.5,3931,34.138,0.779380326,0.013752478,-0.025242872,0.187309441,164,100.0,US.CSCO,16.17,16.17,15.4,14.8104,0.1251325556733828,372474913860.6,"成交额 $2,588,238 ≥ 阈值 $500,000 | 成交量 1,665 手",US.CSCO,2026-05-06 09:40:03
US.CSCO260515C95000,CSCO 260515 95.00C,94.3,4752,1433100.0,CALL,2026-05-15,95.0,12233,52.366,0.487214919,0.049319518,-0.173436306,0.061560494,10,100.0,US.CSCO,3.55,3.55,2.49,2.285,-0.007423117709437994,372474913860.6,"成交额 $1,433,100 ≥ 阈值 $500,000 | 成交量 4,752 手",US.CSCO,2026-05-06 09:40:03
US.CSCO261016C95000,CSCO 261016 95.00C,94.3,1732,1393378.0,CALL,2026-10-16,95.0,463,32.453,0.55944428,0.019243961,-0.02912245,0.249202402,164,100.0,US.CSCO,8.34,8.6,7.9,7.575,-0.007423117709437994,372474913860.6,"成交额 $1,393,378 ≥ 阈值 $500,000 | 成交量 1,732 手",US.CSCO,2026-05-06 09:40:03
US.CSCO260918C115000,CSCO 260918 115.00C,94.3,3051,514408.0,CALL,2026-09-18,115.0,677,31.679,0.194724851,0.015118716,-0.020123137,0.158389809,136,100.0,US.CSCO,1.81,1.85,1.68,1.58,-0.21951219512195125,372474913860.6,"成交额 $514,408 ≥ 阈值 $500,000 | 成交量 3,051 手",US.CSCO,2026-05-06 09:40:03
US.CSCO260515P92500,CSCO 260515 92.50P,94.3,2027,503370.0,PUT,2026-05-15,92.5,274,53.925,-0.392570765,0.046215504,-0.16409359,0.059332537,10,100.0,US.CSCO,2.59,2.8,2.4,3.1794,-0.019088016967126163,372474913860.6,"成交额 $503,370 ≥ 阈值 $500,000 | 成交量 2,027 手",US.CSCO,2026-05-06 09:40:03
US.CVNA260717C370000,CVNA 260717 370.00C,379.09,5310,27365022.0,CALL,2026-07-17,370.0,2276,61.949,0.599558182,0.003685088,-0.297303211,0.654196993,73,100.0,US.CVNA,49.69,54.14,47.1,46.5022,0.02397847476852456,54307552773.93,"成交额 $27,365,022 ≥ 阈值 $500,000 | 成交量 5,310 手",US.CVNA,2026-05-06 09:41:48
US.CVNA260717C420000,CVNA 260717 420.00C,379.09,3803,10339958.0,CALL,2026-07-17,420.0,2036,56.404,0.400438108,0.004047336,-0.266955692,0.654182362,73,100.0,US.CVNA,27.0,29.15,24.3,25.5168,-0.10791632593843158,54307552773.93,"成交额 $10,339,958 ≥ 阈值 $500,000 | 成交量 3,803 手",US.CVNA,2026-05-06 09:41:48
US.CVNA260717C460000,CVNA 260717 460.00C,379.09,2227,3526116.0,CALL,2026-07-17,460.0,4151,54.487,0.25988729,0.003515857,-0.214244343,0.548925593,73,100.0,US.CVNA,17.49,17.49,12.85,14.8306,-0.2134321665039965,54307552773.93,"成交额 $3,526,116 ≥ 阈值 $500,000 | 成交量 2,227 手",US.CVNA,2026-05-06 09:41:48
US.CVNA260717C450000,CVNA 260717 450.00C,379.09,1360,2486349.0,CALL,2026-07-17,450.0,3350,54.555,0.290350636,0.003708571,-0.227120744,0.579749931,73,100.0,US.CVNA,19.1,19.25,15.2,16.8815,-0.18705320636260525,54307552773.93,"成交额 $2,486,349 ≥ 阈值 $500,000 | 成交量 1,360 手",US.CVNA,2026-05-06 09:41:48
US.CVNA260717C380000,CVNA 260717 380.00C,379.09,405,1899954.0,CALL,2026-07-17,380.0,2064,61.051,0.561216283,0.003814592,-0.297879367,0.667371768,73,100.0,US.CVNA,48.56,48.56,43.4,41.3318,-0.0024004853728666676,54307552773.93,"成交额 $1,899,954 ≥ 阈值 $500,000 | 成交量 405 手",US.CVNA,2026-05-06 09:41:48
US.CVNA260717P420000,CVNA 260717 420.00P,379.09,259,1541841.0,PUT,2026-07-17,420.0,122,55.071,-0.608345661,0.004201543,-0.2228514,0.648574037,73,100.0,US.CVNA,58.9,62.4,56.55,64.9005,0.10791632593843158,54307552773.93,"成交额 $1,541,841 ≥ 阈值 $500,000 | 成交量 259 手",US.CVNA,2026-05-06 09:41:48
US.CVNA260717C430000,CVNA 260717 430.00C,379.09,618,1505961.0,CALL,2026-07-17,430.0,601,55.638,0.361727777,0.003978668,-0.254688761,0.634334345,73,100.0,US.CVNA,24.9,25.4,20.65,22.4783,-0.1342952860798228,54307552773.93,"成交额 $1,505,961 ≥ 阈值 $500,000 | 成交量 618 手",US.CVNA,2026-05-06 09:41:48
US.CVNA260717P360000,CVNA 260717 360.00P,379.09,436,1263432.0,PUT,2026-07-17,360.0,1772,62.046,-0.36412615,0.003591991,-0.257173469,0.635411082,73,100.0,US.CVNA,28.1,30.2,27.85,31.4,-0.05035743490991579,54307552773.93,"成交额 $1,263,432 ≥ 阈值 $500,000 | 成交量 436 手",US.CVNA,2026-05-06 09:41:48
US.CVNA260717P370000,CVNA 260717 370.00P,379.09,346,1132180.0,PUT,2026-07-17,370.0,209,62.258,-0.402003596,0.003690904,-0.264722137,0.654404173,73,100.0,US.CVNA,30.36,34.25,30.36,35.925,-0.02397847476852456,54307552773.93,"成交额 $1,132,180 ≥ 阈值 $500,000 | 成交量 346 手",US.CVNA,2026-05-06 09:41:48
US.CVNA260717C540000,CVNA 260717 540.00C,379.09,2252,966447.0,CALL,2026-07-17,540.0,2332,54.431,0.096067973,0.001849476,-0.110674952,0.288448949,73,100.0,US.CVNA,6.3,6.3,4.15,4.5221,-0.4244638476351263,54307552773.93,"成交额 $966,447 ≥ 阈值 $500,000 | 成交量 2,252 手",US.CVNA,2026-05-06 09:41:48
US.CVNA260618C460000,CVNA 260618 460.00C,379.09,717,714279.0,CALL,2026-06-18,460.0,670,57.485,0.197594871,0.003682338,-0.246278637,0.364870776,44,100.0,US.CVNA,8.25,10.35,8.23,8.225,-0.2134321665039965,54307552773.93,"成交额 $714,279 ≥ 阈值 $500,000 | 成交量 717 手",US.CVNA,2026-05-06 09:41:48
US.CVNA260717P350000,CVNA 260717 350.00P,379.09,275,697090.0,PUT,2026-07-17,350.0,161,62.969,-0.327424216,0.003399112,-0.251965369,0.610833477,73,100.0,US.CVNA,24.71,27.07,23.9,27.1,-0.07673639505130701,54307552773.93,"成交额 $697,090 ≥ 阈值 $500,000 | 成交量 275 手",US.CVNA,2026-05-06 09:41:48
US.CVNA260918C720000,CVNA 260918 720.00C,379.09,1178,506257.0,CALL,2026-09-18,720.0,1121,61.283,0.0676972,0.000923436,-0.070207125,0.302536045,136,100.0,US.CVNA,4.8,4.9,4.0,4.075,-0.8992851301801684,54307552773.93,"成交额 $506,257 ≥ 阈值 $500,000 | 成交量 1,178 手",US.CVNA,2026-05-06 09:41:48
US.CVS260618C85000,CVS 260618 85.00C,80.69,4672,1037473.0,CALL,2026-06-18,85.0,3448,33.579,0.362474423,0.03995916,-0.043058148,0.10479167,44,100.0,US.CVS,2.75,2.75,2.0,2.705,-0.053414301648283584,103412659278.07,"成交额 $1,037,473 ≥ 阈值 $500,000 | 成交量 4,672 手",US.CVS,2026-05-06 09:41:50
US.CVX260515P190000,CVX 260515 190.00P,192.64,2194,627382.0,PUT,2026-05-15,190.0,8494,30.361,-0.374357987,0.039653142,-0.183245072,0.11946689,10,100.0,US.CVX,3.7,3.7,2.3,3.15,-0.013704318936877007,380849280000.0,"成交额 $627,382 ≥ 阈值 $500,000 | 成交量 2,194 手",US.CVX,2026-05-06 09:42:22
US.DAL260515P69000,DAL 260515 69.00P,70.86,5426,925208.0,PUT,2026-05-15,69.0,5812,50.396,-0.353971943,0.063666018,-0.111341467,0.04313684,10,100.0,US.DAL,2.28,2.5,1.27,2.5943,-0.026248941574936485,46554618932.4,"成交额 $925,208 ≥ 阈值 $500,000 | 成交量 5,426 手",US.DAL,2026-05-06 09:42:41
US.DAL260918C90000,DAL 260918 90.00C,70.86,4446,814313.0,CALL,2026-09-18,90.0,978,41.509,0.222280568,0.016602168,-0.021040643,0.128704877,136,100.0,US.DAL,1.75,2.13,1.74,1.51,-0.2701100762066046,46554618932.4,"成交额 $814,313 ≥ 阈值 $500,000 | 成交量 4,446 手",US.DAL,2026-05-06 09:42:41
US.DASH260618C145000,DASH 260618 145.00C,166.14,2502,14105455.0,CALL,2026-06-18,145.0,16021,65.108,0.769008791,0.008124494,-0.140706212,0.175137918,44,100.0,US.DASH,26.85,28.2,26.85,33.3946,0.1272420849885638,72394904570.04,"成交额 $14,105,455 ≥ 阈值 $500,000 | 成交量 2,502 手",US.DASH,2026-05-06 09:42:58
US.DASH260508P165000,DASH 260508 165.00P,166.14,1025,764123.0,PUT,2026-05-08,165.0,96,139.718,-0.452403661,0.01954281,-1.594242375,0.05746798,3,100.0,US.DASH,5.45,7.9,5.45,5.5592,-0.006861682918020864,72394904570.04,"成交额 $764,123 ≥ 阈值 $500,000 | 成交量 1,025 手",US.DASH,2026-05-06 09:42:58
US.DASH260508P155000,DASH 260508 155.00P,166.14,1324,515823.0,PUT,2026-05-08,155.0,151,141.676,-0.265984012,0.015965423,-1.290804994,0.047611144,3,100.0,US.DASH,2.6,4.1,2.5,2.1641,-0.06705188395329233,72394904570.04,"成交额 $515,823 ≥ 阈值 $500,000 | 成交量 1,324 手",US.DASH,2026-05-06 09:42:58
US.DDOG260515C115000,DDOG 260515 115.00C,145.73,1964,6369897.0,CALL,2026-05-15,115.0,2192,108.432,0.923397986,0.005560601,-0.196346669,0.034319441,10,100.0,US.DDOG,31.84,33.52,31.74,32.9394,0.2108694160433678,51871460157.79,"成交额 $6,369,897 ≥ 阈值 $500,000 | 成交量 1,964 手",US.DDOG,2026-05-06 09:43:33
US.DDOG260618C150000,DDOG 260618 150.00C,145.73,2689,3557973.0,CALL,2026-06-18,150.0,1726,71.623,0.510033771,0.011032195,-0.17171504,0.201292135,44,100.0,US.DDOG,14.02,15.05,12.2,13.7105,-0.02930076168256372,51871460157.79,"成交额 $3,557,973 ≥ 阈值 $500,000 | 成交量 2,689 手",US.DDOG,2026-05-06 09:43:33
US.DDOG260618C165000,DDOG 260618 165.00C,145.73,2306,1865613.0,CALL,2026-06-18,165.0,2946,72.476,0.362454527,0.010251082,-0.16180109,0.189262609,44,100.0,US.DDOG,8.3,8.7,7.5,7.85,-0.1322308378508201,51871460157.79,"成交额 $1,865,613 ≥ 阈值 $500,000 | 成交量 2,306 手",US.DDOG,2026-05-06 09:43:33
US.DDOG260918C220000,DDOG 260918 220.00C,145.73,1974,1082541.0,CALL,2026-09-18,220.0,306,63.825,0.203635091,0.004988445,-0.061512441,0.251518357,136,100.0,US.DDOG,5.7,5.75,5.3,5.4004,-0.5096411171344268,51871460157.79,"成交额 $1,082,541 ≥ 阈值 $500,000 | 成交量 1,974 手",US.DDOG,2026-05-06 09:43:33
US.DDOG260508C150000,DDOG 260508 150.00C,145.73,1219,1021497.0,CALL,2026-05-08,150.0,1951,177.048,0.457107648,0.017605472,-1.782593395,0.050470871,3,100.0,US.DDOG,8.25,9.1,6.6,7.674,-0.02930076168256372,51871460157.79,"成交额 $1,021,497 ≥ 阈值 $500,000 | 成交量 1,219 手",US.DDOG,2026-05-06 09:43:33
US.DDOG260515C150000,DDOG 260515 150.00C,145.73,584,514238.0,CALL,2026-05-15,150.0,5815,104.804,0.469368182,0.015907798,-0.527707128,0.09489929,10,100.0,US.DDOG,9.0,10.68,7.75,9.075,-0.02930076168256372,51871460157.79,"成交额 $514,238 ≥ 阈值 $500,000 | 成交量 584 手",US.DDOG,2026-05-06 09:43:33
US.DECK260618C105000,DECK 260618 105.00C,98.54,2114,1090952.0,CALL,2026-06-18,105.0,393,55.974,0.417555554,0.020435472,-0.089180638,0.133235016,44,100.0,US.DECK,4.7,5.3,4.7,4.5,-0.06555713415871721,13987750142.34,"成交额 $1,090,952 ≥ 阈值 $500,000 | 成交量 2,114 手",US.DECK,2026-05-06 09:44:07
US.DELL260529P215000,DELL 260529 215.00P,216.32,1103,1634427.0,PUT,2026-05-29,215.0,38,67.339,-0.446816238,0.010656874,-0.302401738,0.218257716,24,100.0,US.DELL,14.7,15.25,14.06,16.5851,-0.0061020710059171285,139688304920.32,"成交额 $1,634,427 ≥ 阈值 $500,000 | 成交量 1,103 手",US.DELL,2026-05-06 09:44:10
US.DELL260529C215000,DELL 260529 215.00C,216.32,1050,1561828.0,CALL,2026-05-29,215.0,81,71.645,0.554815045,0.009988689,-0.342521603,0.21820733,24,100.0,US.DELL,13.7,16.1,13.7,13.675,0.0061020710059171285,139688304920.32,"成交额 $1,561,828 ≥ 阈值 $500,000 | 成交量 1,050 手",US.DELL,2026-05-06 09:44:10
US.DELL260522C215000,DELL 260522 215.00C,216.32,1319,1403379.0,CALL,2026-05-22,215.0,121,59.935,0.549684677,0.014238232,-0.343562742,0.18361632,17,100.0,US.DELL,11.72,12.3,9.67,9.6653,0.0061020710059171285,139688304920.32,"成交额 $1,403,379 ≥ 阈值 $500,000 | 成交量 1,319 手",US.DELL,2026-05-06 09:44:10
US.DELL260522P215000,DELL 260522 215.00P,216.32,1056,1120691.0,PUT,2026-05-22,215.0,8,58.803,-0.450888918,0.014542595,-0.316843019,0.183588757,17,100.0,US.DELL,10.5,10.95,10.39,12.576,-0.0061020710059171285,139688304920.32,"成交额 $1,120,691 ≥ 阈值 $500,000 | 成交量 1,056 手",US.DELL,2026-05-06 09:44:10
US.DIS260508C101000,DIS 260508 101.00C,100.48,1855,608830.0,CALL,2026-05-08,101.0,366,95.932,0.493446231,0.047388292,-0.674429483,0.035000002,3,100.0,US.DIS,3.7,3.7,2.84,3.5139,-0.00517515923566875,178002314628.48,"成交额 $608,830 ≥ 阈值 $500,000 | 成交量 1,855 手",US.DIS,2026-05-06 09:45:36
US.DIS260618P95000,DIS 260618 95.00P,100.48,2533,582272.0,PUT,2026-06-18,95.0,10418,35.7,-0.292185991,0.027743501,-0.046131421,0.119428326,44,100.0,US.DIS,2.14,2.5,2.1,2.11,-0.05453821656050959,178002314628.48,"成交额 $582,272 ≥ 阈值 $500,000 | 成交量 2,533 手",US.DIS,2026-05-06 09:45:36
US.DLTR260618P100000,DLTR 260618 100.00P,93.69,844,897806.0,PUT,2026-06-18,100.0,1631,48.634,-0.612019542,0.024614058,-0.063704774,0.124056126,44,100.0,US.DLTR,10.86,10.95,10.12,10.4459,0.06734977051979936,18243823288.14,"成交额 $897,806 ≥ 阈值 $500,000 | 成交量 844 手",US.DLTR,2026-05-06 09:46:10
US.DVN260618C55000,DVN 260618 55.00C,50.99,57145,8609936.0,CALL,2026-06-18,55.0,6116,39.173,0.323452949,0.051923317,-0.029991503,0.0634314,44,100.0,US.DVN,1.5,1.72,1.28,1.465,-0.07864287115120608,31664790000.0,"成交额 $8,609,936 ≥ 阈值 $500,000 | 成交量 57,145 手",US.DVN,2026-05-06 09:48:12
US.DVN260515C52500,DVN 260515 52.50C,50.99,13558,1400922.0,CALL,2026-05-15,52.5,22338,46.897,0.371063313,0.096530867,-0.079117219,0.031547737,10,100.0,US.DVN,1.2,1.43,0.92,1.2229,-0.029613649735242165,31664790000.0,"成交额 $1,400,922 ≥ 阈值 $500,000 | 成交量 13,558 手",US.DVN,2026-05-06 09:48:12
US.EBAY260508C106000,EBAY 260508 106.00C,105.26,4779,785032.0,CALL,2026-05-08,106.0,9576,49.011,0.445977565,0.087745304,-0.358665028,0.036331241,3,100.0,US.EBAY,2.8,2.9,1.17,4.3999,-0.007030210906327141,46735440000.0,"成交额 $785,032 ≥ 阈值 $500,000 | 成交量 4,779 手",US.EBAY,2026-05-06 09:49:03
US.EOG260618C120000,EOG 260618 120.00C,140.82,259,582764.0,CALL,2026-06-18,120.0,1442,41.365,0.888525837,0.009409495,-0.053893987,0.092568513,44,100.0,US.EOG,21.5,23.6,21.1,23.0306,0.14784831700042603,75439500927.48,"成交额 $582,764 ≥ 阈值 $500,000 | 成交量 259 手",US.EOG,2026-05-06 09:51:05
US.ETN260618P340000,ETN 260618 340.00P,410.86,4064,1296266.0,PUT,2026-06-18,340.0,2738,42.73,-0.083676225,0.002529813,-0.103138851,0.218729755,44,100.0,US.ETN,4.08,4.08,2.09,2.3981,-0.17246750718006137,159407656792.4,"成交额 $1,296,266 ≥ 阈值 $500,000 | 成交量 4,064 手",US.ETN,2026-05-06 09:53:04
US.ETN260612P345000,ETN 260612 345.00P,410.86,3101,862060.0,PUT,2026-06-12,345.0,4,42.031,-0.082923127,0.002749681,-0.108589197,0.201815081,38,100.0,US.ETN,2.6,2.8,2.6,2.1143,-0.1602979116974152,159407656792.4,"成交额 $862,060 ≥ 阈值 $500,000 | 成交量 3,101 手",US.ETN,2026-05-06 09:53:04
US.EXE260618P90000,EXE 260618 90.00P,99.76,11128,1167877.0,PUT,2026-06-18,90.0,11194,33.122,-0.16109913,0.021387568,-0.030455579,0.084366745,44,100.0,US.EXE,1.03,1.1,0.99,0.975,-0.09783480352846836,23865469976.24,"成交额 $1,167,877 ≥ 阈值 $500,000 | 成交量 11,128 手",US.EXE,2026-05-06 09:53:58
US.FANG260618C165000,FANG 260618 165.00C,206.18,564,2477093.0,CALL,2026-06-18,165.0,1429,38.655,0.961102826,0.003051608,-0.041787371,0.060150197,44,100.0,US.FANG,43.93,44.18,43.2,49.2706,0.19972839266660203,58000852491.4,"成交额 $2,477,093 ≥ 阈值 $500,000 | 成交量 564 手",US.FANG,2026-05-06 09:55:06
US.FCX260717C65000,FCX 260717 65.00C,57.68,22721,5536575.0,CALL,2026-07-17,65.0,13170,47.68,0.33698597,0.029732982,-0.03256682,0.094047238,73,100.0,US.FCX,2.16,2.62,1.95,1.675,-0.12690707350901526,82897788634.08,"成交额 $5,536,575 ≥ 阈值 $500,000 | 成交量 22,721 手",US.FCX,2026-05-06 09:55:41
US.FCX260918C80000,FCX 260918 80.00C,57.68,5108,609513.0,CALL,2026-09-18,80.0,2498,48.441,0.18042278,0.015420095,-0.017371081,0.092435232,136,100.0,US.FCX,1.25,1.55,1.16,1.125,-0.3869625520110957,82897788634.08,"成交额 $609,513 ≥ 阈值 $500,000 | 成交量 5,108 手",US.FCX,2026-05-06 09:55:41
US.FCX260918C70000,FCX 260918 70.00C,57.68,1933,583442.0,CALL,2026-09-18,70.0,3004,47.736,0.318124936,0.021241522,-0.023609301,0.125489387,136,100.0,US.FCX,2.97,3.1,2.56,2.255,-0.21359223300970875,82897788634.08,"成交额 $583,442 ≥ 阈值 $500,000 | 成交量 1,933 手",US.FCX,2026-05-06 09:55:41
US.FCX260821C60000,FCX 260821 60.00C,57.68,1066,573909.0,CALL,2026-08-21,60.0,914,48.851,0.509788578,0.026046591,-0.030783511,0.125006223,108,100.0,US.FCX,4.95,5.5,4.8,4.15,-0.04022191400832178,82897788634.08,"成交额 $573,909 ≥ 阈值 $500,000 | 成交量 1,066 手",US.FCX,2026-05-06 09:55:41
US.FDX260618C360000,FDX 260618 360.00C,362.75,377,671743.0,CALL,2026-06-18,360.0,380,31.323,0.565332521,0.010001211,-0.196520867,0.494478045,44,100.0,US.FDX,18.0,19.72,16.3,16.2,0.007580978635423846,86554600739.0,"成交额 $671,743 ≥ 阈值 $500,000 | 成交量 377 手",US.FDX,2026-05-06 09:56:14
US.FDX260515C360000,FDX 260515 360.00C,362.75,489,519629.0,CALL,2026-05-15,360.0,666,34.685,0.571236995,0.019056983,-0.443906128,0.233139165,10,100.0,US.FDX,8.8,12.65,8.5,8.275,0.007580978635423846,86554600739.0,"成交额 $519,629 ≥ 阈值 $500,000 | 成交量 489 手",US.FDX,2026-05-06 09:56:14
US.FSLR260918C250000,FSLR 260918 250.00C,219.38,866,1576360.0,CALL,2026-09-18,250.0,5053,53.268,0.421461149,0.005488345,-0.110199775,0.52341713,136,100.0,US.FSLR,16.95,19.1,16.7,15.1,-0.13957516637797432,23573118774.94,"成交额 $1,576,360 ≥ 阈值 $500,000 | 成交量 866 手",US.FSLR,2026-05-06 09:58:50
US.FSLR260918C280000,FSLR 260918 280.00C,219.38,1222,1294719.0,CALL,2026-09-18,280.0,1817,53.294,0.292349033,0.004818241,-0.095560452,0.459715809,136,100.0,US.FSLR,10.38,11.85,10.3,9.1315,-0.2763241863433312,23573118774.94,"成交额 $1,294,719 ≥ 阈值 $500,000 | 成交量 1,222 手",US.FSLR,2026-05-06 09:58:50
US.FSLR260618C220000,FSLR 260618 220.00C,219.38,609,888667.0,CALL,2026-06-18,220.0,5990,52.671,0.539668721,0.00991901,-0.192657672,0.301622424,44,100.0,US.FSLR,14.6,17.46,13.7,12.7,-0.002826146412617397,23573118774.94,"成交额 $888,667 ≥ 阈值 $500,000 | 成交量 609 手",US.FSLR,2026-05-06 09:58:50
US.FSLR260918C300000,FSLR 260918 300.00C,219.38,774,610710.0,CALL,2026-09-18,300.0,4393,53.397,0.224615462,0.004193513,-0.082941836,0.400866806,136,100.0,US.FSLR,7.5,8.29,6.95,6.3512,-0.36749019965356916,23573118774.94,"成交额 $610,710 ≥ 阈值 $500,000 | 成交量 774 手",US.FSLR,2026-05-06 09:58:50
US.FSLR260717C220000,FSLR 260717 220.00C,219.38,277,557855.0,CALL,2026-07-17,220.0,2804,53.887,0.555138126,0.007484732,-0.153776806,0.387082337,73,100.0,US.FSLR,18.2,22.45,17.8,16.8,-0.002826146412617397,23573118774.94,"成交额 $557,855 ≥ 阈值 $500,000 | 成交量 277 手",US.FSLR,2026-05-06 09:58:50
US.GE260717C300000,GE 260717 300.00C,286.68,1039,1430394.0,CALL,2026-07-17,300.0,1912,37.596,0.442954125,0.008204066,-0.142152781,0.505474673,73,100.0,US.GE,12.5,16.0,12.5,11.6946,-0.04646295521138549,299103918529.8,"成交额 $1,430,394 ≥ 阈值 $500,000 | 成交量 1,039 手",US.GE,2026-05-06 10:00:16
US.GE260918C350000,GE 260918 350.00C,286.68,1154,740640.0,CALL,2026-09-18,350.0,564,34.412,0.217233382,0.004885137,-0.070646613,0.513844457,136,100.0,US.GE,6.5,7.2,6.35,5.7652,-0.2208734477466164,299103918529.8,"成交额 $740,640 ≥ 阈值 $500,000 | 成交量 1,154 手",US.GE,2026-05-06 10:00:16
US.GE260515C300000,GE 260515 300.00C,286.68,2750,727713.0,CALL,2026-05-15,300.0,7487,42.451,0.272686936,0.0166768,-0.350701702,0.155943035,10,100.0,US.GE,2.57,4.4,2.03,2.1401,-0.04646295521138549,299103918529.8,"成交额 $727,713 ≥ 阈值 $500,000 | 成交量 2,750 手",US.GE,2026-05-06 10:00:16
US.GE260515C310000,GE 260515 310.00C,286.68,6122,720549.0,CALL,2026-05-15,310.0,9512,41.393,0.134417591,0.011142228,-0.216319099,0.101582205,10,100.0,US.GE,1.19,2.11,0.9,0.8759,-0.08134505371843168,299103918529.8,"成交额 $720,549 ≥ 阈值 $500,000 | 成交量 6,122 手",US.GE,2026-05-06 10:00:16
US.GE260918C340000,GE 260918 340.00C,286.68,741,629766.0,CALL,2026-09-18,340.0,3246,34.748,0.262651796,0.005366425,-0.0796066,0.570020848,136,100.0,US.GE,7.89,8.7,7.89,7.375,-0.18599134923957023,299103918529.8,"成交额 $629,766 ≥ 阈值 $500,000 | 成交量 741 手",US.GE,2026-05-06 10:00:16
US.GEV260515C1200000,GEV 260515 1200.00C,1095.21,1123,851900.0,CALL,2026-05-15,1200.0,475,52.096,0.15450149,0.002545579,-1.144999639,0.426287401,10,100.0,US.GEV,7.0,8.5,6.66,5.4455,-0.09568028049415177,294304825723.95,"成交额 $851,900 ≥ 阈值 $500,000 | 成交量 1,123 手",US.GEV,2026-05-06 10:00:52
US.GEV260918C1500000,GEV 260918 1500.00C,1095.21,266,829960.0,CALL,2026-09-18,1500.0,32,49.622,0.199539238,0.000843426,-0.359690644,1.86727898,136,100.0,US.GEV,31.6,31.6,31.2,30.1104,-0.3696003506176897,294304825723.95,"成交额 $829,960 ≥ 阈值 $500,000 | 成交量 266 手",US.GEV,2026-05-06 10:00:52
US.GEV260508C1100000,GEV 260508 1100.00C,1095.21,230,561444.0,CALL,2026-05-08,1100.0,313,64.037,0.481996303,0.006507913,-4.918111239,0.381114659,3,100.0,US.GEV,21.1,27.6,20.9,15.1,-0.004373590452972456,294304825723.95,"成交额 $561,444 ≥ 阈值 $500,000 | 成交量 230 手",US.GEV,2026-05-06 10:00:52
US.GILD260508P132000,GILD 260508 132.00P,133.48,4904,1384220.0,PUT,2026-05-08,132.0,26,71.102,-0.414947701,0.047048486,-0.636751285,0.045440112,3,100.0,US.GILD,3.0,3.0,2.4,3.025,-0.011087803416242058,165678314295.24,"成交额 $1,384,220 ≥ 阈值 $500,000 | 成交量 4,904 手",US.GILD,2026-05-06 10:01:10
US.GLW260821C160000,GLW 260821 160.00C,162.1,4521,12434141.0,CALL,2026-08-21,160.0,2951,69.225,0.599182453,0.006339084,-0.11669955,0.340499185,108,100.0,US.GLW,27.2,29.95,25.5,23.4883,0.012954966070326925,139509391432.5,"成交额 $12,434,141 ≥ 阈值 $500,000 | 成交量 4,521 手",US.GLW,2026-05-06 10:02:01
US.GLW260515C180000,GLW 260515 180.00C,162.1,5205,1939409.0,CALL,2026-05-15,180.0,2366,81.634,0.238973308,0.014315692,-0.350244484,0.082306025,10,100.0,US.GLW,3.65,5.25,2.45,2.215,-0.1104256631708822,139509391432.5,"成交额 $1,939,409 ≥ 阈值 $500,000 | 成交量 5,205 手",US.GLW,2026-05-06 10:02:01
US.GLW260821C180000,GLW 260821 180.00C,162.1,604,1216213.0,CALL,2026-08-21,180.0,469,68.757,0.474148048,0.006573049,-0.117953302,0.350675939,108,100.0,US.GLW,18.45,20.85,17.55,15.9983,-0.1104256631708822,139509391432.5,"成交额 $1,216,213 ≥ 阈值 $500,000 | 成交量 604 手",US.GLW,2026-05-06 10:02:01
US.GLW260618C110000,GLW 260618 110.00C,162.1,202,1070293.0,CALL,2026-06-18,110.0,1764,71.099,0.956860178,0.002295134,-0.051537506,0.051432496,44,100.0,US.GLW,56.03,56.05,52.95,51.5189,0.32140653917334977,139509391432.5,"成交额 $1,070,293 ≥ 阈值 $500,000 | 成交量 202 手",US.GLW,2026-05-06 10:02:01
US.GLW260618C180000,GLW 260618 180.00C,162.1,895,878441.0,CALL,2026-06-18,180.0,2707,68.294,0.379741278,0.009928394,-0.172693073,0.213716936,44,100.0,US.GLW,9.3,11.75,8.2,7.4541,-0.1104256631708822,139509391432.5,"成交额 $878,441 ≥ 阈值 $500,000 | 成交量 895 手",US.GLW,2026-05-06 10:02:01
US.GLW260717C160000,GLW 260717 160.00C,162.1,356,767446.0,CALL,2026-07-17,160.0,355,66.723,0.585904057,0.008067669,-0.13713588,0.282055715,73,100.0,US.GLW,24.3,24.3,20.0,18.5924,0.012954966070326925,139509391432.5,"成交额 $767,446 ≥ 阈值 $500,000 | 成交量 356 手",US.GLW,2026-05-06 10:02:01
US.GLW260618C145000,GLW 260618 145.00C,162.1,300,751888.0,CALL,2026-06-18,145.0,461,67.747,0.729392709,0.008702951,-0.153732673,0.185836364,44,100.0,US.GLW,29.65,29.65,23.05,23.0787,0.10549043800123377,139509391432.5,"成交额 $751,888 ≥ 阈值 $500,000 | 成交量 300 手",US.GLW,2026-05-06 10:02:01
US.GLW260918C160000,GLW 260918 160.00C,162.1,243,733772.0,CALL,2026-09-18,160.0,721,68.376,0.607246672,0.005686726,-0.102831489,0.380089567,136,100.0,US.GLW,30.0,33.0,27.62,26.2333,0.012954966070326925,139509391432.5,"成交额 $733,772 ≥ 阈值 $500,000 | 成交量 243 手",US.GLW,2026-05-06 10:02:01
US.GLW260508C160000,GLW 260508 160.00C,162.1,709,683795.0,CALL,2026-05-08,160.0,1127,104.146,0.576086856,0.026567359,-1.158218939,0.055441574,3,100.0,US.GLW,9.2,12.85,6.0,6.2158,0.012954966070326925,139509391432.5,"成交额 $683,795 ≥ 阈值 $500,000 | 成交量 709 手",US.GLW,2026-05-06 10:02:01
US.GLW260618C170000,GLW 260618 170.00C,162.1,398,540082.0,CALL,2026-06-18,170.0,2256,68.627,0.47486483,0.010333712,-0.182595425,0.223530284,44,100.0,US.GLW,13.3,15.78,11.55,10.55,-0.04873534855027764,139509391432.5,"成交额 $540,082 ≥ 阈值 $500,000 | 成交量 398 手",US.GLW,2026-05-06 10:02:01
US.GLW260515C160000,GLW 260515 160.00C,162.1,457,530587.0,CALL,2026-05-15,160.0,1430,84.258,0.567710853,0.017583343,-0.469573649,0.104345642,10,100.0,US.GLW,11.8,14.75,8.99,8.4517,0.012954966070326925,139509391432.5,"成交额 $530,587 ≥ 阈值 $500,000 | 成交量 457 手",US.GLW,2026-05-06 10:02:01
US.GLW260508C165000,GLW 260508 165.00C,162.1,849,529080.0,CALL,2026-05-08,165.0,1448,103.47,0.441168843,0.026940945,-1.154570202,0.055856587,3,100.0,US.GLW,5.6,9.1,3.9,4.0431,-0.01789019123997536,139509391432.5,"成交额 $529,080 ≥ 阈值 $500,000 | 成交量 849 手",US.GLW,2026-05-06 10:02:01
US.GOOG260515C385000,GOOG 260515 385.00C,384.27,4556,3419831.0,CALL,2026-05-15,385.0,1683,29.478,0.501977301,0.021510604,-0.406747244,0.25098444,10,100.0,US.GOOG,6.15,10.4,5.7,5.45,-0.001899705935930513,4655815320000.0,"成交额 $3,419,831 ≥ 阈值 $500,000 | 成交量 4,556 手",US.GOOG,2026-05-06 10:02:38
US.GOOG260508C385000,GOOG 260508 385.00C,384.27,6881,2989494.0,CALL,2026-05-08,385.0,2992,32.127,0.482550219,0.036967003,-0.874835183,0.133750987,3,100.0,US.GOOG,2.7,7.3,2.7,2.6547,-0.001899705935930513,4655815320000.0,"成交额 $2,989,494 ≥ 阈值 $500,000 | 成交量 6,881 手",US.GOOG,2026-05-06 10:02:38
US.GOOG260918C470000,GOOG 260918 470.00C,384.27,2883,2257679.0,CALL,2026-09-18,470.0,288,32.395,0.197071262,0.003654575,-0.084331407,0.65015301,136,100.0,US.GOOG,7.85,8.14,7.48,7.4,-0.2230983423113957,4655815320000.0,"成交额 $2,257,679 ≥ 阈值 $500,000 | 成交量 2,883 手",US.GOOG,2026-05-06 10:02:38
US.GOOG260618C380000,GOOG 260618 380.00C,384.27,1154,2186656.0,CALL,2026-06-18,380.0,9351,30.845,0.578769302,0.009527715,-0.204620279,0.520564016,44,100.0,US.GOOG,17.44,22.05,16.85,16.6905,0.01111197855674391,4655815320000.0,"成交额 $2,186,656 ≥ 阈值 $500,000 | 成交量 1,154 手",US.GOOG,2026-05-06 10:02:38
US.GOOG260508C390000,GOOG 260508 390.00C,384.27,7672,2055568.0,CALL,2026-05-08,390.0,2210,31.708,0.304788383,0.032908138,-0.728323644,0.117497647,3,100.0,US.GOOG,1.65,4.6,1.39,1.4,-0.014911390428604935,4655815320000.0,"成交额 $2,055,568 ≥ 阈值 $500,000 | 成交量 7,672 手",US.GOOG,2026-05-06 10:02:38
US.GOOG260918C450000,GOOG 260918 450.00C,384.27,1556,1787989.0,CALL,2026-09-18,450.0,997,32.287,0.262769648,0.00430977,-0.099873979,0.764219788,136,100.0,US.GOOG,11.3,12.7,10.65,10.55,-0.171051604340698,4655815320000.0,"成交额 $1,787,989 ≥ 阈值 $500,000 | 成交量 1,556 手",US.GOOG,2026-05-06 10:02:38
US.GOOG260618C350000,GOOG 260618 350.00C,384.27,428,1731587.0,CALL,2026-06-18,350.0,12292,32.016,0.825646331,0.006035374,-0.152960624,0.342172257,44,100.0,US.GOOG,40.0,44.31,38.4,36.6479,0.08918208551279044,4655815320000.0,"成交额 $1,731,587 ≥ 阈值 $500,000 | 成交量 428 手",US.GOOG,2026-05-06 10:02:38
US.GOOG260508C387500,GOOG 260508 387.50C,384.27,4431,1631380.0,CALL,2026-05-08,387.5,908,32.278,0.392413951,0.035482285,-0.835857806,0.12897603,3,100.0,US.GOOG,1.99,5.76,1.97,1.955,-0.008405548182267724,4655815320000.0,"成交额 $1,631,380 ≥ 阈值 $500,000 | 成交量 4,431 手",US.GOOG,2026-05-06 10:02:38
US.GOOG260605C305000,GOOG 260605 305.00C,384.27,200,1628314.0,CALL,2026-06-05,305.0,7,38.983,0.983178082,0.000960396,-0.05834193,0.046654736,31,100.0,US.GOOG,81.86,81.86,80.67,76.4312,0.20628724594686024,4655815320000.0,"成交额 $1,628,314 ≥ 阈值 $500,000 | 成交量 200 手",US.GOOG,2026-05-06 10:02:38
US.GOOG260515C320000,GOOG 260515 320.00C,384.27,249,1613255.0,CALL,2026-05-15,320.0,18312,0.0,0.0,0.0,0.0,0.0,10,100.0,US.GOOG,63.63,67.0,63.42,60.2623,0.16725219246883696,4655815320000.0,"成交额 $1,613,255 ≥ 阈值 $500,000 | 成交量 249 手",US.GOOG,2026-05-06 10:02:38
US.GOOG260605C310000,GOOG 260605 310.00C,384.27,210,1605276.0,CALL,2026-06-05,310.0,19,39.804,0.973944145,0.001362096,-0.07249042,0.067535285,31,100.0,US.GOOG,76.91,76.95,74.88,71.539,0.1932755614541858,4655815320000.0,"成交额 $1,605,276 ≥ 阈值 $500,000 | 成交量 210 手",US.GOOG,2026-05-06 10:02:38
US.GOOG260605C315000,GOOG 260605 315.00C,384.27,215,1524966.0,CALL,2026-06-05,315.0,53,39.07,0.966788249,0.001697419,-0.081448563,0.082595882,31,100.0,US.GOOG,70.96,71.0,70.58,66.6468,0.1802638769615114,4655815320000.0,"成交额 $1,524,966 ≥ 阈值 $500,000 | 成交量 215 手",US.GOOG,2026-05-06 10:02:38
US.GOOG260515C375000,GOOG 260515 375.00C,384.27,1013,1412649.0,CALL,2026-05-15,375.0,4259,30.926,0.700835366,0.017847462,-0.377946123,0.218442158,10,100.0,US.GOOG,12.25,17.0,11.25,10.4362,0.02412366304941833,4655815320000.0,"成交额 $1,412,649 ≥ 阈值 $500,000 | 成交量 1,013 手",US.GOOG,2026-05-06 10:02:38
US.GOOG260508C350000,GOOG 260508 350.00C,384.27,419,1411419.0,CALL,2026-05-08,350.0,2276,0.0,0.0,0.0,0.0,0.0,3,100.0,US.GOOG,38.74,38.75,31.9,29.9888,0.08918208551279044,4655815320000.0,"成交额 $1,411,419 ≥ 阈值 $500,000 | 成交量 419 手",US.GOOG,2026-05-06 10:02:38
US.GOOG260508C380000,GOOG 260508 380.00C,384.27,1919,1390633.0,CALL,2026-05-08,380.0,2528,33.02,0.659650959,0.033079191,-0.820596908,0.123001857,3,100.0,US.GOOG,5.66,10.7,4.95,4.775,0.01111197855674391,4655815320000.0,"成交额 $1,390,633 ≥ 阈值 $500,000 | 成交量 1,919 手",US.GOOG,2026-05-06 10:02:38
US.GOOG260515C380000,GOOG 260515 380.00C,384.27,1273,1258078.0,CALL,2026-05-15,380.0,5675,30.079,0.606908849,0.020319642,-0.403658188,0.241912566,10,100.0,US.GOOG,9.95,13.39,7.88,7.605,0.01111197855674391,4655815320000.0,"成交额 $1,258,078 ≥ 阈值 $500,000 | 成交量 1,273 手",US.GOOG,2026-05-06 10:02:38
US.GOOG260618C400000,GOOG 260618 400.00C,384.27,1095,1174971.0,CALL,2026-06-18,400.0,11951,30.068,0.385382016,0.00955458,-0.189282169,0.508854025,44,100.0,US.GOOG,8.35,12.3,8.35,8.525,-0.04093475941395378,4655815320000.0,"成交额 $1,174,971 ≥ 阈值 $500,000 | 成交量 1,095 手",US.GOOG,2026-05-06 10:02:38
US.GOOG260522C390000,GOOG 260522 390.00C,384.27,1373,1103867.0,CALL,2026-05-22,390.0,3543,31.491,0.436157298,0.015176776,-0.324709447,0.324509179,17,100.0,US.GOOG,7.57,10.7,7.05,6.25,-0.014911390428604935,4655815320000.0,"成交额 $1,103,867 ≥ 阈值 $500,000 | 成交量 1,373 手",US.GOOG,2026-05-06 10:02:38
US.GOOG260618C385000,GOOG 260618 385.00C,384.27,625,1054094.0,CALL,2026-06-18,385.0,2451,30.656,0.530370341,0.009749374,-0.205018964,0.529413798,44,100.0,US.GOOG,16.85,19.4,14.98,14.225,-0.001899705935930513,4655815320000.0,"成交额 $1,054,094 ≥ 阈值 $500,000 | 成交量 625 手",US.GOOG,2026-05-06 10:02:38
US.GOOG260515C390000,GOOG 260515 390.00C,384.27,1800,985112.0,CALL,2026-05-15,390.0,2972,29.26,0.395616249,0.020924908,-0.385695353,0.242334799,10,100.0,US.GOOG,4.85,7.61,3.85,3.725,-0.014911390428604935,4655815320000.0,"成交额 $985,112 ≥ 阈值 $500,000 | 成交量 1,800 手",US.GOOG,2026-05-06 10:02:38
US.GOOG260508C382500,GOOG 260508 382.50C,384.27,1765,964910.0,CALL,2026-05-08,382.5,1215,32.556,0.573906308,0.035886421,-0.873575059,0.1315735,3,100.0,US.GOOG,4.07,8.83,3.7,3.675,0.004606136310406698,4655815320000.0,"成交额 $964,910 ≥ 阈值 $500,000 | 成交量 1,765 手",US.GOOG,2026-05-06 10:02:38
US.GOOG260508C370000,GOOG 260508 370.00C,384.27,585,947031.0,CALL,2026-05-08,370.0,1781,32.657,0.911627461,0.014617766,-0.31822324,0.053742735,3,100.0,US.GOOG,12.85,19.25,11.9,11.3954,0.03713534754209275,4655815320000.0,"成交额 $947,031 ≥ 阈值 $500,000 | 成交量 585 手",US.GOOG,2026-05-06 10:02:38
US.GOOG260717C380000,GOOG 260717 380.00C,384.27,374,916220.0,CALL,2026-07-17,380.0,3260,31.482,0.579742069,0.007236612,-0.165256367,0.67084127,73,100.0,US.GOOG,23.3,27.06,23.28,21.993,0.01111197855674391,4655815320000.0,"成交额 $916,220 ≥ 阈值 $500,000 | 成交量 374 手",US.GOOG,2026-05-06 10:02:38
US.GOOG260515C395000,GOOG 260515 395.00C,384.27,2345,891536.0,CALL,2026-05-15,395.0,5657,28.87,0.295134223,0.019000223,-0.336658181,0.2170811,10,100.0,US.GOOG,2.72,5.4,2.69,2.49,-0.027923074921279357,4655815320000.0,"成交额 $891,536 ≥ 阈值 $500,000 | 成交量 2,345 手",US.GOOG,2026-05-06 10:02:38
US.GOOG260717C385000,GOOG 260717 385.00C,384.27,371,848787.0,CALL,2026-07-17,385.0,1997,31.423,0.543077875,0.007355339,-0.165941504,0.680573151,73,100.0,US.GOOG,23.7,24.8,20.85,19.5751,-0.001899705935930513,4655815320000.0,"成交额 $848,787 ≥ 阈值 $500,000 | 成交量 371 手",US.GOOG,2026-05-06 10:02:38
US.GOOG260618C390000,GOOG 260618 390.00C,384.27,562,811625.0,CALL,2026-06-18,390.0,3593,30.768,0.482142871,0.009732587,-0.204402112,0.53041854,44,100.0,US.GOOG,13.34,16.75,12.9,12.05,-0.014911390428604935,4655815320000.0,"成交额 $811,625 ≥ 阈值 $500,000 | 成交量 562 手",US.GOOG,2026-05-06 10:02:38
US.GOOG260618C370000,GOOG 260618 370.00C,384.27,313,793487.0,CALL,2026-06-18,370.0,3756,30.578,0.674133826,0.008853279,-0.191591881,0.47949419,44,100.0,US.GOOG,24.45,28.13,23.3,22.3634,0.03713534754209275,4655815320000.0,"成交额 $793,487 ≥ 阈值 $500,000 | 成交量 313 手",US.GOOG,2026-05-06 10:02:38
US.GOOG260515P420000,GOOG 260515 420.00P,384.27,208,750557.0,PUT,2026-05-15,420.0,2,37.352,-0.926346984,0.006679042,-0.135775802,0.086598399,10,100.0,US.GOOG,32.05,36.98,32.0,40.422,0.09298149738465147,4655815320000.0,"成交额 $750,557 ≥ 阈值 $500,000 | 成交量 208 手",US.GOOG,2026-05-06 10:02:38
US.GOOG260821C400000,GOOG 260821 400.00C,384.27,317,749365.0,CALL,2026-08-21,400.0,2059,33.748,0.472636137,0.005647585,-0.146158289,0.831090018,108,100.0,US.GOOG,22.65,25.07,21.75,20.6909,-0.04093475941395378,4655815320000.0,"成交额 $749,365 ≥ 阈值 $500,000 | 成交量 317 手",US.GOOG,2026-05-06 10:02:38
US.GOOG260515C350000,GOOG 260515 350.00C,384.27,204,731366.0,CALL,2026-05-15,350.0,6364,39.843,0.930496921,0.005327049,-0.198294249,0.083993594,10,100.0,US.GOOG,34.2,39.16,32.26,30.8385,0.08918208551279044,4655815320000.0,"成交额 $731,366 ≥ 阈值 $500,000 | 成交量 204 手",US.GOOG,2026-05-06 10:02:38
US.GOOG260515C352500,GOOG 260515 352.50C,384.27,221,719033.0,CALL,2026-05-15,352.5,148,31.652,0.956357162,0.004643857,-0.123053738,0.058175193,10,100.0,US.GOOG,35.95,35.95,31.75,28.5107,0.08267624326645323,4655815320000.0,"成交额 $719,033 ≥ 阈值 $500,000 | 成交量 221 手",US.GOOG,2026-05-06 10:02:38
US.GOOG260529C385000,GOOG 260529 385.00C,384.27,594,710409.0,CALL,2026-05-29,385.0,798,30.386,0.517863307,0.013371089,-0.271011087,0.390934754,24,100.0,US.GOOG,11.0,14.0,10.75,9.525,-0.001899705935930513,4655815320000.0,"成交额 $710,409 ≥ 阈值 $500,000 | 成交量 594 手",US.GOOG,2026-05-06 10:02:38
US.GOOG260515C400000,GOOG 260515 400.00C,384.27,2946,679398.0,CALL,2026-05-15,400.0,5246,28.91,0.210879808,0.015883873,-0.27798696,0.181704859,10,100.0,US.GOOG,1.7,3.9,1.1,1.61,-0.04093475941395378,4655815320000.0,"成交额 $679,398 ≥ 阈值 $500,000 | 成交量 2,946 手",US.GOOG,2026-05-06 10:02:38
US.GOOG260515P380000,GOOG 260515 380.00P,384.27,1216,672088.0,PUT,2026-05-15,380.0,1915,29.479,-0.392062078,0.020763221,-0.359247848,0.241603391,10,100.0,US.GOOG,6.0,6.94,4.25,7.475,-0.01111197855674391,4655815320000.0,"成交额 $672,088 ≥ 阈值 $500,000 | 成交量 1,216 手",US.GOOG,2026-05-06 10:02:38
US.GOOG260508C395000,GOOG 260508 395.00C,384.27,4214,601917.0,CALL,2026-05-08,395.0,1799,31.823,0.166742455,0.023402547,-0.477978066,0.083843898,3,100.0,US.GOOG,1.0,2.59,0.65,0.72,-0.027923074921279357,4655815320000.0,"成交额 $601,917 ≥ 阈值 $500,000 | 成交量 4,214 手",US.GOOG,2026-05-06 10:02:38
US.GOOG260508P380000,GOOG 260508 380.00P,384.27,2004,586718.0,PUT,2026-05-08,380.0,1117,32.235,-0.33713103,0.033779074,-0.761104555,0.122532938,3,100.0,US.GOOG,4.29,4.3,1.7,4.9636,-0.01111197855674391,4655815320000.0,"成交额 $586,718 ≥ 阈值 $500,000 | 成交量 2,004 手",US.GOOG,2026-05-06 10:02:38
US.GOOG260717C375000,GOOG 260717 375.00C,384.27,211,577459.0,CALL,2026-07-17,375.0,1508,31.719,0.615733504,0.007018828,-0.164093275,0.655540176,73,100.0,US.GOOG,28.0,30.85,26.25,24.411,0.02412366304941833,4655815320000.0,"成交额 $577,459 ≥ 阈值 $500,000 | 成交量 211 手",US.GOOG,2026-05-06 10:02:38
US.GOOG260508C377500,GOOG 260508 377.50C,384.27,630,568712.0,CALL,2026-05-08,377.5,652,32.794,0.740412635,0.0294492,-0.706911557,0.108745679,3,100.0,US.GOOG,7.7,12.42,6.65,6.0634,0.017617820803081122,4655815320000.0,"成交额 $568,712 ≥ 阈值 $500,000 | 成交量 630 手",US.GOOG,2026-05-06 10:02:38
US.GOOG260605C390000,GOOG 260605 390.00C,384.27,479,550509.0,CALL,2026-06-05,390.0,2474,29.191,0.461715536,0.012189715,-0.228338458,0.443148987,31,100.0,US.GOOG,10.6,13.52,9.85,9.1821,-0.014911390428604935,4655815320000.0,"成交额 $550,509 ≥ 阈值 $500,000 | 成交量 479 手",US.GOOG,2026-05-06 10:02:38
US.GOOG260508C400000,GOOG 260508 400.00C,384.27,10110,541623.0,CALL,2026-05-08,400.0,3405,32.703,0.083676324,0.014012753,-0.26900506,0.051592137,3,100.0,US.GOOG,0.35,1.41,0.3,0.34,-0.04093475941395378,4655815320000.0,"成交额 $541,623 ≥ 阈值 $500,000 | 成交量 10,110 手",US.GOOG,2026-05-06 10:02:38
US.GOOG260508P385000,GOOG 260508 385.00P,384.27,1091,516322.0,PUT,2026-05-08,385.0,205,31.182,-0.518709432,0.03813857,-0.812433928,0.133691584,3,100.0,US.GOOG,5.85,6.9,3.2,7.85,0.001899705935930513,4655815320000.0,"成交额 $516,322 ≥ 阈值 $500,000 | 成交量 1,091 手",US.GOOG,2026-05-06 10:02:38
US.GOOG260522C400000,GOOG 260522 400.00C,384.27,965,514796.0,CALL,2026-05-22,400.0,2787,31.098,0.293479314,0.013432325,-0.27595779,0.28359166,17,100.0,US.GOOG,3.75,6.35,3.75,3.5413,-0.04093475941395378,4655815320000.0,"成交额 $514,796 ≥ 阈值 $500,000 | 成交量 965 手",US.GOOG,2026-05-06 10:02:38
US.GPN260618C70000,GPN 260618 70.00C,69.47,2626,1183860.0,CALL,2026-06-18,70.0,164,51.159,0.528006536,0.032330384,-0.059436438,0.095750941,44,100.0,US.GPN,4.6,4.99,4.5,6.0524,-0.0076291924571757755,19121132113.11,"成交额 $1,183,860 ≥ 阈值 $500,000 | 成交量 2,626 手",US.GPN,2026-05-06 10:03:11
US.GPN260515P70000,GPN 260515 70.00P,69.47,2382,890607.0,PUT,2026-05-15,70.0,1160,76.099,-0.496678137,0.04614356,-0.17767648,0.0453643,10,100.0,US.GPN,3.5,4.0,3.2,2.65,0.0076291924571757755,19121132113.11,"成交额 $890,607 ≥ 阈值 $500,000 | 成交量 2,382 手",US.GPN,2026-05-06 10:03:11
US.HD260515P380000,HD 260515 380.00P,315.42,350,2226000.0,PUT,2026-05-15,380.0,343,0.0,0.0,0.0,0.0,0.0,10,100.0,US.HD,63.6,63.6,63.6,67.58,0.20474288250586514,314167043886.36,"成交额 $2,226,000 ≥ 阈值 $500,000 | 成交量 350 手",US.HD,2026-05-06 10:04:58
US.HD260515P360000,HD 260515 360.00P,315.42,401,1748780.0,PUT,2026-05-15,360.0,632,0.0,0.0,0.0,0.0,0.0,10,100.0,US.HD,47.8,47.8,43.6,47.58,0.1413353623739775,314167043886.36,"成交额 $1,748,780 ≥ 阈值 $500,000 | 成交量 401 手",US.HD,2026-05-06 10:04:58
US.HD260821P310000,HD 260821 310.00P,315.42,314,595369.0,PUT,2026-08-21,310.0,93,33.904,-0.408065878,0.00678673,-0.092569075,0.663573968,108,100.0,US.HD,19.45,19.45,18.55,19.972,-0.0171834379557416,314167043886.36,"成交额 $595,369 ≥ 阈值 $500,000 | 成交量 314 手",US.HD,2026-05-06 10:04:58
US.HOOD260821C65000,HOOD 260821 65.00C,77.03,1036,1869472.0,CALL,2026-08-21,65.0,277,66.385,0.751995884,0.011387022,-0.044869699,0.132448,108,100.0,US.HOOD,17.63,18.55,17.6,17.3433,0.15617291964169805,69365904540.71,"成交额 $1,869,472 ≥ 阈值 $500,000 | 成交量 1,036 手",US.HOOD,2026-05-06 10:06:23
US.HOOD260618P85000,HOOD 260618 85.00P,77.03,1583,1750268.0,PUT,2026-06-18,85.0,4363,58.57,-0.644251076,0.024178697,-0.061684654,0.09921078,44,100.0,US.HOOD,10.9,11.46,10.6,11.4719,0.10346618200701024,69365904540.71,"成交额 $1,750,268 ≥ 阈值 $500,000 | 成交量 1,583 手",US.HOOD,2026-05-06 10:06:23
US.HOOD260508C78000,HOOD 260508 78.00C,77.03,9452,1692420.0,CALL,2026-05-08,78.0,5148,70.83,0.433705346,0.082583708,-0.375355742,0.026460716,3,100.0,US.HOOD,1.9,2.34,1.4,1.59,-0.012592496429962338,69365904540.71,"成交额 $1,692,420 ≥ 阈值 $500,000 | 成交量 9,452 手",US.HOOD,2026-05-06 10:06:23
US.HOOD260618C70000,HOOD 260618 70.00C,77.03,1248,1363264.0,CALL,2026-06-18,70.0,17892,61.942,0.716892774,0.020478708,-0.068611163,0.090283628,44,100.0,US.HOOD,10.95,11.6,10.45,10.2605,0.09126314422952098,69365904540.71,"成交额 $1,363,264 ≥ 阈值 $500,000 | 成交量 1,248 手",US.HOOD,2026-05-06 10:06:23
US.HOOD260508C80000,HOOD 260508 80.00C,77.03,12079,1273398.0,CALL,2026-05-08,80.0,12290,69.994,0.279629498,0.071459242,-0.303436607,0.022625387,3,100.0,US.HOOD,1.1,1.43,0.77,0.94,-0.03855640659483316,69365904540.71,"成交额 $1,273,398 ≥ 阈值 $500,000 | 成交量 12,079 手",US.HOOD,2026-05-06 10:06:23
US.HOOD260618C55000,HOOD 260618 55.00C,77.03,460,1080920.0,CALL,2026-06-18,55.0,3325,74.04,0.927694059,0.006968612,-0.035751556,0.036721077,44,100.0,US.HOOD,23.83,23.87,22.75,22.4503,0.2859924704660522,69365904540.71,"成交额 $1,080,920 ≥ 阈值 $500,000 | 成交量 460 手",US.HOOD,2026-05-06 10:06:23
US.HOOD260618C80000,HOOD 260618 80.00C,77.03,1888,1033096.0,CALL,2026-06-18,80.0,9612,59.949,0.477100567,0.024902448,-0.076288713,0.106256792,44,100.0,US.HOOD,5.41,5.96,5.0,5.075,-0.03855640659483316,69365904540.71,"成交额 $1,033,096 ≥ 阈值 $500,000 | 成交量 1,888 手",US.HOOD,2026-05-06 10:06:23
US.HOOD260515P80000,HOOD 260515 80.00P,77.03,1964,912500.0,PUT,2026-05-15,80.0,5023,62.353,-0.622360308,0.048471541,-0.151453741,0.04790326,10,100.0,US.HOOD,4.45,5.22,4.1,5.2748,0.03855640659483316,69365904540.71,"成交额 $912,500 ≥ 阈值 $500,000 | 成交量 1,964 手",US.HOOD,2026-05-06 10:06:23
US.HOOD260508C76000,HOOD 260508 76.00C,77.03,3232,910793.0,CALL,2026-05-08,76.0,8755,71.44,0.599259031,0.080443449,-0.373036758,0.025997173,3,100.0,US.HOOD,2.78,3.55,2.32,2.4979,0.013371413734908492,69365904540.71,"成交额 $910,793 ≥ 阈值 $500,000 | 成交量 3,232 手",US.HOOD,2026-05-06 10:06:23
US.HOOD260508C77000,HOOD 260508 77.00C,77.03,3633,825189.0,CALL,2026-05-08,77.0,7505,71.19,0.516669281,0.083246321,-0.384763018,0.026808728,3,100.0,US.HOOD,2.5,2.9,1.81,2.015,0.0003894586524730772,69365904540.71,"成交额 $825,189 ≥ 阈值 $500,000 | 成交量 3,633 手",US.HOOD,2026-05-06 10:06:23
US.HOOD260515C80000,HOOD 260515 80.00C,77.03,3394,751150.0,CALL,2026-05-15,80.0,10724,62.579,0.378830493,0.048201952,-0.159669564,0.047970255,10,100.0,US.HOOD,2.28,2.65,1.88,1.97,-0.03855640659483316,69365904540.71,"成交额 $751,150 ≥ 阈值 $500,000 | 成交量 3,394 手",US.HOOD,2026-05-06 10:06:23
US.HOOD261120C80000,HOOD 261120 80.00C,77.03,513,743717.0,CALL,2026-11-20,80.0,859,65.817,0.581481566,0.010438444,-0.039843107,0.222060138,199,100.0,US.HOOD,14.05,14.9,14.05,13.95,-0.03855640659483316,69365904540.71,"成交额 $743,717 ≥ 阈值 $500,000 | 成交量 513 手",US.HOOD,2026-05-06 10:06:23
US.HOOD261016C75000,HOOD 261016 75.00C,77.03,479,712802.0,CALL,2026-10-16,75.0,1113,63.065,0.62285188,0.011673514,-0.041147787,0.196013171,164,100.0,US.HOOD,14.47,15.28,14.42,14.3918,0.026353368817343906,69365904540.71,"成交额 $712,802 ≥ 阈值 $500,000 | 成交量 479 手",US.HOOD,2026-05-06 10:06:23
US.HOOD260618C95000,HOOD 260618 95.00C,77.03,4194,675324.0,CALL,2026-06-18,95.0,5846,61.012,0.193234649,0.016844636,-0.052286217,0.073142728,44,100.0,US.HOOD,1.67,1.83,1.5,1.495,-0.2332857328313644,69365904540.71,"成交额 $675,324 ≥ 阈值 $500,000 | 成交量 4,194 手",US.HOOD,2026-05-06 10:06:23
US.HOOD260522P78000,HOOD 260522 78.00P,77.03,1435,610723.0,PUT,2026-05-22,78.0,287,61.343,-0.507307153,0.039463349,-0.118284794,0.06585854,17,100.0,US.HOOD,4.27,4.75,4.15,4.8936,0.012592496429962338,69365904540.71,"成交额 $610,723 ≥ 阈值 $500,000 | 成交量 1,435 手",US.HOOD,2026-05-06 10:06:23
US.HOOD261016C85000,HOOD 261016 85.00C,77.03,552,592681.0,CALL,2026-10-16,85.0,745,62.147,0.5042905,0.01243983,-0.041960395,0.205839825,164,100.0,US.HOOD,10.47,10.75,10.3,10.3,-0.10346618200701024,69365904540.71,"成交额 $592,681 ≥ 阈值 $500,000 | 成交量 552 手",US.HOOD,2026-05-06 10:06:23
US.HOOD260618C85000,HOOD 260618 85.00C,77.03,1609,590346.0,CALL,2026-06-18,85.0,5482,59.651,0.362345456,0.023560704,-0.070870917,0.100029287,44,100.0,US.HOOD,3.9,4.05,3.42,3.425,-0.10346618200701024,69365904540.71,"成交额 $590,346 ≥ 阈值 $500,000 | 成交量 1,609 手",US.HOOD,2026-05-06 10:06:23
US.HOOD260618C75000,HOOD 260618 75.00C,77.03,751,586603.0,CALL,2026-06-18,75.0,7715,60.731,0.599799881,0.023847846,-0.075748703,0.10308432,44,100.0,US.HOOD,8.05,8.4,7.4,7.3223,0.026353368817343906,69365904540.71,"成交额 $586,603 ≥ 阈值 $500,000 | 成交量 751 手",US.HOOD,2026-05-06 10:06:23
US.HOOD260717P60000,HOOD 260717 60.00P,77.03,2927,561765.0,PUT,2026-07-17,60.0,4422,63.67,-0.14814185,0.010568738,-0.033639875,0.079519238,73,100.0,US.HOOD,1.85,2.0,1.78,1.975,-0.22108269505387512,69365904540.71,"成交额 $561,765 ≥ 阈值 $500,000 | 成交量 2,927 手",US.HOOD,2026-05-06 10:06:23
US.HOOD260515C75000,HOOD 260515 75.00C,77.03,1188,556814.0,CALL,2026-05-15,75.0,7802,63.772,0.624499218,0.047170452,-0.164234157,0.047839208,10,100.0,US.HOOD,4.65,5.27,4.1,4.1998,0.026353368817343906,69365904540.71,"成交额 $556,814 ≥ 阈值 $500,000 | 成交量 1,188 手",US.HOOD,2026-05-06 10:06:23
US.HOOD260618P70000,HOOD 260618 70.00P,77.03,1759,551823.0,PUT,2026-06-18,70.0,16447,60.849,-0.281532182,0.020827458,-0.060623971,0.090014657,44,100.0,US.HOOD,3.15,3.3,2.89,3.325,-0.09126314422952098,69365904540.71,"成交额 $551,823 ≥ 阈值 $500,000 | 成交量 1,759 手",US.HOOD,2026-05-06 10:06:23
US.IBM260515P260000,IBM 260515 260.00P,229.03,508,1651999.0,PUT,2026-05-15,260.0,1535,69.755,-0.853597138,0.008927528,-0.285524444,0.085842003,10,100.0,US.IBM,33.18,33.18,32.35,32.1183,0.13522245993974588,215261925678.4,"成交额 $1,651,999 ≥ 阈值 $500,000 | 成交量 508 手",US.IBM,2026-05-06 10:09:00
US.ISRG260717P490000,ISRG 260717 490.00P,451.38,245,1159627.0,PUT,2026-07-17,490.0,32,28.864,-0.710050658,0.0063438,-0.109942998,0.681014372,73,100.0,US.ISRG,47.45,47.45,46.7,46.4307,0.08555983871682397,159862023621.96,"成交额 $1,159,627 ≥ 阈值 $500,000 | 成交量 245 手",US.ISRG,2026-05-06 10:11:53
US.ISRG260618P490000,ISRG 260618 490.00P,451.38,242,1068837.0,PUT,2026-06-18,490.0,452,27.873,-0.787876922,0.007303457,-0.115958891,0.446315764,44,100.0,US.ISRG,44.1,44.2,44.1,42.9333,0.08555983871682397,159862023621.96,"成交额 $1,068,837 ≥ 阈值 $500,000 | 成交量 242 手",US.ISRG,2026-05-06 10:11:53
US.ISRG260918C470000,ISRG 260918 470.00C,451.38,241,746312.0,CALL,2026-09-18,470.0,91,33.044,0.487024641,0.004383604,-0.152711752,1.097561152,136,100.0,US.ISRG,31.3,32.6,26.78,30.9748,-0.04125127387123932,159862023621.96,"成交额 $746,312 ≥ 阈值 $500,000 | 成交量 241 手",US.ISRG,2026-05-06 10:11:53
US.ISRG260918C545000,ISRG 260918 545.00C,451.38,615,584340.0,CALL,2026-09-18,545.0,21,31.442,0.207151722,0.003303193,-0.099549052,0.786716201,136,100.0,US.ISRG,9.8,9.9,9.0,9.5862,-0.20740839204218176,159862023621.96,"成交额 $584,340 ≥ 阈值 $500,000 | 成交量 615 手",US.ISRG,2026-05-06 10:11:53
US.IT260618C145000,IT 260618 145.00C,149.49,1001,1202251.0,CALL,2026-06-18,145.0,1009,53.518,0.610522104,0.013841325,-0.129782945,0.198572879,44,100.0,US.IT,11.7,13.8,11.3,15.1731,0.03003545387651354,10008637886.61,"成交额 $1,202,251 ≥ 阈值 $500,000 | 成交量 1,001 手",US.IT,2026-05-06 10:11:54
US.JBL260508P342500,JBL 260508 342.50P,337.26,3037,2058082.0,PUT,2026-05-08,342.5,6,61.579,-0.601643213,0.021460128,-1.374681771,0.112789625,3,100.0,US.JBL,3.46,10.89,3.4,7.9562,0.015536974441084057,35581814295.72,"成交额 $2,058,082 ≥ 阈值 $500,000 | 成交量 3,037 手",US.JBL,2026-05-06 10:13:03
US.JBL260508P330000,JBL 260508 330.00P,337.26,3037,772668.0,PUT,2026-05-08,330.0,2372,61.349,-0.329682555,0.020191375,-1.279464659,0.105809313,3,100.0,US.JBL,0.9,5.2,0.55,3.158,-0.021526418786692734,35581814295.72,"成交额 $772,668 ≥ 阈值 $500,000 | 成交量 3,037 手",US.JBL,2026-05-06 10:13:03
US.JBL260508C350000,JBL 260508 350.00C,337.26,2705,725794.0,CALL,2026-05-08,350.0,13,51.919,0.213188537,0.019158368,-0.828901135,0.084981209,3,100.0,US.JBL,7.15,7.15,1.95,3.3715,-0.037775010377750134,35581814295.72,"成交额 $725,794 ≥ 阈值 $500,000 | 成交量 2,705 手",US.JBL,2026-05-06 10:13:03
US.JBL260508C355000,JBL 260508 355.00C,337.26,2086,554368.0,CALL,2026-05-08,355.0,39,65.455,0.192030071,0.014275901,-0.963578209,0.079834903,3,100.0,US.JBL,4.5,4.9,0.95,2.1014,-0.05260036766886085,35581814295.72,"成交额 $554,368 ≥ 阈值 $500,000 | 成交量 2,086 手",US.JBL,2026-05-06 10:13:03
US.JBL260522P340000,JBL 260522 340.00P,337.26,357,508178.0,PUT,2026-05-22,340.0,0,48.503,-0.50479327,0.011423154,-0.406923865,0.287971793,17,100.0,US.JBL,10.9,15.6,9.6,13.1925,0.008124295795528699,35581814295.72,"成交额 $508,178 ≥ 阈值 $500,000 | 成交量 357 手",US.JBL,2026-05-06 10:13:03
US.JCI260918C150000,JCI 260918 150.00C,144.82,1624,1834967.0,CALL,2026-09-18,150.0,161,33.932,0.499672818,0.013312379,-0.050294084,0.352327108,136,100.0,US.JCI,11.3,11.4,10.62,10.7,-0.035768540256870644,88639427952.92,"成交额 $1,834,967 ≥ 阈值 $500,000 | 成交量 1,624 手",US.JCI,2026-05-06 10:13:20
US.JCI260618C135000,JCI 260618 135.00C,144.82,1209,1735110.0,CALL,2026-06-18,135.0,1675,36.955,0.741180538,0.017466406,-0.078204617,0.162216592,44,100.0,US.JCI,14.36,14.36,13.1,13.6,0.06780831376881642,88639427952.92,"成交额 $1,735,110 ≥ 阈值 $500,000 | 成交量 1,209 手",US.JCI,2026-05-06 10:13:20
US.JCI260618C130000,JCI 260618 130.00C,144.82,498,904194.0,CALL,2026-06-18,130.0,741,39.866,0.811359473,0.013517477,-0.071864488,0.135423414,44,100.0,US.JCI,18.37,18.37,17.0,17.6266,0.10233393177737878,88639427952.92,"成交额 $904,194 ≥ 阈值 $500,000 | 成交量 498 手",US.JCI,2026-05-06 10:13:20
US.JPM260515C290000,JPM 260515 290.00C,309.4,1065,2098407.0,CALL,2026-05-15,290.0,2218,29.762,0.915611917,0.010288178,-0.14333514,0.07819587,10,100.0,US.JPM,19.05,21.8,19.05,19.1137,0.0627020038784744,829040832729.2,"成交额 $2,098,407 ≥ 阈值 $500,000 | 成交量 1,065 手",US.JPM,2026-05-06 10:14:11
US.JPM260717P315000,JPM 260717 315.00P,309.4,403,646920.0,PUT,2026-07-17,315.0,691,25.326,-0.522444716,0.01171966,-0.081548073,0.547020643,73,100.0,US.JPM,16.6,16.6,16.0,17.6021,0.01809954751131229,829040832729.2,"成交额 $646,920 ≥ 阈值 $500,000 | 成交量 403 手",US.JPM,2026-05-06 10:14:11
US.KEYS260515C370000,KEYS 260515 370.00C,355.93,1055,548318.0,CALL,2026-05-15,370.0,1071,42.528,0.305294813,0.014170087,-0.463128284,0.203756634,10,100.0,US.KEYS,5.08,5.96,3.9,3.75,-0.039530244711038665,61042883045.35,"成交额 $548,318 ≥ 阈值 $500,000 | 成交量 1,055 手",US.KEYS,2026-05-06 10:14:47
US.LEN260618P105000,LEN 260618 105.00P,86.2,276,520110.0,PUT,2026-06-18,105.0,700,0.0,0.0,0.0,0.0,0.0,44,100.0,US.LEN,18.96,19.11,18.57,20.7868,0.21809744779582363,21230913115.2,"成交额 $520,110 ≥ 阈值 $500,000 | 成交量 276 手",US.LEN,2026-05-06 10:17:40
US.LIN260717C515000,LIN 260717 515.00C,500.29,410,529302.0,CALL,2026-07-17,515.0,124,21.942,0.43146022,0.008020239,-0.152893689,0.877774065,73,100.0,US.LIN,12.8,13.83,12.8,12.0676,-0.02940294629115109,231307735719.9,"成交额 $529,302 ≥ 阈值 $500,000 | 成交量 410 手",US.LIN,2026-05-06 10:18:48
US.LITE260618C1000000,LITE 260618 1000.00C,994.56,582,8449004.0,CALL,2026-06-18,1000.0,357,103.357,0.569802429,0.001103874,-1.650038062,1.352465145,44,100.0,US.LITE,137.79,154.0,132.0,132.0667,-0.005469755469755525,71011584000.0,"成交额 $8,449,004 ≥ 阈值 $500,000 | 成交量 582 手",US.LITE,2026-05-06 10:18:51
US.LITE260508C1000000,LITE 260508 1000.00C,994.56,831,5137125.0,CALL,2026-05-08,1000.0,454,170.401,0.515460504,0.002714001,-11.934275532,0.343624316,3,100.0,US.LITE,51.6,72.0,45.0,51.1453,-0.005469755469755525,71011584000.0,"成交额 $5,137,125 ≥ 阈值 $500,000 | 成交量 831 手",US.LITE,2026-05-06 10:18:51
US.LITE260508C1100000,LITE 260508 1100.00C,994.56,1952,4758975.0,CALL,2026-05-08,1100.0,768,171.365,0.273472853,0.002252693,-9.442688525,0.286828644,3,100.0,US.LITE,18.2,31.01,18.0,21.2486,-0.10601673101673108,71011584000.0,"成交额 $4,758,975 ≥ 阈值 $500,000 | 成交量 1,952 手",US.LITE,2026-05-06 10:18:51
US.LITE260515C1100000,LITE 260515 1100.00C,994.56,746,3268593.0,CALL,2026-05-15,1100.0,408,120.213,0.34092995,0.001877864,-3.779648839,0.595964789,10,100.0,US.LITE,40.0,48.5,35.0,37.5227,-0.10601673101673108,71011584000.0,"成交额 $3,268,593 ≥ 阈值 $500,000 | 成交量 746 手",US.LITE,2026-05-06 10:18:51
US.LITE260618P900000,LITE 260618 900.00P,994.56,351,3008832.0,PUT,2026-06-18,900.0,253,102.831,-0.319295313,0.001010582,-1.417131022,1.230028435,44,100.0,US.LITE,98.0,98.5,84.08,98.5371,-0.09507722007722003,71011584000.0,"成交额 $3,008,832 ≥ 阈值 $500,000 | 成交量 351 手",US.LITE,2026-05-06 10:18:51
US.LITE260508C900000,LITE 260508 900.00C,994.56,238,2923220.0,CALL,2026-05-08,900.0,330,171.251,0.773121789,0.002041267,-8.599926278,0.259736563,3,100.0,US.LITE,112.0,133.5,105.0,104.2308,0.09507722007722003,71011584000.0,"成交额 $2,923,220 ≥ 阈值 $500,000 | 成交量 238 手",US.LITE,2026-05-06 10:18:51
US.LITE260508P1000000,LITE 260508 1000.00P,994.56,506,2879743.0,PUT,2026-05-08,1000.0,86,167.722,-0.485267481,0.002757958,-11.649990675,0.343642595,3,100.0,US.LITE,61.78,68.29,50.0,74.99,0.005469755469755525,71011584000.0,"成交额 $2,879,743 ≥ 阈值 $500,000 | 成交量 506 手",US.LITE,2026-05-06 10:18:51
US.LITE260508C1050000,LITE 260508 1050.00C,994.56,663,2611457.0,CALL,2026-05-08,1050.0,672,174.47,0.389235093,0.002549789,-11.555202695,0.330540671,3,100.0,US.LITE,32.82,48.0,30.46,33.6523,-0.0557432432432433,71011584000.0,"成交额 $2,611,457 ≥ 阈值 $500,000 | 成交量 663 手",US.LITE,2026-05-06 10:18:51
US.LITE260515C1000000,LITE 260515 1000.00C,994.56,315,2540201.0,CALL,2026-05-15,1000.0,626,120.198,0.530036978,0.002036921,-4.141765562,0.646368556,10,100.0,US.LITE,76.0,89.5,68.0,69.4241,-0.005469755469755525,71011584000.0,"成交额 $2,540,201 ≥ 阈值 $500,000 | 成交量 315 手",US.LITE,2026-05-06 10:18:51
US.LITE260918P740000,LITE 260918 740.00P,994.56,208,2082650.0,PUT,2026-09-18,740.0,36,99.617,-0.209035471,0.000477064,-0.614680552,1.743800584,136,100.0,US.LITE,100.1,102.8,97.1,104.5477,-0.25595238095238093,71011584000.0,"成交额 $2,082,650 ≥ 阈值 $500,000 | 成交量 208 手",US.LITE,2026-05-06 10:18:51
US.LITE260515C1150000,LITE 260515 1150.00C,994.56,611,1952618.0,CALL,2026-05-15,1150.0,436,123.486,0.269566368,0.001646603,-3.468720659,0.536797477,10,100.0,US.LITE,30.3,34.9,26.79,26.8995,-0.15629021879021884,71011584000.0,"成交额 $1,952,618 ≥ 阈值 $500,000 | 成交量 611 手",US.LITE,2026-05-06 10:18:51
US.LITE260618P800000,LITE 260618 800.00P,994.56,361,1834412.0,PUT,2026-06-18,800.0,3172,104.446,-0.21358566,0.000810014,-1.177072442,1.002131931,44,100.0,US.LITE,58.0,58.0,48.85,57.2834,-0.19562419562419558,71011584000.0,"成交额 $1,834,412 ≥ 阈值 $500,000 | 成交量 361 手",US.LITE,2026-05-06 10:18:51
US.LITE260508P990000,LITE 260508 990.00P,994.56,293,1626624.0,PUT,2026-05-08,990.0,76,167.848,-0.457745492,0.002742227,-11.604961448,0.341947078,3,100.0,US.LITE,64.0,64.0,46.85,69.4226,-0.004584942084942031,71011584000.0,"成交额 $1,626,624 ≥ 阈值 $500,000 | 成交量 293 手",US.LITE,2026-05-06 10:18:51
US.LITE260508C985000,LITE 260508 985.00C,994.56,250,1625833.0,CALL,2026-05-08,985.0,47,169.661,0.556093312,0.00270088,-11.773594742,0.34047769,3,100.0,US.LITE,56.9,77.3,56.0,57.7915,0.009612290862290807,71011584000.0,"成交额 $1,625,833 ≥ 阈值 $500,000 | 成交量 250 手",US.LITE,2026-05-06 10:18:51
US.LITE260515C1050000,LITE 260515 1050.00C,994.56,260,1605767.0,CALL,2026-05-15,1050.0,125,121.889,0.433308817,0.001986169,-4.136522054,0.639126643,10,100.0,US.LITE,56.81,66.0,49.8,51.1149,-0.0557432432432433,71011584000.0,"成交额 $1,605,767 ≥ 阈值 $500,000 | 成交量 260 手",US.LITE,2026-05-06 10:18:51
US.LITE260508P900000,LITE 260508 900.00P,994.56,710,1359372.0,PUT,2026-05-08,900.0,504,163.291,-0.21811623,0.002093299,-7.889476026,0.253965974,3,100.0,US.LITE,17.4,29.0,15.4,28.1071,-0.09507722007722003,71011584000.0,"成交额 $1,359,372 ≥ 阈值 $500,000 | 成交量 710 手",US.LITE,2026-05-06 10:18:51
US.LITE260515C1300000,LITE 260515 1300.00C,994.56,1079,1295209.0,CALL,2026-05-15,1300.0,320,125.224,0.114668236,0.000952016,-1.991977005,0.314725191,10,100.0,US.LITE,8.0,12.2,8.0,9.502,-0.3071106821106822,71011584000.0,"成交额 $1,295,209 ≥ 阈值 $500,000 | 成交量 1,079 手",US.LITE,2026-05-06 10:18:51
US.LITE260508P950000,LITE 260508 950.00P,994.56,315,1153372.0,PUT,2026-05-08,950.0,268,166.702,-0.34777567,0.002571858,-10.61031884,0.318530697,3,100.0,US.LITE,50.0,50.0,30.0,48.5005,-0.044803732303732254,71011584000.0,"成交额 $1,153,372 ≥ 阈值 $500,000 | 成交量 315 手",US.LITE,2026-05-06 10:18:51
US.LITE260618P750000,LITE 260618 750.00P,994.56,250,962102.0,PUT,2026-06-18,750.0,162,103.876,-0.164530394,0.00069315,-0.997179685,0.853076983,44,100.0,US.LITE,42.1,42.1,34.7,42.2738,-0.24589768339768336,71011584000.0,"成交额 $962,102 ≥ 阈值 $500,000 | 成交量 250 手",US.LITE,2026-05-06 10:18:51
US.LITE260508C1200000,LITE 260508 1200.00C,994.56,1025,822799.0,CALL,2026-05-08,1200.0,253,169.399,0.114354421,0.001323971,-4.704770589,0.166642468,3,100.0,US.LITE,7.0,11.22,5.9,7.8708,-0.20656370656370662,71011584000.0,"成交额 $822,799 ≥ 阈值 $500,000 | 成交量 1,025 手",US.LITE,2026-05-06 10:18:51
US.LITE260508C1150000,LITE 260508 1150.00C,994.56,457,729401.0,CALL,2026-05-08,1150.0,399,169.934,0.181285832,0.001799373,-6.963513395,0.227194349,3,100.0,US.LITE,13.0,18.9,10.7,13.2298,-0.15629021879021884,71011584000.0,"成交额 $729,401 ≥ 阈值 $500,000 | 成交量 457 手",US.LITE,2026-05-06 10:18:51
US.LITE260618C1500000,LITE 260618 1500.00C,994.56,218,588939.0,CALL,2026-06-18,1500.0,0,103.36,0.169208016,0.000708964,-1.038487435,0.868617235,44,100.0,US.LITE,28.0,29.0,26.15,28.0,-0.5082046332046333,71011584000.0,"成交额 $588,939 ≥ 阈值 $500,000 | 成交量 218 手",US.LITE,2026-05-06 10:18:51
US.LITE260508P905000,LITE 260508 905.00P,994.56,280,574997.0,PUT,2026-05-08,905.0,332,162.365,-0.228790215,0.00216326,-8.10907529,0.260964291,3,100.0,US.LITE,25.0,25.0,17.8,29.9734,-0.09004987129987126,71011584000.0,"成交额 $574,997 ≥ 阈值 $500,000 | 成交量 280 手",US.LITE,2026-05-06 10:18:51
US.LITE260508P850000,LITE 260508 850.00P,994.56,582,555056.0,PUT,2026-05-08,850.0,338,153.819,-0.106233617,0.001383056,-4.155241053,0.158065991,3,100.0,US.LITE,14.6,14.6,7.2,14.5202,-0.1453507078507078,71011584000.0,"成交额 $555,056 ≥ 阈值 $500,000 | 成交量 582 手",US.LITE,2026-05-06 10:18:51
US.LLY260508C1000000,LLY 260508 1000.00C,988.87,1503,1139432.0,CALL,2026-05-08,1000.0,1853,41.533,0.387684349,0.010761616,-2.770157989,0.328221546,3,100.0,US.LLY,5.8,11.35,4.0,5.3278,-0.01125527116810096,931259824151.22,"成交额 $1,139,432 ≥ 阈值 $500,000 | 成交量 1,503 手",US.LLY,2026-05-06 10:19:24
US.LLY260618C1000000,LLY 260618 1000.00C,988.87,260,1043935.0,CALL,2026-06-18,1000.0,2139,33.389,0.499511652,0.003490295,-0.569356033,1.365671274,44,100.0,US.LLY,34.2,44.25,33.5,33.7967,-0.01125527116810096,931259824151.22,"成交额 $1,043,935 ≥ 阈值 $500,000 | 成交量 260 手",US.LLY,2026-05-06 10:19:24
US.LLY260515C1000000,LLY 260515 1000.00C,988.87,628,961640.0,CALL,2026-05-15,1000.0,3031,33.858,0.437586043,0.007204165,-1.176361694,0.63656144,10,100.0,US.LLY,12.14,19.0,10.71,11.3503,-0.01125527116810096,931259824151.22,"成交额 $961,640 ≥ 阈值 $500,000 | 成交量 628 手",US.LLY,2026-05-06 10:19:24
US.LLY260508C980000,LLY 260508 980.00C,988.87,497,737504.0,CALL,2026-05-08,980.0,535,40.409,0.611269944,0.011069424,-2.732143101,0.328477619,3,100.0,US.LLY,12.0,21.56,9.15,11.1419,0.00896983425526106,931259824151.22,"成交额 $737,504 ≥ 阈值 $500,000 | 成交量 497 手",US.LLY,2026-05-06 10:19:24
US.LLY260508C975000,LLY 260508 975.00C,988.87,345,719654.0,CALL,2026-05-08,975.0,157,42.08,0.66023287,0.010158332,-2.695999858,0.313896299,3,100.0,US.LLY,13.0,25.0,12.95,13.1312,0.014026110611101565,931259824151.22,"成交额 $719,654 ≥ 阈值 $500,000 | 成交量 345 手",US.LLY,2026-05-06 10:19:24
US.LLY260918C1240000,LLY 260918 1240.00C,988.87,460,713000.0,CALL,2026-09-18,1240.0,56,34.149,0.179462814,0.00127179,-0.214476594,1.578948233,136,100.0,US.LLY,15.5,15.5,15.5,17.2525,-0.25395653624844516,931259824151.22,"成交额 $713,000 ≥ 阈值 $500,000 | 成交量 460 手",US.LLY,2026-05-06 10:19:24
US.LLY260618C1010000,LLY 260618 1010.00C,988.87,202,678498.0,CALL,2026-06-18,1010.0,403,32.982,0.464220338,0.003519189,-0.557782906,1.360164819,44,100.0,US.LLY,29.95,39.67,29.95,29.4119,-0.021367823879781967,931259824151.22,"成交额 $678,498 ≥ 阈值 $500,000 | 成交量 202 手",US.LLY,2026-05-06 10:19:24
US.LLY260618C1050000,LLY 260618 1050.00C,988.87,264,559355.0,CALL,2026-06-18,1050.0,1509,32.652,0.331614248,0.003246185,-0.495939245,1.24200993,44,100.0,US.LLY,20.64,24.5,18.85,18.15,-0.06181803472650601,931259824151.22,"成交额 $559,355 ≥ 阈值 $500,000 | 成交量 264 手",US.LLY,2026-05-06 10:19:24
US.LOW260515P230000,LOW 260515 230.00P,225.23,992,717761.0,PUT,2026-05-15,230.0,1069,32.196,-0.639779031,0.031829655,-0.219169597,0.137493965,10,100.0,US.LOW,8.1,8.1,5.87,8.82,0.021178351018958444,126142965390.39,"成交额 $717,761 ≥ 阈值 $500,000 | 成交量 992 手",US.LOW,2026-05-06 10:20:00
US.LRCX260918P280000,LRCX 260918 280.00P,275.8,823,3326109.0,PUT,2026-09-18,280.0,106,61.197,-0.431068319,0.003867263,-0.13598444,0.660039913,136,100.0,US.LRCX,40.95,41.47,40.35,48.7719,0.015228426395939045,344907481800.0,"成交额 $3,326,109 ≥ 阈值 $500,000 | 成交量 823 手",US.LRCX,2026-05-06 10:20:33
US.LRCX260618C220000,LRCX 260618 220.00C,275.8,318,1967448.0,CALL,2026-06-18,220.0,3408,62.087,0.880904252,0.003356633,-0.153010957,0.1899562,44,100.0,US.LRCX,61.5,63.0,56.8,46.5734,0.20232052211747648,344907481800.0,"成交额 $1,967,448 ≥ 阈值 $500,000 | 成交量 318 手",US.LRCX,2026-05-06 10:20:33
US.LRCX260515C280000,LRCX 260515 280.00C,275.8,2042,1850116.0,CALL,2026-05-15,280.0,3399,65.828,0.469026801,0.013410031,-0.633518101,0.179206314,10,100.0,US.LRCX,6.51,12.35,6.25,4.0085,-0.015228426395939045,344907481800.0,"成交额 $1,850,116 ≥ 阈值 $500,000 | 成交量 2,042 手",US.LRCX,2026-05-06 10:20:33
US.LRCX260508C240000,LRCX 260508 240.00C,275.8,413,1595399.0,CALL,2026-05-08,240.0,66,0.0,0.0,0.0,0.0,0.0,3,100.0,US.LRCX,34.6,39.4,33.64,20.5977,0.12980420594633796,344907481800.0,"成交额 $1,595,399 ≥ 阈值 $500,000 | 成交量 413 手",US.LRCX,2026-05-06 10:20:33
US.LRCX260618C230000,LRCX 260618 230.00C,275.8,278,1495887.0,CALL,2026-06-18,230.0,1255,62.141,0.834484854,0.004192371,-0.186761924,0.237463615,44,100.0,US.LRCX,51.5,56.8,49.0,39.2996,0.16606236403190722,344907481800.0,"成交额 $1,495,887 ≥ 阈值 $500,000 | 成交量 278 手",US.LRCX,2026-05-06 10:20:33
US.LRCX260618C270000,LRCX 260618 270.00C,275.8,527,1401800.0,CALL,2026-06-18,270.0,4074,60.516,0.589813201,0.006728972,-0.271902107,0.371198969,44,100.0,US.LRCX,22.74,29.35,22.35,17.275,0.021029731689630207,344907481800.0,"成交额 $1,401,800 ≥ 阈值 $500,000 | 成交量 527 手",US.LRCX,2026-05-06 10:20:33
US.LRCX260918C390000,LRCX 260918 390.00C,275.8,1152,1298552.0,CALL,2026-09-18,390.0,58,60.269,0.235147993,0.0030326,-0.120107056,0.516989653,136,100.0,US.LRCX,11.3,12.6,11.1,7.7,-0.4140681653372008,344907481800.0,"成交额 $1,298,552 ≥ 阈值 $500,000 | 成交量 1,152 手",US.LRCX,2026-05-06 10:20:33
US.LRCX260918C380000,LRCX 260918 380.00C,275.8,892,1197762.0,CALL,2026-09-18,380.0,208,59.455,0.252952217,0.003197547,-0.123520829,0.537755454,136,100.0,US.LRCX,12.15,14.0,12.15,8.65,-0.37781000725163155,344907481800.0,"成交额 $1,197,762 ≥ 阈值 $500,000 | 成交量 892 手",US.LRCX,2026-05-06 10:20:33
US.LRCX260618P290000,LRCX 260618 290.00P,275.8,382,1137458.0,PUT,2026-06-18,290.0,63,59.911,-0.54853769,0.00697652,-0.244519847,0.377667973,44,100.0,US.LRCX,32.45,32.45,29.3,40.7492,0.051486584481508293,344907481800.0,"成交额 $1,137,458 ≥ 阈值 $500,000 | 成交量 382 手",US.LRCX,2026-05-06 10:20:33
US.LRCX260508C257500,LRCX 260508 257.50C,275.8,638,994326.0,CALL,2026-05-08,257.5,145,73.472,0.867448263,0.012209187,-0.68483331,0.051242245,3,100.0,US.LRCX,18.0,21.75,15.15,8.1381,0.06635242929659177,344907481800.0,"成交额 $994,326 ≥ 阈值 $500,000 | 成交量 638 手",US.LRCX,2026-05-06 10:20:33
US.LRCX260618C280000,LRCX 260618 280.00C,275.8,411,893775.0,CALL,2026-06-18,280.0,5668,59.469,0.52023823,0.007017225,-0.272314022,0.380402982,44,100.0,US.LRCX,17.65,24.22,17.65,13.375,-0.015228426395939045,344907481800.0,"成交额 $893,775 ≥ 阈值 $500,000 | 成交量 411 手",US.LRCX,2026-05-06 10:20:33
US.LRCX260529C315000,LRCX 260529 315.00C,275.8,1805,851345.0,CALL,2026-05-29,315.0,38,62.285,0.228970948,0.006913357,-0.286065685,0.213034285,24,100.0,US.LRCX,4.3,6.7,3.95,2.3639,-0.14213197969543143,344907481800.0,"成交额 $851,345 ≥ 阈值 $500,000 | 成交量 1,805 手",US.LRCX,2026-05-06 10:20:33
US.LRCX260508P262500,LRCX 260508 262.50P,275.8,2588,781492.0,PUT,2026-05-08,262.5,163,80.078,-0.226408527,0.015726209,-1.091707011,0.071932669,3,100.0,US.LRCX,3.68,4.55,2.15,9.3899,-0.04822335025380715,344907481800.0,"成交额 $781,492 ≥ 阈值 $500,000 | 成交量 2,588 手",US.LRCX,2026-05-06 10:20:33
US.LRCX260618P270000,LRCX 260618 270.00P,275.8,400,774152.0,PUT,2026-06-18,270.0,1911,61.138,-0.411317138,0.006688957,-0.249191612,0.371245771,44,100.0,US.LRCX,20.14,21.6,18.35,27.7547,-0.021029731689630207,344907481800.0,"成交额 $774,152 ≥ 阈值 $500,000 | 成交量 400 手",US.LRCX,2026-05-06 10:20:33
US.LRCX260508C282500,LRCX 260508 282.50C,275.8,1615,657492.0,CALL,2026-05-08,282.5,1379,73.318,0.366296533,0.02147444,-1.324144734,0.089945205,3,100.0,US.LRCX,1.61,6.0,1.61,0.9233,-0.024292965917331356,344907481800.0,"成交额 $657,492 ≥ 阈值 $500,000 | 成交量 1,615 手",US.LRCX,2026-05-06 10:20:33
US.LRCX260529C300000,LRCX 260529 300.00C,275.8,554,532626.0,CALL,2026-05-29,300.0,64,61.067,0.327467965,0.008404756,-0.337224781,0.25393557,24,100.0,US.LRCX,6.34,10.55,6.33,3.95,-0.08774474256707755,344907481800.0,"成交额 $532,626 ≥ 阈值 $500,000 | 成交量 554 手",US.LRCX,2026-05-06 10:20:33
US.LRCX260515C300000,LRCX 260515 300.00C,275.8,1371,502866.0,CALL,2026-05-15,300.0,1875,65.154,0.233363641,0.010427636,-0.471532415,0.137916088,10,100.0,US.LRCX,2.0,5.14,1.73,1.215,-0.08774474256707755,344907481800.0,"成交额 $502,866 ≥ 阈值 $500,000 | 成交量 1,371 手",US.LRCX,2026-05-06 10:20:33
US.LYV260918C190000,LYV 260918 190.00C,157.26,1762,704872.0,CALL,2026-09-18,190.0,43,35.274,0.239296712,0.009174878,-0.042016485,0.2975942,136,100.0,US.LYV,4.1,4.26,4.0,4.35,-0.20819025817118156,36975727777.86,"成交额 $704,872 ≥ 阈值 $500,000 | 成交量 1,762 手",US.LYV,2026-05-06 10:21:43
US.MAR260618C340000,MAR 260618 340.00C,354.52,324,845741.0,CALL,2026-06-18,340.0,16073,33.439,0.676128019,0.008757602,-0.190910848,0.441051436,44,100.0,US.MAR,23.7,27.2,23.7,20.8255,0.04095678664109213,93923690158.36,"成交额 $845,741 ≥ 阈值 $500,000 | 成交量 324 手",US.MAR,2026-05-06 10:22:19
US.MAR260618P340000,MAR 260618 340.00P,354.52,823,773860.0,PUT,2026-06-18,340.0,409,34.021,-0.327493448,0.008685827,-0.161996525,0.442582797,44,100.0,US.MAR,10.9,10.9,9.0,12.5501,-0.04095678664109213,93923690158.36,"成交额 $773,860 ≥ 阈值 $500,000 | 成交量 823 手",US.MAR,2026-05-06 10:22:19
US.MAR260618C380000,MAR 260618 380.00C,354.52,823,507697.0,CALL,2026-06-18,380.0,197,30.019,0.283034651,0.00918445,-0.152332324,0.415202309,44,100.0,US.MAR,5.48,7.02,5.48,4.75,-0.07187182669524997,93923690158.36,"成交额 $507,697 ≥ 阈值 $500,000 | 成交量 823 手",US.MAR,2026-05-06 10:22:19
US.MCHP260515C65000,MCHP 260515 65.00C,98.48,2000,6668039.0,CALL,2026-05-15,65.0,2161,0.0,0.0,0.0,0.0,0.0,10,100.0,US.MCHP,33.32,33.6,33.1,30.629,0.3399675060926077,53291019903.84,"成交额 $6,668,039 ≥ 阈值 $500,000 | 成交量 2,000 手",US.MCHP,2026-05-06 10:22:55
US.MCHP260515C60000,MCHP 260515 60.00C,98.48,1602,6139458.0,CALL,2026-05-15,60.0,1672,0.0,0.0,0.0,0.0,0.0,10,100.0,US.MCHP,38.3,38.54,38.1,35.5473,0.3907392363931763,53291019903.84,"成交额 $6,139,458 ≥ 阈值 $500,000 | 成交量 1,602 手",US.MCHP,2026-05-06 10:22:55
US.MCHP260515C85000,MCHP 260515 85.00C,98.48,3193,4528328.0,CALL,2026-05-15,85.0,2920,73.989,0.900823861,0.014653775,-0.112590937,0.028063554,10,100.0,US.MCHP,13.5,14.5,13.5,11.8361,0.13688058489033308,53291019903.84,"成交额 $4,528,328 ≥ 阈值 $500,000 | 成交量 3,193 手",US.MCHP,2026-05-06 10:22:55
US.MCHP260618C70000,MCHP 260618 70.00C,98.48,505,1442627.0,CALL,2026-06-18,70.0,1864,0.0,0.0,0.0,0.0,0.0,44,100.0,US.MCHP,28.7,28.93,28.3,26.0786,0.28919577579203903,53291019903.84,"成交额 $1,442,627 ≥ 阈值 $500,000 | 成交量 505 手",US.MCHP,2026-05-06 10:22:55
US.MCHP260918C120000,MCHP 260918 120.00C,98.48,1039,558396.0,CALL,2026-09-18,120.0,9020,52.359,0.338399734,0.011631294,-0.045141871,0.219641648,136,100.0,US.MCHP,4.5,6.2,4.4,5.15,-0.2185215272136474,53291019903.84,"成交额 $558,396 ≥ 阈值 $500,000 | 成交量 1,039 手",US.MCHP,2026-05-06 10:22:55
US.MDLZ260618C60000,MDLZ 260618 60.00C,61.36,3115,766800.0,CALL,2026-06-18,60.0,14155,25.314,0.636627813,0.069797375,-0.026798789,0.079716269,44,100.0,US.MDLZ,2.7,3.3,2.37,2.8518,0.02216427640156453,78764749641.76,"成交额 $766,800 ≥ 阈值 $500,000 | 成交量 3,115 手",US.MDLZ,2026-05-06 10:23:46
US.MPC260515C260000,MPC 260515 260.00C,260.51,3055,1957449.0,CALL,2026-05-15,260.0,3124,44.321,0.530573024,0.02108797,-0.408597373,0.16928295,10,100.0,US.MPC,6.0,8.5,4.7,5.75,0.001957698360907416,76719381687.78,"成交额 $1,957,449 ≥ 阈值 $500,000 | 成交量 3,055 手",US.MPC,2026-05-06 10:25:49
US.MPC260515C270000,MPC 260515 270.00C,260.51,3005,1106872.0,CALL,2026-05-15,270.0,666,43.601,0.325256327,0.019402396,-0.357726096,0.153213004,10,100.0,US.MPC,2.4,4.4,2.1,2.825,-0.03642854400982692,76719381687.78,"成交额 $1,106,872 ≥ 阈值 $500,000 | 成交量 3,005 手",US.MPC,2026-05-06 10:25:49
US.MS260821P195000,MS 260821 195.00P,189.25,408,603508.0,PUT,2026-08-21,195.0,271,30.279,-0.521881439,0.013219954,-0.048550354,0.407114428,108,100.0,US.MS,14.58,14.9,14.58,15.3711,0.03038309114927345,299015000000.0,"成交额 $603,508 ≥ 阈值 $500,000 | 成交量 408 手",US.MS,2026-05-06 10:27:16
US.NEE260918C70000,NEE 260918 70.00C,96.28,266,730968.0,CALL,2026-09-18,70.0,493,24.287,0.98977124,0.001906256,-0.008216522,0.016006473,136,100.0,US.NEE,27.48,27.48,27.48,26.3512,0.27295388450353136,200776675383.68,"成交额 $730,968 ≥ 阈值 $500,000 | 成交量 266 手",US.NEE,2026-05-06 10:28:59
US.NFLX260618P95000,NFLX 260618 95.00P,87.89,5934,4657028.0,PUT,2026-06-18,95.0,14739,30.586,-0.748190776,0.036400972,-0.028404739,0.096119082,44,100.0,US.NFLX,6.15,8.3,6.15,5.8558,0.08089657526453521,370087082625.92,"成交额 $4,657,028 ≥ 阈值 $500,000 | 成交量 5,934 手",US.NFLX,2026-05-06 10:29:35
US.NFLX260522P88000,NFLX 260522 88.00P,87.89,11987,2713629.0,PUT,2026-05-22,88.0,12223,31.874,-0.485313778,0.066782093,-0.068484275,0.074964686,17,100.0,US.NFLX,1.26,2.6,1.24,1.185,0.0012515644555694554,370087082625.92,"成交额 $2,713,629 ≥ 阈值 $500,000 | 成交量 11,987 手",US.NFLX,2026-05-06 10:29:35
US.NFLX260918C90000,NFLX 260918 90.00C,87.89,3640,2692841.0,CALL,2026-09-18,90.0,44492,35.62,0.524655287,0.020855985,-0.031942447,0.213416476,136,100.0,US.NFLX,8.6,8.6,6.9,8.8449,-0.02400728182955967,370087082625.92,"成交额 $2,692,841 ≥ 阈值 $500,000 | 成交量 3,640 手",US.NFLX,2026-05-06 10:29:35
US.NFLX260508C50000,NFLX 260508 50.00C,87.89,663,2533685.0,CALL,2026-05-08,50.0,5,0.0,0.0,0.0,0.0,0.0,3,100.0,US.NFLX,40.44,40.44,37.52,41.0874,0.43110706565024465,370087082625.92,"成交额 $2,533,685 ≥ 阈值 $500,000 | 成交量 663 手",US.NFLX,2026-05-06 10:29:35
US.NFLX260508P90000,NFLX 260508 90.00P,87.89,16465,2379221.0,PUT,2026-05-08,90.0,8397,38.341,-0.755366171,0.108101188,-0.168275397,0.023905333,3,100.0,US.NFLX,0.72,2.84,0.57,0.81,0.02400728182955967,370087082625.92,"成交额 $2,379,221 ≥ 阈值 $500,000 | 成交量 16,465 手",US.NFLX,2026-05-06 10:29:35
US.NFLX260508P89000,NFLX 260508 89.00P,87.89,19445,2189549.0,PUT,2026-05-08,89.0,3029,37.459,-0.641773788,0.131196474,-0.206749749,0.028435636,3,100.0,US.NFLX,0.5,2.1,0.43,0.5,0.012629423142564563,370087082625.92,"成交额 $2,189,549 ≥ 阈值 $500,000 | 成交量 19,445 手",US.NFLX,2026-05-06 10:29:35
US.NFLX260508P88000,NFLX 260508 88.00P,87.89,20202,2001145.0,PUT,2026-05-08,88.0,3516,37.694,-0.505702623,0.139079062,-0.228132766,0.030378111,3,100.0,US.NFLX,0.3,1.48,0.3,0.31,0.0012515644555694554,370087082625.92,"成交额 $2,001,145 ≥ 阈值 $500,000 | 成交量 20,202 手",US.NFLX,2026-05-06 10:29:35
US.NFLX260508C40000,NFLX 260508 40.00C,87.89,358,1727835.0,CALL,2026-05-08,40.0,15,0.0,0.0,0.0,0.0,0.0,3,100.0,US.NFLX,50.65,50.65,47.42,51.0834,0.5448856525201957,370087082625.92,"成交额 $1,727,835 ≥ 阈值 $500,000 | 成交量 358 手",US.NFLX,2026-05-06 10:29:35
US.NFLX260717C100000,NFLX 260717 100.00C,87.89,7902,1651390.0,CALL,2026-07-17,100.0,21492,35.568,0.245798433,0.022565206,-0.032208541,0.123536476,73,100.0,US.NFLX,2.66,2.66,1.83,2.635,-0.13778586869951073,370087082625.92,"成交额 $1,651,390 ≥ 阈值 $500,000 | 成交量 7,902 手",US.NFLX,2026-05-06 10:29:35
US.NFLX260508C89000,NFLX 260508 89.00C,87.89,14380,1380961.0,CALL,2026-05-08,89.0,350,38.392,0.362299921,0.128209102,-0.221569168,0.028557769,3,100.0,US.NFLX,2.62,2.65,0.66,2.6013,-0.012629423142564563,370087082625.92,"成交额 $1,380,961 ≥ 阈值 $500,000 | 成交量 14,380 手",US.NFLX,2026-05-06 10:29:35
US.NFLX260515C90000,NFLX 260515 90.00C,87.89,9122,1371056.0,CALL,2026-05-15,90.0,39459,33.503,0.348902335,0.076908941,-0.09625727,0.053118539,10,100.0,US.NFLX,2.5,2.5,1.04,2.6099,-0.02400728182955967,370087082625.92,"成交额 $1,371,056 ≥ 阈值 $500,000 | 成交量 9,122 手",US.NFLX,2026-05-06 10:29:35
US.NFLX260918C100000,NFLX 260918 100.00C,87.89,3658,1351847.0,CALL,2026-09-18,100.0,29344,34.364,0.327634509,0.019605065,-0.027047546,0.193520053,136,100.0,US.NFLX,4.64,4.64,3.4,4.6443,-0.13778586869951073,370087082625.92,"成交额 $1,351,847 ≥ 阈值 $500,000 | 成交量 3,658 手",US.NFLX,2026-05-06 10:29:35
US.NFLX260618C90000,NFLX 260618 90.00C,87.89,3818,1299550.0,CALL,2026-06-18,90.0,9026,31.078,0.449831803,0.041855896,-0.046662626,0.120417711,44,100.0,US.NFLX,4.3,4.3,2.88,4.5647,-0.02400728182955967,370087082625.92,"成交额 $1,299,550 ≥ 阈值 $500,000 | 成交量 3,818 手",US.NFLX,2026-05-06 10:29:35
US.NFLX260515P90000,NFLX 260515 90.00P,87.89,5567,1285839.0,PUT,2026-05-15,90.0,18051,33.071,-0.654850693,0.078234141,-0.086362778,0.052834362,10,100.0,US.NFLX,1.71,3.35,1.43,1.455,0.02400728182955967,370087082625.92,"成交额 $1,285,839 ≥ 阈值 $500,000 | 成交量 5,567 手",US.NFLX,2026-05-06 10:29:35
US.NFLX260508C91000,NFLX 260508 91.00C,87.89,21535,1138678.0,CALL,2026-05-08,91.0,3039,40.495,0.167154668,0.081153778,-0.139984658,0.019063386,3,100.0,US.NFLX,1.33,1.4,0.25,1.3339,-0.03538514051655478,370087082625.92,"成交额 $1,138,678 ≥ 阈值 $500,000 | 成交量 21,535 手",US.NFLX,2026-05-06 10:29:35
US.NFLX260618P90000,NFLX 260618 90.00P,87.89,2964,1118403.0,PUT,2026-06-18,90.0,27188,30.2,-0.557153468,0.043744299,-0.037163387,0.119732699,44,100.0,US.NFLX,3.05,4.9,3.0,3.1,0.02400728182955967,370087082625.92,"成交额 $1,118,403 ≥ 阈值 $500,000 | 成交量 2,964 手",US.NFLX,2026-05-06 10:29:35
US.NFLX260508C88000,NFLX 260508 88.00C,87.89,8242,1094195.0,CALL,2026-05-08,88.0,129,38.894,0.495163085,0.134646963,-0.244088616,0.03038544,3,100.0,US.NFLX,3.26,3.26,1.03,3.4117,-0.0012515644555694554,370087082625.92,"成交额 $1,094,195 ≥ 阈值 $500,000 | 成交量 8,242 手",US.NFLX,2026-05-06 10:29:35
US.NFLX260508C90000,NFLX 260508 90.00C,87.89,15211,1049738.0,CALL,2026-05-08,90.0,1008,39.249,0.250676849,0.106443658,-0.183625661,0.024236791,3,100.0,US.NFLX,1.92,1.92,0.41,1.9105,-0.02400728182955967,370087082625.92,"成交额 $1,049,738 ≥ 阈值 $500,000 | 成交量 15,211 手",US.NFLX,2026-05-06 10:29:35
US.NFLX260717C90000,NFLX 260717 90.00C,87.89,1950,1026282.0,CALL,2026-07-17,90.0,11739,36.151,0.491517501,0.028118835,-0.042837496,0.156492657,73,100.0,US.NFLX,6.5,6.5,4.88,6.6541,-0.02400728182955967,370087082625.92,"成交额 $1,026,282 ≥ 阈值 $500,000 | 成交量 1,950 手",US.NFLX,2026-05-06 10:29:35
US.NFLX260717C95000,NFLX 260717 95.00C,87.89,2950,993596.0,CALL,2026-07-17,95.0,14546,35.658,0.358145561,0.026692051,-0.038838659,0.146515258,73,100.0,US.NFLX,4.2,4.2,3.0,4.275,-0.08089657526453521,370087082625.92,"成交额 $993,596 ≥ 阈值 $500,000 | 成交量 2,950 手",US.NFLX,2026-05-06 10:29:35
US.NFLX260508C60000,NFLX 260508 60.00C,87.89,327,921677.0,CALL,2026-05-08,60.0,66,0.0,0.0,0.0,0.0,0.0,3,100.0,US.NFLX,29.93,29.94,27.88,31.0916,0.3173284787802936,370087082625.92,"成交额 $921,677 ≥ 阈值 $500,000 | 成交量 327 手",US.NFLX,2026-05-06 10:29:35
US.NFLX260508P87000,NFLX 260508 87.00P,87.89,12368,865312.0,PUT,2026-05-08,87.0,2689,38.017,-0.369480392,0.130389193,-0.216117521,0.028741749,3,100.0,US.NFLX,0.16,0.99,0.16,0.19,-0.010126294231425652,370087082625.92,"成交额 $865,312 ≥ 阈值 $500,000 | 成交量 12,368 手",US.NFLX,2026-05-06 10:29:35
US.NFLX260618C95000,NFLX 260618 95.00C,87.89,5166,852485.0,CALL,2026-06-18,95.0,18840,30.8,0.262629662,0.034791632,-0.037175458,0.099180742,44,100.0,US.NFLX,2.34,2.35,1.36,2.305,-0.08089657526453521,370087082625.92,"成交额 $852,485 ≥ 阈值 $500,000 | 成交量 5,166 手",US.NFLX,2026-05-06 10:29:35
US.NFLX260618P88000,NFLX 260618 88.00P,87.89,2362,825399.0,PUT,2026-06-18,88.0,8954,30.461,-0.470281666,0.043401641,-0.038498479,0.120772476,44,100.0,US.NFLX,2.25,3.77,2.22,2.295,0.0012515644555694554,370087082625.92,"成交额 $825,399 ≥ 阈值 $500,000 | 成交量 2,362 手",US.NFLX,2026-05-06 10:29:35
US.NFLX260717P90000,NFLX 260717 90.00P,87.89,1354,811564.0,PUT,2026-07-17,90.0,11112,35.16,-0.51523052,0.029435824,-0.033603257,0.155898656,73,100.0,US.NFLX,4.85,6.55,4.85,4.85,0.02400728182955967,370087082625.92,"成交额 $811,564 ≥ 阈值 $500,000 | 成交量 1,354 手",US.NFLX,2026-05-06 10:29:35
US.NFLX260508P91000,NFLX 260508 91.00P,87.89,3585,769011.0,PUT,2026-05-08,91.0,7441,40.106,-0.83632621,0.081673726,-0.128362583,0.01878063,3,100.0,US.NFLX,1.11,3.6,1.11,1.235,0.03538514051655478,370087082625.92,"成交额 $769,011 ≥ 阈值 $500,000 | 成交量 3,585 手",US.NFLX,2026-05-06 10:29:35
US.NFLX260618C100000,NFLX 260618 100.00C,87.89,9831,745691.0,CALL,2026-06-18,100.0,47405,31.928,0.141624508,0.023091754,-0.026021689,0.068227922,44,100.0,US.NFLX,1.08,1.1,0.65,1.065,-0.13778586869951073,370087082625.92,"成交额 $745,691 ≥ 阈值 $500,000 | 成交量 9,831 手",US.NFLX,2026-05-06 10:29:35
US.NFLX260515C88000,NFLX 260515 88.00C,87.89,3695,739949.0,CALL,2026-05-15,88.0,2577,33.73,0.508982885,0.082351458,-0.106110463,0.0572672,10,100.0,US.NFLX,3.6,3.6,1.82,3.9609,-0.0012515644555694554,370087082625.92,"成交额 $739,949 ≥ 阈值 $500,000 | 成交量 3,695 手",US.NFLX,2026-05-06 10:29:35
US.NFLX260515C89000,NFLX 260515 89.00C,87.89,4469,728820.0,CALL,2026-05-15,89.0,1283,33.656,0.427376337,0.081181207,-0.103390575,0.05632887,10,100.0,US.NFLX,2.98,2.98,1.4,3.2407,-0.012629423142564563,370087082625.92,"成交额 $728,820 ≥ 阈值 $500,000 | 成交量 4,469 手",US.NFLX,2026-05-06 10:29:35
US.NFLX260618P85000,NFLX 260618 85.00P,87.89,3626,721475.0,PUT,2026-06-18,85.0,37814,30.912,-0.343934483,0.039345581,-0.036891095,0.1118124,44,100.0,US.NFLX,1.39,2.47,1.39,1.435,-0.032882011605415866,370087082625.92,"成交额 $721,475 ≥ 阈值 $500,000 | 成交量 3,626 手",US.NFLX,2026-05-06 10:29:35
US.NFLX260515P94000,NFLX 260515 94.00P,87.89,1268,704536.0,PUT,2026-05-15,94.0,4168,34.953,-0.875454901,0.043195324,-0.045908449,0.0292673,10,100.0,US.NFLX,4.3,6.53,4.17,3.7505,0.0695187165775401,370087082625.92,"成交额 $704,536 ≥ 阈值 $500,000 | 成交量 1,268 手",US.NFLX,2026-05-06 10:29:35
US.NFLX260515P88000,NFLX 260515 88.00P,87.89,3655,594653.0,PUT,2026-05-15,88.0,8192,32.815,-0.492262473,0.084924148,-0.094944813,0.057232893,10,100.0,US.NFLX,0.86,2.13,0.82,0.805,0.0012515644555694554,370087082625.92,"成交额 $594,653 ≥ 阈值 $500,000 | 成交量 3,655 手",US.NFLX,2026-05-06 10:29:35
US.NFLX260717P80000,NFLX 260717 80.00P,87.89,2799,587098.0,PUT,2026-07-17,80.0,19586,36.81,-0.243802053,0.021793896,-0.029109587,0.122882542,73,100.0,US.NFLX,1.37,2.39,1.37,1.615,-0.08977130504039141,370087082625.92,"成交额 $587,098 ≥ 阈值 $500,000 | 成交量 2,799 手",US.NFLX,2026-05-06 10:29:35
US.NFLX260515P89000,NFLX 260515 89.00P,87.89,3087,580553.0,PUT,2026-05-15,89.0,3061,32.902,-0.575964842,0.083331127,-0.09260104,0.056186247,10,100.0,US.NFLX,1.1,2.7,1.1,1.085,0.012629423142564563,370087082625.92,"成交额 $580,553 ≥ 阈值 $500,000 | 成交量 3,087 手",US.NFLX,2026-05-06 10:29:35
US.NFLX260717P85000,NFLX 260717 85.00P,87.89,1535,574294.0,PUT,2026-07-17,85.0,9773,35.72,-0.371468981,0.027203363,-0.033366772,0.148072747,73,100.0,US.NFLX,2.62,4.1,2.62,2.905,-0.032882011605415866,370087082625.92,"成交额 $574,294 ≥ 阈值 $500,000 | 成交量 1,535 手",US.NFLX,2026-05-06 10:29:35
US.NFLX260515P100000,NFLX 260515 100.00P,87.89,531,571749.0,PUT,2026-05-15,100.0,13558,48.086,-0.949946092,0.017494062,-0.028709505,0.014569096,10,100.0,US.NFLX,8.95,12.5,8.95,9.0496,0.13778586869951073,370087082625.92,"成交额 $571,749 ≥ 阈值 $500,000 | 成交量 531 手",US.NFLX,2026-05-06 10:29:35
US.NFLX260618P89000,NFLX 260618 89.00P,87.89,1582,559460.0,PUT,2026-06-18,89.0,4064,30.197,-0.514033647,0.04400925,-0.037890602,0.120973738,44,100.0,US.NFLX,2.75,4.29,2.72,2.665,0.012629423142564563,370087082625.92,"成交额 $559,460 ≥ 阈值 $500,000 | 成交量 1,582 手",US.NFLX,2026-05-06 10:29:35
US.NFLX260515C91000,NFLX 260515 91.00C,87.89,4709,526069.0,CALL,2026-05-15,91.0,2017,33.673,0.278633319,0.069456776,-0.086972761,0.048211914,10,100.0,US.NFLX,2.06,2.06,0.78,2.0536,-0.03538514051655478,370087082625.92,"成交额 $526,069 ≥ 阈值 $500,000 | 成交量 4,709 手",US.NFLX,2026-05-06 10:29:35
US.NFLX260618P86000,NFLX 260618 86.00P,87.89,2234,524069.0,PUT,2026-06-18,86.0,14664,30.794,-0.384959529,0.041080765,-0.037948015,0.116111613,44,100.0,US.NFLX,1.8,2.88,1.79,1.685,-0.021504152918420758,370087082625.92,"成交额 $524,069 ≥ 阈值 $500,000 | 成交量 2,234 手",US.NFLX,2026-05-06 10:29:35
US.NKE260918C50000,NKE 260918 50.00C,43.06,2887,568538.0,CALL,2026-09-18,50.0,8526,40.11,0.332458324,0.03448477,-0.015334796,0.095371149,136,100.0,US.NKE,2.07,2.13,1.86,2.085,-0.16117045982350203,63766995640.98,"成交额 $568,538 ≥ 阈值 $500,000 | 成交量 2,887 手",US.NKE,2026-05-06 10:30:26
US.NKE260717P42500,NKE 260717 42.50P,43.06,1671,533219.0,PUT,2026-07-17,42.5,4729,46.866,-0.422351945,0.043797473,-0.022470564,0.075129836,73,100.0,US.NKE,3.25,3.26,3.1,3.1,-0.013005109150023276,63766995640.98,"成交额 $533,219 ≥ 阈值 $500,000 | 成交量 1,671 手",US.NKE,2026-05-06 10:30:26
US.NOW260821P90000,NOW 260821 90.00P,92.01,3411,3398745.0,PUT,2026-08-21,90.0,3331,56.375,-0.399858636,0.013831721,-0.04668868,0.192892688,108,100.0,US.NOW,10.5,10.7,9.6,10.0,-0.021845451581349908,94890649080.0,"成交额 $3,398,745 ≥ 阈值 $500,000 | 成交量 3,411 手",US.NOW,2026-05-06 10:31:01
US.NOW260618C100000,NOW 260618 100.00C,92.01,4024,1511063.0,CALL,2026-06-18,100.0,7990,54.58,0.373302537,0.02178045,-0.078622415,0.120603943,44,100.0,US.NOW,4.23,4.35,3.15,4.4,-0.08683838713183344,94890649080.0,"成交额 $1,511,063 ≥ 阈值 $500,000 | 成交量 4,024 手",US.NOW,2026-05-06 10:31:01
US.NOW260508C90000,NOW 260508 90.00C,92.01,4735,1339941.0,CALL,2026-05-08,90.0,4061,71.12,0.653067731,0.065102103,-0.424005763,0.029440129,3,100.0,US.NOW,3.7,4.0,2.0,4.1715,0.021845451581349908,94890649080.0,"成交额 $1,339,941 ≥ 阈值 $500,000 | 成交量 4,735 手",US.NOW,2026-05-06 10:31:01
US.NOW260515C95000,NOW 260515 95.00C,92.01,5610,1140174.0,CALL,2026-05-15,95.0,8817,60.682,0.396197795,0.042248007,-0.188154681,0.057924449,10,100.0,US.NOW,2.6,2.75,1.55,2.8837,-0.03249646777524176,94890649080.0,"成交额 $1,140,174 ≥ 阈值 $500,000 | 成交量 5,610 手",US.NOW,2026-05-06 10:31:01
US.NOW260618C95000,NOW 260618 95.00C,92.01,1809,1005139.0,CALL,2026-06-18,95.0,5336,54.509,0.479280524,0.022946393,-0.083344874,0.12689871,44,100.0,US.NOW,5.8,6.2,4.8,6.1769,-0.03249646777524176,94890649080.0,"成交额 $1,005,139 ≥ 阈值 $500,000 | 成交量 1,809 手",US.NOW,2026-05-06 10:31:01
US.NOW260618C90000,NOW 260618 90.00C,92.01,1167,811796.0,CALL,2026-06-18,90.0,3512,54.962,0.592582303,0.022171826,-0.082761177,0.123632862,44,100.0,US.NOW,8.3,8.7,6.6,8.6051,0.021845451581349908,94890649080.0,"成交额 $811,796 ≥ 阈值 $500,000 | 成交量 1,167 手",US.NOW,2026-05-06 10:31:01
US.NOW260508P90000,NOW 260508 90.00P,92.01,3806,752952.0,PUT,2026-05-08,90.0,2865,72.286,-0.348976604,0.06420289,-0.423102907,0.029502561,3,100.0,US.NOW,1.7,2.68,1.3,2.069,-0.021845451581349908,94890649080.0,"成交额 $752,952 ≥ 阈值 $500,000 | 成交量 3,806 手",US.NOW,2026-05-06 10:31:01
US.NOW260515P92000,NOW 260515 92.00P,92.01,1796,732371.0,PUT,2026-05-15,92.0,3741,60.04,-0.476428883,0.044187005,-0.185075769,0.059847851,10,100.0,US.NOW,3.75,4.98,3.34,3.9572,-0.00010868383871323895,94890649080.0,"成交额 $732,371 ≥ 阈值 $500,000 | 成交量 1,796 手",US.NOW,2026-05-06 10:31:01
US.NOW260508C92000,NOW 260508 92.00C,92.01,3174,715113.0,CALL,2026-05-08,92.0,1233,73.343,0.51507689,0.068164532,-0.47784087,0.031789102,3,100.0,US.NOW,2.35,2.85,1.37,3.0757,0.00010868383871323895,94890649080.0,"成交额 $715,113 ≥ 阈值 $500,000 | 成交量 3,174 手",US.NOW,2026-05-06 10:31:01
US.NOW260618P90000,NOW 260618 90.00P,92.01,1214,697987.0,PUT,2026-06-18,90.0,5680,54.857,-0.408571078,0.022317768,-0.074156984,0.123638778,44,100.0,US.NOW,5.6,6.5,5.4,5.9816,-0.021845451581349908,94890649080.0,"成交额 $697,987 ≥ 阈值 $500,000 | 成交量 1,214 手",US.NOW,2026-05-06 10:31:01
US.NOW260821C110000,NOW 260821 110.00C,92.01,1240,680776.0,CALL,2026-08-21,110.0,3273,56.986,0.349296682,0.012992699,-0.051650087,0.18501741,108,100.0,US.NOW,5.9,5.9,4.9,5.9002,-0.19552222584501677,94890649080.0,"成交额 $680,776 ≥ 阈值 $500,000 | 成交量 1,240 手",US.NOW,2026-05-06 10:31:01
US.NOW260515C92000,NOW 260515 92.00C,92.01,1650,544874.0,CALL,2026-05-15,92.0,675,59.255,0.523754865,0.044710931,-0.191463487,0.059860386,10,100.0,US.NOW,3.3,4.04,2.5,4.1829,0.00010868383871323895,94890649080.0,"成交额 $544,874 ≥ 阈值 $500,000 | 成交量 1,650 手",US.NOW,2026-05-06 10:31:01
US.NOW260508C95000,NOW 260508 95.00C,92.01,5185,521222.0,CALL,2026-05-08,95.0,6954,73.267,0.320043754,0.061213435,-0.413434052,0.028517066,3,100.0,US.NOW,1.8,1.9,0.62,1.825,-0.03249646777524176,94890649080.0,"成交额 $521,222 ≥ 阈值 $500,000 | 成交量 5,185 手",US.NOW,2026-05-06 10:31:01
US.NXPI260618C320000,NXPI 260618 320.00C,292.35,3959,3023062.0,CALL,2026-06-18,320.0,418,42.203,0.303073788,0.008177791,-0.179204534,0.353472454,44,100.0,US.NXPI,7.21,9.24,7.21,7.1,-0.09457841628185386,73809919945.65,"成交额 $3,023,062 ≥ 阈值 $500,000 | 成交量 3,959 手",US.NXPI,2026-05-06 10:32:45
US.NXPI260515C240000,NXPI 260515 240.00C,292.35,301,1689965.0,CALL,2026-05-15,240.0,1678,0.0,0.0,0.0,0.0,0.0,10,100.0,US.NXPI,54.65,56.5,54.65,51.0709,0.1790661877886096,73809919945.65,"成交额 $1,689,965 ≥ 阈值 $500,000 | 成交量 301 手",US.NXPI,2026-05-06 10:32:45
US.NXPI260618P310000,NXPI 260618 310.00P,292.35,309,814904.0,PUT,2026-06-18,310.0,45,43.758,-0.61456378,0.008772597,-0.177008321,0.386020371,44,100.0,US.NXPI,26.7,27.2,25.0,28.4114,0.06037284077304592,73809919945.65,"成交额 $814,904 ≥ 阈值 $500,000 | 成交量 309 手",US.NXPI,2026-05-06 10:32:45
US.NXPI260618P300000,NXPI 260618 300.00P,292.35,368,725021.0,PUT,2026-06-18,300.0,23,41.841,-0.532795917,0.009487666,-0.178277812,0.401673391,44,100.0,US.NXPI,20.4,21.3,18.9,22.2408,0.02616726526423799,73809919945.65,"成交额 $725,021 ≥ 阈值 $500,000 | 成交量 368 手",US.NXPI,2026-05-06 10:32:45
US.ON260515C105000,ON 260515 105.00C,102.67,2107,909185.0,CALL,2026-05-15,105.0,3483,66.207,0.442596444,0.035552028,-0.235049357,0.066220368,10,100.0,US.ON,1.99,5.3,1.69,5.6311,-0.022694068374403412,40236700619.97,"成交额 $909,185 ≥ 阈值 $500,000 | 成交量 2,107 手",US.ON,2026-05-06 10:33:55
US.ON260918C80000,ON 260918 80.00C,102.67,288,800640.0,CALL,2026-09-18,80.0,687,59.629,0.817325347,0.007093478,-0.042031072,0.165806157,136,100.0,US.ON,27.8,27.8,27.8,29.0653,0.22080451933378786,40236700619.97,"成交额 $800,640 ≥ 阈值 $500,000 | 成交量 288 手",US.ON,2026-05-06 10:33:55
US.ON260717P105000,ON 260717 105.00P,102.67,661,691860.0,PUT,2026-07-17,105.0,315,56.73,-0.47578391,0.015452967,-0.066253615,0.182290638,73,100.0,US.ON,13.8,13.95,10.29,12.4074,0.022694068374403412,40236700619.97,"成交额 $691,860 ≥ 阈值 $500,000 | 成交量 661 手",US.ON,2026-05-06 10:33:55
US.ON260618P100000,ON 260618 100.00P,102.67,932,577458.0,PUT,2026-06-18,100.0,822,57.681,-0.400956678,0.018924926,-0.086841781,0.137321977,44,100.0,US.ON,9.25,9.25,5.89,8.3,-0.026005649167234846,40236700619.97,"成交额 $577,458 ≥ 阈值 $500,000 | 成交量 932 手",US.ON,2026-05-06 10:33:55
US.ON260605C101000,ON 260605 101.00C,102.67,709,508336.0,CALL,2026-06-05,101.0,14,55.808,0.579729434,0.023510158,-0.111804742,0.1164872,31,100.0,US.ON,7.52,7.83,6.63,9.6975,0.016265705658907195,40236700619.97,"成交额 $508,336 ≥ 阈值 $500,000 | 成交量 709 手",US.ON,2026-05-06 10:33:55
US.ON260918C105000,ON 260918 105.00C,102.67,367,502550.0,CALL,2026-09-18,105.0,1115,58.816,0.561429413,0.010704454,-0.057915152,0.246815928,136,100.0,US.ON,11.6,16.34,11.6,15.325,-0.022694068374403412,40236700619.97,"成交额 $502,550 ≥ 阈值 $500,000 | 成交量 367 手",US.ON,2026-05-06 10:33:55
US.ORCL260618C200000,ORCL 260618 200.00C,185.35,7011,7085815.0,CALL,2026-06-18,200.0,34546,66.516,0.422207572,0.009169061,-0.198572427,0.251093334,44,100.0,US.ORCL,10.45,12.25,8.75,9.45,-0.07903965470731053,533075126100.0,"成交额 $7,085,815 ≥ 阈值 $500,000 | 成交量 7,011 手",US.ORCL,2026-05-06 10:34:13
US.ORCL260918C200000,ORCL 260918 200.00C,185.35,2407,4768967.0,CALL,2026-09-18,200.0,6765,60.342,0.5056375,0.005848429,-0.107536714,0.450886084,136,100.0,US.ORCL,21.27,22.85,18.83,19.625,-0.07903965470731053,533075126100.0,"成交额 $4,768,967 ≥ 阈值 $500,000 | 成交量 2,407 手",US.ORCL,2026-05-06 10:34:13
US.ORCL260508C185000,ORCL 260508 185.00C,185.35,11049,4614427.0,CALL,2026-05-08,185.0,5059,77.685,0.526233787,0.031899869,-1.017644607,0.06394582,3,100.0,US.ORCL,4.1,5.85,2.51,3.35,0.0018883193957377627,533075126100.0,"成交额 $4,614,427 ≥ 阈值 $500,000 | 成交量 11,049 手",US.ORCL,2026-05-06 10:34:13
US.ORCL260821P130000,ORCL 260821 130.00P,185.35,10162,4220350.0,PUT,2026-08-21,130.0,12324,63.529,-0.109556107,0.002933628,-0.053552029,0.188785754,108,100.0,US.ORCL,4.0,4.25,3.75,4.1936,-0.29862422444024816,533075126100.0,"成交额 $4,220,350 ≥ 阈值 $500,000 | 成交量 10,162 手",US.ORCL,2026-05-06 10:34:13
US.ORCL260515C190000,ORCL 260515 190.00C,185.35,8179,4109964.0,CALL,2026-05-15,190.0,15965,62.823,0.428332055,0.020632108,-0.40032611,0.118845434,10,100.0,US.ORCL,5.0,6.3,3.35,4.075,-0.025087671971945,533075126100.0,"成交额 $4,109,964 ≥ 阈值 $500,000 | 成交量 8,179 手",US.ORCL,2026-05-06 10:34:13
US.ORCL260515C200000,ORCL 260515 200.00C,185.35,17646,4069810.0,CALL,2026-05-15,200.0,35540,64.259,0.253707962,0.01645882,-0.328092039,0.096969356,10,100.0,US.ORCL,2.12,3.2,1.59,2.0218,-0.07903965470731053,533075126100.0,"成交额 $4,069,810 ≥ 阈值 $500,000 | 成交量 17,646 手",US.ORCL,2026-05-06 10:34:13
US.ORCL260515C180000,ORCL 260515 180.00C,185.35,4297,4051703.0,CALL,2026-05-15,180.0,15458,63.636,0.634229057,0.019520409,-0.392021496,0.113895594,10,100.0,US.ORCL,9.05,11.45,6.85,7.8133,0.028864310763420525,533075126100.0,"成交额 $4,051,703 ≥ 阈值 $500,000 | 成交量 4,297 手",US.ORCL,2026-05-06 10:34:13
US.ORCL260508C190000,ORCL 260508 190.00C,185.35,16200,4028664.0,CALL,2026-05-08,190.0,8004,77.352,0.36994178,0.030385052,-0.942272432,0.060647369,3,100.0,US.ORCL,2.55,3.6,1.43,1.985,-0.025087671971945,533075126100.0,"成交额 $4,028,664 ≥ 阈值 $500,000 | 成交量 16,200 手",US.ORCL,2026-05-06 10:34:13
US.ORCL260618C250000,ORCL 260618 250.00C,185.35,11641,2963736.0,CALL,2026-06-18,250.0,23011,70.795,0.139955844,0.004898778,-0.117501186,0.142773123,44,100.0,US.ORCL,2.56,3.1,2.0,2.195,-0.34879956838413817,533075126100.0,"成交额 $2,963,736 ≥ 阈值 $500,000 | 成交量 11,641 手",US.ORCL,2026-05-06 10:34:13
US.ORCL260821C250000,ORCL 260821 250.00C,185.35,4159,2709380.0,CALL,2026-08-21,250.0,1605,59.438,0.232161128,0.005099547,-0.08841453,0.307353199,108,100.0,US.ORCL,6.14,7.25,5.2,5.675,-0.34879956838413817,533075126100.0,"成交额 $2,709,380 ≥ 阈值 $500,000 | 成交量 4,159 手",US.ORCL,2026-05-06 10:34:13
US.ORCL260918C220000,ORCL 260918 220.00C,185.35,1905,2675369.0,CALL,2026-09-18,220.0,2911,60.396,0.403491248,0.005671922,-0.103371952,0.437662515,136,100.0,US.ORCL,13.65,16.45,12.9,13.875,-0.1869436201780416,533075126100.0,"成交额 $2,675,369 ≥ 阈值 $500,000 | 成交量 1,905 手",US.ORCL,2026-05-06 10:34:13
US.ORCL260821C180000,ORCL 260821 180.00C,185.35,967,2455203.0,CALL,2026-08-21,180.0,1242,59.308,0.612338898,0.006413054,-0.115054762,0.385706062,108,100.0,US.ORCL,25.32,27.65,23.7,23.5675,0.028864310763420525,533075126100.0,"成交额 $2,455,203 ≥ 阈值 $500,000 | 成交量 967 手",US.ORCL,2026-05-06 10:34:13
US.ORCL260918C210000,ORCL 260918 210.00C,185.35,1493,2405894.0,CALL,2026-09-18,210.0,5497,60.288,0.452679816,0.005813065,-0.106088216,0.447751429,136,100.0,US.ORCL,15.95,19.27,15.84,16.325,-0.13299163744267606,533075126100.0,"成交额 $2,405,894 ≥ 阈值 $500,000 | 成交量 1,493 手",US.ORCL,2026-05-06 10:34:13
US.ORCL260618C180000,ORCL 260618 180.00C,185.35,1253,2397543.0,CALL,2026-06-18,180.0,7881,67.413,0.602922366,0.008914239,-0.200919098,0.247410953,44,100.0,US.ORCL,18.3,20.95,16.1,16.8838,0.028864310763420525,533075126100.0,"成交额 $2,397,543 ≥ 阈值 $500,000 | 成交量 1,253 手",US.ORCL,2026-05-06 10:34:13
US.ORCL260618C185000,ORCL 260618 185.00C,185.35,1403,2387330.0,CALL,2026-06-18,185.0,7730,67.223,0.556957793,0.009154607,-0.204387329,0.253364817,44,100.0,US.ORCL,16.43,18.5,14.0,14.7,0.0018883193957377627,533075126100.0,"成交额 $2,387,330 ≥ 阈值 $500,000 | 成交量 1,403 手",US.ORCL,2026-05-06 10:34:13
US.ORCL260508C180000,ORCL 260508 180.00C,185.35,3580,2348161.0,CALL,2026-05-08,180.0,7409,79.95,0.677708134,0.027927787,-0.926279357,0.057615372,3,100.0,US.ORCL,6.65,8.85,4.35,5.4512,0.028864310763420525,533075126100.0,"成交额 $2,348,161 ≥ 阈值 $500,000 | 成交量 3,580 手",US.ORCL,2026-05-06 10:34:13
US.ORCL260618C190000,ORCL 260618 190.00C,185.35,1680,2346240.0,CALL,2026-06-18,190.0,11881,67.021,0.511188888,0.009273239,-0.205094805,0.255877297,44,100.0,US.ORCL,14.0,16.12,11.95,12.75,-0.025087671971945,533075126100.0,"成交额 $2,346,240 ≥ 阈值 $500,000 | 成交量 1,680 手",US.ORCL,2026-05-06 10:34:13
US.ORCL260918P180000,ORCL 260918 180.00P,185.35,1008,2345480.0,PUT,2026-09-18,180.0,8008,60.844,-0.384554351,0.005612237,-0.089059651,0.431468234,136,100.0,US.ORCL,23.27,23.27,23.1,24.5576,-0.028864310763420525,533075126100.0,"成交额 $2,345,480 ≥ 阈值 $500,000 | 成交量 1,008 手",US.ORCL,2026-05-06 10:34:13
US.ORCL260508C182500,ORCL 260508 182.50C,185.35,4722,2311704.0,CALL,2026-05-08,182.5,3670,78.924,0.604398104,0.030383216,-0.995714964,0.061877187,3,100.0,US.ORCL,6.0,7.2,3.35,4.3,0.015376315079579145,533075126100.0,"成交额 $2,311,704 ≥ 阈值 $500,000 | 成交量 4,722 手",US.ORCL,2026-05-06 10:34:13
US.ORCL260618C230000,ORCL 260618 230.00C,185.35,4696,2288468.0,CALL,2026-06-18,230.0,21129,68.711,0.220629163,0.00672693,-0.153188929,0.190285559,44,100.0,US.ORCL,4.2,5.3,3.45,3.825,-0.24089560291340711,533075126100.0,"成交额 $2,288,468 ≥ 阈值 $500,000 | 成交量 4,696 手",US.ORCL,2026-05-06 10:34:13
US.ORCL260515C210000,ORCL 260515 210.00C,185.35,16703,2027731.0,CALL,2026-05-15,210.0,23025,66.72,0.139608201,0.010995892,-0.230524846,0.067262963,10,100.0,US.ORCL,1.25,1.62,0.8,1.045,-0.13299163744267606,533075126100.0,"成交额 $2,027,731 ≥ 阈值 $500,000 | 成交量 16,703 手",US.ORCL,2026-05-06 10:34:13
US.ORCL260717C170000,ORCL 260717 170.00C,185.35,706,1932400.0,CALL,2026-07-17,170.0,4702,62.838,0.682369845,0.006856274,-0.137559397,0.294974258,73,100.0,US.ORCL,26.95,29.5,24.3,24.8889,0.08281629349878605,533075126100.0,"成交额 $1,932,400 ≥ 阈值 $500,000 | 成交量 706 手",US.ORCL,2026-05-06 10:34:13
US.ORCL260618P200000,ORCL 260618 200.00P,185.35,718,1888157.0,PUT,2026-06-18,200.0,5312,65.863,-0.581352906,0.009322382,-0.178187001,0.250365567,44,100.0,US.ORCL,28.0,28.0,25.0,28.1759,0.07903965470731053,533075126100.0,"成交额 $1,888,157 ≥ 阈值 $500,000 | 成交量 718 手",US.ORCL,2026-05-06 10:34:13
US.ORCL260515P180000,ORCL 260515 180.00P,185.35,3204,1780157.0,PUT,2026-05-15,180.0,3013,62.29,-0.36405859,0.019925,-0.365825962,0.113699758,10,100.0,US.ORCL,7.02,7.55,4.75,7.225,-0.028864310763420525,533075126100.0,"成交额 $1,780,157 ≥ 阈值 $500,000 | 成交量 3,204 手",US.ORCL,2026-05-06 10:34:13
US.ORCL260618P195000,ORCL 260618 195.00P,185.35,702,1613699.0,PUT,2026-06-18,195.0,2172,65.854,-0.537254331,0.009462649,-0.182289061,0.254644041,44,100.0,US.ORCL,23.04,23.34,22.59,24.7758,0.052063663339627766,533075126100.0,"成交额 $1,613,699 ≥ 阈值 $500,000 | 成交量 702 手",US.ORCL,2026-05-06 10:34:13
US.ORCL260515C185000,ORCL 260515 185.00C,185.35,2331,1595946.0,CALL,2026-05-15,185.0,13478,63.297,0.531640944,0.020748829,-0.410925303,0.120420618,10,100.0,US.ORCL,6.75,8.57,4.88,5.65,0.0018883193957377627,533075126100.0,"成交额 $1,595,946 ≥ 阈值 $500,000 | 成交量 2,331 手",US.ORCL,2026-05-06 10:34:13
US.ORCL260508C170000,ORCL 260508 170.00C,185.35,913,1417305.0,CALL,2026-05-08,170.0,4709,83.692,0.891002941,0.01389488,-0.443680191,0.030005608,3,100.0,US.ORCL,15.15,17.05,10.55,12.0,0.08281629349878605,533075126100.0,"成交额 $1,417,305 ≥ 阈值 $500,000 | 成交量 913 手",US.ORCL,2026-05-06 10:34:13
US.ORCL260515C170000,ORCL 260515 170.00C,185.35,873,1401031.0,CALL,2026-05-15,170.0,14057,66.364,0.805254938,0.013709201,-0.300016885,0.083414159,10,100.0,US.ORCL,15.9,18.65,12.85,13.788,0.08281629349878605,533075126100.0,"成交额 $1,401,031 ≥ 阈值 $500,000 | 成交量 873 手",US.ORCL,2026-05-06 10:34:13
US.ORCL260618C195000,ORCL 260618 195.00C,185.35,1099,1388690.0,CALL,2026-06-18,195.0,4801,67.132,0.466773862,0.009229366,-0.20414033,0.25508877,44,100.0,US.ORCL,12.36,13.95,10.4,11.05,-0.052063663339627766,533075126100.0,"成交额 $1,388,690 ≥ 阈值 $500,000 | 成交量 1,099 手",US.ORCL,2026-05-06 10:34:13
US.ORCL260515C125000,ORCL 260515 125.00C,185.35,233,1356607.0,CALL,2026-05-15,125.0,336,129.045,0.976069857,0.001441787,-0.117563532,0.017059669,10,100.0,US.ORCL,57.76,59.3,57.68,55.6105,0.3256002158079309,533075126100.0,"成交额 $1,356,607 ≥ 阈值 $500,000 | 成交量 233 手",US.ORCL,2026-05-06 10:34:13
US.ORCL260618C170000,ORCL 260618 170.00C,185.35,512,1273047.0,CALL,2026-06-18,170.0,7928,68.674,0.691772621,0.007986272,-0.188390382,0.225797018,44,100.0,US.ORCL,23.85,26.6,21.05,22.1876,0.08281629349878605,533075126100.0,"成交额 $1,273,047 ≥ 阈值 $500,000 | 成交量 512 手",US.ORCL,2026-05-06 10:34:13
US.ORCL260515C195000,ORCL 260515 195.00C,185.35,3659,1269970.0,CALL,2026-05-15,195.0,8172,63.769,0.335147964,0.018870188,-0.374229426,0.110331404,10,100.0,US.ORCL,3.3,4.5,2.35,2.845,-0.052063663339627766,533075126100.0,"成交额 $1,269,970 ≥ 阈值 $500,000 | 成交量 3,659 手",US.ORCL,2026-05-06 10:34:13
US.ORCL260515C140000,ORCL 260515 140.00C,185.35,288,1257431.0,CALL,2026-05-15,140.0,4354,0.0,0.0,0.0,0.0,0.0,10,100.0,US.ORCL,41.5,45.5,41.5,40.7468,0.24467224170488264,533075126100.0,"成交额 $1,257,431 ≥ 阈值 $500,000 | 成交量 288 手",US.ORCL,2026-05-06 10:34:13
US.ORCL260508C187500,ORCL 260508 187.50C,185.35,3639,1213834.0,CALL,2026-05-08,187.5,2081,77.667,0.446854921,0.031692223,-1.005465997,0.063514812,3,100.0,US.ORCL,2.7,4.6,1.94,2.59,-0.011599676288103619,533075126100.0,"成交额 $1,213,834 ≥ 阈值 $500,000 | 成交量 3,639 手",US.ORCL,2026-05-06 10:34:13
US.ORCL260618C210000,ORCL 260618 210.00C,185.35,1561,1159610.0,CALL,2026-06-18,210.0,10552,67.404,0.34468762,0.008515994,-0.188338537,0.236319338,44,100.0,US.ORCL,7.87,9.2,6.55,6.975,-0.13299163744267606,533075126100.0,"成交额 $1,159,610 ≥ 阈值 $500,000 | 成交量 1,561 手",US.ORCL,2026-05-06 10:34:13
US.ORCL260918C230000,ORCL 260918 230.00C,185.35,1005,1130611.0,CALL,2026-09-18,230.0,2133,60.031,0.355890187,0.005491443,-0.098486286,0.42116598,136,100.0,US.ORCL,12.4,13.86,11.2,11.55,-0.24089560291340711,533075126100.0,"成交额 $1,130,611 ≥ 阈值 $500,000 | 成交量 1,005 手",US.ORCL,2026-05-06 10:34:13
US.ORCL260508C195000,ORCL 260508 195.00C,185.35,7363,1123994.0,CALL,2026-05-08,195.0,4374,78.513,0.239523456,0.024622054,-0.745299059,0.04988143,3,100.0,US.ORCL,1.41,2.06,0.78,1.145,-0.052063663339627766,533075126100.0,"成交额 $1,123,994 ≥ 阈值 $500,000 | 成交量 7,363 手",US.ORCL,2026-05-06 10:34:13
US.ORCL260522C150000,ORCL 260522 150.00C,185.35,300,1106919.0,CALL,2026-05-22,150.0,272,64.283,0.947172552,0.004222476,-0.094356393,0.042768887,17,100.0,US.ORCL,32.87,37.36,32.87,31.6963,0.1907202589695171,533075126100.0,"成交额 $1,106,919 ≥ 阈值 $500,000 | 成交量 300 手",US.ORCL,2026-05-06 10:34:13
US.ORCL260508P182500,ORCL 260508 182.50P,185.35,2491,1096706.0,PUT,2026-05-08,182.5,1119,76.487,-0.393255862,0.03130735,-0.945436456,0.06177336,3,100.0,US.ORCL,4.6,6.8,3.27,6.3262,-0.015376315079579145,533075126100.0,"成交额 $1,096,706 ≥ 阈值 $500,000 | 成交量 2,491 手",US.ORCL,2026-05-06 10:34:13
US.ORCL260821C200000,ORCL 260821 200.00C,185.35,616,1094760.0,CALL,2026-08-21,200.0,3570,58.703,0.481938952,0.006741596,-0.116656591,0.401327806,108,100.0,US.ORCL,16.99,19.1,15.0,15.7425,-0.07903965470731053,533075126100.0,"成交额 $1,094,760 ≥ 阈值 $500,000 | 成交量 616 手",US.ORCL,2026-05-06 10:34:13
US.ORCL260918C190000,ORCL 260918 190.00C,185.35,414,1044487.0,CALL,2026-09-18,190.0,6050,60.448,0.561154295,0.005770018,-0.107188977,0.445624382,136,100.0,US.ORCL,24.9,26.8,23.68,23.175,-0.025087671971945,533075126100.0,"成交额 $1,044,487 ≥ 阈值 $500,000 | 成交量 414 手",US.ORCL,2026-05-06 10:34:13
US.ORCL260717C185000,ORCL 260717 185.00C,185.35,524,1032156.0,CALL,2026-07-17,185.0,2359,61.264,0.56758806,0.00775653,-0.145921972,0.325352358,73,100.0,US.ORCL,19.25,21.6,17.2,17.5754,0.0018883193957377627,533075126100.0,"成交额 $1,032,156 ≥ 阈值 $500,000 | 成交量 524 手",US.ORCL,2026-05-06 10:34:13
US.ORCL260918C155000,ORCL 260918 155.00C,185.35,229,1020575.0,CALL,2026-09-18,155.0,1343,62.443,0.756663415,0.004437583,-0.091090065,0.354019248,136,100.0,US.ORCL,40.1,44.86,40.1,40.8298,0.16374426760183433,533075126100.0,"成交额 $1,020,575 ≥ 阈值 $500,000 | 成交量 229 手",US.ORCL,2026-05-06 10:34:13
US.ORCL260508C200000,ORCL 260508 200.00C,185.35,12290,1018388.0,CALL,2026-05-08,200.0,10575,80.331,0.145961417,0.017741388,-0.519773236,0.036773578,3,100.0,US.ORCL,0.8,1.18,0.43,0.66,-0.07903965470731053,533075126100.0,"成交额 $1,018,388 ≥ 阈值 $500,000 | 成交量 12,290 手",US.ORCL,2026-05-06 10:34:13
US.ORCL260522C152500,ORCL 260522 152.50C,185.35,280,973881.0,CALL,2026-05-22,152.5,104,77.319,0.8981329,0.005795605,-0.175275638,0.070606769,17,100.0,US.ORCL,34.54,35.02,34.28,29.4303,0.17723226328567573,533075126100.0,"成交额 $973,881 ≥ 阈值 $500,000 | 成交量 280 手",US.ORCL,2026-05-06 10:34:13
US.ORCL260717C200000,ORCL 260717 200.00C,185.35,715,972136.0,CALL,2026-07-17,200.0,5430,61.094,0.453867764,0.007838841,-0.145063879,0.327888925,73,100.0,US.ORCL,13.56,15.5,11.45,12.25,-0.07903965470731053,533075126100.0,"成交额 $972,136 ≥ 阈值 $500,000 | 成交量 715 手",US.ORCL,2026-05-06 10:34:13
US.ORCL260918C270000,ORCL 260918 270.00C,185.35,1559,970785.0,CALL,2026-09-18,270.0,2087,60.937,0.214775558,0.004239493,-0.077348399,0.330038627,136,100.0,US.ORCL,6.15,7.1,5.97,5.775,-0.4567035338548692,533075126100.0,"成交额 $970,785 ≥ 阈值 $500,000 | 成交量 1,559 手",US.ORCL,2026-05-06 10:34:13
US.ORCL260717C180000,ORCL 260717 180.00C,185.35,448,959944.0,CALL,2026-07-17,180.0,3717,61.418,0.606583169,0.007568252,-0.143733559,0.318248374,73,100.0,US.ORCL,21.62,24.0,19.08,19.9268,0.028864310763420525,533075126100.0,"成交额 $959,944 ≥ 阈值 $500,000 | 成交量 448 手",US.ORCL,2026-05-06 10:34:13
US.ORCL260508P180000,ORCL 260508 180.00P,185.35,2697,948638.0,PUT,2026-05-08,180.0,3825,77.405,-0.317724917,0.028678514,-0.872894379,0.057270129,3,100.0,US.ORCL,3.45,5.25,2.4,4.975,-0.028864310763420525,533075126100.0,"成交额 $948,638 ≥ 阈值 $500,000 | 成交量 2,697 手",US.ORCL,2026-05-06 10:34:13
US.ORCL260508C192500,ORCL 260508 192.50C,185.35,4293,897889.0,CALL,2026-05-08,192.5,2687,77.794,0.300269593,0.027834442,-0.852940809,0.055873302,3,100.0,US.ORCL,1.91,2.73,1.05,1.5,-0.038575667655786385,533075126100.0,"成交额 $897,889 ≥ 阈值 $500,000 | 成交量 4,293 手",US.ORCL,2026-05-06 10:34:13
US.ORCL260508C175000,ORCL 260508 175.00C,185.35,834,827838.0,CALL,2026-05-08,175.0,3910,82.504,0.8004355,0.02109642,-0.707946106,0.0449113,3,100.0,US.ORCL,10.7,12.7,7.13,8.3442,0.05584030213110329,533075126100.0,"成交额 $827,838 ≥ 阈值 $500,000 | 成交量 834 手",US.ORCL,2026-05-06 10:34:13
US.ORCL260717C195000,ORCL 260717 195.00C,185.35,495,819514.0,CALL,2026-07-17,195.0,2859,61.043,0.490698245,0.0078962,-0.146364715,0.330010317,73,100.0,US.ORCL,13.35,17.35,13.35,13.725,-0.052063663339627766,533075126100.0,"成交额 $819,514 ≥ 阈值 $500,000 | 成交量 495 手",US.ORCL,2026-05-06 10:34:13
US.ORCL260522C177500,ORCL 260522 177.50C,185.35,543,789947.0,CALL,2026-05-22,177.5,294,62.084,0.657088681,0.014915901,-0.285092801,0.145919193,17,100.0,US.ORCL,10.61,14.7,10.4,11.0576,0.04235230644726191,533075126100.0,"成交额 $789,947 ≥ 阈值 $500,000 | 成交量 543 手",US.ORCL,2026-05-06 10:34:13
US.ORCL260605C162500,ORCL 260605 162.50C,185.35,318,743477.0,CALL,2026-06-05,162.5,72,59.72,0.806069263,0.008553922,-0.156336351,0.147800696,31,100.0,US.ORCL,24.8,27.43,22.2,23.3292,0.12328028055031019,533075126100.0,"成交额 $743,477 ≥ 阈值 $500,000 | 成交量 318 手",US.ORCL,2026-05-06 10:34:13
US.ORCL260508P177500,ORCL 260508 177.50P,185.35,3182,727634.0,PUT,2026-05-08,177.5,1112,78.139,-0.249263683,0.025279761,-0.763692775,0.050963434,3,100.0,US.ORCL,2.4,4.05,1.76,3.8,-0.04235230644726191,533075126100.0,"成交额 $727,634 ≥ 阈值 $500,000 | 成交量 3,182 手",US.ORCL,2026-05-06 10:34:13
US.ORCL260508P185000,ORCL 260508 185.00P,185.35,1293,716431.0,PUT,2026-05-08,185.0,347,75.726,-0.473875133,0.032736981,-0.97414279,0.063942946,3,100.0,US.ORCL,5.85,8.29,4.3,7.8794,-0.0018883193957377627,533075126100.0,"成交额 $716,431 ≥ 阈值 $500,000 | 成交量 1,293 手",US.ORCL,2026-05-06 10:34:13
US.ORCL260522C200000,ORCL 260522 200.00C,185.35,1930,702402.0,CALL,2026-05-22,200.0,2278,61.549,0.309066825,0.014420605,-0.264939888,0.139854465,17,100.0,US.ORCL,4.02,4.9,2.82,3.3592,-0.07903965470731053,533075126100.0,"成交额 $702,402 ≥ 阈值 $500,000 | 成交量 1,930 手",US.ORCL,2026-05-06 10:34:13
US.ORCL260717C190000,ORCL 260717 190.00C,185.35,388,694033.0,CALL,2026-07-17,190.0,2534,61.133,0.528817706,0.007866085,-0.146763868,0.3292394,73,100.0,US.ORCL,16.1,19.2,15.45,15.575,-0.025087671971945,533075126100.0,"成交额 $694,033 ≥ 阈值 $500,000 | 成交量 388 手",US.ORCL,2026-05-06 10:34:13
US.ORCL260522C155000,ORCL 260522 155.00C,185.35,215,694011.0,CALL,2026-05-22,155.0,196,69.362,0.901353518,0.006310696,-0.15542453,0.068969257,17,100.0,US.ORCL,30.67,32.7,30.67,27.254,0.16374426760183433,533075126100.0,"成交额 $694,011 ≥ 阈值 $500,000 | 成交量 215 手",US.ORCL,2026-05-06 10:34:13
US.ORCL260515C175000,ORCL 260515 175.00C,185.35,532,671174.0,CALL,2026-05-15,175.0,10978,65.143,0.726505142,0.016869927,-0.355425763,0.100760035,10,100.0,US.ORCL,12.5,14.7,9.85,10.5391,0.05584030213110329,533075126100.0,"成交额 $671,174 ≥ 阈值 $500,000 | 成交量 532 手",US.ORCL,2026-05-06 10:34:13
US.ORCL260821C220000,ORCL 260821 220.00C,185.35,601,661539.0,CALL,2026-08-21,220.0,1211,59.578,0.369056925,0.006287957,-0.11076833,0.379890114,108,100.0,US.ORCL,10.5,12.9,9.65,10.45,-0.1869436201780416,533075126100.0,"成交额 $661,539 ≥ 阈值 $500,000 | 成交量 601 手",US.ORCL,2026-05-06 10:34:13
US.ORCL260618P180000,ORCL 260618 180.00P,185.35,449,650049.0,PUT,2026-06-18,180.0,8570,66.424,-0.397835092,0.009079716,-0.181188488,0.247433149,44,100.0,US.ORCL,15.6,15.6,13.6,15.625,-0.028864310763420525,533075126100.0,"成交额 $650,049 ≥ 阈值 $500,000 | 成交量 449 手",US.ORCL,2026-05-06 10:34:13
US.ORCL260508C162500,ORCL 260508 162.50C,185.35,298,646609.0,CALL,2026-05-08,162.5,2632,96.455,0.947272266,0.006943685,-0.267474329,0.017281896,3,100.0,US.ORCL,19.73,24.05,18.09,18.509,0.12328028055031019,533075126100.0,"成交额 $646,609 ≥ 阈值 $500,000 | 成交量 298 手",US.ORCL,2026-05-06 10:34:13
US.ORCL260529C180000,ORCL 260529 180.00C,185.35,462,643668.0,CALL,2026-05-29,180.0,891,59.292,0.6121716,0.013667011,-0.238424403,0.181080638,24,100.0,US.ORCL,12.66,14.75,10.22,10.951,0.028864310763420525,533075126100.0,"成交额 $643,668 ≥ 阈值 $500,000 | 成交量 462 手",US.ORCL,2026-05-06 10:34:13
US.ORCL260522C157500,ORCL 260522 157.50C,185.35,214,642812.0,CALL,2026-05-22,157.5,112,67.42,0.887129291,0.007156633,-0.165948004,0.076024905,17,100.0,US.ORCL,30.11,30.46,29.67,25.0876,0.15025627191799296,533075126100.0,"成交额 $642,812 ≥ 阈值 $500,000 | 成交量 214 手",US.ORCL,2026-05-06 10:34:13
US.ORCL260529C200000,ORCL 260529 200.00C,185.35,1264,642577.0,CALL,2026-05-29,200.0,2045,59.247,0.340103387,0.013084167,-0.223573966,0.173222777,24,100.0,US.ORCL,5.12,6.25,4.0,4.4145,-0.07903965470731053,533075126100.0,"成交额 $642,577 ≥ 阈值 $500,000 | 成交量 1,264 手",US.ORCL,2026-05-06 10:34:13
US.ORCL260508C172500,ORCL 260508 172.50C,185.35,492,632903.0,CALL,2026-05-08,172.5,1597,85.298,0.844369369,0.017437346,-0.605764453,0.03837854,3,100.0,US.ORCL,12.63,14.73,8.9,10.0948,0.06932829781494466,533075126100.0,"成交额 $632,903 ≥ 阈值 $500,000 | 成交量 492 手",US.ORCL,2026-05-06 10:34:13
US.ORCL260918C180000,ORCL 260918 180.00C,185.35,214,631445.0,CALL,2026-09-18,180.0,2571,60.794,0.618276858,0.005548468,-0.105076749,0.430965824,136,100.0,US.ORCL,29.0,31.14,26.84,27.4925,0.028864310763420525,533075126100.0,"成交额 $631,445 ≥ 阈值 $500,000 | 成交量 214 手",US.ORCL,2026-05-06 10:34:13
US.ORCL260821C190000,ORCL 260821 190.00C,185.35,270,605082.0,CALL,2026-08-21,190.0,1644,58.979,0.546369033,0.006671472,-0.117354622,0.399025206,108,100.0,US.ORCL,21.2,22.94,19.75,19.2045,-0.025087671971945,533075126100.0,"成交额 $605,082 ≥ 阈值 $500,000 | 成交量 270 手",US.ORCL,2026-05-06 10:34:13
US.ORCL260618C220000,ORCL 260618 220.00C,185.35,964,593408.0,CALL,2026-06-18,220.0,10763,67.917,0.276663858,0.007679533,-0.171611667,0.2147236,44,100.0,US.ORCL,5.75,6.95,4.8,5.15,-0.1869436201780416,533075126100.0,"成交额 $593,408 ≥ 阈值 $500,000 | 成交量 964 手",US.ORCL,2026-05-06 10:34:13
US.ORCL260515C182500,ORCL 260515 182.50C,185.35,743,590985.0,CALL,2026-05-15,182.5,1368,63.38,0.583488975,0.020330266,-0.404462916,0.11814533,10,100.0,US.ORCL,8.0,9.85,5.95,6.675,0.015376315079579145,533075126100.0,"成交额 $590,985 ≥ 阈值 $500,000 | 成交量 743 手",US.ORCL,2026-05-06 10:34:13
US.ORCL260522P140000,ORCL 260522 140.00P,185.35,10107,563901.0,PUT,2026-05-22,140.0,10245,73.764,-0.031066047,0.002391549,-0.058705008,0.027801672,17,100.0,US.ORCL,0.42,0.56,0.34,0.4745,-0.24467224170488264,533075126100.0,"成交额 $563,901 ≥ 阈值 $500,000 | 成交量 10,107 手",US.ORCL,2026-05-06 10:34:13
US.ORCL260612C165000,ORCL 260612 165.00C,185.35,204,553851.0,CALL,2026-06-12,165.0,71,70.41,0.740059097,0.007728387,-0.19211474,0.193298194,38,100.0,US.ORCL,26.71,28.86,25.8,24.5425,0.10979228486646882,533075126100.0,"成交额 $553,851 ≥ 阈值 $500,000 | 成交量 204 手",US.ORCL,2026-05-06 10:34:13
US.ORCL260717C175000,ORCL 260717 175.00C,185.35,219,548623.0,CALL,2026-07-17,175.0,2171,62.309,0.644972484,0.007221157,-0.141723491,0.308055907,73,100.0,US.ORCL,24.23,26.65,21.75,22.2834,0.05584030213110329,533075126100.0,"成交额 $548,623 ≥ 阈值 $500,000 | 成交量 219 手",US.ORCL,2026-05-06 10:34:13
US.ORCL260508C165000,ORCL 260508 165.00C,185.35,278,541312.0,CALL,2026-05-08,165.0,1420,86.025,0.945297784,0.008015557,-0.248213321,0.017792354,3,100.0,US.ORCL,18.9,20.95,15.81,16.2395,0.10979228486646882,533075126100.0,"成交额 $541,312 ≥ 阈值 $500,000 | 成交量 278 手",US.ORCL,2026-05-06 10:34:13
US.ORCL260508C177500,ORCL 260508 177.50C,185.35,617,515135.0,CALL,2026-05-08,177.5,2200,86.255,0.732352042,0.023758838,-0.900589583,0.05287957,3,100.0,US.ORCL,7.6,10.69,5.78,6.778,0.04235230644726191,533075126100.0,"成交额 $515,135 ≥ 阈值 $500,000 | 成交量 617 手",US.ORCL,2026-05-06 10:34:13
US.ORCL260717P170000,ORCL 260717 170.00P,185.35,411,510346.0,PUT,2026-07-17,170.0,4011,61.86,-0.317667469,0.006989844,-0.119544739,0.294853793,73,100.0,US.ORCL,13.2,13.45,12.1,13.475,-0.08281629349878605,533075126100.0,"成交额 $510,346 ≥ 阈值 $500,000 | 成交量 411 手",US.ORCL,2026-05-06 10:34:13
US.ORCL260618C175000,ORCL 260618 175.00C,185.35,232,501888.0,CALL,2026-06-18,175.0,7208,68.41,0.647840408,0.008457129,-0.197002973,0.238191815,44,100.0,US.ORCL,19.0,23.6,18.36,19.3742,0.05584030213110329,533075126100.0,"成交额 $501,888 ≥ 阈值 $500,000 | 成交量 232 手",US.ORCL,2026-05-06 10:34:13
US.OXY260515C60000,OXY 260515 60.00C,59.34,2890,535403.0,CALL,2026-05-15,60.0,13802,49.82,0.466826937,0.08231762,-0.103773617,0.03854,10,100.0,US.OXY,2.13,2.13,1.6,2.44,-0.011122345803842207,58847192040.54,"成交额 $535,403 ≥ 阈值 $500,000 | 成交量 2,890 手",US.OXY,2026-05-06 10:35:04
US.PEP260618C155000,PEP 260618 155.00C,155.04,5079,1935207.0,CALL,2026-06-18,155.0,2633,19.463,0.540775438,0.037988922,-0.05559142,0.212998242,44,100.0,US.PEP,3.95,5.25,3.7,4.2501,0.00025799793601646056,211903759557.6,"成交额 $1,935,207 ≥ 阈值 $500,000 | 成交量 5,079 手",US.PEP,2026-05-06 10:36:16
US.PFE260618P24000,PFE 260618 24.00P,26.45,37029,835677.0,PUT,2026-06-18,24.0,25613,29.15,-0.146005901,0.085917535,-0.006626794,0.020942735,44,100.0,US.PFE,0.19,0.28,0.16,0.245,-0.09262759924385632,150750298270.05,"成交额 $835,677 ≥ 阈值 $500,000 | 成交量 37,029 手",US.PFE,2026-05-06 10:36:49
US.PLTR260717C150000,PLTR 260717 150.00C,135.91,17662,14306200.0,CALL,2026-07-17,150.0,47653,50.672,0.385596109,0.012438594,-0.085545159,0.232022097,73,100.0,US.PLTR,8.95,10.07,6.9,13.0,-0.10367154734750941,325818670794.07,"成交额 $14,306,200 ≥ 阈值 $500,000 | 成交量 17,662 手",US.PLTR,2026-05-06 10:38:52
US.PLTR260717P135000,PLTR 260717 135.00P,135.91,7264,7997868.0,PUT,2026-07-17,135.0,11095,49.684,-0.433261465,0.013155191,-0.075735145,0.238353363,73,100.0,US.PLTR,9.21,11.8,8.55,8.425,-0.006695607387241532,325818670794.07,"成交额 $7,997,868 ≥ 阈值 $500,000 | 成交量 7,264 手",US.PLTR,2026-05-06 10:38:52
US.PLTR260508C140000,PLTR 260508 140.00C,135.91,31826,7557397.0,CALL,2026-05-08,140.0,3402,68.438,0.32076802,0.044401716,-0.571452887,0.042167592,3,100.0,US.PLTR,4.9,5.75,1.4,10.4646,-0.030093444191008782,325818670794.07,"成交额 $7,557,397 ≥ 阈值 $500,000 | 成交量 31,826 手",US.PLTR,2026-05-06 10:38:52
US.PLTR260508P135000,PLTR 260508 135.00P,135.91,24608,5761307.0,PUT,2026-05-08,135.0,9583,66.955,-0.440684845,0.050037796,-0.624553833,0.046471566,3,100.0,US.PLTR,1.9,3.45,1.15,2.6166,-0.006695607387241532,325818670794.07,"成交额 $5,761,307 ≥ 阈值 $500,000 | 成交量 24,608 手",US.PLTR,2026-05-06 10:38:52
US.PLTR260508P140000,PLTR 260508 140.00P,135.91,12322,5526100.0,PUT,2026-05-08,140.0,9128,67.056,-0.683351643,0.045134759,-0.542885143,0.041930521,3,100.0,US.PLTR,4.05,6.6,2.54,4.25,0.030093444191008782,325818670794.07,"成交额 $5,526,100 ≥ 阈值 $500,000 | 成交量 12,322 手",US.PLTR,2026-05-06 10:38:52
US.PLTR260515C150000,PLTR 260515 150.00C,135.91,29312,4584370.0,CALL,2026-05-15,150.0,35763,60.041,0.171907682,0.019117589,-0.176305531,0.05658524,10,100.0,US.PLTR,2.34,3.3,1.05,6.525,-0.10367154734750941,325818670794.07,"成交额 $4,584,370 ≥ 阈值 $500,000 | 成交量 29,312 手",US.PLTR,2026-05-06 10:38:52
US.PLTR260515P135000,PLTR 260515 135.00P,135.91,10975,4578289.0,PUT,2026-05-15,135.0,12272,54.975,-0.44845117,0.032450897,-0.248460017,0.087818743,10,100.0,US.PLTR,3.2,5.09,2.37,3.4525,-0.006695607387241532,325818670794.07,"成交额 $4,578,289 ≥ 阈值 $500,000 | 成交量 10,975 手",US.PLTR,2026-05-06 10:38:52
US.PLTR260618C150000,PLTR 260618 150.00C,135.91,7382,3941189.0,CALL,2026-06-18,150.0,26252,51.251,0.329017487,0.015000524,-0.10408419,0.170176592,44,100.0,US.PLTR,6.5,7.59,4.5,10.375,-0.10367154734750941,325818670794.07,"成交额 $3,941,189 ≥ 阈值 $500,000 | 成交量 7,382 手",US.PLTR,2026-05-06 10:38:52
US.PLTR260508C145000,PLTR 260508 145.00C,135.91,30115,3693388.0,CALL,2026-05-08,145.0,9016,71.83,0.157607299,0.028472347,-0.363686142,0.028378411,3,100.0,US.PLTR,2.25,3.25,0.6,7.6631,-0.0668824957692591,325818670794.07,"成交额 $3,693,388 ≥ 阈值 $500,000 | 成交量 30,115 手",US.PLTR,2026-05-06 10:38:52
US.PLTR260508P138000,PLTR 260508 138.00P,135.91,10367,3646239.0,PUT,2026-05-08,138.0,4882,66.909,-0.590914643,0.049334198,-0.607957712,0.045763536,3,100.0,US.PLTR,3.13,5.2,1.72,3.525,0.015377823559708657,325818670794.07,"成交额 $3,646,239 ≥ 阈值 $500,000 | 成交量 10,367 手",US.PLTR,2026-05-06 10:38:52
US.PLTR260515C140000,PLTR 260515 140.00C,135.91,7886,3460065.0,CALL,2026-05-15,140.0,9375,56.304,0.39521538,0.030803622,-0.258068379,0.085506316,10,100.0,US.PLTR,6.0,7.6,2.95,11.623,-0.030093444191008782,325818670794.07,"成交额 $3,460,065 ≥ 阈值 $500,000 | 成交量 7,886 手",US.PLTR,2026-05-06 10:38:52
US.PLTR260918P135000,PLTR 260918 135.00P,135.91,2066,3374899.0,PUT,2026-09-18,135.0,5160,54.113,-0.413994442,0.008799616,-0.058429225,0.322419928,136,100.0,US.PLTR,14.0,16.9,13.75,13.425,-0.006695607387241532,325818670794.07,"成交额 $3,374,899 ≥ 阈值 $500,000 | 成交量 2,066 手",US.PLTR,2026-05-06 10:38:52
US.PLTR260618C140000,PLTR 260618 140.00C,135.91,3704,3340502.0,CALL,2026-06-18,140.0,7084,51.177,0.478427495,0.01654409,-0.115953502,0.187424861,44,100.0,US.PLTR,10.5,11.8,7.58,15.3529,-0.030093444191008782,325818670794.07,"成交额 $3,340,502 ≥ 阈值 $500,000 | 成交量 3,704 手",US.PLTR,2026-05-06 10:38:52
US.PLTR260508C138000,PLTR 260508 138.00C,135.91,10781,3319609.0,CALL,2026-05-08,138.0,544,68.18,0.411356813,0.048440071,-0.634055983,0.045829966,3,100.0,US.PLTR,4.94,6.9,1.98,11.7398,-0.015377823559708657,325818670794.07,"成交额 $3,319,609 ≥ 阈值 $500,000 | 成交量 10,781 手",US.PLTR,2026-05-06 10:38:52
US.PLTR260515C145000,PLTR 260515 145.00C,135.91,12300,3153264.0,CALL,2026-05-15,145.0,6665,57.492,0.263711376,0.02559484,-0.220308311,0.072543074,10,100.0,US.PLTR,3.7,4.85,1.77,8.8633,-0.0668824957692591,325818670794.07,"成交额 $3,153,264 ≥ 阈值 $500,000 | 成交量 12,300 手",US.PLTR,2026-05-06 10:38:52
US.PLTR260508P130000,PLTR 260508 130.00P,135.91,32560,3147518.0,PUT,2026-05-08,130.0,18809,68.676,-0.217369585,0.036350351,-0.447555021,0.034636193,3,100.0,US.PLTR,0.99,1.51,0.41,1.5,-0.04348465896549185,325818670794.07,"成交额 $3,147,518 ≥ 阈值 $500,000 | 成交量 32,560 手",US.PLTR,2026-05-06 10:38:52
US.PLTR260508C136000,PLTR 260508 136.00C,135.91,9434,3143026.0,CALL,2026-05-08,136.0,316,68.116,0.509154174,0.049705077,-0.656121889,0.046982829,3,100.0,US.PLTR,6.25,7.5,2.75,13.1034,-0.0006622029284085307,325818670794.07,"成交额 $3,143,026 ≥ 阈值 $500,000 | 成交量 9,434 手",US.PLTR,2026-05-06 10:38:52
US.PLTR260508P136000,PLTR 260508 136.00P,135.91,9863,2828117.0,PUT,2026-05-08,136.0,1616,66.978,-0.49121428,0.050573586,-0.632004956,0.046979963,3,100.0,US.PLTR,2.47,3.95,1.2,2.8884,0.0006622029284085307,325818670794.07,"成交额 $2,828,117 ≥ 阈值 $500,000 | 成交量 9,863 手",US.PLTR,2026-05-06 10:38:52
US.PLTR260508P137000,PLTR 260508 137.00P,135.91,8851,2785687.0,PUT,2026-05-08,137.0,1559,67.206,-0.541290568,0.050151133,-0.62864077,0.046738535,3,100.0,US.PLTR,2.38,4.51,1.65,3.175,0.008020013244058594,325818670794.07,"成交额 $2,785,687 ≥ 阈值 $500,000 | 成交量 8,851 手",US.PLTR,2026-05-06 10:38:52
US.PLTR260508C137000,PLTR 260508 137.00C,135.91,8468,2682196.0,CALL,2026-05-08,137.0,396,68.133,0.45973582,0.049452558,-0.650946426,0.046755558,3,100.0,US.PLTR,5.5,7.24,2.35,12.39,-0.008020013244058594,325818670794.07,"成交额 $2,682,196 ≥ 阈值 $500,000 | 成交量 8,468 手",US.PLTR,2026-05-06 10:38:52
US.PLTR260508C139000,PLTR 260508 139.00C,135.91,9387,2646666.0,CALL,2026-05-08,139.0,1080,68.186,0.364597037,0.046777744,-0.605959571,0.044261027,3,100.0,US.PLTR,4.54,6.24,1.7,11.0898,-0.022735633875358718,325818670794.07,"成交额 $2,646,666 ≥ 阈值 $500,000 | 成交量 9,387 手",US.PLTR,2026-05-06 10:38:52
US.PLTR260618C145000,PLTR 260618 145.00C,135.91,3544,2592907.0,CALL,2026-06-18,145.0,8552,51.01,0.399914004,0.016096442,-0.111323015,0.181757765,44,100.0,US.PLTR,8.25,9.4,5.85,12.6852,-0.0668824957692591,325818670794.07,"成交额 $2,592,907 ≥ 阈值 $500,000 | 成交量 3,544 手",US.PLTR,2026-05-06 10:38:52
US.PLTR260508C135000,PLTR 260508 135.00C,135.91,5995,2418284.0,CALL,2026-05-08,135.0,1013,68.431,0.558647915,0.048953562,-0.6518844,0.046486395,3,100.0,US.PLTR,6.25,9.3,3.15,13.8316,0.006695607387241532,325818670794.07,"成交额 $2,418,284 ≥ 阈值 $500,000 | 成交量 5,995 手",US.PLTR,2026-05-06 10:38:52
US.PLTR260515P145000,PLTR 260515 145.00P,135.91,2703,2349892.0,PUT,2026-05-15,145.0,10622,54.562,-0.750082783,0.02644809,-0.190053849,0.07046187,10,100.0,US.PLTR,8.5,11.89,6.6,7.4497,0.0668824957692591,325818670794.07,"成交额 $2,349,892 ≥ 阈值 $500,000 | 成交量 2,703 手",US.PLTR,2026-05-06 10:38:52
US.PLTR260618P135000,PLTR 260618 135.00P,135.91,2829,2273918.0,PUT,2026-06-18,135.0,6976,50.041,-0.441631211,0.016850449,-0.100743951,0.185524783,44,100.0,US.PLTR,7.17,9.4,6.15,6.5,-0.006695607387241532,325818670794.07,"成交额 $2,273,918 ≥ 阈值 $500,000 | 成交量 2,829 手",US.PLTR,2026-05-06 10:38:52
US.PLTR260717C140000,PLTR 260717 140.00C,135.91,1885,2191483.0,CALL,2026-07-17,140.0,2699,50.569,0.505480169,0.013001249,-0.090196974,0.242028033,73,100.0,US.PLTR,13.1,14.53,10.35,17.8785,-0.030093444191008782,325818670794.07,"成交额 $2,191,483 ≥ 阈值 $500,000 | 成交量 1,885 手",US.PLTR,2026-05-06 10:38:52
US.PLTR260508P139000,PLTR 260508 139.00P,135.91,5529,2096850.0,PUT,2026-05-08,139.0,1459,67.21,-0.637827892,0.047399622,-0.582336476,0.044154372,3,100.0,US.PLTR,3.29,5.85,2.26,3.875,0.022735633875358718,325818670794.07,"成交额 $2,096,850 ≥ 阈值 $500,000 | 成交量 5,529 手",US.PLTR,2026-05-06 10:38:52
US.PLTR260508C150000,PLTR 260508 150.00C,135.91,32090,2095932.0,CALL,2026-05-08,150.0,19611,79.543,0.081914199,0.016151568,-0.225718849,0.017827266,3,100.0,US.PLTR,1.12,1.73,0.3,5.45,-0.10367154734750941,325818670794.07,"成交额 $2,095,932 ≥ 阈值 $500,000 | 成交量 32,090 手",US.PLTR,2026-05-06 10:38:52
US.PLTR260508C142000,PLTR 260508 142.00C,135.91,9364,2082273.0,CALL,2026-05-08,142.0,14237,69.117,0.242849187,0.038426703,-0.486285206,0.036854545,3,100.0,US.PLTR,3.0,5.0,1.0,9.2892,-0.044809064822308904,325818670794.07,"成交额 $2,082,273 ≥ 阈值 $500,000 | 成交量 9,364 手",US.PLTR,2026-05-06 10:38:52
US.PLTR260717P125000,PLTR 260717 125.00P,135.91,3231,2053232.0,PUT,2026-07-17,125.0,7638,50.512,-0.304234268,0.011462079,-0.069684135,0.212137079,73,100.0,US.PLTR,5.25,7.3,4.9,5.15,-0.08027371054374216,325818670794.07,"成交额 $2,053,232 ≥ 阈值 $500,000 | 成交量 3,231 手",US.PLTR,2026-05-06 10:38:52
US.PLTR260821P130000,PLTR 260821 130.00P,135.91,1649,1994015.0,PUT,2026-08-21,130.0,9894,54.925,-0.371441869,0.009395172,-0.065937358,0.278861436,108,100.0,US.PLTR,10.6,12.79,10.5,9.775,-0.04348465896549185,325818670794.07,"成交额 $1,994,015 ≥ 阈值 $500,000 | 成交量 1,649 手",US.PLTR,2026-05-06 10:38:52
US.PLTR260717P130000,PLTR 260717 130.00P,135.91,2308,1972194.0,PUT,2026-07-17,130.0,10483,49.997,-0.367429919,0.012489226,-0.073675968,0.228346381,73,100.0,US.PLTR,6.99,9.35,6.47,6.6,-0.04348465896549185,325818670794.07,"成交额 $1,972,194 ≥ 阈值 $500,000 | 成交量 2,308 手",US.PLTR,2026-05-06 10:38:52
US.PLTR260821C140000,PLTR 260821 140.00C,135.91,1212,1905376.0,CALL,2026-08-21,140.0,1786,55.91,0.535744971,0.009624286,-0.082056702,0.29339921,108,100.0,US.PLTR,17.5,18.8,14.65,22.0114,-0.030093444191008782,325818670794.07,"成交额 $1,905,376 ≥ 阈值 $500,000 | 成交量 1,212 手",US.PLTR,2026-05-06 10:38:52
US.PLTR260515P130000,PLTR 260515 130.00P,135.91,8443,1898754.0,PUT,2026-05-15,130.0,18654,55.769,-0.293359881,0.02780701,-0.219251332,0.076400685,10,100.0,US.PLTR,1.78,2.96,1.28,2.265,-0.04348465896549185,325818670794.07,"成交额 $1,898,754 ≥ 阈值 $500,000 | 成交量 8,443 手",US.PLTR,2026-05-06 10:38:52
US.PLTR260618P140000,PLTR 260618 140.00P,135.91,1804,1857420.0,PUT,2026-06-18,140.0,12876,49.894,-0.525989504,0.017098539,-0.100203845,0.187059715,44,100.0,US.PLTR,9.45,12.3,8.26,8.45,0.030093444191008782,325818670794.07,"成交额 $1,857,420 ≥ 阈值 $500,000 | 成交量 1,804 手",US.PLTR,2026-05-06 10:38:52
US.PLTR260515C135000,PLTR 260515 135.00C,135.91,3230,1843375.0,CALL,2026-05-15,135.0,4549,55.397,0.551810919,0.032159283,-0.263437018,0.087832785,10,100.0,US.PLTR,7.35,10.35,4.95,14.8676,0.006695607387241532,325818670794.07,"成交额 $1,843,375 ≥ 阈值 $500,000 | 成交量 3,230 手",US.PLTR,2026-05-06 10:38:52
US.PLTR260918P125000,PLTR 260918 125.00P,135.91,1554,1673642.0,PUT,2026-09-18,125.0,8433,54.62,-0.325728019,0.00802059,-0.055424931,0.298291738,136,100.0,US.PLTR,10.05,12.05,9.7,9.45,-0.08027371054374216,325818670794.07,"成交额 $1,673,642 ≥ 阈值 $500,000 | 成交量 1,554 手",US.PLTR,2026-05-06 10:38:52
US.PLTR260508C141000,PLTR 260508 141.00C,135.91,7308,1651108.0,CALL,2026-05-08,141.0,457,68.674,0.279837477,0.041598966,-0.529975498,0.039641513,3,100.0,US.PLTR,3.8,5.12,1.2,9.8644,-0.03745125450665884,325818670794.07,"成交额 $1,651,108 ≥ 阈值 $500,000 | 成交量 7,308 手",US.PLTR,2026-05-06 10:38:52
US.PLTR260618P120000,PLTR 260618 120.00P,135.91,5263,1609003.0,PUT,2026-06-18,120.0,26092,51.687,-0.209585263,0.011852776,-0.077400278,0.135385572,44,100.0,US.PLTR,2.61,3.68,2.17,2.6,-0.11706276212199247,325818670794.07,"成交额 $1,609,003 ≥ 阈值 $500,000 | 成交量 5,263 手",US.PLTR,2026-05-06 10:38:52
US.PLTR260508P133000,PLTR 260508 133.00P,135.91,9619,1578741.0,PUT,2026-05-08,133.0,5710,67.451,-0.343132039,0.046284173,-0.578273599,0.043310811,3,100.0,US.PLTR,1.15,2.5,0.77,2.1,-0.02141122801854166,325818670794.07,"成交额 $1,578,741 ≥ 阈值 $500,000 | 成交量 9,619 手",US.PLTR,2026-05-06 10:38:52
US.PLTR260618C135000,PLTR 260618 135.00C,135.91,1430,1541478.0,CALL,2026-06-18,135.0,3433,50.996,0.560044783,0.016438405,-0.115387714,0.185569891,44,100.0,US.PLTR,12.55,14.65,9.75,18.3922,0.006695607387241532,325818670794.07,"成交额 $1,541,478 ≥ 阈值 $500,000 | 成交量 1,430 手",US.PLTR,2026-05-06 10:38:52
US.PLTR260508P134000,PLTR 260508 134.00P,135.91,7358,1517699.0,PUT,2026-05-08,134.0,4313,67.248,-0.391107836,0.048485066,-0.607584171,0.04523062,3,100.0,US.PLTR,1.67,2.95,0.96,2.3448,-0.014053417702891594,325818670794.07,"成交额 $1,517,699 ≥ 阈值 $500,000 | 成交量 7,358 手",US.PLTR,2026-05-06 10:38:52
US.PLTR260618P130000,PLTR 260618 130.00P,135.91,2485,1501680.0,PUT,2026-06-18,130.0,17405,50.337,-0.357749404,0.015814688,-0.096679387,0.17552776,44,100.0,US.PLTR,4.96,7.02,4.2,4.85,-0.04348465896549185,325818670794.07,"成交额 $1,501,680 ≥ 阈值 $500,000 | 成交量 2,485 手",US.PLTR,2026-05-06 10:38:52
US.PLTR260717P120000,PLTR 260717 120.00P,135.91,2968,1461816.0,PUT,2026-07-17,120.0,15240,50.931,-0.245082374,0.010203184,-0.063544465,0.190661949,73,100.0,US.PLTR,3.91,5.55,3.7,3.875,-0.11706276212199247,325818670794.07,"成交额 $1,461,816 ≥ 阈值 $500,000 | 成交量 2,968 手",US.PLTR,2026-05-06 10:38:52
US.PLTR260515C130000,PLTR 260515 130.00C,135.91,1565,1441042.0,CALL,2026-05-15,130.0,3286,58.572,0.699381461,0.02675943,-0.245875759,0.077271055,10,100.0,US.PLTR,12.0,13.6,7.8,18.678,0.04348465896549185,325818670794.07,"成交额 $1,441,042 ≥ 阈值 $500,000 | 成交量 1,565 手",US.PLTR,2026-05-06 10:38:52
US.PLTR261016P175000,PLTR 261016 175.00P,135.91,315,1401201.0,PUT,2026-10-16,175.0,67,52.026,-0.707893204,0.007937168,-0.039936879,0.308883014,164,100.0,US.PLTR,44.88,45.0,44.05,38.5973,0.287616805238761,325818670794.07,"成交额 $1,401,201 ≥ 阈值 $500,000 | 成交量 315 手",US.PLTR,2026-05-06 10:38:52
US.PLTR260508P145000,PLTR 260508 145.00P,135.91,1830,1368597.0,PUT,2026-05-08,145.0,5486,69.732,-0.850552685,0.02848383,-0.325100642,0.027378013,3,100.0,US.PLTR,6.75,10.7,5.11,6.45,0.0668824957692591,325818670794.07,"成交额 $1,368,597 ≥ 阈值 $500,000 | 成交量 1,830 手",US.PLTR,2026-05-06 10:38:52
US.PLTR260618C160000,PLTR 260618 160.00C,135.91,4258,1366107.0,CALL,2026-06-18,160.0,12153,52.499,0.216828945,0.011887465,-0.085644912,0.138135879,44,100.0,US.PLTR,3.75,4.5,2.61,6.85,-0.17724965050401004,325818670794.07,"成交额 $1,366,107 ≥ 阈值 $500,000 | 成交量 4,258 手",US.PLTR,2026-05-06 10:38:52
US.PLTR260918C140000,PLTR 260918 140.00C,135.91,747,1342884.0,CALL,2026-09-18,140.0,2417,55.025,0.547697125,0.008684906,-0.072388361,0.328286166,136,100.0,US.PLTR,19.5,20.95,16.5,23.998,-0.030093444191008782,325818670794.07,"成交额 $1,342,884 ≥ 阈值 $500,000 | 成交量 747 手",US.PLTR,2026-05-06 10:38:52
US.PLTR260821P140000,PLTR 260821 140.00P,135.91,794,1339873.0,PUT,2026-08-21,140.0,6967,54.719,-0.469602786,0.009977917,-0.067947429,0.293211305,108,100.0,US.PLTR,15.0,18.2,14.45,14.125,0.030093444191008782,325818670794.07,"成交额 $1,339,873 ≥ 阈值 $500,000 | 成交量 794 手",US.PLTR,2026-05-06 10:38:52
US.PLTR260515P140000,PLTR 260515 140.00P,135.91,2127,1326950.0,PUT,2026-05-15,140.0,16407,55.017,-0.608689333,0.03153697,-0.238341454,0.085229837,10,100.0,US.PLTR,5.1,8.05,4.0,5.2076,0.030093444191008782,325818670794.07,"成交额 $1,326,950 ≥ 阈值 $500,000 | 成交量 2,127 手",US.PLTR,2026-05-06 10:38:52
US.PLTR260508C143000,PLTR 260508 143.00C,135.91,7421,1326488.0,CALL,2026-05-08,143.0,1398,69.779,0.210118702,0.035072407,-0.442740236,0.033959364,3,100.0,US.PLTR,2.27,4.55,0.84,8.7388,-0.05216687513795897,325818670794.07,"成交额 $1,326,488 ≥ 阈值 $500,000 | 成交量 7,421 手",US.PLTR,2026-05-06 10:38:52
US.PLTR260522P130000,PLTR 260522 130.00P,135.91,4101,1274066.0,PUT,2026-05-22,130.0,3169,53.312,-0.322738496,0.023152017,-0.164119915,0.104434033,17,100.0,US.PLTR,2.71,4.05,2.1,2.8125,-0.04348465896549185,325818670794.07,"成交额 $1,274,066 ≥ 阈值 $500,000 | 成交量 4,101 手",US.PLTR,2026-05-06 10:38:52
US.PLTR260717C145000,PLTR 260717 145.00C,135.91,1316,1270026.0,CALL,2026-07-17,145.0,3876,50.53,0.443545945,0.012881902,-0.088623857,0.239620742,73,100.0,US.PLTR,10.95,12.5,8.5,15.3688,-0.0668824957692591,325818670794.07,"成交额 $1,270,026 ≥ 阈值 $500,000 | 成交量 1,316 手",US.PLTR,2026-05-06 10:38:52
US.PLTR260918P140000,PLTR 260918 140.00P,135.91,667,1240917.0,PUT,2026-09-18,140.0,8184,53.955,-0.45826448,0.00901802,-0.058768807,0.328162151,136,100.0,US.PLTR,16.71,19.6,16.28,15.725,0.030093444191008782,325818670794.07,"成交额 $1,240,917 ≥ 阈值 $500,000 | 成交量 667 手",US.PLTR,2026-05-06 10:38:52
US.PLTR260515P175000,PLTR 260515 175.00P,135.91,319,1238278.0,PUT,2026-05-15,175.0,2367,0.0,0.0,0.0,0.0,0.0,10,100.0,US.PLTR,33.24,39.5,33.24,29.9822,0.287616805238761,325818670794.07,"成交额 $1,238,278 ≥ 阈值 $500,000 | 成交量 319 手",US.PLTR,2026-05-06 10:38:52
US.PLTR260821C135000,PLTR 260821 135.00C,135.91,661,1220396.0,CALL,2026-08-21,135.0,873,56.189,0.583132302,0.009405619,-0.081490582,0.288163288,108,100.0,US.PLTR,19.42,21.67,16.8,24.7055,0.006695607387241532,325818670794.07,"成交额 $1,220,396 ≥ 阈值 $500,000 | 成交量 661 手",US.PLTR,2026-05-06 10:38:52
US.PLTR260508P147000,PLTR 260508 147.00P,135.91,1253,1217016.0,PUT,2026-05-08,147.0,2499,64.719,-0.914927294,0.020789958,-0.178425326,0.018307014,3,100.0,US.PLTR,8.3,12.58,6.25,7.4949,0.08159811640055922,325818670794.07,"成交额 $1,217,016 ≥ 阈值 $500,000 | 成交量 1,253 手",US.PLTR,2026-05-06 10:38:52
US.PLTR260918P145000,PLTR 260918 145.00P,135.91,554,1207588.0,PUT,2026-09-18,145.0,2776,53.838,-0.501814935,0.009127092,-0.058359464,0.329773555,136,100.0,US.PLTR,20.25,22.6,19.21,18.15,0.0668824957692591,325818670794.07,"成交额 $1,207,588 ≥ 阈值 $500,000 | 成交量 554 手",US.PLTR,2026-05-06 10:38:52
US.PLTR261120C180000,PLTR 261120 180.00C,135.91,1114,1136912.0,CALL,2026-11-20,180.0,871,55.372,0.331914269,0.006535799,-0.054260151,0.364047678,199,100.0,US.PLTR,11.04,11.04,9.62,14.1,-0.3244058568170113,325818670794.07,"成交额 $1,136,912 ≥ 阈值 $500,000 | 成交量 1,114 手",US.PLTR,2026-05-06 10:38:52
US.PLTR260717C135000,PLTR 260717 135.00C,135.91,828,1124644.0,CALL,2026-07-17,135.0,1802,50.583,0.569399925,0.012801652,-0.089600985,0.238379375,73,100.0,US.PLTR,16.48,16.9,12.64,20.7343,0.006695607387241532,325818670794.07,"成交额 $1,124,644 ≥ 阈值 $500,000 | 成交量 828 手",US.PLTR,2026-05-06 10:38:52
US.PLTR260515C137000,PLTR 260515 137.00C,135.91,2163,1096304.0,CALL,2026-05-15,137.0,470,55.858,0.487540364,0.032149758,-0.266827789,0.088537674,10,100.0,US.PLTR,6.9,8.6,4.12,13.5005,-0.008020013244058594,325818670794.07,"成交额 $1,096,304 ≥ 阈值 $500,000 | 成交量 2,163 手",US.PLTR,2026-05-06 10:38:52
US.PLTR260821C150000,PLTR 260821 150.00C,135.91,914,1090961.0,CALL,2026-08-21,150.0,3844,55.307,0.443461502,0.00967025,-0.079886447,0.291615327,108,100.0,US.PLTR,13.01,14.55,10.95,17.25,-0.10367154734750941,325818670794.07,"成交额 $1,090,961 ≥ 阈值 $500,000 | 成交量 914 手",US.PLTR,2026-05-06 10:38:52
US.PLTR260515P137000,PLTR 260515 137.00P,135.91,2238,1080092.0,PUT,2026-05-15,137.0,581,55.169,-0.513552612,0.032608062,-0.250452495,0.088501762,10,100.0,US.PLTR,3.31,6.1,3.2,4.0851,0.008020013244058594,325818670794.07,"成交额 $1,080,092 ≥ 阈值 $500,000 | 成交量 2,238 手",US.PLTR,2026-05-06 10:38:52
US.PLTR260508P132000,PLTR 260508 132.00P,135.91,7553,1077790.0,PUT,2026-05-08,132.0,2741,67.842,-0.297947092,0.043377528,-0.541150993,0.040827744,3,100.0,US.PLTR,0.99,2.14,0.64,1.885,-0.02876903833419172,325818670794.07,"成交额 $1,077,790 ≥ 阈值 $500,000 | 成交量 7,553 手",US.PLTR,2026-05-06 10:38:52
US.PLTR260618P125000,PLTR 260618 125.00P,135.91,2433,1048629.0,PUT,2026-06-18,125.0,15714,50.809,-0.278838698,0.014082682,-0.088382861,0.157984049,44,100.0,US.PLTR,3.68,5.11,3.0,3.6,-0.08027371054374216,325818670794.07,"成交额 $1,048,629 ≥ 阈值 $500,000 | 成交量 2,433 手",US.PLTR,2026-05-06 10:38:52
US.PLTR260508P142000,PLTR 260508 142.00P,135.91,2114,1047071.0,PUT,2026-05-08,142.0,1068,66.006,-0.768543882,0.039298207,-0.436266499,0.035881429,3,100.0,US.PLTR,4.57,8.0,3.35,5.075,0.044809064822308904,325818670794.07,"成交额 $1,047,071 ≥ 阈值 $500,000 | 成交量 2,114 手",US.PLTR,2026-05-06 10:38:52
US.PLTR260821P135000,PLTR 260821 135.00P,135.91,719,1032220.0,PUT,2026-08-21,135.0,2163,54.945,-0.42056286,0.009737045,-0.067686394,0.288335664,108,100.0,US.PLTR,12.0,15.3,12.0,11.85,-0.006695607387241532,325818670794.07,"成交额 $1,032,220 ≥ 阈值 $500,000 | 成交量 719 手",US.PLTR,2026-05-06 10:38:52
US.PLTR260618C125000,PLTR 260618 125.00C,135.91,582,993752.0,CALL,2026-06-18,125.0,2100,52.438,0.717626473,0.01369968,-0.103900092,0.159020005,44,100.0,US.PLTR,20.5,21.0,15.5,25.4631,0.08027371054374216,325818670794.07,"成交额 $993,752 ≥ 阈值 $500,000 | 成交量 582 手",US.PLTR,2026-05-06 10:38:52
US.PLTR260918C145000,PLTR 260918 145.00C,135.91,629,985155.0,CALL,2026-09-18,145.0,1266,54.934,0.505879886,0.008761083,-0.072374884,0.33061514,136,100.0,US.PLTR,17.35,18.2,14.7,21.4592,-0.0668824957692591,325818670794.07,"成交额 $985,155 ≥ 阈值 $500,000 | 成交量 629 手",US.PLTR,2026-05-06 10:38:52
US.PLTR260918C150000,PLTR 260918 150.00C,135.91,704,984884.0,CALL,2026-09-18,150.0,5495,54.562,0.464414361,0.00878656,-0.071280843,0.329332428,136,100.0,US.PLTR,15.45,16.47,12.8,19.3,-0.10367154734750941,325818670794.07,"成交额 $984,884 ≥ 阈值 $500,000 | 成交量 704 手",US.PLTR,2026-05-06 10:38:52
US.PLTR260508C148000,PLTR 260508 148.00C,135.91,10810,975780.0,CALL,2026-05-08,148.0,6654,75.78,0.103756994,0.020194356,-0.267189509,0.021234723,3,100.0,US.PLTR,1.45,2.29,0.39,6.2802,-0.08895592671620928,325818670794.07,"成交额 $975,780 ≥ 阈值 $500,000 | 成交量 10,810 手",US.PLTR,2026-05-06 10:38:52
US.PLTR260515P125000,PLTR 260515 125.00P,135.91,8615,973990.0,PUT,2026-05-15,125.0,14658,57.381,-0.171195742,0.019955252,-0.164766802,0.056430272,10,100.0,US.PLTR,0.88,1.57,0.7,1.425,-0.08027371054374216,325818670794.07,"成交额 $973,990 ≥ 阈值 $500,000 | 成交量 8,615 手",US.PLTR,2026-05-06 10:38:52
US.PLTR260515C143000,PLTR 260515 143.00C,135.91,2645,968529.0,CALL,2026-05-15,143.0,424,56.611,0.310988385,0.028105099,-0.236066477,0.078439405,10,100.0,US.PLTR,4.6,5.75,2.23,9.8744,-0.05216687513795897,325818670794.07,"成交额 $968,529 ≥ 阈值 $500,000 | 成交量 2,645 手",US.PLTR,2026-05-06 10:38:52
US.PLTR260508C147000,PLTR 260508 147.00C,135.91,8568,953784.0,CALL,2026-05-08,147.0,4786,74.675,0.119937813,0.022731932,-0.299542258,0.023554469,3,100.0,US.PLTR,1.74,2.4,0.44,6.7071,-0.08159811640055922,325818670794.07,"成交额 $953,784 ≥ 阈值 $500,000 | 成交量 8,568 手",US.PLTR,2026-05-06 10:38:52
US.PLTR260508C130000,PLTR 260508 130.00C,135.91,1193,951574.0,CALL,2026-05-08,130.0,1304,70.671,0.776643108,0.035875762,-0.482521198,0.035181246,3,100.0,US.PLTR,12.33,12.76,6.3,17.7145,0.04348465896549185,325818670794.07,"成交额 $951,574 ≥ 阈值 $500,000 | 成交量 1,193 手",US.PLTR,2026-05-06 10:38:52
US.PLTR260717P140000,PLTR 260717 140.00P,135.91,693,909164.0,PUT,2026-07-17,140.0,8778,49.46,-0.499401614,0.013450004,-0.075617967,0.241626321,73,100.0,US.PLTR,11.51,14.54,10.8,10.55,0.030093444191008782,325818670794.07,"成交额 $909,164 ≥ 阈值 $500,000 | 成交量 693 手",US.PLTR,2026-05-06 10:38:52
US.PLTR260515C136000,PLTR 260515 136.00C,135.91,1742,907365.0,CALL,2026-05-15,136.0,79,56.234,0.5196704,0.031911433,-0.268846017,0.088473266,10,100.0,US.PLTR,7.65,9.35,4.5,14.184,-0.0006622029284085307,325818670794.07,"成交额 $907,365 ≥ 阈值 $500,000 | 成交量 1,742 手",US.PLTR,2026-05-06 10:38:52
US.PLTR260522P155000,PLTR 260522 155.00P,135.91,494,906996.0,PUT,2026-05-22,155.0,520,55.176,-0.854001586,0.014795254,-0.098726986,0.066346039,17,100.0,US.PLTR,18.23,20.75,17.5,14.55,0.1404605989257597,325818670794.07,"成交额 $906,996 ≥ 阈值 $500,000 | 成交量 494 手",US.PLTR,2026-05-06 10:38:52
US.PLTR261016C140000,PLTR 261016 140.00C,135.91,444,868130.0,CALL,2026-10-16,140.0,781,54.309,0.55778227,0.007984726,-0.065380479,0.359340999,164,100.0,US.PLTR,21.35,22.75,18.35,25.8161,-0.030093444191008782,325818670794.07,"成交额 $868,130 ≥ 阈值 $500,000 | 成交量 444 手",US.PLTR,2026-05-06 10:38:52
US.PLTR260618C155000,PLTR 260618 155.00C,135.91,2136,856767.0,CALL,2026-06-18,155.0,7574,51.808,0.268030017,0.013514958,-0.095296617,0.154983929,44,100.0,US.PLTR,4.95,5.7,3.4,8.525,-0.1404605989257597,325818670794.07,"成交额 $856,767 ≥ 阈值 $500,000 | 成交量 2,136 手",US.PLTR,2026-05-06 10:38:52
US.PLTR260515C142000,PLTR 260515 142.00C,135.91,2429,850701.0,CALL,2026-05-15,142.0,234,56.528,0.338002054,0.029126129,-0.24465582,0.081170851,10,100.0,US.PLTR,4.0,6.65,2.47,10.4158,-0.044809064822308904,325818670794.07,"成交额 $850,701 ≥ 阈值 $500,000 | 成交量 2,429 手",US.PLTR,2026-05-06 10:38:52
US.PLTR260508C155000,PLTR 260508 155.00C,135.91,29521,849256.0,CALL,2026-05-08,155.0,28307,89.463,0.049197926,0.009660881,-0.155692662,0.01199344,3,100.0,US.PLTR,1.5,1.5,0.18,3.775,-0.1404605989257597,325818670794.07,"成交额 $849,256 ≥ 阈值 $500,000 | 成交量 29,521 手",US.PLTR,2026-05-06 10:38:52
US.PLTR260918P130000,PLTR 260918 130.00P,135.91,629,847436.0,PUT,2026-09-18,130.0,9431,54.446,-0.369588933,0.008448383,-0.057445313,0.312437172,136,100.0,US.PLTR,12.09,14.35,11.57,11.25,-0.04348465896549185,325818670794.07,"成交额 $847,436 ≥ 阈值 $500,000 | 成交量 629 手",US.PLTR,2026-05-06 10:38:52
US.PLTR260508P150000,PLTR 260508 150.00P,135.91,688,847036.0,PUT,2026-05-08,150.0,1321,63.568,-0.962399366,0.01171094,-0.073568517,0.009590809,3,100.0,US.PLTR,10.27,15.5,8.5,9.2395,0.10367154734750941,325818670794.07,"成交额 $847,036 ≥ 阈值 $500,000 | 成交量 688 手",US.PLTR,2026-05-06 10:38:52
US.PLTR260508P141000,PLTR 260508 141.00P,135.91,1879,844820.0,PUT,2026-05-08,141.0,934,65.795,-0.729857038,0.042757874,-0.483713145,0.038948126,3,100.0,US.PLTR,5.4,7.13,2.85,4.65,0.03745125450665884,325818670794.07,"成交额 $844,820 ≥ 阈值 $500,000 | 成交量 1,879 手",US.PLTR,2026-05-06 10:38:52
US.PLTR260918C130000,PLTR 260918 130.00C,135.91,366,828195.0,CALL,2026-09-18,130.0,1678,55.059,0.63333097,0.008249247,-0.069833513,0.312007802,136,100.0,US.PLTR,25.97,25.97,21.3,29.4386,0.04348465896549185,325818670794.07,"成交额 $828,195 ≥ 阈值 $500,000 | 成交量 366 手",US.PLTR,2026-05-06 10:38:52
US.PLTR260508P148000,PLTR 260508 148.00P,135.91,745,815596.0,PUT,2026-05-08,148.0,1843,64.292,-0.933947233,0.017422107,-0.137300147,0.015080978,3,100.0,US.PLTR,8.51,13.3,7.17,8.0685,0.08895592671620928,325818670794.07,"成交额 $815,596 ≥ 阈值 $500,000 | 成交量 745 手",US.PLTR,2026-05-06 10:38:52
US.PLTR260508C144000,PLTR 260508 144.00C,135.91,5325,800757.0,CALL,2026-05-08,144.0,1484,70.678,0.181742453,0.031707028,-0.401373265,0.031095853,3,100.0,US.PLTR,2.48,3.6,0.71,8.1886,-0.05952468545360903,325818670794.07,"成交额 $800,757 ≥ 阈值 $500,000 | 成交量 5,325 手",US.PLTR,2026-05-06 10:38:52
US.PLTR261120C140000,PLTR 261120 140.00C,135.91,341,793639.0,CALL,2026-11-20,140.0,742,56.009,0.572597719,0.006983666,-0.061117668,0.393489452,199,100.0,US.PLTR,24.5,25.3,21.15,28.5944,-0.030093444191008782,325818670794.07,"成交额 $793,639 ≥ 阈值 $500,000 | 成交量 341 手",US.PLTR,2026-05-06 10:38:52
US.PLTR260717C160000,PLTR 260717 160.00C,135.91,1509,793478.0,CALL,2026-07-17,160.0,4309,50.824,0.283078564,0.010973999,-0.07520221,0.205304566,73,100.0,US.PLTR,5.86,6.86,4.65,9.325,-0.17724965050401004,325818670794.07,"成交额 $793,478 ≥ 阈值 $500,000 | 成交量 1,509 手",US.PLTR,2026-05-06 10:38:52
US.PLTR260522C145000,PLTR 260522 145.00C,135.91,2104,785557.0,CALL,2026-05-22,145.0,634,55.593,0.319120279,0.022073624,-0.178472261,0.103968302,17,100.0,US.PLTR,5.05,5.82,2.85,9.5299,-0.0668824957692591,325818670794.07,"成交额 $785,557 ≥ 阈值 $500,000 | 成交量 2,104 手",US.PLTR,2026-05-06 10:38:52
US.PLTR260508P146000,PLTR 260508 146.00P,135.91,950,783224.0,PUT,2026-05-08,146.0,1323,61.757,-0.90518632,0.023564878,-0.188861979,0.019846465,3,100.0,US.PLTR,7.9,11.39,5.35,6.925,0.07424030608490916,325818670794.07,"成交额 $783,224 ≥ 阈值 $500,000 | 成交量 950 手",US.PLTR,2026-05-06 10:38:52
US.PLTR260618C130000,PLTR 260618 130.00C,135.91,569,781836.0,CALL,2026-06-18,130.0,4900,51.713,0.641423608,0.015355145,-0.111893668,0.175776471,44,100.0,US.PLTR,15.89,18.3,12.35,21.7289,0.04348465896549185,325818670794.07,"成交额 $781,836 ≥ 阈值 $500,000 | 成交量 569 手",US.PLTR,2026-05-06 10:38:52
US.PLTR260612P136000,PLTR 260612 136.00P,135.91,940,764410.0,PUT,2026-06-12,136.0,54,49.952,-0.461724464,0.018282488,-0.109286057,0.173400977,38,100.0,US.PLTR,6.84,9.1,6.84,6.2215,0.0006622029284085307,325818670794.07,"成交额 $764,410 ≥ 阈值 $500,000 | 成交量 940 手",US.PLTR,2026-05-06 10:38:52
US.PLTR260918C170000,PLTR 260918 170.00C,135.91,927,762536.0,CALL,2026-09-18,170.0,5579,54.453,0.320221999,0.007925914,-0.063081702,0.296464273,136,100.0,US.PLTR,9.11,10.02,7.55,12.225,-0.2508277536605107,325818670794.07,"成交额 $762,536 ≥ 阈值 $500,000 | 成交量 927 手",US.PLTR,2026-05-06 10:38:52
US.PLTR260508P131000,PLTR 260508 131.00P,135.91,6058,759008.0,PUT,2026-05-08,131.0,1688,67.868,-0.25481167,0.04015366,-0.492619422,0.03780913,3,100.0,US.PLTR,0.86,1.81,0.53,1.685,-0.03612684864984178,325818670794.07,"成交额 $759,008 ≥ 阈值 $500,000 | 成交量 6,058 手",US.PLTR,2026-05-06 10:38:52
US.PLTR260522C150000,PLTR 260522 150.00C,135.91,3022,751276.0,CALL,2026-05-22,150.0,4859,56.919,0.231319244,0.018386146,-0.154385526,0.088661298,17,100.0,US.PLTR,3.45,4.4,1.86,7.4865,-0.10367154734750941,325818670794.07,"成交额 $751,276 ≥ 阈值 $500,000 | 成交量 3,022 手",US.PLTR,2026-05-06 10:38:52
US.PLTR260612C135000,PLTR 260612 135.00C,135.91,705,741997.0,CALL,2026-06-12,135.0,58,51.505,0.558096408,0.017534787,-0.12511974,0.172500136,38,100.0,US.PLTR,13.17,13.17,9.2,17.5435,0.006695607387241532,325818670794.07,"成交额 $741,997 ≥ 阈值 $500,000 | 成交量 705 手",US.PLTR,2026-05-06 10:38:52
US.PLTR260508C146000,PLTR 260508 146.00C,135.91,6379,725932.0,CALL,2026-05-08,146.0,6472,73.046,0.136730751,0.025453199,-0.328269966,0.025798755,3,100.0,US.PLTR,1.88,2.75,0.51,7.1377,-0.07424030608490916,325818670794.07,"成交额 $725,932 ≥ 阈值 $500,000 | 成交量 6,379 手",US.PLTR,2026-05-06 10:38:52
US.PLTR260515P139000,PLTR 260515 139.00P,135.91,1347,719995.0,PUT,2026-05-15,139.0,574,54.466,-0.578798801,0.032428981,-0.241088205,0.086809216,10,100.0,US.PLTR,4.67,7.4,3.85,4.8111,0.022735633875358718,325818670794.07,"成交额 $719,995 ≥ 阈值 $500,000 | 成交量 1,347 手",US.PLTR,2026-05-06 10:38:52
US.PLTR260508P157500,PLTR 260508 157.50P,135.91,336,712623.0,PUT,2026-05-08,157.5,325,0.0,0.0,0.0,0.0,0.0,3,100.0,US.PLTR,17.69,22.45,15.58,14.4213,0.1588551247148849,325818670794.07,"成交额 $712,623 ≥ 阈值 $500,000 | 成交量 336 手",US.PLTR,2026-05-06 10:38:52
US.PLTR261016C145000,PLTR 261016 145.00C,135.91,398,701940.0,CALL,2026-10-16,145.0,688,54.149,0.519122376,0.008084056,-0.065439199,0.362738588,164,100.0,US.PLTR,19.3,20.55,16.4,23.3021,-0.0668824957692591,325818670794.07,"成交额 $701,940 ≥ 阈值 $500,000 | 成交量 398 手",US.PLTR,2026-05-06 10:38:52
US.PLTR260618P115000,PLTR 260618 115.00P,135.91,3263,700883.0,PUT,2026-06-18,115.0,17335,53.147,-0.153341262,0.009469298,-0.065618289,0.111279581,44,100.0,US.PLTR,1.84,2.51,1.55,1.89,-0.15385181370024278,325818670794.07,"成交额 $700,883 ≥ 阈值 $500,000 | 成交量 3,263 手",US.PLTR,2026-05-06 10:38:52
US.PLTR260717C155000,PLTR 260717 155.00C,135.91,1097,696098.0,CALL,2026-07-17,155.0,3315,50.804,0.332125692,0.011778773,-0.081012276,0.22027944,73,100.0,US.PLTR,7.18,8.13,5.7,11.05,-0.1404605989257597,325818670794.07,"成交额 $696,098 ≥ 阈值 $500,000 | 成交量 1,097 手",US.PLTR,2026-05-06 10:38:52
US.PLTR260618C165000,PLTR 260618 165.00C,135.91,2688,691479.0,CALL,2026-06-18,165.0,8700,53.353,0.175130628,0.010273758,-0.076099721,0.121324526,44,100.0,US.PLTR,2.81,3.38,2.02,5.5,-0.21403870208226036,325818670794.07,"成交额 $691,479 ≥ 阈值 $500,000 | 成交量 2,688 手",US.PLTR,2026-05-06 10:38:52
US.PLTR260522C155000,PLTR 260522 155.00C,135.91,3750,690930.0,CALL,2026-05-22,155.0,1694,58.749,0.166428723,0.014597201,-0.129339309,0.07265181,17,100.0,US.PLTR,2.35,3.05,1.26,5.6944,-0.1404605989257597,325818670794.07,"成交额 $690,930 ≥ 阈值 $500,000 | 成交量 3,750 手",US.PLTR,2026-05-06 10:38:52
US.PLTR260529C140000,PLTR 260529 140.00C,135.91,1088,690913.0,CALL,2026-05-29,140.0,972,51.568,0.44368401,0.022095546,-0.155674221,0.136903501,24,100.0,US.PLTR,9.0,9.37,5.1,13.38,-0.030093444191008782,325818670794.07,"成交额 $690,913 ≥ 阈值 $500,000 | 成交量 1,088 手",US.PLTR,2026-05-06 10:38:52
US.PLTR260515C138000,PLTR 260515 138.00C,135.91,1397,687452.0,CALL,2026-05-15,138.0,89,56.257,0.456404171,0.031746697,-0.266707209,0.088051194,10,100.0,US.PLTR,6.36,7.8,3.7,12.8302,-0.015377823559708657,325818670794.07,"成交额 $687,452 ≥ 阈值 $500,000 | 成交量 1,397 手",US.PLTR,2026-05-06 10:38:52
US.PLTR260529P140000,PLTR 260529 140.00P,135.91,852,679263.0,PUT,2026-05-29,140.0,1488,50.833,-0.559213751,0.022516586,-0.140312056,0.136636014,24,100.0,US.PLTR,7.17,10.0,6.01,6.5766,0.030093444191008782,325818670794.07,"成交额 $679,263 ≥ 阈值 $500,000 | 成交量 852 手",US.PLTR,2026-05-06 10:38:52
US.PLTR260612P143000,PLTR 260612 143.00P,135.91,563,678005.0,PUT,2026-06-12,143.0,168,49.503,-0.587894708,0.018177262,-0.104242021,0.169834647,38,100.0,US.PLTR,11.94,12.26,11.82,9.2431,0.05216687513795897,325818670794.07,"成交额 $678,005 ≥ 阈值 $500,000 | 成交量 563 手",US.PLTR,2026-05-06 10:38:52
US.PLTR260618P145000,PLTR 260618 145.00P,135.91,498,667012.0,PUT,2026-06-18,145.0,11718,51.116,-0.602448771,0.016238979,-0.098323195,0.181142907,44,100.0,US.PLTR,12.05,15.47,10.91,10.775,0.0668824957692591,325818670794.07,"成交额 $667,012 ≥ 阈值 $500,000 | 成交量 498 手",US.PLTR,2026-05-06 10:38:52
US.PLTR260508C149000,PLTR 260508 149.00C,135.91,12004,662064.0,CALL,2026-05-08,149.0,13188,77.584,0.091805646,0.018031942,-0.244692013,0.019412394,3,100.0,US.PLTR,1.27,1.89,0.34,5.8532,-0.09631373703185934,325818670794.07,"成交额 $662,064 ≥ 阈值 $500,000 | 成交量 12,004 手",US.PLTR,2026-05-06 10:38:52
US.PLTR260618P150000,PLTR 260618 150.00P,135.91,385,653491.0,PUT,2026-06-18,150.0,13712,50.211,-0.679366982,0.015467201,-0.087906164,0.167895673,44,100.0,US.PLTR,14.6,19.2,14.09,13.4616,0.10367154734750941,325818670794.07,"成交额 $653,491 ≥ 阈值 $500,000 | 成交量 385 手",US.PLTR,2026-05-06 10:38:52
US.PLTR260515P136000,PLTR 260515 136.00P,135.91,1466,651373.0,PUT,2026-05-15,136.0,725,54.974,-0.481141834,0.032696675,-0.249903635,0.088457294,10,100.0,US.PLTR,3.6,5.65,2.91,3.7688,0.0006622029284085307,325818670794.07,"成交额 $651,373 ≥ 阈值 $500,000 | 成交量 1,466 手",US.PLTR,2026-05-06 10:38:52
US.PLTR260508C152500,PLTR 260508 152.50C,135.91,17480,638163.0,CALL,2026-05-08,152.5,9773,83.556,0.060537065,0.012187085,-0.177969126,0.01413043,3,100.0,US.PLTR,0.9,1.18,0.23,4.55,-0.12206607313663456,325818670794.07,"成交额 $638,163 ≥ 阈值 $500,000 | 成交量 17,480 手",US.PLTR,2026-05-06 10:38:52
US.PLTR260508P144000,PLTR 260508 144.00P,135.91,967,630587.0,PUT,2026-05-08,144.0,1430,66.425,-0.83470144,0.031928252,-0.337080405,0.02925584,3,100.0,US.PLTR,5.97,9.75,4.5,5.975,0.05952468545360903,325818670794.07,"成交额 $630,587 ≥ 阈值 $500,000 | 成交量 967 手",US.PLTR,2026-05-06 10:38:52
US.PLTR260508P143000,PLTR 260508 143.00P,135.91,960,618085.0,PUT,2026-05-08,143.0,1479,67.445,-0.798849351,0.035484482,-0.401316622,0.033076887,3,100.0,US.PLTR,5.45,9.0,4.0,5.525,0.05216687513795897,325818670794.07,"成交额 $618,085 ≥ 阈值 $500,000 | 成交量 960 手",US.PLTR,2026-05-06 10:38:52
US.PLTR260821C130000,PLTR 260821 130.00C,135.91,280,617139.0,CALL,2026-08-21,130.0,1316,56.256,0.630622954,0.009084164,-0.079490772,0.278645971,108,100.0,US.PLTR,23.43,24.4,19.62,27.5961,0.04348465896549185,325818670794.07,"成交额 $617,139 ≥ 阈值 $500,000 | 成交量 280 手",US.PLTR,2026-05-06 10:38:52
US.PLTR260529C145000,PLTR 260529 145.00C,135.91,1171,616665.0,CALL,2026-05-29,145.0,1933,52.412,0.344676381,0.020272803,-0.146348948,0.127661758,24,100.0,US.PLTR,5.75,6.6,3.6,10.6332,-0.0668824957692591,325818670794.07,"成交额 $616,665 ≥ 阈值 $500,000 | 成交量 1,171 手",US.PLTR,2026-05-06 10:38:52
US.PLTR260522C140000,PLTR 260522 140.00C,135.91,1102,613936.0,CALL,2026-05-22,140.0,2164,54.324,0.427679461,0.024813539,-0.193297247,0.114208883,17,100.0,US.PLTR,7.25,8.5,4.25,12.35,-0.030093444191008782,325818670794.07,"成交额 $613,936 ≥ 阈值 $500,000 | 成交量 1,102 手",US.PLTR,2026-05-06 10:38:52
US.PLTR260605P130000,PLTR 260605 130.00P,135.91,1275,607771.0,PUT,2026-06-05,130.0,537,50.396,-0.346024958,0.018597601,-0.115419536,0.145415697,31,100.0,US.PLTR,3.5,5.65,3.15,3.8434,-0.04348465896549185,325818670794.07,"成交额 $607,771 ≥ 阈值 $500,000 | 成交量 1,275 手",US.PLTR,2026-05-06 10:38:52
US.PLTR260515P138000,PLTR 260515 138.00P,135.91,1172,606989.0,PUT,2026-05-15,138.0,687,55.0,-0.545959829,0.032521373,-0.247524066,0.087960026,10,100.0,US.PLTR,3.72,6.8,3.5,4.4147,0.015377823559708657,325818670794.07,"成交额 $606,989 ≥ 阈值 $500,000 | 成交量 1,172 手",US.PLTR,2026-05-06 10:38:52
US.PLTR260821C160000,PLTR 260821 160.00C,135.91,665,603970.0,CALL,2026-08-21,160.0,5714,55.324,0.360632325,0.009163307,-0.075127903,0.276408115,108,100.0,US.PLTR,9.95,11.5,8.14,13.35,-0.17724965050401004,325818670794.07,"成交额 $603,970 ≥ 阈值 $500,000 | 成交量 665 手",US.PLTR,2026-05-06 10:38:52
US.PLTR260515C139000,PLTR 260515 139.00C,135.91,1358,592375.0,CALL,2026-05-15,139.0,124,56.596,0.426074602,0.031199628,-0.264698518,0.087055034,10,100.0,US.PLTR,5.85,7.0,3.35,12.2266,-0.022735633875358718,325818670794.07,"成交额 $592,375 ≥ 阈值 $500,000 | 成交量 1,358 手",US.PLTR,2026-05-06 10:38:52
US.PLTR260508C129000,PLTR 260508 129.00C,135.91,653,584566.0,CALL,2026-05-08,129.0,464,70.614,0.812630017,0.032343214,-0.425414121,0.031691433,3,100.0,US.PLTR,13.66,13.79,7.1,18.5344,0.05084246928114191,325818670794.07,"成交额 $584,566 ≥ 阈值 $500,000 | 成交量 653 手",US.PLTR,2026-05-06 10:38:52
US.PLTR260918C210000,PLTR 260918 210.00C,135.91,1870,578315.0,CALL,2026-09-18,210.0,2340,56.052,0.144045281,0.004884251,-0.040440881,0.188045108,136,100.0,US.PLTR,3.12,3.35,2.82,4.925,-0.5451401662865132,325818670794.07,"成交额 $578,315 ≥ 阈值 $500,000 | 成交量 1,870 手",US.PLTR,2026-05-06 10:38:52
US.PLTR260821C145000,PLTR 260821 145.00C,135.91,413,568478.0,CALL,2026-08-21,145.0,868,55.632,0.48905212,0.009707792,-0.081514517,0.294470194,108,100.0,US.PLTR,15.24,16.56,12.7,19.4885,-0.0668824957692591,325818670794.07,"成交额 $568,478 ≥ 阈值 $500,000 | 成交量 413 手",US.PLTR,2026-05-06 10:38:52
US.PLTR261120P115000,PLTR 261120 115.00P,135.91,507,532198.0,PUT,2026-11-20,115.0,2664,56.116,-0.257619398,0.005781254,-0.04191605,0.323573688,199,100.0,US.PLTR,10.5,11.2,10.2,9.3,-0.15385181370024278,325818670794.07,"成交额 $532,198 ≥ 阈值 $500,000 | 成交量 507 手",US.PLTR,2026-05-06 10:38:52
US.PLTR260918C135000,PLTR 260918 135.00C,135.91,263,527950.0,CALL,2026-09-18,135.0,2856,55.493,0.59061984,0.008449035,-0.072040058,0.322084654,136,100.0,US.PLTR,21.95,23.2,18.7,26.6576,0.006695607387241532,325818670794.07,"成交额 $527,950 ≥ 阈值 $500,000 | 成交量 263 手",US.PLTR,2026-05-06 10:38:52
US.PLTR260508P160000,PLTR 260508 160.00P,135.91,231,524664.0,PUT,2026-05-08,160.0,346,0.0,0.0,0.0,0.0,0.0,3,100.0,US.PLTR,20.12,24.85,17.53,16.3892,0.17724965050401004,325818670794.07,"成交额 $524,664 ≥ 阈值 $500,000 | 成交量 231 手",US.PLTR,2026-05-06 10:38:52
US.PLTR260515P134000,PLTR 260515 134.00P,135.91,1480,523861.0,PUT,2026-05-15,134.0,642,55.174,-0.416048244,0.031875096,-0.246122565,0.086593147,10,100.0,US.PLTR,3.15,4.6,2.1,3.1363,-0.014053417702891594,325818670794.07,"成交额 $523,861 ≥ 阈值 $500,000 | 成交量 1,480 手",US.PLTR,2026-05-06 10:38:52
US.PLTR260515P150000,PLTR 260515 150.00P,135.91,377,522385.0,PUT,2026-05-15,150.0,11328,58.5,-0.836812344,0.01931475,-0.153074772,0.0546021,10,100.0,US.PLTR,11.6,16.15,10.04,10.1158,0.10367154734750941,325818670794.07,"成交额 $522,385 ≥ 阈值 $500,000 | 成交量 377 手",US.PLTR,2026-05-06 10:38:52
US.PLTR260821C155000,PLTR 260821 155.00C,135.91,508,521270.0,CALL,2026-08-21,155.0,1857,55.328,0.400862671,0.009461807,-0.077882434,0.285432327,108,100.0,US.PLTR,11.58,12.72,9.5,15.2,-0.1404605989257597,325818670794.07,"成交额 $521,270 ≥ 阈值 $500,000 | 成交量 508 手",US.PLTR,2026-05-06 10:38:52
US.PLTR261120C150000,PLTR 261120 150.00C,135.91,276,520774.0,CALL,2026-11-20,150.0,925,55.551,0.505113601,0.007159451,-0.061055164,0.400097831,199,100.0,US.PLTR,20.7,20.9,17.42,24.05,-0.10367154734750941,325818670794.07,"成交额 $520,774 ≥ 阈值 $500,000 | 成交量 276 手",US.PLTR,2026-05-06 10:38:52
US.PLTR260717C120000,PLTR 260717 120.00C,135.91,223,519152.0,CALL,2026-07-17,120.0,551,52.338,0.751997133,0.009964413,-0.077259079,0.191974267,73,100.0,US.PLTR,26.62,26.62,21.55,31.1069,0.11706276212199247,325818670794.07,"成交额 $519,152 ≥ 阈值 $500,000 | 成交量 223 手",US.PLTR,2026-05-06 10:38:52
US.PLTR260529C150000,PLTR 260529 150.00C,135.91,1646,515180.0,CALL,2026-05-29,150.0,1691,53.227,0.260672477,0.017603873,-0.130076686,0.112575546,24,100.0,US.PLTR,4.05,4.85,2.44,8.1955,-0.10367154734750941,325818670794.07,"成交额 $515,180 ≥ 阈值 $500,000 | 成交量 1,646 手",US.PLTR,2026-05-06 10:38:52
US.PLTR260515P144000,PLTR 260515 144.00P,135.91,614,510864.0,PUT,2026-05-15,144.0,1014,54.427,-0.725158333,0.027795791,-0.200394219,0.073992106,10,100.0,US.PLTR,6.18,10.66,6.1,6.9547,0.05952468545360903,325818670794.07,"成交额 $510,864 ≥ 阈值 $500,000 | 成交量 614 手",US.PLTR,2026-05-06 10:38:52
US.PLTR260612C137000,PLTR 260612 137.00C,135.91,524,501098.0,CALL,2026-06-12,137.0,1,51.335,0.522725135,0.017752837,-0.125416483,0.174069321,38,100.0,US.PLTR,10.88,10.88,8.3,16.2395,-0.008020013244058594,325818670794.07,"成交额 $501,098 ≥ 阈值 $500,000 | 成交量 524 手",US.PLTR,2026-05-06 10:38:52
US.PSKY260717P11000,PSKY 260717 11.00P,10.66,7084,726486.0,PUT,2026-07-17,11.0,3235,49.212,-0.503058428,0.172390682,-0.005895077,0.01895035,73,100.0,US.PSKY,1.01,1.08,0.95,1.065,0.03189493433395871,11930384798.28,"成交额 $726,486 ≥ 阈值 $500,000 | 成交量 7,084 手",US.PSKY,2026-05-06 10:41:27
US.PWR260618P730000,PWR 260618 730.00P,771.61,523,1313790.0,PUT,2026-06-18,730.0,14,44.75,-0.322561226,0.003011015,-0.46794828,0.95773868,44,100.0,US.PWR,25.7,27.5,24.41,32.2883,-0.053926206244087053,115787911569.89,"成交额 $1,313,790 ≥ 阈值 $500,000 | 成交量 523 手",US.PWR,2026-05-06 10:42:19
US.PYPL260508C46000,PYPL 260508 46.00C,46.49,13087,1055920.0,CALL,2026-05-08,46.0,424,48.022,0.611021482,0.198149652,-0.152140744,0.015446865,3,100.0,US.PYPL,0.77,1.21,0.48,5.068,0.010539901053990148,41469080000.0,"成交额 $1,055,920 ≥ 阈值 $500,000 | 成交量 13,087 手",US.PYPL,2026-05-06 10:42:37
US.PYPL260717C50000,PYPL 260717 50.00C,46.49,7380,987754.0,CALL,2026-07-17,50.0,5117,34.516,0.363866353,0.052415192,-0.020063424,0.077922634,73,100.0,US.PYPL,1.3,1.69,1.23,4.0959,-0.07550010755001071,41469080000.0,"成交额 $987,754 ≥ 阈值 $500,000 | 成交量 7,380 手",US.PYPL,2026-05-06 10:42:37
US.PYPL260618P45000,PYPL 260618 45.00P,46.49,4679,932724.0,PUT,2026-06-18,45.0,6753,36.324,-0.362282901,0.06445598,-0.023554552,0.06027207,44,100.0,US.PYPL,2.31,2.66,1.45,1.06,-0.03204990320499036,41469080000.0,"成交额 $932,724 ≥ 阈值 $500,000 | 成交量 4,679 手",US.PYPL,2026-05-06 10:42:37
US.PYPL260508P46000,PYPL 260508 46.00P,46.49,5569,589187.0,PUT,2026-05-08,46.0,5362,47.531,-0.388162603,0.200160807,-0.145983614,0.015436033,3,100.0,US.PYPL,1.22,2.4,0.41,0.6615,-0.010539901053990148,41469080000.0,"成交额 $589,187 ≥ 阈值 $500,000 | 成交量 5,569 手",US.PYPL,2026-05-06 10:42:37
US.PYPL260918C50000,PYPL 260918 50.00C,46.49,2066,573698.0,CALL,2026-09-18,50.0,5493,38.278,0.445521565,0.036417835,-0.017577294,0.112045551,136,100.0,US.PYPL,2.81,4.65,2.59,5.7073,-0.07550010755001071,41469080000.0,"成交额 $573,698 ≥ 阈值 $500,000 | 成交量 2,066 手",US.PYPL,2026-05-06 10:42:37
US.PYPL260618P55000,PYPL 260618 55.00P,46.49,595,543990.0,PUT,2026-06-18,55.0,10623,39.58,-0.883763039,0.036486264,-0.011077837,0.030752984,44,100.0,US.PYPL,10.28,10.4,8.75,6.1485,0.18305011830501178,41469080000.0,"成交额 $543,990 ≥ 阈值 $500,000 | 成交量 595 手",US.PYPL,2026-05-06 10:42:37
US.PYPL260515P50000,PYPL 260515 50.00P,46.49,1098,529731.0,PUT,2026-05-15,50.0,4410,36.167,-0.886711766,0.074318077,-0.023287506,0.014468971,10,100.0,US.PYPL,4.75,5.51,3.67,2.2646,0.07550010755001071,41469080000.0,"成交额 $529,731 ≥ 阈值 $500,000 | 成交量 1,098 手",US.PYPL,2026-05-06 10:42:37
US.PYPL260618C50000,PYPL 260618 50.00C,46.49,5596,521554.0,CALL,2026-06-18,50.0,11583,35.707,0.311477655,0.061518023,-0.02464481,0.056889255,44,100.0,US.PYPL,0.95,1.11,0.68,3.5385,-0.07550010755001071,41469080000.0,"成交额 $521,554 ≥ 阈值 $500,000 | 成交量 5,596 手",US.PYPL,2026-05-06 10:42:37
US.QCOM260618C180000,QCOM 260618 180.00C,186.55,9860,10943840.0,CALL,2026-06-18,180.0,9544,49.115,0.625870731,0.011946249,-0.148191344,0.244699677,44,100.0,US.QCOM,5.25,16.4,4.2,5.225,0.03511123023318151,196623700000.0,"成交额 $10,943,840 ≥ 阈值 $500,000 | 成交量 9,860 手",US.QCOM,2026-05-06 10:43:12
US.QCOM260508C190000,QCOM 260508 190.00C,186.55,42304,8897641.0,CALL,2026-05-08,190.0,12123,79.489,0.409983097,0.030249946,-1.012274044,0.062847499,3,100.0,US.QCOM,0.25,4.3,0.14,0.2808,-0.018493701420530625,196623700000.0,"成交额 $8,897,641 ≥ 阈值 $500,000 | 成交量 42,304 手",US.QCOM,2026-05-06 10:43:12
US.QCOM260508C180000,QCOM 260508 180.00C,186.55,16206,6491655.0,CALL,2026-05-08,180.0,3789,74.789,0.721764623,0.027755074,-0.805735445,0.054253308,3,100.0,US.QCOM,0.69,9.5,0.44,0.86,0.03511123023318151,196623700000.0,"成交额 $6,491,655 ≥ 阈值 $500,000 | 成交量 16,206 手",US.QCOM,2026-05-06 10:43:12
US.QCOM260618C200000,QCOM 260618 200.00C,186.55,9803,5304141.0,CALL,2026-06-18,200.0,14884,49.831,0.385150075,0.01187958,-0.147693614,0.246876626,44,100.0,US.QCOM,1.8,8.35,1.44,1.96,-0.07209863307424276,196623700000.0,"成交额 $5,304,141 ≥ 阈值 $500,000 | 成交量 9,803 手",US.QCOM,2026-05-06 10:43:12
US.QCOM260515C200000,QCOM 260515 200.00C,186.55,22960,4963793.0,CALL,2026-05-15,200.0,11821,66.691,0.282451136,0.016632036,-0.362984057,0.10301787,10,100.0,US.QCOM,0.37,3.91,0.25,0.4095,-0.07209863307424276,196623700000.0,"成交额 $4,963,793 ≥ 阈值 $500,000 | 成交量 22,960 手",US.QCOM,2026-05-06 10:43:12
US.QCOM260717C175000,QCOM 260717 175.00C,186.55,3233,4949694.0,CALL,2026-07-17,175.0,1972,47.285,0.671028913,0.009185001,-0.108496041,0.301210673,73,100.0,US.QCOM,9.8,22.25,8.83,10.0,0.06191369606003758,196623700000.0,"成交额 $4,949,694 ≥ 阈值 $500,000 | 成交量 3,233 手",US.QCOM,2026-05-06 10:43:12
US.QCOM260508C177500,QCOM 260508 177.50C,186.55,16068,4667263.0,CALL,2026-05-08,177.5,1165,72.881,0.794816697,0.024126609,-0.643458816,0.045956658,3,100.0,US.QCOM,0.82,11.45,0.47,1.18,0.04851246314660954,196623700000.0,"成交额 $4,667,263 ≥ 阈值 $500,000 | 成交量 16,068 手",US.QCOM,2026-05-06 10:43:12
US.QCOM260508C185000,QCOM 260508 185.00C,186.55,13074,4664725.0,CALL,2026-05-08,185.0,3878,76.442,0.564820945,0.031854181,-0.995814158,0.063643395,3,100.0,US.QCOM,0.38,6.45,0.25,0.475,0.008308764406325442,196623700000.0,"成交额 $4,664,725 ≥ 阈值 $500,000 | 成交量 13,074 手",US.QCOM,2026-05-06 10:43:12
US.QCOM260618C150000,QCOM 260618 150.00C,186.55,1349,3868948.0,CALL,2026-06-18,150.0,4712,51.139,0.910683637,0.004889333,-0.07391077,0.104263073,44,100.0,US.QCOM,19.7,39.0,19.7,21.4415,0.19592602519431793,196623700000.0,"成交额 $3,868,948 ≥ 阈值 $500,000 | 成交量 1,349 手",US.QCOM,2026-05-06 10:43:12
US.QCOM260515C180000,QCOM 260515 180.00C,186.55,5728,3467471.0,CALL,2026-05-15,180.0,6070,61.847,0.66052752,0.019427923,-0.373903731,0.111598796,10,100.0,US.QCOM,1.62,11.75,1.1,1.885,0.03511123023318151,196623700000.0,"成交额 $3,467,471 ≥ 阈值 $500,000 | 成交量 5,728 手",US.QCOM,2026-05-06 10:43:12
US.QCOM260508C175000,QCOM 260508 175.00C,186.55,6797,3265560.0,CALL,2026-05-08,175.0,2337,75.666,0.844142411,0.019550213,-0.542826457,0.038662121,3,100.0,US.QCOM,1.4,13.0,0.8,1.665,0.06191369606003758,196623700000.0,"成交额 $3,265,560 ≥ 阈值 $500,000 | 成交量 6,797 手",US.QCOM,2026-05-06 10:43:12
US.QCOM260529C185000,QCOM 260529 185.00C,186.55,3627,3247367.0,CALL,2026-05-29,185.0,2129,57.265,0.558195469,0.014486491,-0.238152552,0.187783271,24,100.0,US.QCOM,2.47,12.25,1.78,2.805,0.008308764406325442,196623700000.0,"成交额 $3,247,367 ≥ 阈值 $500,000 | 成交量 3,627 手",US.QCOM,2026-05-06 10:43:12
US.QCOM260717C200000,QCOM 260717 200.00C,186.55,3513,2846697.0,CALL,2026-07-17,200.0,5012,49.021,0.430350523,0.009622618,-0.117463249,0.327156144,73,100.0,US.QCOM,3.7,11.8,3.1,3.8252,-0.07209863307424276,196623700000.0,"成交额 $2,846,697 ≥ 阈值 $500,000 | 成交量 3,513 手",US.QCOM,2026-05-06 10:43:12
US.QCOM260515C185000,QCOM 260515 185.00C,186.55,4690,2774965.0,CALL,2026-05-15,185.0,3871,62.443,0.556593039,0.020752142,-0.405717476,0.120355974,10,100.0,US.QCOM,1.05,9.0,0.78,1.26,0.008308764406325442,196623700000.0,"成交额 $2,774,965 ≥ 阈值 $500,000 | 成交量 4,690 手",US.QCOM,2026-05-06 10:43:12
US.QCOM260515C190000,QCOM 260515 190.00C,186.55,6756,2735997.0,CALL,2026-05-15,190.0,6029,62.999,0.453377746,0.020636573,-0.408520464,0.120749875,10,100.0,US.QCOM,0.68,6.85,0.45,0.785,-0.018493701420530625,196623700000.0,"成交额 $2,735,997 ≥ 阈值 $500,000 | 成交量 6,756 手",US.QCOM,2026-05-06 10:43:12
US.QCOM260508C200000,QCOM 260508 200.00C,186.55,23567,2735937.0,CALL,2026-05-08,200.0,4989,91.488,0.201869461,0.019034012,-0.771045265,0.045513069,3,100.0,US.QCOM,0.19,1.94,0.05,0.1178,-0.07209863307424276,196623700000.0,"成交额 $2,735,937 ≥ 阈值 $500,000 | 成交量 23,567 手",US.QCOM,2026-05-06 10:43:12
US.QCOM260529C190000,QCOM 260529 190.00C,186.55,3684,2719535.0,CALL,2026-05-29,190.0,581,58.255,0.486803666,0.014385876,-0.243326879,0.189702331,24,100.0,US.QCOM,2.08,9.8,1.5,2.015,-0.018493701420530625,196623700000.0,"成交额 $2,719,535 ≥ 阈值 $500,000 | 成交量 3,684 手",US.QCOM,2026-05-06 10:43:12
US.QCOM260717C150000,QCOM 260717 150.00C,186.55,1037,2560656.0,CALL,2026-07-17,150.0,6007,45.127,0.888621188,0.005048159,-0.061580969,0.157970974,73,100.0,US.QCOM,23.42,39.4,22.93,23.8328,0.19592602519431793,196623700000.0,"成交额 $2,560,656 ≥ 阈值 $500,000 | 成交量 1,037 手",US.QCOM,2026-05-06 10:43:12
US.QCOM260717C170000,QCOM 260717 170.00C,186.55,1724,2453449.0,CALL,2026-07-17,170.0,4165,47.492,0.718526471,0.00853263,-0.102865879,0.281038392,73,100.0,US.QCOM,11.4,25.5,10.38,12.025,0.08871616188689364,196623700000.0,"成交额 $2,453,449 ≥ 阈值 $500,000 | 成交量 1,724 手",US.QCOM,2026-05-06 10:43:12
US.QCOM260508C182500,QCOM 260508 182.50C,186.55,5314,2212730.0,CALL,2026-05-08,182.5,2007,78.565,0.640738981,0.029433327,-0.962924466,0.060439916,3,100.0,US.QCOM,0.69,8.0,0.35,0.635,0.021709997319753475,196623700000.0,"成交额 $2,212,730 ≥ 阈值 $500,000 | 成交量 5,314 手",US.QCOM,2026-05-06 10:43:12
US.QCOM260515C175000,QCOM 260515 175.00C,186.55,2648,2155037.0,CALL,2026-05-15,175.0,3273,59.58,0.762790751,0.017011576,-0.305073211,0.094132018,10,100.0,US.QCOM,2.61,15.2,2.0,3.01,0.06191369606003758,196623700000.0,"成交额 $2,155,037 ≥ 阈值 $500,000 | 成交量 2,648 手",US.QCOM,2026-05-06 10:43:12
US.QCOM260522C180000,QCOM 260522 180.00C,186.55,2189,2015128.0,CALL,2026-05-22,180.0,443,60.995,0.637481242,0.015388701,-0.287429319,0.149824904,17,100.0,US.QCOM,2.0,14.0,2.0,2.6874,0.03511123023318151,196623700000.0,"成交额 $2,015,128 ≥ 阈值 $500,000 | 成交量 2,189 手",US.QCOM,2026-05-06 10:43:12
US.QCOM260717C185000,QCOM 260717 185.00C,186.55,1351,2003072.0,CALL,2026-07-17,185.0,1013,47.754,0.571354919,0.009870447,-0.116620238,0.32690886,73,100.0,US.QCOM,6.6,17.4,6.2,6.85,0.008308764406325442,196623700000.0,"成交额 $2,003,072 ≥ 阈值 $500,000 | 成交量 1,351 手",US.QCOM,2026-05-06 10:43:12
US.QCOM260529C180000,QCOM 260529 180.00C,186.55,1750,1929018.0,CALL,2026-05-29,180.0,707,55.424,0.63319079,0.014277594,-0.221619558,0.179125378,24,100.0,US.QCOM,3.9,14.65,3.0,3.625,0.03511123023318151,196623700000.0,"成交额 $1,929,018 ≥ 阈值 $500,000 | 成交量 1,750 手",US.QCOM,2026-05-06 10:43:12
US.QCOM260618C185000,QCOM 260618 185.00C,186.55,1575,1797216.0,CALL,2026-06-18,185.0,5310,48.831,0.563454951,0.012490349,-0.151953196,0.254368594,44,100.0,US.QCOM,3.86,14.08,3.2,4.1,0.008308764406325442,196623700000.0,"成交额 $1,797,216 ≥ 阈值 $500,000 | 成交量 1,575 手",US.QCOM,2026-05-06 10:43:12
US.QCOM260508C172500,QCOM 260508 172.50C,186.55,3047,1681857.0,CALL,2026-05-08,172.5,934,82.394,0.872046933,0.015707079,-0.50308377,0.033824196,3,100.0,US.QCOM,1.8,14.16,1.2,2.29,0.07531492897346562,196623700000.0,"成交额 $1,681,857 ≥ 阈值 $500,000 | 成交量 3,047 手",US.QCOM,2026-05-06 10:43:12
US.QCOM260612C180000,QCOM 260612 180.00C,186.55,1338,1590855.0,CALL,2026-06-12,180.0,768,47.964,0.630550021,0.013116302,-0.155020736,0.226379412,38,100.0,US.QCOM,4.0,15.45,4.0,4.941,0.03511123023318151,196623700000.0,"成交额 $1,590,855 ≥ 阈值 $500,000 | 成交量 1,338 手",US.QCOM,2026-05-06 10:43:12
US.QCOM260508C170000,QCOM 260508 170.00C,186.55,2189,1503667.0,CALL,2026-05-08,170.0,2117,80.68,0.914272962,0.012006229,-0.350410758,0.02531677,3,100.0,US.QCOM,2.8,17.75,1.65,3.175,0.08871616188689364,196623700000.0,"成交额 $1,503,667 ≥ 阈值 $500,000 | 成交量 2,189 手",US.QCOM,2026-05-06 10:43:12
US.QCOM260508C167500,QCOM 260508 167.50C,186.55,1497,1407673.0,CALL,2026-05-08,167.5,1379,77.997,0.94859752,0.008361197,-0.215606325,0.017044752,3,100.0,US.QCOM,3.85,20.0,2.55,4.2884,0.10211739480032168,196623700000.0,"成交额 $1,407,673 ≥ 阈值 $500,000 | 成交量 1,497 手",US.QCOM,2026-05-06 10:43:12
US.QCOM260508C187500,QCOM 260508 187.50C,186.55,4567,1245418.0,CALL,2026-05-08,187.5,1560,78.305,0.485288675,0.031491607,-1.032490835,0.064452858,3,100.0,US.QCOM,0.27,5.4,0.2,0.35,-0.005092468507102592,196623700000.0,"成交额 $1,245,418 ≥ 阈值 $500,000 | 成交量 4,567 手",US.QCOM,2026-05-06 10:43:12
US.QCOM260918C200000,QCOM 260918 200.00C,186.55,1039,1220696.0,CALL,2026-09-18,200.0,4302,46.487,0.477679326,0.007531636,-0.084970185,0.45313734,136,100.0,US.QCOM,7.2,17.15,7.0,7.575,-0.07209863307424276,196623700000.0,"成交额 $1,220,696 ≥ 阈值 $500,000 | 成交量 1,039 手",US.QCOM,2026-05-06 10:43:12
US.QCOM260522C200000,QCOM 260522 200.00C,186.55,3300,1218602.0,CALL,2026-05-22,200.0,828,61.679,0.326961647,0.014641443,-0.274038448,0.144143595,17,100.0,US.QCOM,0.62,5.1,0.6,0.8044,-0.07209863307424276,196623700000.0,"成交额 $1,218,602 ≥ 阈值 $500,000 | 成交量 3,300 手",US.QCOM,2026-05-06 10:43:12
US.QCOM260618C190000,QCOM 260618 190.00C,186.55,1457,1204080.0,CALL,2026-06-18,190.0,3683,48.884,0.500860449,0.012636958,-0.152992075,0.25763385,44,100.0,US.QCOM,2.72,11.85,2.5,3.14,-0.018493701420530625,196623700000.0,"成交额 $1,204,080 ≥ 阈值 $500,000 | 成交量 1,457 手",US.QCOM,2026-05-06 10:43:12
US.QCOM260508C205000,QCOM 260508 205.00C,186.55,12506,1126873.0,CALL,2026-05-08,205.0,1305,98.743,0.145460359,0.014307884,-0.639520319,0.036925404,3,100.0,US.QCOM,0.06,1.5,0.04,0.0849,-0.09890109890109883,196623700000.0,"成交额 $1,126,873 ≥ 阈值 $500,000 | 成交量 12,506 手",US.QCOM,2026-05-06 10:43:12
US.QCOM260717C180000,QCOM 260717 180.00C,186.55,662,997816.0,CALL,2026-07-17,180.0,2451,48.014,0.620895573,0.009515212,-0.114535253,0.316860489,73,100.0,US.QCOM,8.6,19.8,7.25,8.35,0.03511123023318151,196623700000.0,"成交额 $997,816 ≥ 阈值 $500,000 | 成交量 662 手",US.QCOM,2026-05-06 10:43:12
US.QCOM260618C220000,QCOM 260618 220.00C,186.55,3079,969125.0,CALL,2026-06-18,220.0,6305,52.534,0.214204107,0.008593904,-0.11677697,0.188268736,44,100.0,US.QCOM,0.73,4.05,0.73,0.9338,-0.17930849638166704,196623700000.0,"成交额 $969,125 ≥ 阈值 $500,000 | 成交量 3,079 手",US.QCOM,2026-05-06 10:43:12
US.QCOM260508C195000,QCOM 260508 195.00C,186.55,5082,924073.0,CALL,2026-05-08,195.0,1508,85.406,0.288483787,0.02473005,-0.919685322,0.055202703,3,100.0,US.QCOM,0.1,2.95,0.1,0.1511,-0.04529616724738669,196623700000.0,"成交额 $924,073 ≥ 阈值 $500,000 | 成交量 5,082 手",US.QCOM,2026-05-06 10:43:12
US.QCOM260515C170000,QCOM 260515 170.00C,186.55,956,908216.0,CALL,2026-05-15,170.0,4280,59.124,0.846181084,0.013157816,-0.23359849,0.072247445,10,100.0,US.QCOM,4.28,18.61,3.2,4.75,0.08871616188689364,196623700000.0,"成交额 $908,216 ≥ 阈值 $500,000 | 成交量 956 手",US.QCOM,2026-05-06 10:43:12
US.QCOM260918C185000,QCOM 260918 185.00C,186.55,429,905934.0,CALL,2026-09-18,185.0,634,45.341,0.586083321,0.007553405,-0.082860428,0.44324406,136,100.0,US.QCOM,15.3,23.12,15.3,11.459,0.008308764406325442,196623700000.0,"成交额 $905,934 ≥ 阈值 $500,000 | 成交量 429 手",US.QCOM,2026-05-06 10:43:12
US.QCOM260717C210000,QCOM 260717 210.00C,186.55,1485,897898.0,CALL,2026-07-17,210.0,3658,49.081,0.345434168,0.009018019,-0.10941248,0.306963341,73,100.0,US.QCOM,2.55,8.75,2.3,2.805,-0.1257035647279549,196623700000.0,"成交额 $897,898 ≥ 阈值 $500,000 | 成交量 1,485 手",US.QCOM,2026-05-06 10:43:12
US.QCOM261120C185000,QCOM 261120 185.00C,186.55,353,894492.0,CALL,2026-11-20,185.0,20,45.064,0.599130752,0.006230828,-0.06887727,0.532176364,199,100.0,US.QCOM,25.78,26.6,24.35,15.5198,0.008308764406325442,196623700000.0,"成交额 $894,492 ≥ 阈值 $500,000 | 成交量 353 手",US.QCOM,2026-05-06 10:43:12
US.QCOM260918C190000,QCOM 260918 190.00C,186.55,542,880369.0,CALL,2026-09-18,190.0,1240,45.408,0.54825909,0.007666119,-0.083706491,0.450527246,136,100.0,US.QCOM,10.0,20.75,10.0,9.9369,-0.018493701420530625,196623700000.0,"成交额 $880,369 ≥ 阈值 $500,000 | 成交量 542 手",US.QCOM,2026-05-06 10:43:12
US.QCOM260717C195000,QCOM 260717 195.00C,186.55,1283,874477.0,CALL,2026-07-17,195.0,767,49.691,0.477664274,0.009625077,-0.121239866,0.331715111,73,100.0,US.QCOM,5.05,13.35,4.45,4.7399,-0.04529616724738669,196623700000.0,"成交额 $874,477 ≥ 阈值 $500,000 | 成交量 1,283 手",US.QCOM,2026-05-06 10:43:12
US.QCOM260618C140000,QCOM 260618 140.00C,186.55,200,859656.0,CALL,2026-06-18,140.0,2321,44.754,0.974913056,0.002028044,-0.032539005,0.037859391,44,100.0,US.QCOM,33.3,46.0,33.3,30.0477,0.24953095684803006,196623700000.0,"成交额 $859,656 ≥ 阈值 $500,000 | 成交量 200 手",US.QCOM,2026-05-06 10:43:12
US.QCOM260618P155000,QCOM 260618 155.00P,186.55,3470,856526.0,PUT,2026-06-18,155.0,4347,53.049,-0.130717475,0.006202161,-0.080735768,0.137089704,44,100.0,US.QCOM,3.9,4.0,2.13,3.95,-0.16912355936746185,196623700000.0,"成交额 $856,526 ≥ 阈值 $500,000 | 成交量 3,470 手",US.QCOM,2026-05-06 10:43:12
US.QCOM260508C165000,QCOM 260508 165.00C,186.55,947,806464.0,CALL,2026-05-08,165.0,447,81.532,0.962173761,0.006246731,-0.17062231,0.01331194,3,100.0,US.QCOM,5.35,22.05,3.5,5.6844,0.11551862771374972,196623700000.0,"成交额 $806,464 ≥ 阈值 $500,000 | 成交量 947 手",US.QCOM,2026-05-06 10:43:12
US.QCOM260515C160000,QCOM 260515 160.00C,186.55,372,793147.0,CALL,2026-05-15,160.0,7430,64.997,0.93423625,0.006459229,-0.140928036,0.038990545,10,100.0,US.QCOM,9.56,28.0,8.5,10.789,0.1423210935406058,196623700000.0,"成交额 $793,147 ≥ 阈值 $500,000 | 成交量 372 手",US.QCOM,2026-05-06 10:43:12
US.QCOM260618C175000,QCOM 260618 175.00C,186.55,576,775118.0,CALL,2026-06-18,175.0,6173,48.249,0.688756666,0.011341944,-0.137447449,0.228221137,44,100.0,US.QCOM,6.5,19.15,5.15,6.8,0.06191369606003758,196623700000.0,"成交额 $775,118 ≥ 阈值 $500,000 | 成交量 576 手",US.QCOM,2026-05-06 10:43:12
US.QCOM260821C200000,QCOM 260821 200.00C,186.55,620,758188.0,CALL,2026-08-21,200.0,696,49.145,0.465374054,0.007978904,-0.099226865,0.402814583,108,100.0,US.QCOM,6.46,15.22,5.95,6.5,-0.07209863307424276,196623700000.0,"成交额 $758,188 ≥ 阈值 $500,000 | 成交量 620 手",US.QCOM,2026-05-06 10:43:12
US.QCOM260717C190000,QCOM 260717 190.00C,186.55,650,721519.0,CALL,2026-07-17,190.0,2277,48.709,0.523077573,0.009818166,-0.119669996,0.331681616,73,100.0,US.QCOM,5.0,15.96,4.8,5.6545,-0.018493701420530625,196623700000.0,"成交额 $721,519 ≥ 阈值 $500,000 | 成交量 650 手",US.QCOM,2026-05-06 10:43:12
US.QCOM260717P180000,QCOM 260717 180.00P,186.55,502,710756.0,PUT,2026-07-17,180.0,863,52.097,-0.383423668,0.008852268,-0.106829864,0.317655296,73,100.0,US.QCOM,16.0,16.0,12.7,19.2197,-0.03511123023318151,196623700000.0,"成交额 $710,756 ≥ 阈值 $500,000 | 成交量 502 手",US.QCOM,2026-05-06 10:43:12
US.QCOM260508P180000,QCOM 260508 180.00P,186.55,2300,697356.0,PUT,2026-05-08,180.0,373,75.228,-0.279310626,0.027648166,-0.794405681,0.054353468,3,100.0,US.QCOM,15.0,15.14,2.1,12.3855,-0.03511123023318151,196623700000.0,"成交额 $697,356 ≥ 阈值 $500,000 | 成交量 2,300 手",US.QCOM,2026-05-06 10:43:12
US.QCOM260918C210000,QCOM 260918 210.00C,186.55,682,678435.0,CALL,2026-09-18,210.0,3886,47.01,0.412012809,0.007277325,-0.083110906,0.442755417,136,100.0,US.QCOM,7.93,13.5,7.93,5.925,-0.1257035647279549,196623700000.0,"成交额 $678,435 ≥ 阈值 $500,000 | 成交量 682 手",US.QCOM,2026-05-06 10:43:12
US.QCOM260618C170000,QCOM 260618 170.00C,186.55,460,674443.0,CALL,2026-06-18,170.0,2121,47.481,0.74983554,0.010367113,-0.123638352,0.205275878,44,100.0,US.QCOM,8.59,22.8,6.85,8.7996,0.08871616188689364,196623700000.0,"成交额 $674,443 ≥ 阈值 $500,000 | 成交量 460 手",US.QCOM,2026-05-06 10:43:12
US.QCOM260618P180000,QCOM 260618 180.00P,186.55,611,660650.0,PUT,2026-06-18,180.0,642,52.205,-0.378511605,0.011320393,-0.14017523,0.245439799,44,100.0,US.QCOM,19.2,19.2,9.55,16.6724,-0.03511123023318151,196623700000.0,"成交额 $660,650 ≥ 阈值 $500,000 | 成交量 611 手",US.QCOM,2026-05-06 10:43:12
US.QCOM260515C210000,QCOM 260515 210.00C,186.55,4491,653259.0,CALL,2026-05-15,210.0,1351,71.903,0.173352519,0.011692897,-0.290738787,0.078083587,10,100.0,US.QCOM,0.25,2.22,0.25,0.1939,-0.1257035647279549,196623700000.0,"成交额 $653,259 ≥ 阈值 $500,000 | 成交量 4,491 手",US.QCOM,2026-05-06 10:43:12
US.QCOM260618P160000,QCOM 260618 160.00P,186.55,1600,639686.0,PUT,2026-06-18,160.0,2352,51.99,-0.167109537,0.007461184,-0.093097908,0.161569138,44,100.0,US.QCOM,5.65,6.8,3.1,5.575,-0.1423210935406058,196623700000.0,"成交额 $639,686 ≥ 阈值 $500,000 | 成交量 1,600 手",US.QCOM,2026-05-06 10:43:12
US.QCOM260618P165000,QCOM 260618 165.00P,186.55,1206,588007.0,PUT,2026-06-18,165.0,3577,51.286,-0.211004492,0.00873768,-0.105799617,0.186564995,44,100.0,US.QCOM,7.85,9.0,4.25,7.65,-0.11551862771374972,196623700000.0,"成交额 $588,007 ≥ 阈值 $500,000 | 成交量 1,206 手",US.QCOM,2026-05-06 10:43:12
US.QCOM260508P175000,QCOM 260508 175.00P,186.55,3166,581967.0,PUT,2026-05-08,175.0,591,76.251,-0.157625036,0.019545691,-0.534377106,0.038949247,3,100.0,US.QCOM,9.75,9.75,1.0,8.1831,-0.06191369606003758,196623700000.0,"成交额 $581,967 ≥ 阈值 $500,000 | 成交量 3,166 手",US.QCOM,2026-05-06 10:43:12
US.QCOM260618C195000,QCOM 260618 195.00C,186.55,834,554682.0,CALL,2026-06-18,195.0,4797,48.725,0.43944198,0.012531932,-0.149860654,0.25465789,44,100.0,US.QCOM,2.14,9.8,1.94,2.495,-0.04529616724738669,196623700000.0,"成交额 $554,682 ≥ 阈值 $500,000 | 成交量 834 手",US.QCOM,2026-05-06 10:43:12
US.QCOM260618P185000,QCOM 260618 185.00P,186.55,400,542667.0,PUT,2026-06-18,185.0,179,51.275,-0.437724687,0.011959983,-0.141714369,0.254279332,44,100.0,US.QCOM,14.72,14.72,12.0,20.5606,-0.008308764406325442,196623700000.0,"成交额 $542,667 ≥ 阈值 $500,000 | 成交量 400 手",US.QCOM,2026-05-06 10:43:12
US.QCOM260821C180000,QCOM 260821 180.00C,186.55,287,541239.0,CALL,2026-08-21,180.0,920,48.516,0.621048718,0.007736577,-0.09623789,0.38558092,108,100.0,US.QCOM,11.56,23.39,11.56,11.65,0.03511123023318151,196623700000.0,"成交额 $541,239 ≥ 阈值 $500,000 | 成交量 287 手",US.QCOM,2026-05-06 10:43:12
US.QCOM260605C180000,QCOM 260605 180.00C,186.55,527,534220.0,CALL,2026-06-05,180.0,196,50.558,0.632279407,0.013766097,-0.17941149,0.203995926,31,100.0,US.QCOM,4.1,15.18,3.7,4.3328,0.03511123023318151,196623700000.0,"成交额 $534,220 ≥ 阈值 $500,000 | 成交量 527 手",US.QCOM,2026-05-06 10:43:12
US.QCOM260618P170000,QCOM 260618 170.00P,186.55,754,505579.0,PUT,2026-06-18,170.0,1230,51.088,-0.262288761,0.009894628,-0.118458648,0.210323184,44,100.0,US.QCOM,11.41,11.41,5.65,10.2146,-0.08871616188689364,196623700000.0,"成交额 $505,579 ≥ 阈值 $500,000 | 成交量 754 手",US.QCOM,2026-05-06 10:43:12
US.ROK261120C510000,ROK 261120 510.00C,435.93,601,1415200.0,CALL,2026-11-20,510.0,68,34.125,0.337847002,0.003329432,-0.113562857,1.175752201,199,100.0,US.ROK,23.7,23.7,21.0,10.9482,-0.16991260064689284,48980182834.44,"成交额 $1,415,200 ≥ 阈值 $500,000 | 成交量 601 手",US.ROK,2026-05-06 10:45:13
US.RTX260515P190000,RTX 260515 190.00P,172.87,1101,1946742.0,PUT,2026-05-15,190.0,2322,0.0,0.0,0.0,0.0,0.0,10,100.0,US.RTX,17.42,17.69,17.42,17.1118,0.0990918030890264,232801164198.36,"成交额 $1,946,742 ≥ 阈值 $500,000 | 成交量 1,101 手",US.RTX,2026-05-06 10:46:22
US.SATS260612C130000,SATS 260612 130.00C,117.34,1862,844367.0,CALL,2026-06-12,130.0,611,62.093,0.346636163,0.015753269,-0.118698199,0.139260091,38,100.0,US.SATS,5.1,5.11,3.9,6.3146,-0.10789159706834836,33896693295.06,"成交额 $844,367 ≥ 阈值 $500,000 | 成交量 1,862 手",US.SATS,2026-05-06 10:46:57
US.SBUX260717P105000,SBUX 260717 105.00P,104.94,5030,2524210.0,PUT,2026-07-17,105.0,3390,27.505,-0.459047478,0.031372576,-0.030812196,0.185202682,73,100.0,US.SBUX,4.7,5.02,4.5,4.925,0.0005717552887364425,119600118000.0,"成交额 $2,524,210 ≥ 阈值 $500,000 | 成交量 5,030 手",US.SBUX,2026-05-06 10:47:16
US.SNDK260508C1400000,SNDK 260508 1400.00C,1406.32,4661,23161424.0,CALL,2026-05-08,1400.0,1786,123.919,0.539109308,0.002628377,-12.240403451,0.483956587,3,100.0,US.SNDK,20.4,74.0,17.2,12.9601,0.004493998520962467,208261588470.56,"成交额 $23,161,424 ≥ 阈值 $500,000 | 成交量 4,661 手",US.SNDK,2026-05-06 10:48:58
US.SNDK260515C1400000,SNDK 260515 1400.00C,1406.32,2275,20106743.0,CALL,2026-05-15,1400.0,1019,112.25,0.548377375,0.00153549,-5.451347785,0.909846437,10,100.0,US.SNDK,43.7,113.06,43.7,37.3276,0.004493998520962467,208261588470.56,"成交额 $20,106,743 ≥ 阈值 $500,000 | 成交量 2,275 手",US.SNDK,2026-05-06 10:48:58
US.SNDK260508C1350000,SNDK 260508 1350.00C,1406.32,2319,14809261.0,CALL,2026-05-08,1350.0,1060,131.047,0.662402704,0.002287509,-11.741689442,0.445420777,3,100.0,US.SNDK,31.92,104.0,30.0,22.7793,0.04004778428807095,208261588470.56,"成交额 $14,809,261 ≥ 阈值 $500,000 | 成交量 2,319 手",US.SNDK,2026-05-06 10:48:58
US.SNDK260515C1500000,SNDK 260515 1500.00C,1406.32,2659,14425754.0,CALL,2026-05-15,1500.0,859,111.253,0.397985065,0.001509421,-5.230666525,0.886456174,10,100.0,US.SNDK,25.34,71.68,24.59,18.884,-0.0666135730132545,208261588470.56,"成交额 $14,425,754 ≥ 阈值 $500,000 | 成交量 2,659 手",US.SNDK,2026-05-06 10:48:58
US.SNDK260508P1400000,SNDK 260508 1400.00P,1406.32,1913,13721154.0,PUT,2026-05-08,1400.0,43,128.15,-0.460797109,0.002541988,-12.51854027,0.483933581,3,100.0,US.SNDK,126.0,126.8,55.5,158.3146,-0.004493998520962467,208261588470.56,"成交额 $13,721,154 ≥ 阈值 $500,000 | 成交量 1,913 手",US.SNDK,2026-05-06 10:48:58
US.SNDK260508C1300000,SNDK 260508 1300.00C,1406.32,1495,13706947.0,CALL,2026-05-08,1300.0,2317,132.4,0.771795721,0.001873185,-9.435673081,0.368507337,3,100.0,US.SNDK,45.1,140.84,45.1,38.5564,0.07560157005517944,208261588470.56,"成交额 $13,706,947 ≥ 阈值 $500,000 | 成交量 1,495 手",US.SNDK,2026-05-06 10:48:58
US.SNDK260618C1400000,SNDK 260618 1400.00C,1406.32,594,10975659.0,CALL,2026-06-18,1400.0,259,102.769,0.580366287,0.00078113,-2.309728567,1.902674722,44,100.0,US.SNDK,135.8,212.68,135.8,115.3176,0.004493998520962467,208261588470.56,"成交额 $10,975,659 ≥ 阈值 $500,000 | 成交量 594 手",US.SNDK,2026-05-06 10:48:58
US.SNDK260508C1500000,SNDK 260508 1500.00C,1406.32,5183,10119166.0,CALL,2026-05-08,1500.0,2528,126.102,0.297070437,0.002251866,-10.372417224,0.421932094,3,100.0,US.SNDK,5.5,33.0,4.6,3.6154,-0.0666135730132545,208261588470.56,"成交额 $10,119,166 ≥ 阈值 $500,000 | 成交量 5,183 手",US.SNDK,2026-05-06 10:48:58
US.SNDK260515C1300000,SNDK 260515 1300.00C,1406.32,791,9914071.0,CALL,2026-05-15,1300.0,783,114.205,0.698410609,0.001328237,-4.880531925,0.800746145,10,100.0,US.SNDK,85.8,170.57,84.0,68.9309,0.07560157005517944,208261588470.56,"成交额 $9,914,071 ≥ 阈值 $500,000 | 成交量 791 手",US.SNDK,2026-05-06 10:48:58
US.SNDK260618C1600000,SNDK 260618 1600.00C,1406.32,798,9697975.0,CALL,2026-06-18,1600.0,296,101.701,0.42935025,0.000793071,-2.281286113,1.911671093,44,100.0,US.SNDK,77.01,135.5,77.01,65.8977,-0.13772114454747147,208261588470.56,"成交额 $9,697,975 ≥ 阈值 $500,000 | 成交量 798 手",US.SNDK,2026-05-06 10:48:58
US.SNDK260515C1450000,SNDK 260515 1450.00C,1406.32,1355,9661123.0,CALL,2026-05-15,1450.0,875,111.751,0.471732093,0.001549881,-5.440639949,0.914291094,10,100.0,US.SNDK,35.0,91.2,35.0,26.732,-0.031059787246146015,208261588470.56,"成交额 $9,661,123 ≥ 阈值 $500,000 | 成交量 1,355 手",US.SNDK,2026-05-06 10:48:58
US.SNDK260508C1250000,SNDK 260508 1250.00C,1406.32,694,9620914.0,CALL,2026-05-08,1250.0,2080,132.263,0.861601255,0.001369783,-6.449378044,0.269191438,3,100.0,US.SNDK,80.0,179.2,78.1,59.4517,0.11115535582228792,208261588470.56,"成交额 $9,620,914 ≥ 阈值 $500,000 | 成交量 694 手",US.SNDK,2026-05-06 10:48:58
US.SNDK260618C1100000,SNDK 260618 1100.00C,1406.32,265,9556197.0,CALL,2026-06-18,1100.0,757,104.286,0.808694268,0.000536738,-1.663014461,1.326660154,44,100.0,US.SNDK,280.0,387.5,280.0,251.0169,0.21781671312361336,208261588470.56,"成交额 $9,556,197 ≥ 阈值 $500,000 | 成交量 265 手",US.SNDK,2026-05-06 10:48:58
US.SNDK260618C1500000,SNDK 260618 1500.00C,1406.32,616,8895775.0,CALL,2026-06-18,1500.0,684,102.296,0.502913393,0.000801036,-2.338515194,1.942163865,44,100.0,US.SNDK,102.0,171.2,101.25,87.347,-0.0666135730132545,208261588470.56,"成交额 $8,895,775 ≥ 阈值 $500,000 | 成交量 616 手",US.SNDK,2026-05-06 10:48:58
US.SNDK260508P1300000,SNDK 260508 1300.00P,1406.32,2965,8808763.0,PUT,2026-05-08,1300.0,305,132.058,-0.227729768,0.001875933,-9.268857306,0.368072408,3,100.0,US.SNDK,57.14,59.0,21.5,83.9164,-0.07560157005517944,208261588470.56,"成交额 $8,808,763 ≥ 阈值 $500,000 | 成交量 2,965 手",US.SNDK,2026-05-06 10:48:58
US.SNDK260515P1200000,SNDK 260515 1200.00P,1406.32,2865,8751095.0,PUT,2026-05-15,1200.0,1877,118.897,-0.17912092,0.000957716,-3.672862265,0.601006771,10,100.0,US.SNDK,47.82,48.0,26.4,61.2512,-0.1467091415893964,208261588470.56,"成交额 $8,751,095 ≥ 阈值 $500,000 | 成交量 2,865 手",US.SNDK,2026-05-06 10:48:58
US.SNDK260508C1410000,SNDK 260508 1410.00C,1406.32,1683,8283542.0,CALL,2026-05-08,1410.0,282,125.729,0.513172032,0.002601643,-12.469363928,0.486030135,3,100.0,US.SNDK,17.0,69.0,16.21,11.3536,-0.00261675863245923,208261588470.56,"成交额 $8,283,542 ≥ 阈值 $500,000 | 成交量 1,683 手",US.SNDK,2026-05-06 10:48:58
US.SNDK260508C1200000,SNDK 260508 1200.00C,1406.32,467,8096691.0,CALL,2026-05-08,1200.0,1649,144.008,0.90916744,0.000931431,-4.894331095,0.199302383,3,100.0,US.SNDK,105.0,223.35,105.0,88.5234,0.1467091415893964,208261588470.56,"成交额 $8,096,691 ≥ 阈值 $500,000 | 成交量 467 手",US.SNDK,2026-05-06 10:48:58
US.SNDK260508C1310000,SNDK 260508 1310.00C,1406.32,907,8074820.0,CALL,2026-05-08,1310.0,735,133.804,0.749239083,0.001951462,-10.148805124,0.387978285,3,100.0,US.SNDK,48.32,129.8,48.32,34.8036,0.06849081290175774,208261588470.56,"成交额 $8,074,820 ≥ 阈值 $500,000 | 成交量 907 手",US.SNDK,2026-05-06 10:48:58
US.SNDK260618C1300000,SNDK 260618 1300.00C,1406.32,377,8055205.0,CALL,2026-06-18,1300.0,361,103.079,0.659452493,0.000730594,-2.182693341,1.784932055,44,100.0,US.SNDK,167.93,259.38,167.93,151.5743,0.07560157005517944,208261588470.56,"成交额 $8,055,205 ≥ 阈值 $500,000 | 成交量 377 手",US.SNDK,2026-05-06 10:48:58
US.SNDK260618P1400000,SNDK 260618 1400.00P,1406.32,413,7970112.0,PUT,2026-06-18,1400.0,18,103.244,-0.420041826,0.000779629,-2.189471949,1.902807462,44,100.0,US.SNDK,215.9,215.9,185.3,255.3242,-0.004493998520962467,208261588470.56,"成交额 $7,970,112 ≥ 阈值 $500,000 | 成交量 413 手",US.SNDK,2026-05-06 10:48:58
US.SNDK260618C1200000,SNDK 260618 1200.00C,1406.32,268,7626135.0,CALL,2026-06-18,1200.0,773,106.481,0.734529363,0.000632408,-2.024202722,1.596043401,44,100.0,US.SNDK,220.5,320.0,220.5,197.1534,0.1467091415893964,208261588470.56,"成交额 $7,626,135 ≥ 阈值 $500,000 | 成交量 268 手",US.SNDK,2026-05-06 10:48:58
US.SNDK260618C1450000,SNDK 260618 1450.00C,1406.32,434,7597831.0,CALL,2026-06-18,1450.0,708,102.69,0.541416139,0.000793675,-2.338825883,1.931742274,44,100.0,US.SNDK,117.19,191.04,114.82,101.2992,-0.031059787246146015,208261588470.56,"成交额 $7,597,831 ≥ 阈值 $500,000 | 成交量 434 手",US.SNDK,2026-05-06 10:48:58
US.SNDK260821C1900000,SNDK 260821 1900.00C,1406.32,442,7423487.0,CALL,2026-08-21,1900.0,0,102.691,0.404773277,0.00049389,-1.453497232,2.960885694,108,100.0,US.SNDK,123.03,175.0,123.03,123.03,-0.3510438591501224,208261588470.56,"成交额 $7,423,487 ≥ 阈值 $500,000 | 成交量 442 手",US.SNDK,2026-05-06 10:48:58
US.SNDK260508P1410000,SNDK 260508 1410.00P,1406.32,1044,6900499.0,PUT,2026-05-08,1410.0,3,126.86,-0.486613269,0.002578927,-12.442727863,0.486008017,3,100.0,US.SNDK,100.0,100.0,59.2,166.7061,0.00261675863245923,208261588470.56,"成交额 $6,900,499 ≥ 阈值 $500,000 | 成交量 1,044 手",US.SNDK,2026-05-06 10:48:58
US.SNDK260508C1150000,SNDK 260508 1150.00C,1406.32,307,6549533.0,CALL,2026-05-08,1150.0,917,158.514,0.937629415,0.000635461,-3.830372574,0.149668751,3,100.0,US.SNDK,154.7,268.9,154.7,124.0375,0.18226292735650487,208261588470.56,"成交额 $6,549,533 ≥ 阈值 $500,000 | 成交量 307 手",US.SNDK,2026-05-06 10:48:58
US.SNDK260508C1100000,SNDK 260508 1100.00C,1406.32,245,6467356.0,CALL,2026-05-08,1100.0,549,165.352,0.963083586,0.000400473,-2.444335253,0.098393246,3,100.0,US.SNDK,198.55,320.0,198.55,165.3074,0.21781671312361336,208261588470.56,"成交额 $6,467,356 ≥ 阈值 $500,000 | 成交量 245 手",US.SNDK,2026-05-06 10:48:58
US.SNDK260508C1450000,SNDK 260508 1450.00C,1406.32,1881,6423166.0,CALL,2026-05-08,1450.0,3240,128.272,0.414084633,0.002492051,-12.301211951,0.474973173,3,100.0,US.SNDK,11.0,50.6,9.5,7.0263,-0.031059787246146015,208261588470.56,"成交额 $6,423,166 ≥ 阈值 $500,000 | 成交量 1,881 手",US.SNDK,2026-05-06 10:48:58
US.SNDK260508C1390000,SNDK 260508 1390.00C,1406.32,1092,6419661.0,CALL,2026-05-08,1390.0,332,128.098,0.564784895,0.002521148,-12.533390842,0.479868828,3,100.0,US.SNDK,25.0,78.95,25.0,14.5667,0.011604755674384164,208261588470.56,"成交额 $6,419,661 ≥ 阈值 $500,000 | 成交量 1,092 手",US.SNDK,2026-05-06 10:48:58
US.SNDK260918P1350000,SNDK 260918 1350.00P,1406.32,206,6204890.0,PUT,2026-09-18,1350.0,2,101.966,-0.346910509,0.000424979,-1.126499022,3.166676495,136,100.0,US.SNDK,298.5,305.0,298.5,346.3483,-0.04004778428807095,208261588470.56,"成交额 $6,204,890 ≥ 阈值 $500,000 | 成交量 206 手",US.SNDK,2026-05-06 10:48:58
US.SNDK260508C1370000,SNDK 260508 1370.00C,1406.32,967,6005686.0,CALL,2026-05-08,1370.0,112,128.25,0.615401447,0.002444357,-12.121268889,0.465804038,3,100.0,US.SNDK,24.8,90.0,22.1,17.8033,0.025826269981227556,208261588470.56,"成交额 $6,005,686 ≥ 阈值 $500,000 | 成交量 967 手",US.SNDK,2026-05-06 10:48:58
US.SNDK260508C1600000,SNDK 260508 1600.00C,1406.32,6851,5852559.0,CALL,2026-05-08,1600.0,1548,131.688,0.142104076,0.001400667,-6.276038542,0.27406531,3,100.0,US.SNDK,1.53,13.19,0.55,0.8963,-0.13772114454747147,208261588470.56,"成交额 $5,852,559 ≥ 阈值 $500,000 | 成交量 6,851 手",US.SNDK,2026-05-06 10:48:58
US.SNDK260717C1400000,SNDK 260717 1400.00C,1406.32,236,5573130.0,CALL,2026-07-17,1400.0,245,100.346,0.598809261,0.000613725,-1.739007214,2.427393155,73,100.0,US.SNDK,181.25,266.8,181.25,161.5099,0.004493998520962467,208261588470.56,"成交额 $5,573,130 ≥ 阈值 $500,000 | 成交量 236 手",US.SNDK,2026-05-06 10:48:58
US.SNDK260508P1350000,SNDK 260508 1350.00P,1406.32,1114,5374003.0,PUT,2026-05-08,1350.0,11,128.318,-0.335249604,0.00233003,-11.326944309,0.444205535,3,100.0,US.SNDK,82.25,82.25,35.72,118.1409,-0.04004778428807095,208261588470.56,"成交额 $5,374,003 ≥ 阈值 $500,000 | 成交量 1,114 手",US.SNDK,2026-05-06 10:48:58
US.SNDK260618P1100000,SNDK 260618 1100.00P,1406.32,804,5367911.0,PUT,2026-06-18,1100.0,1031,106.03,-0.193826237,0.000532487,-1.595605955,1.337337101,44,100.0,US.SNDK,79.2,79.2,62.0,91.9916,-0.21781671312361336,208261588470.56,"成交额 $5,367,911 ≥ 阈值 $500,000 | 成交量 804 手",US.SNDK,2026-05-06 10:48:58
US.SNDK260821C1890000,SNDK 260821 1890.00C,1406.32,338,5284074.0,CALL,2026-08-21,1890.0,0,102.754,0.408631274,0.000494748,-1.458039498,2.9678447,108,100.0,US.SNDK,151.4,168.4,148.52,151.4,-0.3439331019967007,208261588470.56,"成交额 $5,284,074 ≥ 阈值 $500,000 | 成交量 338 手",US.SNDK,2026-05-06 10:48:58
US.SNDK260618C1250000,SNDK 260618 1250.00C,1406.32,202,5057934.0,CALL,2026-06-18,1250.0,485,103.76,0.698402467,0.000689951,-2.093496131,1.696765173,44,100.0,US.SNDK,197.8,286.74,195.83,173.7317,0.11115535582228792,208261588470.56,"成交额 $5,057,934 ≥ 阈值 $500,000 | 成交量 202 手",US.SNDK,2026-05-06 10:48:58
US.SNDK260618P1200000,SNDK 260618 1200.00P,1406.32,491,4940368.0,PUT,2026-06-18,1200.0,495,104.232,-0.263961196,0.000644843,-1.862760978,1.591386831,44,100.0,US.SNDK,110.7,112.0,93.6,137.7697,-0.1467091415893964,208261588470.56,"成交额 $4,940,368 ≥ 阈值 $500,000 | 成交量 491 手",US.SNDK,2026-05-06 10:48:58
US.SNDK260612C1640000,SNDK 260612 1640.00C,1406.32,444,4880708.0,CALL,2026-06-12,1640.0,13,102.593,0.386073391,0.000824573,-2.407765284,1.730014124,38,100.0,US.SNDK,110.0,111.0,101.8,50.1421,-0.16616417316115825,208261588470.56,"成交额 $4,880,708 ≥ 阈值 $500,000 | 成交量 444 手",US.SNDK,2026-05-06 10:48:58
US.SNDK260515C1200000,SNDK 260515 1200.00C,1406.32,231,4829033.0,CALL,2026-05-15,1200.0,578,117.681,0.822880021,0.000960668,-3.726703704,0.596774943,10,100.0,US.SNDK,139.6,244.55,139.6,118.468,0.1467091415893964,208261588470.56,"成交额 $4,829,033 ≥ 阈值 $500,000 | 成交量 231 手",US.SNDK,2026-05-06 10:48:58
US.SNDK260508C1385000,SNDK 260508 1385.00C,1406.32,802,4758340.0,CALL,2026-05-08,1385.0,222,128.129,0.577517741,0.00250593,-12.453412814,0.477085609,3,100.0,US.SNDK,19.0,80.0,19.0,15.37,0.015160134251095012,208261588470.56,"成交额 $4,758,340 ≥ 阈值 $500,000 | 成交量 802 手",US.SNDK,2026-05-06 10:48:58
US.SNDK260618P1000000,SNDK 260618 1000.00P,1406.32,1079,4686668.0,PUT,2026-06-18,1000.0,968,107.721,-0.133105125,0.000410153,-1.269742683,1.046821008,44,100.0,US.SNDK,49.62,49.62,38.65,57.5527,-0.2889242846578303,208261588470.56,"成交额 $4,686,668 ≥ 阈值 $500,000 | 成交量 1,079 手",US.SNDK,2026-05-06 10:48:58
US.SNDK260515C1350000,SNDK 260515 1350.00C,1406.32,460,4625072.0,CALL,2026-05-15,1350.0,348,112.759,0.625234629,0.001463375,-5.246624684,0.871050307,10,100.0,US.SNDK,66.93,141.79,66.93,50.5255,0.04004778428807095,208261588470.56,"成交额 $4,625,072 ≥ 阈值 $500,000 | 成交量 460 手",US.SNDK,2026-05-06 10:48:58
US.SNDK260508C1405000,SNDK 260508 1405.00C,1406.32,750,4575266.0,CALL,2026-05-08,1405.0,0,127.727,0.526435468,0.002556713,-12.648323425,0.485227202,3,100.0,US.SNDK,27.52,71.0,26.0,27.52,0.0009386199442516186,208261588470.56,"成交额 $4,575,266 ≥ 阈值 $500,000 | 成交量 750 手",US.SNDK,2026-05-06 10:48:58
US.SNDK260515P1300000,SNDK 260515 1300.00P,1406.32,728,4543861.0,PUT,2026-05-15,1300.0,215,114.913,-0.302394656,0.001321984,-4.788729037,0.801679776,10,100.0,US.SNDK,93.0,94.0,53.0,111.6617,-0.07560157005517944,208261588470.56,"成交额 $4,543,861 ≥ 阈值 $500,000 | 成交量 728 手",US.SNDK,2026-05-06 10:48:58
US.SNDK260508P1330000,SNDK 260508 1330.00P,1406.32,1024,4485717.0,PUT,2026-05-08,1330.0,6,132.942,-0.293172309,0.0021232,-10.946246945,0.419369729,3,100.0,US.SNDK,56.92,59.0,29.85,103.3351,-0.05426929859491434,208261588470.56,"成交额 $4,485,717 ≥ 阈值 $500,000 | 成交量 1,024 手",US.SNDK,2026-05-06 10:48:58
US.SNDK260515C1600000,SNDK 260515 1600.00C,1406.32,1496,4478743.0,CALL,2026-05-15,1600.0,1396,109.801,0.266265811,0.001301495,-4.337871346,0.754358546,10,100.0,US.SNDK,11.8,43.0,11.54,9.0957,-0.13772114454747147,208261588470.56,"成交额 $4,478,743 ≥ 阈值 $500,000 | 成交量 1,496 手",US.SNDK,2026-05-06 10:48:58
US.SNDK260508P1200000,SNDK 260508 1200.00P,1406.32,4365,4344439.0,PUT,2026-05-08,1200.0,2054,143.241,-0.089784325,0.000928388,-4.699048467,0.197590623,3,100.0,US.SNDK,21.3,22.2,7.5,33.8403,-0.1467091415893964,208261588470.56,"成交额 $4,344,439 ≥ 阈值 $500,000 | 成交量 4,365 手",US.SNDK,2026-05-06 10:48:58
US.SNDK260508C1260000,SNDK 260508 1260.00C,1406.32,372,4176307.0,CALL,2026-05-08,1260.0,344,132.284,0.84563464,0.001473747,-7.046531413,0.289671816,3,100.0,US.SNDK,72.63,166.8,70.86,54.1992,0.10404459866886621,208261588470.56,"成交额 $4,176,307 ≥ 阈值 $500,000 | 成交量 372 手",US.SNDK,2026-05-06 10:48:58
US.SNDK260508C1330000,SNDK 260508 1330.00C,1406.32,582,4151916.0,CALL,2026-05-08,1330.0,145,128.678,0.711745819,0.002176121,-10.621511698,0.416069439,3,100.0,US.SNDK,40.0,113.9,40.0,27.9728,0.05426929859491434,208261588470.56,"成交额 $4,151,916 ≥ 阈值 $500,000 | 成交量 582 手",US.SNDK,2026-05-06 10:48:58
US.SNDK260618C1350000,SNDK 260618 1350.00C,1406.32,210,4147125.0,CALL,2026-06-18,1350.0,161,102.814,0.619845583,0.000760777,-2.256170969,1.853905641,44,100.0,US.SNDK,168.05,239.3,168.05,131.6109,0.04004778428807095,208261588470.56,"成交额 $4,147,125 ≥ 阈值 $500,000 | 成交量 210 手",US.SNDK,2026-05-06 10:48:58
US.SNDK260508P1500000,SNDK 260508 1500.00P,1406.32,303,4146840.0,PUT,2026-05-08,1500.0,12,123.642,-0.707466875,0.002282273,-9.937953542,0.418911627,3,100.0,US.SNDK,177.7,178.0,113.99,248.9415,0.0666135730132545,208261588470.56,"成交额 $4,146,840 ≥ 阈值 $500,000 | 成交量 303 手",US.SNDK,2026-05-06 10:48:58
US.SNDK260508C1360000,SNDK 260508 1360.00C,1406.32,666,4126496.0,CALL,2026-05-08,1360.0,167,128.469,0.640166893,0.002388627,-11.837841966,0.455960797,3,100.0,US.SNDK,26.0,94.7,26.0,20.1829,0.03293702713464925,208261588470.56,"成交额 $4,126,496 ≥ 阈值 $500,000 | 成交量 666 手",US.SNDK,2026-05-06 10:48:58
US.SNDK260515C1250000,SNDK 260515 1250.00C,1406.32,256,4114780.0,CALL,2026-05-15,1250.0,718,116.246,0.764400596,0.001152199,-4.375927147,0.707028019,10,100.0,US.SNDK,116.3,204.57,116.3,92.2677,0.11115535582228792,208261588470.56,"成交额 $4,114,780 ≥ 阈值 $500,000 | 成交量 256 手",US.SNDK,2026-05-06 10:48:58
US.SNDK260515C1390000,SNDK 260515 1390.00C,1406.32,464,4057532.0,CALL,2026-05-15,1390.0,111,113.436,0.563913912,0.001511016,-5.479277085,0.90480554,10,100.0,US.SNDK,60.0,115.95,60.0,39.5798,0.011604755674384164,208261588470.56,"成交额 $4,057,532 ≥ 阈值 $500,000 | 成交量 464 手",US.SNDK,2026-05-06 10:48:58
US.SNDK260515P1320000,SNDK 260515 1320.00P,1406.32,518,3875309.0,PUT,2026-05-15,1320.0,1,114.71,-0.331193675,0.001376506,-4.974020358,0.83322592,10,100.0,US.SNDK,87.0,88.4,63.23,123.6873,-0.06138005574833604,208261588470.56,"成交额 $3,875,309 ≥ 阈值 $500,000 | 成交量 518 手",US.SNDK,2026-05-06 10:48:58
US.SNDK260515C1550000,SNDK 260515 1550.00C,1406.32,899,3758732.0,CALL,2026-05-15,1550.0,97,110.451,0.328712872,0.001424832,-4.839603349,0.830743546,10,100.0,US.SNDK,17.95,55.59,17.95,12.8819,-0.10216735878036298,208261588470.56,"成交额 $3,758,732 ≥ 阈值 $500,000 | 成交量 899 手",US.SNDK,2026-05-06 10:48:58
US.SNDK260508P1370000,SNDK 260508 1370.00P,1406.32,670,3704057.0,PUT,2026-05-08,1370.0,0,130.913,-0.386044671,0.002397566,-12.25305564,0.466309819,3,100.0,US.SNDK,84.0,84.0,43.23,133.1633,-0.025826269981227556,208261588470.56,"成交额 $3,704,057 ≥ 阈值 $500,000 | 成交量 670 手",US.SNDK,2026-05-06 10:48:58
US.SNDK260515C1410000,SNDK 260515 1410.00C,1406.32,562,3697346.0,CALL,2026-05-15,1410.0,45,111.015,0.532534808,0.001558883,-5.412063272,0.913544251,10,100.0,US.SNDK,51.55,109.0,51.55,35.0754,-0.00261675863245923,208261588470.56,"成交额 $3,697,346 ≥ 阈值 $500,000 | 成交量 562 手",US.SNDK,2026-05-06 10:48:58
US.SNDK260508C1380000,SNDK 260508 1380.00C,1406.32,613,3666211.0,CALL,2026-05-08,1380.0,188,128.023,0.590257996,0.002490693,-12.343939954,0.473795317,3,100.0,US.SNDK,20.2,83.7,20.2,16.1734,0.01871551282780586,208261588470.56,"成交额 $3,666,211 ≥ 阈值 $500,000 | 成交量 613 手",US.SNDK,2026-05-06 10:48:58
US.SNDK260508C1375000,SNDK 260508 1375.00C,1406.32,564,3484604.0,CALL,2026-05-08,1375.0,83,128.949,0.602508473,0.002453798,-12.321152451,0.470151447,3,100.0,US.SNDK,26.0,86.4,26.0,16.9883,0.02227089140451671,208261588470.56,"成交额 $3,484,604 ≥ 阈值 $500,000 | 成交量 564 手",US.SNDK,2026-05-06 10:48:58
US.SNDK260618P1300000,SNDK 260618 1300.00P,1406.32,240,3459713.0,PUT,2026-06-18,1300.0,85,104.167,-0.341234143,0.00072467,-2.083094192,1.786182928,44,100.0,US.SNDK,167.4,167.4,135.0,191.8646,-0.07560157005517944,208261588470.56,"成交额 $3,459,713 ≥ 阈值 $500,000 | 成交量 240 手",US.SNDK,2026-05-06 10:48:58
US.SNDK260508C1365000,SNDK 260508 1365.00C,1406.32,547,3387796.0,CALL,2026-05-08,1365.0,71,128.265,0.627897764,0.002419305,-11.977336378,0.461084326,3,100.0,US.SNDK,28.0,92.0,22.5,18.8847,0.029381648557938407,208261588470.56,"成交额 $3,387,796 ≥ 阈值 $500,000 | 成交量 547 手",US.SNDK,2026-05-06 10:48:58
US.SNDK260508C1415000,SNDK 260508 1415.00C,1406.32,574,3386441.0,CALL,2026-05-08,1415.0,0,127.714,0.500894049,0.002562579,-12.66640159,0.48629397,3,100.0,US.SNDK,25.0,67.9,25.0,25.0,-0.006172137209170078,208261588470.56,"成交额 $3,386,441 ≥ 阈值 $500,000 | 成交量 574 手",US.SNDK,2026-05-06 10:48:58
US.SNDK260508C1340000,SNDK 260508 1340.00C,1406.32,511,3284381.0,CALL,2026-05-08,1340.0,107,129.608,0.687441121,0.002241016,-11.180656638,0.431574766,3,100.0,US.SNDK,36.39,108.8,36.39,25.376,0.047158541441492646,208261588470.56,"成交额 $3,284,381 ≥ 阈值 $500,000 | 成交量 511 手",US.SNDK,2026-05-06 10:48:58
US.SNDK260529C1380000,SNDK 260529 1380.00C,1406.32,220,3183395.0,CALL,2026-05-29,1380.0,9,105.836,0.584627256,0.001027199,-3.217126859,1.398580592,24,100.0,US.SNDK,115.15,173.0,115.15,80.4647,0.01871551282780586,208261588470.56,"成交额 $3,183,395 ≥ 阈值 $500,000 | 成交量 220 手",US.SNDK,2026-05-06 10:48:58
US.SNDK260508P1250000,SNDK 260508 1250.00P,1406.32,1856,3149155.0,PUT,2026-05-08,1250.0,443,136.685,-0.145466516,0.001370955,-6.816014313,0.278423052,3,100.0,US.SNDK,37.52,38.0,12.6,54.7984,-0.11115535582228792,208261588470.56,"成交额 $3,149,155 ≥ 阈值 $500,000 | 成交量 1,856 手",US.SNDK,2026-05-06 10:48:58
US.SNDK260508P1390000,SNDK 260508 1390.00P,1406.32,501,2928562.0,PUT,2026-05-08,1390.0,4,128.193,-0.435276892,0.002519741,-12.406331791,0.479870538,3,100.0,US.SNDK,87.5,90.0,50.6,149.9231,-0.011604755674384164,208261588470.56,"成交额 $2,928,562 ≥ 阈值 $500,000 | 成交量 501 手",US.SNDK,2026-05-06 10:48:58
US.SNDK260508C1345000,SNDK 260508 1345.00C,1406.32,390,2892626.0,CALL,2026-05-08,1345.0,317,130.067,0.675174373,0.002269576,-11.440976151,0.438623505,3,100.0,US.SNDK,36.0,106.0,36.0,24.0776,0.043603162864781796,208261588470.56,"成交额 $2,892,626 ≥ 阈值 $500,000 | 成交量 390 手",US.SNDK,2026-05-06 10:48:58
US.SNDK260508C1320000,SNDK 260508 1320.00C,1406.32,324,2616088.0,CALL,2026-05-08,1320.0,249,130.813,0.731638039,0.002067258,-10.351899993,0.401812244,3,100.0,US.SNDK,48.5,125.0,42.5,31.051,0.06138005574833604,208261588470.56,"成交额 $2,616,088 ≥ 阈值 $500,000 | 成交量 324 手",US.SNDK,2026-05-06 10:48:58
US.SNDK260508C1355000,SNDK 260508 1355.00C,1406.32,413,2536934.0,CALL,2026-05-08,1355.0,57,130.533,0.650828925,0.002325851,-11.874816682,0.451110211,3,100.0,US.SNDK,30.0,98.5,30.0,21.4811,0.0364924057113601,208261588470.56,"成交额 $2,536,934 ≥ 阈值 $500,000 | 成交量 413 手",US.SNDK,2026-05-06 10:48:58
US.SNDK260508C1270000,SNDK 260508 1270.00C,1406.32,222,2485799.0,CALL,2026-05-08,1270.0,371,132.195,0.828819194,0.001577361,-7.637645787,0.309827321,3,100.0,US.SNDK,72.1,160.7,65.48,49.8174,0.09693384151544453,208261588470.56,"成交额 $2,485,799 ≥ 阈值 $500,000 | 成交量 222 手",US.SNDK,2026-05-06 10:48:58
US.SNDK260508C1550000,SNDK 260508 1550.00C,1406.32,1821,2357372.0,CALL,2026-05-08,1550.0,769,128.37,0.207200791,0.001827274,-8.280042459,0.348531989,3,100.0,US.SNDK,2.25,21.3,2.25,1.717,-0.10216735878036298,208261588470.56,"成交额 $2,357,372 ≥ 阈值 $500,000 | 成交量 1,821 手",US.SNDK,2026-05-06 10:48:58
US.SNDK260529C1730000,SNDK 260529 1730.00C,1406.32,473,2321689.0,CALL,2026-05-29,1730.0,76,103.738,0.260544466,0.000872695,-2.586404789,1.164638069,24,100.0,US.SNDK,28.0,53.4,28.0,18.0049,-0.23016098754195352,208261588470.56,"成交额 $2,321,689 ≥ 阈值 $500,000 | 成交量 473 手",US.SNDK,2026-05-06 10:48:58
US.SNDK260515C1380000,SNDK 260515 1380.00C,1406.32,233,2314930.0,CALL,2026-05-15,1380.0,56,111.905,0.579289296,0.00152089,-5.369482632,0.898430205,10,100.0,US.SNDK,54.3,122.96,54.3,42.107,0.01871551282780586,208261588470.56,"成交额 $2,314,930 ≥ 阈值 $500,000 | 成交量 233 手",US.SNDK,2026-05-06 10:48:58
US.SNDK260508C1420000,SNDK 260508 1420.00C,1406.32,488,2278737.0,CALL,2026-05-08,1420.0,512,127.307,0.488004953,0.002569629,-12.611380781,0.486075294,3,100.0,US.SNDK,14.8,64.0,13.6,10.1359,-0.009727515785880927,208261588470.56,"成交额 $2,278,737 ≥ 阈值 $500,000 | 成交量 488 手",US.SNDK,2026-05-06 10:48:58
US.SNDK260508C1280000,SNDK 260508 1280.00C,1406.32,207,2226919.0,CALL,2026-05-08,1280.0,231,132.591,0.810237473,0.001677702,-8.283482759,0.330524608,3,100.0,US.SNDK,68.3,152.5,60.9,46.0633,0.08982308436202283,208261588470.56,"成交额 $2,226,919 ≥ 阈值 $500,000 | 成交量 207 手",US.SNDK,2026-05-06 10:48:58
US.SNDK260508P1360000,SNDK 260508 1360.00P,1406.32,419,2218970.0,PUT,2026-05-08,1360.0,1,129.979,-0.360940677,0.00236363,-11.857287495,0.456435995,3,100.0,US.SNDK,67.0,67.25,39.9,125.5437,-0.03293702713464925,208261588470.56,"成交额 $2,218,970 ≥ 阈值 $500,000 | 成交量 419 手",US.SNDK,2026-05-06 10:48:58
US.SNDK260717P1000000,SNDK 260717 1000.00P,1406.32,318,2196043.0,PUT,2026-07-17,1000.0,268,103.477,-0.162670753,0.000378936,-1.073765701,1.544265116,73,100.0,US.SNDK,80.28,80.28,64.8,89.3899,-0.2889242846578303,208261588470.56,"成交额 $2,196,043 ≥ 阈值 $500,000 | 成交量 318 手",US.SNDK,2026-05-06 10:48:58
US.SNDK260515P1400000,SNDK 260515 1400.00P,1406.32,217,2172488.0,PUT,2026-05-15,1400.0,22,111.864,-0.451877247,0.001541824,-5.297781346,0.909855598,10,100.0,US.SNDK,135.0,135.0,93.0,180.0415,-0.004493998520962467,208261588470.56,"成交额 $2,172,488 ≥ 阈值 $500,000 | 成交量 217 手",US.SNDK,2026-05-06 10:48:58
US.SNDK260515P1100000,SNDK 260515 1100.00P,1406.32,1358,2157156.0,PUT,2026-05-15,1100.0,1645,128.468,-0.100286375,0.000595843,-2.621316221,0.404049062,10,100.0,US.SNDK,20.0,23.0,12.69,29.2,-0.21781671312361336,208261588470.56,"成交额 $2,157,156 ≥ 阈值 $500,000 | 成交量 1,358 手",US.SNDK,2026-05-06 10:48:58
US.SNDK260522C1460000,SNDK 260522 1460.00C,1406.32,213,2137562.0,CALL,2026-05-22,1460.0,56,109.799,0.486197816,0.001205605,-4.055045339,1.2008644,17,100.0,US.SNDK,69.1,116.7,69.1,44.504,-0.03817054439956771,208261588470.56,"成交额 $2,137,562 ≥ 阈值 $500,000 | 成交量 213 手",US.SNDK,2026-05-06 10:48:58
US.SNDK260515C1370000,SNDK 260515 1370.00C,1406.32,205,2133623.0,CALL,2026-05-15,1370.0,51,114.102,0.594366559,0.001478987,-5.427981855,0.890829464,10,100.0,US.SNDK,63.0,130.0,63.0,44.6343,0.025826269981227556,208261588470.56,"成交额 $2,133,623 ≥ 阈值 $500,000 | 成交量 205 手",US.SNDK,2026-05-06 10:48:58
US.SNDK260508P1405000,SNDK 260508 1405.00P,1406.32,318,2047293.0,PUT,2026-05-08,1405.0,0,125.869,-0.47387558,0.002595076,-12.32824665,0.485239312,3,100.0,US.SNDK,79.66,83.18,58.0,79.66,-0.0009386199442516186,208261588470.56,"成交额 $2,047,293 ≥ 阈值 $500,000 | 成交量 318 手",US.SNDK,2026-05-06 10:48:58
US.SNDK260515C1420000,SNDK 260515 1420.00C,1406.32,256,2044374.0,CALL,2026-05-15,1420.0,188,112.348,0.517682051,0.001544007,-5.486850074,0.915693465,10,100.0,US.SNDK,62.0,106.8,62.0,32.8232,-0.009727515785880927,208261588470.56,"成交额 $2,044,374 ≥ 阈值 $500,000 | 成交量 256 手",US.SNDK,2026-05-06 10:48:58
US.SNDK260508P1365000,SNDK 260508 1365.00P,1406.32,371,2013717.0,PUT,2026-05-08,1365.0,0,129.11,-0.372670512,0.002404913,-11.928264658,0.461301936,3,100.0,US.SNDK,60.0,63.2,41.5,129.2452,-0.029381648557938407,208261588470.56,"成交额 $2,013,717 ≥ 阈值 $500,000 | 成交量 371 手",US.SNDK,2026-05-06 10:48:58
US.SNDK260515P1230000,SNDK 260515 1230.00P,1406.32,484,1903677.0,PUT,2026-05-15,1230.0,32,118.778,-0.21412691,0.001068309,-4.107918876,0.669715834,10,100.0,US.SNDK,51.25,51.25,34.69,75.5123,-0.12537687012913132,208261588470.56,"成交额 $1,903,677 ≥ 阈值 $500,000 | 成交量 484 手",US.SNDK,2026-05-06 10:48:58
US.SNDK260508C1440000,SNDK 260508 1440.00C,1406.32,529,1894031.0,CALL,2026-05-08,1440.0,1995,124.98,0.435741553,0.002584606,-12.158296253,0.479972533,3,100.0,US.SNDK,11.89,53.01,11.89,7.9722,-0.02394903009272432,208261588470.56,"成交额 $1,894,031 ≥ 阈值 $500,000 | 成交量 529 手",US.SNDK,2026-05-06 10:48:58
US.SNDK260618C1750000,SNDK 260618 1750.00C,1406.32,203,1781197.0,CALL,2026-06-18,1750.0,0,102.265,0.334242916,0.000731095,-2.116894961,1.772030145,44,100.0,US.SNDK,86.75,93.92,86.58,86.75,-0.24438250184879692,208261588470.56,"成交额 $1,781,197 ≥ 阈值 $500,000 | 成交量 203 手",US.SNDK,2026-05-06 10:48:58
US.SNDK260515P1250000,SNDK 260515 1250.00P,1406.32,410,1772121.0,PUT,2026-05-15,1250.0,149,115.783,-0.235012904,0.001155415,-4.229642477,0.70603913,10,100.0,US.SNDK,63.25,63.25,36.6,85.0208,-0.11115535582228792,208261588470.56,"成交额 $1,772,121 ≥ 阈值 $500,000 | 成交量 410 手",US.SNDK,2026-05-06 10:48:58
US.SNDK260515P1000000,SNDK 260515 1000.00P,1406.32,2560,1770993.0,PUT,2026-05-15,1000.0,1310,136.933,-0.050477026,0.000330304,-1.610482151,0.238757407,10,100.0,US.SNDK,9.0,9.41,5.7,12.398,-0.2889242846578303,208261588470.56,"成交额 $1,770,993 ≥ 阈值 $500,000 | 成交量 2,560 手",US.SNDK,2026-05-06 10:48:58
US.SNDK260508C1395000,SNDK 260508 1395.00C,1406.32,293,1741477.0,CALL,2026-05-08,1395.0,0,127.934,0.552032668,0.002536397,-12.58406769,0.482153057,3,100.0,US.SNDK,23.9,72.58,22.53,23.9,0.008049377097673316,208261588470.56,"成交额 $1,741,477 ≥ 阈值 $500,000 | 成交量 293 手",US.SNDK,2026-05-06 10:48:58
US.SNDK260508P1310000,SNDK 260508 1310.00P,1406.32,464,1719790.0,PUT,2026-05-08,1310.0,4,132.452,-0.248976645,0.001964028,-9.870412988,0.386506182,3,100.0,US.SNDK,60.6,60.6,24.39,90.1648,-0.06849081290175774,208261588470.56,"成交额 $1,719,790 ≥ 阈值 $500,000 | 成交量 464 手",US.SNDK,2026-05-06 10:48:58
US.SNDK260508P1380000,SNDK 260508 1380.00P,1406.32,288,1663697.0,PUT,2026-05-08,1380.0,1,130.014,-0.410476433,0.002453948,-12.405461526,0.473989558,3,100.0,US.SNDK,85.0,86.0,46.6,141.5316,-0.01871551282780586,208261588470.56,"成交额 $1,663,697 ≥ 阈值 $500,000 | 成交量 288 手",US.SNDK,2026-05-06 10:48:58
US.SNDK260515P1350000,SNDK 260515 1350.00P,1406.32,207,1635081.0,PUT,2026-05-15,1350.0,1,113.516,-0.375229792,0.001454762,-5.15172969,0.871349881,10,100.0,US.SNDK,111.4,111.4,71.68,143.2437,-0.04004778428807095,208261588470.56,"成交额 $1,635,081 ≥ 阈值 $500,000 | 成交量 207 手",US.SNDK,2026-05-06 10:48:58
US.SNDK260508P1280000,SNDK 260508 1280.00P,1406.32,623,1620833.0,PUT,2026-05-08,1280.0,126,135.053,-0.193571825,0.001667348,-8.434872261,0.334570025,3,100.0,US.SNDK,49.15,49.15,17.4,71.4197,-0.08982308436202283,208261588470.56,"成交额 $1,620,833 ≥ 阈值 $500,000 | 成交量 623 手",US.SNDK,2026-05-06 10:48:58
US.SNDK260508P1395000,SNDK 260508 1395.00P,1406.32,244,1504193.0,PUT,2026-05-08,1395.0,0,127.719,-0.448003164,0.002541109,-12.426212424,0.482147529,3,100.0,US.SNDK,89.06,89.06,53.1,89.06,-0.008049377097673316,208261588470.56,"成交额 $1,504,193 ≥ 阈值 $500,000 | 成交量 244 手",US.SNDK,2026-05-06 10:48:58
US.SNDK260508P1335000,SNDK 260508 1335.00P,1406.32,314,1478317.0,PUT,2026-05-08,1335.0,1,133.881,-0.305446552,0.002147919,-11.277024166,0.427245947,3,100.0,US.SNDK,58.69,59.8,31.39,107.0366,-0.0507139200182035,208261588470.56,"成交额 $1,478,317 ≥ 阈值 $500,000 | 成交量 314 手",US.SNDK,2026-05-06 10:48:58
US.SNDK260515C1700000,SNDK 260515 1700.00C,1406.32,741,1474504.0,CALL,2026-05-15,1700.0,255,111.086,0.171338947,0.000996472,-3.341560107,0.584316476,10,100.0,US.SNDK,5.5,25.3,5.5,4.1274,-0.20882871608168843,208261588470.56,"成交额 $1,474,504 ≥ 阈值 $500,000 | 成交量 741 手",US.SNDK,2026-05-06 10:48:58
US.SNDK260515P1050000,SNDK 260515 1050.00P,1406.32,1398,1446038.0,PUT,2026-05-15,1050.0,704,129.366,-0.067769451,0.000440599,-1.937844538,0.30087529,10,100.0,US.SNDK,14.3,14.3,8.69,19.6574,-0.25337049889072183,208261588470.56,"成交额 $1,446,038 ≥ 阈值 $500,000 | 成交量 1,398 手",US.SNDK,2026-05-06 10:48:58
US.SNDK260508P1375000,SNDK 260508 1375.00P,1406.32,255,1429955.0,PUT,2026-05-08,1375.0,6,128.294,-0.397239783,0.002466221,-12.120834552,0.470062654,3,100.0,US.SNDK,95.0,95.0,44.5,137.3474,-0.02227089140451671,208261588470.56,"成交额 $1,429,955 ≥ 阈值 $500,000 | 成交量 255 手",US.SNDK,2026-05-06 10:48:58
US.SNDK260508C1460000,SNDK 260508 1460.00C,1406.32,440,1355486.0,CALL,2026-05-08,1460.0,1485,126.767,0.388401193,0.002480051,-11.893285838,0.467140286,3,100.0,US.SNDK,9.58,47.0,9.58,6.0804,-0.03817054439956771,208261588470.56,"成交额 $1,355,486 ≥ 阈值 $500,000 | 成交量 440 手",US.SNDK,2026-05-06 10:48:58
US.SNDK260618P900000,SNDK 260618 900.00P,1406.32,509,1321588.0,PUT,2026-06-18,900.0,1440,110.994,-0.086208262,0.000291076,-0.956479369,0.76564341,44,100.0,US.SNDK,29.5,29.5,22.26,33.2908,-0.3600318561920473,208261588470.56,"成交额 $1,321,588 ≥ 阈值 $500,000 | 成交量 509 手",US.SNDK,2026-05-06 10:48:58
US.SNDK260508P1340000,SNDK 260508 1340.00P,1406.32,291,1314736.0,PUT,2026-05-08,1340.0,1,129.57,-0.312548857,0.002241811,-11.044579248,0.431562853,3,100.0,US.SNDK,74.0,74.0,31.9,110.738,-0.047158541441492646,208261588470.56,"成交额 $1,314,736 ≥ 阈值 $500,000 | 成交量 291 手",US.SNDK,2026-05-06 10:48:58
US.SNDK260508P1320000,SNDK 260508 1320.00P,1406.32,353,1282092.0,PUT,2026-05-08,1320.0,77,129.015,-0.266069306,0.002087141,-10.02563044,0.400071137,3,100.0,US.SNDK,60.0,60.0,26.8,96.4131,-0.06138005574833604,208261588470.56,"成交额 $1,282,092 ≥ 阈值 $500,000 | 成交量 353 手",US.SNDK,2026-05-06 10:48:58
US.SNDK260508P1150000,SNDK 260508 1150.00P,1406.32,2099,1252737.0,PUT,2026-05-08,1150.0,1140,152.117,-0.055464369,0.000603923,-3.185163367,0.136500853,3,100.0,US.SNDK,12.2,12.6,4.43,19.3021,-0.18226292735650487,208261588470.56,"成交额 $1,252,737 ≥ 阈值 $500,000 | 成交量 2,099 手",US.SNDK,2026-05-06 10:48:58
US.SNDK260508P1385000,SNDK 260508 1385.00P,1406.32,211,1216716.0,PUT,2026-05-08,1385.0,1,129.165,-0.422790235,0.002486567,-12.419632924,0.477149008,3,100.0,US.SNDK,62.83,71.6,49.0,145.7274,-0.015160134251095012,208261588470.56,"成交额 $1,216,716 ≥ 阈值 $500,000 | 成交量 211 手",US.SNDK,2026-05-06 10:48:58
US.SNDK260508C1510000,SNDK 260508 1510.00C,1406.32,711,1198931.0,CALL,2026-05-08,1510.0,485,127.584,0.279118271,0.002161179,-10.105443214,0.409698544,3,100.0,US.SNDK,5.85,29.8,5.6,3.1583,-0.07372433016667619,208261588470.56,"成交额 $1,198,931 ≥ 阈值 $500,000 | 成交量 711 手",US.SNDK,2026-05-06 10:48:58
US.SNDK260508C1490000,SNDK 260508 1490.00C,1406.32,639,1182912.0,CALL,2026-05-08,1490.0,260,127.356,0.320635566,0.00230547,-10.933676009,0.43627226,3,100.0,US.SNDK,6.0,35.5,5.5,4.0726,-0.0595028158598328,208261588470.56,"成交额 $1,182,912 ≥ 阈值 $500,000 | 成交量 639 手",US.SNDK,2026-05-06 10:48:58
US.SNDK260508P1240000,SNDK 260508 1240.00P,1406.32,829,1180448.0,PUT,2026-05-08,1240.0,470,138.056,-0.132662566,0.001274801,-6.376057576,0.261494232,3,100.0,US.SNDK,33.8,33.8,11.32,50.0469,-0.11826611297570962,208261588470.56,"成交额 $1,180,448 ≥ 阈值 $500,000 | 成交量 829 手",US.SNDK,2026-05-06 10:48:58
US.SNDK260508C1480000,SNDK 260508 1480.00C,1406.32,606,1151888.0,CALL,2026-05-08,1480.0,181,126.07,0.340841047,0.002386559,-11.170820065,0.4470589,3,100.0,US.SNDK,7.0,39.94,7.0,4.6035,-0.05239205870641111,208261588470.56,"成交额 $1,151,888 ≥ 阈值 $500,000 | 成交量 606 手",US.SNDK,2026-05-06 10:48:58
US.SNDK260515C1650000,SNDK 260515 1650.00C,1406.32,471,1100730.0,CALL,2026-05-15,1650.0,432,109.645,0.212704148,0.001152637,-3.798817692,0.667124829,10,100.0,US.SNDK,8.89,32.59,8.81,6.1271,-0.17327493031457994,208261588470.56,"成交额 $1,100,730 ≥ 阈值 $500,000 | 成交量 471 手",US.SNDK,2026-05-06 10:48:58
US.SNDK260508C1530000,SNDK 260508 1530.00C,1406.32,625,1066956.0,CALL,2026-05-08,1530.0,551,127.32,0.240051627,0.002003296,-9.132281506,0.37898138,3,100.0,US.SNDK,3.69,24.0,3.69,2.4377,-0.0879458444735196,208261588470.56,"成交额 $1,066,956 ≥ 阈值 $500,000 | 成交量 625 手",US.SNDK,2026-05-06 10:48:58
US.SNDK260508P1290000,SNDK 260508 1290.00P,1406.32,377,1037708.0,PUT,2026-05-08,1290.0,8,133.707,-0.210355308,0.001770099,-8.875324547,0.351647542,3,100.0,US.SNDK,56.0,56.0,19.7,77.6681,-0.08271232720860112,208261588470.56,"成交额 $1,037,708 ≥ 阈值 $500,000 | 成交量 377 手",US.SNDK,2026-05-06 10:48:58
US.SNDK260508C1470000,SNDK 260508 1470.00C,1406.32,360,936207.0,CALL,2026-05-08,1470.0,538,124.593,0.361840896,0.002467645,-11.355052933,0.456831544,3,100.0,US.SNDK,8.96,43.3,6.6,5.3419,-0.04528130155298941,208261588470.56,"成交额 $936,207 ≥ 阈值 $500,000 | 成交量 360 手",US.SNDK,2026-05-06 10:48:58
US.SNDK260515C1800000,SNDK 260515 1800.00C,1406.32,740,908604.0,CALL,2026-05-15,1800.0,0,114.728,0.111640242,0.000720952,-2.531368573,0.436616604,10,100.0,US.SNDK,3.72,14.31,3.72,3.72,-0.2799362876159054,208261588470.56,"成交额 $908,604 ≥ 阈值 $500,000 | 成交量 740 手",US.SNDK,2026-05-06 10:48:58
US.SNDK260508C1650000,SNDK 260508 1650.00C,1406.32,2237,878436.0,CALL,2026-05-08,1650.0,1447,130.147,0.087277337,0.001000453,-4.02120632,0.193466312,3,100.0,US.SNDK,0.85,8.0,0.59,0.5149,-0.17327493031457994,208261588470.56,"成交额 $878,436 ≥ 阈值 $500,000 | 成交量 2,237 手",US.SNDK,2026-05-06 10:48:58
US.SNDK260508C1430000,SNDK 260508 1430.00C,1406.32,222,849198.0,CALL,2026-05-08,1430.0,168,128.68,0.463554338,0.00253273,-12.672516411,0.484264225,3,100.0,US.SNDK,13.1,58.9,13.1,8.9181,-0.016838272939302623,208261588470.56,"成交额 $849,198 ≥ 阈值 $500,000 | 成交量 222 手",US.SNDK,2026-05-06 10:48:58
US.SNDK260508P1100000,SNDK 260508 1100.00P,1406.32,2417,843304.0,PUT,2026-05-08,1100.0,3905,162.973,-0.035022419,0.000389159,-2.183387982,0.094238528,3,100.0,US.SNDK,5.0,6.57,2.69,10.4968,-0.21781671312361336,208261588470.56,"成交额 $843,304 ≥ 阈值 $500,000 | 成交量 2,417 手",US.SNDK,2026-05-06 10:48:58
US.SNDK260515P1160000,SNDK 260515 1160.00P,1406.32,351,819870.0,PUT,2026-05-15,1160.0,180,122.51,-0.14302278,0.000802341,-3.246216004,0.51882216,10,100.0,US.SNDK,35.03,35.03,20.5,47.4118,-0.17515217020308319,208261588470.56,"成交额 $819,870 ≥ 阈值 $500,000 | 成交量 351 手",US.SNDK,2026-05-06 10:48:58
US.SNDK260618P940000,SNDK 260618 940.00P,1406.32,256,802299.0,PUT,2026-06-18,940.0,274,109.583,-0.103387557,0.000337114,-1.080034579,0.875398293,44,100.0,US.SNDK,34.65,34.65,29.4,41.7698,-0.3315888275783605,208261588470.56,"成交额 $802,299 ≥ 阈值 $500,000 | 成交量 256 手",US.SNDK,2026-05-06 10:48:58
US.SNDK260515C1900000,SNDK 260515 1900.00C,1406.32,1138,792945.0,CALL,2026-05-15,1900.0,0,116.413,0.069199512,0.000497573,-1.760293798,0.305763952,10,100.0,US.SNDK,1.68,8.4,1.66,1.68,-0.3510438591501224,208261588470.56,"成交额 $792,945 ≥ 阈值 $500,000 | 成交量 1,138 手",US.SNDK,2026-05-06 10:48:58
US.SNDK260508P1260000,SNDK 260508 1260.00P,1406.32,405,765706.0,PUT,2026-05-08,1260.0,77,136.248,-0.16069366,0.001469198,-7.366569187,0.297420098,3,100.0,US.SNDK,42.2,42.2,14.1,59.55,-0.10404459866886621,208261588470.56,"成交额 $765,706 ≥ 阈值 $500,000 | 成交量 405 手",US.SNDK,2026-05-06 10:48:58
US.SNDK260508C1520000,SNDK 260508 1520.00C,1406.32,472,740537.0,CALL,2026-05-08,1520.0,496,127.049,0.258385938,0.002087715,-9.578095305,0.394112946,3,100.0,US.SNDK,4.37,27.0,4.37,2.798,-0.08083508732009789,208261588470.56,"成交额 $740,537 ≥ 阈值 $500,000 | 成交量 472 手",US.SNDK,2026-05-06 10:48:58
US.SNDK260529P1000000,SNDK 260529 1000.00P,1406.32,316,692034.0,PUT,2026-05-29,1000.0,131,116.787,-0.096576748,0.00040845,-1.489954103,0.613598297,24,100.0,US.SNDK,27.5,27.7,19.0,33.4238,-0.2889242846578303,208261588470.56,"成交额 $692,034 ≥ 阈值 $500,000 | 成交量 316 手",US.SNDK,2026-05-06 10:48:58
US.SNDK260508P1270000,SNDK 260508 1270.00P,1406.32,340,680028.0,PUT,2026-05-08,1270.0,39,137.021,-0.17875393,0.001564236,-8.056692978,0.318454296,3,100.0,US.SNDK,45.0,46.2,15.88,65.1714,-0.09693384151544453,208261588470.56,"成交额 $680,028 ≥ 阈值 $500,000 | 成交量 340 手",US.SNDK,2026-05-06 10:48:58
US.SNDK260515C1890000,SNDK 260515 1890.00C,1406.32,872,676664.0,CALL,2026-05-15,1890.0,0,114.699,0.06962714,0.000507406,-1.743442119,0.307217949,10,100.0,US.SNDK,1.82,8.4,1.82,1.82,-0.3439331019967007,208261588470.56,"成交额 $676,664 ≥ 阈值 $500,000 | 成交量 872 手",US.SNDK,2026-05-06 10:48:58
US.SNDK260508C1475000,SNDK 260508 1475.00C,1406.32,270,643473.0,CALL,2026-05-08,1475.0,0,125.661,0.351678812,0.002422319,-11.303640174,0.452283422,3,100.0,US.SNDK,10.3,40.05,10.3,10.3,-0.04883668012970026,208261588470.56,"成交额 $643,473 ≥ 阈值 $500,000 | 成交量 270 手",US.SNDK,2026-05-06 10:48:58
US.SNDK260508P1275000,SNDK 260508 1275.00P,1406.32,297,629740.0,PUT,2026-05-08,1275.0,21,134.625,-0.183866851,0.001620435,-8.087051267,0.324127995,3,100.0,US.SNDK,46.28,47.0,16.9,68.2956,-0.09337846293873367,208261588470.56,"成交额 $629,740 ≥ 阈值 $500,000 | 成交量 297 手",US.SNDK,2026-05-06 10:48:58
US.SNDK260508P1175000,SNDK 260508 1175.00P,1406.32,992,616764.0,PUT,2026-05-08,1175.0,79,147.102,-0.07006826,0.000749355,-3.841074184,0.163786892,3,100.0,US.SNDK,14.0,14.0,5.8,26.167,-0.16448603447295065,208261588470.56,"成交额 $616,764 ≥ 阈值 $500,000 | 成交量 992 手",US.SNDK,2026-05-06 10:48:58
US.SNDK260508C1540000,SNDK 260508 1540.00C,1406.32,412,610317.0,CALL,2026-05-08,1540.0,525,127.561,0.222577945,0.001916964,-8.673055957,0.363333719,3,100.0,US.SNDK,3.0,23.0,3.0,2.0774,-0.09505660162694128,208261588470.56,"成交额 $610,317 ≥ 阈值 $500,000 | 成交量 412 手",US.SNDK,2026-05-06 10:48:58
US.SNDK260508P1245000,SNDK 260508 1245.00P,1406.32,362,599908.0,PUT,2026-05-08,1245.0,277,138.532,-0.140747378,0.001322871,-6.723532269,0.272288439,3,100.0,US.SNDK,36.9,36.9,12.5,52.4227,-0.11471073439899876,208261588470.56,"成交额 $599,908 ≥ 阈值 $500,000 | 成交量 362 手",US.SNDK,2026-05-06 10:48:58
US.SNDK260508C1570000,SNDK 260508 1570.00C,1406.32,637,598570.0,CALL,2026-05-08,1570.0,185,129.782,0.178773497,0.001651549,-7.470022441,0.318477295,3,100.0,US.SNDK,1.8,17.1,1.8,1.2289,-0.11638887308720637,208261588470.56,"成交额 $598,570 ≥ 阈值 $500,000 | 成交量 637 手",US.SNDK,2026-05-06 10:48:58
US.SNDK260515P1140000,SNDK 260515 1140.00P,1406.32,274,575622.0,PUT,2026-05-15,1140.0,304,123.095,-0.125235235,0.000728865,-2.96468112,0.473566659,10,100.0,US.SNDK,30.0,30.0,18.0,40.493,-0.1893736845099266,208261588470.56,"成交额 $575,622 ≥ 阈值 $500,000 | 成交量 274 手",US.SNDK,2026-05-06 10:48:58
US.SNDK260508C1700000,SNDK 260508 1700.00C,1406.32,2235,560355.0,CALL,2026-05-08,1700.0,264,130.114,0.05231718,0.000674137,-2.47084638,0.130332317,3,100.0,US.SNDK,0.41,4.65,0.32,0.2649,-0.20882871608168843,208261588470.56,"成交额 $560,355 ≥ 阈值 $500,000 | 成交量 2,235 手",US.SNDK,2026-05-06 10:48:58
US.SNDK260508P1190000,SNDK 260508 1190.00P,1406.32,551,503674.0,PUT,2026-05-08,1190.0,177,144.365,-0.080833692,0.000851457,-4.303028862,0.182639351,3,100.0,US.SNDK,19.49,19.49,6.7,30.771,-0.1538198987428181,208261588470.56,"成交额 $503,674 ≥ 阈值 $500,000 | 成交量 551 手",US.SNDK,2026-05-06 10:48:58
US.SPGI260508P420000,SPGI 260508 420.00P,423.87,2242,1441471.0,PUT,2026-05-08,420.0,23,45.608,-0.398062821,0.023042034,-1.287271681,0.141714248,3,100.0,US.SPGI,5.05,8.2,2.26,4.2033,-0.009130157831410584,125465520000.0,"成交额 $1,441,471 ≥ 阈值 $500,000 | 成交量 2,242 手",US.SPGI,2026-05-06 10:50:09
US.SPGI260508C430000,SPGI 260508 430.00C,423.87,2849,1022675.0,CALL,2026-05-08,430.0,18,50.295,0.381572937,0.020635438,-1.425498632,0.140033827,3,100.0,US.SPGI,3.2,6.0,2.2,4.073,-0.014461981267841545,125465520000.0,"成交额 $1,022,675 ≥ 阈值 $500,000 | 成交量 2,849 手",US.SPGI,2026-05-06 10:50:09
US.STLD260515C200000,STLD 260515 200.00C,237.46,256,958253.0,CALL,2026-05-15,200.0,982,0.0,0.0,0.0,0.0,0.0,10,100.0,US.STLD,34.71,38.3,34.71,30.3069,0.15775288469636994,34244766976.26,"成交额 $958,253 ≥ 阈值 $500,000 | 成交量 256 手",US.STLD,2026-05-06 10:51:00
US.STLD260515C220000,STLD 260515 220.00C,237.46,338,625109.0,CALL,2026-05-15,220.0,7721,42.719,0.873507365,0.012524557,-0.194436653,0.080506315,10,100.0,US.STLD,15.61,19.65,15.61,13.0019,0.07352817316600693,34244766976.26,"成交额 $625,109 ≥ 阈值 $500,000 | 成交量 338 手",US.STLD,2026-05-06 10:51:00
US.STX260618C780000,STX 260618 780.00C,771.01,666,5862131.0,CALL,2026-06-18,780.0,545,77.869,0.542999061,0.001908329,-0.981677672,1.058611525,44,100.0,US.STX,86.63,93.03,76.58,61.3979,-0.011660030349800923,172882795121.92,"成交额 $5,862,131 ≥ 阈值 $500,000 | 成交量 666 手",US.STX,2026-05-06 10:51:18
US.STX260618C850000,STX 260618 850.00C,771.01,936,5528006.0,CALL,2026-06-18,850.0,481,77.772,0.416278483,0.001879398,-0.957084784,1.041258266,44,100.0,US.STX,52.5,63.52,52.5,39.1831,-0.102450033073501,172882795121.92,"成交额 $5,528,006 ≥ 阈值 $500,000 | 成交量 936 手",US.STX,2026-05-06 10:51:18
US.STX260618C740000,STX 260618 740.00C,771.01,449,4366380.0,CALL,2026-06-18,740.0,1097,78.423,0.619074711,0.00182037,-0.954758245,1.017010033,44,100.0,US.STX,90.0,112.0,90.0,78.4272,0.04021997120659913,172882795121.92,"成交额 $4,366,380 ≥ 阈值 $500,000 | 成交量 449 手",US.STX,2026-05-06 10:51:18
US.STX260618C900000,STX 260618 900.00C,771.01,688,2686260.0,CALL,2026-06-18,900.0,751,76.819,0.332760882,0.001772142,-0.876592888,0.969788049,44,100.0,US.STX,32.0,45.8,32.0,28.75,-0.16730003501900106,172882795121.92,"成交额 $2,686,260 ≥ 阈值 $500,000 | 成交量 688 手",US.STX,2026-05-06 10:51:18
US.STX260529C770000,STX 260529 770.00C,771.01,371,2248639.0,CALL,2026-05-29,770.0,14,77.995,0.546956433,0.002583155,-1.329521036,0.779028082,24,100.0,US.STX,57.1,75.7,57.1,45.5084,0.0013099700392990893,172882795121.92,"成交额 $2,248,639 ≥ 阈值 $500,000 | 成交量 371 手",US.STX,2026-05-06 10:51:18
US.STX260522C770000,STX 260522 770.00C,771.01,362,1909828.0,CALL,2026-05-22,770.0,26,84.024,0.542429361,0.002859108,-1.705523253,0.655016316,17,100.0,US.STX,58.5,59.35,49.3,39.0493,0.0013099700392990893,172882795121.92,"成交额 $1,909,828 ≥ 阈值 $500,000 | 成交量 362 手",US.STX,2026-05-06 10:51:18
US.STX260618C880000,STX 260618 880.00C,771.01,304,1347958.0,CALL,2026-06-18,880.0,101,76.473,0.362956533,0.001838026,-0.902733228,1.001322953,44,100.0,US.STX,43.99,48.45,43.81,32.15,-0.14136003424080104,172882795121.92,"成交额 $1,347,958 ≥ 阈值 $500,000 | 成交量 304 手",US.STX,2026-05-06 10:51:18
US.STX260515C780000,STX 260515 780.00C,771.01,229,919085.0,CALL,2026-05-15,780.0,196,82.283,0.495297542,0.003849004,-2.213798294,0.502459227,10,100.0,US.STX,30.47,48.61,30.47,24.3232,-0.011660030349800923,172882795121.92,"成交额 $919,085 ≥ 阈值 $500,000 | 成交量 229 手",US.STX,2026-05-06 10:51:18
US.STX260508P750000,STX 260508 750.00P,771.01,410,742809.0,PUT,2026-05-08,750.0,16,96.885,-0.354139866,0.005746758,-4.795633709,0.248532765,3,100.0,US.STX,21.0,21.0,12.8,32.8827,-0.027249970817499112,172882795121.92,"成交额 $742,809 ≥ 阈值 $500,000 | 成交量 410 手",US.STX,2026-05-06 10:51:18
US.STX260515C800000,STX 260515 800.00C,771.01,201,657763.0,CALL,2026-05-15,800.0,102,80.438,0.41770404,0.003853467,-2.110200425,0.491761806,10,100.0,US.STX,25.52,40.02,25.0,18.3461,-0.03760003112800095,172882795121.92,"成交额 $657,763 ≥ 阈值 $500,000 | 成交量 201 手",US.STX,2026-05-06 10:51:18
US.STX260529C930000,STX 260529 930.00C,771.01,391,643487.0,CALL,2026-05-29,930.0,4,75.676,0.194176941,0.001848028,-0.875630826,0.540721895,24,100.0,US.STX,12.6,17.8,12.6,9.4312,-0.2062100361863011,172882795121.92,"成交额 $643,487 ≥ 阈值 $500,000 | 成交量 391 手",US.STX,2026-05-06 10:51:18
US.STX260508C780000,STX 260508 780.00C,771.01,242,613239.0,CALL,2026-05-08,780.0,140,96.649,0.462850289,0.006150823,-5.228736455,0.265405554,3,100.0,US.STX,20.0,36.0,18.65,10.879,-0.011660030349800923,172882795121.92,"成交额 $613,239 ≥ 阈值 $500,000 | 成交量 242 手",US.STX,2026-05-06 10:51:18
US.STZ260605C150000,STZ 260605 150.00C,149.8,1265,1948400.0,CALL,2026-06-05,150.0,1270,29.838,0.5252614,0.030692734,-0.092031488,0.173088729,31,100.0,US.STZ,6.0,5.2,5.2,4.15,-0.001335113484646119,25795330356.6,"成交额 $1,948,400 ≥ 阈值 $500,000 | 成交量 1,265 手",US.STZ,2026-05-06 10:51:35
US.STZ260605P165000,STZ 260605 165.00P,149.8,365,595870.0,PUT,2026-06-05,165.0,0,0.0,0.0,0.0,0.0,0.0,31,100.0,US.STZ,15.7,17.4,15.1,17.271,0.10146862483311073,25795330356.6,"成交额 $595,870 ≥ 阈值 $500,000 | 成交量 365 手",US.STZ,2026-05-06 10:51:35
US.TER260618P370000,TER 260618 370.00P,357.1,1217,4575381.0,PUT,2026-06-18,370.0,15,63.81,-0.51364785,0.005084849,-0.34210658,0.492495255,44,100.0,US.TER,37.1,39.0,33.8,49.0335,0.036124334920190355,55901206050.2,"成交额 $4,575,381 ≥ 阈值 $500,000 | 成交量 1,217 手",US.TER,2026-05-06 10:54:46
US.TER260618P360000,TER 260618 360.00P,357.1,1045,3686043.0,PUT,2026-06-18,360.0,18,64.099,-0.463720538,0.005036631,-0.344396578,0.49083304,44,100.0,US.TER,35.2,36.6,30.8,41.9487,0.00812097451694197,55901206050.2,"成交额 $3,686,043 ≥ 阈值 $500,000 | 成交量 1,045 手",US.TER,2026-05-06 10:54:46
US.TER260618C420000,TER 260618 420.00C,357.1,653,701035.0,CALL,2026-06-18,420.0,88,63.309,0.270689054,0.004230126,-0.305420322,0.409246664,44,100.0,US.TER,9.0,13.83,9.0,7.5,-0.1761411369364323,55901206050.2,"成交额 $701,035 ≥ 阈值 $500,000 | 成交量 653 手",US.TER,2026-05-06 10:54:46
US.TER260529P345000,TER 260529 345.00P,357.1,317,578381.0,PUT,2026-05-29,345.0,4,67.173,-0.382311031,0.006244903,-0.482403893,0.347322103,24,100.0,US.TER,17.65,18.3,15.7,26.8172,-0.03388406608793061,55901206050.2,"成交额 $578,381 ≥ 阈值 $500,000 | 成交量 317 手",US.TER,2026-05-06 10:54:46
US.TGT260821P130000,TGT 260821 130.00P,128.82,902,1064358.0,PUT,2026-08-21,130.0,0,40.171,-0.458182907,0.014352617,-0.046029492,0.276889945,108,100.0,US.TGT,11.8,11.8,11.79,11.8,0.009160068312373908,58506984138.54,"成交额 $1,064,358 ≥ 阈值 $500,000 | 成交量 902 手",US.TGT,2026-05-06 10:55:20
US.TGT260618C120000,TGT 260618 120.00C,128.82,443,518169.0,CALL,2026-06-18,120.0,6438,37.872,0.738867196,0.019248545,-0.071326935,0.144958198,44,100.0,US.TGT,11.28,12.05,10.96,11.0348,0.06846762925011639,58506984138.54,"成交额 $518,169 ≥ 阈值 $500,000 | 成交量 443 手",US.TGT,2026-05-06 10:55:20
US.TPR260618C150000,TPR 260618 150.00C,141.39,4002,2273050.0,CALL,2026-06-18,150.0,530,44.214,0.389311048,0.017719893,-0.100283392,0.187696677,44,100.0,US.TPR,5.24,5.68,5.24,5.25,-0.060895395713982704,28626416489.97,"成交额 $2,273,050 ≥ 阈值 $500,000 | 成交量 4,002 手",US.TPR,2026-05-06 10:56:32
US.TPR260515C144000,TPR 260515 144.00C,141.39,2037,1049469.0,CALL,2026-05-15,144.0,253,72.257,0.465066366,0.023810242,-0.355469782,0.091797704,10,100.0,US.TPR,4.88,6.3,4.88,4.9765,-0.018459579885423395,28626416489.97,"成交额 $1,049,469 ≥ 阈值 $500,000 | 成交量 2,037 手",US.TPR,2026-05-06 10:56:32
US.TPR260515C155000,TPR 260515 155.00C,141.39,2780,538337.0,CALL,2026-05-15,155.0,84,71.772,0.236729818,0.018611074,-0.268165477,0.071267548,10,100.0,US.TPR,1.94,2.0,1.65,2.0749,-0.09625857557111546,28626416489.97,"成交额 $538,337 ≥ 阈值 $500,000 | 成交量 2,780 手",US.TPR,2026-05-06 10:56:32
US.TSCO260918C35000,TSCO 260918 35.00C,32.68,4233,1065953.0,CALL,2026-09-18,35.0,8426,41.01,0.462175318,0.048592263,-0.013236403,0.079147419,136,100.0,US.TSCO,2.0,2.75,2.0,2.25,-0.07099143206854346,17189886341.52,"成交额 $1,065,953 ≥ 阈值 $500,000 | 成交量 4,233 手",US.TSCO,2026-05-06 10:57:56
US.TTWO260918C220000,TTWO 260918 220.00C,223.11,265,690219.0,CALL,2026-09-18,220.0,247,43.53,0.593557145,0.006549735,-0.09538766,0.527802205,136,100.0,US.TTWO,27.4,27.4,26.0,27.6774,0.013939312446775194,41314495988.16,"成交额 $690,219 ≥ 阈值 $500,000 | 成交量 265 手",US.TTWO,2026-05-06 10:58:49
US.TXN260717P250000,TXN 260717 250.00P,281.0,2528,1693217.0,PUT,2026-07-17,250.0,235,39.474,-0.21513304,0.005920453,-0.093747891,0.366337507,73,100.0,US.TXN,7.05,7.05,6.4,6.925,-0.1103202846975089,255736074271.0,"成交额 $1,693,217 ≥ 阈值 $500,000 | 成交量 2,528 手",US.TXN,2026-05-06 10:59:06
US.TXN260717P270000,TXN 260717 270.00P,281.0,515,687550.0,PUT,2026-07-17,270.0,683,38.006,-0.360641431,0.00791027,-0.113130188,0.468885783,73,100.0,US.TXN,13.66,13.85,12.75,13.425,-0.03914590747330961,255736074271.0,"成交额 $687,550 ≥ 阈值 $500,000 | 成交量 515 手",US.TXN,2026-05-06 10:59:06
US.TXN260918C360000,TXN 260918 360.00C,281.0,985,609070.0,CALL,2026-09-18,360.0,46,39.756,0.199141003,0.004098713,-0.074973242,0.478409235,136,100.0,US.TXN,6.15,6.25,6.15,6.2927,-0.28113879003558717,255736074271.0,"成交额 $609,070 ≥ 阈值 $500,000 | 成交量 985 手",US.TXN,2026-05-06 10:59:06
US.UAL260618C100000,UAL 260618 100.00C,93.67,5219,2273841.0,CALL,2026-06-18,100.0,8393,53.39,0.406040721,0.022401228,-0.080482876,0.125756614,44,100.0,US.UAL,3.6,4.66,3.6,3.3257,-0.0675776662752215,30402446421.76,"成交额 $2,273,841 ≥ 阈值 $500,000 | 成交量 5,219 手",US.UAL,2026-05-06 10:59:57
US.UAL260918C110000,UAL 260918 110.00C,93.67,1412,890743.0,CALL,2026-09-18,110.0,1035,52.139,0.380651664,0.012790678,-0.044747436,0.217603883,136,100.0,US.UAL,6.35,6.8,6.3,5.475,-0.17433543290274364,30402446421.76,"成交额 $890,743 ≥ 阈值 $500,000 | 成交量 1,412 手",US.UAL,2026-05-06 10:59:57
US.UAL260618C105000,UAL 260618 105.00C,93.67,3080,886858.0,CALL,2026-06-18,105.0,6654,52.666,0.304625434,0.020499484,-0.071123646,0.113515115,44,100.0,US.UAL,2.4,3.17,2.4,2.04,-0.12095654958898258,30402446421.76,"成交额 $886,858 ≥ 阈值 $500,000 | 成交量 3,080 手",US.UAL,2026-05-06 10:59:57
US.UAL260515C100000,UAL 260515 100.00C,93.67,4491,500127.0,CALL,2026-05-15,100.0,12692,57.817,0.262792548,0.036862183,-0.152393222,0.049907436,10,100.0,US.UAL,0.8,1.5,0.8,0.7803,-0.0675776662752215,30402446421.76,"成交额 $500,127 ≥ 阈值 $500,000 | 成交量 4,491 手",US.UAL,2026-05-06 10:59:57
US.UBER260515C80000,UBER 260515 80.00C,72.95,17010,1790710.0,CALL,2026-05-15,80.0,39188,65.414,0.21165761,0.037138161,-0.117972574,0.034504423,10,100.0,US.UBER,1.13,1.16,0.8,1.0764,-0.09664153529814938,148586373391.1,"成交额 $1,790,710 ≥ 阈值 $500,000 | 成交量 17,010 手",US.UBER,2026-05-06 11:00:00
US.UBER260618C85000,UBER 260618 85.00C,72.95,11513,1348289.0,CALL,2026-06-18,85.0,13459,43.945,0.184029263,0.023973754,-0.034976495,0.067178485,44,100.0,US.UBER,1.08,1.24,1.0,1.15,-0.1651816312542837,148586373391.1,"成交额 $1,348,289 ≥ 阈值 $500,000 | 成交量 11,513 手",US.UBER,2026-05-06 11:00:00
US.UBER260508P74000,UBER 260508 74.00P,72.95,4839,1301226.0,PUT,2026-05-08,74.0,916,106.466,-0.542197352,0.058950294,-0.536295525,0.025082382,3,100.0,US.UBER,2.34,3.3,2.28,2.6875,0.014393420150788172,148586373391.1,"成交额 $1,301,226 ≥ 阈值 $500,000 | 成交量 4,839 手",US.UBER,2026-05-06 11:00:00
US.UBER260508C77000,UBER 260508 77.00C,72.95,7529,1061050.0,CALL,2026-05-08,77.0,2292,104.667,0.292121911,0.051899049,-0.443073385,0.021717161,3,100.0,US.UBER,1.5,1.59,1.1,1.475,-0.05551747772446877,148586373391.1,"成交额 $1,061,050 ≥ 阈值 $500,000 | 成交量 7,529 手",US.UBER,2026-05-06 11:00:00
US.UBER260618P75000,UBER 260618 75.00P,72.95,1852,869746.0,PUT,2026-06-18,75.0,9078,43.602,-0.534051985,0.036461774,-0.046469271,0.100213375,44,100.0,US.UBER,4.5,5.3,4.45,4.7745,0.02810143934201504,148586373391.1,"成交额 $869,746 ≥ 阈值 $500,000 | 成交量 1,852 手",US.UBER,2026-05-06 11:00:00
US.UBER260508C75000,UBER 260508 75.00C,72.95,3942,850265.0,CALL,2026-05-08,75.0,1817,105.785,0.399970454,0.057758794,-0.521124411,0.024427592,3,100.0,US.UBER,2.4,2.41,1.7,2.215,-0.02810143934201504,148586373391.1,"成交额 $850,265 ≥ 阈值 $500,000 | 成交量 3,942 手",US.UBER,2026-05-06 11:00:00
US.UBER260508P71000,UBER 260508 71.00P,72.95,6633,830502.0,PUT,2026-05-08,71.0,1137,104.596,-0.364261227,0.056803088,-0.495916628,0.023749557,3,100.0,US.UBER,1.37,1.8,1.12,1.39,-0.02673063742289243,148586373391.1,"成交额 $830,502 ≥ 阈值 $500,000 | 成交量 6,633 手",US.UBER,2026-05-06 11:00:00
US.UBER260717P70000,UBER 260717 70.00P,72.95,2553,829217.0,PUT,2026-07-17,70.0,1526,40.654,-0.362266663,0.028514562,-0.031610083,0.121934586,73,100.0,US.UBER,3.13,3.4,3.05,3.3,-0.0404386566141193,148586373391.1,"成交额 $829,217 ≥ 阈值 $500,000 | 成交量 2,553 手",US.UBER,2026-05-06 11:00:00
US.UBER260515C75000,UBER 260515 75.00C,72.95,3024,801208.0,CALL,2026-05-15,75.0,4920,66.049,0.423144891,0.049736214,-0.165017811,0.046660698,10,100.0,US.UBER,2.87,2.9,2.14,2.645,-0.02810143934201504,148586373391.1,"成交额 $801,208 ≥ 阈值 $500,000 | 成交量 3,024 手",US.UBER,2026-05-06 11:00:00
US.UBER260508C74000,UBER 260508 74.00C,72.95,2954,786107.0,CALL,2026-05-08,74.0,623,105.077,0.456853038,0.059694206,-0.536262626,0.025077134,3,100.0,US.UBER,2.96,2.96,2.1,2.665,-0.014393420150788172,148586373391.1,"成交额 $786,107 ≥ 阈值 $500,000 | 成交量 2,954 手",US.UBER,2026-05-06 11:00:00
US.UBER260618P70000,UBER 260618 70.00P,72.95,2716,675789.0,PUT,2026-06-18,70.0,9210,43.522,-0.353845614,0.03396286,-0.044405354,0.093833764,44,100.0,US.UBER,2.54,3.01,2.29,2.56,-0.0404386566141193,148586373391.1,"成交额 $675,789 ≥ 阈值 $500,000 | 成交量 2,716 手",US.UBER,2026-05-06 11:00:00
US.UNH260821C340000,UNH 260821 340.00C,363.87,534,2265609.0,CALL,2026-08-21,340.0,1041,29.614,0.715343952,0.00579556,-0.114511362,0.67069929,108,100.0,US.UNH,44.53,44.53,38.01,44.5437,0.06560035177398522,330471529806.6,"成交额 $2,265,609 ≥ 阈值 $500,000 | 成交量 534 手",US.UNH,2026-05-06 11:01:08
US.UNH260618C360000,UNH 260618 360.00C,363.87,401,673840.0,CALL,2026-06-18,360.0,5243,26.326,0.583499305,0.011765731,-0.168372982,0.491470661,44,100.0,US.UNH,20.4,20.4,14.87,20.3992,0.010635666584219652,330471529806.6,"成交额 $673,840 ≥ 阈值 $500,000 | 成交量 401 手",US.UNH,2026-05-06 11:01:08
US.UNH260508C362500,UNH 260508 362.50C,363.87,985,530163.0,CALL,2026-05-08,362.5,153,31.634,0.564061689,0.039468691,-0.815635965,0.12419732,3,100.0,US.UNH,9.85,9.85,4.0,10.0551,0.0037650809354989544,330471529806.6,"成交额 $530,163 ≥ 阈值 $500,000 | 成交量 985 手",US.UNH,2026-05-06 11:01:08
US.UPS260618C105000,UPS 260618 105.00C,98.07,10658,1205070.0,CALL,2026-06-18,105.0,5197,25.589,0.249158054,0.036513112,-0.033878723,0.107656474,44,100.0,US.UPS,1.05,1.31,1.05,1.0,-0.07066381156316924,83327421008.79,"成交额 $1,205,070 ≥ 阈值 $500,000 | 成交量 10,658 手",US.UPS,2026-05-06 11:01:43
US.UPS260618C100000,UPS 260618 100.00C,98.07,2379,609046.0,CALL,2026-06-18,100.0,3677,24.622,0.446408645,0.047292975,-0.042087298,0.134213516,44,100.0,US.UPS,2.36,2.82,2.3,2.215,-0.019679820536351658,83327421008.79,"成交额 $609,046 ≥ 阈值 $500,000 | 成交量 2,379 手",US.UPS,2026-05-06 11:01:43
US.UPS260618C110000,UPS 260618 110.00C,98.07,11112,534574.0,CALL,2026-06-18,110.0,14880,26.587,0.124297537,0.02271626,-0.022237982,0.06957554,44,100.0,US.UPS,0.48,0.58,0.43,0.45,-0.12164780258998682,83327421008.79,"成交额 $534,574 ≥ 阈值 $500,000 | 成交量 11,112 手",US.UPS,2026-05-06 11:01:43
US.VLO260918C320000,VLO 260918 320.00C,253.45,1029,673132.0,CALL,2026-09-18,320.0,302,39.346,0.213255026,0.004781824,-0.069883306,0.44938947,136,100.0,US.VLO,6.7,6.9,6.5,6.3593,-0.26257644505819694,75257613597.9,"成交额 $673,132 ≥ 阈值 $500,000 | 成交量 1,029 手",US.VLO,2026-05-06 11:02:52
US.VLO260918C270000,VLO 260918 270.00C,253.45,344,647728.0,CALL,2026-09-18,270.0,549,37.894,0.460377432,0.00677771,-0.095651843,0.613559364,136,100.0,US.VLO,18.0,19.0,17.3,17.55,-0.06529887551785367,75257613597.9,"成交额 $647,728 ≥ 阈值 $500,000 | 成交量 344 手",US.VLO,2026-05-06 11:02:52
US.VRT261120P340000,VRT 261120 340.00P,341.02,500,3000000.0,PUT,2026-11-20,340.0,3,64.14,-0.392072676,0.002418097,-0.140597146,0.965798739,199,100.0,US.VRT,60.0,60.0,60.0,63.8617,-0.00299102691924222,130988788432.32,"成交额 $3,000,000 ≥ 阈值 $500,000 | 成交量 500 手",US.VRT,2026-05-06 11:04:02
US.VRT260918C480000,VRT 260918 480.00C,341.02,782,1091928.0,CALL,2026-09-18,480.0,17,61.285,0.244623411,0.002464498,-0.154288387,0.653173588,136,100.0,US.VRT,14.0,15.2,13.9,12.775,-0.40754207964342276,130988788432.32,"成交额 $1,091,928 ≥ 阈值 $500,000 | 成交量 782 手",US.VRT,2026-05-06 11:04:02
US.VRT260515C345000,VRT 260515 345.00C,341.02,717,743694.0,CALL,2026-05-15,345.0,288,62.106,0.478451851,0.011513336,-0.741488966,0.221930011,10,100.0,US.VRT,10.05,12.33,8.9,8.275,-0.0116708697437101,130988788432.32,"成交额 $743,694 ≥ 阈值 $500,000 | 成交量 717 手",US.VRT,2026-05-06 11:04:02
US.VRT260515P320000,VRT 260515 320.00P,341.02,863,694936.0,PUT,2026-05-15,320.0,294,65.788,-0.256458246,0.008790473,-0.607651152,0.179403548,10,100.0,US.VRT,8.35,8.58,6.1,9.6178,-0.0616386135710515,130988788432.32,"成交额 $694,936 ≥ 阈值 $500,000 | 成交量 863 手",US.VRT,2026-05-06 11:04:02
US.VRT260522P315000,VRT 260522 315.00P,341.02,517,591645.0,PUT,2026-05-22,315.0,118,74.909,-0.279360963,0.006149629,-0.546022178,0.245546514,17,100.0,US.VRT,12.18,12.18,10.4,13.526,-0.07630051023400382,130988788432.32,"成交额 $591,645 ≥ 阈值 $500,000 | 成交量 517 手",US.VRT,2026-05-06 11:04:02
US.VRT260515C350000,VRT 260515 350.00C,341.02,704,581599.0,CALL,2026-05-15,350.0,8475,60.845,0.419959883,0.011531422,-0.710499372,0.217764459,10,100.0,US.VRT,8.3,10.25,7.15,6.6,-0.02633276640666242,130988788432.32,"成交额 $581,599 ≥ 阈值 $500,000 | 成交量 704 手",US.VRT,2026-05-06 11:04:02
US.VST260918C230000,VST 260918 230.00C,160.38,1609,709445.0,CALL,2026-09-18,230.0,84,56.49,0.201875714,0.005095652,-0.059983065,0.275323479,136,100.0,US.VST,4.85,5.0,4.4,4.775,-0.43409402668661934,54296535450.96,"成交额 $709,445 ≥ 阈值 $500,000 | 成交量 1,609 手",US.VST,2026-05-06 11:04:37
US.WBD260821C28000,WBD 260821 28.00C,27.22,51811,7048198.0,CALL,2026-08-21,28.0,4954,27.986,0.484453421,0.096317027,-0.008848184,0.058953647,108,100.0,US.WBD,1.26,1.55,1.26,1.1597,-0.02865540044085236,68231813757.96,"成交额 $7,048,198 ≥ 阈值 $500,000 | 成交量 51,811 手",US.WBD,2026-05-06 11:06:04
US.WBD260821C29000,WBD 260821 29.00C,27.22,5774,522339.0,CALL,2026-08-21,29.0,55483,25.788,0.380105214,0.099844386,-0.007691656,0.056308376,108,100.0,US.WBD,0.75,1.0,0.7,0.7357,-0.06539309331373994,68231813757.96,"成交额 $522,339 ≥ 阈值 $500,000 | 成交量 5,774 手",US.WBD,2026-05-06 11:06:04
US.WDAY260918P140000,WDAY 260918 140.00P,128.875,208,520701.0,PUT,2026-09-18,140.0,948,60.428,-0.506186086,0.00856463,-0.062629788,0.31280508,136,100.0,US.WDAY,25.6,26.6,24.69,25.0833,0.0863239573229874,33120875000.0,"成交额 $520,701 ≥ 阈值 $500,000 | 成交量 208 手",US.WDAY,2026-05-06 11:06:21
US.WDC260508C325000,WDC 260508 325.00C,465.26,596,8761870.0,CALL,2026-05-08,325.0,664,0.0,0.0,0.0,0.0,0.0,3,100.0,US.WDC,146.33,147.64,146.33,117.36,0.3014658470532605,160366808269.06,"成交额 $8,761,870 ≥ 阈值 $500,000 | 成交量 596 手",US.WDC,2026-05-06 11:06:39
US.WDC260515C400000,WDC 260515 400.00C,465.26,551,3830882.0,CALL,2026-05-15,400.0,1823,84.58,0.878972582,0.003130285,-0.694105103,0.152957796,10,100.0,US.WDC,61.95,82.6,61.95,51.1666,0.14026565791170525,160366808269.06,"成交额 $3,830,882 ≥ 阈值 $500,000 | 成交量 551 手",US.WDC,2026-05-06 11:06:39
US.WDC260529C550000,WDC 260529 550.00C,465.26,2124,3018024.0,CALL,2026-05-29,550.0,123,80.618,0.242140396,0.003265406,-0.641535523,0.370653986,24,100.0,US.WDC,11.45,15.85,11.45,7.2531,-0.18213472037140527,160366808269.06,"成交额 $3,018,024 ≥ 阈值 $500,000 | 成交量 2,124 手",US.WDC,2026-05-06 11:06:39
US.WDC260508C450000,WDC 260508 450.00C,465.26,935,2507333.0,CALL,2026-05-08,450.0,1294,94.124,0.674706135,0.009486229,-2.745722467,0.145185076,3,100.0,US.WDC,17.9,36.0,16.2,13.0439,0.032798865150668426,160366808269.06,"成交额 $2,507,333 ≥ 阈值 $500,000 | 成交量 935 手",US.WDC,2026-05-06 11:06:39
US.WDC260529P490000,WDC 260529 490.00P,465.26,450,2144385.0,PUT,2026-05-29,490.0,2,81.251,-0.554462087,0.004112829,-0.782734753,0.468782993,24,100.0,US.WDC,47.65,49.0,47.65,65.9167,0.05317456905816105,160366808269.06,"成交额 $2,144,385 ≥ 阈值 $500,000 | 成交量 450 手",US.WDC,2026-05-06 11:06:39
US.WDC260618P440000,WDC 260618 440.00P,465.26,535,1990597.0,PUT,2026-06-18,440.0,92,80.733,-0.361912514,0.002888563,-0.541678831,0.603528883,44,100.0,US.WDC,40.25,42.3,33.8,45.75,-0.05429222370287579,160366808269.06,"成交额 $1,990,597 ≥ 阈值 $500,000 | 成交量 535 手",US.WDC,2026-05-06 11:06:39
US.WDC260515C500000,WDC 260515 500.00C,465.26,1264,1868516.0,CALL,2026-05-15,500.0,606,83.768,0.326118055,0.005660554,-1.214330275,0.273949118,10,100.0,US.WDC,10.72,18.6,9.86,6.3715,-0.07466792761036842,160366808269.06,"成交额 $1,868,516 ≥ 阈值 $500,000 | 成交量 1,264 手",US.WDC,2026-05-06 11:06:39
US.WDC260618C500000,WDC 260618 500.00C,465.26,305,1297697.0,CALL,2026-06-18,500.0,1412,80.052,0.457981737,0.003076963,-0.605379124,0.638980443,44,100.0,US.WDC,32.5,45.8,32.5,27.3556,-0.07466792761036842,160366808269.06,"成交额 $1,297,697 ≥ 阈值 $500,000 | 成交量 305 手",US.WDC,2026-05-06 11:06:39
US.WDC260508C420000,WDC 260508 420.00C,465.26,226,1252696.0,CALL,2026-05-08,420.0,509,89.33,0.91373317,0.004367984,-0.969241704,0.063444,3,100.0,US.WDC,43.71,60.0,43.71,29.2725,0.09727894080729053,160366808269.06,"成交额 $1,252,696 ≥ 阈值 $500,000 | 成交量 226 手",US.WDC,2026-05-06 11:06:39
US.WDC260618C540000,WDC 260618 540.00C,465.26,427,1166044.0,CALL,2026-06-18,540.0,524,78.854,0.347074765,0.002907425,-0.551849988,0.594731455,44,100.0,US.WDC,25.6,31.15,24.69,17.6985,-0.1606413618191979,160366808269.06,"成交额 $1,166,044 ≥ 阈值 $500,000 | 成交量 427 手",US.WDC,2026-05-06 11:06:39
US.WDC260508C475000,WDC 260508 475.00C,465.26,684,999184.0,CALL,2026-05-08,475.0,199,93.224,0.415807092,0.010375159,-2.969329903,0.157273858,3,100.0,US.WDC,8.63,20.0,8.45,5.2209,-0.020934531229849996,160366808269.06,"成交额 $999,184 ≥ 阈值 $500,000 | 成交量 684 手",US.WDC,2026-05-06 11:06:39
US.WDC260612C520000,WDC 260612 520.00C,465.26,302,934539.0,CALL,2026-06-12,520.0,3,80.173,0.386703464,0.00319092,-0.626711276,0.572616089,38,100.0,US.WDC,29.55,32.1,29.0,19.4602,-0.11765464471478315,160366808269.06,"成交额 $934,539 ≥ 阈值 $500,000 | 成交量 302 手",US.WDC,2026-05-06 11:06:39
US.WDC260508C430000,WDC 260508 430.00C,465.26,208,898759.0,CALL,2026-05-08,430.0,483,95.443,0.84071608,0.006303412,-1.729560465,0.097822515,3,100.0,US.WDC,32.8,52.0,32.8,22.4219,0.07578558225508317,160366808269.06,"成交额 $898,759 ≥ 阈值 $500,000 | 成交量 208 手",US.WDC,2026-05-06 11:06:39
US.WDC260508C425000,WDC 260508 425.00C,465.26,203,885524.0,CALL,2026-05-08,425.0,1476,92.268,0.880038469,0.005375246,-1.328048662,0.080643007,3,100.0,US.WDC,37.2,56.86,33.55,25.5411,0.08653226153118684,160366808269.06,"成交额 $885,524 ≥ 阈值 $500,000 | 成交量 203 手",US.WDC,2026-05-06 11:06:39
US.WDC260508C440000,WDC 260508 440.00C,465.26,232,848784.0,CALL,2026-05-08,440.0,294,103.934,0.747859903,0.007616503,-2.620195693,0.128718013,3,100.0,US.WDC,25.63,44.75,25.63,17.3119,0.05429222370287579,160366808269.06,"成交额 $848,784 ≥ 阈值 $500,000 | 成交量 232 手",US.WDC,2026-05-06 11:06:39
US.WDC260515C470000,WDC 260515 470.00C,465.26,271,730333.0,CALL,2026-05-15,470.0,848,81.743,0.499265366,0.006420816,-1.327554182,0.303233811,10,100.0,US.WDC,20.1,34.4,19.52,13.8057,-0.010187851953746312,160366808269.06,"成交额 $730,333 ≥ 阈值 $500,000 | 成交量 271 手",US.WDC,2026-05-06 11:06:39
US.WDC260508C500000,WDC 260508 500.00C,465.26,1183,679850.0,CALL,2026-05-08,500.0,937,95.656,0.205014245,0.007366304,-2.032868931,0.114572583,3,100.0,US.WDC,2.77,9.0,2.77,1.8327,-0.07466792761036842,160366808269.06,"成交额 $679,850 ≥ 阈值 $500,000 | 成交量 1,183 手",US.WDC,2026-05-06 11:06:39
US.WDC260508C460000,WDC 260508 460.00C,465.26,310,660975.0,CALL,2026-05-08,460.0,380,97.783,0.57133209,0.009955453,-3.159965882,0.158291672,3,100.0,US.WDC,15.22,27.4,15.22,8.7822,0.011305506598461057,160366808269.06,"成交额 $660,975 ≥ 阈值 $500,000 | 成交量 310 手",US.WDC,2026-05-06 11:06:39
US.WDC260515C480000,WDC 260515 480.00C,465.26,229,521912.0,CALL,2026-05-15,480.0,454,83.738,0.439406973,0.006195415,-1.339782338,0.299729014,10,100.0,US.WDC,16.0,27.6,16.0,10.8485,-0.03168121050595368,160366808269.06,"成交额 $521,912 ≥ 阈值 $500,000 | 成交量 229 手",US.WDC,2026-05-06 11:06:39
US.WMB260618P70000,WMB 260618 70.00P,76.12,13857,1051561.0,PUT,2026-06-18,70.0,2641,29.46,-0.180833986,0.033968686,-0.022097111,0.06926642,44,100.0,US.WMB,0.76,0.76,0.6,1.05,-0.08039936941671051,93094627931.8,"成交额 $1,051,561 ≥ 阈值 $500,000 | 成交量 13,857 手",US.WMB,2026-05-06 11:08:05
US.WMB260918C85000,WMB 260918 85.00C,76.12,2897,532225.0,CALL,2026-09-18,85.0,669,24.124,0.279526723,0.03003436,-0.01582898,0.15608365,136,100.0,US.WMB,1.87,2.0,1.8,1.7,-0.11665790856542295,93094627931.8,"成交额 $532,225 ≥ 阈值 $500,000 | 成交量 2,897 手",US.WMB,2026-05-06 11:08:05
US.WMT260508C131000,WMT 260508 131.00C,130.79,6168,882278.0,CALL,2026-05-08,131.0,2569,28.731,0.483659823,0.122383624,-0.269505959,0.045186685,3,100.0,US.WMT,1.22,1.82,1.05,1.23,-0.001605627341539934,1042525849456.85,"成交额 $882,278 ≥ 阈值 $500,000 | 成交量 6,168 手",US.WMT,2026-05-06 11:08:24
US.WMT260508C130000,WMT 260508 130.00C,130.79,2990,546034.0,CALL,2026-05-08,130.0,5775,28.05,0.607426614,0.12088277,-0.25402118,0.043573137,3,100.0,US.WMT,1.88,2.49,1.54,1.7049,0.006040217141983272,1042525849456.85,"成交额 $546,034 ≥ 阈值 $500,000 | 成交量 2,990 手",US.WMT,2026-05-06 11:08:24
US.XOM260515C130000,XOM 260515 130.00C,154.88,426,1056567.0,CALL,2026-05-15,130.0,5059,52.861,0.981341019,0.003412726,-0.041489452,0.011552394,10,100.0,US.XOM,23.26,25.11,23.26,23.8514,0.16064049586776857,641969416450.56,"成交额 $1,056,567 ≥ 阈值 $500,000 | 成交量 426 手",US.XOM,2026-05-06 11:10:23
US.XOM260618C130000,XOM 260618 130.00C,154.88,336,841110.0,CALL,2026-06-18,130.0,11195,0.0,0.0,0.0,0.0,0.0,44,100.0,US.XOM,24.3,25.15,24.1,24.1972,0.16064049586776857,641969416450.56,"成交额 $841,110 ≥ 阈值 $500,000 | 成交量 336 手",US.XOM,2026-05-06 11:10:23
US.XOM260515C155000,XOM 260515 155.00C,154.88,2001,620919.0,CALL,2026-05-15,155.0,8138,30.812,0.511615222,0.051150121,-0.171506869,0.100897363,10,100.0,US.XOM,2.6,3.44,2.35,3.0051,-0.0007747933884297815,641969416450.56,"成交额 $620,919 ≥ 阈值 $500,000 | 成交量 2,001 手",US.XOM,2026-05-06 11:10:23
