code,name,last_price,volume,turnover,option_type,strike_time,option_strike_price,option_open_interest,option_implied_volatility,option_delta,option_gamma,option_theta,option_vega,option_expiry_date_distance,option_contract_size,stock_owner,atm_degree_pct,anomaly_reason,scan_symbol,scan_timestamp
US.ARM260821P200000,ARM 260821 200.00P,211.18,2610,6836008.0,PUT,2026-08-21,200.0,66,72.539,-0.359762937,0.004437261,-0.133380746,0.437166005,112,100.0,US.ARM,-0.05294061937683496,"成交额 $6,836,008 ≥ 阈值 $500,000 | 成交量 2,610 手",US.ARM,2026-05-02 07:11:04
US.ARM260508C220000,ARM 260508 220.00C,211.18,2479,2608410.0,CALL,2026-05-08,220.0,1135,107.62,0.421652012,0.012511692,-0.925152168,0.113667605,7,100.0,US.ARM,-0.04176531868548155,"成交额 $2,608,410 ≥ 阈值 $500,000 | 成交量 2,479 手",US.ARM,2026-05-02 07:11:04
US.ARM260508C240000,ARM 260508 240.00C,211.18,3945,2150938.0,CALL,2026-05-08,240.0,2009,114.26,0.232446225,0.009200771,-0.746816711,0.088743788,7,100.0,US.ARM,-0.13647125674779806,"成交额 $2,150,938 ≥ 阈值 $500,000 | 成交量 3,945 手",US.ARM,2026-05-02 07:11:04
US.ARM260508C227500,ARM 260508 227.50C,211.18,1461,1203527.0,CALL,2026-05-08,227.5,83,109.484,0.339322581,0.011509887,-0.873694635,0.106376147,7,100.0,US.ARM,-0.07728004545885024,"成交额 $1,203,527 ≥ 阈值 $500,000 | 成交量 1,461 手",US.ARM,2026-05-02 07:11:04
US.ARM260508C250000,ARM 260508 250.00C,211.18,2615,949420.0,CALL,2026-05-08,250.0,1841,117.688,0.169284622,0.007380576,-0.624334202,0.073322847,7,100.0,US.ARM,-0.1838242257789563,"成交额 $949,420 ≥ 阈值 $500,000 | 成交量 2,615 手",US.ARM,2026-05-02 07:11:04
US.ARM260508C222500,ARM 260508 222.50C,211.18,866,866706.0,CALL,2026-05-08,222.5,96,108.746,0.393731508,0.012175811,-0.917089394,0.111772933,7,100.0,US.ARM,-0.05360356094327111,"成交额 $866,706 ≥ 阈值 $500,000 | 成交量 866 手",US.ARM,2026-05-02 07:11:04
US.ARM260618P200000,ARM 260618 200.00P,211.18,514,858122.0,PUT,2026-06-18,200.0,1799,74.285,-0.362305859,0.006613542,-0.215249777,0.286778793,48,100.0,US.ARM,-0.05294061937683496,"成交额 $858,122 ≥ 阈值 $500,000 | 成交量 514 手",US.ARM,2026-05-02 07:11:04
US.ARM260508C207500,ARM 260508 207.50C,211.18,486,738080.0,CALL,2026-05-08,207.5,608,109.994,0.577839266,0.01224481,-0.950862093,0.113697012,7,100.0,US.ARM,0.01742589260346627,"成交额 $738,080 ≥ 阈值 $500,000 | 成交量 486 手",US.ARM,2026-05-02 07:11:04
US.ARM260508C195000,ARM 260508 195.00C,211.18,218,527289.0,CALL,2026-05-08,195.0,316,110.91,0.726804028,0.010320964,-0.810455236,0.096630793,7,100.0,US.ARM,0.07661710389241408,"成交额 $527,289 ≥ 阈值 $500,000 | 成交量 218 手",US.ARM,2026-05-02 07:11:04
US.BABA260821C160000,BABA 260821 160.00C,131.5,5140,2370558.0,CALL,2026-08-21,160.0,935,44.253,0.263479906,0.010135423,-0.05004015,0.237769285,112,100.0,US.BABA,-0.21673003802281368,"成交额 $2,370,558 ≥ 阈值 $500,000 | 成交量 5,140 手",US.BABA,2026-05-02 07:11:33
US.BABA260529P140000,BABA 260529 140.00P,131.5,1024,1127240.0,PUT,2026-05-29,140.0,28,47.815,-0.652861218,0.021497864,-0.107480171,0.134033753,28,100.0,US.BABA,0.06463878326996197,"成交额 $1,127,240 ≥ 阈值 $500,000 | 成交量 1,024 手",US.BABA,2026-05-02 07:11:33
US.BABA260618C150000,BABA 260618 150.00C,131.5,3496,1078460.0,CALL,2026-06-18,150.0,20839,46.51,0.251861095,0.01439757,-0.076901679,0.151973171,48,100.0,US.BABA,-0.14068441064638784,"成交额 $1,078,460 ≥ 阈值 $500,000 | 成交量 3,496 手",US.BABA,2026-05-02 07:11:33
US.BABA260508C132000,BABA 260508 132.00C,131.5,3306,930770.0,CALL,2026-05-08,132.0,690,37.697,0.486438572,0.058460326,-0.210550152,0.072133827,7,100.0,US.BABA,-0.0038022813688212928,"成交额 $930,770 ≥ 阈值 $500,000 | 成交量 3,306 手",US.BABA,2026-05-02 07:11:33
US.BABA260618C140000,BABA 260618 140.00C,131.5,1661,889394.0,CALL,2026-06-18,140.0,16340,44.849,0.391683872,0.017978524,-0.090626556,0.183007902,48,100.0,US.BABA,-0.06463878326996197,"成交额 $889,394 ≥ 阈值 $500,000 | 成交量 1,661 手",US.BABA,2026-05-02 07:11:33
US.BABA260515C140000,BABA 260515 140.00C,131.5,3073,804953.0,CALL,2026-05-15,140.0,21117,53.617,0.29705538,0.025148569,-0.176879734,0.088848024,14,100.0,US.BABA,-0.06463878326996197,"成交额 $804,953 ≥ 阈值 $500,000 | 成交量 3,073 手",US.BABA,2026-05-02 07:11:33
US.BABA260618P120000,BABA 260618 120.00P,131.5,2369,799104.0,PUT,2026-06-18,120.0,13095,43.8,-0.247172944,0.015169852,-0.065827718,0.150385368,48,100.0,US.BABA,-0.08745247148288973,"成交额 $799,104 ≥ 阈值 $500,000 | 成交量 2,369 手",US.BABA,2026-05-02 07:11:33
US.BABA260717P130000,BABA 260717 130.00P,131.5,828,753514.0,PUT,2026-07-17,130.0,7371,43.759,-0.425151164,0.014975614,-0.061930153,0.23618459,77,100.0,US.BABA,-0.011406844106463879,"成交额 $753,514 ≥ 阈值 $500,000 | 成交量 828 手",US.BABA,2026-05-02 07:11:33
US.BABA260529C130000,BABA 260529 130.00C,131.5,890,710065.0,CALL,2026-05-29,130.0,303,47.1,0.569265713,0.022941501,-0.128335574,0.14287165,28,100.0,US.BABA,0.011406844106463879,"成交额 $710,065 ≥ 阈值 $500,000 | 成交量 890 手",US.BABA,2026-05-02 07:11:33
US.BABA260717C140000,BABA 260717 140.00C,131.5,901,620223.0,CALL,2026-07-17,140.0,4737,41.745,0.424200837,0.015545127,-0.069205834,0.236446066,77,100.0,US.BABA,-0.06463878326996197,"成交额 $620,223 ≥ 阈值 $500,000 | 成交量 901 手",US.BABA,2026-05-02 07:11:33
US.BABA260515C130000,BABA 260515 130.00C,131.5,953,614236.0,CALL,2026-05-15,130.0,5285,52.783,0.569962323,0.028989731,-0.201700541,0.100828949,14,100.0,US.BABA,0.011406844106463879,"成交额 $614,236 ≥ 阈值 $500,000 | 成交量 953 手",US.BABA,2026-05-02 07:11:33
US.BABA260529C135000,BABA 260529 135.00C,131.5,1013,605255.0,CALL,2026-05-29,135.0,88,46.872,0.453644336,0.023248587,-0.127442046,0.144082577,28,100.0,US.BABA,-0.026615969581749048,"成交额 $605,255 ≥ 阈值 $500,000 | 成交量 1,013 手",US.BABA,2026-05-02 07:11:33
US.BABA260618C145000,BABA 260618 145.00C,131.5,1373,551809.0,CALL,2026-06-18,145.0,17878,45.633,0.315739337,0.016356243,-0.084671581,0.169398683,48,100.0,US.BABA,-0.10266159695817491,"成交额 $551,809 ≥ 阈值 $500,000 | 成交量 1,373 手",US.BABA,2026-05-02 07:11:33
US.BABA260508C135000,BABA 260508 135.00C,131.5,3239,524881.0,CALL,2026-05-08,135.0,2595,38.228,0.322725386,0.051889497,-0.188765821,0.064921945,7,100.0,US.BABA,-0.026615969581749048,"成交额 $524,881 ≥ 阈值 $500,000 | 成交量 3,239 手",US.BABA,2026-05-02 07:11:33
US.BABA260508C134000,BABA 260508 134.00C,131.5,2649,513632.0,CALL,2026-05-08,134.0,991,37.803,0.373387304,0.055367955,-0.19837613,0.068506646,7,100.0,US.BABA,-0.019011406844106463,"成交额 $513,632 ≥ 阈值 $500,000 | 成交量 2,649 手",US.BABA,2026-05-02 07:11:33
US.COIN260508C197500,COIN 260508 197.50C,191.25,3651,2568193.0,CALL,2026-05-08,197.5,4688,87.155,0.41976435,0.017043182,-0.679415086,0.10284034,7,100.0,US.COIN,-0.032679738562091505,"成交额 $2,568,193 ≥ 阈值 $500,000 | 成交量 3,651 手",US.COIN,2026-05-02 07:12:10
US.COIN260508C200000,COIN 260508 200.00C,191.25,3146,2043503.0,CALL,2026-05-08,200.0,1935,87.746,0.380365986,0.016496247,-0.664250856,0.100214221,7,100.0,US.COIN,-0.0457516339869281,"成交额 $2,043,503 ≥ 阈值 $500,000 | 成交量 3,146 手",US.COIN,2026-05-02 07:12:10
US.COIN260508C195000,COIN 260508 195.00C,191.25,2274,1897276.0,CALL,2026-05-08,195.0,6749,87.548,0.46204341,0.017239751,-0.695321821,0.10449541,7,100.0,US.COIN,-0.0196078431372549,"成交额 $1,897,276 ≥ 阈值 $500,000 | 成交量 2,274 手",US.COIN,2026-05-02 07:12:10
US.COIN260515P180000,COIN 260515 180.00P,191.25,2163,1423727.0,PUT,2026-05-15,180.0,2763,79.463,-0.316771126,0.012009717,-0.379534808,0.132925611,14,100.0,US.COIN,-0.058823529411764705,"成交额 $1,423,727 ≥ 阈值 $500,000 | 成交量 2,163 手",US.COIN,2026-05-02 07:12:10
US.COIN260508C207500,COIN 260508 207.50C,191.25,3112,1259086.0,CALL,2026-05-08,207.5,292,88.773,0.273916931,0.014257067,-0.579264172,0.087623977,7,100.0,US.COIN,-0.08496732026143791,"成交额 $1,259,086 ≥ 阈值 $500,000 | 成交量 3,112 手",US.COIN,2026-05-02 07:12:10
US.COIN260605C195000,COIN 260605 195.00C,191.25,784,1256586.0,CALL,2026-06-05,195.0,97,70.954,0.514772025,0.009499693,-0.249649124,0.235795168,35,100.0,US.COIN,-0.0196078431372549,"成交额 $1,256,586 ≥ 阈值 $500,000 | 成交量 784 手",US.COIN,2026-05-02 07:12:10
US.COIN260821C200000,COIN 260821 200.00C,191.25,435,1239757.0,CALL,2026-08-21,200.0,895,71.587,0.545142752,0.005228681,-0.142214079,0.419763037,112,100.0,US.COIN,-0.0457516339869281,"成交额 $1,239,757 ≥ 阈值 $500,000 | 成交量 435 手",US.COIN,2026-05-02 07:12:10
US.COIN260508C210000,COIN 260508 210.00C,191.25,2829,1041327.0,CALL,2026-05-08,210.0,1048,89.378,0.243995054,0.013337709,-0.54611903,0.082531338,7,100.0,US.COIN,-0.09803921568627451,"成交额 $1,041,327 ≥ 阈值 $500,000 | 成交量 2,829 手",US.COIN,2026-05-02 07:12:10
US.COIN260508C190000,COIN 260508 190.00C,191.25,774,817985.0,CALL,2026-05-08,190.0,1403,87.23,0.547903988,0.017255765,-0.693090294,0.104213337,7,100.0,US.COIN,0.006535947712418301,"成交额 $817,985 ≥ 阈值 $500,000 | 成交量 774 手",US.COIN,2026-05-02 07:12:10
US.COIN260508P185000,COIN 260508 185.00P,191.25,1258,757431.0,PUT,2026-05-08,185.0,344,86.79,-0.365652057,0.016475184,-0.63682264,0.098954187,7,100.0,US.COIN,-0.032679738562091505,"成交额 $757,431 ≥ 阈值 $500,000 | 成交量 1,258 手",US.COIN,2026-05-02 07:12:10
US.COIN260618P210000,COIN 260618 210.00P,191.25,229,687908.0,PUT,2026-06-18,210.0,2138,70.05,-0.590202313,0.00808301,-0.185590151,0.269029767,48,100.0,US.COIN,0.09803921568627451,"成交额 $687,908 ≥ 阈值 $500,000 | 成交量 229 手",US.COIN,2026-05-02 07:12:10
US.COIN260515P165000,COIN 260515 165.00P,191.25,2156,572276.0,PUT,2026-05-15,165.0,1748,82.255,-0.156730415,0.00781787,-0.262686188,0.089606718,14,100.0,US.COIN,-0.13725490196078433,"成交额 $572,276 ≥ 阈值 $500,000 | 成交量 2,156 手",US.COIN,2026-05-02 07:12:10
US.COIN260508C205000,COIN 260508 205.00C,191.25,1094,527163.0,CALL,2026-05-08,205.0,4658,88.498,0.307234223,0.015091125,-0.612654686,0.092462831,7,100.0,US.COIN,-0.0718954248366013,"成交额 $527,163 ≥ 阈值 $500,000 | 成交量 1,094 手",US.COIN,2026-05-02 07:12:10
US.JD260618P29000,JD 260618 29.00P,29.96,5313,620852.0,PUT,2026-06-18,29.0,4141,39.259,-0.370962687,0.089169693,-0.015812829,0.040954992,48,100.0,US.JD,-0.03204272363150871,"成交额 $620,852 ≥ 阈值 $500,000 | 成交量 5,313 手",US.JD,2026-05-02 07:12:12
US.JD260918C37000,JD 260918 37.00C,29.96,4955,560259.0,CALL,2026-09-18,37.0,16475,43.451,0.274756144,0.041388183,-0.010313471,0.061848752,140,100.0,US.JD,-0.23497997329773027,"成交额 $560,259 ≥ 阈值 $500,000 | 成交量 4,955 手",US.JD,2026-05-02 07:12:12
US.MSTR260508C180000,MSTR 260508 180.00C,177.17,48360,30022460.0,CALL,2026-05-08,180.0,2487,74.749,0.461505667,0.021859791,-0.552876789,0.096496141,7,100.0,US.MSTR,-0.01597335892081059,"成交额 $30,022,460 ≥ 阈值 $500,000 | 成交量 48,360 手",US.MSTR,2026-05-02 07:12:42
US.MSTR260508C187500,MSTR 260508 187.50C,177.17,32149,12582485.0,CALL,2026-05-08,187.5,377,76.965,0.316485649,0.019031094,-0.503070188,0.086498466,7,100.0,US.MSTR,-0.0583055822091777,"成交额 $12,582,485 ≥ 阈值 $500,000 | 成交量 32,149 手",US.MSTR,2026-05-02 07:12:42
US.MSTR260508C182500,MSTR 260508 182.50C,177.17,16512,10537359.0,CALL,2026-05-08,182.5,1275,75.403,0.409716554,0.021211698,-0.54387333,0.094454048,7,100.0,US.MSTR,-0.03008410001693296,"成交额 $10,537,359 ≥ 阈值 $500,000 | 成交量 16,512 手",US.MSTR,2026-05-02 07:12:42
US.MSTR260508C190000,MSTR 260508 190.00C,177.17,28391,10409872.0,CALL,2026-05-08,190.0,1651,78.17,0.276900171,0.017624389,-0.477513747,0.081358788,7,100.0,US.MSTR,-0.07241632330530007,"成交额 $10,409,872 ≥ 阈值 $500,000 | 成交量 28,391 手",US.MSTR,2026-05-02 07:12:42
US.MSTR260508C167500,MSTR 260508 167.50C,177.17,7566,9843691.0,CALL,2026-05-08,167.5,19480,73.334,0.730742349,0.018527849,-0.451452072,0.080238138,7,100.0,US.MSTR,0.054580346559801256,"成交额 $9,843,691 ≥ 阈值 $500,000 | 成交量 7,566 手",US.MSTR,2026-05-02 07:12:42
US.MSTR260508C175000,MSTR 260508 175.00C,177.17,6671,5504454.0,CALL,2026-05-08,175.0,15503,73.708,0.571108443,0.021917475,-0.541169175,0.095403708,7,100.0,US.MSTR,0.012248123271434146,"成交额 $5,504,454 ≥ 阈值 $500,000 | 成交量 6,671 手",US.MSTR,2026-05-02 07:12:42
US.MSTR260605C185000,MSTR 260605 185.00C,177.17,3949,5361050.0,CALL,2026-06-05,185.0,162,70.513,0.470679101,0.010304162,-0.228918188,0.217863611,35,100.0,US.MSTR,-0.044194841113055335,"成交额 $5,361,050 ≥ 阈值 $500,000 | 成交量 3,949 手",US.MSTR,2026-05-02 07:12:42
US.MSTR260508C177500,MSTR 260508 177.50C,177.17,6075,4321948.0,CALL,2026-05-08,177.5,18724,74.295,0.51571045,0.022079035,-0.553092219,0.096872813,7,100.0,US.MSTR,-0.0018626178246882233,"成交额 $4,321,948 ≥ 阈值 $500,000 | 成交量 6,075 手",US.MSTR,2026-05-02 07:12:42
US.MSTR260515C180000,MSTR 260515 180.00C,177.17,4244,3648874.0,CALL,2026-05-15,180.0,7803,71.853,0.486724297,0.016068955,-0.371052672,0.13769075,14,100.0,US.MSTR,-0.01597335892081059,"成交额 $3,648,874 ≥ 阈值 $500,000 | 成交量 4,244 手",US.MSTR,2026-05-02 07:12:42
US.MSTR260508C125000,MSTR 260508 125.00C,177.17,702,3559521.0,CALL,2026-05-08,125.0,177,102.767,0.994610352,0.000618982,-0.035339507,0.003757698,7,100.0,US.MSTR,0.29446294519388155,"成交额 $3,559,521 ≥ 阈值 $500,000 | 成交量 702 手",US.MSTR,2026-05-02 07:12:42
US.MSTR260515C200000,MSTR 260515 200.00C,177.17,9578,3376404.0,CALL,2026-05-15,200.0,17160,76.55,0.233154303,0.011574052,-0.297118014,0.105653709,14,100.0,US.MSTR,-0.12885928768978955,"成交额 $3,376,404 ≥ 阈值 $500,000 | 成交量 9,578 手",US.MSTR,2026-05-02 07:12:42
US.MSTR260508P170000,MSTR 260508 170.00P,177.17,6757,3048825.0,PUT,2026-05-08,170.0,1034,72.857,-0.319234963,0.020184538,-0.469769629,0.086809004,7,100.0,US.MSTR,-0.040469605463678886,"成交额 $3,048,825 ≥ 阈值 $500,000 | 成交量 6,757 手",US.MSTR,2026-05-02 07:12:42
US.MSTR260515P180000,MSTR 260515 180.00P,177.17,2151,2615919.0,PUT,2026-05-15,180.0,4756,70.649,-0.514928372,0.01637071,-0.347819058,0.137632947,14,100.0,US.MSTR,0.01597335892081059,"成交额 $2,615,919 ≥ 阈值 $500,000 | 成交量 2,151 手",US.MSTR,2026-05-02 07:12:42
US.MSTR260618C175000,MSTR 260618 175.00C,177.17,1285,2568452.0,CALL,2026-06-18,175.0,3770,70.763,0.577219956,0.008621883,-0.194876917,0.251149757,48,100.0,US.MSTR,0.012248123271434146,"成交额 $2,568,452 ≥ 阈值 $500,000 | 成交量 1,285 手",US.MSTR,2026-05-02 07:12:42
US.MSTR260605P260000,MSTR 260605 260.00P,177.17,281,2416284.0,PUT,2026-06-05,260.0,0,76.634,-0.941107139,0.003508557,-0.055946912,0.062766419,35,100.0,US.MSTR,0.46751707399672643,"成交额 $2,416,284 ≥ 阈值 $500,000 | 成交量 281 手",US.MSTR,2026-05-02 07:12:42
US.MSTR260618C180000,MSTR 260618 180.00C,177.17,1406,2415495.0,CALL,2026-06-18,180.0,3011,70.3,0.5333659,0.008813832,-0.196005606,0.2550641,48,100.0,US.MSTR,-0.01597335892081059,"成交额 $2,415,495 ≥ 阈值 $500,000 | 成交量 1,406 手",US.MSTR,2026-05-02 07:12:42
US.MSTR260508C170000,MSTR 260508 170.00C,177.17,2276,2361103.0,CALL,2026-05-08,170.0,19814,73.9,0.679023366,0.019938374,-0.494334533,0.087013348,7,100.0,US.MSTR,0.040469605463678886,"成交额 $2,361,103 ≥ 阈值 $500,000 | 成交量 2,276 手",US.MSTR,2026-05-02 07:12:42
US.MSTR260618C200000,MSTR 260618 200.00C,177.17,2248,2314351.0,CALL,2026-06-18,200.0,9656,71.086,0.373103691,0.008300766,-0.18666033,0.242894902,48,100.0,US.MSTR,-0.12885928768978955,"成交额 $2,314,351 ≥ 阈值 $500,000 | 成交量 2,248 手",US.MSTR,2026-05-02 07:12:42
US.MSTR260515C175000,MSTR 260515 175.00C,177.17,2250,2273438.0,CALL,2026-05-15,175.0,3102,71.477,0.56671209,0.015935884,-0.365523813,0.135836318,14,100.0,US.MSTR,0.012248123271434146,"成交额 $2,273,438 ≥ 阈值 $500,000 | 成交量 2,250 手",US.MSTR,2026-05-02 07:12:42
US.MSTR260515P170000,MSTR 260515 170.00P,177.17,3374,2254636.0,PUT,2026-05-15,170.0,3479,70.82,-0.352872778,0.015201738,-0.326818902,0.128269425,14,100.0,US.MSTR,-0.040469605463678886,"成交额 $2,254,636 ≥ 阈值 $500,000 | 成交量 3,374 手",US.MSTR,2026-05-02 07:12:42
US.MSTR260508C185000,MSTR 260508 185.00C,177.17,4584,2118692.0,CALL,2026-05-08,185.0,1922,75.824,0.360453147,0.020312191,-0.524116224,0.09095346,7,100.0,US.MSTR,-0.044194841113055335,"成交额 $2,118,692 ≥ 阈值 $500,000 | 成交量 4,584 手",US.MSTR,2026-05-02 07:12:42
US.MSTR260918C200000,MSTR 260918 200.00C,177.17,748,1835126.0,CALL,2026-09-18,200.0,3057,72.881,0.495107705,0.00499064,-0.120492311,0.437497787,140,100.0,US.MSTR,-0.12885928768978955,"成交额 $1,835,126 ≥ 阈值 $500,000 | 成交量 748 手",US.MSTR,2026-05-02 07:12:42
US.MSTR260508C150000,MSTR 260508 150.00C,177.17,584,1641091.0,CALL,2026-05-08,150.0,2261,87.496,0.926863363,0.006530674,-0.22044558,0.033743377,7,100.0,US.MSTR,0.15335553423265785,"成交额 $1,641,091 ≥ 阈值 $500,000 | 成交量 584 手",US.MSTR,2026-05-02 07:12:42
US.MSTR260515C185000,MSTR 260515 185.00C,177.17,2249,1576703.0,CALL,2026-05-15,185.0,4870,72.694,0.411130576,0.015495865,-0.364626098,0.134333574,14,100.0,US.MSTR,-0.044194841113055335,"成交额 $1,576,703 ≥ 阈值 $500,000 | 成交量 2,249 手",US.MSTR,2026-05-02 07:12:42
US.MSTR260508C172500,MSTR 260508 172.50C,177.17,1788,1558836.0,CALL,2026-05-08,172.5,774,74.283,0.625445498,0.020998084,-0.526545593,0.092114068,7,100.0,US.MSTR,0.026358864367556516,"成交额 $1,558,836 ≥ 阈值 $500,000 | 成交量 1,788 手",US.MSTR,2026-05-02 07:12:42
US.MSTR260515P175000,MSTR 260515 175.00P,177.17,1689,1525114.0,PUT,2026-05-15,175.0,1890,70.775,-0.433528312,0.01611487,-0.345271661,0.135823999,14,100.0,US.MSTR,-0.012248123271434146,"成交额 $1,525,114 ≥ 阈值 $500,000 | 成交量 1,689 手",US.MSTR,2026-05-02 07:12:42
US.MSTR260515C115000,MSTR 260515 115.00C,177.17,242,1474387.0,CALL,2026-05-15,115.0,126,122.825,0.973238437,0.001458707,-0.101607643,0.021366391,14,100.0,US.MSTR,0.35090590957837103,"成交额 $1,474,387 ≥ 阈值 $500,000 | 成交量 242 手",US.MSTR,2026-05-02 07:12:42
US.MSTR260508C165000,MSTR 260508 165.00C,177.17,1014,1404898.0,CALL,2026-05-08,165.0,2560,75.685,0.771557626,0.016446531,-0.425345517,0.073507075,7,100.0,US.MSTR,0.06869108765592362,"成交额 $1,404,898 ≥ 阈值 $500,000 | 成交量 1,014 手",US.MSTR,2026-05-02 07:12:42
US.MSTR260508P180000,MSTR 260508 180.00P,177.17,1601,1379584.0,PUT,2026-05-08,180.0,651,73.6,-0.540002865,0.022217193,-0.527039506,0.096443796,7,100.0,US.MSTR,0.01597335892081059,"成交额 $1,379,584 ≥ 阈值 $500,000 | 成交量 1,601 手",US.MSTR,2026-05-02 07:12:42
US.MSTR260508P175000,MSTR 260508 175.00P,177.17,2117,1312119.0,PUT,2026-05-08,175.0,328,73.31,-0.428910363,0.022050289,-0.521345504,0.095394218,7,100.0,US.MSTR,-0.012248123271434146,"成交额 $1,312,119 ≥ 阈值 $500,000 | 成交量 2,117 手",US.MSTR,2026-05-02 07:12:42
US.MSTR260508C200000,MSTR 260508 200.00C,177.17,7539,1275622.0,CALL,2026-05-08,200.0,2784,82.357,0.156141873,0.01196383,-0.348575641,0.058184924,7,100.0,US.MSTR,-0.12885928768978955,"成交额 $1,275,622 ≥ 阈值 $500,000 | 成交量 7,539 手",US.MSTR,2026-05-02 07:12:42
US.MSTR260508P160000,MSTR 260508 160.00P,177.17,6495,1273734.0,PUT,2026-05-08,160.0,2101,75.288,-0.14798413,0.012630104,-0.305056734,0.056145057,7,100.0,US.MSTR,-0.09691256984816836,"成交额 $1,273,734 ≥ 阈值 $500,000 | 成交量 6,495 手",US.MSTR,2026-05-02 07:12:42
US.MSTR260515C160000,MSTR 260515 160.00C,177.17,637,1269381.0,CALL,2026-05-15,160.0,7008,73.422,0.786247824,0.011484986,-0.280492418,0.100557342,14,100.0,US.MSTR,0.09691256984816836,"成交额 $1,269,381 ≥ 阈值 $500,000 | 成交量 637 手",US.MSTR,2026-05-02 07:12:42
US.MSTR260515P167500,MSTR 260515 167.50P,177.17,1684,1262792.0,PUT,2026-05-15,167.5,324,70.908,-0.313998258,0.014496637,-0.312464575,0.122490466,14,100.0,US.MSTR,-0.054580346559801256,"成交额 $1,262,792 ≥ 阈值 $500,000 | 成交量 1,684 手",US.MSTR,2026-05-02 07:12:42
US.MSTR260821C160000,MSTR 260821 160.00C,177.17,325,1254075.0,CALL,2026-08-21,160.0,2365,74.139,0.684623654,0.004887629,-0.124085507,0.348603192,112,100.0,US.MSTR,0.09691256984816836,"成交额 $1,254,075 ≥ 阈值 $500,000 | 成交量 325 手",US.MSTR,2026-05-02 07:12:42
US.MSTR260618C195000,MSTR 260618 195.00C,177.17,1153,1242889.0,CALL,2026-06-18,195.0,1277,71.066,0.410822413,0.008530006,-0.192161157,0.249535048,48,100.0,US.MSTR,-0.10063780549754481,"成交额 $1,242,889 ≥ 阈值 $500,000 | 成交量 1,153 手",US.MSTR,2026-05-02 07:12:42
US.MSTR260508C160000,MSTR 260508 160.00C,177.17,659,1188938.0,CALL,2026-05-08,160.0,2109,73.604,0.856996146,0.012623906,-0.306674032,0.054869204,7,100.0,US.MSTR,0.09691256984816836,"成交额 $1,188,938 ≥ 阈值 $500,000 | 成交量 659 手",US.MSTR,2026-05-02 07:12:42
US.MSTR260515C170000,MSTR 260515 170.00C,177.17,917,1124152.0,CALL,2026-05-15,170.0,9448,71.799,0.646175008,0.014997422,-0.348184556,0.128411325,14,100.0,US.MSTR,0.040469605463678886,"成交额 $1,124,152 ≥ 阈值 $500,000 | 成交量 917 手",US.MSTR,2026-05-02 07:12:42
US.MSTR260515C140000,MSTR 260515 140.00C,177.17,293,1120217.0,CALL,2026-05-15,140.0,37125,83.699,0.937404583,0.004259988,-0.138457882,0.042518786,14,100.0,US.MSTR,0.2097984986171473,"成交额 $1,120,217 ≥ 阈值 $500,000 | 成交量 293 手",US.MSTR,2026-05-02 07:12:42
US.MSTR260618C185000,MSTR 260618 185.00C,177.17,667,1052345.0,CALL,2026-06-18,185.0,1166,70.674,0.491059147,0.008795833,-0.197043325,0.255895022,48,100.0,US.MSTR,-0.044194841113055335,"成交额 $1,052,345 ≥ 阈值 $500,000 | 成交量 667 手",US.MSTR,2026-05-02 07:12:42
US.MSTR260618P158000,MSTR 260618 158.00P,177.17,1001,921314.0,PUT,2026-06-18,158.0,274,71.189,-0.277631704,0.007351436,-0.15540529,0.215037096,48,100.0,US.MSTR,-0.10820116272506626,"成交额 $921,314 ≥ 阈值 $500,000 | 成交量 1,001 手",US.MSTR,2026-05-02 07:12:42
US.MSTR260508P177500,MSTR 260508 177.50P,177.17,1058,867052.0,PUT,2026-05-08,177.5,68,73.657,-0.484731621,0.022289619,-0.531333515,0.096864094,7,100.0,US.MSTR,0.0018626178246882233,"成交额 $867,052 ≥ 阈值 $500,000 | 成交量 1,058 手",US.MSTR,2026-05-02 07:12:42
US.MSTR260508C147000,MSTR 260508 147.00C,177.17,283,850035.0,CALL,2026-05-08,147.0,45,86.026,0.950203824,0.004917368,-0.160882474,0.024981046,7,100.0,US.MSTR,0.1702884235480047,"成交额 $850,035 ≥ 阈值 $500,000 | 成交量 283 手",US.MSTR,2026-05-02 07:12:42
US.MSTR260515C177500,MSTR 260515 177.50C,177.17,853,836694.0,CALL,2026-05-15,177.5,419,71.666,0.526466358,0.016084193,-0.370203097,0.1374639,14,100.0,US.MSTR,-0.0018626178246882233,"成交额 $836,694 ≥ 阈值 $500,000 | 成交量 853 手",US.MSTR,2026-05-02 07:12:42
US.MSTR260508P172500,MSTR 260508 172.50P,177.17,1423,819221.0,PUT,2026-05-08,172.5,393,73.042,-0.373297441,0.021341895,-0.500570673,0.092007645,7,100.0,US.MSTR,-0.026358864367556516,"成交额 $819,221 ≥ 阈值 $500,000 | 成交量 1,423 手",US.MSTR,2026-05-02 07:12:42
US.MSTR261016C190000,MSTR 261016 190.00C,177.17,254,810081.0,CALL,2026-10-16,190.0,284,73.437,0.556513553,0.004475866,-0.110663716,0.474513272,168,100.0,US.MSTR,-0.07241632330530007,"成交额 $810,081 ≥ 阈值 $500,000 | 成交量 254 手",US.MSTR,2026-05-02 07:12:42
US.MSTR260717C165000,MSTR 260717 165.00C,177.17,281,779883.0,CALL,2026-07-17,165.0,1313,70.972,0.657189328,0.006369727,-0.147067339,0.298839404,77,100.0,US.MSTR,0.06869108765592362,"成交额 $779,883 ≥ 阈值 $500,000 | 成交量 281 手",US.MSTR,2026-05-02 07:12:42
US.MSTR260717C200000,MSTR 260717 200.00C,177.17,499,745173.0,CALL,2026-07-17,200.0,2444,71.0,0.426364614,0.006792803,-0.153676909,0.318812457,77,100.0,US.MSTR,-0.12885928768978955,"成交额 $745,173 ≥ 阈值 $500,000 | 成交量 499 手",US.MSTR,2026-05-02 07:12:42
US.MSTR260508P165000,MSTR 260508 165.00P,177.17,2381,702416.0,PUT,2026-05-08,165.0,1350,73.376,-0.22245945,0.016714127,-0.390199687,0.07240676,7,100.0,US.MSTR,-0.06869108765592362,"成交额 $702,416 ≥ 阈值 $500,000 | 成交量 2,381 手",US.MSTR,2026-05-02 07:12:42
US.MSTR260717C180000,MSTR 260717 180.00C,177.17,311,679719.0,CALL,2026-07-17,180.0,1049,71.156,0.554934507,0.006830243,-0.156761097,0.321277171,77,100.0,US.MSTR,-0.01597335892081059,"成交额 $679,719 ≥ 阈值 $500,000 | 成交量 311 手",US.MSTR,2026-05-02 07:12:42
US.MSTR260612C157500,MSTR 260612 157.50C,177.17,240,652770.0,CALL,2026-06-12,157.5,0,71.172,0.734344934,0.007679273,-0.178203207,0.196780867,42,100.0,US.MSTR,0.11102331094429073,"成交额 $652,770 ≥ 阈值 $500,000 | 成交量 240 手",US.MSTR,2026-05-02 07:12:42
US.MSTR260515P190000,MSTR 260515 190.00P,177.17,383,635945.0,PUT,2026-05-15,190.0,1231,72.319,-0.662021741,0.014701406,-0.321739017,0.126170545,14,100.0,US.MSTR,0.07241632330530007,"成交额 $635,945 ≥ 阈值 $500,000 | 成交量 383 手",US.MSTR,2026-05-02 07:12:42
US.MSTR260515C190000,MSTR 260515 190.00C,177.17,1169,632812.0,CALL,2026-05-15,190.0,3799,73.572,0.342290289,0.014458586,-0.346753543,0.126854154,14,100.0,US.MSTR,-0.07241632330530007,"成交额 $632,812 ≥ 阈值 $500,000 | 成交量 1,169 手",US.MSTR,2026-05-02 07:12:42
US.MSTR260515P200000,MSTR 260515 200.00P,177.17,208,596430.0,PUT,2026-05-15,200.0,2176,74.353,-0.776019641,0.011767555,-0.264439094,0.103178008,14,100.0,US.MSTR,0.12885928768978955,"成交额 $596,430 ≥ 阈值 $500,000 | 成交量 208 手",US.MSTR,2026-05-02 07:12:42
US.MSTR260618P172000,MSTR 260618 172.00P,177.17,392,568492.0,PUT,2026-06-18,172.0,451,69.627,-0.397460073,0.0086614,-0.173370809,0.247358573,48,100.0,US.MSTR,-0.029181012586780988,"成交额 $568,492 ≥ 阈值 $500,000 | 成交量 392 手",US.MSTR,2026-05-02 07:12:42
US.MSTR260508C195000,MSTR 260508 195.00C,177.17,2397,564958.0,CALL,2026-05-08,195.0,966,80.071,0.208409936,0.014744973,-0.412927689,0.069720795,7,100.0,US.MSTR,-0.10063780549754481,"成交额 $564,958 ≥ 阈值 $500,000 | 成交量 2,397 手",US.MSTR,2026-05-02 07:12:42
US.MSTR260618C190000,MSTR 260618 190.00C,177.17,408,541758.0,CALL,2026-06-18,190.0,3844,70.846,0.449992027,0.008707625,-0.19546186,0.253944684,48,100.0,US.MSTR,-0.07241632330530007,"成交额 $541,758 ≥ 阈值 $500,000 | 成交量 408 手",US.MSTR,2026-05-02 07:12:42
US.PDD260618P105000,PDD 260618 105.00P,99.72,9424,8215825.0,PUT,2026-06-18,105.0,6583,40.309,-0.601698641,0.026976423,-0.053200469,0.138964535,48,100.0,US.PDD,0.05294825511432011,"成交额 $8,215,825 ≥ 阈值 $500,000 | 成交量 9,424 手",US.PDD,2026-05-02 07:13:11
US.SMCI260508C28500,SMCI 260508 28.50C,27.09,17226,2454855.0,CALL,2026-05-08,28.5,733,116.849,0.408191312,0.089443261,-0.128085167,0.014428681,7,100.0,US.SMCI,-0.05204872646733112,"成交额 $2,454,855 ≥ 阈值 $500,000 | 成交量 17,226 手",US.SMCI,2026-05-02 07:13:34
US.SMCI260508C30500,SMCI 260508 30.50C,27.09,18097,1427215.0,CALL,2026-05-08,30.5,696,117.836,0.258315222,0.073836028,-0.105434946,0.012011402,7,100.0,US.SMCI,-0.1258767072720561,"成交额 $1,427,215 ≥ 阈值 $500,000 | 成交量 18,097 手",US.SMCI,2026-05-02 07:13:34
US.XPEV260918C14000,XPEV 260918 14.00C,15.83,2539,863336.0,CALL,2026-09-18,14.0,18986,57.335,0.713201493,0.060607717,-0.007650224,0.03336725,140,100.0,US.XPEV,0.11560328490208466,"成交额 $863,336 ≥ 阈值 $500,000 | 成交量 2,539 手",US.XPEV,2026-05-02 07:14:03
US.XPEV260918C15000,XPEV 260918 15.00C,15.83,2513,716229.0,CALL,2026-09-18,15.0,2571,59.005,0.643614675,0.06447545,-0.008457299,0.036531679,140,100.0,US.XPEV,0.05243209096651927,"成交额 $716,229 ≥ 阈值 $500,000 | 成交量 2,513 手",US.XPEV,2026-05-02 07:14:03
US.ALK260918C50000,ALK 260918 50.00C,38.55,5026,1164281.0,CALL,2026-09-18,50.0,13700,58.048,0.306644976,0.025346669,-0.018351006,0.083783112,140,100.0,US.ALK,-0.29701686121919596,"成交额 $1,164,281 ≥ 阈值 $500,000 | 成交量 5,026 手",US.ALK,2026-05-02 07:16:33
US.ALK260717C45000,ALK 260717 45.00C,38.55,2695,563290.0,CALL,2026-07-17,45.0,986,59.136,0.342285879,0.035113549,-0.026158591,0.064983876,77,100.0,US.ALK,-0.16731517509727636,"成交额 $563,290 ≥ 阈值 $500,000 | 成交量 2,695 手",US.ALK,2026-05-02 07:16:33
US.CAR261016P200000,CAR 261016 200.00P,185.55,1075,5218493.0,PUT,2026-10-16,200.0,2190,79.434,-0.439797603,0.0040058,-0.107372185,0.495847222,168,100.0,US.CAR,0.07787658313123141,"成交额 $5,218,493 ≥ 阈值 $500,000 | 成交量 1,075 手",US.CAR,2026-05-02 07:25:35
US.CAR260515P200000,CAR 260515 200.00P,185.55,760,1809330.0,PUT,2026-05-15,200.0,1593,83.877,-0.644421134,0.012320472,-0.40082418,0.134665776,14,100.0,US.CAR,0.07787658313123141,"成交额 $1,809,330 ≥ 阈值 $500,000 | 成交量 760 手",US.CAR,2026-05-02 07:25:35
US.CAR260522P200000,CAR 260522 200.00P,185.55,588,1523922.0,PUT,2026-05-22,200.0,546,83.153,-0.606228676,0.010468758,-0.331582713,0.170600878,21,100.0,US.CAR,0.07787658313123141,"成交额 $1,523,922 ≥ 阈值 $500,000 | 成交量 588 手",US.CAR,2026-05-02 07:25:35
US.CAR260515P170000,CAR 260515 170.00P,185.55,1790,1352264.0,PUT,2026-05-15,170.0,690,86.805,-0.271057512,0.010556899,-0.374965564,0.119804699,14,100.0,US.CAR,-0.0838049043384533,"成交额 $1,352,264 ≥ 阈值 $500,000 | 成交量 1,790 手",US.CAR,2026-05-02 07:25:35
US.CAR261016P115000,CAR 261016 115.00P,185.55,1068,890494.0,PUT,2026-10-16,115.0,1806,79.421,-0.117956356,0.001981016,-0.056394482,0.248767212,168,100.0,US.CAR,-0.3802209646995419,"成交额 $890,494 ≥ 阈值 $500,000 | 成交量 1,068 手",US.CAR,2026-05-02 07:25:35
US.CART260618C47000,CART 260618 47.00C,42.19,6062,884980.0,CALL,2026-06-18,47.0,5063,52.355,0.326518742,0.045079971,-0.031450691,0.05509173,48,100.0,US.CART,-0.11400805878170188,"成交额 $884,980 ≥ 阈值 $500,000 | 成交量 6,062 手",US.CART,2026-05-02 07:25:43
US.CLF261016C13000,CLF 261016 13.00C,10.51,7029,773193.0,CALL,2026-10-16,13.0,227,65.435,0.413071157,0.083498357,-0.005738727,0.027756327,168,100.0,US.CLF,-0.23691722169362514,"成交额 $773,193 ≥ 阈值 $500,000 | 成交量 7,029 手",US.CLF,2026-05-02 07:28:35
US.CLF260618C11000,CLF 260618 11.00C,10.51,10410,745958.0,CALL,2026-06-18,11.0,8652,62.605,0.473430629,0.167055095,-0.010376911,0.015150184,48,100.0,US.CLF,-0.046622264509990505,"成交额 $745,958 ≥ 阈值 $500,000 | 成交量 10,410 手",US.CLF,2026-05-02 07:28:35
US.CR260618P165000,CR 260618 165.00P,172.24,1400,789305.0,PUT,2026-06-18,165.0,79,36.726,-0.336902334,0.016012339,-0.082164606,0.227491523,48,100.0,US.CR,-0.04203437064561082,"成交额 $789,305 ≥ 阈值 $500,000 | 成交量 1,400 手",US.CR,2026-05-02 07:31:04
US.CR260515P175000,CR 260515 175.00P,172.24,1000,503900.0,PUT,2026-05-15,175.0,1506,36.905,-0.567190143,0.031916117,-0.169514813,0.131894185,14,100.0,US.CR,0.016024152345564275,"成交额 $503,900 ≥ 阈值 $500,000 | 成交量 1,000 手",US.CR,2026-05-02 07:31:04
US.CRS260515C470000,CRS 260515 470.00C,429.41,1430,501108.0,CALL,2026-05-15,470.0,465,48.277,0.184556125,0.00659608,-0.396045594,0.223052329,14,100.0,US.CRS,-0.09452504599333963,"成交额 $501,108 ≥ 阈值 $500,000 | 成交量 1,430 手",US.CRS,2026-05-02 07:31:35
US.CYTK260515C95000,CYTK 260515 95.00C,63.35,2597,721487.0,CALL,2026-05-15,95.0,5417,216.087,0.227162719,0.011301511,-0.29174031,0.037232032,14,100.0,US.CYTK,-0.4996053670086819,"成交额 $721,487 ≥ 阈值 $500,000 | 成交量 2,597 手",US.CYTK,2026-05-02 07:32:42
US.CYTK260618P55000,CYTK 260618 55.00P,63.35,593,527520.0,PUT,2026-06-18,55.0,4704,148.906,-0.294751746,0.010108315,-0.121305848,0.079132155,48,100.0,US.CYTK,-0.1318074191002368,"成交额 $527,520 ≥ 阈值 $500,000 | 成交量 593 手",US.CYTK,2026-05-02 07:32:42
US.DINO260515C70000,DINO 260515 70.00C,69.17,3590,798818.0,CALL,2026-05-15,70.0,5764,41.116,0.463518789,0.071667801,-0.083858904,0.053559561,14,100.0,US.DINO,-0.011999421714616139,"成交额 $798,818 ≥ 阈值 $500,000 | 成交量 3,590 手",US.DINO,2026-05-02 07:33:29
US.DUOL260508P120000,DUOL 260508 120.00P,111.25,1101,1607375.0,PUT,2026-05-08,120.0,3,161.38,-0.590430849,0.015792642,-0.713596532,0.059302782,7,100.0,US.DUOL,0.07865168539325842,"成交额 $1,607,375 ≥ 阈值 $500,000 | 成交量 1,101 手",US.DUOL,2026-05-02 07:35:05
US.DUOL260508P100000,DUOL 260508 100.00P,111.25,1336,599990.0,PUT,2026-05-08,100.0,395,168.917,-0.281360912,0.0130918,-0.64942923,0.051487155,7,100.0,US.DUOL,-0.10112359550561797,"成交额 $599,990 ≥ 阈值 $500,000 | 成交量 1,336 手",US.DUOL,2026-05-02 07:35:05
US.DY260515C430000,DY 260515 430.00C,433.6,1035,1081849.0,CALL,2026-05-15,430.0,531,39.946,0.565020941,0.01165975,-0.51091702,0.332666242,14,100.0,US.DY,0.00830258302583031,"成交额 $1,081,849 ≥ 阈值 $500,000 | 成交量 1,035 手",US.DY,2026-05-02 07:35:06
US.ELF260508C53000,ELF 260508 53.00C,60.49,712,533042.0,CALL,2026-05-08,53.0,198,0.0,0.0,0.0,0.0,0.0,7,100.0,US.ELF,0.1238221193585717,"成交额 $533,042 ≥ 阈值 $500,000 | 成交量 712 手",US.ELF,2026-05-02 07:36:04
US.GME260618C30000,GME 260618 30.00C,26.53,27442,3350597.0,CALL,2026-06-18,30.0,90704,69.275,0.364827471,0.05646686,-0.027050364,0.036105431,48,100.0,US.GME,-0.13079532604598562,"成交额 $3,350,597 ≥ 阈值 $500,000 | 成交量 27,442 手",US.GME,2026-05-02 07:44:10
US.GME260508C26000,GME 260508 26.00C,26.53,47856,2963865.0,CALL,2026-05-08,26.0,15215,60.132,0.615691522,0.174603112,-0.06463738,0.013901615,7,100.0,US.GME,0.01997738409347912,"成交额 $2,963,865 ≥ 阈值 $500,000 | 成交量 47,856 手",US.GME,2026-05-02 07:44:10
US.GME260618C16000,GME 260618 16.00C,26.53,2086,2159525.0,CALL,2026-06-18,16.0,2433,98.107,0.946778089,0.011499154,-0.012035775,0.010412663,48,100.0,US.GME,0.396909159442141,"成交额 $2,159,525 ≥ 阈值 $500,000 | 成交量 2,086 手",US.GME,2026-05-02 07:44:10
US.GME260515C23000,GME 260515 23.00C,26.53,5358,1982457.0,CALL,2026-05-15,23.0,8424,55.508,0.917210689,0.05315072,-0.017627491,0.00788782,14,100.0,US.GME,0.13305691669807768,"成交额 $1,982,457 ≥ 阈值 $500,000 | 成交量 5,358 手",US.GME,2026-05-02 07:44:10
US.GME260618C25000,GME 260618 25.00C,26.53,7062,1839461.0,CALL,2026-06-18,25.0,20913,56.481,0.661273871,0.067426762,-0.022286543,0.035151249,48,100.0,US.GME,0.05767056162834531,"成交额 $1,839,461 ≥ 阈值 $500,000 | 成交量 7,062 手",US.GME,2026-05-02 07:44:10
US.GME260515C25000,GME 260515 25.00C,26.53,8322,1569917.0,CALL,2026-05-15,25.0,14832,54.416,0.734366332,0.116545127,-0.035440317,0.016956827,14,100.0,US.GME,0.05767056162834531,"成交额 $1,569,917 ≥ 阈值 $500,000 | 成交量 8,322 手",US.GME,2026-05-02 07:44:10
US.GME260515C20000,GME 260515 20.00C,26.53,2127,1420695.0,CALL,2026-05-15,20.0,2545,85.045,0.96372915,0.01809186,-0.014057839,0.004114102,14,100.0,US.GME,0.24613644930267625,"成交额 $1,420,695 ≥ 阈值 $500,000 | 成交量 2,127 手",US.GME,2026-05-02 07:44:10
US.GME260515C27000,GME 260515 27.00C,26.53,15235,1402576.0,CALL,2026-05-15,27.0,22735,61.816,0.47047896,0.124463587,-0.047831727,0.020572582,14,100.0,US.GME,-0.017715793441387066,"成交额 $1,402,576 ≥ 阈值 $500,000 | 成交量 15,235 手",US.GME,2026-05-02 07:44:10
US.GME260618C20000,GME 260618 20.00C,26.53,1937,1334402.0,CALL,2026-06-18,20.0,6558,60.66,0.921860237,0.025058782,-0.010613155,0.014029263,48,100.0,US.GME,0.24613644930267625,"成交额 $1,334,402 ≥ 阈值 $500,000 | 成交量 1,937 手",US.GME,2026-05-02 07:44:10
US.GME260508C27500,GME 260508 27.50C,26.53,22354,1258927.0,CALL,2026-05-08,27.5,4398,73.459,0.382370353,0.142713253,-0.077710508,0.013880662,7,100.0,US.GME,-0.03656238220882016,"成交额 $1,258,927 ≥ 阈值 $500,000 | 成交量 22,354 手",US.GME,2026-05-02 07:44:10
US.GME260508C24500,GME 260508 24.50C,26.53,6830,1065327.0,CALL,2026-05-08,24.5,1877,57.689,0.85411287,0.109023936,-0.036953634,0.008326739,7,100.0,US.GME,0.0765171503957784,"成交额 $1,065,327 ≥ 阈值 $500,000 | 成交量 6,830 手",US.GME,2026-05-02 07:44:10
US.GME260508C27000,GME 260508 27.00C,26.53,16500,1065169.0,CALL,2026-05-08,27.0,5361,69.347,0.448324502,0.156770427,-0.076548221,0.014394507,7,100.0,US.GME,-0.017715793441387066,"成交额 $1,065,169 ≥ 阈值 $500,000 | 成交量 16,500 手",US.GME,2026-05-02 07:44:10
US.GME260508C25000,GME 260508 25.00C,26.53,8073,991299.0,CALL,2026-05-08,25.0,5926,54.817,0.798622201,0.140932851,-0.043328795,0.010228292,7,100.0,US.GME,0.05767056162834531,"成交额 $991,299 ≥ 阈值 $500,000 | 成交量 8,073 手",US.GME,2026-05-02 07:44:10
US.GME260717C30000,GME 260717 30.00C,26.53,5201,921368.0,CALL,2026-07-17,30.0,8662,63.392,0.400977379,0.050089856,-0.020331113,0.047065172,77,100.0,US.GME,-0.13079532604598562,"成交额 $921,368 ≥ 阈值 $500,000 | 成交量 5,201 手",US.GME,2026-05-02 07:44:10
US.GME260508C23000,GME 260508 23.00C,26.53,2411,844877.0,CALL,2026-05-08,23.0,1140,85.448,0.90020587,0.056359123,-0.040864458,0.006375989,7,100.0,US.GME,0.13305691669807768,"成交额 $844,877 ≥ 阈值 $500,000 | 成交量 2,411 手",US.GME,2026-05-02 07:44:10
US.GME260515C26000,GME 260515 26.00C,26.53,6792,787320.0,CALL,2026-05-15,26.0,11113,56.628,0.598900429,0.132031306,-0.04300177,0.019991811,14,100.0,US.GME,0.01997738409347912,"成交额 $787,320 ≥ 阈值 $500,000 | 成交量 6,792 手",US.GME,2026-05-02 07:44:10
US.GME260515C30000,GME 260515 30.00C,26.53,16415,773433.0,CALL,2026-05-15,30.0,20260,80.505,0.243173465,0.075211484,-0.047903968,0.01618958,14,100.0,US.GME,-0.13079532604598562,"成交额 $773,433 ≥ 阈值 $500,000 | 成交量 16,415 手",US.GME,2026-05-02 07:44:10
US.GME260508C23500,GME 260508 23.50C,26.53,2451,744091.0,CALL,2026-05-08,23.5,1012,54.149,0.953446435,0.049436043,-0.015275761,0.003544224,7,100.0,US.GME,0.11421032793064459,"成交额 $744,091 ≥ 阈值 $500,000 | 成交量 2,451 手",US.GME,2026-05-02 07:44:10
US.GME260508C25500,GME 260508 25.50C,26.53,7618,728635.0,CALL,2026-05-08,25.5,2786,58.214,0.706917977,0.162394058,-0.056340107,0.012516694,7,100.0,US.GME,0.038823972860912215,"成交额 $728,635 ≥ 阈值 $500,000 | 成交量 7,618 手",US.GME,2026-05-02 07:44:10
US.GME260515C24500,GME 260515 24.50C,26.53,3023,685157.0,CALL,2026-05-15,24.5,4200,52.73,0.799355731,0.102874191,-0.029660217,0.014503399,14,100.0,US.GME,0.0765171503957784,"成交额 $685,157 ≥ 阈值 $500,000 | 成交量 3,023 手",US.GME,2026-05-02 07:44:10
US.GME260515C24000,GME 260515 24.00C,26.53,2766,684779.0,CALL,2026-05-15,24.0,3700,55.687,0.838992574,0.084842272,-0.027372648,0.012631949,14,100.0,US.GME,0.0953637391632115,"成交额 $684,779 ≥ 阈值 $500,000 | 成交量 2,766 手",US.GME,2026-05-02 07:44:10
US.GME260618C26000,GME 260618 26.00C,26.53,2989,678248.0,CALL,2026-06-18,26.0,5665,60.977,0.588364599,0.066420633,-0.025228331,0.037383788,48,100.0,US.GME,0.01997738409347912,"成交额 $678,248 ≥ 阈值 $500,000 | 成交量 2,989 手",US.GME,2026-05-02 07:44:10
US.GME260618C27000,GME 260618 27.00C,26.53,3062,626103.0,CALL,2026-06-18,27.0,4605,60.313,0.520173164,0.06876027,-0.025402525,0.038278916,48,100.0,US.GME,-0.017715793441387066,"成交额 $626,103 ≥ 阈值 $500,000 | 成交量 3,062 手",US.GME,2026-05-02 07:44:10
US.GME260529C25000,GME 260529 25.00C,26.53,2670,612706.0,CALL,2026-05-29,25.0,1072,51.271,0.694861056,0.093216388,-0.025404393,0.025681288,28,100.0,US.GME,0.05767056162834531,"成交额 $612,706 ≥ 阈值 $500,000 | 成交量 2,670 手",US.GME,2026-05-02 07:44:10
US.GME260508C30000,GME 260508 30.00C,26.53,20856,591144.0,CALL,2026-05-08,30.0,20437,97.146,0.197442778,0.078586411,-0.072265139,0.010108037,7,100.0,US.GME,-0.13079532604598562,"成交额 $591,144 ≥ 阈值 $500,000 | 成交量 20,856 手",US.GME,2026-05-02 07:44:10
US.GME261016C32000,GME 261016 32.00C,26.53,2181,531654.0,CALL,2026-10-16,32.0,17073,60.155,0.415024437,0.036021336,-0.013417774,0.070140314,168,100.0,US.GME,-0.206181681115718,"成交额 $531,654 ≥ 阈值 $500,000 | 成交量 2,181 手",US.GME,2026-05-02 07:44:10
US.GME260508C26500,GME 260508 26.50C,26.53,7781,519275.0,CALL,2026-05-08,26.5,3879,66.267,0.526072885,0.165093105,-0.073948145,0.014485492,7,100.0,US.GME,0.0011307953260460285,"成交额 $519,275 ≥ 阈值 $500,000 | 成交量 7,781 手",US.GME,2026-05-02 07:44:10
US.GME260515C15000,GME 260515 15.00C,26.53,492,513078.0,CALL,2026-05-15,15.0,232,157.644,0.977991543,0.006440645,-0.016168121,0.002714903,14,100.0,US.GME,0.4346023369770072,"成交额 $513,078 ≥ 阈值 $500,000 | 成交量 492 手",US.GME,2026-05-02 07:44:10
US.HL260918C22000,HL 260918 22.00C,18.06,3376,635134.0,CALL,2026-09-18,22.0,5781,68.237,0.41174022,0.051009957,-0.011187224,0.043503382,140,100.0,US.HL,-0.21816168327796243,"成交额 $635,134 ≥ 阈值 $500,000 | 成交量 3,376 手",US.HL,2026-05-02 07:47:02
US.HXL260515C75000,HXL 260515 75.00C,92.23,2500,4625000.0,CALL,2026-05-15,75.0,2507,0.0,0.0,0.0,0.0,0.0,14,100.0,US.HXL,0.18681556977122415,"成交额 $4,625,000 ≥ 阈值 $500,000 | 成交量 2,500 手",US.HXL,2026-05-02 07:48:44
US.IPGP260515C100000,IPGP 260515 100.00C,122.87,400,901517.0,CALL,2026-05-15,100.0,6,95.926,0.885396956,0.008428399,-0.168142391,0.046368719,14,100.0,US.IPGP,0.18613168389354606,"成交额 $901,517 ≥ 阈值 $500,000 | 成交量 400 手",US.IPGP,2026-05-02 07:50:09
US.LSCC260515C130000,LSCC 260515 130.00C,120.96,1276,846561.0,CALL,2026-05-15,130.0,1909,111.651,0.414474005,0.014805844,-0.380428026,0.091885478,14,100.0,US.LSCC,-0.0747354497354498,"成交额 $846,561 ≥ 阈值 $500,000 | 成交量 1,276 手",US.LSCC,2026-05-02 07:54:43
US.LSCC260515C140000,LSCC 260515 140.00C,120.96,1388,526454.0,CALL,2026-05-15,140.0,22,108.885,0.282242814,0.013163568,-0.318810976,0.079668236,14,100.0,US.LSCC,-0.15740740740740747,"成交额 $526,454 ≥ 阈值 $500,000 | 成交量 1,388 手",US.LSCC,2026-05-02 07:54:43
US.MAT261016P14000,MAT 261016 14.00P,14.93,10002,1050185.0,PUT,2026-10-16,14.0,84,37.334,-0.332079421,0.097431499,-0.003603507,0.036665586,168,100.0,US.MAT,-0.06229068988613528,"成交额 $1,050,185 ≥ 阈值 $500,000 | 成交量 10,002 手",US.MAT,2026-05-02 07:55:51
US.MP260508C55000,MP 260508 55.00C,66.63,603,687074.0,CALL,2026-05-08,55.0,183,0.0,0.0,0.0,0.0,0.0,7,100.0,US.MP,0.17454600030016504,"成交额 $687,074 ≥ 阈值 $500,000 | 成交量 603 手",US.MP,2026-05-02 07:57:17
US.MP260618C70000,MP 260618 70.00C,66.63,957,500727.0,CALL,2026-06-18,70.0,5304,71.975,0.483759187,0.022952248,-0.075329417,0.096181001,48,100.0,US.MP,-0.050577817799789954,"成交额 $500,727 ≥ 阈值 $500,000 | 成交量 957 手",US.MP,2026-05-02 07:57:17
US.MTZ260717C250000,MTZ 260717 250.00C,417.41,311,5241676.0,CALL,2026-07-17,250.0,393,64.803,0.971157677,0.000530518,-0.076164611,0.126145336,77,100.0,US.MTZ,0.4010684938070483,"成交额 $5,241,676 ≥ 阈值 $500,000 | 成交量 311 手",US.MTZ,2026-05-02 07:58:58
US.MTZ261016C500000,MTZ 261016 500.00C,417.41,750,2205000.0,CALL,2026-10-16,500.0,1,51.055,0.382043717,0.002638825,-0.177013304,1.079521168,168,100.0,US.MTZ,-0.19786301238590348,"成交额 $2,205,000 ≥ 阈值 $500,000 | 成交量 750 手",US.MTZ,2026-05-02 07:58:58
US.MTZ260618P380000,MTZ 260618 380.00P,417.41,524,901745.0,PUT,2026-06-18,380.0,504,52.968,-0.271599172,0.004150491,-0.26699183,0.501046609,48,100.0,US.MTZ,-0.08962411058671335,"成交额 $901,745 ≥ 阈值 $500,000 | 成交量 524 手",US.MTZ,2026-05-02 07:58:58
US.MTZ260618C450000,MTZ 260618 450.00C,417.41,431,646405.0,CALL,2026-06-18,450.0,207,47.029,0.371330946,0.005317369,-0.295636282,0.571368685,48,100.0,US.MTZ,-0.07807671114731313,"成交额 $646,405 ≥ 阈值 $500,000 | 成交量 431 手",US.MTZ,2026-05-02 07:58:58
US.NVT260618C165000,NVT 260618 165.00C,158.92,5183,4811850.0,CALL,2026-06-18,165.0,5092,48.921,0.461566086,0.014104044,-0.123774245,0.228524345,48,100.0,US.NVT,-0.038258243141203206,"成交额 $4,811,850 ≥ 阈值 $500,000 | 成交量 5,183 手",US.NVT,2026-05-02 08:01:32
US.NVT261120C135000,NVT 261120 135.00C,158.92,313,1207214.0,CALL,2026-11-20,135.0,632,50.791,0.749640872,0.005284216,-0.055316036,0.376803255,203,100.0,US.NVT,0.1505159828844701,"成交额 $1,207,214 ≥ 阈值 $500,000 | 成交量 313 手",US.NVT,2026-05-02 08:01:32
US.ONTO260618C330000,ONTO 260618 330.00C,292.92,313,575725.0,CALL,2026-06-18,330.0,226,72.244,0.379573661,0.004966804,-0.315280098,0.403743909,48,100.0,US.ONTO,-0.12658746415403516,"成交额 $575,725 ≥ 阈值 $500,000 | 成交量 313 手",US.ONTO,2026-05-02 08:04:24
US.PINS260508P17500,PINS 260508 17.50P,20.22,22962,1027239.0,PUT,2026-05-08,17.5,257,139.655,-0.196707381,0.071567865,-0.079003764,0.007686785,7,100.0,US.PINS,-0.13452027695351132,"成交额 $1,027,239 ≥ 阈值 $500,000 | 成交量 22,962 手",US.PINS,2026-05-02 08:07:49
US.SGI260618C85000,SGI 260618 85.00C,75.58,24659,4679579.0,CALL,2026-06-18,85.0,484,46.009,0.276435384,0.0265764,-0.046013315,0.091512484,48,100.0,US.SGI,-0.1246361471288701,"成交额 $4,679,579 ≥ 阈值 $500,000 | 成交量 24,659 手",US.SGI,2026-05-02 08:15:45
US.INSM260515P130000,INSM 260515 130.00P,133.26,1622,1110120.0,PUT,2026-05-15,130.0,3308,90.33,-0.406725909,0.016574812,-0.329104259,0.100612975,14,100.0,US.INSM,-0.02446345490019504,"成交额 $1,110,120 ≥ 阈值 $500,000 | 成交量 1,622 手",US.INSM,2026-05-02 08:18:54
US.MELI260529P1600000,MELI 260529 1600.00P,1850.05,291,569990.0,PUT,2026-05-29,1600.0,31,53.339,-0.140653722,0.000819867,-1.067962372,1.140198146,28,100.0,US.MELI,-0.13515850922948025,"成交额 $569,990 ≥ 阈值 $500,000 | 成交量 291 手",US.MELI,2026-05-02 08:19:11
US.MRVL260508C120000,MRVL 260508 120.00C,164.95,711,3100619.0,CALL,2026-05-08,120.0,86,119.231,0.979175175,0.001863057,-0.099747188,0.011302177,7,100.0,US.MRVL,0.2725068202485601,"成交额 $3,100,619 ≥ 阈值 $500,000 | 成交量 711 手",US.MRVL,2026-05-02 08:19:28
US.MRVL261120P195000,MRVL 261120 195.00P,164.95,541,2786470.0,PUT,2026-11-20,195.0,5,70.858,-0.512604125,0.004714109,-0.075346558,0.489097506,203,100.0,US.MRVL,0.1821764170960898,"成交额 $2,786,470 ≥ 阈值 $500,000 | 成交量 541 手",US.MRVL,2026-05-02 08:19:28
US.MRVL260508C165000,MRVL 260508 165.00C,164.95,4730,2671131.0,CALL,2026-05-08,165.0,4263,67.758,0.520089775,0.026069326,-0.471746665,0.089871656,7,100.0,US.MRVL,-0.00030312215822983555,"成交额 $2,671,131 ≥ 阈值 $500,000 | 成交量 4,730 手",US.MRVL,2026-05-02 08:19:28
US.MRVL260618C180000,MRVL 260618 180.00C,164.95,1613,2005754.0,CALL,2026-06-18,180.0,28202,78.824,0.441687389,0.008385766,-0.20107405,0.2356506,48,100.0,US.MRVL,-0.09123976962715982,"成交额 $2,005,754 ≥ 阈值 $500,000 | 成交量 1,613 手",US.MRVL,2026-05-02 08:19:28
US.MRVL260618C175000,MRVL 260618 175.00C,164.95,1075,1622652.0,CALL,2026-06-18,175.0,1710,79.049,0.481252274,0.008443024,-0.204056265,0.237937557,48,100.0,US.MRVL,-0.06092755380418316,"成交额 $1,622,652 ≥ 阈值 $500,000 | 成交量 1,075 手",US.MRVL,2026-05-02 08:19:28
US.MRVL260717C180000,MRVL 260717 180.00C,164.95,902,1569391.0,CALL,2026-07-17,180.0,17097,74.351,0.47487179,0.007076173,-0.152354413,0.301302451,77,100.0,US.MRVL,-0.09123976962715982,"成交额 $1,569,391 ≥ 阈值 $500,000 | 成交量 902 手",US.MRVL,2026-05-02 08:19:28
US.MRVL260618C200000,MRVL 260618 200.00C,164.95,1665,1311857.0,CALL,2026-06-18,200.0,4927,79.067,0.30380607,0.00740663,-0.177279997,0.208774096,48,100.0,US.MRVL,-0.21248863291906647,"成交额 $1,311,857 ≥ 阈值 $500,000 | 成交量 1,665 手",US.MRVL,2026-05-02 08:19:28
US.MRVL260508C167500,MRVL 260508 167.50C,164.95,2723,1204004.0,CALL,2026-05-08,167.5,434,67.214,0.454789443,0.026144436,-0.464125862,0.089407073,7,100.0,US.MRVL,-0.015459230069718166,"成交额 $1,204,004 ≥ 阈值 $500,000 | 成交量 2,723 手",US.MRVL,2026-05-02 08:19:28
US.MRVL260515P148000,MRVL 260515 148.00P,164.95,3549,1105639.0,PUT,2026-05-15,148.0,275,71.322,-0.194894328,0.012041045,-0.22665014,0.088469559,14,100.0,US.MRVL,-0.10275841163989081,"成交额 $1,105,639 ≥ 阈值 $500,000 | 成交量 3,549 手",US.MRVL,2026-05-02 08:19:28
US.MRVL260508P160000,MRVL 260508 160.00P,164.95,2276,1060669.0,PUT,2026-05-08,160.0,352,68.239,-0.351958655,0.024123491,-0.42744493,0.083707874,7,100.0,US.MRVL,-0.030009093664746828,"成交额 $1,060,669 ≥ 阈值 $500,000 | 成交量 2,276 手",US.MRVL,2026-05-02 08:19:28
US.MRVL261120P100000,MRVL 261120 100.00P,164.95,1633,1037863.0,PUT,2026-11-20,100.0,3172,73.769,-0.111686429,0.002100002,-0.040465976,0.233867703,203,100.0,US.MRVL,-0.39375568354046675,"成交额 $1,037,863 ≥ 阈值 $500,000 | 成交量 1,633 手",US.MRVL,2026-05-02 08:19:28
US.MRVL260508C170000,MRVL 260508 170.00C,164.95,2504,986951.0,CALL,2026-05-08,170.0,1483,66.845,0.390973778,0.02546479,-0.444902657,0.086603156,7,100.0,US.MRVL,-0.030615337981206497,"成交额 $986,951 ≥ 阈值 $500,000 | 成交量 2,504 手",US.MRVL,2026-05-02 08:19:28
US.MRVL260618C170000,MRVL 260618 170.00C,164.95,514,858328.0,CALL,2026-06-18,170.0,1738,79.009,0.521603232,0.008444205,-0.204392212,0.237851832,48,100.0,US.MRVL,-0.030615337981206497,"成交额 $858,328 ≥ 阈值 $500,000 | 成交量 514 手",US.MRVL,2026-05-02 08:19:28
US.MRVL260508C172500,MRVL 260508 172.50C,164.95,2662,752470.0,CALL,2026-05-08,172.5,138,68.276,0.335269462,0.023663495,-0.428519075,0.082199011,7,100.0,US.MRVL,-0.04577144589269483,"成交额 $752,470 ≥ 阈值 $500,000 | 成交量 2,662 手",US.MRVL,2026-05-02 08:19:28
US.MRVL260821C175000,MRVL 260821 175.00C,164.95,296,697075.0,CALL,2026-08-21,175.0,11825,74.405,0.535579086,0.005849176,-0.127402001,0.362788084,112,100.0,US.MRVL,-0.06092755380418316,"成交额 $697,075 ≥ 阈值 $500,000 | 成交量 296 手",US.MRVL,2026-05-02 08:19:28
US.MRVL261120C180000,MRVL 261120 180.00C,164.95,221,665867.0,CALL,2026-11-20,180.0,126,71.562,0.556022802,0.004488491,-0.091878789,0.485746106,203,100.0,US.MRVL,-0.09123976962715982,"成交额 $665,867 ≥ 阈值 $500,000 | 成交量 221 手",US.MRVL,2026-05-02 08:19:28
US.MRVL260508P165000,MRVL 260508 165.00P,164.95,1067,646778.0,PUT,2026-05-08,165.0,105,67.86,-0.48013103,0.026053706,-0.456556809,0.089860742,7,100.0,US.MRVL,0.00030312215822983555,"成交额 $646,778 ≥ 阈值 $500,000 | 成交量 1,067 手",US.MRVL,2026-05-02 08:19:28
US.MRVL260508P162500,MRVL 260508 162.50P,164.95,1347,635051.0,PUT,2026-05-08,162.5,170,67.976,-0.415169886,0.025443964,-0.447988147,0.087933188,7,100.0,US.MRVL,-0.014852985753258495,"成交额 $635,051 ≥ 阈值 $500,000 | 成交量 1,347 手",US.MRVL,2026-05-02 08:19:28
US.MRVL260618C150000,MRVL 260618 150.00C,164.95,228,595378.0,CALL,2026-06-18,150.0,7537,78.942,0.688636717,0.007498975,-0.183670801,0.211046753,48,100.0,US.MRVL,0.09063352531070015,"成交额 $595,378 ≥ 阈值 $500,000 | 成交量 228 手",US.MRVL,2026-05-02 08:19:28
US.MRVL260717C170000,MRVL 260717 170.00C,164.95,273,583810.0,CALL,2026-07-17,170.0,2919,75.639,0.543245875,0.006928536,-0.155052768,0.300127357,77,100.0,US.MRVL,-0.030615337981206497,"成交额 $583,810 ≥ 阈值 $500,000 | 成交量 273 手",US.MRVL,2026-05-02 08:19:28
US.MRVL260508C140000,MRVL 260508 140.00C,164.95,221,569232.0,CALL,2026-05-08,140.0,389,83.554,0.932989072,0.006888384,-0.184282524,0.029281645,7,100.0,US.MRVL,0.15125795695665348,"成交额 $569,232 ≥ 阈值 $500,000 | 成交量 221 手",US.MRVL,2026-05-02 08:19:28
US.SHOP260508C135000,SHOP 260508 135.00C,127.67,4458,1942809.0,CALL,2026-05-08,135.0,1799,104.757,0.377007828,0.020768486,-0.530142837,0.066310799,7,100.0,US.SHOP,-0.057413644552361545,"成交额 $1,942,809 ≥ 阈值 $500,000 | 成交量 4,458 手",US.SHOP,2026-05-02 08:19:46
US.SHOP260508C127000,SHOP 260508 127.00C,127.67,1229,908603.0,CALL,2026-05-08,127.0,2682,107.97,0.545402762,0.021027137,-0.575255498,0.069196387,7,100.0,US.SHOP,0.005247904754445067,"成交额 $908,603 ≥ 阈值 $500,000 | 成交量 1,229 手",US.SHOP,2026-05-02 08:19:46
US.SHOP260515C127000,SHOP 260515 127.00C,127.67,688,570914.0,CALL,2026-05-15,127.0,59,85.841,0.549046544,0.0185625,-0.317279013,0.098375825,14,100.0,US.SHOP,0.005247904754445067,"成交额 $570,914 ≥ 阈值 $500,000 | 成交量 688 手",US.SHOP,2026-05-02 08:19:46
US.ZS260618P310000,ZS 260618 310.00P,139.81,255,4321754.0,PUT,2026-06-18,310.0,312,0.0,0.0,0.0,0.0,0.0,48,100.0,US.ZS,1.2172949002217295,"成交额 $4,321,754 ≥ 阈值 $500,000 | 成交量 255 手",US.ZS,2026-05-02 08:20:19
US.ABNB260508C145000,ABNB 260508 145.00C,141.66,1662,715539.0,CALL,2026-05-08,145.0,196,67.684,0.421454976,0.029835137,-0.395139442,0.07577783,7,100.0,US.ABNB,-0.023577580121417502,"成交额 $715,539 ≥ 阈值 $500,000 | 成交量 1,662 手",US.ABNB,2026-05-02 08:21:11
US.ABT260618P115000,ABT 260618 115.00P,89.46,1200,3023890.0,PUT,2026-06-18,115.0,1423,0.0,0.0,0.0,0.0,0.0,48,100.0,US.ABT,0.2854907221104405,"成交额 $3,023,890 ≥ 阈值 $500,000 | 成交量 1,200 手",US.ABT,2026-05-02 08:21:13
US.ABT260515P115000,ABT 260515 115.00P,89.46,940,2368800.0,PUT,2026-05-15,115.0,1130,0.0,0.0,0.0,0.0,0.0,14,100.0,US.ABT,0.2854907221104405,"成交额 $2,368,800 ≥ 阈值 $500,000 | 成交量 940 手",US.ABT,2026-05-02 08:21:13
US.ABT260618P120000,ABT 260618 120.00P,89.46,713,2166705.0,PUT,2026-06-18,120.0,879,0.0,0.0,0.0,0.0,0.0,48,100.0,US.ABT,0.341381623071764,"成交额 $2,166,705 ≥ 阈值 $500,000 | 成交量 713 手",US.ABT,2026-05-02 08:21:13
US.ABT260515P120000,ABT 260515 120.00P,89.46,692,2069018.0,PUT,2026-05-15,120.0,847,0.0,0.0,0.0,0.0,0.0,14,100.0,US.ABT,0.341381623071764,"成交额 $2,069,018 ≥ 阈值 $500,000 | 成交量 692 手",US.ABT,2026-05-02 08:21:13
US.ABT260515P125000,ABT 260515 125.00P,89.46,440,1557600.0,PUT,2026-05-15,125.0,577,0.0,0.0,0.0,0.0,0.0,14,100.0,US.ABT,0.3972725240330875,"成交额 $1,557,600 ≥ 阈值 $500,000 | 成交量 440 手",US.ABT,2026-05-02 08:21:13
US.ABT260618P125000,ABT 260618 125.00P,89.46,260,938600.0,PUT,2026-06-18,125.0,462,0.0,0.0,0.0,0.0,0.0,48,100.0,US.ABT,0.3972725240330875,"成交额 $938,600 ≥ 阈值 $500,000 | 成交量 260 手",US.ABT,2026-05-02 08:21:13
US.ABT260515P105000,ABT 260515 105.00P,89.46,522,777885.0,PUT,2026-05-15,105.0,745,0.0,0.0,0.0,0.0,0.0,14,100.0,US.ABT,0.17370892018779352,"成交额 $777,885 ≥ 阈值 $500,000 | 成交量 522 手",US.ABT,2026-05-02 08:21:13
US.ABT260515P100000,ABT 260515 100.00P,89.46,520,545336.0,PUT,2026-05-15,100.0,690,0.0,0.0,0.0,0.0,0.0,14,100.0,US.ABT,0.11781801922647,"成交额 $545,336 ≥ 阈值 $500,000 | 成交量 520 手",US.ABT,2026-05-02 08:21:13
US.ACN260515P220000,ACN 260515 220.00P,179.83,210,854700.0,PUT,2026-05-15,220.0,452,64.848,-0.941059308,0.00582789,-0.079754016,0.040604792,14,100.0,US.ACN,0.2233776344325195,"成交额 $854,700 ≥ 阈值 $500,000 | 成交量 210 手",US.ACN,2026-05-02 08:21:47
US.ADBE260618P250000,ADBE 260618 250.00P,250.71,1992,3334529.0,PUT,2026-06-18,250.0,1525,46.981,-0.450204818,0.009342557,-0.166085064,0.358835243,48,100.0,US.ADBE,-0.002831957241434358,"成交额 $3,334,529 ≥ 阈值 $500,000 | 成交量 1,992 手",US.ADBE,2026-05-02 08:22:04
US.ADBE260618C250000,ADBE 260618 250.00C,250.71,1355,2432707.0,CALL,2026-06-18,250.0,1313,47.289,0.5516876,0.009217738,-0.190403438,0.3590031,48,100.0,US.ADBE,0.002831957241434358,"成交额 $2,432,707 ≥ 阈值 $500,000 | 成交量 1,355 手",US.ADBE,2026-05-02 08:22:04
US.ADBE260612P250000,ADBE 260612 250.00P,250.71,816,1384464.0,PUT,2026-06-12,250.0,3,47.359,-0.452330903,0.009910058,-0.180141976,0.335830367,42,100.0,US.ADBE,-0.002831957241434358,"成交额 $1,384,464 ≥ 阈值 $500,000 | 成交量 816 手",US.ADBE,2026-05-02 08:22:04
US.ADBE260515C265000,ADBE 260515 265.00C,250.71,2709,747365.0,CALL,2026-05-15,265.0,827,41.914,0.267003141,0.016076738,-0.251831031,0.160413948,14,100.0,US.ADBE,-0.05699812532407958,"成交额 $747,365 ≥ 阈值 $500,000 | 成交量 2,709 手",US.ADBE,2026-05-02 08:22:04
US.ADBE260605C270000,ADBE 260605 270.00C,250.71,1184,686900.0,CALL,2026-06-05,270.0,56,39.968,0.304803098,0.011313443,-0.16334438,0.271157749,35,100.0,US.ADBE,-0.0769414861792509,"成交额 $686,900 ≥ 阈值 $500,000 | 成交量 1,184 手",US.ADBE,2026-05-02 08:22:04
US.ADBE260605P230000,ADBE 260605 230.00P,250.71,1171,534093.0,PUT,2026-06-05,230.0,8,41.163,-0.221588549,0.009340902,-0.13121166,0.230113385,35,100.0,US.ADBE,-0.0826054006621196,"成交额 $534,093 ≥ 阈值 $500,000 | 成交量 1,171 手",US.ADBE,2026-05-02 08:22:04
US.AKAM260618C115000,AKAM 260618 115.00C,103.87,1259,539135.0,CALL,2026-06-18,115.0,3213,56.664,0.355491883,0.017482719,-0.086505528,0.140041311,48,100.0,US.AKAM,-0.10715317223452388,"成交额 $539,135 ≥ 阈值 $500,000 | 成交量 1,259 手",US.AKAM,2026-05-02 08:24:40
US.ALB260618P185000,ALB 260618 185.00P,193.88,444,637590.0,PUT,2026-06-18,185.0,394,68.586,-0.370763516,0.00787143,-0.183441691,0.265059963,48,100.0,US.ALB,-0.04580152671755723,"成交额 $637,590 ≥ 阈值 $500,000 | 成交量 444 手",US.ALB,2026-05-02 08:24:57
US.AMAT260717C440000,AMAT 260717 440.00C,389.08,320,752619.0,CALL,2026-07-17,440.0,501,55.231,0.371250334,0.003833893,-0.255306698,0.674682183,77,100.0,US.AMAT,-0.13087282821013677,"成交额 $752,619 ≥ 阈值 $500,000 | 成交量 320 手",US.AMAT,2026-05-02 08:25:50
US.AMAT260515C380000,AMAT 260515 380.00C,389.08,223,641896.0,CALL,2026-05-15,380.0,679,70.019,0.599288234,0.007290152,-0.775408929,0.292678644,14,100.0,US.AMAT,0.023337102909427327,"成交额 $641,896 ≥ 阈值 $500,000 | 成交量 223 手",US.AMAT,2026-05-02 08:25:50
US.AME260618P220000,AME 260618 220.00P,230.48,1400,630000.0,PUT,2026-06-18,220.0,107,29.779,-0.299886214,0.014060678,-0.084151293,0.289616149,48,100.0,US.AME,-0.0454703228045817,"成交额 $630,000 ≥ 阈值 $500,000 | 成交量 1,400 手",US.AME,2026-05-02 08:26:23
US.ANET261120P175000,ANET 261120 175.00P,172.7,1291,3441331.0,PUT,2026-11-20,175.0,9,55.625,-0.416637784,0.005556767,-0.0609813,0.501313466,203,100.0,US.ANET,0.013317892298784086,"成交额 $3,441,331 ≥ 阈值 $500,000 | 成交量 1,291 手",US.ANET,2026-05-02 08:27:14
US.ANET260529P185000,ANET 260529 185.00P,172.7,780,1302600.0,PUT,2026-05-29,185.0,0,61.018,-0.622438981,0.01316025,-0.18919801,0.181007296,28,100.0,US.ANET,0.0712217718587146,"成交额 $1,302,600 ≥ 阈值 $500,000 | 成交量 780 手",US.ANET,2026-05-02 08:27:14
US.ANET260618P175000,ANET 260618 175.00P,172.7,522,731169.0,PUT,2026-06-18,175.0,158,58.848,-0.474934214,0.010884509,-0.145405679,0.248699197,48,100.0,US.ANET,0.013317892298784086,"成交额 $731,169 ≥ 阈值 $500,000 | 成交量 522 手",US.ANET,2026-05-02 08:27:14
US.APH260717P115000,APH 260717 115.00P,142.3,9343,2007588.0,PUT,2026-07-17,115.0,57,49.511,-0.139560203,0.006879901,-0.044769833,0.144931893,77,100.0,US.APH,-0.19184820801124391,"成交额 $2,007,588 ≥ 阈值 $500,000 | 成交量 9,343 手",US.APH,2026-05-02 08:28:23
US.APH260618P115000,APH 260618 115.00P,142.3,6013,661750.0,PUT,2026-06-18,115.0,8460,51.221,-0.102827363,0.006791111,-0.047893558,0.092220277,48,100.0,US.APH,-0.19184820801124391,"成交额 $661,750 ≥ 阈值 $500,000 | 成交量 6,013 手",US.APH,2026-05-02 08:28:23
US.APP260821C440000,APP 260821 440.00C,460.0,301,2646965.0,CALL,2026-08-21,440.0,370,77.74,0.63468395,0.001899505,-0.353697743,0.957307931,112,100.0,US.APP,0.043478260869565216,"成交额 $2,646,965 ≥ 阈值 $500,000 | 成交量 301 手",US.APP,2026-05-02 08:28:57
US.APP260821C450000,APP 260821 450.00C,460.0,311,2589700.0,CALL,2026-08-21,450.0,400,77.127,0.614464119,0.001947306,-0.356303758,0.973657206,112,100.0,US.APP,0.021739130434782608,"成交额 $2,589,700 ≥ 阈值 $500,000 | 成交量 311 手",US.APP,2026-05-02 08:28:57
US.APP260508C470000,APP 260508 470.00C,460.0,508,1385639.0,CALL,2026-05-08,470.0,237,120.997,0.482791669,0.00523667,-2.328728463,0.25071547,7,100.0,US.APP,-0.021739130434782608,"成交额 $1,385,639 ≥ 阈值 $500,000 | 成交量 508 手",US.APP,2026-05-02 08:28:57
US.APP260508C460000,APP 260508 460.00C,460.0,394,1243900.0,CALL,2026-05-08,460.0,232,125.495,0.535760612,0.005033339,-2.410853636,0.249940229,7,100.0,US.APP,0.0,"成交额 $1,243,900 ≥ 阈值 $500,000 | 成交量 394 手",US.APP,2026-05-02 08:28:57
US.APP260515C475000,APP 260515 475.00C,460.0,289,863360.0,CALL,2026-05-15,475.0,42,100.868,0.476755192,0.00441028,-1.343490432,0.356551092,14,100.0,US.APP,-0.03260869565217391,"成交额 $863,360 ≥ 阈值 $500,000 | 成交量 289 手",US.APP,2026-05-02 08:28:57
US.APP260515C470000,APP 260515 470.00C,460.0,253,801050.0,CALL,2026-05-15,470.0,909,99.617,0.497247041,0.004473171,-1.330401125,0.357149258,14,100.0,US.APP,-0.021739130434782608,"成交额 $801,050 ≥ 阈值 $500,000 | 成交量 253 手",US.APP,2026-05-02 08:28:57
US.APP260508C600000,APP 260508 600.00C,460.0,3913,717043.0,CALL,2026-05-08,600.0,255,113.346,0.051302189,0.001476445,-0.509764091,0.066218024,7,100.0,US.APP,-0.30434782608695654,"成交额 $717,043 ≥ 阈值 $500,000 | 成交量 3,913 手",US.APP,2026-05-02 08:28:57
US.APP260515C520000,APP 260515 520.00C,460.0,461,693500.0,CALL,2026-05-15,520.0,375,97.202,0.292454032,0.003949062,-1.104991965,0.307654013,14,100.0,US.APP,-0.13043478260869565,"成交额 $693,500 ≥ 阈值 $500,000 | 成交量 461 手",US.APP,2026-05-02 08:28:57
US.APP260515C480000,APP 260515 480.00C,460.0,238,673351.0,CALL,2026-05-15,480.0,1818,99.582,0.453984459,0.004445047,-1.318734795,0.354778662,14,100.0,US.APP,-0.043478260869565216,"成交额 $673,351 ≥ 阈值 $500,000 | 成交量 238 手",US.APP,2026-05-02 08:28:57
US.APP260508P460000,APP 260508 460.00P,460.0,207,656959.0,PUT,2026-05-08,460.0,145,120.515,-0.46564808,0.005245211,-2.27231701,0.250005858,7,100.0,US.APP,0.0,"成交额 $656,959 ≥ 阈值 $500,000 | 成交量 207 手",US.APP,2026-05-02 08:28:57
US.APP260508C462500,APP 260508 462.50C,460.0,216,655431.0,CALL,2026-05-08,462.5,65,122.51,0.522114357,0.005168859,-2.359233505,0.250563444,7,100.0,US.APP,-0.005434782608695652,"成交额 $655,431 ≥ 阈值 $500,000 | 成交量 216 手",US.APP,2026-05-02 08:28:57
US.APP260508C500000,APP 260508 500.00C,460.0,357,567760.0,CALL,2026-05-08,500.0,798,117.433,0.331885128,0.004913686,-2.033361776,0.228321183,7,100.0,US.APP,-0.08695652173913043,"成交额 $567,760 ≥ 阈值 $500,000 | 成交量 357 手",US.APP,2026-05-02 08:28:57
US.AXP260508C325000,AXP 260508 325.00C,319.68,2045,658976.0,CALL,2026-05-08,325.0,58,26.621,0.338506681,0.03143204,-0.331768576,0.159886141,7,100.0,US.AXP,-0.01664164164164162,"成交额 $658,976 ≥ 阈值 $500,000 | 成交量 2,045 手",US.AXP,2026-05-02 08:30:25
US.AZO260515C4000000,AZO 260515 4000.00C,3594.08,1139,737605.0,CALL,2026-05-15,4000.0,556,37.669,0.080136213,0.00056493,-1.414228069,1.041007194,14,100.0,US.AZO,-0.11294128121800297,"成交额 $737,605 ≥ 阈值 $500,000 | 成交量 1,139 手",US.AZO,2026-05-02 08:30:41
US.BA260821P225000,BA 260821 225.00P,227.38,2000,2747775.0,PUT,2026-08-21,225.0,2268,33.041,-0.422095188,0.009579825,-0.063767002,0.490810376,112,100.0,US.BA,-0.010467059547893374,"成交额 $2,747,775 ≥ 阈值 $500,000 | 成交量 2,000 手",US.BA,2026-05-02 08:30:59
US.BA260508C220000,BA 260508 220.00C,227.38,1093,1107466.0,CALL,2026-05-08,220.0,297,41.578,0.732597991,0.025452274,-0.335302519,0.102299104,7,100.0,US.BA,0.032456680446829075,"成交额 $1,107,466 ≥ 阈值 $500,000 | 成交量 1,093 手",US.BA,2026-05-02 08:30:59
US.BA260821P200000,BA 260821 200.00P,227.38,2003,1067299.0,PUT,2026-08-21,200.0,2806,34.455,-0.206148078,0.006606012,-0.050824474,0.358268198,112,100.0,US.BA,-0.12041516404257188,"成交额 $1,067,299 ≥ 阈值 $500,000 | 成交量 2,003 手",US.BA,2026-05-02 08:30:59
US.BA260821C265000,BA 260821 265.00C,227.38,1001,591978.0,CALL,2026-08-21,265.0,4162,33.029,0.246585773,0.007588643,-0.063681247,0.396931891,112,100.0,US.BA,-0.16544990764359224,"成交额 $591,978 ≥ 阈值 $500,000 | 成交量 1,001 手",US.BA,2026-05-02 08:30:59
US.BA260515P220000,BA 260515 220.00P,227.38,2194,514245.0,PUT,2026-05-15,220.0,7941,32.957,-0.285569759,0.023332745,-0.175531784,0.150299381,14,100.0,US.BA,-0.032456680446829075,"成交额 $514,245 ≥ 阈值 $500,000 | 成交量 2,194 手",US.BA,2026-05-02 08:30:59
US.BAC260508C54000,BAC 260508 54.00C,53.24,14516,624923.0,CALL,2026-05-08,54.0,10206,23.866,0.34561148,0.212183213,-0.050167523,0.02683757,7,100.0,US.BAC,-0.01427498121712994,"成交额 $624,923 ≥ 阈值 $500,000 | 成交量 14,516 手",US.BAC,2026-05-02 08:31:16
US.BFB260618P25000,BFB 260618 25.00P,25.55,4326,564898.0,PUT,2026-06-18,25.0,764,49.075,-0.407347672,0.085926345,-0.017464699,0.035866622,48,100.0,US.BF.B,-0.021526418786692786,"成交额 $564,898 ≥ 阈值 $500,000 | 成交量 4,326 手",US.BF.B,2026-05-02 08:32:41
US.BLDR260515P105000,BLDR 260515 105.00P,75.72,217,586021.0,PUT,2026-05-15,105.0,34,0.0,0.0,0.0,0.0,0.0,14,100.0,US.BLDR,0.3866877971473851,"成交额 $586,021 ≥ 阈值 $500,000 | 成交量 217 手",US.BLDR,2026-05-02 08:33:51
US.BLDR260515P100000,BLDR 260515 100.00P,75.72,246,571619.0,PUT,2026-05-15,100.0,247,0.0,0.0,0.0,0.0,0.0,14,100.0,US.BLDR,0.32065504490227154,"成交额 $571,619 ≥ 阈值 $500,000 | 成交量 246 手",US.BLDR,2026-05-02 08:33:51
US.BMY260529P57000,BMY 260529 57.00P,58.22,10328,1025104.0,PUT,2026-05-29,57.0,56,28.089,-0.365681017,0.083696117,-0.028775346,0.060383518,28,100.0,US.BMY,-0.02095499828237717,"成交额 $1,025,104 ≥ 阈值 $500,000 | 成交量 10,328 手",US.BMY,2026-05-02 08:34:25
US.BMY260618C62500,BMY 260618 62.50C,58.22,7385,706461.0,CALL,2026-06-18,62.5,21264,26.96,0.264550486,0.057598391,-0.020925798,0.06894975,48,100.0,US.BMY,-0.07351425626932327,"成交额 $706,461 ≥ 阈值 $500,000 | 成交量 7,385 手",US.BMY,2026-05-02 08:34:25
US.BSX260618P105000,BSX 260618 105.00P,56.5,624,2963955.0,PUT,2026-06-18,105.0,816,0.0,0.0,0.0,0.0,0.0,48,100.0,US.BSX,0.8584070796460177,"成交额 $2,963,955 ≥ 阈值 $500,000 | 成交量 624 手",US.BSX,2026-05-02 08:35:00
US.BSX260918P85000,BSX 260918 85.00P,56.5,640,1760000.0,PUT,2026-09-18,85.0,595,43.921,-0.959324007,0.01654251,-0.002622109,0.026162933,140,100.0,US.BSX,0.504424778761062,"成交额 $1,760,000 ≥ 阈值 $500,000 | 成交量 640 手",US.BSX,2026-05-02 08:35:00
US.BSX260618P92500,BSX 260618 92.50P,56.5,420,1486800.0,PUT,2026-06-18,92.5,572,0.0,0.0,0.0,0.0,0.0,48,100.0,US.BSX,0.6371681415929203,"成交额 $1,486,800 ≥ 阈值 $500,000 | 成交量 420 手",US.BSX,2026-05-02 08:35:00
US.BSX260515P70000,BSX 260515 70.00P,56.5,768,937660.0,PUT,2026-05-15,70.0,2518,0.0,0.0,0.0,0.0,0.0,14,100.0,US.BSX,0.23893805309734514,"成交额 $937,660 ≥ 阈值 $500,000 | 成交量 768 手",US.BSX,2026-05-02 08:35:00
US.BX260515C90000,BX 260515 90.00C,126.35,1800,6553200.0,CALL,2026-05-15,90.0,198,94.97,0.973521872,0.002625884,-0.058120743,0.015080028,14,100.0,US.BX,0.28769291650178075,"成交额 $6,553,200 ≥ 阈值 $500,000 | 成交量 1,800 手",US.BX,2026-05-02 08:35:18
US.BX260515C110000,BX 260515 110.00C,126.35,3609,5953608.0,CALL,2026-05-15,110.0,723,36.271,0.978195969,0.005840272,-0.026578465,0.01281507,14,100.0,US.BX,0.12940245350217647,"成交额 $5,953,608 ≥ 阈值 $500,000 | 成交量 3,609 手",US.BX,2026-05-02 08:35:18
US.BX260618C75000,BX 260618 75.00C,126.35,1005,5320905.0,CALL,2026-06-18,75.0,2,0.0,0.0,0.0,0.0,0.0,48,100.0,US.BX,0.40641076375148394,"成交额 $5,320,905 ≥ 阈值 $500,000 | 成交量 1,005 手",US.BX,2026-05-02 08:35:18
US.BX260515C100000,BX 260515 100.00C,126.35,1800,4762200.0,CALL,2026-05-15,100.0,214,0.0,0.0,0.0,0.0,0.0,14,100.0,US.BX,0.2085476850019786,"成交额 $4,762,200 ≥ 阈值 $500,000 | 成交量 1,800 手",US.BX,2026-05-02 08:35:18
US.BX260515C105000,BX 260515 105.00C,126.35,1800,3934200.0,CALL,2026-05-15,105.0,205,53.827,0.966551119,0.005624196,-0.044239873,0.018306466,14,100.0,US.BX,0.16897506925207753,"成交额 $3,934,200 ≥ 阈值 $500,000 | 成交量 1,800 手",US.BX,2026-05-02 08:35:18
US.BX260515C85000,BX 260515 85.00C,126.35,900,3708900.0,CALL,2026-05-15,85.0,109,109.028,0.976188627,0.002092592,-0.06003046,0.013796244,14,100.0,US.BX,0.3272655322516818,"成交额 $3,708,900 ≥ 阈值 $500,000 | 成交量 900 手",US.BX,2026-05-02 08:35:18
US.BX260515C80000,BX 260515 80.00C,126.35,675,3215430.0,CALL,2026-05-15,80.0,68,134.126,0.970392903,0.002040555,-0.08475695,0.016549721,14,100.0,US.BX,0.3668381480015829,"成交额 $3,215,430 ≥ 阈值 $500,000 | 成交量 675 手",US.BX,2026-05-02 08:35:18
US.BX260515C115000,BX 260515 115.00C,126.35,2191,2770553.0,CALL,2026-05-15,115.0,684,25.836,0.972843297,0.009858336,-0.02481646,0.015410081,14,100.0,US.BX,0.08982983775227539,"成交额 $2,770,553 ≥ 阈值 $500,000 | 成交量 2,191 手",US.BX,2026-05-02 08:35:18
US.BX260508C112000,BX 260508 112.00C,126.35,1800,2655600.0,CALL,2026-05-08,112.0,217,63.191,0.925943149,0.012840767,-0.117971335,0.024220211,7,100.0,US.BX,0.11357340720221602,"成交额 $2,655,600 ≥ 阈值 $500,000 | 成交量 1,800 手",US.BX,2026-05-02 08:35:18
US.BX260618C80000,BX 260618 80.00C,126.35,548,2586470.0,CALL,2026-06-18,80.0,64,65.022,0.981221145,0.001543261,-0.021725032,0.020992864,48,100.0,US.BX,0.3668381480015829,"成交额 $2,586,470 ≥ 阈值 $500,000 | 成交量 548 手",US.BX,2026-05-02 08:35:18
US.BX260508C115000,BX 260508 115.00C,126.35,1806,2075787.0,CALL,2026-05-08,115.0,214,40.726,0.958195673,0.012692748,-0.053611935,0.015430836,7,100.0,US.BX,0.08982983775227539,"成交额 $2,075,787 ≥ 阈值 $500,000 | 成交量 1,806 手",US.BX,2026-05-02 08:35:18
US.BX260508C114000,BX 260508 114.00C,126.35,900,1152900.0,CALL,2026-05-08,114.0,143,43.815,0.96062732,0.011237892,-0.054440484,0.014698556,7,100.0,US.BX,0.09774436090225559,"成交额 $1,152,900 ≥ 阈值 $500,000 | 成交量 900 手",US.BX,2026-05-02 08:35:18
US.BX260515C95000,BX 260515 95.00C,126.35,345,1127700.0,CALL,2026-05-15,95.0,33,0.0,0.0,0.0,0.0,0.0,14,100.0,US.BX,0.24812030075187966,"成交额 $1,127,700 ≥ 阈值 $500,000 | 成交量 345 手",US.BX,2026-05-02 08:35:18
US.BX260508C109000,BX 260508 109.00C,126.35,330,608100.0,CALL,2026-05-08,109.0,35,66.28,0.953765324,0.008459215,-0.086195523,0.016736627,7,100.0,US.BX,0.13731697665215667,"成交额 $608,100 ≥ 阈值 $500,000 | 成交量 330 手",US.BX,2026-05-02 08:35:18
US.BX260508C104000,BX 260508 104.00C,126.35,220,518625.0,CALL,2026-05-08,104.0,25,83.271,0.961840065,0.005764287,-0.090675209,0.01432869,7,100.0,US.BX,0.17688959240205773,"成交额 $518,625 ≥ 阈值 $500,000 | 成交量 220 手",US.BX,2026-05-02 08:35:18
US.C260618C70000,C 260618 70.00C,127.44,19500,112425000.0,CALL,2026-06-18,70.0,4736,76.049,0.990134408,0.000750794,-0.016263638,0.012153306,48,100.0,US.C,0.450721908349027,"成交额 $112,425,000 ≥ 阈值 $500,000 | 成交量 19,500 手",US.C,2026-05-02 08:35:51
US.C260618C75000,C 260618 75.00C,127.44,17165,90473015.0,CALL,2026-06-18,75.0,4368,0.0,0.0,0.0,0.0,0.0,48,100.0,US.C,0.41148775894538603,"成交额 $90,473,015 ≥ 阈值 $500,000 | 成交量 17,165 手",US.C,2026-05-02 08:35:51
US.C260618C65000,C 260618 65.00C,127.44,11700,73124100.0,CALL,2026-06-18,65.0,2985,91.768,0.986349125,0.000824836,-0.021444277,0.016109267,48,100.0,US.C,0.48995605775266793,"成交额 $73,124,100 ≥ 阈值 $500,000 | 成交量 11,700 手",US.C,2026-05-02 08:35:51
US.C260618C60000,C 260618 60.00C,127.44,8580,57872100.0,CALL,2026-06-18,60.0,2055,95.666,0.990916788,0.000555231,-0.01689568,0.011305092,48,100.0,US.C,0.5291902071563088,"成交额 $57,872,100 ≥ 阈值 $500,000 | 成交量 8,580 手",US.C,2026-05-02 08:35:51
US.C260515C110000,C 260515 110.00C,127.44,23439,41925487.0,CALL,2026-05-15,110.0,5847,29.042,0.996048855,0.001626675,-0.013614414,0.002921636,14,100.0,US.C,0.13684871311989955,"成交额 $41,925,487 ≥ 阈值 $500,000 | 成交量 23,439 手",US.C,2026-05-02 08:35:51
US.C260618C67500,C 260618 67.50C,127.44,3900,23383920.0,CALL,2026-06-18,67.5,823,79.018,0.991378858,0.000642146,-0.015298206,0.010800673,48,100.0,US.C,0.4703389830508474,"成交额 $23,383,920 ≥ 阈值 $500,000 | 成交量 3,900 手",US.C,2026-05-02 08:35:51
US.C260618C77500,C 260618 77.50C,127.44,4141,20713040.0,CALL,2026-06-18,77.5,1292,0.0,0.0,0.0,0.0,0.0,48,100.0,US.C,0.3918706842435656,"成交额 $20,713,040 ≥ 阈值 $500,000 | 成交量 4,141 手",US.C,2026-05-02 08:35:51
US.C260618C80000,C 260618 80.00C,127.44,3380,16117750.0,CALL,2026-06-18,80.0,1683,63.946,0.98413683,0.001346976,-0.019759807,0.018332773,48,100.0,US.C,0.37225360954174513,"成交额 $16,117,750 ≥ 阈值 $500,000 | 成交量 3,380 手",US.C,2026-05-02 08:35:51
US.C260515C85000,C 260515 85.00C,127.44,3121,13315157.0,CALL,2026-05-15,85.0,671,119.582,0.968730862,0.00237422,-0.080714683,0.017465064,14,100.0,US.C,0.3330194601381042,"成交额 $13,315,157 ≥ 阈值 $500,000 | 成交量 3,121 手",US.C,2026-05-02 08:35:51
US.C260618C72500,C 260618 72.50C,127.44,2390,13126240.0,CALL,2026-06-18,72.5,558,76.371,0.985947178,0.001016251,-0.019949987,0.016518375,48,100.0,US.C,0.43110483364720653,"成交额 $13,126,240 ≥ 阈值 $500,000 | 成交量 2,390 手",US.C,2026-05-02 08:35:51
US.C260515C100000,C 260515 100.00C,127.44,4711,13072555.0,CALL,2026-05-15,100.0,1122,88.854,0.93274975,0.005907156,-0.110895961,0.032286513,14,100.0,US.C,0.21531701192718142,"成交额 $13,072,555 ≥ 阈值 $500,000 | 成交量 4,711 手",US.C,2026-05-02 08:35:51
US.C260515C87500,C 260515 87.50C,127.44,3120,12528000.0,CALL,2026-05-15,87.5,686,117.24,0.961471446,0.002874495,-0.093263648,0.020730762,14,100.0,US.C,0.31340238543628374,"成交额 $12,528,000 ≥ 阈值 $500,000 | 成交量 3,120 手",US.C,2026-05-02 08:35:51
US.C260515C105000,C 260515 105.00C,127.44,5472,12416925.0,CALL,2026-05-15,105.0,1281,63.186,0.950291927,0.006550383,-0.066353504,0.025459434,14,100.0,US.C,0.17608286252354047,"成交额 $12,416,925 ≥ 阈值 $500,000 | 成交量 5,472 手",US.C,2026-05-02 08:35:51
US.C260515C97500,C 260515 97.50C,127.44,3900,11738100.0,CALL,2026-05-15,97.5,988,89.118,0.949355228,0.004713923,-0.090142308,0.025841698,14,100.0,US.C,0.23493408662900186,"成交额 $11,738,100 ≥ 阈值 $500,000 | 成交量 3,900 手",US.C,2026-05-02 08:35:51
US.C260515C92500,C 260515 92.50C,127.44,3123,10957550.0,CALL,2026-05-15,92.5,790,102.376,0.956807334,0.003611624,-0.090328488,0.022744559,14,100.0,US.C,0.2741682360326428,"成交额 $10,957,550 ≥ 阈值 $500,000 | 成交量 3,123 手",US.C,2026-05-02 08:35:51
US.C260618C62500,C 260618 62.50C,127.44,1560,10203240.0,CALL,2026-06-18,62.5,335,102.913,0.982639295,0.000904124,-0.026945701,0.019801193,48,100.0,US.C,0.5095731324544884,"成交额 $10,203,240 ≥ 阈值 $500,000 | 成交量 1,560 手",US.C,2026-05-02 08:35:51
US.C260618C55000,C 260618 55.00C,127.44,1145,8297475.0,CALL,2026-06-18,55.0,113,110.012,0.989862465,0.000531471,-0.019351325,0.012443245,48,100.0,US.C,0.5684243565599497,"成交额 $8,297,475 ≥ 阈值 $500,000 | 成交量 1,145 手",US.C,2026-05-02 08:35:51
US.C260515C135000,C 260515 135.00C,127.44,56889,6953608.0,CALL,2026-05-15,135.0,17266,33.242,0.201245729,0.034082759,-0.086489212,0.069678312,14,100.0,US.C,-0.05932203389830511,"成交额 $6,953,608 ≥ 阈值 $500,000 | 成交量 56,889 手",US.C,2026-05-02 08:35:51
US.C260618C50000,C 260618 50.00C,127.44,895,6919650.0,CALL,2026-06-18,50.0,93,0.0,0.0,0.0,0.0,0.0,48,100.0,US.C,0.6076585059635907,"成交额 $6,919,650 ≥ 阈值 $500,000 | 成交量 895 手",US.C,2026-05-02 08:35:51
US.C260515C90000,C 260515 90.00C,127.44,1564,5870558.0,CALL,2026-05-15,90.0,333,95.846,0.975313147,0.002432702,-0.056061738,0.014343695,14,100.0,US.C,0.2937853107344633,"成交额 $5,870,558 ≥ 阈值 $500,000 | 成交量 1,564 手",US.C,2026-05-02 08:35:51
US.C260515C65000,C 260515 65.00C,127.44,825,5160025.0,CALL,2026-05-15,65.0,86,193.704,0.976037928,0.001173979,-0.100177642,0.013988847,14,100.0,US.C,0.48995605775266793,"成交额 $5,160,025 ≥ 阈值 $500,000 | 成交量 825 手",US.C,2026-05-02 08:35:51
US.C260515C95000,C 260515 95.00C,127.44,1560,5069640.0,CALL,2026-05-15,95.0,321,0.0,0.0,0.0,0.0,0.0,14,100.0,US.C,0.25455116133082234,"成交额 $5,069,640 ≥ 阈值 $500,000 | 成交量 1,560 手",US.C,2026-05-02 08:35:51
US.C260618C82500,C 260618 82.50C,127.44,848,3840960.0,CALL,2026-06-18,82.5,725,60.91,0.982313517,0.001552043,-0.02054137,0.02012064,48,100.0,US.C,0.35263653483992463,"成交额 $3,840,960 ≥ 阈值 $500,000 | 成交量 848 手",US.C,2026-05-02 08:35:51
US.C260515C80000,C 260515 80.00C,127.44,780,3718800.0,CALL,2026-05-15,80.0,90,128.385,0.976919914,0.00171625,-0.067704893,0.013554612,14,100.0,US.C,0.37225360954174513,"成交额 $3,718,800 ≥ 阈值 $500,000 | 成交量 780 手",US.C,2026-05-02 08:35:51
US.C260515C75000,C 260515 75.00C,127.44,695,3675450.0,CALL,2026-05-15,75.0,71,113.426,0.994102569,0.000595218,-0.022953877,0.004153972,14,100.0,US.C,0.41148775894538603,"成交额 $3,675,450 ≥ 阈值 $500,000 | 成交量 695 手",US.C,2026-05-02 08:35:51
US.C260515C82500,C 260515 82.50C,127.44,780,3523440.0,CALL,2026-05-15,82.5,145,132.849,0.965349947,0.002325828,-0.0959438,0.019007149,14,100.0,US.C,0.35263653483992463,"成交额 $3,523,440 ≥ 阈值 $500,000 | 成交量 780 手",US.C,2026-05-02 08:35:51
US.C260515C60000,C 260515 60.00C,127.44,470,3190550.0,CALL,2026-05-15,60.0,46,214.53,0.978114994,0.000982055,-0.102052713,0.012960117,14,100.0,US.C,0.5291902071563088,"成交额 $3,190,550 ≥ 阈值 $500,000 | 成交量 470 手",US.C,2026-05-02 08:35:51
US.C260515C55000,C 260515 55.00C,127.44,375,2720750.0,CALL,2026-05-15,55.0,37,239.261,0.979343752,0.000838549,-0.107569952,0.012341985,14,100.0,US.C,0.5684243565599497,"成交额 $2,720,750 ≥ 阈值 $500,000 | 成交量 375 手",US.C,2026-05-02 08:35:51
US.C260618C40000,C 260618 40.00C,127.44,275,2401775.0,CALL,2026-06-18,40.0,25,161.088,0.988900356,0.000392786,-0.026121836,0.013464931,48,100.0,US.C,0.6861268047708725,"成交额 $2,401,775 ≥ 阈值 $500,000 | 成交量 275 手",US.C,2026-05-02 08:35:51
US.C260717C125000,C 260717 125.00C,127.44,2024,2060236.0,CALL,2026-07-17,125.0,1110,32.323,0.601025606,0.020429364,-0.054338346,0.225726241,77,100.0,US.C,0.019146264908976755,"成交额 $2,060,236 ≥ 阈值 $500,000 | 成交量 2,024 手",US.C,2026-05-02 08:35:51
US.C260515C120000,C 260515 120.00C,127.44,2081,2038315.0,CALL,2026-05-15,120.0,14936,29.603,0.863620912,0.029777106,-0.068120798,0.054204555,14,100.0,US.C,0.05838041431261769,"成交额 $2,038,315 ≥ 阈值 $500,000 | 成交量 2,081 手",US.C,2026-05-02 08:35:51
US.C260515C77500,C 260515 77.50C,127.44,345,1736725.0,CALL,2026-05-15,77.5,35,147.888,0.969723468,0.001869201,-0.094889577,0.01700477,14,100.0,US.C,0.3918706842435656,"成交额 $1,736,725 ≥ 阈值 $500,000 | 成交量 345 手",US.C,2026-05-02 08:35:51
US.C260618C57500,C 260618 57.50C,127.44,220,1541325.0,CALL,2026-06-18,57.5,22,96.713,0.993091379,0.000431748,-0.01438297,0.008887503,48,100.0,US.C,0.5488072818581293,"成交额 $1,541,325 ≥ 阈值 $500,000 | 成交量 220 手",US.C,2026-05-02 08:35:51
US.C260508C110000,C 260508 110.00C,127.44,670,1173275.0,CALL,2026-05-08,110.0,66,0.0,0.0,0.0,0.0,0.0,7,100.0,US.C,0.13684871311989955,"成交额 $1,173,275 ≥ 阈值 $500,000 | 成交量 670 手",US.C,2026-05-02 08:35:51
US.C260508C115000,C 260508 115.00C,127.44,780,978960.0,CALL,2026-05-08,115.0,143,29.068,0.995616751,0.002538208,-0.015199403,0.00225183,7,100.0,US.C,0.09761456371625861,"成交额 $978,960 ≥ 阈值 $500,000 | 成交量 780 手",US.C,2026-05-02 08:35:51
US.C260717C100000,C 260717 100.00C,127.44,306,912839.0,CALL,2026-07-17,100.0,2589,34.361,0.952081959,0.004962139,-0.022198536,0.05827534,77,100.0,US.C,0.21531701192718142,"成交额 $912,839 ≥ 阈值 $500,000 | 成交量 306 手",US.C,2026-05-02 08:35:51
US.C261120C95000,C 261120 95.00C,127.44,239,881055.0,CALL,2026-11-20,95.0,100,34.271,0.912519315,0.004882874,-0.020759063,0.151008158,203,100.0,US.C,0.25455116133082234,"成交额 $881,055 ≥ 阈值 $500,000 | 成交量 239 手",US.C,2026-05-02 08:35:51
US.C260821C90000,C 260821 90.00C,127.44,217,861917.0,CALL,2026-08-21,90.0,270,35.769,0.972062364,0.002541732,-0.015669108,0.04524258,112,100.0,US.C,0.2937853107344633,"成交额 $861,917 ≥ 阈值 $500,000 | 成交量 217 手",US.C,2026-05-02 08:35:51
US.C260508C117000,C 260508 117.00C,127.44,693,737492.0,CALL,2026-05-08,117.0,70,44.199,0.927251394,0.017955058,-0.085572871,0.024096085,7,100.0,US.C,0.08192090395480224,"成交额 $737,492 ≥ 阈值 $500,000 | 成交量 693 手",US.C,2026-05-02 08:35:51
US.C260918C105000,C 260918 105.00C,127.44,271,728442.0,CALL,2026-09-18,105.0,808,33.426,0.86581004,0.008200877,-0.02879435,0.170499195,140,100.0,US.C,0.17608286252354047,"成交额 $728,442 ≥ 阈值 $500,000 | 成交量 271 手",US.C,2026-05-02 08:35:51
US.C260508C116000,C 260508 116.00C,127.44,653,724573.0,CALL,2026-05-08,116.0,67,0.0,0.0,0.0,0.0,0.0,7,100.0,US.C,0.08976773383553042,"成交额 $724,573 ≥ 阈值 $500,000 | 成交量 653 手",US.C,2026-05-02 08:35:51
US.C260515C145000,C 260515 145.00C,127.44,55149,705671.0,CALL,2026-05-15,145.0,4954,35.049,0.033018985,0.008472784,-0.02242464,0.018272418,14,100.0,US.C,-0.13779033270558697,"成交额 $705,671 ≥ 阈值 $500,000 | 成交量 55,149 手",US.C,2026-05-02 08:35:51
US.CAT260821P600000,CAT 260821 600.00P,889.67,7043,3994639.0,PUT,2026-08-21,600.0,535,49.591,-0.053736401,0.000447209,-0.114419343,0.537702023,112,100.0,US.CAT,-0.3255926354715793,"成交额 $3,994,639 ≥ 阈值 $500,000 | 成交量 7,043 手",US.CAT,2026-05-02 08:36:44
US.CAT260515P890000,CAT 260515 890.00P,889.67,366,974091.0,PUT,2026-05-15,890.0,78,35.855,-0.481349475,0.00644194,-0.870632334,0.689491444,14,100.0,US.CAT,0.00037092405049067736,"成交额 $974,091 ≥ 阈值 $500,000 | 成交量 366 手",US.CAT,2026-05-02 08:36:44
US.CAT260529P860000,CAT 260529 860.00P,889.67,424,900533.0,PUT,2026-05-29,860.0,361,36.222,-0.339418689,0.004127614,-0.561131063,0.898761733,28,100.0,US.CAT,-0.03334944417593036,"成交额 $900,533 ≥ 阈值 $500,000 | 成交量 424 手",US.CAT,2026-05-02 08:36:44
US.CAT260508C860000,CAT 260508 860.00C,889.67,224,871475.0,CALL,2026-05-08,860.0,50,39.163,0.74946985,0.006677472,-1.198877012,0.386969176,7,100.0,US.CAT,0.03334944417593036,"成交额 $871,475 ≥ 阈值 $500,000 | 成交量 224 手",US.CAT,2026-05-02 08:36:44
US.CAT260918P780000,CAT 260918 780.00P,889.67,206,842970.0,PUT,2026-09-18,780.0,162,43.627,-0.252454702,0.001338224,-0.252073791,1.756876511,140,100.0,US.CAT,-0.12327042611305311,"成交额 $842,970 ≥ 阈值 $500,000 | 成交量 206 手",US.CAT,2026-05-02 08:36:44
US.CBOE260515C300000,CBOE 260515 300.00C,326.96,431,1174120.0,CALL,2026-05-15,300.0,547,41.376,0.869907222,0.0080384,-0.226423173,0.134653245,14,100.0,US.CBOE,0.08245656961096152,"成交额 $1,174,120 ≥ 阈值 $500,000 | 成交量 431 手",US.CBOE,2026-05-02 08:37:17
US.CBOE260508C310000,CBOE 260508 310.00C,326.96,497,890980.0,CALL,2026-05-08,310.0,520,40.383,0.842413716,0.013341685,-0.34470207,0.10768816,7,100.0,US.CBOE,0.05187178859799358,"成交额 $890,980 ≥ 阈值 $500,000 | 成交量 497 手",US.CBOE,2026-05-02 08:37:17
US.CBOE260508C315000,CBOE 260508 315.00C,326.96,559,660542.0,CALL,2026-05-08,315.0,37,34.269,0.797605884,0.018402276,-0.345426174,0.126043921,7,100.0,US.CBOE,0.036579398091509605,"成交额 $660,542 ≥ 阈值 $500,000 | 成交量 559 手",US.CBOE,2026-05-02 08:37:17
US.CBOE260918C340000,CBOE 260918 340.00C,326.96,426,641381.0,CALL,2026-09-18,340.0,18,24.543,0.464145789,0.007999533,-0.084164916,0.804048724,140,100.0,US.CBOE,-0.03988255444091027,"成交额 $641,381 ≥ 阈值 $500,000 | 成交量 426 手",US.CBOE,2026-05-02 08:37:17
US.CCL260717C32000,CCL 260717 32.00C,26.66,5140,539228.0,CALL,2026-07-17,32.0,7482,51.297,0.265772914,0.052281511,-0.014025746,0.040117708,77,100.0,US.CCL,-0.2003000750187547,"成交额 $539,228 ≥ 阈值 $500,000 | 成交量 5,140 手",US.CCL,2026-05-02 08:37:36
US.CCL260618C25000,CCL 260618 25.00C,26.66,1713,536172.0,CALL,2026-06-18,25.0,6199,51.864,0.677826504,0.071652175,-0.020359947,0.034606934,48,100.0,US.CCL,0.0622655663915979,"成交额 $536,172 ≥ 阈值 $500,000 | 成交量 1,713 手",US.CCL,2026-05-02 08:37:36
US.CDNS260618C345000,CDNS 260618 345.00C,340.94,1019,1914850.0,CALL,2026-06-18,345.0,173,42.929,0.512807042,0.007526101,-0.237425291,0.492086887,48,100.0,US.CDNS,-0.011908253651668923,"成交额 $1,914,850 ≥ 阈值 $500,000 | 成交量 1,019 手",US.CDNS,2026-05-02 08:37:53
US.CDNS260918P360000,CDNS 260918 360.00P,340.94,300,1443000.0,PUT,2026-09-18,360.0,29,43.814,-0.512099542,0.004429547,-0.114459752,0.838083711,140,100.0,US.CDNS,0.055904264680002355,"成交额 $1,443,000 ≥ 阈值 $500,000 | 成交量 300 手",US.CDNS,2026-05-02 08:37:53
US.CEG260515P310000,CEG 260515 310.00P,307.81,1510,2079475.0,PUT,2026-05-15,310.0,3955,63.826,-0.494080407,0.010452029,-0.546555506,0.238888546,14,100.0,US.CEG,0.007114778597186569,"成交额 $2,079,475 ≥ 阈值 $500,000 | 成交量 1,510 手",US.CEG,2026-05-02 08:38:27
US.CEG260618C320000,CEG 260618 320.00C,307.81,367,811730.0,CALL,2026-06-18,320.0,1381,52.843,0.467102934,0.006752736,-0.258399044,0.442985232,48,100.0,US.CEG,-0.03960235210032162,"成交额 $811,730 ≥ 阈值 $500,000 | 成交量 367 手",US.CEG,2026-05-02 08:38:27
US.CEG260515P275000,CEG 260515 275.00P,307.81,2272,762628.0,PUT,2026-05-15,275.0,81,69.668,-0.181736795,0.006326941,-0.395139659,0.158117839,14,100.0,US.CEG,-0.1065917286637861,"成交额 $762,628 ≥ 阈值 $500,000 | 成交量 2,272 手",US.CEG,2026-05-02 08:38:27
US.CEG260618P320000,CEG 260618 320.00P,307.81,233,594248.0,PUT,2026-06-18,320.0,748,52.917,-0.53490453,0.006799828,-0.229457094,0.442219139,48,100.0,US.CEG,0.03960235210032162,"成交额 $594,248 ≥ 阈值 $500,000 | 成交量 233 手",US.CEG,2026-05-02 08:38:27
US.CF260717C110000,CF 260717 110.00C,122.69,533,1052013.0,CALL,2026-07-17,110.0,1451,49.811,0.734159483,0.011701141,-0.067127609,0.184653611,77,100.0,US.CF,0.10343141250305647,"成交额 $1,052,013 ≥ 阈值 $500,000 | 成交量 533 手",US.CF,2026-05-02 08:38:44
US.CF260508C120000,CF 260508 120.00C,122.69,901,614660.0,CALL,2026-05-08,120.0,822,73.931,0.608938541,0.030958495,-0.368901468,0.064416256,7,100.0,US.CF,0.0219251772760616,"成交额 $614,660 ≥ 阈值 $500,000 | 成交量 901 手",US.CF,2026-05-02 08:38:44
US.CHTR260918C175000,CHTR 260918 175.00C,171.74,265,574628.0,CALL,2026-09-18,175.0,4,52.618,0.558738775,0.007055246,-0.086437931,0.419455476,140,100.0,US.CHTR,-0.018982182368696813,"成交额 $574,628 ≥ 阈值 $500,000 | 成交量 265 手",US.CHTR,2026-05-02 08:39:53
US.CHTR260618P155000,CHTR 260618 155.00P,171.74,1237,521353.0,PUT,2026-06-18,155.0,1662,47.526,-0.239646037,0.010533483,-0.092182212,0.193001821,48,100.0,US.CHTR,-0.09747292418772568,"成交额 $521,353 ≥ 阈值 $500,000 | 成交量 1,237 手",US.CHTR,2026-05-02 08:39:53
US.CI260618C280000,CI 260618 280.00C,282.9,1119,1622682.0,CALL,2026-06-18,280.0,215,27.032,0.580356828,0.014118162,-0.128717568,0.400209325,48,100.0,US.CI,0.010250972074938062,"成交额 $1,622,682 ≥ 阈值 $500,000 | 成交量 1,119 手",US.CI,2026-05-02 08:40:10
US.CIEN260515P480000,CIEN 260515 480.00P,535.29,1094,1475241.0,PUT,2026-05-15,480.0,1043,84.577,-0.225848849,0.003412124,-0.955415718,0.313080179,14,100.0,US.CIEN,-0.10328980552597651,"成交额 $1,475,241 ≥ 阈值 $500,000 | 成交量 1,094 手",US.CIEN,2026-05-02 08:40:27
US.CIEN260508C500000,CIEN 260508 500.00C,535.29,264,1304598.0,CALL,2026-05-08,500.0,280,83.168,0.746182084,0.005261991,-1.499219111,0.234463431,7,100.0,US.CIEN,0.06592688075622553,"成交额 $1,304,598 ≥ 阈值 $500,000 | 成交量 264 手",US.CIEN,2026-05-02 08:40:27
US.CIEN260515C565000,CIEN 260515 565.00C,535.29,320,751428.0,CALL,2026-05-15,565.0,807,81.807,0.400892559,0.004535831,-1.230402157,0.402712293,14,100.0,US.CIEN,-0.05550262474546515,"成交额 $751,428 ≥ 阈值 $500,000 | 成交量 320 手",US.CIEN,2026-05-02 08:40:27
US.CIEN260508C540000,CIEN 260508 540.00C,535.29,254,593435.0,CALL,2026-05-08,540.0,170,83.13,0.49431034,0.006555654,-1.872530793,0.291981234,7,100.0,US.CIEN,-0.008798968783276424,"成交额 $593,435 ≥ 阈值 $500,000 | 成交量 254 手",US.CIEN,2026-05-02 08:40:27
US.CIEN260515C560000,CIEN 260515 560.00C,535.29,231,565409.0,CALL,2026-05-15,560.0,281,81.922,0.422810036,0.004586691,-1.249258759,0.407800771,14,100.0,US.CIEN,-0.046161893553027404,"成交额 $565,409 ≥ 阈值 $500,000 | 成交量 231 手",US.CIEN,2026-05-02 08:40:27
US.CIEN260515P490000,CIEN 260515 490.00P,535.29,342,512984.0,PUT,2026-05-15,490.0,1927,85.615,-0.26707779,0.003688314,-1.060340495,0.342548722,14,100.0,US.CIEN,-0.08460834314110102,"成交额 $512,984 ≥ 阈值 $500,000 | 成交量 342 手",US.CIEN,2026-05-02 08:40:27
US.CLX260515P95000,CLX 260515 95.00P,87.11,3367,2169029.0,PUT,2026-05-15,95.0,4858,35.033,-0.894885973,0.033647658,-0.032554426,0.030474917,14,100.0,US.CLX,0.09057513488692459,"成交额 $2,169,029 ≥ 阈值 $500,000 | 成交量 3,367 手",US.CLX,2026-05-02 08:41:02
US.CLX260717P125000,CLX 260717 125.00P,87.11,364,1399032.0,PUT,2026-07-17,125.0,361,53.18,-0.931561663,0.009546862,-0.012731661,0.049937954,77,100.0,US.CLX,0.4349672827459534,"成交额 $1,399,032 ≥ 阈值 $500,000 | 成交量 364 手",US.CLX,2026-05-02 08:41:02
US.CMG260605P29000,CMG 260605 29.00P,32.98,41421,953134.0,PUT,2026-06-05,29.0,84,38.134,-0.119344593,0.051324968,-0.010725569,0.020287116,35,100.0,US.CMG,-0.12067919951485741,"成交额 $953,134 ≥ 阈值 $500,000 | 成交量 41,421 手",US.CMG,2026-05-02 08:41:53
US.CMI260618C700000,CMI 260618 700.00C,657.44,1006,2192864.0,CALL,2026-06-18,700.0,315,37.947,0.361903075,0.0041503,-0.376890929,0.891872247,48,100.0,US.CMI,-0.0647359454855195,"成交额 $2,192,864 ≥ 阈值 $500,000 | 成交量 1,006 手",US.CMI,2026-05-02 08:41:55
US.COF260515C165000,COF 260515 165.00C,191.91,246,675880.0,CALL,2026-05-15,165.0,4,46.742,0.957408586,0.005193737,-0.070944887,0.033864144,14,100.0,US.COF,0.14022197905268094,"成交额 $675,880 ≥ 阈值 $500,000 | 成交量 246 手",US.COF,2026-05-02 08:42:46
US.COHR260508C347500,COHR 260508 347.50C,329.5,1227,2011827.0,CALL,2026-05-08,347.5,22,129.895,0.418074867,0.00667228,-1.74677405,0.175943435,7,100.0,US.COHR,-0.054628224582701064,"成交额 $2,011,827 ≥ 阈值 $500,000 | 成交量 1,227 手",US.COHR,2026-05-02 08:43:04
US.COHR260508P297500,COHR 260508 297.50P,329.5,1221,1300698.0,PUT,2026-05-08,297.5,116,135.537,-0.25868074,0.005298282,-1.477641713,0.14575911,7,100.0,US.COHR,-0.09711684370257967,"成交额 $1,300,698 ≥ 阈值 $500,000 | 成交量 1,221 手",US.COHR,2026-05-02 08:43:04
US.COHR260508P325000,COHR 260508 325.00P,329.5,548,1109185.0,PUT,2026-05-08,325.0,21,128.648,-0.432611087,0.006786488,-1.720777053,0.177170276,7,100.0,US.COHR,-0.013657056145675266,"成交额 $1,109,185 ≥ 阈值 $500,000 | 成交量 548 手",US.COHR,2026-05-02 08:43:04
US.COHR260508C350000,COHR 260508 350.00C,329.5,338,506426.0,CALL,2026-05-08,350.0,280,131.366,0.404230828,0.006545029,-1.750389486,0.174542429,7,100.0,US.COHR,-0.0622154779969651,"成交额 $506,426 ≥ 阈值 $500,000 | 成交量 338 手",US.COHR,2026-05-02 08:43:04
US.COP260717C125000,COP 260717 125.00C,123.19,1467,1005912.0,CALL,2026-07-17,125.0,3492,31.612,0.509812028,0.022322061,-0.052101535,0.225401703,77,100.0,US.COP,-0.014692751034986625,"成交额 $1,005,912 ≥ 阈值 $500,000 | 成交量 1,467 手",US.COP,2026-05-02 08:43:38
US.COST260515C1100000,COST 260515 1100.00C,1011.7,5106,668612.0,CALL,2026-05-15,1100.0,1986,24.988,0.047653905,0.002017196,-0.174508583,0.195398365,14,100.0,US.COST,-0.08727883760007903,"成交额 $668,612 ≥ 阈值 $500,000 | 成交量 5,106 手",US.COST,2026-05-02 08:44:12
US.CRM260618P280000,CRM 260618 280.00P,183.82,241,2325600.0,PUT,2026-06-18,280.0,1058,0.0,0.0,0.0,0.0,0.0,48,100.0,US.CRM,0.5232292460015233,"成交额 $2,325,600 ≥ 阈值 $500,000 | 成交量 241 手",US.CRM,2026-05-02 08:45:38
US.CRM260618P270000,CRM 260618 270.00P,183.82,202,1746750.0,PUT,2026-06-18,270.0,171,0.0,0.0,0.0,0.0,0.0,48,100.0,US.CRM,0.46882820150146887,"成交额 $1,746,750 ≥ 阈值 $500,000 | 成交量 202 手",US.CRM,2026-05-02 08:45:38
US.CRM260618C200000,CRM 260618 200.00C,183.82,1503,1044499.0,CALL,2026-06-18,200.0,13452,49.007,0.359401648,0.011466366,-0.133829142,0.24878001,48,100.0,US.CRM,-0.08802089000108806,"成交额 $1,044,499 ≥ 阈值 $500,000 | 成交量 1,503 手",US.CRM,2026-05-02 08:45:38
US.CRM260508P185000,CRM 260508 185.00P,183.82,1207,722088.0,PUT,2026-05-08,185.0,121,44.994,-0.525294974,0.035269091,-0.333401594,0.100042505,7,100.0,US.CRM,0.006419323251006456,"成交额 $722,088 ≥ 阈值 $500,000 | 成交量 1,207 手",US.CRM,2026-05-02 08:45:38
US.CRWD260508C455000,CRWD 260508 455.00C,455.64,458,539160.0,CALL,2026-05-08,455.0,136,49.022,0.525755544,0.013034527,-0.94876893,0.248035682,7,100.0,US.CRWD,0.001404617680625025,"成交额 $539,160 ≥ 阈值 $500,000 | 成交量 458 手",US.CRWD,2026-05-02 08:45:56
US.CSCO260618C95000,CSCO 260618 95.00C,91.85,2142,756250.0,CALL,2026-06-18,95.0,5206,34.005,0.431020185,0.03475705,-0.050275184,0.130648575,48,100.0,US.CSCO,-0.03429504627109424,"成交额 $756,250 ≥ 阈值 $500,000 | 成交量 2,142 手",US.CSCO,2026-05-02 08:46:13
US.CSCO260515C90000,CSCO 260515 90.00C,91.85,1612,737596.0,CALL,2026-05-15,90.0,13390,44.889,0.614974631,0.047636177,-0.118114895,0.06833184,14,100.0,US.CSCO,0.02014153511159493,"成交额 $737,596 ≥ 阈值 $500,000 | 成交量 1,612 手",US.CSCO,2026-05-02 08:46:13
US.CSCO260515C80000,CSCO 260515 80.00C,91.85,541,693146.0,CALL,2026-05-15,80.0,2983,52.277,0.922487932,0.015532057,-0.055492681,0.025943765,14,100.0,US.CSCO,0.12901469787697328,"成交额 $693,146 ≥ 阈值 $500,000 | 成交量 541 手",US.CSCO,2026-05-02 08:46:13
US.CSCO260618C97500,CSCO 260618 97.50C,91.85,2151,570584.0,CALL,2026-06-18,97.5,595,33.724,0.34862853,0.032986591,-0.046463795,0.122962582,48,100.0,US.CSCO,-0.061513336962438825,"成交额 $570,584 ≥ 阈值 $500,000 | 成交量 2,151 手",US.CSCO,2026-05-02 08:46:13
US.CVNA260918C720000,CVNA 260918 720.00C,382.6,1661,748101.0,CALL,2026-09-18,720.0,1149,62.176,0.078618466,0.000996482,-0.079544478,0.347417726,140,100.0,US.CVNA,-0.8818609513852587,"成交额 $748,101 ≥ 阈值 $500,000 | 成交量 1,661 手",US.CVNA,2026-05-02 08:47:57
US.CVNA260717P220000,CVNA 260717 220.00P,382.6,2118,722403.0,PUT,2026-07-17,220.0,35,83.011,-0.048239898,0.000687823,-0.092843036,0.175941987,77,100.0,US.CVNA,-0.42498693152117095,"成交额 $722,403 ≥ 阈值 $500,000 | 成交量 2,118 手",US.CVNA,2026-05-02 08:47:57
US.CVX260515P200000,CVX 260515 200.00P,190.63,1548,1605283.0,PUT,2026-05-15,200.0,7671,27.108,-0.809829471,0.028280354,-0.086195128,0.100001021,14,100.0,US.CVX,0.049152809106646406,"成交额 $1,605,283 ≥ 阈值 $500,000 | 成交量 1,548 手",US.CVX,2026-05-02 08:48:31
US.CVX260618C190000,CVX 260618 190.00C,190.63,796,611367.0,CALL,2026-06-18,190.0,8237,24.927,0.553489939,0.02298449,-0.081206672,0.272803141,48,100.0,US.CVX,0.0033048313486859124,"成交额 $611,367 ≥ 阈值 $500,000 | 成交量 796 手",US.CVX,2026-05-02 08:48:31
US.CVX260618C200000,CVX 260618 200.00C,190.63,1345,546513.0,CALL,2026-06-18,200.0,9302,25.764,0.338375925,0.020571945,-0.074261782,0.252332202,48,100.0,US.CVX,-0.049152809106646406,"成交额 $546,513 ≥ 阈值 $500,000 | 成交量 1,345 手",US.CVX,2026-05-02 08:48:31
US.CVX260515C200000,CVX 260515 200.00C,190.63,3326,518171.0,CALL,2026-05-15,200.0,12732,29.422,0.216126017,0.026849218,-0.120192965,0.108697519,14,100.0,US.CVX,-0.049152809106646406,"成交额 $518,171 ≥ 阈值 $500,000 | 成交量 3,326 手",US.CVX,2026-05-02 08:48:31
US.DDOG260515C150000,DDOG 260515 150.00C,140.53,6441,4122042.0,CALL,2026-05-15,150.0,5839,95.34,0.400799492,0.014823934,-0.375464848,0.105719623,14,100.0,US.DDOG,-0.06738774638867145,"成交额 $4,122,042 ≥ 阈值 $500,000 | 成交量 6,441 手",US.DDOG,2026-05-02 08:49:41
US.DDOG260508C93000,DDOG 260508 93.00C,140.53,420,2088282.0,CALL,2026-05-08,93.0,0,172.604,0.969252541,0.002093626,-0.163993376,0.013344892,7,100.0,US.DDOG,0.33821959723902373,"成交额 $2,088,282 ≥ 阈值 $500,000 | 成交量 420 手",US.DDOG,2026-05-02 08:49:41
US.DDOG260508C98000,DDOG 260508 98.00C,140.53,422,1892099.0,CALL,2026-05-08,98.0,0,168.688,0.953607886,0.002996518,-0.226454871,0.018666476,7,100.0,US.DDOG,0.30264000569273464,"成交额 $1,892,099 ≥ 阈值 $500,000 | 成交量 422 手",US.DDOG,2026-05-02 08:49:41
US.DDOG260522C150000,DDOG 260522 150.00C,140.53,2339,1702560.0,CALL,2026-05-22,150.0,45,86.034,0.41897641,0.01352811,-0.278981078,0.131142286,21,100.0,US.DDOG,-0.06738774638867145,"成交额 $1,702,560 ≥ 阈值 $500,000 | 成交量 2,339 手",US.DDOG,2026-05-02 08:49:41
US.DDOG260618C165000,DDOG 260618 165.00C,140.53,2269,1478436.0,CALL,2026-06-18,165.0,651,68.407,0.306687788,0.010090651,-0.131818189,0.178611633,48,100.0,US.DDOG,-0.1741265210275386,"成交额 $1,478,436 ≥ 阈值 $500,000 | 成交量 2,269 手",US.DDOG,2026-05-02 08:49:41
US.DDOG260515C135000,DDOG 260515 135.00C,140.53,1107,1456707.0,CALL,2026-05-15,135.0,1969,97.63,0.623057838,0.014223938,-0.380806104,0.103877963,14,100.0,US.DDOG,0.039351028250195694,"成交额 $1,456,707 ≥ 阈值 $500,000 | 成交量 1,107 手",US.DDOG,2026-05-02 08:49:41
US.DDOG260515C140000,DDOG 260515 140.00C,140.53,985,950558.0,CALL,2026-05-15,140.0,2175,96.714,0.548347813,0.014971191,-0.392604322,0.108308914,14,100.0,US.DDOG,0.0037714367039066474,"成交额 $950,558 ≥ 阈值 $500,000 | 成交量 985 手",US.DDOG,2026-05-02 08:49:41
US.DDOG260515C145000,DDOG 260515 145.00C,140.53,858,741807.0,CALL,2026-05-15,145.0,3410,95.599,0.472939735,0.015222777,-0.389047532,0.108859906,14,100.0,US.DDOG,-0.0318081548423824,"成交额 $741,807 ≥ 阈值 $500,000 | 成交量 858 手",US.DDOG,2026-05-02 08:49:41
US.DDOG260515C120000,DDOG 260515 120.00C,140.53,298,638298.0,CALL,2026-05-15,120.0,2546,107.83,0.806211529,0.009313262,-0.304227284,0.075119618,14,100.0,US.DDOG,0.14608980288906284,"成交额 $638,298 ≥ 阈值 $500,000 | 成交量 298 手",US.DDOG,2026-05-02 08:49:41
US.DDOG260508P131000,DDOG 260508 131.00P,140.53,1072,546181.0,PUT,2026-05-08,131.0,9,122.524,-0.306157358,0.014904445,-0.620317893,0.06742359,7,100.0,US.DDOG,-0.06781470148722693,"成交额 $546,181 ≥ 阈值 $500,000 | 成交量 1,072 手",US.DDOG,2026-05-02 08:49:41
US.DECK260508C95000,DECK 260508 95.00C,100.88,1686,1306813.0,CALL,2026-05-08,95.0,13,43.178,0.855009783,0.038265018,-0.107143591,0.031432724,7,100.0,US.DECK,0.058287073750991236,"成交额 $1,306,813 ≥ 阈值 $500,000 | 成交量 1,686 手",US.DECK,2026-05-02 08:50:14
US.DECK260508C96000,DECK 260508 96.00C,100.88,1617,1109865.0,CALL,2026-05-08,96.0,70,39.518,0.830759061,0.0462888,-0.109098564,0.034799597,7,100.0,US.DECK,0.04837430610626483,"成交额 $1,109,865 ≥ 阈值 $500,000 | 成交量 1,617 手",US.DECK,2026-05-02 08:50:14
US.DELL260717C210000,DELL 260717 210.00C,210.17,401,902551.0,CALL,2026-07-17,210.0,2646,58.075,0.565494956,0.007028071,-0.153434183,0.379472608,77,100.0,US.DELL,0.0008088690108007208,"成交额 $902,551 ≥ 阈值 $500,000 | 成交量 401 手",US.DELL,2026-05-02 08:50:32
US.DG260508C107000,DG 260508 107.00C,114.43,1006,814552.0,CALL,2026-05-08,107.0,50,0.0,0.0,0.0,0.0,0.0,7,100.0,US.DG,0.06493052521192001,"成交额 $814,552 ≥ 阈值 $500,000 | 成交量 1,006 手",US.DG,2026-05-02 08:50:49
US.DG260508C108000,DG 260508 108.00C,114.43,1082,779425.0,CALL,2026-05-08,108.0,90,35.414,0.89111682,0.033686089,-0.083890138,0.029198244,7,100.0,US.DG,0.056191558157825804,"成交额 $779,425 ≥ 阈值 $500,000 | 成交量 1,082 手",US.DG,2026-05-02 08:50:49
US.DHR260618P160000,DHR 260618 160.00P,175.15,6651,1250534.0,PUT,2026-06-18,160.0,108,30.838,-0.182642437,0.013572836,-0.051207934,0.1677014,48,100.0,US.DHR,-0.0864972880388239,"成交额 $1,250,534 ≥ 阈值 $500,000 | 成交量 6,651 手",US.DHR,2026-05-02 08:51:25
US.DIS260618P100000,DIS 260618 100.00P,103.08,3513,1086139.0,PUT,2026-06-18,100.0,8742,32.131,-0.361503936,0.031444466,-0.04364449,0.139587409,48,100.0,US.DIS,-0.029879705083430328,"成交额 $1,086,139 ≥ 阈值 $500,000 | 成交量 3,513 手",US.DIS,2026-05-02 08:51:58
US.DIS260918P105000,DIS 260918 105.00P,103.08,1189,951394.0,PUT,2026-09-18,105.0,1516,31.179,-0.479410311,0.020676857,-0.023776393,0.252698808,140,100.0,US.DIS,0.018626309662398154,"成交额 $951,394 ≥ 阈值 $500,000 | 成交量 1,189 手",US.DIS,2026-05-02 08:51:58
US.DIS260508C85000,DIS 260508 85.00C,103.08,400,734237.0,CALL,2026-05-08,85.0,16,97.785,0.935012291,0.009197668,-0.130139488,0.017869124,7,100.0,US.DIS,0.17539774932091579,"成交额 $734,237 ≥ 阈值 $500,000 | 成交量 400 手",US.DIS,2026-05-02 08:51:58
US.DIS260717C105000,DIS 260717 105.00C,103.08,1394,683524.0,CALL,2026-07-17,105.0,2063,28.446,0.492959919,0.029650995,-0.039603932,0.188633909,77,100.0,US.DIS,-0.018626309662398154,"成交额 $683,524 ≥ 阈值 $500,000 | 成交量 1,394 手",US.DIS,2026-05-02 08:51:58
US.DIS260508C88000,DIS 260508 88.00C,103.08,400,616841.0,CALL,2026-05-08,88.0,15,86.177,0.920269523,0.012207577,-0.135469306,0.020900915,7,100.0,US.DIS,0.14629414047341868,"成交额 $616,841 ≥ 阈值 $500,000 | 成交量 400 手",US.DIS,2026-05-02 08:51:58
US.DIS260618C115000,DIS 260618 115.00C,103.08,3891,532317.0,CALL,2026-06-18,115.0,6517,31.284,0.192774077,0.023454905,-0.035268164,0.1021249,48,100.0,US.DIS,-0.11563833915405512,"成交额 $532,317 ≥ 阈值 $500,000 | 成交量 3,891 手",US.DIS,2026-05-02 08:51:58
US.DPZ260515P350000,DPZ 260515 350.00P,337.77,504,663952.0,PUT,2026-05-15,350.0,899,27.465,-0.733843692,0.018619759,-0.194743518,0.21492272,14,100.0,US.DPZ,0.036208070580572634,"成交额 $663,952 ≥ 阈值 $500,000 | 成交量 504 手",US.DPZ,2026-05-02 08:53:07
US.DVN260515C40000,DVN 260515 40.00C,50.56,501,522136.0,CALL,2026-05-15,40.0,1464,85.197,0.933726798,0.015353619,-0.041913537,0.012664955,14,100.0,US.DVN,0.20886075949367092,"成交额 $522,136 ≥ 阈值 $500,000 | 成交量 501 手",US.DVN,2026-05-02 08:54:16
US.DXCM260515C60000,DXCM 260515 60.00C,61.35,2092,543478.0,CALL,2026-05-15,60.0,2670,46.419,0.620454195,0.068672295,-0.081139437,0.045445333,14,100.0,US.DXCM,0.022004889975550144,"成交额 $543,478 ≥ 阈值 $500,000 | 成交量 2,092 手",US.DXCM,2026-05-02 08:54:32
US.EBAY260515C106000,EBAY 260515 106.00C,104.07,6887,2185868.0,CALL,2026-05-15,106.0,616,54.762,0.457698158,0.035766322,-0.166407356,0.080345229,14,100.0,US.EBAY,-0.018545209954838156,"成交额 $2,185,868 ≥ 阈值 $500,000 | 成交量 6,887 手",US.EBAY,2026-05-02 08:54:51
US.EBAY260515C110000,EBAY 260515 110.00C,104.07,9003,1679645.0,CALL,2026-05-15,110.0,1874,54.247,0.32307768,0.032678347,-0.147689462,0.072715036,14,100.0,US.EBAY,-0.056980878255020725,"成交额 $1,679,645 ≥ 阈值 $500,000 | 成交量 9,003 手",US.EBAY,2026-05-02 08:54:51
US.EBAY260508C106000,EBAY 260508 106.00C,104.07,6215,1454954.0,CALL,2026-05-08,106.0,20856,63.819,0.436769181,0.043375671,-0.276222971,0.056055568,7,100.0,US.EBAY,-0.018545209954838156,"成交额 $1,454,954 ≥ 阈值 $500,000 | 成交量 6,215 手",US.EBAY,2026-05-02 08:54:51
US.EBAY260618C105000,EBAY 260618 105.00C,104.07,1196,673967.0,CALL,2026-06-18,105.0,1211,38.967,0.516413188,0.027154134,-0.066279513,0.150157119,48,100.0,US.EBAY,-0.008936292879792513,"成交额 $673,967 ≥ 阈值 $500,000 | 成交量 1,196 手",US.EBAY,2026-05-02 08:54:51
US.EMR260508C126000,EMR 260508 126.00C,137.45,479,688104.0,CALL,2026-05-08,126.0,0,65.339,0.84748929,0.019195884,-0.222579359,0.044307431,7,100.0,US.EMR,0.08330301927973802,"成交额 $688,104 ≥ 阈值 $500,000 | 成交量 479 手",US.EMR,2026-05-02 08:56:51
US.EMR260508C127000,EMR 260508 127.00C,137.45,482,645621.0,CALL,2026-05-08,127.0,4,65.612,0.824778135,0.020919129,-0.24495046,0.04848682,7,100.0,US.EMR,0.07602764641687879,"成交额 $645,621 ≥ 阈值 $500,000 | 成交量 482 手",US.EMR,2026-05-02 08:56:51
US.EMR260522C126000,EMR 260522 126.00C,137.45,401,547237.0,CALL,2026-05-22,126.0,1,44.725,0.812444258,0.018333104,-0.105112164,0.088374216,21,100.0,US.EMR,0.08330301927973802,"成交额 $547,237 ≥ 阈值 $500,000 | 成交量 401 手",US.EMR,2026-05-02 08:56:51
US.EMR260522C127000,EMR 260522 127.00C,137.45,405,516945.0,CALL,2026-05-22,127.0,0,45.462,0.788584842,0.019384824,-0.113838668,0.094984813,21,100.0,US.EMR,0.07602764641687879,"成交额 $516,945 ≥ 阈值 $500,000 | 成交量 405 手",US.EMR,2026-05-02 08:56:51
US.EQT260612P52000,EQT 260612 52.00P,58.66,18009,1008710.0,PUT,2026-06-12,52.0,0,40.134,-0.162694729,0.030899707,-0.022545141,0.048813077,42,100.0,US.EQT,-0.11353562904875548,"成交额 $1,008,710 ≥ 阈值 $500,000 | 成交量 18,009 手",US.EQT,2026-05-02 08:57:42
US.ETN260618P360000,ETN 260618 360.00P,425.55,3051,1092739.0,PUT,2026-06-18,360.0,250,42.211,-0.115019982,0.002987516,-0.127130676,0.298866103,48,100.0,US.ETN,-0.15403595347197746,"成交额 $1,092,739 ≥ 阈值 $500,000 | 成交量 3,051 手",US.ETN,2026-05-02 08:58:16
US.EXE260618P90000,EXE 260618 90.00P,100.12,11091,1144007.0,PUT,2026-06-18,90.0,147,32.7,-0.159501223,0.020522033,-0.028604194,0.087913168,48,100.0,US.EXE,-0.10107870555333603,"成交额 $1,144,007 ≥ 阈值 $500,000 | 成交量 11,091 手",US.EXE,2026-05-02 08:59:24
US.FANG260618C165000,FANG 260618 165.00C,207.65,606,2481039.0,CALL,2026-06-18,165.0,1998,0.0,0.0,0.0,0.0,0.0,48,100.0,US.FANG,0.20539369130748858,"成交额 $2,481,039 ≥ 阈值 $500,000 | 成交量 606 手",US.FANG,2026-05-02 09:00:16
US.FCX260618C47000,FCX 260618 47.00C,56.55,1543,1757966.0,CALL,2026-06-18,47.0,1265,53.33,0.859784798,0.020409864,-0.02922519,0.04560331,48,100.0,US.FCX,0.16887709991158262,"成交额 $1,757,966 ≥ 阈值 $500,000 | 成交量 1,543 手",US.FCX,2026-05-02 09:00:35
US.FISV260515C65000,FISV 260515 65.00C,62.14,1701,502708.0,CALL,2026-05-15,65.0,3655,78.733,0.41758617,0.041000523,-0.139061773,0.047213373,14,100.0,US.FISV,-0.04602510460251045,"成交额 $502,708 ≥ 阈值 $500,000 | 成交量 1,701 手",US.FISV,2026-05-02 09:02:18
US.FSLR260717C220000,FSLR 260717 220.00C,211.71,2643,4241237.0,CALL,2026-07-17,220.0,130,51.609,0.495378209,0.007958023,-0.139288522,0.387459343,77,100.0,US.FSLR,-0.03915733786783804,"成交额 $4,241,237 ≥ 阈值 $500,000 | 成交量 2,643 手",US.FSLR,2026-05-02 09:03:42
US.FSLR260618C250000,FSLR 260618 250.00C,211.71,3605,1814316.0,CALL,2026-06-18,250.0,3177,53.319,0.229585883,0.007423734,-0.134077899,0.232441877,48,100.0,US.FSLR,-0.18086061121345232,"成交额 $1,814,316 ≥ 阈值 $500,000 | 成交量 3,605 手",US.FSLR,2026-05-02 09:03:42
US.FSLR260529C240000,FSLR 260529 240.00C,211.71,3080,1293667.0,CALL,2026-05-29,240.0,15,50.995,0.21164343,0.009712608,-0.159444001,0.16921869,28,100.0,US.FSLR,-0.13362618676491422,"成交额 $1,293,667 ≥ 阈值 $500,000 | 成交量 3,080 手",US.FSLR,2026-05-02 09:03:42
US.FSLR260618C195000,FSLR 260618 195.00C,211.71,446,1131922.0,CALL,2026-06-18,195.0,633,54.393,0.705459177,0.008271438,-0.163177393,0.264216904,48,100.0,US.FSLR,0.0789287232535072,"成交额 $1,131,922 ≥ 阈值 $500,000 | 成交量 446 手",US.FSLR,2026-05-02 09:03:42
US.FSLR260717P210000,FSLR 260717 210.00P,211.71,367,699595.0,PUT,2026-07-17,210.0,32,50.438,-0.429446636,0.008081934,-0.116272344,0.380932193,77,100.0,US.FSLR,-0.008077086580700051,"成交额 $699,595 ≥ 阈值 $500,000 | 成交量 367 手",US.FSLR,2026-05-02 09:03:42
US.FSLR260618P210000,FSLR 260618 210.00P,211.71,422,659480.0,PUT,2026-06-18,210.0,1552,52.741,-0.43681186,0.009797023,-0.15790391,0.301633268,48,100.0,US.FSLR,-0.008077086580700051,"成交额 $659,480 ≥ 阈值 $500,000 | 成交量 422 手",US.FSLR,2026-05-02 09:03:42
US.FSLR260612P210000,FSLR 260612 210.00P,211.71,419,570063.0,PUT,2026-06-12,210.0,0,54.338,-0.438250901,0.010166736,-0.175131084,0.282273027,42,100.0,US.FSLR,-0.008077086580700051,"成交额 $570,063 ≥ 阈值 $500,000 | 成交量 419 手",US.FSLR,2026-05-02 09:03:42
US.FSLR260717C280000,FSLR 260717 280.00C,211.71,2068,569232.0,CALL,2026-07-17,280.0,349,51.999,0.153720134,0.004692185,-0.080662733,0.23014799,77,100.0,US.FSLR,-0.3225638845590666,"成交额 $569,232 ≥ 阈值 $500,000 | 成交量 2,068 手",US.FSLR,2026-05-02 09:03:42
US.FSLR260717C270000,FSLR 260717 270.00C,211.71,1117,567493.0,CALL,2026-07-17,270.0,48,52.181,0.193712381,0.005417939,-0.094149804,0.266681336,77,100.0,US.FSLR,-0.2753294601105285,"成交额 $567,493 ≥ 阈值 $500,000 | 成交量 1,117 手",US.FSLR,2026-05-02 09:03:42
US.GDDY260821C92500,GDDY 260821 92.50C,86.76,1506,1091787.0,CALL,2026-08-21,92.5,151,47.504,0.47213732,0.017444994,-0.044041999,0.191111524,112,100.0,US.GDDY,-0.06615952051636692,"成交额 $1,091,787 ≥ 阈值 $500,000 | 成交量 1,506 手",US.GDDY,2026-05-02 09:04:35
US.GDDY260821P80000,GDDY 260821 80.00P,86.76,1504,924530.0,PUT,2026-08-21,80.0,206,50.621,-0.321550881,0.014838988,-0.036129879,0.171909337,112,100.0,US.GDDY,-0.0779160903642232,"成交额 $924,530 ≥ 阈值 $500,000 | 成交量 1,504 手",US.GDDY,2026-05-02 09:04:35
US.GE260717C300000,GE 260717 300.00C,286.51,1734,2628688.0,CALL,2026-07-17,300.0,251,37.374,0.44509577,0.008043682,-0.137925326,0.51940856,77,100.0,US.GE,-0.04708387141810062,"成交额 $2,628,688 ≥ 阈值 $500,000 | 成交量 1,734 手",US.GE,2026-05-02 09:04:52
US.GE260918C290000,GE 260918 290.00C,286.51,605,1673597.0,CALL,2026-09-18,290.0,1352,37.423,0.549162232,0.005965673,-0.107117982,0.70207189,140,100.0,US.GE,-0.012181075704163935,"成交额 $1,673,597 ≥ 阈值 $500,000 | 成交量 605 手",US.GE,2026-05-02 09:04:52
US.GE260717C320000,GE 260717 320.00C,286.51,1161,990772.0,CALL,2026-07-17,320.0,1275,36.216,0.295875254,0.007257819,-0.114838916,0.454092695,77,100.0,US.GE,-0.116889462845974,"成交额 $990,772 ≥ 阈值 $500,000 | 成交量 1,161 手",US.GE,2026-05-02 09:04:52
US.GE260717C340000,GE 260717 340.00C,286.51,1236,569036.0,CALL,2026-07-17,340.0,2184,36.358,0.184862144,0.005582672,-0.087771735,0.350617108,77,100.0,US.GE,-0.18669505427384736,"成交额 $569,036 ≥ 阈值 $500,000 | 成交量 1,236 手",US.GE,2026-05-02 09:04:52
US.GE260605P285000,GE 260605 285.00P,286.51,514,549969.0,PUT,2026-06-05,285.0,9,35.476,-0.448371533,0.012683149,-0.167314409,0.349636497,35,100.0,US.GE,-0.005270322152804408,"成交额 $549,969 ≥ 阈值 $500,000 | 成交量 514 手",US.GE,2026-05-02 09:04:52
US.GEHC260515C62500,GEHC 260515 62.50C,61.03,19702,1385754.0,CALL,2026-05-15,62.5,35,30.559,0.364162955,0.103476766,-0.052184526,0.044607172,14,100.0,US.GEHC,-0.024086514828772717,"成交额 $1,385,754 ≥ 阈值 $500,000 | 成交量 19,702 手",US.GEHC,2026-05-02 09:05:09
US.GEHC260918P60000,GEHC 260918 60.00P,61.03,2589,1113282.0,PUT,2026-09-18,60.0,532,34.242,-0.40626102,0.030579754,-0.015583012,0.145987917,140,100.0,US.GEHC,-0.016876945764378194,"成交额 $1,113,282 ≥ 阈值 $500,000 | 成交量 2,589 手",US.GEHC,2026-05-02 09:05:09
US.GLW260821C170000,GLW 260821 170.00C,158.26,1026,1962842.0,CALL,2026-08-21,170.0,1496,65.955,0.506767261,0.006904028,-0.109357421,0.349413626,112,100.0,US.GLW,-0.07418172627322134,"成交额 $1,962,842 ≥ 阈值 $500,000 | 成交量 1,026 手",US.GLW,2026-05-02 09:06:36
US.GLW260821C160000,GLW 260821 160.00C,158.26,338,783841.0,CALL,2026-08-21,160.0,3122,65.201,0.571795779,0.006871406,-0.107204824,0.343790477,112,100.0,US.GLW,-0.010994565904208322,"成交额 $783,841 ≥ 阈值 $500,000 | 成交量 338 手",US.GLW,2026-05-02 09:06:36
US.GLW261120P130000,GLW 261120 130.00P,158.26,535,755214.0,PUT,2026-11-20,130.0,38,65.662,-0.247912491,0.004111864,-0.055994243,0.373177685,203,100.0,US.GLW,-0.17856691520283074,"成交额 $755,214 ≥ 阈值 $500,000 | 成交量 535 手",US.GLW,2026-05-02 09:06:36
US.GM260618C80000,GM 260618 80.00C,75.77,2790,623080.0,CALL,2026-06-18,80.0,13784,32.72,0.359682184,0.041675292,-0.037736123,0.102569562,48,100.0,US.GM,-0.055826844397518866,"成交额 $623,080 ≥ 阈值 $500,000 | 成交量 2,790 手",US.GM,2026-05-02 09:06:52
US.GS261016P865000,GS 261016 865.00P,923.71,619,3159431.0,PUT,2026-10-16,865.0,20,34.418,-0.324066281,0.001692661,-0.20210856,2.245212171,168,100.0,US.GS,-0.06355890918145309,"成交额 $3,159,431 ≥ 阈值 $500,000 | 成交量 619 手",US.GS,2026-05-02 09:08:02
US.GS260918P865000,GS 260918 865.00P,923.71,620,2726934.0,PUT,2026-09-18,865.0,115,33.758,-0.317730055,0.00187027,-0.21810465,2.033261607,140,100.0,US.GS,-0.06355890918145309,"成交额 $2,726,934 ≥ 阈值 $500,000 | 成交量 620 手",US.GS,2026-05-02 09:08:02
US.HD260515P380000,HD 260515 380.00P,323.88,242,1354184.0,PUT,2026-05-15,380.0,343,0.0,0.0,0.0,0.0,0.0,14,100.0,US.HD,0.17327405211806843,"成交额 $1,354,184 ≥ 阈值 $500,000 | 成交量 242 手",US.HD,2026-05-02 09:09:28
US.HD260618C335000,HD 260618 335.00C,323.88,537,521945.0,CALL,2026-06-18,335.0,249,29.356,0.413008437,0.011314938,-0.153103877,0.45652752,48,100.0,US.HD,-0.03433370384092875,"成交额 $521,945 ≥ 阈值 $500,000 | 成交量 537 手",US.HD,2026-05-02 09:09:28
US.HLT260717C320000,HLT 260717 320.00C,318.61,412,787647.0,CALL,2026-07-17,320.0,196,26.334,0.534894779,0.010324213,-0.115256668,0.580909603,77,100.0,US.HLT,-0.004362700480210873,"成交额 $787,647 ≥ 阈值 $500,000 | 成交量 412 手",US.HLT,2026-05-02 09:10:03
US.HOOD260618P80000,HOOD 260618 80.00P,73.66,7302,6589573.0,PUT,2026-06-18,80.0,3105,56.276,-0.613055148,0.025846301,-0.05569515,0.101886911,48,100.0,US.HOOD,0.08607113765951675,"成交额 $6,589,573 ≥ 阈值 $500,000 | 成交量 7,302 手",US.HOOD,2026-05-02 09:10:38
US.HOOD260515P140000,HOOD 260515 140.00P,73.66,638,4172748.0,PUT,2026-05-15,140.0,3762,156.504,-0.979124849,0.002972949,-0.030962725,0.007033446,14,100.0,US.HOOD,0.9006244909041543,"成交额 $4,172,748 ≥ 阈值 $500,000 | 成交量 638 手",US.HOOD,2026-05-02 09:10:38
US.HOOD260529C80000,HOOD 260529 80.00C,73.66,8563,2422406.0,CALL,2026-05-29,80.0,1289,56.305,0.331565547,0.031685379,-0.077342722,0.073788671,28,100.0,US.HOOD,-0.08607113765951675,"成交额 $2,422,406 ≥ 阈值 $500,000 | 成交量 8,563 手",US.HOOD,2026-05-02 09:10:38
US.HOOD260821P75000,HOOD 260821 75.00P,73.66,1376,1424225.0,PUT,2026-08-21,75.0,5094,61.316,-0.443602567,0.015973385,-0.040658235,0.160825295,112,100.0,US.HOOD,0.018191691555796953,"成交额 $1,424,225 ≥ 阈值 $500,000 | 成交量 1,376 手",US.HOOD,2026-05-02 09:10:38
US.HOOD260821P70000,HOOD 260821 70.00P,73.66,1660,1239189.0,PUT,2026-08-21,70.0,7925,62.065,-0.364340588,0.014950957,-0.039658629,0.153039724,112,100.0,US.HOOD,-0.04968775454792285,"成交额 $1,239,189 ≥ 阈值 $500,000 | 成交量 1,660 手",US.HOOD,2026-05-02 09:10:38
US.HOOD260618P70000,HOOD 260618 70.00P,73.66,3042,1190454.0,PUT,2026-06-18,70.0,13427,57.592,-0.356108141,0.024345858,-0.05742549,0.099323911,48,100.0,US.HOOD,-0.04968775454792285,"成交额 $1,190,454 ≥ 阈值 $500,000 | 成交量 3,042 手",US.HOOD,2026-05-02 09:10:38
US.HOOD260515P130000,HOOD 260515 130.00P,73.66,200,1106000.0,PUT,2026-05-15,130.0,300,0.0,0.0,0.0,0.0,0.0,14,100.0,US.HOOD,0.7648655986967147,"成交额 $1,106,000 ≥ 阈值 $500,000 | 成交量 200 手",US.HOOD,2026-05-02 09:10:38
US.HOOD260515P70000,HOOD 260515 70.00P,73.66,6357,1013818.0,PUT,2026-05-15,70.0,14737,56.292,-0.297454856,0.042951258,-0.100397964,0.04963989,14,100.0,US.HOOD,-0.04968775454792285,"成交额 $1,013,818 ≥ 阈值 $500,000 | 成交量 6,357 手",US.HOOD,2026-05-02 09:10:38
US.HOOD260508P75000,HOOD 260508 75.00P,73.66,3713,931081.0,PUT,2026-05-08,75.0,1121,54.638,-0.57771562,0.071251614,-0.159450608,0.039403892,7,100.0,US.HOOD,0.018191691555796953,"成交额 $931,081 ≥ 阈值 $500,000 | 成交量 3,713 手",US.HOOD,2026-05-02 09:10:38
US.HOOD260508C75000,HOOD 260508 75.00C,73.66,4493,915627.0,CALL,2026-05-08,75.0,6852,55.17,0.423767185,0.070478057,-0.168298112,0.039445499,7,100.0,US.HOOD,-0.018191691555796953,"成交额 $915,627 ≥ 阈值 $500,000 | 成交量 4,493 手",US.HOOD,2026-05-02 09:10:38
US.HOOD260522P70000,HOOD 260522 70.00P,73.66,3708,886004.0,PUT,2026-05-22,70.0,1235,57.37,-0.324781991,0.035689767,-0.085728177,0.063289859,21,100.0,US.HOOD,-0.04968775454792285,"成交额 $886,004 ≥ 阈值 $500,000 | 成交量 3,708 手",US.HOOD,2026-05-02 09:10:38
US.HOOD260618C75000,HOOD 260618 75.00C,73.66,1436,874215.0,CALL,2026-06-18,75.0,7534,57.346,0.515889302,0.026070582,-0.067278581,0.106285753,48,100.0,US.HOOD,-0.018191691555796953,"成交额 $874,215 ≥ 阈值 $500,000 | 成交量 1,436 手",US.HOOD,2026-05-02 09:10:38
US.HOOD260515P75000,HOOD 260515 75.00P,73.66,2297,796076.0,PUT,2026-05-15,75.0,11438,54.89,-0.541533627,0.050569147,-0.111010176,0.05685281,14,100.0,US.HOOD,0.018191691555796953,"成交额 $796,076 ≥ 阈值 $500,000 | 成交量 2,297 手",US.HOOD,2026-05-02 09:10:38
US.HOOD260508C74000,HOOD 260508 74.00C,73.66,3230,783309.0,CALL,2026-05-08,74.0,2664,55.2,0.494301245,0.07174654,-0.172322558,0.040177575,7,100.0,US.HOOD,-0.004615802335052993,"成交额 $783,309 ≥ 阈值 $500,000 | 成交量 3,230 手",US.HOOD,2026-05-02 09:10:38
US.HOOD260515C75000,HOOD 260515 75.00C,73.66,2504,758786.0,CALL,2026-05-15,75.0,8093,55.349,0.459875645,0.050024245,-0.119093969,0.056900101,14,100.0,US.HOOD,-0.018191691555796953,"成交额 $758,786 ≥ 阈值 $500,000 | 成交量 2,504 手",US.HOOD,2026-05-02 09:10:38
US.HOOD261016P80000,HOOD 261016 80.00P,73.66,473,711325.0,PUT,2026-10-16,80.0,506,60.879,-0.486748158,0.013403893,-0.032120145,0.198684808,168,100.0,US.HOOD,0.08607113765951675,"成交额 $711,325 ≥ 阈值 $500,000 | 成交量 473 手",US.HOOD,2026-05-02 09:10:38
US.HOOD260508C76000,HOOD 260508 76.00C,73.66,4282,660914.0,CALL,2026-05-08,76.0,6697,55.329,0.356970751,0.066935184,-0.159680621,0.037569787,7,100.0,US.HOOD,-0.03176758077654091,"成交额 $660,914 ≥ 阈值 $500,000 | 成交量 4,282 手",US.HOOD,2026-05-02 09:10:38
US.HOOD260717C75000,HOOD 260717 75.00C,73.66,680,538160.0,CALL,2026-07-17,75.0,1746,58.31,0.537807248,0.020154481,-0.054296927,0.134211101,77,100.0,US.HOOD,-0.018191691555796953,"成交额 $538,160 ≥ 阈值 $500,000 | 成交量 680 手",US.HOOD,2026-05-02 09:10:38
US.HOOD260618C80000,HOOD 260618 80.00C,73.66,1264,525769.0,CALL,2026-06-18,80.0,9305,57.168,0.392597458,0.02521792,-0.064030125,0.10248961,48,100.0,US.HOOD,-0.08607113765951675,"成交额 $525,769 ≥ 阈值 $500,000 | 成交量 1,264 手",US.HOOD,2026-05-02 09:10:38
US.HPE260618C28000,HPE 260618 28.00C,28.57,1934,512371.0,CALL,2026-06-18,28.0,491,51.982,0.589572705,0.07233139,-0.023398663,0.040212651,48,100.0,US.HPE,0.019950997549877503,"成交额 $512,371 ≥ 阈值 $500,000 | 成交量 1,934 手",US.HPE,2026-05-02 09:10:55
US.IBKR260508C80000,IBKR 260508 80.00C,80.46,3611,730678.0,CALL,2026-05-08,80.0,614,24.531,0.582349249,0.144641037,-0.084702306,0.042954845,7,100.0,US.IBKR,0.005717126522495573,"成交额 $730,678 ≥ 阈值 $500,000 | 成交量 3,611 手",US.IBKR,2026-05-02 09:12:54
US.INTU260618C420000,INTU 260618 420.00C,399.04,610,1284086.0,CALL,2026-06-18,420.0,818,54.703,0.446035798,0.005004794,-0.343655969,0.570709928,48,100.0,US.INTU,-0.05252606255012023,"成交额 $1,284,086 ≥ 阈值 $500,000 | 成交量 610 手",US.INTU,2026-05-02 09:14:22
US.ISRG261120C500000,ISRG 261120 500.00C,457.78,290,961500.0,CALL,2026-11-20,500.0,4,33.946,0.443372445,0.003409047,-0.129764925,1.347602541,203,100.0,US.ISRG,-0.09222770763248729,"成交额 $961,500 ≥ 阈值 $500,000 | 成交量 290 手",US.ISRG,2026-05-02 09:15:29
US.ISRG261016C500000,ISRG 261016 500.00C,457.78,290,815480.0,CALL,2026-10-16,500.0,47,34.485,0.425016177,0.003661195,-0.141585045,1.216225379,168,100.0,US.ISRG,-0.09222770763248729,"成交额 $815,480 ≥ 阈值 $500,000 | 成交量 290 手",US.ISRG,2026-05-02 09:15:29
US.IVZ260717C27000,IVZ 260717 27.00C,25.89,8116,1174438.0,CALL,2026-07-17,27.0,271,34.015,0.443479799,0.097774166,-0.011438537,0.046895719,77,100.0,US.IVZ,-0.04287369640787947,"成交额 $1,174,438 ≥ 阈值 $500,000 | 成交量 8,116 手",US.IVZ,2026-05-02 09:16:04
US.JBL260508P335000,JBL 260508 335.00P,342.47,1789,1080797.0,PUT,2026-05-08,335.0,9,43.811,-0.341012251,0.017946984,-0.560666387,0.171221614,7,100.0,US.JBL,-0.02181212952959391,"成交额 $1,080,797 ≥ 阈值 $500,000 | 成交量 1,789 手",US.JBL,2026-05-02 09:16:39
US.JBL260508P330000,JBL 260508 330.00P,342.47,2382,1004642.0,PUT,2026-05-08,330.0,8,44.558,-0.257345311,0.015516531,-0.49824926,0.150599405,7,100.0,US.JBL,-0.03641194849183878,"成交额 $1,004,642 ≥ 阈值 $500,000 | 成交量 2,382 手",US.JBL,2026-05-02 09:16:39
US.JBL260515P320000,JBL 260515 320.00P,342.47,1653,562026.0,PUT,2026-05-15,320.0,10,44.563,-0.199910125,0.009442236,-0.296653699,0.186205545,14,100.0,US.JBL,-0.06561158641632851,"成交额 $562,026 ≥ 阈值 $500,000 | 成交量 1,653 手",US.JBL,2026-05-02 09:16:39
US.KLAC260618P1620000,KLAC 260618 1620.00P,1726.26,556,3322171.0,PUT,2026-06-18,1620.0,2056,46.801,-0.313851342,0.001217028,-1.035757046,2.213880954,48,100.0,US.KLAC,-0.06155503805915678,"成交额 $3,322,171 ≥ 阈值 $500,000 | 成交量 556 手",US.KLAC,2026-05-02 09:18:38
US.KMI260618C25000,KMI 260618 25.00C,32.53,5460,4124250.0,CALL,2026-06-18,25.0,1292,0.0,0.0,0.0,0.0,0.0,48,100.0,US.KMI,0.23147863510605599,"成交额 $4,124,250 ≥ 阈值 $500,000 | 成交量 5,460 手",US.KMI,2026-05-02 09:18:57
US.KMI260618C28000,KMI 260618 28.00C,32.53,3523,1630936.0,CALL,2026-06-18,28.0,3173,26.277,0.953004799,0.031733838,-0.005766002,0.011549345,48,100.0,US.KMI,0.1392560713187827,"成交额 $1,630,936 ≥ 阈值 $500,000 | 成交量 3,523 手",US.KMI,2026-05-02 09:18:57
US.KMI260618C22000,KMI 260618 22.00C,32.53,1100,1155000.0,CALL,2026-06-18,22.0,207,0.0,0.0,0.0,0.0,0.0,48,100.0,US.KMI,0.32370119889332927,"成交额 $1,155,000 ≥ 阈值 $500,000 | 成交量 1,100 手",US.KMI,2026-05-02 09:18:57
US.KMI260515C30000,KMI 260515 30.00C,32.53,3901,1041577.0,CALL,2026-05-15,30.0,1113,22.037,0.974053225,0.043279525,-0.005800218,0.003814565,14,100.0,US.KMI,0.07777436212726717,"成交额 $1,041,577 ≥ 阈值 $500,000 | 成交量 3,901 手",US.KMI,2026-05-02 09:18:57
US.KMI260508C30000,KMI 260508 30.00C,32.53,3904,1003260.0,CALL,2026-05-08,30.0,1015,0.0,0.0,0.0,0.0,0.0,7,100.0,US.KMI,0.07777436212726717,"成交额 $1,003,260 ≥ 阈值 $500,000 | 成交量 3,904 手",US.KMI,2026-05-02 09:18:57
US.KMI260618C20000,KMI 260618 20.00C,32.53,650,814345.0,CALL,2026-06-18,20.0,124,60.948,0.99029628,0.003619002,-0.003855117,0.003056927,48,100.0,US.KMI,0.3851829080848448,"成交额 $814,345 ≥ 阈值 $500,000 | 成交量 650 手",US.KMI,2026-05-02 09:18:57
US.KMI260618C27000,KMI 260618 27.00C,32.53,890,501272.0,CALL,2026-06-18,27.0,766,31.681,0.957666791,0.02419709,-0.006020113,0.010618541,48,100.0,US.KMI,0.16999692591454046,"成交额 $501,272 ≥ 阈值 $500,000 | 成交量 890 手",US.KMI,2026-05-02 09:18:57
US.LITE260618P800000,LITE 260618 800.00P,949.93,1245,8303409.0,PUT,2026-06-18,800.0,4693,102.772,-0.254774587,0.000909611,-1.163846259,1.10312549,48,100.0,US.LITE,-0.1578326824081774,"成交额 $8,303,409 ≥ 阈值 $500,000 | 成交量 1,245 手",US.LITE,2026-05-02 09:21:48
US.LITE260618C890000,LITE 260618 890.00C,949.93,417,7239554.0,CALL,2026-06-18,890.0,1458,100.495,0.645830779,0.001076946,-1.396052597,1.278509581,48,100.0,US.LITE,0.06308885917909736,"成交额 $7,239,554 ≥ 阈值 $500,000 | 成交量 417 手",US.LITE,2026-05-02 09:21:48
US.LITE260918C1440000,LITE 260918 1440.00C,949.93,219,2338660.0,CALL,2026-09-18,1440.0,352,97.316,0.356965421,0.000652032,-0.78762647,2.192765035,140,100.0,US.LITE,-0.5159011716652807,"成交额 $2,338,660 ≥ 阈值 $500,000 | 成交量 219 手",US.LITE,2026-05-02 09:21:48
US.LITE260515P900000,LITE 260515 900.00P,949.93,337,2061256.0,PUT,2026-05-15,900.0,168,110.967,-0.357880681,0.001823562,-2.786988276,0.689152584,14,100.0,US.LITE,-0.052561767709199576,"成交额 $2,061,256 ≥ 阈值 $500,000 | 成交量 337 手",US.LITE,2026-05-02 09:21:48
US.LITE260821P660000,LITE 260821 660.00P,949.93,305,1952280.0,PUT,2026-08-21,660.0,347,101.18,-0.171550637,0.000479322,-0.586913597,1.33836356,112,100.0,US.LITE,-0.30521196298674635,"成交额 $1,952,280 ≥ 阈值 $500,000 | 成交量 305 手",US.LITE,2026-05-02 09:21:48
US.LITE260508C950000,LITE 260508 950.00C,949.93,247,1940054.0,CALL,2026-05-08,950.0,176,122.442,0.534686959,0.002506498,-4.875867077,0.514669511,7,100.0,US.LITE,-7.368964028933714e-05,"成交额 $1,940,054 ≥ 阈值 $500,000 | 成交量 247 手",US.LITE,2026-05-02 09:21:48
US.LITE260508C1000000,LITE 260508 1000.00C,949.93,354,1877456.0,CALL,2026-05-08,1000.0,253,123.756,0.414447785,0.002431846,-4.804903318,0.504696884,7,100.0,US.LITE,-0.05270914698977825,"成交额 $1,877,456 ≥ 阈值 $500,000 | 成交量 354 手",US.LITE,2026-05-02 09:21:48
US.LITE260508P950000,LITE 260508 950.00P,949.93,297,1778811.0,PUT,2026-05-08,950.0,109,124.689,-0.464845506,0.002462089,-4.872204271,0.514592997,7,100.0,US.LITE,7.368964028933714e-05,"成交额 $1,778,811 ≥ 阈值 $500,000 | 成交量 297 手",US.LITE,2026-05-02 09:21:48
US.LITE260508C945000,LITE 260508 945.00C,949.93,216,1463228.0,CALL,2026-05-08,945.0,26,124.644,0.547580313,0.002453977,-4.947029042,0.512944814,7,100.0,US.LITE,0.005189856094659554,"成交额 $1,463,228 ≥ 阈值 $500,000 | 成交量 216 手",US.LITE,2026-05-02 09:21:48
US.LITE260508P905000,LITE 260508 905.00P,949.93,318,1376640.0,PUT,2026-05-08,905.0,12,126.381,-0.355284227,0.002275931,-4.621900705,0.482234149,7,100.0,US.LITE,-0.04729822197425068,"成交额 $1,376,640 ≥ 阈值 $500,000 | 成交量 318 手",US.LITE,2026-05-02 09:21:48
US.LITE260508P890000,LITE 260508 890.00P,949.93,228,887656.0,PUT,2026-05-08,890.0,44,126.558,-0.319997417,0.002182394,-4.435264726,0.463085767,7,100.0,US.LITE,-0.06308885917909736,"成交额 $887,656 ≥ 阈值 $500,000 | 成交量 228 手",US.LITE,2026-05-02 09:21:48
US.LITE260508C1050000,LITE 260508 1050.00C,949.93,273,793625.0,CALL,2026-05-08,1050.0,376,121.36,0.302023791,0.002219067,-4.16401747,0.451617898,7,100.0,US.LITE,-0.10534460433926716,"成交额 $793,625 ≥ 阈值 $500,000 | 成交量 273 手",US.LITE,2026-05-02 09:21:48
US.LITE260508C1100000,LITE 260508 1100.00C,949.93,364,661178.0,CALL,2026-05-08,1100.0,459,122.173,0.21378773,0.001840761,-3.438956918,0.377131957,7,100.0,US.LITE,-0.15798006168875608,"成交额 $661,178 ≥ 阈值 $500,000 | 成交量 364 手",US.LITE,2026-05-02 09:21:48
US.LOW260717P230000,LOW 260717 230.00P,233.33,524,520691.0,PUT,2026-07-17,230.0,1155,30.304,-0.413896827,0.012176479,-0.073463806,0.415787077,77,100.0,US.LOW,-0.014271632451892223,"成交额 $520,691 ≥ 阈值 $500,000 | 成交量 524 手",US.LOW,2026-05-02 09:22:23
US.LRCX260529P245000,LRCX 260529 245.00P,256.72,938,1160233.0,PUT,2026-05-29,245.0,80,61.798,-0.354194593,0.008513148,-0.286207544,0.263393405,28,100.0,US.LRCX,-0.04565285135556258,"成交额 $1,160,233 ≥ 阈值 $500,000 | 成交量 938 手",US.LRCX,2026-05-02 09:22:41
US.LRCX260508P250000,LRCX 260508 250.00P,256.72,2104,1066304.0,PUT,2026-05-08,250.0,344,59.821,-0.35426925,0.017778817,-0.585477045,0.130178288,7,100.0,US.LRCX,-0.026176378934247534,"成交额 $1,066,304 ≥ 阈值 $500,000 | 成交量 2,104 手",US.LRCX,2026-05-02 09:22:41
US.LRCX260522P235000,LRCX 260522 235.00P,256.72,1540,1039377.0,PUT,2026-05-22,235.0,268,66.05,-0.257209048,0.007977415,-0.309952654,0.197559631,21,100.0,US.LRCX,-0.08460579619819268,"成交额 $1,039,377 ≥ 阈值 $500,000 | 成交量 1,540 手",US.LRCX,2026-05-02 09:22:41
US.LRCX260508C262500,LRCX 260508 262.50C,256.72,1367,761565.0,CALL,2026-05-08,262.5,713,60.861,0.413423668,0.018287247,-0.643928004,0.13631563,7,100.0,US.LRCX,-0.02251480211904009,"成交额 $761,565 ≥ 阈值 $500,000 | 成交量 1,367 手",US.LRCX,2026-05-02 09:22:41
US.LRCX260821C270000,LRCX 260821 270.00C,256.72,237,710987.0,CALL,2026-08-21,270.0,310,61.331,0.521469906,0.004571864,-0.165903177,0.565953463,112,100.0,US.LRCX,-0.05172951075101267,"成交额 $710,987 ≥ 阈值 $500,000 | 成交量 237 手",US.LRCX,2026-05-02 09:22:41
US.MCHP260515C60000,MCHP 260515 60.00C,93.95,200,672000.0,CALL,2026-05-15,60.0,2072,118.798,0.980478954,0.002186885,-0.041179939,0.008660088,14,100.0,US.MCHP,0.3613624268227781,"成交额 $672,000 ≥ 阈值 $500,000 | 成交量 200 手",US.MCHP,2026-05-02 09:25:15
US.MCK260515P820000,MCK 260515 820.00P,814.02,521,1505023.0,PUT,2026-05-15,820.0,596,39.906,-0.516112918,0.006338,-0.889331187,0.630122334,14,100.0,US.MCK,0.007346256848726098,"成交额 $1,505,023 ≥ 阈值 $500,000 | 成交量 521 手",US.MCK,2026-05-02 09:25:17
US.MCK260821C810000,MCK 260821 810.00C,814.02,232,1356060.0,CALL,2026-08-21,810.0,3,30.645,0.57122819,0.002843595,-0.28309638,1.768433849,112,100.0,US.MCK,0.0049384536006486105,"成交额 $1,356,060 ≥ 阈值 $500,000 | 成交量 232 手",US.MCK,2026-05-02 09:25:17
US.MCK260821C830000,MCK 260821 830.00C,814.02,235,1139729.0,CALL,2026-08-21,830.0,54,30.088,0.51325315,0.002941694,-0.278742248,1.796169209,112,100.0,US.MCK,-0.019630967298100807,"成交额 $1,139,729 ≥ 阈值 $500,000 | 成交量 235 手",US.MCK,2026-05-02 09:25:17
US.MCK260515P830000,MCK 260515 830.00P,814.02,257,897189.0,PUT,2026-05-15,830.0,1105,39.548,-0.579222243,0.006284135,-0.857886448,0.61800723,14,100.0,US.MCK,0.019630967298100807,"成交额 $897,189 ≥ 阈值 $500,000 | 成交量 257 手",US.MCK,2026-05-02 09:25:17
US.MGM260918C40000,MGM 260918 40.00C,38.5,5054,1617463.0,CALL,2026-09-18,40.0,10300,39.122,0.508206004,0.042790834,-0.014938963,0.095029621,140,100.0,US.MGM,-0.03896103896103896,"成交额 $1,617,463 ≥ 阈值 $500,000 | 成交量 5,054 手",US.MGM,2026-05-02 09:26:26
US.MGM260618C33000,MGM 260618 33.00C,38.5,1068,632703.0,CALL,2026-06-18,33.0,1905,46.236,0.849309301,0.036311287,-0.018413507,0.032574035,48,100.0,US.MGM,0.14285714285714285,"成交额 $632,703 ≥ 阈值 $500,000 | 成交量 1,068 手",US.MGM,2026-05-02 09:26:26
US.MO260918P67500,MO 260918 67.50P,74.55,3239,701051.0,PUT,2026-09-18,67.5,1199,27.733,-0.231328407,0.02403107,-0.012342574,0.140171392,140,100.0,US.MO,-0.09456740442655932,"成交额 $701,051 ≥ 阈值 $500,000 | 成交量 3,239 手",US.MO,2026-05-02 09:27:35
US.MPC260618C270000,MPC 260618 270.00C,246.15,1300,704051.0,CALL,2026-06-18,270.0,750,40.14,0.297555307,0.009689627,-0.136628159,0.308480207,48,100.0,US.MPC,-0.09689213893967091,"成交额 $704,051 ≥ 阈值 $500,000 | 成交量 1,300 手",US.MPC,2026-05-02 09:28:08
US.MRK260508C112000,MRK 260508 112.00C,112.16,3136,802946.0,CALL,2026-05-08,112.0,4737,30.523,0.528426719,0.085259651,-0.148043881,0.060846188,7,100.0,US.MRK,0.0014265335235377728,"成交额 $802,946 ≥ 阈值 $500,000 | 成交量 3,136 手",US.MRK,2026-05-02 09:28:27
US.MRNA260508C46000,MRNA 260508 46.00C,45.37,19467,2663865.0,CALL,2026-05-08,46.0,124,69.803,0.46404175,0.092029637,-0.133324002,0.02457401,7,100.0,US.MRNA,-0.013885827639409359,"成交额 $2,663,865 ≥ 阈值 $500,000 | 成交量 19,467 手",US.MRNA,2026-05-02 09:28:44
US.MRNA260508C48500,MRNA 260508 48.50C,45.37,19139,1324553.0,CALL,2026-05-08,48.5,32,70.119,0.260089992,0.074806138,-0.106776736,0.020064558,7,100.0,US.MRNA,-0.06898831827198595,"成交额 $1,324,553 ≥ 阈值 $500,000 | 成交量 19,139 手",US.MRNA,2026-05-02 09:28:44
US.MRNA260508P44000,MRNA 260508 44.00P,45.37,5894,746674.0,PUT,2026-05-08,44.0,121,69.507,-0.352832514,0.086447554,-0.120301019,0.022973491,7,100.0,US.MRNA,-0.030196164866651918,"成交额 $746,674 ≥ 阈值 $500,000 | 成交量 5,894 手",US.MRNA,2026-05-02 09:28:44
US.MS261016C210000,MS 261016 210.00C,190.17,1450,1182317.0,CALL,2026-10-16,210.0,611,27.926,0.366507959,0.010453363,-0.046543436,0.485246599,168,100.0,US.MS,-0.10427512225903146,"成交额 $1,182,317 ≥ 阈值 $500,000 | 成交量 1,450 手",US.MS,2026-05-02 09:29:19
US.MS260821P195000,MS 260821 195.00P,190.17,447,604514.0,PUT,2026-08-21,195.0,127,29.258,-0.510546298,0.013384873,-0.046151497,0.417120498,112,100.0,US.MS,0.02539832781195779,"成交额 $604,514 ≥ 阈值 $500,000 | 成交量 447 手",US.MS,2026-05-02 09:29:19
US.MS260618P195000,MS 260618 195.00P,190.17,619,565809.0,PUT,2026-06-18,195.0,662,26.823,-0.569588334,0.021800039,-0.066490419,0.269088884,48,100.0,US.MS,0.02539832781195779,"成交额 $565,809 ≥ 阈值 $500,000 | 成交量 619 手",US.MS,2026-05-02 09:29:19
US.MS260821C210000,MS 260821 210.00C,190.17,1014,517440.0,CALL,2026-08-21,210.0,342,26.557,0.299509526,0.012430936,-0.048651667,0.365561238,112,100.0,US.MS,-0.10427512225903146,"成交额 $517,440 ≥ 阈值 $500,000 | 成交量 1,014 手",US.MS,2026-05-02 09:29:19
US.NEM260717C120000,NEM 260717 120.00C,108.62,1279,723716.0,CALL,2026-07-17,120.0,1595,45.48,0.36814859,0.01663656,-0.059220584,0.187785642,77,100.0,US.NEM,-0.1047689191677407,"成交额 $723,716 ≥ 阈值 $500,000 | 成交量 1,279 手",US.NEM,2026-05-02 09:31:18
US.NFLX260618C95000,NFLX 260618 95.00C,92.06,6196,1980866.0,CALL,2026-06-18,95.0,20737,29.349,0.421439031,0.040014407,-0.043781198,0.130293471,48,100.0,US.NFLX,-0.03193569411253528,"成交额 $1,980,866 ≥ 阈值 $500,000 | 成交量 6,196 手",US.NFLX,2026-05-02 09:31:36
US.NFLX260515C95000,NFLX 260515 95.00C,92.06,10334,1592093.0,CALL,2026-05-15,95.0,21038,29.428,0.309533455,0.066969216,-0.07090698,0.063061434,14,100.0,US.NFLX,-0.03193569411253528,"成交额 $1,592,093 ≥ 阈值 $500,000 | 成交量 10,334 手",US.NFLX,2026-05-02 09:31:36
US.NFLX260618C100000,NFLX 260618 100.00C,92.06,9671,1579181.0,CALL,2026-06-18,100.0,46901,29.315,0.247567442,0.03237497,-0.034486273,0.10527087,48,100.0,US.NFLX,-0.0862480990658266,"成交额 $1,579,181 ≥ 阈值 $500,000 | 成交量 9,671 手",US.NFLX,2026-05-02 09:31:36
US.NFLX260717C95000,NFLX 260717 95.00C,92.06,2538,1354220.0,CALL,2026-07-17,95.0,10594,34.603,0.471844088,0.027236768,-0.041816896,0.168026747,77,100.0,US.NFLX,-0.03193569411253528,"成交额 $1,354,220 ≥ 阈值 $500,000 | 成交量 2,538 手",US.NFLX,2026-05-02 09:31:36
US.NFLX260717P95000,NFLX 260717 95.00P,92.06,2087,1323780.0,PUT,2026-07-17,95.0,13450,33.56,-0.536597309,0.028682433,-0.032136203,0.16705523,77,100.0,US.NFLX,0.03193569411253528,"成交额 $1,323,780 ≥ 阈值 $500,000 | 成交量 2,087 手",US.NFLX,2026-05-02 09:31:36
US.NFLX260508C93000,NFLX 260508 93.00C,92.06,9311,1225576.0,CALL,2026-05-08,93.0,6541,29.269,0.41380545,0.106065233,-0.113051237,0.048890451,7,100.0,US.NFLX,-0.010210732131218746,"成交额 $1,225,576 ≥ 阈值 $500,000 | 成交量 9,311 手",US.NFLX,2026-05-02 09:31:36
US.NFLX260508C94000,NFLX 260508 94.00C,92.06,10094,1091768.0,CALL,2026-05-08,94.0,4770,29.443,0.314650119,0.096094172,-0.102196251,0.044553305,7,100.0,US.NFLX,-0.021073213121877012,"成交额 $1,091,768 ≥ 阈值 $500,000 | 成交量 10,094 手",US.NFLX,2026-05-02 09:31:36
US.NFLX260508C95000,NFLX 260508 95.00C,92.06,12010,1000681.0,CALL,2026-05-08,95.0,5437,29.751,0.230189977,0.081365142,-0.086790664,0.038113814,7,100.0,US.NFLX,-0.03193569411253528,"成交额 $1,000,681 ≥ 阈值 $500,000 | 成交量 12,010 手",US.NFLX,2026-05-02 09:31:36
US.NFLX260508P94000,NFLX 260508 94.00P,92.06,6088,995636.0,PUT,2026-05-08,94.0,2435,30.656,-0.679431683,0.093756333,-0.098660479,0.044848152,7,100.0,US.NFLX,0.021073213121877012,"成交额 $995,636 ≥ 阈值 $500,000 | 成交量 6,088 手",US.NFLX,2026-05-02 09:31:36
US.NFLX260508C92000,NFLX 260508 92.00C,92.06,5115,994024.0,CALL,2026-05-08,92.0,4487,29.046,0.521249224,0.109286516,-0.115943091,0.049994109,7,100.0,US.NFLX,0.0006517488594395207,"成交额 $994,024 ≥ 阈值 $500,000 | 成交量 5,115 手",US.NFLX,2026-05-02 09:31:36
US.NFLX260508P93000,NFLX 260508 93.00P,92.06,3804,565725.0,PUT,2026-05-08,93.0,1994,28.752,-0.589133788,0.108318776,-0.102201846,0.04876403,7,100.0,US.NFLX,0.010210732131218746,"成交额 $565,725 ≥ 阈值 $500,000 | 成交量 3,804 手",US.NFLX,2026-05-02 09:31:36
US.NFLX260508C96000,NFLX 260508 96.00C,92.06,8182,535201.0,CALL,2026-05-08,96.0,9574,30.638,0.16693249,0.065047373,-0.072130787,0.031376209,7,100.0,US.NFLX,-0.042798175103193545,"成交额 $535,201 ≥ 阈值 $500,000 | 成交量 8,182 手",US.NFLX,2026-05-02 09:31:36
US.NFLX260522P92000,NFLX 260522 92.00P,92.06,2274,534647.0,PUT,2026-05-22,92.0,1265,29.084,-0.472337589,0.062682141,-0.057856357,0.087309045,21,100.0,US.NFLX,-0.0006517488594395207,"成交额 $534,647 ≥ 阈值 $500,000 | 成交量 2,274 手",US.NFLX,2026-05-02 09:31:36
US.NFLX260529C100000,NFLX 260529 100.00C,92.06,6829,534408.0,CALL,2026-05-29,100.0,7337,29.403,0.172277543,0.034173834,-0.035776011,0.064796996,28,100.0,US.NFLX,-0.0862480990658266,"成交额 $534,408 ≥ 阈值 $500,000 | 成交量 6,829 手",US.NFLX,2026-05-02 09:31:36
US.NFLX260605C94000,NFLX 260605 94.00C,92.06,1890,515267.0,CALL,2026-06-05,94.0,363,30.112,0.444064309,0.046159301,-0.052721673,0.112256285,35,100.0,US.NFLX,-0.021073213121877012,"成交额 $515,267 ≥ 阈值 $500,000 | 成交量 1,890 手",US.NFLX,2026-05-02 09:31:36
US.NFLX260821C100000,NFLX 260821 100.00C,92.06,1016,501550.0,CALL,2026-08-21,100.0,6639,33.747,0.385867583,0.022247621,-0.032580701,0.194858369,112,100.0,US.NFLX,-0.0862480990658266,"成交额 $501,550 ≥ 阈值 $500,000 | 成交量 1,016 手",US.NFLX,2026-05-02 09:31:36
US.NKE260515C25000,NKE 260515 25.00C,44.4,306,607847.0,CALL,2026-05-15,25.0,151,162.623,0.976141084,0.004005229,-0.029756053,0.004848679,14,100.0,US.NKE,0.4369369369369369,"成交额 $607,847 ≥ 阈值 $500,000 | 成交量 306 手",US.NKE,2026-05-02 09:32:26
US.NOW260618C95000,NOW 260618 95.00C,91.16,4252,2319046.0,CALL,2026-06-18,95.0,1734,53.567,0.463559545,0.022485087,-0.07746626,0.131034785,48,100.0,US.NOW,-0.042123738481790296,"成交额 $2,319,046 ≥ 阈值 $500,000 | 成交量 4,252 手",US.NOW,2026-05-02 09:33:01
US.NOW260821C100000,NOW 260821 100.00C,91.16,2302,1722048.0,CALL,2026-08-21,100.0,3508,56.586,0.458783057,0.013900308,-0.054102074,0.20018213,112,100.0,US.NOW,-0.09697235629662136,"成交额 $1,722,048 ≥ 阈值 $500,000 | 成交量 2,302 手",US.NOW,2026-05-02 09:33:01
US.NOW260618C90000,NOW 260618 90.00C,91.16,1823,1341645.0,CALL,2026-06-18,90.0,3767,53.968,0.574381716,0.022020962,-0.077830372,0.129290934,48,100.0,US.NOW,0.01272487933304077,"成交额 $1,341,645 ≥ 阈值 $500,000 | 成交量 1,823 手",US.NOW,2026-05-02 09:33:01
US.NOW260821C110000,NOW 260821 110.00C,91.16,2209,1193711.0,CALL,2026-08-21,110.0,977,56.127,0.339532249,0.012933443,-0.048983653,0.184741423,112,100.0,US.NOW,-0.2066695919262835,"成交额 $1,193,711 ≥ 阈值 $500,000 | 成交量 2,209 手",US.NOW,2026-05-02 09:33:01
US.NOW260522C90000,NOW 260522 90.00C,91.16,2598,1079139.0,CALL,2026-05-22,90.0,338,56.316,0.570584257,0.03205433,-0.121778681,0.08541921,21,100.0,US.NOW,0.01272487933304077,"成交额 $1,079,139 ≥ 阈值 $500,000 | 成交量 2,598 手",US.NOW,2026-05-02 09:33:01
US.NOW260508C90000,NOW 260508 90.00C,91.16,3391,1028159.0,CALL,2026-05-08,90.0,2698,61.97,0.579967548,0.050757149,-0.235459391,0.048578635,7,100.0,US.NOW,0.01272487933304077,"成交额 $1,028,159 ≥ 阈值 $500,000 | 成交量 3,391 手",US.NOW,2026-05-02 09:33:01
US.NOW260529C88000,NOW 260529 88.00C,91.16,1439,810364.0,CALL,2026-05-29,88.0,85,55.73,0.627138996,0.027004081,-0.101275353,0.095196421,28,100.0,US.NOW,0.034664326458973195,"成交额 $810,364 ≥ 阈值 $500,000 | 成交量 1,439 手",US.NOW,2026-05-02 09:33:01
US.NOW260515C90000,NOW 260515 90.00C,91.16,1799,750216.0,CALL,2026-05-15,90.0,4600,58.119,0.572205228,0.038111661,-0.154010705,0.069510825,14,100.0,US.NOW,0.01272487933304077,"成交额 $750,216 ≥ 阈值 $500,000 | 成交量 1,799 手",US.NOW,2026-05-02 09:33:01
US.NOW260508P100000,NOW 260508 100.00P,91.16,655,620278.0,PUT,2026-05-08,100.0,193,60.294,-0.860672995,0.030109552,-0.113585543,0.027513783,7,100.0,US.NOW,0.09697235629662136,"成交额 $620,278 ≥ 阈值 $500,000 | 成交量 655 手",US.NOW,2026-05-02 09:33:01
US.NOW260508P95000,NOW 260508 95.00P,91.16,1117,606037.0,PUT,2026-05-08,95.0,313,61.282,-0.672068001,0.047575981,-0.202663795,0.04487141,7,100.0,US.NOW,0.042123738481790296,"成交额 $606,037 ≥ 阈值 $500,000 | 成交量 1,117 手",US.NOW,2026-05-02 09:33:01
US.NOW260618C100000,NOW 260618 100.00C,91.16,1550,567415.0,CALL,2026-06-18,100.0,7727,53.427,0.360337742,0.021236639,-0.072164728,0.1234326,48,100.0,US.NOW,-0.09697235629662136,"成交额 $567,415 ≥ 阈值 $500,000 | 成交量 1,550 手",US.NOW,2026-05-02 09:33:01
US.NOW260717C100000,NOW 260717 100.00C,91.16,986,518731.0,CALL,2026-07-17,100.0,4458,52.858,0.409410732,0.017583607,-0.059228333,0.162479442,77,100.0,US.NOW,-0.09697235629662136,"成交额 $518,731 ≥ 阈值 $500,000 | 成交量 986 手",US.NOW,2026-05-02 09:33:01
US.NOW260515C100000,NOW 260515 100.00C,91.16,4352,508987.0,CALL,2026-05-15,100.0,10463,57.603,0.224039227,0.029319535,-0.113241911,0.052995822,14,100.0,US.NOW,-0.09697235629662136,"成交额 $508,987 ≥ 阈值 $500,000 | 成交量 4,352 手",US.NOW,2026-05-02 09:33:01
US.NXPI260515C220000,NXPI 260515 220.00C,295.24,604,4411978.0,CALL,2026-05-15,220.0,1517,0.0,0.0,0.0,0.0,0.0,14,100.0,US.NXPI,0.25484351713859915,"成交额 $4,411,978 ≥ 阈值 $500,000 | 成交量 604 手",US.NXPI,2026-05-02 09:34:44
US.NXPI260515C240000,NXPI 260515 240.00C,295.24,388,2137928.0,CALL,2026-05-15,240.0,2033,60.618,0.966303635,0.002153529,-0.113646016,0.042971116,14,100.0,US.NXPI,0.1871020186966536,"成交额 $2,137,928 ≥ 阈值 $500,000 | 成交量 388 手",US.NXPI,2026-05-02 09:34:44
US.OKE260618C75000,OKE 260618 75.00C,90.36,3711,5863304.0,CALL,2026-06-18,75.0,749,23.984,0.987617988,0.004092795,-0.009891794,0.010519873,48,100.0,US.OKE,0.1699867197875166,"成交额 $5,863,304 ≥ 阈值 $500,000 | 成交量 3,711 手",US.OKE,2026-05-02 09:35:19
US.OKE260515C80000,OKE 260515 80.00C,90.36,3615,3829577.0,CALL,2026-05-15,80.0,495,47.454,0.916434672,0.018437221,-0.052960869,0.026972697,14,100.0,US.OKE,0.11465250110668437,"成交额 $3,829,577 ≥ 阈值 $500,000 | 成交量 3,615 手",US.OKE,2026-05-02 09:35:19
US.OKE260515C85000,OKE 260515 85.00C,90.36,5439,3155382.0,CALL,2026-05-15,85.0,1067,25.805,0.898282456,0.039214576,-0.036463297,0.031183826,14,100.0,US.OKE,0.05931828242585214,"成交额 $3,155,382 ≥ 阈值 $500,000 | 成交量 5,439 手",US.OKE,2026-05-02 09:35:19
US.OKE260618C70000,OKE 260618 70.00C,90.36,1350,2790900.0,CALL,2026-06-18,70.0,205,48.085,0.943142912,0.007263793,-0.025053352,0.037330041,48,100.0,US.OKE,0.22532093846834883,"成交额 $2,790,900 ≥ 阈值 $500,000 | 成交量 1,350 手",US.OKE,2026-05-02 09:35:19
US.OKE260618C65000,OKE 260618 65.00C,90.36,900,2290200.0,CALL,2026-06-18,65.0,97,56.454,0.958901663,0.004772643,-0.022905387,0.028798661,48,100.0,US.OKE,0.28065515714918104,"成交额 $2,290,200 ≥ 阈值 $500,000 | 成交量 900 手",US.OKE,2026-05-02 09:35:19
US.OKE260515C75000,OKE 260515 75.00C,90.36,902,1392143.0,CALL,2026-05-15,75.0,128,50.598,0.974881058,0.006604298,-0.025230061,0.010305046,14,100.0,US.OKE,0.1699867197875166,"成交额 $1,392,143 ≥ 阈值 $500,000 | 成交量 902 手",US.OKE,2026-05-02 09:35:19
US.OKE260618C60000,OKE 260618 60.00C,90.36,310,955575.0,CALL,2026-06-18,60.0,56,59.024,0.979635853,0.002547711,-0.015530475,0.01607603,48,100.0,US.OKE,0.33598937583001326,"成交额 $955,575 ≥ 阈值 $500,000 | 成交量 310 手",US.OKE,2026-05-02 09:35:19
US.ON260515C108000,ON 260515 108.00C,103.03,1733,758556.0,CALL,2026-05-15,108.0,12,83.175,0.419886529,0.023471886,-0.244036537,0.078256497,14,100.0,US.ON,-0.04823837717169755,"成交额 $758,556 ≥ 阈值 $500,000 | 成交量 1,733 手",US.ON,2026-05-02 09:35:53
US.ORCL260618C200000,ORCL 260618 200.00C,171.83,15694,9956215.0,CALL,2026-06-18,200.0,31864,62.748,0.296590467,0.008866296,-0.146018596,0.215033036,48,100.0,US.ORCL,-0.16394110458010816,"成交额 $9,956,215 ≥ 阈值 $500,000 | 成交量 15,694 手",US.ORCL,2026-05-02 09:36:11
US.ORCL260515C170000,ORCL 260515 170.00C,171.83,8340,6367015.0,CALL,2026-05-15,170.0,10973,53.996,0.566536647,0.021818412,-0.270978994,0.131352866,14,100.0,US.ORCL,0.010650061106908063,"成交额 $6,367,015 ≥ 阈值 $500,000 | 成交量 8,340 手",US.ORCL,2026-05-02 09:36:11
US.ORCL260508C180000,ORCL 260508 180.00C,171.83,25552,5771940.0,CALL,2026-05-08,180.0,5191,56.446,0.288963637,0.02584473,-0.345754819,0.080044254,7,100.0,US.ORCL,-0.04754699412209735,"成交额 $5,771,940 ≥ 阈值 $500,000 | 成交量 25,552 手",US.ORCL,2026-05-02 09:36:11
US.ORCL260618P160000,ORCL 260618 160.00P,171.83,5831,5320390.0,PUT,2026-06-18,160.0,5825,61.996,-0.326674467,0.009380085,-0.140310036,0.22414769,48,100.0,US.ORCL,-0.06884711633591348,"成交额 $5,320,390 ≥ 阈值 $500,000 | 成交量 5,831 手",US.ORCL,2026-05-02 09:36:11
US.ORCL260618C170000,ORCL 260618 170.00C,171.83,2354,4046606.0,CALL,2026-06-18,170.0,7801,62.485,0.571976501,0.010101723,-0.168495311,0.243979656,48,100.0,US.ORCL,0.010650061106908063,"成交额 $4,046,606 ≥ 阈值 $500,000 | 成交量 2,354 手",US.ORCL,2026-05-02 09:36:11
US.ORCL260508C170000,ORCL 260508 170.00C,171.83,7078,3943518.0,CALL,2026-05-08,170.0,6709,57.281,0.57330498,0.029228804,-0.412277851,0.09186772,7,100.0,US.ORCL,0.010650061106908063,"成交额 $3,943,518 ≥ 阈值 $500,000 | 成交量 7,078 手",US.ORCL,2026-05-02 09:36:11
US.ORCL260508C175000,ORCL 260508 175.00C,171.83,8845,3512075.0,CALL,2026-05-08,175.0,2108,54.723,0.421246701,0.030513709,-0.390148811,0.091622464,7,100.0,US.ORCL,-0.01844846650759464,"成交额 $3,512,075 ≥ 阈值 $500,000 | 成交量 8,845 手",US.ORCL,2026-05-02 09:36:11
US.ORCL260529C170000,ORCL 260529 170.00C,171.83,3015,3444656.0,CALL,2026-05-29,170.0,1128,53.057,0.565607271,0.015645733,-0.188336474,0.186563485,28,100.0,US.ORCL,0.010650061106908063,"成交额 $3,444,656 ≥ 阈值 $500,000 | 成交量 3,015 手",US.ORCL,2026-05-02 09:36:11
US.ORCL260918P165000,ORCL 260918 165.00P,171.83,1612,3167646.0,PUT,2026-09-18,165.0,4139,57.798,-0.373192755,0.0062224,-0.076389849,0.402155352,140,100.0,US.ORCL,-0.039748588721410766,"成交额 $3,167,646 ≥ 阈值 $500,000 | 成交量 1,612 手",US.ORCL,2026-05-02 09:36:11
US.ORCL260508P167500,ORCL 260508 167.50P,171.83,9490,2985025.0,PUT,2026-05-08,167.5,4868,54.61,-0.348794998,0.028935299,-0.355131365,0.086641475,7,100.0,US.ORCL,-0.025199324914159413,"成交额 $2,985,025 ≥ 阈值 $500,000 | 成交量 9,490 手",US.ORCL,2026-05-02 09:36:11
US.ORCL260918C200000,ORCL 260918 200.00C,171.83,1884,2902086.0,CALL,2026-09-18,200.0,5747,57.047,0.415217761,0.006427363,-0.09032383,0.414592824,140,100.0,US.ORCL,-0.16394110458010816,"成交额 $2,902,086 ≥ 阈值 $500,000 | 成交量 1,884 手",US.ORCL,2026-05-02 09:36:11
US.ORCL260515C180000,ORCL 260515 180.00C,171.83,5899,2596184.0,CALL,2026-05-15,180.0,15114,54.91,0.356014433,0.020325357,-0.257260046,0.124433447,14,100.0,US.ORCL,-0.04754699412209735,"成交额 $2,596,184 ≥ 阈值 $500,000 | 成交量 5,899 手",US.ORCL,2026-05-02 09:36:11
US.ORCL260515P170000,ORCL 260515 170.00P,171.83,3481,2593993.0,PUT,2026-05-15,170.0,7735,53.282,-0.433627778,0.022148814,-0.251248373,0.131320689,14,100.0,US.ORCL,-0.010650061106908063,"成交额 $2,593,993 ≥ 阈值 $500,000 | 成交量 3,481 手",US.ORCL,2026-05-02 09:36:11
US.ORCL260821C190000,ORCL 260821 190.00C,171.83,1576,2411679.0,CALL,2026-08-21,190.0,2251,55.146,0.444180872,0.007533137,-0.098972297,0.375634282,112,100.0,US.ORCL,-0.10574404935110275,"成交额 $2,411,679 ≥ 阈值 $500,000 | 成交量 1,576 手",US.ORCL,2026-05-02 09:36:11
US.ORCL260618P170000,ORCL 260618 170.00P,171.83,1551,2192849.0,PUT,2026-06-18,170.0,6777,61.256,-0.429587062,0.010355961,-0.149594733,0.244005991,48,100.0,US.ORCL,-0.010650061106908063,"成交额 $2,192,849 ≥ 阈值 $500,000 | 成交量 1,551 手",US.ORCL,2026-05-02 09:36:11
US.ORCL260508C172500,ORCL 260508 172.50C,171.83,4359,2147755.0,CALL,2026-05-08,172.5,928,55.003,0.497838631,0.030963211,-0.401974324,0.093448689,7,100.0,US.ORCL,-0.0038992027003432895,"成交额 $2,147,755 ≥ 阈值 $500,000 | 成交量 4,359 手",US.ORCL,2026-05-02 09:36:11
US.ORCL260618C180000,ORCL 260618 180.00C,171.83,1418,1681487.0,CALL,2026-06-18,180.0,7569,62.373,0.471323594,0.010261104,-0.169111354,0.247385457,48,100.0,US.ORCL,-0.04754699412209735,"成交额 $1,681,487 ≥ 阈值 $500,000 | 成交量 1,418 手",US.ORCL,2026-05-02 09:36:11
US.ORCL260515C175000,ORCL 260515 175.00C,171.83,2951,1654900.0,CALL,2026-05-15,175.0,10587,54.339,0.457257407,0.0218607,-0.273066223,0.132444344,14,100.0,US.ORCL,-0.01844846650759464,"成交额 $1,654,900 ≥ 阈值 $500,000 | 成交量 2,951 手",US.ORCL,2026-05-02 09:36:11
US.ORCL260618C210000,ORCL 260618 210.00C,171.83,3539,1625732.0,CALL,2026-06-18,210.0,10398,62.977,0.227962581,0.007716552,-0.127352281,0.187828461,48,100.0,US.ORCL,-0.22213815980911358,"成交额 $1,625,732 ≥ 阈值 $500,000 | 成交量 3,539 手",US.ORCL,2026-05-02 09:36:11
US.ORCL260918C170000,ORCL 260918 170.00C,171.83,582,1557223.0,CALL,2026-09-18,170.0,2300,57.769,0.597764223,0.006298306,-0.092779387,0.411415437,140,100.0,US.ORCL,0.010650061106908063,"成交额 $1,557,223 ≥ 阈值 $500,000 | 成交量 582 手",US.ORCL,2026-05-02 09:36:11
US.ORCL260515C185000,ORCL 260515 185.00C,171.83,5355,1546334.0,CALL,2026-05-15,185.0,10820,55.585,0.268617625,0.017768617,-0.228467798,0.110114668,14,100.0,US.ORCL,-0.07664552173660005,"成交额 $1,546,334 ≥ 阈值 $500,000 | 成交量 5,355 手",US.ORCL,2026-05-02 09:36:11
US.ORCL260508C167500,ORCL 260508 167.50C,171.83,2059,1539658.0,CALL,2026-05-08,167.5,5583,56.728,0.647066545,0.02795836,-0.387100905,0.087024538,7,100.0,US.ORCL,0.025199324914159413,"成交额 $1,539,658 ≥ 阈值 $500,000 | 成交量 2,059 手",US.ORCL,2026-05-02 09:36:11
US.ORCL260515C105000,ORCL 260515 105.00C,171.83,206,1400710.0,CALL,2026-05-15,105.0,54,109.984,0.992193026,0.000584174,-0.036646111,0.007164802,14,100.0,US.ORCL,0.3889309200954432,"成交额 $1,400,710 ≥ 阈值 $500,000 | 成交量 206 手",US.ORCL,2026-05-02 09:36:11
US.ORCL260618C185000,ORCL 260618 185.00C,171.83,1126,1093066.0,CALL,2026-06-18,185.0,7512,62.031,0.422437893,0.010148394,-0.164861347,0.243322172,48,100.0,US.ORCL,-0.07664552173660005,"成交额 $1,093,066 ≥ 阈值 $500,000 | 成交量 1,126 手",US.ORCL,2026-05-02 09:36:11
US.ORCL260515C200000,ORCL 260515 200.00C,171.83,10082,1079202.0,CALL,2026-05-15,200.0,35599,59.956,0.108794401,0.009318268,-0.135332117,0.062285171,14,100.0,US.ORCL,-0.16394110458010816,"成交额 $1,079,202 ≥ 阈值 $500,000 | 成交量 10,082 手",US.ORCL,2026-05-02 09:36:11
US.ORCL260508P170000,ORCL 260508 170.00P,171.83,2440,1070941.0,PUT,2026-05-08,170.0,1734,54.473,-0.424763817,0.030733483,-0.375739128,0.091767033,7,100.0,US.ORCL,-0.010650061106908063,"成交额 $1,070,941 ≥ 阈值 $500,000 | 成交量 2,440 手",US.ORCL,2026-05-02 09:36:11
US.ORCL260508C165000,ORCL 260508 165.00C,171.83,1199,1023303.0,CALL,2026-05-08,165.0,1687,59.43,0.708656143,0.024641759,-0.373571596,0.080353776,7,100.0,US.ORCL,0.039748588721410766,"成交额 $1,023,303 ≥ 阈值 $500,000 | 成交量 1,199 手",US.ORCL,2026-05-02 09:36:11
US.ORCL260515C130000,ORCL 260515 130.00C,171.83,226,970768.0,CALL,2026-05-15,130.0,533,62.78,0.990835776,0.001178003,-0.030096096,0.008249851,14,100.0,US.ORCL,0.2434382820229297,"成交额 $970,768 ≥ 阈值 $500,000 | 成交量 226 手",US.ORCL,2026-05-02 09:36:11
US.ORCL260717C160000,ORCL 260717 160.00C,171.83,413,957966.0,CALL,2026-07-17,160.0,1598,57.563,0.666799736,0.008013508,-0.116678208,0.286506595,77,100.0,US.ORCL,0.06884711633591348,"成交额 $957,966 ≥ 阈值 $500,000 | 成交量 413 手",US.ORCL,2026-05-02 09:36:11
US.ORCL260515C160000,ORCL 260515 160.00C,171.83,626,939948.0,CALL,2026-05-15,160.0,4523,56.823,0.762266919,0.016299594,-0.226773216,0.103259847,14,100.0,US.ORCL,0.06884711633591348,"成交额 $939,948 ≥ 阈值 $500,000 | 成交量 626 手",US.ORCL,2026-05-02 09:36:11
US.ORCL260717C170000,ORCL 260717 170.00C,171.83,489,923962.0,CALL,2026-07-17,170.0,4586,57.851,0.579957617,0.008573677,-0.124410172,0.308072827,77,100.0,US.ORCL,0.010650061106908063,"成交额 $923,962 ≥ 阈值 $500,000 | 成交量 489 手",US.ORCL,2026-05-02 09:36:11
US.ORCL260508P172500,ORCL 260508 172.50P,171.83,1604,851132.0,PUT,2026-05-08,172.5,653,53.858,-0.50319363,0.031662395,-0.377211566,0.093424898,7,100.0,US.ORCL,0.0038992027003432895,"成交额 $851,132 ≥ 阈值 $500,000 | 成交量 1,604 手",US.ORCL,2026-05-02 09:36:11
US.ORCL260618C175000,ORCL 260618 175.00C,171.83,582,845166.0,CALL,2026-06-18,175.0,7317,62.171,0.52086365,0.010307122,-0.169466198,0.247688207,48,100.0,US.ORCL,-0.01844846650759464,"成交额 $845,166 ≥ 阈值 $500,000 | 成交量 582 手",US.ORCL,2026-05-02 09:36:11
US.ORCL260508C177500,ORCL 260508 177.50C,171.83,2748,839260.0,CALL,2026-05-08,177.5,814,55.247,0.35032375,0.028630916,-0.370339933,0.086790782,7,100.0,US.ORCL,-0.03299773031484599,"成交额 $839,260 ≥ 阈值 $500,000 | 成交量 2,748 手",US.ORCL,2026-05-02 09:36:11
US.ORCL260508P160000,ORCL 260508 160.00P,171.83,6335,802764.0,PUT,2026-05-08,160.0,2170,57.733,-0.170061488,0.018718981,-0.250913819,0.059280548,7,100.0,US.ORCL,-0.06884711633591348,"成交额 $802,764 ≥ 阈值 $500,000 | 成交量 6,335 手",US.ORCL,2026-05-02 09:36:11
US.ORCL260918P170000,ORCL 260918 170.00P,171.83,351,790000.0,PUT,2026-09-18,170.0,5051,57.081,-0.406110724,0.006467506,-0.076754808,0.411841615,140,100.0,US.ORCL,-0.010650061106908063,"成交额 $790,000 ≥ 阈值 $500,000 | 成交量 351 手",US.ORCL,2026-05-02 09:36:11
US.ORCL260717C200000,ORCL 260717 200.00C,171.83,858,768321.0,CALL,2026-07-17,200.0,5055,56.946,0.336721993,0.008133831,-0.111795026,0.287681168,77,100.0,US.ORCL,-0.16394110458010816,"成交额 $768,321 ≥ 阈值 $500,000 | 成交量 858 手",US.ORCL,2026-05-02 09:36:11
US.ORCL260508C190000,ORCL 260508 190.00C,171.83,8298,742989.0,CALL,2026-05-08,190.0,2768,60.344,0.120483388,0.014191861,-0.206272485,0.046986466,7,100.0,US.ORCL,-0.10574404935110275,"成交额 $742,989 ≥ 阈值 $500,000 | 成交量 8,298 手",US.ORCL,2026-05-02 09:36:11
US.ORCL260717C180000,ORCL 260717 180.00C,171.83,481,727774.0,CALL,2026-07-17,180.0,3073,56.927,0.492769713,0.00889058,-0.123836779,0.314356552,77,100.0,US.ORCL,-0.04754699412209735,"成交额 $727,774 ≥ 阈值 $500,000 | 成交量 481 手",US.ORCL,2026-05-02 09:36:11
US.ORCL260515C165000,ORCL 260515 165.00C,171.83,668,723656.0,CALL,2026-05-15,165.0,6051,54.003,0.674375332,0.019975321,-0.249847109,0.12026986,14,100.0,US.ORCL,0.039748588721410766,"成交额 $723,656 ≥ 阈值 $500,000 | 成交量 668 手",US.ORCL,2026-05-02 09:36:11
US.ORCL260618C165000,ORCL 260618 165.00C,171.83,373,718405.0,CALL,2026-06-18,165.0,8805,62.994,0.62276625,0.00970018,-0.165222172,0.236187844,48,100.0,US.ORCL,0.039748588721410766,"成交额 $718,405 ≥ 阈值 $500,000 | 成交量 373 手",US.ORCL,2026-05-02 09:36:11
US.ORCL260522P150000,ORCL 260522 150.00P,171.83,4351,717137.0,PUT,2026-05-22,150.0,931,57.281,-0.140796147,0.009516196,-0.123892625,0.091592291,21,100.0,US.ORCL,-0.12704417156491887,"成交额 $717,137 ≥ 阈值 $500,000 | 成交量 4,351 手",US.ORCL,2026-05-02 09:36:11
US.ORCL260618C230000,ORCL 260618 230.00C,171.83,2710,715438.0,CALL,2026-06-18,230.0,19716,65.061,0.135508085,0.00538146,-0.093922807,0.13532124,48,100.0,US.ORCL,-0.3385322702671244,"成交额 $715,438 ≥ 阈值 $500,000 | 成交量 2,710 手",US.ORCL,2026-05-02 09:36:11
US.ORCL260515P172500,ORCL 260515 172.50P,171.83,974,709721.0,PUT,2026-05-15,172.5,147,53.241,-0.489701531,0.022483409,-0.253679196,0.133113471,14,100.0,US.ORCL,0.0038992027003432895,"成交额 $709,721 ≥ 阈值 $500,000 | 成交量 974 手",US.ORCL,2026-05-02 09:36:11
US.ORCL260508C182500,ORCL 260508 182.50C,171.83,4074,688610.0,CALL,2026-05-08,182.5,1102,57.107,0.233842069,0.022909247,-0.310244626,0.071782012,7,100.0,US.ORCL,-0.0620962579293487,"成交额 $688,610 ≥ 阈值 $500,000 | 成交量 4,074 手",US.ORCL,2026-05-02 09:36:11
US.ORCL260508C200000,ORCL 260508 200.00C,171.83,17409,663705.0,CALL,2026-05-08,200.0,5794,67.19,0.054330832,0.006999815,-0.119656309,0.02580607,7,100.0,US.ORCL,-0.16394110458010816,"成交额 $663,705 ≥ 阈值 $500,000 | 成交量 17,409 手",US.ORCL,2026-05-02 09:36:11
US.ORCL260508C162500,ORCL 260508 162.50C,171.83,737,658670.0,CALL,2026-05-08,162.5,2989,57.934,0.77484454,0.022108363,-0.317995695,0.070275943,7,100.0,US.ORCL,0.05429785252866212,"成交额 $658,670 ≥ 阈值 $500,000 | 成交量 737 手",US.ORCL,2026-05-02 09:36:11
US.ORCL260515C190000,ORCL 260515 190.00C,171.83,3417,636372.0,CALL,2026-05-15,190.0,13210,57.375,0.202276366,0.014712716,-0.199691002,0.094109935,14,100.0,US.ORCL,-0.10574404935110275,"成交额 $636,372 ≥ 阈值 $500,000 | 成交量 3,417 手",US.ORCL,2026-05-02 09:36:11
US.ORCL260618C190000,ORCL 260618 190.00C,171.83,681,615212.0,CALL,2026-06-18,190.0,10801,62.016,0.3765284,0.009847397,-0.159373479,0.236046159,48,100.0,US.ORCL,-0.10574404935110275,"成交额 $615,212 ≥ 阈值 $500,000 | 成交量 681 手",US.ORCL,2026-05-02 09:36:11
US.ORCL260605C175000,ORCL 260605 175.00C,171.83,657,599405.0,CALL,2026-06-05,175.0,59,55.362,0.499489648,0.013584788,-0.177117646,0.211614925,35,100.0,US.ORCL,-0.01844846650759464,"成交额 $599,405 ≥ 阈值 $500,000 | 成交量 657 手",US.ORCL,2026-05-02 09:36:11
US.ORCL260918P115000,ORCL 260918 115.00P,171.83,1507,589375.0,PUT,2026-09-18,115.0,3714,63.507,-0.10556479,0.002706606,-0.04220081,0.19410622,140,100.0,US.ORCL,-0.3307338648664378,"成交额 $589,375 ≥ 阈值 $500,000 | 成交量 1,507 手",US.ORCL,2026-05-02 09:36:11
US.ORCL260522C170000,ORCL 260522 170.00C,171.83,626,581475.0,CALL,2026-05-22,170.0,1625,54.437,0.564850569,0.017636548,-0.222662229,0.161409398,21,100.0,US.ORCL,0.010650061106908063,"成交额 $581,475 ≥ 阈值 $500,000 | 成交量 626 手",US.ORCL,2026-05-02 09:36:11
US.ORCL260918C280000,ORCL 260918 280.00C,171.83,1546,576354.0,CALL,2026-09-18,280.0,2471,58.735,0.130634211,0.003398495,-0.049228105,0.225681429,140,100.0,US.ORCL,-0.6295175464121514,"成交额 $576,354 ≥ 阈值 $500,000 | 成交量 1,546 手",US.ORCL,2026-05-02 09:36:11
US.ORCL260522P167500,ORCL 260522 167.50P,171.83,676,539016.0,PUT,2026-05-22,167.5,340,54.939,-0.391855324,0.017086335,-0.203932671,0.157472652,21,100.0,US.ORCL,-0.025199324914159413,"成交额 $539,016 ≥ 阈值 $500,000 | 成交量 676 手",US.ORCL,2026-05-02 09:36:11
US.ORCL260918C180000,ORCL 260918 180.00C,171.83,233,514367.0,CALL,2026-09-18,180.0,2613,56.908,0.533329379,0.006569482,-0.093166598,0.422736452,140,100.0,US.ORCL,-0.04754699412209735,"成交额 $514,367 ≥ 阈值 $500,000 | 成交量 233 手",US.ORCL,2026-05-02 09:36:11
US.ORCL260508P165000,ORCL 260508 165.00P,171.83,1993,513248.0,PUT,2026-05-08,165.0,1383,55.345,-0.279673573,0.025960314,-0.325722882,0.078795866,7,100.0,US.ORCL,-0.039748588721410766,"成交额 $513,248 ≥ 阈值 $500,000 | 成交量 1,993 手",US.ORCL,2026-05-02 09:36:11
US.ORCL260618C160000,ORCL 260618 160.00C,171.83,231,507715.0,CALL,2026-06-18,160.0,5502,63.602,0.672082476,0.009135186,-0.159470248,0.224576313,48,100.0,US.ORCL,0.06884711633591348,"成交额 $507,715 ≥ 阈值 $500,000 | 成交量 231 手",US.ORCL,2026-05-02 09:36:11
US.ORCL260821C200000,ORCL 260821 200.00C,171.83,421,504423.0,CALL,2026-08-21,200.0,3405,55.28,0.379437484,0.007239961,-0.094947089,0.36188931,112,100.0,US.ORCL,-0.16394110458010816,"成交额 $504,423 ≥ 阈值 $500,000 | 成交量 421 手",US.ORCL,2026-05-02 09:36:11
US.ORCL260508C185000,ORCL 260508 185.00C,171.83,3408,502944.0,CALL,2026-05-08,185.0,1994,58.003,0.187837513,0.019832027,-0.273643751,0.063113385,7,100.0,US.ORCL,-0.07664552173660005,"成交额 $502,944 ≥ 阈值 $500,000 | 成交量 3,408 手",US.ORCL,2026-05-02 09:36:11
US.ORCL260717P140000,ORCL 260717 140.00P,171.83,905,500913.0,PUT,2026-07-17,140.0,4319,60.194,-0.182632514,0.005590668,-0.078674941,0.208627409,77,100.0,US.ORCL,-0.1852412267939243,"成交额 $500,913 ≥ 阈值 $500,000 | 成交量 905 手",US.ORCL,2026-05-02 09:36:11
US.OXY260821C65000,OXY 260821 65.00C,58.71,8704,2509529.0,CALL,2026-08-21,65.0,9714,39.152,0.378234795,0.029889304,-0.02358211,0.123525601,112,100.0,US.OXY,-0.10713677397376936,"成交额 $2,509,529 ≥ 阈值 $500,000 | 成交量 8,704 手",US.OXY,2026-05-02 09:37:02
US.OXY260508C60000,OXY 260508 60.00C,58.71,8981,1100258.0,CALL,2026-05-08,60.0,5096,53.895,0.401336516,0.089638131,-0.129589635,0.030948958,7,100.0,US.OXY,-0.02197240674501787,"成交额 $1,100,258 ≥ 阈值 $500,000 | 成交量 8,981 手",US.OXY,2026-05-02 09:37:02
US.OXY260508C61000,OXY 260508 61.00C,58.71,8071,736403.0,CALL,2026-05-08,61.0,1037,54.297,0.318894615,0.082167035,-0.119375598,0.028580157,7,100.0,US.OXY,-0.03900528019076817,"成交额 $736,403 ≥ 阈值 $500,000 | 成交量 8,071 手",US.OXY,2026-05-02 09:37:02
US.OXY260618C65000,OXY 260618 65.00C,58.71,4398,628082.0,CALL,2026-06-18,65.0,20729,40.457,0.277713608,0.039013149,-0.031712131,0.071214293,48,100.0,US.OXY,-0.10713677397376936,"成交额 $628,082 ≥ 阈值 $500,000 | 成交量 4,398 手",US.OXY,2026-05-02 09:37:02
US.OXY260522C60000,OXY 260522 60.00C,58.71,3074,591536.0,CALL,2026-05-22,60.0,1658,45.213,0.44893308,0.062465104,-0.063425381,0.05543152,21,100.0,US.OXY,-0.02197240674501787,"成交额 $591,536 ≥ 阈值 $500,000 | 成交量 3,074 手",US.OXY,2026-05-02 09:37:02
US.OXY260618C60000,OXY 260618 60.00C,58.71,1932,562372.0,CALL,2026-06-18,60.0,21696,39.273,0.480667878,0.047762858,-0.037484964,0.084645413,48,100.0,US.OXY,-0.02197240674501787,"成交额 $562,372 ≥ 阈值 $500,000 | 成交量 1,932 手",US.OXY,2026-05-02 09:37:02
US.PANW260918C185000,PANW 260918 185.00C,181.08,1309,2616945.0,CALL,2026-09-18,185.0,488,45.783,0.545821488,0.007724543,-0.080719732,0.444103747,140,100.0,US.PANW,-0.021647890435166708,"成交额 $2,616,945 ≥ 阈值 $500,000 | 成交量 1,309 手",US.PANW,2026-05-02 09:37:19
US.PANW260918P185000,PANW 260918 185.00P,181.08,329,650784.0,PUT,2026-09-18,185.0,516,43.719,-0.462659102,0.008275069,-0.06123988,0.44370808,140,100.0,US.PANW,0.021647890435166708,"成交额 $650,784 ≥ 阈值 $500,000 | 成交量 329 手",US.PANW,2026-05-02 09:37:19
US.PANW260717C180000,PANW 260717 180.00C,181.08,389,614836.0,CALL,2026-07-17,180.0,1264,46.486,0.567675199,0.010183831,-0.107760854,0.32655673,77,100.0,US.PANW,0.005964214711729691,"成交额 $614,836 ≥ 阈值 $500,000 | 成交量 389 手",US.PANW,2026-05-02 09:37:19
US.PANW260918P180000,PANW 260918 180.00P,181.08,344,595980.0,PUT,2026-09-18,180.0,305,44.386,-0.421503276,0.007993578,-0.061941031,0.437290809,140,100.0,US.PANW,-0.005964214711729691,"成交额 $595,980 ≥ 阈值 $500,000 | 成交量 344 手",US.PANW,2026-05-02 09:37:19
US.PANW260515C195000,PANW 260515 195.00C,181.08,3834,576874.0,CALL,2026-05-15,195.0,1650,43.111,0.204470048,0.018699816,-0.160135806,0.099812264,14,100.0,US.PANW,-0.0768721007289595,"成交额 $576,874 ≥ 阈值 $500,000 | 成交量 3,834 手",US.PANW,2026-05-02 09:37:19
US.PANW260618C170000,PANW 260618 170.00C,181.08,260,527121.0,CALL,2026-06-18,170.0,2378,51.101,0.677108911,0.010721157,-0.13659227,0.235173839,48,100.0,US.PANW,0.06118842500552248,"成交额 $527,121 ≥ 阈值 $500,000 | 成交量 260 手",US.PANW,2026-05-02 09:37:19
US.PH260515P920000,PH 260515 920.00P,882.23,401,1397006.0,PUT,2026-05-15,920.0,421,31.466,-0.739730143,0.006142012,-0.582926935,0.554503079,14,100.0,US.PH,0.042811965133808624,"成交额 $1,397,006 ≥ 阈值 $500,000 | 成交量 401 手",US.PH,2026-05-02 09:39:37
US.PH260618P860000,PH 260618 860.00P,882.23,403,924067.0,PUT,2026-06-18,860.0,2,30.81,-0.373974402,0.003879312,-0.360629767,1.207388078,48,100.0,US.PH,-0.025197510853178895,"成交额 $924,067 ≥ 阈值 $500,000 | 成交量 403 手",US.PH,2026-05-02 09:39:37
US.PLTR260508C150000,PLTR 260508 150.00C,144.07,14715,6946454.0,CALL,2026-05-08,150.0,6423,89.37,0.395655473,0.021945664,-0.521122587,0.075659982,7,100.0,US.PLTR,-0.041160546956340714,"成交额 $6,946,454 ≥ 阈值 $500,000 | 成交量 14,715 手",US.PLTR,2026-05-02 09:40:29
US.PLTR260508C145000,PLTR 260508 145.00C,144.07,7549,5049366.0,CALL,2026-05-08,145.0,7100,90.196,0.50583925,0.022517118,-0.548214008,0.078347763,7,100.0,US.PLTR,-0.00645519539112936,"成交额 $5,049,366 ≥ 阈值 $500,000 | 成交量 7,549 手",US.PLTR,2026-05-02 09:40:29
US.PLTR260522C150000,PLTR 260522 150.00C,144.07,5042,3330947.0,CALL,2026-05-22,150.0,1302,66.339,0.435415927,0.017262626,-0.224072954,0.135349084,21,100.0,US.PLTR,-0.041160546956340714,"成交额 $3,330,947 ≥ 阈值 $500,000 | 成交量 5,042 手",US.PLTR,2026-05-02 09:40:29
US.PLTR260508C155000,PLTR 260508 155.00C,144.07,9368,3089869.0,CALL,2026-05-08,155.0,19627,89.463,0.296998975,0.019696957,-0.463137946,0.067977259,7,100.0,US.PLTR,-0.07586589852155208,"成交额 $3,089,869 ≥ 阈值 $500,000 | 成交量 9,368 手",US.PLTR,2026-05-02 09:40:29
US.PLTR260515C150000,PLTR 260515 150.00C,144.07,5028,2887141.0,CALL,2026-05-15,150.0,33220,72.706,0.418730148,0.019190572,-0.298850405,0.1093654,14,100.0,US.PLTR,-0.041160546956340714,"成交额 $2,887,141 ≥ 阈值 $500,000 | 成交量 5,028 手",US.PLTR,2026-05-02 09:40:29
US.PLTR260508C142000,PLTR 260508 142.00C,144.07,3066,2530400.0,CALL,2026-05-08,142.0,14797,90.899,0.57306643,0.021969346,-0.543924314,0.077038202,7,100.0,US.PLTR,0.014368015547997454,"成交额 $2,530,400 ≥ 阈值 $500,000 | 成交量 3,066 手",US.PLTR,2026-05-02 09:40:29
US.PLTR260717C150000,PLTR 260717 150.00C,144.07,2011,2491195.0,CALL,2026-07-17,150.0,45961,53.942,0.496616661,0.011191893,-0.098799967,0.263605607,77,100.0,US.PLTR,-0.041160546956340714,"成交额 $2,491,195 ≥ 阈值 $500,000 | 成交量 2,011 手",US.PLTR,2026-05-02 09:40:29
US.PLTR260508C160000,PLTR 260508 160.00C,144.07,11758,2448319.0,CALL,2026-05-08,160.0,5893,89.592,0.21416803,0.016567273,-0.384192416,0.05725785,7,100.0,US.PLTR,-0.11057125008676343,"成交额 $2,448,319 ≥ 阈值 $500,000 | 成交量 11,758 手",US.PLTR,2026-05-02 09:40:29
US.PLTR260515P170000,PLTR 260515 170.00P,144.07,881,2388183.0,PUT,2026-05-15,170.0,3758,73.21,-0.862698315,0.010994611,-0.150047275,0.0613184,14,100.0,US.PLTR,0.17998195321718616,"成交额 $2,388,183 ≥ 阈值 $500,000 | 成交量 881 手",US.PLTR,2026-05-02 09:40:29
US.PLTR260508C144000,PLTR 260508 144.00C,144.07,3285,2362350.0,CALL,2026-05-08,144.0,886,90.289,0.528289758,0.022439717,-0.547815795,0.078159077,7,100.0,US.PLTR,0.00048587492191291164,"成交额 $2,362,350 ≥ 阈值 $500,000 | 成交量 3,285 手",US.PLTR,2026-05-02 09:40:29
US.PLTR260508C146000,PLTR 260508 146.00C,144.07,3649,2302404.0,CALL,2026-05-08,146.0,4676,90.138,0.483504075,0.022514634,-0.546974067,0.078289122,7,100.0,US.PLTR,-0.013396265704171632,"成交额 $2,302,404 ≥ 阈值 $500,000 | 成交量 3,649 手",US.PLTR,2026-05-02 09:40:29
US.PLTR260618C150000,PLTR 260618 150.00C,144.07,2344,2251140.0,CALL,2026-06-18,150.0,25214,56.924,0.472177727,0.013411723,-0.130011374,0.207451883,48,100.0,US.PLTR,-0.041160546956340714,"成交额 $2,251,140 ≥ 阈值 $500,000 | 成交量 2,344 手",US.PLTR,2026-05-02 09:40:29
US.PLTR260515C145000,PLTR 260515 145.00C,144.07,2677,2126083.0,CALL,2026-05-15,145.0,5648,73.162,0.514146668,0.019464104,-0.308425878,0.111621574,14,100.0,US.PLTR,-0.00645519539112936,"成交额 $2,126,083 ≥ 阈值 $500,000 | 成交量 2,677 手",US.PLTR,2026-05-02 09:40:29
US.PLTR260508P145000,PLTR 260508 145.00P,144.07,2268,1670514.0,PUT,2026-05-08,145.0,2974,90.391,-0.4942501,0.022483538,-0.535423948,0.078340468,7,100.0,US.PLTR,0.00645519539112936,"成交额 $1,670,514 ≥ 阈值 $500,000 | 成交量 2,268 手",US.PLTR,2026-05-02 09:40:29
US.PLTR260508C143000,PLTR 260508 143.00C,144.07,2156,1644991.0,CALL,2026-05-08,143.0,660,91.059,0.550748224,0.022125368,-0.549573434,0.077721324,7,100.0,US.PLTR,0.007426945234955183,"成交额 $1,644,991 ≥ 阈值 $500,000 | 成交量 2,156 手",US.PLTR,2026-05-02 09:40:29
US.PLTR260508C140000,PLTR 260508 140.00C,144.07,1735,1613008.0,CALL,2026-05-08,140.0,3136,90.998,0.617324374,0.021348708,-0.529583437,0.074942551,7,100.0,US.PLTR,0.028250156174081997,"成交额 $1,613,008 ≥ 阈值 $500,000 | 成交量 1,735 手",US.PLTR,2026-05-02 09:40:29
US.PLTR260508P142000,PLTR 260508 142.00P,144.07,2684,1603118.0,PUT,2026-05-08,142.0,1505,90.755,-0.427037595,0.022015775,-0.529326815,0.077036355,7,100.0,US.PLTR,-0.014368015547997454,"成交额 $1,603,118 ≥ 阈值 $500,000 | 成交量 2,684 手",US.PLTR,2026-05-02 09:40:29
US.PLTR260508C157500,PLTR 260508 157.50C,144.07,6108,1603027.0,CALL,2026-05-08,157.5,1543,89.842,0.254329505,0.018172394,-0.427624992,0.062980522,7,100.0,US.PLTR,-0.09321857430415775,"成交额 $1,603,027 ≥ 阈值 $500,000 | 成交量 6,108 手",US.PLTR,2026-05-02 09:40:29
US.PLTR260515C140000,PLTR 260515 140.00C,144.07,1476,1532932.0,CALL,2026-05-15,140.0,9957,73.597,0.610820067,0.018609373,-0.299552869,0.10735385,14,100.0,US.PLTR,0.028250156174081997,"成交额 $1,532,932 ≥ 阈值 $500,000 | 成交量 1,476 手",US.PLTR,2026-05-02 09:40:29
US.PLTR260508P138000,PLTR 260508 138.00P,144.07,3597,1514087.0,PUT,2026-05-08,138.0,436,90.357,-0.338619974,0.020620122,-0.490218756,0.071849943,7,100.0,US.PLTR,-0.042132296800166544,"成交额 $1,514,087 ≥ 阈值 $500,000 | 成交量 3,597 手",US.PLTR,2026-05-02 09:40:29
US.PLTR260508P140000,PLTR 260508 140.00P,144.07,2924,1490737.0,PUT,2026-05-08,140.0,5074,90.501,-0.382429852,0.021469665,-0.513007831,0.074923499,7,100.0,US.PLTR,-0.028250156174081997,"成交额 $1,490,737 ≥ 阈值 $500,000 | 成交量 2,924 手",US.PLTR,2026-05-02 09:40:29
US.PLTR260618C145000,PLTR 260618 145.00C,144.07,1252,1479505.0,CALL,2026-06-18,145.0,8336,57.016,0.537835046,0.01336236,-0.13071263,0.207022835,48,100.0,US.PLTR,-0.00645519539112936,"成交额 $1,479,505 ≥ 阈值 $500,000 | 成交量 1,252 手",US.PLTR,2026-05-02 09:40:29
US.PLTR260508C120000,PLTR 260508 120.00C,144.07,551,1347140.0,CALL,2026-05-08,120.0,441,97.729,0.925596493,0.007329799,-0.202570353,0.027632951,7,100.0,US.PLTR,0.16707156243492743,"成交额 $1,347,140 ≥ 阈值 $500,000 | 成交量 551 手",US.PLTR,2026-05-02 09:40:29
US.PLTR260618C140000,PLTR 260618 140.00C,144.07,930,1323086.0,CALL,2026-06-18,140.0,7294,57.464,0.604352616,0.012859916,-0.128622904,0.200802427,48,100.0,US.PLTR,0.028250156174081997,"成交额 $1,323,086 ≥ 阈值 $500,000 | 成交量 930 手",US.PLTR,2026-05-02 09:40:29
US.PLTR260508P143000,PLTR 260508 143.00P,144.07,1936,1252946.0,PUT,2026-05-08,143.0,329,90.6,-0.449398832,0.022250161,-0.533030868,0.077718803,7,100.0,US.PLTR,-0.007426945234955183,"成交额 $1,252,946 ≥ 阈值 $500,000 | 成交量 1,936 手",US.PLTR,2026-05-02 09:40:29
US.PLTR260508P134000,PLTR 260508 134.00P,144.07,4099,1191497.0,PUT,2026-05-08,134.0,327,90.853,-0.257146924,0.018077059,-0.431260917,0.063341846,7,100.0,US.PLTR,-0.06989657805233562,"成交额 $1,191,497 ≥ 阈值 $500,000 | 成交量 4,099 手",US.PLTR,2026-05-02 09:40:29
US.PLTR260508C152500,PLTR 260508 152.50C,144.07,3126,1115150.0,CALL,2026-05-08,152.5,6817,89.185,0.344078671,0.02101226,-0.494233954,0.072291638,7,100.0,US.PLTR,-0.058513222738946394,"成交额 $1,115,150 ≥ 阈值 $500,000 | 成交量 3,126 手",US.PLTR,2026-05-02 09:40:29
US.PLTR260618P145000,PLTR 260618 145.00P,144.07,923,1106273.0,PUT,2026-06-18,145.0,11471,56.646,-0.463979369,0.013530455,-0.116504846,0.20693986,48,100.0,US.PLTR,0.00645519539112936,"成交额 $1,106,273 ≥ 阈值 $500,000 | 成交量 923 手",US.PLTR,2026-05-02 09:40:29
US.PLTR260918C170000,PLTR 260918 170.00C,144.07,938,1075968.0,CALL,2026-09-18,170.0,5594,55.435,0.393428332,0.007782026,-0.07258823,0.342906246,140,100.0,US.PLTR,-0.17998195321718616,"成交额 $1,075,968 ≥ 阈值 $500,000 | 成交量 938 手",US.PLTR,2026-05-02 09:40:29
US.PLTR260508P133000,PLTR 260508 133.00P,144.07,3965,1050429.0,PUT,2026-05-08,133.0,1780,90.904,-0.238131896,0.017340081,-0.41302298,0.060794702,7,100.0,US.PLTR,-0.0768376483653779,"成交额 $1,050,429 ≥ 阈值 $500,000 | 成交量 3,965 手",US.PLTR,2026-05-02 09:40:29
US.PLTR260605C150000,PLTR 260605 150.00C,144.07,1233,1028486.0,CALL,2026-06-05,150.0,256,59.22,0.456079452,0.015054867,-0.156888365,0.176351981,35,100.0,US.PLTR,-0.041160546956340714,"成交额 $1,028,486 ≥ 阈值 $500,000 | 成交量 1,233 手",US.PLTR,2026-05-02 09:40:29
US.PLTR260508C148000,PLTR 260508 148.00C,144.07,1909,1016354.0,CALL,2026-05-08,148.0,3085,89.823,0.439182376,0.022349632,-0.537883893,0.077443672,7,100.0,US.PLTR,-0.027278406330256175,"成交额 $1,016,354 ≥ 阈值 $500,000 | 成交量 1,909 手",US.PLTR,2026-05-02 09:40:29
US.PLTR260508P135000,PLTR 260508 135.00P,144.07,2877,928984.0,PUT,2026-05-08,135.0,2707,90.792,-0.276778037,0.018774548,-0.448364805,0.065740462,7,100.0,US.PLTR,-0.06295550773929336,"成交额 $928,984 ≥ 阈值 $500,000 | 成交量 2,877 手",US.PLTR,2026-05-02 09:40:29
US.PLTR260515P140000,PLTR 260515 140.00P,144.07,1540,925783.0,PUT,2026-05-15,140.0,15809,73.2,-0.389177381,0.01872735,-0.284477481,0.107337361,14,100.0,US.PLTR,-0.028250156174081997,"成交额 $925,783 ≥ 阈值 $500,000 | 成交量 1,540 手",US.PLTR,2026-05-02 09:40:29
US.PLTR260821C115000,PLTR 260821 115.00C,144.07,243,893514.0,CALL,2026-08-21,115.0,236,60.61,0.808594805,0.005640992,-0.066969881,0.217324763,112,100.0,US.PLTR,0.20177691400013878,"成交额 $893,514 ≥ 阈值 $500,000 | 成交量 243 手",US.PLTR,2026-05-02 09:40:29
US.PLTR260508P144000,PLTR 260508 144.00P,144.07,1254,874808.0,PUT,2026-05-08,144.0,302,90.159,-0.471909041,0.02248627,-0.533153202,0.078154946,7,100.0,US.PLTR,-0.00048587492191291164,"成交额 $874,808 ≥ 阈值 $500,000 | 成交量 1,254 手",US.PLTR,2026-05-02 09:40:29
US.PLTR260821C170000,PLTR 260821 170.00C,144.07,850,833301.0,CALL,2026-08-21,170.0,2304,56.719,0.36884591,0.008340717,-0.080735153,0.300714444,112,100.0,US.PLTR,-0.17998195321718616,"成交额 $833,301 ≥ 阈值 $500,000 | 成交量 850 手",US.PLTR,2026-05-02 09:40:29
US.PLTR260515P157500,PLTR 260515 157.50P,144.07,500,822500.0,PUT,2026-05-15,157.5,36,72.019,-0.712278351,0.017017986,-0.241687511,0.095404309,14,100.0,US.PLTR,0.09321857430415775,"成交额 $822,500 ≥ 阈值 $500,000 | 成交量 500 手",US.PLTR,2026-05-02 09:40:29
US.PLTR260508C119000,PLTR 260508 119.00C,144.07,323,810426.0,CALL,2026-05-08,119.0,390,104.777,0.921393848,0.007128576,-0.225795462,0.028812597,7,100.0,US.PLTR,0.1740126327479697,"成交额 $810,426 ≥ 阈值 $500,000 | 成交量 323 手",US.PLTR,2026-05-02 09:40:29
US.PLTR260508P130000,PLTR 260508 130.00P,144.07,4152,804068.0,PUT,2026-05-08,130.0,6180,91.096,-0.185443157,0.014942555,-0.353823188,0.052502209,7,100.0,US.PLTR,-0.09766085930450472,"成交额 $804,068 ≥ 阈值 $500,000 | 成交量 4,152 手",US.PLTR,2026-05-02 09:40:29
US.PLTR260618C160000,PLTR 260618 160.00C,144.07,1230,769482.0,CALL,2026-06-18,160.0,11340,56.984,0.351038113,0.012482715,-0.120102118,0.193281096,48,100.0,US.PLTR,-0.11057125008676343,"成交额 $769,482 ≥ 阈值 $500,000 | 成交量 1,230 手",US.PLTR,2026-05-02 09:40:29
US.PLTR260618P140000,PLTR 260618 140.00P,144.07,792,746741.0,PUT,2026-06-18,140.0,13097,56.754,-0.396538249,0.013079321,-0.114047911,0.20080322,48,100.0,US.PLTR,-0.028250156174081997,"成交额 $746,741 ≥ 阈值 $500,000 | 成交量 792 手",US.PLTR,2026-05-02 09:40:29
US.PLTR260515P145000,PLTR 260515 145.00P,144.07,830,706216.0,PUT,2026-05-15,145.0,11038,73.048,-0.486335243,0.019525057,-0.294143565,0.111601004,14,100.0,US.PLTR,0.00645519539112936,"成交额 $706,216 ≥ 阈值 $500,000 | 成交量 830 手",US.PLTR,2026-05-02 09:40:29
US.PLTR260618P125000,PLTR 260618 125.00P,144.07,1613,665827.0,PUT,2026-06-18,125.0,15069,58.705,-0.213216993,0.009514087,-0.090254429,0.151528635,48,100.0,US.PLTR,-0.13236621086971606,"成交额 $665,827 ≥ 阈值 $500,000 | 成交量 1,613 手",US.PLTR,2026-05-02 09:40:29
US.PLTR260508C149000,PLTR 260508 149.00C,144.07,1286,664389.0,CALL,2026-05-08,149.0,11352,89.897,0.417707861,0.022111813,-0.532218785,0.076682844,7,100.0,US.PLTR,-0.03421947664329845,"成交额 $664,389 ≥ 阈值 $500,000 | 成交量 1,286 手",US.PLTR,2026-05-02 09:40:29
US.PLTR260515C160000,PLTR 260515 160.00C,144.07,2252,659625.0,CALL,2026-05-15,160.0,15969,73.114,0.255449609,0.015701395,-0.243960987,0.089980227,14,100.0,US.PLTR,-0.11057125008676343,"成交额 $659,625 ≥ 阈值 $500,000 | 成交量 2,252 手",US.PLTR,2026-05-02 09:40:29
US.PLTR260717C140000,PLTR 260717 140.00C,144.07,392,654628.0,CALL,2026-07-17,140.0,2666,54.445,0.606488328,0.010691441,-0.097432051,0.254166969,77,100.0,US.PLTR,0.028250156174081997,"成交额 $654,628 ≥ 阈值 $500,000 | 成交量 392 手",US.PLTR,2026-05-02 09:40:29
US.PLTR260508P125000,PLTR 260508 125.00P,144.07,5784,640507.0,PUT,2026-05-08,125.0,7297,93.41,-0.11825171,0.010791473,-0.262953525,0.038882389,7,100.0,US.PLTR,-0.13236621086971606,"成交额 $640,507 ≥ 阈值 $500,000 | 成交量 5,784 手",US.PLTR,2026-05-02 09:40:29
US.PLTR260515C155000,PLTR 260515 155.00C,144.07,1522,635585.0,CALL,2026-05-15,155.0,12828,73.03,0.331907307,0.017753042,-0.277220242,0.101621996,14,100.0,US.PLTR,-0.07586589852155208,"成交额 $635,585 ≥ 阈值 $500,000 | 成交量 1,522 手",US.PLTR,2026-05-02 09:40:29
US.PLTR260515C146000,PLTR 260515 146.00C,144.07,830,623862.0,CALL,2026-05-15,146.0,676,73.81,0.49540958,0.019304209,-0.310994793,0.111684353,14,100.0,US.PLTR,-0.013396265704171632,"成交额 $623,862 ≥ 阈值 $500,000 | 成交量 830 手",US.PLTR,2026-05-02 09:40:29
US.PLTR260508C165000,PLTR 260508 165.00C,144.07,4670,615521.0,CALL,2026-05-08,165.0,6059,89.65,0.148420879,0.013148257,-0.298919104,0.045470098,7,100.0,US.PLTR,-0.14527660165197478,"成交额 $615,521 ≥ 阈值 $500,000 | 成交量 4,670 手",US.PLTR,2026-05-02 09:40:29
US.PLTR260515P135000,PLTR 260515 135.00P,144.07,1426,610197.0,PUT,2026-05-15,135.0,11555,73.962,-0.296932458,0.016721638,-0.259485311,0.096877364,14,100.0,US.PLTR,-0.06295550773929336,"成交额 $610,197 ≥ 阈值 $500,000 | 成交量 1,426 手",US.PLTR,2026-05-02 09:40:29
US.PLTR260508C147000,PLTR 260508 147.00C,144.07,997,593744.0,CALL,2026-05-08,147.0,691,89.799,0.461070619,0.022511154,-0.542202939,0.077982689,7,100.0,US.PLTR,-0.0203373360172139,"成交额 $593,744 ≥ 阈值 $500,000 | 成交量 997 手",US.PLTR,2026-05-02 09:40:29
US.PLTR261016C140000,PLTR 261016 140.00C,144.07,246,591688.0,CALL,2026-10-16,140.0,774,55.52,0.621204332,0.007014029,-0.068046498,0.371556165,168,100.0,US.PLTR,0.028250156174081997,"成交额 $591,688 ≥ 阈值 $500,000 | 成交量 246 手",US.PLTR,2026-05-02 09:40:29
US.PLTR260515C130000,PLTR 260515 130.00C,144.07,344,567584.0,CALL,2026-05-15,130.0,3392,74.419,0.785929393,0.013988632,-0.231919136,0.081595517,14,100.0,US.PLTR,0.09766085930450472,"成交额 $567,584 ≥ 阈值 $500,000 | 成交量 344 手",US.PLTR,2026-05-02 09:40:29
US.PLTR260515P130000,PLTR 260515 130.00P,144.07,2026,556484.0,PUT,2026-05-15,130.0,18701,74.859,-0.215311984,0.01395764,-0.221269887,0.081863988,14,100.0,US.PLTR,-0.09766085930450472,"成交额 $556,484 ≥ 阈值 $500,000 | 成交量 2,026 手",US.PLTR,2026-05-02 09:40:29
US.PLTR260821C145000,PLTR 260821 145.00C,144.07,296,542472.0,CALL,2026-08-21,145.0,855,57.315,0.568806277,0.008599999,-0.086827625,0.313329857,112,100.0,US.PLTR,-0.00645519539112936,"成交额 $542,472 ≥ 阈值 $500,000 | 成交量 296 手",US.PLTR,2026-05-02 09:40:29
US.PLTR260508C135000,PLTR 260508 135.00C,144.07,402,534074.0,CALL,2026-05-08,135.0,909,92.916,0.719712867,0.018454646,-0.475202094,0.066148022,7,100.0,US.PLTR,0.06295550773929336,"成交额 $534,074 ≥ 阈值 $500,000 | 成交量 402 手",US.PLTR,2026-05-02 09:40:29
US.PLTR260618C170000,PLTR 260618 170.00C,144.07,1285,526531.0,CALL,2026-06-18,170.0,11104,57.299,0.250885541,0.010659058,-0.102873721,0.165947532,48,100.0,US.PLTR,-0.17998195321718616,"成交额 $526,531 ≥ 阈值 $500,000 | 成交量 1,285 手",US.PLTR,2026-05-02 09:40:29
US.PLTR260618C155000,PLTR 260618 155.00C,144.07,667,524353.0,CALL,2026-06-18,155.0,7096,56.787,0.409026339,0.013125048,-0.125985402,0.202524643,48,100.0,US.PLTR,-0.07586589852155208,"成交额 $524,353 ≥ 阈值 $500,000 | 成交量 667 手",US.PLTR,2026-05-02 09:40:29
US.PLTR260515C144000,PLTR 260515 144.00C,144.07,632,517071.0,CALL,2026-05-15,144.0,381,73.014,0.533481735,0.019447188,-0.307189624,0.111298228,14,100.0,US.PLTR,0.00048587492191291164,"成交额 $517,071 ≥ 阈值 $500,000 | 成交量 632 手",US.PLTR,2026-05-02 09:40:29
US.PLTR260821C150000,PLTR 260821 150.00C,144.07,320,515987.0,CALL,2026-08-21,150.0,3852,56.717,0.525446726,0.008804214,-0.086630185,0.317424743,112,100.0,US.PLTR,-0.041160546956340714,"成交额 $515,987 ≥ 阈值 $500,000 | 成交量 320 手",US.PLTR,2026-05-02 09:40:29
US.PWR260618C720000,PWR 260618 720.00C,742.21,270,1178742.0,CALL,2026-06-18,720.0,45,39.735,0.624087803,0.00355627,-0.46642,1.019071648,48,100.0,US.PWR,0.029924145457485125,"成交额 $1,178,742 ≥ 阈值 $500,000 | 成交量 270 手",US.PWR,2026-05-02 09:43:38
US.PYPL260515P60000,PYPL 260515 60.00P,50.44,2884,2755783.0,PUT,2026-05-15,60.0,5125,58.459,-0.932672181,0.025306674,-0.022566814,0.012623498,14,100.0,US.PYPL,0.18953211736716896,"成交额 $2,755,783 ≥ 阈值 $500,000 | 成交量 2,884 手",US.PYPL,2026-05-02 09:43:56
US.PYPL260508C51000,PYPL 260508 51.00C,50.44,6768,1239552.0,CALL,2026-05-08,51.0,1123,74.814,0.479803913,0.077447209,-0.159261417,0.027397833,7,100.0,US.PYPL,-0.011102299762093622,"成交额 $1,239,552 ≥ 阈值 $500,000 | 成交量 6,768 手",US.PYPL,2026-05-02 09:43:56
US.PYPL260508C53000,PYPL 260508 53.00C,50.44,7409,844966.0,CALL,2026-05-08,53.0,946,77.125,0.340218505,0.069105636,-0.149191069,0.025201745,7,100.0,US.PYPL,-0.050753370340999256,"成交额 $844,966 ≥ 阈值 $500,000 | 成交量 7,409 手",US.PYPL,2026-05-02 09:43:56
US.Q261120C150000,Q 261120 150.00C,143.33,262,575272.0,CALL,2026-11-20,150.0,136,54.679,0.556329305,0.006760438,-0.062730664,0.421989389,203,100.0,US.Q,-0.04653596595269648,"成交额 $575,272 ≥ 阈值 $500,000 | 成交量 262 手",US.Q,2026-05-02 09:44:12
US.QCOM260508C157500,QCOM 260508 157.50C,177.01,5524,10859917.0,CALL,2026-05-08,157.5,1323,0.0,0.0,0.0,0.0,0.0,7,100.0,US.QCOM,0.11021976159539004,"成交额 $10,859,917 ≥ 阈值 $500,000 | 成交量 5,524 手",US.QCOM,2026-05-02 09:44:30
US.QCOM260618C180000,QCOM 260618 180.00C,177.01,3493,2810888.0,CALL,2026-06-18,180.0,7082,39.453,0.494935078,0.015786999,-0.113830981,0.255483187,48,100.0,US.QCOM,-0.016891701033839947,"成交额 $2,810,888 ≥ 阈值 $500,000 | 成交量 3,493 手",US.QCOM,2026-05-02 09:44:30
US.QCOM260618C175000,QCOM 260618 175.00C,177.01,2843,2758772.0,CALL,2026-06-18,175.0,6887,39.255,0.573330759,0.015599122,-0.112679123,0.251174665,48,100.0,US.QCOM,0.011355290661544495,"成交额 $2,758,772 ≥ 阈值 $500,000 | 成交量 2,843 手",US.QCOM,2026-05-02 09:44:30
US.QCOM260618C200000,QCOM 260618 200.00C,177.01,7972,2717670.0,CALL,2026-06-18,200.0,8952,42.157,0.244106755,0.011620317,-0.092725152,0.200913511,48,100.0,US.QCOM,-0.12987966781537771,"成交额 $2,717,670 ≥ 阈值 $500,000 | 成交量 7,972 手",US.QCOM,2026-05-02 09:44:30
US.QCOM260515C200000,QCOM 260515 200.00C,177.01,16426,1771719.0,CALL,2026-05-15,200.0,5442,53.897,0.135569803,0.011745062,-0.147572104,0.074889304,14,100.0,US.QCOM,-0.12987966781537771,"成交额 $1,771,719 ≥ 阈值 $500,000 | 成交量 16,426 手",US.QCOM,2026-05-02 09:44:30
US.QCOM260618C195000,QCOM 260618 195.00C,177.01,4162,1662180.0,CALL,2026-06-18,195.0,1282,41.888,0.297528567,0.012911445,-0.102299744,0.221825062,48,100.0,US.QCOM,-0.10163267611999327,"成交额 $1,662,180 ≥ 阈值 $500,000 | 成交量 4,162 手",US.QCOM,2026-05-02 09:44:30
US.QCOM260717C175000,QCOM 260717 175.00C,177.01,1030,1369500.0,CALL,2026-07-17,175.0,1392,41.009,0.577435556,0.011756037,-0.093823827,0.317765619,77,100.0,US.QCOM,0.011355290661544495,"成交额 $1,369,500 ≥ 阈值 $500,000 | 成交量 1,030 手",US.QCOM,2026-05-02 09:44:30
US.QCOM260717P170000,QCOM 260717 170.00P,177.01,1169,1344949.0,PUT,2026-07-17,170.0,311,43.219,-0.368551622,0.010822061,-0.079918474,0.30575123,77,100.0,US.QCOM,-0.03960228235692894,"成交额 $1,344,949 ≥ 阈值 $500,000 | 成交量 1,169 手",US.QCOM,2026-05-02 09:44:30
US.QCOM260508C190000,QCOM 260508 190.00C,177.01,11111,1338192.0,CALL,2026-05-08,190.0,5241,55.66,0.187676209,0.020051612,-0.270501343,0.064980516,7,100.0,US.QCOM,-0.07338568442460884,"成交额 $1,338,192 ≥ 阈值 $500,000 | 成交量 11,111 手",US.QCOM,2026-05-02 09:44:30
US.QCOM260508C160000,QCOM 260508 160.00C,177.01,791,1170400.0,CALL,2026-05-08,160.0,1582,55.645,0.916006503,0.011485798,-0.162121164,0.03721067,7,100.0,US.QCOM,0.09609626574769782,"成交额 $1,170,400 ≥ 阈值 $500,000 | 成交量 791 手",US.QCOM,2026-05-02 09:44:30
US.QCOM260515C185000,QCOM 260515 185.00C,177.01,4122,1104811.0,CALL,2026-05-15,185.0,1249,46.568,0.33451331,0.022730433,-0.220089843,0.125236757,14,100.0,US.QCOM,-0.04513869272922439,"成交额 $1,104,811 ≥ 阈值 $500,000 | 成交量 4,122 手",US.QCOM,2026-05-02 09:44:30
US.QCOM260508C180000,QCOM 260508 180.00C,177.01,3800,1080234.0,CALL,2026-05-08,180.0,1098,47.597,0.414758585,0.033938549,-0.349145467,0.094059315,7,100.0,US.QCOM,-0.016891701033839947,"成交额 $1,080,234 ≥ 阈值 $500,000 | 成交量 3,800 手",US.QCOM,2026-05-02 09:44:30
US.QCOM260508C185000,QCOM 260508 185.00C,177.01,5144,1021834.0,CALL,2026-05-08,185.0,1302,51.188,0.278223884,0.027168088,-0.317081645,0.080972515,7,100.0,US.QCOM,-0.04513869272922439,"成交额 $1,021,834 ≥ 阈值 $500,000 | 成交量 5,144 手",US.QCOM,2026-05-02 09:44:30
US.QCOM260515C150000,QCOM 260515 150.00C,177.01,334,886163.0,CALL,2026-05-15,150.0,6384,0.0,0.0,0.0,0.0,0.0,14,100.0,US.QCOM,0.15259024913846672,"成交额 $886,163 ≥ 阈值 $500,000 | 成交量 334 手",US.QCOM,2026-05-02 09:44:30
US.QCOM260717C200000,QCOM 260717 200.00C,177.01,1464,881207.0,CALL,2026-07-17,200.0,3264,43.107,0.315556341,0.010158106,-0.08608651,0.288598734,77,100.0,US.QCOM,-0.12987966781537771,"成交额 $881,207 ≥ 阈值 $500,000 | 成交量 1,464 手",US.QCOM,2026-05-02 09:44:30
US.QCOM260717C170000,QCOM 260717 170.00C,177.01,541,845342.0,CALL,2026-07-17,170.0,4102,39.376,0.639190914,0.011711718,-0.087748963,0.30396096,77,100.0,US.QCOM,0.03960228235692894,"成交额 $845,342 ≥ 阈值 $500,000 | 成交量 541 手",US.QCOM,2026-05-02 09:44:30
US.QCOM260515P175000,QCOM 260515 175.00P,177.01,1312,802305.0,PUT,2026-05-15,175.0,580,43.839,-0.424201476,0.026028952,-0.210931723,0.134683712,14,100.0,US.QCOM,-0.011355290661544495,"成交额 $802,305 ≥ 阈值 $500,000 | 成交量 1,312 手",US.QCOM,2026-05-02 09:44:30
US.QCOM260515C190000,QCOM 260515 190.00C,177.01,3993,781259.0,CALL,2026-05-15,190.0,4157,48.537,0.245369269,0.01884432,-0.196080345,0.108210395,14,100.0,US.QCOM,-0.07338568442460884,"成交额 $781,259 ≥ 阈值 $500,000 | 成交量 3,993 手",US.QCOM,2026-05-02 09:44:30
US.QCOM260529C150000,QCOM 260529 150.00C,177.01,283,778658.0,CALL,2026-05-29,150.0,651,41.791,0.935440398,0.006179794,-0.059575946,0.061584389,28,100.0,US.QCOM,0.15259024913846672,"成交额 $778,658 ≥ 阈值 $500,000 | 成交量 283 手",US.QCOM,2026-05-02 09:44:30
US.QCOM260508C175000,QCOM 260508 175.00C,177.01,1801,770399.0,CALL,2026-05-08,175.0,815,45.238,0.58976874,0.035616594,-0.334768352,0.093818114,7,100.0,US.QCOM,0.011355290661544495,"成交额 $770,399 ≥ 阈值 $500,000 | 成交量 1,801 手",US.QCOM,2026-05-02 09:44:30
US.QCOM260618C150000,QCOM 260618 150.00C,177.01,275,749332.0,CALL,2026-06-18,150.0,4641,37.988,0.904542855,0.006971569,-0.056144149,0.108603552,48,100.0,US.QCOM,0.15259024913846672,"成交额 $749,332 ≥ 阈值 $500,000 | 成交量 275 手",US.QCOM,2026-05-02 09:44:30
US.QCOM260515C180000,QCOM 260515 180.00C,177.01,1698,734826.0,CALL,2026-05-15,180.0,5826,44.667,0.446782449,0.025733674,-0.23173293,0.136001632,14,100.0,US.QCOM,-0.016891701033839947,"成交额 $734,826 ≥ 阈值 $500,000 | 成交量 1,698 手",US.QCOM,2026-05-02 09:44:30
US.QCOM260515C175000,QCOM 260515 175.00C,177.01,1191,669077.0,CALL,2026-05-15,175.0,2677,43.521,0.57672405,0.026154724,-0.226033181,0.134679009,14,100.0,US.QCOM,0.011355290661544495,"成交额 $669,077 ≥ 阈值 $500,000 | 成交量 1,191 手",US.QCOM,2026-05-02 09:44:30
US.QCOM260515C160000,QCOM 260515 160.00C,177.01,402,652653.0,CALL,2026-05-15,160.0,7390,37.019,0.927781896,0.010800045,-0.076969441,0.047292913,14,100.0,US.QCOM,0.09609626574769782,"成交额 $652,653 ≥ 阈值 $500,000 | 成交量 402 手",US.QCOM,2026-05-02 09:44:30
US.QCOM260508C170000,QCOM 260508 170.00C,177.01,838,616766.0,CALL,2026-05-08,170.0,1538,44.017,0.762584498,0.029095261,-0.259646781,0.074564342,7,100.0,US.QCOM,0.03960228235692894,"成交额 $616,766 ≥ 阈值 $500,000 | 成交量 838 手",US.QCOM,2026-05-02 09:44:30
US.QCOM260508C177500,QCOM 260508 177.50C,177.01,1652,608609.0,CALL,2026-05-08,177.5,241,46.005,0.49921427,0.035936187,-0.347818681,0.096266292,7,100.0,US.QCOM,-0.0027682051861477267,"成交额 $608,609 ≥ 阈值 $500,000 | 成交量 1,652 手",US.QCOM,2026-05-02 09:44:30
US.QCOM260717C180000,QCOM 260717 180.00C,177.01,516,554515.0,CALL,2026-07-17,180.0,1666,41.539,0.518902621,0.011816172,-0.095669502,0.323523396,77,100.0,US.QCOM,-0.016891701033839947,"成交额 $554,515 ≥ 阈值 $500,000 | 成交量 516 手",US.QCOM,2026-05-02 09:44:30
US.QCOM260618P170000,QCOM 260618 170.00P,177.01,631,539703.0,PUT,2026-06-18,170.0,1067,41.632,-0.355213127,0.014026682,-0.098218903,0.238266441,48,100.0,US.QCOM,-0.03960228235692894,"成交额 $539,703 ≥ 阈值 $500,000 | 成交量 631 手",US.QCOM,2026-05-02 09:44:30
US.RL260515C380000,RL 260515 380.00C,362.21,1744,867236.0,CALL,2026-05-15,380.0,288,33.352,0.246277097,0.013428738,-0.279058549,0.22184527,14,100.0,US.RL,-0.04911515419231943,"成交额 $867,236 ≥ 阈值 $500,000 | 成交量 1,744 手",US.RL,2026-05-02 09:45:55
US.SATS260508C109000,SATS 260508 109.00C,123.18,404,577635.0,CALL,2026-05-08,109.0,0,80.796,0.879307303,0.014803728,-0.20795244,0.033726232,7,100.0,US.SATS,0.11511609027439525,"成交额 $577,635 ≥ 阈值 $500,000 | 成交量 404 手",US.SATS,2026-05-02 09:48:12
US.SCHW260515C93000,SCHW 260515 93.00C,91.54,4071,759906.0,CALL,2026-05-15,93.0,6188,28.939,0.409477248,0.075491543,-0.077393389,0.069128837,14,100.0,US.SCHW,-0.0159493117762726,"成交额 $759,906 ≥ 阈值 $500,000 | 成交量 4,071 手",US.SCHW,2026-05-02 09:48:47
US.SLB260717C60000,SLB 260717 60.00C,56.92,3110,796775.0,CALL,2026-07-17,60.0,18742,35.304,0.421778782,0.042448964,-0.025679127,0.102139154,77,100.0,US.SLB,-0.05411103302881234,"成交额 $796,775 ≥ 阈值 $500,000 | 成交量 3,110 手",US.SLB,2026-05-02 09:49:22
US.SNDK260515C650000,SNDK 260515 650.00C,1187.0,410,19192665.0,CALL,2026-05-15,650.0,731,144.227,0.989096033,8.6389e-05,-0.387212648,0.066297297,14,100.0,US.SNDK,0.45240101095197977,"成交额 $19,192,665 ≥ 阈值 $500,000 | 成交量 410 手",US.SNDK,2026-05-02 09:49:56
US.SNDK260508C1100000,SNDK 260508 1100.00C,1187.0,1827,13744617.0,CALL,2026-05-08,1100.0,571,97.769,0.739824148,0.002050956,-3.959552097,0.525054508,7,100.0,US.SNDK,0.07329401853411963,"成交额 $13,744,617 ≥ 阈值 $500,000 | 成交量 1,827 手",US.SNDK,2026-05-02 09:49:56
US.SNDK260508C850000,SNDK 260508 850.00C,1187.0,435,12797075.0,CALL,2026-05-08,850.0,33,135.15,0.971824588,0.000295318,-1.029483637,0.104511341,7,100.0,US.SNDK,0.2839090143218197,"成交额 $12,797,075 ≥ 阈值 $500,000 | 成交量 435 手",US.SNDK,2026-05-02 09:49:56
US.SNDK260618P920000,SNDK 260618 920.00P,1187.0,2036,11778389.0,PUT,2026-06-18,920.0,1185,96.764,-0.179971258,0.000631753,-1.120440249,1.126814942,48,100.0,US.SNDK,-0.22493681550126368,"成交额 $11,778,389 ≥ 阈值 $500,000 | 成交量 2,036 手",US.SNDK,2026-05-02 09:49:56
US.SNDK260508C1150000,SNDK 260508 1150.00C,1187.0,2102,11691553.0,CALL,2026-05-08,1150.0,368,95.3,0.623200199,0.002462608,-4.54457647,0.61452326,7,100.0,US.SNDK,0.031171019376579612,"成交额 $11,691,553 ≥ 阈值 $500,000 | 成交量 2,102 手",US.SNDK,2026-05-02 09:49:56
US.SNDK260508C1200000,SNDK 260508 1200.00C,1187.0,3511,11632479.0,CALL,2026-05-08,1200.0,686,93.225,0.493275033,0.002644177,-4.664298255,0.645466424,7,100.0,US.SNDK,-0.010951979780960405,"成交额 $11,632,479 ≥ 阈值 $500,000 | 成交量 3,511 手",US.SNDK,2026-05-02 09:49:56
US.SNDK260515C1100000,SNDK 260515 1100.00C,1187.0,1118,10640052.0,CALL,2026-05-15,1100.0,1449,98.191,0.691992864,0.001553245,-3.004766162,0.811471235,14,100.0,US.SNDK,0.07329401853411963,"成交额 $10,640,052 ≥ 阈值 $500,000 | 成交量 1,118 手",US.SNDK,2026-05-02 09:49:56
US.SNDK260508P1100000,SNDK 260508 1100.00P,1187.0,1964,10478819.0,PUT,2026-05-08,1100.0,171,96.306,-0.257732054,0.002072328,-3.773694338,0.522479022,7,100.0,US.SNDK,-0.07329401853411963,"成交额 $10,478,819 ≥ 阈值 $500,000 | 成交量 1,964 手",US.SNDK,2026-05-02 09:49:56
US.SNDK260618C1200000,SNDK 260618 1200.00C,1187.0,665,8406805.0,CALL,2026-06-18,1200.0,545,94.857,0.561080267,0.000967748,-1.740345842,1.693253129,48,100.0,US.SNDK,-0.010951979780960405,"成交额 $8,406,805 ≥ 阈值 $500,000 | 成交量 665 手",US.SNDK,2026-05-02 09:49:56
US.SNDK260717C1100000,SNDK 260717 1100.00C,1187.0,338,6777946.0,CALL,2026-07-17,1100.0,391,94.784,0.659102633,0.000710774,-1.289859283,1.996831183,77,100.0,US.SNDK,0.07329401853411963,"成交额 $6,777,946 ≥ 阈值 $500,000 | 成交量 338 手",US.SNDK,2026-05-02 09:49:56
US.SNDK260515C1200000,SNDK 260515 1200.00C,1187.0,990,6031854.0,CALL,2026-05-15,1200.0,486,93.638,0.515415141,0.001845659,-3.235397887,0.919531879,14,100.0,US.SNDK,-0.010951979780960405,"成交额 $6,031,854 ≥ 阈值 $500,000 | 成交量 990 手",US.SNDK,2026-05-02 09:49:56
US.SNDK260618C1100000,SNDK 260618 1100.00C,1187.0,321,5266512.0,CALL,2026-06-18,1100.0,627,95.804,0.657853597,0.00089265,-1.646700486,1.577427052,48,100.0,US.SNDK,0.07329401853411963,"成交额 $5,266,512 ≥ 阈值 $500,000 | 成交量 321 手",US.SNDK,2026-05-02 09:49:56
US.SNDK260508P1000000,SNDK 260508 1000.00P,1187.0,3158,5176700.0,PUT,2026-05-08,1000.0,374,104.676,-0.100754774,0.001041819,-2.148461441,0.285535129,7,100.0,US.SNDK,-0.15754001684919966,"成交额 $5,176,700 ≥ 阈值 $500,000 | 成交量 3,158 手",US.SNDK,2026-05-02 09:49:56
US.SNDK260618C1000000,SNDK 260618 1000.00C,1187.0,233,5060831.0,CALL,2026-06-18,1000.0,1426,96.471,0.751513504,0.000764503,-1.441404546,1.360367341,48,100.0,US.SNDK,0.15754001684919966,"成交额 $5,060,831 ≥ 阈值 $500,000 | 成交量 233 手",US.SNDK,2026-05-02 09:49:56
US.SNDK260508C1110000,SNDK 260508 1110.00C,1187.0,676,4922771.0,CALL,2026-05-08,1110.0,359,95.336,0.721134908,0.002177719,-4.00513552,0.543634561,7,100.0,US.SNDK,0.06486941870261162,"成交额 $4,922,771 ≥ 阈值 $500,000 | 成交量 676 手",US.SNDK,2026-05-02 09:49:56
US.SNDK260508P1050000,SNDK 260508 1050.00P,1187.0,1561,4534826.0,PUT,2026-05-08,1050.0,260,99.537,-0.164421399,0.001537779,-2.937897379,0.400749768,7,100.0,US.SNDK,-0.11541701769165964,"成交额 $4,534,826 ≥ 阈值 $500,000 | 成交量 1,561 手",US.SNDK,2026-05-02 09:49:56
US.SNDK260821P900000,SNDK 260821 900.00P,1187.0,394,4493948.0,PUT,2026-08-21,900.0,66,100.489,-0.213786956,0.000442187,-0.830528255,1.913451487,112,100.0,US.SNDK,-0.2417860151642797,"成交额 $4,493,948 ≥ 阈值 $500,000 | 成交量 394 手",US.SNDK,2026-05-02 09:49:56
US.SNDK260618C1050000,SNDK 260618 1050.00C,1187.0,228,4161032.0,CALL,2026-06-18,1050.0,469,95.78,0.705699327,0.000837853,-1.550716784,1.480219963,48,100.0,US.SNDK,0.11541701769165964,"成交额 $4,161,032 ≥ 阈值 $500,000 | 成交量 228 手",US.SNDK,2026-05-02 09:49:56
US.SNDK260515C1000000,SNDK 260515 1000.00C,1187.0,267,4108189.0,CALL,2026-05-15,1000.0,685,101.444,0.835251089,0.001059789,-2.19238898,0.572005445,14,100.0,US.SNDK,0.15754001684919966,"成交额 $4,108,189 ≥ 阈值 $500,000 | 成交量 267 手",US.SNDK,2026-05-02 09:49:56
US.SNDK260515P1100000,SNDK 260515 1100.00P,1187.0,546,4004366.0,PUT,2026-05-15,1100.0,300,96.563,-0.306307656,0.001576259,-2.842206464,0.809446762,14,100.0,US.SNDK,-0.07329401853411963,"成交额 $4,004,366 ≥ 阈值 $500,000 | 成交量 546 手",US.SNDK,2026-05-02 09:49:56
US.SNDK260508C1300000,SNDK 260508 1300.00C,1187.0,2838,3769225.0,CALL,2026-05-08,1300.0,1046,90.074,0.250261231,0.002181409,-3.499545415,0.51448893,7,100.0,US.SNDK,-0.09519797809604044,"成交额 $3,769,225 ≥ 阈值 $500,000 | 成交量 2,838 手",US.SNDK,2026-05-02 09:49:56
US.SNDK260508P1150000,SNDK 260508 1150.00P,1187.0,569,3748638.0,PUT,2026-05-08,1150.0,22,94.099,-0.376016554,0.002493265,-4.373186566,0.61408967,7,100.0,US.SNDK,-0.031171019376579612,"成交额 $3,748,638 ≥ 阈值 $500,000 | 成交量 569 手",US.SNDK,2026-05-02 09:49:56
US.SNDK260508C1250000,SNDK 260508 1250.00C,1187.0,1633,3691679.0,CALL,2026-05-08,1250.0,197,92.008,0.365345572,0.0025254,-4.300385758,0.608421199,7,100.0,US.SNDK,-0.05307497893850042,"成交额 $3,691,679 ≥ 阈值 $500,000 | 成交量 1,633 手",US.SNDK,2026-05-02 09:49:56
US.SNDK260529C1120000,SNDK 260529 1120.00C,1187.0,310,3562120.0,CALL,2026-05-29,1120.0,116,95.73,0.641508705,0.001191598,-2.186444637,1.223408303,28,100.0,US.SNDK,0.05644481887110362,"成交额 $3,562,120 ≥ 阈值 $500,000 | 成交量 310 手",US.SNDK,2026-05-02 09:49:56
US.SNDK260515C1140000,SNDK 260515 1140.00C,1187.0,421,3463999.0,CALL,2026-05-15,1140.0,678,96.868,0.624006757,0.001698471,-3.194456044,0.875394376,14,100.0,US.SNDK,0.039595619208087615,"成交额 $3,463,999 ≥ 阈值 $500,000 | 成交量 421 手",US.SNDK,2026-05-02 09:49:56
US.SNDK260529P1090000,SNDK 260529 1090.00P,1187.0,309,3445396.0,PUT,2026-05-29,1090.0,33,96.408,-0.321668948,0.001136171,-2.011528547,1.173573082,28,100.0,US.SNDK,-0.08171861836562763,"成交额 $3,445,396 ≥ 阈值 $500,000 | 成交量 309 手",US.SNDK,2026-05-02 09:49:56
US.SNDK260618P1000000,SNDK 260618 1000.00P,1187.0,350,3386352.0,PUT,2026-06-18,1000.0,648,95.676,-0.247979062,0.000770836,-1.333112597,1.35883357,48,100.0,US.SNDK,-0.15754001684919966,"成交额 $3,386,352 ≥ 阈值 $500,000 | 成交量 350 手",US.SNDK,2026-05-02 09:49:56
US.SNDK260618P900000,SNDK 260618 900.00P,1187.0,561,3294897.0,PUT,2026-06-18,900.0,1278,97.5,-0.165139422,0.000593466,-1.069142147,1.066675185,48,100.0,US.SNDK,-0.2417860151642797,"成交额 $3,294,897 ≥ 阈值 $500,000 | 成交量 561 手",US.SNDK,2026-05-02 09:49:56
US.SNDK260508C1130000,SNDK 260508 1130.00C,1187.0,515,2955035.0,CALL,2026-05-08,1130.0,64,96.712,0.671584592,0.002309603,-4.382099852,0.584882075,7,100.0,US.SNDK,0.04802021903959562,"成交额 $2,955,035 ≥ 阈值 $500,000 | 成交量 515 手",US.SNDK,2026-05-02 09:49:56
US.SNDK260508P950000,SNDK 260508 950.00P,1187.0,2803,2894488.0,PUT,2026-05-08,950.0,338,107.747,-0.055446848,0.000642101,-1.356645154,0.181156382,7,100.0,US.SNDK,-0.1996630160067397,"成交额 $2,894,488 ≥ 阈值 $500,000 | 成交量 2,803 手",US.SNDK,2026-05-02 09:49:56
US.SNDK260508P1110000,SNDK 260508 1110.00P,1187.0,503,2864887.0,PUT,2026-05-08,1110.0,57,95.869,-0.279789934,0.002169537,-3.925029201,0.54448928,7,100.0,US.SNDK,-0.06486941870261162,"成交额 $2,864,887 ≥ 阈值 $500,000 | 成交量 503 手",US.SNDK,2026-05-02 09:49:56
US.SNDK260618P1050000,SNDK 260618 1050.00P,1187.0,253,2848986.0,PUT,2026-06-18,1050.0,159,95.021,-0.294221178,0.00084564,-1.439113138,1.479930568,48,100.0,US.SNDK,-0.11541701769165964,"成交额 $2,848,986 ≥ 阈值 $500,000 | 成交量 253 手",US.SNDK,2026-05-02 09:49:56
US.SNDK260508C1080000,SNDK 260508 1080.00C,1187.0,388,2847086.0,CALL,2026-05-08,1080.0,102,95.857,0.786229313,0.001877435,-3.47006679,0.471229559,7,100.0,US.SNDK,0.09014321819713564,"成交额 $2,847,086 ≥ 阈值 $500,000 | 成交量 388 手",US.SNDK,2026-05-02 09:49:56
US.SNDK260515P1000000,SNDK 260515 1000.00P,1187.0,681,2707021.0,PUT,2026-05-15,1000.0,724,102.153,-0.166160049,0.00105842,-2.12105426,0.57515535,14,100.0,US.SNDK,-0.15754001684919966,"成交额 $2,707,021 ≥ 阈值 $500,000 | 成交量 681 手",US.SNDK,2026-05-02 09:49:56
US.SNDK260508C1125000,SNDK 260508 1125.00C,1187.0,433,2706072.0,CALL,2026-05-08,1125.0,56,97.679,0.682431939,0.002255223,-4.362038391,0.576818366,7,100.0,US.SNDK,0.05223251895534962,"成交额 $2,706,072 ≥ 阈值 $500,000 | 成交量 433 手",US.SNDK,2026-05-02 09:49:56
US.SNDK260508C1105000,SNDK 260508 1105.00C,1187.0,376,2613078.0,CALL,2026-05-08,1105.0,87,96.259,0.7311366,0.002118242,-3.967945325,0.533904143,7,100.0,US.SNDK,0.06908171861836562,"成交额 $2,613,078 ≥ 阈值 $500,000 | 成交量 376 手",US.SNDK,2026-05-02 09:49:56
US.SNDK260508C1075000,SNDK 260508 1075.00C,1187.0,331,2593258.0,CALL,2026-05-08,1075.0,42,97.473,0.793139721,0.001811038,-3.457025889,0.462224027,7,100.0,US.SNDK,0.09435551811288964,"成交额 $2,593,258 ≥ 阈值 $500,000 | 成交量 331 手",US.SNDK,2026-05-02 09:49:56
US.SNDK260717P800000,SNDK 260717 800.00P,1187.0,416,2462663.0,PUT,2026-07-17,800.0,735,96.369,-0.129312432,0.000402011,-0.703549781,1.147575708,77,100.0,US.SNDK,-0.32603201347935973,"成交额 $2,462,663 ≥ 阈值 $500,000 | 成交量 416 手",US.SNDK,2026-05-02 09:49:56
US.SNDK260515C1310000,SNDK 260515 1310.00C,1187.0,688,2451238.0,CALL,2026-05-15,1310.0,73,92.612,0.326261214,0.001687468,-2.864281182,0.831498038,14,100.0,US.SNDK,-0.10362257792754845,"成交额 $2,451,238 ≥ 阈值 $500,000 | 成交量 688 手",US.SNDK,2026-05-02 09:49:56
US.SNDK260515C1160000,SNDK 260515 1160.00C,1187.0,313,2436197.0,CALL,2026-05-15,1160.0,146,96.461,0.588536384,0.001748639,-3.258631,0.897462872,14,100.0,US.SNDK,0.02274641954507161,"成交额 $2,436,197 ≥ 阈值 $500,000 | 成交量 313 手",US.SNDK,2026-05-02 09:49:56
US.SNDK260515P1050000,SNDK 260515 1050.00P,1187.0,582,2422547.0,PUT,2026-05-15,1050.0,632,98.957,-0.229442701,0.001328811,-2.51050038,0.69941718,14,100.0,US.SNDK,-0.11541701769165964,"成交额 $2,422,547 ≥ 阈值 $500,000 | 成交量 582 手",US.SNDK,2026-05-02 09:49:56
US.SNDK260515P950000,SNDK 260515 950.00P,1187.0,925,2410608.0,PUT,2026-05-15,950.0,496,103.724,-0.112698424,0.00079973,-1.639725275,0.441298643,14,100.0,US.SNDK,-0.1996630160067397,"成交额 $2,410,608 ≥ 阈值 $500,000 | 成交量 925 手",US.SNDK,2026-05-02 09:49:56
US.SNDK260618P910000,SNDK 260618 910.00P,1187.0,363,2283184.0,PUT,2026-06-18,910.0,797,96.759,-0.171884538,0.000613631,-1.08839616,1.094482491,48,100.0,US.SNDK,-0.2333614153327717,"成交额 $2,283,184 ≥ 阈值 $500,000 | 成交量 363 手",US.SNDK,2026-05-02 09:49:56
US.SNDK260508C1050000,SNDK 260508 1050.00C,1187.0,223,2236306.0,CALL,2026-05-08,1050.0,178,98.778,0.837212981,0.001539443,-2.998587258,0.39816773,7,100.0,US.SNDK,0.11541701769165964,"成交额 $2,236,306 ≥ 阈值 $500,000 | 成交量 223 手",US.SNDK,2026-05-02 09:49:56
US.SNDK260508C1090000,SNDK 260508 1090.00C,1187.0,263,2099112.0,CALL,2026-05-08,1090.0,128,99.634,0.758201208,0.001936033,-3.873935042,0.505085811,7,100.0,US.SNDK,0.08171861836562763,"成交额 $2,099,112 ≥ 阈值 $500,000 | 成交量 263 手",US.SNDK,2026-05-02 09:49:56
US.SNDK260508C1135000,SNDK 260508 1135.00C,1187.0,326,2055151.0,CALL,2026-05-08,1135.0,9,96.93,0.659162907,0.002338246,-4.458465683,0.59346956,7,100.0,US.SNDK,0.04380791912384162,"成交额 $2,055,151 ≥ 阈值 $500,000 | 成交量 326 手",US.SNDK,2026-05-02 09:49:56
US.SNDK260508C1120000,SNDK 260508 1120.00C,1187.0,314,2040998.0,CALL,2026-05-08,1120.0,111,97.155,0.694968625,0.002228135,-4.261158325,0.566832642,7,100.0,US.SNDK,0.05644481887110362,"成交额 $2,040,998 ≥ 阈值 $500,000 | 成交量 314 手",US.SNDK,2026-05-02 09:49:56
US.SNDK260508P1095000,SNDK 260508 1095.00P,1187.0,388,2010497.0,PUT,2026-05-08,1095.0,33,93.307,-0.241051213,0.002064156,-3.518895283,0.5042178,7,100.0,US.SNDK,-0.07750631844987363,"成交额 $2,010,497 ≥ 阈值 $500,000 | 成交量 388 手",US.SNDK,2026-05-02 09:49:56
US.SNDK260515P900000,SNDK 260515 900.00P,1187.0,1034,1919057.0,PUT,2026-05-15,900.0,824,107.487,-0.075514243,0.00057393,-1.252413338,0.328209959,14,100.0,US.SNDK,-0.2417860151642797,"成交额 $1,919,057 ≥ 阈值 $500,000 | 成交量 1,034 手",US.SNDK,2026-05-02 09:49:56
US.SNDK260515C1230000,SNDK 260515 1230.00C,1187.0,280,1904889.0,CALL,2026-05-15,1230.0,145,94.481,0.462335107,0.001822378,-3.244848653,0.916113017,14,100.0,US.SNDK,-0.03622577927548441,"成交额 $1,904,889 ≥ 阈值 $500,000 | 成交量 280 手",US.SNDK,2026-05-02 09:49:56
US.SNDK260508P1105000,SNDK 260508 1105.00P,1187.0,371,1895392.0,PUT,2026-05-08,1105.0,14,95.39,-0.267476142,0.002132371,-3.813781227,0.53249622,7,100.0,US.SNDK,-0.06908171861836562,"成交额 $1,895,392 ≥ 阈值 $500,000 | 成交量 371 手",US.SNDK,2026-05-02 09:49:56
US.SNDK260717P900000,SNDK 260717 900.00P,1187.0,212,1861453.0,PUT,2026-07-17,900.0,99,96.795,-0.19460267,0.000523198,-0.920419858,1.499244366,77,100.0,US.SNDK,-0.2417860151642797,"成交额 $1,861,453 ≥ 阈值 $500,000 | 成交量 212 手",US.SNDK,2026-05-02 09:49:56
US.SNDK260515C1300000,SNDK 260515 1300.00C,1187.0,594,1837267.0,CALL,2026-05-15,1300.0,587,92.955,0.342551155,0.001713739,-2.933941377,0.847574932,14,100.0,US.SNDK,-0.09519797809604044,"成交额 $1,837,267 ≥ 阈值 $500,000 | 成交量 594 手",US.SNDK,2026-05-02 09:49:56
US.SNDK260515C1250000,SNDK 260515 1250.00C,1187.0,424,1836660.0,CALL,2026-05-15,1250.0,516,93.944,0.426813237,0.001809952,-3.180960512,0.904686661,14,100.0,US.SNDK,-0.05307497893850042,"成交额 $1,836,660 ≥ 阈值 $500,000 | 成交量 424 手",US.SNDK,2026-05-02 09:49:56
US.SNDK260508C1095000,SNDK 260508 1095.00C,1187.0,246,1832489.0,CALL,2026-05-08,1095.0,151,95.123,0.75558112,0.00203969,-3.724530046,0.508037348,7,100.0,US.SNDK,0.07750631844987363,"成交额 $1,832,489 ≥ 阈值 $500,000 | 成交量 246 手",US.SNDK,2026-05-02 09:49:56
US.SNDK260508P1085000,SNDK 260508 1085.00P,1187.0,402,1789745.0,PUT,2026-05-08,1085.0,20,97.86,-0.228117767,0.001908947,-3.574157113,0.489071081,7,100.0,US.SNDK,-0.08593091828138164,"成交额 $1,789,745 ≥ 阈值 $500,000 | 成交量 402 手",US.SNDK,2026-05-02 09:49:56
US.SNDK260508C1085000,SNDK 260508 1085.00C,1187.0,225,1762996.0,CALL,2026-05-08,1085.0,76,96.27,0.774986559,0.00192526,-3.593204661,0.485316816,7,100.0,US.SNDK,0.08593091828138164,"成交额 $1,762,996 ≥ 阈值 $500,000 | 成交量 225 手",US.SNDK,2026-05-02 09:49:56
US.SNDK260918P740000,SNDK 260918 740.00P,1187.0,202,1735370.0,PUT,2026-09-18,740.0,215,100.382,-0.137585818,0.000298786,-0.561046077,1.616380902,140,100.0,US.SNDK,-0.37657961246840777,"成交额 $1,735,370 ≥ 阈值 $500,000 | 成交量 202 手",US.SNDK,2026-05-02 09:49:56
US.SNDK260508C1175000,SNDK 260508 1175.00C,1187.0,302,1719727.0,CALL,2026-05-08,1175.0,26,95.369,0.558965083,0.00255679,-4.726446332,0.638493842,7,100.0,US.SNDK,0.010109519797809604,"成交额 $1,719,727 ≥ 阈值 $500,000 | 成交量 302 手",US.SNDK,2026-05-02 09:49:56
US.SNDK260508P1145000,SNDK 260508 1145.00P,1187.0,282,1649157.0,PUT,2026-05-08,1145.0,4,94.417,-0.363472854,0.00245749,-4.337850128,0.607341314,7,100.0,US.SNDK,-0.03538331929233361,"成交额 $1,649,157 ≥ 阈值 $500,000 | 成交量 282 手",US.SNDK,2026-05-02 09:49:56
US.SNDK260508C1145000,SNDK 260508 1145.00C,1187.0,277,1642898.0,CALL,2026-05-08,1145.0,17,95.8,0.635441755,0.002423681,-4.51830055,0.607984417,7,100.0,US.SNDK,0.03538331929233361,"成交额 $1,642,898 ≥ 阈值 $500,000 | 成交量 277 手",US.SNDK,2026-05-02 09:49:56
US.SNDK260508P1130000,SNDK 260508 1130.00P,1187.0,285,1626583.0,PUT,2026-05-08,1130.0,38,94.745,-0.326155372,0.002351561,-4.171540819,0.583218676,7,100.0,US.SNDK,-0.04802021903959562,"成交额 $1,626,583 ≥ 阈值 $500,000 | 成交量 285 手",US.SNDK,2026-05-02 09:49:56
US.SNDK260515C1240000,SNDK 260515 1240.00C,1187.0,319,1584760.0,CALL,2026-05-15,1240.0,392,93.62,0.443693079,0.001828959,-3.1951307,0.911035333,14,100.0,US.SNDK,-0.04465037910699242,"成交额 $1,584,760 ≥ 阈值 $500,000 | 成交量 319 手",US.SNDK,2026-05-02 09:49:56
US.SNDK260508P1135000,SNDK 260508 1135.00P,1187.0,246,1551235.0,PUT,2026-05-08,1135.0,10,94.659,-0.338476252,0.002388632,-4.232829446,0.591861458,7,100.0,US.SNDK,-0.04380791912384162,"成交额 $1,551,235 ≥ 阈值 $500,000 | 成交量 246 手",US.SNDK,2026-05-02 09:49:56
US.SNDK260529C1300000,SNDK 260529 1300.00C,1187.0,279,1506643.0,CALL,2026-05-29,1300.0,65,92.244,0.413243973,0.001289248,-2.175494107,1.275466119,28,100.0,US.SNDK,-0.09519797809604044,"成交额 $1,506,643 ≥ 阈值 $500,000 | 成交量 279 手",US.SNDK,2026-05-02 09:49:56
US.SNDK260508C1230000,SNDK 260508 1230.00C,1187.0,397,1491272.0,CALL,2026-05-08,1230.0,49,93.12,0.416235821,0.002588953,-4.536312747,0.631272965,7,100.0,US.SNDK,-0.03622577927548441,"成交额 $1,491,272 ≥ 阈值 $500,000 | 成交量 397 手",US.SNDK,2026-05-02 09:49:56
US.SNDK260508C1155000,SNDK 260508 1155.00C,1187.0,251,1447368.0,CALL,2026-05-08,1155.0,37,97.039,0.609426525,0.00244441,-4.676980435,0.621117349,7,100.0,US.SNDK,0.02695871946082561,"成交额 $1,447,368 ≥ 阈值 $500,000 | 成交量 251 手",US.SNDK,2026-05-02 09:49:56
US.SNDK260508P1140000,SNDK 260508 1140.00P,1187.0,226,1396444.0,PUT,2026-05-08,1140.0,2,94.3,-0.350667131,0.002429753,-4.27569234,0.599751641,7,100.0,US.SNDK,-0.039595619208087615,"成交额 $1,396,444 ≥ 阈值 $500,000 | 成交量 226 手",US.SNDK,2026-05-02 09:49:56
US.SNDK260508P1060000,SNDK 260508 1060.00P,1187.0,317,1349521.0,PUT,2026-05-08,1060.0,42,98.714,-0.180617374,0.001646378,-3.106609245,0.425499755,7,100.0,US.SNDK,-0.10699241786015164,"成交额 $1,349,521 ≥ 阈值 $500,000 | 成交量 317 手",US.SNDK,2026-05-02 09:49:56
US.SNDK260508P990000,SNDK 260508 990.00P,1187.0,1333,1334398.0,PUT,2026-05-08,990.0,331,104.331,-0.088237796,0.000947847,-1.927643646,0.258924683,7,100.0,US.SNDK,-0.16596461668070767,"成交额 $1,334,398 ≥ 阈值 $500,000 | 成交量 1,333 手",US.SNDK,2026-05-02 09:49:56
US.SNDK260508C1140000,SNDK 260508 1140.00C,1187.0,232,1323448.0,CALL,2026-05-08,1140.0,87,96.037,0.647728709,0.002389015,-4.474093048,0.60077219,7,100.0,US.SNDK,0.039595619208087615,"成交额 $1,323,448 ≥ 阈值 $500,000 | 成交量 232 手",US.SNDK,2026-05-02 09:49:56
US.SNDK260522P1000000,SNDK 260522 1000.00P,1187.0,218,1309677.0,PUT,2026-05-22,1000.0,47,104.173,-0.205595937,0.000964889,-2.007623474,0.806120554,21,100.0,US.SNDK,-0.15754001684919966,"成交额 $1,309,677 ≥ 阈值 $500,000 | 成交量 218 手",US.SNDK,2026-05-02 09:49:56
US.SNDK260618C1600000,SNDK 260618 1600.00C,1187.0,353,1290899.0,CALL,2026-06-18,1600.0,186,92.308,0.238001654,0.000780572,-1.308502195,1.329000613,48,100.0,US.SNDK,-0.34793597304128054,"成交额 $1,290,899 ≥ 阈值 $500,000 | 成交量 353 手",US.SNDK,2026-05-02 09:49:56
US.SNDK260515P850000,SNDK 260515 850.00P,1187.0,1129,1287919.0,PUT,2026-05-15,850.0,1420,112.163,-0.0497606,0.000397101,-0.93402616,0.236982911,14,100.0,US.SNDK,-0.2839090143218197,"成交额 $1,287,919 ≥ 阈值 $500,000 | 成交量 1,129 手",US.SNDK,2026-05-02 09:49:56
US.SNDK260508P900000,SNDK 260508 900.00P,1187.0,1721,1284877.0,PUT,2026-05-08,900.0,1143,114.662,-0.031935389,0.000386171,-0.894416224,0.115949924,7,100.0,US.SNDK,-0.2417860151642797,"成交额 $1,284,877 ≥ 阈值 $500,000 | 成交量 1,721 手",US.SNDK,2026-05-02 09:49:56
US.SNDK260529C1280000,SNDK 260529 1280.00C,1187.0,225,1279759.0,CALL,2026-05-29,1280.0,30,93.362,0.439069582,0.001289547,-2.231164071,1.29121717,28,100.0,US.SNDK,-0.07834877843302443,"成交额 $1,279,759 ≥ 阈值 $500,000 | 成交量 225 手",US.SNDK,2026-05-02 09:49:56
US.SNDK260618C1650000,SNDK 260618 1650.00C,1187.0,408,1253579.0,CALL,2026-06-18,1650.0,64,93.297,0.213949554,0.000727139,-1.243028822,1.251280705,48,100.0,US.SNDK,-0.3900589721988206,"成交额 $1,253,579 ≥ 阈值 $500,000 | 成交量 408 手",US.SNDK,2026-05-02 09:49:56
US.SNDK260508P1115000,SNDK 260508 1115.00P,1187.0,226,1252733.0,PUT,2026-05-08,1115.0,28,95.676,-0.291189946,0.002215663,-3.996992578,0.554941448,7,100.0,US.SNDK,-0.060657118786857624,"成交额 $1,252,733 ≥ 阈值 $500,000 | 成交量 226 手",US.SNDK,2026-05-02 09:49:56
US.SNDK260508C1160000,SNDK 260508 1160.00C,1187.0,238,1249790.0,CALL,2026-05-08,1160.0,76,96.968,0.596870469,0.002467141,-4.714135291,0.626431217,7,100.0,US.SNDK,0.02274641954507161,"成交额 $1,249,790 ≥ 阈值 $500,000 | 成交量 238 手",US.SNDK,2026-05-02 09:49:56
US.SNDK260508P1080000,SNDK 260508 1080.00P,1187.0,237,1225800.0,PUT,2026-05-08,1080.0,46,97.277,-0.216647986,0.00186468,-3.442640145,0.474887174,7,100.0,US.SNDK,-0.09014321819713564,"成交额 $1,225,800 ≥ 阈值 $500,000 | 成交量 237 手",US.SNDK,2026-05-02 09:49:56
US.SNDK260508P1090000,SNDK 260508 1090.00P,1187.0,252,1216418.0,PUT,2026-05-08,1090.0,48,97.601,-0.238194236,0.001960519,-3.65712311,0.500949566,7,100.0,US.SNDK,-0.08171861836562763,"成交额 $1,216,418 ≥ 阈值 $500,000 | 成交量 252 手",US.SNDK,2026-05-02 09:49:56
US.SNDK260529P900000,SNDK 260529 900.00P,1187.0,308,1211864.0,PUT,2026-05-29,900.0,44,103.187,-0.130544554,0.000627957,-1.274632797,0.694767103,28,100.0,US.SNDK,-0.2417860151642797,"成交额 $1,211,864 ≥ 阈值 $500,000 | 成交量 308 手",US.SNDK,2026-05-02 09:49:56
US.SNDK260618C1500000,SNDK 260618 1500.00C,1187.0,237,1208622.0,CALL,2026-06-18,1500.0,325,92.553,0.302491572,0.000877961,-1.484861231,1.498805598,48,100.0,US.SNDK,-0.2636899747262005,"成交额 $1,208,622 ≥ 阈值 $500,000 | 成交量 237 手",US.SNDK,2026-05-02 09:49:56
US.SNDK260508P1120000,SNDK 260508 1120.00P,1187.0,218,1183248.0,PUT,2026-05-08,1120.0,15,95.114,-0.302271078,0.00226724,-4.045987281,0.56451306,7,100.0,US.SNDK,-0.05644481887110362,"成交额 $1,183,248 ≥ 阈值 $500,000 | 成交量 218 手",US.SNDK,2026-05-02 09:49:56
US.SNDK260508P935000,SNDK 260508 935.00P,1187.0,1171,1148775.0,PUT,2026-05-08,935.0,80,110.925,-0.048655327,0.000562196,-1.249651995,0.163293572,7,100.0,US.SNDK,-0.21229991575400167,"成交额 $1,148,775 ≥ 阈值 $500,000 | 成交量 1,171 手",US.SNDK,2026-05-02 09:49:56
US.SNDK260508P925000,SNDK 260508 925.00P,1187.0,1295,1120635.0,PUT,2026-05-08,925.0,55,112.05,-0.043327207,0.000507031,-1.142156589,0.148764986,7,100.0,US.SNDK,-0.22072451558550968,"成交额 $1,120,635 ≥ 阈值 $500,000 | 成交量 1,295 手",US.SNDK,2026-05-02 09:49:56
US.SNDK260508C1170000,SNDK 260508 1170.00C,1187.0,227,1067496.0,CALL,2026-05-08,1170.0,86,94.633,0.572031053,0.002562608,-4.665283933,0.63500645,7,100.0,US.SNDK,0.014321819713563605,"成交额 $1,067,496 ≥ 阈值 $500,000 | 成交量 227 手",US.SNDK,2026-05-02 09:49:56
US.SNDK260508C1310000,SNDK 260508 1310.00C,1187.0,741,1066257.0,CALL,2026-05-08,1310.0,24,90.557,0.232240024,0.002083395,-3.364866625,0.494005474,7,100.0,US.SNDK,-0.10362257792754845,"成交额 $1,066,257 ≥ 阈值 $500,000 | 成交量 741 手",US.SNDK,2026-05-02 09:49:56
US.SNDK260618P850000,SNDK 260618 850.00P,1187.0,239,1030907.0,PUT,2026-06-18,850.0,514,96.876,-0.126994987,0.000500451,-0.890467858,0.893905206,48,100.0,US.SNDK,-0.2839090143218197,"成交额 $1,030,907 ≥ 阈值 $500,000 | 成交量 239 手",US.SNDK,2026-05-02 09:49:56
US.SNDK260618P800000,SNDK 260618 800.00P,1187.0,276,957653.0,PUT,2026-06-18,800.0,681,98.925,-0.097859398,0.000406682,-0.754812596,0.741896224,48,100.0,US.SNDK,-0.32603201347935973,"成交额 $957,653 ≥ 阈值 $500,000 | 成交量 276 手",US.SNDK,2026-05-02 09:49:56
US.SNDK260529P920000,SNDK 260529 920.00P,1187.0,210,955440.0,PUT,2026-05-29,920.0,21,101.622,-0.144943974,0.000684857,-1.348804718,0.746195452,28,100.0,US.SNDK,-0.22493681550126368,"成交额 $955,440 ≥ 阈值 $500,000 | 成交量 210 手",US.SNDK,2026-05-02 09:49:56
US.SNDK260508C1180000,SNDK 260508 1180.00C,1187.0,220,943035.0,CALL,2026-05-08,1180.0,80,95.763,0.546072765,0.00255727,-4.765355068,0.64124849,7,100.0,US.SNDK,0.005897219882055603,"成交额 $943,035 ≥ 阈值 $500,000 | 成交量 220 手",US.SNDK,2026-05-02 09:49:56
US.SNDK260508C1350000,SNDK 260508 1350.00C,1187.0,1097,925230.0,CALL,2026-05-08,1350.0,98,89.521,0.1616198,0.001690693,-2.61497952,0.396301547,7,100.0,US.SNDK,-0.13732097725358045,"成交额 $925,230 ≥ 阈值 $500,000 | 成交量 1,097 手",US.SNDK,2026-05-02 09:49:56
US.SNDK260508P850000,SNDK 260508 850.00P,1187.0,2144,873534.0,PUT,2026-05-08,850.0,268,121.006,-0.017393494,0.000219542,-0.545647642,0.069571984,7,100.0,US.SNDK,-0.2839090143218197,"成交额 $873,534 ≥ 阈值 $500,000 | 成交量 2,144 手",US.SNDK,2026-05-02 09:49:56
US.SNDK260508P920000,SNDK 260508 920.00P,1187.0,821,712549.0,PUT,2026-05-08,920.0,436,114.553,-0.043268085,0.000495405,-1.166638741,0.148601241,7,100.0,US.SNDK,-0.22493681550126368,"成交额 $712,549 ≥ 阈值 $500,000 | 成交量 821 手",US.SNDK,2026-05-02 09:49:56
US.SNDK260515C1500000,SNDK 260515 1500.00C,1187.0,886,706008.0,CALL,2026-05-15,1500.0,547,88.021,0.101206082,0.000871967,-1.292641376,0.408349557,14,100.0,US.SNDK,-0.2636899747262005,"成交额 $706,008 ≥ 阈值 $500,000 | 成交量 886 手",US.SNDK,2026-05-02 09:49:56
US.SNDK260515P830000,SNDK 260515 830.00P,1187.0,685,698056.0,PUT,2026-05-15,830.0,143,114.531,-0.042294658,0.000341266,-0.83352346,0.207966407,14,100.0,US.SNDK,-0.3007582139848357,"成交额 $698,056 ≥ 阈值 $500,000 | 成交量 685 手",US.SNDK,2026-05-02 09:49:56
US.SNDK260508P1020000,SNDK 260508 1020.00P,1187.0,303,654665.0,PUT,2026-05-08,1020.0,43,101.6,-0.12126246,0.001225788,-2.404109632,0.326076746,7,100.0,US.SNDK,-0.14069081718618365,"成交额 $654,665 ≥ 阈值 $500,000 | 成交量 303 手",US.SNDK,2026-05-02 09:49:56
US.SNDK260508C1210000,SNDK 260508 1210.00C,1187.0,201,608413.0,CALL,2026-05-08,1210.0,87,91.042,0.465281185,0.002697686,-4.533930247,0.64311134,7,100.0,US.SNDK,-0.019376579612468407,"成交额 $608,413 ≥ 阈值 $500,000 | 成交量 201 手",US.SNDK,2026-05-02 09:49:56
US.SNDK260508C1400000,SNDK 260508 1400.00C,1187.0,1378,587355.0,CALL,2026-05-08,1400.0,672,88.202,0.095628938,0.001189975,-1.730096703,0.274820834,7,100.0,US.SNDK,-0.17944397641112048,"成交额 $587,355 ≥ 阈值 $500,000 | 成交量 1,378 手",US.SNDK,2026-05-02 09:49:56
US.SNDK260508P960000,SNDK 260508 960.00P,1187.0,803,584516.0,PUT,2026-05-08,960.0,61,107.3,-0.063176112,0.000714269,-1.508027043,0.200676859,7,100.0,US.SNDK,-0.19123841617523168,"成交额 $584,516 ≥ 阈值 $500,000 | 成交量 803 手",US.SNDK,2026-05-02 09:49:56
US.SNDK260508P995000,SNDK 260508 995.00P,1187.0,332,580400.0,PUT,2026-05-08,995.0,20,103.653,-0.092760281,0.00099012,-1.992872163,0.268713607,7,100.0,US.SNDK,-0.16175231676495366,"成交额 $580,400 ≥ 阈值 $500,000 | 成交量 332 手",US.SNDK,2026-05-02 09:49:56
US.SNDK260618P700000,SNDK 260618 700.00P,1187.0,313,517473.0,PUT,2026-06-18,700.0,989,102.204,-0.052066644,0.000242658,-0.480256406,0.457480747,48,100.0,US.SNDK,-0.4102780117944398,"成交额 $517,473 ≥ 阈值 $500,000 | 成交量 313 手",US.SNDK,2026-05-02 09:49:56
US.SNDK260515C1350000,SNDK 260515 1350.00C,1187.0,234,510752.0,CALL,2026-05-15,1350.0,136,92.808,0.269045921,0.001541782,-2.614618535,0.761312256,14,100.0,US.SNDK,-0.13732097725358045,"成交额 $510,752 ≥ 阈值 $500,000 | 成交量 234 手",US.SNDK,2026-05-02 09:49:56
US.SNPS260618P370000,SNPS 260618 370.00P,489.02,2852,897980.0,PUT,2026-06-18,370.0,437,58.085,-0.073051625,0.001350083,-0.145130535,0.24542256,48,100.0,US.SNPS,-0.24338472864095534,"成交额 $897,980 ≥ 阈值 $500,000 | 成交量 2,852 手",US.SNPS,2026-05-02 09:49:58
US.STX260618C700000,STX 260618 700.00C,726.93,308,2651742.0,CALL,2026-06-18,700.0,272,75.913,0.614880932,0.001914616,-0.838087289,1.005474849,48,100.0,US.STX,0.03704620802553196,"成交额 $2,651,742 ≥ 阈值 $500,000 | 成交量 308 手",US.STX,2026-05-02 09:52:13
US.STX260618C780000,STX 260618 780.00C,726.93,385,2113542.0,CALL,2026-06-18,780.0,523,74.822,0.457246664,0.002015516,-0.848122084,1.0432521,48,100.0,US.STX,-0.07300565391440723,"成交额 $2,113,542 ≥ 阈值 $500,000 | 成交量 385 手",US.STX,2026-05-02 09:52:13
US.STX260508P680000,STX 260508 680.00P,726.93,1065,2088458.0,PUT,2026-05-08,680.0,8,81.273,-0.253482209,0.0039752,-1.928707565,0.317201833,7,100.0,US.STX,-0.06455917351051677,"成交额 $2,088,458 ≥ 阈值 $500,000 | 成交量 1,065 手",US.STX,2026-05-02 09:52:13
US.STX260522C730000,STX 260522 730.00C,726.93,436,2001684.0,CALL,2026-05-22,730.0,12,78.102,0.532540303,0.002934881,-1.345285736,0.689711746,21,100.0,US.STX,-0.004223240201945235,"成交额 $2,001,684 ≥ 阈值 $500,000 | 成交量 436 手",US.STX,2026-05-02 09:52:13
US.STX260918C860000,STX 260918 860.00C,726.93,207,1842844.0,CALL,2026-09-18,860.0,152,76.25,0.463800675,0.001158239,-0.512468688,1.787255948,140,100.0,US.STX,-0.18305751585434643,"成交额 $1,842,844 ≥ 阈值 $500,000 | 成交量 207 手",US.STX,2026-05-02 09:52:13
US.STX260508C715000,STX 260508 715.00C,726.93,527,1646301.0,CALL,2026-05-08,715.0,7,76.795,0.585835784,0.005120247,-2.309818544,0.386163844,7,100.0,US.STX,0.016411483911793364,"成交额 $1,646,301 ≥ 阈值 $500,000 | 成交量 527 手",US.STX,2026-05-02 09:52:13
US.STX260522C720000,STX 260522 720.00C,726.93,316,1592583.0,CALL,2026-05-22,720.0,34,76.61,0.561630248,0.002966132,-1.310800062,0.683740708,21,100.0,US.STX,0.009533242540547165,"成交额 $1,592,583 ≥ 阈值 $500,000 | 成交量 316 手",US.STX,2026-05-02 09:52:13
US.STX260515C720000,STX 260515 720.00C,726.93,364,1458393.0,CALL,2026-05-15,720.0,34,76.748,0.558822353,0.003639648,-1.616952379,0.557417309,14,100.0,US.STX,0.009533242540547165,"成交额 $1,458,393 ≥ 阈值 $500,000 | 成交量 364 手",US.STX,2026-05-02 09:52:13
US.STX260515C730000,STX 260515 730.00C,726.93,390,1418819.0,CALL,2026-05-15,730.0,77,75.778,0.521657197,0.003721344,-1.609716627,0.562724002,14,100.0,US.STX,-0.004223240201945235,"成交额 $1,418,819 ≥ 阈值 $500,000 | 成交量 390 手",US.STX,2026-05-02 09:52:13
US.STX260508C700000,STX 260508 700.00C,726.93,324,1191242.0,CALL,2026-05-08,700.0,120,78.43,0.660134207,0.004713532,-2.215026858,0.363053774,7,100.0,US.STX,0.03704620802553196,"成交额 $1,191,242 ≥ 阈值 $500,000 | 成交量 324 手",US.STX,2026-05-02 09:52:13
US.STX260508C720000,STX 260508 720.00C,726.93,270,753317.0,CALL,2026-05-08,720.0,25,76.936,0.559696238,0.005173732,-2.341886911,0.390916666,7,100.0,US.STX,0.009533242540547165,"成交额 $753,317 ≥ 阈值 $500,000 | 成交量 270 手",US.STX,2026-05-02 09:52:13
US.STX260508P700000,STX 260508 700.00P,726.93,253,656212.0,PUT,2026-05-08,700.0,33,78.416,-0.339966287,0.004716542,-2.146561764,0.363069769,7,100.0,US.STX,-0.03704620802553196,"成交额 $656,212 ≥ 阈值 $500,000 | 成交量 253 手",US.STX,2026-05-02 09:52:13
US.SYK260515P310000,SYK 260515 310.00P,294.73,498,549351.0,PUT,2026-05-15,310.0,944,22.901,-0.870099777,0.018028215,-0.0810758,0.119074658,14,100.0,US.SYK,0.05181013130661955,"成交额 $549,351 ≥ 阈值 $500,000 | 成交量 498 手",US.SYK,2026-05-02 09:53:23
US.TER260717P340000,TER 260717 340.00P,345.42,344,1279319.0,PUT,2026-07-17,340.0,56,65.06,-0.411601609,0.003797519,-0.246581463,0.616034087,77,100.0,US.TER,-0.015691042788489422,"成交额 $1,279,319 ≥ 阈值 $500,000 | 成交量 344 手",US.TER,2026-05-02 09:55:24
US.TER260515C400000,TER 260515 400.00C,345.42,4002,1049884.0,CALL,2026-05-15,400.0,102,63.76,0.133279608,0.005028574,-0.33560984,0.144446162,14,100.0,US.TER,-0.1580105378958948,"成交额 $1,049,884 ≥ 阈值 $500,000 | 成交量 4,002 手",US.TER,2026-05-02 09:55:24
US.TER260821P310000,TER 260821 310.00P,345.42,236,810999.0,PUT,2026-08-21,310.0,530,70.185,-0.309542408,0.002640578,-0.200019654,0.673712505,112,100.0,US.TER,-0.10254183313068153,"成交额 $810,999 ≥ 阈值 $500,000 | 成交量 236 手",US.TER,2026-05-02 09:55:24
US.TER260515P330000,TER 260515 330.00P,345.42,533,695642.0,PUT,2026-05-15,330.0,88,70.389,-0.340313487,0.007763477,-0.626811428,0.245998469,14,100.0,US.TER,-0.04464130623588679,"成交额 $695,642 ≥ 阈值 $500,000 | 成交量 533 手",US.TER,2026-05-02 09:55:24
US.TGT260918P120000,TGT 260918 120.00P,128.89,3908,2779468.0,PUT,2026-09-18,120.0,1039,40.19,-0.323396851,0.01132353,-0.037090348,0.285958877,140,100.0,US.TGT,-0.0689735433315229,"成交额 $2,779,468 ≥ 阈值 $500,000 | 成交量 3,908 手",US.TGT,2026-05-02 09:55:58
US.TPR260618P120000,TPR 260618 120.00P,142.74,3004,540885.0,PUT,2026-06-18,120.0,92,53.759,-0.155726341,0.008616417,-0.067304113,0.123404349,48,100.0,US.TPR,-0.15931063472047083,"成交额 $540,885 ≥ 阈值 $500,000 | 成交量 3,004 手",US.TPR,2026-05-02 09:57:23
US.TXN260515C280000,TXN 260515 280.00C,281.02,1355,954677.0,CALL,2026-05-15,280.0,624,31.412,0.544799941,0.023109444,-0.265801864,0.216487356,14,100.0,US.TXN,0.0036296349014304386,"成交额 $954,677 ≥ 阈值 $500,000 | 成交量 1,355 手",US.TXN,2026-05-02 09:59:42
US.TXN260508C285000,TXN 260508 285.00C,281.02,1771,575190.0,CALL,2026-05-08,285.0,455,32.786,0.390811362,0.030564008,-0.378536272,0.147072294,7,100.0,US.TXN,-0.014162693046758304,"成交额 $575,190 ≥ 阈值 $500,000 | 成交量 1,771 手",US.TXN,2026-05-02 09:59:42
US.UAL260515C95000,UAL 260515 95.00C,92.52,4813,1267913.0,CALL,2026-05-15,95.0,3312,59.913,0.437538855,0.036580076,-0.160416413,0.070845618,14,100.0,US.UAL,-0.026805015131863424,"成交额 $1,267,913 ≥ 阈值 $500,000 | 成交量 4,813 手",US.UAL,2026-05-02 10:00:18
US.UAL260918P85000,UAL 260918 85.00P,92.52,1002,810425.0,PUT,2026-09-18,85.0,1072,54.658,-0.324929437,0.011592592,-0.037137157,0.205854127,140,100.0,US.UAL,-0.08127972330306957,"成交额 $810,425 ≥ 阈值 $500,000 | 成交量 1,002 手",US.UAL,2026-05-02 10:00:18
US.UAL260515P100000,UAL 260515 100.00P,92.52,953,734780.0,PUT,2026-05-15,100.0,8787,60.352,-0.724585671,0.031026576,-0.126155446,0.059968742,14,100.0,US.UAL,0.08084738434932992,"成交额 $734,780 ≥ 阈值 $500,000 | 成交量 953 手",US.UAL,2026-05-02 10:00:18
US.UAL260508C90000,UAL 260508 90.00C,92.52,1546,717495.0,CALL,2026-05-08,90.0,315,59.085,0.652277883,0.049582576,-0.21566321,0.046606612,7,100.0,US.UAL,0.02723735408560307,"成交额 $717,495 ≥ 阈值 $500,000 | 成交量 1,546 手",US.UAL,2026-05-02 10:00:18
US.UAL260515C100000,UAL 260515 100.00C,92.52,5020,616137.0,CALL,2026-05-15,100.0,10064,54.377,0.251449939,0.032603395,-0.116127916,0.057305027,14,100.0,US.UAL,-0.08084738434932992,"成交额 $616,137 ≥ 阈值 $500,000 | 成交量 5,020 手",US.UAL,2026-05-02 10:00:18
US.UAL260515P101000,UAL 260515 101.00P,92.52,625,600739.0,PUT,2026-05-15,101.0,13,57.687,-0.76405652,0.030048401,-0.109809865,0.055284459,14,100.0,US.UAL,0.09165585819282322,"成交额 $600,739 ≥ 阈值 $500,000 | 成交量 625 手",US.UAL,2026-05-02 10:00:18
US.UAL260918C115000,UAL 260918 115.00C,92.52,1087,534472.0,CALL,2026-09-18,115.0,1996,51.839,0.317645847,0.012011154,-0.040289327,0.204103409,140,100.0,US.UAL,-0.2429744920017294,"成交额 $534,472 ≥ 阈值 $500,000 | 成交量 1,087 手",US.UAL,2026-05-02 10:00:18
US.UNH260515C370000,UNH 260515 370.00C,368.78,997,758457.0,CALL,2026-05-15,370.0,6473,26.39,0.495194483,0.021092921,-0.296233105,0.285877591,14,100.0,US.UNH,-0.003308205434134246,"成交额 $758,457 ≥ 阈值 $500,000 | 成交量 997 手",US.UNH,2026-05-02 10:01:26
US.UNH260618P370000,UNH 260618 370.00P,368.78,541,757066.0,PUT,2026-06-18,370.0,1197,27.956,-0.477931406,0.010826097,-0.140009352,0.530002131,48,100.0,US.UNH,0.003308205434134246,"成交额 $757,066 ≥ 阈值 $500,000 | 成交量 541 手",US.UNH,2026-05-02 10:01:26
US.URI260515C830000,URI 260515 830.00C,949.23,230,2974180.0,CALL,2026-05-15,830.0,62,35.644,0.976827461,0.000833987,-0.20443071,0.101187806,14,100.0,US.URI,0.12560707099438495,"成交额 $2,974,180 ≥ 阈值 $500,000 | 成交量 230 手",US.URI,2026-05-02 10:02:18
US.VRT260918C400000,VRT 260918 400.00C,328.31,674,1876158.0,CALL,2026-09-18,400.0,256,62.094,0.387557969,0.003035764,-0.18292532,0.778108261,140,100.0,US.VRT,-0.21836069568395722,"成交额 $1,876,158 ≥ 阈值 $500,000 | 成交量 674 手",US.VRT,2026-05-02 10:04:01
US.VRT260717C400000,VRT 260717 400.00C,328.31,729,993229.0,CALL,2026-07-17,400.0,94,58.368,0.282514652,0.003846487,-0.201653059,0.509054094,77,100.0,US.VRT,-0.21836069568395722,"成交额 $993,229 ≥ 阈值 $500,000 | 成交量 729 手",US.VRT,2026-05-02 10:04:01
US.VRT260508C330000,VRT 260508 330.00C,328.31,580,583561.0,CALL,2026-05-08,330.0,415,57.666,0.493048745,0.015454347,-0.804098023,0.178532475,7,100.0,US.VRT,-0.005147573939264713,"成交额 $583,561 ≥ 阈值 $500,000 | 成交量 580 手",US.VRT,2026-05-02 10:04:01
US.VST260618P150000,VST 260618 150.00P,155.28,1037,868038.0,PUT,2026-06-18,150.0,8813,56.232,-0.385086204,0.01214446,-0.120868133,0.214648979,48,100.0,US.VST,-0.0340030911901082,"成交额 $868,038 ≥ 阈值 $500,000 | 成交量 1,037 手",US.VST,2026-05-02 10:04:21
US.WBD261016P25000,WBD 261016 25.00P,26.97,48912,7209792.0,PUT,2026-10-16,25.0,89709,34.455,-0.308418634,0.056640054,-0.005808817,0.064194345,168,100.0,US.WBD,-0.07304412309974041,"成交额 $7,209,792 ≥ 阈值 $500,000 | 成交量 48,912 手",US.WBD,2026-05-02 10:05:46
US.WBD261016P20000,WBD 261016 20.00P,26.97,25207,1159492.0,PUT,2026-10-16,20.0,195457,43.152,-0.111320047,0.024089589,-0.004164585,0.034657642,168,100.0,US.WBD,-0.25843529847979235,"成交额 $1,159,492 ≥ 阈值 $500,000 | 成交量 25,207 手",US.WBD,2026-05-02 10:05:46
US.WBD260918P26000,WBD 260918 26.00P,26.97,7166,959085.0,PUT,2026-09-18,26.0,1618,30.601,-0.364345576,0.074871558,-0.005944141,0.062469231,140,100.0,US.WBD,-0.03596588802373003,"成交额 $959,085 ≥ 阈值 $500,000 | 成交量 7,166 手",US.WBD,2026-05-02 10:05:46
US.WBD260618P27000,WBD 260618 27.00P,26.97,7500,525000.0,PUT,2026-06-18,27.0,23918,21.372,-0.47118411,0.19446042,-0.007594771,0.038665407,48,100.0,US.WBD,0.0011123470522803537,"成交额 $525,000 ≥ 阈值 $500,000 | 成交量 7,500 手",US.WBD,2026-05-02 10:05:46
US.WDC260821C420000,WDC 260821 420.00C,431.52,314,2491779.0,CALL,2026-08-21,420.0,355,79.44,0.620440026,0.002006351,-0.342212402,0.908937907,112,100.0,US.WDC,0.026696329254727435,"成交额 $2,491,779 ≥ 阈值 $500,000 | 成交量 314 手",US.WDC,2026-05-02 10:06:20
US.WDC260821C440000,WDC 260821 440.00C,431.52,318,2266792.0,CALL,2026-08-21,440.0,314,79.31,0.579427305,0.002064491,-0.349591947,0.933746115,112,100.0,US.WDC,-0.019651464590285547,"成交额 $2,266,792 ≥ 阈值 $500,000 | 成交量 318 手",US.WDC,2026-05-02 10:06:20
US.WDC260618C450000,WDC 260618 450.00C,431.52,415,1696293.0,CALL,2026-06-18,450.0,1148,77.451,0.502962601,0.003298959,-0.524940585,0.622857311,48,100.0,US.WDC,-0.04282536151279204,"成交额 $1,696,293 ≥ 阈值 $500,000 | 成交量 415 手",US.WDC,2026-05-02 10:06:20
US.WDC260508C425000,WDC 260508 425.00C,431.52,751,1473687.0,CALL,2026-05-08,425.0,1270,76.226,0.581197677,0.008711988,-1.36460322,0.229801943,7,100.0,US.WDC,0.01510938079347419,"成交额 $1,473,687 ≥ 阈值 $500,000 | 成交量 751 手",US.WDC,2026-05-02 10:06:20
US.WDC260508C430000,WDC 260508 430.00C,431.52,764,1423522.0,CALL,2026-05-08,430.0,170,77.241,0.53687452,0.008742433,-1.404825929,0.233676979,7,100.0,US.WDC,0.003522432332220944,"成交额 $1,423,522 ≥ 阈值 $500,000 | 成交量 764 手",US.WDC,2026-05-02 10:06:20
US.WDC260508C450000,WDC 260508 450.00C,431.52,1190,1371243.0,CALL,2026-05-08,450.0,268,76.958,0.366617269,0.008315034,-1.312220166,0.221435242,7,100.0,US.WDC,-0.04282536151279204,"成交额 $1,371,243 ≥ 阈值 $500,000 | 成交量 1,190 手",US.WDC,2026-05-02 10:06:20
US.WDC260515P430000,WDC 260515 430.00P,431.52,406,1255241.0,PUT,2026-05-15,430.0,385,77.08,-0.457508398,0.006144696,-0.92722734,0.332571578,14,100.0,US.WDC,-0.003522432332220944,"成交额 $1,255,241 ≥ 阈值 $500,000 | 成交量 406 手",US.WDC,2026-05-02 10:06:20
US.WDC260618P450000,WDC 260618 450.00P,431.52,207,1226240.0,PUT,2026-06-18,450.0,16,79.31,-0.495697994,0.003237274,-0.495788893,0.622525225,48,100.0,US.WDC,0.04282536151279204,"成交额 $1,226,240 ≥ 阈值 $500,000 | 成交量 207 手",US.WDC,2026-05-02 10:06:20
US.WDC260508P380000,WDC 260508 380.00P,431.52,2666,1095035.0,PUT,2026-05-08,380.0,152,80.799,-0.112125245,0.004010861,-0.653115928,0.112129433,7,100.0,US.WDC,-0.11939191694475339,"成交额 $1,095,035 ≥ 阈值 $500,000 | 成交量 2,666 手",US.WDC,2026-05-02 10:06:20
US.WDC260515P400000,WDC 260515 400.00P,431.52,562,999748.0,PUT,2026-05-15,400.0,509,78.603,-0.28047943,0.00511372,-0.804598865,0.282478193,14,100.0,US.WDC,-0.07304412309974041,"成交额 $999,748 ≥ 阈值 $500,000 | 成交量 562 手",US.WDC,2026-05-02 10:06:20
US.WDC260508C420000,WDC 260508 420.00C,431.52,585,997014.0,CALL,2026-05-08,420.0,304,74.267,0.627239578,0.008663102,-1.288565324,0.222638736,7,100.0,US.WDC,0.026696329254727435,"成交额 $997,014 ≥ 阈值 $500,000 | 成交量 585 手",US.WDC,2026-05-02 10:06:20
US.WDC260522P395000,WDC 260522 395.00P,431.52,527,959007.0,PUT,2026-05-22,395.0,8,83.588,-0.29022022,0.003981083,-0.703003314,0.35255508,21,100.0,US.WDC,-0.08463107156099366,"成交额 $959,007 ≥ 阈值 $500,000 | 成交量 527 手",US.WDC,2026-05-02 10:06:20
US.WDC260515C430000,WDC 260515 430.00C,431.52,286,822597.0,CALL,2026-05-15,430.0,361,76.653,0.542750087,0.006170861,-0.963082435,0.332608817,14,100.0,US.WDC,0.003522432332220944,"成交额 $822,597 ≥ 阈值 $500,000 | 成交量 286 手",US.WDC,2026-05-02 10:06:20
US.WDC260508C440000,WDC 260508 440.00C,431.52,569,807558.0,CALL,2026-05-08,440.0,131,77.826,0.450646428,0.008647233,-1.405275545,0.232881494,7,100.0,US.WDC,-0.019651464590285547,"成交额 $807,558 ≥ 阈值 $500,000 | 成交量 569 手",US.WDC,2026-05-02 10:06:20
US.WDC260508C435000,WDC 260508 435.00C,431.52,498,804308.0,CALL,2026-05-08,435.0,198,79.11,0.494293125,0.008571702,-1.442274798,0.234656114,7,100.0,US.WDC,-0.008064516129032301,"成交额 $804,308 ≥ 阈值 $500,000 | 成交量 498 手",US.WDC,2026-05-02 10:06:20
US.WDC260508C445000,WDC 260508 445.00C,431.52,422,672628.0,CALL,2026-05-08,445.0,121,74.169,0.402451832,0.008868871,-1.305224318,0.227627384,7,100.0,US.WDC,-0.03123841305153879,"成交额 $672,628 ≥ 阈值 $500,000 | 成交量 422 手",US.WDC,2026-05-02 10:06:20
US.WDC260515C455000,WDC 260515 455.00C,431.52,338,635887.0,CALL,2026-05-15,455.0,198,77.183,0.393914756,0.005944709,-0.93343746,0.322629828,14,100.0,US.WDC,-0.05441230997404528,"成交额 $635,887 ≥ 阈值 $500,000 | 成交量 338 手",US.WDC,2026-05-02 10:06:20
US.WDC260529C460000,WDC 260529 460.00C,431.52,256,611271.0,CALL,2026-05-29,460.0,29,74.715,0.423249774,0.004401673,-0.647724596,0.466136527,28,100.0,US.WDC,-0.06599925843529852,"成交额 $611,271 ≥ 阈值 $500,000 | 成交量 256 手",US.WDC,2026-05-02 10:06:20
US.WDC260529P330000,WDC 260529 330.00P,431.52,1020,605717.0,PUT,2026-05-29,330.0,96,82.661,-0.096513396,0.001737782,-0.297588791,0.203558289,28,100.0,US.WDC,-0.23526140155728584,"成交额 $605,717 ≥ 阈值 $500,000 | 成交量 1,020 手",US.WDC,2026-05-02 10:06:20
US.WDC260508C427500,WDC 260508 427.50C,431.52,280,547240.0,CALL,2026-05-08,427.5,34,80.519,0.558155218,0.008332891,-1.454711653,0.232182159,7,100.0,US.WDC,0.009315906562847566,"成交额 $547,240 ≥ 阈值 $500,000 | 成交量 280 手",US.WDC,2026-05-02 10:06:20
US.WDC260618C500000,WDC 260618 500.00C,431.52,218,528226.0,CALL,2026-06-18,500.0,1020,76.998,0.354813429,0.003096189,-0.482787948,0.581145467,48,100.0,US.WDC,-0.15869484612532447,"成交额 $528,226 ≥ 阈值 $500,000 | 成交量 218 手",US.WDC,2026-05-02 10:06:20
US.WDC260508C410000,WDC 260508 410.00C,431.52,205,521200.0,CALL,2026-05-08,410.0,230,80.296,0.701333101,0.007346079,-1.272444182,0.204116253,7,100.0,US.WDC,0.049870226177233926,"成交额 $521,200 ≥ 阈值 $500,000 | 成交量 205 手",US.WDC,2026-05-02 10:06:20
US.WDC260508P425000,WDC 260508 425.00P,431.52,291,512661.0,PUT,2026-05-08,425.0,38,76.121,-0.418917306,0.008729319,-1.321613224,0.229793582,7,100.0,US.WDC,-0.01510938079347419,"成交额 $512,661 ≥ 阈值 $500,000 | 成交量 291 手",US.WDC,2026-05-02 10:06:20
US.WFC260618C65000,WFC 260618 65.00C,80.81,7204,12381157.0,CALL,2026-06-18,65.0,9506,37.493,0.956155663,0.008467112,-0.016623139,0.027136549,48,100.0,US.WFC,0.19564410345254302,"成交额 $12,381,157 ≥ 阈值 $500,000 | 成交量 7,204 手",US.WFC,2026-05-02 10:07:12
US.WFC260515C65000,WFC 260515 65.00C,80.81,7200,12367200.0,CALL,2026-05-15,65.0,8005,84.454,0.921756611,0.011022854,-0.07510432,0.022955161,14,100.0,US.WFC,0.19564410345254302,"成交额 $12,367,200 ≥ 阈值 $500,000 | 成交量 7,200 手",US.WFC,2026-05-02 10:07:12
US.XYZ261120P70000,XYZ 261120 70.00P,71.81,2243,2186163.0,PUT,2026-11-20,70.0,135,53.649,-0.381358006,0.013495765,-0.024022587,0.203663016,203,100.0,US.XYZ,-0.025205403147194015,"成交额 $2,186,163 ≥ 阈值 $500,000 | 成交量 2,243 手",US.XYZ,2026-05-02 10:09:30
US.XYZ260508C72000,XYZ 260508 72.00C,71.81,3832,1496731.0,CALL,2026-05-08,72.0,229,104.202,0.522797639,0.039042877,-0.314799205,0.038992389,7,100.0,US.XYZ,-0.0026458710486004415,"成交额 $1,496,731 ≥ 阈值 $500,000 | 成交量 3,832 手",US.XYZ,2026-05-02 10:09:30
US.XYZ261120C90000,XYZ 261120 90.00C,71.81,2238,1341981.0,CALL,2026-11-20,90.0,130,52.812,0.372416454,0.013383501,-0.028460834,0.202529352,203,100.0,US.XYZ,-0.25330733881075057,"成交额 $1,341,981 ≥ 阈值 $500,000 | 成交量 2,238 手",US.XYZ,2026-05-02 10:09:30
US.XYZ260508C75000,XYZ 260508 75.00C,71.81,3343,888429.0,CALL,2026-05-08,75.0,522,101.116,0.404592426,0.039142389,-0.295417763,0.037933731,7,100.0,US.XYZ,-0.044422782342292126,"成交额 $888,429 ≥ 阈值 $500,000 | 成交量 3,343 手",US.XYZ,2026-05-02 10:09:30
US.XYZ260508C74000,XYZ 260508 74.00C,71.81,1994,608949.0,CALL,2026-05-08,74.0,102,103.05,0.44480845,0.03916501,-0.307836436,0.038681747,7,100.0,US.XYZ,-0.0304971452443949,"成交额 $608,949 ≥ 阈值 $500,000 | 成交量 1,994 手",US.XYZ,2026-05-02 10:09:30
