ticker,tier,tier_name,company_name,exchange,in_pool_time
AAPL,1,manual_pool,,,2026-05-09 18:25:49
AMD,1,manual_pool,,,2026-05-09 18:25:49
AMZN,1,manual_pool,,,2026-05-09 18:25:49
ARM,1,manual_pool,,,2026-05-09 18:25:49
BABA,1,manual_pool,,,2026-05-09 18:25:49
BIDU,1,manual_pool,,,2026-05-09 18:25:49
BILI,1,manual_pool,,,2026-05-09 18:25:49
COIN,1,manual_pool,,,2026-05-09 18:25:49
CRWV,1,manual_pool,,,2026-05-09 18:25:49
FIGR,1,manual_pool,,,2026-05-09 18:25:49
GDX,1,manual_pool,,,2026-05-09 18:25:49
GOOGL,1,manual_pool,,,2026-05-09 18:25:49
INTC,1,manual_pool,,,2026-05-09 18:25:49
JD,1,manual_pool,,,2026-05-09 18:25:49
LI,1,manual_pool,,,2026-05-09 18:25:49
META,1,manual_pool,,,2026-05-09 18:25:49
MSFT,1,manual_pool,,,2026-05-09 18:25:49
MSTR,1,manual_pool,,,2026-05-09 18:25:49
MU,1,manual_pool,,,2026-05-09 18:25:49
NIO,1,manual_pool,,,2026-05-09 18:25:49
NVDA,1,manual_pool,,,2026-05-09 18:25:49
PDD,1,manual_pool,,,2026-05-09 18:25:49
QQQ,1,manual_pool,,,2026-05-09 18:25:49
RKLB,1,manual_pool,,,2026-05-09 18:25:49
SLV,1,manual_pool,,,2026-05-09 18:25:49
SMCI,1,manual_pool,,,2026-05-09 18:25:49
TME,1,manual_pool,,,2026-05-09 18:25:49
TSLA,1,manual_pool,,,2026-05-09 18:25:49
XPEV,1,manual_pool,,,2026-05-09 18:25:49
A,2,sp500,Agilent Technologies,NYSE/NASDAQ,2026-05-09 18:25:49
ABBV,2,sp500,AbbVie,NYSE/NASDAQ,2026-05-09 18:25:49
ABNB,2,sp500,Airbnb,NYSE/NASDAQ,2026-05-09 18:25:49
ABT,2,sp500,Abbott Laboratories,NYSE/NASDAQ,2026-05-09 18:25:49
ACGL,2,sp500,Arch Capital Group,NYSE/NASDAQ,2026-05-09 18:25:49
ACN,2,sp500,Accenture,NYSE/NASDAQ,2026-05-09 18:25:49
ADBE,2,sp500,Adobe Inc.,NYSE/NASDAQ,2026-05-09 18:25:49
ADI,2,sp500,Analog Devices,NYSE/NASDAQ,2026-05-09 18:25:49
ADM,2,sp500,Archer Daniels Midland,NYSE/NASDAQ,2026-05-09 18:25:49
ADP,2,sp500,Automatic Data Processing,NYSE/NASDAQ,2026-05-09 18:25:49
ADSK,2,sp500,Autodesk,NYSE/NASDAQ,2026-05-09 18:25:49
AEE,2,sp500,Ameren,NYSE/NASDAQ,2026-05-09 18:25:49
AEP,2,sp500,American Electric Power,NYSE/NASDAQ,2026-05-09 18:25:49
AES,2,sp500,AES Corporation,NYSE/NASDAQ,2026-05-09 18:25:49
AFL,2,sp500,Aflac,NYSE/NASDAQ,2026-05-09 18:25:49
AIG,2,sp500,American International Group,NYSE/NASDAQ,2026-05-09 18:25:49
AIZ,2,sp500,Assurant,NYSE/NASDAQ,2026-05-09 18:25:49
AJG,2,sp500,Arthur J. Gallagher & Co.,NYSE/NASDAQ,2026-05-09 18:25:49
AKAM,2,sp500,Akamai Technologies,NYSE/NASDAQ,2026-05-09 18:25:49
ALB,2,sp500,Albemarle Corporation,NYSE/NASDAQ,2026-05-09 18:25:49
ALGN,2,sp500,Align Technology,NYSE/NASDAQ,2026-05-09 18:25:49
ALL,2,sp500,Allstate,NYSE/NASDAQ,2026-05-09 18:25:49
ALLE,2,sp500,Allegion,NYSE/NASDAQ,2026-05-09 18:25:49
AMAT,2,sp500,Applied Materials,NYSE/NASDAQ,2026-05-09 18:25:49
AMCR,2,sp500,Amcor,NYSE/NASDAQ,2026-05-09 18:25:49
AME,2,sp500,Ametek,NYSE/NASDAQ,2026-05-09 18:25:49
AMGN,2,sp500,Amgen,NYSE/NASDAQ,2026-05-09 18:25:49
AMP,2,sp500,Ameriprise Financial,NYSE/NASDAQ,2026-05-09 18:25:49
AMT,2,sp500,American Tower,NYSE/NASDAQ,2026-05-09 18:25:49
ANET,2,sp500,Arista Networks,NYSE/NASDAQ,2026-05-09 18:25:49
AON,2,sp500,Aon plc,NYSE/NASDAQ,2026-05-09 18:25:49
AOS,2,sp500,A. O. Smith,NYSE/NASDAQ,2026-05-09 18:25:49
APA,2,sp500,APA Corporation,NYSE/NASDAQ,2026-05-09 18:25:49
APD,2,sp500,Air Products,NYSE/NASDAQ,2026-05-09 18:25:49
APH,2,sp500,Amphenol,NYSE/NASDAQ,2026-05-09 18:25:49
APO,2,sp500,Apollo Global Management,NYSE/NASDAQ,2026-05-09 18:25:49
APP,2,sp500,AppLovin,NYSE/NASDAQ,2026-05-09 18:25:49
APTV,2,sp500,Aptiv,NYSE/NASDAQ,2026-05-09 18:25:49
ARE,2,sp500,Alexandria Real Estate Equities,NYSE/NASDAQ,2026-05-09 18:25:49
ARES,2,sp500,Ares Management,NYSE/NASDAQ,2026-05-09 18:25:49
ATO,2,sp500,Atmos Energy,NYSE/NASDAQ,2026-05-09 18:25:49
AVB,2,sp500,AvalonBay Communities,NYSE/NASDAQ,2026-05-09 18:25:49
AVGO,2,sp500,Broadcom,NYSE/NASDAQ,2026-05-09 18:25:49
AVY,2,sp500,Avery Dennison,NYSE/NASDAQ,2026-05-09 18:25:49
AWK,2,sp500,American Water Works,NYSE/NASDAQ,2026-05-09 18:25:49
AXON,2,sp500,Axon Enterprise,NYSE/NASDAQ,2026-05-09 18:25:49
AXP,2,sp500,American Express,NYSE/NASDAQ,2026-05-09 18:25:49
AZO,2,sp500,AutoZone,NYSE/NASDAQ,2026-05-09 18:25:49
BA,2,sp500,Boeing,NYSE/NASDAQ,2026-05-09 18:25:49
BAC,2,sp500,Bank of America,NYSE/NASDAQ,2026-05-09 18:25:49
BALL,2,sp500,Ball Corporation,NYSE/NASDAQ,2026-05-09 18:25:49
BAX,2,sp500,Baxter International,NYSE/NASDAQ,2026-05-09 18:25:49
BBY,2,sp500,Best Buy,NYSE/NASDAQ,2026-05-09 18:25:49
BDX,2,sp500,Becton Dickinson,NYSE/NASDAQ,2026-05-09 18:25:49
BEN,2,sp500,Franklin Resources,NYSE/NASDAQ,2026-05-09 18:25:49
BF.B,2,sp500,Brown–Forman,NYSE/NASDAQ,2026-05-09 18:25:49
BG,2,sp500,Bunge Global,NYSE/NASDAQ,2026-05-09 18:25:49
BIIB,2,sp500,Biogen,NYSE/NASDAQ,2026-05-09 18:25:49
BK,2,sp500,BNY Mellon,NYSE/NASDAQ,2026-05-09 18:25:49
BKNG,2,sp500,Booking Holdings,NYSE/NASDAQ,2026-05-09 18:25:49
BKR,2,sp500,Baker Hughes,NYSE/NASDAQ,2026-05-09 18:25:49
BLDR,2,sp500,Builders FirstSource,NYSE/NASDAQ,2026-05-09 18:25:49
BLK,2,sp500,BlackRock,NYSE/NASDAQ,2026-05-09 18:25:49
BMY,2,sp500,Bristol Myers Squibb,NYSE/NASDAQ,2026-05-09 18:25:49
BR,2,sp500,Broadridge Financial Solutions,NYSE/NASDAQ,2026-05-09 18:25:49
BRK.B,2,sp500,Berkshire Hathaway,NYSE/NASDAQ,2026-05-09 18:25:49
BRO,2,sp500,Brown & Brown,NYSE/NASDAQ,2026-05-09 18:25:49
BSX,2,sp500,Boston Scientific,NYSE/NASDAQ,2026-05-09 18:25:49
BX,2,sp500,Blackstone Inc.,NYSE/NASDAQ,2026-05-09 18:25:49
BXP,2,sp500,"BXP, Inc.",NYSE/NASDAQ,2026-05-09 18:25:49
C,2,sp500,Citigroup,NYSE/NASDAQ,2026-05-09 18:25:49
CAG,2,sp500,Conagra Brands,NYSE/NASDAQ,2026-05-09 18:25:49
CAH,2,sp500,Cardinal Health,NYSE/NASDAQ,2026-05-09 18:25:49
CARR,2,sp500,Carrier Global,NYSE/NASDAQ,2026-05-09 18:25:49
CASY,2,sp500,Casey's,NYSE/NASDAQ,2026-05-09 18:25:49
CAT,2,sp500,Caterpillar Inc.,NYSE/NASDAQ,2026-05-09 18:25:49
CB,2,sp500,Chubb Limited,NYSE/NASDAQ,2026-05-09 18:25:49
CBOE,2,sp500,Cboe Global Markets,NYSE/NASDAQ,2026-05-09 18:25:49
CBRE,2,sp500,CBRE Group,NYSE/NASDAQ,2026-05-09 18:25:49
CCI,2,sp500,Crown Castle,NYSE/NASDAQ,2026-05-09 18:25:49
CCL,2,sp500,Carnival,NYSE/NASDAQ,2026-05-09 18:25:49
CDNS,2,sp500,Cadence Design Systems,NYSE/NASDAQ,2026-05-09 18:25:49
CDW,2,sp500,CDW Corporation,NYSE/NASDAQ,2026-05-09 18:25:49
CEG,2,sp500,Constellation Energy,NYSE/NASDAQ,2026-05-09 18:25:49
CF,2,sp500,CF Industries,NYSE/NASDAQ,2026-05-09 18:25:49
CFG,2,sp500,Citizens Financial Group,NYSE/NASDAQ,2026-05-09 18:25:49
CHD,2,sp500,Church & Dwight,NYSE/NASDAQ,2026-05-09 18:25:49
CHRW,2,sp500,C.H. Robinson,NYSE/NASDAQ,2026-05-09 18:25:49
CHTR,2,sp500,Charter Communications,NYSE/NASDAQ,2026-05-09 18:25:49
CI,2,sp500,Cigna,NYSE/NASDAQ,2026-05-09 18:25:49
CIEN,2,sp500,Ciena,NYSE/NASDAQ,2026-05-09 18:25:49
CINF,2,sp500,Cincinnati Financial,NYSE/NASDAQ,2026-05-09 18:25:49
CL,2,sp500,Colgate-Palmolive,NYSE/NASDAQ,2026-05-09 18:25:49
CLX,2,sp500,Clorox,NYSE/NASDAQ,2026-05-09 18:25:49
CMCSA,2,sp500,Comcast,NYSE/NASDAQ,2026-05-09 18:25:49
CME,2,sp500,CME Group,NYSE/NASDAQ,2026-05-09 18:25:49
CMG,2,sp500,Chipotle Mexican Grill,NYSE/NASDAQ,2026-05-09 18:25:49
CMI,2,sp500,Cummins,NYSE/NASDAQ,2026-05-09 18:25:49
CMS,2,sp500,CMS Energy,NYSE/NASDAQ,2026-05-09 18:25:49
CNC,2,sp500,Centene Corporation,NYSE/NASDAQ,2026-05-09 18:25:49
CNP,2,sp500,CenterPoint Energy,NYSE/NASDAQ,2026-05-09 18:25:49
COF,2,sp500,Capital One,NYSE/NASDAQ,2026-05-09 18:25:49
COHR,2,sp500,Coherent Corp.,NYSE/NASDAQ,2026-05-09 18:25:49
COO,2,sp500,Cooper Companies (The),NYSE/NASDAQ,2026-05-09 18:25:49
COP,2,sp500,ConocoPhillips,NYSE/NASDAQ,2026-05-09 18:25:49
COR,2,sp500,Cencora,NYSE/NASDAQ,2026-05-09 18:25:49
COST,2,sp500,Costco,NYSE/NASDAQ,2026-05-09 18:25:49
CPAY,2,sp500,Corpay,NYSE/NASDAQ,2026-05-09 18:25:49
CPB,2,sp500,Campbell's Company (The),NYSE/NASDAQ,2026-05-09 18:25:49
CPRT,2,sp500,Copart,NYSE/NASDAQ,2026-05-09 18:25:49
CPT,2,sp500,Camden Property Trust,NYSE/NASDAQ,2026-05-09 18:25:49
CRH,2,sp500,CRH plc,NYSE/NASDAQ,2026-05-09 18:25:49
CRL,2,sp500,Charles River Laboratories,NYSE/NASDAQ,2026-05-09 18:25:49
CRM,2,sp500,Salesforce,NYSE/NASDAQ,2026-05-09 18:25:49
CRWD,2,sp500,CrowdStrike,NYSE/NASDAQ,2026-05-09 18:25:49
CSCO,2,sp500,Cisco,NYSE/NASDAQ,2026-05-09 18:25:49
CSGP,2,sp500,CoStar Group,NYSE/NASDAQ,2026-05-09 18:25:49
CSX,2,sp500,CSX Corporation,NYSE/NASDAQ,2026-05-09 18:25:49
CTAS,2,sp500,Cintas,NYSE/NASDAQ,2026-05-09 18:25:49
CTSH,2,sp500,Cognizant,NYSE/NASDAQ,2026-05-09 18:25:49
CTVA,2,sp500,Corteva,NYSE/NASDAQ,2026-05-09 18:25:49
CVNA,2,sp500,Carvana,NYSE/NASDAQ,2026-05-09 18:25:49
CVS,2,sp500,CVS Health,NYSE/NASDAQ,2026-05-09 18:25:49
CVX,2,sp500,Chevron Corporation,NYSE/NASDAQ,2026-05-09 18:25:49
D,2,sp500,Dominion Energy,NYSE/NASDAQ,2026-05-09 18:25:49
DAL,2,sp500,Delta Air Lines,NYSE/NASDAQ,2026-05-09 18:25:49
DASH,2,sp500,DoorDash,NYSE/NASDAQ,2026-05-09 18:25:49
DD,2,sp500,DuPont,NYSE/NASDAQ,2026-05-09 18:25:49
DDOG,2,sp500,Datadog,NYSE/NASDAQ,2026-05-09 18:25:49
DE,2,sp500,Deere & Company,NYSE/NASDAQ,2026-05-09 18:25:49
DECK,2,sp500,Deckers Brands,NYSE/NASDAQ,2026-05-09 18:25:49
DELL,2,sp500,Dell Technologies,NYSE/NASDAQ,2026-05-09 18:25:49
DG,2,sp500,Dollar General,NYSE/NASDAQ,2026-05-09 18:25:49
DGX,2,sp500,Quest Diagnostics,NYSE/NASDAQ,2026-05-09 18:25:49
DHI,2,sp500,D. R. Horton,NYSE/NASDAQ,2026-05-09 18:25:49
DHR,2,sp500,Danaher Corporation,NYSE/NASDAQ,2026-05-09 18:25:49
DIS,2,sp500,Walt Disney Company (The),NYSE/NASDAQ,2026-05-09 18:25:49
DLR,2,sp500,Digital Realty,NYSE/NASDAQ,2026-05-09 18:25:49
DLTR,2,sp500,Dollar Tree,NYSE/NASDAQ,2026-05-09 18:25:49
DOC,2,sp500,Healthpeak Properties,NYSE/NASDAQ,2026-05-09 18:25:49
DOV,2,sp500,Dover Corporation,NYSE/NASDAQ,2026-05-09 18:25:49
DOW,2,sp500,Dow Inc.,NYSE/NASDAQ,2026-05-09 18:25:49
DPZ,2,sp500,Domino's,NYSE/NASDAQ,2026-05-09 18:25:49
DRI,2,sp500,Darden Restaurants,NYSE/NASDAQ,2026-05-09 18:25:49
DTE,2,sp500,DTE Energy,NYSE/NASDAQ,2026-05-09 18:25:49
DUK,2,sp500,Duke Energy,NYSE/NASDAQ,2026-05-09 18:25:49
DVA,2,sp500,DaVita,NYSE/NASDAQ,2026-05-09 18:25:49
DVN,2,sp500,Devon Energy,NYSE/NASDAQ,2026-05-09 18:25:49
DXCM,2,sp500,Dexcom,NYSE/NASDAQ,2026-05-09 18:25:49
EA,2,sp500,Electronic Arts,NYSE/NASDAQ,2026-05-09 18:25:49
EBAY,2,sp500,eBay Inc.,NYSE/NASDAQ,2026-05-09 18:25:49
ECL,2,sp500,Ecolab,NYSE/NASDAQ,2026-05-09 18:25:49
ED,2,sp500,Consolidated Edison,NYSE/NASDAQ,2026-05-09 18:25:49
EFX,2,sp500,Equifax,NYSE/NASDAQ,2026-05-09 18:25:49
EG,2,sp500,Everest Group,NYSE/NASDAQ,2026-05-09 18:25:49
EIX,2,sp500,Edison International,NYSE/NASDAQ,2026-05-09 18:25:49
EL,2,sp500,Estée Lauder Companies (The),NYSE/NASDAQ,2026-05-09 18:25:49
ELV,2,sp500,Elevance Health,NYSE/NASDAQ,2026-05-09 18:25:49
EME,2,sp500,Emcor,NYSE/NASDAQ,2026-05-09 18:25:49
EMR,2,sp500,Emerson Electric,NYSE/NASDAQ,2026-05-09 18:25:49
EOG,2,sp500,EOG Resources,NYSE/NASDAQ,2026-05-09 18:25:49
EPAM,2,sp500,EPAM Systems,NYSE/NASDAQ,2026-05-09 18:25:49
EQIX,2,sp500,Equinix,NYSE/NASDAQ,2026-05-09 18:25:49
EQR,2,sp500,Equity Residential,NYSE/NASDAQ,2026-05-09 18:25:49
EQT,2,sp500,EQT Corporation,NYSE/NASDAQ,2026-05-09 18:25:49
ERIE,2,sp500,Erie Indemnity,NYSE/NASDAQ,2026-05-09 18:25:49
ES,2,sp500,Eversource Energy,NYSE/NASDAQ,2026-05-09 18:25:49
ESS,2,sp500,Essex Property Trust,NYSE/NASDAQ,2026-05-09 18:25:49
ETN,2,sp500,Eaton Corporation,NYSE/NASDAQ,2026-05-09 18:25:49
ETR,2,sp500,Entergy,NYSE/NASDAQ,2026-05-09 18:25:49
EVRG,2,sp500,Evergy,NYSE/NASDAQ,2026-05-09 18:25:49
EW,2,sp500,Edwards Lifesciences,NYSE/NASDAQ,2026-05-09 18:25:49
EXC,2,sp500,Exelon,NYSE/NASDAQ,2026-05-09 18:25:49
EXE,2,sp500,Expand Energy,NYSE/NASDAQ,2026-05-09 18:25:49
EXPD,2,sp500,Expeditors International,NYSE/NASDAQ,2026-05-09 18:25:49
EXPE,2,sp500,Expedia Group,NYSE/NASDAQ,2026-05-09 18:25:49
EXR,2,sp500,Extra Space Storage,NYSE/NASDAQ,2026-05-09 18:25:49
F,2,sp500,Ford Motor Company,NYSE/NASDAQ,2026-05-09 18:25:49
FANG,2,sp500,Diamondback Energy,NYSE/NASDAQ,2026-05-09 18:25:49
FAST,2,sp500,Fastenal,NYSE/NASDAQ,2026-05-09 18:25:49
FCX,2,sp500,Freeport-McMoRan,NYSE/NASDAQ,2026-05-09 18:25:49
FDS,2,sp500,FactSet,NYSE/NASDAQ,2026-05-09 18:25:49
FDX,2,sp500,FedEx,NYSE/NASDAQ,2026-05-09 18:25:49
FE,2,sp500,FirstEnergy,NYSE/NASDAQ,2026-05-09 18:25:49
FFIV,2,sp500,"F5, Inc.",NYSE/NASDAQ,2026-05-09 18:25:49
FICO,2,sp500,Fair Isaac,NYSE/NASDAQ,2026-05-09 18:25:49
FIS,2,sp500,Fidelity National Information Services,NYSE/NASDAQ,2026-05-09 18:25:49
FISV,2,sp500,Fiserv,NYSE/NASDAQ,2026-05-09 18:25:49
FITB,2,sp500,Fifth Third Bancorp,NYSE/NASDAQ,2026-05-09 18:25:49
FIX,2,sp500,Comfort Systems USA,NYSE/NASDAQ,2026-05-09 18:25:49
FOX,2,sp500,Fox Corporation (Class B),NYSE/NASDAQ,2026-05-09 18:25:49
FOXA,2,sp500,Fox Corporation (Class A),NYSE/NASDAQ,2026-05-09 18:25:49
FRT,2,sp500,Federal Realty Investment Trust,NYSE/NASDAQ,2026-05-09 18:25:49
FSLR,2,sp500,First Solar,NYSE/NASDAQ,2026-05-09 18:25:49
FTNT,2,sp500,Fortinet,NYSE/NASDAQ,2026-05-09 18:25:49
FTV,2,sp500,Fortive,NYSE/NASDAQ,2026-05-09 18:25:49
GD,2,sp500,General Dynamics,NYSE/NASDAQ,2026-05-09 18:25:49
GDDY,2,sp500,GoDaddy,NYSE/NASDAQ,2026-05-09 18:25:49
GE,2,sp500,GE Aerospace,NYSE/NASDAQ,2026-05-09 18:25:49
GEHC,2,sp500,GE HealthCare,NYSE/NASDAQ,2026-05-09 18:25:49
GEN,2,sp500,Gen Digital,NYSE/NASDAQ,2026-05-09 18:25:49
GEV,2,sp500,GE Vernova,NYSE/NASDAQ,2026-05-09 18:25:49
GILD,2,sp500,Gilead Sciences,NYSE/NASDAQ,2026-05-09 18:25:49
GIS,2,sp500,General Mills,NYSE/NASDAQ,2026-05-09 18:25:49
GL,2,sp500,Globe Life,NYSE/NASDAQ,2026-05-09 18:25:49
GLW,2,sp500,Corning Inc.,NYSE/NASDAQ,2026-05-09 18:25:49
GM,2,sp500,General Motors,NYSE/NASDAQ,2026-05-09 18:25:49
GNRC,2,sp500,Generac,NYSE/NASDAQ,2026-05-09 18:25:49
GOOG,2,sp500,Alphabet Inc. (Class C),NYSE/NASDAQ,2026-05-09 18:25:49
GPC,2,sp500,Genuine Parts Company,NYSE/NASDAQ,2026-05-09 18:25:49
GPN,2,sp500,Global Payments,NYSE/NASDAQ,2026-05-09 18:25:49
GRMN,2,sp500,Garmin,NYSE/NASDAQ,2026-05-09 18:25:49
GS,2,sp500,Goldman Sachs,NYSE/NASDAQ,2026-05-09 18:25:49
GWW,2,sp500,W. W. Grainger,NYSE/NASDAQ,2026-05-09 18:25:49
HAL,2,sp500,Halliburton,NYSE/NASDAQ,2026-05-09 18:25:49
HAS,2,sp500,Hasbro,NYSE/NASDAQ,2026-05-09 18:25:49
HBAN,2,sp500,Huntington Bancshares,NYSE/NASDAQ,2026-05-09 18:25:49
HCA,2,sp500,HCA Healthcare,NYSE/NASDAQ,2026-05-09 18:25:49
HD,2,sp500,Home Depot (The),NYSE/NASDAQ,2026-05-09 18:25:49
HIG,2,sp500,Hartford (The),NYSE/NASDAQ,2026-05-09 18:25:49
HII,2,sp500,Huntington Ingalls Industries,NYSE/NASDAQ,2026-05-09 18:25:49
HLT,2,sp500,Hilton Worldwide,NYSE/NASDAQ,2026-05-09 18:25:49
HON,2,sp500,Honeywell,NYSE/NASDAQ,2026-05-09 18:25:49
HOOD,2,sp500,Robinhood Markets,NYSE/NASDAQ,2026-05-09 18:25:49
HPE,2,sp500,Hewlett Packard Enterprise,NYSE/NASDAQ,2026-05-09 18:25:49
HPQ,2,sp500,HP Inc.,NYSE/NASDAQ,2026-05-09 18:25:49
HRL,2,sp500,Hormel Foods,NYSE/NASDAQ,2026-05-09 18:25:49
HSIC,2,sp500,Henry Schein,NYSE/NASDAQ,2026-05-09 18:25:49
HST,2,sp500,Host Hotels & Resorts,NYSE/NASDAQ,2026-05-09 18:25:49
HSY,2,sp500,Hershey Company (The),NYSE/NASDAQ,2026-05-09 18:25:49
HUBB,2,sp500,Hubbell Incorporated,NYSE/NASDAQ,2026-05-09 18:25:49
HUM,2,sp500,Humana,NYSE/NASDAQ,2026-05-09 18:25:49
HWM,2,sp500,Howmet Aerospace,NYSE/NASDAQ,2026-05-09 18:25:49
IBKR,2,sp500,Interactive Brokers,NYSE/NASDAQ,2026-05-09 18:25:49
IBM,2,sp500,IBM,NYSE/NASDAQ,2026-05-09 18:25:49
ICE,2,sp500,Intercontinental Exchange,NYSE/NASDAQ,2026-05-09 18:25:49
IDXX,2,sp500,Idexx Laboratories,NYSE/NASDAQ,2026-05-09 18:25:49
IEX,2,sp500,IDEX Corporation,NYSE/NASDAQ,2026-05-09 18:25:49
IFF,2,sp500,International Flavors & Fragrances,NYSE/NASDAQ,2026-05-09 18:25:49
INCY,2,sp500,Incyte,NYSE/NASDAQ,2026-05-09 18:25:49
INTU,2,sp500,Intuit,NYSE/NASDAQ,2026-05-09 18:25:49
INVH,2,sp500,Invitation Homes,NYSE/NASDAQ,2026-05-09 18:25:49
IP,2,sp500,International Paper,NYSE/NASDAQ,2026-05-09 18:25:49
IQV,2,sp500,IQVIA,NYSE/NASDAQ,2026-05-09 18:25:49
IR,2,sp500,Ingersoll Rand,NYSE/NASDAQ,2026-05-09 18:25:49
IRM,2,sp500,Iron Mountain,NYSE/NASDAQ,2026-05-09 18:25:49
ISRG,2,sp500,Intuitive Surgical,NYSE/NASDAQ,2026-05-09 18:25:49
IT,2,sp500,Gartner,NYSE/NASDAQ,2026-05-09 18:25:49
ITW,2,sp500,Illinois Tool Works,NYSE/NASDAQ,2026-05-09 18:25:49
IVZ,2,sp500,Invesco,NYSE/NASDAQ,2026-05-09 18:25:49
J,2,sp500,Jacobs Solutions,NYSE/NASDAQ,2026-05-09 18:25:49
JBHT,2,sp500,J.B. Hunt,NYSE/NASDAQ,2026-05-09 18:25:49
JBL,2,sp500,Jabil,NYSE/NASDAQ,2026-05-09 18:25:49
JCI,2,sp500,Johnson Controls,NYSE/NASDAQ,2026-05-09 18:25:49
JKHY,2,sp500,Jack Henry & Associates,NYSE/NASDAQ,2026-05-09 18:25:49
JNJ,2,sp500,Johnson & Johnson,NYSE/NASDAQ,2026-05-09 18:25:49
JPM,2,sp500,JPMorgan Chase,NYSE/NASDAQ,2026-05-09 18:25:49
KDP,2,sp500,Keurig Dr Pepper,NYSE/NASDAQ,2026-05-09 18:25:49
KEY,2,sp500,KeyCorp,NYSE/NASDAQ,2026-05-09 18:25:49
KEYS,2,sp500,Keysight Technologies,NYSE/NASDAQ,2026-05-09 18:25:49
KHC,2,sp500,Kraft Heinz,NYSE/NASDAQ,2026-05-09 18:25:49
KIM,2,sp500,Kimco Realty,NYSE/NASDAQ,2026-05-09 18:25:49
KKR,2,sp500,KKR & Co.,NYSE/NASDAQ,2026-05-09 18:25:49
KLAC,2,sp500,KLA Corporation,NYSE/NASDAQ,2026-05-09 18:25:49
KMB,2,sp500,Kimberly-Clark,NYSE/NASDAQ,2026-05-09 18:25:49
KMI,2,sp500,Kinder Morgan,NYSE/NASDAQ,2026-05-09 18:25:49
KO,2,sp500,Coca-Cola Company (The),NYSE/NASDAQ,2026-05-09 18:25:49
KR,2,sp500,Kroger,NYSE/NASDAQ,2026-05-09 18:25:49
KVUE,2,sp500,Kenvue,NYSE/NASDAQ,2026-05-09 18:25:49
L,2,sp500,Loews Corporation,NYSE/NASDAQ,2026-05-09 18:25:49
LDOS,2,sp500,Leidos,NYSE/NASDAQ,2026-05-09 18:25:49
LEN,2,sp500,Lennar,NYSE/NASDAQ,2026-05-09 18:25:49
LH,2,sp500,Labcorp,NYSE/NASDAQ,2026-05-09 18:25:49
LHX,2,sp500,L3Harris,NYSE/NASDAQ,2026-05-09 18:25:49
LII,2,sp500,Lennox International,NYSE/NASDAQ,2026-05-09 18:25:49
LIN,2,sp500,Linde plc,NYSE/NASDAQ,2026-05-09 18:25:49
LITE,2,sp500,Lumentum,NYSE/NASDAQ,2026-05-09 18:25:49
LLY,2,sp500,Lilly (Eli),NYSE/NASDAQ,2026-05-09 18:25:49
LMT,2,sp500,Lockheed Martin,NYSE/NASDAQ,2026-05-09 18:25:49
LNT,2,sp500,Alliant Energy,NYSE/NASDAQ,2026-05-09 18:25:49
LOW,2,sp500,Lowe's,NYSE/NASDAQ,2026-05-09 18:25:49
LRCX,2,sp500,Lam Research,NYSE/NASDAQ,2026-05-09 18:25:49
LULU,2,sp500,Lululemon Athletica,NYSE/NASDAQ,2026-05-09 18:25:49
LUV,2,sp500,Southwest Airlines,NYSE/NASDAQ,2026-05-09 18:25:49
LVS,2,sp500,Las Vegas Sands,NYSE/NASDAQ,2026-05-09 18:25:49
LYB,2,sp500,LyondellBasell,NYSE/NASDAQ,2026-05-09 18:25:49
LYV,2,sp500,Live Nation Entertainment,NYSE/NASDAQ,2026-05-09 18:25:49
MA,2,sp500,Mastercard,NYSE/NASDAQ,2026-05-09 18:25:49
MAA,2,sp500,Mid-America Apartment Communities,NYSE/NASDAQ,2026-05-09 18:25:49
MAR,2,sp500,Marriott International,NYSE/NASDAQ,2026-05-09 18:25:49
MAS,2,sp500,Masco,NYSE/NASDAQ,2026-05-09 18:25:49
MCD,2,sp500,McDonald's,NYSE/NASDAQ,2026-05-09 18:25:49
MCHP,2,sp500,Microchip Technology,NYSE/NASDAQ,2026-05-09 18:25:49
MCK,2,sp500,McKesson Corporation,NYSE/NASDAQ,2026-05-09 18:25:49
MCO,2,sp500,Moody's Corporation,NYSE/NASDAQ,2026-05-09 18:25:49
MDLZ,2,sp500,Mondelez International,NYSE/NASDAQ,2026-05-09 18:25:49
MDT,2,sp500,Medtronic,NYSE/NASDAQ,2026-05-09 18:25:49
MET,2,sp500,MetLife,NYSE/NASDAQ,2026-05-09 18:25:49
MGM,2,sp500,MGM Resorts,NYSE/NASDAQ,2026-05-09 18:25:49
MKC,2,sp500,McCormick & Company,NYSE/NASDAQ,2026-05-09 18:25:49
MLM,2,sp500,Martin Marietta Materials,NYSE/NASDAQ,2026-05-09 18:25:49
MMM,2,sp500,3M,NYSE/NASDAQ,2026-05-09 18:25:49
MNST,2,sp500,Monster Beverage,NYSE/NASDAQ,2026-05-09 18:25:49
MO,2,sp500,Altria,NYSE/NASDAQ,2026-05-09 18:25:49
MOS,2,sp500,Mosaic Company (The),NYSE/NASDAQ,2026-05-09 18:25:49
MPC,2,sp500,Marathon Petroleum,NYSE/NASDAQ,2026-05-09 18:25:49
MPWR,2,sp500,Monolithic Power Systems,NYSE/NASDAQ,2026-05-09 18:25:49
MRK,2,sp500,Merck & Co.,NYSE/NASDAQ,2026-05-09 18:25:49
MRNA,2,sp500,Moderna,NYSE/NASDAQ,2026-05-09 18:25:49
MRSH,2,sp500,Marsh McLennan,NYSE/NASDAQ,2026-05-09 18:25:49
MS,2,sp500,Morgan Stanley,NYSE/NASDAQ,2026-05-09 18:25:49
MSCI,2,sp500,MSCI Inc.,NYSE/NASDAQ,2026-05-09 18:25:49
MSI,2,sp500,Motorola Solutions,NYSE/NASDAQ,2026-05-09 18:25:49
MTB,2,sp500,M&T Bank,NYSE/NASDAQ,2026-05-09 18:25:49
MTD,2,sp500,Mettler Toledo,NYSE/NASDAQ,2026-05-09 18:25:49
NCLH,2,sp500,Norwegian Cruise Line Holdings,NYSE/NASDAQ,2026-05-09 18:25:49
NDAQ,2,sp500,"Nasdaq, Inc.",NYSE/NASDAQ,2026-05-09 18:25:49
NDSN,2,sp500,Nordson Corporation,NYSE/NASDAQ,2026-05-09 18:25:49
NEE,2,sp500,NextEra Energy,NYSE/NASDAQ,2026-05-09 18:25:49
NEM,2,sp500,Newmont,NYSE/NASDAQ,2026-05-09 18:25:49
NFLX,2,sp500,Netflix,NYSE/NASDAQ,2026-05-09 18:25:49
NI,2,sp500,NiSource,NYSE/NASDAQ,2026-05-09 18:25:49
NKE,2,sp500,"Nike, Inc.",NYSE/NASDAQ,2026-05-09 18:25:49
NOC,2,sp500,Northrop Grumman,NYSE/NASDAQ,2026-05-09 18:25:49
NOW,2,sp500,ServiceNow,NYSE/NASDAQ,2026-05-09 18:25:49
NRG,2,sp500,NRG Energy,NYSE/NASDAQ,2026-05-09 18:25:49
NSC,2,sp500,Norfolk Southern,NYSE/NASDAQ,2026-05-09 18:25:49
NTAP,2,sp500,NetApp,NYSE/NASDAQ,2026-05-09 18:25:49
NTRS,2,sp500,Northern Trust,NYSE/NASDAQ,2026-05-09 18:25:49
NUE,2,sp500,Nucor,NYSE/NASDAQ,2026-05-09 18:25:49
NVR,2,sp500,"NVR, Inc.",NYSE/NASDAQ,2026-05-09 18:25:49
NWS,2,sp500,News Corp (Class B),NYSE/NASDAQ,2026-05-09 18:25:49
NWSA,2,sp500,News Corp (Class A),NYSE/NASDAQ,2026-05-09 18:25:49
NXPI,2,sp500,NXP Semiconductors,NYSE/NASDAQ,2026-05-09 18:25:49
O,2,sp500,Realty Income,NYSE/NASDAQ,2026-05-09 18:25:49
ODFL,2,sp500,Old Dominion,NYSE/NASDAQ,2026-05-09 18:25:49
OKE,2,sp500,Oneok,NYSE/NASDAQ,2026-05-09 18:25:49
OMC,2,sp500,Omnicom Group,NYSE/NASDAQ,2026-05-09 18:25:49
ON,2,sp500,ON Semiconductor,NYSE/NASDAQ,2026-05-09 18:25:49
ORCL,2,sp500,Oracle Corporation,NYSE/NASDAQ,2026-05-09 18:25:49
ORLY,2,sp500,O’Reilly Automotive,NYSE/NASDAQ,2026-05-09 18:25:49
OTIS,2,sp500,Otis Worldwide,NYSE/NASDAQ,2026-05-09 18:25:49
OXY,2,sp500,Occidental Petroleum,NYSE/NASDAQ,2026-05-09 18:25:49
PANW,2,sp500,Palo Alto Networks,NYSE/NASDAQ,2026-05-09 18:25:49
PAYX,2,sp500,Paychex,NYSE/NASDAQ,2026-05-09 18:25:49
PCAR,2,sp500,Paccar,NYSE/NASDAQ,2026-05-09 18:25:49
PCG,2,sp500,PG&E Corporation,NYSE/NASDAQ,2026-05-09 18:25:49
PEG,2,sp500,Public Service Enterprise Group,NYSE/NASDAQ,2026-05-09 18:25:49
PEP,2,sp500,PepsiCo,NYSE/NASDAQ,2026-05-09 18:25:49
PFE,2,sp500,Pfizer,NYSE/NASDAQ,2026-05-09 18:25:49
PFG,2,sp500,Principal Financial Group,NYSE/NASDAQ,2026-05-09 18:25:49
PG,2,sp500,Procter & Gamble,NYSE/NASDAQ,2026-05-09 18:25:49
PGR,2,sp500,Progressive Corporation,NYSE/NASDAQ,2026-05-09 18:25:49
PH,2,sp500,Parker Hannifin,NYSE/NASDAQ,2026-05-09 18:25:49
PHM,2,sp500,PulteGroup,NYSE/NASDAQ,2026-05-09 18:25:49
PKG,2,sp500,Packaging Corporation of America,NYSE/NASDAQ,2026-05-09 18:25:49
PLD,2,sp500,Prologis,NYSE/NASDAQ,2026-05-09 18:25:49
PLTR,2,sp500,Palantir Technologies,NYSE/NASDAQ,2026-05-09 18:25:49
PM,2,sp500,Philip Morris International,NYSE/NASDAQ,2026-05-09 18:25:49
PNC,2,sp500,PNC Financial Services,NYSE/NASDAQ,2026-05-09 18:25:49
PNR,2,sp500,Pentair,NYSE/NASDAQ,2026-05-09 18:25:49
PNW,2,sp500,Pinnacle West Capital,NYSE/NASDAQ,2026-05-09 18:25:49
PODD,2,sp500,Insulet Corporation,NYSE/NASDAQ,2026-05-09 18:25:49
POOL,2,sp500,Pool Corporation,NYSE/NASDAQ,2026-05-09 18:25:49
PPG,2,sp500,PPG Industries,NYSE/NASDAQ,2026-05-09 18:25:49
PPL,2,sp500,PPL Corporation,NYSE/NASDAQ,2026-05-09 18:25:49
PRU,2,sp500,Prudential Financial,NYSE/NASDAQ,2026-05-09 18:25:49
PSA,2,sp500,Public Storage,NYSE/NASDAQ,2026-05-09 18:25:49
PSKY,2,sp500,Paramount Skydance Corporation,NYSE/NASDAQ,2026-05-09 18:25:49
PSX,2,sp500,Phillips 66,NYSE/NASDAQ,2026-05-09 18:25:49
PTC,2,sp500,PTC Inc.,NYSE/NASDAQ,2026-05-09 18:25:49
PWR,2,sp500,Quanta Services,NYSE/NASDAQ,2026-05-09 18:25:49
PYPL,2,sp500,PayPal,NYSE/NASDAQ,2026-05-09 18:25:49
Q,2,sp500,Qnity Electronics,NYSE/NASDAQ,2026-05-09 18:25:49
QCOM,2,sp500,Qualcomm,NYSE/NASDAQ,2026-05-09 18:25:49
RCL,2,sp500,Royal Caribbean Group,NYSE/NASDAQ,2026-05-09 18:25:49
REG,2,sp500,Regency Centers,NYSE/NASDAQ,2026-05-09 18:25:49
REGN,2,sp500,Regeneron Pharmaceuticals,NYSE/NASDAQ,2026-05-09 18:25:49
RF,2,sp500,Regions Financial Corporation,NYSE/NASDAQ,2026-05-09 18:25:49
RJF,2,sp500,Raymond James Financial,NYSE/NASDAQ,2026-05-09 18:25:49
RL,2,sp500,Ralph Lauren Corporation,NYSE/NASDAQ,2026-05-09 18:25:49
RMD,2,sp500,ResMed,NYSE/NASDAQ,2026-05-09 18:25:49
ROK,2,sp500,Rockwell Automation,NYSE/NASDAQ,2026-05-09 18:25:49
ROL,2,sp500,"Rollins, Inc.",NYSE/NASDAQ,2026-05-09 18:25:49
ROP,2,sp500,Roper Technologies,NYSE/NASDAQ,2026-05-09 18:25:49
ROST,2,sp500,Ross Stores,NYSE/NASDAQ,2026-05-09 18:25:49
RSG,2,sp500,Republic Services,NYSE/NASDAQ,2026-05-09 18:25:49
RTX,2,sp500,RTX Corporation,NYSE/NASDAQ,2026-05-09 18:25:49
RVTY,2,sp500,Revvity,NYSE/NASDAQ,2026-05-09 18:25:49
SATS,2,sp500,EchoStar,NYSE/NASDAQ,2026-05-09 18:25:49
SBAC,2,sp500,SBA Communications,NYSE/NASDAQ,2026-05-09 18:25:49
SBUX,2,sp500,Starbucks,NYSE/NASDAQ,2026-05-09 18:25:49
SCHW,2,sp500,Charles Schwab Corporation,NYSE/NASDAQ,2026-05-09 18:25:49
SHW,2,sp500,Sherwin-Williams,NYSE/NASDAQ,2026-05-09 18:25:49
SJM,2,sp500,J.M. Smucker Company (The),NYSE/NASDAQ,2026-05-09 18:25:49
SLB,2,sp500,Schlumberger,NYSE/NASDAQ,2026-05-09 18:25:49
SNA,2,sp500,Snap-on,NYSE/NASDAQ,2026-05-09 18:25:49
SNDK,2,sp500,Sandisk,NYSE/NASDAQ,2026-05-09 18:25:49
SNPS,2,sp500,Synopsys,NYSE/NASDAQ,2026-05-09 18:25:49
SO,2,sp500,Southern Company,NYSE/NASDAQ,2026-05-09 18:25:49
SOLV,2,sp500,Solventum,NYSE/NASDAQ,2026-05-09 18:25:49
SPG,2,sp500,Simon Property Group,NYSE/NASDAQ,2026-05-09 18:25:49
SPGI,2,sp500,S&P Global,NYSE/NASDAQ,2026-05-09 18:25:49
SRE,2,sp500,Sempra,NYSE/NASDAQ,2026-05-09 18:25:49
STE,2,sp500,Steris,NYSE/NASDAQ,2026-05-09 18:25:49
STLD,2,sp500,Steel Dynamics,NYSE/NASDAQ,2026-05-09 18:25:49
STT,2,sp500,State Street Corporation,NYSE/NASDAQ,2026-05-09 18:25:49
STX,2,sp500,Seagate Technology,NYSE/NASDAQ,2026-05-09 18:25:49
STZ,2,sp500,Constellation Brands,NYSE/NASDAQ,2026-05-09 18:25:49
SW,2,sp500,Smurfit Westrock,NYSE/NASDAQ,2026-05-09 18:25:49
SWK,2,sp500,Stanley Black & Decker,NYSE/NASDAQ,2026-05-09 18:25:49
SWKS,2,sp500,Skyworks Solutions,NYSE/NASDAQ,2026-05-09 18:25:49
SYF,2,sp500,Synchrony Financial,NYSE/NASDAQ,2026-05-09 18:25:49
SYK,2,sp500,Stryker Corporation,NYSE/NASDAQ,2026-05-09 18:25:49
SYY,2,sp500,Sysco,NYSE/NASDAQ,2026-05-09 18:25:49
T,2,sp500,AT&T,NYSE/NASDAQ,2026-05-09 18:25:49
TAP,2,sp500,Molson Coors Beverage Company,NYSE/NASDAQ,2026-05-09 18:25:49
TDG,2,sp500,TransDigm Group,NYSE/NASDAQ,2026-05-09 18:25:49
TDY,2,sp500,Teledyne Technologies,NYSE/NASDAQ,2026-05-09 18:25:49
TECH,2,sp500,Bio-Techne,NYSE/NASDAQ,2026-05-09 18:25:49
TEL,2,sp500,TE Connectivity,NYSE/NASDAQ,2026-05-09 18:25:49
TER,2,sp500,Teradyne,NYSE/NASDAQ,2026-05-09 18:25:49
TFC,2,sp500,Truist Financial,NYSE/NASDAQ,2026-05-09 18:25:49
TGT,2,sp500,Target Corporation,NYSE/NASDAQ,2026-05-09 18:25:49
TJX,2,sp500,TJX Companies,NYSE/NASDAQ,2026-05-09 18:25:49
TKO,2,sp500,TKO Group Holdings,NYSE/NASDAQ,2026-05-09 18:25:49
TMO,2,sp500,Thermo Fisher Scientific,NYSE/NASDAQ,2026-05-09 18:25:49
TMUS,2,sp500,T-Mobile US,NYSE/NASDAQ,2026-05-09 18:25:49
TPL,2,sp500,Texas Pacific Land Corporation,NYSE/NASDAQ,2026-05-09 18:25:49
TPR,2,sp500,"Tapestry, Inc.",NYSE/NASDAQ,2026-05-09 18:25:49
TRGP,2,sp500,Targa Resources,NYSE/NASDAQ,2026-05-09 18:25:49
TRMB,2,sp500,Trimble Inc.,NYSE/NASDAQ,2026-05-09 18:25:49
TROW,2,sp500,T. Rowe Price,NYSE/NASDAQ,2026-05-09 18:25:49
TRV,2,sp500,Travelers Companies (The),NYSE/NASDAQ,2026-05-09 18:25:49
TSCO,2,sp500,Tractor Supply,NYSE/NASDAQ,2026-05-09 18:25:49
TSN,2,sp500,Tyson Foods,NYSE/NASDAQ,2026-05-09 18:25:49
TT,2,sp500,Trane Technologies,NYSE/NASDAQ,2026-05-09 18:25:49
TTD,2,sp500,Trade Desk (The),NYSE/NASDAQ,2026-05-09 18:25:49
TTWO,2,sp500,Take-Two Interactive,NYSE/NASDAQ,2026-05-09 18:25:49
TXN,2,sp500,Texas Instruments,NYSE/NASDAQ,2026-05-09 18:25:49
TXT,2,sp500,Textron,NYSE/NASDAQ,2026-05-09 18:25:49
TYL,2,sp500,Tyler Technologies,NYSE/NASDAQ,2026-05-09 18:25:49
UAL,2,sp500,United Airlines Holdings,NYSE/NASDAQ,2026-05-09 18:25:49
UBER,2,sp500,Uber,NYSE/NASDAQ,2026-05-09 18:25:49
UDR,2,sp500,"UDR, Inc.",NYSE/NASDAQ,2026-05-09 18:25:49
UHS,2,sp500,Universal Health Services,NYSE/NASDAQ,2026-05-09 18:25:49
ULTA,2,sp500,Ulta Beauty,NYSE/NASDAQ,2026-05-09 18:25:49
UNH,2,sp500,UnitedHealth Group,NYSE/NASDAQ,2026-05-09 18:25:49
UNP,2,sp500,Union Pacific Corporation,NYSE/NASDAQ,2026-05-09 18:25:49
UPS,2,sp500,United Parcel Service,NYSE/NASDAQ,2026-05-09 18:25:49
URI,2,sp500,United Rentals,NYSE/NASDAQ,2026-05-09 18:25:49
USB,2,sp500,U.S. Bancorp,NYSE/NASDAQ,2026-05-09 18:25:49
V,2,sp500,Visa Inc.,NYSE/NASDAQ,2026-05-09 18:25:49
VEEV,2,sp500,Veeva Systems,NYSE/NASDAQ,2026-05-09 18:25:49
VICI,2,sp500,Vici Properties,NYSE/NASDAQ,2026-05-09 18:25:49
VLO,2,sp500,Valero Energy,NYSE/NASDAQ,2026-05-09 18:25:49
VLTO,2,sp500,Veralto,NYSE/NASDAQ,2026-05-09 18:25:49
VMC,2,sp500,Vulcan Materials Company,NYSE/NASDAQ,2026-05-09 18:25:49
VRSK,2,sp500,Verisk Analytics,NYSE/NASDAQ,2026-05-09 18:25:49
VRSN,2,sp500,Verisign,NYSE/NASDAQ,2026-05-09 18:25:49
VRT,2,sp500,Vertiv,NYSE/NASDAQ,2026-05-09 18:25:49
VRTX,2,sp500,Vertex Pharmaceuticals,NYSE/NASDAQ,2026-05-09 18:25:49
VST,2,sp500,Vistra Corp.,NYSE/NASDAQ,2026-05-09 18:25:49
VTR,2,sp500,Ventas,NYSE/NASDAQ,2026-05-09 18:25:49
VTRS,2,sp500,Viatris,NYSE/NASDAQ,2026-05-09 18:25:49
VZ,2,sp500,Verizon,NYSE/NASDAQ,2026-05-09 18:25:49
WAB,2,sp500,Wabtec,NYSE/NASDAQ,2026-05-09 18:25:49
WAT,2,sp500,Waters Corporation,NYSE/NASDAQ,2026-05-09 18:25:49
WBD,2,sp500,Warner Bros. Discovery,NYSE/NASDAQ,2026-05-09 18:25:49
WDAY,2,sp500,"Workday, Inc.",NYSE/NASDAQ,2026-05-09 18:25:49
WDC,2,sp500,Western Digital,NYSE/NASDAQ,2026-05-09 18:25:49
WEC,2,sp500,WEC Energy Group,NYSE/NASDAQ,2026-05-09 18:25:49
WELL,2,sp500,Welltower,NYSE/NASDAQ,2026-05-09 18:25:49
WFC,2,sp500,Wells Fargo,NYSE/NASDAQ,2026-05-09 18:25:49
WM,2,sp500,Waste Management,NYSE/NASDAQ,2026-05-09 18:25:49
WMB,2,sp500,Williams Companies,NYSE/NASDAQ,2026-05-09 18:25:49
WMT,2,sp500,Walmart,NYSE/NASDAQ,2026-05-09 18:25:49
WRB,2,sp500,W. R. Berkley Corporation,NYSE/NASDAQ,2026-05-09 18:25:49
WSM,2,sp500,"Williams-Sonoma, Inc.",NYSE/NASDAQ,2026-05-09 18:25:49
WST,2,sp500,West Pharmaceutical Services,NYSE/NASDAQ,2026-05-09 18:25:49
WTW,2,sp500,Willis Towers Watson,NYSE/NASDAQ,2026-05-09 18:25:49
WY,2,sp500,Weyerhaeuser,NYSE/NASDAQ,2026-05-09 18:25:49
WYNN,2,sp500,Wynn Resorts,NYSE/NASDAQ,2026-05-09 18:25:49
XEL,2,sp500,Xcel Energy,NYSE/NASDAQ,2026-05-09 18:25:49
XOM,2,sp500,ExxonMobil,NYSE/NASDAQ,2026-05-09 18:25:49
XYL,2,sp500,Xylem Inc.,NYSE/NASDAQ,2026-05-09 18:25:49
XYZ,2,sp500,"Block, Inc.",NYSE/NASDAQ,2026-05-09 18:25:49
YUM,2,sp500,Yum! Brands,NYSE/NASDAQ,2026-05-09 18:25:49
ZBH,2,sp500,Zimmer Biomet,NYSE/NASDAQ,2026-05-09 18:25:49
ZBRA,2,sp500,Zebra Technologies,NYSE/NASDAQ,2026-05-09 18:25:49
ZTS,2,sp500,Zoetis,NYSE/NASDAQ,2026-05-09 18:25:49
AA,3,sp400_midcap,Alcoa,NYSE/NASDAQ,2026-05-09 18:25:49
AAL,3,sp400_midcap,American Airlines Group,NYSE/NASDAQ,2026-05-09 18:25:49
AAON,3,sp400_midcap,AAON,NYSE/NASDAQ,2026-05-09 18:25:49
ACI,3,sp400_midcap,Albertsons,NYSE/NASDAQ,2026-05-09 18:25:49
ACM,3,sp400_midcap,AECOM,NYSE/NASDAQ,2026-05-09 18:25:49
ADC,3,sp400_midcap,Agree Realty,NYSE/NASDAQ,2026-05-09 18:25:49
AEIS,3,sp400_midcap,Advanced Energy,NYSE/NASDAQ,2026-05-09 18:25:49
AFG,3,sp400_midcap,American Financial Group,NYSE/NASDAQ,2026-05-09 18:25:49
AGCO,3,sp400_midcap,AGCO,NYSE/NASDAQ,2026-05-09 18:25:49
ALNY,5,nasdaq100,Alnylam Pharmaceuticals,NASDAQ,2026-05-09 18:25:49
ASML,5,nasdaq100,ASML Holding,NASDAQ,2026-05-09 18:25:49
CCEP,5,nasdaq100,Coca-Cola Europacific Partners,NASDAQ,2026-05-09 18:25:49
FER,5,nasdaq100,Ferrovial,NASDAQ,2026-05-09 18:25:49
INSM,5,nasdaq100,Insmed Incorporated,NASDAQ,2026-05-09 18:25:49
MELI,5,nasdaq100,Mercado Libre,NASDAQ,2026-05-09 18:25:49
MRVL,5,nasdaq100,Marvell Technology,NASDAQ,2026-05-09 18:25:49
SHOP,5,nasdaq100,Shopify,NASDAQ,2026-05-09 18:25:49
TRI,5,nasdaq100,Thomson Reuters,NASDAQ,2026-05-09 18:25:49
ZS,5,nasdaq100,Zscaler,NASDAQ,2026-05-09 18:25:49
AHR,3,sp400_midcap,American Healthcare REIT,NYSE/NASDAQ,2026-05-09 18:25:49
AIT,3,sp400_midcap,Applied Industrial Technologies,NYSE/NASDAQ,2026-05-09 18:25:49
ALGM,3,sp400_midcap,Allegro MicroSystems,NYSE/NASDAQ,2026-05-09 18:25:49
ALK,3,sp400_midcap,Alaska Air Group,NYSE/NASDAQ,2026-05-09 18:25:49
ALLY,3,sp400_midcap,Ally Financial,NYSE/NASDAQ,2026-05-09 18:25:49
ALV,3,sp400_midcap,Autoliv,NYSE/NASDAQ,2026-05-09 18:25:49
AM,3,sp400_midcap,Antero Midstream,NYSE/NASDAQ,2026-05-09 18:25:49
AMG,3,sp400_midcap,Affiliated Managers Group,NYSE/NASDAQ,2026-05-09 18:25:49
AMH,3,sp400_midcap,American Homes 4 Rent,NYSE/NASDAQ,2026-05-09 18:25:49
AMKR,3,sp400_midcap,Amkor Technology,NYSE/NASDAQ,2026-05-09 18:25:49
AN,3,sp400_midcap,AutoNation,NYSE/NASDAQ,2026-05-09 18:25:49
ANF,3,sp400_midcap,Abercrombie & Fitch,NYSE/NASDAQ,2026-05-09 18:25:49
APG,3,sp400_midcap,APi Group,NYSE/NASDAQ,2026-05-09 18:25:49
APPF,3,sp400_midcap,AppFolio,NYSE/NASDAQ,2026-05-09 18:25:49
AR,3,sp400_midcap,Antero Resources,NYSE/NASDAQ,2026-05-09 18:25:49
ARMK,3,sp400_midcap,Aramark,NYSE/NASDAQ,2026-05-09 18:25:49
ARW,3,sp400_midcap,Arrow Electronics,NYSE/NASDAQ,2026-05-09 18:25:49
ARWR,3,sp400_midcap,Arrowhead Pharmaceuticals,NYSE/NASDAQ,2026-05-09 18:25:49
ASB,3,sp400_midcap,Associated Bank,NYSE/NASDAQ,2026-05-09 18:25:49
ASH,3,sp400_midcap,Ashland Global,NYSE/NASDAQ,2026-05-09 18:25:49
ATI,3,sp400_midcap,ATI Inc.,NYSE/NASDAQ,2026-05-09 18:25:49
ATR,3,sp400_midcap,AptarGroup,NYSE/NASDAQ,2026-05-09 18:25:49
AVAV,3,sp400_midcap,AeroVironment,NYSE/NASDAQ,2026-05-09 18:25:49
AVNT,3,sp400_midcap,Avient,NYSE/NASDAQ,2026-05-09 18:25:49
AVT,3,sp400_midcap,Avnet,NYSE/NASDAQ,2026-05-09 18:25:49
AVTR,3,sp400_midcap,Avantor,NYSE/NASDAQ,2026-05-09 18:25:49
AXTA,3,sp400_midcap,Axalta,NYSE/NASDAQ,2026-05-09 18:25:49
AYI,3,sp400_midcap,Acuity Brands,NYSE/NASDAQ,2026-05-09 18:25:49
BAH,3,sp400_midcap,Booz Allen Hamilton,NYSE/NASDAQ,2026-05-09 18:25:49
BBWI,3,sp400_midcap,"Bath & Body Works, Inc.",NYSE/NASDAQ,2026-05-09 18:25:49
BC,3,sp400_midcap,Brunswick,NYSE/NASDAQ,2026-05-09 18:25:49
BCO,3,sp400_midcap,Brink's,NYSE/NASDAQ,2026-05-09 18:25:49
BDC,3,sp400_midcap,Belden Inc.,NYSE/NASDAQ,2026-05-09 18:25:49
BHF,3,sp400_midcap,Brighthouse Financial,NYSE/NASDAQ,2026-05-09 18:25:49
BILL,3,sp400_midcap,Bill Holdings,NYSE/NASDAQ,2026-05-09 18:25:49
BIO,3,sp400_midcap,Bio-Rad Laboratories,NYSE/NASDAQ,2026-05-09 18:25:49
BJ,3,sp400_midcap,BJ's Wholesale Club,NYSE/NASDAQ,2026-05-09 18:25:49
BKH,3,sp400_midcap,Black Hills Corporation,NYSE/NASDAQ,2026-05-09 18:25:49
BLD,3,sp400_midcap,TopBuild Corp.,NYSE/NASDAQ,2026-05-09 18:25:49
BLKB,3,sp400_midcap,Blackbaud,NYSE/NASDAQ,2026-05-09 18:25:49
BMRN,3,sp400_midcap,BioMarin Pharmaceutical,NYSE/NASDAQ,2026-05-09 18:25:49
BRBR,3,sp400_midcap,BellRing Brands,NYSE/NASDAQ,2026-05-09 18:25:49
BRKR,3,sp400_midcap,Bruker,NYSE/NASDAQ,2026-05-09 18:25:49
BROS,3,sp400_midcap,Dutch Bros Inc.,NYSE/NASDAQ,2026-05-09 18:25:49
BRX,3,sp400_midcap,Brixmor Property Group,NYSE/NASDAQ,2026-05-09 18:25:49
BSY,3,sp400_midcap,Bentley Systems,NYSE/NASDAQ,2026-05-09 18:25:49
BURL,3,sp400_midcap,Burlington Stores,NYSE/NASDAQ,2026-05-09 18:25:49
BWA,3,sp400_midcap,BorgWarner,NYSE/NASDAQ,2026-05-09 18:25:49
BWXT,3,sp400_midcap,BWX Technologies,NYSE/NASDAQ,2026-05-09 18:25:49
BYD,3,sp400_midcap,Boyd Gaming,NYSE/NASDAQ,2026-05-09 18:25:49
CACI,3,sp400_midcap,CACI International,NYSE/NASDAQ,2026-05-09 18:25:49
CAR,3,sp400_midcap,Avis Budget Group,NYSE/NASDAQ,2026-05-09 18:25:49
CART,3,sp400_midcap,Maplebear Inc.,NYSE/NASDAQ,2026-05-09 18:25:49
CAVA,3,sp400_midcap,Cava Group,NYSE/NASDAQ,2026-05-09 18:25:49
CBSH,3,sp400_midcap,Commerce Bancshares,NYSE/NASDAQ,2026-05-09 18:25:49
CBT,3,sp400_midcap,Cabot Corp,NYSE/NASDAQ,2026-05-09 18:25:49
CCK,3,sp400_midcap,Crown Holdings,NYSE/NASDAQ,2026-05-09 18:25:49
CDP,3,sp400_midcap,COPT Defense Properties,NYSE/NASDAQ,2026-05-09 18:25:49
CELH,3,sp400_midcap,Celsius Holdings,NYSE/NASDAQ,2026-05-09 18:25:49
CFR,3,sp400_midcap,Frost Bank,NYSE/NASDAQ,2026-05-09 18:25:49
CG,3,sp400_midcap,Carlyle Group,NYSE/NASDAQ,2026-05-09 18:25:49
CGNX,3,sp400_midcap,Cognex,NYSE/NASDAQ,2026-05-09 18:25:49
CHDN,3,sp400_midcap,Churchill Downs Inc.,NYSE/NASDAQ,2026-05-09 18:25:49
CHE,3,sp400_midcap,Chemed Corp.,NYSE/NASDAQ,2026-05-09 18:25:49
CHH,3,sp400_midcap,Choice Hotels,NYSE/NASDAQ,2026-05-09 18:25:49
CHRD,3,sp400_midcap,Chord Energy,NYSE/NASDAQ,2026-05-09 18:25:49
CHWY,3,sp400_midcap,Chewy,NYSE/NASDAQ,2026-05-09 18:25:49
CLF,3,sp400_midcap,Cleveland-Cliffs,NYSE/NASDAQ,2026-05-09 18:25:49
CLH,3,sp400_midcap,Clean Harbors,NYSE/NASDAQ,2026-05-09 18:25:49
CMC,3,sp400_midcap,Commercial Metals,NYSE/NASDAQ,2026-05-09 18:25:49
CNH,3,sp400_midcap,CNH Industrial,NYSE/NASDAQ,2026-05-09 18:25:49
CNM,3,sp400_midcap,Core & Main,NYSE/NASDAQ,2026-05-09 18:25:49
CNO,3,sp400_midcap,CNO Financial Group,NYSE/NASDAQ,2026-05-09 18:25:49
CNX,3,sp400_midcap,CNX Resources,NYSE/NASDAQ,2026-05-09 18:25:49
CNXC,3,sp400_midcap,Concentrix,NYSE/NASDAQ,2026-05-09 18:25:49
COKE,3,sp400_midcap,Coca-Cola Consolidated,NYSE/NASDAQ,2026-05-09 18:25:49
COLB,3,sp400_midcap,Columbia Banking System,NYSE/NASDAQ,2026-05-09 18:25:49
COLM,3,sp400_midcap,Columbia Sportswear,NYSE/NASDAQ,2026-05-09 18:25:49
COTY,3,sp400_midcap,Coty,NYSE/NASDAQ,2026-05-09 18:25:49
CPRI,3,sp400_midcap,Capri Holdings,NYSE/NASDAQ,2026-05-09 18:25:49
CR,3,sp400_midcap,Crane,NYSE/NASDAQ,2026-05-09 18:25:49
CRBG,3,sp400_midcap,Corebridge Financial,NYSE/NASDAQ,2026-05-09 18:25:49
CROX,3,sp400_midcap,Crocs,NYSE/NASDAQ,2026-05-09 18:25:49
CRS,3,sp400_midcap,Carpenter Technology,NYSE/NASDAQ,2026-05-09 18:25:49
CRUS,3,sp400_midcap,Cirrus Logic,NYSE/NASDAQ,2026-05-09 18:25:49
CSL,3,sp400_midcap,Carlisle Companies,NYSE/NASDAQ,2026-05-09 18:25:49
CTRE,3,sp400_midcap,CareTrust REIT,NYSE/NASDAQ,2026-05-09 18:25:49
CUBE,3,sp400_midcap,CubeSmart,NYSE/NASDAQ,2026-05-09 18:25:49
CUZ,3,sp400_midcap,Cousins Properties,NYSE/NASDAQ,2026-05-09 18:25:49
CVLT,3,sp400_midcap,CommVault Systems,NYSE/NASDAQ,2026-05-09 18:25:49
CW,3,sp400_midcap,Curtiss-Wright,NYSE/NASDAQ,2026-05-09 18:25:49
CXT,3,sp400_midcap,Crane NXT,NYSE/NASDAQ,2026-05-09 18:25:49
CYTK,3,sp400_midcap,Cytokinetics,NYSE/NASDAQ,2026-05-09 18:25:49
DAR,3,sp400_midcap,Darling Ingredients,NYSE/NASDAQ,2026-05-09 18:25:49
DBX,3,sp400_midcap,Dropbox,NYSE/NASDAQ,2026-05-09 18:25:49
DCI,3,sp400_midcap,Donaldson Company,NYSE/NASDAQ,2026-05-09 18:25:49
DINO,3,sp400_midcap,HF Sinclair,NYSE/NASDAQ,2026-05-09 18:25:49
DKS,3,sp400_midcap,Dick's Sporting Goods,NYSE/NASDAQ,2026-05-09 18:25:49
DLB,3,sp400_midcap,Dolby,NYSE/NASDAQ,2026-05-09 18:25:49
RBLK,5,manual_pool,rocket_lab,NASDAQ,2026-05-09 18:25:49
DOCN,3,sp400_midcap,DigitalOcean,NYSE/NASDAQ,2026-05-09 18:25:49
DOCS,3,sp400_midcap,Doximity,NYSE/NASDAQ,2026-05-09 18:25:49
DOCU,3,sp400_midcap,Docusign,NYSE/NASDAQ,2026-05-09 18:25:49
DT,3,sp400_midcap,Dynatrace,NYSE/NASDAQ,2026-05-09 18:25:49
DTM,3,sp400_midcap,DT Midstream,NYSE/NASDAQ,2026-05-09 18:25:49
DUOL,3,sp400_midcap,Duolingo,NYSE/NASDAQ,2026-05-09 18:25:49
DY,3,sp400_midcap,Dycom Industries,NYSE/NASDAQ,2026-05-09 18:25:49
EEFT,3,sp400_midcap,Euronet Worldwide,NYSE/NASDAQ,2026-05-09 18:25:49
EGP,3,sp400_midcap,EastGroup Properties,NYSE/NASDAQ,2026-05-09 18:25:49
EHC,3,sp400_midcap,Encompass Health,NYSE/NASDAQ,2026-05-09 18:25:49
ELAN,3,sp400_midcap,Elanco,NYSE/NASDAQ,2026-05-09 18:25:49
ELF,3,sp400_midcap,e.l.f. Beauty,NYSE/NASDAQ,2026-05-09 18:25:49
ELS,3,sp400_midcap,Equity Lifestyle Properties,NYSE/NASDAQ,2026-05-09 18:25:49
ENS,3,sp400_midcap,EnerSys,NYSE/NASDAQ,2026-05-09 18:25:49
ENSG,3,sp400_midcap,Ensign Group,NYSE/NASDAQ,2026-05-09 18:25:49
ENTG,3,sp400_midcap,Entegris,NYSE/NASDAQ,2026-05-09 18:25:49
EPR,3,sp400_midcap,EPR Properties,NYSE/NASDAQ,2026-05-09 18:25:49
EQH,3,sp400_midcap,Equitable Holdings,NYSE/NASDAQ,2026-05-09 18:25:49
ESAB,3,sp400_midcap,ESAB,NYSE/NASDAQ,2026-05-09 18:25:49
ESNT,3,sp400_midcap,Essent Group Ltd.,NYSE/NASDAQ,2026-05-09 18:25:49
EVR,3,sp400_midcap,Evercore,NYSE/NASDAQ,2026-05-09 18:25:49
EWBC,3,sp400_midcap,East West Bancorp,NYSE/NASDAQ,2026-05-09 18:25:49
EXEL,3,sp400_midcap,Exelixis,NYSE/NASDAQ,2026-05-09 18:25:49
EXLS,3,sp400_midcap,EXL Service,NYSE/NASDAQ,2026-05-09 18:25:49
EXP,3,sp400_midcap,Eagle Materials,NYSE/NASDAQ,2026-05-09 18:25:49
EXPO,3,sp400_midcap,"Exponent, Inc.",NYSE/NASDAQ,2026-05-09 18:25:49
FAF,3,sp400_midcap,First American Financial Corporation,NYSE/NASDAQ,2026-05-09 18:25:49
FBIN,3,sp400_midcap,Fortune Brands Innovations,NYSE/NASDAQ,2026-05-09 18:25:49
FCFS,3,sp400_midcap,FirstCash,NYSE/NASDAQ,2026-05-09 18:25:49
FCN,3,sp400_midcap,FTI Consulting,NYSE/NASDAQ,2026-05-09 18:25:49
FFIN,3,sp400_midcap,First Financial Bankshares,NYSE/NASDAQ,2026-05-09 18:25:49
FHI,3,sp400_midcap,Federated Hermes,NYSE/NASDAQ,2026-05-09 18:25:49
FHN,3,sp400_midcap,First Horizon,NYSE/NASDAQ,2026-05-09 18:25:49
FIVE,3,sp400_midcap,Five Below,NYSE/NASDAQ,2026-05-09 18:25:49
FLEX,3,sp400_midcap,Flex Ltd.,NYSE/NASDAQ,2026-05-09 18:25:49
FLG,3,sp400_midcap,Flagstar Bank,NYSE/NASDAQ,2026-05-09 18:25:49
FLO,3,sp400_midcap,Flowers Foods,NYSE/NASDAQ,2026-05-09 18:25:49
FLR,3,sp400_midcap,Fluor,NYSE/NASDAQ,2026-05-09 18:25:49
FLS,3,sp400_midcap,Flowserve,NYSE/NASDAQ,2026-05-09 18:25:49
FN,3,sp400_midcap,Fabrinet,NYSE/NASDAQ,2026-05-09 18:25:49
FNB,3,sp400_midcap,FNB Corporation,NYSE/NASDAQ,2026-05-09 18:25:49
FND,3,sp400_midcap,Floor & Decor,NYSE/NASDAQ,2026-05-09 18:25:49
FNF,3,sp400_midcap,Fidelity National Financial,NYSE/NASDAQ,2026-05-09 18:25:49
FOUR,3,sp400_midcap,Shift4,NYSE/NASDAQ,2026-05-09 18:25:49
FR,3,sp400_midcap,First Industrial Realty Trust,NYSE/NASDAQ,2026-05-09 18:25:49
FTI,3,sp400_midcap,TechnipFMC,NYSE/NASDAQ,2026-05-09 18:25:49
G,3,sp400_midcap,Genpact,NYSE/NASDAQ,2026-05-09 18:25:49
GAP,3,sp400_midcap,Gap Inc.,NYSE/NASDAQ,2026-05-09 18:25:49
GATX,3,sp400_midcap,GATX,NYSE/NASDAQ,2026-05-09 18:25:49
GBCI,3,sp400_midcap,Glacier Bancorp,NYSE/NASDAQ,2026-05-09 18:25:49
GEF,3,sp400_midcap,"Greif, Inc.",NYSE/NASDAQ,2026-05-09 18:25:49
GGG,3,sp400_midcap,Graco Inc.,NYSE/NASDAQ,2026-05-09 18:25:49
GHC,3,sp400_midcap,Graham Holdings,NYSE/NASDAQ,2026-05-09 18:25:49
GLPI,3,sp400_midcap,Gaming and Leisure Properties,NYSE/NASDAQ,2026-05-09 18:25:49
GME,3,sp400_midcap,GameStop,NYSE/NASDAQ,2026-05-09 18:25:49
GMED,3,sp400_midcap,Globus Medical,NYSE/NASDAQ,2026-05-09 18:25:49
GNTX,3,sp400_midcap,Gentex,NYSE/NASDAQ,2026-05-09 18:25:49
GPK,3,sp400_midcap,Graphic Packaging,NYSE/NASDAQ,2026-05-09 18:25:49
GT,3,sp400_midcap,Goodyear Tire & Rubber,NYSE/NASDAQ,2026-05-09 18:25:49
GTLS,3,sp400_midcap,Chart Industries,NYSE/NASDAQ,2026-05-09 18:25:49
GWRE,3,sp400_midcap,Guidewire Software,NYSE/NASDAQ,2026-05-09 18:25:49
GXO,3,sp400_midcap,GXO Logistics,NYSE/NASDAQ,2026-05-09 18:25:49
H,3,sp400_midcap,Hyatt,NYSE/NASDAQ,2026-05-09 18:25:49
HAE,3,sp400_midcap,Haemonetics,NYSE/NASDAQ,2026-05-09 18:25:49
HALO,3,sp400_midcap,Halozyme,NYSE/NASDAQ,2026-05-09 18:25:49
HGV,3,sp400_midcap,Hilton Grand Vacations,NYSE/NASDAQ,2026-05-09 18:25:49
HIMS,3,sp400_midcap,Hims & Hers Health,NYSE/NASDAQ,2026-05-09 18:25:49
HL,3,sp400_midcap,Hecla Mining,NYSE/NASDAQ,2026-05-09 18:25:49
HLI,3,sp400_midcap,Houlihan Lokey,NYSE/NASDAQ,2026-05-09 18:25:49
HLNE,3,sp400_midcap,Hamilton Lane,NYSE/NASDAQ,2026-05-09 18:25:49
HOG,3,sp400_midcap,Harley-Davidson,NYSE/NASDAQ,2026-05-09 18:25:49
HOMB,3,sp400_midcap,Home BancShares,NYSE/NASDAQ,2026-05-09 18:25:49
HQY,3,sp400_midcap,HealthEquity,NYSE/NASDAQ,2026-05-09 18:25:49
HR,3,sp400_midcap,Healthcare Realty Trust,NYSE/NASDAQ,2026-05-09 18:25:49
HRB,3,sp400_midcap,H&R Block,NYSE/NASDAQ,2026-05-09 18:25:49
HWC,3,sp400_midcap,Hancock Whitney,NYSE/NASDAQ,2026-05-09 18:25:49
HXL,3,sp400_midcap,Hexcel,NYSE/NASDAQ,2026-05-09 18:25:49
IBOC,3,sp400_midcap,Intl Bancshares Corp,NYSE/NASDAQ,2026-05-09 18:25:49
IDA,3,sp400_midcap,Idacorp,NYSE/NASDAQ,2026-05-09 18:25:49
IDCC,3,sp400_midcap,InterDigital,NYSE/NASDAQ,2026-05-09 18:25:49
ILMN,3,sp400_midcap,"Illumina, Inc.",NYSE/NASDAQ,2026-05-09 18:25:49
INGR,3,sp400_midcap,Ingredion,NYSE/NASDAQ,2026-05-09 18:25:49
IPGP,3,sp400_midcap,IPG Photonics,NYSE/NASDAQ,2026-05-09 18:25:49
IRT,3,sp400_midcap,IRT Living,NYSE/NASDAQ,2026-05-09 18:25:49
ITT,3,sp400_midcap,ITT Inc.,NYSE/NASDAQ,2026-05-09 18:25:49
JAZZ,3,sp400_midcap,Jazz Pharmaceuticals,NYSE/NASDAQ,2026-05-09 18:25:49
JEF,3,sp400_midcap,Jefferies,NYSE/NASDAQ,2026-05-09 18:25:49
JHG,3,sp400_midcap,Janus Henderson,NYSE/NASDAQ,2026-05-09 18:25:49
JLL,3,sp400_midcap,Jones Lang LaSalle,NYSE/NASDAQ,2026-05-09 18:25:49
KBH,3,sp400_midcap,KB Home,NYSE/NASDAQ,2026-05-09 18:25:49
KBR,3,sp400_midcap,"KBR, Inc.",NYSE/NASDAQ,2026-05-09 18:25:49
KD,3,sp400_midcap,Kyndryl,NYSE/NASDAQ,2026-05-09 18:25:49
KEX,3,sp400_midcap,Kirby Corporation,NYSE/NASDAQ,2026-05-09 18:25:49
KNF,3,sp400_midcap,Knife River Corporation,NYSE/NASDAQ,2026-05-09 18:25:49
KNSL,3,sp400_midcap,Kinsale Capital Group,NYSE/NASDAQ,2026-05-09 18:25:49
KNX,3,sp400_midcap,Knight-Swift,NYSE/NASDAQ,2026-05-09 18:25:49
KRC,3,sp400_midcap,Kilroy Realty Corp,NYSE/NASDAQ,2026-05-09 18:25:49
KRG,3,sp400_midcap,Kite Realty Group Trust,NYSE/NASDAQ,2026-05-09 18:25:49
KTOS,3,sp400_midcap,Kratos Defense & Security Solutions,NYSE/NASDAQ,2026-05-09 18:25:49
LAD,3,sp400_midcap,Lithia Motors,NYSE/NASDAQ,2026-05-09 18:25:49
LAMR,3,sp400_midcap,Lamar Advertising Company,NYSE/NASDAQ,2026-05-09 18:25:49
LEA,3,sp400_midcap,Lear,NYSE/NASDAQ,2026-05-09 18:25:49
LECO,3,sp400_midcap,Lincoln Electric,NYSE/NASDAQ,2026-05-09 18:25:49
LFUS,3,sp400_midcap,Littelfuse,NYSE/NASDAQ,2026-05-09 18:25:49
LIVN,3,sp400_midcap,LivaNova,NYSE/NASDAQ,2026-05-09 18:25:49
LNTH,3,sp400_midcap,Lantheus Holdings,NYSE/NASDAQ,2026-05-09 18:25:49
LOPE,3,sp400_midcap,Grand Canyon Education,NYSE/NASDAQ,2026-05-09 18:25:49
LPX,3,sp400_midcap,Louisiana-Pacific,NYSE/NASDAQ,2026-05-09 18:25:49
LSCC,3,sp400_midcap,Lattice Semiconductor,NYSE/NASDAQ,2026-05-09 18:25:49
LSTR,3,sp400_midcap,Landstar System,NYSE/NASDAQ,2026-05-09 18:25:49
M,3,sp400_midcap,Macy's,NYSE/NASDAQ,2026-05-09 18:25:49
MANH,3,sp400_midcap,Manhattan Associates,NYSE/NASDAQ,2026-05-09 18:25:49
MASI,3,sp400_midcap,Masimo,NYSE/NASDAQ,2026-05-09 18:25:49
MAT,3,sp400_midcap,Mattel,NYSE/NASDAQ,2026-05-09 18:25:49
MEDP,3,sp400_midcap,Medpace,NYSE/NASDAQ,2026-05-09 18:25:49
MIDD,3,sp400_midcap,Middleby,NYSE/NASDAQ,2026-05-09 18:25:49
MKSI,3,sp400_midcap,MKS Instruments,NYSE/NASDAQ,2026-05-09 18:25:49
MLI,3,sp400_midcap,Mueller Industries,NYSE/NASDAQ,2026-05-09 18:25:49
MMS,3,sp400_midcap,Maximus Inc.,NYSE/NASDAQ,2026-05-09 18:25:49
MOG.A,3,sp400_midcap,Moog Inc.,NYSE/NASDAQ,2026-05-09 18:25:49
MORN,3,sp400_midcap,"Morningstar, Inc.",NYSE/NASDAQ,2026-05-09 18:25:49
MP,3,sp400_midcap,MP Materials,NYSE/NASDAQ,2026-05-09 18:25:49
MSA,3,sp400_midcap,MSA Safety,NYSE/NASDAQ,2026-05-09 18:25:49
MSM,3,sp400_midcap,MSC Industrial Direct,NYSE/NASDAQ,2026-05-09 18:25:49
MTDR,3,sp400_midcap,Matador Resources,NYSE/NASDAQ,2026-05-09 18:25:49
MTG,3,sp400_midcap,MGIC Investment Corporation,NYSE/NASDAQ,2026-05-09 18:25:49
MTN,3,sp400_midcap,Vail Resorts,NYSE/NASDAQ,2026-05-09 18:25:49
MTSI,3,sp400_midcap,MACOM Technology Solutions,NYSE/NASDAQ,2026-05-09 18:25:49
MTZ,3,sp400_midcap,MasTec,NYSE/NASDAQ,2026-05-09 18:25:49
MUR,3,sp400_midcap,Murphy Oil,NYSE/NASDAQ,2026-05-09 18:25:49
MUSA,3,sp400_midcap,Murphy USA,NYSE/NASDAQ,2026-05-09 18:25:49
MZTI,3,sp400_midcap,The Marzetti Company,NYSE/NASDAQ,2026-05-09 18:25:49
NBIX,3,sp400_midcap,Neurocrine Biosciences,NYSE/NASDAQ,2026-05-09 18:25:49
NEU,3,sp400_midcap,NewMarket Corporation,NYSE/NASDAQ,2026-05-09 18:25:49
NFG,3,sp400_midcap,National Fuel Gas,NYSE/NASDAQ,2026-05-09 18:25:49
NJR,3,sp400_midcap,New Jersey Resources,NYSE/NASDAQ,2026-05-09 18:25:49
NLY,3,sp400_midcap,Annaly Capital Management,NYSE/NASDAQ,2026-05-09 18:25:49
NNN,3,sp400_midcap,NNN Reit,NYSE/NASDAQ,2026-05-09 18:25:49
NOV,3,sp400_midcap,NOV Inc.,NYSE/NASDAQ,2026-05-09 18:25:49
NOVT,3,sp400_midcap,Novanta,NYSE/NASDAQ,2026-05-09 18:25:49
NSA,3,sp400_midcap,National Storage Affiliates Trust,NYSE/NASDAQ,2026-05-09 18:25:49
NTNX,3,sp400_midcap,Nutanix,NYSE/NASDAQ,2026-05-09 18:25:49
NVST,3,sp400_midcap,Envista Holdings,NYSE/NASDAQ,2026-05-09 18:25:49
NVT,3,sp400_midcap,nVent Electric plc,NYSE/NASDAQ,2026-05-09 18:25:49
NWE,3,sp400_midcap,NorthWestern Energy,NYSE/NASDAQ,2026-05-09 18:25:49
NXST,3,sp400_midcap,Nexstar Media Group,NYSE/NASDAQ,2026-05-09 18:25:49
NXT,3,sp400_midcap,Nextpower,NYSE/NASDAQ,2026-05-09 18:25:49
NYT,3,sp400_midcap,New York Times Company,NYSE/NASDAQ,2026-05-09 18:25:49
OC,3,sp400_midcap,Owens Corning,NYSE/NASDAQ,2026-05-09 18:25:49
OGE,3,sp400_midcap,OGE Energy,NYSE/NASDAQ,2026-05-09 18:25:49
OGS,3,sp400_midcap,One Gas,NYSE/NASDAQ,2026-05-09 18:25:49
OHI,3,sp400_midcap,Omega Healthcare Investors,NYSE/NASDAQ,2026-05-09 18:25:49
OKTA,3,sp400_midcap,"Okta, Inc.",NYSE/NASDAQ,2026-05-09 18:25:49
OLED,3,sp400_midcap,Universal Display,NYSE/NASDAQ,2026-05-09 18:25:49
OLLI,3,sp400_midcap,Ollie's Bargain Outlet,NYSE/NASDAQ,2026-05-09 18:25:49
OLN,3,sp400_midcap,Olin Corporation,NYSE/NASDAQ,2026-05-09 18:25:49
ONB,3,sp400_midcap,Old National Bank,NYSE/NASDAQ,2026-05-09 18:25:49
ONTO,3,sp400_midcap,Onto Innovation,NYSE/NASDAQ,2026-05-09 18:25:49
OPCH,3,sp400_midcap,Option Care Health,NYSE/NASDAQ,2026-05-09 18:25:49
ORA,3,sp400_midcap,Ormat Technologies,NYSE/NASDAQ,2026-05-09 18:25:49
ORI,3,sp400_midcap,Old Republic International,NYSE/NASDAQ,2026-05-09 18:25:49
OSK,3,sp400_midcap,Oshkosh,NYSE/NASDAQ,2026-05-09 18:25:49
OVV,3,sp400_midcap,Ovintiv,NYSE/NASDAQ,2026-05-09 18:25:49
OZK,3,sp400_midcap,Bank OZK,NYSE/NASDAQ,2026-05-09 18:25:49
PAG,3,sp400_midcap,Penske Automotive Group,NYSE/NASDAQ,2026-05-09 18:25:49
PATH,3,sp400_midcap,UiPath,NYSE/NASDAQ,2026-05-09 18:25:49
PB,3,sp400_midcap,Prosperity Bancshares,NYSE/NASDAQ,2026-05-09 18:25:49
PBF,3,sp400_midcap,PBF Energy,NYSE/NASDAQ,2026-05-09 18:25:49
PCTY,3,sp400_midcap,Paylocity,NYSE/NASDAQ,2026-05-09 18:25:49
PEGA,3,sp400_midcap,Pegasystems,NYSE/NASDAQ,2026-05-09 18:25:49
PEN,3,sp400_midcap,"Penumbra, Inc.",NYSE/NASDAQ,2026-05-09 18:25:49
PFGC,3,sp400_midcap,Performance Food Group,NYSE/NASDAQ,2026-05-09 18:25:49
PII,3,sp400_midcap,Polaris,NYSE/NASDAQ,2026-05-09 18:25:49
PINS,3,sp400_midcap,Pinterest,NYSE/NASDAQ,2026-05-09 18:25:49
PK,3,sp400_midcap,Park Hotels & Resorts,NYSE/NASDAQ,2026-05-09 18:25:49
PLNT,3,sp400_midcap,Planet Fitness,NYSE/NASDAQ,2026-05-09 18:25:49
PNFP,3,sp400_midcap,Pinnacle Financial Partners,NYSE/NASDAQ,2026-05-09 18:25:49
POR,3,sp400_midcap,Portland General Electric,NYSE/NASDAQ,2026-05-09 18:25:49
POST,3,sp400_midcap,Post Holdings,NYSE/NASDAQ,2026-05-09 18:25:49
PPC,3,sp400_midcap,Pilgrim's Pride,NYSE/NASDAQ,2026-05-09 18:25:49
PR,3,sp400_midcap,Permian Resources,NYSE/NASDAQ,2026-05-09 18:25:49
PRI,3,sp400_midcap,Primerica,NYSE/NASDAQ,2026-05-09 18:25:49
PSN,3,sp400_midcap,Parsons Corporation,NYSE/NASDAQ,2026-05-09 18:25:49
PSTG,3,sp400_midcap,Everpure,NYSE/NASDAQ,2026-05-09 18:25:49
PVH,3,sp400_midcap,PVH Corp.,NYSE/NASDAQ,2026-05-09 18:25:49
QLYS,3,sp400_midcap,Qualys,NYSE/NASDAQ,2026-05-09 18:25:49
R,3,sp400_midcap,Ryder,NYSE/NASDAQ,2026-05-09 18:25:49
RBA,3,sp400_midcap,RB Global,NYSE/NASDAQ,2026-05-09 18:25:49
RBC,3,sp400_midcap,RBC Bearings,NYSE/NASDAQ,2026-05-09 18:25:49
REXR,3,sp400_midcap,Rexford Industrial Realty,NYSE/NASDAQ,2026-05-09 18:25:49
RGA,3,sp400_midcap,Reinsurance Group of America,NYSE/NASDAQ,2026-05-09 18:25:49
RGEN,3,sp400_midcap,Repligen,NYSE/NASDAQ,2026-05-09 18:25:49
RGLD,3,sp400_midcap,Royal Gold,NYSE/NASDAQ,2026-05-09 18:25:49
RH,3,sp400_midcap,RH,NYSE/NASDAQ,2026-05-09 18:25:49
RLI,3,sp400_midcap,RLI Corp.,NYSE/NASDAQ,2026-05-09 18:25:49
RMBS,3,sp400_midcap,Rambus,NYSE/NASDAQ,2026-05-09 18:25:49
RNR,3,sp400_midcap,RenaissanceRe,NYSE/NASDAQ,2026-05-09 18:25:49
ROIV,3,sp400_midcap,Roivant Sciences,NYSE/NASDAQ,2026-05-09 18:25:49
RPM,3,sp400_midcap,RPM International,NYSE/NASDAQ,2026-05-09 18:25:49
RRC,3,sp400_midcap,Range Resources,NYSE/NASDAQ,2026-05-09 18:25:49
RRX,3,sp400_midcap,Regal Rexnord,NYSE/NASDAQ,2026-05-09 18:25:49
RS,3,sp400_midcap,"Reliance, Inc.",NYSE/NASDAQ,2026-05-09 18:25:49
RYAN,3,sp400_midcap,Ryan Specialty,NYSE/NASDAQ,2026-05-09 18:25:49
RYN,3,sp400_midcap,Rayonier,NYSE/NASDAQ,2026-05-09 18:25:49
SAIA,3,sp400_midcap,Saia,NYSE/NASDAQ,2026-05-09 18:25:49
SAIC,3,sp400_midcap,Science Applications Intl Corp,NYSE/NASDAQ,2026-05-09 18:25:49
SAM,3,sp400_midcap,Boston Beer Company,NYSE/NASDAQ,2026-05-09 18:25:49
SARO,3,sp400_midcap,StandardAero,NYSE/NASDAQ,2026-05-09 18:25:49
SBRA,3,sp400_midcap,Sabra Health Care REIT,NYSE/NASDAQ,2026-05-09 18:25:49
SCI,3,sp400_midcap,Service Corp Intl,NYSE/NASDAQ,2026-05-09 18:25:49
SEIC,3,sp400_midcap,SEI Investments Company,NYSE/NASDAQ,2026-05-09 18:25:49
SF,3,sp400_midcap,Stifel,NYSE/NASDAQ,2026-05-09 18:25:49
SFM,3,sp400_midcap,Sprouts Farmers Market,NYSE/NASDAQ,2026-05-09 18:25:49
SGI,3,sp400_midcap,Somnigroup International,NYSE/NASDAQ,2026-05-09 18:25:49
SHC,3,sp400_midcap,Sotera Health,NYSE/NASDAQ,2026-05-09 18:25:49
SIGI,3,sp400_midcap,Selective Insurance Group,NYSE/NASDAQ,2026-05-09 18:25:49
SITM,3,sp400_midcap,SiTime,NYSE/NASDAQ,2026-05-09 18:25:49
SLAB,3,sp400_midcap,Silicon Labs,NYSE/NASDAQ,2026-05-09 18:25:49
SLGN,3,sp400_midcap,Silgan Holdings,NYSE/NASDAQ,2026-05-09 18:25:49
SLM,3,sp400_midcap,SLM Corp,NYSE/NASDAQ,2026-05-09 18:25:49
SMG,3,sp400_midcap,Scotts Miracle-Gro Company,NYSE/NASDAQ,2026-05-09 18:25:49
SNX,3,sp400_midcap,TD Synnex,NYSE/NASDAQ,2026-05-09 18:25:49
SOLS,3,sp400_midcap,Solstice Advanced Materials,NYSE/NASDAQ,2026-05-09 18:25:49
SON,3,sp400_midcap,Sonoco,NYSE/NASDAQ,2026-05-09 18:25:49
SPXC,3,sp400_midcap,SPX Technologies,NYSE/NASDAQ,2026-05-09 18:25:49
SR,3,sp400_midcap,Spire,NYSE/NASDAQ,2026-05-09 18:25:49
SSB,3,sp400_midcap,South State Bank,NYSE/NASDAQ,2026-05-09 18:25:49
SSD,3,sp400_midcap,Simpson Manufacturing,NYSE/NASDAQ,2026-05-09 18:25:49
ST,3,sp400_midcap,Sensata Technologies,NYSE/NASDAQ,2026-05-09 18:25:49
STAG,3,sp400_midcap,STAG Industrial,NYSE/NASDAQ,2026-05-09 18:25:49
STRL,3,sp400_midcap,Sterling Infrastructure,NYSE/NASDAQ,2026-05-09 18:25:49
STWD,3,sp400_midcap,Starwood Property Trust,NYSE/NASDAQ,2026-05-09 18:25:49
SWX,3,sp400_midcap,Southwest Gas Corp,NYSE/NASDAQ,2026-05-09 18:25:49
SYNA,3,sp400_midcap,Synaptics,NYSE/NASDAQ,2026-05-09 18:25:49
TCBI,3,sp400_midcap,Texas Capital Bancshares,NYSE/NASDAQ,2026-05-09 18:25:49
TEX,3,sp400_midcap,Terex,NYSE/NASDAQ,2026-05-09 18:25:49
THC,3,sp400_midcap,Tenet Health,NYSE/NASDAQ,2026-05-09 18:25:49
THG,3,sp400_midcap,Hanover Insurance,NYSE/NASDAQ,2026-05-09 18:25:49
THO,3,sp400_midcap,Thor Industries,NYSE/NASDAQ,2026-05-09 18:25:49
TKR,3,sp400_midcap,Timken,NYSE/NASDAQ,2026-05-09 18:25:49
TLN,3,sp400_midcap,Talen Energy,NYSE/NASDAQ,2026-05-09 18:25:49
TMHC,3,sp400_midcap,Taylor Morrison,NYSE/NASDAQ,2026-05-09 18:25:49
TNL,3,sp400_midcap,Travel + Leisure Co.,NYSE/NASDAQ,2026-05-09 18:25:49
TOL,3,sp400_midcap,Toll Brothers,NYSE/NASDAQ,2026-05-09 18:25:49
TREX,3,sp400_midcap,Trex,NYSE/NASDAQ,2026-05-09 18:25:49
TRU,3,sp400_midcap,TransUnion,NYSE/NASDAQ,2026-05-09 18:25:49
TTC,3,sp400_midcap,Toro,NYSE/NASDAQ,2026-05-09 18:25:49
TTEK,3,sp400_midcap,Tetra Tech,NYSE/NASDAQ,2026-05-09 18:25:49
TTMI,3,sp400_midcap,TTM Technologies,NYSE/NASDAQ,2026-05-09 18:25:49
TWLO,3,sp400_midcap,Twilio,NYSE/NASDAQ,2026-05-09 18:25:49
TXNM,3,sp400_midcap,TXNM Energy,NYSE/NASDAQ,2026-05-09 18:25:49
TXRH,3,sp400_midcap,Texas Roadhouse,NYSE/NASDAQ,2026-05-09 18:25:49
UBSI,3,sp400_midcap,United Bankshares,NYSE/NASDAQ,2026-05-09 18:25:49
UFPI,3,sp400_midcap,UFP Industries,NYSE/NASDAQ,2026-05-09 18:25:49
UGI,3,sp400_midcap,UGI Corp,NYSE/NASDAQ,2026-05-09 18:25:49
ULS,3,sp400_midcap,UL Solutions,NYSE/NASDAQ,2026-05-09 18:25:49
UMBF,3,sp400_midcap,UMB Financial Corp.,NYSE/NASDAQ,2026-05-09 18:25:49
UNM,3,sp400_midcap,Unum,NYSE/NASDAQ,2026-05-09 18:25:49
USFD,3,sp400_midcap,US Foods,NYSE/NASDAQ,2026-05-09 18:25:49
UTHR,3,sp400_midcap,United Therapeutics,NYSE/NASDAQ,2026-05-09 18:25:49
VAL,3,sp400_midcap,Valaris,NYSE/NASDAQ,2026-05-09 18:25:49
VC,3,sp400_midcap,Visteon,NYSE/NASDAQ,2026-05-09 18:25:49
VFC,3,sp400_midcap,VF Corporation,NYSE/NASDAQ,2026-05-09 18:25:49
VICR,3,sp400_midcap,Vicor Corporation,NYSE/NASDAQ,2026-05-09 18:25:49
VLY,3,sp400_midcap,Valley Bank,NYSE/NASDAQ,2026-05-09 18:25:49
VMI,3,sp400_midcap,Valmont Industries,NYSE/NASDAQ,2026-05-09 18:25:49
VNO,3,sp400_midcap,Vornado Realty Trust,NYSE/NASDAQ,2026-05-09 18:25:49
VNOM,3,sp400_midcap,Viper Energy,NYSE/NASDAQ,2026-05-09 18:25:49
VNT,3,sp400_midcap,Vontier,NYSE/NASDAQ,2026-05-09 18:25:49
VOYA,3,sp400_midcap,Voya Financial,NYSE/NASDAQ,2026-05-09 18:25:49
VVV,3,sp400_midcap,Valvoline,NYSE/NASDAQ,2026-05-09 18:25:49
WAL,3,sp400_midcap,Western Alliance Bancorporation,NYSE/NASDAQ,2026-05-09 18:25:49
WBS,3,sp400_midcap,Webster Bank,NYSE/NASDAQ,2026-05-09 18:25:49
WCC,3,sp400_midcap,WESCO International,NYSE/NASDAQ,2026-05-09 18:25:49
WEX,3,sp400_midcap,WEX Inc.,NYSE/NASDAQ,2026-05-09 18:25:49
WFRD,3,sp400_midcap,Weatherford International,NYSE/NASDAQ,2026-05-09 18:25:49
WH,3,sp400_midcap,Wyndham Hotels & Resorts,NYSE/NASDAQ,2026-05-09 18:25:49
WHR,3,sp400_midcap,Whirlpool Corporation,NYSE/NASDAQ,2026-05-09 18:25:49
WING,3,sp400_midcap,Wingstop,NYSE/NASDAQ,2026-05-09 18:25:49
WLK,3,sp400_midcap,Westlake Corporation,NYSE/NASDAQ,2026-05-09 18:25:49
WMG,3,sp400_midcap,Warner Music Group,NYSE/NASDAQ,2026-05-09 18:25:49
WMS,3,sp400_midcap,Advanced Drainage Systems,NYSE/NASDAQ,2026-05-09 18:25:49
WPC,3,sp400_midcap,W. P. Carey,NYSE/NASDAQ,2026-05-09 18:25:49
WSO,3,sp400_midcap,Watsco,NYSE/NASDAQ,2026-05-09 18:25:49
WTFC,3,sp400_midcap,Wintrust Financial,NYSE/NASDAQ,2026-05-09 18:25:49
WTRG,3,sp400_midcap,Essential Utilities,NYSE/NASDAQ,2026-05-09 18:25:49
WTS,3,sp400_midcap,Watts Water Technologies,NYSE/NASDAQ,2026-05-09 18:25:49
WWD,3,sp400_midcap,"Woodward, Inc.",NYSE/NASDAQ,2026-05-09 18:25:49
XPO,3,sp400_midcap,"XPO, Inc.",NYSE/NASDAQ,2026-05-09 18:25:49
XRAY,3,sp400_midcap,Dentsply Sirona,NYSE/NASDAQ,2026-05-09 18:25:49
YETI,3,sp400_midcap,Yeti Holdings,NYSE/NASDAQ,2026-05-09 18:25:49
ZION,3,sp400_midcap,Zions Bancorporation,NYSE/NASDAQ,2026-05-09 18:25:49
AAMI,4,sp600_smallcap,Acadian Asset Management Inc.,NYSE/NASDAQ,2026-05-09 18:25:49
AAP,4,sp600_smallcap,"Advance Auto Parts, Inc.",NYSE/NASDAQ,2026-05-09 18:25:49
AAT,4,sp600_smallcap,American Assets Trust,NYSE/NASDAQ,2026-05-09 18:25:49
ABCB,4,sp600_smallcap,Ameris Bancorp,NYSE/NASDAQ,2026-05-09 18:25:49
ABG,4,sp600_smallcap,Asbury Automotive Group,NYSE/NASDAQ,2026-05-09 18:25:49
ABM,4,sp600_smallcap,"ABM Industries, Inc.",NYSE/NASDAQ,2026-05-09 18:25:49
ABR,4,sp600_smallcap,Arbor Realty Trust,NYSE/NASDAQ,2026-05-09 18:25:49
ACA,4,sp600_smallcap,"Arcosa, Inc.",NYSE/NASDAQ,2026-05-09 18:25:49
ACAD,4,sp600_smallcap,Acadia Pharmaceuticals,NYSE/NASDAQ,2026-05-09 18:25:49
ACHC,4,sp600_smallcap,Acadia Healthcare,NYSE/NASDAQ,2026-05-09 18:25:49
ACIW,4,sp600_smallcap,ACI Worldwide,NYSE/NASDAQ,2026-05-09 18:25:49
ACLS,4,sp600_smallcap,"Axcelis Technologies, Inc.",NYSE/NASDAQ,2026-05-09 18:25:49
ACMR,4,sp600_smallcap,"ACM Research, Inc.",NYSE/NASDAQ,2026-05-09 18:25:49
ACT,4,sp600_smallcap,"Enact Holdings, Inc.",NYSE/NASDAQ,2026-05-09 18:25:49
ADAM,4,sp600_smallcap,"Adamas Trust, Inc.",NYSE/NASDAQ,2026-05-09 18:25:49
ADEA,4,sp600_smallcap,"Adeia, Inc.",NYSE/NASDAQ,2026-05-09 18:25:49
ADMA,4,sp600_smallcap,"ADMA Biologics, Inc.",NYSE/NASDAQ,2026-05-09 18:25:49
ADNT,4,sp600_smallcap,Adient,NYSE/NASDAQ,2026-05-09 18:25:49
ADT,4,sp600_smallcap,ADT Inc.,NYSE/NASDAQ,2026-05-09 18:25:49
ADUS,4,sp600_smallcap,Addus HomeCare Corp.,NYSE/NASDAQ,2026-05-09 18:25:49
AEO,4,sp600_smallcap,American Eagle Outfitters,NYSE/NASDAQ,2026-05-09 18:25:49
AESI,4,sp600_smallcap,"Atlas Energy Solutions, Inc.",NYSE/NASDAQ,2026-05-09 18:25:49
AGO,4,sp600_smallcap,Assured Guaranty Ltd.,NYSE/NASDAQ,2026-05-09 18:25:49
AGX,4,sp600_smallcap,"Argan, Inc.",NYSE/NASDAQ,2026-05-09 18:25:49
AGYS,4,sp600_smallcap,"Agilysys, Inc.",NYSE/NASDAQ,2026-05-09 18:25:49
AHCO,4,sp600_smallcap,AdaptHealth Corp.,NYSE/NASDAQ,2026-05-09 18:25:49
AIN,4,sp600_smallcap,Albany International Corp.,NYSE/NASDAQ,2026-05-09 18:25:49
AIR,4,sp600_smallcap,AAR CORP.,NYSE/NASDAQ,2026-05-09 18:25:49
AKR,4,sp600_smallcap,Acadia Realty Trust,NYSE/NASDAQ,2026-05-09 18:25:49
ALG,4,sp600_smallcap,Alamo Group,NYSE/NASDAQ,2026-05-09 18:25:49
ALGT,4,sp600_smallcap,Allegiant Travel Company,NYSE/NASDAQ,2026-05-09 18:25:49
ALKS,4,sp600_smallcap,Alkermes plc,NYSE/NASDAQ,2026-05-09 18:25:49
ALRM,4,sp600_smallcap,"Alarm.Com, Inc.",NYSE/NASDAQ,2026-05-09 18:25:49
AMN,4,sp600_smallcap,"Amn Healthcare Services, Inc.",NYSE/NASDAQ,2026-05-09 18:25:49
AMPH,4,sp600_smallcap,"Amphstar Pharmaceuticals, Inc.",NYSE/NASDAQ,2026-05-09 18:25:49
AMR,4,sp600_smallcap,"Alpha Metallurgical Resources, Inc.",NYSE/NASDAQ,2026-05-09 18:25:49
AMRX,4,sp600_smallcap,Amneal Pharmaceuticals,NYSE/NASDAQ,2026-05-09 18:25:49
AMSF,4,sp600_smallcap,"Amerisafe, Inc.",NYSE/NASDAQ,2026-05-09 18:25:49
AMTM,4,sp600_smallcap,Amentum,NYSE/NASDAQ,2026-05-09 18:25:49
AMWD,4,sp600_smallcap,American Woodmark Corp.,NYSE/NASDAQ,2026-05-09 18:25:49
ANDE,4,sp600_smallcap,"The Andersons, Inc.",NYSE/NASDAQ,2026-05-09 18:25:49
ANIP,4,sp600_smallcap,"ANI Pharmaceuticals, Inc.",NYSE/NASDAQ,2026-05-09 18:25:49
AORT,4,sp600_smallcap,Artivion,NYSE/NASDAQ,2026-05-09 18:25:49
AOSL,4,sp600_smallcap,"Alpha and Omega Semiconductor, Ltd.",NYSE/NASDAQ,2026-05-09 18:25:49
APAM,4,sp600_smallcap,"Artisan Partners Asset Management, Inc.",NYSE/NASDAQ,2026-05-09 18:25:49
APLE,4,sp600_smallcap,"Apple Hospitality REIT, Inc.",NYSE/NASDAQ,2026-05-09 18:25:49
APLS,4,sp600_smallcap,"Apellis Pharmaceuticals, Inc.",NYSE/NASDAQ,2026-05-09 18:25:49
APOG,4,sp600_smallcap,"Apogee Enterprises, Inc.",NYSE/NASDAQ,2026-05-09 18:25:49
ARCB,4,sp600_smallcap,ArcBest Corp.,NYSE/NASDAQ,2026-05-09 18:25:49
ARI,4,sp600_smallcap,Apollo Commercial Real Estate Finance,NYSE/NASDAQ,2026-05-09 18:25:49
ARLO,4,sp600_smallcap,Arlo Technologies,NYSE/NASDAQ,2026-05-09 18:25:49
AROC,4,sp600_smallcap,"Archrock, Inc.",NYSE/NASDAQ,2026-05-09 18:25:49
ARR,4,sp600_smallcap,Armour Residential REIT,NYSE/NASDAQ,2026-05-09 18:25:49
ASGN,4,sp600_smallcap,ASGN Inc.,NYSE/NASDAQ,2026-05-09 18:25:49
ASO,4,sp600_smallcap,Academy Sports + Outdoors,NYSE/NASDAQ,2026-05-09 18:25:49
ASTE,4,sp600_smallcap,"Astec Industries, Inc.",NYSE/NASDAQ,2026-05-09 18:25:49
ASTH,4,sp600_smallcap,"Astrana Health, Inc.",NYSE/NASDAQ,2026-05-09 18:25:49
ATEN,4,sp600_smallcap,"A10 Networks, Inc.",NYSE/NASDAQ,2026-05-09 18:25:49
ATMU,4,sp600_smallcap,Atmus Filtration Technologies Inc.,NYSE/NASDAQ,2026-05-09 18:25:49
AUB,4,sp600_smallcap,"Atlantic Union Bankshares, Corp.",NYSE/NASDAQ,2026-05-09 18:25:49
AVA,4,sp600_smallcap,Avista Corporation,NYSE/NASDAQ,2026-05-09 18:25:49
AVNS,4,sp600_smallcap,"Avanos Medical, Inc.",NYSE/NASDAQ,2026-05-09 18:25:49
AWI,4,sp600_smallcap,"Armstrong World Industries, Inc.",NYSE/NASDAQ,2026-05-09 18:25:49
AWR,4,sp600_smallcap,American States Water Company,NYSE/NASDAQ,2026-05-09 18:25:49
AX,4,sp600_smallcap,"Axos Financial, Inc.",NYSE/NASDAQ,2026-05-09 18:25:49
AZTA,4,sp600_smallcap,"Azenta, Inc.",NYSE/NASDAQ,2026-05-09 18:25:49
AZZ,4,sp600_smallcap,"AZZ, Inc.",NYSE/NASDAQ,2026-05-09 18:25:49
BANC,4,sp600_smallcap,"Banc Of California, Inc.",NYSE/NASDAQ,2026-05-09 18:25:49
BANF,4,sp600_smallcap,Bancfirst Corp,NYSE/NASDAQ,2026-05-09 18:25:49
BANR,4,sp600_smallcap,Banner Corporation,NYSE/NASDAQ,2026-05-09 18:25:49
BBT,4,sp600_smallcap,Beacon Financial Corp.,NYSE/NASDAQ,2026-05-09 18:25:49
BCC,4,sp600_smallcap,Boise Cascade,NYSE/NASDAQ,2026-05-09 18:25:49
BCPC,4,sp600_smallcap,Balchem Corporation,NYSE/NASDAQ,2026-05-09 18:25:49
BFH,4,sp600_smallcap,"Bread Financial Holdings, Inc.",NYSE/NASDAQ,2026-05-09 18:25:49
BFS,4,sp600_smallcap,"Saul Centers, Inc.",NYSE/NASDAQ,2026-05-09 18:25:49
BGC,4,sp600_smallcap,"BGC Group, Inc.",NYSE/NASDAQ,2026-05-09 18:25:49
BHE,4,sp600_smallcap,"Benchmark Electronics, Inc.",NYSE/NASDAQ,2026-05-09 18:25:49
BJRI,4,sp600_smallcap,"BJ's Restaurants, Inc.",NYSE/NASDAQ,2026-05-09 18:25:49
BKE,4,sp600_smallcap,"The Buckle, Inc.",NYSE/NASDAQ,2026-05-09 18:25:49
BKU,4,sp600_smallcap,"BankUnited, Inc.",NYSE/NASDAQ,2026-05-09 18:25:49
BL,4,sp600_smallcap,"BlackLine Systems, Inc.",NYSE/NASDAQ,2026-05-09 18:25:49
BLFS,4,sp600_smallcap,"BioLife Solutions, Inc.",NYSE/NASDAQ,2026-05-09 18:25:49
BMI,4,sp600_smallcap,"Badger Meter, Inc.",NYSE/NASDAQ,2026-05-09 18:25:49
BNL,4,sp600_smallcap,"Broadstone Net Lease, Inc.",NYSE/NASDAQ,2026-05-09 18:25:49
BOH,4,sp600_smallcap,Bank of Hawaii,NYSE/NASDAQ,2026-05-09 18:25:49
BOOT,4,sp600_smallcap,"Boot Barn Holdings, Inc.",NYSE/NASDAQ,2026-05-09 18:25:49
BOX,4,sp600_smallcap,"Box, Inc.",NYSE/NASDAQ,2026-05-09 18:25:49
BRC,4,sp600_smallcap,Brady Corporation,NYSE/NASDAQ,2026-05-09 18:25:49
BTSG,4,sp600_smallcap,"BrightSpring Health Services, Inc.",NYSE/NASDAQ,2026-05-09 18:25:49
BTU,4,sp600_smallcap,"Peabody Energy, Inc.",NYSE/NASDAQ,2026-05-09 18:25:49
BXMT,4,sp600_smallcap,"Blackstone Mortgage Trust, Inc.",NYSE/NASDAQ,2026-05-09 18:25:49
CABO,4,sp600_smallcap,Cable One,NYSE/NASDAQ,2026-05-09 18:25:49
CAKE,4,sp600_smallcap,"The Cheesecake Factory, Inc.",NYSE/NASDAQ,2026-05-09 18:25:49
CALM,4,sp600_smallcap,"Cal-Maine Foods, Inc.",NYSE/NASDAQ,2026-05-09 18:25:49
CALX,4,sp600_smallcap,Calix,NYSE/NASDAQ,2026-05-09 18:25:49
CALY,4,sp600_smallcap,Callaway Golf Company,NYSE/NASDAQ,2026-05-09 18:25:49
CARG,4,sp600_smallcap,CarGurus,NYSE/NASDAQ,2026-05-09 18:25:49
CASH,4,sp600_smallcap,"Pathward Financial, Inc.",NYSE/NASDAQ,2026-05-09 18:25:49
CATY,4,sp600_smallcap,Cathay General Bancorp,NYSE/NASDAQ,2026-05-09 18:25:49
CBRL,4,sp600_smallcap,Cracker Barrel,NYSE/NASDAQ,2026-05-09 18:25:49
CBU,4,sp600_smallcap,"Community Bank System, Inc.",NYSE/NASDAQ,2026-05-09 18:25:49
CC,4,sp600_smallcap,Chemours,NYSE/NASDAQ,2026-05-09 18:25:49
CCOI,4,sp600_smallcap,"Cogent Communications Holdings, Inc.",NYSE/NASDAQ,2026-05-09 18:25:49
CCS,4,sp600_smallcap,"Century Communities, Inc.",NYSE/NASDAQ,2026-05-09 18:25:49
CE,4,sp600_smallcap,Celanese,NYSE/NASDAQ,2026-05-09 18:25:49
CENT,4,sp600_smallcap,Central Garden & Pet Company,NYSE/NASDAQ,2026-05-09 18:25:49
CENTA,4,sp600_smallcap,Central Garden & Pet Company (Class A),NYSE/NASDAQ,2026-05-09 18:25:49
CENX,4,sp600_smallcap,Century Aluminum Company,NYSE/NASDAQ,2026-05-09 18:25:49
CERT,4,sp600_smallcap,"Certara, Inc.",NYSE/NASDAQ,2026-05-09 18:25:49
CFFN,4,sp600_smallcap,Capitol Federal Savings Bank,NYSE/NASDAQ,2026-05-09 18:25:49
CHCO,4,sp600_smallcap,City Holding Company,NYSE/NASDAQ,2026-05-09 18:25:49
CHEF,4,sp600_smallcap,"Chefs' Warehouse, Inc.",NYSE/NASDAQ,2026-05-09 18:25:49
CLB,4,sp600_smallcap,Core Laboratories,NYSE/NASDAQ,2026-05-09 18:25:49
CLSK,4,sp600_smallcap,"CleanSpark, Inc.",NYSE/NASDAQ,2026-05-09 18:25:49
CNK,4,sp600_smallcap,"Cinemark Holdings, Inc.",NYSE/NASDAQ,2026-05-09 18:25:49
CNMD,4,sp600_smallcap,CONMED Corporation,NYSE/NASDAQ,2026-05-09 18:25:49
CNR,4,sp600_smallcap,"Core Natural Resources, Inc.",NYSE/NASDAQ,2026-05-09 18:25:49
CNS,4,sp600_smallcap,"Cohen & Steers, Inc.",NYSE/NASDAQ,2026-05-09 18:25:49
CNXN,4,sp600_smallcap,"PC Connection, Inc.",NYSE/NASDAQ,2026-05-09 18:25:49
COCO,4,sp600_smallcap,The Vita Coco Company,NYSE/NASDAQ,2026-05-09 18:25:49
COHU,4,sp600_smallcap,"Cohu, Inc.",NYSE/NASDAQ,2026-05-09 18:25:49
COLL,4,sp600_smallcap,"Collegium Pharmaceutical, Inc.",NYSE/NASDAQ,2026-05-09 18:25:49
CON,4,sp600_smallcap,"Concentra Group Holdings Parent, Inc.",NYSE/NASDAQ,2026-05-09 18:25:49
CORT,4,sp600_smallcap,Corcept Therapeutics Incorporated,NYSE/NASDAQ,2026-05-09 18:25:49
CPF,4,sp600_smallcap,Central Pacific Financial Corp.,NYSE/NASDAQ,2026-05-09 18:25:49
CPK,4,sp600_smallcap,Chesapeake Utilities Corp.,NYSE/NASDAQ,2026-05-09 18:25:49
CPRX,4,sp600_smallcap,"Catalyst Pharmaceuticals Partners, Inc.",NYSE/NASDAQ,2026-05-09 18:25:49
CRC,4,sp600_smallcap,California Resources Corporation,NYSE/NASDAQ,2026-05-09 18:25:49
CRGY,4,sp600_smallcap,Crescent Energy Company,NYSE/NASDAQ,2026-05-09 18:25:49
CRI,4,sp600_smallcap,"Carter's, Inc.",NYSE/NASDAQ,2026-05-09 18:25:49
CRK,4,sp600_smallcap,"Comstock Resources, Inc.",NYSE/NASDAQ,2026-05-09 18:25:49
CRSR,4,sp600_smallcap,Corsair Gaming,NYSE/NASDAQ,2026-05-09 18:25:49
CRVL,4,sp600_smallcap,CorVel Corporation,NYSE/NASDAQ,2026-05-09 18:25:49
CSGS,4,sp600_smallcap,"CSG Systems International, Inc.",NYSE/NASDAQ,2026-05-09 18:25:49
CSR,4,sp600_smallcap,Centerspace Trust,NYSE/NASDAQ,2026-05-09 18:25:49
CSW,4,sp600_smallcap,"CSW Industrials, Inc.",NYSE/NASDAQ,2026-05-09 18:25:49
CTKB,4,sp600_smallcap,"Cytek Biosciences, Inc.",NYSE/NASDAQ,2026-05-09 18:25:49
CTS,4,sp600_smallcap,CTS Corporation,NYSE/NASDAQ,2026-05-09 18:25:49
CUBI,4,sp600_smallcap,"Customers Bancorp, Inc.",NYSE/NASDAQ,2026-05-09 18:25:49
CURB,4,sp600_smallcap,Curbline Properties Corp.,NYSE/NASDAQ,2026-05-09 18:25:49
CVBF,4,sp600_smallcap,CVB Financial Corp.,NYSE/NASDAQ,2026-05-09 18:25:49
CVCO,4,sp600_smallcap,"Cavco Industries, Inc.",NYSE/NASDAQ,2026-05-09 18:25:49
CVI,4,sp600_smallcap,"CVR Energy, Inc.",NYSE/NASDAQ,2026-05-09 18:25:49
CVSA,4,sp600_smallcap,Covista Inc.,NYSE/NASDAQ,2026-05-09 18:25:49
CWEN,4,sp600_smallcap,"Clearway Energy, Inc. (Class C)",NYSE/NASDAQ,2026-05-09 18:25:49
CWEN.A,4,sp600_smallcap,"Clearway Energy, Inc. (Class A)",NYSE/NASDAQ,2026-05-09 18:25:49
CWK,4,sp600_smallcap,Cushman & Wakefield plc,NYSE/NASDAQ,2026-05-09 18:25:49
CWST,4,sp600_smallcap,"Casella Waste Systems, Inc.",NYSE/NASDAQ,2026-05-09 18:25:49
CWT,4,sp600_smallcap,California Water Service Group,NYSE/NASDAQ,2026-05-09 18:25:49
CXM,4,sp600_smallcap,"Sprinklr, Inc.",NYSE/NASDAQ,2026-05-09 18:25:49
CXW,4,sp600_smallcap,CoreCivic,NYSE/NASDAQ,2026-05-09 18:25:49
CZR,4,sp600_smallcap,Caesars Entertainment,NYSE/NASDAQ,2026-05-09 18:25:49
DAN,4,sp600_smallcap,Dana Incorporated,NYSE/NASDAQ,2026-05-09 18:25:49
DBD,4,sp600_smallcap,Diebold Nixdorf,NYSE/NASDAQ,2026-05-09 18:25:49
DCH,4,sp600_smallcap,Dauch Corporation,NYSE/NASDAQ,2026-05-09 18:25:49
DCOM,4,sp600_smallcap,"Dime Community Bancshares, Inc.",NYSE/NASDAQ,2026-05-09 18:25:49
DEA,4,sp600_smallcap,"Easterly Government Properties, Inc.",NYSE/NASDAQ,2026-05-09 18:25:49
DEI,4,sp600_smallcap,Douglas Emmett,NYSE/NASDAQ,2026-05-09 18:25:49
DFH,4,sp600_smallcap,"Dream Finders Homes, Inc.",NYSE/NASDAQ,2026-05-09 18:25:49
DFIN,4,sp600_smallcap,"Donnelley Financial Solutions, Inc.",NYSE/NASDAQ,2026-05-09 18:25:49
DGII,4,sp600_smallcap,Digi International Inc.,NYSE/NASDAQ,2026-05-09 18:25:49
DIOD,4,sp600_smallcap,Diodes Incorporated,NYSE/NASDAQ,2026-05-09 18:25:49
DLX,4,sp600_smallcap,Deluxe Corporation,NYSE/NASDAQ,2026-05-09 18:25:49
DNOW,4,sp600_smallcap,NOW Inc,NYSE/NASDAQ,2026-05-09 18:25:49
DORM,4,sp600_smallcap,"Dorman Products, Inc.",NYSE/NASDAQ,2026-05-09 18:25:49
DRH,4,sp600_smallcap,DiamondRock Hospitality Company,NYSE/NASDAQ,2026-05-09 18:25:49
DV,4,sp600_smallcap,"DoubleVerify Holdings, Inc.",NYSE/NASDAQ,2026-05-09 18:25:49
DXC,4,sp600_smallcap,DXC Technology,NYSE/NASDAQ,2026-05-09 18:25:49
DXPE,4,sp600_smallcap,"DXP Enterprises, Inc.",NYSE/NASDAQ,2026-05-09 18:25:49
EAT,4,sp600_smallcap,"Brinker International, Inc.",NYSE/NASDAQ,2026-05-09 18:25:49
ECG,4,sp600_smallcap,"Everus Construction Group, Inc.",NYSE/NASDAQ,2026-05-09 18:25:49
ECPG,4,sp600_smallcap,"Encore Capital Group, Inc.",NYSE/NASDAQ,2026-05-09 18:25:49
EFC,4,sp600_smallcap,"Ellington Financial, Inc.",NYSE/NASDAQ,2026-05-09 18:25:49
EGBN,4,sp600_smallcap,Eagle Bancorp Inc,NYSE/NASDAQ,2026-05-09 18:25:49
EIG,4,sp600_smallcap,"Employers Holdings, Inc.",NYSE/NASDAQ,2026-05-09 18:25:49
EMBC,4,sp600_smallcap,Embecta Corp.,NYSE/NASDAQ,2026-05-09 18:25:49
EMN,4,sp600_smallcap,Eastman Chemical Company,NYSE/NASDAQ,2026-05-09 18:25:49
ENOV,4,sp600_smallcap,Enovis,NYSE/NASDAQ,2026-05-09 18:25:49
ENPH,4,sp600_smallcap,Enphase Energy,NYSE/NASDAQ,2026-05-09 18:25:49
ENR,4,sp600_smallcap,Energizer,NYSE/NASDAQ,2026-05-09 18:25:49
ENVA,4,sp600_smallcap,"Enova International, Inc.",NYSE/NASDAQ,2026-05-09 18:25:49
EPAC,4,sp600_smallcap,Enerpac Tool Group,NYSE/NASDAQ,2026-05-09 18:25:49
EPC,4,sp600_smallcap,Edgewell Personal Care,NYSE/NASDAQ,2026-05-09 18:25:49
EPRT,4,sp600_smallcap,"Essential Properties Realty Trust, Inc.",NYSE/NASDAQ,2026-05-09 18:25:49
ESE,4,sp600_smallcap,ESCO Technologies Inc.,NYSE/NASDAQ,2026-05-09 18:25:49
ESI,4,sp600_smallcap,Element Solutions,NYSE/NASDAQ,2026-05-09 18:25:49
ETD,4,sp600_smallcap,"Ethan Allen Interiors, Inc.",NYSE/NASDAQ,2026-05-09 18:25:49
ETSY,4,sp600_smallcap,Etsy,NYSE/NASDAQ,2026-05-09 18:25:49
EVTC,4,sp600_smallcap,"EVERTEC, Inc.",NYSE/NASDAQ,2026-05-09 18:25:49
EXPI,4,sp600_smallcap,"eXp World Holdings, Inc.",NYSE/NASDAQ,2026-05-09 18:25:49
EXTR,4,sp600_smallcap,"Extreme Networks, Inc.",NYSE/NASDAQ,2026-05-09 18:25:49
EYE,4,sp600_smallcap,National Vision Holdings,NYSE/NASDAQ,2026-05-09 18:25:49
EZPW,4,sp600_smallcap,"EZCORP, Inc.",NYSE/NASDAQ,2026-05-09 18:25:49
FBK,4,sp600_smallcap,FB Financial Corp.,NYSE/NASDAQ,2026-05-09 18:25:49
FBNC,4,sp600_smallcap,First Bancorp (Southern Pines NC),NYSE/NASDAQ,2026-05-09 18:25:49
FBP,4,sp600_smallcap,First BanCorp (Puerto Rico),NYSE/NASDAQ,2026-05-09 18:25:49
FBRT,4,sp600_smallcap,"Franklin BSP Realty Trust, Inc.",NYSE/NASDAQ,2026-05-09 18:25:49
FCF,4,sp600_smallcap,"First Commonwealth Financial, Corp.",NYSE/NASDAQ,2026-05-09 18:25:49
FCPT,4,sp600_smallcap,"Four Corners Property Trust, Inc.",NYSE/NASDAQ,2026-05-09 18:25:49
FDP,4,sp600_smallcap,"Fresh Del Monte Produce, Inc.",NYSE/NASDAQ,2026-05-09 18:25:49
FELE,4,sp600_smallcap,Franklin Electric,NYSE/NASDAQ,2026-05-09 18:25:49
FFBC,4,sp600_smallcap,First Financial Bancorp.,NYSE/NASDAQ,2026-05-09 18:25:49
FHB,4,sp600_smallcap,"First Hawaiian, Inc.",NYSE/NASDAQ,2026-05-09 18:25:49
FIBK,4,sp600_smallcap,"First Interstate BancSystem, Inc.",NYSE/NASDAQ,2026-05-09 18:25:49
FIZZ,4,sp600_smallcap,National Beverage Corp.,NYSE/NASDAQ,2026-05-09 18:25:49
FMC,4,sp600_smallcap,FMC Corporation,NYSE/NASDAQ,2026-05-09 18:25:49
FORM,4,sp600_smallcap,"FormFactor, Inc.",NYSE/NASDAQ,2026-05-09 18:25:49
FOXF,4,sp600_smallcap,Fox Factory,NYSE/NASDAQ,2026-05-09 18:25:49
FRPT,4,sp600_smallcap,Freshpet,NYSE/NASDAQ,2026-05-09 18:25:49
FSS,4,sp600_smallcap,Federal Signal Corporation,NYSE/NASDAQ,2026-05-09 18:25:49
FTDR,4,sp600_smallcap,"Frontdoor, Inc.",NYSE/NASDAQ,2026-05-09 18:25:49
FTRE,4,sp600_smallcap,Fortrea,NYSE/NASDAQ,2026-05-09 18:25:49
FUL,4,sp600_smallcap,H.B. Fuller Company,NYSE/NASDAQ,2026-05-09 18:25:49
FULT,4,sp600_smallcap,Fulton Financial Corporation,NYSE/NASDAQ,2026-05-09 18:25:49
FUN,4,sp600_smallcap,Six Flags,NYSE/NASDAQ,2026-05-09 18:25:49
FWRD,4,sp600_smallcap,Forward Air Corp.,NYSE/NASDAQ,2026-05-09 18:25:49
GBX,4,sp600_smallcap,"The Greenbrier Companies, Inc.",NYSE/NASDAQ,2026-05-09 18:25:49
GDYN,4,sp600_smallcap,"Grid Dynamics Holdings, Inc.",NYSE/NASDAQ,2026-05-09 18:25:49
GEO,4,sp600_smallcap,"GEO Group, Inc.",NYSE/NASDAQ,2026-05-09 18:25:49
GFF,4,sp600_smallcap,Griffon Corporation,NYSE/NASDAQ,2026-05-09 18:25:49
GIII,4,sp600_smallcap,"G-III Apparel Group, Ltd.",NYSE/NASDAQ,2026-05-09 18:25:49
GKOS,4,sp600_smallcap,Glaukos Corp.,NYSE/NASDAQ,2026-05-09 18:25:49
GNL,4,sp600_smallcap,"Global Net Lease, Inc.",NYSE/NASDAQ,2026-05-09 18:25:49
GNW,4,sp600_smallcap,"Genworth Financial, Inc.",NYSE/NASDAQ,2026-05-09 18:25:49
GO,4,sp600_smallcap,Grocery Outlet,NYSE/NASDAQ,2026-05-09 18:25:49
GOGO,4,sp600_smallcap,"Gogo, Inc.",NYSE/NASDAQ,2026-05-09 18:25:49
GOLF,4,sp600_smallcap,Acushnet Company,NYSE/NASDAQ,2026-05-09 18:25:49
GPI,4,sp600_smallcap,"Group 1 Automotive, Inc.",NYSE/NASDAQ,2026-05-09 18:25:49
GRBK,4,sp600_smallcap,"Green Brick Partners, Inc.",NYSE/NASDAQ,2026-05-09 18:25:49
GSHD,4,sp600_smallcap,"Goosehead Insurance, Inc.",NYSE/NASDAQ,2026-05-09 18:25:49
GTES,4,sp600_smallcap,Gates Corporation,NYSE/NASDAQ,2026-05-09 18:25:49
GTM,4,sp600_smallcap,ZoomInfo,NYSE/NASDAQ,2026-05-09 18:25:49
GTY,4,sp600_smallcap,Getty Realty Corp.,NYSE/NASDAQ,2026-05-09 18:25:49
GVA,4,sp600_smallcap,"Granite Construction, Inc.",NYSE/NASDAQ,2026-05-09 18:25:49
HAFC,4,sp600_smallcap,Hanmi Financial Corporation,NYSE/NASDAQ,2026-05-09 18:25:49
HASI,4,sp600_smallcap,"Hannon Armstrong Sustainable Infrastructure Capital, Inc.",NYSE/NASDAQ,2026-05-09 18:25:49
HAYW,4,sp600_smallcap,"Hayward Holdings, Inc.",NYSE/NASDAQ,2026-05-09 18:25:49
HCC,4,sp600_smallcap,"Warrior Met Coal, Inc.",NYSE/NASDAQ,2026-05-09 18:25:49
HCI,4,sp600_smallcap,"HCI Group, Inc.",NYSE/NASDAQ,2026-05-09 18:25:49
HCSG,4,sp600_smallcap,"Healthcare Services Group, Inc.",NYSE/NASDAQ,2026-05-09 18:25:49
HE,4,sp600_smallcap,"Hawaiian Electric Industries, Inc.",NYSE/NASDAQ,2026-05-09 18:25:49
HFWA,4,sp600_smallcap,Heritage Financial Corporation,NYSE/NASDAQ,2026-05-09 18:25:49
HIW,4,sp600_smallcap,Highwoods Properties,NYSE/NASDAQ,2026-05-09 18:25:49
HLIT,4,sp600_smallcap,Harmonic Inc.,NYSE/NASDAQ,2026-05-09 18:25:49
HLX,4,sp600_smallcap,"Helix Energy Solutions Group, Inc.",NYSE/NASDAQ,2026-05-09 18:25:49
HMN,4,sp600_smallcap,Horace Mann Educators Corporation,NYSE/NASDAQ,2026-05-09 18:25:49
HNI,4,sp600_smallcap,HNI Corporation,NYSE/NASDAQ,2026-05-09 18:25:49
HOPE,4,sp600_smallcap,"Hope Bancorp, Inc.",NYSE/NASDAQ,2026-05-09 18:25:49
HP,4,sp600_smallcap,"Helmerich & Payne, Inc.",NYSE/NASDAQ,2026-05-09 18:25:49
HRMY,4,sp600_smallcap,"Harmony Biosciences Holdings, Inc.",NYSE/NASDAQ,2026-05-09 18:25:49
HSTM,4,sp600_smallcap,"HealthStream, Inc.",NYSE/NASDAQ,2026-05-09 18:25:49
HTH,4,sp600_smallcap,Hilltop Holdings Inc.,NYSE/NASDAQ,2026-05-09 18:25:49
HTLD,4,sp600_smallcap,"Heartland Express, Inc.",NYSE/NASDAQ,2026-05-09 18:25:49
HTO,4,sp600_smallcap,H2O America,NYSE/NASDAQ,2026-05-09 18:25:49
HTZ,4,sp600_smallcap,Hertz,NYSE/NASDAQ,2026-05-09 18:25:49
HUBG,4,sp600_smallcap,"Hub Group, Inc.",NYSE/NASDAQ,2026-05-09 18:25:49
HWKN,4,sp600_smallcap,"Hawkins, Inc.",NYSE/NASDAQ,2026-05-09 18:25:49
HZO,4,sp600_smallcap,"MarineMax, Inc.",NYSE/NASDAQ,2026-05-09 18:25:49
IAC,4,sp600_smallcap,IAC Inc.,NYSE/NASDAQ,2026-05-09 18:25:49
IART,4,sp600_smallcap,Integra Lifesciences Holdings,NYSE/NASDAQ,2026-05-09 18:25:49
IBP,4,sp600_smallcap,"Installed Building Products, Inc.",NYSE/NASDAQ,2026-05-09 18:25:49
ICHR,4,sp600_smallcap,"Ichor Holdings, Ltd.",NYSE/NASDAQ,2026-05-09 18:25:49
ICUI,4,sp600_smallcap,ICU Medical,NYSE/NASDAQ,2026-05-09 18:25:49
IIIN,4,sp600_smallcap,"Insteel Industries, Inc.",NYSE/NASDAQ,2026-05-09 18:25:49
IIPR,4,sp600_smallcap,"Innovative Industrial Properties, Inc.",NYSE/NASDAQ,2026-05-09 18:25:49
INDB,4,sp600_smallcap,Independent Bank Corp.,NYSE/NASDAQ,2026-05-09 18:25:49
INDV,4,sp600_smallcap,Indivior,NYSE/NASDAQ,2026-05-09 18:25:49
INSP,4,sp600_smallcap,"Inspire Medical Systems, Inc.",NYSE/NASDAQ,2026-05-09 18:25:49
INSW,4,sp600_smallcap,"International Seaways, Inc.",NYSE/NASDAQ,2026-05-09 18:25:49
INVA,4,sp600_smallcap,"Innoviva, Inc.",NYSE/NASDAQ,2026-05-09 18:25:49
INVX,4,sp600_smallcap,"Innovex International, Inc.",NYSE/NASDAQ,2026-05-09 18:25:49
IOSP,4,sp600_smallcap,"Innospec, Inc.",NYSE/NASDAQ,2026-05-09 18:25:49
IPAR,4,sp600_smallcap,"Inter Parfums, Inc.",NYSE/NASDAQ,2026-05-09 18:25:49
IRDM,4,sp600_smallcap,Iridium Communications,NYSE/NASDAQ,2026-05-09 18:25:49
ITGR,4,sp600_smallcap,Integer Holdings Corporation,NYSE/NASDAQ,2026-05-09 18:25:49
ITRI,4,sp600_smallcap,"Itron, Inc.",NYSE/NASDAQ,2026-05-09 18:25:49
JBGS,4,sp600_smallcap,JBG Smith,NYSE/NASDAQ,2026-05-09 18:25:49
JBLU,4,sp600_smallcap,JetBlue,NYSE/NASDAQ,2026-05-09 18:25:49
JBSS,4,sp600_smallcap,"John B. Sanfilippo & Son, Inc.",NYSE/NASDAQ,2026-05-09 18:25:49
JBTM,4,sp600_smallcap,JBT Marel Corporation,NYSE/NASDAQ,2026-05-09 18:25:49
JJSF,4,sp600_smallcap,J&J Snack Foods Corp.,NYSE/NASDAQ,2026-05-09 18:25:49
JOE,4,sp600_smallcap,St. Joe Company,NYSE/NASDAQ,2026-05-09 18:25:49
JXN,4,sp600_smallcap,"Jackson Financial, Inc.",NYSE/NASDAQ,2026-05-09 18:25:49
KAI,4,sp600_smallcap,Kadant Inc.,NYSE/NASDAQ,2026-05-09 18:25:49
KALU,4,sp600_smallcap,Kaiser Aluminum Corporation,NYSE/NASDAQ,2026-05-09 18:25:49
KFY,4,sp600_smallcap,Korn/Ferry International,NYSE/NASDAQ,2026-05-09 18:25:49
KGS,4,sp600_smallcap,"Kodiak Gas Services, Inc.",NYSE/NASDAQ,2026-05-09 18:25:49
KLIC,4,sp600_smallcap,"Kulicke and Soffa Industries, Inc.",NYSE/NASDAQ,2026-05-09 18:25:49
KMPR,4,sp600_smallcap,Kemper Corporation,NYSE/NASDAQ,2026-05-09 18:25:49
KMT,4,sp600_smallcap,Kennametal,NYSE/NASDAQ,2026-05-09 18:25:49
KMX,4,sp600_smallcap,"CarMax, Inc.",NYSE/NASDAQ,2026-05-09 18:25:49
KN,4,sp600_smallcap,Knowles Corporation,NYSE/NASDAQ,2026-05-09 18:25:49
KNTK,4,sp600_smallcap,"Kinetik Holdings, Inc.",NYSE/NASDAQ,2026-05-09 18:25:49
KOP,4,sp600_smallcap,"Koppers Holdings, Inc.",NYSE/NASDAQ,2026-05-09 18:25:49
KRYS,4,sp600_smallcap,"Krystal Biotech, Inc.",NYSE/NASDAQ,2026-05-09 18:25:49
KSS,4,sp600_smallcap,Kohl's Corp.,NYSE/NASDAQ,2026-05-09 18:25:49
KTB,4,sp600_smallcap,Kontoor Brands,NYSE/NASDAQ,2026-05-09 18:25:49
KW,4,sp600_smallcap,"Kennedy-Wilson Holdings, Inc.",NYSE/NASDAQ,2026-05-09 18:25:49
KWR,4,sp600_smallcap,Quaker Chemical Corporation,NYSE/NASDAQ,2026-05-09 18:25:49
LAUR,4,sp600_smallcap,"Laureate Education, Inc.",NYSE/NASDAQ,2026-05-09 18:25:49
LBRT,4,sp600_smallcap,"Liberty Energy, Inc.",NYSE/NASDAQ,2026-05-09 18:25:49
LCII,4,sp600_smallcap,LCI Industries,NYSE/NASDAQ,2026-05-09 18:25:49
LEG,4,sp600_smallcap,Leggett & Platt,NYSE/NASDAQ,2026-05-09 18:25:49
LFST,4,sp600_smallcap,Lifestance Health,NYSE/NASDAQ,2026-05-09 18:25:49
LGIH,4,sp600_smallcap,LGI Homes,NYSE/NASDAQ,2026-05-09 18:25:49
LGND,4,sp600_smallcap,"Ligand Pharmaceuticals, Inc.",NYSE/NASDAQ,2026-05-09 18:25:49
LIF,4,sp600_smallcap,Life360,NYSE/NASDAQ,2026-05-09 18:25:49
LKFN,4,sp600_smallcap,Lakeland Financial,NYSE/NASDAQ,2026-05-09 18:25:49
LKQ,4,sp600_smallcap,LKQ Corporation,NYSE/NASDAQ,2026-05-09 18:25:49
LMAT,4,sp600_smallcap,LeMaitre Vascular,NYSE/NASDAQ,2026-05-09 18:25:49
LNC,4,sp600_smallcap,Lincoln Financial,NYSE/NASDAQ,2026-05-09 18:25:49
LNN,4,sp600_smallcap,Lindsay Corporation,NYSE/NASDAQ,2026-05-09 18:25:49
LPG,4,sp600_smallcap,Dorian LPG Ltd.,NYSE/NASDAQ,2026-05-09 18:25:49
LQDT,4,sp600_smallcap,"Liquidity Services, Inc.",NYSE/NASDAQ,2026-05-09 18:25:49
LRN,4,sp600_smallcap,"Stride, Inc.",NYSE/NASDAQ,2026-05-09 18:25:49
LTC,4,sp600_smallcap,"LTC Properties, Inc.",NYSE/NASDAQ,2026-05-09 18:25:49
LTH,4,sp600_smallcap,"Life Time Group Holdings, Inc.",NYSE/NASDAQ,2026-05-09 18:25:49
LUMN,4,sp600_smallcap,Lumen Technologies,NYSE/NASDAQ,2026-05-09 18:25:49
LW,4,sp600_smallcap,Lamb Weston,NYSE/NASDAQ,2026-05-09 18:25:49
LXP,4,sp600_smallcap,Lexington Realty Trust,NYSE/NASDAQ,2026-05-09 18:25:49
LYFT,4,sp600_smallcap,"Lyft, Inc.",NYSE/NASDAQ,2026-05-09 18:25:49
LZ,4,sp600_smallcap,"LegalZoom.com, Inc.",NYSE/NASDAQ,2026-05-09 18:25:49
LZB,4,sp600_smallcap,"La-Z-Boy, Inc.",NYSE/NASDAQ,2026-05-09 18:25:49
MAC,4,sp600_smallcap,Macerich,NYSE/NASDAQ,2026-05-09 18:25:49
MAN,4,sp600_smallcap,ManpowerGroup,NYSE/NASDAQ,2026-05-09 18:25:49
MARA,4,sp600_smallcap,"MARA Holdings, Inc.",NYSE/NASDAQ,2026-05-09 18:25:49
MATW,4,sp600_smallcap,Matthews International Corporation,NYSE/NASDAQ,2026-05-09 18:25:49
MATX,4,sp600_smallcap,"Matson, Inc.",NYSE/NASDAQ,2026-05-09 18:25:49
MBC,4,sp600_smallcap,"MasterBrand, Inc.",NYSE/NASDAQ,2026-05-09 18:25:49
MBIN,4,sp600_smallcap,Merchants Bancorp,NYSE/NASDAQ,2026-05-09 18:25:49
MC,4,sp600_smallcap,Moelis & Company,NYSE/NASDAQ,2026-05-09 18:25:49
MCRI,4,sp600_smallcap,"Monarch Casino & Resort, Inc.",NYSE/NASDAQ,2026-05-09 18:25:49
MCW,4,sp600_smallcap,"Mister Car Wash, Inc.",NYSE/NASDAQ,2026-05-09 18:25:49
MCY,4,sp600_smallcap,Mercury General,NYSE/NASDAQ,2026-05-09 18:25:49
MD,4,sp600_smallcap,Pediatrix Medical Group,NYSE/NASDAQ,2026-05-09 18:25:49
MDU,4,sp600_smallcap,"MDU Resources Group, Inc.",NYSE/NASDAQ,2026-05-09 18:25:49
MGEE,4,sp600_smallcap,"MGE Energy, Inc.",NYSE/NASDAQ,2026-05-09 18:25:49
MGY,4,sp600_smallcap,"Magnolia Oil & Gas, Corp.",NYSE/NASDAQ,2026-05-09 18:25:49
MHK,4,sp600_smallcap,Mohawk Industries,NYSE/NASDAQ,2026-05-09 18:25:49
MHO,4,sp600_smallcap,"M/I Homes, Inc.",NYSE/NASDAQ,2026-05-09 18:25:49
MIR,4,sp600_smallcap,"Mirion Technologies, Inc.",NYSE/NASDAQ,2026-05-09 18:25:49
MKTX,4,sp600_smallcap,MarketAxess,NYSE/NASDAQ,2026-05-09 18:25:49
MLKN,4,sp600_smallcap,"MillerKnoll, Inc.",NYSE/NASDAQ,2026-05-09 18:25:49
MMI,4,sp600_smallcap,"Marcus & Millichap, Inc.",NYSE/NASDAQ,2026-05-09 18:25:49
MMSI,4,sp600_smallcap,"Merit Medical Systems, Inc.",NYSE/NASDAQ,2026-05-09 18:25:49
MNRO,4,sp600_smallcap,"Monro, Inc.",NYSE/NASDAQ,2026-05-09 18:25:49
MOH,4,sp600_smallcap,Molina Healthcare,NYSE/NASDAQ,2026-05-09 18:25:49
MPT,4,sp600_smallcap,Medical Properties Trust,NYSE/NASDAQ,2026-05-09 18:25:49
MRCY,4,sp600_smallcap,Mercury Systems,NYSE/NASDAQ,2026-05-09 18:25:49
MRP,4,sp600_smallcap,"Millrose Properties, Inc.",NYSE/NASDAQ,2026-05-09 18:25:49
MRTN,4,sp600_smallcap,"Marten Transport, Ltd.",NYSE/NASDAQ,2026-05-09 18:25:49
MSEX,4,sp600_smallcap,Middlesex Water Company,NYSE/NASDAQ,2026-05-09 18:25:49
MSGS,4,sp600_smallcap,Madison Square Garden Sports Corp.,NYSE/NASDAQ,2026-05-09 18:25:49
MTCH,4,sp600_smallcap,Match Group,NYSE/NASDAQ,2026-05-09 18:25:49
MTH,4,sp600_smallcap,Meritage Homes Corporation,NYSE/NASDAQ,2026-05-09 18:25:49
MTRN,4,sp600_smallcap,Materion Corp.,NYSE/NASDAQ,2026-05-09 18:25:49
MTUS,4,sp600_smallcap,Metallus Inc,NYSE/NASDAQ,2026-05-09 18:25:49
MTX,4,sp600_smallcap,Minerals Technologies,NYSE/NASDAQ,2026-05-09 18:25:49
MWA,4,sp600_smallcap,Mueller Water Products,NYSE/NASDAQ,2026-05-09 18:25:49
MXL,4,sp600_smallcap,"MaxLinear, Inc.",NYSE/NASDAQ,2026-05-09 18:25:49
MYRG,4,sp600_smallcap,"MYR Group, Inc.",NYSE/NASDAQ,2026-05-09 18:25:49
NABL,4,sp600_smallcap,"N-able, Inc.",NYSE/NASDAQ,2026-05-09 18:25:49
NATL,4,sp600_smallcap,NCR Atleos,NYSE/NASDAQ,2026-05-09 18:25:49
NAVI,4,sp600_smallcap,Navient,NYSE/NASDAQ,2026-05-09 18:25:49
NBHC,4,sp600_smallcap,National Bank Holdings Corporation,NYSE/NASDAQ,2026-05-09 18:25:49
NBTB,4,sp600_smallcap,"NBT Bancorp, Inc.",NYSE/NASDAQ,2026-05-09 18:25:49
NE,4,sp600_smallcap,Noble Corporation,NYSE/NASDAQ,2026-05-09 18:25:49
NEO,4,sp600_smallcap,"NeoGenomics Laboratories, Inc.",NYSE/NASDAQ,2026-05-09 18:25:49
NEOG,4,sp600_smallcap,Neogen,NYSE/NASDAQ,2026-05-09 18:25:49
NGVT,4,sp600_smallcap,"Ingevity, Corp.",NYSE/NASDAQ,2026-05-09 18:25:49
NHC,4,sp600_smallcap,"National Healthcare, Corp.",NYSE/NASDAQ,2026-05-09 18:25:49
NMIH,4,sp600_smallcap,"NMI Holdings, Inc.",NYSE/NASDAQ,2026-05-09 18:25:49
NOG,4,sp600_smallcap,"Northern Oil and Gas, Inc.",NYSE/NASDAQ,2026-05-09 18:25:49
NPK,4,sp600_smallcap,"National Presto Industries, Inc.",NYSE/NASDAQ,2026-05-09 18:25:49
NPO,4,sp600_smallcap,"EnPro Industries, Inc.",NYSE/NASDAQ,2026-05-09 18:25:49
NSIT,4,sp600_smallcap,"Insight Enterprises, Inc.",NYSE/NASDAQ,2026-05-09 18:25:49
NSP,4,sp600_smallcap,Insperity,NYSE/NASDAQ,2026-05-09 18:25:49
NSSC,4,sp600_smallcap,Napco Security Technologies,NYSE/NASDAQ,2026-05-09 18:25:49
NTCT,4,sp600_smallcap,"NETSCOUT Systems, Inc.",NYSE/NASDAQ,2026-05-09 18:25:49
NVRI,4,sp600_smallcap,Enviri Corporation,NYSE/NASDAQ,2026-05-09 18:25:49
NWBI,4,sp600_smallcap,"Northwest Bancshares, Inc.",NYSE/NASDAQ,2026-05-09 18:25:49
NWL,4,sp600_smallcap,Newell Brands,NYSE/NASDAQ,2026-05-09 18:25:49
NWN,4,sp600_smallcap,NW Natural,NYSE/NASDAQ,2026-05-09 18:25:49
NX,4,sp600_smallcap,Quanex Building Products Corporation,NYSE/NASDAQ,2026-05-09 18:25:49
NXRT,4,sp600_smallcap,"NexPoint Residential Trust, Inc.",NYSE/NASDAQ,2026-05-09 18:25:49
OFG,4,sp600_smallcap,OFG Bancorp,NYSE/NASDAQ,2026-05-09 18:25:49
OGN,4,sp600_smallcap,Organon & Co.,NYSE/NASDAQ,2026-05-09 18:25:49
OI,4,sp600_smallcap,"O-I Glass, Inc.",NYSE/NASDAQ,2026-05-09 18:25:49
OII,4,sp600_smallcap,"Oceaneering International, Inc.",NYSE/NASDAQ,2026-05-09 18:25:49
OMCL,4,sp600_smallcap,Omnicell,NYSE/NASDAQ,2026-05-09 18:25:49
OPLN,4,sp600_smallcap,"OPENLANE, Inc.",NYSE/NASDAQ,2026-05-09 18:25:49
OSIS,4,sp600_smallcap,"OSI Systems, Inc.",NYSE/NASDAQ,2026-05-09 18:25:49
OSW,4,sp600_smallcap,OneSpaWorld Holdings Limited,NYSE/NASDAQ,2026-05-09 18:25:49
OTTR,4,sp600_smallcap,Otter Tail Corporation,NYSE/NASDAQ,2026-05-09 18:25:49
OUT,4,sp600_smallcap,Outfront Media,NYSE/NASDAQ,2026-05-09 18:25:49
OXM,4,sp600_smallcap,"Oxford Industries, Inc.",NYSE/NASDAQ,2026-05-09 18:25:49
PAHC,4,sp600_smallcap,Phibro Animal Health,NYSE/NASDAQ,2026-05-09 18:25:49
PARR,4,sp600_smallcap,"Par Pacific Holdings, Inc.",NYSE/NASDAQ,2026-05-09 18:25:49
PATK,4,sp600_smallcap,"Patrick Industries, Inc.",NYSE/NASDAQ,2026-05-09 18:25:49
PAYC,4,sp600_smallcap,Paycom,NYSE/NASDAQ,2026-05-09 18:25:49
PAYO,4,sp600_smallcap,Payoneer Global Inc.,NYSE/NASDAQ,2026-05-09 18:25:49
PBH,4,sp600_smallcap,Prestige Consumer Healthcare,NYSE/NASDAQ,2026-05-09 18:25:49
PBI,4,sp600_smallcap,"Pitney Bowes, Inc.",NYSE/NASDAQ,2026-05-09 18:25:49
PCRX,4,sp600_smallcap,"Pacira BioSciences, Inc.",NYSE/NASDAQ,2026-05-09 18:25:49
PDFS,4,sp600_smallcap,"PDF Solutions, Inc.",NYSE/NASDAQ,2026-05-09 18:25:49
PEB,4,sp600_smallcap,Pebblebrook Hotel Trust,NYSE/NASDAQ,2026-05-09 18:25:49
PECO,4,sp600_smallcap,Phillips Edison & Company,NYSE/NASDAQ,2026-05-09 18:25:49
PENG,4,sp600_smallcap,"Penguin Solutions, Inc.",NYSE/NASDAQ,2026-05-09 18:25:49
PENN,4,sp600_smallcap,Penn Entertainment,NYSE/NASDAQ,2026-05-09 18:25:49
PFBC,4,sp600_smallcap,Preferred Bank,NYSE/NASDAQ,2026-05-09 18:25:49
PFS,4,sp600_smallcap,"Provident Financial Services, Inc.",NYSE/NASDAQ,2026-05-09 18:25:49
PGNY,4,sp600_smallcap,Progyny,NYSE/NASDAQ,2026-05-09 18:25:49
PHIN,4,sp600_smallcap,"PHINIA, Inc.",NYSE/NASDAQ,2026-05-09 18:25:49
PI,4,sp600_smallcap,"Impinj, Inc.",NYSE/NASDAQ,2026-05-09 18:25:49
PIPR,4,sp600_smallcap,Piper Sandler Companies,NYSE/NASDAQ,2026-05-09 18:25:49
PJT,4,sp600_smallcap,"PJT Partners, Inc.",NYSE/NASDAQ,2026-05-09 18:25:49
PLAB,4,sp600_smallcap,"Photronics, Inc.",NYSE/NASDAQ,2026-05-09 18:25:49
PLMR,4,sp600_smallcap,"Palomar Holdings, Inc.",NYSE/NASDAQ,2026-05-09 18:25:49
PLUS,4,sp600_smallcap,"ePlus, Inc.",NYSE/NASDAQ,2026-05-09 18:25:49
PLXS,4,sp600_smallcap,Plexus Corp.,NYSE/NASDAQ,2026-05-09 18:25:49
PMT,4,sp600_smallcap,PennyMac Mortgage Investment Trust,NYSE/NASDAQ,2026-05-09 18:25:49
POWI,4,sp600_smallcap,Power Integrations,NYSE/NASDAQ,2026-05-09 18:25:49
POWL,4,sp600_smallcap,"Powell Industries, Inc.",NYSE/NASDAQ,2026-05-09 18:25:49
PRA,4,sp600_smallcap,ProAssurance Corporation,NYSE/NASDAQ,2026-05-09 18:25:49
PRAA,4,sp600_smallcap,"PRA Group, Inc.",NYSE/NASDAQ,2026-05-09 18:25:49
PRDO,4,sp600_smallcap,Perdoceo Education Corp.,NYSE/NASDAQ,2026-05-09 18:25:49
PRG,4,sp600_smallcap,"PROG Holdings, Inc.",NYSE/NASDAQ,2026-05-09 18:25:49
PRGO,4,sp600_smallcap,Perrigo,NYSE/NASDAQ,2026-05-09 18:25:49
PRGS,4,sp600_smallcap,Progress Software Corporation,NYSE/NASDAQ,2026-05-09 18:25:49
PRIM,4,sp600_smallcap,Primoris Services Corporation,NYSE/NASDAQ,2026-05-09 18:25:49
PRK,4,sp600_smallcap,Park National Corp.,NYSE/NASDAQ,2026-05-09 18:25:49
PRKS,4,sp600_smallcap,United Parks & Resorts,NYSE/NASDAQ,2026-05-09 18:25:49
PRLB,4,sp600_smallcap,Protolabs,NYSE/NASDAQ,2026-05-09 18:25:49
PRSU,4,sp600_smallcap,"Pursuit Attractions & Hospitality, Inc.",NYSE/NASDAQ,2026-05-09 18:25:49
PRVA,4,sp600_smallcap,"Privia Health Group, Inc.",NYSE/NASDAQ,2026-05-09 18:25:49
PSMT,4,sp600_smallcap,PriceSmart,NYSE/NASDAQ,2026-05-09 18:25:49
PTCT,4,sp600_smallcap,"PTC Therapeutics, Inc.",NYSE/NASDAQ,2026-05-09 18:25:49
PTEN,4,sp600_smallcap,"Patterson-UTI Energy, Inc.",NYSE/NASDAQ,2026-05-09 18:25:49
PTGX,4,sp600_smallcap,"Protagonist Therapeutics, Inc.",NYSE/NASDAQ,2026-05-09 18:25:49
PZZA,4,sp600_smallcap,Papa John's Pizza,NYSE/NASDAQ,2026-05-09 18:25:49
QDEL,4,sp600_smallcap,QuidelOrtho,NYSE/NASDAQ,2026-05-09 18:25:49
QNST,4,sp600_smallcap,"QuinStreet, Inc.",NYSE/NASDAQ,2026-05-09 18:25:49
QRVO,4,sp600_smallcap,Qorvo,NYSE/NASDAQ,2026-05-09 18:25:49
QTWO,4,sp600_smallcap,"Q2 Holdings, Inc.",NYSE/NASDAQ,2026-05-09 18:25:49
RAL,4,sp600_smallcap,Ralliant Corp,NYSE/NASDAQ,2026-05-09 18:25:49
RAMP,4,sp600_smallcap,"LiveRamp Holdings, Inc.",NYSE/NASDAQ,2026-05-09 18:25:49
RCUS,4,sp600_smallcap,"Arcus Biosciences, Inc.",NYSE/NASDAQ,2026-05-09 18:25:49
RDN,4,sp600_smallcap,"Radian Group, Inc.",NYSE/NASDAQ,2026-05-09 18:25:49
RDNT,4,sp600_smallcap,"RadNet, Inc.",NYSE/NASDAQ,2026-05-09 18:25:49
RES,4,sp600_smallcap,"RPC, Inc.",NYSE/NASDAQ,2026-05-09 18:25:49
REX,4,sp600_smallcap,REX American Resources Corporation,NYSE/NASDAQ,2026-05-09 18:25:49
REYN,4,sp600_smallcap,Reynolds Consumer Products,NYSE/NASDAQ,2026-05-09 18:25:49
REZI,4,sp600_smallcap,"Resideo Technologies, Inc.",NYSE/NASDAQ,2026-05-09 18:25:49
RHI,4,sp600_smallcap,Robert Half,NYSE/NASDAQ,2026-05-09 18:25:49
RHP,4,sp600_smallcap,Ryman Hospitality Properties,NYSE/NASDAQ,2026-05-09 18:25:49
RITM,4,sp600_smallcap,Rithm Capital,NYSE/NASDAQ,2026-05-09 18:25:49
RNG,4,sp600_smallcap,"RingCentral, Inc.",NYSE/NASDAQ,2026-05-09 18:25:49
RNST,4,sp600_smallcap,Renasant Corp.,NYSE/NASDAQ,2026-05-09 18:25:49
ROCK,4,sp600_smallcap,"Gibraltar Industries, Inc.",NYSE/NASDAQ,2026-05-09 18:25:49
ROG,4,sp600_smallcap,Rogers Corporation,NYSE/NASDAQ,2026-05-09 18:25:49
RRR,4,sp600_smallcap,"Red Rock Resorts, Inc.",NYSE/NASDAQ,2026-05-09 18:25:49
RUN,4,sp600_smallcap,Sunrun,NYSE/NASDAQ,2026-05-09 18:25:49
RUSHA,4,sp600_smallcap,Rush Enterprises,NYSE/NASDAQ,2026-05-09 18:25:49
RWT,4,sp600_smallcap,"Redwood Trust, Inc.",NYSE/NASDAQ,2026-05-09 18:25:49
RXO,4,sp600_smallcap,"RXO, Inc.",NYSE/NASDAQ,2026-05-09 18:25:49
SABR,4,sp600_smallcap,Sabre,NYSE/NASDAQ,2026-05-09 18:25:49
SAFE,4,sp600_smallcap,"Safehold, Inc.",NYSE/NASDAQ,2026-05-09 18:25:49
SAFT,4,sp600_smallcap,"Safety Insurance Group, Inc.",NYSE/NASDAQ,2026-05-09 18:25:49
SAH,4,sp600_smallcap,"Sonic Automotive, Inc.",NYSE/NASDAQ,2026-05-09 18:25:49
SANM,4,sp600_smallcap,Sanmina Corporation,NYSE/NASDAQ,2026-05-09 18:25:49
SBCF,4,sp600_smallcap,Seacoast Banking Corporation of Florida,NYSE/NASDAQ,2026-05-09 18:25:49
SBH,4,sp600_smallcap,"Sally Beauty Holdings, Inc.",NYSE/NASDAQ,2026-05-09 18:25:49
SBSI,4,sp600_smallcap,"Southside Bancshares, Inc.",NYSE/NASDAQ,2026-05-09 18:25:49
SCHL,4,sp600_smallcap,Scholastic Corporation,NYSE/NASDAQ,2026-05-09 18:25:49
SCL,4,sp600_smallcap,Stepan Company,NYSE/NASDAQ,2026-05-09 18:25:49
SCSC,4,sp600_smallcap,"ScanSource, Inc.",NYSE/NASDAQ,2026-05-09 18:25:49
SDGR,4,sp600_smallcap,"Schrödinger, Inc.",NYSE/NASDAQ,2026-05-09 18:25:49
SEDG,4,sp600_smallcap,SolarEdge,NYSE/NASDAQ,2026-05-09 18:25:49
SEM,4,sp600_smallcap,"Select Medical Holdings, Corp.",NYSE/NASDAQ,2026-05-09 18:25:49
SEZL,4,sp600_smallcap,Sezzle,NYSE/NASDAQ,2026-05-09 18:25:49
SFBS,4,sp600_smallcap,"ServisFirst Bancshares, Inc.",NYSE/NASDAQ,2026-05-09 18:25:49
SFNC,4,sp600_smallcap,Simmons First National Corporation,NYSE/NASDAQ,2026-05-09 18:25:49
SHAK,4,sp600_smallcap,"Shake Shack, Inc.",NYSE/NASDAQ,2026-05-09 18:25:49
SHEN,4,sp600_smallcap,Shenandoah Telecommunications Co,NYSE/NASDAQ,2026-05-09 18:25:49
SHO,4,sp600_smallcap,"Sunstone Hotel Investors, Inc.",NYSE/NASDAQ,2026-05-09 18:25:49
SHOO,4,sp600_smallcap,"Steven Madden, Ltd.",NYSE/NASDAQ,2026-05-09 18:25:49
SIG,4,sp600_smallcap,Signet Jewelers,NYSE/NASDAQ,2026-05-09 18:25:49
SKT,4,sp600_smallcap,"Tanger Factory Outlet Centers, Inc.",NYSE/NASDAQ,2026-05-09 18:25:49
SKY,4,sp600_smallcap,"Champion Homes, Inc.",NYSE/NASDAQ,2026-05-09 18:25:49
SKYW,4,sp600_smallcap,"SkyWest, Inc.",NYSE/NASDAQ,2026-05-09 18:25:49
SLG,4,sp600_smallcap,SL Green Realty,NYSE/NASDAQ,2026-05-09 18:25:49
SLVM,4,sp600_smallcap,Sylvamo Corp.,NYSE/NASDAQ,2026-05-09 18:25:49
SM,4,sp600_smallcap,SM Energy Company,NYSE/NASDAQ,2026-05-09 18:25:49
SMP,4,sp600_smallcap,"Standard Motor Products, Inc.",NYSE/NASDAQ,2026-05-09 18:25:49
SMPL,4,sp600_smallcap,Simply Good Foods Company,NYSE/NASDAQ,2026-05-09 18:25:49
SMTC,4,sp600_smallcap,Semtech Corporation,NYSE/NASDAQ,2026-05-09 18:25:49
SNCY,4,sp600_smallcap,Sun Country Airlines,NYSE/NASDAQ,2026-05-09 18:25:49
SNDR,4,sp600_smallcap,Schneider National,NYSE/NASDAQ,2026-05-09 18:25:49
SNEX,4,sp600_smallcap,StoneX Group Inc.,NYSE/NASDAQ,2026-05-09 18:25:49
SONO,4,sp600_smallcap,"Sonos, Inc.",NYSE/NASDAQ,2026-05-09 18:25:49
SPHR,4,sp600_smallcap,Sphere Entertainment,NYSE/NASDAQ,2026-05-09 18:25:49
SPNT,4,sp600_smallcap,SiriusPoint Ltd.,NYSE/NASDAQ,2026-05-09 18:25:49
SPSC,4,sp600_smallcap,"SPS Commerce, Inc.",NYSE/NASDAQ,2026-05-09 18:25:49
SRPT,4,sp600_smallcap,Sarepta Therapeutics,NYSE/NASDAQ,2026-05-09 18:25:49
SSTK,4,sp600_smallcap,"Shutterstock, Inc.",NYSE/NASDAQ,2026-05-09 18:25:49
STAA,4,sp600_smallcap,STAAR Surgical Company,NYSE/NASDAQ,2026-05-09 18:25:49
STBA,4,sp600_smallcap,"S&T Bancorp, Inc.",NYSE/NASDAQ,2026-05-09 18:25:49
STC,4,sp600_smallcap,Stewart Information Services Corporation,NYSE/NASDAQ,2026-05-09 18:25:49
STEL,4,sp600_smallcap,"Stellar Bancorp, Inc.",NYSE/NASDAQ,2026-05-09 18:25:49
STEP,4,sp600_smallcap,StepStone Group,NYSE/NASDAQ,2026-05-09 18:25:49
STRA,4,sp600_smallcap,"Strategic Education, Inc.",NYSE/NASDAQ,2026-05-09 18:25:49
SUPN,4,sp600_smallcap,"Supernus Pharmaceuticals, Inc.",NYSE/NASDAQ,2026-05-09 18:25:49
SXI,4,sp600_smallcap,Standex International Corporation,NYSE/NASDAQ,2026-05-09 18:25:49
SXT,4,sp600_smallcap,Sensient Technologies,NYSE/NASDAQ,2026-05-09 18:25:49
TALO,4,sp600_smallcap,"Talos Energy, Inc.",NYSE/NASDAQ,2026-05-09 18:25:49
TBBK,4,sp600_smallcap,"The Bancorp, Inc.",NYSE/NASDAQ,2026-05-09 18:25:49
TDC,4,sp600_smallcap,Teradata,NYSE/NASDAQ,2026-05-09 18:25:49
TDS,4,sp600_smallcap,"Telephone and Data Systems, Inc.",NYSE/NASDAQ,2026-05-09 18:25:49
TDW,4,sp600_smallcap,"Tidewater, Inc.",NYSE/NASDAQ,2026-05-09 18:25:49
TFIN,4,sp600_smallcap,"Triumph Bancorp, Inc.",NYSE/NASDAQ,2026-05-09 18:25:49
TFX,4,sp600_smallcap,Teleflex,NYSE/NASDAQ,2026-05-09 18:25:49
TGTX,4,sp600_smallcap,"TG Therapeutics, Inc.",NYSE/NASDAQ,2026-05-09 18:25:49
THRM,4,sp600_smallcap,Gentherm Incorporated,NYSE/NASDAQ,2026-05-09 18:25:49
TILE,4,sp600_smallcap,"Interface, Inc.",NYSE/NASDAQ,2026-05-09 18:25:49
TMDX,4,sp600_smallcap,"TransMedics Group, Inc.",NYSE/NASDAQ,2026-05-09 18:25:49
TMP,4,sp600_smallcap,Tompkins Financial Corporation,NYSE/NASDAQ,2026-05-09 18:25:49
TNC,4,sp600_smallcap,Tennant Company,NYSE/NASDAQ,2026-05-09 18:25:49
TNDM,4,sp600_smallcap,Tandem Diabetes Care,NYSE/NASDAQ,2026-05-09 18:25:49
TPH,4,sp600_smallcap,"Tri Pointe Homes, Inc.",NYSE/NASDAQ,2026-05-09 18:25:49
TR,4,sp600_smallcap,"Tootsie Roll Industries, Inc.",NYSE/NASDAQ,2026-05-09 18:25:49
TRIP,4,sp600_smallcap,TripAdvisor,NYSE/NASDAQ,2026-05-09 18:25:49
TRMK,4,sp600_smallcap,Trustmark Corp.,NYSE/NASDAQ,2026-05-09 18:25:49
TRN,4,sp600_smallcap,"Trinity Industries, Inc.",NYSE/NASDAQ,2026-05-09 18:25:49
TRNO,4,sp600_smallcap,Terreno Realty Corporation,NYSE/NASDAQ,2026-05-09 18:25:49
TRST,4,sp600_smallcap,TrustCo Bank Corp NY,NYSE/NASDAQ,2026-05-09 18:25:49
TRUP,4,sp600_smallcap,Trupanion,NYSE/NASDAQ,2026-05-09 18:25:49
TWO,4,sp600_smallcap,Two Harbors Investment Corp.,NYSE/NASDAQ,2026-05-09 18:25:49
UA,4,sp600_smallcap,Under Armour (Class C),NYSE/NASDAQ,2026-05-09 18:25:49
UAA,4,sp600_smallcap,Under Armour (Class A),NYSE/NASDAQ,2026-05-09 18:25:49
UCB,4,sp600_smallcap,"United Community Banks, Inc.",NYSE/NASDAQ,2026-05-09 18:25:49
UCTT,4,sp600_smallcap,"Ultra Clean Holdings, Inc.",NYSE/NASDAQ,2026-05-09 18:25:49
UE,4,sp600_smallcap,Urban Edge Properties,NYSE/NASDAQ,2026-05-09 18:25:49
UFCS,4,sp600_smallcap,"United Fire Group, Inc.",NYSE/NASDAQ,2026-05-09 18:25:49
UFPT,4,sp600_smallcap,"UFP Technologies, Inc.",NYSE/NASDAQ,2026-05-09 18:25:49
UHT,4,sp600_smallcap,Universal Health Realty Income Trust,NYSE/NASDAQ,2026-05-09 18:25:49
UNF,4,sp600_smallcap,UniFirst Corporation,NYSE/NASDAQ,2026-05-09 18:25:49
UNFI,4,sp600_smallcap,United Natural Foods Inc,NYSE/NASDAQ,2026-05-09 18:25:49
UNIT,4,sp600_smallcap,Uniti Group,NYSE/NASDAQ,2026-05-09 18:25:49
UPBD,4,sp600_smallcap,"Upbound Group, Inc.",NYSE/NASDAQ,2026-05-09 18:25:49
UPWK,4,sp600_smallcap,"Upwork, Inc.",NYSE/NASDAQ,2026-05-09 18:25:49
URBN,4,sp600_smallcap,"Urban Outfitters, Inc.",NYSE/NASDAQ,2026-05-09 18:25:49
USPH,4,sp600_smallcap,"U.S. Physical Therapy, Inc.",NYSE/NASDAQ,2026-05-09 18:25:49
UTL,4,sp600_smallcap,Unitil Corporation,NYSE/NASDAQ,2026-05-09 18:25:49
UVV,4,sp600_smallcap,Universal Corporation,NYSE/NASDAQ,2026-05-09 18:25:49
VAC,4,sp600_smallcap,Marriott Vacations Worldwide,NYSE/NASDAQ,2026-05-09 18:25:49
VCEL,4,sp600_smallcap,Vericel,NYSE/NASDAQ,2026-05-09 18:25:49
VCTR,4,sp600_smallcap,"Victory Capital Holdings, Inc.",NYSE/NASDAQ,2026-05-09 18:25:49
VCYT,4,sp600_smallcap,"Veracyte, Inc.",NYSE/NASDAQ,2026-05-09 18:25:49
VECO,4,sp600_smallcap,Veeco Instruments Inc.,NYSE/NASDAQ,2026-05-09 18:25:49
VGNT,4,sp600_smallcap,Versigent PLC,NYSE/NASDAQ,2026-05-09 18:25:49
VIAV,4,sp600_smallcap,VIAVI Solutions,NYSE/NASDAQ,2026-05-09 18:25:49
VIR,4,sp600_smallcap,"Vir Biotechnology, Inc.",NYSE/NASDAQ,2026-05-09 18:25:49
VIRT,4,sp600_smallcap,"Virtu Financial, Inc.",NYSE/NASDAQ,2026-05-09 18:25:49
VITL,4,sp600_smallcap,"Vital Farms, Inc.",NYSE/NASDAQ,2026-05-09 18:25:49
VRE,4,sp600_smallcap,"Veris Residential, Inc.",NYSE/NASDAQ,2026-05-09 18:25:49
VRRM,4,sp600_smallcap,Verra Mobility Corporation,NYSE/NASDAQ,2026-05-09 18:25:49
VRTS,4,sp600_smallcap,"Virtus Investment Partners, Inc.",NYSE/NASDAQ,2026-05-09 18:25:49
VSAT,4,sp600_smallcap,"Viasat, Inc.",NYSE/NASDAQ,2026-05-09 18:25:49
VSCO,4,sp600_smallcap,Victoria's Secret,NYSE/NASDAQ,2026-05-09 18:25:49
VSEC,4,sp600_smallcap,VSE Corporation,NYSE/NASDAQ,2026-05-09 18:25:49
VSH,4,sp600_smallcap,Vishay Intertechnology,NYSE/NASDAQ,2026-05-09 18:25:49
VSNT,4,sp600_smallcap,"Versant Media Group, Inc.",NYSE/NASDAQ,2026-05-09 18:25:49
VSTS,4,sp600_smallcap,Vestis,NYSE/NASDAQ,2026-05-09 18:25:49
VTOL,4,sp600_smallcap,Bristow Group Inc.,NYSE/NASDAQ,2026-05-09 18:25:49
VYX,4,sp600_smallcap,NCR Voyix,NYSE/NASDAQ,2026-05-09 18:25:49
WABC,4,sp600_smallcap,Westamerica Bank,NYSE/NASDAQ,2026-05-09 18:25:49
WAFD,4,sp600_smallcap,"WaFd, Inc.",NYSE/NASDAQ,2026-05-09 18:25:49
WAY,4,sp600_smallcap,Waystar Holding Corp,NYSE/NASDAQ,2026-05-09 18:25:49
WD,4,sp600_smallcap,"Walker & Dunlop, Inc.",NYSE/NASDAQ,2026-05-09 18:25:49
WDFC,4,sp600_smallcap,WD-40 Company,NYSE/NASDAQ,2026-05-09 18:25:49
WEN,4,sp600_smallcap,The Wendy's Company,NYSE/NASDAQ,2026-05-09 18:25:49
WERN,4,sp600_smallcap,Werner Enterprises,NYSE/NASDAQ,2026-05-09 18:25:49
WGO,4,sp600_smallcap,"Winnebago Industries, Inc.",NYSE/NASDAQ,2026-05-09 18:25:49
WHD,4,sp600_smallcap,"Cactus, Inc.",NYSE/NASDAQ,2026-05-09 18:25:49
WINA,4,sp600_smallcap,Winmark,NYSE/NASDAQ,2026-05-09 18:25:49
WKC,4,sp600_smallcap,World Kinect Corporation,NYSE/NASDAQ,2026-05-09 18:25:49
WLY,4,sp600_smallcap,John Wiley & Sons,NYSE/NASDAQ,2026-05-09 18:25:49
WOR,4,sp600_smallcap,Worthington Enterprises,NYSE/NASDAQ,2026-05-09 18:25:49
WRLD,4,sp600_smallcap,World Acceptance Corporation,NYSE/NASDAQ,2026-05-09 18:25:49
WS,4,sp600_smallcap,Worthington Steel,NYSE/NASDAQ,2026-05-09 18:25:49
WSC,4,sp600_smallcap,WillScot Holdings Corp.,NYSE/NASDAQ,2026-05-09 18:25:49
WSFS,4,sp600_smallcap,WSFS Financial Corporation,NYSE/NASDAQ,2026-05-09 18:25:49
WSR,4,sp600_smallcap,Whitestone REIT,NYSE/NASDAQ,2026-05-09 18:25:49
WT,4,sp600_smallcap,"WisdomTree Investments, Inc.",NYSE/NASDAQ,2026-05-09 18:25:49
WU,4,sp600_smallcap,Western Union,NYSE/NASDAQ,2026-05-09 18:25:49
WWW,4,sp600_smallcap,"Wolverine World Wide, Inc.",NYSE/NASDAQ,2026-05-09 18:25:49
XHR,4,sp600_smallcap,"Xenia Hotels & Resorts, Inc.",NYSE/NASDAQ,2026-05-09 18:25:49
XNCR,4,sp600_smallcap,Xencor Inc,NYSE/NASDAQ,2026-05-09 18:25:49
XPEL,4,sp600_smallcap,"XPEL, Inc.",NYSE/NASDAQ,2026-05-09 18:25:49
YELP,4,sp600_smallcap,"Yelp, Inc.",NYSE/NASDAQ,2026-05-09 18:25:49
YOU,4,sp600_smallcap,"Clear Secure, Inc.",NYSE/NASDAQ,2026-05-09 18:25:49
ZD,4,sp600_smallcap,Ziff Davis,NYSE/NASDAQ,2026-05-09 18:25:49
ZWS,4,sp600_smallcap,Zurn Elkay Water Solutions Corp.,NYSE/NASDAQ,2026-05-09 18:25:49
