2026-05-01 14:14:15,970 [INFO] scanner - Scanner 初始化完成，共 527 个标的
2026-05-01 14:14:15,971 [INFO] scanner - 配置: MAX_EXPIRY_DAYS=210, MIN_VOLUME=1, TURNOVER_ABS_THRESHOLD=$500,000
2026-05-01 14:14:15,971 [INFO] checkpoint - 任务状态：共 527 个标的，已完成 0 个，待处理 527 个
2026-05-01 14:14:15,971 [INFO] scanner - 开始全量扫描: 待处理 527 个标的
2026-05-01 14:14:15,971 [INFO] scanner - 已跳过（断点续跑）: 0 个
2026-05-01 14:14:15,971 [INFO] scanner - [1/527] US.QQQ  完成率 0%  预计剩余 计算中…
2026-05-01 14:14:15,971 [INFO] scanner - ──────────────────────────────────────────────────
2026-05-01 14:14:15,971 [INFO] scanner - 处理标的: US.QQQ
2026-05-01 14:14:15,971 [INFO] connection - 连接 OpenD  127.0.0.1:11111 ...
2026-05-01 14:14:15,985 [INFO] connection - 连接成功
2026-05-01 14:14:16,057 [INFO] scanner - US.QQQ 市值过大，pass
2026-05-01 14:14:16,057 [INFO] scanner - [STEP2] 获取 0 个合约快照…
2026-05-01 14:14:16,057 [WARNING] scanner - [STEP2] 合约列表为空，跳过
2026-05-01 14:14:16,057 [ERROR] scanner - [US.QQQ] 处理异常: 'option_type'
2026-05-01 14:14:16,060 [ERROR] scanner - Traceback (most recent call last):
  File "C:\Users\Administrator\AppData\Local\Programs\Python\Python312\Lib\site-packages\pandas\core\indexes\base.py", line 3641, in get_loc
    return self._engine.get_loc(casted_key)
           ^^^^^^^^^^^^^^^^^^^^^^^^^^^^^^^^
  File "pandas/_libs/index.pyx", line 168, in pandas._libs.index.IndexEngine.get_loc
  File "pandas/_libs/index.pyx", line 197, in pandas._libs.index.IndexEngine.get_loc
  File "pandas/_libs/hashtable_class_helper.pxi", line 7668, in pandas._libs.hashtable.PyObjectHashTable.get_item
  File "pandas/_libs/hashtable_class_helper.pxi", line 7676, in pandas._libs.hashtable.PyObjectHashTable.get_item
KeyError: 'option_type'

The above exception was the direct cause of the following exception:

Traceback (most recent call last):
  File "<input>", line 170, in step_run_single
  File "C:\Users\Administrator\AppData\Local\Programs\Python\Python312\Lib\site-packages\pandas\core\frame.py", line 4378, in __getitem__
    indexer = self.columns.get_loc(key)
              ^^^^^^^^^^^^^^^^^^^^^^^^^
  File "C:\Users\Administrator\AppData\Local\Programs\Python\Python312\Lib\site-packages\pandas\core\indexes\base.py", line 3648, in get_loc
    raise KeyError(key) from err
KeyError: 'option_type'

2026-05-01 14:14:16,062 [INFO] scanner - [2/527] US.SOXX  完成率 0%  预计剩余 0m47s
2026-05-01 14:14:16,063 [INFO] scanner - ──────────────────────────────────────────────────
2026-05-01 14:14:16,063 [INFO] scanner - 处理标的: US.SOXX
2026-05-01 14:14:16,192 [INFO] scanner - US.SOXX 市值过大，pass
2026-05-01 14:14:16,192 [INFO] scanner - [STEP2] 获取 0 个合约快照…
2026-05-01 14:14:16,193 [WARNING] scanner - [STEP2] 合约列表为空，跳过
2026-05-01 14:14:16,196 [ERROR] scanner - [US.SOXX] 处理异常: 'option_type'
2026-05-01 14:14:16,201 [ERROR] scanner - Traceback (most recent call last):
  File "C:\Users\Administrator\AppData\Local\Programs\Python\Python312\Lib\site-packages\pandas\core\indexes\base.py", line 3641, in get_loc
    return self._engine.get_loc(casted_key)
           ^^^^^^^^^^^^^^^^^^^^^^^^^^^^^^^^
  File "pandas/_libs/index.pyx", line 168, in pandas._libs.index.IndexEngine.get_loc
  File "pandas/_libs/index.pyx", line 197, in pandas._libs.index.IndexEngine.get_loc
  File "pandas/_libs/hashtable_class_helper.pxi", line 7668, in pandas._libs.hashtable.PyObjectHashTable.get_item
  File "pandas/_libs/hashtable_class_helper.pxi", line 7676, in pandas._libs.hashtable.PyObjectHashTable.get_item
KeyError: 'option_type'

The above exception was the direct cause of the following exception:

Traceback (most recent call last):
  File "<input>", line 170, in step_run_single
  File "C:\Users\Administrator\AppData\Local\Programs\Python\Python312\Lib\site-packages\pandas\core\frame.py", line 4378, in __getitem__
    indexer = self.columns.get_loc(key)
              ^^^^^^^^^^^^^^^^^^^^^^^^^
  File "C:\Users\Administrator\AppData\Local\Programs\Python\Python312\Lib\site-packages\pandas\core\indexes\base.py", line 3648, in get_loc
    raise KeyError(key) from err
KeyError: 'option_type'

2026-05-01 14:14:16,203 [INFO] checkpoint - 读取断点缓存：已完成 1 个标的
2026-05-01 14:14:16,212 [INFO] scanner - [3/527] US.AAPL  完成率 1%  预计剩余 1m03s
2026-05-01 14:14:16,213 [INFO] scanner - ──────────────────────────────────────────────────
2026-05-01 14:14:16,213 [INFO] scanner - 处理标的: US.AAPL
2026-05-01 14:14:16,361 [INFO] scanner - US.AAPL 市值过大，pass
2026-05-01 14:14:16,361 [INFO] scanner - [STEP2] 获取 0 个合约快照…
2026-05-01 14:14:16,361 [WARNING] scanner - [STEP2] 合约列表为空，跳过
2026-05-01 14:14:16,362 [ERROR] scanner - [US.AAPL] 处理异常: 'option_type'
2026-05-01 14:14:16,363 [ERROR] scanner - Traceback (most recent call last):
  File "C:\Users\Administrator\AppData\Local\Programs\Python\Python312\Lib\site-packages\pandas\core\indexes\base.py", line 3641, in get_loc
    return self._engine.get_loc(casted_key)
           ^^^^^^^^^^^^^^^^^^^^^^^^^^^^^^^^
  File "pandas/_libs/index.pyx", line 168, in pandas._libs.index.IndexEngine.get_loc
  File "pandas/_libs/index.pyx", line 197, in pandas._libs.index.IndexEngine.get_loc
  File "pandas/_libs/hashtable_class_helper.pxi", line 7668, in pandas._libs.hashtable.PyObjectHashTable.get_item
  File "pandas/_libs/hashtable_class_helper.pxi", line 7676, in pandas._libs.hashtable.PyObjectHashTable.get_item
KeyError: 'option_type'

The above exception was the direct cause of the following exception:

Traceback (most recent call last):
  File "<input>", line 170, in step_run_single
  File "C:\Users\Administrator\AppData\Local\Programs\Python\Python312\Lib\site-packages\pandas\core\frame.py", line 4378, in __getitem__
    indexer = self.columns.get_loc(key)
              ^^^^^^^^^^^^^^^^^^^^^^^^^
  File "C:\Users\Administrator\AppData\Local\Programs\Python\Python312\Lib\site-packages\pandas\core\indexes\base.py", line 3648, in get_loc
    raise KeyError(key) from err
KeyError: 'option_type'

2026-05-01 14:14:16,364 [INFO] checkpoint - 读取断点缓存：已完成 2 个标的
2026-05-01 14:14:16,364 [INFO] scanner - [4/527] US.AMD  完成率 1%  预计剩余 1m08s
2026-05-01 14:14:16,364 [INFO] scanner - ──────────────────────────────────────────────────
2026-05-01 14:14:16,364 [INFO] scanner - 处理标的: US.AMD
2026-05-01 14:14:16,440 [INFO] scanner - US.AMD 市值过大，pass
2026-05-01 14:14:16,441 [INFO] scanner - [STEP2] 获取 0 个合约快照…
2026-05-01 14:14:16,441 [WARNING] scanner - [STEP2] 合约列表为空，跳过
2026-05-01 14:14:16,441 [ERROR] scanner - [US.AMD] 处理异常: 'option_type'
2026-05-01 14:14:16,442 [ERROR] scanner - Traceback (most recent call last):
  File "C:\Users\Administrator\AppData\Local\Programs\Python\Python312\Lib\site-packages\pandas\core\indexes\base.py", line 3641, in get_loc
    return self._engine.get_loc(casted_key)
           ^^^^^^^^^^^^^^^^^^^^^^^^^^^^^^^^
  File "pandas/_libs/index.pyx", line 168, in pandas._libs.index.IndexEngine.get_loc
  File "pandas/_libs/index.pyx", line 197, in pandas._libs.index.IndexEngine.get_loc
  File "pandas/_libs/hashtable_class_helper.pxi", line 7668, in pandas._libs.hashtable.PyObjectHashTable.get_item
  File "pandas/_libs/hashtable_class_helper.pxi", line 7676, in pandas._libs.hashtable.PyObjectHashTable.get_item
KeyError: 'option_type'

The above exception was the direct cause of the following exception:

Traceback (most recent call last):
  File "<input>", line 170, in step_run_single
  File "C:\Users\Administrator\AppData\Local\Programs\Python\Python312\Lib\site-packages\pandas\core\frame.py", line 4378, in __getitem__
    indexer = self.columns.get_loc(key)
              ^^^^^^^^^^^^^^^^^^^^^^^^^
  File "C:\Users\Administrator\AppData\Local\Programs\Python\Python312\Lib\site-packages\pandas\core\indexes\base.py", line 3648, in get_loc
    raise KeyError(key) from err
KeyError: 'option_type'

2026-05-01 14:14:16,443 [INFO] checkpoint - 读取断点缓存：已完成 3 个标的
2026-05-01 14:14:16,446 [INFO] scanner - [5/527] US.AMZN  完成率 1%  预计剩余 1m02s
2026-05-01 14:14:16,446 [INFO] scanner - ──────────────────────────────────────────────────
2026-05-01 14:14:16,446 [INFO] scanner - 处理标的: US.AMZN
2026-05-01 14:14:16,518 [INFO] scanner - US.AMZN 市值过大，pass
2026-05-01 14:14:16,518 [INFO] scanner - [STEP2] 获取 0 个合约快照…
2026-05-01 14:14:16,518 [WARNING] scanner - [STEP2] 合约列表为空，跳过
2026-05-01 14:14:16,518 [ERROR] scanner - [US.AMZN] 处理异常: 'option_type'
2026-05-01 14:14:16,519 [ERROR] scanner - Traceback (most recent call last):
  File "C:\Users\Administrator\AppData\Local\Programs\Python\Python312\Lib\site-packages\pandas\core\indexes\base.py", line 3641, in get_loc
    return self._engine.get_loc(casted_key)
           ^^^^^^^^^^^^^^^^^^^^^^^^^^^^^^^^
  File "pandas/_libs/index.pyx", line 168, in pandas._libs.index.IndexEngine.get_loc
  File "pandas/_libs/index.pyx", line 197, in pandas._libs.index.IndexEngine.get_loc
  File "pandas/_libs/hashtable_class_helper.pxi", line 7668, in pandas._libs.hashtable.PyObjectHashTable.get_item
  File "pandas/_libs/hashtable_class_helper.pxi", line 7676, in pandas._libs.hashtable.PyObjectHashTable.get_item
KeyError: 'option_type'

The above exception was the direct cause of the following exception:

Traceback (most recent call last):
  File "<input>", line 170, in step_run_single
  File "C:\Users\Administrator\AppData\Local\Programs\Python\Python312\Lib\site-packages\pandas\core\frame.py", line 4378, in __getitem__
    indexer = self.columns.get_loc(key)
              ^^^^^^^^^^^^^^^^^^^^^^^^^
  File "C:\Users\Administrator\AppData\Local\Programs\Python\Python312\Lib\site-packages\pandas\core\indexes\base.py", line 3648, in get_loc
    raise KeyError(key) from err
KeyError: 'option_type'

2026-05-01 14:14:16,520 [INFO] checkpoint - 读取断点缓存：已完成 4 个标的
2026-05-01 14:14:16,520 [INFO] scanner - [6/527] US.ARM  完成率 1%  预计剩余 0m57s
2026-05-01 14:14:16,520 [INFO] scanner - ──────────────────────────────────────────────────
2026-05-01 14:14:16,520 [INFO] scanner - 处理标的: US.ARM
2026-05-01 14:14:16,593 [INFO] scanner - [STEP1] 获取 US.ARM 候选期权链…
2026-05-01 14:14:16,632 [INFO] option_chain_fetcher - [US.ARM] 13 个到期日 → 6 批次调用
2026-05-01 14:14:19,257 [INFO] option_chain_fetcher - [US.ARM] 候选合约共 72 个
2026-05-01 14:14:19,257 [INFO] scanner - [STEP1] US.ARM: 候选合约 72 个
2026-05-01 14:14:19,257 [INFO] scanner - [STEP2] 获取 72 个合约快照…
2026-05-01 14:14:19,433 [INFO] snapshot_fetcher - 快照获取完成：72/72 个合约
2026-05-01 14:14:19,433 [INFO] scanner - [STEP2] 成功获取 72 条快照
2026-05-01 14:14:19,434 [INFO] scanner - [STEP3] 对 US.ARM 执行异常检测…
2026-05-01 14:14:19,436 [INFO] anomaly_detector - 发现异常合约 27 个
2026-05-01 14:14:19,441 [INFO] anomaly_detector - 已追加写入 27 条异常记录 → .\filter_data\anomaly_results2026-05-01.csv
2026-05-01 14:14:19,441 [INFO] checkpoint - 读取断点缓存：已完成 5 个标的
2026-05-01 14:14:19,442 [INFO] scanner - [7/527] US.BABA  完成率 1%  预计剩余 5m01s
2026-05-01 14:14:19,442 [INFO] scanner - ──────────────────────────────────────────────────
2026-05-01 14:14:19,442 [INFO] scanner - 处理标的: US.BABA
2026-05-01 14:14:19,517 [INFO] scanner - [STEP1] 获取 US.BABA 候选期权链…
2026-05-01 14:14:19,555 [INFO] option_chain_fetcher - [US.BABA] 13 个到期日 → 6 批次调用
2026-05-01 14:14:47,651 [INFO] option_chain_fetcher - [US.BABA] 候选合约共 70 个
2026-05-01 14:14:47,651 [INFO] scanner - [STEP1] US.BABA: 候选合约 70 个
2026-05-01 14:14:47,651 [INFO] scanner - [STEP2] 获取 70 个合约快照…
2026-05-01 14:14:47,805 [INFO] snapshot_fetcher - 快照获取完成：70/70 个合约
2026-05-01 14:14:47,806 [INFO] scanner - [STEP2] 成功获取 70 条快照
2026-05-01 14:14:47,807 [INFO] scanner - [STEP3] 对 US.BABA 执行异常检测…
2026-05-01 14:14:47,810 [INFO] anomaly_detector - 发现异常合约 7 个
2026-05-01 14:14:47,812 [INFO] anomaly_detector - 已追加写入 7 条异常记录 → .\filter_data\anomaly_results2026-05-01.csv
2026-05-01 14:14:47,812 [INFO] checkpoint - 读取断点缓存：已完成 6 个标的
2026-05-01 14:14:47,812 [INFO] scanner - [8/527] US.BIDU  完成率 2%  预计剩余 39m25s
2026-05-01 14:14:47,813 [INFO] scanner - ──────────────────────────────────────────────────
2026-05-01 14:14:47,813 [INFO] scanner - 处理标的: US.BIDU
2026-05-01 14:14:47,854 [INFO] scanner - [STEP1] 获取 US.BIDU 候选期权链…
2026-05-01 14:14:47,890 [INFO] option_chain_fetcher - [US.BIDU] 11 个到期日 → 4 批次调用
2026-05-01 14:14:49,723 [INFO] option_chain_fetcher - [US.BIDU] 候选合约共 15 个
2026-05-01 14:14:49,723 [INFO] scanner - [STEP1] US.BIDU: 候选合约 15 个
2026-05-01 14:14:49,723 [INFO] scanner - [STEP2] 获取 15 个合约快照…
2026-05-01 14:14:49,799 [INFO] snapshot_fetcher - 快照获取完成：15/15 个合约
2026-05-01 14:14:49,800 [INFO] scanner - [STEP2] 成功获取 15 条快照
2026-05-01 14:14:49,801 [INFO] scanner - [STEP3] 对 US.BIDU 执行异常检测…
2026-05-01 14:14:49,803 [INFO] anomaly_detector - 本批次无异常合约
2026-05-01 14:14:49,804 [INFO] checkpoint - 读取断点缓存：已完成 7 个标的
2026-05-01 14:14:49,804 [INFO] scanner - [9/527] US.BILI  完成率 2%  预计剩余 36m34s
2026-05-01 14:14:49,804 [INFO] scanner - ──────────────────────────────────────────────────
2026-05-01 14:14:49,804 [INFO] scanner - 处理标的: US.BILI
2026-05-01 14:14:49,882 [INFO] scanner - [STEP1] 获取 US.BILI 候选期权链…
2026-05-01 14:14:49,918 [INFO] option_chain_fetcher - [US.BILI] 11 个到期日 → 5 批次调用
2026-05-01 14:15:17,116 [INFO] option_chain_fetcher - [US.BILI] 候选合约共 1 个
2026-05-01 14:15:17,116 [INFO] scanner - [STEP1] US.BILI: 候选合约 1 个
2026-05-01 14:15:17,116 [INFO] scanner - [STEP2] 获取 1 个合约快照…
2026-05-01 14:15:17,217 [INFO] snapshot_fetcher - 快照获取完成：1/1 个合约
2026-05-01 14:15:17,218 [INFO] scanner - [STEP2] 成功获取 1 条快照
2026-05-01 14:15:17,219 [INFO] scanner - [STEP3] 对 US.BILI 执行异常检测…
2026-05-01 14:15:17,220 [INFO] anomaly_detector - 本批次无异常合约
2026-05-01 14:15:17,220 [INFO] checkpoint - 读取断点缓存：已完成 8 个标的
2026-05-01 14:15:17,221 [INFO] scanner - [10/527] US.COIN  完成率 2%  预计剩余 58m45s
2026-05-01 14:15:17,221 [INFO] scanner - ──────────────────────────────────────────────────
2026-05-01 14:15:17,221 [INFO] scanner - 处理标的: US.COIN
2026-05-01 14:15:17,260 [INFO] scanner - [STEP1] 获取 US.COIN 候选期权链…
2026-05-01 14:15:17,296 [INFO] option_chain_fetcher - [US.COIN] 13 个到期日 → 6 批次调用
2026-05-01 14:15:20,347 [INFO] option_chain_fetcher - [US.COIN] 候选合约共 90 个
2026-05-01 14:15:20,347 [INFO] scanner - [STEP1] US.COIN: 候选合约 90 个
2026-05-01 14:15:20,347 [INFO] scanner - [STEP2] 获取 90 个合约快照…
2026-05-01 14:15:20,563 [INFO] snapshot_fetcher - 快照获取完成：90/90 个合约
2026-05-01 14:15:20,563 [INFO] scanner - [STEP2] 成功获取 90 条快照
2026-05-01 14:15:20,564 [INFO] scanner - [STEP3] 对 US.COIN 执行异常检测…
2026-05-01 14:15:20,566 [INFO] anomaly_detector - 发现异常合约 22 个
2026-05-01 14:15:20,569 [INFO] anomaly_detector - 已追加写入 22 条异常记录 → .\filter_data\anomaly_results2026-05-01.csv
2026-05-01 14:15:20,570 [INFO] checkpoint - 读取断点缓存：已完成 9 个标的
2026-05-01 14:15:20,570 [INFO] scanner - [11/527] US.GOOGL  完成率 2%  预计剩余 55m39s
2026-05-01 14:15:20,570 [INFO] scanner - ──────────────────────────────────────────────────
2026-05-01 14:15:20,570 [INFO] scanner - 处理标的: US.GOOGL
2026-05-01 14:15:20,642 [INFO] scanner - US.GOOGL 市值过大，pass
2026-05-01 14:15:20,642 [INFO] scanner - [STEP2] 获取 0 个合约快照…
2026-05-01 14:15:20,642 [WARNING] scanner - [STEP2] 合约列表为空，跳过
2026-05-01 14:15:20,642 [ERROR] scanner - [US.GOOGL] 处理异常: 'option_type'
2026-05-01 14:15:20,643 [ERROR] scanner - Traceback (most recent call last):
  File "C:\Users\Administrator\AppData\Local\Programs\Python\Python312\Lib\site-packages\pandas\core\indexes\base.py", line 3641, in get_loc
    return self._engine.get_loc(casted_key)
           ^^^^^^^^^^^^^^^^^^^^^^^^^^^^^^^^
  File "pandas/_libs/index.pyx", line 168, in pandas._libs.index.IndexEngine.get_loc
  File "pandas/_libs/index.pyx", line 197, in pandas._libs.index.IndexEngine.get_loc
  File "pandas/_libs/hashtable_class_helper.pxi", line 7668, in pandas._libs.hashtable.PyObjectHashTable.get_item
  File "pandas/_libs/hashtable_class_helper.pxi", line 7676, in pandas._libs.hashtable.PyObjectHashTable.get_item
KeyError: 'option_type'

The above exception was the direct cause of the following exception:

Traceback (most recent call last):
  File "<input>", line 170, in step_run_single
  File "C:\Users\Administrator\AppData\Local\Programs\Python\Python312\Lib\site-packages\pandas\core\frame.py", line 4378, in __getitem__
    indexer = self.columns.get_loc(key)
              ^^^^^^^^^^^^^^^^^^^^^^^^^
  File "C:\Users\Administrator\AppData\Local\Programs\Python\Python312\Lib\site-packages\pandas\core\indexes\base.py", line 3648, in get_loc
    raise KeyError(key) from err
KeyError: 'option_type'

2026-05-01 14:15:20,643 [INFO] checkpoint - 读取断点缓存：已完成 10 个标的
2026-05-01 14:15:20,643 [INFO] scanner - [12/527] US.INTC  完成率 2%  预计剩余 50m33s
2026-05-01 14:15:20,643 [INFO] scanner - ──────────────────────────────────────────────────
2026-05-01 14:15:20,643 [INFO] scanner - 处理标的: US.INTC
2026-05-01 14:15:20,714 [INFO] scanner - [STEP1] 获取 US.INTC 候选期权链…
2026-05-01 14:15:20,749 [INFO] option_chain_fetcher - [US.INTC] 13 个到期日 → 6 批次调用
2026-05-01 14:15:48,376 [WARNING] option_chain_fetcher - [US.INTC] ⚠️ 过滤后合约数 384 超过阈值 200，后续快照将自动分批处理
2026-05-01 14:15:48,376 [INFO] option_chain_fetcher - [US.INTC] 候选合约共 384 个
2026-05-01 14:15:48,376 [INFO] scanner - [STEP1] US.INTC: 候选合约 384 个
2026-05-01 14:15:48,376 [INFO] scanner - [STEP2] 获取 384 个合约快照…
2026-05-01 14:15:48,928 [INFO] snapshot_fetcher - 快照获取完成：384/384 个合约
2026-05-01 14:15:48,929 [INFO] scanner - [STEP2] 成功获取 384 条快照
2026-05-01 14:15:48,930 [INFO] scanner - [STEP3] 对 US.INTC 执行异常检测…
2026-05-01 14:15:48,932 [INFO] anomaly_detector - 发现异常合约 141 个
2026-05-01 14:15:48,942 [INFO] anomaly_detector - 已追加写入 141 条异常记录 → .\filter_data\anomaly_results2026-05-01.csv
2026-05-01 14:15:48,942 [INFO] checkpoint - 读取断点缓存：已完成 11 个标的
2026-05-01 14:15:48,942 [INFO] scanner - [13/527] US.JD  完成率 2%  预计剩余 1h06m
2026-05-01 14:15:48,943 [INFO] scanner - ──────────────────────────────────────────────────
2026-05-01 14:15:48,943 [INFO] scanner - 处理标的: US.JD
2026-05-01 14:15:48,981 [INFO] scanner - [STEP1] 获取 US.JD 候选期权链…
2026-05-01 14:15:49,017 [INFO] option_chain_fetcher - [US.JD] 10 个到期日 → 3 批次调用
2026-05-01 14:15:50,436 [INFO] option_chain_fetcher - [US.JD] 候选合约共 21 个
2026-05-01 14:15:50,436 [INFO] scanner - [STEP1] US.JD: 候选合约 21 个
2026-05-01 14:15:50,436 [INFO] scanner - [STEP2] 获取 21 个合约快照…
2026-05-01 14:15:50,539 [INFO] snapshot_fetcher - 快照获取完成：21/21 个合约
2026-05-01 14:15:50,540 [INFO] scanner - [STEP2] 成功获取 21 条快照
2026-05-01 14:15:50,540 [INFO] scanner - [STEP3] 对 US.JD 执行异常检测…
2026-05-01 14:15:50,541 [INFO] anomaly_detector - 本批次无异常合约
2026-05-01 14:15:50,542 [INFO] checkpoint - 读取断点缓存：已完成 12 个标的
2026-05-01 14:15:50,542 [INFO] scanner - [14/527] US.LI  完成率 3%  预计剩余 1h02m
2026-05-01 14:15:50,542 [INFO] scanner - ──────────────────────────────────────────────────
2026-05-01 14:15:50,542 [INFO] scanner - 处理标的: US.LI
2026-05-01 14:15:50,580 [INFO] scanner - [STEP1] 获取 US.LI 候选期权链…
2026-05-01 14:15:50,617 [INFO] option_chain_fetcher - [US.LI] 9 个到期日 → 3 批次调用
2026-05-01 14:15:52,006 [INFO] option_chain_fetcher - [US.LI] 候选合约共 3 个
2026-05-01 14:15:52,006 [INFO] scanner - [STEP1] US.LI: 候选合约 3 个
2026-05-01 14:15:52,006 [INFO] scanner - [STEP2] 获取 3 个合约快照…
2026-05-01 14:15:52,073 [INFO] snapshot_fetcher - 快照获取完成：3/3 个合约
2026-05-01 14:15:52,073 [INFO] scanner - [STEP2] 成功获取 3 条快照
2026-05-01 14:15:52,076 [INFO] scanner - [STEP3] 对 US.LI 执行异常检测…
2026-05-01 14:15:52,077 [INFO] anomaly_detector - 本批次无异常合约
2026-05-01 14:15:52,077 [INFO] checkpoint - 读取断点缓存：已完成 13 个标的
2026-05-01 14:15:52,078 [INFO] scanner - [15/527] US.META  完成率 3%  预计剩余 58m41s
2026-05-01 14:15:52,078 [INFO] scanner - ──────────────────────────────────────────────────
2026-05-01 14:15:52,078 [INFO] scanner - 处理标的: US.META
2026-05-01 14:15:52,151 [INFO] scanner - US.META 市值过大，pass
2026-05-01 14:15:52,152 [INFO] scanner - [STEP2] 获取 0 个合约快照…
2026-05-01 14:15:52,152 [WARNING] scanner - [STEP2] 合约列表为空，跳过
2026-05-01 14:15:52,152 [ERROR] scanner - [US.META] 处理异常: 'option_type'
2026-05-01 14:15:52,152 [ERROR] scanner - Traceback (most recent call last):
  File "C:\Users\Administrator\AppData\Local\Programs\Python\Python312\Lib\site-packages\pandas\core\indexes\base.py", line 3641, in get_loc
    return self._engine.get_loc(casted_key)
           ^^^^^^^^^^^^^^^^^^^^^^^^^^^^^^^^
  File "pandas/_libs/index.pyx", line 168, in pandas._libs.index.IndexEngine.get_loc
  File "pandas/_libs/index.pyx", line 197, in pandas._libs.index.IndexEngine.get_loc
  File "pandas/_libs/hashtable_class_helper.pxi", line 7668, in pandas._libs.hashtable.PyObjectHashTable.get_item
  File "pandas/_libs/hashtable_class_helper.pxi", line 7676, in pandas._libs.hashtable.PyObjectHashTable.get_item
KeyError: 'option_type'

The above exception was the direct cause of the following exception:

Traceback (most recent call last):
  File "<input>", line 170, in step_run_single
  File "C:\Users\Administrator\AppData\Local\Programs\Python\Python312\Lib\site-packages\pandas\core\frame.py", line 4378, in __getitem__
    indexer = self.columns.get_loc(key)
              ^^^^^^^^^^^^^^^^^^^^^^^^^
  File "C:\Users\Administrator\AppData\Local\Programs\Python\Python312\Lib\site-packages\pandas\core\indexes\base.py", line 3648, in get_loc
    raise KeyError(key) from err
KeyError: 'option_type'

2026-05-01 14:15:52,153 [INFO] checkpoint - 读取断点缓存：已完成 14 个标的
2026-05-01 14:15:52,153 [INFO] scanner - [16/527] US.MSFT  完成率 3%  预计剩余 54m43s
2026-05-01 14:15:52,153 [INFO] scanner - ──────────────────────────────────────────────────
2026-05-01 14:15:52,153 [INFO] scanner - 处理标的: US.MSFT
2026-05-01 14:15:52,197 [INFO] scanner - US.MSFT 市值过大，pass
2026-05-01 14:15:52,197 [INFO] scanner - [STEP2] 获取 0 个合约快照…
2026-05-01 14:15:52,197 [WARNING] scanner - [STEP2] 合约列表为空，跳过
2026-05-01 14:15:52,198 [ERROR] scanner - [US.MSFT] 处理异常: 'option_type'
2026-05-01 14:15:52,198 [ERROR] scanner - Traceback (most recent call last):
  File "C:\Users\Administrator\AppData\Local\Programs\Python\Python312\Lib\site-packages\pandas\core\indexes\base.py", line 3641, in get_loc
    return self._engine.get_loc(casted_key)
           ^^^^^^^^^^^^^^^^^^^^^^^^^^^^^^^^
  File "pandas/_libs/index.pyx", line 168, in pandas._libs.index.IndexEngine.get_loc
  File "pandas/_libs/index.pyx", line 197, in pandas._libs.index.IndexEngine.get_loc
  File "pandas/_libs/hashtable_class_helper.pxi", line 7668, in pandas._libs.hashtable.PyObjectHashTable.get_item
  File "pandas/_libs/hashtable_class_helper.pxi", line 7676, in pandas._libs.hashtable.PyObjectHashTable.get_item
KeyError: 'option_type'

The above exception was the direct cause of the following exception:

Traceback (most recent call last):
  File "<input>", line 170, in step_run_single
  File "C:\Users\Administrator\AppData\Local\Programs\Python\Python312\Lib\site-packages\pandas\core\frame.py", line 4378, in __getitem__
    indexer = self.columns.get_loc(key)
              ^^^^^^^^^^^^^^^^^^^^^^^^^
  File "C:\Users\Administrator\AppData\Local\Programs\Python\Python312\Lib\site-packages\pandas\core\indexes\base.py", line 3648, in get_loc
    raise KeyError(key) from err
KeyError: 'option_type'

2026-05-01 14:15:52,199 [INFO] checkpoint - 读取断点缓存：已完成 15 个标的
2026-05-01 14:15:52,199 [INFO] scanner - [17/527] US.MSTR  完成率 3%  预计剩余 51m13s
2026-05-01 14:15:52,199 [INFO] scanner - ──────────────────────────────────────────────────
2026-05-01 14:15:52,199 [INFO] scanner - 处理标的: US.MSTR
2026-05-01 14:15:52,241 [INFO] scanner - [STEP1] 获取 US.MSTR 候选期权链…
2026-05-01 14:15:52,277 [INFO] option_chain_fetcher - [US.MSTR] 13 个到期日 → 6 批次调用
2026-05-01 14:16:19,991 [INFO] option_chain_fetcher - [US.MSTR] 候选合约共 199 个
2026-05-01 14:16:19,991 [INFO] scanner - [STEP1] US.MSTR: 候选合约 199 个
2026-05-01 14:16:19,991 [INFO] scanner - [STEP2] 获取 199 个合约快照…
2026-05-01 14:16:20,303 [INFO] snapshot_fetcher - 快照获取完成：199/199 个合约
2026-05-01 14:16:20,304 [INFO] scanner - [STEP2] 成功获取 199 条快照
2026-05-01 14:16:20,305 [INFO] scanner - [STEP3] 对 US.MSTR 执行异常检测…
2026-05-01 14:16:20,307 [INFO] anomaly_detector - 发现异常合约 43 个
2026-05-01 14:16:20,310 [INFO] anomaly_detector - 已追加写入 43 条异常记录 → .\filter_data\anomaly_results2026-05-01.csv
2026-05-01 14:16:20,311 [INFO] checkpoint - 读取断点缓存：已完成 16 个标的
2026-05-01 14:16:20,311 [INFO] scanner - [18/527] US.MU  完成率 3%  预计剩余 1h02m
2026-05-01 14:16:20,311 [INFO] scanner - ──────────────────────────────────────────────────
2026-05-01 14:16:20,311 [INFO] scanner - 处理标的: US.MU
2026-05-01 14:16:20,350 [INFO] scanner - US.MU 市值过大，pass
2026-05-01 14:16:20,350 [INFO] scanner - [STEP2] 获取 0 个合约快照…
2026-05-01 14:16:20,350 [WARNING] scanner - [STEP2] 合约列表为空，跳过
2026-05-01 14:16:20,351 [ERROR] scanner - [US.MU] 处理异常: 'option_type'
2026-05-01 14:16:20,351 [ERROR] scanner - Traceback (most recent call last):
  File "C:\Users\Administrator\AppData\Local\Programs\Python\Python312\Lib\site-packages\pandas\core\indexes\base.py", line 3641, in get_loc
    return self._engine.get_loc(casted_key)
           ^^^^^^^^^^^^^^^^^^^^^^^^^^^^^^^^
  File "pandas/_libs/index.pyx", line 168, in pandas._libs.index.IndexEngine.get_loc
  File "pandas/_libs/index.pyx", line 197, in pandas._libs.index.IndexEngine.get_loc
  File "pandas/_libs/hashtable_class_helper.pxi", line 7668, in pandas._libs.hashtable.PyObjectHashTable.get_item
  File "pandas/_libs/hashtable_class_helper.pxi", line 7676, in pandas._libs.hashtable.PyObjectHashTable.get_item
KeyError: 'option_type'

The above exception was the direct cause of the following exception:

Traceback (most recent call last):
  File "<input>", line 170, in step_run_single
  File "C:\Users\Administrator\AppData\Local\Programs\Python\Python312\Lib\site-packages\pandas\core\frame.py", line 4378, in __getitem__
    indexer = self.columns.get_loc(key)
              ^^^^^^^^^^^^^^^^^^^^^^^^^
  File "C:\Users\Administrator\AppData\Local\Programs\Python\Python312\Lib\site-packages\pandas\core\indexes\base.py", line 3648, in get_loc
    raise KeyError(key) from err
KeyError: 'option_type'

2026-05-01 14:16:20,352 [INFO] checkpoint - 读取断点缓存：已完成 17 个标的
2026-05-01 14:16:20,352 [INFO] scanner - [19/527] US.NIO  完成率 4%  预计剩余 58m37s
2026-05-01 14:16:20,352 [INFO] scanner - ──────────────────────────────────────────────────
2026-05-01 14:16:20,352 [INFO] scanner - 处理标的: US.NIO
2026-05-01 14:16:20,392 [INFO] scanner - [STEP1] 获取 US.NIO 候选期权链…
2026-05-01 14:16:20,427 [INFO] option_chain_fetcher - [US.NIO] 10 个到期日 → 4 批次调用
2026-05-01 14:16:22,167 [INFO] option_chain_fetcher - [US.NIO] 候选合约共 48 个
2026-05-01 14:16:22,167 [INFO] scanner - [STEP1] US.NIO: 候选合约 48 个
2026-05-01 14:16:22,167 [INFO] scanner - [STEP2] 获取 48 个合约快照…
2026-05-01 14:16:22,332 [INFO] snapshot_fetcher - 快照获取完成：48/48 个合约
2026-05-01 14:16:22,333 [INFO] scanner - [STEP2] 成功获取 48 条快照
2026-05-01 14:16:22,334 [INFO] scanner - [STEP3] 对 US.NIO 执行异常检测…
2026-05-01 14:16:22,335 [INFO] anomaly_detector - 发现异常合约 1 个
2026-05-01 14:16:22,337 [INFO] anomaly_detector - 已追加写入 1 条异常记录 → .\filter_data\anomaly_results2026-05-01.csv
2026-05-01 14:16:22,337 [INFO] checkpoint - 读取断点缓存：已完成 18 个标的
2026-05-01 14:16:22,337 [INFO] scanner - [20/527] US.NVDA  完成率 4%  预计剩余 56m18s
2026-05-01 14:16:22,337 [INFO] scanner - ──────────────────────────────────────────────────
2026-05-01 14:16:22,337 [INFO] scanner - 处理标的: US.NVDA
2026-05-01 14:16:22,406 [INFO] scanner - US.NVDA 市值过大，pass
2026-05-01 14:16:22,406 [INFO] scanner - [STEP2] 获取 0 个合约快照…
2026-05-01 14:16:22,406 [WARNING] scanner - [STEP2] 合约列表为空，跳过
2026-05-01 14:16:22,406 [ERROR] scanner - [US.NVDA] 处理异常: 'option_type'
2026-05-01 14:16:22,407 [ERROR] scanner - Traceback (most recent call last):
  File "C:\Users\Administrator\AppData\Local\Programs\Python\Python312\Lib\site-packages\pandas\core\indexes\base.py", line 3641, in get_loc
    return self._engine.get_loc(casted_key)
           ^^^^^^^^^^^^^^^^^^^^^^^^^^^^^^^^
  File "pandas/_libs/index.pyx", line 168, in pandas._libs.index.IndexEngine.get_loc
  File "pandas/_libs/index.pyx", line 197, in pandas._libs.index.IndexEngine.get_loc
  File "pandas/_libs/hashtable_class_helper.pxi", line 7668, in pandas._libs.hashtable.PyObjectHashTable.get_item
  File "pandas/_libs/hashtable_class_helper.pxi", line 7676, in pandas._libs.hashtable.PyObjectHashTable.get_item
KeyError: 'option_type'

The above exception was the direct cause of the following exception:

Traceback (most recent call last):
  File "<input>", line 170, in step_run_single
  File "C:\Users\Administrator\AppData\Local\Programs\Python\Python312\Lib\site-packages\pandas\core\frame.py", line 4378, in __getitem__
    indexer = self.columns.get_loc(key)
              ^^^^^^^^^^^^^^^^^^^^^^^^^
  File "C:\Users\Administrator\AppData\Local\Programs\Python\Python312\Lib\site-packages\pandas\core\indexes\base.py", line 3648, in get_loc
    raise KeyError(key) from err
KeyError: 'option_type'

2026-05-01 14:16:22,407 [INFO] checkpoint - 读取断点缓存：已完成 19 个标的
2026-05-01 14:16:22,408 [INFO] scanner - [21/527] US.PDD  完成率 4%  预计剩余 53m25s
2026-05-01 14:16:22,408 [INFO] scanner - ──────────────────────────────────────────────────
2026-05-01 14:16:22,408 [INFO] scanner - 处理标的: US.PDD
2026-05-01 14:16:22,448 [INFO] scanner - [STEP1] 获取 US.PDD 候选期权链…
2026-05-01 14:16:22,484 [INFO] option_chain_fetcher - [US.PDD] 13 个到期日 → 6 批次调用
2026-05-01 14:16:50,027 [INFO] option_chain_fetcher - [US.PDD] 候选合约共 42 个
2026-05-01 14:16:50,027 [INFO] scanner - [STEP1] US.PDD: 候选合约 42 个
2026-05-01 14:16:50,027 [INFO] scanner - [STEP2] 获取 42 个合约快照…
2026-05-01 14:16:50,172 [INFO] snapshot_fetcher - 快照获取完成：42/42 个合约
2026-05-01 14:16:50,172 [INFO] scanner - [STEP2] 成功获取 42 条快照
2026-05-01 14:16:50,173 [INFO] scanner - [STEP3] 对 US.PDD 执行异常检测…
2026-05-01 14:16:50,175 [INFO] anomaly_detector - 发现异常合约 3 个
2026-05-01 14:16:50,177 [INFO] anomaly_detector - 已追加写入 3 条异常记录 → .\filter_data\anomaly_results2026-05-01.csv
2026-05-01 14:16:50,178 [INFO] checkpoint - 读取断点缓存：已完成 20 个标的
2026-05-01 14:16:50,178 [INFO] scanner - [22/527] US.SMCI  完成率 4%  预计剩余 1h01m
2026-05-01 14:16:50,178 [INFO] scanner - ──────────────────────────────────────────────────
2026-05-01 14:16:50,178 [INFO] scanner - 处理标的: US.SMCI
2026-05-01 14:16:50,216 [INFO] scanner - [STEP1] 获取 US.SMCI 候选期权链…
2026-05-01 14:16:50,253 [INFO] option_chain_fetcher - [US.SMCI] 12 个到期日 → 5 批次调用
2026-05-01 14:16:52,907 [INFO] option_chain_fetcher - [US.SMCI] 候选合约共 79 个
2026-05-01 14:16:52,907 [INFO] scanner - [STEP1] US.SMCI: 候选合约 79 个
2026-05-01 14:16:52,907 [INFO] scanner - [STEP2] 获取 79 个合约快照…
2026-05-01 14:16:53,124 [INFO] snapshot_fetcher - 快照获取完成：79/79 个合约
2026-05-01 14:16:53,124 [INFO] scanner - [STEP2] 成功获取 79 条快照
2026-05-01 14:16:53,125 [INFO] scanner - [STEP3] 对 US.SMCI 执行异常检测…
2026-05-01 14:16:53,127 [INFO] anomaly_detector - 发现异常合约 3 个
2026-05-01 14:16:53,128 [INFO] anomaly_detector - 已追加写入 3 条异常记录 → .\filter_data\anomaly_results2026-05-01.csv
2026-05-01 14:16:53,129 [INFO] checkpoint - 读取断点缓存：已完成 21 个标的
2026-05-01 14:16:53,129 [INFO] scanner - [23/527] US.TME  完成率 4%  预计剩余 1h00m
2026-05-01 14:16:53,129 [INFO] scanner - ──────────────────────────────────────────────────
2026-05-01 14:16:53,129 [INFO] scanner - 处理标的: US.TME
2026-05-01 14:16:53,201 [INFO] scanner - [STEP1] 获取 US.TME 候选期权链…
2026-05-01 14:16:53,236 [INFO] option_chain_fetcher - [US.TME] 4 个到期日 → 4 批次调用
2026-05-01 14:17:19,534 [INFO] option_chain_fetcher - [US.TME] 候选合约共 3 个
2026-05-01 14:17:19,534 [INFO] scanner - [STEP1] US.TME: 候选合约 3 个
2026-05-01 14:17:19,534 [INFO] scanner - [STEP2] 获取 3 个合约快照…
2026-05-01 14:17:19,603 [INFO] snapshot_fetcher - 快照获取完成：3/3 个合约
2026-05-01 14:17:19,603 [INFO] scanner - [STEP2] 成功获取 3 条快照
2026-05-01 14:17:19,604 [INFO] scanner - [STEP3] 对 US.TME 执行异常检测…
2026-05-01 14:17:19,606 [INFO] anomaly_detector - 本批次无异常合约
2026-05-01 14:17:19,606 [INFO] checkpoint - 读取断点缓存：已完成 22 个标的
2026-05-01 14:17:19,607 [INFO] scanner - [24/527] US.TSLA  完成率 5%  预计剩余 1h07m
2026-05-01 14:17:19,607 [INFO] scanner - ──────────────────────────────────────────────────
2026-05-01 14:17:19,607 [INFO] scanner - 处理标的: US.TSLA
2026-05-01 14:17:19,647 [INFO] scanner - US.TSLA 市值过大，pass
2026-05-01 14:17:19,647 [INFO] scanner - [STEP2] 获取 0 个合约快照…
2026-05-01 14:17:19,647 [WARNING] scanner - [STEP2] 合约列表为空，跳过
2026-05-01 14:17:19,648 [ERROR] scanner - [US.TSLA] 处理异常: 'option_type'
2026-05-01 14:17:19,649 [ERROR] scanner - Traceback (most recent call last):
  File "C:\Users\Administrator\AppData\Local\Programs\Python\Python312\Lib\site-packages\pandas\core\indexes\base.py", line 3641, in get_loc
    return self._engine.get_loc(casted_key)
           ^^^^^^^^^^^^^^^^^^^^^^^^^^^^^^^^
  File "pandas/_libs/index.pyx", line 168, in pandas._libs.index.IndexEngine.get_loc
  File "pandas/_libs/index.pyx", line 197, in pandas._libs.index.IndexEngine.get_loc
  File "pandas/_libs/hashtable_class_helper.pxi", line 7668, in pandas._libs.hashtable.PyObjectHashTable.get_item
  File "pandas/_libs/hashtable_class_helper.pxi", line 7676, in pandas._libs.hashtable.PyObjectHashTable.get_item
KeyError: 'option_type'

The above exception was the direct cause of the following exception:

Traceback (most recent call last):
  File "<input>", line 170, in step_run_single
  File "C:\Users\Administrator\AppData\Local\Programs\Python\Python312\Lib\site-packages\pandas\core\frame.py", line 4378, in __getitem__
    indexer = self.columns.get_loc(key)
              ^^^^^^^^^^^^^^^^^^^^^^^^^
  File "C:\Users\Administrator\AppData\Local\Programs\Python\Python312\Lib\site-packages\pandas\core\indexes\base.py", line 3648, in get_loc
    raise KeyError(key) from err
KeyError: 'option_type'

2026-05-01 14:17:19,649 [INFO] checkpoint - 读取断点缓存：已完成 23 个标的
2026-05-01 14:17:19,649 [INFO] scanner - [25/527] US.XPEV  完成率 5%  预计剩余 1h04m
2026-05-01 14:17:19,649 [INFO] scanner - ──────────────────────────────────────────────────
2026-05-01 14:17:19,649 [INFO] scanner - 处理标的: US.XPEV
2026-05-01 14:17:19,688 [INFO] scanner - [STEP1] 获取 US.XPEV 候选期权链…
2026-05-01 14:17:19,723 [INFO] option_chain_fetcher - [US.XPEV] 11 个到期日 → 4 批次调用
2026-05-01 14:17:21,988 [INFO] option_chain_fetcher - [US.XPEV] 候选合约共 13 个
2026-05-01 14:17:21,988 [INFO] scanner - [STEP1] US.XPEV: 候选合约 13 个
2026-05-01 14:17:21,988 [INFO] scanner - [STEP2] 获取 13 个合约快照…
2026-05-01 14:17:22,058 [INFO] snapshot_fetcher - 快照获取完成：13/13 个合约
2026-05-01 14:17:22,059 [INFO] scanner - [STEP2] 成功获取 13 条快照
2026-05-01 14:17:22,061 [INFO] scanner - [STEP3] 对 US.XPEV 执行异常检测…
2026-05-01 14:17:22,062 [INFO] anomaly_detector - 发现异常合约 2 个
2026-05-01 14:17:22,065 [INFO] anomaly_detector - 已追加写入 2 条异常记录 → .\filter_data\anomaly_results2026-05-01.csv
2026-05-01 14:17:22,065 [INFO] checkpoint - 读取断点缓存：已完成 24 个标的
2026-05-01 14:17:22,066 [INFO] scanner - [26/527] US.ABNB  完成率 5%  预计剩余 1h02m
2026-05-01 14:17:22,066 [INFO] scanner - ──────────────────────────────────────────────────
2026-05-01 14:17:22,066 [INFO] scanner - 处理标的: US.ABNB
2026-05-01 14:17:22,140 [INFO] scanner - [STEP1] 获取 US.ABNB 候选期权链…
2026-05-01 14:17:22,177 [INFO] option_chain_fetcher - [US.ABNB] 11 个到期日 → 4 批次调用
2026-05-01 14:17:47,959 [INFO] option_chain_fetcher - [US.ABNB] 候选合约共 3 个
2026-05-01 14:17:47,959 [INFO] scanner - [STEP1] US.ABNB: 候选合约 3 个
2026-05-01 14:17:47,959 [INFO] scanner - [STEP2] 获取 3 个合约快照…
2026-05-01 14:17:48,024 [INFO] snapshot_fetcher - 快照获取完成：3/3 个合约
2026-05-01 14:17:48,024 [INFO] scanner - [STEP2] 成功获取 3 条快照
2026-05-01 14:17:48,025 [INFO] scanner - [STEP3] 对 US.ABNB 执行异常检测…
2026-05-01 14:17:48,027 [INFO] anomaly_detector - 本批次无异常合约
2026-05-01 14:17:48,027 [INFO] checkpoint - 读取断点缓存：已完成 25 个标的
2026-05-01 14:17:48,028 [INFO] scanner - [27/527] US.ADBE  完成率 5%  预计剩余 1h08m
2026-05-01 14:17:48,028 [INFO] scanner - ──────────────────────────────────────────────────
2026-05-01 14:17:48,028 [INFO] scanner - 处理标的: US.ADBE
2026-05-01 14:17:48,068 [INFO] scanner - [STEP1] 获取 US.ADBE 候选期权链…
2026-05-01 14:17:48,104 [INFO] option_chain_fetcher - [US.ADBE] 13 个到期日 → 6 批次调用
2026-05-01 14:17:52,022 [INFO] option_chain_fetcher - [US.ADBE] 候选合约共 33 个
2026-05-01 14:17:52,022 [INFO] scanner - [STEP1] US.ADBE: 候选合约 33 个
2026-05-01 14:17:52,022 [INFO] scanner - [STEP2] 获取 33 个合约快照…
2026-05-01 14:17:52,106 [INFO] snapshot_fetcher - 快照获取完成：33/33 个合约
2026-05-01 14:17:52,107 [INFO] scanner - [STEP2] 成功获取 33 条快照
2026-05-01 14:17:52,108 [INFO] scanner - [STEP3] 对 US.ADBE 执行异常检测…
2026-05-01 14:17:52,111 [INFO] anomaly_detector - 发现异常合约 6 个
2026-05-01 14:17:52,114 [INFO] anomaly_detector - 已追加写入 6 条异常记录 → .\filter_data\anomaly_results2026-05-01.csv
2026-05-01 14:17:52,115 [INFO] checkpoint - 读取断点缓存：已完成 26 个标的
2026-05-01 14:17:52,116 [INFO] scanner - [28/527] US.ADI  完成率 5%  预计剩余 1h06m
2026-05-01 14:17:52,116 [INFO] scanner - ──────────────────────────────────────────────────
2026-05-01 14:17:52,116 [INFO] scanner - 处理标的: US.ADI
2026-05-01 14:17:52,157 [INFO] scanner - [STEP1] 获取 US.ADI 候选期权链…
2026-05-01 14:17:52,193 [INFO] option_chain_fetcher - [US.ADI] 9 个到期日 → 3 批次调用
2026-05-01 14:18:17,425 [INFO] option_chain_fetcher - [US.ADI] 候选合约共 0 个
2026-05-01 14:18:17,425 [INFO] scanner - [STEP1] US.ADI: 候选合约 0 个
2026-05-01 14:18:17,425 [INFO] scanner - [STEP2] 获取 0 个合约快照…
2026-05-01 14:18:17,425 [WARNING] scanner - [STEP2] 合约列表为空，跳过
2026-05-01 14:18:17,425 [ERROR] scanner - [US.ADI] 处理异常: 'option_type'
2026-05-01 14:18:17,426 [ERROR] scanner - Traceback (most recent call last):
  File "C:\Users\Administrator\AppData\Local\Programs\Python\Python312\Lib\site-packages\pandas\core\indexes\base.py", line 3641, in get_loc
    return self._engine.get_loc(casted_key)
           ^^^^^^^^^^^^^^^^^^^^^^^^^^^^^^^^
  File "pandas/_libs/index.pyx", line 168, in pandas._libs.index.IndexEngine.get_loc
  File "pandas/_libs/index.pyx", line 197, in pandas._libs.index.IndexEngine.get_loc
  File "pandas/_libs/hashtable_class_helper.pxi", line 7668, in pandas._libs.hashtable.PyObjectHashTable.get_item
  File "pandas/_libs/hashtable_class_helper.pxi", line 7676, in pandas._libs.hashtable.PyObjectHashTable.get_item
KeyError: 'option_type'

The above exception was the direct cause of the following exception:

Traceback (most recent call last):
  File "<input>", line 170, in step_run_single
  File "C:\Users\Administrator\AppData\Local\Programs\Python\Python312\Lib\site-packages\pandas\core\frame.py", line 4378, in __getitem__
    indexer = self.columns.get_loc(key)
              ^^^^^^^^^^^^^^^^^^^^^^^^^
  File "C:\Users\Administrator\AppData\Local\Programs\Python\Python312\Lib\site-packages\pandas\core\indexes\base.py", line 3648, in get_loc
    raise KeyError(key) from err
KeyError: 'option_type'

2026-05-01 14:18:17,426 [INFO] checkpoint - 读取断点缓存：已完成 27 个标的
2026-05-01 14:18:17,427 [INFO] scanner - [29/527] US.ADP  完成率 6%  预计剩余 1h11m
2026-05-01 14:18:17,427 [INFO] scanner - ──────────────────────────────────────────────────
2026-05-01 14:18:17,427 [INFO] scanner - 处理标的: US.ADP
2026-05-01 14:18:17,467 [INFO] scanner - [STEP1] 获取 US.ADP 候选期权链…
2026-05-01 14:18:17,502 [INFO] option_chain_fetcher - [US.ADP] 11 个到期日 → 4 批次调用
2026-05-01 14:18:20,201 [INFO] option_chain_fetcher - [US.ADP] 候选合约共 4 个
2026-05-01 14:18:20,201 [INFO] scanner - [STEP1] US.ADP: 候选合约 4 个
2026-05-01 14:18:20,201 [INFO] scanner - [STEP2] 获取 4 个合约快照…
2026-05-01 14:18:20,267 [INFO] snapshot_fetcher - 快照获取完成：4/4 个合约
2026-05-01 14:18:20,268 [INFO] scanner - [STEP2] 成功获取 4 条快照
2026-05-01 14:18:20,269 [INFO] scanner - [STEP3] 对 US.ADP 执行异常检测…
2026-05-01 14:18:20,270 [INFO] anomaly_detector - 本批次无异常合约
2026-05-01 14:18:20,270 [INFO] checkpoint - 读取断点缓存：已完成 28 个标的
2026-05-01 14:18:20,271 [INFO] scanner - [30/527] US.ADSK  完成率 6%  预计剩余 1h09m
2026-05-01 14:18:20,271 [INFO] scanner - ──────────────────────────────────────────────────
2026-05-01 14:18:20,271 [INFO] scanner - 处理标的: US.ADSK
2026-05-01 14:18:20,311 [INFO] scanner - [STEP1] 获取 US.ADSK 候选期权链…
2026-05-01 14:18:20,346 [INFO] option_chain_fetcher - [US.ADSK] 11 个到期日 → 4 批次调用
2026-05-01 14:18:22,680 [INFO] option_chain_fetcher - [US.ADSK] 候选合约共 3 个
2026-05-01 14:18:22,680 [INFO] scanner - [STEP1] US.ADSK: 候选合约 3 个
2026-05-01 14:18:22,680 [INFO] scanner - [STEP2] 获取 3 个合约快照…
2026-05-01 14:18:22,748 [INFO] snapshot_fetcher - 快照获取完成：3/3 个合约
2026-05-01 14:18:22,748 [INFO] scanner - [STEP2] 成功获取 3 条快照
2026-05-01 14:18:22,749 [INFO] scanner - [STEP3] 对 US.ADSK 执行异常检测…
2026-05-01 14:18:22,750 [INFO] anomaly_detector - 本批次无异常合约
2026-05-01 14:18:22,750 [INFO] checkpoint - 读取断点缓存：已完成 29 个标的
2026-05-01 14:18:22,751 [INFO] scanner - [31/527] US.AEP  完成率 6%  预计剩余 1h08m
2026-05-01 14:18:22,751 [INFO] scanner - ──────────────────────────────────────────────────
2026-05-01 14:18:22,751 [INFO] scanner - 处理标的: US.AEP
2026-05-01 14:18:22,790 [INFO] scanner - [STEP1] 获取 US.AEP 候选期权链…
2026-05-01 14:18:22,825 [INFO] option_chain_fetcher - [US.AEP] 5 个到期日 → 4 批次调用
2026-05-01 14:18:48,678 [INFO] option_chain_fetcher - [US.AEP] 候选合约共 5 个
2026-05-01 14:18:48,678 [INFO] scanner - [STEP1] US.AEP: 候选合约 5 个
2026-05-01 14:18:48,678 [INFO] scanner - [STEP2] 获取 5 个合约快照…
2026-05-01 14:18:48,747 [INFO] snapshot_fetcher - 快照获取完成：5/5 个合约
2026-05-01 14:18:48,748 [INFO] scanner - [STEP2] 成功获取 5 条快照
2026-05-01 14:18:48,749 [INFO] scanner - [STEP3] 对 US.AEP 执行异常检测…
2026-05-01 14:18:48,751 [INFO] anomaly_detector - 本批次无异常合约
2026-05-01 14:18:48,752 [INFO] checkpoint - 读取断点缓存：已完成 30 个标的
2026-05-01 14:18:48,752 [INFO] scanner - [32/527] US.ALNY  完成率 6%  预计剩余 1h12m
2026-05-01 14:18:48,752 [INFO] scanner - ──────────────────────────────────────────────────
2026-05-01 14:18:48,753 [INFO] scanner - 处理标的: US.ALNY
2026-05-01 14:18:48,798 [INFO] scanner - [STEP1] 获取 US.ALNY 候选期权链…
2026-05-01 14:18:48,834 [INFO] option_chain_fetcher - [US.ALNY] 4 个到期日 → 4 批次调用
2026-05-01 14:18:51,620 [INFO] option_chain_fetcher - [US.ALNY] 候选合约共 2 个
2026-05-01 14:18:51,620 [INFO] scanner - [STEP1] US.ALNY: 候选合约 2 个
2026-05-01 14:18:51,620 [INFO] scanner - [STEP2] 获取 2 个合约快照…
2026-05-01 14:18:51,692 [INFO] snapshot_fetcher - 快照获取完成：2/2 个合约
2026-05-01 14:18:51,693 [INFO] scanner - [STEP2] 成功获取 2 条快照
2026-05-01 14:18:51,695 [INFO] scanner - [STEP3] 对 US.ALNY 执行异常检测…
2026-05-01 14:18:51,696 [INFO] anomaly_detector - 本批次无异常合约
2026-05-01 14:18:51,697 [INFO] checkpoint - 读取断点缓存：已完成 31 个标的
2026-05-01 14:18:51,698 [INFO] scanner - [33/527] US.AMAT  完成率 6%  预计剩余 1h11m
2026-05-01 14:18:51,698 [INFO] scanner - ──────────────────────────────────────────────────
2026-05-01 14:18:51,698 [INFO] scanner - 处理标的: US.AMAT
2026-05-01 14:18:51,739 [INFO] scanner - [STEP1] 获取 US.AMAT 候选期权链…
2026-05-01 14:18:51,777 [INFO] option_chain_fetcher - [US.AMAT] 13 个到期日 → 6 批次调用
2026-05-01 14:19:18,735 [INFO] option_chain_fetcher - [US.AMAT] 候选合约共 27 个
2026-05-01 14:19:18,735 [INFO] scanner - [STEP1] US.AMAT: 候选合约 27 个
2026-05-01 14:19:18,735 [INFO] scanner - [STEP2] 获取 27 个合约快照…
2026-05-01 14:19:18,815 [INFO] snapshot_fetcher - 快照获取完成：27/27 个合约
2026-05-01 14:19:18,816 [INFO] scanner - [STEP2] 成功获取 27 条快照
2026-05-01 14:19:18,817 [INFO] scanner - [STEP3] 对 US.AMAT 执行异常检测…
2026-05-01 14:19:18,819 [INFO] anomaly_detector - 发现异常合约 5 个
2026-05-01 14:19:18,821 [INFO] anomaly_detector - 已追加写入 5 条异常记录 → .\filter_data\anomaly_results2026-05-01.csv
2026-05-01 14:19:18,821 [INFO] checkpoint - 读取断点缓存：已完成 32 个标的
2026-05-01 14:19:18,821 [INFO] scanner - [34/527] US.AMGN  完成率 6%  预计剩余 1h15m
2026-05-01 14:19:18,822 [INFO] scanner - ──────────────────────────────────────────────────
2026-05-01 14:19:18,822 [INFO] scanner - 处理标的: US.AMGN
2026-05-01 14:19:18,863 [INFO] scanner - [STEP1] 获取 US.AMGN 候选期权链…
2026-05-01 14:19:18,901 [INFO] option_chain_fetcher - [US.AMGN] 11 个到期日 → 4 批次调用
2026-05-01 14:19:21,719 [INFO] option_chain_fetcher - [US.AMGN] 候选合约共 17 个
2026-05-01 14:19:21,719 [INFO] scanner - [STEP1] US.AMGN: 候选合约 17 个
2026-05-01 14:19:21,719 [INFO] scanner - [STEP2] 获取 17 个合约快照…
2026-05-01 14:19:21,791 [INFO] snapshot_fetcher - 快照获取完成：17/17 个合约
2026-05-01 14:19:21,792 [INFO] scanner - [STEP2] 成功获取 17 条快照
2026-05-01 14:19:21,792 [INFO] scanner - [STEP3] 对 US.AMGN 执行异常检测…
2026-05-01 14:19:21,793 [INFO] anomaly_detector - 本批次无异常合约
2026-05-01 14:19:21,794 [INFO] checkpoint - 读取断点缓存：已完成 33 个标的
2026-05-01 14:19:21,794 [INFO] scanner - [35/527] US.APP  完成率 7%  预计剩余 1h13m
2026-05-01 14:19:21,794 [INFO] scanner - ──────────────────────────────────────────────────
2026-05-01 14:19:21,794 [INFO] scanner - 处理标的: US.APP
2026-05-01 14:19:21,863 [INFO] scanner - [STEP1] 获取 US.APP 候选期权链…
2026-05-01 14:19:21,900 [INFO] option_chain_fetcher - [US.APP] 12 个到期日 → 5 批次调用
2026-05-01 14:19:48,130 [INFO] option_chain_fetcher - [US.APP] 候选合约共 18 个
2026-05-01 14:19:48,130 [INFO] scanner - [STEP1] US.APP: 候选合约 18 个
2026-05-01 14:19:48,130 [INFO] scanner - [STEP2] 获取 18 个合约快照…
2026-05-01 14:19:48,208 [INFO] snapshot_fetcher - 快照获取完成：18/18 个合约
2026-05-01 14:19:48,209 [INFO] scanner - [STEP2] 成功获取 18 条快照
2026-05-01 14:19:48,211 [INFO] scanner - [STEP3] 对 US.APP 执行异常检测…
2026-05-01 14:19:48,213 [INFO] anomaly_detector - 发现异常合约 3 个
2026-05-01 14:19:48,217 [INFO] anomaly_detector - 已追加写入 3 条异常记录 → .\filter_data\anomaly_results2026-05-01.csv
2026-05-01 14:19:48,217 [INFO] checkpoint - 读取断点缓存：已完成 34 个标的
2026-05-01 14:19:48,218 [INFO] scanner - [36/527] US.ASML  完成率 7%  预计剩余 1h17m
2026-05-01 14:19:48,218 [INFO] scanner - ──────────────────────────────────────────────────
2026-05-01 14:19:48,218 [INFO] scanner - 处理标的: US.ASML
2026-05-01 14:19:48,259 [INFO] scanner - US.ASML 市值过大，pass
2026-05-01 14:19:48,259 [INFO] scanner - [STEP2] 获取 0 个合约快照…
2026-05-01 14:19:48,259 [WARNING] scanner - [STEP2] 合约列表为空，跳过
2026-05-01 14:19:48,259 [ERROR] scanner - [US.ASML] 处理异常: 'option_type'
2026-05-01 14:19:48,260 [ERROR] scanner - Traceback (most recent call last):
  File "C:\Users\Administrator\AppData\Local\Programs\Python\Python312\Lib\site-packages\pandas\core\indexes\base.py", line 3641, in get_loc
    return self._engine.get_loc(casted_key)
           ^^^^^^^^^^^^^^^^^^^^^^^^^^^^^^^^
  File "pandas/_libs/index.pyx", line 168, in pandas._libs.index.IndexEngine.get_loc
  File "pandas/_libs/index.pyx", line 197, in pandas._libs.index.IndexEngine.get_loc
  File "pandas/_libs/hashtable_class_helper.pxi", line 7668, in pandas._libs.hashtable.PyObjectHashTable.get_item
  File "pandas/_libs/hashtable_class_helper.pxi", line 7676, in pandas._libs.hashtable.PyObjectHashTable.get_item
KeyError: 'option_type'

The above exception was the direct cause of the following exception:

Traceback (most recent call last):
  File "<input>", line 170, in step_run_single
  File "C:\Users\Administrator\AppData\Local\Programs\Python\Python312\Lib\site-packages\pandas\core\frame.py", line 4378, in __getitem__
    indexer = self.columns.get_loc(key)
              ^^^^^^^^^^^^^^^^^^^^^^^^^
  File "C:\Users\Administrator\AppData\Local\Programs\Python\Python312\Lib\site-packages\pandas\core\indexes\base.py", line 3648, in get_loc
    raise KeyError(key) from err
KeyError: 'option_type'

2026-05-01 14:19:48,260 [INFO] checkpoint - 读取断点缓存：已完成 35 个标的
2026-05-01 14:19:48,260 [INFO] scanner - [37/527] US.AVGO  完成率 7%  预计剩余 1h15m
2026-05-01 14:19:48,260 [INFO] scanner - ──────────────────────────────────────────────────
2026-05-01 14:19:48,260 [INFO] scanner - 处理标的: US.AVGO
2026-05-01 14:19:48,301 [INFO] scanner - US.AVGO 市值过大，pass
2026-05-01 14:19:48,301 [INFO] scanner - [STEP2] 获取 0 个合约快照…
2026-05-01 14:19:48,301 [WARNING] scanner - [STEP2] 合约列表为空，跳过
2026-05-01 14:19:48,301 [ERROR] scanner - [US.AVGO] 处理异常: 'option_type'
2026-05-01 14:19:48,302 [ERROR] scanner - Traceback (most recent call last):
  File "C:\Users\Administrator\AppData\Local\Programs\Python\Python312\Lib\site-packages\pandas\core\indexes\base.py", line 3641, in get_loc
    return self._engine.get_loc(casted_key)
           ^^^^^^^^^^^^^^^^^^^^^^^^^^^^^^^^
  File "pandas/_libs/index.pyx", line 168, in pandas._libs.index.IndexEngine.get_loc
  File "pandas/_libs/index.pyx", line 197, in pandas._libs.index.IndexEngine.get_loc
  File "pandas/_libs/hashtable_class_helper.pxi", line 7668, in pandas._libs.hashtable.PyObjectHashTable.get_item
  File "pandas/_libs/hashtable_class_helper.pxi", line 7676, in pandas._libs.hashtable.PyObjectHashTable.get_item
KeyError: 'option_type'

The above exception was the direct cause of the following exception:

Traceback (most recent call last):
  File "<input>", line 170, in step_run_single
  File "C:\Users\Administrator\AppData\Local\Programs\Python\Python312\Lib\site-packages\pandas\core\frame.py", line 4378, in __getitem__
    indexer = self.columns.get_loc(key)
              ^^^^^^^^^^^^^^^^^^^^^^^^^
  File "C:\Users\Administrator\AppData\Local\Programs\Python\Python312\Lib\site-packages\pandas\core\indexes\base.py", line 3648, in get_loc
    raise KeyError(key) from err
KeyError: 'option_type'

2026-05-01 14:19:48,302 [INFO] checkpoint - 读取断点缓存：已完成 36 个标的
2026-05-01 14:19:48,303 [INFO] scanner - [38/527] US.AXON  完成率 7%  预计剩余 1h13m
2026-05-01 14:19:48,303 [INFO] scanner - ──────────────────────────────────────────────────
2026-05-01 14:19:48,303 [INFO] scanner - 处理标的: US.AXON
2026-05-01 14:19:48,343 [INFO] scanner - [STEP1] 获取 US.AXON 候选期权链…
2026-05-01 14:19:48,380 [INFO] option_chain_fetcher - [US.AXON] 9 个到期日 → 3 批次调用
2026-05-01 14:19:50,354 [INFO] option_chain_fetcher - [US.AXON] 候选合约共 0 个
2026-05-01 14:19:50,354 [INFO] scanner - [STEP1] US.AXON: 候选合约 0 个
2026-05-01 14:19:50,354 [INFO] scanner - [STEP2] 获取 0 个合约快照…
2026-05-01 14:19:50,354 [WARNING] scanner - [STEP2] 合约列表为空，跳过
2026-05-01 14:19:50,355 [ERROR] scanner - [US.AXON] 处理异常: 'option_type'
2026-05-01 14:19:50,356 [ERROR] scanner - Traceback (most recent call last):
  File "C:\Users\Administrator\AppData\Local\Programs\Python\Python312\Lib\site-packages\pandas\core\indexes\base.py", line 3641, in get_loc
    return self._engine.get_loc(casted_key)
           ^^^^^^^^^^^^^^^^^^^^^^^^^^^^^^^^
  File "pandas/_libs/index.pyx", line 168, in pandas._libs.index.IndexEngine.get_loc
  File "pandas/_libs/index.pyx", line 197, in pandas._libs.index.IndexEngine.get_loc
  File "pandas/_libs/hashtable_class_helper.pxi", line 7668, in pandas._libs.hashtable.PyObjectHashTable.get_item
  File "pandas/_libs/hashtable_class_helper.pxi", line 7676, in pandas._libs.hashtable.PyObjectHashTable.get_item
KeyError: 'option_type'

The above exception was the direct cause of the following exception:

Traceback (most recent call last):
  File "<input>", line 170, in step_run_single
  File "C:\Users\Administrator\AppData\Local\Programs\Python\Python312\Lib\site-packages\pandas\core\frame.py", line 4378, in __getitem__
    indexer = self.columns.get_loc(key)
              ^^^^^^^^^^^^^^^^^^^^^^^^^
  File "C:\Users\Administrator\AppData\Local\Programs\Python\Python312\Lib\site-packages\pandas\core\indexes\base.py", line 3648, in get_loc
    raise KeyError(key) from err
KeyError: 'option_type'

2026-05-01 14:19:50,357 [INFO] checkpoint - 读取断点缓存：已完成 37 个标的
2026-05-01 14:19:50,358 [INFO] scanner - [39/527] US.BKNG  完成率 7%  预计剩余 1h11m
2026-05-01 14:19:50,358 [INFO] scanner - ──────────────────────────────────────────────────
2026-05-01 14:19:50,358 [INFO] scanner - 处理标的: US.BKNG
2026-05-01 14:19:50,398 [INFO] scanner - [STEP1] 获取 US.BKNG 候选期权链…
2026-05-01 14:19:50,437 [INFO] option_chain_fetcher - [US.BKNG] 11 个到期日 → 4 批次调用
2026-05-01 14:19:52,959 [INFO] option_chain_fetcher - [US.BKNG] 候选合约共 17 个
2026-05-01 14:19:52,959 [INFO] scanner - [STEP1] US.BKNG: 候选合约 17 个
2026-05-01 14:19:52,959 [INFO] scanner - [STEP2] 获取 17 个合约快照…
2026-05-01 14:19:53,038 [INFO] snapshot_fetcher - 快照获取完成：17/17 个合约
2026-05-01 14:19:53,039 [INFO] scanner - [STEP2] 成功获取 17 条快照
2026-05-01 14:19:53,041 [INFO] scanner - [STEP3] 对 US.BKNG 执行异常检测…
2026-05-01 14:19:53,044 [INFO] anomaly_detector - 发现异常合约 2 个
2026-05-01 14:19:53,048 [INFO] anomaly_detector - 已追加写入 2 条异常记录 → .\filter_data\anomaly_results2026-05-01.csv
2026-05-01 14:19:53,048 [INFO] checkpoint - 读取断点缓存：已完成 38 个标的
2026-05-01 14:19:53,049 [INFO] scanner - [40/527] US.BKR  完成率 8%  预计剩余 1h10m
2026-05-01 14:19:53,049 [INFO] scanner - ──────────────────────────────────────────────────
2026-05-01 14:19:53,049 [INFO] scanner - 处理标的: US.BKR
2026-05-01 14:19:53,090 [INFO] scanner - [STEP1] 获取 US.BKR 候选期权链…
2026-05-01 14:19:53,126 [INFO] option_chain_fetcher - [US.BKR] 5 个到期日 → 4 批次调用
2026-05-01 14:20:18,854 [INFO] option_chain_fetcher - [US.BKR] 候选合约共 3 个
2026-05-01 14:20:18,854 [INFO] scanner - [STEP1] US.BKR: 候选合约 3 个
2026-05-01 14:20:18,854 [INFO] scanner - [STEP2] 获取 3 个合约快照…
2026-05-01 14:20:18,926 [INFO] snapshot_fetcher - 快照获取完成：3/3 个合约
2026-05-01 14:20:18,926 [INFO] scanner - [STEP2] 成功获取 3 条快照
2026-05-01 14:20:18,928 [INFO] scanner - [STEP3] 对 US.BKR 执行异常检测…
2026-05-01 14:20:18,930 [INFO] anomaly_detector - 本批次无异常合约
2026-05-01 14:20:18,930 [INFO] checkpoint - 读取断点缓存：已完成 39 个标的
2026-05-01 14:20:18,931 [INFO] scanner - [41/527] US.CCEP  完成率 8%  预计剩余 1h13m
2026-05-01 14:20:18,931 [INFO] scanner - ──────────────────────────────────────────────────
2026-05-01 14:20:18,931 [INFO] scanner - 处理标的: US.CCEP
2026-05-01 14:20:18,973 [INFO] scanner - [STEP1] 获取 US.CCEP 候选期权链…
2026-05-01 14:20:19,008 [INFO] option_chain_fetcher - [US.CCEP] 4 个到期日 → 4 批次调用
2026-05-01 14:20:21,820 [INFO] option_chain_fetcher - [US.CCEP] 候选合约共 0 个
2026-05-01 14:20:21,820 [INFO] scanner - [STEP1] US.CCEP: 候选合约 0 个
2026-05-01 14:20:21,820 [INFO] scanner - [STEP2] 获取 0 个合约快照…
2026-05-01 14:20:21,820 [WARNING] scanner - [STEP2] 合约列表为空，跳过
2026-05-01 14:20:21,821 [ERROR] scanner - [US.CCEP] 处理异常: 'option_type'
2026-05-01 14:20:21,822 [ERROR] scanner - Traceback (most recent call last):
  File "C:\Users\Administrator\AppData\Local\Programs\Python\Python312\Lib\site-packages\pandas\core\indexes\base.py", line 3641, in get_loc
    return self._engine.get_loc(casted_key)
           ^^^^^^^^^^^^^^^^^^^^^^^^^^^^^^^^
  File "pandas/_libs/index.pyx", line 168, in pandas._libs.index.IndexEngine.get_loc
  File "pandas/_libs/index.pyx", line 197, in pandas._libs.index.IndexEngine.get_loc
  File "pandas/_libs/hashtable_class_helper.pxi", line 7668, in pandas._libs.hashtable.PyObjectHashTable.get_item
  File "pandas/_libs/hashtable_class_helper.pxi", line 7676, in pandas._libs.hashtable.PyObjectHashTable.get_item
KeyError: 'option_type'

The above exception was the direct cause of the following exception:

Traceback (most recent call last):
  File "<input>", line 170, in step_run_single
  File "C:\Users\Administrator\AppData\Local\Programs\Python\Python312\Lib\site-packages\pandas\core\frame.py", line 4378, in __getitem__
    indexer = self.columns.get_loc(key)
              ^^^^^^^^^^^^^^^^^^^^^^^^^
  File "C:\Users\Administrator\AppData\Local\Programs\Python\Python312\Lib\site-packages\pandas\core\indexes\base.py", line 3648, in get_loc
    raise KeyError(key) from err
KeyError: 'option_type'

2026-05-01 14:20:21,823 [INFO] checkpoint - 读取断点缓存：已完成 40 个标的
2026-05-01 14:20:21,823 [INFO] scanner - [42/527] US.CDNS  完成率 8%  预计剩余 1h12m
2026-05-01 14:20:21,823 [INFO] scanner - ──────────────────────────────────────────────────
2026-05-01 14:20:21,823 [INFO] scanner - 处理标的: US.CDNS
2026-05-01 14:20:21,865 [INFO] scanner - [STEP1] 获取 US.CDNS 候选期权链…
2026-05-01 14:20:21,907 [INFO] option_chain_fetcher - [US.CDNS] 12 个到期日 → 5 批次调用
2026-05-01 14:20:48,238 [INFO] option_chain_fetcher - [US.CDNS] 候选合约共 2 个
2026-05-01 14:20:48,238 [INFO] scanner - [STEP1] US.CDNS: 候选合约 2 个
2026-05-01 14:20:48,238 [INFO] scanner - [STEP2] 获取 2 个合约快照…
2026-05-01 14:20:48,305 [INFO] snapshot_fetcher - 快照获取完成：2/2 个合约
2026-05-01 14:20:48,305 [INFO] scanner - [STEP2] 成功获取 2 条快照
2026-05-01 14:20:48,306 [INFO] scanner - [STEP3] 对 US.CDNS 执行异常检测…
2026-05-01 14:20:48,307 [INFO] anomaly_detector - 本批次无异常合约
2026-05-01 14:20:48,307 [INFO] checkpoint - 读取断点缓存：已完成 41 个标的
2026-05-01 14:20:48,308 [INFO] scanner - [43/527] US.CEG  完成率 8%  预计剩余 1h15m
2026-05-01 14:20:48,308 [INFO] scanner - ──────────────────────────────────────────────────
2026-05-01 14:20:48,308 [INFO] scanner - 处理标的: US.CEG
2026-05-01 14:20:48,348 [INFO] scanner - [STEP1] 获取 US.CEG 候选期权链…
2026-05-01 14:20:48,385 [INFO] option_chain_fetcher - [US.CEG] 11 个到期日 → 4 批次调用
2026-05-01 14:20:51,278 [INFO] option_chain_fetcher - [US.CEG] 候选合约共 13 个
2026-05-01 14:20:51,278 [INFO] scanner - [STEP1] US.CEG: 候选合约 13 个
2026-05-01 14:20:51,278 [INFO] scanner - [STEP2] 获取 13 个合约快照…
2026-05-01 14:20:51,346 [INFO] snapshot_fetcher - 快照获取完成：13/13 个合约
2026-05-01 14:20:51,346 [INFO] scanner - [STEP2] 成功获取 13 条快照
2026-05-01 14:20:51,347 [INFO] scanner - [STEP3] 对 US.CEG 执行异常检测…
2026-05-01 14:20:51,348 [INFO] anomaly_detector - 发现异常合约 3 个
2026-05-01 14:20:51,350 [INFO] anomaly_detector - 已追加写入 3 条异常记录 → .\filter_data\anomaly_results2026-05-01.csv
2026-05-01 14:20:51,351 [INFO] checkpoint - 读取断点缓存：已完成 42 个标的
2026-05-01 14:20:51,351 [INFO] scanner - [44/527] US.CHTR  完成率 8%  预计剩余 1h14m
2026-05-01 14:20:51,351 [INFO] scanner - ──────────────────────────────────────────────────
2026-05-01 14:20:51,351 [INFO] scanner - 处理标的: US.CHTR
2026-05-01 14:20:51,388 [INFO] scanner - [STEP1] 获取 US.CHTR 候选期权链…
2026-05-01 14:20:51,423 [INFO] option_chain_fetcher - [US.CHTR] 13 个到期日 → 6 批次调用
2026-05-01 14:21:18,291 [INFO] option_chain_fetcher - [US.CHTR] 候选合约共 10 个
2026-05-01 14:21:18,291 [INFO] scanner - [STEP1] US.CHTR: 候选合约 10 个
2026-05-01 14:21:18,291 [INFO] scanner - [STEP2] 获取 10 个合约快照…
2026-05-01 14:21:18,361 [INFO] snapshot_fetcher - 快照获取完成：10/10 个合约
2026-05-01 14:21:18,362 [INFO] scanner - [STEP2] 成功获取 10 条快照
2026-05-01 14:21:18,364 [INFO] scanner - [STEP3] 对 US.CHTR 执行异常检测…
2026-05-01 14:21:18,366 [INFO] anomaly_detector - 发现异常合约 4 个
2026-05-01 14:21:18,370 [INFO] anomaly_detector - 已追加写入 4 条异常记录 → .\filter_data\anomaly_results2026-05-01.csv
2026-05-01 14:21:18,370 [INFO] checkpoint - 读取断点缓存：已完成 43 个标的
2026-05-01 14:21:18,370 [INFO] scanner - [45/527] US.CMCSA  完成率 9%  预计剩余 1h17m
2026-05-01 14:21:18,370 [INFO] scanner - ──────────────────────────────────────────────────
2026-05-01 14:21:18,370 [INFO] scanner - 处理标的: US.CMCSA
2026-05-01 14:21:18,413 [INFO] scanner - [STEP1] 获取 US.CMCSA 候选期权链…
2026-05-01 14:21:18,450 [INFO] option_chain_fetcher - [US.CMCSA] 11 个到期日 → 4 批次调用
2026-05-01 14:21:21,369 [INFO] option_chain_fetcher - [US.CMCSA] 候选合约共 18 个
2026-05-01 14:21:21,369 [INFO] scanner - [STEP1] US.CMCSA: 候选合约 18 个
2026-05-01 14:21:21,369 [INFO] scanner - [STEP2] 获取 18 个合约快照…
2026-05-01 14:21:21,444 [INFO] snapshot_fetcher - 快照获取完成：18/18 个合约
2026-05-01 14:21:21,445 [INFO] scanner - [STEP2] 成功获取 18 条快照
2026-05-01 14:21:21,446 [INFO] scanner - [STEP3] 对 US.CMCSA 执行异常检测…
2026-05-01 14:21:21,448 [INFO] anomaly_detector - 本批次无异常合约
2026-05-01 14:21:21,449 [INFO] checkpoint - 读取断点缓存：已完成 44 个标的
2026-05-01 14:21:21,449 [INFO] scanner - [46/527] US.COST  完成率 9%  预计剩余 1h15m
2026-05-01 14:21:21,449 [INFO] scanner - ──────────────────────────────────────────────────
2026-05-01 14:21:21,450 [INFO] scanner - 处理标的: US.COST
2026-05-01 14:21:21,519 [INFO] scanner - [STEP1] 获取 US.COST 候选期权链…
2026-05-01 14:21:21,557 [INFO] option_chain_fetcher - [US.COST] 13 个到期日 → 6 批次调用
2026-05-01 14:21:22,634 [WARNING] rate_limiter - [_call] 第 1/5 次失败: 获取期权链频率太高，请求失败，每30秒最多10次。，5.0s 后重试…
2026-05-01 14:21:48,345 [INFO] option_chain_fetcher - [US.COST] 候选合约共 66 个
2026-05-01 14:21:48,345 [INFO] scanner - [STEP1] US.COST: 候选合约 66 个
2026-05-01 14:21:48,345 [INFO] scanner - [STEP2] 获取 66 个合约快照…
2026-05-01 14:21:48,501 [INFO] snapshot_fetcher - 快照获取完成：66/66 个合约
2026-05-01 14:21:48,502 [INFO] scanner - [STEP2] 成功获取 66 条快照
2026-05-01 14:21:48,503 [INFO] scanner - [STEP3] 对 US.COST 执行异常检测…
2026-05-01 14:21:48,505 [INFO] anomaly_detector - 发现异常合约 6 个
2026-05-01 14:21:48,507 [INFO] anomaly_detector - 已追加写入 6 条异常记录 → .\filter_data\anomaly_results2026-05-01.csv
2026-05-01 14:21:48,507 [INFO] checkpoint - 读取断点缓存：已完成 45 个标的
2026-05-01 14:21:48,507 [INFO] scanner - [47/527] US.CPRT  完成率 9%  预计剩余 1h18m
2026-05-01 14:21:48,507 [INFO] scanner - ──────────────────────────────────────────────────
2026-05-01 14:21:48,507 [INFO] scanner - 处理标的: US.CPRT
2026-05-01 14:21:48,549 [INFO] scanner - [STEP1] 获取 US.CPRT 候选期权链…
2026-05-01 14:21:48,585 [INFO] option_chain_fetcher - [US.CPRT] 5 个到期日 → 4 批次调用
2026-05-01 14:21:51,386 [INFO] option_chain_fetcher - [US.CPRT] 候选合约共 0 个
2026-05-01 14:21:51,386 [INFO] scanner - [STEP1] US.CPRT: 候选合约 0 个
2026-05-01 14:21:51,386 [INFO] scanner - [STEP2] 获取 0 个合约快照…
2026-05-01 14:21:51,386 [WARNING] scanner - [STEP2] 合约列表为空，跳过
2026-05-01 14:21:51,387 [ERROR] scanner - [US.CPRT] 处理异常: 'option_type'
2026-05-01 14:21:51,388 [ERROR] scanner - Traceback (most recent call last):
  File "C:\Users\Administrator\AppData\Local\Programs\Python\Python312\Lib\site-packages\pandas\core\indexes\base.py", line 3641, in get_loc
    return self._engine.get_loc(casted_key)
           ^^^^^^^^^^^^^^^^^^^^^^^^^^^^^^^^
  File "pandas/_libs/index.pyx", line 168, in pandas._libs.index.IndexEngine.get_loc
  File "pandas/_libs/index.pyx", line 197, in pandas._libs.index.IndexEngine.get_loc
  File "pandas/_libs/hashtable_class_helper.pxi", line 7668, in pandas._libs.hashtable.PyObjectHashTable.get_item
  File "pandas/_libs/hashtable_class_helper.pxi", line 7676, in pandas._libs.hashtable.PyObjectHashTable.get_item
KeyError: 'option_type'

The above exception was the direct cause of the following exception:

Traceback (most recent call last):
  File "<input>", line 170, in step_run_single
  File "C:\Users\Administrator\AppData\Local\Programs\Python\Python312\Lib\site-packages\pandas\core\frame.py", line 4378, in __getitem__
    indexer = self.columns.get_loc(key)
              ^^^^^^^^^^^^^^^^^^^^^^^^^
  File "C:\Users\Administrator\AppData\Local\Programs\Python\Python312\Lib\site-packages\pandas\core\indexes\base.py", line 3648, in get_loc
    raise KeyError(key) from err
KeyError: 'option_type'

2026-05-01 14:21:51,389 [INFO] checkpoint - 读取断点缓存：已完成 46 个标的
2026-05-01 14:21:51,389 [INFO] scanner - [48/527] US.CRWD  完成率 9%  预计剩余 1h17m
2026-05-01 14:21:51,389 [INFO] scanner - ──────────────────────────────────────────────────
2026-05-01 14:21:51,389 [INFO] scanner - 处理标的: US.CRWD
2026-05-01 14:21:51,432 [INFO] scanner - [STEP1] 获取 US.CRWD 候选期权链…
2026-05-01 14:21:51,471 [INFO] option_chain_fetcher - [US.CRWD] 13 个到期日 → 6 批次调用
2026-05-01 14:21:52,678 [WARNING] rate_limiter - [_call] 第 1/5 次失败: 获取期权链频率太高，请求失败，每30秒最多10次。，5.0s 后重试…
2026-05-01 14:22:18,400 [INFO] option_chain_fetcher - [US.CRWD] 候选合约共 23 个
2026-05-01 14:22:18,400 [INFO] scanner - [STEP1] US.CRWD: 候选合约 23 个
2026-05-01 14:22:18,400 [INFO] scanner - [STEP2] 获取 23 个合约快照…
2026-05-01 14:22:18,476 [INFO] snapshot_fetcher - 快照获取完成：23/23 个合约
2026-05-01 14:22:18,477 [INFO] scanner - [STEP2] 成功获取 23 条快照
2026-05-01 14:22:18,478 [INFO] scanner - [STEP3] 对 US.CRWD 执行异常检测…
2026-05-01 14:22:18,480 [INFO] anomaly_detector - 本批次无异常合约
2026-05-01 14:22:18,481 [INFO] checkpoint - 读取断点缓存：已完成 47 个标的
2026-05-01 14:22:18,481 [INFO] scanner - [49/527] US.CSCO  完成率 9%  预计剩余 1h20m
2026-05-01 14:22:18,481 [INFO] scanner - ──────────────────────────────────────────────────
2026-05-01 14:22:18,481 [INFO] scanner - 处理标的: US.CSCO
2026-05-01 14:22:18,525 [INFO] scanner - [STEP1] 获取 US.CSCO 候选期权链…
2026-05-01 14:22:18,562 [INFO] option_chain_fetcher - [US.CSCO] 11 个到期日 → 4 批次调用
2026-05-01 14:22:21,494 [INFO] option_chain_fetcher - [US.CSCO] 候选合约共 54 个
2026-05-01 14:22:21,494 [INFO] scanner - [STEP1] US.CSCO: 候选合约 54 个
2026-05-01 14:22:21,494 [INFO] scanner - [STEP2] 获取 54 个合约快照…
2026-05-01 14:22:21,648 [INFO] snapshot_fetcher - 快照获取完成：54/54 个合约
2026-05-01 14:22:21,649 [INFO] scanner - [STEP2] 成功获取 54 条快照
2026-05-01 14:22:21,650 [INFO] scanner - [STEP3] 对 US.CSCO 执行异常检测…
2026-05-01 14:22:21,651 [INFO] anomaly_detector - 发现异常合约 2 个
2026-05-01 14:22:21,652 [INFO] anomaly_detector - 已追加写入 2 条异常记录 → .\filter_data\anomaly_results2026-05-01.csv
2026-05-01 14:22:21,653 [INFO] checkpoint - 读取断点缓存：已完成 48 个标的
2026-05-01 14:22:21,653 [INFO] scanner - [50/527] US.CSGP  完成率 9%  预计剩余 1h18m
2026-05-01 14:22:21,653 [INFO] scanner - ──────────────────────────────────────────────────
2026-05-01 14:22:21,653 [INFO] scanner - 处理标的: US.CSGP
2026-05-01 14:22:21,718 [INFO] scanner - [STEP1] 获取 US.CSGP 候选期权链…
2026-05-01 14:22:21,754 [INFO] option_chain_fetcher - [US.CSGP] 5 个到期日 → 4 批次调用
2026-05-01 14:22:22,722 [WARNING] rate_limiter - [_call] 第 1/5 次失败: 获取期权链频率太高，请求失败，每30秒最多10次。，5.0s 后重试…
2026-05-01 14:22:28,512 [INFO] option_chain_fetcher - [US.CSGP] 候选合约共 1 个
2026-05-01 14:22:28,512 [INFO] scanner - [STEP1] US.CSGP: 候选合约 1 个
2026-05-01 14:22:28,512 [INFO] scanner - [STEP2] 获取 1 个合约快照…
2026-05-01 14:22:28,580 [INFO] snapshot_fetcher - 快照获取完成：1/1 个合约
2026-05-01 14:22:28,581 [INFO] scanner - [STEP2] 成功获取 1 条快照
2026-05-01 14:22:28,582 [INFO] scanner - [STEP3] 对 US.CSGP 执行异常检测…
2026-05-01 14:22:28,582 [INFO] anomaly_detector - 本批次无异常合约
2026-05-01 14:22:28,583 [INFO] checkpoint - 读取断点缓存：已完成 49 个标的
2026-05-01 14:22:28,583 [INFO] scanner - [51/527] US.CSX  完成率 10%  预计剩余 1h18m
2026-05-01 14:22:28,583 [INFO] scanner - ──────────────────────────────────────────────────
2026-05-01 14:22:28,583 [INFO] scanner - 处理标的: US.CSX
2026-05-01 14:22:28,624 [INFO] scanner - [STEP1] 获取 US.CSX 候选期权链…
2026-05-01 14:22:28,660 [INFO] option_chain_fetcher - [US.CSX] 12 个到期日 → 5 批次调用
2026-05-01 14:22:50,665 [INFO] option_chain_fetcher - [US.CSX] 候选合约共 3 个
2026-05-01 14:22:50,665 [INFO] scanner - [STEP1] US.CSX: 候选合约 3 个
2026-05-01 14:22:50,665 [INFO] scanner - [STEP2] 获取 3 个合约快照…
2026-05-01 14:22:50,731 [INFO] snapshot_fetcher - 快照获取完成：3/3 个合约
2026-05-01 14:22:50,732 [INFO] scanner - [STEP2] 成功获取 3 条快照
2026-05-01 14:22:50,732 [INFO] scanner - [STEP3] 对 US.CSX 执行异常检测…
2026-05-01 14:22:50,733 [INFO] anomaly_detector - 本批次无异常合约
2026-05-01 14:22:50,734 [INFO] checkpoint - 读取断点缓存：已完成 50 个标的
2026-05-01 14:22:50,734 [INFO] scanner - [52/527] US.CTAS  完成率 10%  预计剩余 1h20m
2026-05-01 14:22:50,734 [INFO] scanner - ──────────────────────────────────────────────────
2026-05-01 14:22:50,734 [INFO] scanner - 处理标的: US.CTAS
2026-05-01 14:22:50,775 [INFO] scanner - [STEP1] 获取 US.CTAS 候选期权链…
2026-05-01 14:22:50,810 [INFO] option_chain_fetcher - [US.CTAS] 11 个到期日 → 4 批次调用
2026-05-01 14:22:52,259 [WARNING] rate_limiter - [_call] 第 1/5 次失败: 获取期权链频率太高，请求失败，每30秒最多10次。，5.0s 后重试…
2026-05-01 14:22:57,681 [WARNING] rate_limiter - [_call] 第 1/5 次失败: 获取期权链频率太高，请求失败，每30秒最多10次。，5.0s 后重试…
2026-05-01 14:23:03,063 [INFO] option_chain_fetcher - [US.CTAS] 候选合约共 0 个
2026-05-01 14:23:03,063 [INFO] scanner - [STEP1] US.CTAS: 候选合约 0 个
2026-05-01 14:23:03,063 [INFO] scanner - [STEP2] 获取 0 个合约快照…
2026-05-01 14:23:03,063 [WARNING] scanner - [STEP2] 合约列表为空，跳过
2026-05-01 14:23:03,063 [ERROR] scanner - [US.CTAS] 处理异常: 'option_type'
2026-05-01 14:23:03,064 [ERROR] scanner - Traceback (most recent call last):
  File "C:\Users\Administrator\AppData\Local\Programs\Python\Python312\Lib\site-packages\pandas\core\indexes\base.py", line 3641, in get_loc
    return self._engine.get_loc(casted_key)
           ^^^^^^^^^^^^^^^^^^^^^^^^^^^^^^^^
  File "pandas/_libs/index.pyx", line 168, in pandas._libs.index.IndexEngine.get_loc
  File "pandas/_libs/index.pyx", line 197, in pandas._libs.index.IndexEngine.get_loc
  File "pandas/_libs/hashtable_class_helper.pxi", line 7668, in pandas._libs.hashtable.PyObjectHashTable.get_item
  File "pandas/_libs/hashtable_class_helper.pxi", line 7676, in pandas._libs.hashtable.PyObjectHashTable.get_item
KeyError: 'option_type'

The above exception was the direct cause of the following exception:

Traceback (most recent call last):
  File "<input>", line 170, in step_run_single
  File "C:\Users\Administrator\AppData\Local\Programs\Python\Python312\Lib\site-packages\pandas\core\frame.py", line 4378, in __getitem__
    indexer = self.columns.get_loc(key)
              ^^^^^^^^^^^^^^^^^^^^^^^^^
  File "C:\Users\Administrator\AppData\Local\Programs\Python\Python312\Lib\site-packages\pandas\core\indexes\base.py", line 3648, in get_loc
    raise KeyError(key) from err
KeyError: 'option_type'

2026-05-01 14:23:03,064 [INFO] checkpoint - 读取断点缓存：已完成 51 个标的
2026-05-01 14:23:03,065 [INFO] scanner - [53/527] US.CTSH  完成率 10%  预计剩余 1h20m
2026-05-01 14:23:03,065 [INFO] scanner - ──────────────────────────────────────────────────
2026-05-01 14:23:03,065 [INFO] scanner - 处理标的: US.CTSH
2026-05-01 14:23:03,106 [INFO] scanner - [STEP1] 获取 US.CTSH 候选期权链…
2026-05-01 14:23:03,142 [INFO] option_chain_fetcher - [US.CTSH] 5 个到期日 → 4 批次调用
2026-05-01 14:23:19,172 [INFO] option_chain_fetcher - [US.CTSH] 候选合约共 1 个
2026-05-01 14:23:19,172 [INFO] scanner - [STEP1] US.CTSH: 候选合约 1 个
2026-05-01 14:23:19,172 [INFO] scanner - [STEP2] 获取 1 个合约快照…
2026-05-01 14:23:19,236 [INFO] snapshot_fetcher - 快照获取完成：1/1 个合约
2026-05-01 14:23:19,237 [INFO] scanner - [STEP2] 成功获取 1 条快照
2026-05-01 14:23:19,237 [INFO] scanner - [STEP3] 对 US.CTSH 执行异常检测…
2026-05-01 14:23:19,238 [INFO] anomaly_detector - 本批次无异常合约
2026-05-01 14:23:19,238 [INFO] checkpoint - 读取断点缓存：已完成 52 个标的
2026-05-01 14:23:19,239 [INFO] scanner - [54/527] US.DASH  完成率 10%  预计剩余 1h20m
2026-05-01 14:23:19,239 [INFO] scanner - ──────────────────────────────────────────────────
2026-05-01 14:23:19,239 [INFO] scanner - 处理标的: US.DASH
2026-05-01 14:23:19,280 [INFO] scanner - [STEP1] 获取 US.DASH 候选期权链…
2026-05-01 14:23:19,315 [INFO] option_chain_fetcher - [US.DASH] 11 个到期日 → 4 批次调用
2026-05-01 14:23:22,230 [INFO] option_chain_fetcher - [US.DASH] 候选合约共 3 个
2026-05-01 14:23:22,230 [INFO] scanner - [STEP1] US.DASH: 候选合约 3 个
2026-05-01 14:23:22,230 [INFO] scanner - [STEP2] 获取 3 个合约快照…
2026-05-01 14:23:22,295 [INFO] snapshot_fetcher - 快照获取完成：3/3 个合约
2026-05-01 14:23:22,295 [INFO] scanner - [STEP2] 成功获取 3 条快照
2026-05-01 14:23:22,296 [INFO] scanner - [STEP3] 对 US.DASH 执行异常检测…
2026-05-01 14:23:22,297 [INFO] anomaly_detector - 本批次无异常合约
2026-05-01 14:23:22,297 [INFO] checkpoint - 读取断点缓存：已完成 53 个标的
2026-05-01 14:23:22,298 [INFO] scanner - [55/527] US.DDOG  完成率 10%  预计剩余 1h19m
2026-05-01 14:23:22,298 [INFO] scanner - ──────────────────────────────────────────────────
2026-05-01 14:23:22,298 [INFO] scanner - 处理标的: US.DDOG
2026-05-01 14:23:22,338 [INFO] scanner - [STEP1] 获取 US.DDOG 候选期权链…
2026-05-01 14:23:22,373 [INFO] option_chain_fetcher - [US.DDOG] 13 个到期日 → 6 批次调用
2026-05-01 14:23:22,375 [WARNING] rate_limiter - [_call] 第 1/5 次失败: 获取期权链频率太高，请求失败，每30秒最多10次。，5.0s 后重试…
2026-05-01 14:23:27,933 [WARNING] rate_limiter - [_call] 第 1/5 次失败: 获取期权链频率太高，请求失败，每30秒最多10次。，5.0s 后重试…
2026-05-01 14:23:49,177 [INFO] option_chain_fetcher - [US.DDOG] 候选合约共 27 个
2026-05-01 14:23:49,177 [INFO] scanner - [STEP1] US.DDOG: 候选合约 27 个
2026-05-01 14:23:49,177 [INFO] scanner - [STEP2] 获取 27 个合约快照…
2026-05-01 14:23:49,277 [INFO] snapshot_fetcher - 快照获取完成：27/27 个合约
2026-05-01 14:23:49,277 [INFO] scanner - [STEP2] 成功获取 27 条快照
2026-05-01 14:23:49,278 [INFO] scanner - [STEP3] 对 US.DDOG 执行异常检测…
2026-05-01 14:23:49,280 [INFO] anomaly_detector - 发现异常合约 5 个
2026-05-01 14:23:49,281 [INFO] anomaly_detector - 已追加写入 5 条异常记录 → .\filter_data\anomaly_results2026-05-01.csv
2026-05-01 14:23:49,282 [INFO] checkpoint - 读取断点缓存：已完成 54 个标的
2026-05-01 14:23:49,282 [INFO] scanner - [56/527] US.DXCM  完成率 11%  预计剩余 1h22m
2026-05-01 14:23:49,282 [INFO] scanner - ──────────────────────────────────────────────────
2026-05-01 14:23:49,282 [INFO] scanner - 处理标的: US.DXCM
2026-05-01 14:23:49,349 [INFO] scanner - [STEP1] 获取 US.DXCM 候选期权链…
2026-05-01 14:23:49,384 [INFO] option_chain_fetcher - [US.DXCM] 10 个到期日 → 3 批次调用
2026-05-01 14:23:51,635 [INFO] option_chain_fetcher - [US.DXCM] 候选合约共 21 个
2026-05-01 14:23:51,635 [INFO] scanner - [STEP1] US.DXCM: 候选合约 21 个
2026-05-01 14:23:51,635 [INFO] scanner - [STEP2] 获取 21 个合约快照…
2026-05-01 14:23:51,709 [INFO] snapshot_fetcher - 快照获取完成：21/21 个合约
2026-05-01 14:23:51,710 [INFO] scanner - [STEP2] 成功获取 21 条快照
2026-05-01 14:23:51,711 [INFO] scanner - [STEP3] 对 US.DXCM 执行异常检测…
2026-05-01 14:23:51,712 [INFO] anomaly_detector - 发现异常合约 2 个
2026-05-01 14:23:51,714 [INFO] anomaly_detector - 已追加写入 2 条异常记录 → .\filter_data\anomaly_results2026-05-01.csv
2026-05-01 14:23:51,714 [INFO] checkpoint - 读取断点缓存：已完成 55 个标的
2026-05-01 14:23:51,714 [INFO] scanner - [57/527] US.EA  完成率 11%  预计剩余 1h20m
2026-05-01 14:23:51,714 [INFO] scanner - ──────────────────────────────────────────────────
2026-05-01 14:23:51,714 [INFO] scanner - 处理标的: US.EA
2026-05-01 14:23:51,754 [INFO] scanner - [STEP1] 获取 US.EA 候选期权链…
2026-05-01 14:23:51,789 [INFO] option_chain_fetcher - [US.EA] 12 个到期日 → 5 批次调用
2026-05-01 14:23:52,468 [WARNING] rate_limiter - [_call] 第 1/5 次失败: 获取期权链频率太高，请求失败，每30秒最多10次。，5.0s 后重试…
2026-05-01 14:23:57,936 [WARNING] rate_limiter - [_call] 第 1/5 次失败: 获取期权链频率太高，请求失败，每30秒最多10次。，5.0s 后重试…
2026-05-01 14:24:18,099 [INFO] option_chain_fetcher - [US.EA] 候选合约共 2 个
2026-05-01 14:24:18,099 [INFO] scanner - [STEP1] US.EA: 候选合约 2 个
2026-05-01 14:24:18,099 [INFO] scanner - [STEP2] 获取 2 个合约快照…
2026-05-01 14:24:18,171 [INFO] snapshot_fetcher - 快照获取完成：2/2 个合约
2026-05-01 14:24:18,171 [INFO] scanner - [STEP2] 成功获取 2 条快照
2026-05-01 14:24:18,172 [INFO] scanner - [STEP3] 对 US.EA 执行异常检测…
2026-05-01 14:24:18,173 [INFO] anomaly_detector - 本批次无异常合约
2026-05-01 14:24:18,173 [INFO] checkpoint - 读取断点缓存：已完成 56 个标的
2026-05-01 14:24:18,174 [INFO] scanner - [58/527] US.EXC  完成率 11%  预计剩余 1h22m
2026-05-01 14:24:18,174 [INFO] scanner - ──────────────────────────────────────────────────
2026-05-01 14:24:18,174 [INFO] scanner - 处理标的: US.EXC
2026-05-01 14:24:18,212 [INFO] scanner - [STEP1] 获取 US.EXC 候选期权链…
2026-05-01 14:24:18,246 [INFO] option_chain_fetcher - [US.EXC] 5 个到期日 → 4 批次调用
2026-05-01 14:24:20,803 [INFO] option_chain_fetcher - [US.EXC] 候选合约共 5 个
2026-05-01 14:24:20,803 [INFO] scanner - [STEP1] US.EXC: 候选合约 5 个
2026-05-01 14:24:20,803 [INFO] scanner - [STEP2] 获取 5 个合约快照…
2026-05-01 14:24:20,872 [INFO] snapshot_fetcher - 快照获取完成：5/5 个合约
2026-05-01 14:24:20,872 [INFO] scanner - [STEP2] 成功获取 5 条快照
2026-05-01 14:24:20,873 [INFO] scanner - [STEP3] 对 US.EXC 执行异常检测…
2026-05-01 14:24:20,874 [INFO] anomaly_detector - 本批次无异常合约
2026-05-01 14:24:20,874 [INFO] checkpoint - 读取断点缓存：已完成 57 个标的
2026-05-01 14:24:20,875 [INFO] scanner - [59/527] US.FANG  完成率 11%  预计剩余 1h21m
2026-05-01 14:24:20,875 [INFO] scanner - ──────────────────────────────────────────────────
2026-05-01 14:24:20,875 [INFO] scanner - 处理标的: US.FANG
2026-05-01 14:24:20,941 [INFO] scanner - [STEP1] 获取 US.FANG 候选期权链…
2026-05-01 14:24:20,976 [INFO] option_chain_fetcher - [US.FANG] 4 个到期日 → 4 批次调用
2026-05-01 14:24:22,527 [WARNING] rate_limiter - [_call] 第 1/5 次失败: 获取期权链频率太高，请求失败，每30秒最多10次。，5.0s 后重试…
2026-05-01 14:24:27,988 [WARNING] rate_limiter - [_call] 第 1/5 次失败: 获取期权链频率太高，请求失败，每30秒最多10次。，5.0s 后重试…
2026-05-01 14:24:33,369 [INFO] option_chain_fetcher - [US.FANG] 候选合约共 2 个
2026-05-01 14:24:33,369 [INFO] scanner - [STEP1] US.FANG: 候选合约 2 个
2026-05-01 14:24:33,369 [INFO] scanner - [STEP2] 获取 2 个合约快照…
2026-05-01 14:24:33,441 [INFO] snapshot_fetcher - 快照获取完成：2/2 个合约
2026-05-01 14:24:33,441 [INFO] scanner - [STEP2] 成功获取 2 条快照
2026-05-01 14:24:33,442 [INFO] scanner - [STEP3] 对 US.FANG 执行异常检测…
2026-05-01 14:24:33,443 [INFO] anomaly_detector - 本批次无异常合约
2026-05-01 14:24:33,443 [INFO] checkpoint - 读取断点缓存：已完成 58 个标的
2026-05-01 14:24:33,443 [INFO] scanner - [60/527] US.FAST  完成率 11%  预计剩余 1h21m
2026-05-01 14:24:33,444 [INFO] scanner - ──────────────────────────────────────────────────
2026-05-01 14:24:33,444 [INFO] scanner - 处理标的: US.FAST
2026-05-01 14:24:33,482 [INFO] scanner - [STEP1] 获取 US.FAST 候选期权链…
2026-05-01 14:24:33,517 [INFO] option_chain_fetcher - [US.FAST] 5 个到期日 → 4 批次调用
2026-05-01 14:24:49,274 [INFO] option_chain_fetcher - [US.FAST] 候选合约共 4 个
2026-05-01 14:24:49,274 [INFO] scanner - [STEP1] US.FAST: 候选合约 4 个
2026-05-01 14:24:49,274 [INFO] scanner - [STEP2] 获取 4 个合约快照…
2026-05-01 14:24:49,343 [INFO] snapshot_fetcher - 快照获取完成：4/4 个合约
2026-05-01 14:24:49,343 [INFO] scanner - [STEP2] 成功获取 4 条快照
2026-05-01 14:24:49,344 [INFO] scanner - [STEP3] 对 US.FAST 执行异常检测…
2026-05-01 14:24:49,345 [INFO] anomaly_detector - 本批次无异常合约
2026-05-01 14:24:49,345 [INFO] checkpoint - 读取断点缓存：已完成 59 个标的
2026-05-01 14:24:49,346 [INFO] scanner - [61/527] US.FER  完成率 12%  预计剩余 1h22m
2026-05-01 14:24:49,346 [INFO] scanner - ──────────────────────────────────────────────────
2026-05-01 14:24:49,346 [INFO] scanner - 处理标的: US.FER
2026-05-01 14:24:49,408 [INFO] scanner - [STEP1] 获取 US.FER 候选期权链…
2026-05-01 14:24:49,442 [INFO] option_chain_fetcher - [US.FER] 3 个到期日 → 3 批次调用
2026-05-01 14:24:51,690 [INFO] option_chain_fetcher - [US.FER] 候选合约共 0 个
2026-05-01 14:24:51,690 [INFO] scanner - [STEP1] US.FER: 候选合约 0 个
2026-05-01 14:24:51,690 [INFO] scanner - [STEP2] 获取 0 个合约快照…
2026-05-01 14:24:51,690 [WARNING] scanner - [STEP2] 合约列表为空，跳过
2026-05-01 14:24:51,690 [ERROR] scanner - [US.FER] 处理异常: 'option_type'
2026-05-01 14:24:51,691 [ERROR] scanner - Traceback (most recent call last):
  File "C:\Users\Administrator\AppData\Local\Programs\Python\Python312\Lib\site-packages\pandas\core\indexes\base.py", line 3641, in get_loc
    return self._engine.get_loc(casted_key)
           ^^^^^^^^^^^^^^^^^^^^^^^^^^^^^^^^
  File "pandas/_libs/index.pyx", line 168, in pandas._libs.index.IndexEngine.get_loc
  File "pandas/_libs/index.pyx", line 197, in pandas._libs.index.IndexEngine.get_loc
  File "pandas/_libs/hashtable_class_helper.pxi", line 7668, in pandas._libs.hashtable.PyObjectHashTable.get_item
  File "pandas/_libs/hashtable_class_helper.pxi", line 7676, in pandas._libs.hashtable.PyObjectHashTable.get_item
KeyError: 'option_type'

The above exception was the direct cause of the following exception:

Traceback (most recent call last):
  File "<input>", line 170, in step_run_single
  File "C:\Users\Administrator\AppData\Local\Programs\Python\Python312\Lib\site-packages\pandas\core\frame.py", line 4378, in __getitem__
    indexer = self.columns.get_loc(key)
              ^^^^^^^^^^^^^^^^^^^^^^^^^
  File "C:\Users\Administrator\AppData\Local\Programs\Python\Python312\Lib\site-packages\pandas\core\indexes\base.py", line 3648, in get_loc
    raise KeyError(key) from err
KeyError: 'option_type'

2026-05-01 14:24:51,691 [INFO] checkpoint - 读取断点缓存：已完成 60 个标的
2026-05-01 14:24:51,692 [INFO] scanner - [62/527] US.FTNT  完成率 12%  预计剩余 1h20m
2026-05-01 14:24:51,692 [INFO] scanner - ──────────────────────────────────────────────────
2026-05-01 14:24:51,692 [INFO] scanner - 处理标的: US.FTNT
2026-05-01 14:24:51,732 [INFO] scanner - [STEP1] 获取 US.FTNT 候选期权链…
2026-05-01 14:24:51,768 [INFO] option_chain_fetcher - [US.FTNT] 10 个到期日 → 4 批次调用
2026-05-01 14:24:52,580 [WARNING] rate_limiter - [_call] 第 1/5 次失败: 获取期权链频率太高，请求失败，每30秒最多10次。，5.0s 后重试…
2026-05-01 14:24:58,045 [WARNING] rate_limiter - [_call] 第 1/5 次失败: 获取期权链频率太高，请求失败，每30秒最多10次。，5.0s 后重试…
2026-05-01 14:25:03,940 [INFO] option_chain_fetcher - [US.FTNT] 候选合约共 18 个
2026-05-01 14:25:03,940 [INFO] scanner - [STEP1] US.FTNT: 候选合约 18 个
2026-05-01 14:25:03,940 [INFO] scanner - [STEP2] 获取 18 个合约快照…
2026-05-01 14:25:04,019 [INFO] snapshot_fetcher - 快照获取完成：18/18 个合约
2026-05-01 14:25:04,019 [INFO] scanner - [STEP2] 成功获取 18 条快照
2026-05-01 14:25:04,020 [INFO] scanner - [STEP3] 对 US.FTNT 执行异常检测…
2026-05-01 14:25:04,021 [INFO] anomaly_detector - 发现异常合约 4 个
2026-05-01 14:25:04,023 [INFO] anomaly_detector - 已追加写入 4 条异常记录 → .\filter_data\anomaly_results2026-05-01.csv
2026-05-01 14:25:04,023 [INFO] checkpoint - 读取断点缓存：已完成 61 个标的
2026-05-01 14:25:04,024 [INFO] scanner - [63/527] US.GEHC  完成率 12%  预计剩余 1h21m
2026-05-01 14:25:04,024 [INFO] scanner - ──────────────────────────────────────────────────
2026-05-01 14:25:04,024 [INFO] scanner - 处理标的: US.GEHC
2026-05-01 14:25:04,062 [INFO] scanner - [STEP1] 获取 US.GEHC 候选期权链…
2026-05-01 14:25:04,098 [INFO] option_chain_fetcher - [US.GEHC] 11 个到期日 → 4 批次调用
2026-05-01 14:25:20,382 [INFO] option_chain_fetcher - [US.GEHC] 候选合约共 2 个
2026-05-01 14:25:20,382 [INFO] scanner - [STEP1] US.GEHC: 候选合约 2 个
2026-05-01 14:25:20,382 [INFO] scanner - [STEP2] 获取 2 个合约快照…
2026-05-01 14:25:20,448 [INFO] snapshot_fetcher - 快照获取完成：2/2 个合约
2026-05-01 14:25:20,448 [INFO] scanner - [STEP2] 成功获取 2 条快照
2026-05-01 14:25:20,449 [INFO] scanner - [STEP3] 对 US.GEHC 执行异常检测…
2026-05-01 14:25:20,450 [INFO] anomaly_detector - 本批次无异常合约
2026-05-01 14:25:20,450 [INFO] checkpoint - 读取断点缓存：已完成 62 个标的
2026-05-01 14:25:20,451 [INFO] scanner - [64/527] US.GILD  完成率 12%  预计剩余 1h21m
2026-05-01 14:25:20,451 [INFO] scanner - ──────────────────────────────────────────────────
2026-05-01 14:25:20,451 [INFO] scanner - 处理标的: US.GILD
2026-05-01 14:25:20,489 [INFO] scanner - [STEP1] 获取 US.GILD 候选期权链…
2026-05-01 14:25:20,524 [INFO] option_chain_fetcher - [US.GILD] 12 个到期日 → 5 批次调用
2026-05-01 14:25:22,628 [WARNING] rate_limiter - [_call] 第 1/5 次失败: 获取期权链频率太高，请求失败，每30秒最多10次。，5.0s 后重试…
2026-05-01 14:25:28,051 [WARNING] rate_limiter - [_call] 第 1/5 次失败: 获取期权链频率太高，请求失败，每30秒最多10次。，5.0s 后重试…
2026-05-01 14:25:33,432 [INFO] option_chain_fetcher - [US.GILD] 候选合约共 4 个
2026-05-01 14:25:33,432 [INFO] scanner - [STEP1] US.GILD: 候选合约 4 个
2026-05-01 14:25:33,432 [INFO] scanner - [STEP2] 获取 4 个合约快照…
2026-05-01 14:25:33,496 [INFO] snapshot_fetcher - 快照获取完成：4/4 个合约
2026-05-01 14:25:33,497 [INFO] scanner - [STEP2] 成功获取 4 条快照
2026-05-01 14:25:33,498 [INFO] scanner - [STEP3] 对 US.GILD 执行异常检测…
2026-05-01 14:25:33,498 [INFO] anomaly_detector - 本批次无异常合约
2026-05-01 14:25:33,499 [INFO] checkpoint - 读取断点缓存：已完成 63 个标的
2026-05-01 14:25:33,499 [INFO] scanner - [65/527] US.GOOG  完成率 12%  预计剩余 1h21m
2026-05-01 14:25:33,499 [INFO] scanner - ──────────────────────────────────────────────────
2026-05-01 14:25:33,499 [INFO] scanner - 处理标的: US.GOOG
2026-05-01 14:25:33,539 [INFO] scanner - US.GOOG 市值过大，pass
2026-05-01 14:25:33,539 [INFO] scanner - [STEP2] 获取 0 个合约快照…
2026-05-01 14:25:33,540 [WARNING] scanner - [STEP2] 合约列表为空，跳过
2026-05-01 14:25:33,540 [ERROR] scanner - [US.GOOG] 处理异常: 'option_type'
2026-05-01 14:25:33,541 [ERROR] scanner - Traceback (most recent call last):
  File "C:\Users\Administrator\AppData\Local\Programs\Python\Python312\Lib\site-packages\pandas\core\indexes\base.py", line 3641, in get_loc
    return self._engine.get_loc(casted_key)
           ^^^^^^^^^^^^^^^^^^^^^^^^^^^^^^^^
  File "pandas/_libs/index.pyx", line 168, in pandas._libs.index.IndexEngine.get_loc
  File "pandas/_libs/index.pyx", line 197, in pandas._libs.index.IndexEngine.get_loc
  File "pandas/_libs/hashtable_class_helper.pxi", line 7668, in pandas._libs.hashtable.PyObjectHashTable.get_item
  File "pandas/_libs/hashtable_class_helper.pxi", line 7676, in pandas._libs.hashtable.PyObjectHashTable.get_item
KeyError: 'option_type'

The above exception was the direct cause of the following exception:

Traceback (most recent call last):
  File "<input>", line 170, in step_run_single
  File "C:\Users\Administrator\AppData\Local\Programs\Python\Python312\Lib\site-packages\pandas\core\frame.py", line 4378, in __getitem__
    indexer = self.columns.get_loc(key)
              ^^^^^^^^^^^^^^^^^^^^^^^^^
  File "C:\Users\Administrator\AppData\Local\Programs\Python\Python312\Lib\site-packages\pandas\core\indexes\base.py", line 3648, in get_loc
    raise KeyError(key) from err
KeyError: 'option_type'

2026-05-01 14:25:33,541 [INFO] checkpoint - 读取断点缓存：已完成 64 个标的
2026-05-01 14:25:33,541 [INFO] scanner - [66/527] US.HON  完成率 13%  预计剩余 1h20m
2026-05-01 14:25:33,541 [INFO] scanner - ──────────────────────────────────────────────────
2026-05-01 14:25:33,541 [INFO] scanner - 处理标的: US.HON
2026-05-01 14:25:33,582 [INFO] scanner - [STEP1] 获取 US.HON 候选期权链…
2026-05-01 14:25:33,618 [INFO] option_chain_fetcher - [US.HON] 10 个到期日 → 4 批次调用
2026-05-01 14:25:49,377 [INFO] option_chain_fetcher - [US.HON] 候选合约共 2 个
2026-05-01 14:25:49,377 [INFO] scanner - [STEP1] US.HON: 候选合约 2 个
2026-05-01 14:25:49,377 [INFO] scanner - [STEP2] 获取 2 个合约快照…
2026-05-01 14:25:49,446 [INFO] snapshot_fetcher - 快照获取完成：2/2 个合约
2026-05-01 14:25:49,447 [INFO] scanner - [STEP2] 成功获取 2 条快照
2026-05-01 14:25:49,447 [INFO] scanner - [STEP3] 对 US.HON 执行异常检测…
2026-05-01 14:25:49,448 [INFO] anomaly_detector - 本批次无异常合约
2026-05-01 14:25:49,448 [INFO] checkpoint - 读取断点缓存：已完成 65 个标的
2026-05-01 14:25:49,449 [INFO] scanner - [67/527] US.IDXX  完成率 13%  预计剩余 1h20m
2026-05-01 14:25:49,449 [INFO] scanner - ──────────────────────────────────────────────────
2026-05-01 14:25:49,449 [INFO] scanner - 处理标的: US.IDXX
2026-05-01 14:25:49,489 [INFO] scanner - [STEP1] 获取 US.IDXX 候选期权链…
2026-05-01 14:25:49,524 [INFO] option_chain_fetcher - [US.IDXX] 4 个到期日 → 4 批次调用
2026-05-01 14:25:52,484 [INFO] option_chain_fetcher - [US.IDXX] 候选合约共 0 个
2026-05-01 14:25:52,484 [INFO] scanner - [STEP1] US.IDXX: 候选合约 0 个
2026-05-01 14:25:52,484 [INFO] scanner - [STEP2] 获取 0 个合约快照…
2026-05-01 14:25:52,484 [WARNING] scanner - [STEP2] 合约列表为空，跳过
2026-05-01 14:25:52,484 [ERROR] scanner - [US.IDXX] 处理异常: 'option_type'
2026-05-01 14:25:52,485 [ERROR] scanner - Traceback (most recent call last):
  File "C:\Users\Administrator\AppData\Local\Programs\Python\Python312\Lib\site-packages\pandas\core\indexes\base.py", line 3641, in get_loc
    return self._engine.get_loc(casted_key)
           ^^^^^^^^^^^^^^^^^^^^^^^^^^^^^^^^
  File "pandas/_libs/index.pyx", line 168, in pandas._libs.index.IndexEngine.get_loc
  File "pandas/_libs/index.pyx", line 197, in pandas._libs.index.IndexEngine.get_loc
  File "pandas/_libs/hashtable_class_helper.pxi", line 7668, in pandas._libs.hashtable.PyObjectHashTable.get_item
  File "pandas/_libs/hashtable_class_helper.pxi", line 7676, in pandas._libs.hashtable.PyObjectHashTable.get_item
KeyError: 'option_type'

The above exception was the direct cause of the following exception:

Traceback (most recent call last):
  File "<input>", line 170, in step_run_single
  File "C:\Users\Administrator\AppData\Local\Programs\Python\Python312\Lib\site-packages\pandas\core\frame.py", line 4378, in __getitem__
    indexer = self.columns.get_loc(key)
              ^^^^^^^^^^^^^^^^^^^^^^^^^
  File "C:\Users\Administrator\AppData\Local\Programs\Python\Python312\Lib\site-packages\pandas\core\indexes\base.py", line 3648, in get_loc
    raise KeyError(key) from err
KeyError: 'option_type'

2026-05-01 14:25:52,485 [INFO] checkpoint - 读取断点缓存：已完成 66 个标的
2026-05-01 14:25:52,486 [INFO] scanner - [68/527] US.INSM  完成率 13%  预计剩余 1h19m
2026-05-01 14:25:52,486 [INFO] scanner - ──────────────────────────────────────────────────
2026-05-01 14:25:52,486 [INFO] scanner - 处理标的: US.INSM
2026-05-01 14:25:52,525 [INFO] scanner - [STEP1] 获取 US.INSM 候选期权链…
2026-05-01 14:25:52,560 [INFO] option_chain_fetcher - [US.INSM] 5 个到期日 → 5 批次调用
2026-05-01 14:25:52,675 [WARNING] rate_limiter - [_call] 第 1/5 次失败: 获取期权链频率太高，请求失败，每30秒最多10次。，5.0s 后重试…
2026-05-01 14:25:58,053 [WARNING] rate_limiter - [_call] 第 1/5 次失败: 获取期权链频率太高，请求失败，每30秒最多10次。，5.0s 后重试…
2026-05-01 14:26:18,872 [INFO] option_chain_fetcher - [US.INSM] 候选合约共 0 个
2026-05-01 14:26:18,872 [INFO] scanner - [STEP1] US.INSM: 候选合约 0 个
2026-05-01 14:26:18,872 [INFO] scanner - [STEP2] 获取 0 个合约快照…
2026-05-01 14:26:18,872 [WARNING] scanner - [STEP2] 合约列表为空，跳过
2026-05-01 14:26:18,872 [ERROR] scanner - [US.INSM] 处理异常: 'option_type'
2026-05-01 14:26:18,873 [ERROR] scanner - Traceback (most recent call last):
  File "C:\Users\Administrator\AppData\Local\Programs\Python\Python312\Lib\site-packages\pandas\core\indexes\base.py", line 3641, in get_loc
    return self._engine.get_loc(casted_key)
           ^^^^^^^^^^^^^^^^^^^^^^^^^^^^^^^^
  File "pandas/_libs/index.pyx", line 168, in pandas._libs.index.IndexEngine.get_loc
  File "pandas/_libs/index.pyx", line 197, in pandas._libs.index.IndexEngine.get_loc
  File "pandas/_libs/hashtable_class_helper.pxi", line 7668, in pandas._libs.hashtable.PyObjectHashTable.get_item
  File "pandas/_libs/hashtable_class_helper.pxi", line 7676, in pandas._libs.hashtable.PyObjectHashTable.get_item
KeyError: 'option_type'

The above exception was the direct cause of the following exception:

Traceback (most recent call last):
  File "<input>", line 170, in step_run_single
  File "C:\Users\Administrator\AppData\Local\Programs\Python\Python312\Lib\site-packages\pandas\core\frame.py", line 4378, in __getitem__
    indexer = self.columns.get_loc(key)
              ^^^^^^^^^^^^^^^^^^^^^^^^^
  File "C:\Users\Administrator\AppData\Local\Programs\Python\Python312\Lib\site-packages\pandas\core\indexes\base.py", line 3648, in get_loc
    raise KeyError(key) from err
KeyError: 'option_type'

2026-05-01 14:26:18,873 [INFO] checkpoint - 读取断点缓存：已完成 67 个标的
2026-05-01 14:26:18,874 [INFO] scanner - [69/527] US.INTU  完成率 13%  预计剩余 1h21m
2026-05-01 14:26:18,874 [INFO] scanner - ──────────────────────────────────────────────────
2026-05-01 14:26:18,874 [INFO] scanner - 处理标的: US.INTU
2026-05-01 14:26:18,914 [INFO] scanner - [STEP1] 获取 US.INTU 候选期权链…
2026-05-01 14:26:18,951 [INFO] option_chain_fetcher - [US.INTU] 11 个到期日 → 4 批次调用
2026-05-01 14:26:21,912 [INFO] option_chain_fetcher - [US.INTU] 候选合约共 6 个
2026-05-01 14:26:21,912 [INFO] scanner - [STEP1] US.INTU: 候选合约 6 个
2026-05-01 14:26:21,912 [INFO] scanner - [STEP2] 获取 6 个合约快照…
2026-05-01 14:26:21,983 [INFO] snapshot_fetcher - 快照获取完成：6/6 个合约
2026-05-01 14:26:21,984 [INFO] scanner - [STEP2] 成功获取 6 条快照
2026-05-01 14:26:21,985 [INFO] scanner - [STEP3] 对 US.INTU 执行异常检测…
2026-05-01 14:26:21,986 [INFO] anomaly_detector - 发现异常合约 3 个
2026-05-01 14:26:21,988 [INFO] anomaly_detector - 已追加写入 3 条异常记录 → .\filter_data\anomaly_results2026-05-01.csv
2026-05-01 14:26:21,988 [INFO] checkpoint - 读取断点缓存：已完成 68 个标的
2026-05-01 14:26:21,988 [INFO] scanner - [70/527] US.ISRG  完成率 13%  预计剩余 1h20m
2026-05-01 14:26:21,988 [INFO] scanner - ──────────────────────────────────────────────────
2026-05-01 14:26:21,988 [INFO] scanner - 处理标的: US.ISRG
2026-05-01 14:26:22,026 [INFO] scanner - [STEP1] 获取 US.ISRG 候选期权链…
2026-05-01 14:26:22,061 [INFO] option_chain_fetcher - [US.ISRG] 13 个到期日 → 6 批次调用
2026-05-01 14:26:22,734 [WARNING] rate_limiter - [_call] 第 1/5 次失败: 获取期权链频率太高，请求失败，每30秒最多10次。，5.0s 后重试…
2026-05-01 14:26:28,215 [WARNING] rate_limiter - [_call] 第 1/5 次失败: 获取期权链频率太高，请求失败，每30秒最多10次。，5.0s 后重试…
2026-05-01 14:26:48,926 [INFO] option_chain_fetcher - [US.ISRG] 候选合约共 7 个
2026-05-01 14:26:48,926 [INFO] scanner - [STEP1] US.ISRG: 候选合约 7 个
2026-05-01 14:26:48,926 [INFO] scanner - [STEP2] 获取 7 个合约快照…
2026-05-01 14:26:48,993 [INFO] snapshot_fetcher - 快照获取完成：7/7 个合约
2026-05-01 14:26:48,993 [INFO] scanner - [STEP2] 成功获取 7 条快照
2026-05-01 14:26:48,995 [INFO] scanner - [STEP3] 对 US.ISRG 执行异常检测…
2026-05-01 14:26:48,996 [INFO] anomaly_detector - 本批次无异常合约
2026-05-01 14:26:48,996 [INFO] checkpoint - 读取断点缓存：已完成 69 个标的
2026-05-01 14:26:48,997 [INFO] scanner - [71/527] US.KDP  完成率 13%  预计剩余 1h21m
2026-05-01 14:26:48,997 [INFO] scanner - ──────────────────────────────────────────────────
2026-05-01 14:26:48,997 [INFO] scanner - 处理标的: US.KDP
2026-05-01 14:26:49,034 [INFO] scanner - [STEP1] 获取 US.KDP 候选期权链…
2026-05-01 14:26:49,069 [INFO] option_chain_fetcher - [US.KDP] 5 个到期日 → 4 批次调用
2026-05-01 14:26:51,945 [INFO] option_chain_fetcher - [US.KDP] 候选合约共 2 个
2026-05-01 14:26:51,945 [INFO] scanner - [STEP1] US.KDP: 候选合约 2 个
2026-05-01 14:26:51,945 [INFO] scanner - [STEP2] 获取 2 个合约快照…
2026-05-01 14:26:52,013 [INFO] snapshot_fetcher - 快照获取完成：2/2 个合约
2026-05-01 14:26:52,014 [INFO] scanner - [STEP2] 成功获取 2 条快照
2026-05-01 14:26:52,014 [INFO] scanner - [STEP3] 对 US.KDP 执行异常检测…
2026-05-01 14:26:52,015 [INFO] anomaly_detector - 本批次无异常合约
2026-05-01 14:26:52,015 [INFO] checkpoint - 读取断点缓存：已完成 70 个标的
2026-05-01 14:26:52,016 [INFO] scanner - [72/527] US.KHC  完成率 14%  预计剩余 1h20m
2026-05-01 14:26:52,016 [INFO] scanner - ──────────────────────────────────────────────────
2026-05-01 14:26:52,016 [INFO] scanner - 处理标的: US.KHC
2026-05-01 14:26:52,057 [INFO] scanner - [STEP1] 获取 US.KHC 候选期权链…
2026-05-01 14:26:52,093 [INFO] option_chain_fetcher - [US.KHC] 11 个到期日 → 4 批次调用
2026-05-01 14:26:52,742 [WARNING] rate_limiter - [_call] 第 1/5 次失败: 获取期权链频率太高，请求失败，每30秒最多10次。，5.0s 后重试…
2026-05-01 14:26:58,266 [WARNING] rate_limiter - [_call] 第 1/5 次失败: 获取期权链频率太高，请求失败，每30秒最多10次。，5.0s 后重试…
2026-05-01 14:27:04,199 [INFO] option_chain_fetcher - [US.KHC] 候选合约共 7 个
2026-05-01 14:27:04,199 [INFO] scanner - [STEP1] US.KHC: 候选合约 7 个
2026-05-01 14:27:04,199 [INFO] scanner - [STEP2] 获取 7 个合约快照…
2026-05-01 14:27:04,270 [INFO] snapshot_fetcher - 快照获取完成：7/7 个合约
2026-05-01 14:27:04,271 [INFO] scanner - [STEP2] 成功获取 7 条快照
2026-05-01 14:27:04,272 [INFO] scanner - [STEP3] 对 US.KHC 执行异常检测…
2026-05-01 14:27:04,272 [INFO] anomaly_detector - 本批次无异常合约
2026-05-01 14:27:04,273 [INFO] checkpoint - 读取断点缓存：已完成 71 个标的
2026-05-01 14:27:04,273 [INFO] scanner - [73/527] US.KLAC  完成率 14%  预计剩余 1h20m
2026-05-01 14:27:04,273 [INFO] scanner - ──────────────────────────────────────────────────
2026-05-01 14:27:04,273 [INFO] scanner - 处理标的: US.KLAC
2026-05-01 14:27:04,313 [INFO] scanner - [STEP1] 获取 US.KLAC 候选期权链…
2026-05-01 14:27:04,349 [INFO] option_chain_fetcher - [US.KLAC] 3 个到期日 → 3 批次调用
2026-05-01 14:27:19,503 [INFO] option_chain_fetcher - [US.KLAC] 候选合约共 4 个
2026-05-01 14:27:19,503 [INFO] scanner - [STEP1] US.KLAC: 候选合约 4 个
2026-05-01 14:27:19,503 [INFO] scanner - [STEP2] 获取 4 个合约快照…
2026-05-01 14:27:19,570 [INFO] snapshot_fetcher - 快照获取完成：4/4 个合约
2026-05-01 14:27:19,570 [INFO] scanner - [STEP2] 成功获取 4 条快照
2026-05-01 14:27:19,571 [INFO] scanner - [STEP3] 对 US.KLAC 执行异常检测…
2026-05-01 14:27:19,572 [INFO] anomaly_detector - 发现异常合约 4 个
2026-05-01 14:27:19,574 [INFO] anomaly_detector - 已追加写入 4 条异常记录 → .\filter_data\anomaly_results2026-05-01.csv
2026-05-01 14:27:19,574 [INFO] checkpoint - 读取断点缓存：已完成 72 个标的
2026-05-01 14:27:19,574 [INFO] scanner - [74/527] US.LIN  完成率 14%  预计剩余 1h21m
2026-05-01 14:27:19,575 [INFO] scanner - ──────────────────────────────────────────────────
2026-05-01 14:27:19,575 [INFO] scanner - 处理标的: US.LIN
2026-05-01 14:27:19,615 [INFO] scanner - [STEP1] 获取 US.LIN 候选期权链…
2026-05-01 14:27:19,650 [INFO] option_chain_fetcher - [US.LIN] 6 个到期日 → 5 批次调用
2026-05-01 14:27:22,793 [WARNING] rate_limiter - [_call] 第 1/5 次失败: 获取期权链频率太高，请求失败，每30秒最多10次。，5.0s 后重试…
2026-05-01 14:27:28,176 [INFO] option_chain_fetcher - [US.LIN] 候选合约共 7 个
2026-05-01 14:27:28,176 [INFO] scanner - [STEP1] US.LIN: 候选合约 7 个
2026-05-01 14:27:28,176 [INFO] scanner - [STEP2] 获取 7 个合约快照…
2026-05-01 14:27:28,244 [INFO] snapshot_fetcher - 快照获取完成：7/7 个合约
2026-05-01 14:27:28,244 [INFO] scanner - [STEP2] 成功获取 7 条快照
2026-05-01 14:27:28,245 [INFO] scanner - [STEP3] 对 US.LIN 执行异常检测…
2026-05-01 14:27:28,246 [INFO] anomaly_detector - 发现异常合约 2 个
2026-05-01 14:27:28,248 [INFO] anomaly_detector - 已追加写入 2 条异常记录 → .\filter_data\anomaly_results2026-05-01.csv
2026-05-01 14:27:28,248 [INFO] checkpoint - 读取断点缓存：已完成 73 个标的
2026-05-01 14:27:28,248 [INFO] scanner - [75/527] US.LRCX  完成率 14%  预计剩余 1h20m
2026-05-01 14:27:28,248 [INFO] scanner - ──────────────────────────────────────────────────
2026-05-01 14:27:28,248 [INFO] scanner - 处理标的: US.LRCX
2026-05-01 14:27:28,288 [INFO] scanner - [STEP1] 获取 US.LRCX 候选期权链…
2026-05-01 14:27:28,323 [INFO] option_chain_fetcher - [US.LRCX] 13 个到期日 → 6 批次调用
2026-05-01 14:27:28,325 [WARNING] rate_limiter - [_call] 第 1/5 次失败: 获取期权链频率太高，请求失败，每30秒最多10次。，5.0s 后重试…
2026-05-01 14:27:50,597 [INFO] option_chain_fetcher - [US.LRCX] 候选合约共 34 个
2026-05-01 14:27:50,597 [INFO] scanner - [STEP1] US.LRCX: 候选合约 34 个
2026-05-01 14:27:50,597 [INFO] scanner - [STEP2] 获取 34 个合约快照…
2026-05-01 14:27:50,695 [INFO] snapshot_fetcher - 快照获取完成：34/34 个合约
2026-05-01 14:27:50,696 [INFO] scanner - [STEP2] 成功获取 34 条快照
2026-05-01 14:27:50,697 [INFO] scanner - [STEP3] 对 US.LRCX 执行异常检测…
2026-05-01 14:27:50,698 [INFO] anomaly_detector - 发现异常合约 3 个
2026-05-01 14:27:50,699 [INFO] anomaly_detector - 已追加写入 3 条异常记录 → .\filter_data\anomaly_results2026-05-01.csv
2026-05-01 14:27:50,700 [INFO] checkpoint - 读取断点缓存：已完成 74 个标的
2026-05-01 14:27:50,700 [INFO] scanner - [76/527] US.MAR  完成率 14%  预计剩余 1h21m
2026-05-01 14:27:50,700 [INFO] scanner - ──────────────────────────────────────────────────
2026-05-01 14:27:50,700 [INFO] scanner - 处理标的: US.MAR
2026-05-01 14:27:50,738 [INFO] scanner - [STEP1] 获取 US.MAR 候选期权链…
2026-05-01 14:27:50,774 [INFO] option_chain_fetcher - [US.MAR] 11 个到期日 → 4 批次调用
2026-05-01 14:27:52,846 [WARNING] rate_limiter - [_call] 第 1/5 次失败: 获取期权链频率太高，请求失败，每30秒最多10次。，5.0s 后重试…
2026-05-01 14:27:58,268 [INFO] option_chain_fetcher - [US.MAR] 候选合约共 2 个
2026-05-01 14:27:58,268 [INFO] scanner - [STEP1] US.MAR: 候选合约 2 个
2026-05-01 14:27:58,268 [INFO] scanner - [STEP2] 获取 2 个合约快照…
2026-05-01 14:27:58,336 [INFO] snapshot_fetcher - 快照获取完成：2/2 个合约
2026-05-01 14:27:58,337 [INFO] scanner - [STEP2] 成功获取 2 条快照
2026-05-01 14:27:58,338 [INFO] scanner - [STEP3] 对 US.MAR 执行异常检测…
2026-05-01 14:27:58,339 [INFO] anomaly_detector - 发现异常合约 2 个
2026-05-01 14:27:58,340 [INFO] anomaly_detector - 已追加写入 2 条异常记录 → .\filter_data\anomaly_results2026-05-01.csv
2026-05-01 14:27:58,341 [INFO] checkpoint - 读取断点缓存：已完成 75 个标的
2026-05-01 14:27:58,341 [INFO] scanner - [77/527] US.MCHP  完成率 15%  预计剩余 1h21m
2026-05-01 14:27:58,341 [INFO] scanner - ──────────────────────────────────────────────────
2026-05-01 14:27:58,341 [INFO] scanner - 处理标的: US.MCHP
2026-05-01 14:27:58,381 [INFO] scanner - [STEP1] 获取 US.MCHP 候选期权链…
2026-05-01 14:27:58,416 [INFO] option_chain_fetcher - [US.MCHP] 11 个到期日 → 4 批次调用
2026-05-01 14:27:58,418 [WARNING] rate_limiter - [_call] 第 1/5 次失败: 获取期权链频率太高，请求失败，每30秒最多10次。，5.0s 后重试…
2026-05-01 14:28:19,123 [INFO] option_chain_fetcher - [US.MCHP] 候选合约共 14 个
2026-05-01 14:28:19,123 [INFO] scanner - [STEP1] US.MCHP: 候选合约 14 个
2026-05-01 14:28:19,123 [INFO] scanner - [STEP2] 获取 14 个合约快照…
2026-05-01 14:28:19,198 [INFO] snapshot_fetcher - 快照获取完成：14/14 个合约
2026-05-01 14:28:19,198 [INFO] scanner - [STEP2] 成功获取 14 条快照
2026-05-01 14:28:19,199 [INFO] scanner - [STEP3] 对 US.MCHP 执行异常检测…
2026-05-01 14:28:19,201 [INFO] anomaly_detector - 发现异常合约 3 个
2026-05-01 14:28:19,202 [INFO] anomaly_detector - 已追加写入 3 条异常记录 → .\filter_data\anomaly_results2026-05-01.csv
2026-05-01 14:28:19,202 [INFO] checkpoint - 读取断点缓存：已完成 76 个标的
2026-05-01 14:28:19,203 [INFO] scanner - [78/527] US.MDLZ  完成率 15%  预计剩余 1h22m
2026-05-01 14:28:19,203 [INFO] scanner - ──────────────────────────────────────────────────
2026-05-01 14:28:19,203 [INFO] scanner - 处理标的: US.MDLZ
2026-05-01 14:28:19,241 [INFO] scanner - [STEP1] 获取 US.MDLZ 候选期权链…
2026-05-01 14:28:19,276 [INFO] option_chain_fetcher - [US.MDLZ] 9 个到期日 → 3 批次调用
2026-05-01 14:28:21,194 [INFO] option_chain_fetcher - [US.MDLZ] 候选合约共 0 个
2026-05-01 14:28:21,194 [INFO] scanner - [STEP1] US.MDLZ: 候选合约 0 个
2026-05-01 14:28:21,194 [INFO] scanner - [STEP2] 获取 0 个合约快照…
2026-05-01 14:28:21,194 [WARNING] scanner - [STEP2] 合约列表为空，跳过
2026-05-01 14:28:21,194 [ERROR] scanner - [US.MDLZ] 处理异常: 'option_type'
2026-05-01 14:28:21,195 [ERROR] scanner - Traceback (most recent call last):
  File "C:\Users\Administrator\AppData\Local\Programs\Python\Python312\Lib\site-packages\pandas\core\indexes\base.py", line 3641, in get_loc
    return self._engine.get_loc(casted_key)
           ^^^^^^^^^^^^^^^^^^^^^^^^^^^^^^^^
  File "pandas/_libs/index.pyx", line 168, in pandas._libs.index.IndexEngine.get_loc
  File "pandas/_libs/index.pyx", line 197, in pandas._libs.index.IndexEngine.get_loc
  File "pandas/_libs/hashtable_class_helper.pxi", line 7668, in pandas._libs.hashtable.PyObjectHashTable.get_item
  File "pandas/_libs/hashtable_class_helper.pxi", line 7676, in pandas._libs.hashtable.PyObjectHashTable.get_item
KeyError: 'option_type'

The above exception was the direct cause of the following exception:

Traceback (most recent call last):
  File "<input>", line 170, in step_run_single
  File "C:\Users\Administrator\AppData\Local\Programs\Python\Python312\Lib\site-packages\pandas\core\frame.py", line 4378, in __getitem__
    indexer = self.columns.get_loc(key)
              ^^^^^^^^^^^^^^^^^^^^^^^^^
  File "C:\Users\Administrator\AppData\Local\Programs\Python\Python312\Lib\site-packages\pandas\core\indexes\base.py", line 3648, in get_loc
    raise KeyError(key) from err
KeyError: 'option_type'

2026-05-01 14:28:21,195 [INFO] checkpoint - 读取断点缓存：已完成 77 个标的
2026-05-01 14:28:21,196 [INFO] scanner - [79/527] US.MELI  完成率 15%  预计剩余 1h21m
2026-05-01 14:28:21,196 [INFO] scanner - ──────────────────────────────────────────────────
2026-05-01 14:28:21,196 [INFO] scanner - 处理标的: US.MELI
2026-05-01 14:28:21,263 [INFO] scanner - [STEP1] 获取 US.MELI 候选期权链…
2026-05-01 14:28:21,300 [INFO] option_chain_fetcher - [US.MELI] 12 个到期日 → 5 批次调用
2026-05-01 14:28:22,898 [WARNING] rate_limiter - [_call] 第 1/5 次失败: 获取期权链频率太高，请求失败，每30秒最多10次。，5.0s 后重试…
2026-05-01 14:28:28,478 [WARNING] rate_limiter - [_call] 第 1/5 次失败: 获取期权链频率太高，请求失败，每30秒最多10次。，5.0s 后重试…
2026-05-01 14:28:34,413 [INFO] option_chain_fetcher - [US.MELI] 候选合约共 1 个
2026-05-01 14:28:34,413 [INFO] scanner - [STEP1] US.MELI: 候选合约 1 个
2026-05-01 14:28:34,413 [INFO] scanner - [STEP2] 获取 1 个合约快照…
2026-05-01 14:28:34,480 [INFO] snapshot_fetcher - 快照获取完成：1/1 个合约
2026-05-01 14:28:34,480 [INFO] scanner - [STEP2] 成功获取 1 条快照
2026-05-01 14:28:34,481 [INFO] scanner - [STEP3] 对 US.MELI 执行异常检测…
2026-05-01 14:28:34,482 [INFO] anomaly_detector - 本批次无异常合约
2026-05-01 14:28:34,482 [INFO] checkpoint - 读取断点缓存：已完成 78 个标的
2026-05-01 14:28:34,483 [INFO] scanner - [80/527] US.MNST  完成率 15%  预计剩余 1h21m
2026-05-01 14:28:34,483 [INFO] scanner - ──────────────────────────────────────────────────
2026-05-01 14:28:34,483 [INFO] scanner - 处理标的: US.MNST
2026-05-01 14:28:34,526 [INFO] scanner - [STEP1] 获取 US.MNST 候选期权链…
2026-05-01 14:28:34,561 [INFO] option_chain_fetcher - [US.MNST] 3 个到期日 → 3 批次调用
2026-05-01 14:28:49,716 [INFO] option_chain_fetcher - [US.MNST] 候选合约共 0 个
2026-05-01 14:28:49,716 [INFO] scanner - [STEP1] US.MNST: 候选合约 0 个
2026-05-01 14:28:49,716 [INFO] scanner - [STEP2] 获取 0 个合约快照…
2026-05-01 14:28:49,716 [WARNING] scanner - [STEP2] 合约列表为空，跳过
2026-05-01 14:28:49,716 [ERROR] scanner - [US.MNST] 处理异常: 'option_type'
2026-05-01 14:28:49,717 [ERROR] scanner - Traceback (most recent call last):
  File "C:\Users\Administrator\AppData\Local\Programs\Python\Python312\Lib\site-packages\pandas\core\indexes\base.py", line 3641, in get_loc
    return self._engine.get_loc(casted_key)
           ^^^^^^^^^^^^^^^^^^^^^^^^^^^^^^^^
  File "pandas/_libs/index.pyx", line 168, in pandas._libs.index.IndexEngine.get_loc
  File "pandas/_libs/index.pyx", line 197, in pandas._libs.index.IndexEngine.get_loc
  File "pandas/_libs/hashtable_class_helper.pxi", line 7668, in pandas._libs.hashtable.PyObjectHashTable.get_item
  File "pandas/_libs/hashtable_class_helper.pxi", line 7676, in pandas._libs.hashtable.PyObjectHashTable.get_item
KeyError: 'option_type'

The above exception was the direct cause of the following exception:

Traceback (most recent call last):
  File "<input>", line 170, in step_run_single
  File "C:\Users\Administrator\AppData\Local\Programs\Python\Python312\Lib\site-packages\pandas\core\frame.py", line 4378, in __getitem__
    indexer = self.columns.get_loc(key)
              ^^^^^^^^^^^^^^^^^^^^^^^^^
  File "C:\Users\Administrator\AppData\Local\Programs\Python\Python312\Lib\site-packages\pandas\core\indexes\base.py", line 3648, in get_loc
    raise KeyError(key) from err
KeyError: 'option_type'

2026-05-01 14:28:49,717 [INFO] checkpoint - 读取断点缓存：已完成 79 个标的
2026-05-01 14:28:49,718 [INFO] scanner - [81/527] US.MPWR  完成率 15%  预计剩余 1h21m
2026-05-01 14:28:49,718 [INFO] scanner - ──────────────────────────────────────────────────
2026-05-01 14:28:49,718 [INFO] scanner - 处理标的: US.MPWR
2026-05-01 14:28:49,759 [INFO] scanner - [STEP1] 获取 US.MPWR 候选期权链…
2026-05-01 14:28:49,794 [INFO] option_chain_fetcher - [US.MPWR] 4 个到期日 → 4 批次调用
2026-05-01 14:28:52,777 [INFO] option_chain_fetcher - [US.MPWR] 候选合约共 3 个
2026-05-01 14:28:52,777 [INFO] scanner - [STEP1] US.MPWR: 候选合约 3 个
2026-05-01 14:28:52,777 [INFO] scanner - [STEP2] 获取 3 个合约快照…
2026-05-01 14:28:52,852 [INFO] snapshot_fetcher - 快照获取完成：3/3 个合约
2026-05-01 14:28:52,852 [INFO] scanner - [STEP2] 成功获取 3 条快照
2026-05-01 14:28:52,853 [INFO] scanner - [STEP3] 对 US.MPWR 执行异常检测…
2026-05-01 14:28:52,854 [INFO] anomaly_detector - 发现异常合约 1 个
2026-05-01 14:28:52,856 [INFO] anomaly_detector - 已追加写入 1 条异常记录 → .\filter_data\anomaly_results2026-05-01.csv
2026-05-01 14:28:52,856 [INFO] checkpoint - 读取断点缓存：已完成 80 个标的
2026-05-01 14:28:52,857 [INFO] scanner - [82/527] US.MRVL  完成率 16%  预计剩余 1h20m
2026-05-01 14:28:52,857 [INFO] scanner - ──────────────────────────────────────────────────
2026-05-01 14:28:52,857 [INFO] scanner - 处理标的: US.MRVL
2026-05-01 14:28:52,898 [INFO] scanner - [STEP1] 获取 US.MRVL 候选期权链…
2026-05-01 14:28:52,933 [INFO] option_chain_fetcher - [US.MRVL] 12 个到期日 → 5 批次调用
2026-05-01 14:28:52,935 [WARNING] rate_limiter - [_call] 第 1/5 次失败: 获取期权链频率太高，请求失败，每30秒最多10次。，5.0s 后重试…
2026-05-01 14:28:58,523 [WARNING] rate_limiter - [_call] 第 1/5 次失败: 获取期权链频率太高，请求失败，每30秒最多10次。，5.0s 后重试…
2026-05-01 14:29:19,205 [INFO] option_chain_fetcher - [US.MRVL] 候选合约共 104 个
2026-05-01 14:29:19,205 [INFO] scanner - [STEP1] US.MRVL: 候选合约 104 个
2026-05-01 14:29:19,205 [INFO] scanner - [STEP2] 获取 104 个合约快照…
2026-05-01 14:29:19,444 [INFO] snapshot_fetcher - 快照获取完成：104/104 个合约
2026-05-01 14:29:19,445 [INFO] scanner - [STEP2] 成功获取 104 条快照
2026-05-01 14:29:19,446 [INFO] scanner - [STEP3] 对 US.MRVL 执行异常检测…
2026-05-01 14:29:19,447 [INFO] anomaly_detector - 发现异常合约 33 个
2026-05-01 14:29:19,450 [INFO] anomaly_detector - 已追加写入 33 条异常记录 → .\filter_data\anomaly_results2026-05-01.csv
2026-05-01 14:29:19,450 [INFO] checkpoint - 读取断点缓存：已完成 81 个标的
2026-05-01 14:29:19,451 [INFO] scanner - [83/527] US.NFLX  完成率 16%  预计剩余 1h21m
2026-05-01 14:29:19,451 [INFO] scanner - ──────────────────────────────────────────────────
2026-05-01 14:29:19,451 [INFO] scanner - 处理标的: US.NFLX
2026-05-01 14:29:19,492 [INFO] scanner - [STEP1] 获取 US.NFLX 候选期权链…
2026-05-01 14:29:19,527 [INFO] option_chain_fetcher - [US.NFLX] 13 个到期日 → 6 批次调用
2026-05-01 14:29:22,987 [WARNING] rate_limiter - [_call] 第 1/5 次失败: 获取期权链频率太高，请求失败，每30秒最多10次。，5.0s 后重试…
2026-05-01 14:29:28,368 [INFO] option_chain_fetcher - [US.NFLX] 候选合约共 191 个
2026-05-01 14:29:28,368 [INFO] scanner - [STEP1] US.NFLX: 候选合约 191 个
2026-05-01 14:29:28,368 [INFO] scanner - [STEP2] 获取 191 个合约快照…
2026-05-01 14:29:28,711 [INFO] snapshot_fetcher - 快照获取完成：191/191 个合约
2026-05-01 14:29:28,712 [INFO] scanner - [STEP2] 成功获取 191 条快照
2026-05-01 14:29:28,713 [INFO] scanner - [STEP3] 对 US.NFLX 执行异常检测…
2026-05-01 14:29:28,714 [INFO] anomaly_detector - 发现异常合约 27 个
2026-05-01 14:29:28,717 [INFO] anomaly_detector - 已追加写入 27 条异常记录 → .\filter_data\anomaly_results2026-05-01.csv
2026-05-01 14:29:28,717 [INFO] checkpoint - 读取断点缓存：已完成 82 个标的
2026-05-01 14:29:28,718 [INFO] scanner - [84/527] US.NXPI  完成率 16%  预计剩余 1h21m
2026-05-01 14:29:28,718 [INFO] scanner - ──────────────────────────────────────────────────
2026-05-01 14:29:28,718 [INFO] scanner - 处理标的: US.NXPI
2026-05-01 14:29:28,756 [INFO] scanner - [STEP1] 获取 US.NXPI 候选期权链…
2026-05-01 14:29:28,790 [INFO] option_chain_fetcher - [US.NXPI] 5 个到期日 → 4 批次调用
2026-05-01 14:29:28,792 [WARNING] rate_limiter - [_call] 第 1/5 次失败: 获取期权链频率太高，请求失败，每30秒最多10次。，5.0s 后重试…
2026-05-01 14:29:49,305 [INFO] option_chain_fetcher - [US.NXPI] 候选合约共 15 个
2026-05-01 14:29:49,305 [INFO] scanner - [STEP1] US.NXPI: 候选合约 15 个
2026-05-01 14:29:49,305 [INFO] scanner - [STEP2] 获取 15 个合约快照…
2026-05-01 14:29:49,378 [INFO] snapshot_fetcher - 快照获取完成：15/15 个合约
2026-05-01 14:29:49,379 [INFO] scanner - [STEP2] 成功获取 15 条快照
2026-05-01 14:29:49,380 [INFO] scanner - [STEP3] 对 US.NXPI 执行异常检测…
2026-05-01 14:29:49,381 [INFO] anomaly_detector - 发现异常合约 8 个
2026-05-01 14:29:49,383 [INFO] anomaly_detector - 已追加写入 8 条异常记录 → .\filter_data\anomaly_results2026-05-01.csv
2026-05-01 14:29:49,383 [INFO] checkpoint - 读取断点缓存：已完成 83 个标的
2026-05-01 14:29:49,384 [INFO] scanner - [85/527] US.ODFL  完成率 16%  预计剩余 1h22m
2026-05-01 14:29:49,384 [INFO] scanner - ──────────────────────────────────────────────────
2026-05-01 14:29:49,384 [INFO] scanner - 处理标的: US.ODFL
2026-05-01 14:29:49,423 [INFO] scanner - [STEP1] 获取 US.ODFL 候选期权链…
2026-05-01 14:29:49,458 [INFO] option_chain_fetcher - [US.ODFL] 6 个到期日 → 6 批次调用
2026-05-01 14:29:53,035 [WARNING] rate_limiter - [_call] 第 1/5 次失败: 获取期权链频率太高，请求失败，每30秒最多10次。，5.0s 后重试…
2026-05-01 14:29:58,414 [INFO] option_chain_fetcher - [US.ODFL] 候选合约共 0 个
2026-05-01 14:29:58,414 [INFO] scanner - [STEP1] US.ODFL: 候选合约 0 个
2026-05-01 14:29:58,414 [INFO] scanner - [STEP2] 获取 0 个合约快照…
2026-05-01 14:29:58,414 [WARNING] scanner - [STEP2] 合约列表为空，跳过
2026-05-01 14:29:58,414 [ERROR] scanner - [US.ODFL] 处理异常: 'option_type'
2026-05-01 14:29:58,415 [ERROR] scanner - Traceback (most recent call last):
  File "C:\Users\Administrator\AppData\Local\Programs\Python\Python312\Lib\site-packages\pandas\core\indexes\base.py", line 3641, in get_loc
    return self._engine.get_loc(casted_key)
           ^^^^^^^^^^^^^^^^^^^^^^^^^^^^^^^^
  File "pandas/_libs/index.pyx", line 168, in pandas._libs.index.IndexEngine.get_loc
  File "pandas/_libs/index.pyx", line 197, in pandas._libs.index.IndexEngine.get_loc
  File "pandas/_libs/hashtable_class_helper.pxi", line 7668, in pandas._libs.hashtable.PyObjectHashTable.get_item
  File "pandas/_libs/hashtable_class_helper.pxi", line 7676, in pandas._libs.hashtable.PyObjectHashTable.get_item
KeyError: 'option_type'

The above exception was the direct cause of the following exception:

Traceback (most recent call last):
  File "<input>", line 170, in step_run_single
  File "C:\Users\Administrator\AppData\Local\Programs\Python\Python312\Lib\site-packages\pandas\core\frame.py", line 4378, in __getitem__
    indexer = self.columns.get_loc(key)
              ^^^^^^^^^^^^^^^^^^^^^^^^^
  File "C:\Users\Administrator\AppData\Local\Programs\Python\Python312\Lib\site-packages\pandas\core\indexes\base.py", line 3648, in get_loc
    raise KeyError(key) from err
KeyError: 'option_type'

2026-05-01 14:29:58,415 [INFO] checkpoint - 读取断点缓存：已完成 84 个标的
2026-05-01 14:29:58,416 [INFO] scanner - [86/527] US.ORLY  完成率 16%  预计剩余 1h21m
2026-05-01 14:29:58,416 [INFO] scanner - ──────────────────────────────────────────────────
2026-05-01 14:29:58,416 [INFO] scanner - 处理标的: US.ORLY
2026-05-01 14:29:58,455 [INFO] scanner - [STEP1] 获取 US.ORLY 候选期权链…
2026-05-01 14:29:58,490 [INFO] option_chain_fetcher - [US.ORLY] 5 个到期日 → 4 批次调用
2026-05-01 14:29:58,840 [WARNING] rate_limiter - [_call] 第 1/5 次失败: 获取期权链频率太高，请求失败，每30秒最多10次。，5.0s 后重试…
2026-05-01 14:30:19,307 [INFO] option_chain_fetcher - [US.ORLY] 候选合约共 8 个
2026-05-01 14:30:19,307 [INFO] scanner - [STEP1] US.ORLY: 候选合约 8 个
2026-05-01 14:30:19,307 [INFO] scanner - [STEP2] 获取 8 个合约快照…
2026-05-01 14:30:19,377 [INFO] snapshot_fetcher - 快照获取完成：8/8 个合约
2026-05-01 14:30:19,377 [INFO] scanner - [STEP2] 成功获取 8 条快照
2026-05-01 14:30:19,378 [INFO] scanner - [STEP3] 对 US.ORLY 执行异常检测…
2026-05-01 14:30:19,379 [INFO] anomaly_detector - 本批次无异常合约
2026-05-01 14:30:19,379 [INFO] checkpoint - 读取断点缓存：已完成 85 个标的
2026-05-01 14:30:19,380 [INFO] scanner - [87/527] US.PANW  完成率 17%  预计剩余 1h22m
2026-05-01 14:30:19,380 [INFO] scanner - ──────────────────────────────────────────────────
2026-05-01 14:30:19,380 [INFO] scanner - 处理标的: US.PANW
2026-05-01 14:30:19,420 [INFO] scanner - [STEP1] 获取 US.PANW 候选期权链…
2026-05-01 14:30:19,456 [INFO] option_chain_fetcher - [US.PANW] 13 个到期日 → 6 批次调用
2026-05-01 14:30:23,080 [WARNING] rate_limiter - [_call] 第 1/5 次失败: 获取期权链频率太高，请求失败，每30秒最多10次。，5.0s 后重试…
2026-05-01 14:30:28,458 [INFO] option_chain_fetcher - [US.PANW] 候选合约共 28 个
2026-05-01 14:30:28,458 [INFO] scanner - [STEP1] US.PANW: 候选合约 28 个
2026-05-01 14:30:28,458 [INFO] scanner - [STEP2] 获取 28 个合约快照…
2026-05-01 14:30:28,532 [INFO] snapshot_fetcher - 快照获取完成：28/28 个合约
2026-05-01 14:30:28,533 [INFO] scanner - [STEP2] 成功获取 28 条快照
2026-05-01 14:30:28,534 [INFO] scanner - [STEP3] 对 US.PANW 执行异常检测…
2026-05-01 14:30:28,535 [INFO] anomaly_detector - 发现异常合约 5 个
2026-05-01 14:30:28,536 [INFO] anomaly_detector - 已追加写入 5 条异常记录 → .\filter_data\anomaly_results2026-05-01.csv
2026-05-01 14:30:28,537 [INFO] checkpoint - 读取断点缓存：已完成 86 个标的
2026-05-01 14:30:28,537 [INFO] scanner - [88/527] US.PAYX  完成率 17%  预计剩余 1h21m
2026-05-01 14:30:28,537 [INFO] scanner - ──────────────────────────────────────────────────
2026-05-01 14:30:28,537 [INFO] scanner - 处理标的: US.PAYX
2026-05-01 14:30:28,577 [INFO] scanner - [STEP1] 获取 US.PAYX 候选期权链…
2026-05-01 14:30:28,613 [INFO] option_chain_fetcher - [US.PAYX] 3 个到期日 → 3 批次调用
2026-05-01 14:30:28,901 [WARNING] rate_limiter - [_call] 第 1/5 次失败: 获取期权链频率太高，请求失败，每30秒最多10次。，5.0s 后重试…
2026-05-01 14:30:48,755 [INFO] option_chain_fetcher - [US.PAYX] 候选合约共 2 个
2026-05-01 14:30:48,755 [INFO] scanner - [STEP1] US.PAYX: 候选合约 2 个
2026-05-01 14:30:48,755 [INFO] scanner - [STEP2] 获取 2 个合约快照…
2026-05-01 14:30:48,822 [INFO] snapshot_fetcher - 快照获取完成：2/2 个合约
2026-05-01 14:30:48,823 [INFO] scanner - [STEP2] 成功获取 2 条快照
2026-05-01 14:30:48,824 [INFO] scanner - [STEP3] 对 US.PAYX 执行异常检测…
2026-05-01 14:30:48,824 [INFO] anomaly_detector - 本批次无异常合约
2026-05-01 14:30:48,825 [INFO] checkpoint - 读取断点缓存：已完成 87 个标的
2026-05-01 14:30:48,825 [INFO] scanner - [89/527] US.PCAR  完成率 17%  预计剩余 1h22m
2026-05-01 14:30:48,825 [INFO] scanner - ──────────────────────────────────────────────────
2026-05-01 14:30:48,825 [INFO] scanner - 处理标的: US.PCAR
2026-05-01 14:30:48,893 [INFO] scanner - [STEP1] 获取 US.PCAR 候选期权链…
2026-05-01 14:30:48,928 [INFO] option_chain_fetcher - [US.PCAR] 5 个到期日 → 4 批次调用
2026-05-01 14:30:51,440 [INFO] option_chain_fetcher - [US.PCAR] 候选合约共 0 个
2026-05-01 14:30:51,440 [INFO] scanner - [STEP1] US.PCAR: 候选合约 0 个
2026-05-01 14:30:51,440 [INFO] scanner - [STEP2] 获取 0 个合约快照…
2026-05-01 14:30:51,440 [WARNING] scanner - [STEP2] 合约列表为空，跳过
2026-05-01 14:30:51,440 [ERROR] scanner - [US.PCAR] 处理异常: 'option_type'
2026-05-01 14:30:51,441 [ERROR] scanner - Traceback (most recent call last):
  File "C:\Users\Administrator\AppData\Local\Programs\Python\Python312\Lib\site-packages\pandas\core\indexes\base.py", line 3641, in get_loc
    return self._engine.get_loc(casted_key)
           ^^^^^^^^^^^^^^^^^^^^^^^^^^^^^^^^
  File "pandas/_libs/index.pyx", line 168, in pandas._libs.index.IndexEngine.get_loc
  File "pandas/_libs/index.pyx", line 197, in pandas._libs.index.IndexEngine.get_loc
  File "pandas/_libs/hashtable_class_helper.pxi", line 7668, in pandas._libs.hashtable.PyObjectHashTable.get_item
  File "pandas/_libs/hashtable_class_helper.pxi", line 7676, in pandas._libs.hashtable.PyObjectHashTable.get_item
KeyError: 'option_type'

The above exception was the direct cause of the following exception:

Traceback (most recent call last):
  File "<input>", line 170, in step_run_single
  File "C:\Users\Administrator\AppData\Local\Programs\Python\Python312\Lib\site-packages\pandas\core\frame.py", line 4378, in __getitem__
    indexer = self.columns.get_loc(key)
              ^^^^^^^^^^^^^^^^^^^^^^^^^
  File "C:\Users\Administrator\AppData\Local\Programs\Python\Python312\Lib\site-packages\pandas\core\indexes\base.py", line 3648, in get_loc
    raise KeyError(key) from err
KeyError: 'option_type'

2026-05-01 14:30:51,441 [INFO] checkpoint - 读取断点缓存：已完成 88 个标的
2026-05-01 14:30:51,442 [INFO] scanner - [90/527] US.PEP  完成率 17%  预计剩余 1h21m
2026-05-01 14:30:51,442 [INFO] scanner - ──────────────────────────────────────────────────
2026-05-01 14:30:51,442 [INFO] scanner - 处理标的: US.PEP
2026-05-01 14:30:51,481 [INFO] scanner - [STEP1] 获取 US.PEP 候选期权链…
2026-05-01 14:30:51,516 [INFO] option_chain_fetcher - [US.PEP] 12 个到期日 → 5 批次调用
2026-05-01 14:30:53,128 [WARNING] rate_limiter - [_call] 第 1/5 次失败: 获取期权链频率太高，请求失败，每30秒最多10次。，5.0s 后重试…
2026-05-01 14:30:58,946 [WARNING] rate_limiter - [_call] 第 1/5 次失败: 获取期权链频率太高，请求失败，每30秒最多10次。，5.0s 后重试…
2026-05-01 14:31:04,741 [INFO] option_chain_fetcher - [US.PEP] 候选合约共 11 个
2026-05-01 14:31:04,741 [INFO] scanner - [STEP1] US.PEP: 候选合约 11 个
2026-05-01 14:31:04,741 [INFO] scanner - [STEP2] 获取 11 个合约快照…
2026-05-01 14:31:04,813 [INFO] snapshot_fetcher - 快照获取完成：11/11 个合约
2026-05-01 14:31:04,813 [INFO] scanner - [STEP2] 成功获取 11 条快照
2026-05-01 14:31:04,814 [INFO] scanner - [STEP3] 对 US.PEP 执行异常检测…
2026-05-01 14:31:04,815 [INFO] anomaly_detector - 本批次无异常合约
2026-05-01 14:31:04,815 [INFO] checkpoint - 读取断点缓存：已完成 89 个标的
2026-05-01 14:31:04,816 [INFO] scanner - [91/527] US.PLTR  完成率 17%  预计剩余 1h21m
2026-05-01 14:31:04,816 [INFO] scanner - ──────────────────────────────────────────────────
2026-05-01 14:31:04,816 [INFO] scanner - 处理标的: US.PLTR
2026-05-01 14:31:04,858 [INFO] scanner - [STEP1] 获取 US.PLTR 候选期权链…
2026-05-01 14:31:04,897 [INFO] option_chain_fetcher - [US.PLTR] 13 个到期日 → 6 批次调用
2026-05-01 14:31:22,372 [INFO] option_chain_fetcher - [US.PLTR] 候选合约共 184 个
2026-05-01 14:31:22,372 [INFO] scanner - [STEP1] US.PLTR: 候选合约 184 个
2026-05-01 14:31:22,372 [INFO] scanner - [STEP2] 获取 184 个合约快照…
2026-05-01 14:31:22,621 [INFO] snapshot_fetcher - 快照获取完成：184/184 个合约
2026-05-01 14:31:22,622 [INFO] scanner - [STEP2] 成功获取 184 条快照
2026-05-01 14:31:22,623 [INFO] scanner - [STEP3] 对 US.PLTR 执行异常检测…
2026-05-01 14:31:22,625 [INFO] anomaly_detector - 发现异常合约 42 个
2026-05-01 14:31:22,628 [INFO] anomaly_detector - 已追加写入 42 条异常记录 → .\filter_data\anomaly_results2026-05-01.csv
2026-05-01 14:31:22,628 [INFO] checkpoint - 读取断点缓存：已完成 90 个标的
2026-05-01 14:31:22,628 [INFO] scanner - [92/527] US.PYPL  完成率 17%  预计剩余 1h21m
2026-05-01 14:31:22,628 [INFO] scanner - ──────────────────────────────────────────────────
2026-05-01 14:31:22,628 [INFO] scanner - 处理标的: US.PYPL
2026-05-01 14:31:22,668 [INFO] scanner - [STEP1] 获取 US.PYPL 候选期权链…
2026-05-01 14:31:22,705 [INFO] option_chain_fetcher - [US.PYPL] 12 个到期日 → 5 批次调用
2026-05-01 14:31:23,267 [WARNING] rate_limiter - [_call] 第 1/5 次失败: 获取期权链频率太高，请求失败，每30秒最多10次。，5.0s 后重试…
2026-05-01 14:31:29,001 [WARNING] rate_limiter - [_call] 第 1/5 次失败: 获取期权链频率太高，请求失败，每30秒最多10次。，5.0s 后重试…
2026-05-01 14:31:48,872 [INFO] option_chain_fetcher - [US.PYPL] 候选合约共 40 个
2026-05-01 14:31:48,872 [INFO] scanner - [STEP1] US.PYPL: 候选合约 40 个
2026-05-01 14:31:48,872 [INFO] scanner - [STEP2] 获取 40 个合约快照…
2026-05-01 14:31:49,010 [INFO] snapshot_fetcher - 快照获取完成：40/40 个合约
2026-05-01 14:31:49,010 [INFO] scanner - [STEP2] 成功获取 40 条快照
2026-05-01 14:31:49,011 [INFO] scanner - [STEP3] 对 US.PYPL 执行异常检测…
2026-05-01 14:31:49,012 [INFO] anomaly_detector - 本批次无异常合约
2026-05-01 14:31:49,012 [INFO] checkpoint - 读取断点缓存：已完成 91 个标的
2026-05-01 14:31:49,012 [INFO] scanner - [93/527] US.QCOM  完成率 18%  预计剩余 1h22m
2026-05-01 14:31:49,012 [INFO] scanner - ──────────────────────────────────────────────────
2026-05-01 14:31:49,012 [INFO] scanner - 处理标的: US.QCOM
2026-05-01 14:31:49,050 [INFO] scanner - [STEP1] 获取 US.QCOM 候选期权链…
2026-05-01 14:31:49,086 [INFO] option_chain_fetcher - [US.QCOM] 13 个到期日 → 6 批次调用
2026-05-01 14:31:53,146 [WARNING] option_chain_fetcher - [US.QCOM] ⚠️ 过滤后合约数 245 超过阈值 200，后续快照将自动分批处理
2026-05-01 14:31:53,146 [INFO] option_chain_fetcher - [US.QCOM] 候选合约共 245 个
2026-05-01 14:31:53,146 [INFO] scanner - [STEP1] US.QCOM: 候选合约 245 个
2026-05-01 14:31:53,146 [INFO] scanner - [STEP2] 获取 245 个合约快照…
2026-05-01 14:31:53,576 [INFO] snapshot_fetcher - 快照获取完成：245/245 个合约
2026-05-01 14:31:53,577 [INFO] scanner - [STEP2] 成功获取 245 条快照
2026-05-01 14:31:53,578 [INFO] scanner - [STEP3] 对 US.QCOM 执行异常检测…
2026-05-01 14:31:53,580 [INFO] anomaly_detector - 发现异常合约 112 个
2026-05-01 14:31:53,586 [INFO] anomaly_detector - 已追加写入 112 条异常记录 → .\filter_data\anomaly_results2026-05-01.csv
2026-05-01 14:31:53,586 [INFO] checkpoint - 读取断点缓存：已完成 92 个标的
2026-05-01 14:31:53,586 [INFO] scanner - [94/527] US.REGN  完成率 18%  预计剩余 1h22m
2026-05-01 14:31:53,586 [INFO] scanner - ──────────────────────────────────────────────────
2026-05-01 14:31:53,587 [INFO] scanner - 处理标的: US.REGN
2026-05-01 14:31:53,652 [INFO] scanner - [STEP1] 获取 US.REGN 候选期权链…
2026-05-01 14:31:53,688 [INFO] option_chain_fetcher - [US.REGN] 12 个到期日 → 5 批次调用
2026-05-01 14:31:53,689 [WARNING] rate_limiter - [_call] 第 1/5 次失败: 获取期权链频率太高，请求失败，每30秒最多10次。，5.0s 后重试…
2026-05-01 14:31:59,261 [WARNING] rate_limiter - [_call] 第 1/5 次失败: 获取期权链频率太高，请求失败，每30秒最多10次。，5.0s 后重试…
2026-05-01 14:32:19,512 [INFO] option_chain_fetcher - [US.REGN] 候选合约共 1 个
2026-05-01 14:32:19,512 [INFO] scanner - [STEP1] US.REGN: 候选合约 1 个
2026-05-01 14:32:19,512 [INFO] scanner - [STEP2] 获取 1 个合约快照…
2026-05-01 14:32:19,578 [INFO] snapshot_fetcher - 快照获取完成：1/1 个合约
2026-05-01 14:32:19,578 [INFO] scanner - [STEP2] 成功获取 1 条快照
2026-05-01 14:32:19,579 [INFO] scanner - [STEP3] 对 US.REGN 执行异常检测…
2026-05-01 14:32:19,580 [INFO] anomaly_detector - 本批次无异常合约
2026-05-01 14:32:19,580 [INFO] checkpoint - 读取断点缓存：已完成 93 个标的
2026-05-01 14:32:19,581 [INFO] scanner - [95/527] US.ROP  完成率 18%  预计剩余 1h23m
2026-05-01 14:32:19,581 [INFO] scanner - ──────────────────────────────────────────────────
2026-05-01 14:32:19,581 [INFO] scanner - 处理标的: US.ROP
2026-05-01 14:32:19,654 [INFO] scanner - [STEP1] 获取 US.ROP 候选期权链…
2026-05-01 14:32:19,689 [INFO] option_chain_fetcher - [US.ROP] 4 个到期日 → 4 批次调用
2026-05-01 14:32:22,479 [INFO] option_chain_fetcher - [US.ROP] 候选合约共 0 个
2026-05-01 14:32:22,479 [INFO] scanner - [STEP1] US.ROP: 候选合约 0 个
2026-05-01 14:32:22,479 [INFO] scanner - [STEP2] 获取 0 个合约快照…
2026-05-01 14:32:22,479 [WARNING] scanner - [STEP2] 合约列表为空，跳过
2026-05-01 14:32:22,479 [ERROR] scanner - [US.ROP] 处理异常: 'option_type'
2026-05-01 14:32:22,480 [ERROR] scanner - Traceback (most recent call last):
  File "C:\Users\Administrator\AppData\Local\Programs\Python\Python312\Lib\site-packages\pandas\core\indexes\base.py", line 3641, in get_loc
    return self._engine.get_loc(casted_key)
           ^^^^^^^^^^^^^^^^^^^^^^^^^^^^^^^^
  File "pandas/_libs/index.pyx", line 168, in pandas._libs.index.IndexEngine.get_loc
  File "pandas/_libs/index.pyx", line 197, in pandas._libs.index.IndexEngine.get_loc
  File "pandas/_libs/hashtable_class_helper.pxi", line 7668, in pandas._libs.hashtable.PyObjectHashTable.get_item
  File "pandas/_libs/hashtable_class_helper.pxi", line 7676, in pandas._libs.hashtable.PyObjectHashTable.get_item
KeyError: 'option_type'

The above exception was the direct cause of the following exception:

Traceback (most recent call last):
  File "<input>", line 170, in step_run_single
  File "C:\Users\Administrator\AppData\Local\Programs\Python\Python312\Lib\site-packages\pandas\core\frame.py", line 4378, in __getitem__
    indexer = self.columns.get_loc(key)
              ^^^^^^^^^^^^^^^^^^^^^^^^^
  File "C:\Users\Administrator\AppData\Local\Programs\Python\Python312\Lib\site-packages\pandas\core\indexes\base.py", line 3648, in get_loc
    raise KeyError(key) from err
KeyError: 'option_type'

2026-05-01 14:32:22,480 [INFO] checkpoint - 读取断点缓存：已完成 94 个标的
2026-05-01 14:32:22,481 [INFO] scanner - [96/527] US.ROST  完成率 18%  预计剩余 1h22m
2026-05-01 14:32:22,481 [INFO] scanner - ──────────────────────────────────────────────────
2026-05-01 14:32:22,481 [INFO] scanner - 处理标的: US.ROST
2026-05-01 14:32:22,521 [INFO] scanner - [STEP1] 获取 US.ROST 候选期权链…
2026-05-01 14:32:22,558 [INFO] option_chain_fetcher - [US.ROST] 11 个到期日 → 4 批次调用
2026-05-01 14:32:23,747 [WARNING] rate_limiter - [_call] 第 1/5 次失败: 获取期权链频率太高，请求失败，每30秒最多10次。，5.0s 后重试…
2026-05-01 14:32:29,308 [WARNING] rate_limiter - [_call] 第 1/5 次失败: 获取期权链频率太高，请求失败，每30秒最多10次。，5.0s 后重试…
2026-05-01 14:32:34,732 [WARNING] rate_limiter - [_call] 第 1/5 次失败: 获取期权链频率太高，请求失败，每30秒最多10次。，5.0s 后重试…
2026-05-01 14:32:40,108 [INFO] option_chain_fetcher - [US.ROST] 候选合约共 2 个
2026-05-01 14:32:40,108 [INFO] scanner - [STEP1] US.ROST: 候选合约 2 个
2026-05-01 14:32:40,108 [INFO] scanner - [STEP2] 获取 2 个合约快照…
2026-05-01 14:32:40,172 [INFO] snapshot_fetcher - 快照获取完成：2/2 个合约
2026-05-01 14:32:40,173 [INFO] scanner - [STEP2] 成功获取 2 条快照
2026-05-01 14:32:40,174 [INFO] scanner - [STEP3] 对 US.ROST 执行异常检测…
2026-05-01 14:32:40,175 [INFO] anomaly_detector - 本批次无异常合约
2026-05-01 14:32:40,175 [INFO] checkpoint - 读取断点缓存：已完成 95 个标的
2026-05-01 14:32:40,176 [INFO] scanner - [97/527] US.SBUX  完成率 18%  预计剩余 1h22m
2026-05-01 14:32:40,176 [INFO] scanner - ──────────────────────────────────────────────────
2026-05-01 14:32:40,176 [INFO] scanner - 处理标的: US.SBUX
2026-05-01 14:32:40,214 [INFO] scanner - [STEP1] 获取 US.SBUX 候选期权链…
2026-05-01 14:32:40,250 [INFO] option_chain_fetcher - [US.SBUX] 12 个到期日 → 5 批次调用
2026-05-01 14:32:51,665 [INFO] option_chain_fetcher - [US.SBUX] 候选合约共 41 个
2026-05-01 14:32:51,665 [INFO] scanner - [STEP1] US.SBUX: 候选合约 41 个
2026-05-01 14:32:51,665 [INFO] scanner - [STEP2] 获取 41 个合约快照…
2026-05-01 14:32:51,803 [INFO] snapshot_fetcher - 快照获取完成：41/41 个合约
2026-05-01 14:32:51,803 [INFO] scanner - [STEP2] 成功获取 41 条快照
2026-05-01 14:32:51,804 [INFO] scanner - [STEP3] 对 US.SBUX 执行异常检测…
2026-05-01 14:32:51,806 [INFO] anomaly_detector - 发现异常合约 2 个
2026-05-01 14:32:51,807 [INFO] anomaly_detector - 已追加写入 2 条异常记录 → .\filter_data\anomaly_results2026-05-01.csv
2026-05-01 14:32:51,807 [INFO] checkpoint - 读取断点缓存：已完成 96 个标的
2026-05-01 14:32:51,808 [INFO] scanner - [98/527] US.SHOP  完成率 19%  预计剩余 1h22m
2026-05-01 14:32:51,808 [INFO] scanner - ──────────────────────────────────────────────────
2026-05-01 14:32:51,808 [INFO] scanner - 处理标的: US.SHOP
2026-05-01 14:32:51,847 [INFO] scanner - [STEP1] 获取 US.SHOP 候选期权链…
2026-05-01 14:32:51,883 [INFO] option_chain_fetcher - [US.SHOP] 12 个到期日 → 5 批次调用
2026-05-01 14:32:53,794 [WARNING] rate_limiter - [_call] 第 1/5 次失败: 获取期权链频率太高，请求失败，每30秒最多10次。，5.0s 后重试…
2026-05-01 14:32:59,352 [WARNING] rate_limiter - [_call] 第 1/5 次失败: 获取期权链频率太高，请求失败，每30秒最多10次。，5.0s 后重试…
2026-05-01 14:33:04,770 [WARNING] rate_limiter - [_call] 第 1/5 次失败: 获取期权链频率太高，请求失败，每30秒最多10次。，5.0s 后重试…
2026-05-01 14:33:10,152 [INFO] option_chain_fetcher - [US.SHOP] 候选合约共 31 个
2026-05-01 14:33:10,152 [INFO] scanner - [STEP1] US.SHOP: 候选合约 31 个
2026-05-01 14:33:10,152 [INFO] scanner - [STEP2] 获取 31 个合约快照…
2026-05-01 14:33:10,257 [INFO] snapshot_fetcher - 快照获取完成：31/31 个合约
2026-05-01 14:33:10,257 [INFO] scanner - [STEP2] 成功获取 31 条快照
2026-05-01 14:33:10,258 [INFO] scanner - [STEP3] 对 US.SHOP 执行异常检测…
2026-05-01 14:33:10,260 [INFO] anomaly_detector - 发现异常合约 3 个
2026-05-01 14:33:10,261 [INFO] anomaly_detector - 已追加写入 3 条异常记录 → .\filter_data\anomaly_results2026-05-01.csv
2026-05-01 14:33:10,262 [INFO] checkpoint - 读取断点缓存：已完成 97 个标的
2026-05-01 14:33:10,262 [INFO] scanner - [99/527] US.SNPS  完成率 19%  预计剩余 1h22m
2026-05-01 14:33:10,262 [INFO] scanner - ──────────────────────────────────────────────────
2026-05-01 14:33:10,262 [INFO] scanner - 处理标的: US.SNPS
2026-05-01 14:33:10,302 [INFO] scanner - [STEP1] 获取 US.SNPS 候选期权链…
2026-05-01 14:33:10,339 [INFO] option_chain_fetcher - [US.SNPS] 11 个到期日 → 4 批次调用
2026-05-01 14:33:21,190 [INFO] option_chain_fetcher - [US.SNPS] 候选合约共 6 个
2026-05-01 14:33:21,190 [INFO] scanner - [STEP1] US.SNPS: 候选合约 6 个
2026-05-01 14:33:21,190 [INFO] scanner - [STEP2] 获取 6 个合约快照…
2026-05-01 14:33:21,257 [INFO] snapshot_fetcher - 快照获取完成：6/6 个合约
2026-05-01 14:33:21,258 [INFO] scanner - [STEP2] 成功获取 6 条快照
2026-05-01 14:33:21,259 [INFO] scanner - [STEP3] 对 US.SNPS 执行异常检测…
2026-05-01 14:33:21,260 [INFO] anomaly_detector - 发现异常合约 2 个
2026-05-01 14:33:21,261 [INFO] anomaly_detector - 已追加写入 2 条异常记录 → .\filter_data\anomaly_results2026-05-01.csv
2026-05-01 14:33:21,262 [INFO] checkpoint - 读取断点缓存：已完成 98 个标的
2026-05-01 14:33:21,262 [INFO] scanner - [100/527] US.STX  完成率 19%  预计剩余 1h22m
2026-05-01 14:33:21,262 [INFO] scanner - ──────────────────────────────────────────────────
2026-05-01 14:33:21,262 [INFO] scanner - 处理标的: US.STX
2026-05-01 14:33:21,333 [INFO] scanner - [STEP1] 获取 US.STX 候选期权链…
2026-05-01 14:33:21,368 [INFO] option_chain_fetcher - [US.STX] 10 个到期日 → 4 批次调用
2026-05-01 14:33:23,842 [WARNING] rate_limiter - [_call] 第 1/5 次失败: 获取期权链频率太高，请求失败，每30秒最多10次。，5.0s 后重试…
2026-05-01 14:33:29,231 [INFO] option_chain_fetcher - [US.STX] 候选合约共 33 个
2026-05-01 14:33:29,231 [INFO] scanner - [STEP1] US.STX: 候选合约 33 个
2026-05-01 14:33:29,231 [INFO] scanner - [STEP2] 获取 33 个合约快照…
2026-05-01 14:33:29,332 [INFO] snapshot_fetcher - 快照获取完成：33/33 个合约
2026-05-01 14:33:29,333 [INFO] scanner - [STEP2] 成功获取 33 条快照
2026-05-01 14:33:29,334 [INFO] scanner - [STEP3] 对 US.STX 执行异常检测…
2026-05-01 14:33:29,335 [INFO] anomaly_detector - 发现异常合约 7 个
2026-05-01 14:33:29,337 [INFO] anomaly_detector - 已追加写入 7 条异常记录 → .\filter_data\anomaly_results2026-05-01.csv
2026-05-01 14:33:29,337 [INFO] checkpoint - 读取断点缓存：已完成 99 个标的
2026-05-01 14:33:29,337 [INFO] scanner - [101/527] US.TEAM  完成率 19%  预计剩余 1h22m
2026-05-01 14:33:29,337 [INFO] scanner - ──────────────────────────────────────────────────
2026-05-01 14:33:29,338 [INFO] scanner - 处理标的: US.TEAM
2026-05-01 14:33:29,376 [INFO] scanner - [STEP1] 获取 US.TEAM 候选期权链…
2026-05-01 14:33:29,412 [INFO] option_chain_fetcher - [US.TEAM] 10 个到期日 → 4 批次调用
2026-05-01 14:33:29,414 [WARNING] rate_limiter - [_call] 第 1/5 次失败: 获取期权链频率太高，请求失败，每30秒最多10次。，5.0s 后重试…
2026-05-01 14:33:34,967 [WARNING] rate_limiter - [_call] 第 1/5 次失败: 获取期权链频率太高，请求失败，每30秒最多10次。，5.0s 后重试…
2026-05-01 14:33:49,636 [INFO] option_chain_fetcher - [US.TEAM] 候选合约共 34 个
2026-05-01 14:33:49,636 [INFO] scanner - [STEP1] US.TEAM: 候选合约 34 个
2026-05-01 14:33:49,636 [INFO] scanner - [STEP2] 获取 34 个合约快照…
2026-05-01 14:33:49,718 [INFO] snapshot_fetcher - 快照获取完成：34/34 个合约
2026-05-01 14:33:49,719 [INFO] scanner - [STEP2] 成功获取 34 条快照
2026-05-01 14:33:49,719 [INFO] scanner - [STEP3] 对 US.TEAM 执行异常检测…
2026-05-01 14:33:49,721 [INFO] anomaly_detector - 发现异常合约 1 个
2026-05-01 14:33:49,722 [INFO] anomaly_detector - 已追加写入 1 条异常记录 → .\filter_data\anomaly_results2026-05-01.csv
2026-05-01 14:33:49,722 [INFO] checkpoint - 读取断点缓存：已完成 100 个标的
2026-05-01 14:33:49,723 [INFO] scanner - [102/527] US.TMUS  完成率 19%  预计剩余 1h22m
2026-05-01 14:33:49,723 [INFO] scanner - ──────────────────────────────────────────────────
2026-05-01 14:33:49,723 [INFO] scanner - 处理标的: US.TMUS
2026-05-01 14:33:49,761 [INFO] scanner - [STEP1] 获取 US.TMUS 候选期权链…
2026-05-01 14:33:49,797 [INFO] option_chain_fetcher - [US.TMUS] 11 个到期日 → 4 批次调用
2026-05-01 14:33:52,635 [INFO] option_chain_fetcher - [US.TMUS] 候选合约共 6 个
2026-05-01 14:33:52,635 [INFO] scanner - [STEP1] US.TMUS: 候选合约 6 个
2026-05-01 14:33:52,635 [INFO] scanner - [STEP2] 获取 6 个合约快照…
2026-05-01 14:33:52,703 [INFO] snapshot_fetcher - 快照获取完成：6/6 个合约
2026-05-01 14:33:52,703 [INFO] scanner - [STEP2] 成功获取 6 条快照
2026-05-01 14:33:52,704 [INFO] scanner - [STEP3] 对 US.TMUS 执行异常检测…
2026-05-01 14:33:52,705 [INFO] anomaly_detector - 本批次无异常合约
2026-05-01 14:33:52,705 [INFO] checkpoint - 读取断点缓存：已完成 101 个标的
2026-05-01 14:33:52,706 [INFO] scanner - [103/527] US.TRI  完成率 20%  预计剩余 1h21m
2026-05-01 14:33:52,706 [INFO] scanner - ──────────────────────────────────────────────────
2026-05-01 14:33:52,706 [INFO] scanner - 处理标的: US.TRI
2026-05-01 14:33:52,770 [INFO] scanner - [STEP1] 获取 US.TRI 候选期权链…
2026-05-01 14:33:52,805 [INFO] option_chain_fetcher - [US.TRI] 4 个到期日 → 4 批次调用
2026-05-01 14:33:53,893 [WARNING] rate_limiter - [_call] 第 1/5 次失败: 获取期权链频率太高，请求失败，每30秒最多10次。，5.0s 后重试…
2026-05-01 14:33:59,462 [WARNING] rate_limiter - [_call] 第 1/5 次失败: 获取期权链频率太高，请求失败，每30秒最多10次。，5.0s 后重试…
2026-05-01 14:34:05,018 [WARNING] rate_limiter - [_call] 第 1/5 次失败: 获取期权链频率太高，请求失败，每30秒最多10次。，5.0s 后重试…
2026-05-01 14:34:10,392 [INFO] option_chain_fetcher - [US.TRI] 候选合约共 0 个
2026-05-01 14:34:10,392 [INFO] scanner - [STEP1] US.TRI: 候选合约 0 个
2026-05-01 14:34:10,392 [INFO] scanner - [STEP2] 获取 0 个合约快照…
2026-05-01 14:34:10,392 [WARNING] scanner - [STEP2] 合约列表为空，跳过
2026-05-01 14:34:10,392 [ERROR] scanner - [US.TRI] 处理异常: 'option_type'
2026-05-01 14:34:10,393 [ERROR] scanner - Traceback (most recent call last):
  File "C:\Users\Administrator\AppData\Local\Programs\Python\Python312\Lib\site-packages\pandas\core\indexes\base.py", line 3641, in get_loc
    return self._engine.get_loc(casted_key)
           ^^^^^^^^^^^^^^^^^^^^^^^^^^^^^^^^
  File "pandas/_libs/index.pyx", line 168, in pandas._libs.index.IndexEngine.get_loc
  File "pandas/_libs/index.pyx", line 197, in pandas._libs.index.IndexEngine.get_loc
  File "pandas/_libs/hashtable_class_helper.pxi", line 7668, in pandas._libs.hashtable.PyObjectHashTable.get_item
  File "pandas/_libs/hashtable_class_helper.pxi", line 7676, in pandas._libs.hashtable.PyObjectHashTable.get_item
KeyError: 'option_type'

The above exception was the direct cause of the following exception:

Traceback (most recent call last):
  File "<input>", line 170, in step_run_single
  File "C:\Users\Administrator\AppData\Local\Programs\Python\Python312\Lib\site-packages\pandas\core\frame.py", line 4378, in __getitem__
    indexer = self.columns.get_loc(key)
              ^^^^^^^^^^^^^^^^^^^^^^^^^
  File "C:\Users\Administrator\AppData\Local\Programs\Python\Python312\Lib\site-packages\pandas\core\indexes\base.py", line 3648, in get_loc
    raise KeyError(key) from err
KeyError: 'option_type'

2026-05-01 14:34:10,393 [INFO] checkpoint - 读取断点缓存：已完成 102 个标的
2026-05-01 14:34:10,394 [INFO] scanner - [104/527] US.TTWO  完成率 20%  预计剩余 1h21m
2026-05-01 14:34:10,394 [INFO] scanner - ──────────────────────────────────────────────────
2026-05-01 14:34:10,394 [INFO] scanner - 处理标的: US.TTWO
2026-05-01 14:34:10,432 [INFO] scanner - [STEP1] 获取 US.TTWO 候选期权链…
2026-05-01 14:34:10,467 [INFO] option_chain_fetcher - [US.TTWO] 9 个到期日 → 3 批次调用
2026-05-01 14:34:20,396 [INFO] option_chain_fetcher - [US.TTWO] 候选合约共 5 个
2026-05-01 14:34:20,396 [INFO] scanner - [STEP1] US.TTWO: 候选合约 5 个
2026-05-01 14:34:20,396 [INFO] scanner - [STEP2] 获取 5 个合约快照…
2026-05-01 14:34:20,466 [INFO] snapshot_fetcher - 快照获取完成：5/5 个合约
2026-05-01 14:34:20,467 [INFO] scanner - [STEP2] 成功获取 5 条快照
2026-05-01 14:34:20,468 [INFO] scanner - [STEP3] 对 US.TTWO 执行异常检测…
2026-05-01 14:34:20,468 [INFO] anomaly_detector - 本批次无异常合约
2026-05-01 14:34:20,469 [INFO] checkpoint - 读取断点缓存：已完成 103 个标的
2026-05-01 14:34:20,469 [INFO] scanner - [105/527] US.TXN  完成率 20%  预计剩余 1h21m
2026-05-01 14:34:20,469 [INFO] scanner - ──────────────────────────────────────────────────
2026-05-01 14:34:20,469 [INFO] scanner - 处理标的: US.TXN
2026-05-01 14:34:20,510 [INFO] scanner - [STEP1] 获取 US.TXN 候选期权链…
2026-05-01 14:34:20,545 [INFO] option_chain_fetcher - [US.TXN] 11 个到期日 → 4 批次调用
2026-05-01 14:34:23,451 [INFO] option_chain_fetcher - [US.TXN] 候选合约共 23 个
2026-05-01 14:34:23,451 [INFO] scanner - [STEP1] US.TXN: 候选合约 23 个
2026-05-01 14:34:23,451 [INFO] scanner - [STEP2] 获取 23 个合约快照…
2026-05-01 14:34:23,523 [INFO] snapshot_fetcher - 快照获取完成：23/23 个合约
2026-05-01 14:34:23,524 [INFO] scanner - [STEP2] 成功获取 23 条快照
2026-05-01 14:34:23,525 [INFO] scanner - [STEP3] 对 US.TXN 执行异常检测…
2026-05-01 14:34:23,526 [INFO] anomaly_detector - 发现异常合约 5 个
2026-05-01 14:34:23,528 [INFO] anomaly_detector - 已追加写入 5 条异常记录 → .\filter_data\anomaly_results2026-05-01.csv
2026-05-01 14:34:23,528 [INFO] checkpoint - 读取断点缓存：已完成 104 个标的
2026-05-01 14:34:23,528 [INFO] scanner - [106/527] US.VRSK  完成率 20%  预计剩余 1h20m
2026-05-01 14:34:23,528 [INFO] scanner - ──────────────────────────────────────────────────
2026-05-01 14:34:23,528 [INFO] scanner - 处理标的: US.VRSK
2026-05-01 14:34:23,567 [INFO] scanner - [STEP1] 获取 US.VRSK 候选期权链…
2026-05-01 14:34:23,602 [INFO] option_chain_fetcher - [US.VRSK] 4 个到期日 → 4 批次调用
2026-05-01 14:34:23,952 [WARNING] rate_limiter - [_call] 第 1/5 次失败: 获取期权链频率太高，请求失败，每30秒最多10次。，5.0s 后重试…
2026-05-01 14:34:29,506 [WARNING] rate_limiter - [_call] 第 1/5 次失败: 获取期权链频率太高，请求失败，每30秒最多10次。，5.0s 后重试…
2026-05-01 14:34:35,078 [WARNING] rate_limiter - [_call] 第 1/5 次失败: 获取期权链频率太高，请求失败，每30秒最多10次。，5.0s 后重试…
2026-05-01 14:34:49,184 [INFO] option_chain_fetcher - [US.VRSK] 候选合约共 0 个
2026-05-01 14:34:49,184 [INFO] scanner - [STEP1] US.VRSK: 候选合约 0 个
2026-05-01 14:34:49,184 [INFO] scanner - [STEP2] 获取 0 个合约快照…
2026-05-01 14:34:49,184 [WARNING] scanner - [STEP2] 合约列表为空，跳过
2026-05-01 14:34:49,184 [ERROR] scanner - [US.VRSK] 处理异常: 'option_type'
2026-05-01 14:34:49,185 [ERROR] scanner - Traceback (most recent call last):
  File "C:\Users\Administrator\AppData\Local\Programs\Python\Python312\Lib\site-packages\pandas\core\indexes\base.py", line 3641, in get_loc
    return self._engine.get_loc(casted_key)
           ^^^^^^^^^^^^^^^^^^^^^^^^^^^^^^^^
  File "pandas/_libs/index.pyx", line 168, in pandas._libs.index.IndexEngine.get_loc
  File "pandas/_libs/index.pyx", line 197, in pandas._libs.index.IndexEngine.get_loc
  File "pandas/_libs/hashtable_class_helper.pxi", line 7668, in pandas._libs.hashtable.PyObjectHashTable.get_item
  File "pandas/_libs/hashtable_class_helper.pxi", line 7676, in pandas._libs.hashtable.PyObjectHashTable.get_item
KeyError: 'option_type'

The above exception was the direct cause of the following exception:

Traceback (most recent call last):
  File "<input>", line 170, in step_run_single
  File "C:\Users\Administrator\AppData\Local\Programs\Python\Python312\Lib\site-packages\pandas\core\frame.py", line 4378, in __getitem__
    indexer = self.columns.get_loc(key)
              ^^^^^^^^^^^^^^^^^^^^^^^^^
  File "C:\Users\Administrator\AppData\Local\Programs\Python\Python312\Lib\site-packages\pandas\core\indexes\base.py", line 3648, in get_loc
    raise KeyError(key) from err
KeyError: 'option_type'

2026-05-01 14:34:49,185 [INFO] checkpoint - 读取断点缓存：已完成 105 个标的
2026-05-01 14:34:49,186 [INFO] scanner - [107/527] US.VRTX  完成率 20%  预计剩余 1h21m
2026-05-01 14:34:49,186 [INFO] scanner - ──────────────────────────────────────────────────
2026-05-01 14:34:49,186 [INFO] scanner - 处理标的: US.VRTX
2026-05-01 14:34:49,226 [INFO] scanner - [STEP1] 获取 US.VRTX 候选期权链…
2026-05-01 14:34:49,263 [INFO] option_chain_fetcher - [US.VRTX] 11 个到期日 → 4 批次调用
2026-05-01 14:34:51,899 [INFO] option_chain_fetcher - [US.VRTX] 候选合约共 4 个
2026-05-01 14:34:51,899 [INFO] scanner - [STEP1] US.VRTX: 候选合约 4 个
2026-05-01 14:34:51,899 [INFO] scanner - [STEP2] 获取 4 个合约快照…
2026-05-01 14:34:51,971 [INFO] snapshot_fetcher - 快照获取完成：4/4 个合约
2026-05-01 14:34:51,971 [INFO] scanner - [STEP2] 成功获取 4 条快照
2026-05-01 14:34:51,972 [INFO] scanner - [STEP3] 对 US.VRTX 执行异常检测…
2026-05-01 14:34:51,973 [INFO] anomaly_detector - 本批次无异常合约
2026-05-01 14:34:51,973 [INFO] checkpoint - 读取断点缓存：已完成 106 个标的
2026-05-01 14:34:51,974 [INFO] scanner - [108/527] US.WBD  完成率 20%  预计剩余 1h20m
2026-05-01 14:34:51,974 [INFO] scanner - ──────────────────────────────────────────────────
2026-05-01 14:34:51,974 [INFO] scanner - 处理标的: US.WBD
2026-05-01 14:34:52,015 [INFO] scanner - [STEP1] 获取 US.WBD 候选期权链…
2026-05-01 14:34:52,052 [INFO] option_chain_fetcher - [US.WBD] 13 个到期日 → 6 批次调用
2026-05-01 14:34:54,013 [WARNING] rate_limiter - [_call] 第 1/5 次失败: 获取期权链频率太高，请求失败，每30秒最多10次。，5.0s 后重试…
2026-05-01 14:34:59,557 [WARNING] rate_limiter - [_call] 第 1/5 次失败: 获取期权链频率太高，请求失败，每30秒最多10次。，5.0s 后重试…
2026-05-01 14:35:05,136 [WARNING] rate_limiter - [_call] 第 1/5 次失败: 获取期权链频率太高，请求失败，每30秒最多10次。，5.0s 后重试…
2026-05-01 14:35:19,226 [INFO] option_chain_fetcher - [US.WBD] 候选合约共 13 个
2026-05-01 14:35:19,226 [INFO] scanner - [STEP1] US.WBD: 候选合约 13 个
2026-05-01 14:35:19,226 [INFO] scanner - [STEP2] 获取 13 个合约快照…
2026-05-01 14:35:19,299 [INFO] snapshot_fetcher - 快照获取完成：13/13 个合约
2026-05-01 14:35:19,300 [INFO] scanner - [STEP2] 成功获取 13 条快照
2026-05-01 14:35:19,300 [INFO] scanner - [STEP3] 对 US.WBD 执行异常检测…
2026-05-01 14:35:19,301 [INFO] anomaly_detector - 本批次无异常合约
2026-05-01 14:35:19,302 [INFO] checkpoint - 读取断点缓存：已完成 107 个标的
2026-05-01 14:35:19,302 [INFO] scanner - [109/527] US.WDAY  完成率 21%  预计剩余 1h21m
2026-05-01 14:35:19,302 [INFO] scanner - ──────────────────────────────────────────────────
2026-05-01 14:35:19,302 [INFO] scanner - 处理标的: US.WDAY
2026-05-01 14:35:19,352 [INFO] scanner - [STEP1] 获取 US.WDAY 候选期权链…
2026-05-01 14:35:19,387 [INFO] option_chain_fetcher - [US.WDAY] 9 个到期日 → 3 批次调用
2026-05-01 14:35:21,349 [INFO] option_chain_fetcher - [US.WDAY] 候选合约共 4 个
2026-05-01 14:35:21,349 [INFO] scanner - [STEP1] US.WDAY: 候选合约 4 个
2026-05-01 14:35:21,349 [INFO] scanner - [STEP2] 获取 4 个合约快照…
2026-05-01 14:35:21,416 [INFO] snapshot_fetcher - 快照获取完成：4/4 个合约
2026-05-01 14:35:21,416 [INFO] scanner - [STEP2] 成功获取 4 条快照
2026-05-01 14:35:21,417 [INFO] scanner - [STEP3] 对 US.WDAY 执行异常检测…
2026-05-01 14:35:21,418 [INFO] anomaly_detector - 发现异常合约 1 个
2026-05-01 14:35:21,420 [INFO] anomaly_detector - 已追加写入 1 条异常记录 → .\filter_data\anomaly_results2026-05-01.csv
2026-05-01 14:35:21,420 [INFO] checkpoint - 读取断点缓存：已完成 108 个标的
2026-05-01 14:35:21,420 [INFO] scanner - [110/527] US.WDC  完成率 21%  预计剩余 1h20m
2026-05-01 14:35:21,420 [INFO] scanner - ──────────────────────────────────────────────────
2026-05-01 14:35:21,420 [INFO] scanner - 处理标的: US.WDC
2026-05-01 14:35:21,461 [INFO] scanner - [STEP1] 获取 US.WDC 候选期权链…
2026-05-01 14:35:21,496 [INFO] option_chain_fetcher - [US.WDC] 13 个到期日 → 6 批次调用
2026-05-01 14:35:24,058 [WARNING] rate_limiter - [_call] 第 1/5 次失败: 获取期权链频率太高，请求失败，每30秒最多10次。，5.0s 后重试…
2026-05-01 14:35:29,607 [WARNING] rate_limiter - [_call] 第 1/5 次失败: 获取期权链频率太高，请求失败，每30秒最多10次。，5.0s 后重试…
2026-05-01 14:35:35,185 [WARNING] rate_limiter - [_call] 第 1/5 次失败: 获取期权链频率太高，请求失败，每30秒最多10次。，5.0s 后重试…
2026-05-01 14:35:40,565 [INFO] option_chain_fetcher - [US.WDC] 候选合约共 101 个
2026-05-01 14:35:40,565 [INFO] scanner - [STEP1] US.WDC: 候选合约 101 个
2026-05-01 14:35:40,565 [INFO] scanner - [STEP2] 获取 101 个合约快照…
2026-05-01 14:35:40,813 [INFO] snapshot_fetcher - 快照获取完成：101/101 个合约
2026-05-01 14:35:40,814 [INFO] scanner - [STEP2] 成功获取 101 条快照
2026-05-01 14:35:40,815 [INFO] scanner - [STEP3] 对 US.WDC 执行异常检测…
2026-05-01 14:35:40,816 [INFO] anomaly_detector - 发现异常合约 47 个
2026-05-01 14:35:40,820 [INFO] anomaly_detector - 已追加写入 47 条异常记录 → .\filter_data\anomaly_results2026-05-01.csv
2026-05-01 14:35:40,820 [INFO] checkpoint - 读取断点缓存：已完成 109 个标的
2026-05-01 14:35:40,820 [INFO] scanner - [111/527] US.WMT  完成率 21%  预计剩余 1h21m
2026-05-01 14:35:40,820 [INFO] scanner - ──────────────────────────────────────────────────
2026-05-01 14:35:40,820 [INFO] scanner - 处理标的: US.WMT
2026-05-01 14:35:40,859 [INFO] scanner - US.WMT 市值过大，pass
2026-05-01 14:35:40,859 [INFO] scanner - [STEP2] 获取 0 个合约快照…
2026-05-01 14:35:40,859 [WARNING] scanner - [STEP2] 合约列表为空，跳过
2026-05-01 14:35:40,859 [ERROR] scanner - [US.WMT] 处理异常: 'option_type'
2026-05-01 14:35:40,860 [ERROR] scanner - Traceback (most recent call last):
  File "C:\Users\Administrator\AppData\Local\Programs\Python\Python312\Lib\site-packages\pandas\core\indexes\base.py", line 3641, in get_loc
    return self._engine.get_loc(casted_key)
           ^^^^^^^^^^^^^^^^^^^^^^^^^^^^^^^^
  File "pandas/_libs/index.pyx", line 168, in pandas._libs.index.IndexEngine.get_loc
  File "pandas/_libs/index.pyx", line 197, in pandas._libs.index.IndexEngine.get_loc
  File "pandas/_libs/hashtable_class_helper.pxi", line 7668, in pandas._libs.hashtable.PyObjectHashTable.get_item
  File "pandas/_libs/hashtable_class_helper.pxi", line 7676, in pandas._libs.hashtable.PyObjectHashTable.get_item
KeyError: 'option_type'

The above exception was the direct cause of the following exception:

Traceback (most recent call last):
  File "<input>", line 170, in step_run_single
  File "C:\Users\Administrator\AppData\Local\Programs\Python\Python312\Lib\site-packages\pandas\core\frame.py", line 4378, in __getitem__
    indexer = self.columns.get_loc(key)
              ^^^^^^^^^^^^^^^^^^^^^^^^^
  File "C:\Users\Administrator\AppData\Local\Programs\Python\Python312\Lib\site-packages\pandas\core\indexes\base.py", line 3648, in get_loc
    raise KeyError(key) from err
KeyError: 'option_type'

2026-05-01 14:35:40,860 [INFO] checkpoint - 读取断点缓存：已完成 110 个标的
2026-05-01 14:35:40,860 [INFO] scanner - [112/527] US.XEL  完成率 21%  预计剩余 1h20m
2026-05-01 14:35:40,860 [INFO] scanner - ──────────────────────────────────────────────────
2026-05-01 14:35:40,861 [INFO] scanner - 处理标的: US.XEL
2026-05-01 14:35:40,898 [INFO] scanner - [STEP1] 获取 US.XEL 候选期权链…
2026-05-01 14:35:40,932 [INFO] option_chain_fetcher - [US.XEL] 5 个到期日 → 4 批次调用
2026-05-01 14:35:51,391 [INFO] option_chain_fetcher - [US.XEL] 候选合约共 3 个
2026-05-01 14:35:51,391 [INFO] scanner - [STEP1] US.XEL: 候选合约 3 个
2026-05-01 14:35:51,391 [INFO] scanner - [STEP2] 获取 3 个合约快照…
2026-05-01 14:35:51,459 [INFO] snapshot_fetcher - 快照获取完成：3/3 个合约
2026-05-01 14:35:51,459 [INFO] scanner - [STEP2] 成功获取 3 条快照
2026-05-01 14:35:51,460 [INFO] scanner - [STEP3] 对 US.XEL 执行异常检测…
2026-05-01 14:35:51,461 [INFO] anomaly_detector - 本批次无异常合约
2026-05-01 14:35:51,461 [INFO] checkpoint - 读取断点缓存：已完成 111 个标的
2026-05-01 14:35:51,462 [INFO] scanner - [113/527] US.ZS  完成率 21%  预计剩余 1h20m
2026-05-01 14:35:51,462 [INFO] scanner - ──────────────────────────────────────────────────
2026-05-01 14:35:51,462 [INFO] scanner - 处理标的: US.ZS
2026-05-01 14:35:51,502 [INFO] scanner - [STEP1] 获取 US.ZS 候选期权链…
2026-05-01 14:35:51,537 [INFO] option_chain_fetcher - [US.ZS] 11 个到期日 → 4 批次调用
2026-05-01 14:35:54,103 [WARNING] rate_limiter - [_call] 第 1/5 次失败: 获取期权链频率太高，请求失败，每30秒最多10次。，5.0s 后重试…
2026-05-01 14:35:59,483 [INFO] option_chain_fetcher - [US.ZS] 候选合约共 17 个
2026-05-01 14:35:59,483 [INFO] scanner - [STEP1] US.ZS: 候选合约 17 个
2026-05-01 14:35:59,483 [INFO] scanner - [STEP2] 获取 17 个合约快照…
2026-05-01 14:35:59,558 [INFO] snapshot_fetcher - 快照获取完成：17/17 个合约
2026-05-01 14:35:59,558 [INFO] scanner - [STEP2] 成功获取 17 条快照
2026-05-01 14:35:59,559 [INFO] scanner - [STEP3] 对 US.ZS 执行异常检测…
2026-05-01 14:35:59,561 [INFO] anomaly_detector - 发现异常合约 7 个
2026-05-01 14:35:59,562 [INFO] anomaly_detector - 已追加写入 7 条异常记录 → .\filter_data\anomaly_results2026-05-01.csv
2026-05-01 14:35:59,562 [INFO] checkpoint - 读取断点缓存：已完成 112 个标的
2026-05-01 14:35:59,563 [INFO] scanner - [114/527] US.AXP  完成率 22%  预计剩余 1h19m
2026-05-01 14:35:59,563 [INFO] scanner - ──────────────────────────────────────────────────
2026-05-01 14:35:59,563 [INFO] scanner - 处理标的: US.AXP
2026-05-01 14:35:59,602 [INFO] scanner - [STEP1] 获取 US.AXP 候选期权链…
2026-05-01 14:35:59,637 [INFO] option_chain_fetcher - [US.AXP] 12 个到期日 → 5 批次调用
2026-05-01 14:35:59,639 [WARNING] rate_limiter - [_call] 第 1/5 次失败: 获取期权链频率太高，请求失败，每30秒最多10次。，5.0s 后重试…
2026-05-01 14:36:05,197 [WARNING] rate_limiter - [_call] 第 1/5 次失败: 获取期权链频率太高，请求失败，每30秒最多10次。，5.0s 后重试…
2026-05-01 14:36:20,591 [INFO] option_chain_fetcher - [US.AXP] 候选合约共 9 个
2026-05-01 14:36:20,591 [INFO] scanner - [STEP1] US.AXP: 候选合约 9 个
2026-05-01 14:36:20,591 [INFO] scanner - [STEP2] 获取 9 个合约快照…
2026-05-01 14:36:20,659 [INFO] snapshot_fetcher - 快照获取完成：9/9 个合约
2026-05-01 14:36:20,660 [INFO] scanner - [STEP2] 成功获取 9 条快照
2026-05-01 14:36:20,661 [INFO] scanner - [STEP3] 对 US.AXP 执行异常检测…
2026-05-01 14:36:20,661 [INFO] anomaly_detector - 本批次无异常合约
2026-05-01 14:36:20,662 [INFO] checkpoint - 读取断点缓存：已完成 113 个标的
2026-05-01 14:36:20,662 [INFO] scanner - [115/527] US.BA  完成率 22%  预计剩余 1h19m
2026-05-01 14:36:20,662 [INFO] scanner - ──────────────────────────────────────────────────
2026-05-01 14:36:20,662 [INFO] scanner - 处理标的: US.BA
2026-05-01 14:36:20,701 [INFO] scanner - [STEP1] 获取 US.BA 候选期权链…
2026-05-01 14:36:20,737 [INFO] option_chain_fetcher - [US.BA] 12 个到期日 → 5 批次调用
2026-05-01 14:36:24,150 [WARNING] rate_limiter - [_call] 第 1/5 次失败: 获取期权链频率太高，请求失败，每30秒最多10次。，5.0s 后重试…
2026-05-01 14:36:29,532 [INFO] option_chain_fetcher - [US.BA] 候选合约共 59 个
2026-05-01 14:36:29,532 [INFO] scanner - [STEP1] US.BA: 候选合约 59 个
2026-05-01 14:36:29,532 [INFO] scanner - [STEP2] 获取 59 个合约快照…
2026-05-01 14:36:29,664 [INFO] snapshot_fetcher - 快照获取完成：59/59 个合约
2026-05-01 14:36:29,665 [INFO] scanner - [STEP2] 成功获取 59 条快照
2026-05-01 14:36:29,666 [INFO] scanner - [STEP3] 对 US.BA 执行异常检测…
2026-05-01 14:36:29,667 [INFO] anomaly_detector - 发现异常合约 2 个
2026-05-01 14:36:29,669 [INFO] anomaly_detector - 已追加写入 2 条异常记录 → .\filter_data\anomaly_results2026-05-01.csv
2026-05-01 14:36:29,669 [INFO] checkpoint - 读取断点缓存：已完成 114 个标的
2026-05-01 14:36:29,669 [INFO] scanner - [116/527] US.CAT  完成率 22%  预计剩余 1h19m
2026-05-01 14:36:29,669 [INFO] scanner - ──────────────────────────────────────────────────
2026-05-01 14:36:29,670 [INFO] scanner - 处理标的: US.CAT
2026-05-01 14:36:29,708 [INFO] scanner - [STEP1] 获取 US.CAT 候选期权链…
2026-05-01 14:36:29,743 [INFO] option_chain_fetcher - [US.CAT] 12 个到期日 → 5 批次调用
2026-05-01 14:36:29,745 [WARNING] rate_limiter - [_call] 第 1/5 次失败: 获取期权链频率太高，请求失败，每30秒最多10次。，5.0s 后重试…
2026-05-01 14:36:35,330 [WARNING] rate_limiter - [_call] 第 1/5 次失败: 获取期权链频率太高，请求失败，每30秒最多10次。，5.0s 后重试…
2026-05-01 14:36:50,648 [INFO] option_chain_fetcher - [US.CAT] 候选合约共 72 个
2026-05-01 14:36:50,648 [INFO] scanner - [STEP1] US.CAT: 候选合约 72 个
2026-05-01 14:36:50,648 [INFO] scanner - [STEP2] 获取 72 个合约快照…
2026-05-01 14:36:50,796 [INFO] snapshot_fetcher - 快照获取完成：72/72 个合约
2026-05-01 14:36:50,796 [INFO] scanner - [STEP2] 成功获取 72 条快照
2026-05-01 14:36:50,797 [INFO] scanner - [STEP3] 对 US.CAT 执行异常检测…
2026-05-01 14:36:50,799 [INFO] anomaly_detector - 发现异常合约 32 个
2026-05-01 14:36:50,801 [INFO] anomaly_detector - 已追加写入 32 条异常记录 → .\filter_data\anomaly_results2026-05-01.csv
2026-05-01 14:36:50,802 [INFO] checkpoint - 读取断点缓存：已完成 115 个标的
2026-05-01 14:36:50,802 [INFO] scanner - [117/527] US.CRM  完成率 22%  预计剩余 1h20m
2026-05-01 14:36:50,802 [INFO] scanner - ──────────────────────────────────────────────────
2026-05-01 14:36:50,802 [INFO] scanner - 处理标的: US.CRM
2026-05-01 14:36:50,840 [INFO] scanner - [STEP1] 获取 US.CRM 候选期权链…
2026-05-01 14:36:50,875 [INFO] option_chain_fetcher - [US.CRM] 12 个到期日 → 5 批次调用
2026-05-01 14:36:54,197 [WARNING] rate_limiter - [_call] 第 1/5 次失败: 获取期权链频率太高，请求失败，每30秒最多10次。，5.0s 后重试…
2026-05-01 14:36:59,578 [INFO] option_chain_fetcher - [US.CRM] 候选合约共 60 个
2026-05-01 14:36:59,578 [INFO] scanner - [STEP1] US.CRM: 候选合约 60 个
2026-05-01 14:36:59,578 [INFO] scanner - [STEP2] 获取 60 个合约快照…
2026-05-01 14:36:59,718 [INFO] snapshot_fetcher - 快照获取完成：60/60 个合约
2026-05-01 14:36:59,719 [INFO] scanner - [STEP2] 成功获取 60 条快照
2026-05-01 14:36:59,720 [INFO] scanner - [STEP3] 对 US.CRM 执行异常检测…
2026-05-01 14:36:59,721 [INFO] anomaly_detector - 发现异常合约 11 个
2026-05-01 14:36:59,723 [INFO] anomaly_detector - 已追加写入 11 条异常记录 → .\filter_data\anomaly_results2026-05-01.csv
2026-05-01 14:36:59,723 [INFO] checkpoint - 读取断点缓存：已完成 116 个标的
2026-05-01 14:36:59,724 [INFO] scanner - [118/527] US.CVX  完成率 22%  预计剩余 1h19m
2026-05-01 14:36:59,724 [INFO] scanner - ──────────────────────────────────────────────────
2026-05-01 14:36:59,724 [INFO] scanner - 处理标的: US.CVX
2026-05-01 14:36:59,765 [INFO] scanner - [STEP1] 获取 US.CVX 候选期权链…
2026-05-01 14:36:59,801 [INFO] option_chain_fetcher - [US.CVX] 10 个到期日 → 4 批次调用
2026-05-01 14:36:59,802 [WARNING] rate_limiter - [_call] 第 1/5 次失败: 获取期权链频率太高，请求失败，每30秒最多10次。，5.0s 后重试…
2026-05-01 14:37:05,354 [WARNING] rate_limiter - [_call] 第 1/5 次失败: 获取期权链频率太高，请求失败，每30秒最多10次。，5.0s 后重试…
2026-05-01 14:37:19,969 [INFO] option_chain_fetcher - [US.CVX] 候选合约共 61 个
2026-05-01 14:37:19,969 [INFO] scanner - [STEP1] US.CVX: 候选合约 61 个
2026-05-01 14:37:19,969 [INFO] scanner - [STEP2] 获取 61 个合约快照…
2026-05-01 14:37:20,111 [INFO] snapshot_fetcher - 快照获取完成：61/61 个合约
2026-05-01 14:37:20,111 [INFO] scanner - [STEP2] 成功获取 61 条快照
2026-05-01 14:37:20,112 [INFO] scanner - [STEP3] 对 US.CVX 执行异常检测…
2026-05-01 14:37:20,113 [INFO] anomaly_detector - 发现异常合约 4 个
2026-05-01 14:37:20,115 [INFO] anomaly_detector - 已追加写入 4 条异常记录 → .\filter_data\anomaly_results2026-05-01.csv
2026-05-01 14:37:20,115 [INFO] checkpoint - 读取断点缓存：已完成 117 个标的
2026-05-01 14:37:20,116 [INFO] scanner - [119/527] US.DIS  完成率 23%  预计剩余 1h19m
2026-05-01 14:37:20,116 [INFO] scanner - ──────────────────────────────────────────────────
2026-05-01 14:37:20,116 [INFO] scanner - 处理标的: US.DIS
2026-05-01 14:37:20,154 [INFO] scanner - [STEP1] 获取 US.DIS 候选期权链…
2026-05-01 14:37:20,190 [INFO] option_chain_fetcher - [US.DIS] 13 个到期日 → 6 批次调用
2026-05-01 14:37:24,243 [WARNING] rate_limiter - [_call] 第 1/5 次失败: 获取期权链频率太高，请求失败，每30秒最多10次。，5.0s 后重试…
2026-05-01 14:37:29,623 [INFO] option_chain_fetcher - [US.DIS] 候选合约共 43 个
2026-05-01 14:37:29,623 [INFO] scanner - [STEP1] US.DIS: 候选合约 43 个
2026-05-01 14:37:29,623 [INFO] scanner - [STEP2] 获取 43 个合约快照…
2026-05-01 14:37:29,735 [INFO] snapshot_fetcher - 快照获取完成：43/43 个合约
2026-05-01 14:37:29,736 [INFO] scanner - [STEP2] 成功获取 43 条快照
2026-05-01 14:37:29,737 [INFO] scanner - [STEP3] 对 US.DIS 执行异常检测…
2026-05-01 14:37:29,738 [INFO] anomaly_detector - 发现异常合约 1 个
2026-05-01 14:37:29,739 [INFO] anomaly_detector - 已追加写入 1 条异常记录 → .\filter_data\anomaly_results2026-05-01.csv
2026-05-01 14:37:29,740 [INFO] checkpoint - 读取断点缓存：已完成 118 个标的
2026-05-01 14:37:29,740 [INFO] scanner - [120/527] US.GS  完成率 23%  预计剩余 1h19m
2026-05-01 14:37:29,740 [INFO] scanner - ──────────────────────────────────────────────────
2026-05-01 14:37:29,740 [INFO] scanner - 处理标的: US.GS
2026-05-01 14:37:29,779 [INFO] scanner - [STEP1] 获取 US.GS 候选期权链…
2026-05-01 14:37:29,815 [INFO] option_chain_fetcher - [US.GS] 13 个到期日 → 6 批次调用
2026-05-01 14:37:29,816 [WARNING] rate_limiter - [_call] 第 1/5 次失败: 获取期权链频率太高，请求失败，每30秒最多10次。，5.0s 后重试…
2026-05-01 14:37:35,403 [WARNING] rate_limiter - [_call] 第 1/5 次失败: 获取期权链频率太高，请求失败，每30秒最多10次。，5.0s 后重试…
2026-05-01 14:37:51,601 [INFO] option_chain_fetcher - [US.GS] 候选合约共 19 个
2026-05-01 14:37:51,601 [INFO] scanner - [STEP1] US.GS: 候选合约 19 个
2026-05-01 14:37:51,601 [INFO] scanner - [STEP2] 获取 19 个合约快照…
2026-05-01 14:37:51,672 [INFO] snapshot_fetcher - 快照获取完成：19/19 个合约
2026-05-01 14:37:51,672 [INFO] scanner - [STEP2] 成功获取 19 条快照
2026-05-01 14:37:51,673 [INFO] scanner - [STEP3] 对 US.GS 执行异常检测…
2026-05-01 14:37:51,674 [INFO] anomaly_detector - 发现异常合约 1 个
2026-05-01 14:37:51,676 [INFO] anomaly_detector - 已追加写入 1 条异常记录 → .\filter_data\anomaly_results2026-05-01.csv
2026-05-01 14:37:51,676 [INFO] checkpoint - 读取断点缓存：已完成 119 个标的
2026-05-01 14:37:51,677 [INFO] scanner - [121/527] US.HD  完成率 23%  预计剩余 1h20m
2026-05-01 14:37:51,677 [INFO] scanner - ──────────────────────────────────────────────────
2026-05-01 14:37:51,677 [INFO] scanner - 处理标的: US.HD
2026-05-01 14:37:51,715 [INFO] scanner - [STEP1] 获取 US.HD 候选期权链…
2026-05-01 14:37:51,750 [INFO] option_chain_fetcher - [US.HD] 12 个到期日 → 5 批次调用
2026-05-01 14:37:54,288 [WARNING] rate_limiter - [_call] 第 1/5 次失败: 获取期权链频率太高，请求失败，每30秒最多10次。，5.0s 后重试…
2026-05-01 14:37:59,873 [WARNING] rate_limiter - [_call] 第 1/5 次失败: 获取期权链频率太高，请求失败，每30秒最多10次。，5.0s 后重试…
2026-05-01 14:38:05,257 [INFO] option_chain_fetcher - [US.HD] 候选合约共 18 个
2026-05-01 14:38:05,257 [INFO] scanner - [STEP1] US.HD: 候选合约 18 个
2026-05-01 14:38:05,257 [INFO] scanner - [STEP2] 获取 18 个合约快照…
2026-05-01 14:38:05,328 [INFO] snapshot_fetcher - 快照获取完成：18/18 个合约
2026-05-01 14:38:05,328 [INFO] scanner - [STEP2] 成功获取 18 条快照
2026-05-01 14:38:05,329 [INFO] scanner - [STEP3] 对 US.HD 执行异常检测…
2026-05-01 14:38:05,330 [INFO] anomaly_detector - 发现异常合约 5 个
2026-05-01 14:38:05,332 [INFO] anomaly_detector - 已追加写入 5 条异常记录 → .\filter_data\anomaly_results2026-05-01.csv
2026-05-01 14:38:05,332 [INFO] checkpoint - 读取断点缓存：已完成 120 个标的
2026-05-01 14:38:05,332 [INFO] scanner - [122/527] US.IBM  完成率 23%  预计剩余 1h19m
2026-05-01 14:38:05,333 [INFO] scanner - ──────────────────────────────────────────────────
2026-05-01 14:38:05,333 [INFO] scanner - 处理标的: US.IBM
2026-05-01 14:38:05,372 [INFO] scanner - [STEP1] 获取 US.IBM 候选期权链…
2026-05-01 14:38:05,410 [INFO] option_chain_fetcher - [US.IBM] 13 个到期日 → 6 批次调用
2026-05-01 14:38:05,412 [WARNING] rate_limiter - [_call] 第 1/5 次失败: 获取期权链频率太高，请求失败，每30秒最多10次。，5.0s 后重试…
2026-05-01 14:38:22,186 [INFO] option_chain_fetcher - [US.IBM] 候选合约共 24 个
2026-05-01 14:38:22,186 [INFO] scanner - [STEP1] US.IBM: 候选合约 24 个
2026-05-01 14:38:22,186 [INFO] scanner - [STEP2] 获取 24 个合约快照…
2026-05-01 14:38:22,267 [INFO] snapshot_fetcher - 快照获取完成：24/24 个合约
2026-05-01 14:38:22,268 [INFO] scanner - [STEP2] 成功获取 24 条快照
2026-05-01 14:38:22,269 [INFO] scanner - [STEP3] 对 US.IBM 执行异常检测…
2026-05-01 14:38:22,270 [INFO] anomaly_detector - 本批次无异常合约
2026-05-01 14:38:22,270 [INFO] checkpoint - 读取断点缓存：已完成 121 个标的
2026-05-01 14:38:22,270 [INFO] scanner - [123/527] US.JNJ  完成率 23%  预计剩余 1h20m
2026-05-01 14:38:22,271 [INFO] scanner - ──────────────────────────────────────────────────
2026-05-01 14:38:22,271 [INFO] scanner - 处理标的: US.JNJ
2026-05-01 14:38:22,311 [INFO] scanner - US.JNJ 市值过大，pass
2026-05-01 14:38:22,311 [INFO] scanner - [STEP2] 获取 0 个合约快照…
2026-05-01 14:38:22,311 [WARNING] scanner - [STEP2] 合约列表为空，跳过
2026-05-01 14:38:22,311 [ERROR] scanner - [US.JNJ] 处理异常: 'option_type'
2026-05-01 14:38:22,312 [ERROR] scanner - Traceback (most recent call last):
  File "C:\Users\Administrator\AppData\Local\Programs\Python\Python312\Lib\site-packages\pandas\core\indexes\base.py", line 3641, in get_loc
    return self._engine.get_loc(casted_key)
           ^^^^^^^^^^^^^^^^^^^^^^^^^^^^^^^^
  File "pandas/_libs/index.pyx", line 168, in pandas._libs.index.IndexEngine.get_loc
  File "pandas/_libs/index.pyx", line 197, in pandas._libs.index.IndexEngine.get_loc
  File "pandas/_libs/hashtable_class_helper.pxi", line 7668, in pandas._libs.hashtable.PyObjectHashTable.get_item
  File "pandas/_libs/hashtable_class_helper.pxi", line 7676, in pandas._libs.hashtable.PyObjectHashTable.get_item
KeyError: 'option_type'

The above exception was the direct cause of the following exception:

Traceback (most recent call last):
  File "<input>", line 170, in step_run_single
  File "C:\Users\Administrator\AppData\Local\Programs\Python\Python312\Lib\site-packages\pandas\core\frame.py", line 4378, in __getitem__
    indexer = self.columns.get_loc(key)
              ^^^^^^^^^^^^^^^^^^^^^^^^^
  File "C:\Users\Administrator\AppData\Local\Programs\Python\Python312\Lib\site-packages\pandas\core\indexes\base.py", line 3648, in get_loc
    raise KeyError(key) from err
KeyError: 'option_type'

2026-05-01 14:38:22,312 [INFO] checkpoint - 读取断点缓存：已完成 122 个标的
2026-05-01 14:38:22,312 [INFO] scanner - [124/527] US.JPM  完成率 24%  预计剩余 1h19m
2026-05-01 14:38:22,312 [INFO] scanner - ──────────────────────────────────────────────────
2026-05-01 14:38:22,312 [INFO] scanner - 处理标的: US.JPM
2026-05-01 14:38:22,350 [INFO] scanner - US.JPM 市值过大，pass
2026-05-01 14:38:22,350 [INFO] scanner - [STEP2] 获取 0 个合约快照…
2026-05-01 14:38:22,350 [WARNING] scanner - [STEP2] 合约列表为空，跳过
2026-05-01 14:38:22,350 [ERROR] scanner - [US.JPM] 处理异常: 'option_type'
2026-05-01 14:38:22,351 [ERROR] scanner - Traceback (most recent call last):
  File "C:\Users\Administrator\AppData\Local\Programs\Python\Python312\Lib\site-packages\pandas\core\indexes\base.py", line 3641, in get_loc
    return self._engine.get_loc(casted_key)
           ^^^^^^^^^^^^^^^^^^^^^^^^^^^^^^^^
  File "pandas/_libs/index.pyx", line 168, in pandas._libs.index.IndexEngine.get_loc
  File "pandas/_libs/index.pyx", line 197, in pandas._libs.index.IndexEngine.get_loc
  File "pandas/_libs/hashtable_class_helper.pxi", line 7668, in pandas._libs.hashtable.PyObjectHashTable.get_item
  File "pandas/_libs/hashtable_class_helper.pxi", line 7676, in pandas._libs.hashtable.PyObjectHashTable.get_item
KeyError: 'option_type'

The above exception was the direct cause of the following exception:

Traceback (most recent call last):
  File "<input>", line 170, in step_run_single
  File "C:\Users\Administrator\AppData\Local\Programs\Python\Python312\Lib\site-packages\pandas\core\frame.py", line 4378, in __getitem__
    indexer = self.columns.get_loc(key)
              ^^^^^^^^^^^^^^^^^^^^^^^^^
  File "C:\Users\Administrator\AppData\Local\Programs\Python\Python312\Lib\site-packages\pandas\core\indexes\base.py", line 3648, in get_loc
    raise KeyError(key) from err
KeyError: 'option_type'

2026-05-01 14:38:22,351 [INFO] checkpoint - 读取断点缓存：已完成 123 个标的
2026-05-01 14:38:22,352 [INFO] scanner - [125/527] US.KO  完成率 24%  预计剩余 1h18m
2026-05-01 14:38:22,352 [INFO] scanner - ──────────────────────────────────────────────────
2026-05-01 14:38:22,352 [INFO] scanner - 处理标的: US.KO
2026-05-01 14:38:22,390 [INFO] scanner - [STEP1] 获取 US.KO 候选期权链…
2026-05-01 14:38:22,425 [INFO] option_chain_fetcher - [US.KO] 13 个到期日 → 6 批次调用
2026-05-01 14:38:24,333 [WARNING] rate_limiter - [_call] 第 1/5 次失败: 获取期权链频率太高，请求失败，每30秒最多10次。，5.0s 后重试…
2026-05-01 14:38:29,921 [WARNING] rate_limiter - [_call] 第 1/5 次失败: 获取期权链频率太高，请求失败，每30秒最多10次。，5.0s 后重试…
2026-05-01 14:38:35,458 [WARNING] rate_limiter - [_call] 第 1/5 次失败: 获取期权链频率太高，请求失败，每30秒最多10次。，5.0s 后重试…
2026-05-01 14:38:49,579 [INFO] option_chain_fetcher - [US.KO] 候选合约共 33 个
2026-05-01 14:38:49,579 [INFO] scanner - [STEP1] US.KO: 候选合约 33 个
2026-05-01 14:38:49,579 [INFO] scanner - [STEP2] 获取 33 个合约快照…
2026-05-01 14:38:49,655 [INFO] snapshot_fetcher - 快照获取完成：33/33 个合约
2026-05-01 14:38:49,656 [INFO] scanner - [STEP2] 成功获取 33 条快照
2026-05-01 14:38:49,657 [INFO] scanner - [STEP3] 对 US.KO 执行异常检测…
2026-05-01 14:38:49,657 [INFO] anomaly_detector - 本批次无异常合约
2026-05-01 14:38:49,658 [INFO] checkpoint - 读取断点缓存：已完成 124 个标的
2026-05-01 14:38:49,658 [INFO] scanner - [126/527] US.MCD  完成率 24%  预计剩余 1h18m
2026-05-01 14:38:49,658 [INFO] scanner - ──────────────────────────────────────────────────
2026-05-01 14:38:49,658 [INFO] scanner - 处理标的: US.MCD
2026-05-01 14:38:49,698 [INFO] scanner - [STEP1] 获取 US.MCD 候选期权链…
2026-05-01 14:38:49,733 [INFO] option_chain_fetcher - [US.MCD] 11 个到期日 → 5 批次调用
2026-05-01 14:38:53,117 [INFO] option_chain_fetcher - [US.MCD] 候选合约共 23 个
2026-05-01 14:38:53,117 [INFO] scanner - [STEP1] US.MCD: 候选合约 23 个
2026-05-01 14:38:53,117 [INFO] scanner - [STEP2] 获取 23 个合约快照…
2026-05-01 14:38:53,195 [INFO] snapshot_fetcher - 快照获取完成：23/23 个合约
2026-05-01 14:38:53,195 [INFO] scanner - [STEP2] 成功获取 23 条快照
2026-05-01 14:38:53,196 [INFO] scanner - [STEP3] 对 US.MCD 执行异常检测…
2026-05-01 14:38:53,197 [INFO] anomaly_detector - 发现异常合约 2 个
2026-05-01 14:38:53,199 [INFO] anomaly_detector - 已追加写入 2 条异常记录 → .\filter_data\anomaly_results2026-05-01.csv
2026-05-01 14:38:53,200 [INFO] checkpoint - 读取断点缓存：已完成 125 个标的
2026-05-01 14:38:53,200 [INFO] scanner - [127/527] US.MMM  完成率 24%  预计剩余 1h18m
2026-05-01 14:38:53,200 [INFO] scanner - ──────────────────────────────────────────────────
2026-05-01 14:38:53,200 [INFO] scanner - 处理标的: US.MMM
2026-05-01 14:38:53,240 [INFO] scanner - [STEP1] 获取 US.MMM 候选期权链…
2026-05-01 14:38:53,275 [INFO] option_chain_fetcher - [US.MMM] 11 个到期日 → 4 批次调用
2026-05-01 14:38:54,390 [WARNING] rate_limiter - [_call] 第 1/5 次失败: 获取期权链频率太高，请求失败，每30秒最多10次。，5.0s 后重试…
2026-05-01 14:38:59,958 [WARNING] rate_limiter - [_call] 第 1/5 次失败: 获取期权链频率太高，请求失败，每30秒最多10次。，5.0s 后重试…
2026-05-01 14:39:05,513 [WARNING] rate_limiter - [_call] 第 1/5 次失败: 获取期权链频率太高，请求失败，每30秒最多10次。，5.0s 后重试…
2026-05-01 14:39:10,932 [INFO] option_chain_fetcher - [US.MMM] 候选合约共 5 个
2026-05-01 14:39:10,932 [INFO] scanner - [STEP1] US.MMM: 候选合约 5 个
2026-05-01 14:39:10,932 [INFO] scanner - [STEP2] 获取 5 个合约快照…
2026-05-01 14:39:10,999 [INFO] snapshot_fetcher - 快照获取完成：5/5 个合约
2026-05-01 14:39:10,999 [INFO] scanner - [STEP2] 成功获取 5 条快照
2026-05-01 14:39:11,000 [INFO] scanner - [STEP3] 对 US.MMM 执行异常检测…
2026-05-01 14:39:11,001 [INFO] anomaly_detector - 本批次无异常合约
2026-05-01 14:39:11,001 [INFO] checkpoint - 读取断点缓存：已完成 126 个标的
2026-05-01 14:39:11,002 [INFO] scanner - [128/527] US.MRK  完成率 24%  预计剩余 1h18m
2026-05-01 14:39:11,002 [INFO] scanner - ──────────────────────────────────────────────────
2026-05-01 14:39:11,002 [INFO] scanner - 处理标的: US.MRK
2026-05-01 14:39:11,042 [INFO] scanner - [STEP1] 获取 US.MRK 候选期权链…
2026-05-01 14:39:11,077 [INFO] option_chain_fetcher - [US.MRK] 11 个到期日 → 4 批次调用
2026-05-01 14:39:21,775 [INFO] option_chain_fetcher - [US.MRK] 候选合约共 34 个
2026-05-01 14:39:21,775 [INFO] scanner - [STEP1] US.MRK: 候选合约 34 个
2026-05-01 14:39:21,775 [INFO] scanner - [STEP2] 获取 34 个合约快照…
2026-05-01 14:39:21,857 [INFO] snapshot_fetcher - 快照获取完成：34/34 个合约
2026-05-01 14:39:21,858 [INFO] scanner - [STEP2] 成功获取 34 条快照
2026-05-01 14:39:21,859 [INFO] scanner - [STEP3] 对 US.MRK 执行异常检测…
2026-05-01 14:39:21,860 [INFO] anomaly_detector - 发现异常合约 2 个
2026-05-01 14:39:21,861 [INFO] anomaly_detector - 已追加写入 2 条异常记录 → .\filter_data\anomaly_results2026-05-01.csv
2026-05-01 14:39:21,862 [INFO] checkpoint - 读取断点缓存：已完成 127 个标的
2026-05-01 14:39:21,862 [INFO] scanner - [129/527] US.NKE  完成率 24%  预计剩余 1h18m
2026-05-01 14:39:21,862 [INFO] scanner - ──────────────────────────────────────────────────
2026-05-01 14:39:21,862 [INFO] scanner - 处理标的: US.NKE
2026-05-01 14:39:21,903 [INFO] scanner - [STEP1] 获取 US.NKE 候选期权链…
2026-05-01 14:39:21,938 [INFO] option_chain_fetcher - [US.NKE] 13 个到期日 → 6 批次调用
2026-05-01 14:39:24,439 [WARNING] rate_limiter - [_call] 第 1/5 次失败: 获取期权链频率太高，请求失败，每30秒最多10次。，5.0s 后重试…
2026-05-01 14:39:30,007 [WARNING] rate_limiter - [_call] 第 1/5 次失败: 获取期权链频率太高，请求失败，每30秒最多10次。，5.0s 后重试…
2026-05-01 14:39:35,566 [WARNING] rate_limiter - [_call] 第 1/5 次失败: 获取期权链频率太高，请求失败，每30秒最多10次。，5.0s 后重试…
2026-05-01 14:39:40,944 [INFO] option_chain_fetcher - [US.NKE] 候选合约共 76 个
2026-05-01 14:39:40,944 [INFO] scanner - [STEP1] US.NKE: 候选合约 76 个
2026-05-01 14:39:40,944 [INFO] scanner - [STEP2] 获取 76 个合约快照…
2026-05-01 14:39:41,083 [INFO] snapshot_fetcher - 快照获取完成：76/76 个合约
2026-05-01 14:39:41,083 [INFO] scanner - [STEP2] 成功获取 76 条快照
2026-05-01 14:39:41,084 [INFO] scanner - [STEP3] 对 US.NKE 执行异常检测…
2026-05-01 14:39:41,085 [INFO] anomaly_detector - 发现异常合约 4 个
2026-05-01 14:39:41,087 [INFO] anomaly_detector - 已追加写入 4 条异常记录 → .\filter_data\anomaly_results2026-05-01.csv
2026-05-01 14:39:41,087 [INFO] checkpoint - 读取断点缓存：已完成 128 个标的
2026-05-01 14:39:41,088 [INFO] scanner - [130/527] US.PG  完成率 25%  预计剩余 1h18m
2026-05-01 14:39:41,088 [INFO] scanner - ──────────────────────────────────────────────────
2026-05-01 14:39:41,088 [INFO] scanner - 处理标的: US.PG
2026-05-01 14:39:41,126 [INFO] scanner - [STEP1] 获取 US.PG 候选期权链…
2026-05-01 14:39:41,161 [INFO] option_chain_fetcher - [US.PG] 11 个到期日 → 4 批次调用
2026-05-01 14:39:51,832 [INFO] option_chain_fetcher - [US.PG] 候选合约共 22 个
2026-05-01 14:39:51,832 [INFO] scanner - [STEP1] US.PG: 候选合约 22 个
2026-05-01 14:39:51,832 [INFO] scanner - [STEP2] 获取 22 个合约快照…
2026-05-01 14:39:51,904 [INFO] snapshot_fetcher - 快照获取完成：22/22 个合约
2026-05-01 14:39:51,905 [INFO] scanner - [STEP2] 成功获取 22 条快照
2026-05-01 14:39:51,906 [INFO] scanner - [STEP3] 对 US.PG 执行异常检测…
2026-05-01 14:39:51,907 [INFO] anomaly_detector - 发现异常合约 3 个
2026-05-01 14:39:51,908 [INFO] anomaly_detector - 已追加写入 3 条异常记录 → .\filter_data\anomaly_results2026-05-01.csv
2026-05-01 14:39:51,909 [INFO] checkpoint - 读取断点缓存：已完成 129 个标的
2026-05-01 14:39:51,909 [INFO] scanner - [131/527] US.SHW  完成率 25%  预计剩余 1h18m
2026-05-01 14:39:51,909 [INFO] scanner - ──────────────────────────────────────────────────
2026-05-01 14:39:51,909 [INFO] scanner - 处理标的: US.SHW
2026-05-01 14:39:51,947 [INFO] scanner - [STEP1] 获取 US.SHW 候选期权链…
2026-05-01 14:39:51,983 [INFO] option_chain_fetcher - [US.SHW] 4 个到期日 → 3 批次调用
2026-05-01 14:39:53,992 [INFO] option_chain_fetcher - [US.SHW] 候选合约共 1 个
2026-05-01 14:39:53,992 [INFO] scanner - [STEP1] US.SHW: 候选合约 1 个
2026-05-01 14:39:53,992 [INFO] scanner - [STEP2] 获取 1 个合约快照…
2026-05-01 14:39:54,057 [INFO] snapshot_fetcher - 快照获取完成：1/1 个合约
2026-05-01 14:39:54,058 [INFO] scanner - [STEP2] 成功获取 1 条快照
2026-05-01 14:39:54,059 [INFO] scanner - [STEP3] 对 US.SHW 执行异常检测…
2026-05-01 14:39:54,060 [INFO] anomaly_detector - 本批次无异常合约
2026-05-01 14:39:54,060 [INFO] checkpoint - 读取断点缓存：已完成 130 个标的
2026-05-01 14:39:54,061 [INFO] scanner - [132/527] US.TRV  完成率 25%  预计剩余 1h17m
2026-05-01 14:39:54,061 [INFO] scanner - ──────────────────────────────────────────────────
2026-05-01 14:39:54,061 [INFO] scanner - 处理标的: US.TRV
2026-05-01 14:39:54,102 [INFO] scanner - [STEP1] 获取 US.TRV 候选期权链…
2026-05-01 14:39:54,138 [INFO] option_chain_fetcher - [US.TRV] 4 个到期日 → 4 批次调用
2026-05-01 14:39:54,504 [WARNING] rate_limiter - [_call] 第 1/5 次失败: 获取期权链频率太高，请求失败，每30秒最多10次。，5.0s 后重试…
2026-05-01 14:40:00,060 [WARNING] rate_limiter - [_call] 第 1/5 次失败: 获取期权链频率太高，请求失败，每30秒最多10次。，5.0s 后重试…
2026-05-01 14:40:05,629 [WARNING] rate_limiter - [_call] 第 1/5 次失败: 获取期权链频率太高，请求失败，每30秒最多10次。，5.0s 后重试…
2026-05-01 14:40:19,719 [INFO] option_chain_fetcher - [US.TRV] 候选合约共 0 个
2026-05-01 14:40:19,719 [INFO] scanner - [STEP1] US.TRV: 候选合约 0 个
2026-05-01 14:40:19,719 [INFO] scanner - [STEP2] 获取 0 个合约快照…
2026-05-01 14:40:19,719 [WARNING] scanner - [STEP2] 合约列表为空，跳过
2026-05-01 14:40:19,719 [ERROR] scanner - [US.TRV] 处理异常: 'option_type'
2026-05-01 14:40:19,720 [ERROR] scanner - Traceback (most recent call last):
  File "C:\Users\Administrator\AppData\Local\Programs\Python\Python312\Lib\site-packages\pandas\core\indexes\base.py", line 3641, in get_loc
    return self._engine.get_loc(casted_key)
           ^^^^^^^^^^^^^^^^^^^^^^^^^^^^^^^^
  File "pandas/_libs/index.pyx", line 168, in pandas._libs.index.IndexEngine.get_loc
  File "pandas/_libs/index.pyx", line 197, in pandas._libs.index.IndexEngine.get_loc
  File "pandas/_libs/hashtable_class_helper.pxi", line 7668, in pandas._libs.hashtable.PyObjectHashTable.get_item
  File "pandas/_libs/hashtable_class_helper.pxi", line 7676, in pandas._libs.hashtable.PyObjectHashTable.get_item
KeyError: 'option_type'

The above exception was the direct cause of the following exception:

Traceback (most recent call last):
  File "<input>", line 170, in step_run_single
  File "C:\Users\Administrator\AppData\Local\Programs\Python\Python312\Lib\site-packages\pandas\core\frame.py", line 4378, in __getitem__
    indexer = self.columns.get_loc(key)
              ^^^^^^^^^^^^^^^^^^^^^^^^^
  File "C:\Users\Administrator\AppData\Local\Programs\Python\Python312\Lib\site-packages\pandas\core\indexes\base.py", line 3648, in get_loc
    raise KeyError(key) from err
KeyError: 'option_type'

2026-05-01 14:40:19,720 [INFO] checkpoint - 读取断点缓存：已完成 131 个标的
2026-05-01 14:40:19,721 [INFO] scanner - [133/527] US.UNH  完成率 25%  预计剩余 1h17m
2026-05-01 14:40:19,721 [INFO] scanner - ──────────────────────────────────────────────────
2026-05-01 14:40:19,721 [INFO] scanner - 处理标的: US.UNH
2026-05-01 14:40:19,762 [INFO] scanner - [STEP1] 获取 US.UNH 候选期权链…
2026-05-01 14:40:19,798 [INFO] option_chain_fetcher - [US.UNH] 12 个到期日 → 5 批次调用
2026-05-01 14:40:23,280 [INFO] option_chain_fetcher - [US.UNH] 候选合约共 69 个
2026-05-01 14:40:23,280 [INFO] scanner - [STEP1] US.UNH: 候选合约 69 个
2026-05-01 14:40:23,280 [INFO] scanner - [STEP2] 获取 69 个合约快照…
2026-05-01 14:40:23,396 [INFO] snapshot_fetcher - 快照获取完成：69/69 个合约
2026-05-01 14:40:23,396 [INFO] scanner - [STEP2] 成功获取 69 条快照
2026-05-01 14:40:23,397 [INFO] scanner - [STEP3] 对 US.UNH 执行异常检测…
2026-05-01 14:40:23,399 [INFO] anomaly_detector - 发现异常合约 8 个
2026-05-01 14:40:23,400 [INFO] anomaly_detector - 已追加写入 8 条异常记录 → .\filter_data\anomaly_results2026-05-01.csv
2026-05-01 14:40:23,401 [INFO] checkpoint - 读取断点缓存：已完成 132 个标的
2026-05-01 14:40:23,401 [INFO] scanner - [134/527] US.V  完成率 25%  预计剩余 1h17m
2026-05-01 14:40:23,401 [INFO] scanner - ──────────────────────────────────────────────────
2026-05-01 14:40:23,401 [INFO] scanner - 处理标的: US.V
2026-05-01 14:40:23,439 [INFO] scanner - US.V 市值过大，pass
2026-05-01 14:40:23,440 [INFO] scanner - [STEP2] 获取 0 个合约快照…
2026-05-01 14:40:23,440 [WARNING] scanner - [STEP2] 合约列表为空，跳过
2026-05-01 14:40:23,440 [ERROR] scanner - [US.V] 处理异常: 'option_type'
2026-05-01 14:40:23,440 [ERROR] scanner - Traceback (most recent call last):
  File "C:\Users\Administrator\AppData\Local\Programs\Python\Python312\Lib\site-packages\pandas\core\indexes\base.py", line 3641, in get_loc
    return self._engine.get_loc(casted_key)
           ^^^^^^^^^^^^^^^^^^^^^^^^^^^^^^^^
  File "pandas/_libs/index.pyx", line 168, in pandas._libs.index.IndexEngine.get_loc
  File "pandas/_libs/index.pyx", line 197, in pandas._libs.index.IndexEngine.get_loc
  File "pandas/_libs/hashtable_class_helper.pxi", line 7668, in pandas._libs.hashtable.PyObjectHashTable.get_item
  File "pandas/_libs/hashtable_class_helper.pxi", line 7676, in pandas._libs.hashtable.PyObjectHashTable.get_item
KeyError: 'option_type'

The above exception was the direct cause of the following exception:

Traceback (most recent call last):
  File "<input>", line 170, in step_run_single
  File "C:\Users\Administrator\AppData\Local\Programs\Python\Python312\Lib\site-packages\pandas\core\frame.py", line 4378, in __getitem__
    indexer = self.columns.get_loc(key)
              ^^^^^^^^^^^^^^^^^^^^^^^^^
  File "C:\Users\Administrator\AppData\Local\Programs\Python\Python312\Lib\site-packages\pandas\core\indexes\base.py", line 3648, in get_loc
    raise KeyError(key) from err
KeyError: 'option_type'

2026-05-01 14:40:23,441 [INFO] checkpoint - 读取断点缓存：已完成 133 个标的
2026-05-01 14:40:23,441 [INFO] scanner - [135/527] US.VZ  完成率 26%  预计剩余 1h16m
2026-05-01 14:40:23,441 [INFO] scanner - ──────────────────────────────────────────────────
2026-05-01 14:40:23,441 [INFO] scanner - 处理标的: US.VZ
2026-05-01 14:40:23,481 [INFO] scanner - [STEP1] 获取 US.VZ 候选期权链…
2026-05-01 14:40:23,517 [INFO] option_chain_fetcher - [US.VZ] 11 个到期日 → 4 批次调用
2026-05-01 14:40:24,558 [WARNING] rate_limiter - [_call] 第 1/5 次失败: 获取期权链频率太高，请求失败，每30秒最多10次。，5.0s 后重试…
2026-05-01 14:40:30,098 [WARNING] rate_limiter - [_call] 第 1/5 次失败: 获取期权链频率太高，请求失败，每30秒最多10次。，5.0s 后重试…
2026-05-01 14:40:35,688 [WARNING] rate_limiter - [_call] 第 1/5 次失败: 获取期权链频率太高，请求失败，每30秒最多10次。，5.0s 后重试…
2026-05-01 14:40:41,105 [INFO] option_chain_fetcher - [US.VZ] 候选合约共 51 个
2026-05-01 14:40:41,105 [INFO] scanner - [STEP1] US.VZ: 候选合约 51 个
2026-05-01 14:40:41,105 [INFO] scanner - [STEP2] 获取 51 个合约快照…
2026-05-01 14:40:41,241 [INFO] snapshot_fetcher - 快照获取完成：51/51 个合约
2026-05-01 14:40:41,242 [INFO] scanner - [STEP2] 成功获取 51 条快照
2026-05-01 14:40:41,242 [INFO] scanner - [STEP3] 对 US.VZ 执行异常检测…
2026-05-01 14:40:41,243 [INFO] anomaly_detector - 本批次无异常合约
2026-05-01 14:40:41,244 [INFO] checkpoint - 读取断点缓存：已完成 134 个标的
2026-05-01 14:40:41,244 [INFO] scanner - [136/527] US.A  完成率 26%  预计剩余 1h16m
2026-05-01 14:40:41,244 [INFO] scanner - ──────────────────────────────────────────────────
2026-05-01 14:40:41,244 [INFO] scanner - 处理标的: US.A
2026-05-01 14:40:41,313 [INFO] scanner - [STEP1] 获取 US.A 候选期权链…
2026-05-01 14:40:41,348 [INFO] option_chain_fetcher - [US.A] 6 个到期日 → 5 批次调用
2026-05-01 14:40:52,485 [INFO] option_chain_fetcher - [US.A] 候选合约共 1 个
2026-05-01 14:40:52,485 [INFO] scanner - [STEP1] US.A: 候选合约 1 个
2026-05-01 14:40:52,485 [INFO] scanner - [STEP2] 获取 1 个合约快照…
2026-05-01 14:40:52,552 [INFO] snapshot_fetcher - 快照获取完成：1/1 个合约
2026-05-01 14:40:52,553 [INFO] scanner - [STEP2] 成功获取 1 条快照
2026-05-01 14:40:52,553 [INFO] scanner - [STEP3] 对 US.A 执行异常检测…
2026-05-01 14:40:52,554 [INFO] anomaly_detector - 本批次无异常合约
2026-05-01 14:40:52,554 [INFO] checkpoint - 读取断点缓存：已完成 135 个标的
2026-05-01 14:40:52,555 [INFO] scanner - [137/527] US.ABBV  完成率 26%  预计剩余 1h16m
2026-05-01 14:40:52,555 [INFO] scanner - ──────────────────────────────────────────────────
2026-05-01 14:40:52,555 [INFO] scanner - 处理标的: US.ABBV
2026-05-01 14:40:52,594 [INFO] scanner - [STEP1] 获取 US.ABBV 候选期权链…
2026-05-01 14:40:52,629 [INFO] option_chain_fetcher - [US.ABBV] 13 个到期日 → 6 批次调用
2026-05-01 14:40:54,613 [WARNING] rate_limiter - [_call] 第 1/5 次失败: 获取期权链频率太高，请求失败，每30秒最多10次。，5.0s 后重试…
2026-05-01 14:41:00,157 [WARNING] rate_limiter - [_call] 第 1/5 次失败: 获取期权链频率太高，请求失败，每30秒最多10次。，5.0s 后重试…
2026-05-01 14:41:05,727 [WARNING] rate_limiter - [_call] 第 1/5 次失败: 获取期权链频率太高，请求失败，每30秒最多10次。，5.0s 后重试…
2026-05-01 14:41:19,829 [INFO] option_chain_fetcher - [US.ABBV] 候选合约共 33 个
2026-05-01 14:41:19,829 [INFO] scanner - [STEP1] US.ABBV: 候选合约 33 个
2026-05-01 14:41:19,829 [INFO] scanner - [STEP2] 获取 33 个合约快照…
2026-05-01 14:41:19,909 [INFO] snapshot_fetcher - 快照获取完成：33/33 个合约
2026-05-01 14:41:19,910 [INFO] scanner - [STEP2] 成功获取 33 条快照
2026-05-01 14:41:19,911 [INFO] scanner - [STEP3] 对 US.ABBV 执行异常检测…
2026-05-01 14:41:19,912 [INFO] anomaly_detector - 发现异常合约 1 个
2026-05-01 14:41:19,913 [INFO] anomaly_detector - 已追加写入 1 条异常记录 → .\filter_data\anomaly_results2026-05-01.csv
2026-05-01 14:41:19,914 [INFO] checkpoint - 读取断点缓存：已完成 136 个标的
2026-05-01 14:41:19,914 [INFO] scanner - [138/527] US.ABT  完成率 26%  预计剩余 1h17m
2026-05-01 14:41:19,914 [INFO] scanner - ──────────────────────────────────────────────────
2026-05-01 14:41:19,914 [INFO] scanner - 处理标的: US.ABT
2026-05-01 14:41:19,987 [INFO] scanner - [STEP1] 获取 US.ABT 候选期权链…
2026-05-01 14:41:20,024 [INFO] option_chain_fetcher - [US.ABT] 11 个到期日 → 4 批次调用
2026-05-01 14:41:22,526 [INFO] option_chain_fetcher - [US.ABT] 候选合约共 22 个
2026-05-01 14:41:22,526 [INFO] scanner - [STEP1] US.ABT: 候选合约 22 个
2026-05-01 14:41:22,526 [INFO] scanner - [STEP2] 获取 22 个合约快照…
2026-05-01 14:41:22,609 [INFO] snapshot_fetcher - 快照获取完成：22/22 个合约
2026-05-01 14:41:22,610 [INFO] scanner - [STEP2] 成功获取 22 条快照
2026-05-01 14:41:22,611 [INFO] scanner - [STEP3] 对 US.ABT 执行异常检测…
2026-05-01 14:41:22,612 [INFO] anomaly_detector - 发现异常合约 12 个
2026-05-01 14:41:22,614 [INFO] anomaly_detector - 已追加写入 12 条异常记录 → .\filter_data\anomaly_results2026-05-01.csv
2026-05-01 14:41:22,614 [INFO] checkpoint - 读取断点缓存：已完成 137 个标的
2026-05-01 14:41:22,614 [INFO] scanner - [139/527] US.ACGL  完成率 26%  预计剩余 1h16m
2026-05-01 14:41:22,615 [INFO] scanner - ──────────────────────────────────────────────────
2026-05-01 14:41:22,615 [INFO] scanner - 处理标的: US.ACGL
2026-05-01 14:41:22,653 [INFO] scanner - [STEP1] 获取 US.ACGL 候选期权链…
2026-05-01 14:41:22,687 [INFO] option_chain_fetcher - [US.ACGL] 4 个到期日 → 4 批次调用
2026-05-01 14:41:24,672 [WARNING] rate_limiter - [_call] 第 1/5 次失败: 获取期权链频率太高，请求失败，每30秒最多10次。，5.0s 后重试…
2026-05-01 14:41:30,200 [WARNING] rate_limiter - [_call] 第 1/5 次失败: 获取期权链频率太高，请求失败，每30秒最多10次。，5.0s 后重试…
2026-05-01 14:41:35,578 [INFO] option_chain_fetcher - [US.ACGL] 候选合约共 0 个
2026-05-01 14:41:35,578 [INFO] scanner - [STEP1] US.ACGL: 候选合约 0 个
2026-05-01 14:41:35,578 [INFO] scanner - [STEP2] 获取 0 个合约快照…
2026-05-01 14:41:35,578 [WARNING] scanner - [STEP2] 合约列表为空，跳过
2026-05-01 14:41:35,578 [ERROR] scanner - [US.ACGL] 处理异常: 'option_type'
2026-05-01 14:41:35,579 [ERROR] scanner - Traceback (most recent call last):
  File "C:\Users\Administrator\AppData\Local\Programs\Python\Python312\Lib\site-packages\pandas\core\indexes\base.py", line 3641, in get_loc
    return self._engine.get_loc(casted_key)
           ^^^^^^^^^^^^^^^^^^^^^^^^^^^^^^^^
  File "pandas/_libs/index.pyx", line 168, in pandas._libs.index.IndexEngine.get_loc
  File "pandas/_libs/index.pyx", line 197, in pandas._libs.index.IndexEngine.get_loc
  File "pandas/_libs/hashtable_class_helper.pxi", line 7668, in pandas._libs.hashtable.PyObjectHashTable.get_item
  File "pandas/_libs/hashtable_class_helper.pxi", line 7676, in pandas._libs.hashtable.PyObjectHashTable.get_item
KeyError: 'option_type'

The above exception was the direct cause of the following exception:

Traceback (most recent call last):
  File "<input>", line 170, in step_run_single
  File "C:\Users\Administrator\AppData\Local\Programs\Python\Python312\Lib\site-packages\pandas\core\frame.py", line 4378, in __getitem__
    indexer = self.columns.get_loc(key)
              ^^^^^^^^^^^^^^^^^^^^^^^^^
  File "C:\Users\Administrator\AppData\Local\Programs\Python\Python312\Lib\site-packages\pandas\core\indexes\base.py", line 3648, in get_loc
    raise KeyError(key) from err
KeyError: 'option_type'

2026-05-01 14:41:35,579 [INFO] checkpoint - 读取断点缓存：已完成 138 个标的
2026-05-01 14:41:35,580 [INFO] scanner - [140/527] US.ACN  完成率 27%  预计剩余 1h16m
2026-05-01 14:41:35,580 [INFO] scanner - ──────────────────────────────────────────────────
2026-05-01 14:41:35,580 [INFO] scanner - 处理标的: US.ACN
2026-05-01 14:41:35,621 [INFO] scanner - [STEP1] 获取 US.ACN 候选期权链…
2026-05-01 14:41:35,658 [INFO] option_chain_fetcher - [US.ACN] 11 个到期日 → 4 批次调用
2026-05-01 14:41:35,774 [WARNING] rate_limiter - [_call] 第 1/5 次失败: 获取期权链频率太高，请求失败，每30秒最多10次。，5.0s 后重试…
2026-05-01 14:41:51,155 [INFO] option_chain_fetcher - [US.ACN] 候选合约共 6 个
2026-05-01 14:41:51,155 [INFO] scanner - [STEP1] US.ACN: 候选合约 6 个
2026-05-01 14:41:51,155 [INFO] scanner - [STEP2] 获取 6 个合约快照…
2026-05-01 14:41:51,221 [INFO] snapshot_fetcher - 快照获取完成：6/6 个合约
2026-05-01 14:41:51,222 [INFO] scanner - [STEP2] 成功获取 6 条快照
2026-05-01 14:41:51,222 [INFO] scanner - [STEP3] 对 US.ACN 执行异常检测…
2026-05-01 14:41:51,224 [INFO] anomaly_detector - 发现异常合约 2 个
2026-05-01 14:41:51,225 [INFO] anomaly_detector - 已追加写入 2 条异常记录 → .\filter_data\anomaly_results2026-05-01.csv
2026-05-01 14:41:51,225 [INFO] checkpoint - 读取断点缓存：已完成 139 个标的
2026-05-01 14:41:51,226 [INFO] scanner - [141/527] US.ADM  完成率 27%  预计剩余 1h16m
2026-05-01 14:41:51,226 [INFO] scanner - ──────────────────────────────────────────────────
2026-05-01 14:41:51,226 [INFO] scanner - 处理标的: US.ADM
2026-05-01 14:41:51,266 [INFO] scanner - [STEP1] 获取 US.ADM 候选期权链…
2026-05-01 14:41:51,301 [INFO] option_chain_fetcher - [US.ADM] 3 个到期日 → 3 批次调用
2026-05-01 14:41:53,414 [INFO] option_chain_fetcher - [US.ADM] 候选合约共 4 个
2026-05-01 14:41:53,414 [INFO] scanner - [STEP1] US.ADM: 候选合约 4 个
2026-05-01 14:41:53,414 [INFO] scanner - [STEP2] 获取 4 个合约快照…
2026-05-01 14:41:53,486 [INFO] snapshot_fetcher - 快照获取完成：4/4 个合约
2026-05-01 14:41:53,486 [INFO] scanner - [STEP2] 成功获取 4 条快照
2026-05-01 14:41:53,487 [INFO] scanner - [STEP3] 对 US.ADM 执行异常检测…
2026-05-01 14:41:53,488 [INFO] anomaly_detector - 本批次无异常合约
2026-05-01 14:41:53,488 [INFO] checkpoint - 读取断点缓存：已完成 140 个标的
2026-05-01 14:41:53,489 [INFO] scanner - [142/527] US.AEE  完成率 27%  预计剩余 1h15m
2026-05-01 14:41:53,489 [INFO] scanner - ──────────────────────────────────────────────────
2026-05-01 14:41:53,489 [INFO] scanner - 处理标的: US.AEE
2026-05-01 14:41:53,527 [INFO] scanner - [STEP1] 获取 US.AEE 候选期权链…
2026-05-01 14:41:53,561 [INFO] option_chain_fetcher - [US.AEE] 3 个到期日 → 3 批次调用
2026-05-01 14:41:54,715 [WARNING] rate_limiter - [_call] 第 1/5 次失败: 获取期权链频率太高，请求失败，每30秒最多10次。，5.0s 后重试…
2026-05-01 14:42:00,253 [WARNING] rate_limiter - [_call] 第 1/5 次失败: 获取期权链频率太高，请求失败，每30秒最多10次。，5.0s 后重试…
2026-05-01 14:42:05,628 [INFO] option_chain_fetcher - [US.AEE] 候选合约共 1 个
2026-05-01 14:42:05,628 [INFO] scanner - [STEP1] US.AEE: 候选合约 1 个
2026-05-01 14:42:05,628 [INFO] scanner - [STEP2] 获取 1 个合约快照…
2026-05-01 14:42:05,694 [INFO] snapshot_fetcher - 快照获取完成：1/1 个合约
2026-05-01 14:42:05,694 [INFO] scanner - [STEP2] 成功获取 1 条快照
2026-05-01 14:42:05,695 [INFO] scanner - [STEP3] 对 US.AEE 执行异常检测…
2026-05-01 14:42:05,696 [INFO] anomaly_detector - 本批次无异常合约
2026-05-01 14:42:05,696 [INFO] checkpoint - 读取断点缓存：已完成 141 个标的
2026-05-01 14:42:05,697 [INFO] scanner - [143/527] US.AES  完成率 27%  预计剩余 1h15m
2026-05-01 14:42:05,697 [INFO] scanner - ──────────────────────────────────────────────────
2026-05-01 14:42:05,697 [INFO] scanner - 处理标的: US.AES
2026-05-01 14:42:05,737 [INFO] scanner - [STEP1] 获取 US.AES 候选期权链…
2026-05-01 14:42:05,772 [INFO] option_chain_fetcher - [US.AES] 10 个到期日 → 4 批次调用
2026-05-01 14:42:05,774 [WARNING] rate_limiter - [_call] 第 1/5 次失败: 获取期权链频率太高，请求失败，每30秒最多10次。，5.0s 后重试…
2026-05-01 14:42:10,776 [WARNING] rate_limiter - [_call] 第 2/5 次失败: 获取期权链频率太高，请求失败，每30秒最多10次。，10.0s 后重试…
2026-05-01 14:42:22,542 [INFO] option_chain_fetcher - [US.AES] 候选合约共 8 个
2026-05-01 14:42:22,542 [INFO] scanner - [STEP1] US.AES: 候选合约 8 个
2026-05-01 14:42:22,542 [INFO] scanner - [STEP2] 获取 8 个合约快照…
2026-05-01 14:42:22,620 [INFO] snapshot_fetcher - 快照获取完成：8/8 个合约
2026-05-01 14:42:22,621 [INFO] scanner - [STEP2] 成功获取 8 条快照
2026-05-01 14:42:22,622 [INFO] scanner - [STEP3] 对 US.AES 执行异常检测…
2026-05-01 14:42:22,623 [INFO] anomaly_detector - 发现异常合约 1 个
2026-05-01 14:42:22,625 [INFO] anomaly_detector - 已追加写入 1 条异常记录 → .\filter_data\anomaly_results2026-05-01.csv
2026-05-01 14:42:22,625 [INFO] checkpoint - 读取断点缓存：已完成 142 个标的
2026-05-01 14:42:22,626 [INFO] scanner - [144/527] US.AFL  完成率 27%  预计剩余 1h15m
2026-05-01 14:42:22,626 [INFO] scanner - ──────────────────────────────────────────────────
2026-05-01 14:42:22,626 [INFO] scanner - 处理标的: US.AFL
2026-05-01 14:42:22,665 [INFO] scanner - [STEP1] 获取 US.AFL 候选期权链…
2026-05-01 14:42:22,700 [INFO] option_chain_fetcher - [US.AFL] 11 个到期日 → 4 批次调用
2026-05-01 14:42:24,510 [INFO] option_chain_fetcher - [US.AFL] 候选合约共 7 个
2026-05-01 14:42:24,510 [INFO] scanner - [STEP1] US.AFL: 候选合约 7 个
2026-05-01 14:42:24,510 [INFO] scanner - [STEP2] 获取 7 个合约快照…
2026-05-01 14:42:24,588 [INFO] snapshot_fetcher - 快照获取完成：7/7 个合约
2026-05-01 14:42:24,588 [INFO] scanner - [STEP2] 成功获取 7 条快照
2026-05-01 14:42:24,589 [INFO] scanner - [STEP3] 对 US.AFL 执行异常检测…
2026-05-01 14:42:24,590 [INFO] anomaly_detector - 本批次无异常合约
2026-05-01 14:42:24,590 [INFO] checkpoint - 读取断点缓存：已完成 143 个标的
2026-05-01 14:42:24,590 [INFO] scanner - [145/527] US.AIG  完成率 28%  预计剩余 1h14m
2026-05-01 14:42:24,590 [INFO] scanner - ──────────────────────────────────────────────────
2026-05-01 14:42:24,590 [INFO] scanner - 处理标的: US.AIG
2026-05-01 14:42:24,629 [INFO] scanner - [STEP1] 获取 US.AIG 候选期权链…
2026-05-01 14:42:24,664 [INFO] option_chain_fetcher - [US.AIG] 12 个到期日 → 5 批次调用
2026-05-01 14:42:24,763 [WARNING] rate_limiter - [_call] 第 1/5 次失败: 获取期权链频率太高，请求失败，每30秒最多10次。，5.0s 后重试…
2026-05-01 14:42:30,305 [WARNING] rate_limiter - [_call] 第 1/5 次失败: 获取期权链频率太高，请求失败，每30秒最多10次。，5.0s 后重试…
2026-05-01 14:42:35,773 [WARNING] rate_limiter - [_call] 第 1/5 次失败: 获取期权链频率太高，请求失败，每30秒最多10次。，5.0s 后重试…
2026-05-01 14:42:40,776 [WARNING] rate_limiter - [_call] 第 2/5 次失败: 获取期权链频率太高，请求失败，每30秒最多10次。，10.0s 后重试…
2026-05-01 14:42:50,777 [WARNING] rate_limiter - [_call] 第 3/5 次失败: 获取期权链频率太高，请求失败，每30秒最多10次。，20.0s 后重试…
2026-05-01 14:43:11,948 [INFO] option_chain_fetcher - [US.AIG] 候选合约共 8 个
2026-05-01 14:43:11,948 [INFO] scanner - [STEP1] US.AIG: 候选合约 8 个
2026-05-01 14:43:11,948 [INFO] scanner - [STEP2] 获取 8 个合约快照…
2026-05-01 14:43:12,018 [INFO] snapshot_fetcher - 快照获取完成：8/8 个合约
2026-05-01 14:43:12,018 [INFO] scanner - [STEP2] 成功获取 8 条快照
2026-05-01 14:43:12,019 [INFO] scanner - [STEP3] 对 US.AIG 执行异常检测…
2026-05-01 14:43:12,020 [INFO] anomaly_detector - 本批次无异常合约
2026-05-01 14:43:12,020 [INFO] checkpoint - 读取断点缓存：已完成 144 个标的
2026-05-01 14:43:12,021 [INFO] scanner - [146/527] US.AIZ  完成率 28%  预计剩余 1h16m
2026-05-01 14:43:12,021 [INFO] scanner - ──────────────────────────────────────────────────
2026-05-01 14:43:12,021 [INFO] scanner - 处理标的: US.AIZ
2026-05-01 14:43:12,061 [INFO] scanner - [STEP1] 获取 US.AIZ 候选期权链…
2026-05-01 14:43:12,096 [INFO] option_chain_fetcher - [US.AIZ] 3 个到期日 → 3 批次调用
2026-05-01 14:43:13,230 [INFO] option_chain_fetcher - [US.AIZ] 候选合约共 0 个
2026-05-01 14:43:13,230 [INFO] scanner - [STEP1] US.AIZ: 候选合约 0 个
2026-05-01 14:43:13,230 [INFO] scanner - [STEP2] 获取 0 个合约快照…
2026-05-01 14:43:13,230 [WARNING] scanner - [STEP2] 合约列表为空，跳过
2026-05-01 14:43:13,230 [ERROR] scanner - [US.AIZ] 处理异常: 'option_type'
2026-05-01 14:43:13,231 [ERROR] scanner - Traceback (most recent call last):
  File "C:\Users\Administrator\AppData\Local\Programs\Python\Python312\Lib\site-packages\pandas\core\indexes\base.py", line 3641, in get_loc
    return self._engine.get_loc(casted_key)
           ^^^^^^^^^^^^^^^^^^^^^^^^^^^^^^^^
  File "pandas/_libs/index.pyx", line 168, in pandas._libs.index.IndexEngine.get_loc
  File "pandas/_libs/index.pyx", line 197, in pandas._libs.index.IndexEngine.get_loc
  File "pandas/_libs/hashtable_class_helper.pxi", line 7668, in pandas._libs.hashtable.PyObjectHashTable.get_item
  File "pandas/_libs/hashtable_class_helper.pxi", line 7676, in pandas._libs.hashtable.PyObjectHashTable.get_item
KeyError: 'option_type'

The above exception was the direct cause of the following exception:

Traceback (most recent call last):
  File "<input>", line 170, in step_run_single
  File "C:\Users\Administrator\AppData\Local\Programs\Python\Python312\Lib\site-packages\pandas\core\frame.py", line 4378, in __getitem__
    indexer = self.columns.get_loc(key)
              ^^^^^^^^^^^^^^^^^^^^^^^^^
  File "C:\Users\Administrator\AppData\Local\Programs\Python\Python312\Lib\site-packages\pandas\core\indexes\base.py", line 3648, in get_loc
    raise KeyError(key) from err
KeyError: 'option_type'

2026-05-01 14:43:13,231 [INFO] checkpoint - 读取断点缓存：已完成 145 个标的
2026-05-01 14:43:13,232 [INFO] scanner - [147/527] US.AJG  完成率 28%  预计剩余 1h15m
2026-05-01 14:43:13,232 [INFO] scanner - ──────────────────────────────────────────────────
2026-05-01 14:43:13,232 [INFO] scanner - 处理标的: US.AJG
2026-05-01 14:43:13,269 [INFO] scanner - [STEP1] 获取 US.AJG 候选期权链…
2026-05-01 14:43:13,304 [INFO] option_chain_fetcher - [US.AJG] 4 个到期日 → 4 批次调用
2026-05-01 14:43:14,818 [INFO] option_chain_fetcher - [US.AJG] 候选合约共 3 个
2026-05-01 14:43:14,818 [INFO] scanner - [STEP1] US.AJG: 候选合约 3 个
2026-05-01 14:43:14,818 [INFO] scanner - [STEP2] 获取 3 个合约快照…
2026-05-01 14:43:14,891 [INFO] snapshot_fetcher - 快照获取完成：3/3 个合约
2026-05-01 14:43:14,891 [INFO] scanner - [STEP2] 成功获取 3 条快照
2026-05-01 14:43:14,892 [INFO] scanner - [STEP3] 对 US.AJG 执行异常检测…
2026-05-01 14:43:14,893 [INFO] anomaly_detector - 本批次无异常合约
2026-05-01 14:43:14,893 [INFO] checkpoint - 读取断点缓存：已完成 146 个标的
2026-05-01 14:43:14,894 [INFO] scanner - [148/527] US.AKAM  完成率 28%  预计剩余 1h14m
2026-05-01 14:43:14,894 [INFO] scanner - ──────────────────────────────────────────────────
2026-05-01 14:43:14,894 [INFO] scanner - 处理标的: US.AKAM
2026-05-01 14:43:14,959 [INFO] scanner - [STEP1] 获取 US.AKAM 候选期权链…
2026-05-01 14:43:14,995 [INFO] option_chain_fetcher - [US.AKAM] 11 个到期日 → 4 批次调用
2026-05-01 14:43:14,997 [WARNING] rate_limiter - [_call] 第 1/5 次失败: 获取期权链频率太高，请求失败，每30秒最多10次。，5.0s 后重试…
2026-05-01 14:43:20,000 [WARNING] rate_limiter - [_call] 第 2/5 次失败: 获取期权链频率太高，请求失败，每30秒最多10次。，10.0s 后重试…
2026-05-01 14:43:30,002 [WARNING] rate_limiter - [_call] 第 3/5 次失败: 获取期权链频率太高，请求失败，每30秒最多10次。，20.0s 后重试…
2026-05-01 14:43:51,841 [INFO] option_chain_fetcher - [US.AKAM] 候选合约共 2 个
2026-05-01 14:43:51,841 [INFO] scanner - [STEP1] US.AKAM: 候选合约 2 个
2026-05-01 14:43:51,841 [INFO] scanner - [STEP2] 获取 2 个合约快照…
2026-05-01 14:43:51,909 [INFO] snapshot_fetcher - 快照获取完成：2/2 个合约
2026-05-01 14:43:51,910 [INFO] scanner - [STEP2] 成功获取 2 条快照
2026-05-01 14:43:51,911 [INFO] scanner - [STEP3] 对 US.AKAM 执行异常检测…
2026-05-01 14:43:51,911 [INFO] anomaly_detector - 本批次无异常合约
2026-05-01 14:43:51,912 [INFO] checkpoint - 读取断点缓存：已完成 147 个标的
2026-05-01 14:43:51,912 [INFO] scanner - [149/527] US.ALB  完成率 28%  预计剩余 1h15m
2026-05-01 14:43:51,912 [INFO] scanner - ──────────────────────────────────────────────────
2026-05-01 14:43:51,912 [INFO] scanner - 处理标的: US.ALB
2026-05-01 14:43:51,953 [INFO] scanner - [STEP1] 获取 US.ALB 候选期权链…
2026-05-01 14:43:51,988 [INFO] option_chain_fetcher - [US.ALB] 10 个到期日 → 4 批次调用
2026-05-01 14:43:53,799 [INFO] option_chain_fetcher - [US.ALB] 候选合约共 1 个
2026-05-01 14:43:53,799 [INFO] scanner - [STEP1] US.ALB: 候选合约 1 个
2026-05-01 14:43:53,799 [INFO] scanner - [STEP2] 获取 1 个合约快照…
2026-05-01 14:43:53,864 [INFO] snapshot_fetcher - 快照获取完成：1/1 个合约
2026-05-01 14:43:53,864 [INFO] scanner - [STEP2] 成功获取 1 条快照
2026-05-01 14:43:53,865 [INFO] scanner - [STEP3] 对 US.ALB 执行异常检测…
2026-05-01 14:43:53,866 [INFO] anomaly_detector - 本批次无异常合约
2026-05-01 14:43:53,866 [INFO] checkpoint - 读取断点缓存：已完成 148 个标的
2026-05-01 14:43:53,867 [INFO] scanner - [150/527] US.ALGN  完成率 28%  预计剩余 1h15m
2026-05-01 14:43:53,867 [INFO] scanner - ──────────────────────────────────────────────────
2026-05-01 14:43:53,867 [INFO] scanner - 处理标的: US.ALGN
2026-05-01 14:43:53,934 [INFO] scanner - [STEP1] 获取 US.ALGN 候选期权链…
2026-05-01 14:43:53,970 [INFO] option_chain_fetcher - [US.ALGN] 11 个到期日 → 4 批次调用
2026-05-01 14:43:54,997 [WARNING] rate_limiter - [_call] 第 1/5 次失败: 获取期权链频率太高，请求失败，每30秒最多10次。，5.0s 后重试…
2026-05-01 14:43:59,999 [WARNING] rate_limiter - [_call] 第 2/5 次失败: 获取期权链频率太高，请求失败，每30秒最多10次。，10.0s 后重试…
2026-05-01 14:44:10,001 [WARNING] rate_limiter - [_call] 第 3/5 次失败: 获取期权链频率太高，请求失败，每30秒最多10次。，20.0s 后重试…
2026-05-01 14:44:30,803 [INFO] option_chain_fetcher - [US.ALGN] 候选合约共 2 个
2026-05-01 14:44:30,803 [INFO] scanner - [STEP1] US.ALGN: 候选合约 2 个
2026-05-01 14:44:30,803 [INFO] scanner - [STEP2] 获取 2 个合约快照…
2026-05-01 14:44:30,871 [INFO] snapshot_fetcher - 快照获取完成：2/2 个合约
2026-05-01 14:44:30,872 [INFO] scanner - [STEP2] 成功获取 2 条快照
2026-05-01 14:44:30,872 [INFO] scanner - [STEP3] 对 US.ALGN 执行异常检测…
2026-05-01 14:44:30,873 [INFO] anomaly_detector - 本批次无异常合约
2026-05-01 14:44:30,874 [INFO] checkpoint - 读取断点缓存：已完成 149 个标的
2026-05-01 14:44:30,874 [INFO] scanner - [151/527] US.ALL  完成率 29%  预计剩余 1h16m
2026-05-01 14:44:30,874 [INFO] scanner - ──────────────────────────────────────────────────
2026-05-01 14:44:30,874 [INFO] scanner - 处理标的: US.ALL
2026-05-01 14:44:30,917 [INFO] scanner - [STEP1] 获取 US.ALL 候选期权链…
2026-05-01 14:44:30,952 [INFO] option_chain_fetcher - [US.ALL] 5 个到期日 → 4 批次调用
2026-05-01 14:44:32,516 [INFO] option_chain_fetcher - [US.ALL] 候选合约共 3 个
2026-05-01 14:44:32,516 [INFO] scanner - [STEP1] US.ALL: 候选合约 3 个
2026-05-01 14:44:32,516 [INFO] scanner - [STEP2] 获取 3 个合约快照…
2026-05-01 14:44:32,586 [INFO] snapshot_fetcher - 快照获取完成：3/3 个合约
2026-05-01 14:44:32,586 [INFO] scanner - [STEP2] 成功获取 3 条快照
2026-05-01 14:44:32,587 [INFO] scanner - [STEP3] 对 US.ALL 执行异常检测…
2026-05-01 14:44:32,588 [INFO] anomaly_detector - 本批次无异常合约
2026-05-01 14:44:32,588 [INFO] checkpoint - 读取断点缓存：已完成 150 个标的
2026-05-01 14:44:32,589 [INFO] scanner - [152/527] US.ALLE  完成率 29%  预计剩余 1h15m
2026-05-01 14:44:32,589 [INFO] scanner - ──────────────────────────────────────────────────
2026-05-01 14:44:32,589 [INFO] scanner - 处理标的: US.ALLE
2026-05-01 14:44:32,628 [INFO] scanner - [STEP1] 获取 US.ALLE 候选期权链…
2026-05-01 14:44:32,671 [INFO] option_chain_fetcher - [US.ALLE] 3 个到期日 → 3 批次调用
2026-05-01 14:44:33,809 [INFO] option_chain_fetcher - [US.ALLE] 候选合约共 0 个
2026-05-01 14:44:33,809 [INFO] scanner - [STEP1] US.ALLE: 候选合约 0 个
2026-05-01 14:44:33,809 [INFO] scanner - [STEP2] 获取 0 个合约快照…
2026-05-01 14:44:33,809 [WARNING] scanner - [STEP2] 合约列表为空，跳过
2026-05-01 14:44:33,809 [ERROR] scanner - [US.ALLE] 处理异常: 'option_type'
2026-05-01 14:44:33,810 [ERROR] scanner - Traceback (most recent call last):
  File "C:\Users\Administrator\AppData\Local\Programs\Python\Python312\Lib\site-packages\pandas\core\indexes\base.py", line 3641, in get_loc
    return self._engine.get_loc(casted_key)
           ^^^^^^^^^^^^^^^^^^^^^^^^^^^^^^^^
  File "pandas/_libs/index.pyx", line 168, in pandas._libs.index.IndexEngine.get_loc
  File "pandas/_libs/index.pyx", line 197, in pandas._libs.index.IndexEngine.get_loc
  File "pandas/_libs/hashtable_class_helper.pxi", line 7668, in pandas._libs.hashtable.PyObjectHashTable.get_item
  File "pandas/_libs/hashtable_class_helper.pxi", line 7676, in pandas._libs.hashtable.PyObjectHashTable.get_item
KeyError: 'option_type'

The above exception was the direct cause of the following exception:

Traceback (most recent call last):
  File "<input>", line 170, in step_run_single
  File "C:\Users\Administrator\AppData\Local\Programs\Python\Python312\Lib\site-packages\pandas\core\frame.py", line 4378, in __getitem__
    indexer = self.columns.get_loc(key)
              ^^^^^^^^^^^^^^^^^^^^^^^^^
  File "C:\Users\Administrator\AppData\Local\Programs\Python\Python312\Lib\site-packages\pandas\core\indexes\base.py", line 3648, in get_loc
    raise KeyError(key) from err
KeyError: 'option_type'

2026-05-01 14:44:33,810 [INFO] checkpoint - 读取断点缓存：已完成 151 个标的
2026-05-01 14:44:33,811 [INFO] scanner - [153/527] US.AMCR  完成率 29%  预计剩余 1h14m
2026-05-01 14:44:33,811 [INFO] scanner - ──────────────────────────────────────────────────
2026-05-01 14:44:33,811 [INFO] scanner - 处理标的: US.AMCR
2026-05-01 14:44:33,853 [INFO] scanner - [STEP1] 获取 US.AMCR 候选期权链…
2026-05-01 14:44:33,891 [INFO] option_chain_fetcher - [US.AMCR] 4 个到期日 → 4 批次调用
2026-05-01 14:44:34,268 [WARNING] rate_limiter - [_call] 第 1/5 次失败: 获取期权链频率太高，请求失败，每30秒最多10次。，5.0s 后重试…
2026-05-01 14:44:39,270 [WARNING] rate_limiter - [_call] 第 2/5 次失败: 获取期权链频率太高，请求失败，每30秒最多10次。，10.0s 后重试…
2026-05-01 14:44:49,272 [WARNING] rate_limiter - [_call] 第 3/5 次失败: 获取期权链频率太高，请求失败，每30秒最多10次。，20.0s 后重试…
2026-05-01 14:45:10,410 [INFO] option_chain_fetcher - [US.AMCR] 候选合约共 0 个
2026-05-01 14:45:10,410 [INFO] scanner - [STEP1] US.AMCR: 候选合约 0 个
2026-05-01 14:45:10,410 [INFO] scanner - [STEP2] 获取 0 个合约快照…
2026-05-01 14:45:10,410 [WARNING] scanner - [STEP2] 合约列表为空，跳过
2026-05-01 14:45:10,410 [ERROR] scanner - [US.AMCR] 处理异常: 'option_type'
2026-05-01 14:45:10,411 [ERROR] scanner - Traceback (most recent call last):
  File "C:\Users\Administrator\AppData\Local\Programs\Python\Python312\Lib\site-packages\pandas\core\indexes\base.py", line 3641, in get_loc
    return self._engine.get_loc(casted_key)
           ^^^^^^^^^^^^^^^^^^^^^^^^^^^^^^^^
  File "pandas/_libs/index.pyx", line 168, in pandas._libs.index.IndexEngine.get_loc
  File "pandas/_libs/index.pyx", line 197, in pandas._libs.index.IndexEngine.get_loc
  File "pandas/_libs/hashtable_class_helper.pxi", line 7668, in pandas._libs.hashtable.PyObjectHashTable.get_item
  File "pandas/_libs/hashtable_class_helper.pxi", line 7676, in pandas._libs.hashtable.PyObjectHashTable.get_item
KeyError: 'option_type'

The above exception was the direct cause of the following exception:

Traceback (most recent call last):
  File "<input>", line 170, in step_run_single
  File "C:\Users\Administrator\AppData\Local\Programs\Python\Python312\Lib\site-packages\pandas\core\frame.py", line 4378, in __getitem__
    indexer = self.columns.get_loc(key)
              ^^^^^^^^^^^^^^^^^^^^^^^^^
  File "C:\Users\Administrator\AppData\Local\Programs\Python\Python312\Lib\site-packages\pandas\core\indexes\base.py", line 3648, in get_loc
    raise KeyError(key) from err
KeyError: 'option_type'

2026-05-01 14:45:10,411 [INFO] checkpoint - 读取断点缓存：已完成 152 个标的
2026-05-01 14:45:10,412 [INFO] scanner - [154/527] US.AME  完成率 29%  预计剩余 1h15m
2026-05-01 14:45:10,412 [INFO] scanner - ──────────────────────────────────────────────────
2026-05-01 14:45:10,412 [INFO] scanner - 处理标的: US.AME
2026-05-01 14:45:10,452 [INFO] scanner - [STEP1] 获取 US.AME 候选期权链…
2026-05-01 14:45:10,487 [INFO] option_chain_fetcher - [US.AME] 5 个到期日 → 4 批次调用
2026-05-01 14:45:12,049 [INFO] option_chain_fetcher - [US.AME] 候选合约共 1 个
2026-05-01 14:45:12,049 [INFO] scanner - [STEP1] US.AME: 候选合约 1 个
2026-05-01 14:45:12,049 [INFO] scanner - [STEP2] 获取 1 个合约快照…
2026-05-01 14:45:12,115 [INFO] snapshot_fetcher - 快照获取完成：1/1 个合约
2026-05-01 14:45:12,115 [INFO] scanner - [STEP2] 成功获取 1 条快照
2026-05-01 14:45:12,116 [INFO] scanner - [STEP3] 对 US.AME 执行异常检测…
2026-05-01 14:45:12,117 [INFO] anomaly_detector - 发现异常合约 1 个
2026-05-01 14:45:12,119 [INFO] anomaly_detector - 已追加写入 1 条异常记录 → .\filter_data\anomaly_results2026-05-01.csv
2026-05-01 14:45:12,119 [INFO] checkpoint - 读取断点缓存：已完成 153 个标的
2026-05-01 14:45:12,120 [INFO] scanner - [155/527] US.AMP  完成率 29%  预计剩余 1h14m
2026-05-01 14:45:12,120 [INFO] scanner - ──────────────────────────────────────────────────
2026-05-01 14:45:12,120 [INFO] scanner - 处理标的: US.AMP
2026-05-01 14:45:12,163 [INFO] scanner - [STEP1] 获取 US.AMP 候选期权链…
2026-05-01 14:45:12,198 [INFO] option_chain_fetcher - [US.AMP] 4 个到期日 → 4 批次调用
2026-05-01 14:45:13,341 [WARNING] rate_limiter - [_call] 第 1/5 次失败: 获取期权链频率太高，请求失败，每30秒最多10次。，5.0s 后重试…
2026-05-01 14:45:18,344 [WARNING] rate_limiter - [_call] 第 2/5 次失败: 获取期权链频率太高，请求失败，每30秒最多10次。，10.0s 后重试…
2026-05-01 14:45:28,346 [WARNING] rate_limiter - [_call] 第 3/5 次失败: 获取期权链频率太高，请求失败，每30秒最多10次。，20.0s 后重试…
2026-05-01 14:45:48,729 [INFO] option_chain_fetcher - [US.AMP] 候选合约共 0 个
2026-05-01 14:45:48,729 [INFO] scanner - [STEP1] US.AMP: 候选合约 0 个
2026-05-01 14:45:48,729 [INFO] scanner - [STEP2] 获取 0 个合约快照…
2026-05-01 14:45:48,729 [WARNING] scanner - [STEP2] 合约列表为空，跳过
2026-05-01 14:45:48,730 [ERROR] scanner - [US.AMP] 处理异常: 'option_type'
2026-05-01 14:45:48,730 [ERROR] scanner - Traceback (most recent call last):
  File "C:\Users\Administrator\AppData\Local\Programs\Python\Python312\Lib\site-packages\pandas\core\indexes\base.py", line 3641, in get_loc
    return self._engine.get_loc(casted_key)
           ^^^^^^^^^^^^^^^^^^^^^^^^^^^^^^^^
  File "pandas/_libs/index.pyx", line 168, in pandas._libs.index.IndexEngine.get_loc
  File "pandas/_libs/index.pyx", line 197, in pandas._libs.index.IndexEngine.get_loc
  File "pandas/_libs/hashtable_class_helper.pxi", line 7668, in pandas._libs.hashtable.PyObjectHashTable.get_item
  File "pandas/_libs/hashtable_class_helper.pxi", line 7676, in pandas._libs.hashtable.PyObjectHashTable.get_item
KeyError: 'option_type'

The above exception was the direct cause of the following exception:

Traceback (most recent call last):
  File "<input>", line 170, in step_run_single
  File "C:\Users\Administrator\AppData\Local\Programs\Python\Python312\Lib\site-packages\pandas\core\frame.py", line 4378, in __getitem__
    indexer = self.columns.get_loc(key)
              ^^^^^^^^^^^^^^^^^^^^^^^^^
  File "C:\Users\Administrator\AppData\Local\Programs\Python\Python312\Lib\site-packages\pandas\core\indexes\base.py", line 3648, in get_loc
    raise KeyError(key) from err
KeyError: 'option_type'

2026-05-01 14:45:48,731 [INFO] checkpoint - 读取断点缓存：已完成 154 个标的
2026-05-01 14:45:48,731 [INFO] scanner - [156/527] US.AMT  完成率 30%  预计剩余 1h15m
2026-05-01 14:45:48,731 [INFO] scanner - ──────────────────────────────────────────────────
2026-05-01 14:45:48,731 [INFO] scanner - 处理标的: US.AMT
2026-05-01 14:45:48,771 [INFO] scanner - US.AMT 市值过大，pass
2026-05-01 14:45:48,772 [INFO] scanner - [STEP2] 获取 0 个合约快照…
2026-05-01 14:45:48,772 [WARNING] scanner - [STEP2] 合约列表为空，跳过
2026-05-01 14:45:48,772 [ERROR] scanner - [US.AMT] 处理异常: 'option_type'
2026-05-01 14:45:48,772 [ERROR] scanner - Traceback (most recent call last):
  File "C:\Users\Administrator\AppData\Local\Programs\Python\Python312\Lib\site-packages\pandas\core\indexes\base.py", line 3641, in get_loc
    return self._engine.get_loc(casted_key)
           ^^^^^^^^^^^^^^^^^^^^^^^^^^^^^^^^
  File "pandas/_libs/index.pyx", line 168, in pandas._libs.index.IndexEngine.get_loc
  File "pandas/_libs/index.pyx", line 197, in pandas._libs.index.IndexEngine.get_loc
  File "pandas/_libs/hashtable_class_helper.pxi", line 7668, in pandas._libs.hashtable.PyObjectHashTable.get_item
  File "pandas/_libs/hashtable_class_helper.pxi", line 7676, in pandas._libs.hashtable.PyObjectHashTable.get_item
KeyError: 'option_type'

The above exception was the direct cause of the following exception:

Traceback (most recent call last):
  File "<input>", line 170, in step_run_single
  File "C:\Users\Administrator\AppData\Local\Programs\Python\Python312\Lib\site-packages\pandas\core\frame.py", line 4378, in __getitem__
    indexer = self.columns.get_loc(key)
              ^^^^^^^^^^^^^^^^^^^^^^^^^
  File "C:\Users\Administrator\AppData\Local\Programs\Python\Python312\Lib\site-packages\pandas\core\indexes\base.py", line 3648, in get_loc
    raise KeyError(key) from err
KeyError: 'option_type'

2026-05-01 14:45:48,773 [INFO] checkpoint - 读取断点缓存：已完成 155 个标的
2026-05-01 14:45:48,773 [INFO] scanner - [157/527] US.ANET  完成率 30%  预计剩余 1h15m
2026-05-01 14:45:48,773 [INFO] scanner - ──────────────────────────────────────────────────
2026-05-01 14:45:48,773 [INFO] scanner - 处理标的: US.ANET
2026-05-01 14:45:48,814 [INFO] scanner - [STEP1] 获取 US.ANET 候选期权链…
2026-05-01 14:45:48,849 [INFO] option_chain_fetcher - [US.ANET] 12 个到期日 → 5 批次调用
2026-05-01 14:45:51,051 [INFO] option_chain_fetcher - [US.ANET] 候选合约共 13 个
2026-05-01 14:45:51,051 [INFO] scanner - [STEP1] US.ANET: 候选合约 13 个
2026-05-01 14:45:51,051 [INFO] scanner - [STEP2] 获取 13 个合约快照…
2026-05-01 14:45:51,121 [INFO] snapshot_fetcher - 快照获取完成：13/13 个合约
2026-05-01 14:45:51,121 [INFO] scanner - [STEP2] 成功获取 13 条快照
2026-05-01 14:45:51,122 [INFO] scanner - [STEP3] 对 US.ANET 执行异常检测…
2026-05-01 14:45:51,123 [INFO] anomaly_detector - 发现异常合约 1 个
2026-05-01 14:45:51,125 [INFO] anomaly_detector - 已追加写入 1 条异常记录 → .\filter_data\anomaly_results2026-05-01.csv
2026-05-01 14:45:51,125 [INFO] checkpoint - 读取断点缓存：已完成 156 个标的
2026-05-01 14:45:51,126 [INFO] scanner - [158/527] US.AON  完成率 30%  预计剩余 1h14m
2026-05-01 14:45:51,126 [INFO] scanner - ──────────────────────────────────────────────────
2026-05-01 14:45:51,126 [INFO] scanner - 处理标的: US.AON
2026-05-01 14:45:51,166 [INFO] scanner - [STEP1] 获取 US.AON 候选期权链…
2026-05-01 14:45:51,202 [INFO] option_chain_fetcher - [US.AON] 4 个到期日 → 4 批次调用
2026-05-01 14:45:52,717 [INFO] option_chain_fetcher - [US.AON] 候选合约共 0 个
2026-05-01 14:45:52,717 [INFO] scanner - [STEP1] US.AON: 候选合约 0 个
2026-05-01 14:45:52,717 [INFO] scanner - [STEP2] 获取 0 个合约快照…
2026-05-01 14:45:52,717 [WARNING] scanner - [STEP2] 合约列表为空，跳过
2026-05-01 14:45:52,718 [ERROR] scanner - [US.AON] 处理异常: 'option_type'
2026-05-01 14:45:52,719 [ERROR] scanner - Traceback (most recent call last):
  File "C:\Users\Administrator\AppData\Local\Programs\Python\Python312\Lib\site-packages\pandas\core\indexes\base.py", line 3641, in get_loc
    return self._engine.get_loc(casted_key)
           ^^^^^^^^^^^^^^^^^^^^^^^^^^^^^^^^
  File "pandas/_libs/index.pyx", line 168, in pandas._libs.index.IndexEngine.get_loc
  File "pandas/_libs/index.pyx", line 197, in pandas._libs.index.IndexEngine.get_loc
  File "pandas/_libs/hashtable_class_helper.pxi", line 7668, in pandas._libs.hashtable.PyObjectHashTable.get_item
  File "pandas/_libs/hashtable_class_helper.pxi", line 7676, in pandas._libs.hashtable.PyObjectHashTable.get_item
KeyError: 'option_type'

The above exception was the direct cause of the following exception:

Traceback (most recent call last):
  File "<input>", line 170, in step_run_single
  File "C:\Users\Administrator\AppData\Local\Programs\Python\Python312\Lib\site-packages\pandas\core\frame.py", line 4378, in __getitem__
    indexer = self.columns.get_loc(key)
              ^^^^^^^^^^^^^^^^^^^^^^^^^
  File "C:\Users\Administrator\AppData\Local\Programs\Python\Python312\Lib\site-packages\pandas\core\indexes\base.py", line 3648, in get_loc
    raise KeyError(key) from err
KeyError: 'option_type'

2026-05-01 14:45:52,719 [INFO] checkpoint - 读取断点缓存：已完成 157 个标的
2026-05-01 14:45:52,720 [INFO] scanner - [159/527] US.AOS  完成率 30%  预计剩余 1h13m
2026-05-01 14:45:52,720 [INFO] scanner - ──────────────────────────────────────────────────
2026-05-01 14:45:52,720 [INFO] scanner - 处理标的: US.AOS
2026-05-01 14:45:52,758 [INFO] scanner - [STEP1] 获取 US.AOS 候选期权链…
2026-05-01 14:45:52,793 [INFO] option_chain_fetcher - [US.AOS] 5 个到期日 → 5 批次调用
2026-05-01 14:45:52,795 [WARNING] rate_limiter - [_call] 第 1/5 次失败: 获取期权链频率太高，请求失败，每30秒最多10次。，5.0s 后重试…
2026-05-01 14:45:57,797 [WARNING] rate_limiter - [_call] 第 2/5 次失败: 获取期权链频率太高，请求失败，每30秒最多10次。，10.0s 后重试…
2026-05-01 14:46:07,798 [WARNING] rate_limiter - [_call] 第 3/5 次失败: 获取期权链频率太高，请求失败，每30秒最多10次。，20.0s 后重试…
2026-05-01 14:46:29,679 [INFO] option_chain_fetcher - [US.AOS] 候选合约共 0 个
2026-05-01 14:46:29,679 [INFO] scanner - [STEP1] US.AOS: 候选合约 0 个
2026-05-01 14:46:29,679 [INFO] scanner - [STEP2] 获取 0 个合约快照…
2026-05-01 14:46:29,679 [WARNING] scanner - [STEP2] 合约列表为空，跳过
2026-05-01 14:46:29,679 [ERROR] scanner - [US.AOS] 处理异常: 'option_type'
2026-05-01 14:46:29,680 [ERROR] scanner - Traceback (most recent call last):
  File "C:\Users\Administrator\AppData\Local\Programs\Python\Python312\Lib\site-packages\pandas\core\indexes\base.py", line 3641, in get_loc
    return self._engine.get_loc(casted_key)
           ^^^^^^^^^^^^^^^^^^^^^^^^^^^^^^^^
  File "pandas/_libs/index.pyx", line 168, in pandas._libs.index.IndexEngine.get_loc
  File "pandas/_libs/index.pyx", line 197, in pandas._libs.index.IndexEngine.get_loc
  File "pandas/_libs/hashtable_class_helper.pxi", line 7668, in pandas._libs.hashtable.PyObjectHashTable.get_item
  File "pandas/_libs/hashtable_class_helper.pxi", line 7676, in pandas._libs.hashtable.PyObjectHashTable.get_item
KeyError: 'option_type'

The above exception was the direct cause of the following exception:

Traceback (most recent call last):
  File "<input>", line 170, in step_run_single
  File "C:\Users\Administrator\AppData\Local\Programs\Python\Python312\Lib\site-packages\pandas\core\frame.py", line 4378, in __getitem__
    indexer = self.columns.get_loc(key)
              ^^^^^^^^^^^^^^^^^^^^^^^^^
  File "C:\Users\Administrator\AppData\Local\Programs\Python\Python312\Lib\site-packages\pandas\core\indexes\base.py", line 3648, in get_loc
    raise KeyError(key) from err
KeyError: 'option_type'

2026-05-01 14:46:29,680 [INFO] checkpoint - 读取断点缓存：已完成 158 个标的
2026-05-01 14:46:29,681 [INFO] scanner - [160/527] US.APA  完成率 30%  预计剩余 1h14m
2026-05-01 14:46:29,681 [INFO] scanner - ──────────────────────────────────────────────────
2026-05-01 14:46:29,681 [INFO] scanner - 处理标的: US.APA
2026-05-01 14:46:29,723 [INFO] scanner - [STEP1] 获取 US.APA 候选期权链…
2026-05-01 14:46:29,760 [INFO] option_chain_fetcher - [US.APA] 11 个到期日 → 4 批次调用
2026-05-01 14:46:31,561 [INFO] option_chain_fetcher - [US.APA] 候选合约共 7 个
2026-05-01 14:46:31,561 [INFO] scanner - [STEP1] US.APA: 候选合约 7 个
2026-05-01 14:46:31,561 [INFO] scanner - [STEP2] 获取 7 个合约快照…
2026-05-01 14:46:31,628 [INFO] snapshot_fetcher - 快照获取完成：7/7 个合约
2026-05-01 14:46:31,628 [INFO] scanner - [STEP2] 成功获取 7 条快照
2026-05-01 14:46:31,629 [INFO] scanner - [STEP3] 对 US.APA 执行异常检测…
2026-05-01 14:46:31,630 [INFO] anomaly_detector - 本批次无异常合约
2026-05-01 14:46:31,630 [INFO] checkpoint - 读取断点缓存：已完成 159 个标的
2026-05-01 14:46:31,631 [INFO] scanner - [161/527] US.APD  完成率 31%  预计剩余 1h13m
2026-05-01 14:46:31,631 [INFO] scanner - ──────────────────────────────────────────────────
2026-05-01 14:46:31,631 [INFO] scanner - 处理标的: US.APD
2026-05-01 14:46:31,669 [INFO] scanner - [STEP1] 获取 US.APD 候选期权链…
2026-05-01 14:46:31,704 [INFO] option_chain_fetcher - [US.APD] 3 个到期日 → 3 批次调用
2026-05-01 14:46:32,085 [WARNING] rate_limiter - [_call] 第 1/5 次失败: 获取期权链频率太高，请求失败，每30秒最多10次。，5.0s 后重试…
2026-05-01 14:46:37,087 [WARNING] rate_limiter - [_call] 第 2/5 次失败: 获取期权链频率太高，请求失败，每30秒最多10次。，10.0s 后重试…
2026-05-01 14:46:47,090 [WARNING] rate_limiter - [_call] 第 3/5 次失败: 获取期权链频率太高，请求失败，每30秒最多10次。，20.0s 后重试…
2026-05-01 14:47:07,852 [INFO] option_chain_fetcher - [US.APD] 候选合约共 1 个
2026-05-01 14:47:07,852 [INFO] scanner - [STEP1] US.APD: 候选合约 1 个
2026-05-01 14:47:07,852 [INFO] scanner - [STEP2] 获取 1 个合约快照…
2026-05-01 14:47:07,915 [INFO] snapshot_fetcher - 快照获取完成：1/1 个合约
2026-05-01 14:47:07,916 [INFO] scanner - [STEP2] 成功获取 1 条快照
2026-05-01 14:47:07,917 [INFO] scanner - [STEP3] 对 US.APD 执行异常检测…
2026-05-01 14:47:07,918 [INFO] anomaly_detector - 本批次无异常合约
2026-05-01 14:47:07,918 [INFO] checkpoint - 读取断点缓存：已完成 160 个标的
2026-05-01 14:47:07,918 [INFO] scanner - [162/527] US.APH  完成率 31%  预计剩余 1h14m
2026-05-01 14:47:07,918 [INFO] scanner - ──────────────────────────────────────────────────
2026-05-01 14:47:07,918 [INFO] scanner - 处理标的: US.APH
2026-05-01 14:47:07,959 [INFO] scanner - [STEP1] 获取 US.APH 候选期权链…
2026-05-01 14:47:07,994 [INFO] option_chain_fetcher - [US.APH] 7 个到期日 → 6 批次调用
2026-05-01 14:47:10,312 [INFO] option_chain_fetcher - [US.APH] 候选合约共 9 个
2026-05-01 14:47:10,312 [INFO] scanner - [STEP1] US.APH: 候选合约 9 个
2026-05-01 14:47:10,312 [INFO] scanner - [STEP2] 获取 9 个合约快照…
2026-05-01 14:47:10,382 [INFO] snapshot_fetcher - 快照获取完成：9/9 个合约
2026-05-01 14:47:10,383 [INFO] scanner - [STEP2] 成功获取 9 条快照
2026-05-01 14:47:10,384 [INFO] scanner - [STEP3] 对 US.APH 执行异常检测…
2026-05-01 14:47:10,385 [INFO] anomaly_detector - 发现异常合约 1 个
2026-05-01 14:47:10,386 [INFO] anomaly_detector - 已追加写入 1 条异常记录 → .\filter_data\anomaly_results2026-05-01.csv
2026-05-01 14:47:10,387 [INFO] checkpoint - 读取断点缓存：已完成 161 个标的
2026-05-01 14:47:10,387 [INFO] scanner - [163/527] US.APO  完成率 31%  预计剩余 1h14m
2026-05-01 14:47:10,387 [INFO] scanner - ──────────────────────────────────────────────────
2026-05-01 14:47:10,387 [INFO] scanner - 处理标的: US.APO
2026-05-01 14:47:10,427 [INFO] scanner - [STEP1] 获取 US.APO 候选期权链…
2026-05-01 14:47:10,464 [INFO] option_chain_fetcher - [US.APO] 10 个到期日 → 4 批次调用
2026-05-01 14:47:11,480 [WARNING] rate_limiter - [_call] 第 1/5 次失败: 获取期权链频率太高，请求失败，每30秒最多10次。，5.0s 后重试…
2026-05-01 14:47:16,482 [WARNING] rate_limiter - [_call] 第 2/5 次失败: 获取期权链频率太高，请求失败，每30秒最多10次。，10.0s 后重试…
2026-05-01 14:47:26,484 [WARNING] rate_limiter - [_call] 第 3/5 次失败: 获取期权链频率太高，请求失败，每30秒最多10次。，20.0s 后重试…
2026-05-01 14:47:47,246 [INFO] option_chain_fetcher - [US.APO] 候选合约共 6 个
2026-05-01 14:47:47,246 [INFO] scanner - [STEP1] US.APO: 候选合约 6 个
2026-05-01 14:47:47,246 [INFO] scanner - [STEP2] 获取 6 个合约快照…
2026-05-01 14:47:47,318 [INFO] snapshot_fetcher - 快照获取完成：6/6 个合约
2026-05-01 14:47:47,319 [INFO] scanner - [STEP2] 成功获取 6 条快照
2026-05-01 14:47:47,319 [INFO] scanner - [STEP3] 对 US.APO 执行异常检测…
2026-05-01 14:47:47,320 [INFO] anomaly_detector - 本批次无异常合约
2026-05-01 14:47:47,321 [INFO] checkpoint - 读取断点缓存：已完成 162 个标的
2026-05-01 14:47:47,321 [INFO] scanner - [164/527] US.APTV  完成率 31%  预计剩余 1h14m
2026-05-01 14:47:47,321 [INFO] scanner - ──────────────────────────────────────────────────
2026-05-01 14:47:47,321 [INFO] scanner - 处理标的: US.APTV
2026-05-01 14:47:47,361 [INFO] scanner - [STEP1] 获取 US.APTV 候选期权链…
2026-05-01 14:47:47,396 [INFO] option_chain_fetcher - [US.APTV] 4 个到期日 → 4 批次调用
2026-05-01 14:47:48,912 [INFO] option_chain_fetcher - [US.APTV] 候选合约共 1 个
2026-05-01 14:47:48,912 [INFO] scanner - [STEP1] US.APTV: 候选合约 1 个
2026-05-01 14:47:48,912 [INFO] scanner - [STEP2] 获取 1 个合约快照…
2026-05-01 14:47:48,984 [INFO] snapshot_fetcher - 快照获取完成：1/1 个合约
2026-05-01 14:47:48,985 [INFO] scanner - [STEP2] 成功获取 1 条快照
2026-05-01 14:47:48,986 [INFO] scanner - [STEP3] 对 US.APTV 执行异常检测…
2026-05-01 14:47:48,987 [INFO] anomaly_detector - 发现异常合约 1 个
2026-05-01 14:47:48,988 [INFO] anomaly_detector - 已追加写入 1 条异常记录 → .\filter_data\anomaly_results2026-05-01.csv
2026-05-01 14:47:48,989 [INFO] checkpoint - 读取断点缓存：已完成 163 个标的
2026-05-01 14:47:48,989 [INFO] scanner - [165/527] US.ARE  完成率 31%  预计剩余 1h14m
2026-05-01 14:47:48,989 [INFO] scanner - ──────────────────────────────────────────────────
2026-05-01 14:47:48,989 [INFO] scanner - 处理标的: US.ARE
2026-05-01 14:47:49,030 [INFO] scanner - US.ARE 市值过大，pass
2026-05-01 14:47:49,030 [INFO] scanner - [STEP2] 获取 0 个合约快照…
2026-05-01 14:47:49,030 [WARNING] scanner - [STEP2] 合约列表为空，跳过
2026-05-01 14:47:49,030 [ERROR] scanner - [US.ARE] 处理异常: 'option_type'
2026-05-01 14:47:49,031 [ERROR] scanner - Traceback (most recent call last):
  File "C:\Users\Administrator\AppData\Local\Programs\Python\Python312\Lib\site-packages\pandas\core\indexes\base.py", line 3641, in get_loc
    return self._engine.get_loc(casted_key)
           ^^^^^^^^^^^^^^^^^^^^^^^^^^^^^^^^
  File "pandas/_libs/index.pyx", line 168, in pandas._libs.index.IndexEngine.get_loc
  File "pandas/_libs/index.pyx", line 197, in pandas._libs.index.IndexEngine.get_loc
  File "pandas/_libs/hashtable_class_helper.pxi", line 7668, in pandas._libs.hashtable.PyObjectHashTable.get_item
  File "pandas/_libs/hashtable_class_helper.pxi", line 7676, in pandas._libs.hashtable.PyObjectHashTable.get_item
KeyError: 'option_type'

The above exception was the direct cause of the following exception:

Traceback (most recent call last):
  File "<input>", line 170, in step_run_single
  File "C:\Users\Administrator\AppData\Local\Programs\Python\Python312\Lib\site-packages\pandas\core\frame.py", line 4378, in __getitem__
    indexer = self.columns.get_loc(key)
              ^^^^^^^^^^^^^^^^^^^^^^^^^
  File "C:\Users\Administrator\AppData\Local\Programs\Python\Python312\Lib\site-packages\pandas\core\indexes\base.py", line 3648, in get_loc
    raise KeyError(key) from err
KeyError: 'option_type'

2026-05-01 14:47:49,031 [INFO] checkpoint - 读取断点缓存：已完成 164 个标的
2026-05-01 14:47:49,031 [INFO] scanner - [166/527] US.ARES  完成率 31%  预计剩余 1h13m
2026-05-01 14:47:49,032 [INFO] scanner - ──────────────────────────────────────────────────
2026-05-01 14:47:49,032 [INFO] scanner - 处理标的: US.ARES
2026-05-01 14:47:49,070 [INFO] scanner - [STEP1] 获取 US.ARES 候选期权链…
2026-05-01 14:47:49,106 [INFO] option_chain_fetcher - [US.ARES] 12 个到期日 → 5 批次调用
2026-05-01 14:47:50,936 [WARNING] rate_limiter - [_call] 第 1/5 次失败: 获取期权链频率太高，请求失败，每30秒最多10次。，5.0s 后重试…
2026-05-01 14:47:55,938 [WARNING] rate_limiter - [_call] 第 2/5 次失败: 获取期权链频率太高，请求失败，每30秒最多10次。，10.0s 后重试…
2026-05-01 14:48:05,940 [WARNING] rate_limiter - [_call] 第 3/5 次失败: 获取期权链频率太高，请求失败，每30秒最多10次。，20.0s 后重试…
2026-05-01 14:48:26,318 [INFO] option_chain_fetcher - [US.ARES] 候选合约共 5 个
2026-05-01 14:48:26,318 [INFO] scanner - [STEP1] US.ARES: 候选合约 5 个
2026-05-01 14:48:26,318 [INFO] scanner - [STEP2] 获取 5 个合约快照…
2026-05-01 14:48:26,386 [INFO] snapshot_fetcher - 快照获取完成：5/5 个合约
2026-05-01 14:48:26,387 [INFO] scanner - [STEP2] 成功获取 5 条快照
2026-05-01 14:48:26,387 [INFO] scanner - [STEP3] 对 US.ARES 执行异常检测…
2026-05-01 14:48:26,389 [INFO] anomaly_detector - 发现异常合约 1 个
2026-05-01 14:48:26,390 [INFO] anomaly_detector - 已追加写入 1 条异常记录 → .\filter_data\anomaly_results2026-05-01.csv
2026-05-01 14:48:26,390 [INFO] checkpoint - 读取断点缓存：已完成 165 个标的
2026-05-01 14:48:26,391 [INFO] scanner - [167/527] US.ATO  完成率 32%  预计剩余 1h14m
2026-05-01 14:48:26,391 [INFO] scanner - ──────────────────────────────────────────────────
2026-05-01 14:48:26,391 [INFO] scanner - 处理标的: US.ATO
2026-05-01 14:48:26,457 [INFO] scanner - [STEP1] 获取 US.ATO 候选期权链…
2026-05-01 14:48:26,492 [INFO] option_chain_fetcher - [US.ATO] 4 个到期日 → 4 批次调用
2026-05-01 14:48:27,996 [INFO] option_chain_fetcher - [US.ATO] 候选合约共 0 个
2026-05-01 14:48:27,996 [INFO] scanner - [STEP1] US.ATO: 候选合约 0 个
2026-05-01 14:48:27,996 [INFO] scanner - [STEP2] 获取 0 个合约快照…
2026-05-01 14:48:27,996 [WARNING] scanner - [STEP2] 合约列表为空，跳过
2026-05-01 14:48:27,996 [ERROR] scanner - [US.ATO] 处理异常: 'option_type'
2026-05-01 14:48:27,997 [ERROR] scanner - Traceback (most recent call last):
  File "C:\Users\Administrator\AppData\Local\Programs\Python\Python312\Lib\site-packages\pandas\core\indexes\base.py", line 3641, in get_loc
    return self._engine.get_loc(casted_key)
           ^^^^^^^^^^^^^^^^^^^^^^^^^^^^^^^^
  File "pandas/_libs/index.pyx", line 168, in pandas._libs.index.IndexEngine.get_loc
  File "pandas/_libs/index.pyx", line 197, in pandas._libs.index.IndexEngine.get_loc
  File "pandas/_libs/hashtable_class_helper.pxi", line 7668, in pandas._libs.hashtable.PyObjectHashTable.get_item
  File "pandas/_libs/hashtable_class_helper.pxi", line 7676, in pandas._libs.hashtable.PyObjectHashTable.get_item
KeyError: 'option_type'

The above exception was the direct cause of the following exception:

Traceback (most recent call last):
  File "<input>", line 170, in step_run_single
  File "C:\Users\Administrator\AppData\Local\Programs\Python\Python312\Lib\site-packages\pandas\core\frame.py", line 4378, in __getitem__
    indexer = self.columns.get_loc(key)
              ^^^^^^^^^^^^^^^^^^^^^^^^^
  File "C:\Users\Administrator\AppData\Local\Programs\Python\Python312\Lib\site-packages\pandas\core\indexes\base.py", line 3648, in get_loc
    raise KeyError(key) from err
KeyError: 'option_type'

2026-05-01 14:48:27,997 [INFO] checkpoint - 读取断点缓存：已完成 166 个标的
2026-05-01 14:48:27,998 [INFO] scanner - [168/527] US.AVB  完成率 32%  预计剩余 1h13m
2026-05-01 14:48:27,998 [INFO] scanner - ──────────────────────────────────────────────────
2026-05-01 14:48:27,998 [INFO] scanner - 处理标的: US.AVB
2026-05-01 14:48:28,063 [INFO] scanner - US.AVB 市值过大，pass
2026-05-01 14:48:28,063 [INFO] scanner - [STEP2] 获取 0 个合约快照…
2026-05-01 14:48:28,063 [WARNING] scanner - [STEP2] 合约列表为空，跳过
2026-05-01 14:48:28,064 [ERROR] scanner - [US.AVB] 处理异常: 'option_type'
2026-05-01 14:48:28,064 [ERROR] scanner - Traceback (most recent call last):
  File "C:\Users\Administrator\AppData\Local\Programs\Python\Python312\Lib\site-packages\pandas\core\indexes\base.py", line 3641, in get_loc
    return self._engine.get_loc(casted_key)
           ^^^^^^^^^^^^^^^^^^^^^^^^^^^^^^^^
  File "pandas/_libs/index.pyx", line 168, in pandas._libs.index.IndexEngine.get_loc
  File "pandas/_libs/index.pyx", line 197, in pandas._libs.index.IndexEngine.get_loc
  File "pandas/_libs/hashtable_class_helper.pxi", line 7668, in pandas._libs.hashtable.PyObjectHashTable.get_item
  File "pandas/_libs/hashtable_class_helper.pxi", line 7676, in pandas._libs.hashtable.PyObjectHashTable.get_item
KeyError: 'option_type'

The above exception was the direct cause of the following exception:

Traceback (most recent call last):
  File "<input>", line 170, in step_run_single
  File "C:\Users\Administrator\AppData\Local\Programs\Python\Python312\Lib\site-packages\pandas\core\frame.py", line 4378, in __getitem__
    indexer = self.columns.get_loc(key)
              ^^^^^^^^^^^^^^^^^^^^^^^^^
  File "C:\Users\Administrator\AppData\Local\Programs\Python\Python312\Lib\site-packages\pandas\core\indexes\base.py", line 3648, in get_loc
    raise KeyError(key) from err
KeyError: 'option_type'

2026-05-01 14:48:28,064 [INFO] checkpoint - 读取断点缓存：已完成 167 个标的
2026-05-01 14:48:28,065 [INFO] scanner - [169/527] US.AVY  完成率 32%  预计剩余 1h13m
2026-05-01 14:48:28,065 [INFO] scanner - ──────────────────────────────────────────────────
2026-05-01 14:48:28,065 [INFO] scanner - 处理标的: US.AVY
2026-05-01 14:48:28,131 [INFO] scanner - [STEP1] 获取 US.AVY 候选期权链…
2026-05-01 14:48:28,167 [INFO] option_chain_fetcher - [US.AVY] 4 个到期日 → 4 批次调用
2026-05-01 14:48:29,673 [INFO] option_chain_fetcher - [US.AVY] 候选合约共 0 个
2026-05-01 14:48:29,673 [INFO] scanner - [STEP1] US.AVY: 候选合约 0 个
2026-05-01 14:48:29,673 [INFO] scanner - [STEP2] 获取 0 个合约快照…
2026-05-01 14:48:29,673 [WARNING] scanner - [STEP2] 合约列表为空，跳过
2026-05-01 14:48:29,673 [ERROR] scanner - [US.AVY] 处理异常: 'option_type'
2026-05-01 14:48:29,674 [ERROR] scanner - Traceback (most recent call last):
  File "C:\Users\Administrator\AppData\Local\Programs\Python\Python312\Lib\site-packages\pandas\core\indexes\base.py", line 3641, in get_loc
    return self._engine.get_loc(casted_key)
           ^^^^^^^^^^^^^^^^^^^^^^^^^^^^^^^^
  File "pandas/_libs/index.pyx", line 168, in pandas._libs.index.IndexEngine.get_loc
  File "pandas/_libs/index.pyx", line 197, in pandas._libs.index.IndexEngine.get_loc
  File "pandas/_libs/hashtable_class_helper.pxi", line 7668, in pandas._libs.hashtable.PyObjectHashTable.get_item
  File "pandas/_libs/hashtable_class_helper.pxi", line 7676, in pandas._libs.hashtable.PyObjectHashTable.get_item
KeyError: 'option_type'

The above exception was the direct cause of the following exception:

Traceback (most recent call last):
  File "<input>", line 170, in step_run_single
  File "C:\Users\Administrator\AppData\Local\Programs\Python\Python312\Lib\site-packages\pandas\core\frame.py", line 4378, in __getitem__
    indexer = self.columns.get_loc(key)
              ^^^^^^^^^^^^^^^^^^^^^^^^^
  File "C:\Users\Administrator\AppData\Local\Programs\Python\Python312\Lib\site-packages\pandas\core\indexes\base.py", line 3648, in get_loc
    raise KeyError(key) from err
KeyError: 'option_type'

2026-05-01 14:48:29,674 [INFO] checkpoint - 读取断点缓存：已完成 168 个标的
2026-05-01 14:48:29,675 [INFO] scanner - [170/527] US.AWK  完成率 32%  预计剩余 1h12m
2026-05-01 14:48:29,675 [INFO] scanner - ──────────────────────────────────────────────────
2026-05-01 14:48:29,675 [INFO] scanner - 处理标的: US.AWK
2026-05-01 14:48:29,716 [INFO] scanner - [STEP1] 获取 US.AWK 候选期权链…
2026-05-01 14:48:29,752 [INFO] option_chain_fetcher - [US.AWK] 3 个到期日 → 3 批次调用
2026-05-01 14:48:30,129 [WARNING] rate_limiter - [_call] 第 1/5 次失败: 获取期权链频率太高，请求失败，每30秒最多10次。，5.0s 后重试…
2026-05-01 14:48:35,131 [WARNING] rate_limiter - [_call] 第 2/5 次失败: 获取期权链频率太高，请求失败，每30秒最多10次。，10.0s 后重试…
2026-05-01 14:48:45,134 [WARNING] rate_limiter - [_call] 第 3/5 次失败: 获取期权链频率太高，请求失败，每30秒最多10次。，20.0s 后重试…
2026-05-01 14:49:05,890 [INFO] option_chain_fetcher - [US.AWK] 候选合约共 0 个
2026-05-01 14:49:05,890 [INFO] scanner - [STEP1] US.AWK: 候选合约 0 个
2026-05-01 14:49:05,890 [INFO] scanner - [STEP2] 获取 0 个合约快照…
2026-05-01 14:49:05,890 [WARNING] scanner - [STEP2] 合约列表为空，跳过
2026-05-01 14:49:05,890 [ERROR] scanner - [US.AWK] 处理异常: 'option_type'
2026-05-01 14:49:05,891 [ERROR] scanner - Traceback (most recent call last):
  File "C:\Users\Administrator\AppData\Local\Programs\Python\Python312\Lib\site-packages\pandas\core\indexes\base.py", line 3641, in get_loc
    return self._engine.get_loc(casted_key)
           ^^^^^^^^^^^^^^^^^^^^^^^^^^^^^^^^
  File "pandas/_libs/index.pyx", line 168, in pandas._libs.index.IndexEngine.get_loc
  File "pandas/_libs/index.pyx", line 197, in pandas._libs.index.IndexEngine.get_loc
  File "pandas/_libs/hashtable_class_helper.pxi", line 7668, in pandas._libs.hashtable.PyObjectHashTable.get_item
  File "pandas/_libs/hashtable_class_helper.pxi", line 7676, in pandas._libs.hashtable.PyObjectHashTable.get_item
KeyError: 'option_type'

The above exception was the direct cause of the following exception:

Traceback (most recent call last):
  File "<input>", line 170, in step_run_single
  File "C:\Users\Administrator\AppData\Local\Programs\Python\Python312\Lib\site-packages\pandas\core\frame.py", line 4378, in __getitem__
    indexer = self.columns.get_loc(key)
              ^^^^^^^^^^^^^^^^^^^^^^^^^
  File "C:\Users\Administrator\AppData\Local\Programs\Python\Python312\Lib\site-packages\pandas\core\indexes\base.py", line 3648, in get_loc
    raise KeyError(key) from err
KeyError: 'option_type'

2026-05-01 14:49:05,891 [INFO] checkpoint - 读取断点缓存：已完成 169 个标的
2026-05-01 14:49:05,892 [INFO] scanner - [171/527] US.AZO  完成率 32%  预计剩余 1h13m
2026-05-01 14:49:05,892 [INFO] scanner - ──────────────────────────────────────────────────
2026-05-01 14:49:05,892 [INFO] scanner - 处理标的: US.AZO
2026-05-01 14:49:05,932 [INFO] scanner - [STEP1] 获取 US.AZO 候选期权链…
2026-05-01 14:49:05,967 [INFO] option_chain_fetcher - [US.AZO] 3 个到期日 → 3 批次调用
2026-05-01 14:49:07,128 [INFO] option_chain_fetcher - [US.AZO] 候选合约共 0 个
2026-05-01 14:49:07,128 [INFO] scanner - [STEP1] US.AZO: 候选合约 0 个
2026-05-01 14:49:07,128 [INFO] scanner - [STEP2] 获取 0 个合约快照…
2026-05-01 14:49:07,128 [WARNING] scanner - [STEP2] 合约列表为空，跳过
2026-05-01 14:49:07,128 [ERROR] scanner - [US.AZO] 处理异常: 'option_type'
2026-05-01 14:49:07,129 [ERROR] scanner - Traceback (most recent call last):
  File "C:\Users\Administrator\AppData\Local\Programs\Python\Python312\Lib\site-packages\pandas\core\indexes\base.py", line 3641, in get_loc
    return self._engine.get_loc(casted_key)
           ^^^^^^^^^^^^^^^^^^^^^^^^^^^^^^^^
  File "pandas/_libs/index.pyx", line 168, in pandas._libs.index.IndexEngine.get_loc
  File "pandas/_libs/index.pyx", line 197, in pandas._libs.index.IndexEngine.get_loc
  File "pandas/_libs/hashtable_class_helper.pxi", line 7668, in pandas._libs.hashtable.PyObjectHashTable.get_item
  File "pandas/_libs/hashtable_class_helper.pxi", line 7676, in pandas._libs.hashtable.PyObjectHashTable.get_item
KeyError: 'option_type'

The above exception was the direct cause of the following exception:

Traceback (most recent call last):
  File "<input>", line 170, in step_run_single
  File "C:\Users\Administrator\AppData\Local\Programs\Python\Python312\Lib\site-packages\pandas\core\frame.py", line 4378, in __getitem__
    indexer = self.columns.get_loc(key)
              ^^^^^^^^^^^^^^^^^^^^^^^^^
  File "C:\Users\Administrator\AppData\Local\Programs\Python\Python312\Lib\site-packages\pandas\core\indexes\base.py", line 3648, in get_loc
    raise KeyError(key) from err
KeyError: 'option_type'

2026-05-01 14:49:07,129 [INFO] checkpoint - 读取断点缓存：已完成 170 个标的
2026-05-01 14:49:07,130 [INFO] scanner - [172/527] US.BAC  完成率 33%  预计剩余 1h12m
2026-05-01 14:49:07,130 [INFO] scanner - ──────────────────────────────────────────────────
2026-05-01 14:49:07,130 [INFO] scanner - 处理标的: US.BAC
2026-05-01 14:49:07,168 [INFO] scanner - [STEP1] 获取 US.BAC 候选期权链…
2026-05-01 14:49:07,204 [INFO] option_chain_fetcher - [US.BAC] 13 个到期日 → 6 批次调用
2026-05-01 14:49:09,393 [WARNING] rate_limiter - [_call] 第 1/5 次失败: 获取期权链频率太高，请求失败，每30秒最多10次。，5.0s 后重试…
2026-05-01 14:49:14,396 [WARNING] rate_limiter - [_call] 第 2/5 次失败: 获取期权链频率太高，请求失败，每30秒最多10次。，10.0s 后重试…
2026-05-01 14:49:24,398 [WARNING] rate_limiter - [_call] 第 3/5 次失败: 获取期权链频率太高，请求失败，每30秒最多10次。，20.0s 后重试…
2026-05-01 14:49:44,777 [INFO] option_chain_fetcher - [US.BAC] 候选合约共 66 个
2026-05-01 14:49:44,777 [INFO] scanner - [STEP1] US.BAC: 候选合约 66 个
2026-05-01 14:49:44,777 [INFO] scanner - [STEP2] 获取 66 个合约快照…
2026-05-01 14:49:44,912 [INFO] snapshot_fetcher - 快照获取完成：66/66 个合约
2026-05-01 14:49:44,913 [INFO] scanner - [STEP2] 成功获取 66 条快照
2026-05-01 14:49:44,915 [INFO] scanner - [STEP3] 对 US.BAC 执行异常检测…
2026-05-01 14:49:44,916 [INFO] anomaly_detector - 本批次无异常合约
2026-05-01 14:49:44,917 [INFO] checkpoint - 读取断点缓存：已完成 171 个标的
2026-05-01 14:49:44,918 [INFO] scanner - [173/527] US.BALL  完成率 33%  预计剩余 1h13m
2026-05-01 14:49:44,918 [INFO] scanner - ──────────────────────────────────────────────────
2026-05-01 14:49:44,918 [INFO] scanner - 处理标的: US.BALL
2026-05-01 14:49:44,959 [INFO] scanner - [STEP1] 获取 US.BALL 候选期权链…
2026-05-01 14:49:44,994 [INFO] option_chain_fetcher - [US.BALL] 5 个到期日 → 4 批次调用
2026-05-01 14:49:46,541 [INFO] option_chain_fetcher - [US.BALL] 候选合约共 0 个
2026-05-01 14:49:46,541 [INFO] scanner - [STEP1] US.BALL: 候选合约 0 个
2026-05-01 14:49:46,541 [INFO] scanner - [STEP2] 获取 0 个合约快照…
2026-05-01 14:49:46,541 [WARNING] scanner - [STEP2] 合约列表为空，跳过
2026-05-01 14:49:46,542 [ERROR] scanner - [US.BALL] 处理异常: 'option_type'
2026-05-01 14:49:46,542 [ERROR] scanner - Traceback (most recent call last):
  File "C:\Users\Administrator\AppData\Local\Programs\Python\Python312\Lib\site-packages\pandas\core\indexes\base.py", line 3641, in get_loc
    return self._engine.get_loc(casted_key)
           ^^^^^^^^^^^^^^^^^^^^^^^^^^^^^^^^
  File "pandas/_libs/index.pyx", line 168, in pandas._libs.index.IndexEngine.get_loc
  File "pandas/_libs/index.pyx", line 197, in pandas._libs.index.IndexEngine.get_loc
  File "pandas/_libs/hashtable_class_helper.pxi", line 7668, in pandas._libs.hashtable.PyObjectHashTable.get_item
  File "pandas/_libs/hashtable_class_helper.pxi", line 7676, in pandas._libs.hashtable.PyObjectHashTable.get_item
KeyError: 'option_type'

The above exception was the direct cause of the following exception:

Traceback (most recent call last):
  File "<input>", line 170, in step_run_single
  File "C:\Users\Administrator\AppData\Local\Programs\Python\Python312\Lib\site-packages\pandas\core\frame.py", line 4378, in __getitem__
    indexer = self.columns.get_loc(key)
              ^^^^^^^^^^^^^^^^^^^^^^^^^
  File "C:\Users\Administrator\AppData\Local\Programs\Python\Python312\Lib\site-packages\pandas\core\indexes\base.py", line 3648, in get_loc
    raise KeyError(key) from err
KeyError: 'option_type'

2026-05-01 14:49:46,543 [INFO] checkpoint - 读取断点缓存：已完成 172 个标的
2026-05-01 14:49:46,543 [INFO] scanner - [174/527] US.BAX  完成率 33%  预计剩余 1h12m
2026-05-01 14:49:46,543 [INFO] scanner - ──────────────────────────────────────────────────
2026-05-01 14:49:46,543 [INFO] scanner - 处理标的: US.BAX
2026-05-01 14:49:46,583 [INFO] scanner - [STEP1] 获取 US.BAX 候选期权链…
2026-05-01 14:49:46,619 [INFO] option_chain_fetcher - [US.BAX] 11 个到期日 → 4 批次调用
2026-05-01 14:49:48,414 [INFO] option_chain_fetcher - [US.BAX] 候选合约共 4 个
2026-05-01 14:49:48,414 [INFO] scanner - [STEP1] US.BAX: 候选合约 4 个
2026-05-01 14:49:48,414 [INFO] scanner - [STEP2] 获取 4 个合约快照…
2026-05-01 14:49:48,484 [INFO] snapshot_fetcher - 快照获取完成：4/4 个合约
2026-05-01 14:49:48,484 [INFO] scanner - [STEP2] 成功获取 4 条快照
2026-05-01 14:49:48,485 [INFO] scanner - [STEP3] 对 US.BAX 执行异常检测…
2026-05-01 14:49:48,486 [INFO] anomaly_detector - 本批次无异常合约
2026-05-01 14:49:48,486 [INFO] checkpoint - 读取断点缓存：已完成 173 个标的
2026-05-01 14:49:48,487 [INFO] scanner - [175/527] US.BBY  完成率 33%  预计剩余 1h12m
2026-05-01 14:49:48,487 [INFO] scanner - ──────────────────────────────────────────────────
2026-05-01 14:49:48,487 [INFO] scanner - 处理标的: US.BBY
2026-05-01 14:49:48,528 [INFO] scanner - [STEP1] 获取 US.BBY 候选期权链…
2026-05-01 14:49:48,563 [INFO] option_chain_fetcher - [US.BBY] 10 个到期日 → 4 批次调用
2026-05-01 14:49:49,120 [WARNING] rate_limiter - [_call] 第 1/5 次失败: 获取期权链频率太高，请求失败，每30秒最多10次。，5.0s 后重试…
2026-05-01 14:49:54,122 [WARNING] rate_limiter - [_call] 第 2/5 次失败: 获取期权链频率太高，请求失败，每30秒最多10次。，10.0s 后重试…
2026-05-01 14:50:04,124 [WARNING] rate_limiter - [_call] 第 3/5 次失败: 获取期权链频率太高，请求失败，每30秒最多10次。，20.0s 后重试…
2026-05-01 14:50:25,346 [INFO] option_chain_fetcher - [US.BBY] 候选合约共 2 个
2026-05-01 14:50:25,346 [INFO] scanner - [STEP1] US.BBY: 候选合约 2 个
2026-05-01 14:50:25,346 [INFO] scanner - [STEP2] 获取 2 个合约快照…
2026-05-01 14:50:25,412 [INFO] snapshot_fetcher - 快照获取完成：2/2 个合约
2026-05-01 14:50:25,413 [INFO] scanner - [STEP2] 成功获取 2 条快照
2026-05-01 14:50:25,414 [INFO] scanner - [STEP3] 对 US.BBY 执行异常检测…
2026-05-01 14:50:25,414 [INFO] anomaly_detector - 本批次无异常合约
2026-05-01 14:50:25,415 [INFO] checkpoint - 读取断点缓存：已完成 174 个标的
2026-05-01 14:50:25,415 [INFO] scanner - [176/527] US.BDX  完成率 33%  预计剩余 1h12m
2026-05-01 14:50:25,415 [INFO] scanner - ──────────────────────────────────────────────────
2026-05-01 14:50:25,415 [INFO] scanner - 处理标的: US.BDX
2026-05-01 14:50:25,455 [INFO] scanner - [STEP1] 获取 US.BDX 候选期权链…
2026-05-01 14:50:25,490 [INFO] option_chain_fetcher - [US.BDX] 3 个到期日 → 3 批次调用
2026-05-01 14:50:26,629 [INFO] option_chain_fetcher - [US.BDX] 候选合约共 0 个
2026-05-01 14:50:26,629 [INFO] scanner - [STEP1] US.BDX: 候选合约 0 个
2026-05-01 14:50:26,629 [INFO] scanner - [STEP2] 获取 0 个合约快照…
2026-05-01 14:50:26,629 [WARNING] scanner - [STEP2] 合约列表为空，跳过
2026-05-01 14:50:26,630 [ERROR] scanner - [US.BDX] 处理异常: 'option_type'
2026-05-01 14:50:26,630 [ERROR] scanner - Traceback (most recent call last):
  File "C:\Users\Administrator\AppData\Local\Programs\Python\Python312\Lib\site-packages\pandas\core\indexes\base.py", line 3641, in get_loc
    return self._engine.get_loc(casted_key)
           ^^^^^^^^^^^^^^^^^^^^^^^^^^^^^^^^
  File "pandas/_libs/index.pyx", line 168, in pandas._libs.index.IndexEngine.get_loc
  File "pandas/_libs/index.pyx", line 197, in pandas._libs.index.IndexEngine.get_loc
  File "pandas/_libs/hashtable_class_helper.pxi", line 7668, in pandas._libs.hashtable.PyObjectHashTable.get_item
  File "pandas/_libs/hashtable_class_helper.pxi", line 7676, in pandas._libs.hashtable.PyObjectHashTable.get_item
KeyError: 'option_type'

The above exception was the direct cause of the following exception:

Traceback (most recent call last):
  File "<input>", line 170, in step_run_single
  File "C:\Users\Administrator\AppData\Local\Programs\Python\Python312\Lib\site-packages\pandas\core\frame.py", line 4378, in __getitem__
    indexer = self.columns.get_loc(key)
              ^^^^^^^^^^^^^^^^^^^^^^^^^
  File "C:\Users\Administrator\AppData\Local\Programs\Python\Python312\Lib\site-packages\pandas\core\indexes\base.py", line 3648, in get_loc
    raise KeyError(key) from err
KeyError: 'option_type'

2026-05-01 14:50:26,631 [INFO] checkpoint - 读取断点缓存：已完成 175 个标的
2026-05-01 14:50:26,631 [INFO] scanner - [177/527] US.BEN  完成率 34%  预计剩余 1h12m
2026-05-01 14:50:26,631 [INFO] scanner - ──────────────────────────────────────────────────
2026-05-01 14:50:26,631 [INFO] scanner - 处理标的: US.BEN
2026-05-01 14:50:26,697 [INFO] scanner - [STEP1] 获取 US.BEN 候选期权链…
2026-05-01 14:50:26,732 [INFO] option_chain_fetcher - [US.BEN] 4 个到期日 → 4 批次调用
2026-05-01 14:50:28,245 [INFO] option_chain_fetcher - [US.BEN] 候选合约共 6 个
2026-05-01 14:50:28,245 [INFO] scanner - [STEP1] US.BEN: 候选合约 6 个
2026-05-01 14:50:28,245 [INFO] scanner - [STEP2] 获取 6 个合约快照…
2026-05-01 14:50:28,313 [INFO] snapshot_fetcher - 快照获取完成：6/6 个合约
2026-05-01 14:50:28,314 [INFO] scanner - [STEP2] 成功获取 6 条快照
2026-05-01 14:50:28,315 [INFO] scanner - [STEP3] 对 US.BEN 执行异常检测…
2026-05-01 14:50:28,316 [INFO] anomaly_detector - 发现异常合约 1 个
2026-05-01 14:50:28,317 [INFO] anomaly_detector - 已追加写入 1 条异常记录 → .\filter_data\anomaly_results2026-05-01.csv
2026-05-01 14:50:28,317 [INFO] checkpoint - 读取断点缓存：已完成 176 个标的
2026-05-01 14:50:28,318 [INFO] scanner - [178/527] US.BF.B  完成率 34%  预计剩余 1h11m
2026-05-01 14:50:28,318 [INFO] scanner - ──────────────────────────────────────────────────
2026-05-01 14:50:28,318 [INFO] scanner - 处理标的: US.BF.B
2026-05-01 14:50:28,357 [INFO] scanner - [STEP1] 获取 US.BF.B 候选期权链…
2026-05-01 14:50:28,393 [INFO] option_chain_fetcher - [US.BF.B] 3 个到期日 → 3 批次调用
2026-05-01 14:50:28,395 [WARNING] rate_limiter - [_call] 第 1/5 次失败: 获取期权链频率太高，请求失败，每30秒最多10次。，5.0s 后重试…
2026-05-01 14:50:33,397 [WARNING] rate_limiter - [_call] 第 2/5 次失败: 获取期权链频率太高，请求失败，每30秒最多10次。，10.0s 后重试…
2026-05-01 14:50:43,399 [WARNING] rate_limiter - [_call] 第 3/5 次失败: 获取期权链频率太高，请求失败，每30秒最多10次。，20.0s 后重试…
2026-05-01 14:51:04,533 [INFO] option_chain_fetcher - [US.BF.B] 候选合约共 3 个
2026-05-01 14:51:04,533 [INFO] scanner - [STEP1] US.BF.B: 候选合约 3 个
2026-05-01 14:51:04,533 [INFO] scanner - [STEP2] 获取 3 个合约快照…
2026-05-01 14:51:04,602 [INFO] snapshot_fetcher - 快照获取完成：3/3 个合约
2026-05-01 14:51:04,602 [INFO] scanner - [STEP2] 成功获取 3 条快照
2026-05-01 14:51:04,603 [INFO] scanner - [STEP3] 对 US.BF.B 执行异常检测…
2026-05-01 14:51:04,604 [INFO] anomaly_detector - 本批次无异常合约
2026-05-01 14:51:04,604 [INFO] checkpoint - 读取断点缓存：已完成 177 个标的
2026-05-01 14:51:04,605 [INFO] scanner - [179/527] US.BG  完成率 34%  预计剩余 1h12m
2026-05-01 14:51:04,605 [INFO] scanner - ──────────────────────────────────────────────────
2026-05-01 14:51:04,605 [INFO] scanner - 处理标的: US.BG
2026-05-01 14:51:04,645 [INFO] scanner - [STEP1] 获取 US.BG 候选期权链…
2026-05-01 14:51:04,680 [INFO] option_chain_fetcher - [US.BG] 4 个到期日 → 4 批次调用
2026-05-01 14:51:06,307 [INFO] option_chain_fetcher - [US.BG] 候选合约共 2 个
2026-05-01 14:51:06,307 [INFO] scanner - [STEP1] US.BG: 候选合约 2 个
2026-05-01 14:51:06,307 [INFO] scanner - [STEP2] 获取 2 个合约快照…
2026-05-01 14:51:06,374 [INFO] snapshot_fetcher - 快照获取完成：2/2 个合约
2026-05-01 14:51:06,375 [INFO] scanner - [STEP2] 成功获取 2 条快照
2026-05-01 14:51:06,376 [INFO] scanner - [STEP3] 对 US.BG 执行异常检测…
2026-05-01 14:51:06,376 [INFO] anomaly_detector - 本批次无异常合约
2026-05-01 14:51:06,377 [INFO] checkpoint - 读取断点缓存：已完成 178 个标的
2026-05-01 14:51:06,377 [INFO] scanner - [180/527] US.BIIB  完成率 34%  预计剩余 1h11m
2026-05-01 14:51:06,377 [INFO] scanner - ──────────────────────────────────────────────────
2026-05-01 14:51:06,377 [INFO] scanner - 处理标的: US.BIIB
2026-05-01 14:51:06,441 [INFO] scanner - [STEP1] 获取 US.BIIB 候选期权链…
2026-05-01 14:51:06,477 [INFO] option_chain_fetcher - [US.BIIB] 11 个到期日 → 4 批次调用
2026-05-01 14:51:07,864 [WARNING] rate_limiter - [_call] 第 1/5 次失败: 获取期权链频率太高，请求失败，每30秒最多10次。，5.0s 后重试…
2026-05-01 14:51:12,866 [WARNING] rate_limiter - [_call] 第 2/5 次失败: 获取期权链频率太高，请求失败，每30秒最多10次。，10.0s 后重试…
2026-05-01 14:51:22,868 [WARNING] rate_limiter - [_call] 第 3/5 次失败: 获取期权链频率太高，请求失败，每30秒最多10次。，20.0s 后重试…
2026-05-01 14:51:43,294 [INFO] option_chain_fetcher - [US.BIIB] 候选合约共 0 个
2026-05-01 14:51:43,294 [INFO] scanner - [STEP1] US.BIIB: 候选合约 0 个
2026-05-01 14:51:43,294 [INFO] scanner - [STEP2] 获取 0 个合约快照…
2026-05-01 14:51:43,294 [WARNING] scanner - [STEP2] 合约列表为空，跳过
2026-05-01 14:51:43,294 [ERROR] scanner - [US.BIIB] 处理异常: 'option_type'
2026-05-01 14:51:43,295 [ERROR] scanner - Traceback (most recent call last):
  File "C:\Users\Administrator\AppData\Local\Programs\Python\Python312\Lib\site-packages\pandas\core\indexes\base.py", line 3641, in get_loc
    return self._engine.get_loc(casted_key)
           ^^^^^^^^^^^^^^^^^^^^^^^^^^^^^^^^
  File "pandas/_libs/index.pyx", line 168, in pandas._libs.index.IndexEngine.get_loc
  File "pandas/_libs/index.pyx", line 197, in pandas._libs.index.IndexEngine.get_loc
  File "pandas/_libs/hashtable_class_helper.pxi", line 7668, in pandas._libs.hashtable.PyObjectHashTable.get_item
  File "pandas/_libs/hashtable_class_helper.pxi", line 7676, in pandas._libs.hashtable.PyObjectHashTable.get_item
KeyError: 'option_type'

The above exception was the direct cause of the following exception:

Traceback (most recent call last):
  File "<input>", line 170, in step_run_single
  File "C:\Users\Administrator\AppData\Local\Programs\Python\Python312\Lib\site-packages\pandas\core\frame.py", line 4378, in __getitem__
    indexer = self.columns.get_loc(key)
              ^^^^^^^^^^^^^^^^^^^^^^^^^
  File "C:\Users\Administrator\AppData\Local\Programs\Python\Python312\Lib\site-packages\pandas\core\indexes\base.py", line 3648, in get_loc
    raise KeyError(key) from err
KeyError: 'option_type'

2026-05-01 14:51:43,295 [INFO] checkpoint - 读取断点缓存：已完成 179 个标的
2026-05-01 14:51:43,296 [INFO] scanner - [181/527] US.BK  完成率 34%  预计剩余 1h12m
2026-05-01 14:51:43,296 [INFO] scanner - ──────────────────────────────────────────────────
2026-05-01 14:51:43,296 [INFO] scanner - 处理标的: US.BK
2026-05-01 14:51:43,336 [INFO] scanner - [STEP1] 获取 US.BK 候选期权链…
2026-05-01 14:51:43,372 [INFO] option_chain_fetcher - [US.BK] 3 个到期日 → 3 批次调用
2026-05-01 14:51:44,508 [INFO] option_chain_fetcher - [US.BK] 候选合约共 0 个
2026-05-01 14:51:44,508 [INFO] scanner - [STEP1] US.BK: 候选合约 0 个
2026-05-01 14:51:44,508 [INFO] scanner - [STEP2] 获取 0 个合约快照…
2026-05-01 14:51:44,508 [WARNING] scanner - [STEP2] 合约列表为空，跳过
2026-05-01 14:51:44,508 [ERROR] scanner - [US.BK] 处理异常: 'option_type'
2026-05-01 14:51:44,509 [ERROR] scanner - Traceback (most recent call last):
  File "C:\Users\Administrator\AppData\Local\Programs\Python\Python312\Lib\site-packages\pandas\core\indexes\base.py", line 3641, in get_loc
    return self._engine.get_loc(casted_key)
           ^^^^^^^^^^^^^^^^^^^^^^^^^^^^^^^^
  File "pandas/_libs/index.pyx", line 168, in pandas._libs.index.IndexEngine.get_loc
  File "pandas/_libs/index.pyx", line 197, in pandas._libs.index.IndexEngine.get_loc
  File "pandas/_libs/hashtable_class_helper.pxi", line 7668, in pandas._libs.hashtable.PyObjectHashTable.get_item
  File "pandas/_libs/hashtable_class_helper.pxi", line 7676, in pandas._libs.hashtable.PyObjectHashTable.get_item
KeyError: 'option_type'

The above exception was the direct cause of the following exception:

Traceback (most recent call last):
  File "<input>", line 170, in step_run_single
  File "C:\Users\Administrator\AppData\Local\Programs\Python\Python312\Lib\site-packages\pandas\core\frame.py", line 4378, in __getitem__
    indexer = self.columns.get_loc(key)
              ^^^^^^^^^^^^^^^^^^^^^^^^^
  File "C:\Users\Administrator\AppData\Local\Programs\Python\Python312\Lib\site-packages\pandas\core\indexes\base.py", line 3648, in get_loc
    raise KeyError(key) from err
KeyError: 'option_type'

2026-05-01 14:51:44,509 [INFO] checkpoint - 读取断点缓存：已完成 180 个标的
2026-05-01 14:51:44,510 [INFO] scanner - [182/527] US.BLDR  完成率 35%  预计剩余 1h11m
2026-05-01 14:51:44,510 [INFO] scanner - ──────────────────────────────────────────────────
2026-05-01 14:51:44,510 [INFO] scanner - 处理标的: US.BLDR
2026-05-01 14:51:44,579 [INFO] scanner - [STEP1] 获取 US.BLDR 候选期权链…
2026-05-01 14:51:44,615 [INFO] option_chain_fetcher - [US.BLDR] 5 个到期日 → 4 批次调用
2026-05-01 14:51:46,297 [INFO] option_chain_fetcher - [US.BLDR] 候选合约共 5 个
2026-05-01 14:51:46,297 [INFO] scanner - [STEP1] US.BLDR: 候选合约 5 个
2026-05-01 14:51:46,297 [INFO] scanner - [STEP2] 获取 5 个合约快照…
2026-05-01 14:51:46,368 [INFO] snapshot_fetcher - 快照获取完成：5/5 个合约
2026-05-01 14:51:46,368 [INFO] scanner - [STEP2] 成功获取 5 条快照
2026-05-01 14:51:46,369 [INFO] scanner - [STEP3] 对 US.BLDR 执行异常检测…
2026-05-01 14:51:46,370 [INFO] anomaly_detector - 本批次无异常合约
2026-05-01 14:51:46,370 [INFO] checkpoint - 读取断点缓存：已完成 181 个标的
2026-05-01 14:51:46,371 [INFO] scanner - [183/527] US.BLK  完成率 35%  预计剩余 1h11m
2026-05-01 14:51:46,371 [INFO] scanner - ──────────────────────────────────────────────────
2026-05-01 14:51:46,371 [INFO] scanner - 处理标的: US.BLK
2026-05-01 14:51:46,412 [INFO] scanner - [STEP1] 获取 US.BLK 候选期权链…
2026-05-01 14:51:46,447 [INFO] option_chain_fetcher - [US.BLK] 12 个到期日 → 5 批次调用
2026-05-01 14:51:47,496 [WARNING] rate_limiter - [_call] 第 1/5 次失败: 获取期权链频率太高，请求失败，每30秒最多10次。，5.0s 后重试…
2026-05-01 14:51:52,498 [WARNING] rate_limiter - [_call] 第 2/5 次失败: 获取期权链频率太高，请求失败，每30秒最多10次。，10.0s 后重试…
2026-05-01 14:52:02,501 [WARNING] rate_limiter - [_call] 第 3/5 次失败: 获取期权链频率太高，请求失败，每30秒最多10次。，20.0s 后重试…
2026-05-01 14:52:23,697 [INFO] option_chain_fetcher - [US.BLK] 候选合约共 0 个
2026-05-01 14:52:23,697 [INFO] scanner - [STEP1] US.BLK: 候选合约 0 个
2026-05-01 14:52:23,697 [INFO] scanner - [STEP2] 获取 0 个合约快照…
2026-05-01 14:52:23,697 [WARNING] scanner - [STEP2] 合约列表为空，跳过
2026-05-01 14:52:23,697 [ERROR] scanner - [US.BLK] 处理异常: 'option_type'
2026-05-01 14:52:23,698 [ERROR] scanner - Traceback (most recent call last):
  File "C:\Users\Administrator\AppData\Local\Programs\Python\Python312\Lib\site-packages\pandas\core\indexes\base.py", line 3641, in get_loc
    return self._engine.get_loc(casted_key)
           ^^^^^^^^^^^^^^^^^^^^^^^^^^^^^^^^
  File "pandas/_libs/index.pyx", line 168, in pandas._libs.index.IndexEngine.get_loc
  File "pandas/_libs/index.pyx", line 197, in pandas._libs.index.IndexEngine.get_loc
  File "pandas/_libs/hashtable_class_helper.pxi", line 7668, in pandas._libs.hashtable.PyObjectHashTable.get_item
  File "pandas/_libs/hashtable_class_helper.pxi", line 7676, in pandas._libs.hashtable.PyObjectHashTable.get_item
KeyError: 'option_type'

The above exception was the direct cause of the following exception:

Traceback (most recent call last):
  File "<input>", line 170, in step_run_single
  File "C:\Users\Administrator\AppData\Local\Programs\Python\Python312\Lib\site-packages\pandas\core\frame.py", line 4378, in __getitem__
    indexer = self.columns.get_loc(key)
              ^^^^^^^^^^^^^^^^^^^^^^^^^
  File "C:\Users\Administrator\AppData\Local\Programs\Python\Python312\Lib\site-packages\pandas\core\indexes\base.py", line 3648, in get_loc
    raise KeyError(key) from err
KeyError: 'option_type'

2026-05-01 14:52:23,698 [INFO] checkpoint - 读取断点缓存：已完成 182 个标的
2026-05-01 14:52:23,699 [INFO] scanner - [184/527] US.BMY  完成率 35%  预计剩余 1h11m
2026-05-01 14:52:23,699 [INFO] scanner - ──────────────────────────────────────────────────
2026-05-01 14:52:23,699 [INFO] scanner - 处理标的: US.BMY
2026-05-01 14:52:23,741 [INFO] scanner - [STEP1] 获取 US.BMY 候选期权链…
2026-05-01 14:52:23,778 [INFO] option_chain_fetcher - [US.BMY] 10 个到期日 → 4 批次调用
2026-05-01 14:52:25,745 [INFO] option_chain_fetcher - [US.BMY] 候选合约共 38 个
2026-05-01 14:52:25,745 [INFO] scanner - [STEP1] US.BMY: 候选合约 38 个
2026-05-01 14:52:25,745 [INFO] scanner - [STEP2] 获取 38 个合约快照…
2026-05-01 14:52:25,857 [INFO] snapshot_fetcher - 快照获取完成：38/38 个合约
2026-05-01 14:52:25,857 [INFO] scanner - [STEP2] 成功获取 38 条快照
2026-05-01 14:52:25,858 [INFO] scanner - [STEP3] 对 US.BMY 执行异常检测…
2026-05-01 14:52:25,859 [INFO] anomaly_detector - 发现异常合约 1 个
2026-05-01 14:52:25,861 [INFO] anomaly_detector - 已追加写入 1 条异常记录 → .\filter_data\anomaly_results2026-05-01.csv
2026-05-01 14:52:25,861 [INFO] checkpoint - 读取断点缓存：已完成 183 个标的
2026-05-01 14:52:25,861 [INFO] scanner - [185/527] US.BR  完成率 35%  预计剩余 1h11m
2026-05-01 14:52:25,861 [INFO] scanner - ──────────────────────────────────────────────────
2026-05-01 14:52:25,862 [INFO] scanner - 处理标的: US.BR
2026-05-01 14:52:25,901 [INFO] scanner - [STEP1] 获取 US.BR 候选期权链…
2026-05-01 14:52:25,936 [INFO] option_chain_fetcher - [US.BR] 3 个到期日 → 3 批次调用
2026-05-01 14:52:27,068 [INFO] option_chain_fetcher - [US.BR] 候选合约共 0 个
2026-05-01 14:52:27,068 [INFO] scanner - [STEP1] US.BR: 候选合约 0 个
2026-05-01 14:52:27,068 [INFO] scanner - [STEP2] 获取 0 个合约快照…
2026-05-01 14:52:27,068 [WARNING] scanner - [STEP2] 合约列表为空，跳过
2026-05-01 14:52:27,068 [ERROR] scanner - [US.BR] 处理异常: 'option_type'
2026-05-01 14:52:27,069 [ERROR] scanner - Traceback (most recent call last):
  File "C:\Users\Administrator\AppData\Local\Programs\Python\Python312\Lib\site-packages\pandas\core\indexes\base.py", line 3641, in get_loc
    return self._engine.get_loc(casted_key)
           ^^^^^^^^^^^^^^^^^^^^^^^^^^^^^^^^
  File "pandas/_libs/index.pyx", line 168, in pandas._libs.index.IndexEngine.get_loc
  File "pandas/_libs/index.pyx", line 197, in pandas._libs.index.IndexEngine.get_loc
  File "pandas/_libs/hashtable_class_helper.pxi", line 7668, in pandas._libs.hashtable.PyObjectHashTable.get_item
  File "pandas/_libs/hashtable_class_helper.pxi", line 7676, in pandas._libs.hashtable.PyObjectHashTable.get_item
KeyError: 'option_type'

The above exception was the direct cause of the following exception:

Traceback (most recent call last):
  File "<input>", line 170, in step_run_single
  File "C:\Users\Administrator\AppData\Local\Programs\Python\Python312\Lib\site-packages\pandas\core\frame.py", line 4378, in __getitem__
    indexer = self.columns.get_loc(key)
              ^^^^^^^^^^^^^^^^^^^^^^^^^
  File "C:\Users\Administrator\AppData\Local\Programs\Python\Python312\Lib\site-packages\pandas\core\indexes\base.py", line 3648, in get_loc
    raise KeyError(key) from err
KeyError: 'option_type'

2026-05-01 14:52:27,070 [INFO] checkpoint - 读取断点缓存：已完成 184 个标的
2026-05-01 14:52:27,070 [INFO] scanner - [186/527] US.BRK.B  完成率 35%  预计剩余 1h10m
2026-05-01 14:52:27,070 [INFO] scanner - ──────────────────────────────────────────────────
2026-05-01 14:52:27,070 [INFO] scanner - 处理标的: US.BRK.B
2026-05-01 14:52:27,109 [INFO] scanner - US.BRK.B 市值过大，pass
2026-05-01 14:52:27,109 [INFO] scanner - [STEP2] 获取 0 个合约快照…
2026-05-01 14:52:27,109 [WARNING] scanner - [STEP2] 合约列表为空，跳过
2026-05-01 14:52:27,109 [ERROR] scanner - [US.BRK.B] 处理异常: 'option_type'
2026-05-01 14:52:27,110 [ERROR] scanner - Traceback (most recent call last):
  File "C:\Users\Administrator\AppData\Local\Programs\Python\Python312\Lib\site-packages\pandas\core\indexes\base.py", line 3641, in get_loc
    return self._engine.get_loc(casted_key)
           ^^^^^^^^^^^^^^^^^^^^^^^^^^^^^^^^
  File "pandas/_libs/index.pyx", line 168, in pandas._libs.index.IndexEngine.get_loc
  File "pandas/_libs/index.pyx", line 197, in pandas._libs.index.IndexEngine.get_loc
  File "pandas/_libs/hashtable_class_helper.pxi", line 7668, in pandas._libs.hashtable.PyObjectHashTable.get_item
  File "pandas/_libs/hashtable_class_helper.pxi", line 7676, in pandas._libs.hashtable.PyObjectHashTable.get_item
KeyError: 'option_type'

The above exception was the direct cause of the following exception:

Traceback (most recent call last):
  File "<input>", line 170, in step_run_single
  File "C:\Users\Administrator\AppData\Local\Programs\Python\Python312\Lib\site-packages\pandas\core\frame.py", line 4378, in __getitem__
    indexer = self.columns.get_loc(key)
              ^^^^^^^^^^^^^^^^^^^^^^^^^
  File "C:\Users\Administrator\AppData\Local\Programs\Python\Python312\Lib\site-packages\pandas\core\indexes\base.py", line 3648, in get_loc
    raise KeyError(key) from err
KeyError: 'option_type'

2026-05-01 14:52:27,110 [INFO] checkpoint - 读取断点缓存：已完成 185 个标的
2026-05-01 14:52:27,111 [INFO] scanner - [187/527] US.BRO  完成率 35%  预计剩余 1h10m
2026-05-01 14:52:27,111 [INFO] scanner - ──────────────────────────────────────────────────
2026-05-01 14:52:27,111 [INFO] scanner - 处理标的: US.BRO
2026-05-01 14:52:27,179 [INFO] scanner - [STEP1] 获取 US.BRO 候选期权链…
2026-05-01 14:52:27,213 [INFO] option_chain_fetcher - [US.BRO] 3 个到期日 → 3 批次调用
2026-05-01 14:52:27,215 [WARNING] rate_limiter - [_call] 第 1/5 次失败: 获取期权链频率太高，请求失败，每30秒最多10次。，5.0s 后重试…
2026-05-01 14:52:32,218 [WARNING] rate_limiter - [_call] 第 2/5 次失败: 获取期权链频率太高，请求失败，每30秒最多10次。，10.0s 后重试…
2026-05-01 14:52:42,220 [WARNING] rate_limiter - [_call] 第 3/5 次失败: 获取期权链频率太高，请求失败，每30秒最多10次。，20.0s 后重试…
2026-05-01 14:53:03,356 [INFO] option_chain_fetcher - [US.BRO] 候选合约共 0 个
2026-05-01 14:53:03,356 [INFO] scanner - [STEP1] US.BRO: 候选合约 0 个
2026-05-01 14:53:03,356 [INFO] scanner - [STEP2] 获取 0 个合约快照…
2026-05-01 14:53:03,356 [WARNING] scanner - [STEP2] 合约列表为空，跳过
2026-05-01 14:53:03,356 [ERROR] scanner - [US.BRO] 处理异常: 'option_type'
2026-05-01 14:53:03,357 [ERROR] scanner - Traceback (most recent call last):
  File "C:\Users\Administrator\AppData\Local\Programs\Python\Python312\Lib\site-packages\pandas\core\indexes\base.py", line 3641, in get_loc
    return self._engine.get_loc(casted_key)
           ^^^^^^^^^^^^^^^^^^^^^^^^^^^^^^^^
  File "pandas/_libs/index.pyx", line 168, in pandas._libs.index.IndexEngine.get_loc
  File "pandas/_libs/index.pyx", line 197, in pandas._libs.index.IndexEngine.get_loc
  File "pandas/_libs/hashtable_class_helper.pxi", line 7668, in pandas._libs.hashtable.PyObjectHashTable.get_item
  File "pandas/_libs/hashtable_class_helper.pxi", line 7676, in pandas._libs.hashtable.PyObjectHashTable.get_item
KeyError: 'option_type'

The above exception was the direct cause of the following exception:

Traceback (most recent call last):
  File "<input>", line 170, in step_run_single
  File "C:\Users\Administrator\AppData\Local\Programs\Python\Python312\Lib\site-packages\pandas\core\frame.py", line 4378, in __getitem__
    indexer = self.columns.get_loc(key)
              ^^^^^^^^^^^^^^^^^^^^^^^^^
  File "C:\Users\Administrator\AppData\Local\Programs\Python\Python312\Lib\site-packages\pandas\core\indexes\base.py", line 3648, in get_loc
    raise KeyError(key) from err
KeyError: 'option_type'

2026-05-01 14:53:03,357 [INFO] checkpoint - 读取断点缓存：已完成 186 个标的
2026-05-01 14:53:03,358 [INFO] scanner - [188/527] US.BSX  完成率 36%  预计剩余 1h10m
2026-05-01 14:53:03,358 [INFO] scanner - ──────────────────────────────────────────────────
2026-05-01 14:53:03,358 [INFO] scanner - 处理标的: US.BSX
2026-05-01 14:53:03,400 [INFO] scanner - [STEP1] 获取 US.BSX 候选期权链…
2026-05-01 14:53:03,435 [INFO] option_chain_fetcher - [US.BSX] 12 个到期日 → 5 批次调用
2026-05-01 14:53:05,800 [INFO] option_chain_fetcher - [US.BSX] 候选合约共 15 个
2026-05-01 14:53:05,800 [INFO] scanner - [STEP1] US.BSX: 候选合约 15 个
2026-05-01 14:53:05,800 [INFO] scanner - [STEP2] 获取 15 个合约快照…
2026-05-01 14:53:05,871 [INFO] snapshot_fetcher - 快照获取完成：15/15 个合约
2026-05-01 14:53:05,871 [INFO] scanner - [STEP2] 成功获取 15 条快照
2026-05-01 14:53:05,872 [INFO] scanner - [STEP3] 对 US.BSX 执行异常检测…
2026-05-01 14:53:05,874 [INFO] anomaly_detector - 发现异常合约 5 个
2026-05-01 14:53:05,875 [INFO] anomaly_detector - 已追加写入 5 条异常记录 → .\filter_data\anomaly_results2026-05-01.csv
2026-05-01 14:53:05,876 [INFO] checkpoint - 读取断点缓存：已完成 187 个标的
2026-05-01 14:53:05,876 [INFO] scanner - [189/527] US.BX  完成率 36%  预计剩余 1h10m
2026-05-01 14:53:05,876 [INFO] scanner - ──────────────────────────────────────────────────
2026-05-01 14:53:05,876 [INFO] scanner - 处理标的: US.BX
2026-05-01 14:53:05,947 [INFO] scanner - [STEP1] 获取 US.BX 候选期权链…
2026-05-01 14:53:05,984 [INFO] option_chain_fetcher - [US.BX] 13 个到期日 → 6 批次调用
2026-05-01 14:53:07,080 [WARNING] rate_limiter - [_call] 第 1/5 次失败: 获取期权链频率太高，请求失败，每30秒最多10次。，5.0s 后重试…
2026-05-01 14:53:12,083 [WARNING] rate_limiter - [_call] 第 2/5 次失败: 获取期权链频率太高，请求失败，每30秒最多10次。，10.0s 后重试…
2026-05-01 14:53:22,085 [WARNING] rate_limiter - [_call] 第 3/5 次失败: 获取期权链频率太高，请求失败，每30秒最多10次。，20.0s 后重试…
2026-05-01 14:53:43,783 [INFO] option_chain_fetcher - [US.BX] 候选合约共 18 个
2026-05-01 14:53:43,783 [INFO] scanner - [STEP1] US.BX: 候选合约 18 个
2026-05-01 14:53:43,783 [INFO] scanner - [STEP2] 获取 18 个合约快照…
2026-05-01 14:53:43,855 [INFO] snapshot_fetcher - 快照获取完成：18/18 个合约
2026-05-01 14:53:43,856 [INFO] scanner - [STEP2] 成功获取 18 条快照
2026-05-01 14:53:43,856 [INFO] scanner - [STEP3] 对 US.BX 执行异常检测…
2026-05-01 14:53:43,858 [INFO] anomaly_detector - 发现异常合约 1 个
2026-05-01 14:53:43,859 [INFO] anomaly_detector - 已追加写入 1 条异常记录 → .\filter_data\anomaly_results2026-05-01.csv
2026-05-01 14:53:43,859 [INFO] checkpoint - 读取断点缓存：已完成 188 个标的
2026-05-01 14:53:43,860 [INFO] scanner - [190/527] US.BXP  完成率 36%  预计剩余 1h10m
2026-05-01 14:53:43,860 [INFO] scanner - ──────────────────────────────────────────────────
2026-05-01 14:53:43,860 [INFO] scanner - 处理标的: US.BXP
2026-05-01 14:53:43,898 [INFO] scanner - US.BXP 市值过大，pass
2026-05-01 14:53:43,898 [INFO] scanner - [STEP2] 获取 0 个合约快照…
2026-05-01 14:53:43,898 [WARNING] scanner - [STEP2] 合约列表为空，跳过
2026-05-01 14:53:43,898 [ERROR] scanner - [US.BXP] 处理异常: 'option_type'
2026-05-01 14:53:43,899 [ERROR] scanner - Traceback (most recent call last):
  File "C:\Users\Administrator\AppData\Local\Programs\Python\Python312\Lib\site-packages\pandas\core\indexes\base.py", line 3641, in get_loc
    return self._engine.get_loc(casted_key)
           ^^^^^^^^^^^^^^^^^^^^^^^^^^^^^^^^
  File "pandas/_libs/index.pyx", line 168, in pandas._libs.index.IndexEngine.get_loc
  File "pandas/_libs/index.pyx", line 197, in pandas._libs.index.IndexEngine.get_loc
  File "pandas/_libs/hashtable_class_helper.pxi", line 7668, in pandas._libs.hashtable.PyObjectHashTable.get_item
  File "pandas/_libs/hashtable_class_helper.pxi", line 7676, in pandas._libs.hashtable.PyObjectHashTable.get_item
KeyError: 'option_type'

The above exception was the direct cause of the following exception:

Traceback (most recent call last):
  File "<input>", line 170, in step_run_single
  File "C:\Users\Administrator\AppData\Local\Programs\Python\Python312\Lib\site-packages\pandas\core\frame.py", line 4378, in __getitem__
    indexer = self.columns.get_loc(key)
              ^^^^^^^^^^^^^^^^^^^^^^^^^
  File "C:\Users\Administrator\AppData\Local\Programs\Python\Python312\Lib\site-packages\pandas\core\indexes\base.py", line 3648, in get_loc
    raise KeyError(key) from err
KeyError: 'option_type'

2026-05-01 14:53:43,899 [INFO] checkpoint - 读取断点缓存：已完成 189 个标的
2026-05-01 14:53:43,900 [INFO] scanner - [191/527] US.C  完成率 36%  预计剩余 1h09m
2026-05-01 14:53:43,900 [INFO] scanner - ──────────────────────────────────────────────────
2026-05-01 14:53:43,900 [INFO] scanner - 处理标的: US.C
2026-05-01 14:53:43,943 [INFO] scanner - [STEP1] 获取 US.C 候选期权链…
2026-05-01 14:53:43,980 [INFO] option_chain_fetcher - [US.C] 13 个到期日 → 6 批次调用
2026-05-01 14:53:46,791 [INFO] option_chain_fetcher - [US.C] 候选合约共 38 个
2026-05-01 14:53:46,791 [INFO] scanner - [STEP1] US.C: 候选合约 38 个
2026-05-01 14:53:46,791 [INFO] scanner - [STEP2] 获取 38 个合约快照…
2026-05-01 14:53:46,899 [INFO] snapshot_fetcher - 快照获取完成：38/38 个合约
2026-05-01 14:53:46,900 [INFO] scanner - [STEP2] 成功获取 38 条快照
2026-05-01 14:53:46,901 [INFO] scanner - [STEP3] 对 US.C 执行异常检测…
2026-05-01 14:53:46,902 [INFO] anomaly_detector - 发现异常合约 6 个
2026-05-01 14:53:46,904 [INFO] anomaly_detector - 已追加写入 6 条异常记录 → .\filter_data\anomaly_results2026-05-01.csv
2026-05-01 14:53:46,904 [INFO] checkpoint - 读取断点缓存：已完成 190 个标的
2026-05-01 14:53:46,905 [INFO] scanner - [192/527] US.CAG  完成率 36%  预计剩余 1h09m
2026-05-01 14:53:46,905 [INFO] scanner - ──────────────────────────────────────────────────
2026-05-01 14:53:46,905 [INFO] scanner - 处理标的: US.CAG
2026-05-01 14:53:46,944 [INFO] scanner - [STEP1] 获取 US.CAG 候选期权链…
2026-05-01 14:53:46,980 [INFO] option_chain_fetcher - [US.CAG] 9 个到期日 → 3 批次调用
2026-05-01 14:53:46,983 [WARNING] rate_limiter - [_call] 第 1/5 次失败: 获取期权链频率太高，请求失败，每30秒最多10次。，5.0s 后重试…
2026-05-01 14:53:51,984 [WARNING] rate_limiter - [_call] 第 2/5 次失败: 获取期权链频率太高，请求失败，每30秒最多10次。，10.0s 后重试…
2026-05-01 14:54:01,986 [WARNING] rate_limiter - [_call] 第 3/5 次失败: 获取期权链频率太高，请求失败，每30秒最多10次。，20.0s 后重试…
2026-05-01 14:54:23,500 [INFO] option_chain_fetcher - [US.CAG] 候选合约共 26 个
2026-05-01 14:54:23,500 [INFO] scanner - [STEP1] US.CAG: 候选合约 26 个
2026-05-01 14:54:23,500 [INFO] scanner - [STEP2] 获取 26 个合约快照…
2026-05-01 14:54:23,613 [INFO] snapshot_fetcher - 快照获取完成：26/26 个合约
2026-05-01 14:54:23,613 [INFO] scanner - [STEP2] 成功获取 26 条快照
2026-05-01 14:54:23,614 [INFO] scanner - [STEP3] 对 US.CAG 执行异常检测…
2026-05-01 14:54:23,615 [INFO] anomaly_detector - 发现异常合约 1 个
2026-05-01 14:54:23,617 [INFO] anomaly_detector - 已追加写入 1 条异常记录 → .\filter_data\anomaly_results2026-05-01.csv
2026-05-01 14:54:23,617 [INFO] checkpoint - 读取断点缓存：已完成 191 个标的
2026-05-01 14:54:23,618 [INFO] scanner - [193/527] US.CAH  完成率 37%  预计剩余 1h10m
2026-05-01 14:54:23,618 [INFO] scanner - ──────────────────────────────────────────────────
2026-05-01 14:54:23,618 [INFO] scanner - 处理标的: US.CAH
2026-05-01 14:54:23,657 [INFO] scanner - [STEP1] 获取 US.CAH 候选期权链…
2026-05-01 14:54:23,693 [INFO] option_chain_fetcher - [US.CAH] 9 个到期日 → 3 批次调用
2026-05-01 14:54:25,149 [INFO] option_chain_fetcher - [US.CAH] 候选合约共 6 个
2026-05-01 14:54:25,149 [INFO] scanner - [STEP1] US.CAH: 候选合约 6 个
2026-05-01 14:54:25,149 [INFO] scanner - [STEP2] 获取 6 个合约快照…
2026-05-01 14:54:25,216 [INFO] snapshot_fetcher - 快照获取完成：6/6 个合约
2026-05-01 14:54:25,217 [INFO] scanner - [STEP2] 成功获取 6 条快照
2026-05-01 14:54:25,217 [INFO] scanner - [STEP3] 对 US.CAH 执行异常检测…
2026-05-01 14:54:25,219 [INFO] anomaly_detector - 发现异常合约 2 个
2026-05-01 14:54:25,220 [INFO] anomaly_detector - 已追加写入 2 条异常记录 → .\filter_data\anomaly_results2026-05-01.csv
2026-05-01 14:54:25,221 [INFO] checkpoint - 读取断点缓存：已完成 192 个标的
2026-05-01 14:54:25,221 [INFO] scanner - [194/527] US.CARR  完成率 37%  预计剩余 1h09m
2026-05-01 14:54:25,221 [INFO] scanner - ──────────────────────────────────────────────────
2026-05-01 14:54:25,221 [INFO] scanner - 处理标的: US.CARR
2026-05-01 14:54:25,287 [INFO] scanner - [STEP1] 获取 US.CARR 候选期权链…
2026-05-01 14:54:25,322 [INFO] option_chain_fetcher - [US.CARR] 3 个到期日 → 3 批次调用
2026-05-01 14:54:26,636 [INFO] option_chain_fetcher - [US.CARR] 候选合约共 16 个
2026-05-01 14:54:26,636 [INFO] scanner - [STEP1] US.CARR: 候选合约 16 个
2026-05-01 14:54:26,636 [INFO] scanner - [STEP2] 获取 16 个合约快照…
2026-05-01 14:54:26,709 [INFO] snapshot_fetcher - 快照获取完成：16/16 个合约
2026-05-01 14:54:26,710 [INFO] scanner - [STEP2] 成功获取 16 条快照
2026-05-01 14:54:26,711 [INFO] scanner - [STEP3] 对 US.CARR 执行异常检测…
2026-05-01 14:54:26,712 [INFO] anomaly_detector - 发现异常合约 5 个
2026-05-01 14:54:26,714 [INFO] anomaly_detector - 已追加写入 5 条异常记录 → .\filter_data\anomaly_results2026-05-01.csv
2026-05-01 14:54:26,714 [INFO] checkpoint - 读取断点缓存：已完成 193 个标的
2026-05-01 14:54:26,714 [INFO] scanner - [195/527] US.CASY  完成率 37%  预计剩余 1h08m
2026-05-01 14:54:26,715 [INFO] scanner - ──────────────────────────────────────────────────
2026-05-01 14:54:26,715 [INFO] scanner - 处理标的: US.CASY
2026-05-01 14:54:26,755 [INFO] scanner - [STEP1] 获取 US.CASY 候选期权链…
2026-05-01 14:54:26,790 [INFO] option_chain_fetcher - [US.CASY] 4 个到期日 → 4 批次调用
2026-05-01 14:54:27,172 [WARNING] rate_limiter - [_call] 第 1/5 次失败: 获取期权链频率太高，请求失败，每30秒最多10次。，5.0s 后重试…
2026-05-01 14:54:32,174 [WARNING] rate_limiter - [_call] 第 2/5 次失败: 获取期权链频率太高，请求失败，每30秒最多10次。，10.0s 后重试…
2026-05-01 14:54:42,176 [WARNING] rate_limiter - [_call] 第 3/5 次失败: 获取期权链频率太高，请求失败，每30秒最多10次。，20.0s 后重试…
2026-05-01 14:55:03,327 [INFO] option_chain_fetcher - [US.CASY] 候选合约共 0 个
2026-05-01 14:55:03,327 [INFO] scanner - [STEP1] US.CASY: 候选合约 0 个
2026-05-01 14:55:03,327 [INFO] scanner - [STEP2] 获取 0 个合约快照…
2026-05-01 14:55:03,327 [WARNING] scanner - [STEP2] 合约列表为空，跳过
2026-05-01 14:55:03,327 [ERROR] scanner - [US.CASY] 处理异常: 'option_type'
2026-05-01 14:55:03,328 [ERROR] scanner - Traceback (most recent call last):
  File "C:\Users\Administrator\AppData\Local\Programs\Python\Python312\Lib\site-packages\pandas\core\indexes\base.py", line 3641, in get_loc
    return self._engine.get_loc(casted_key)
           ^^^^^^^^^^^^^^^^^^^^^^^^^^^^^^^^
  File "pandas/_libs/index.pyx", line 168, in pandas._libs.index.IndexEngine.get_loc
  File "pandas/_libs/index.pyx", line 197, in pandas._libs.index.IndexEngine.get_loc
  File "pandas/_libs/hashtable_class_helper.pxi", line 7668, in pandas._libs.hashtable.PyObjectHashTable.get_item
  File "pandas/_libs/hashtable_class_helper.pxi", line 7676, in pandas._libs.hashtable.PyObjectHashTable.get_item
KeyError: 'option_type'

The above exception was the direct cause of the following exception:

Traceback (most recent call last):
  File "<input>", line 170, in step_run_single
  File "C:\Users\Administrator\AppData\Local\Programs\Python\Python312\Lib\site-packages\pandas\core\frame.py", line 4378, in __getitem__
    indexer = self.columns.get_loc(key)
              ^^^^^^^^^^^^^^^^^^^^^^^^^
  File "C:\Users\Administrator\AppData\Local\Programs\Python\Python312\Lib\site-packages\pandas\core\indexes\base.py", line 3648, in get_loc
    raise KeyError(key) from err
KeyError: 'option_type'

2026-05-01 14:55:03,328 [INFO] checkpoint - 读取断点缓存：已完成 194 个标的
2026-05-01 14:55:03,329 [INFO] scanner - [196/527] US.CB  完成率 37%  预计剩余 1h09m
2026-05-01 14:55:03,329 [INFO] scanner - ──────────────────────────────────────────────────
2026-05-01 14:55:03,329 [INFO] scanner - 处理标的: US.CB
2026-05-01 14:55:03,370 [INFO] scanner - [STEP1] 获取 US.CB 候选期权链…
2026-05-01 14:55:03,406 [INFO] option_chain_fetcher - [US.CB] 5 个到期日 → 4 批次调用
2026-05-01 14:55:04,972 [INFO] option_chain_fetcher - [US.CB] 候选合约共 0 个
2026-05-01 14:55:04,972 [INFO] scanner - [STEP1] US.CB: 候选合约 0 个
2026-05-01 14:55:04,972 [INFO] scanner - [STEP2] 获取 0 个合约快照…
2026-05-01 14:55:04,972 [WARNING] scanner - [STEP2] 合约列表为空，跳过
2026-05-01 14:55:04,972 [ERROR] scanner - [US.CB] 处理异常: 'option_type'
2026-05-01 14:55:04,974 [ERROR] scanner - Traceback (most recent call last):
  File "C:\Users\Administrator\AppData\Local\Programs\Python\Python312\Lib\site-packages\pandas\core\indexes\base.py", line 3641, in get_loc
    return self._engine.get_loc(casted_key)
           ^^^^^^^^^^^^^^^^^^^^^^^^^^^^^^^^
  File "pandas/_libs/index.pyx", line 168, in pandas._libs.index.IndexEngine.get_loc
  File "pandas/_libs/index.pyx", line 197, in pandas._libs.index.IndexEngine.get_loc
  File "pandas/_libs/hashtable_class_helper.pxi", line 7668, in pandas._libs.hashtable.PyObjectHashTable.get_item
  File "pandas/_libs/hashtable_class_helper.pxi", line 7676, in pandas._libs.hashtable.PyObjectHashTable.get_item
KeyError: 'option_type'

The above exception was the direct cause of the following exception:

Traceback (most recent call last):
  File "<input>", line 170, in step_run_single
  File "C:\Users\Administrator\AppData\Local\Programs\Python\Python312\Lib\site-packages\pandas\core\frame.py", line 4378, in __getitem__
    indexer = self.columns.get_loc(key)
              ^^^^^^^^^^^^^^^^^^^^^^^^^
  File "C:\Users\Administrator\AppData\Local\Programs\Python\Python312\Lib\site-packages\pandas\core\indexes\base.py", line 3648, in get_loc
    raise KeyError(key) from err
KeyError: 'option_type'

2026-05-01 14:55:04,974 [INFO] checkpoint - 读取断点缓存：已完成 195 个标的
2026-05-01 14:55:04,975 [INFO] scanner - [197/527] US.CBOE  完成率 37%  预计剩余 1h08m
2026-05-01 14:55:04,975 [INFO] scanner - ──────────────────────────────────────────────────
2026-05-01 14:55:04,975 [INFO] scanner - 处理标的: US.CBOE
2026-05-01 14:55:05,014 [INFO] scanner - [STEP1] 获取 US.CBOE 候选期权链…
2026-05-01 14:55:05,049 [INFO] option_chain_fetcher - [US.CBOE] 9 个到期日 → 3 批次调用
2026-05-01 14:55:06,448 [INFO] option_chain_fetcher - [US.CBOE] 候选合约共 0 个
2026-05-01 14:55:06,448 [INFO] scanner - [STEP1] US.CBOE: 候选合约 0 个
2026-05-01 14:55:06,448 [INFO] scanner - [STEP2] 获取 0 个合约快照…
2026-05-01 14:55:06,448 [WARNING] scanner - [STEP2] 合约列表为空，跳过
2026-05-01 14:55:06,448 [ERROR] scanner - [US.CBOE] 处理异常: 'option_type'
2026-05-01 14:55:06,449 [ERROR] scanner - Traceback (most recent call last):
  File "C:\Users\Administrator\AppData\Local\Programs\Python\Python312\Lib\site-packages\pandas\core\indexes\base.py", line 3641, in get_loc
    return self._engine.get_loc(casted_key)
           ^^^^^^^^^^^^^^^^^^^^^^^^^^^^^^^^
  File "pandas/_libs/index.pyx", line 168, in pandas._libs.index.IndexEngine.get_loc
  File "pandas/_libs/index.pyx", line 197, in pandas._libs.index.IndexEngine.get_loc
  File "pandas/_libs/hashtable_class_helper.pxi", line 7668, in pandas._libs.hashtable.PyObjectHashTable.get_item
  File "pandas/_libs/hashtable_class_helper.pxi", line 7676, in pandas._libs.hashtable.PyObjectHashTable.get_item
KeyError: 'option_type'

The above exception was the direct cause of the following exception:

Traceback (most recent call last):
  File "<input>", line 170, in step_run_single
  File "C:\Users\Administrator\AppData\Local\Programs\Python\Python312\Lib\site-packages\pandas\core\frame.py", line 4378, in __getitem__
    indexer = self.columns.get_loc(key)
              ^^^^^^^^^^^^^^^^^^^^^^^^^
  File "C:\Users\Administrator\AppData\Local\Programs\Python\Python312\Lib\site-packages\pandas\core\indexes\base.py", line 3648, in get_loc
    raise KeyError(key) from err
KeyError: 'option_type'

2026-05-01 14:55:06,449 [INFO] checkpoint - 读取断点缓存：已完成 196 个标的
2026-05-01 14:55:06,450 [INFO] scanner - [198/527] US.CBRE  完成率 38%  预计剩余 1h08m
2026-05-01 14:55:06,450 [INFO] scanner - ──────────────────────────────────────────────────
2026-05-01 14:55:06,450 [INFO] scanner - 处理标的: US.CBRE
2026-05-01 14:55:06,491 [INFO] scanner - [STEP1] 获取 US.CBRE 候选期权链…
2026-05-01 14:55:06,525 [INFO] option_chain_fetcher - [US.CBRE] 4 个到期日 → 4 批次调用
2026-05-01 14:55:06,526 [WARNING] rate_limiter - [_call] 第 1/5 次失败: 获取期权链频率太高，请求失败，每30秒最多10次。，5.0s 后重试…
2026-05-01 14:55:11,528 [WARNING] rate_limiter - [_call] 第 2/5 次失败: 获取期权链频率太高，请求失败，每30秒最多10次。，10.0s 后重试…
2026-05-01 14:55:21,530 [WARNING] rate_limiter - [_call] 第 3/5 次失败: 获取期权链频率太高，请求失败，每30秒最多10次。，20.0s 后重试…
2026-05-01 14:55:43,103 [INFO] option_chain_fetcher - [US.CBRE] 候选合约共 2 个
2026-05-01 14:55:43,103 [INFO] scanner - [STEP1] US.CBRE: 候选合约 2 个
2026-05-01 14:55:43,103 [INFO] scanner - [STEP2] 获取 2 个合约快照…
2026-05-01 14:55:43,170 [INFO] snapshot_fetcher - 快照获取完成：2/2 个合约
2026-05-01 14:55:43,171 [INFO] scanner - [STEP2] 成功获取 2 条快照
2026-05-01 14:55:43,172 [INFO] scanner - [STEP3] 对 US.CBRE 执行异常检测…
2026-05-01 14:55:43,172 [INFO] anomaly_detector - 本批次无异常合约
2026-05-01 14:55:43,173 [INFO] checkpoint - 读取断点缓存：已完成 197 个标的
2026-05-01 14:55:43,173 [INFO] scanner - [199/527] US.CCI  完成率 38%  预计剩余 1h08m
2026-05-01 14:55:43,173 [INFO] scanner - ──────────────────────────────────────────────────
2026-05-01 14:55:43,173 [INFO] scanner - 处理标的: US.CCI
2026-05-01 14:55:43,211 [INFO] scanner - US.CCI 市值过大，pass
2026-05-01 14:55:43,211 [INFO] scanner - [STEP2] 获取 0 个合约快照…
2026-05-01 14:55:43,211 [WARNING] scanner - [STEP2] 合约列表为空，跳过
2026-05-01 14:55:43,211 [ERROR] scanner - [US.CCI] 处理异常: 'option_type'
2026-05-01 14:55:43,212 [ERROR] scanner - Traceback (most recent call last):
  File "C:\Users\Administrator\AppData\Local\Programs\Python\Python312\Lib\site-packages\pandas\core\indexes\base.py", line 3641, in get_loc
    return self._engine.get_loc(casted_key)
           ^^^^^^^^^^^^^^^^^^^^^^^^^^^^^^^^
  File "pandas/_libs/index.pyx", line 168, in pandas._libs.index.IndexEngine.get_loc
  File "pandas/_libs/index.pyx", line 197, in pandas._libs.index.IndexEngine.get_loc
  File "pandas/_libs/hashtable_class_helper.pxi", line 7668, in pandas._libs.hashtable.PyObjectHashTable.get_item
  File "pandas/_libs/hashtable_class_helper.pxi", line 7676, in pandas._libs.hashtable.PyObjectHashTable.get_item
KeyError: 'option_type'

The above exception was the direct cause of the following exception:

Traceback (most recent call last):
  File "<input>", line 170, in step_run_single
  File "C:\Users\Administrator\AppData\Local\Programs\Python\Python312\Lib\site-packages\pandas\core\frame.py", line 4378, in __getitem__
    indexer = self.columns.get_loc(key)
              ^^^^^^^^^^^^^^^^^^^^^^^^^
  File "C:\Users\Administrator\AppData\Local\Programs\Python\Python312\Lib\site-packages\pandas\core\indexes\base.py", line 3648, in get_loc
    raise KeyError(key) from err
KeyError: 'option_type'

2026-05-01 14:55:43,212 [INFO] checkpoint - 读取断点缓存：已完成 198 个标的
2026-05-01 14:55:43,213 [INFO] scanner - [200/527] US.CCL  完成率 38%  预计剩余 1h08m
2026-05-01 14:55:43,213 [INFO] scanner - ──────────────────────────────────────────────────
2026-05-01 14:55:43,213 [INFO] scanner - 处理标的: US.CCL
2026-05-01 14:55:43,253 [INFO] scanner - [STEP1] 获取 US.CCL 候选期权链…
2026-05-01 14:55:43,288 [INFO] option_chain_fetcher - [US.CCL] 11 个到期日 → 4 批次调用
2026-05-01 14:55:45,363 [INFO] option_chain_fetcher - [US.CCL] 候选合约共 52 个
2026-05-01 14:55:45,363 [INFO] scanner - [STEP1] US.CCL: 候选合约 52 个
2026-05-01 14:55:45,363 [INFO] scanner - [STEP2] 获取 52 个合约快照…
2026-05-01 14:55:45,501 [INFO] snapshot_fetcher - 快照获取完成：52/52 个合约
2026-05-01 14:55:45,502 [INFO] scanner - [STEP2] 成功获取 52 条快照
2026-05-01 14:55:45,502 [INFO] scanner - [STEP3] 对 US.CCL 执行异常检测…
2026-05-01 14:55:45,503 [INFO] anomaly_detector - 本批次无异常合约
2026-05-01 14:55:45,504 [INFO] checkpoint - 读取断点缓存：已完成 199 个标的
2026-05-01 14:55:45,504 [INFO] scanner - [201/527] US.CDW  完成率 38%  预计剩余 1h07m
2026-05-01 14:55:45,504 [INFO] scanner - ──────────────────────────────────────────────────
2026-05-01 14:55:45,504 [INFO] scanner - 处理标的: US.CDW
2026-05-01 14:55:45,544 [INFO] scanner - [STEP1] 获取 US.CDW 候选期权链…
2026-05-01 14:55:45,580 [INFO] option_chain_fetcher - [US.CDW] 4 个到期日 → 4 批次调用
2026-05-01 14:55:46,342 [WARNING] rate_limiter - [_call] 第 1/5 次失败: 获取期权链频率太高，请求失败，每30秒最多10次。，5.0s 后重试…
2026-05-01 14:55:51,344 [WARNING] rate_limiter - [_call] 第 2/5 次失败: 获取期权链频率太高，请求失败，每30秒最多10次。，10.0s 后重试…
2026-05-01 14:56:01,346 [WARNING] rate_limiter - [_call] 第 3/5 次失败: 获取期权链频率太高，请求失败，每30秒最多10次。，20.0s 后重试…
2026-05-01 14:56:22,101 [INFO] option_chain_fetcher - [US.CDW] 候选合约共 0 个
2026-05-01 14:56:22,101 [INFO] scanner - [STEP1] US.CDW: 候选合约 0 个
2026-05-01 14:56:22,101 [INFO] scanner - [STEP2] 获取 0 个合约快照…
2026-05-01 14:56:22,101 [WARNING] scanner - [STEP2] 合约列表为空，跳过
2026-05-01 14:56:22,101 [ERROR] scanner - [US.CDW] 处理异常: 'option_type'
2026-05-01 14:56:22,102 [ERROR] scanner - Traceback (most recent call last):
  File "C:\Users\Administrator\AppData\Local\Programs\Python\Python312\Lib\site-packages\pandas\core\indexes\base.py", line 3641, in get_loc
    return self._engine.get_loc(casted_key)
           ^^^^^^^^^^^^^^^^^^^^^^^^^^^^^^^^
  File "pandas/_libs/index.pyx", line 168, in pandas._libs.index.IndexEngine.get_loc
  File "pandas/_libs/index.pyx", line 197, in pandas._libs.index.IndexEngine.get_loc
  File "pandas/_libs/hashtable_class_helper.pxi", line 7668, in pandas._libs.hashtable.PyObjectHashTable.get_item
  File "pandas/_libs/hashtable_class_helper.pxi", line 7676, in pandas._libs.hashtable.PyObjectHashTable.get_item
KeyError: 'option_type'

The above exception was the direct cause of the following exception:

Traceback (most recent call last):
  File "<input>", line 170, in step_run_single
  File "C:\Users\Administrator\AppData\Local\Programs\Python\Python312\Lib\site-packages\pandas\core\frame.py", line 4378, in __getitem__
    indexer = self.columns.get_loc(key)
              ^^^^^^^^^^^^^^^^^^^^^^^^^
  File "C:\Users\Administrator\AppData\Local\Programs\Python\Python312\Lib\site-packages\pandas\core\indexes\base.py", line 3648, in get_loc
    raise KeyError(key) from err
KeyError: 'option_type'

2026-05-01 14:56:22,102 [INFO] checkpoint - 读取断点缓存：已完成 200 个标的
2026-05-01 14:56:22,103 [INFO] scanner - [202/527] US.CF  完成率 38%  预计剩余 1h08m
2026-05-01 14:56:22,103 [INFO] scanner - ──────────────────────────────────────────────────
2026-05-01 14:56:22,103 [INFO] scanner - 处理标的: US.CF
2026-05-01 14:56:22,176 [INFO] scanner - [STEP1] 获取 US.CF 候选期权链…
2026-05-01 14:56:22,213 [INFO] option_chain_fetcher - [US.CF] 12 个到期日 → 5 批次调用
2026-05-01 14:56:24,550 [INFO] option_chain_fetcher - [US.CF] 候选合约共 7 个
2026-05-01 14:56:24,550 [INFO] scanner - [STEP1] US.CF: 候选合约 7 个
2026-05-01 14:56:24,550 [INFO] scanner - [STEP2] 获取 7 个合约快照…
2026-05-01 14:56:24,619 [INFO] snapshot_fetcher - 快照获取完成：7/7 个合约
2026-05-01 14:56:24,620 [INFO] scanner - [STEP2] 成功获取 7 条快照
2026-05-01 14:56:24,620 [INFO] scanner - [STEP3] 对 US.CF 执行异常检测…
2026-05-01 14:56:24,622 [INFO] anomaly_detector - 发现异常合约 4 个
2026-05-01 14:56:24,623 [INFO] anomaly_detector - 已追加写入 4 条异常记录 → .\filter_data\anomaly_results2026-05-01.csv
2026-05-01 14:56:24,624 [INFO] checkpoint - 读取断点缓存：已完成 201 个标的
2026-05-01 14:56:24,624 [INFO] scanner - [203/527] US.CFG  完成率 39%  预计剩余 1h07m
2026-05-01 14:56:24,624 [INFO] scanner - ──────────────────────────────────────────────────
2026-05-01 14:56:24,624 [INFO] scanner - 处理标的: US.CFG
2026-05-01 14:56:24,664 [INFO] scanner - [STEP1] 获取 US.CFG 候选期权链…
2026-05-01 14:56:24,699 [INFO] option_chain_fetcher - [US.CFG] 5 个到期日 → 5 批次调用
2026-05-01 14:56:25,836 [WARNING] rate_limiter - [_call] 第 1/5 次失败: 获取期权链频率太高，请求失败，每30秒最多10次。，5.0s 后重试…
2026-05-01 14:56:30,839 [WARNING] rate_limiter - [_call] 第 2/5 次失败: 获取期权链频率太高，请求失败，每30秒最多10次。，10.0s 后重试…
2026-05-01 14:56:40,841 [WARNING] rate_limiter - [_call] 第 3/5 次失败: 获取期权链频率太高，请求失败，每30秒最多10次。，20.0s 后重试…
2026-05-01 14:57:01,596 [INFO] option_chain_fetcher - [US.CFG] 候选合约共 0 个
2026-05-01 14:57:01,596 [INFO] scanner - [STEP1] US.CFG: 候选合约 0 个
2026-05-01 14:57:01,596 [INFO] scanner - [STEP2] 获取 0 个合约快照…
2026-05-01 14:57:01,596 [WARNING] scanner - [STEP2] 合约列表为空，跳过
2026-05-01 14:57:01,596 [ERROR] scanner - [US.CFG] 处理异常: 'option_type'
2026-05-01 14:57:01,597 [ERROR] scanner - Traceback (most recent call last):
  File "C:\Users\Administrator\AppData\Local\Programs\Python\Python312\Lib\site-packages\pandas\core\indexes\base.py", line 3641, in get_loc
    return self._engine.get_loc(casted_key)
           ^^^^^^^^^^^^^^^^^^^^^^^^^^^^^^^^
  File "pandas/_libs/index.pyx", line 168, in pandas._libs.index.IndexEngine.get_loc
  File "pandas/_libs/index.pyx", line 197, in pandas._libs.index.IndexEngine.get_loc
  File "pandas/_libs/hashtable_class_helper.pxi", line 7668, in pandas._libs.hashtable.PyObjectHashTable.get_item
  File "pandas/_libs/hashtable_class_helper.pxi", line 7676, in pandas._libs.hashtable.PyObjectHashTable.get_item
KeyError: 'option_type'

The above exception was the direct cause of the following exception:

Traceback (most recent call last):
  File "<input>", line 170, in step_run_single
  File "C:\Users\Administrator\AppData\Local\Programs\Python\Python312\Lib\site-packages\pandas\core\frame.py", line 4378, in __getitem__
    indexer = self.columns.get_loc(key)
              ^^^^^^^^^^^^^^^^^^^^^^^^^
  File "C:\Users\Administrator\AppData\Local\Programs\Python\Python312\Lib\site-packages\pandas\core\indexes\base.py", line 3648, in get_loc
    raise KeyError(key) from err
KeyError: 'option_type'

2026-05-01 14:57:01,597 [INFO] checkpoint - 读取断点缓存：已完成 202 个标的
2026-05-01 14:57:01,598 [INFO] scanner - [204/527] US.CHD  完成率 39%  预计剩余 1h08m
2026-05-01 14:57:01,598 [INFO] scanner - ──────────────────────────────────────────────────
2026-05-01 14:57:01,598 [INFO] scanner - 处理标的: US.CHD
2026-05-01 14:57:01,638 [INFO] scanner - [STEP1] 获取 US.CHD 候选期权链…
2026-05-01 14:57:01,673 [INFO] option_chain_fetcher - [US.CHD] 6 个到期日 → 6 批次调用
2026-05-01 14:57:03,933 [INFO] option_chain_fetcher - [US.CHD] 候选合约共 0 个
2026-05-01 14:57:03,933 [INFO] scanner - [STEP1] US.CHD: 候选合约 0 个
2026-05-01 14:57:03,933 [INFO] scanner - [STEP2] 获取 0 个合约快照…
2026-05-01 14:57:03,933 [WARNING] scanner - [STEP2] 合约列表为空，跳过
2026-05-01 14:57:03,933 [ERROR] scanner - [US.CHD] 处理异常: 'option_type'
2026-05-01 14:57:03,934 [ERROR] scanner - Traceback (most recent call last):
  File "C:\Users\Administrator\AppData\Local\Programs\Python\Python312\Lib\site-packages\pandas\core\indexes\base.py", line 3641, in get_loc
    return self._engine.get_loc(casted_key)
           ^^^^^^^^^^^^^^^^^^^^^^^^^^^^^^^^
  File "pandas/_libs/index.pyx", line 168, in pandas._libs.index.IndexEngine.get_loc
  File "pandas/_libs/index.pyx", line 197, in pandas._libs.index.IndexEngine.get_loc
  File "pandas/_libs/hashtable_class_helper.pxi", line 7668, in pandas._libs.hashtable.PyObjectHashTable.get_item
  File "pandas/_libs/hashtable_class_helper.pxi", line 7676, in pandas._libs.hashtable.PyObjectHashTable.get_item
KeyError: 'option_type'

The above exception was the direct cause of the following exception:

Traceback (most recent call last):
  File "<input>", line 170, in step_run_single
  File "C:\Users\Administrator\AppData\Local\Programs\Python\Python312\Lib\site-packages\pandas\core\frame.py", line 4378, in __getitem__
    indexer = self.columns.get_loc(key)
              ^^^^^^^^^^^^^^^^^^^^^^^^^
  File "C:\Users\Administrator\AppData\Local\Programs\Python\Python312\Lib\site-packages\pandas\core\indexes\base.py", line 3648, in get_loc
    raise KeyError(key) from err
KeyError: 'option_type'

2026-05-01 14:57:03,934 [INFO] checkpoint - 读取断点缓存：已完成 203 个标的
2026-05-01 14:57:03,935 [INFO] scanner - [205/527] US.CHRW  完成率 39%  预计剩余 1h07m
2026-05-01 14:57:03,935 [INFO] scanner - ──────────────────────────────────────────────────
2026-05-01 14:57:03,935 [INFO] scanner - 处理标的: US.CHRW
2026-05-01 14:57:03,976 [INFO] scanner - [STEP1] 获取 US.CHRW 候选期权链…
2026-05-01 14:57:04,011 [INFO] option_chain_fetcher - [US.CHRW] 5 个到期日 → 5 批次调用
2026-05-01 14:57:04,839 [WARNING] rate_limiter - [_call] 第 1/5 次失败: 获取期权链频率太高，请求失败，每30秒最多10次。，5.0s 后重试…
2026-05-01 14:57:09,842 [WARNING] rate_limiter - [_call] 第 2/5 次失败: 获取期权链频率太高，请求失败，每30秒最多10次。，10.0s 后重试…
2026-05-01 14:57:19,844 [WARNING] rate_limiter - [_call] 第 3/5 次失败: 获取期权链频率太高，请求失败，每30秒最多10次。，20.0s 后重试…
2026-05-01 14:57:40,982 [INFO] option_chain_fetcher - [US.CHRW] 候选合约共 1 个
2026-05-01 14:57:40,982 [INFO] scanner - [STEP1] US.CHRW: 候选合约 1 个
2026-05-01 14:57:40,982 [INFO] scanner - [STEP2] 获取 1 个合约快照…
2026-05-01 14:57:41,047 [INFO] snapshot_fetcher - 快照获取完成：1/1 个合约
2026-05-01 14:57:41,048 [INFO] scanner - [STEP2] 成功获取 1 条快照
2026-05-01 14:57:41,049 [INFO] scanner - [STEP3] 对 US.CHRW 执行异常检测…
2026-05-01 14:57:41,049 [INFO] anomaly_detector - 本批次无异常合约
2026-05-01 14:57:41,050 [INFO] checkpoint - 读取断点缓存：已完成 204 个标的
2026-05-01 14:57:41,050 [INFO] scanner - [206/527] US.CI  完成率 39%  预计剩余 1h08m
2026-05-01 14:57:41,050 [INFO] scanner - ──────────────────────────────────────────────────
2026-05-01 14:57:41,050 [INFO] scanner - 处理标的: US.CI
2026-05-01 14:57:41,090 [INFO] scanner - [STEP1] 获取 US.CI 候选期权链…
2026-05-01 14:57:41,126 [INFO] option_chain_fetcher - [US.CI] 11 个到期日 → 4 批次调用
2026-05-01 14:57:43,008 [INFO] option_chain_fetcher - [US.CI] 候选合约共 3 个
2026-05-01 14:57:43,008 [INFO] scanner - [STEP1] US.CI: 候选合约 3 个
2026-05-01 14:57:43,008 [INFO] scanner - [STEP2] 获取 3 个合约快照…
2026-05-01 14:57:43,082 [INFO] snapshot_fetcher - 快照获取完成：3/3 个合约
2026-05-01 14:57:43,083 [INFO] scanner - [STEP2] 成功获取 3 条快照
2026-05-01 14:57:43,083 [INFO] scanner - [STEP3] 对 US.CI 执行异常检测…
2026-05-01 14:57:43,084 [INFO] anomaly_detector - 本批次无异常合约
2026-05-01 14:57:43,085 [INFO] checkpoint - 读取断点缓存：已完成 205 个标的
2026-05-01 14:57:43,085 [INFO] scanner - [207/527] US.CIEN  完成率 39%  预计剩余 1h07m
2026-05-01 14:57:43,085 [INFO] scanner - ──────────────────────────────────────────────────
2026-05-01 14:57:43,085 [INFO] scanner - 处理标的: US.CIEN
2026-05-01 14:57:43,154 [INFO] scanner - [STEP1] 获取 US.CIEN 候选期权链…
2026-05-01 14:57:43,189 [INFO] option_chain_fetcher - [US.CIEN] 10 个到期日 → 4 批次调用
2026-05-01 14:57:44,772 [WARNING] rate_limiter - [_call] 第 1/5 次失败: 获取期权链频率太高，请求失败，每30秒最多10次。，5.0s 后重试…
2026-05-01 14:57:49,775 [WARNING] rate_limiter - [_call] 第 2/5 次失败: 获取期权链频率太高，请求失败，每30秒最多10次。，10.0s 后重试…
2026-05-01 14:57:59,778 [WARNING] rate_limiter - [_call] 第 3/5 次失败: 获取期权链频率太高，请求失败，每30秒最多10次。，20.0s 后重试…
2026-05-01 14:58:20,161 [INFO] option_chain_fetcher - [US.CIEN] 候选合约共 35 个
2026-05-01 14:58:20,161 [INFO] scanner - [STEP1] US.CIEN: 候选合约 35 个
2026-05-01 14:58:20,161 [INFO] scanner - [STEP2] 获取 35 个合约快照…
2026-05-01 14:58:20,276 [INFO] snapshot_fetcher - 快照获取完成：35/35 个合约
2026-05-01 14:58:20,277 [INFO] scanner - [STEP2] 成功获取 35 条快照
2026-05-01 14:58:20,277 [INFO] scanner - [STEP3] 对 US.CIEN 执行异常检测…
2026-05-01 14:58:20,279 [INFO] anomaly_detector - 发现异常合约 11 个
2026-05-01 14:58:20,281 [INFO] anomaly_detector - 已追加写入 11 条异常记录 → .\filter_data\anomaly_results2026-05-01.csv
2026-05-01 14:58:20,281 [INFO] checkpoint - 读取断点缓存：已完成 206 个标的
2026-05-01 14:58:20,281 [INFO] scanner - [208/527] US.CINF  完成率 39%  预计剩余 1h08m
2026-05-01 14:58:20,281 [INFO] scanner - ──────────────────────────────────────────────────
2026-05-01 14:58:20,282 [INFO] scanner - 处理标的: US.CINF
2026-05-01 14:58:20,346 [INFO] scanner - [STEP1] 获取 US.CINF 候选期权链…
2026-05-01 14:58:20,384 [INFO] option_chain_fetcher - [US.CINF] 4 个到期日 → 4 批次调用
2026-05-01 14:58:21,890 [INFO] option_chain_fetcher - [US.CINF] 候选合约共 0 个
2026-05-01 14:58:21,890 [INFO] scanner - [STEP1] US.CINF: 候选合约 0 个
2026-05-01 14:58:21,890 [INFO] scanner - [STEP2] 获取 0 个合约快照…
2026-05-01 14:58:21,890 [WARNING] scanner - [STEP2] 合约列表为空，跳过
2026-05-01 14:58:21,890 [ERROR] scanner - [US.CINF] 处理异常: 'option_type'
2026-05-01 14:58:21,891 [ERROR] scanner - Traceback (most recent call last):
  File "C:\Users\Administrator\AppData\Local\Programs\Python\Python312\Lib\site-packages\pandas\core\indexes\base.py", line 3641, in get_loc
    return self._engine.get_loc(casted_key)
           ^^^^^^^^^^^^^^^^^^^^^^^^^^^^^^^^
  File "pandas/_libs/index.pyx", line 168, in pandas._libs.index.IndexEngine.get_loc
  File "pandas/_libs/index.pyx", line 197, in pandas._libs.index.IndexEngine.get_loc
  File "pandas/_libs/hashtable_class_helper.pxi", line 7668, in pandas._libs.hashtable.PyObjectHashTable.get_item
  File "pandas/_libs/hashtable_class_helper.pxi", line 7676, in pandas._libs.hashtable.PyObjectHashTable.get_item
KeyError: 'option_type'

The above exception was the direct cause of the following exception:

Traceback (most recent call last):
  File "<input>", line 170, in step_run_single
  File "C:\Users\Administrator\AppData\Local\Programs\Python\Python312\Lib\site-packages\pandas\core\frame.py", line 4378, in __getitem__
    indexer = self.columns.get_loc(key)
              ^^^^^^^^^^^^^^^^^^^^^^^^^
  File "C:\Users\Administrator\AppData\Local\Programs\Python\Python312\Lib\site-packages\pandas\core\indexes\base.py", line 3648, in get_loc
    raise KeyError(key) from err
KeyError: 'option_type'

2026-05-01 14:58:21,891 [INFO] checkpoint - 读取断点缓存：已完成 207 个标的
2026-05-01 14:58:21,892 [INFO] scanner - [209/527] US.CL  完成率 40%  预计剩余 1h07m
2026-05-01 14:58:21,892 [INFO] scanner - ──────────────────────────────────────────────────
2026-05-01 14:58:21,892 [INFO] scanner - 处理标的: US.CL
2026-05-01 14:58:21,934 [INFO] scanner - [STEP1] 获取 US.CL 候选期权链…
2026-05-01 14:58:21,970 [INFO] option_chain_fetcher - [US.CL] 11 个到期日 → 4 批次调用
2026-05-01 14:58:23,797 [INFO] option_chain_fetcher - [US.CL] 候选合约共 5 个
2026-05-01 14:58:23,797 [INFO] scanner - [STEP1] US.CL: 候选合约 5 个
2026-05-01 14:58:23,797 [INFO] scanner - [STEP2] 获取 5 个合约快照…
2026-05-01 14:58:23,868 [INFO] snapshot_fetcher - 快照获取完成：5/5 个合约
2026-05-01 14:58:23,869 [INFO] scanner - [STEP2] 成功获取 5 条快照
2026-05-01 14:58:23,869 [INFO] scanner - [STEP3] 对 US.CL 执行异常检测…
2026-05-01 14:58:23,870 [INFO] anomaly_detector - 本批次无异常合约
2026-05-01 14:58:23,870 [INFO] checkpoint - 读取断点缓存：已完成 208 个标的
2026-05-01 14:58:23,871 [INFO] scanner - [210/527] US.CLX  完成率 40%  预计剩余 1h07m
2026-05-01 14:58:23,871 [INFO] scanner - ──────────────────────────────────────────────────
2026-05-01 14:58:23,871 [INFO] scanner - 处理标的: US.CLX
2026-05-01 14:58:23,910 [INFO] scanner - [STEP1] 获取 US.CLX 候选期权链…
2026-05-01 14:58:23,945 [INFO] option_chain_fetcher - [US.CLX] 5 个到期日 → 4 批次调用
2026-05-01 14:58:24,383 [WARNING] rate_limiter - [_call] 第 1/5 次失败: 获取期权链频率太高，请求失败，每30秒最多10次。，5.0s 后重试…
2026-05-01 14:58:29,386 [WARNING] rate_limiter - [_call] 第 2/5 次失败: 获取期权链频率太高，请求失败，每30秒最多10次。，10.0s 后重试…
2026-05-01 14:58:39,388 [WARNING] rate_limiter - [_call] 第 3/5 次失败: 获取期权链频率太高，请求失败，每30秒最多10次。，20.0s 后重试…
2026-05-01 14:59:00,626 [INFO] option_chain_fetcher - [US.CLX] 候选合约共 9 个
2026-05-01 14:59:00,626 [INFO] scanner - [STEP1] US.CLX: 候选合约 9 个
2026-05-01 14:59:00,626 [INFO] scanner - [STEP2] 获取 9 个合约快照…
2026-05-01 14:59:00,699 [INFO] snapshot_fetcher - 快照获取完成：9/9 个合约
2026-05-01 14:59:00,699 [INFO] scanner - [STEP2] 成功获取 9 条快照
2026-05-01 14:59:00,700 [INFO] scanner - [STEP3] 对 US.CLX 执行异常检测…
2026-05-01 14:59:00,701 [INFO] anomaly_detector - 发现异常合约 1 个
2026-05-01 14:59:00,703 [INFO] anomaly_detector - 已追加写入 1 条异常记录 → .\filter_data\anomaly_results2026-05-01.csv
2026-05-01 14:59:00,703 [INFO] checkpoint - 读取断点缓存：已完成 209 个标的
2026-05-01 14:59:00,704 [INFO] scanner - [211/527] US.CME  完成率 40%  预计剩余 1h07m
2026-05-01 14:59:00,704 [INFO] scanner - ──────────────────────────────────────────────────
2026-05-01 14:59:00,704 [INFO] scanner - 处理标的: US.CME
2026-05-01 14:59:00,744 [INFO] scanner - [STEP1] 获取 US.CME 候选期权链…
2026-05-01 14:59:00,782 [INFO] option_chain_fetcher - [US.CME] 10 个到期日 → 4 批次调用
2026-05-01 14:59:02,572 [INFO] option_chain_fetcher - [US.CME] 候选合约共 2 个
2026-05-01 14:59:02,572 [INFO] scanner - [STEP1] US.CME: 候选合约 2 个
2026-05-01 14:59:02,572 [INFO] scanner - [STEP2] 获取 2 个合约快照…
2026-05-01 14:59:02,639 [INFO] snapshot_fetcher - 快照获取完成：2/2 个合约
2026-05-01 14:59:02,639 [INFO] scanner - [STEP2] 成功获取 2 条快照
2026-05-01 14:59:02,640 [INFO] scanner - [STEP3] 对 US.CME 执行异常检测…
2026-05-01 14:59:02,641 [INFO] anomaly_detector - 本批次无异常合约
2026-05-01 14:59:02,641 [INFO] checkpoint - 读取断点缓存：已完成 210 个标的
2026-05-01 14:59:02,642 [INFO] scanner - [212/527] US.CMG  完成率 40%  预计剩余 1h07m
2026-05-01 14:59:02,642 [INFO] scanner - ──────────────────────────────────────────────────
2026-05-01 14:59:02,642 [INFO] scanner - 处理标的: US.CMG
2026-05-01 14:59:02,712 [INFO] scanner - [STEP1] 获取 US.CMG 候选期权链…
2026-05-01 14:59:02,749 [INFO] option_chain_fetcher - [US.CMG] 10 个到期日 → 4 批次调用
2026-05-01 14:59:04,275 [WARNING] rate_limiter - [_call] 第 1/5 次失败: 获取期权链频率太高，请求失败，每30秒最多10次。，5.0s 后重试…
2026-05-01 14:59:09,276 [WARNING] rate_limiter - [_call] 第 2/5 次失败: 获取期权链频率太高，请求失败，每30秒最多10次。，10.0s 后重试…
2026-05-01 14:59:19,278 [WARNING] rate_limiter - [_call] 第 3/5 次失败: 获取期权链频率太高，请求失败，每30秒最多10次。，20.0s 后重试…
2026-05-01 14:59:39,717 [INFO] option_chain_fetcher - [US.CMG] 候选合约共 70 个
2026-05-01 14:59:39,717 [INFO] scanner - [STEP1] US.CMG: 候选合约 70 个
2026-05-01 14:59:39,717 [INFO] scanner - [STEP2] 获取 70 个合约快照…
2026-05-01 14:59:39,834 [INFO] snapshot_fetcher - 快照获取完成：70/70 个合约
2026-05-01 14:59:39,835 [INFO] scanner - [STEP2] 成功获取 70 条快照
2026-05-01 14:59:39,836 [INFO] scanner - [STEP3] 对 US.CMG 执行异常检测…
2026-05-01 14:59:39,837 [INFO] anomaly_detector - 发现异常合约 3 个
2026-05-01 14:59:39,838 [INFO] anomaly_detector - 已追加写入 3 条异常记录 → .\filter_data\anomaly_results2026-05-01.csv
2026-05-01 14:59:39,839 [INFO] checkpoint - 读取断点缓存：已完成 211 个标的
2026-05-01 14:59:39,839 [INFO] scanner - [213/527] US.CMI  完成率 40%  预计剩余 1h07m
2026-05-01 14:59:39,839 [INFO] scanner - ──────────────────────────────────────────────────
2026-05-01 14:59:39,839 [INFO] scanner - 处理标的: US.CMI
2026-05-01 14:59:39,878 [INFO] scanner - [STEP1] 获取 US.CMI 候选期权链…
2026-05-01 14:59:39,912 [INFO] option_chain_fetcher - [US.CMI] 4 个到期日 → 4 批次调用
2026-05-01 14:59:41,553 [INFO] option_chain_fetcher - [US.CMI] 候选合约共 4 个
2026-05-01 14:59:41,553 [INFO] scanner - [STEP1] US.CMI: 候选合约 4 个
2026-05-01 14:59:41,553 [INFO] scanner - [STEP2] 获取 4 个合约快照…
2026-05-01 14:59:41,621 [INFO] snapshot_fetcher - 快照获取完成：4/4 个合约
2026-05-01 14:59:41,622 [INFO] scanner - [STEP2] 成功获取 4 条快照
2026-05-01 14:59:41,622 [INFO] scanner - [STEP3] 对 US.CMI 执行异常检测…
2026-05-01 14:59:41,624 [INFO] anomaly_detector - 发现异常合约 1 个
2026-05-01 14:59:41,625 [INFO] anomaly_detector - 已追加写入 1 条异常记录 → .\filter_data\anomaly_results2026-05-01.csv
2026-05-01 14:59:41,625 [INFO] checkpoint - 读取断点缓存：已完成 212 个标的
2026-05-01 14:59:41,626 [INFO] scanner - [214/527] US.CMS  完成率 41%  预计剩余 1h06m
2026-05-01 14:59:41,626 [INFO] scanner - ──────────────────────────────────────────────────
2026-05-01 14:59:41,626 [INFO] scanner - 处理标的: US.CMS
2026-05-01 14:59:41,662 [INFO] scanner - [STEP1] 获取 US.CMS 候选期权链…
2026-05-01 14:59:41,697 [INFO] option_chain_fetcher - [US.CMS] 3 个到期日 → 3 批次调用
2026-05-01 14:59:42,831 [INFO] option_chain_fetcher - [US.CMS] 候选合约共 0 个
2026-05-01 14:59:42,831 [INFO] scanner - [STEP1] US.CMS: 候选合约 0 个
2026-05-01 14:59:42,831 [INFO] scanner - [STEP2] 获取 0 个合约快照…
2026-05-01 14:59:42,831 [WARNING] scanner - [STEP2] 合约列表为空，跳过
2026-05-01 14:59:42,831 [ERROR] scanner - [US.CMS] 处理异常: 'option_type'
2026-05-01 14:59:42,832 [ERROR] scanner - Traceback (most recent call last):
  File "C:\Users\Administrator\AppData\Local\Programs\Python\Python312\Lib\site-packages\pandas\core\indexes\base.py", line 3641, in get_loc
    return self._engine.get_loc(casted_key)
           ^^^^^^^^^^^^^^^^^^^^^^^^^^^^^^^^
  File "pandas/_libs/index.pyx", line 168, in pandas._libs.index.IndexEngine.get_loc
  File "pandas/_libs/index.pyx", line 197, in pandas._libs.index.IndexEngine.get_loc
  File "pandas/_libs/hashtable_class_helper.pxi", line 7668, in pandas._libs.hashtable.PyObjectHashTable.get_item
  File "pandas/_libs/hashtable_class_helper.pxi", line 7676, in pandas._libs.hashtable.PyObjectHashTable.get_item
KeyError: 'option_type'

The above exception was the direct cause of the following exception:

Traceback (most recent call last):
  File "<input>", line 170, in step_run_single
  File "C:\Users\Administrator\AppData\Local\Programs\Python\Python312\Lib\site-packages\pandas\core\frame.py", line 4378, in __getitem__
    indexer = self.columns.get_loc(key)
              ^^^^^^^^^^^^^^^^^^^^^^^^^
  File "C:\Users\Administrator\AppData\Local\Programs\Python\Python312\Lib\site-packages\pandas\core\indexes\base.py", line 3648, in get_loc
    raise KeyError(key) from err
KeyError: 'option_type'

2026-05-01 14:59:42,832 [INFO] checkpoint - 读取断点缓存：已完成 213 个标的
2026-05-01 14:59:42,833 [INFO] scanner - [215/527] US.CNC  完成率 41%  预计剩余 1h06m
2026-05-01 14:59:42,833 [INFO] scanner - ──────────────────────────────────────────────────
2026-05-01 14:59:42,833 [INFO] scanner - 处理标的: US.CNC
2026-05-01 14:59:42,874 [INFO] scanner - [STEP1] 获取 US.CNC 候选期权链…
2026-05-01 14:59:42,910 [INFO] option_chain_fetcher - [US.CNC] 10 个到期日 → 4 批次调用
2026-05-01 14:59:43,997 [WARNING] rate_limiter - [_call] 第 1/5 次失败: 获取期权链频率太高，请求失败，每30秒最多10次。，5.0s 后重试…
2026-05-01 14:59:48,999 [WARNING] rate_limiter - [_call] 第 2/5 次失败: 获取期权链频率太高，请求失败，每30秒最多10次。，10.0s 后重试…
2026-05-01 14:59:59,001 [WARNING] rate_limiter - [_call] 第 3/5 次失败: 获取期权链频率太高，请求失败，每30秒最多10次。，20.0s 后重试…
2026-05-01 15:00:19,816 [INFO] option_chain_fetcher - [US.CNC] 候选合约共 10 个
2026-05-01 15:00:19,816 [INFO] scanner - [STEP1] US.CNC: 候选合约 10 个
2026-05-01 15:00:19,816 [INFO] scanner - [STEP2] 获取 10 个合约快照…
2026-05-01 15:00:19,889 [INFO] snapshot_fetcher - 快照获取完成：10/10 个合约
2026-05-01 15:00:19,889 [INFO] scanner - [STEP2] 成功获取 10 条快照
2026-05-01 15:00:19,890 [INFO] scanner - [STEP3] 对 US.CNC 执行异常检测…
2026-05-01 15:00:19,891 [INFO] anomaly_detector - 本批次无异常合约
2026-05-01 15:00:19,891 [INFO] checkpoint - 读取断点缓存：已完成 214 个标的
2026-05-01 15:00:19,892 [INFO] scanner - [216/527] US.CNP  完成率 41%  预计剩余 1h06m
2026-05-01 15:00:19,892 [INFO] scanner - ──────────────────────────────────────────────────
2026-05-01 15:00:19,892 [INFO] scanner - 处理标的: US.CNP
2026-05-01 15:00:19,961 [INFO] scanner - [STEP1] 获取 US.CNP 候选期权链…
2026-05-01 15:00:19,997 [INFO] option_chain_fetcher - [US.CNP] 4 个到期日 → 4 批次调用
2026-05-01 15:00:21,571 [INFO] option_chain_fetcher - [US.CNP] 候选合约共 1 个
2026-05-01 15:00:21,571 [INFO] scanner - [STEP1] US.CNP: 候选合约 1 个
2026-05-01 15:00:21,571 [INFO] scanner - [STEP2] 获取 1 个合约快照…
2026-05-01 15:00:21,638 [INFO] snapshot_fetcher - 快照获取完成：1/1 个合约
2026-05-01 15:00:21,638 [INFO] scanner - [STEP2] 成功获取 1 条快照
2026-05-01 15:00:21,639 [INFO] scanner - [STEP3] 对 US.CNP 执行异常检测…
2026-05-01 15:00:21,640 [INFO] anomaly_detector - 本批次无异常合约
2026-05-01 15:00:21,640 [INFO] checkpoint - 读取断点缓存：已完成 215 个标的
2026-05-01 15:00:21,640 [INFO] scanner - [217/527] US.COF  完成率 41%  预计剩余 1h06m
2026-05-01 15:00:21,640 [INFO] scanner - ──────────────────────────────────────────────────
2026-05-01 15:00:21,640 [INFO] scanner - 处理标的: US.COF
2026-05-01 15:00:21,682 [INFO] scanner - [STEP1] 获取 US.COF 候选期权链…
2026-05-01 15:00:21,719 [INFO] option_chain_fetcher - [US.COF] 9 个到期日 → 3 批次调用
2026-05-01 15:00:23,182 [INFO] option_chain_fetcher - [US.COF] 候选合约共 5 个
2026-05-01 15:00:23,182 [INFO] scanner - [STEP1] US.COF: 候选合约 5 个
2026-05-01 15:00:23,182 [INFO] scanner - [STEP2] 获取 5 个合约快照…
2026-05-01 15:00:23,253 [INFO] snapshot_fetcher - 快照获取完成：5/5 个合约
2026-05-01 15:00:23,253 [INFO] scanner - [STEP2] 成功获取 5 条快照
2026-05-01 15:00:23,254 [INFO] scanner - [STEP3] 对 US.COF 执行异常检测…
2026-05-01 15:00:23,255 [INFO] anomaly_detector - 本批次无异常合约
2026-05-01 15:00:23,255 [INFO] checkpoint - 读取断点缓存：已完成 216 个标的
2026-05-01 15:00:23,256 [INFO] scanner - [218/527] US.COHR  完成率 41%  预计剩余 1h05m
2026-05-01 15:00:23,256 [INFO] scanner - ──────────────────────────────────────────────────
2026-05-01 15:00:23,256 [INFO] scanner - 处理标的: US.COHR
2026-05-01 15:00:23,296 [INFO] scanner - [STEP1] 获取 US.COHR 候选期权链…
2026-05-01 15:00:23,331 [INFO] option_chain_fetcher - [US.COHR] 12 个到期日 → 5 批次调用
2026-05-01 15:00:23,902 [WARNING] rate_limiter - [_call] 第 1/5 次失败: 获取期权链频率太高，请求失败，每30秒最多10次。，5.0s 后重试…
2026-05-01 15:00:28,904 [WARNING] rate_limiter - [_call] 第 2/5 次失败: 获取期权链频率太高，请求失败，每30秒最多10次。，10.0s 后重试…
2026-05-01 15:00:38,906 [WARNING] rate_limiter - [_call] 第 3/5 次失败: 获取期权链频率太高，请求失败，每30秒最多10次。，20.0s 后重试…
2026-05-01 15:01:00,561 [INFO] option_chain_fetcher - [US.COHR] 候选合约共 19 个
2026-05-01 15:01:00,561 [INFO] scanner - [STEP1] US.COHR: 候选合约 19 个
2026-05-01 15:01:00,561 [INFO] scanner - [STEP2] 获取 19 个合约快照…
2026-05-01 15:01:00,635 [INFO] snapshot_fetcher - 快照获取完成：19/19 个合约
2026-05-01 15:01:00,636 [INFO] scanner - [STEP2] 成功获取 19 条快照
2026-05-01 15:01:00,636 [INFO] scanner - [STEP3] 对 US.COHR 执行异常检测…
2026-05-01 15:01:00,638 [INFO] anomaly_detector - 发现异常合约 5 个
2026-05-01 15:01:00,639 [INFO] anomaly_detector - 已追加写入 5 条异常记录 → .\filter_data\anomaly_results2026-05-01.csv
2026-05-01 15:01:00,640 [INFO] checkpoint - 读取断点缓存：已完成 217 个标的
2026-05-01 15:01:00,640 [INFO] scanner - [219/527] US.COO  完成率 42%  预计剩余 1h06m
2026-05-01 15:01:00,640 [INFO] scanner - ──────────────────────────────────────────────────
2026-05-01 15:01:00,640 [INFO] scanner - 处理标的: US.COO
2026-05-01 15:01:00,679 [INFO] scanner - [STEP1] 获取 US.COO 候选期权链…
2026-05-01 15:01:00,715 [INFO] option_chain_fetcher - [US.COO] 4 个到期日 → 4 批次调用
2026-05-01 15:01:02,222 [INFO] option_chain_fetcher - [US.COO] 候选合约共 1 个
2026-05-01 15:01:02,222 [INFO] scanner - [STEP1] US.COO: 候选合约 1 个
2026-05-01 15:01:02,222 [INFO] scanner - [STEP2] 获取 1 个合约快照…
2026-05-01 15:01:02,288 [INFO] snapshot_fetcher - 快照获取完成：1/1 个合约
2026-05-01 15:01:02,288 [INFO] scanner - [STEP2] 成功获取 1 条快照
2026-05-01 15:01:02,289 [INFO] scanner - [STEP3] 对 US.COO 执行异常检测…
2026-05-01 15:01:02,290 [INFO] anomaly_detector - 本批次无异常合约
2026-05-01 15:01:02,290 [INFO] checkpoint - 读取断点缓存：已完成 218 个标的
2026-05-01 15:01:02,291 [INFO] scanner - [220/527] US.COP  完成率 42%  预计剩余 1h05m
2026-05-01 15:01:02,291 [INFO] scanner - ──────────────────────────────────────────────────
2026-05-01 15:01:02,291 [INFO] scanner - 处理标的: US.COP
2026-05-01 15:01:02,331 [INFO] scanner - [STEP1] 获取 US.COP 候选期权链…
2026-05-01 15:01:02,368 [INFO] option_chain_fetcher - [US.COP] 12 个到期日 → 5 批次调用
2026-05-01 15:01:03,465 [WARNING] rate_limiter - [_call] 第 1/5 次失败: 获取期权链频率太高，请求失败，每30秒最多10次。，5.0s 后重试…
2026-05-01 15:01:08,467 [WARNING] rate_limiter - [_call] 第 2/5 次失败: 获取期权链频率太高，请求失败，每30秒最多10次。，10.0s 后重试…
2026-05-01 15:01:18,469 [WARNING] rate_limiter - [_call] 第 3/5 次失败: 获取期权链频率太高，请求失败，每30秒最多10次。，20.0s 后重试…
2026-05-01 15:01:39,648 [INFO] option_chain_fetcher - [US.COP] 候选合约共 20 个
2026-05-01 15:01:39,648 [INFO] scanner - [STEP1] US.COP: 候选合约 20 个
2026-05-01 15:01:39,648 [INFO] scanner - [STEP2] 获取 20 个合约快照…
2026-05-01 15:01:39,721 [INFO] snapshot_fetcher - 快照获取完成：20/20 个合约
2026-05-01 15:01:39,721 [INFO] scanner - [STEP2] 成功获取 20 条快照
2026-05-01 15:01:39,722 [INFO] scanner - [STEP3] 对 US.COP 执行异常检测…
2026-05-01 15:01:39,723 [INFO] anomaly_detector - 发现异常合约 1 个
2026-05-01 15:01:39,725 [INFO] anomaly_detector - 已追加写入 1 条异常记录 → .\filter_data\anomaly_results2026-05-01.csv
2026-05-01 15:01:39,725 [INFO] checkpoint - 读取断点缓存：已完成 219 个标的
2026-05-01 15:01:39,726 [INFO] scanner - [221/527] US.COR  完成率 42%  预计剩余 1h06m
2026-05-01 15:01:39,726 [INFO] scanner - ──────────────────────────────────────────────────
2026-05-01 15:01:39,726 [INFO] scanner - 处理标的: US.COR
2026-05-01 15:01:39,766 [INFO] scanner - [STEP1] 获取 US.COR 候选期权链…
2026-05-01 15:01:39,803 [INFO] option_chain_fetcher - [US.COR] 5 个到期日 → 4 批次调用
2026-05-01 15:01:41,361 [INFO] option_chain_fetcher - [US.COR] 候选合约共 0 个
2026-05-01 15:01:41,361 [INFO] scanner - [STEP1] US.COR: 候选合约 0 个
2026-05-01 15:01:41,361 [INFO] scanner - [STEP2] 获取 0 个合约快照…
2026-05-01 15:01:41,361 [WARNING] scanner - [STEP2] 合约列表为空，跳过
2026-05-01 15:01:41,361 [ERROR] scanner - [US.COR] 处理异常: 'option_type'
2026-05-01 15:01:41,362 [ERROR] scanner - Traceback (most recent call last):
  File "C:\Users\Administrator\AppData\Local\Programs\Python\Python312\Lib\site-packages\pandas\core\indexes\base.py", line 3641, in get_loc
    return self._engine.get_loc(casted_key)
           ^^^^^^^^^^^^^^^^^^^^^^^^^^^^^^^^
  File "pandas/_libs/index.pyx", line 168, in pandas._libs.index.IndexEngine.get_loc
  File "pandas/_libs/index.pyx", line 197, in pandas._libs.index.IndexEngine.get_loc
  File "pandas/_libs/hashtable_class_helper.pxi", line 7668, in pandas._libs.hashtable.PyObjectHashTable.get_item
  File "pandas/_libs/hashtable_class_helper.pxi", line 7676, in pandas._libs.hashtable.PyObjectHashTable.get_item
KeyError: 'option_type'

The above exception was the direct cause of the following exception:

Traceback (most recent call last):
  File "<input>", line 170, in step_run_single
  File "C:\Users\Administrator\AppData\Local\Programs\Python\Python312\Lib\site-packages\pandas\core\frame.py", line 4378, in __getitem__
    indexer = self.columns.get_loc(key)
              ^^^^^^^^^^^^^^^^^^^^^^^^^
  File "C:\Users\Administrator\AppData\Local\Programs\Python\Python312\Lib\site-packages\pandas\core\indexes\base.py", line 3648, in get_loc
    raise KeyError(key) from err
KeyError: 'option_type'

2026-05-01 15:01:41,362 [INFO] checkpoint - 读取断点缓存：已完成 220 个标的
2026-05-01 15:01:41,363 [INFO] scanner - [222/527] US.CPAY  完成率 42%  预计剩余 1h05m
2026-05-01 15:01:41,363 [INFO] scanner - ──────────────────────────────────────────────────
2026-05-01 15:01:41,363 [INFO] scanner - 处理标的: US.CPAY
2026-05-01 15:01:41,428 [INFO] scanner - [STEP1] 获取 US.CPAY 候选期权链…
2026-05-01 15:01:41,464 [INFO] option_chain_fetcher - [US.CPAY] 4 个到期日 → 4 批次调用
2026-05-01 15:01:42,600 [WARNING] rate_limiter - [_call] 第 1/5 次失败: 获取期权链频率太高，请求失败，每30秒最多10次。，5.0s 后重试…
2026-05-01 15:01:47,602 [WARNING] rate_limiter - [_call] 第 2/5 次失败: 获取期权链频率太高，请求失败，每30秒最多10次。，10.0s 后重试…
2026-05-01 15:01:57,604 [WARNING] rate_limiter - [_call] 第 3/5 次失败: 获取期权链频率太高，请求失败，每30秒最多10次。，20.0s 后重试…
2026-05-01 15:02:17,986 [INFO] option_chain_fetcher - [US.CPAY] 候选合约共 0 个
2026-05-01 15:02:17,986 [INFO] scanner - [STEP1] US.CPAY: 候选合约 0 个
2026-05-01 15:02:17,986 [INFO] scanner - [STEP2] 获取 0 个合约快照…
2026-05-01 15:02:17,986 [WARNING] scanner - [STEP2] 合约列表为空，跳过
2026-05-01 15:02:17,987 [ERROR] scanner - [US.CPAY] 处理异常: 'option_type'
2026-05-01 15:02:17,987 [ERROR] scanner - Traceback (most recent call last):
  File "C:\Users\Administrator\AppData\Local\Programs\Python\Python312\Lib\site-packages\pandas\core\indexes\base.py", line 3641, in get_loc
    return self._engine.get_loc(casted_key)
           ^^^^^^^^^^^^^^^^^^^^^^^^^^^^^^^^
  File "pandas/_libs/index.pyx", line 168, in pandas._libs.index.IndexEngine.get_loc
  File "pandas/_libs/index.pyx", line 197, in pandas._libs.index.IndexEngine.get_loc
  File "pandas/_libs/hashtable_class_helper.pxi", line 7668, in pandas._libs.hashtable.PyObjectHashTable.get_item
  File "pandas/_libs/hashtable_class_helper.pxi", line 7676, in pandas._libs.hashtable.PyObjectHashTable.get_item
KeyError: 'option_type'

The above exception was the direct cause of the following exception:

Traceback (most recent call last):
  File "<input>", line 170, in step_run_single
  File "C:\Users\Administrator\AppData\Local\Programs\Python\Python312\Lib\site-packages\pandas\core\frame.py", line 4378, in __getitem__
    indexer = self.columns.get_loc(key)
              ^^^^^^^^^^^^^^^^^^^^^^^^^
  File "C:\Users\Administrator\AppData\Local\Programs\Python\Python312\Lib\site-packages\pandas\core\indexes\base.py", line 3648, in get_loc
    raise KeyError(key) from err
KeyError: 'option_type'

2026-05-01 15:02:17,988 [INFO] checkpoint - 读取断点缓存：已完成 221 个标的
2026-05-01 15:02:17,988 [INFO] scanner - [223/527] US.CPB  完成率 42%  预计剩余 1h05m
2026-05-01 15:02:17,988 [INFO] scanner - ──────────────────────────────────────────────────
2026-05-01 15:02:17,988 [INFO] scanner - 处理标的: US.CPB
2026-05-01 15:02:18,030 [INFO] scanner - [STEP1] 获取 US.CPB 候选期权链…
2026-05-01 15:02:18,067 [INFO] option_chain_fetcher - [US.CPB] 11 个到期日 → 4 批次调用
2026-05-01 15:02:19,879 [INFO] option_chain_fetcher - [US.CPB] 候选合约共 3 个
2026-05-01 15:02:19,879 [INFO] scanner - [STEP1] US.CPB: 候选合约 3 个
2026-05-01 15:02:19,879 [INFO] scanner - [STEP2] 获取 3 个合约快照…
2026-05-01 15:02:19,947 [INFO] snapshot_fetcher - 快照获取完成：3/3 个合约
2026-05-01 15:02:19,948 [INFO] scanner - [STEP2] 成功获取 3 条快照
2026-05-01 15:02:19,949 [INFO] scanner - [STEP3] 对 US.CPB 执行异常检测…
2026-05-01 15:02:19,949 [INFO] anomaly_detector - 本批次无异常合约
2026-05-01 15:02:19,950 [INFO] checkpoint - 读取断点缓存：已完成 222 个标的
2026-05-01 15:02:19,950 [INFO] scanner - [224/527] US.CPT  完成率 43%  预计剩余 1h05m
2026-05-01 15:02:19,950 [INFO] scanner - ──────────────────────────────────────────────────
2026-05-01 15:02:19,950 [INFO] scanner - 处理标的: US.CPT
2026-05-01 15:02:20,017 [INFO] scanner - US.CPT 市值过大，pass
2026-05-01 15:02:20,017 [INFO] scanner - [STEP2] 获取 0 个合约快照…
2026-05-01 15:02:20,017 [WARNING] scanner - [STEP2] 合约列表为空，跳过
2026-05-01 15:02:20,017 [ERROR] scanner - [US.CPT] 处理异常: 'option_type'
2026-05-01 15:02:20,017 [ERROR] scanner - Traceback (most recent call last):
  File "C:\Users\Administrator\AppData\Local\Programs\Python\Python312\Lib\site-packages\pandas\core\indexes\base.py", line 3641, in get_loc
    return self._engine.get_loc(casted_key)
           ^^^^^^^^^^^^^^^^^^^^^^^^^^^^^^^^
  File "pandas/_libs/index.pyx", line 168, in pandas._libs.index.IndexEngine.get_loc
  File "pandas/_libs/index.pyx", line 197, in pandas._libs.index.IndexEngine.get_loc
  File "pandas/_libs/hashtable_class_helper.pxi", line 7668, in pandas._libs.hashtable.PyObjectHashTable.get_item
  File "pandas/_libs/hashtable_class_helper.pxi", line 7676, in pandas._libs.hashtable.PyObjectHashTable.get_item
KeyError: 'option_type'

The above exception was the direct cause of the following exception:

Traceback (most recent call last):
  File "<input>", line 170, in step_run_single
  File "C:\Users\Administrator\AppData\Local\Programs\Python\Python312\Lib\site-packages\pandas\core\frame.py", line 4378, in __getitem__
    indexer = self.columns.get_loc(key)
              ^^^^^^^^^^^^^^^^^^^^^^^^^
  File "C:\Users\Administrator\AppData\Local\Programs\Python\Python312\Lib\site-packages\pandas\core\indexes\base.py", line 3648, in get_loc
    raise KeyError(key) from err
KeyError: 'option_type'

2026-05-01 15:02:20,018 [INFO] checkpoint - 读取断点缓存：已完成 223 个标的
2026-05-01 15:02:20,018 [INFO] scanner - [225/527] US.CRH  完成率 43%  预计剩余 1h05m
2026-05-01 15:02:20,018 [INFO] scanner - ──────────────────────────────────────────────────
2026-05-01 15:02:20,018 [INFO] scanner - 处理标的: US.CRH
2026-05-01 15:02:20,060 [INFO] scanner - [STEP1] 获取 US.CRH 候选期权链…
2026-05-01 15:02:20,096 [INFO] option_chain_fetcher - [US.CRH] 9 个到期日 → 3 批次调用
2026-05-01 15:02:21,575 [INFO] option_chain_fetcher - [US.CRH] 候选合约共 5 个
2026-05-01 15:02:21,575 [INFO] scanner - [STEP1] US.CRH: 候选合约 5 个
2026-05-01 15:02:21,575 [INFO] scanner - [STEP2] 获取 5 个合约快照…
2026-05-01 15:02:21,643 [INFO] snapshot_fetcher - 快照获取完成：5/5 个合约
2026-05-01 15:02:21,644 [INFO] scanner - [STEP2] 成功获取 5 条快照
2026-05-01 15:02:21,645 [INFO] scanner - [STEP3] 对 US.CRH 执行异常检测…
2026-05-01 15:02:21,645 [INFO] anomaly_detector - 本批次无异常合约
2026-05-01 15:02:21,646 [INFO] checkpoint - 读取断点缓存：已完成 224 个标的
2026-05-01 15:02:21,646 [INFO] scanner - [226/527] US.CRL  完成率 43%  预计剩余 1h04m
2026-05-01 15:02:21,646 [INFO] scanner - ──────────────────────────────────────────────────
2026-05-01 15:02:21,646 [INFO] scanner - 处理标的: US.CRL
2026-05-01 15:02:21,686 [INFO] scanner - [STEP1] 获取 US.CRL 候选期权链…
2026-05-01 15:02:21,721 [INFO] option_chain_fetcher - [US.CRL] 6 个到期日 → 6 批次调用
2026-05-01 15:02:22,487 [WARNING] rate_limiter - [_call] 第 1/5 次失败: 获取期权链频率太高，请求失败，每30秒最多10次。，5.0s 后重试…
2026-05-01 15:02:27,489 [WARNING] rate_limiter - [_call] 第 2/5 次失败: 获取期权链频率太高，请求失败，每30秒最多10次。，10.0s 后重试…
2026-05-01 15:02:37,492 [WARNING] rate_limiter - [_call] 第 3/5 次失败: 获取期权链频率太高，请求失败，每30秒最多10次。，20.0s 后重试…
2026-05-01 15:02:59,006 [INFO] option_chain_fetcher - [US.CRL] 候选合约共 0 个
2026-05-01 15:02:59,006 [INFO] scanner - [STEP1] US.CRL: 候选合约 0 个
2026-05-01 15:02:59,006 [INFO] scanner - [STEP2] 获取 0 个合约快照…
2026-05-01 15:02:59,006 [WARNING] scanner - [STEP2] 合约列表为空，跳过
2026-05-01 15:02:59,006 [ERROR] scanner - [US.CRL] 处理异常: 'option_type'
2026-05-01 15:02:59,007 [ERROR] scanner - Traceback (most recent call last):
  File "C:\Users\Administrator\AppData\Local\Programs\Python\Python312\Lib\site-packages\pandas\core\indexes\base.py", line 3641, in get_loc
    return self._engine.get_loc(casted_key)
           ^^^^^^^^^^^^^^^^^^^^^^^^^^^^^^^^
  File "pandas/_libs/index.pyx", line 168, in pandas._libs.index.IndexEngine.get_loc
  File "pandas/_libs/index.pyx", line 197, in pandas._libs.index.IndexEngine.get_loc
  File "pandas/_libs/hashtable_class_helper.pxi", line 7668, in pandas._libs.hashtable.PyObjectHashTable.get_item
  File "pandas/_libs/hashtable_class_helper.pxi", line 7676, in pandas._libs.hashtable.PyObjectHashTable.get_item
KeyError: 'option_type'

The above exception was the direct cause of the following exception:

Traceback (most recent call last):
  File "<input>", line 170, in step_run_single
  File "C:\Users\Administrator\AppData\Local\Programs\Python\Python312\Lib\site-packages\pandas\core\frame.py", line 4378, in __getitem__
    indexer = self.columns.get_loc(key)
              ^^^^^^^^^^^^^^^^^^^^^^^^^
  File "C:\Users\Administrator\AppData\Local\Programs\Python\Python312\Lib\site-packages\pandas\core\indexes\base.py", line 3648, in get_loc
    raise KeyError(key) from err
KeyError: 'option_type'

2026-05-01 15:02:59,007 [INFO] checkpoint - 读取断点缓存：已完成 225 个标的
2026-05-01 15:02:59,008 [INFO] scanner - [227/527] US.CTRA  完成率 43%  预计剩余 1h04m
2026-05-01 15:02:59,008 [INFO] scanner - ──────────────────────────────────────────────────
2026-05-01 15:02:59,008 [INFO] scanner - 处理标的: US.CTRA
2026-05-01 15:02:59,049 [INFO] scanner - [STEP1] 获取 US.CTRA 候选期权链…
2026-05-01 15:02:59,084 [INFO] option_chain_fetcher - [US.CTRA] 11 个到期日 → 4 批次调用
2026-05-01 15:03:00,882 [INFO] option_chain_fetcher - [US.CTRA] 候选合约共 0 个
2026-05-01 15:03:00,882 [INFO] scanner - [STEP1] US.CTRA: 候选合约 0 个
2026-05-01 15:03:00,882 [INFO] scanner - [STEP2] 获取 0 个合约快照…
2026-05-01 15:03:00,882 [WARNING] scanner - [STEP2] 合约列表为空，跳过
2026-05-01 15:03:00,882 [ERROR] scanner - [US.CTRA] 处理异常: 'option_type'
2026-05-01 15:03:00,883 [ERROR] scanner - Traceback (most recent call last):
  File "C:\Users\Administrator\AppData\Local\Programs\Python\Python312\Lib\site-packages\pandas\core\indexes\base.py", line 3641, in get_loc
    return self._engine.get_loc(casted_key)
           ^^^^^^^^^^^^^^^^^^^^^^^^^^^^^^^^
  File "pandas/_libs/index.pyx", line 168, in pandas._libs.index.IndexEngine.get_loc
  File "pandas/_libs/index.pyx", line 197, in pandas._libs.index.IndexEngine.get_loc
  File "pandas/_libs/hashtable_class_helper.pxi", line 7668, in pandas._libs.hashtable.PyObjectHashTable.get_item
  File "pandas/_libs/hashtable_class_helper.pxi", line 7676, in pandas._libs.hashtable.PyObjectHashTable.get_item
KeyError: 'option_type'

The above exception was the direct cause of the following exception:

Traceback (most recent call last):
  File "<input>", line 170, in step_run_single
  File "C:\Users\Administrator\AppData\Local\Programs\Python\Python312\Lib\site-packages\pandas\core\frame.py", line 4378, in __getitem__
    indexer = self.columns.get_loc(key)
              ^^^^^^^^^^^^^^^^^^^^^^^^^
  File "C:\Users\Administrator\AppData\Local\Programs\Python\Python312\Lib\site-packages\pandas\core\indexes\base.py", line 3648, in get_loc
    raise KeyError(key) from err
KeyError: 'option_type'

2026-05-01 15:03:00,883 [INFO] checkpoint - 读取断点缓存：已完成 226 个标的
2026-05-01 15:03:00,884 [INFO] scanner - [228/527] US.CTVA  完成率 43%  预计剩余 1h04m
2026-05-01 15:03:00,884 [INFO] scanner - ──────────────────────────────────────────────────
2026-05-01 15:03:00,884 [INFO] scanner - 处理标的: US.CTVA
2026-05-01 15:03:00,926 [INFO] scanner - [STEP1] 获取 US.CTVA 候选期权链…
2026-05-01 15:03:00,962 [INFO] option_chain_fetcher - [US.CTVA] 4 个到期日 → 4 批次调用
2026-05-01 15:03:01,716 [WARNING] rate_limiter - [_call] 第 1/5 次失败: 获取期权链频率太高，请求失败，每30秒最多10次。，5.0s 后重试…
2026-05-01 15:03:06,718 [WARNING] rate_limiter - [_call] 第 2/5 次失败: 获取期权链频率太高，请求失败，每30秒最多10次。，10.0s 后重试…
2026-05-01 15:03:16,720 [WARNING] rate_limiter - [_call] 第 3/5 次失败: 获取期权链频率太高，请求失败，每30秒最多10次。，20.0s 后重试…
2026-05-01 15:03:37,470 [INFO] option_chain_fetcher - [US.CTVA] 候选合约共 0 个
2026-05-01 15:03:37,470 [INFO] scanner - [STEP1] US.CTVA: 候选合约 0 个
2026-05-01 15:03:37,470 [INFO] scanner - [STEP2] 获取 0 个合约快照…
2026-05-01 15:03:37,470 [WARNING] scanner - [STEP2] 合约列表为空，跳过
2026-05-01 15:03:37,470 [ERROR] scanner - [US.CTVA] 处理异常: 'option_type'
2026-05-01 15:03:37,471 [ERROR] scanner - Traceback (most recent call last):
  File "C:\Users\Administrator\AppData\Local\Programs\Python\Python312\Lib\site-packages\pandas\core\indexes\base.py", line 3641, in get_loc
    return self._engine.get_loc(casted_key)
           ^^^^^^^^^^^^^^^^^^^^^^^^^^^^^^^^
  File "pandas/_libs/index.pyx", line 168, in pandas._libs.index.IndexEngine.get_loc
  File "pandas/_libs/index.pyx", line 197, in pandas._libs.index.IndexEngine.get_loc
  File "pandas/_libs/hashtable_class_helper.pxi", line 7668, in pandas._libs.hashtable.PyObjectHashTable.get_item
  File "pandas/_libs/hashtable_class_helper.pxi", line 7676, in pandas._libs.hashtable.PyObjectHashTable.get_item
KeyError: 'option_type'

The above exception was the direct cause of the following exception:

Traceback (most recent call last):
  File "<input>", line 170, in step_run_single
  File "C:\Users\Administrator\AppData\Local\Programs\Python\Python312\Lib\site-packages\pandas\core\frame.py", line 4378, in __getitem__
    indexer = self.columns.get_loc(key)
              ^^^^^^^^^^^^^^^^^^^^^^^^^
  File "C:\Users\Administrator\AppData\Local\Programs\Python\Python312\Lib\site-packages\pandas\core\indexes\base.py", line 3648, in get_loc
    raise KeyError(key) from err
KeyError: 'option_type'

2026-05-01 15:03:37,471 [INFO] checkpoint - 读取断点缓存：已完成 227 个标的
2026-05-01 15:03:37,472 [INFO] scanner - [229/527] US.CVNA  完成率 43%  预计剩余 1h04m
2026-05-01 15:03:37,472 [INFO] scanner - ──────────────────────────────────────────────────
2026-05-01 15:03:37,472 [INFO] scanner - 处理标的: US.CVNA
2026-05-01 15:03:37,513 [INFO] scanner - [STEP1] 获取 US.CVNA 候选期权链…
2026-05-01 15:03:37,550 [INFO] option_chain_fetcher - [US.CVNA] 12 个到期日 → 5 批次调用
2026-05-01 15:03:40,007 [INFO] option_chain_fetcher - [US.CVNA] 候选合约共 102 个
2026-05-01 15:03:40,007 [INFO] scanner - [STEP1] US.CVNA: 候选合约 102 个
2026-05-01 15:03:40,007 [INFO] scanner - [STEP2] 获取 102 个合约快照…
2026-05-01 15:03:40,255 [INFO] snapshot_fetcher - 快照获取完成：102/102 个合约
2026-05-01 15:03:40,256 [INFO] scanner - [STEP2] 成功获取 102 条快照
2026-05-01 15:03:40,256 [INFO] scanner - [STEP3] 对 US.CVNA 执行异常检测…
2026-05-01 15:03:40,258 [INFO] anomaly_detector - 发现异常合约 24 个
2026-05-01 15:03:40,260 [INFO] anomaly_detector - 已追加写入 24 条异常记录 → .\filter_data\anomaly_results2026-05-01.csv
2026-05-01 15:03:40,260 [INFO] checkpoint - 读取断点缓存：已完成 228 个标的
2026-05-01 15:03:40,261 [INFO] scanner - [230/527] US.CVS  完成率 44%  预计剩余 1h04m
2026-05-01 15:03:40,261 [INFO] scanner - ──────────────────────────────────────────────────
2026-05-01 15:03:40,261 [INFO] scanner - 处理标的: US.CVS
2026-05-01 15:03:40,301 [INFO] scanner - [STEP1] 获取 US.CVS 候选期权链…
2026-05-01 15:03:40,336 [INFO] option_chain_fetcher - [US.CVS] 11 个到期日 → 4 批次调用
2026-05-01 15:03:41,839 [WARNING] rate_limiter - [_call] 第 1/5 次失败: 获取期权链频率太高，请求失败，每30秒最多10次。，5.0s 后重试…
2026-05-01 15:03:46,842 [WARNING] rate_limiter - [_call] 第 2/5 次失败: 获取期权链频率太高，请求失败，每30秒最多10次。，10.0s 后重试…
2026-05-01 15:03:56,844 [WARNING] rate_limiter - [_call] 第 3/5 次失败: 获取期权链频率太高，请求失败，每30秒最多10次。，20.0s 后重试…
2026-05-01 15:04:17,224 [INFO] option_chain_fetcher - [US.CVS] 候选合约共 14 个
2026-05-01 15:04:17,224 [INFO] scanner - [STEP1] US.CVS: 候选合约 14 个
2026-05-01 15:04:17,224 [INFO] scanner - [STEP2] 获取 14 个合约快照…
2026-05-01 15:04:17,294 [INFO] snapshot_fetcher - 快照获取完成：14/14 个合约
2026-05-01 15:04:17,295 [INFO] scanner - [STEP2] 成功获取 14 条快照
2026-05-01 15:04:17,296 [INFO] scanner - [STEP3] 对 US.CVS 执行异常检测…
2026-05-01 15:04:17,297 [INFO] anomaly_detector - 发现异常合约 1 个
2026-05-01 15:04:17,298 [INFO] anomaly_detector - 已追加写入 1 条异常记录 → .\filter_data\anomaly_results2026-05-01.csv
2026-05-01 15:04:17,299 [INFO] checkpoint - 读取断点缓存：已完成 229 个标的
2026-05-01 15:04:17,299 [INFO] scanner - [231/527] US.D  完成率 44%  预计剩余 1h04m
2026-05-01 15:04:17,299 [INFO] scanner - ──────────────────────────────────────────────────
2026-05-01 15:04:17,299 [INFO] scanner - 处理标的: US.D
2026-05-01 15:04:17,341 [INFO] scanner - [STEP1] 获取 US.D 候选期权链…
2026-05-01 15:04:17,376 [INFO] option_chain_fetcher - [US.D] 5 个到期日 → 4 批次调用
2026-05-01 15:04:19,000 [INFO] option_chain_fetcher - [US.D] 候选合约共 3 个
2026-05-01 15:04:19,000 [INFO] scanner - [STEP1] US.D: 候选合约 3 个
2026-05-01 15:04:19,000 [INFO] scanner - [STEP2] 获取 3 个合约快照…
2026-05-01 15:04:19,064 [INFO] snapshot_fetcher - 快照获取完成：3/3 个合约
2026-05-01 15:04:19,065 [INFO] scanner - [STEP2] 成功获取 3 条快照
2026-05-01 15:04:19,066 [INFO] scanner - [STEP3] 对 US.D 执行异常检测…
2026-05-01 15:04:19,067 [INFO] anomaly_detector - 本批次无异常合约
2026-05-01 15:04:19,067 [INFO] checkpoint - 读取断点缓存：已完成 230 个标的
2026-05-01 15:04:19,067 [INFO] scanner - [232/527] US.DAL  完成率 44%  预计剩余 1h04m
2026-05-01 15:04:19,067 [INFO] scanner - ──────────────────────────────────────────────────
2026-05-01 15:04:19,067 [INFO] scanner - 处理标的: US.DAL
2026-05-01 15:04:19,105 [INFO] scanner - [STEP1] 获取 US.DAL 候选期权链…
2026-05-01 15:04:19,141 [INFO] option_chain_fetcher - [US.DAL] 10 个到期日 → 4 批次调用
2026-05-01 15:04:20,987 [INFO] option_chain_fetcher - [US.DAL] 候选合约共 29 个
2026-05-01 15:04:20,987 [INFO] scanner - [STEP1] US.DAL: 候选合约 29 个
2026-05-01 15:04:20,987 [INFO] scanner - [STEP2] 获取 29 个合约快照…
2026-05-01 15:04:21,101 [INFO] snapshot_fetcher - 快照获取完成：29/29 个合约
2026-05-01 15:04:21,102 [INFO] scanner - [STEP2] 成功获取 29 条快照
2026-05-01 15:04:21,102 [INFO] scanner - [STEP3] 对 US.DAL 执行异常检测…
2026-05-01 15:04:21,103 [INFO] anomaly_detector - 本批次无异常合约
2026-05-01 15:04:21,104 [INFO] checkpoint - 读取断点缓存：已完成 231 个标的
2026-05-01 15:04:21,104 [INFO] scanner - [233/527] US.DD  完成率 44%  预计剩余 1h03m
2026-05-01 15:04:21,104 [INFO] scanner - ──────────────────────────────────────────────────
2026-05-01 15:04:21,104 [INFO] scanner - 处理标的: US.DD
2026-05-01 15:04:21,147 [INFO] scanner - [STEP1] 获取 US.DD 候选期权链…
2026-05-01 15:04:21,182 [INFO] option_chain_fetcher - [US.DD] 5 个到期日 → 4 批次调用
2026-05-01 15:04:21,562 [WARNING] rate_limiter - [_call] 第 1/5 次失败: 获取期权链频率太高，请求失败，每30秒最多10次。，5.0s 后重试…
2026-05-01 15:04:26,564 [WARNING] rate_limiter - [_call] 第 2/5 次失败: 获取期权链频率太高，请求失败，每30秒最多10次。，10.0s 后重试…
2026-05-01 15:04:36,567 [WARNING] rate_limiter - [_call] 第 3/5 次失败: 获取期权链频率太高，请求失败，每30秒最多10次。，20.0s 后重试…
2026-05-01 15:04:57,738 [INFO] option_chain_fetcher - [US.DD] 候选合约共 0 个
2026-05-01 15:04:57,738 [INFO] scanner - [STEP1] US.DD: 候选合约 0 个
2026-05-01 15:04:57,738 [INFO] scanner - [STEP2] 获取 0 个合约快照…
2026-05-01 15:04:57,738 [WARNING] scanner - [STEP2] 合约列表为空，跳过
2026-05-01 15:04:57,738 [ERROR] scanner - [US.DD] 处理异常: 'option_type'
2026-05-01 15:04:57,739 [ERROR] scanner - Traceback (most recent call last):
  File "C:\Users\Administrator\AppData\Local\Programs\Python\Python312\Lib\site-packages\pandas\core\indexes\base.py", line 3641, in get_loc
    return self._engine.get_loc(casted_key)
           ^^^^^^^^^^^^^^^^^^^^^^^^^^^^^^^^
  File "pandas/_libs/index.pyx", line 168, in pandas._libs.index.IndexEngine.get_loc
  File "pandas/_libs/index.pyx", line 197, in pandas._libs.index.IndexEngine.get_loc
  File "pandas/_libs/hashtable_class_helper.pxi", line 7668, in pandas._libs.hashtable.PyObjectHashTable.get_item
  File "pandas/_libs/hashtable_class_helper.pxi", line 7676, in pandas._libs.hashtable.PyObjectHashTable.get_item
KeyError: 'option_type'

The above exception was the direct cause of the following exception:

Traceback (most recent call last):
  File "<input>", line 170, in step_run_single
  File "C:\Users\Administrator\AppData\Local\Programs\Python\Python312\Lib\site-packages\pandas\core\frame.py", line 4378, in __getitem__
    indexer = self.columns.get_loc(key)
              ^^^^^^^^^^^^^^^^^^^^^^^^^
  File "C:\Users\Administrator\AppData\Local\Programs\Python\Python312\Lib\site-packages\pandas\core\indexes\base.py", line 3648, in get_loc
    raise KeyError(key) from err
KeyError: 'option_type'

2026-05-01 15:04:57,740 [INFO] checkpoint - 读取断点缓存：已完成 232 个标的
2026-05-01 15:04:57,740 [INFO] scanner - [234/527] US.DE  完成率 44%  预计剩余 1h03m
2026-05-01 15:04:57,740 [INFO] scanner - ──────────────────────────────────────────────────
2026-05-01 15:04:57,740 [INFO] scanner - 处理标的: US.DE
2026-05-01 15:04:57,781 [INFO] scanner - [STEP1] 获取 US.DE 候选期权链…
2026-05-01 15:04:57,817 [INFO] option_chain_fetcher - [US.DE] 9 个到期日 → 3 批次调用
2026-05-01 15:04:59,304 [INFO] option_chain_fetcher - [US.DE] 候选合约共 4 个
2026-05-01 15:04:59,304 [INFO] scanner - [STEP1] US.DE: 候选合约 4 个
2026-05-01 15:04:59,304 [INFO] scanner - [STEP2] 获取 4 个合约快照…
2026-05-01 15:04:59,375 [INFO] snapshot_fetcher - 快照获取完成：4/4 个合约
2026-05-01 15:04:59,376 [INFO] scanner - [STEP2] 成功获取 4 条快照
2026-05-01 15:04:59,377 [INFO] scanner - [STEP3] 对 US.DE 执行异常检测…
2026-05-01 15:04:59,378 [INFO] anomaly_detector - 发现异常合约 1 个
2026-05-01 15:04:59,379 [INFO] anomaly_detector - 已追加写入 1 条异常记录 → .\filter_data\anomaly_results2026-05-01.csv
2026-05-01 15:04:59,380 [INFO] checkpoint - 读取断点缓存：已完成 233 个标的
2026-05-01 15:04:59,380 [INFO] scanner - [235/527] US.DECK  完成率 45%  预计剩余 1h03m
2026-05-01 15:04:59,380 [INFO] scanner - ──────────────────────────────────────────────────
2026-05-01 15:04:59,380 [INFO] scanner - 处理标的: US.DECK
2026-05-01 15:04:59,444 [INFO] scanner - [STEP1] 获取 US.DECK 候选期权链…
2026-05-01 15:04:59,480 [INFO] option_chain_fetcher - [US.DECK] 11 个到期日 → 5 批次调用
2026-05-01 15:05:01,246 [WARNING] rate_limiter - [_call] 第 1/5 次失败: 获取期权链频率太高，请求失败，每30秒最多10次。，5.0s 后重试…
2026-05-01 15:05:06,248 [WARNING] rate_limiter - [_call] 第 2/5 次失败: 获取期权链频率太高，请求失败，每30秒最多10次。，10.0s 后重试…
2026-05-01 15:05:16,250 [WARNING] rate_limiter - [_call] 第 3/5 次失败: 获取期权链频率太高，请求失败，每30秒最多10次。，20.0s 后重试…
2026-05-01 15:05:36,638 [INFO] option_chain_fetcher - [US.DECK] 候选合约共 0 个
2026-05-01 15:05:36,638 [INFO] scanner - [STEP1] US.DECK: 候选合约 0 个
2026-05-01 15:05:36,638 [INFO] scanner - [STEP2] 获取 0 个合约快照…
2026-05-01 15:05:36,638 [WARNING] scanner - [STEP2] 合约列表为空，跳过
2026-05-01 15:05:36,638 [ERROR] scanner - [US.DECK] 处理异常: 'option_type'
2026-05-01 15:05:36,639 [ERROR] scanner - Traceback (most recent call last):
  File "C:\Users\Administrator\AppData\Local\Programs\Python\Python312\Lib\site-packages\pandas\core\indexes\base.py", line 3641, in get_loc
    return self._engine.get_loc(casted_key)
           ^^^^^^^^^^^^^^^^^^^^^^^^^^^^^^^^
  File "pandas/_libs/index.pyx", line 168, in pandas._libs.index.IndexEngine.get_loc
  File "pandas/_libs/index.pyx", line 197, in pandas._libs.index.IndexEngine.get_loc
  File "pandas/_libs/hashtable_class_helper.pxi", line 7668, in pandas._libs.hashtable.PyObjectHashTable.get_item
  File "pandas/_libs/hashtable_class_helper.pxi", line 7676, in pandas._libs.hashtable.PyObjectHashTable.get_item
KeyError: 'option_type'

The above exception was the direct cause of the following exception:

Traceback (most recent call last):
  File "<input>", line 170, in step_run_single
  File "C:\Users\Administrator\AppData\Local\Programs\Python\Python312\Lib\site-packages\pandas\core\frame.py", line 4378, in __getitem__
    indexer = self.columns.get_loc(key)
              ^^^^^^^^^^^^^^^^^^^^^^^^^
  File "C:\Users\Administrator\AppData\Local\Programs\Python\Python312\Lib\site-packages\pandas\core\indexes\base.py", line 3648, in get_loc
    raise KeyError(key) from err
KeyError: 'option_type'

2026-05-01 15:05:36,639 [INFO] checkpoint - 读取断点缓存：已完成 234 个标的
2026-05-01 15:05:36,640 [INFO] scanner - [236/527] US.DELL  完成率 45%  预计剩余 1h03m
2026-05-01 15:05:36,640 [INFO] scanner - ──────────────────────────────────────────────────
2026-05-01 15:05:36,640 [INFO] scanner - 处理标的: US.DELL
2026-05-01 15:05:36,681 [INFO] scanner - [STEP1] 获取 US.DELL 候选期权链…
2026-05-01 15:05:36,716 [INFO] option_chain_fetcher - [US.DELL] 13 个到期日 → 6 批次调用
2026-05-01 15:05:39,497 [INFO] option_chain_fetcher - [US.DELL] 候选合约共 24 个
2026-05-01 15:05:39,497 [INFO] scanner - [STEP1] US.DELL: 候选合约 24 个
2026-05-01 15:05:39,497 [INFO] scanner - [STEP2] 获取 24 个合约快照…
2026-05-01 15:05:39,568 [INFO] snapshot_fetcher - 快照获取完成：24/24 个合约
2026-05-01 15:05:39,569 [INFO] scanner - [STEP2] 成功获取 24 条快照
2026-05-01 15:05:39,570 [INFO] scanner - [STEP3] 对 US.DELL 执行异常检测…
2026-05-01 15:05:39,572 [INFO] anomaly_detector - 发现异常合约 5 个
2026-05-01 15:05:39,573 [INFO] anomaly_detector - 已追加写入 5 条异常记录 → .\filter_data\anomaly_results2026-05-01.csv
2026-05-01 15:05:39,574 [INFO] checkpoint - 读取断点缓存：已完成 235 个标的
2026-05-01 15:05:39,574 [INFO] scanner - [237/527] US.DG  完成率 45%  预计剩余 1h03m
2026-05-01 15:05:39,574 [INFO] scanner - ──────────────────────────────────────────────────
2026-05-01 15:05:39,574 [INFO] scanner - 处理标的: US.DG
2026-05-01 15:05:39,613 [INFO] scanner - [STEP1] 获取 US.DG 候选期权链…
2026-05-01 15:05:39,648 [INFO] option_chain_fetcher - [US.DG] 12 个到期日 → 5 批次调用
2026-05-01 15:05:41,164 [WARNING] rate_limiter - [_call] 第 1/5 次失败: 获取期权链频率太高，请求失败，每30秒最多10次。，5.0s 后重试…
2026-05-01 15:05:46,165 [WARNING] rate_limiter - [_call] 第 2/5 次失败: 获取期权链频率太高，请求失败，每30秒最多10次。，10.0s 后重试…
2026-05-01 15:05:56,168 [WARNING] rate_limiter - [_call] 第 3/5 次失败: 获取期权链频率太高，请求失败，每30秒最多10次。，20.0s 后重试…
2026-05-01 15:06:16,971 [INFO] option_chain_fetcher - [US.DG] 候选合约共 16 个
2026-05-01 15:06:16,971 [INFO] scanner - [STEP1] US.DG: 候选合约 16 个
2026-05-01 15:06:16,971 [INFO] scanner - [STEP2] 获取 16 个合约快照…
2026-05-01 15:06:17,046 [INFO] snapshot_fetcher - 快照获取完成：16/16 个合约
2026-05-01 15:06:17,047 [INFO] scanner - [STEP2] 成功获取 16 条快照
2026-05-01 15:06:17,048 [INFO] scanner - [STEP3] 对 US.DG 执行异常检测…
2026-05-01 15:06:17,049 [INFO] anomaly_detector - 发现异常合约 3 个
2026-05-01 15:06:17,051 [INFO] anomaly_detector - 已追加写入 3 条异常记录 → .\filter_data\anomaly_results2026-05-01.csv
2026-05-01 15:06:17,051 [INFO] checkpoint - 读取断点缓存：已完成 236 个标的
2026-05-01 15:06:17,051 [INFO] scanner - [238/527] US.DGX  完成率 45%  预计剩余 1h03m
2026-05-01 15:06:17,052 [INFO] scanner - ──────────────────────────────────────────────────
2026-05-01 15:06:17,052 [INFO] scanner - 处理标的: US.DGX
2026-05-01 15:06:17,091 [INFO] scanner - [STEP1] 获取 US.DGX 候选期权链…
2026-05-01 15:06:17,126 [INFO] option_chain_fetcher - [US.DGX] 4 个到期日 → 4 批次调用
2026-05-01 15:06:18,696 [INFO] option_chain_fetcher - [US.DGX] 候选合约共 1 个
2026-05-01 15:06:18,696 [INFO] scanner - [STEP1] US.DGX: 候选合约 1 个
2026-05-01 15:06:18,696 [INFO] scanner - [STEP2] 获取 1 个合约快照…
2026-05-01 15:06:18,765 [INFO] snapshot_fetcher - 快照获取完成：1/1 个合约
2026-05-01 15:06:18,765 [INFO] scanner - [STEP2] 成功获取 1 条快照
2026-05-01 15:06:18,766 [INFO] scanner - [STEP3] 对 US.DGX 执行异常检测…
2026-05-01 15:06:18,767 [INFO] anomaly_detector - 本批次无异常合约
2026-05-01 15:06:18,767 [INFO] checkpoint - 读取断点缓存：已完成 237 个标的
2026-05-01 15:06:18,767 [INFO] scanner - [239/527] US.DHI  完成率 45%  预计剩余 1h03m
2026-05-01 15:06:18,767 [INFO] scanner - ──────────────────────────────────────────────────
2026-05-01 15:06:18,767 [INFO] scanner - 处理标的: US.DHI
2026-05-01 15:06:18,807 [INFO] scanner - [STEP1] 获取 US.DHI 候选期权链…
2026-05-01 15:06:18,844 [INFO] option_chain_fetcher - [US.DHI] 11 个到期日 → 4 批次调用
2026-05-01 15:06:20,689 [INFO] option_chain_fetcher - [US.DHI] 候选合约共 0 个
2026-05-01 15:06:20,689 [INFO] scanner - [STEP1] US.DHI: 候选合约 0 个
2026-05-01 15:06:20,689 [INFO] scanner - [STEP2] 获取 0 个合约快照…
2026-05-01 15:06:20,689 [WARNING] scanner - [STEP2] 合约列表为空，跳过
2026-05-01 15:06:20,689 [ERROR] scanner - [US.DHI] 处理异常: 'option_type'
2026-05-01 15:06:20,690 [ERROR] scanner - Traceback (most recent call last):
  File "C:\Users\Administrator\AppData\Local\Programs\Python\Python312\Lib\site-packages\pandas\core\indexes\base.py", line 3641, in get_loc
    return self._engine.get_loc(casted_key)
           ^^^^^^^^^^^^^^^^^^^^^^^^^^^^^^^^
  File "pandas/_libs/index.pyx", line 168, in pandas._libs.index.IndexEngine.get_loc
  File "pandas/_libs/index.pyx", line 197, in pandas._libs.index.IndexEngine.get_loc
  File "pandas/_libs/hashtable_class_helper.pxi", line 7668, in pandas._libs.hashtable.PyObjectHashTable.get_item
  File "pandas/_libs/hashtable_class_helper.pxi", line 7676, in pandas._libs.hashtable.PyObjectHashTable.get_item
KeyError: 'option_type'

The above exception was the direct cause of the following exception:

Traceback (most recent call last):
  File "<input>", line 170, in step_run_single
  File "C:\Users\Administrator\AppData\Local\Programs\Python\Python312\Lib\site-packages\pandas\core\frame.py", line 4378, in __getitem__
    indexer = self.columns.get_loc(key)
              ^^^^^^^^^^^^^^^^^^^^^^^^^
  File "C:\Users\Administrator\AppData\Local\Programs\Python\Python312\Lib\site-packages\pandas\core\indexes\base.py", line 3648, in get_loc
    raise KeyError(key) from err
KeyError: 'option_type'

2026-05-01 15:06:20,690 [INFO] checkpoint - 读取断点缓存：已完成 238 个标的
2026-05-01 15:06:20,691 [INFO] scanner - [240/527] US.DHR  完成率 46%  预计剩余 1h02m
2026-05-01 15:06:20,691 [INFO] scanner - ──────────────────────────────────────────────────
2026-05-01 15:06:20,691 [INFO] scanner - 处理标的: US.DHR
2026-05-01 15:06:20,760 [INFO] scanner - [STEP1] 获取 US.DHR 候选期权链…
2026-05-01 15:06:20,796 [INFO] option_chain_fetcher - [US.DHR] 10 个到期日 → 4 批次调用
2026-05-01 15:06:20,798 [WARNING] rate_limiter - [_call] 第 1/5 次失败: 获取期权链频率太高，请求失败，每30秒最多10次。，5.0s 后重试…
2026-05-01 15:06:25,799 [WARNING] rate_limiter - [_call] 第 2/5 次失败: 获取期权链频率太高，请求失败，每30秒最多10次。，10.0s 后重试…
2026-05-01 15:06:35,802 [WARNING] rate_limiter - [_call] 第 3/5 次失败: 获取期权链频率太高，请求失败，每30秒最多10次。，20.0s 后重试…
2026-05-01 15:06:57,630 [INFO] option_chain_fetcher - [US.DHR] 候选合约共 5 个
2026-05-01 15:06:57,630 [INFO] scanner - [STEP1] US.DHR: 候选合约 5 个
2026-05-01 15:06:57,630 [INFO] scanner - [STEP2] 获取 5 个合约快照…
2026-05-01 15:06:57,700 [INFO] snapshot_fetcher - 快照获取完成：5/5 个合约
2026-05-01 15:06:57,701 [INFO] scanner - [STEP2] 成功获取 5 条快照
2026-05-01 15:06:57,701 [INFO] scanner - [STEP3] 对 US.DHR 执行异常检测…
2026-05-01 15:06:57,703 [INFO] anomaly_detector - 发现异常合约 2 个
2026-05-01 15:06:57,704 [INFO] anomaly_detector - 已追加写入 2 条异常记录 → .\filter_data\anomaly_results2026-05-01.csv
2026-05-01 15:06:57,704 [INFO] checkpoint - 读取断点缓存：已完成 239 个标的
2026-05-01 15:06:57,705 [INFO] scanner - [241/527] US.DLR  完成率 46%  预计剩余 1h03m
2026-05-01 15:06:57,705 [INFO] scanner - ──────────────────────────────────────────────────
2026-05-01 15:06:57,705 [INFO] scanner - 处理标的: US.DLR
2026-05-01 15:06:57,745 [INFO] scanner - US.DLR 市值过大，pass
2026-05-01 15:06:57,745 [INFO] scanner - [STEP2] 获取 0 个合约快照…
2026-05-01 15:06:57,745 [WARNING] scanner - [STEP2] 合约列表为空，跳过
2026-05-01 15:06:57,745 [ERROR] scanner - [US.DLR] 处理异常: 'option_type'
2026-05-01 15:06:57,746 [ERROR] scanner - Traceback (most recent call last):
  File "C:\Users\Administrator\AppData\Local\Programs\Python\Python312\Lib\site-packages\pandas\core\indexes\base.py", line 3641, in get_loc
    return self._engine.get_loc(casted_key)
           ^^^^^^^^^^^^^^^^^^^^^^^^^^^^^^^^
  File "pandas/_libs/index.pyx", line 168, in pandas._libs.index.IndexEngine.get_loc
  File "pandas/_libs/index.pyx", line 197, in pandas._libs.index.IndexEngine.get_loc
  File "pandas/_libs/hashtable_class_helper.pxi", line 7668, in pandas._libs.hashtable.PyObjectHashTable.get_item
  File "pandas/_libs/hashtable_class_helper.pxi", line 7676, in pandas._libs.hashtable.PyObjectHashTable.get_item
KeyError: 'option_type'

The above exception was the direct cause of the following exception:

Traceback (most recent call last):
  File "<input>", line 170, in step_run_single
  File "C:\Users\Administrator\AppData\Local\Programs\Python\Python312\Lib\site-packages\pandas\core\frame.py", line 4378, in __getitem__
    indexer = self.columns.get_loc(key)
              ^^^^^^^^^^^^^^^^^^^^^^^^^
  File "C:\Users\Administrator\AppData\Local\Programs\Python\Python312\Lib\site-packages\pandas\core\indexes\base.py", line 3648, in get_loc
    raise KeyError(key) from err
KeyError: 'option_type'

2026-05-01 15:06:57,746 [INFO] checkpoint - 读取断点缓存：已完成 240 个标的
2026-05-01 15:06:57,747 [INFO] scanner - [242/527] US.DLTR  完成率 46%  预计剩余 1h02m
2026-05-01 15:06:57,747 [INFO] scanner - ──────────────────────────────────────────────────
2026-05-01 15:06:57,747 [INFO] scanner - 处理标的: US.DLTR
2026-05-01 15:06:57,785 [INFO] scanner - [STEP1] 获取 US.DLTR 候选期权链…
2026-05-01 15:06:57,820 [INFO] option_chain_fetcher - [US.DLTR] 12 个到期日 → 5 批次调用
2026-05-01 15:07:00,058 [INFO] option_chain_fetcher - [US.DLTR] 候选合约共 5 个
2026-05-01 15:07:00,058 [INFO] scanner - [STEP1] US.DLTR: 候选合约 5 个
2026-05-01 15:07:00,058 [INFO] scanner - [STEP2] 获取 5 个合约快照…
2026-05-01 15:07:00,128 [INFO] snapshot_fetcher - 快照获取完成：5/5 个合约
2026-05-01 15:07:00,129 [INFO] scanner - [STEP2] 成功获取 5 条快照
2026-05-01 15:07:00,130 [INFO] scanner - [STEP3] 对 US.DLTR 执行异常检测…
2026-05-01 15:07:00,131 [INFO] anomaly_detector - 本批次无异常合约
2026-05-01 15:07:00,131 [INFO] checkpoint - 读取断点缓存：已完成 241 个标的
2026-05-01 15:07:00,132 [INFO] scanner - [243/527] US.DOC  完成率 46%  预计剩余 1h02m
2026-05-01 15:07:00,132 [INFO] scanner - ──────────────────────────────────────────────────
2026-05-01 15:07:00,132 [INFO] scanner - 处理标的: US.DOC
2026-05-01 15:07:00,198 [INFO] scanner - [STEP1] 获取 US.DOC 候选期权链…
2026-05-01 15:07:00,233 [INFO] option_chain_fetcher - [US.DOC] 4 个到期日 → 4 批次调用
2026-05-01 15:07:00,612 [WARNING] rate_limiter - [_call] 第 1/5 次失败: 获取期权链频率太高，请求失败，每30秒最多10次。，5.0s 后重试…
2026-05-01 15:07:05,614 [WARNING] rate_limiter - [_call] 第 2/5 次失败: 获取期权链频率太高，请求失败，每30秒最多10次。，10.0s 后重试…
2026-05-01 15:07:15,616 [WARNING] rate_limiter - [_call] 第 3/5 次失败: 获取期权链频率太高，请求失败，每30秒最多10次。，20.0s 后重试…
2026-05-01 15:07:36,741 [INFO] option_chain_fetcher - [US.DOC] 候选合约共 0 个
2026-05-01 15:07:36,741 [INFO] scanner - [STEP1] US.DOC: 候选合约 0 个
2026-05-01 15:07:36,741 [INFO] scanner - [STEP2] 获取 0 个合约快照…
2026-05-01 15:07:36,741 [WARNING] scanner - [STEP2] 合约列表为空，跳过
2026-05-01 15:07:36,741 [ERROR] scanner - [US.DOC] 处理异常: 'option_type'
2026-05-01 15:07:36,742 [ERROR] scanner - Traceback (most recent call last):
  File "C:\Users\Administrator\AppData\Local\Programs\Python\Python312\Lib\site-packages\pandas\core\indexes\base.py", line 3641, in get_loc
    return self._engine.get_loc(casted_key)
           ^^^^^^^^^^^^^^^^^^^^^^^^^^^^^^^^
  File "pandas/_libs/index.pyx", line 168, in pandas._libs.index.IndexEngine.get_loc
  File "pandas/_libs/index.pyx", line 197, in pandas._libs.index.IndexEngine.get_loc
  File "pandas/_libs/hashtable_class_helper.pxi", line 7668, in pandas._libs.hashtable.PyObjectHashTable.get_item
  File "pandas/_libs/hashtable_class_helper.pxi", line 7676, in pandas._libs.hashtable.PyObjectHashTable.get_item
KeyError: 'option_type'

The above exception was the direct cause of the following exception:

Traceback (most recent call last):
  File "<input>", line 170, in step_run_single
  File "C:\Users\Administrator\AppData\Local\Programs\Python\Python312\Lib\site-packages\pandas\core\frame.py", line 4378, in __getitem__
    indexer = self.columns.get_loc(key)
              ^^^^^^^^^^^^^^^^^^^^^^^^^
  File "C:\Users\Administrator\AppData\Local\Programs\Python\Python312\Lib\site-packages\pandas\core\indexes\base.py", line 3648, in get_loc
    raise KeyError(key) from err
KeyError: 'option_type'

2026-05-01 15:07:36,742 [INFO] checkpoint - 读取断点缓存：已完成 242 个标的
2026-05-01 15:07:36,743 [INFO] scanner - [244/527] US.DOV  完成率 46%  预计剩余 1h02m
2026-05-01 15:07:36,743 [INFO] scanner - ──────────────────────────────────────────────────
2026-05-01 15:07:36,743 [INFO] scanner - 处理标的: US.DOV
2026-05-01 15:07:36,812 [INFO] scanner - [STEP1] 获取 US.DOV 候选期权链…
2026-05-01 15:07:36,848 [INFO] option_chain_fetcher - [US.DOV] 4 个到期日 → 4 批次调用
2026-05-01 15:07:38,355 [INFO] option_chain_fetcher - [US.DOV] 候选合约共 0 个
2026-05-01 15:07:38,355 [INFO] scanner - [STEP1] US.DOV: 候选合约 0 个
2026-05-01 15:07:38,355 [INFO] scanner - [STEP2] 获取 0 个合约快照…
2026-05-01 15:07:38,355 [WARNING] scanner - [STEP2] 合约列表为空，跳过
2026-05-01 15:07:38,355 [ERROR] scanner - [US.DOV] 处理异常: 'option_type'
2026-05-01 15:07:38,356 [ERROR] scanner - Traceback (most recent call last):
  File "C:\Users\Administrator\AppData\Local\Programs\Python\Python312\Lib\site-packages\pandas\core\indexes\base.py", line 3641, in get_loc
    return self._engine.get_loc(casted_key)
           ^^^^^^^^^^^^^^^^^^^^^^^^^^^^^^^^
  File "pandas/_libs/index.pyx", line 168, in pandas._libs.index.IndexEngine.get_loc
  File "pandas/_libs/index.pyx", line 197, in pandas._libs.index.IndexEngine.get_loc
  File "pandas/_libs/hashtable_class_helper.pxi", line 7668, in pandas._libs.hashtable.PyObjectHashTable.get_item
  File "pandas/_libs/hashtable_class_helper.pxi", line 7676, in pandas._libs.hashtable.PyObjectHashTable.get_item
KeyError: 'option_type'

The above exception was the direct cause of the following exception:

Traceback (most recent call last):
  File "<input>", line 170, in step_run_single
  File "C:\Users\Administrator\AppData\Local\Programs\Python\Python312\Lib\site-packages\pandas\core\frame.py", line 4378, in __getitem__
    indexer = self.columns.get_loc(key)
              ^^^^^^^^^^^^^^^^^^^^^^^^^
  File "C:\Users\Administrator\AppData\Local\Programs\Python\Python312\Lib\site-packages\pandas\core\indexes\base.py", line 3648, in get_loc
    raise KeyError(key) from err
KeyError: 'option_type'

2026-05-01 15:07:38,356 [INFO] checkpoint - 读取断点缓存：已完成 243 个标的
2026-05-01 15:07:38,357 [INFO] scanner - [245/527] US.DOW  完成率 46%  预计剩余 1h01m
2026-05-01 15:07:38,357 [INFO] scanner - ──────────────────────────────────────────────────
2026-05-01 15:07:38,357 [INFO] scanner - 处理标的: US.DOW
2026-05-01 15:07:38,397 [INFO] scanner - [STEP1] 获取 US.DOW 候选期权链…
2026-05-01 15:07:38,432 [INFO] option_chain_fetcher - [US.DOW] 10 个到期日 → 4 批次调用
2026-05-01 15:07:39,939 [WARNING] rate_limiter - [_call] 第 1/5 次失败: 获取期权链频率太高，请求失败，每30秒最多10次。，5.0s 后重试…
2026-05-01 15:07:44,941 [WARNING] rate_limiter - [_call] 第 2/5 次失败: 获取期权链频率太高，请求失败，每30秒最多10次。，10.0s 后重试…
2026-05-01 15:07:54,943 [WARNING] rate_limiter - [_call] 第 3/5 次失败: 获取期权链频率太高，请求失败，每30秒最多10次。，20.0s 后重试…
2026-05-01 15:08:15,320 [INFO] option_chain_fetcher - [US.DOW] 候选合约共 29 个
2026-05-01 15:08:15,320 [INFO] scanner - [STEP1] US.DOW: 候选合约 29 个
2026-05-01 15:08:15,320 [INFO] scanner - [STEP2] 获取 29 个合约快照…
2026-05-01 15:08:15,424 [INFO] snapshot_fetcher - 快照获取完成：29/29 个合约
2026-05-01 15:08:15,424 [INFO] scanner - [STEP2] 成功获取 29 条快照
2026-05-01 15:08:15,425 [INFO] scanner - [STEP3] 对 US.DOW 执行异常检测…
2026-05-01 15:08:15,426 [INFO] anomaly_detector - 发现异常合约 2 个
2026-05-01 15:08:15,428 [INFO] anomaly_detector - 已追加写入 2 条异常记录 → .\filter_data\anomaly_results2026-05-01.csv
2026-05-01 15:08:15,428 [INFO] checkpoint - 读取断点缓存：已完成 244 个标的
2026-05-01 15:08:15,429 [INFO] scanner - [246/527] US.DPZ  完成率 47%  预计剩余 1h02m
2026-05-01 15:08:15,429 [INFO] scanner - ──────────────────────────────────────────────────
2026-05-01 15:08:15,429 [INFO] scanner - 处理标的: US.DPZ
2026-05-01 15:08:15,469 [INFO] scanner - [STEP1] 获取 US.DPZ 候选期权链…
2026-05-01 15:08:15,504 [INFO] option_chain_fetcher - [US.DPZ] 4 个到期日 → 4 批次调用
2026-05-01 15:08:17,089 [INFO] option_chain_fetcher - [US.DPZ] 候选合约共 2 个
2026-05-01 15:08:17,089 [INFO] scanner - [STEP1] US.DPZ: 候选合约 2 个
2026-05-01 15:08:17,089 [INFO] scanner - [STEP2] 获取 2 个合约快照…
2026-05-01 15:08:17,158 [INFO] snapshot_fetcher - 快照获取完成：2/2 个合约
2026-05-01 15:08:17,158 [INFO] scanner - [STEP2] 成功获取 2 条快照
2026-05-01 15:08:17,159 [INFO] scanner - [STEP3] 对 US.DPZ 执行异常检测…
2026-05-01 15:08:17,160 [INFO] anomaly_detector - 本批次无异常合约
2026-05-01 15:08:17,160 [INFO] checkpoint - 读取断点缓存：已完成 245 个标的
2026-05-01 15:08:17,161 [INFO] scanner - [247/527] US.DRI  完成率 47%  预计剩余 1h01m
2026-05-01 15:08:17,161 [INFO] scanner - ──────────────────────────────────────────────────
2026-05-01 15:08:17,161 [INFO] scanner - 处理标的: US.DRI
2026-05-01 15:08:17,229 [INFO] scanner - [STEP1] 获取 US.DRI 候选期权链…
2026-05-01 15:08:17,265 [INFO] option_chain_fetcher - [US.DRI] 5 个到期日 → 4 批次调用
2026-05-01 15:08:18,821 [INFO] option_chain_fetcher - [US.DRI] 候选合约共 0 个
2026-05-01 15:08:18,821 [INFO] scanner - [STEP1] US.DRI: 候选合约 0 个
2026-05-01 15:08:18,821 [INFO] scanner - [STEP2] 获取 0 个合约快照…
2026-05-01 15:08:18,821 [WARNING] scanner - [STEP2] 合约列表为空，跳过
2026-05-01 15:08:18,821 [ERROR] scanner - [US.DRI] 处理异常: 'option_type'
2026-05-01 15:08:18,822 [ERROR] scanner - Traceback (most recent call last):
  File "C:\Users\Administrator\AppData\Local\Programs\Python\Python312\Lib\site-packages\pandas\core\indexes\base.py", line 3641, in get_loc
    return self._engine.get_loc(casted_key)
           ^^^^^^^^^^^^^^^^^^^^^^^^^^^^^^^^
  File "pandas/_libs/index.pyx", line 168, in pandas._libs.index.IndexEngine.get_loc
  File "pandas/_libs/index.pyx", line 197, in pandas._libs.index.IndexEngine.get_loc
  File "pandas/_libs/hashtable_class_helper.pxi", line 7668, in pandas._libs.hashtable.PyObjectHashTable.get_item
  File "pandas/_libs/hashtable_class_helper.pxi", line 7676, in pandas._libs.hashtable.PyObjectHashTable.get_item
KeyError: 'option_type'

The above exception was the direct cause of the following exception:

Traceback (most recent call last):
  File "<input>", line 170, in step_run_single
  File "C:\Users\Administrator\AppData\Local\Programs\Python\Python312\Lib\site-packages\pandas\core\frame.py", line 4378, in __getitem__
    indexer = self.columns.get_loc(key)
              ^^^^^^^^^^^^^^^^^^^^^^^^^
  File "C:\Users\Administrator\AppData\Local\Programs\Python\Python312\Lib\site-packages\pandas\core\indexes\base.py", line 3648, in get_loc
    raise KeyError(key) from err
KeyError: 'option_type'

2026-05-01 15:08:18,822 [INFO] checkpoint - 读取断点缓存：已完成 246 个标的
2026-05-01 15:08:18,823 [INFO] scanner - [248/527] US.DTE  完成率 47%  预计剩余 1h01m
2026-05-01 15:08:18,823 [INFO] scanner - ──────────────────────────────────────────────────
2026-05-01 15:08:18,823 [INFO] scanner - 处理标的: US.DTE
2026-05-01 15:08:18,865 [INFO] scanner - [STEP1] 获取 US.DTE 候选期权链…
2026-05-01 15:08:18,899 [INFO] option_chain_fetcher - [US.DTE] 4 个到期日 → 4 批次调用
2026-05-01 15:08:19,336 [WARNING] rate_limiter - [_call] 第 1/5 次失败: 获取期权链频率太高，请求失败，每30秒最多10次。，5.0s 后重试…
2026-05-01 15:08:24,338 [WARNING] rate_limiter - [_call] 第 2/5 次失败: 获取期权链频率太高，请求失败，每30秒最多10次。，10.0s 后重试…
2026-05-01 15:08:34,341 [WARNING] rate_limiter - [_call] 第 3/5 次失败: 获取期权链频率太高，请求失败，每30秒最多10次。，20.0s 后重试…
2026-05-01 15:08:55,485 [INFO] option_chain_fetcher - [US.DTE] 候选合约共 1 个
2026-05-01 15:08:55,485 [INFO] scanner - [STEP1] US.DTE: 候选合约 1 个
2026-05-01 15:08:55,485 [INFO] scanner - [STEP2] 获取 1 个合约快照…
2026-05-01 15:08:55,555 [INFO] snapshot_fetcher - 快照获取完成：1/1 个合约
2026-05-01 15:08:55,555 [INFO] scanner - [STEP2] 成功获取 1 条快照
2026-05-01 15:08:55,556 [INFO] scanner - [STEP3] 对 US.DTE 执行异常检测…
2026-05-01 15:08:55,557 [INFO] anomaly_detector - 本批次无异常合约
2026-05-01 15:08:55,557 [INFO] checkpoint - 读取断点缓存：已完成 247 个标的
2026-05-01 15:08:55,558 [INFO] scanner - [249/527] US.DUK  完成率 47%  预计剩余 1h01m
2026-05-01 15:08:55,558 [INFO] scanner - ──────────────────────────────────────────────────
2026-05-01 15:08:55,558 [INFO] scanner - 处理标的: US.DUK
2026-05-01 15:08:55,598 [INFO] scanner - [STEP1] 获取 US.DUK 候选期权链…
2026-05-01 15:08:55,633 [INFO] option_chain_fetcher - [US.DUK] 5 个到期日 → 4 批次调用
2026-05-01 15:08:57,253 [INFO] option_chain_fetcher - [US.DUK] 候选合约共 1 个
2026-05-01 15:08:57,253 [INFO] scanner - [STEP1] US.DUK: 候选合约 1 个
2026-05-01 15:08:57,253 [INFO] scanner - [STEP2] 获取 1 个合约快照…
2026-05-01 15:08:57,325 [INFO] snapshot_fetcher - 快照获取完成：1/1 个合约
2026-05-01 15:08:57,326 [INFO] scanner - [STEP2] 成功获取 1 条快照
2026-05-01 15:08:57,328 [INFO] scanner - [STEP3] 对 US.DUK 执行异常检测…
2026-05-01 15:08:57,329 [INFO] anomaly_detector - 本批次无异常合约
2026-05-01 15:08:57,330 [INFO] checkpoint - 读取断点缓存：已完成 248 个标的
2026-05-01 15:08:57,331 [INFO] scanner - [250/527] US.DVA  完成率 47%  预计剩余 1h01m
2026-05-01 15:08:57,331 [INFO] scanner - ──────────────────────────────────────────────────
2026-05-01 15:08:57,331 [INFO] scanner - 处理标的: US.DVA
2026-05-01 15:08:57,372 [INFO] scanner - [STEP1] 获取 US.DVA 候选期权链…
2026-05-01 15:08:57,418 [INFO] option_chain_fetcher - [US.DVA] 4 个到期日 → 4 批次调用
2026-05-01 15:08:58,558 [WARNING] rate_limiter - [_call] 第 1/5 次失败: 获取期权链频率太高，请求失败，每30秒最多10次。，5.0s 后重试…
2026-05-01 15:09:03,562 [WARNING] rate_limiter - [_call] 第 2/5 次失败: 获取期权链频率太高，请求失败，每30秒最多10次。，10.0s 后重试…
2026-05-01 15:09:13,564 [WARNING] rate_limiter - [_call] 第 3/5 次失败: 获取期权链频率太高，请求失败，每30秒最多10次。，20.0s 后重试…
2026-05-01 15:09:33,943 [INFO] option_chain_fetcher - [US.DVA] 候选合约共 1 个
2026-05-01 15:09:33,943 [INFO] scanner - [STEP1] US.DVA: 候选合约 1 个
2026-05-01 15:09:33,943 [INFO] scanner - [STEP2] 获取 1 个合约快照…
2026-05-01 15:09:34,058 [INFO] snapshot_fetcher - 快照获取完成：1/1 个合约
2026-05-01 15:09:34,059 [INFO] scanner - [STEP2] 成功获取 1 条快照
2026-05-01 15:09:34,061 [INFO] scanner - [STEP3] 对 US.DVA 执行异常检测…
2026-05-01 15:09:34,062 [INFO] anomaly_detector - 本批次无异常合约
2026-05-01 15:09:34,063 [INFO] checkpoint - 读取断点缓存：已完成 249 个标的
2026-05-01 15:09:34,064 [INFO] scanner - [251/527] US.DVN  完成率 48%  预计剩余 1h01m
2026-05-01 15:09:34,064 [INFO] scanner - ──────────────────────────────────────────────────
2026-05-01 15:09:34,064 [INFO] scanner - 处理标的: US.DVN
2026-05-01 15:09:34,142 [INFO] scanner - [STEP1] 获取 US.DVN 候选期权链…
2026-05-01 15:09:34,181 [INFO] option_chain_fetcher - [US.DVN] 12 个到期日 → 5 批次调用
2026-05-01 15:09:36,430 [INFO] option_chain_fetcher - [US.DVN] 候选合约共 26 个
2026-05-01 15:09:36,430 [INFO] scanner - [STEP1] US.DVN: 候选合约 26 个
2026-05-01 15:09:36,430 [INFO] scanner - [STEP2] 获取 26 个合约快照…
2026-05-01 15:09:36,546 [INFO] snapshot_fetcher - 快照获取完成：26/26 个合约
2026-05-01 15:09:36,547 [INFO] scanner - [STEP2] 成功获取 26 条快照
2026-05-01 15:09:36,549 [INFO] scanner - [STEP3] 对 US.DVN 执行异常检测…
2026-05-01 15:09:36,552 [INFO] anomaly_detector - 发现异常合约 1 个
2026-05-01 15:09:36,554 [INFO] anomaly_detector - 已追加写入 1 条异常记录 → .\filter_data\anomaly_results2026-05-01.csv
2026-05-01 15:09:36,555 [INFO] checkpoint - 读取断点缓存：已完成 250 个标的
2026-05-01 15:09:36,555 [INFO] scanner - [252/527] US.EBAY  完成率 48%  预计剩余 1h00m
2026-05-01 15:09:36,555 [INFO] scanner - ──────────────────────────────────────────────────
2026-05-01 15:09:36,555 [INFO] scanner - 处理标的: US.EBAY
2026-05-01 15:09:36,598 [INFO] scanner - [STEP1] 获取 US.EBAY 候选期权链…
2026-05-01 15:09:36,635 [INFO] option_chain_fetcher - [US.EBAY] 11 个到期日 → 4 批次调用
2026-05-01 15:09:38,600 [INFO] option_chain_fetcher - [US.EBAY] 候选合约共 28 个
2026-05-01 15:09:38,600 [INFO] scanner - [STEP1] US.EBAY: 候选合约 28 个
2026-05-01 15:09:38,600 [INFO] scanner - [STEP2] 获取 28 个合约快照…
2026-05-01 15:09:38,707 [INFO] snapshot_fetcher - 快照获取完成：28/28 个合约
2026-05-01 15:09:38,708 [INFO] scanner - [STEP2] 成功获取 28 条快照
2026-05-01 15:09:38,709 [INFO] scanner - [STEP3] 对 US.EBAY 执行异常检测…
2026-05-01 15:09:38,712 [INFO] anomaly_detector - 发现异常合约 1 个
2026-05-01 15:09:38,715 [INFO] anomaly_detector - 已追加写入 1 条异常记录 → .\filter_data\anomaly_results2026-05-01.csv
2026-05-01 15:09:38,715 [INFO] checkpoint - 读取断点缓存：已完成 251 个标的
2026-05-01 15:09:38,716 [INFO] scanner - [253/527] US.ECL  完成率 48%  预计剩余 1h00m
2026-05-01 15:09:38,716 [INFO] scanner - ──────────────────────────────────────────────────
2026-05-01 15:09:38,716 [INFO] scanner - 处理标的: US.ECL
2026-05-01 15:09:38,756 [INFO] scanner - [STEP1] 获取 US.ECL 候选期权链…
2026-05-01 15:09:38,791 [INFO] option_chain_fetcher - [US.ECL] 4 个到期日 → 4 批次调用
2026-05-01 15:09:38,793 [WARNING] rate_limiter - [_call] 第 1/5 次失败: 获取期权链频率太高，请求失败，每30秒最多10次。，5.0s 后重试…
2026-05-01 15:09:43,795 [WARNING] rate_limiter - [_call] 第 2/5 次失败: 获取期权链频率太高，请求失败，每30秒最多10次。，10.0s 后重试…
2026-05-01 15:09:53,797 [WARNING] rate_limiter - [_call] 第 3/5 次失败: 获取期权链频率太高，请求失败，每30秒最多10次。，20.0s 后重试…
2026-05-01 15:10:15,314 [INFO] option_chain_fetcher - [US.ECL] 候选合约共 0 个
2026-05-01 15:10:15,314 [INFO] scanner - [STEP1] US.ECL: 候选合约 0 个
2026-05-01 15:10:15,314 [INFO] scanner - [STEP2] 获取 0 个合约快照…
2026-05-01 15:10:15,314 [WARNING] scanner - [STEP2] 合约列表为空，跳过
2026-05-01 15:10:15,315 [ERROR] scanner - [US.ECL] 处理异常: 'option_type'
2026-05-01 15:10:15,316 [ERROR] scanner - Traceback (most recent call last):
  File "C:\Users\Administrator\AppData\Local\Programs\Python\Python312\Lib\site-packages\pandas\core\indexes\base.py", line 3641, in get_loc
    return self._engine.get_loc(casted_key)
           ^^^^^^^^^^^^^^^^^^^^^^^^^^^^^^^^
  File "pandas/_libs/index.pyx", line 168, in pandas._libs.index.IndexEngine.get_loc
  File "pandas/_libs/index.pyx", line 197, in pandas._libs.index.IndexEngine.get_loc
  File "pandas/_libs/hashtable_class_helper.pxi", line 7668, in pandas._libs.hashtable.PyObjectHashTable.get_item
  File "pandas/_libs/hashtable_class_helper.pxi", line 7676, in pandas._libs.hashtable.PyObjectHashTable.get_item
KeyError: 'option_type'

The above exception was the direct cause of the following exception:

Traceback (most recent call last):
  File "<input>", line 170, in step_run_single
  File "C:\Users\Administrator\AppData\Local\Programs\Python\Python312\Lib\site-packages\pandas\core\frame.py", line 4378, in __getitem__
    indexer = self.columns.get_loc(key)
              ^^^^^^^^^^^^^^^^^^^^^^^^^
  File "C:\Users\Administrator\AppData\Local\Programs\Python\Python312\Lib\site-packages\pandas\core\indexes\base.py", line 3648, in get_loc
    raise KeyError(key) from err
KeyError: 'option_type'

2026-05-01 15:10:15,317 [INFO] checkpoint - 读取断点缓存：已完成 252 个标的
2026-05-01 15:10:15,318 [INFO] scanner - [254/527] US.ED  完成率 48%  预计剩余 1h00m
2026-05-01 15:10:15,318 [INFO] scanner - ──────────────────────────────────────────────────
2026-05-01 15:10:15,318 [INFO] scanner - 处理标的: US.ED
2026-05-01 15:10:15,360 [INFO] scanner - [STEP1] 获取 US.ED 候选期权链…
2026-05-01 15:10:15,396 [INFO] option_chain_fetcher - [US.ED] 4 个到期日 → 4 批次调用
2026-05-01 15:10:16,909 [INFO] option_chain_fetcher - [US.ED] 候选合约共 0 个
2026-05-01 15:10:16,909 [INFO] scanner - [STEP1] US.ED: 候选合约 0 个
2026-05-01 15:10:16,909 [INFO] scanner - [STEP2] 获取 0 个合约快照…
2026-05-01 15:10:16,909 [WARNING] scanner - [STEP2] 合约列表为空，跳过
2026-05-01 15:10:16,910 [ERROR] scanner - [US.ED] 处理异常: 'option_type'
2026-05-01 15:10:16,911 [ERROR] scanner - Traceback (most recent call last):
  File "C:\Users\Administrator\AppData\Local\Programs\Python\Python312\Lib\site-packages\pandas\core\indexes\base.py", line 3641, in get_loc
    return self._engine.get_loc(casted_key)
           ^^^^^^^^^^^^^^^^^^^^^^^^^^^^^^^^
  File "pandas/_libs/index.pyx", line 168, in pandas._libs.index.IndexEngine.get_loc
  File "pandas/_libs/index.pyx", line 197, in pandas._libs.index.IndexEngine.get_loc
  File "pandas/_libs/hashtable_class_helper.pxi", line 7668, in pandas._libs.hashtable.PyObjectHashTable.get_item
  File "pandas/_libs/hashtable_class_helper.pxi", line 7676, in pandas._libs.hashtable.PyObjectHashTable.get_item
KeyError: 'option_type'

The above exception was the direct cause of the following exception:

Traceback (most recent call last):
  File "<input>", line 170, in step_run_single
  File "C:\Users\Administrator\AppData\Local\Programs\Python\Python312\Lib\site-packages\pandas\core\frame.py", line 4378, in __getitem__
    indexer = self.columns.get_loc(key)
              ^^^^^^^^^^^^^^^^^^^^^^^^^
  File "C:\Users\Administrator\AppData\Local\Programs\Python\Python312\Lib\site-packages\pandas\core\indexes\base.py", line 3648, in get_loc
    raise KeyError(key) from err
KeyError: 'option_type'

2026-05-01 15:10:16,912 [INFO] checkpoint - 读取断点缓存：已完成 253 个标的
2026-05-01 15:10:16,912 [INFO] scanner - [255/527] US.EFX  完成率 48%  预计剩余 1h00m
2026-05-01 15:10:16,913 [INFO] scanner - ──────────────────────────────────────────────────
2026-05-01 15:10:16,913 [INFO] scanner - 处理标的: US.EFX
2026-05-01 15:10:16,954 [INFO] scanner - [STEP1] 获取 US.EFX 候选期权链…
2026-05-01 15:10:16,990 [INFO] option_chain_fetcher - [US.EFX] 4 个到期日 → 4 批次调用
2026-05-01 15:10:17,748 [WARNING] rate_limiter - [_call] 第 1/5 次失败: 获取期权链频率太高，请求失败，每30秒最多10次。，5.0s 后重试…
2026-05-01 15:10:22,750 [WARNING] rate_limiter - [_call] 第 2/5 次失败: 获取期权链频率太高，请求失败，每30秒最多10次。，10.0s 后重试…
2026-05-01 15:10:32,752 [WARNING] rate_limiter - [_call] 第 3/5 次失败: 获取期权链频率太高，请求失败，每30秒最多10次。，20.0s 后重试…
2026-05-01 15:10:53,514 [INFO] option_chain_fetcher - [US.EFX] 候选合约共 0 个
2026-05-01 15:10:53,514 [INFO] scanner - [STEP1] US.EFX: 候选合约 0 个
2026-05-01 15:10:53,514 [INFO] scanner - [STEP2] 获取 0 个合约快照…
2026-05-01 15:10:53,514 [WARNING] scanner - [STEP2] 合约列表为空，跳过
2026-05-01 15:10:53,515 [ERROR] scanner - [US.EFX] 处理异常: 'option_type'
2026-05-01 15:10:53,516 [ERROR] scanner - Traceback (most recent call last):
  File "C:\Users\Administrator\AppData\Local\Programs\Python\Python312\Lib\site-packages\pandas\core\indexes\base.py", line 3641, in get_loc
    return self._engine.get_loc(casted_key)
           ^^^^^^^^^^^^^^^^^^^^^^^^^^^^^^^^
  File "pandas/_libs/index.pyx", line 168, in pandas._libs.index.IndexEngine.get_loc
  File "pandas/_libs/index.pyx", line 197, in pandas._libs.index.IndexEngine.get_loc
  File "pandas/_libs/hashtable_class_helper.pxi", line 7668, in pandas._libs.hashtable.PyObjectHashTable.get_item
  File "pandas/_libs/hashtable_class_helper.pxi", line 7676, in pandas._libs.hashtable.PyObjectHashTable.get_item
KeyError: 'option_type'

The above exception was the direct cause of the following exception:

Traceback (most recent call last):
  File "<input>", line 170, in step_run_single
  File "C:\Users\Administrator\AppData\Local\Programs\Python\Python312\Lib\site-packages\pandas\core\frame.py", line 4378, in __getitem__
    indexer = self.columns.get_loc(key)
              ^^^^^^^^^^^^^^^^^^^^^^^^^
  File "C:\Users\Administrator\AppData\Local\Programs\Python\Python312\Lib\site-packages\pandas\core\indexes\base.py", line 3648, in get_loc
    raise KeyError(key) from err
KeyError: 'option_type'

2026-05-01 15:10:53,516 [INFO] checkpoint - 读取断点缓存：已完成 254 个标的
2026-05-01 15:10:53,517 [INFO] scanner - [256/527] US.EG  完成率 49%  预计剩余 1h00m
2026-05-01 15:10:53,518 [INFO] scanner - ──────────────────────────────────────────────────
2026-05-01 15:10:53,518 [INFO] scanner - 处理标的: US.EG
2026-05-01 15:10:53,587 [INFO] scanner - [STEP1] 获取 US.EG 候选期权链…
2026-05-01 15:10:53,624 [INFO] option_chain_fetcher - [US.EG] 4 个到期日 → 4 批次调用
2026-05-01 15:10:55,137 [INFO] option_chain_fetcher - [US.EG] 候选合约共 0 个
2026-05-01 15:10:55,137 [INFO] scanner - [STEP1] US.EG: 候选合约 0 个
2026-05-01 15:10:55,137 [INFO] scanner - [STEP2] 获取 0 个合约快照…
2026-05-01 15:10:55,137 [WARNING] scanner - [STEP2] 合约列表为空，跳过
2026-05-01 15:10:55,138 [ERROR] scanner - [US.EG] 处理异常: 'option_type'
2026-05-01 15:10:55,138 [ERROR] scanner - Traceback (most recent call last):
  File "C:\Users\Administrator\AppData\Local\Programs\Python\Python312\Lib\site-packages\pandas\core\indexes\base.py", line 3641, in get_loc
    return self._engine.get_loc(casted_key)
           ^^^^^^^^^^^^^^^^^^^^^^^^^^^^^^^^
  File "pandas/_libs/index.pyx", line 168, in pandas._libs.index.IndexEngine.get_loc
  File "pandas/_libs/index.pyx", line 197, in pandas._libs.index.IndexEngine.get_loc
  File "pandas/_libs/hashtable_class_helper.pxi", line 7668, in pandas._libs.hashtable.PyObjectHashTable.get_item
  File "pandas/_libs/hashtable_class_helper.pxi", line 7676, in pandas._libs.hashtable.PyObjectHashTable.get_item
KeyError: 'option_type'

The above exception was the direct cause of the following exception:

Traceback (most recent call last):
  File "<input>", line 170, in step_run_single
  File "C:\Users\Administrator\AppData\Local\Programs\Python\Python312\Lib\site-packages\pandas\core\frame.py", line 4378, in __getitem__
    indexer = self.columns.get_loc(key)
              ^^^^^^^^^^^^^^^^^^^^^^^^^
  File "C:\Users\Administrator\AppData\Local\Programs\Python\Python312\Lib\site-packages\pandas\core\indexes\base.py", line 3648, in get_loc
    raise KeyError(key) from err
KeyError: 'option_type'

2026-05-01 15:10:55,139 [INFO] checkpoint - 读取断点缓存：已完成 255 个标的
2026-05-01 15:10:55,139 [INFO] scanner - [257/527] US.EIX  完成率 49%  预计剩余 59m58s
2026-05-01 15:10:55,139 [INFO] scanner - ──────────────────────────────────────────────────
2026-05-01 15:10:55,139 [INFO] scanner - 处理标的: US.EIX
2026-05-01 15:10:55,181 [INFO] scanner - [STEP1] 获取 US.EIX 候选期权链…
2026-05-01 15:10:55,217 [INFO] option_chain_fetcher - [US.EIX] 4 个到期日 → 4 批次调用
2026-05-01 15:10:56,717 [INFO] option_chain_fetcher - [US.EIX] 候选合约共 0 个
2026-05-01 15:10:56,717 [INFO] scanner - [STEP1] US.EIX: 候选合约 0 个
2026-05-01 15:10:56,717 [INFO] scanner - [STEP2] 获取 0 个合约快照…
2026-05-01 15:10:56,717 [WARNING] scanner - [STEP2] 合约列表为空，跳过
2026-05-01 15:10:56,718 [ERROR] scanner - [US.EIX] 处理异常: 'option_type'
2026-05-01 15:10:56,719 [ERROR] scanner - Traceback (most recent call last):
  File "C:\Users\Administrator\AppData\Local\Programs\Python\Python312\Lib\site-packages\pandas\core\indexes\base.py", line 3641, in get_loc
    return self._engine.get_loc(casted_key)
           ^^^^^^^^^^^^^^^^^^^^^^^^^^^^^^^^
  File "pandas/_libs/index.pyx", line 168, in pandas._libs.index.IndexEngine.get_loc
  File "pandas/_libs/index.pyx", line 197, in pandas._libs.index.IndexEngine.get_loc
  File "pandas/_libs/hashtable_class_helper.pxi", line 7668, in pandas._libs.hashtable.PyObjectHashTable.get_item
  File "pandas/_libs/hashtable_class_helper.pxi", line 7676, in pandas._libs.hashtable.PyObjectHashTable.get_item
KeyError: 'option_type'

The above exception was the direct cause of the following exception:

Traceback (most recent call last):
  File "<input>", line 170, in step_run_single
  File "C:\Users\Administrator\AppData\Local\Programs\Python\Python312\Lib\site-packages\pandas\core\frame.py", line 4378, in __getitem__
    indexer = self.columns.get_loc(key)
              ^^^^^^^^^^^^^^^^^^^^^^^^^
  File "C:\Users\Administrator\AppData\Local\Programs\Python\Python312\Lib\site-packages\pandas\core\indexes\base.py", line 3648, in get_loc
    raise KeyError(key) from err
KeyError: 'option_type'

2026-05-01 15:10:56,720 [INFO] checkpoint - 读取断点缓存：已完成 256 个标的
2026-05-01 15:10:56,721 [INFO] scanner - [258/527] US.EL  完成率 49%  预计剩余 59m32s
2026-05-01 15:10:56,721 [INFO] scanner - ──────────────────────────────────────────────────
2026-05-01 15:10:56,721 [INFO] scanner - 处理标的: US.EL
2026-05-01 15:10:56,785 [INFO] scanner - [STEP1] 获取 US.EL 候选期权链…
2026-05-01 15:10:56,821 [INFO] option_chain_fetcher - [US.EL] 11 个到期日 → 4 批次调用
2026-05-01 15:10:56,824 [WARNING] rate_limiter - [_call] 第 1/5 次失败: 获取期权链频率太高，请求失败，每30秒最多10次。，5.0s 后重试…
2026-05-01 15:11:01,847 [WARNING] rate_limiter - [_call] 第 2/5 次失败: 获取期权链频率太高，请求失败，每30秒最多10次。，10.0s 后重试…
2026-05-01 15:11:11,849 [WARNING] rate_limiter - [_call] 第 3/5 次失败: 获取期权链频率太高，请求失败，每30秒最多10次。，20.0s 后重试…
2026-05-01 15:11:33,736 [INFO] option_chain_fetcher - [US.EL] 候选合约共 14 个
2026-05-01 15:11:33,736 [INFO] scanner - [STEP1] US.EL: 候选合约 14 个
2026-05-01 15:11:33,736 [INFO] scanner - [STEP2] 获取 14 个合约快照…
2026-05-01 15:11:33,815 [INFO] snapshot_fetcher - 快照获取完成：14/14 个合约
2026-05-01 15:11:33,816 [INFO] scanner - [STEP2] 成功获取 14 条快照
2026-05-01 15:11:33,818 [INFO] scanner - [STEP3] 对 US.EL 执行异常检测…
2026-05-01 15:11:33,821 [INFO] anomaly_detector - 发现异常合约 1 个
2026-05-01 15:11:33,824 [INFO] anomaly_detector - 已追加写入 1 条异常记录 → .\filter_data\anomaly_results2026-05-01.csv
2026-05-01 15:11:33,824 [INFO] checkpoint - 读取断点缓存：已完成 257 个标的
2026-05-01 15:11:33,825 [INFO] scanner - [259/527] US.ELV  完成率 49%  预计剩余 59m44s
2026-05-01 15:11:33,826 [INFO] scanner - ──────────────────────────────────────────────────
2026-05-01 15:11:33,826 [INFO] scanner - 处理标的: US.ELV
2026-05-01 15:11:33,866 [INFO] scanner - [STEP1] 获取 US.ELV 候选期权链…
2026-05-01 15:11:33,902 [INFO] option_chain_fetcher - [US.ELV] 4 个到期日 → 4 批次调用
2026-05-01 15:11:35,432 [INFO] option_chain_fetcher - [US.ELV] 候选合约共 0 个
2026-05-01 15:11:35,432 [INFO] scanner - [STEP1] US.ELV: 候选合约 0 个
2026-05-01 15:11:35,432 [INFO] scanner - [STEP2] 获取 0 个合约快照…
2026-05-01 15:11:35,432 [WARNING] scanner - [STEP2] 合约列表为空，跳过
2026-05-01 15:11:35,433 [ERROR] scanner - [US.ELV] 处理异常: 'option_type'
2026-05-01 15:11:35,434 [ERROR] scanner - Traceback (most recent call last):
  File "C:\Users\Administrator\AppData\Local\Programs\Python\Python312\Lib\site-packages\pandas\core\indexes\base.py", line 3641, in get_loc
    return self._engine.get_loc(casted_key)
           ^^^^^^^^^^^^^^^^^^^^^^^^^^^^^^^^
  File "pandas/_libs/index.pyx", line 168, in pandas._libs.index.IndexEngine.get_loc
  File "pandas/_libs/index.pyx", line 197, in pandas._libs.index.IndexEngine.get_loc
  File "pandas/_libs/hashtable_class_helper.pxi", line 7668, in pandas._libs.hashtable.PyObjectHashTable.get_item
  File "pandas/_libs/hashtable_class_helper.pxi", line 7676, in pandas._libs.hashtable.PyObjectHashTable.get_item
KeyError: 'option_type'

The above exception was the direct cause of the following exception:

Traceback (most recent call last):
  File "<input>", line 170, in step_run_single
  File "C:\Users\Administrator\AppData\Local\Programs\Python\Python312\Lib\site-packages\pandas\core\frame.py", line 4378, in __getitem__
    indexer = self.columns.get_loc(key)
              ^^^^^^^^^^^^^^^^^^^^^^^^^
  File "C:\Users\Administrator\AppData\Local\Programs\Python\Python312\Lib\site-packages\pandas\core\indexes\base.py", line 3648, in get_loc
    raise KeyError(key) from err
KeyError: 'option_type'

2026-05-01 15:11:35,435 [INFO] checkpoint - 读取断点缓存：已完成 258 个标的
2026-05-01 15:11:35,436 [INFO] scanner - [260/527] US.EME  完成率 49%  预计剩余 59m18s
2026-05-01 15:11:35,436 [INFO] scanner - ──────────────────────────────────────────────────
2026-05-01 15:11:35,436 [INFO] scanner - 处理标的: US.EME
2026-05-01 15:11:35,477 [INFO] scanner - [STEP1] 获取 US.EME 候选期权链…
2026-05-01 15:11:35,514 [INFO] option_chain_fetcher - [US.EME] 4 个到期日 → 4 批次调用
2026-05-01 15:11:36,282 [WARNING] rate_limiter - [_call] 第 1/5 次失败: 获取期权链频率太高，请求失败，每30秒最多10次。，5.0s 后重试…
2026-05-01 15:11:41,285 [WARNING] rate_limiter - [_call] 第 2/5 次失败: 获取期权链频率太高，请求失败，每30秒最多10次。，10.0s 后重试…
2026-05-01 15:11:51,287 [WARNING] rate_limiter - [_call] 第 3/5 次失败: 获取期权链频率太高，请求失败，每30秒最多10次。，20.0s 后重试…
2026-05-01 15:12:12,055 [INFO] option_chain_fetcher - [US.EME] 候选合约共 0 个
2026-05-01 15:12:12,055 [INFO] scanner - [STEP1] US.EME: 候选合约 0 个
2026-05-01 15:12:12,055 [INFO] scanner - [STEP2] 获取 0 个合约快照…
2026-05-01 15:12:12,055 [WARNING] scanner - [STEP2] 合约列表为空，跳过
2026-05-01 15:12:12,056 [ERROR] scanner - [US.EME] 处理异常: 'option_type'
2026-05-01 15:12:12,057 [ERROR] scanner - Traceback (most recent call last):
  File "C:\Users\Administrator\AppData\Local\Programs\Python\Python312\Lib\site-packages\pandas\core\indexes\base.py", line 3641, in get_loc
    return self._engine.get_loc(casted_key)
           ^^^^^^^^^^^^^^^^^^^^^^^^^^^^^^^^
  File "pandas/_libs/index.pyx", line 168, in pandas._libs.index.IndexEngine.get_loc
  File "pandas/_libs/index.pyx", line 197, in pandas._libs.index.IndexEngine.get_loc
  File "pandas/_libs/hashtable_class_helper.pxi", line 7668, in pandas._libs.hashtable.PyObjectHashTable.get_item
  File "pandas/_libs/hashtable_class_helper.pxi", line 7676, in pandas._libs.hashtable.PyObjectHashTable.get_item
KeyError: 'option_type'

The above exception was the direct cause of the following exception:

Traceback (most recent call last):
  File "<input>", line 170, in step_run_single
  File "C:\Users\Administrator\AppData\Local\Programs\Python\Python312\Lib\site-packages\pandas\core\frame.py", line 4378, in __getitem__
    indexer = self.columns.get_loc(key)
              ^^^^^^^^^^^^^^^^^^^^^^^^^
  File "C:\Users\Administrator\AppData\Local\Programs\Python\Python312\Lib\site-packages\pandas\core\indexes\base.py", line 3648, in get_loc
    raise KeyError(key) from err
KeyError: 'option_type'

2026-05-01 15:12:12,057 [INFO] checkpoint - 读取断点缓存：已完成 259 个标的
2026-05-01 15:12:12,058 [INFO] scanner - [261/527] US.EMR  完成率 50%  预计剩余 59m29s
2026-05-01 15:12:12,058 [INFO] scanner - ──────────────────────────────────────────────────
2026-05-01 15:12:12,058 [INFO] scanner - 处理标的: US.EMR
2026-05-01 15:12:12,098 [INFO] scanner - [STEP1] 获取 US.EMR 候选期权链…
2026-05-01 15:12:12,138 [INFO] option_chain_fetcher - [US.EMR] 9 个到期日 → 3 批次调用
2026-05-01 15:12:13,539 [INFO] option_chain_fetcher - [US.EMR] 候选合约共 1 个
2026-05-01 15:12:13,539 [INFO] scanner - [STEP1] US.EMR: 候选合约 1 个
2026-05-01 15:12:13,539 [INFO] scanner - [STEP2] 获取 1 个合约快照…
2026-05-01 15:12:13,609 [INFO] snapshot_fetcher - 快照获取完成：1/1 个合约
2026-05-01 15:12:13,610 [INFO] scanner - [STEP2] 成功获取 1 条快照
2026-05-01 15:12:13,611 [INFO] scanner - [STEP3] 对 US.EMR 执行异常检测…
2026-05-01 15:12:13,612 [INFO] anomaly_detector - 本批次无异常合约
2026-05-01 15:12:13,612 [INFO] checkpoint - 读取断点缓存：已完成 260 个标的
2026-05-01 15:12:13,613 [INFO] scanner - [262/527] US.EOG  完成率 50%  预计剩余 59m04s
2026-05-01 15:12:13,613 [INFO] scanner - ──────────────────────────────────────────────────
2026-05-01 15:12:13,613 [INFO] scanner - 处理标的: US.EOG
2026-05-01 15:12:13,653 [INFO] scanner - [STEP1] 获取 US.EOG 候选期权链…
2026-05-01 15:12:13,691 [INFO] option_chain_fetcher - [US.EOG] 11 个到期日 → 4 批次调用
2026-05-01 15:12:15,572 [INFO] option_chain_fetcher - [US.EOG] 候选合约共 3 个
2026-05-01 15:12:15,573 [INFO] scanner - [STEP1] US.EOG: 候选合约 3 个
2026-05-01 15:12:15,574 [INFO] scanner - [STEP2] 获取 3 个合约快照…
2026-05-01 15:12:15,653 [INFO] snapshot_fetcher - 快照获取完成：3/3 个合约
2026-05-01 15:12:15,654 [INFO] scanner - [STEP2] 成功获取 3 条快照
2026-05-01 15:12:15,654 [INFO] scanner - [STEP3] 对 US.EOG 执行异常检测…
2026-05-01 15:12:15,656 [INFO] anomaly_detector - 发现异常合约 2 个
2026-05-01 15:12:15,658 [INFO] anomaly_detector - 已追加写入 2 条异常记录 → .\filter_data\anomaly_results2026-05-01.csv
2026-05-01 15:12:15,658 [INFO] checkpoint - 读取断点缓存：已完成 261 个标的
2026-05-01 15:12:15,659 [INFO] scanner - [263/527] US.EPAM  完成率 50%  预计剩余 58m39s
2026-05-01 15:12:15,659 [INFO] scanner - ──────────────────────────────────────────────────
2026-05-01 15:12:15,659 [INFO] scanner - 处理标的: US.EPAM
2026-05-01 15:12:15,699 [INFO] scanner - [STEP1] 获取 US.EPAM 候选期权链…
2026-05-01 15:12:15,734 [INFO] option_chain_fetcher - [US.EPAM] 4 个到期日 → 4 批次调用
2026-05-01 15:12:16,112 [WARNING] rate_limiter - [_call] 第 1/5 次失败: 获取期权链频率太高，请求失败，每30秒最多10次。，5.0s 后重试…
2026-05-01 15:12:21,113 [WARNING] rate_limiter - [_call] 第 2/5 次失败: 获取期权链频率太高，请求失败，每30秒最多10次。，10.0s 后重试…
2026-05-01 15:12:31,115 [WARNING] rate_limiter - [_call] 第 3/5 次失败: 获取期权链频率太高，请求失败，每30秒最多10次。，20.0s 后重试…
2026-05-01 15:12:52,262 [INFO] option_chain_fetcher - [US.EPAM] 候选合约共 0 个
2026-05-01 15:12:52,262 [INFO] scanner - [STEP1] US.EPAM: 候选合约 0 个
2026-05-01 15:12:52,262 [INFO] scanner - [STEP2] 获取 0 个合约快照…
2026-05-01 15:12:52,262 [WARNING] scanner - [STEP2] 合约列表为空，跳过
2026-05-01 15:12:52,263 [ERROR] scanner - [US.EPAM] 处理异常: 'option_type'
2026-05-01 15:12:52,263 [ERROR] scanner - Traceback (most recent call last):
  File "C:\Users\Administrator\AppData\Local\Programs\Python\Python312\Lib\site-packages\pandas\core\indexes\base.py", line 3641, in get_loc
    return self._engine.get_loc(casted_key)
           ^^^^^^^^^^^^^^^^^^^^^^^^^^^^^^^^
  File "pandas/_libs/index.pyx", line 168, in pandas._libs.index.IndexEngine.get_loc
  File "pandas/_libs/index.pyx", line 197, in pandas._libs.index.IndexEngine.get_loc
  File "pandas/_libs/hashtable_class_helper.pxi", line 7668, in pandas._libs.hashtable.PyObjectHashTable.get_item
  File "pandas/_libs/hashtable_class_helper.pxi", line 7676, in pandas._libs.hashtable.PyObjectHashTable.get_item
KeyError: 'option_type'

The above exception was the direct cause of the following exception:

Traceback (most recent call last):
  File "<input>", line 170, in step_run_single
  File "C:\Users\Administrator\AppData\Local\Programs\Python\Python312\Lib\site-packages\pandas\core\frame.py", line 4378, in __getitem__
    indexer = self.columns.get_loc(key)
              ^^^^^^^^^^^^^^^^^^^^^^^^^
  File "C:\Users\Administrator\AppData\Local\Programs\Python\Python312\Lib\site-packages\pandas\core\indexes\base.py", line 3648, in get_loc
    raise KeyError(key) from err
KeyError: 'option_type'

2026-05-01 15:12:52,264 [INFO] checkpoint - 读取断点缓存：已完成 262 个标的
2026-05-01 15:12:52,264 [INFO] scanner - [264/527] US.EQIX  完成率 50%  预计剩余 58m49s
2026-05-01 15:12:52,264 [INFO] scanner - ──────────────────────────────────────────────────
2026-05-01 15:12:52,264 [INFO] scanner - 处理标的: US.EQIX
2026-05-01 15:12:52,306 [INFO] scanner - US.EQIX 市值过大，pass
2026-05-01 15:12:52,306 [INFO] scanner - [STEP2] 获取 0 个合约快照…
2026-05-01 15:12:52,306 [WARNING] scanner - [STEP2] 合约列表为空，跳过
2026-05-01 15:12:52,307 [ERROR] scanner - [US.EQIX] 处理异常: 'option_type'
2026-05-01 15:12:52,308 [ERROR] scanner - Traceback (most recent call last):
  File "C:\Users\Administrator\AppData\Local\Programs\Python\Python312\Lib\site-packages\pandas\core\indexes\base.py", line 3641, in get_loc
    return self._engine.get_loc(casted_key)
           ^^^^^^^^^^^^^^^^^^^^^^^^^^^^^^^^
  File "pandas/_libs/index.pyx", line 168, in pandas._libs.index.IndexEngine.get_loc
  File "pandas/_libs/index.pyx", line 197, in pandas._libs.index.IndexEngine.get_loc
  File "pandas/_libs/hashtable_class_helper.pxi", line 7668, in pandas._libs.hashtable.PyObjectHashTable.get_item
  File "pandas/_libs/hashtable_class_helper.pxi", line 7676, in pandas._libs.hashtable.PyObjectHashTable.get_item
KeyError: 'option_type'

The above exception was the direct cause of the following exception:

Traceback (most recent call last):
  File "<input>", line 170, in step_run_single
  File "C:\Users\Administrator\AppData\Local\Programs\Python\Python312\Lib\site-packages\pandas\core\frame.py", line 4378, in __getitem__
    indexer = self.columns.get_loc(key)
              ^^^^^^^^^^^^^^^^^^^^^^^^^
  File "C:\Users\Administrator\AppData\Local\Programs\Python\Python312\Lib\site-packages\pandas\core\indexes\base.py", line 3648, in get_loc
    raise KeyError(key) from err
KeyError: 'option_type'

2026-05-01 15:12:52,308 [INFO] checkpoint - 读取断点缓存：已完成 263 个标的
2026-05-01 15:12:52,309 [INFO] scanner - [265/527] US.EQR  完成率 50%  预计剩余 58m23s
2026-05-01 15:12:52,309 [INFO] scanner - ──────────────────────────────────────────────────
2026-05-01 15:12:52,309 [INFO] scanner - 处理标的: US.EQR
2026-05-01 15:12:52,349 [INFO] scanner - US.EQR 市值过大，pass
2026-05-01 15:12:52,349 [INFO] scanner - [STEP2] 获取 0 个合约快照…
2026-05-01 15:12:52,349 [WARNING] scanner - [STEP2] 合约列表为空，跳过
2026-05-01 15:12:52,350 [ERROR] scanner - [US.EQR] 处理异常: 'option_type'
2026-05-01 15:12:52,350 [ERROR] scanner - Traceback (most recent call last):
  File "C:\Users\Administrator\AppData\Local\Programs\Python\Python312\Lib\site-packages\pandas\core\indexes\base.py", line 3641, in get_loc
    return self._engine.get_loc(casted_key)
           ^^^^^^^^^^^^^^^^^^^^^^^^^^^^^^^^
  File "pandas/_libs/index.pyx", line 168, in pandas._libs.index.IndexEngine.get_loc
  File "pandas/_libs/index.pyx", line 197, in pandas._libs.index.IndexEngine.get_loc
  File "pandas/_libs/hashtable_class_helper.pxi", line 7668, in pandas._libs.hashtable.PyObjectHashTable.get_item
  File "pandas/_libs/hashtable_class_helper.pxi", line 7676, in pandas._libs.hashtable.PyObjectHashTable.get_item
KeyError: 'option_type'

The above exception was the direct cause of the following exception:

Traceback (most recent call last):
  File "<input>", line 170, in step_run_single
  File "C:\Users\Administrator\AppData\Local\Programs\Python\Python312\Lib\site-packages\pandas\core\frame.py", line 4378, in __getitem__
    indexer = self.columns.get_loc(key)
              ^^^^^^^^^^^^^^^^^^^^^^^^^
  File "C:\Users\Administrator\AppData\Local\Programs\Python\Python312\Lib\site-packages\pandas\core\indexes\base.py", line 3648, in get_loc
    raise KeyError(key) from err
KeyError: 'option_type'

2026-05-01 15:12:52,351 [INFO] checkpoint - 读取断点缓存：已完成 264 个标的
2026-05-01 15:12:52,352 [INFO] scanner - [266/527] US.EQT  完成率 50%  预计剩余 57m56s
2026-05-01 15:12:52,352 [INFO] scanner - ──────────────────────────────────────────────────
2026-05-01 15:12:52,352 [INFO] scanner - 处理标的: US.EQT
2026-05-01 15:12:52,396 [INFO] scanner - [STEP1] 获取 US.EQT 候选期权链…
2026-05-01 15:12:52,441 [INFO] option_chain_fetcher - [US.EQT] 9 个到期日 → 3 批次调用
2026-05-01 15:12:53,985 [INFO] option_chain_fetcher - [US.EQT] 候选合约共 9 个
2026-05-01 15:12:53,985 [INFO] scanner - [STEP1] US.EQT: 候选合约 9 个
2026-05-01 15:12:53,985 [INFO] scanner - [STEP2] 获取 9 个合约快照…
2026-05-01 15:12:54,052 [INFO] snapshot_fetcher - 快照获取完成：9/9 个合约
2026-05-01 15:12:54,053 [INFO] scanner - [STEP2] 成功获取 9 条快照
2026-05-01 15:12:54,054 [INFO] scanner - [STEP3] 对 US.EQT 执行异常检测…
2026-05-01 15:12:54,055 [INFO] anomaly_detector - 本批次无异常合约
2026-05-01 15:12:54,055 [INFO] checkpoint - 读取断点缓存：已完成 265 个标的
2026-05-01 15:12:54,056 [INFO] scanner - [267/527] US.ERIE  完成率 51%  预计剩余 57m31s
2026-05-01 15:12:54,056 [INFO] scanner - ──────────────────────────────────────────────────
2026-05-01 15:12:54,056 [INFO] scanner - 处理标的: US.ERIE
2026-05-01 15:12:54,125 [INFO] scanner - [STEP1] 获取 US.ERIE 候选期权链…
2026-05-01 15:12:54,160 [INFO] option_chain_fetcher - [US.ERIE] 3 个到期日 → 3 批次调用
2026-05-01 15:12:55,293 [INFO] option_chain_fetcher - [US.ERIE] 候选合约共 0 个
2026-05-01 15:12:55,293 [INFO] scanner - [STEP1] US.ERIE: 候选合约 0 个
2026-05-01 15:12:55,293 [INFO] scanner - [STEP2] 获取 0 个合约快照…
2026-05-01 15:12:55,293 [WARNING] scanner - [STEP2] 合约列表为空，跳过
2026-05-01 15:12:55,293 [ERROR] scanner - [US.ERIE] 处理异常: 'option_type'
2026-05-01 15:12:55,294 [ERROR] scanner - Traceback (most recent call last):
  File "C:\Users\Administrator\AppData\Local\Programs\Python\Python312\Lib\site-packages\pandas\core\indexes\base.py", line 3641, in get_loc
    return self._engine.get_loc(casted_key)
           ^^^^^^^^^^^^^^^^^^^^^^^^^^^^^^^^
  File "pandas/_libs/index.pyx", line 168, in pandas._libs.index.IndexEngine.get_loc
  File "pandas/_libs/index.pyx", line 197, in pandas._libs.index.IndexEngine.get_loc
  File "pandas/_libs/hashtable_class_helper.pxi", line 7668, in pandas._libs.hashtable.PyObjectHashTable.get_item
  File "pandas/_libs/hashtable_class_helper.pxi", line 7676, in pandas._libs.hashtable.PyObjectHashTable.get_item
KeyError: 'option_type'

The above exception was the direct cause of the following exception:

Traceback (most recent call last):
  File "<input>", line 170, in step_run_single
  File "C:\Users\Administrator\AppData\Local\Programs\Python\Python312\Lib\site-packages\pandas\core\frame.py", line 4378, in __getitem__
    indexer = self.columns.get_loc(key)
              ^^^^^^^^^^^^^^^^^^^^^^^^^
  File "C:\Users\Administrator\AppData\Local\Programs\Python\Python312\Lib\site-packages\pandas\core\indexes\base.py", line 3648, in get_loc
    raise KeyError(key) from err
KeyError: 'option_type'

2026-05-01 15:12:55,295 [INFO] checkpoint - 读取断点缓存：已完成 266 个标的
2026-05-01 15:12:55,295 [INFO] scanner - [268/527] US.ES  完成率 51%  预计剩余 57m07s
2026-05-01 15:12:55,295 [INFO] scanner - ──────────────────────────────────────────────────
2026-05-01 15:12:55,295 [INFO] scanner - 处理标的: US.ES
2026-05-01 15:12:55,340 [INFO] scanner - [STEP1] 获取 US.ES 候选期权链…
2026-05-01 15:12:55,376 [INFO] option_chain_fetcher - [US.ES] 4 个到期日 → 4 批次调用
2026-05-01 15:12:55,756 [WARNING] rate_limiter - [_call] 第 1/5 次失败: 获取期权链频率太高，请求失败，每30秒最多10次。，5.0s 后重试…
2026-05-01 15:13:00,757 [WARNING] rate_limiter - [_call] 第 2/5 次失败: 获取期权链频率太高，请求失败，每30秒最多10次。，10.0s 后重试…
2026-05-01 15:13:10,759 [WARNING] rate_limiter - [_call] 第 3/5 次失败: 获取期权链频率太高，请求失败，每30秒最多10次。，20.0s 后重试…
2026-05-01 15:13:31,892 [INFO] option_chain_fetcher - [US.ES] 候选合约共 0 个
2026-05-01 15:13:31,892 [INFO] scanner - [STEP1] US.ES: 候选合约 0 个
2026-05-01 15:13:31,892 [INFO] scanner - [STEP2] 获取 0 个合约快照…
2026-05-01 15:13:31,892 [WARNING] scanner - [STEP2] 合约列表为空，跳过
2026-05-01 15:13:31,892 [ERROR] scanner - [US.ES] 处理异常: 'option_type'
2026-05-01 15:13:31,893 [ERROR] scanner - Traceback (most recent call last):
  File "C:\Users\Administrator\AppData\Local\Programs\Python\Python312\Lib\site-packages\pandas\core\indexes\base.py", line 3641, in get_loc
    return self._engine.get_loc(casted_key)
           ^^^^^^^^^^^^^^^^^^^^^^^^^^^^^^^^
  File "pandas/_libs/index.pyx", line 168, in pandas._libs.index.IndexEngine.get_loc
  File "pandas/_libs/index.pyx", line 197, in pandas._libs.index.IndexEngine.get_loc
  File "pandas/_libs/hashtable_class_helper.pxi", line 7668, in pandas._libs.hashtable.PyObjectHashTable.get_item
  File "pandas/_libs/hashtable_class_helper.pxi", line 7676, in pandas._libs.hashtable.PyObjectHashTable.get_item
KeyError: 'option_type'

The above exception was the direct cause of the following exception:

Traceback (most recent call last):
  File "<input>", line 170, in step_run_single
  File "C:\Users\Administrator\AppData\Local\Programs\Python\Python312\Lib\site-packages\pandas\core\frame.py", line 4378, in __getitem__
    indexer = self.columns.get_loc(key)
              ^^^^^^^^^^^^^^^^^^^^^^^^^
  File "C:\Users\Administrator\AppData\Local\Programs\Python\Python312\Lib\site-packages\pandas\core\indexes\base.py", line 3648, in get_loc
    raise KeyError(key) from err
KeyError: 'option_type'

2026-05-01 15:13:31,893 [INFO] checkpoint - 读取断点缓存：已完成 267 个标的
2026-05-01 15:13:31,894 [INFO] scanner - [269/527] US.ESS  完成率 51%  预计剩余 57m16s
2026-05-01 15:13:31,894 [INFO] scanner - ──────────────────────────────────────────────────
2026-05-01 15:13:31,894 [INFO] scanner - 处理标的: US.ESS
2026-05-01 15:13:31,961 [INFO] scanner - US.ESS 市值过大，pass
2026-05-01 15:13:31,961 [INFO] scanner - [STEP2] 获取 0 个合约快照…
2026-05-01 15:13:31,961 [WARNING] scanner - [STEP2] 合约列表为空，跳过
2026-05-01 15:13:31,962 [ERROR] scanner - [US.ESS] 处理异常: 'option_type'
2026-05-01 15:13:31,962 [ERROR] scanner - Traceback (most recent call last):
  File "C:\Users\Administrator\AppData\Local\Programs\Python\Python312\Lib\site-packages\pandas\core\indexes\base.py", line 3641, in get_loc
    return self._engine.get_loc(casted_key)
           ^^^^^^^^^^^^^^^^^^^^^^^^^^^^^^^^
  File "pandas/_libs/index.pyx", line 168, in pandas._libs.index.IndexEngine.get_loc
  File "pandas/_libs/index.pyx", line 197, in pandas._libs.index.IndexEngine.get_loc
  File "pandas/_libs/hashtable_class_helper.pxi", line 7668, in pandas._libs.hashtable.PyObjectHashTable.get_item
  File "pandas/_libs/hashtable_class_helper.pxi", line 7676, in pandas._libs.hashtable.PyObjectHashTable.get_item
KeyError: 'option_type'

The above exception was the direct cause of the following exception:

Traceback (most recent call last):
  File "<input>", line 170, in step_run_single
  File "C:\Users\Administrator\AppData\Local\Programs\Python\Python312\Lib\site-packages\pandas\core\frame.py", line 4378, in __getitem__
    indexer = self.columns.get_loc(key)
              ^^^^^^^^^^^^^^^^^^^^^^^^^
  File "C:\Users\Administrator\AppData\Local\Programs\Python\Python312\Lib\site-packages\pandas\core\indexes\base.py", line 3648, in get_loc
    raise KeyError(key) from err
KeyError: 'option_type'

2026-05-01 15:13:31,963 [INFO] checkpoint - 读取断点缓存：已完成 268 个标的
2026-05-01 15:13:31,963 [INFO] scanner - [270/527] US.ETN  完成率 51%  预计剩余 56m50s
2026-05-01 15:13:31,963 [INFO] scanner - ──────────────────────────────────────────────────
2026-05-01 15:13:31,963 [INFO] scanner - 处理标的: US.ETN
2026-05-01 15:13:32,005 [INFO] scanner - [STEP1] 获取 US.ETN 候选期权链…
2026-05-01 15:13:32,040 [INFO] option_chain_fetcher - [US.ETN] 11 个到期日 → 4 批次调用
2026-05-01 15:13:33,955 [INFO] option_chain_fetcher - [US.ETN] 候选合约共 4 个
2026-05-01 15:13:33,955 [INFO] scanner - [STEP1] US.ETN: 候选合约 4 个
2026-05-01 15:13:33,955 [INFO] scanner - [STEP2] 获取 4 个合约快照…
2026-05-01 15:13:34,021 [INFO] snapshot_fetcher - 快照获取完成：4/4 个合约
2026-05-01 15:13:34,022 [INFO] scanner - [STEP2] 成功获取 4 条快照
2026-05-01 15:13:34,023 [INFO] scanner - [STEP3] 对 US.ETN 执行异常检测…
2026-05-01 15:13:34,025 [INFO] anomaly_detector - 发现异常合约 2 个
2026-05-01 15:13:34,027 [INFO] anomaly_detector - 已追加写入 2 条异常记录 → .\filter_data\anomaly_results2026-05-01.csv
2026-05-01 15:13:34,027 [INFO] checkpoint - 读取断点缓存：已完成 269 个标的
2026-05-01 15:13:34,027 [INFO] scanner - [271/527] US.ETR  完成率 51%  预计剩余 56m26s
2026-05-01 15:13:34,027 [INFO] scanner - ──────────────────────────────────────────────────
2026-05-01 15:13:34,028 [INFO] scanner - 处理标的: US.ETR
2026-05-01 15:13:34,068 [INFO] scanner - [STEP1] 获取 US.ETR 候选期权链…
2026-05-01 15:13:34,103 [INFO] option_chain_fetcher - [US.ETR] 4 个到期日 → 4 批次调用
2026-05-01 15:13:35,233 [WARNING] rate_limiter - [_call] 第 1/5 次失败: 获取期权链频率太高，请求失败，每30秒最多10次。，5.0s 后重试…
2026-05-01 15:13:40,236 [WARNING] rate_limiter - [_call] 第 2/5 次失败: 获取期权链频率太高，请求失败，每30秒最多10次。，10.0s 后重试…
2026-05-01 15:13:50,238 [WARNING] rate_limiter - [_call] 第 3/5 次失败: 获取期权链频率太高，请求失败，每30秒最多10次。，20.0s 后重试…
2026-05-01 15:14:10,615 [INFO] option_chain_fetcher - [US.ETR] 候选合约共 0 个
2026-05-01 15:14:10,615 [INFO] scanner - [STEP1] US.ETR: 候选合约 0 个
2026-05-01 15:14:10,615 [INFO] scanner - [STEP2] 获取 0 个合约快照…
2026-05-01 15:14:10,615 [WARNING] scanner - [STEP2] 合约列表为空，跳过
2026-05-01 15:14:10,615 [ERROR] scanner - [US.ETR] 处理异常: 'option_type'
2026-05-01 15:14:10,616 [ERROR] scanner - Traceback (most recent call last):
  File "C:\Users\Administrator\AppData\Local\Programs\Python\Python312\Lib\site-packages\pandas\core\indexes\base.py", line 3641, in get_loc
    return self._engine.get_loc(casted_key)
           ^^^^^^^^^^^^^^^^^^^^^^^^^^^^^^^^
  File "pandas/_libs/index.pyx", line 168, in pandas._libs.index.IndexEngine.get_loc
  File "pandas/_libs/index.pyx", line 197, in pandas._libs.index.IndexEngine.get_loc
  File "pandas/_libs/hashtable_class_helper.pxi", line 7668, in pandas._libs.hashtable.PyObjectHashTable.get_item
  File "pandas/_libs/hashtable_class_helper.pxi", line 7676, in pandas._libs.hashtable.PyObjectHashTable.get_item
KeyError: 'option_type'

The above exception was the direct cause of the following exception:

Traceback (most recent call last):
  File "<input>", line 170, in step_run_single
  File "C:\Users\Administrator\AppData\Local\Programs\Python\Python312\Lib\site-packages\pandas\core\frame.py", line 4378, in __getitem__
    indexer = self.columns.get_loc(key)
              ^^^^^^^^^^^^^^^^^^^^^^^^^
  File "C:\Users\Administrator\AppData\Local\Programs\Python\Python312\Lib\site-packages\pandas\core\indexes\base.py", line 3648, in get_loc
    raise KeyError(key) from err
KeyError: 'option_type'

2026-05-01 15:14:10,617 [INFO] checkpoint - 读取断点缓存：已完成 270 个标的
2026-05-01 15:14:10,617 [INFO] scanner - [272/527] US.EVRG  完成率 52%  预计剩余 56m35s
2026-05-01 15:14:10,617 [INFO] scanner - ──────────────────────────────────────────────────
2026-05-01 15:14:10,617 [INFO] scanner - 处理标的: US.EVRG
2026-05-01 15:14:10,681 [INFO] scanner - [STEP1] 获取 US.EVRG 候选期权链…
2026-05-01 15:14:10,717 [INFO] option_chain_fetcher - [US.EVRG] 3 个到期日 → 3 批次调用
2026-05-01 15:14:11,847 [INFO] option_chain_fetcher - [US.EVRG] 候选合约共 0 个
2026-05-01 15:14:11,847 [INFO] scanner - [STEP1] US.EVRG: 候选合约 0 个
2026-05-01 15:14:11,847 [INFO] scanner - [STEP2] 获取 0 个合约快照…
2026-05-01 15:14:11,847 [WARNING] scanner - [STEP2] 合约列表为空，跳过
2026-05-01 15:14:11,848 [ERROR] scanner - [US.EVRG] 处理异常: 'option_type'
2026-05-01 15:14:11,848 [ERROR] scanner - Traceback (most recent call last):
  File "C:\Users\Administrator\AppData\Local\Programs\Python\Python312\Lib\site-packages\pandas\core\indexes\base.py", line 3641, in get_loc
    return self._engine.get_loc(casted_key)
           ^^^^^^^^^^^^^^^^^^^^^^^^^^^^^^^^
  File "pandas/_libs/index.pyx", line 168, in pandas._libs.index.IndexEngine.get_loc
  File "pandas/_libs/index.pyx", line 197, in pandas._libs.index.IndexEngine.get_loc
  File "pandas/_libs/hashtable_class_helper.pxi", line 7668, in pandas._libs.hashtable.PyObjectHashTable.get_item
  File "pandas/_libs/hashtable_class_helper.pxi", line 7676, in pandas._libs.hashtable.PyObjectHashTable.get_item
KeyError: 'option_type'

The above exception was the direct cause of the following exception:

Traceback (most recent call last):
  File "<input>", line 170, in step_run_single
  File "C:\Users\Administrator\AppData\Local\Programs\Python\Python312\Lib\site-packages\pandas\core\frame.py", line 4378, in __getitem__
    indexer = self.columns.get_loc(key)
              ^^^^^^^^^^^^^^^^^^^^^^^^^
  File "C:\Users\Administrator\AppData\Local\Programs\Python\Python312\Lib\site-packages\pandas\core\indexes\base.py", line 3648, in get_loc
    raise KeyError(key) from err
KeyError: 'option_type'

2026-05-01 15:14:11,849 [INFO] checkpoint - 读取断点缓存：已完成 271 个标的
2026-05-01 15:14:11,850 [INFO] scanner - [273/527] US.EW  完成率 52%  预计剩余 56m11s
2026-05-01 15:14:11,850 [INFO] scanner - ──────────────────────────────────────────────────
2026-05-01 15:14:11,850 [INFO] scanner - 处理标的: US.EW
2026-05-01 15:14:11,888 [INFO] scanner - [STEP1] 获取 US.EW 候选期权链…
2026-05-01 15:14:11,924 [INFO] option_chain_fetcher - [US.EW] 5 个到期日 → 4 批次调用
2026-05-01 15:14:13,485 [INFO] option_chain_fetcher - [US.EW] 候选合约共 0 个
2026-05-01 15:14:13,485 [INFO] scanner - [STEP1] US.EW: 候选合约 0 个
2026-05-01 15:14:13,485 [INFO] scanner - [STEP2] 获取 0 个合约快照…
2026-05-01 15:14:13,485 [WARNING] scanner - [STEP2] 合约列表为空，跳过
2026-05-01 15:14:13,485 [ERROR] scanner - [US.EW] 处理异常: 'option_type'
2026-05-01 15:14:13,486 [ERROR] scanner - Traceback (most recent call last):
  File "C:\Users\Administrator\AppData\Local\Programs\Python\Python312\Lib\site-packages\pandas\core\indexes\base.py", line 3641, in get_loc
    return self._engine.get_loc(casted_key)
           ^^^^^^^^^^^^^^^^^^^^^^^^^^^^^^^^
  File "pandas/_libs/index.pyx", line 168, in pandas._libs.index.IndexEngine.get_loc
  File "pandas/_libs/index.pyx", line 197, in pandas._libs.index.IndexEngine.get_loc
  File "pandas/_libs/hashtable_class_helper.pxi", line 7668, in pandas._libs.hashtable.PyObjectHashTable.get_item
  File "pandas/_libs/hashtable_class_helper.pxi", line 7676, in pandas._libs.hashtable.PyObjectHashTable.get_item
KeyError: 'option_type'

The above exception was the direct cause of the following exception:

Traceback (most recent call last):
  File "<input>", line 170, in step_run_single
  File "C:\Users\Administrator\AppData\Local\Programs\Python\Python312\Lib\site-packages\pandas\core\frame.py", line 4378, in __getitem__
    indexer = self.columns.get_loc(key)
              ^^^^^^^^^^^^^^^^^^^^^^^^^
  File "C:\Users\Administrator\AppData\Local\Programs\Python\Python312\Lib\site-packages\pandas\core\indexes\base.py", line 3648, in get_loc
    raise KeyError(key) from err
KeyError: 'option_type'

2026-05-01 15:14:13,486 [INFO] checkpoint - 读取断点缓存：已完成 272 个标的
2026-05-01 15:14:13,487 [INFO] scanner - [274/527] US.EXE  完成率 52%  预计剩余 55m47s
2026-05-01 15:14:13,487 [INFO] scanner - ──────────────────────────────────────────────────
2026-05-01 15:14:13,487 [INFO] scanner - 处理标的: US.EXE
2026-05-01 15:14:13,526 [INFO] scanner - [STEP1] 获取 US.EXE 候选期权链…
2026-05-01 15:14:13,561 [INFO] option_chain_fetcher - [US.EXE] 5 个到期日 → 4 批次调用
2026-05-01 15:14:14,314 [WARNING] rate_limiter - [_call] 第 1/5 次失败: 获取期权链频率太高，请求失败，每30秒最多10次。，5.0s 后重试…
2026-05-01 15:14:19,316 [WARNING] rate_limiter - [_call] 第 2/5 次失败: 获取期权链频率太高，请求失败，每30秒最多10次。，10.0s 后重试…
2026-05-01 15:14:29,318 [WARNING] rate_limiter - [_call] 第 3/5 次失败: 获取期权链频率太高，请求失败，每30秒最多10次。，20.0s 后重试…
2026-05-01 15:14:50,174 [INFO] option_chain_fetcher - [US.EXE] 候选合约共 2 个
2026-05-01 15:14:50,174 [INFO] scanner - [STEP1] US.EXE: 候选合约 2 个
2026-05-01 15:14:50,174 [INFO] scanner - [STEP2] 获取 2 个合约快照…
2026-05-01 15:14:50,244 [INFO] snapshot_fetcher - 快照获取完成：2/2 个合约
2026-05-01 15:14:50,245 [INFO] scanner - [STEP2] 成功获取 2 条快照
2026-05-01 15:14:50,246 [INFO] scanner - [STEP3] 对 US.EXE 执行异常检测…
2026-05-01 15:14:50,247 [INFO] anomaly_detector - 本批次无异常合约
2026-05-01 15:14:50,248 [INFO] checkpoint - 读取断点缓存：已完成 273 个标的
2026-05-01 15:14:50,249 [INFO] scanner - [275/527] US.EXPD  完成率 52%  预计剩余 55m55s
2026-05-01 15:14:50,249 [INFO] scanner - ──────────────────────────────────────────────────
2026-05-01 15:14:50,249 [INFO] scanner - 处理标的: US.EXPD
2026-05-01 15:14:50,322 [INFO] scanner - [STEP1] 获取 US.EXPD 候选期权链…
2026-05-01 15:14:50,356 [INFO] option_chain_fetcher - [US.EXPD] 4 个到期日 → 4 批次调用
2026-05-01 15:14:51,859 [INFO] option_chain_fetcher - [US.EXPD] 候选合约共 0 个
2026-05-01 15:14:51,859 [INFO] scanner - [STEP1] US.EXPD: 候选合约 0 个
2026-05-01 15:14:51,859 [INFO] scanner - [STEP2] 获取 0 个合约快照…
2026-05-01 15:14:51,859 [WARNING] scanner - [STEP2] 合约列表为空，跳过
2026-05-01 15:14:51,860 [ERROR] scanner - [US.EXPD] 处理异常: 'option_type'
2026-05-01 15:14:51,860 [ERROR] scanner - Traceback (most recent call last):
  File "C:\Users\Administrator\AppData\Local\Programs\Python\Python312\Lib\site-packages\pandas\core\indexes\base.py", line 3641, in get_loc
    return self._engine.get_loc(casted_key)
           ^^^^^^^^^^^^^^^^^^^^^^^^^^^^^^^^
  File "pandas/_libs/index.pyx", line 168, in pandas._libs.index.IndexEngine.get_loc
  File "pandas/_libs/index.pyx", line 197, in pandas._libs.index.IndexEngine.get_loc
  File "pandas/_libs/hashtable_class_helper.pxi", line 7668, in pandas._libs.hashtable.PyObjectHashTable.get_item
  File "pandas/_libs/hashtable_class_helper.pxi", line 7676, in pandas._libs.hashtable.PyObjectHashTable.get_item
KeyError: 'option_type'

The above exception was the direct cause of the following exception:

Traceback (most recent call last):
  File "<input>", line 170, in step_run_single
  File "C:\Users\Administrator\AppData\Local\Programs\Python\Python312\Lib\site-packages\pandas\core\frame.py", line 4378, in __getitem__
    indexer = self.columns.get_loc(key)
              ^^^^^^^^^^^^^^^^^^^^^^^^^
  File "C:\Users\Administrator\AppData\Local\Programs\Python\Python312\Lib\site-packages\pandas\core\indexes\base.py", line 3648, in get_loc
    raise KeyError(key) from err
KeyError: 'option_type'

2026-05-01 15:14:51,861 [INFO] checkpoint - 读取断点缓存：已完成 274 个标的
2026-05-01 15:14:51,861 [INFO] scanner - [276/527] US.EXPE  完成率 52%  预计剩余 55m31s
2026-05-01 15:14:51,861 [INFO] scanner - ──────────────────────────────────────────────────
2026-05-01 15:14:51,861 [INFO] scanner - 处理标的: US.EXPE
2026-05-01 15:14:51,932 [INFO] scanner - [STEP1] 获取 US.EXPE 候选期权链…
2026-05-01 15:14:51,968 [INFO] option_chain_fetcher - [US.EXPE] 11 个到期日 → 4 批次调用
2026-05-01 15:14:53,822 [INFO] option_chain_fetcher - [US.EXPE] 候选合约共 0 个
2026-05-01 15:14:53,822 [INFO] scanner - [STEP1] US.EXPE: 候选合约 0 个
2026-05-01 15:14:53,822 [INFO] scanner - [STEP2] 获取 0 个合约快照…
2026-05-01 15:14:53,822 [WARNING] scanner - [STEP2] 合约列表为空，跳过
2026-05-01 15:14:53,823 [ERROR] scanner - [US.EXPE] 处理异常: 'option_type'
2026-05-01 15:14:53,823 [ERROR] scanner - Traceback (most recent call last):
  File "C:\Users\Administrator\AppData\Local\Programs\Python\Python312\Lib\site-packages\pandas\core\indexes\base.py", line 3641, in get_loc
    return self._engine.get_loc(casted_key)
           ^^^^^^^^^^^^^^^^^^^^^^^^^^^^^^^^
  File "pandas/_libs/index.pyx", line 168, in pandas._libs.index.IndexEngine.get_loc
  File "pandas/_libs/index.pyx", line 197, in pandas._libs.index.IndexEngine.get_loc
  File "pandas/_libs/hashtable_class_helper.pxi", line 7668, in pandas._libs.hashtable.PyObjectHashTable.get_item
  File "pandas/_libs/hashtable_class_helper.pxi", line 7676, in pandas._libs.hashtable.PyObjectHashTable.get_item
KeyError: 'option_type'

The above exception was the direct cause of the following exception:

Traceback (most recent call last):
  File "<input>", line 170, in step_run_single
  File "C:\Users\Administrator\AppData\Local\Programs\Python\Python312\Lib\site-packages\pandas\core\frame.py", line 4378, in __getitem__
    indexer = self.columns.get_loc(key)
              ^^^^^^^^^^^^^^^^^^^^^^^^^
  File "C:\Users\Administrator\AppData\Local\Programs\Python\Python312\Lib\site-packages\pandas\core\indexes\base.py", line 3648, in get_loc
    raise KeyError(key) from err
KeyError: 'option_type'

2026-05-01 15:14:53,824 [INFO] checkpoint - 读取断点缓存：已完成 275 个标的
2026-05-01 15:14:53,824 [INFO] scanner - [277/527] US.EXR  完成率 53%  预计剩余 55m08s
2026-05-01 15:14:53,824 [INFO] scanner - ──────────────────────────────────────────────────
2026-05-01 15:14:53,824 [INFO] scanner - 处理标的: US.EXR
2026-05-01 15:14:53,900 [INFO] scanner - US.EXR 市值过大，pass
2026-05-01 15:14:53,900 [INFO] scanner - [STEP2] 获取 0 个合约快照…
2026-05-01 15:14:53,900 [WARNING] scanner - [STEP2] 合约列表为空，跳过
2026-05-01 15:14:53,900 [ERROR] scanner - [US.EXR] 处理异常: 'option_type'
2026-05-01 15:14:53,901 [ERROR] scanner - Traceback (most recent call last):
  File "C:\Users\Administrator\AppData\Local\Programs\Python\Python312\Lib\site-packages\pandas\core\indexes\base.py", line 3641, in get_loc
    return self._engine.get_loc(casted_key)
           ^^^^^^^^^^^^^^^^^^^^^^^^^^^^^^^^
  File "pandas/_libs/index.pyx", line 168, in pandas._libs.index.IndexEngine.get_loc
  File "pandas/_libs/index.pyx", line 197, in pandas._libs.index.IndexEngine.get_loc
  File "pandas/_libs/hashtable_class_helper.pxi", line 7668, in pandas._libs.hashtable.PyObjectHashTable.get_item
  File "pandas/_libs/hashtable_class_helper.pxi", line 7676, in pandas._libs.hashtable.PyObjectHashTable.get_item
KeyError: 'option_type'

The above exception was the direct cause of the following exception:

Traceback (most recent call last):
  File "<input>", line 170, in step_run_single
  File "C:\Users\Administrator\AppData\Local\Programs\Python\Python312\Lib\site-packages\pandas\core\frame.py", line 4378, in __getitem__
    indexer = self.columns.get_loc(key)
              ^^^^^^^^^^^^^^^^^^^^^^^^^
  File "C:\Users\Administrator\AppData\Local\Programs\Python\Python312\Lib\site-packages\pandas\core\indexes\base.py", line 3648, in get_loc
    raise KeyError(key) from err
KeyError: 'option_type'

2026-05-01 15:14:53,901 [INFO] checkpoint - 读取断点缓存：已完成 276 个标的
2026-05-01 15:14:53,902 [INFO] scanner - [278/527] US.F  完成率 53%  预计剩余 54m43s
2026-05-01 15:14:53,902 [INFO] scanner - ──────────────────────────────────────────────────
2026-05-01 15:14:53,902 [INFO] scanner - 处理标的: US.F
2026-05-01 15:14:53,940 [INFO] scanner - [STEP1] 获取 US.F 候选期权链…
2026-05-01 15:14:53,976 [INFO] option_chain_fetcher - [US.F] 9 个到期日 → 3 批次调用
2026-05-01 15:14:53,978 [WARNING] rate_limiter - [_call] 第 1/5 次失败: 获取期权链频率太高，请求失败，每30秒最多10次。，5.0s 后重试…
2026-05-01 15:14:59,009 [WARNING] rate_limiter - [_call] 第 2/5 次失败: 获取期权链频率太高，请求失败，每30秒最多10次。，10.0s 后重试…
2026-05-01 15:15:09,012 [WARNING] rate_limiter - [_call] 第 3/5 次失败: 获取期权链频率太高，请求失败，每30秒最多10次。，20.0s 后重试…
2026-05-01 15:15:30,581 [INFO] option_chain_fetcher - [US.F] 候选合约共 70 个
2026-05-01 15:15:30,581 [INFO] scanner - [STEP1] US.F: 候选合约 70 个
2026-05-01 15:15:30,581 [INFO] scanner - [STEP2] 获取 70 个合约快照…
2026-05-01 15:15:30,768 [INFO] snapshot_fetcher - 快照获取完成：70/70 个合约
2026-05-01 15:15:30,768 [INFO] scanner - [STEP2] 成功获取 70 条快照
2026-05-01 15:15:30,769 [INFO] scanner - [STEP3] 对 US.F 执行异常检测…
2026-05-01 15:15:30,770 [INFO] anomaly_detector - 本批次无异常合约
2026-05-01 15:15:30,771 [INFO] checkpoint - 读取断点缓存：已完成 277 个标的
2026-05-01 15:15:30,771 [INFO] scanner - [279/527] US.FCX  完成率 53%  预计剩余 54m51s
2026-05-01 15:15:30,771 [INFO] scanner - ──────────────────────────────────────────────────
2026-05-01 15:15:30,771 [INFO] scanner - 处理标的: US.FCX
2026-05-01 15:15:30,841 [INFO] scanner - [STEP1] 获取 US.FCX 候选期权链…
2026-05-01 15:15:30,877 [INFO] option_chain_fetcher - [US.FCX] 12 个到期日 → 5 批次调用
2026-05-01 15:15:33,337 [INFO] option_chain_fetcher - [US.FCX] 候选合约共 35 个
2026-05-01 15:15:33,337 [INFO] scanner - [STEP1] US.FCX: 候选合约 35 个
2026-05-01 15:15:33,337 [INFO] scanner - [STEP2] 获取 35 个合约快照…
2026-05-01 15:15:33,437 [INFO] snapshot_fetcher - 快照获取完成：35/35 个合约
2026-05-01 15:15:33,437 [INFO] scanner - [STEP2] 成功获取 35 条快照
2026-05-01 15:15:33,438 [INFO] scanner - [STEP3] 对 US.FCX 执行异常检测…
2026-05-01 15:15:33,440 [INFO] anomaly_detector - 发现异常合约 2 个
2026-05-01 15:15:33,442 [INFO] anomaly_detector - 已追加写入 2 条异常记录 → .\filter_data\anomaly_results2026-05-01.csv
2026-05-01 15:15:33,443 [INFO] checkpoint - 读取断点缓存：已完成 278 个标的
2026-05-01 15:15:33,443 [INFO] scanner - [280/527] US.FDS  完成率 53%  预计剩余 54m28s
2026-05-01 15:15:33,443 [INFO] scanner - ──────────────────────────────────────────────────
2026-05-01 15:15:33,443 [INFO] scanner - 处理标的: US.FDS
2026-05-01 15:15:33,483 [INFO] scanner - [STEP1] 获取 US.FDS 候选期权链…
2026-05-01 15:15:33,518 [INFO] option_chain_fetcher - [US.FDS] 3 个到期日 → 3 批次调用
2026-05-01 15:15:34,277 [WARNING] rate_limiter - [_call] 第 1/5 次失败: 获取期权链频率太高，请求失败，每30秒最多10次。，5.0s 后重试…
2026-05-01 15:15:39,279 [WARNING] rate_limiter - [_call] 第 2/5 次失败: 获取期权链频率太高，请求失败，每30秒最多10次。，10.0s 后重试…
2026-05-01 15:15:49,281 [WARNING] rate_limiter - [_call] 第 3/5 次失败: 获取期权链频率太高，请求失败，每30秒最多10次。，20.0s 后重试…
2026-05-01 15:16:09,662 [INFO] option_chain_fetcher - [US.FDS] 候选合约共 0 个
2026-05-01 15:16:09,662 [INFO] scanner - [STEP1] US.FDS: 候选合约 0 个
2026-05-01 15:16:09,662 [INFO] scanner - [STEP2] 获取 0 个合约快照…
2026-05-01 15:16:09,662 [WARNING] scanner - [STEP2] 合约列表为空，跳过
2026-05-01 15:16:09,662 [ERROR] scanner - [US.FDS] 处理异常: 'option_type'
2026-05-01 15:16:09,663 [ERROR] scanner - Traceback (most recent call last):
  File "C:\Users\Administrator\AppData\Local\Programs\Python\Python312\Lib\site-packages\pandas\core\indexes\base.py", line 3641, in get_loc
    return self._engine.get_loc(casted_key)
           ^^^^^^^^^^^^^^^^^^^^^^^^^^^^^^^^
  File "pandas/_libs/index.pyx", line 168, in pandas._libs.index.IndexEngine.get_loc
  File "pandas/_libs/index.pyx", line 197, in pandas._libs.index.IndexEngine.get_loc
  File "pandas/_libs/hashtable_class_helper.pxi", line 7668, in pandas._libs.hashtable.PyObjectHashTable.get_item
  File "pandas/_libs/hashtable_class_helper.pxi", line 7676, in pandas._libs.hashtable.PyObjectHashTable.get_item
KeyError: 'option_type'

The above exception was the direct cause of the following exception:

Traceback (most recent call last):
  File "<input>", line 170, in step_run_single
  File "C:\Users\Administrator\AppData\Local\Programs\Python\Python312\Lib\site-packages\pandas\core\frame.py", line 4378, in __getitem__
    indexer = self.columns.get_loc(key)
              ^^^^^^^^^^^^^^^^^^^^^^^^^
  File "C:\Users\Administrator\AppData\Local\Programs\Python\Python312\Lib\site-packages\pandas\core\indexes\base.py", line 3648, in get_loc
    raise KeyError(key) from err
KeyError: 'option_type'

2026-05-01 15:16:09,664 [INFO] checkpoint - 读取断点缓存：已完成 279 个标的
2026-05-01 15:16:09,665 [INFO] scanner - [281/527] US.FDX  完成率 53%  预计剩余 54m36s
2026-05-01 15:16:09,665 [INFO] scanner - ──────────────────────────────────────────────────
2026-05-01 15:16:09,665 [INFO] scanner - 处理标的: US.FDX
2026-05-01 15:16:09,704 [INFO] scanner - [STEP1] 获取 US.FDX 候选期权链…
2026-05-01 15:16:09,741 [INFO] option_chain_fetcher - [US.FDX] 11 个到期日 → 4 批次调用
2026-05-01 15:16:11,588 [INFO] option_chain_fetcher - [US.FDX] 候选合约共 2 个
2026-05-01 15:16:11,588 [INFO] scanner - [STEP1] US.FDX: 候选合约 2 个
2026-05-01 15:16:11,588 [INFO] scanner - [STEP2] 获取 2 个合约快照…
2026-05-01 15:16:11,654 [INFO] snapshot_fetcher - 快照获取完成：2/2 个合约
2026-05-01 15:16:11,655 [INFO] scanner - [STEP2] 成功获取 2 条快照
2026-05-01 15:16:11,657 [INFO] scanner - [STEP3] 对 US.FDX 执行异常检测…
2026-05-01 15:16:11,658 [INFO] anomaly_detector - 发现异常合约 2 个
2026-05-01 15:16:11,661 [INFO] anomaly_detector - 已追加写入 2 条异常记录 → .\filter_data\anomaly_results2026-05-01.csv
2026-05-01 15:16:11,661 [INFO] checkpoint - 读取断点缓存：已完成 280 个标的
2026-05-01 15:16:11,662 [INFO] scanner - [282/527] US.FE  完成率 54%  预计剩余 54m12s
2026-05-01 15:16:11,662 [INFO] scanner - ──────────────────────────────────────────────────
2026-05-01 15:16:11,662 [INFO] scanner - 处理标的: US.FE
2026-05-01 15:16:11,762 [INFO] scanner - [STEP1] 获取 US.FE 候选期权链…
2026-05-01 15:16:11,799 [INFO] option_chain_fetcher - [US.FE] 5 个到期日 → 4 批次调用
2026-05-01 15:16:13,359 [INFO] option_chain_fetcher - [US.FE] 候选合约共 0 个
2026-05-01 15:16:13,359 [INFO] scanner - [STEP1] US.FE: 候选合约 0 个
2026-05-01 15:16:13,359 [INFO] scanner - [STEP2] 获取 0 个合约快照…
2026-05-01 15:16:13,359 [WARNING] scanner - [STEP2] 合约列表为空，跳过
2026-05-01 15:16:13,360 [ERROR] scanner - [US.FE] 处理异常: 'option_type'
2026-05-01 15:16:13,360 [ERROR] scanner - Traceback (most recent call last):
  File "C:\Users\Administrator\AppData\Local\Programs\Python\Python312\Lib\site-packages\pandas\core\indexes\base.py", line 3641, in get_loc
    return self._engine.get_loc(casted_key)
           ^^^^^^^^^^^^^^^^^^^^^^^^^^^^^^^^
  File "pandas/_libs/index.pyx", line 168, in pandas._libs.index.IndexEngine.get_loc
  File "pandas/_libs/index.pyx", line 197, in pandas._libs.index.IndexEngine.get_loc
  File "pandas/_libs/hashtable_class_helper.pxi", line 7668, in pandas._libs.hashtable.PyObjectHashTable.get_item
  File "pandas/_libs/hashtable_class_helper.pxi", line 7676, in pandas._libs.hashtable.PyObjectHashTable.get_item
KeyError: 'option_type'

The above exception was the direct cause of the following exception:

Traceback (most recent call last):
  File "<input>", line 170, in step_run_single
  File "C:\Users\Administrator\AppData\Local\Programs\Python\Python312\Lib\site-packages\pandas\core\frame.py", line 4378, in __getitem__
    indexer = self.columns.get_loc(key)
              ^^^^^^^^^^^^^^^^^^^^^^^^^
  File "C:\Users\Administrator\AppData\Local\Programs\Python\Python312\Lib\site-packages\pandas\core\indexes\base.py", line 3648, in get_loc
    raise KeyError(key) from err
KeyError: 'option_type'

2026-05-01 15:16:13,361 [INFO] checkpoint - 读取断点缓存：已完成 281 个标的
2026-05-01 15:16:13,361 [INFO] scanner - [283/527] US.FFIV  完成率 54%  预计剩余 53m49s
2026-05-01 15:16:13,361 [INFO] scanner - ──────────────────────────────────────────────────
2026-05-01 15:16:13,361 [INFO] scanner - 处理标的: US.FFIV
2026-05-01 15:16:13,403 [INFO] scanner - [STEP1] 获取 US.FFIV 候选期权链…
2026-05-01 15:16:13,439 [INFO] option_chain_fetcher - [US.FFIV] 6 个到期日 → 6 批次调用
2026-05-01 15:16:13,820 [WARNING] rate_limiter - [_call] 第 1/5 次失败: 获取期权链频率太高，请求失败，每30秒最多10次。，5.0s 后重试…
2026-05-01 15:16:18,822 [WARNING] rate_limiter - [_call] 第 2/5 次失败: 获取期权链频率太高，请求失败，每30秒最多10次。，10.0s 后重试…
2026-05-01 15:16:28,825 [WARNING] rate_limiter - [_call] 第 3/5 次失败: 获取期权链频率太高，请求失败，每30秒最多10次。，20.0s 后重试…
2026-05-01 15:16:50,733 [INFO] option_chain_fetcher - [US.FFIV] 候选合约共 0 个
2026-05-01 15:16:50,733 [INFO] scanner - [STEP1] US.FFIV: 候选合约 0 个
2026-05-01 15:16:50,733 [INFO] scanner - [STEP2] 获取 0 个合约快照…
2026-05-01 15:16:50,733 [WARNING] scanner - [STEP2] 合约列表为空，跳过
2026-05-01 15:16:50,734 [ERROR] scanner - [US.FFIV] 处理异常: 'option_type'
2026-05-01 15:16:50,735 [ERROR] scanner - Traceback (most recent call last):
  File "C:\Users\Administrator\AppData\Local\Programs\Python\Python312\Lib\site-packages\pandas\core\indexes\base.py", line 3641, in get_loc
    return self._engine.get_loc(casted_key)
           ^^^^^^^^^^^^^^^^^^^^^^^^^^^^^^^^
  File "pandas/_libs/index.pyx", line 168, in pandas._libs.index.IndexEngine.get_loc
  File "pandas/_libs/index.pyx", line 197, in pandas._libs.index.IndexEngine.get_loc
  File "pandas/_libs/hashtable_class_helper.pxi", line 7668, in pandas._libs.hashtable.PyObjectHashTable.get_item
  File "pandas/_libs/hashtable_class_helper.pxi", line 7676, in pandas._libs.hashtable.PyObjectHashTable.get_item
KeyError: 'option_type'

The above exception was the direct cause of the following exception:

Traceback (most recent call last):
  File "<input>", line 170, in step_run_single
  File "C:\Users\Administrator\AppData\Local\Programs\Python\Python312\Lib\site-packages\pandas\core\frame.py", line 4378, in __getitem__
    indexer = self.columns.get_loc(key)
              ^^^^^^^^^^^^^^^^^^^^^^^^^
  File "C:\Users\Administrator\AppData\Local\Programs\Python\Python312\Lib\site-packages\pandas\core\indexes\base.py", line 3648, in get_loc
    raise KeyError(key) from err
KeyError: 'option_type'

2026-05-01 15:16:50,736 [INFO] checkpoint - 读取断点缓存：已完成 282 个标的
2026-05-01 15:16:50,736 [INFO] scanner - [284/527] US.FICO  完成率 54%  预计剩余 53m57s
2026-05-01 15:16:50,736 [INFO] scanner - ──────────────────────────────────────────────────
2026-05-01 15:16:50,737 [INFO] scanner - 处理标的: US.FICO
2026-05-01 15:16:50,820 [INFO] scanner - [STEP1] 获取 US.FICO 候选期权链…
2026-05-01 15:16:50,859 [INFO] option_chain_fetcher - [US.FICO] 6 个到期日 → 6 批次调用
2026-05-01 15:16:52,895 [WARNING] rate_limiter - [_call] 第 1/5 次失败: 获取期权链频率太高，请求失败，每30秒最多10次。，5.0s 后重试…
2026-05-01 15:16:57,898 [WARNING] rate_limiter - [_call] 第 2/5 次失败: 获取期权链频率太高，请求失败，每30秒最多10次。，10.0s 后重试…
2026-05-01 15:17:07,901 [WARNING] rate_limiter - [_call] 第 3/5 次失败: 获取期权链频率太高，请求失败，每30秒最多10次。，20.0s 后重试…
2026-05-01 15:17:28,346 [INFO] option_chain_fetcher - [US.FICO] 候选合约共 3 个
2026-05-01 15:17:28,346 [INFO] scanner - [STEP1] US.FICO: 候选合约 3 个
2026-05-01 15:17:28,346 [INFO] scanner - [STEP2] 获取 3 个合约快照…
2026-05-01 15:17:28,450 [INFO] snapshot_fetcher - 快照获取完成：3/3 个合约
2026-05-01 15:17:28,450 [INFO] scanner - [STEP2] 成功获取 3 条快照
2026-05-01 15:17:28,451 [INFO] scanner - [STEP3] 对 US.FICO 执行异常检测…
2026-05-01 15:17:28,454 [INFO] anomaly_detector - 发现异常合约 3 个
2026-05-01 15:17:28,457 [INFO] anomaly_detector - 已追加写入 3 条异常记录 → .\filter_data\anomaly_results2026-05-01.csv
2026-05-01 15:17:28,458 [INFO] checkpoint - 读取断点缓存：已完成 283 个标的
2026-05-01 15:17:28,458 [INFO] scanner - [285/527] US.FIS  完成率 54%  预计剩余 54m04s
2026-05-01 15:17:28,458 [INFO] scanner - ──────────────────────────────────────────────────
2026-05-01 15:17:28,458 [INFO] scanner - 处理标的: US.FIS
2026-05-01 15:17:28,507 [INFO] scanner - [STEP1] 获取 US.FIS 候选期权链…
2026-05-01 15:17:28,544 [INFO] option_chain_fetcher - [US.FIS] 11 个到期日 → 4 批次调用
2026-05-01 15:17:30,405 [INFO] option_chain_fetcher - [US.FIS] 候选合约共 0 个
2026-05-01 15:17:30,406 [INFO] scanner - [STEP1] US.FIS: 候选合约 0 个
2026-05-01 15:17:30,406 [INFO] scanner - [STEP2] 获取 0 个合约快照…
2026-05-01 15:17:30,406 [WARNING] scanner - [STEP2] 合约列表为空，跳过
2026-05-01 15:17:30,407 [ERROR] scanner - [US.FIS] 处理异常: 'option_type'
2026-05-01 15:17:30,410 [ERROR] scanner - Traceback (most recent call last):
  File "C:\Users\Administrator\AppData\Local\Programs\Python\Python312\Lib\site-packages\pandas\core\indexes\base.py", line 3641, in get_loc
    return self._engine.get_loc(casted_key)
           ^^^^^^^^^^^^^^^^^^^^^^^^^^^^^^^^
  File "pandas/_libs/index.pyx", line 168, in pandas._libs.index.IndexEngine.get_loc
  File "pandas/_libs/index.pyx", line 197, in pandas._libs.index.IndexEngine.get_loc
  File "pandas/_libs/hashtable_class_helper.pxi", line 7668, in pandas._libs.hashtable.PyObjectHashTable.get_item
  File "pandas/_libs/hashtable_class_helper.pxi", line 7676, in pandas._libs.hashtable.PyObjectHashTable.get_item
KeyError: 'option_type'

The above exception was the direct cause of the following exception:

Traceback (most recent call last):
  File "<input>", line 170, in step_run_single
  File "C:\Users\Administrator\AppData\Local\Programs\Python\Python312\Lib\site-packages\pandas\core\frame.py", line 4378, in __getitem__
    indexer = self.columns.get_loc(key)
              ^^^^^^^^^^^^^^^^^^^^^^^^^
  File "C:\Users\Administrator\AppData\Local\Programs\Python\Python312\Lib\site-packages\pandas\core\indexes\base.py", line 3648, in get_loc
    raise KeyError(key) from err
KeyError: 'option_type'

2026-05-01 15:17:30,412 [INFO] checkpoint - 读取断点缓存：已完成 284 个标的
2026-05-01 15:17:30,424 [INFO] scanner - [286/527] US.FISV  完成率 54%  预计剩余 53m41s
2026-05-01 15:17:30,424 [INFO] scanner - ──────────────────────────────────────────────────
2026-05-01 15:17:30,424 [INFO] scanner - 处理标的: US.FISV
2026-05-01 15:17:30,523 [INFO] scanner - [STEP1] 获取 US.FISV 候选期权链…
2026-05-01 15:17:30,562 [INFO] option_chain_fetcher - [US.FISV] 9 个到期日 → 3 批次调用
2026-05-01 15:17:32,059 [INFO] option_chain_fetcher - [US.FISV] 候选合约共 11 个
2026-05-01 15:17:32,059 [INFO] scanner - [STEP1] US.FISV: 候选合约 11 个
2026-05-01 15:17:32,059 [INFO] scanner - [STEP2] 获取 11 个合约快照…
2026-05-01 15:17:32,128 [INFO] snapshot_fetcher - 快照获取完成：11/11 个合约
2026-05-01 15:17:32,128 [INFO] scanner - [STEP2] 成功获取 11 条快照
2026-05-01 15:17:32,129 [INFO] scanner - [STEP3] 对 US.FISV 执行异常检测…
2026-05-01 15:17:32,130 [INFO] anomaly_detector - 本批次无异常合约
2026-05-01 15:17:32,131 [INFO] checkpoint - 读取断点缓存：已完成 285 个标的
2026-05-01 15:17:32,131 [INFO] scanner - [287/527] US.FITB  完成率 54%  预计剩余 53m18s
2026-05-01 15:17:32,131 [INFO] scanner - ──────────────────────────────────────────────────
2026-05-01 15:17:32,131 [INFO] scanner - 处理标的: US.FITB
2026-05-01 15:17:32,231 [INFO] scanner - [STEP1] 获取 US.FITB 候选期权链…
2026-05-01 15:17:32,268 [INFO] option_chain_fetcher - [US.FITB] 6 个到期日 → 5 批次调用
2026-05-01 15:17:33,023 [WARNING] rate_limiter - [_call] 第 1/5 次失败: 获取期权链频率太高，请求失败，每30秒最多10次。，5.0s 后重试…
2026-05-01 15:17:38,025 [WARNING] rate_limiter - [_call] 第 2/5 次失败: 获取期权链频率太高，请求失败，每30秒最多10次。，10.0s 后重试…
2026-05-01 15:17:48,027 [WARNING] rate_limiter - [_call] 第 3/5 次失败: 获取期权链频率太高，请求失败，每30秒最多10次。，20.0s 后重试…
2026-05-01 15:18:09,198 [INFO] option_chain_fetcher - [US.FITB] 候选合约共 0 个
2026-05-01 15:18:09,198 [INFO] scanner - [STEP1] US.FITB: 候选合约 0 个
2026-05-01 15:18:09,198 [INFO] scanner - [STEP2] 获取 0 个合约快照…
2026-05-01 15:18:09,199 [WARNING] scanner - [STEP2] 合约列表为空，跳过
2026-05-01 15:18:09,200 [ERROR] scanner - [US.FITB] 处理异常: 'option_type'
2026-05-01 15:18:09,201 [ERROR] scanner - Traceback (most recent call last):
  File "C:\Users\Administrator\AppData\Local\Programs\Python\Python312\Lib\site-packages\pandas\core\indexes\base.py", line 3641, in get_loc
    return self._engine.get_loc(casted_key)
           ^^^^^^^^^^^^^^^^^^^^^^^^^^^^^^^^
  File "pandas/_libs/index.pyx", line 168, in pandas._libs.index.IndexEngine.get_loc
  File "pandas/_libs/index.pyx", line 197, in pandas._libs.index.IndexEngine.get_loc
  File "pandas/_libs/hashtable_class_helper.pxi", line 7668, in pandas._libs.hashtable.PyObjectHashTable.get_item
  File "pandas/_libs/hashtable_class_helper.pxi", line 7676, in pandas._libs.hashtable.PyObjectHashTable.get_item
KeyError: 'option_type'

The above exception was the direct cause of the following exception:

Traceback (most recent call last):
  File "<input>", line 170, in step_run_single
  File "C:\Users\Administrator\AppData\Local\Programs\Python\Python312\Lib\site-packages\pandas\core\frame.py", line 4378, in __getitem__
    indexer = self.columns.get_loc(key)
              ^^^^^^^^^^^^^^^^^^^^^^^^^
  File "C:\Users\Administrator\AppData\Local\Programs\Python\Python312\Lib\site-packages\pandas\core\indexes\base.py", line 3648, in get_loc
    raise KeyError(key) from err
KeyError: 'option_type'

2026-05-01 15:18:09,201 [INFO] checkpoint - 读取断点缓存：已完成 286 个标的
2026-05-01 15:18:09,202 [INFO] scanner - [288/527] US.FIX  完成率 55%  预计剩余 53m25s
2026-05-01 15:18:09,202 [INFO] scanner - ──────────────────────────────────────────────────
2026-05-01 15:18:09,202 [INFO] scanner - 处理标的: US.FIX
2026-05-01 15:18:09,278 [INFO] scanner - [STEP1] 获取 US.FIX 候选期权链…
2026-05-01 15:18:09,312 [INFO] option_chain_fetcher - [US.FIX] 4 个到期日 → 4 批次调用
2026-05-01 15:18:10,925 [INFO] option_chain_fetcher - [US.FIX] 候选合约共 6 个
2026-05-01 15:18:10,925 [INFO] scanner - [STEP1] US.FIX: 候选合约 6 个
2026-05-01 15:18:10,925 [INFO] scanner - [STEP2] 获取 6 个合约快照…
2026-05-01 15:18:10,995 [INFO] snapshot_fetcher - 快照获取完成：6/6 个合约
2026-05-01 15:18:10,996 [INFO] scanner - [STEP2] 成功获取 6 条快照
2026-05-01 15:18:10,998 [INFO] scanner - [STEP3] 对 US.FIX 执行异常检测…
2026-05-01 15:18:11,002 [INFO] anomaly_detector - 发现异常合约 4 个
2026-05-01 15:18:11,005 [INFO] anomaly_detector - 已追加写入 4 条异常记录 → .\filter_data\anomaly_results2026-05-01.csv
2026-05-01 15:18:11,006 [INFO] checkpoint - 读取断点缓存：已完成 287 个标的
2026-05-01 15:18:11,007 [INFO] scanner - [289/527] US.FOX  完成率 55%  预计剩余 53m02s
2026-05-01 15:18:11,007 [INFO] scanner - ──────────────────────────────────────────────────
2026-05-01 15:18:11,007 [INFO] scanner - 处理标的: US.FOX
2026-05-01 15:18:11,071 [INFO] scanner - [STEP1] 获取 US.FOX 候选期权链…
2026-05-01 15:18:11,107 [INFO] option_chain_fetcher - [US.FOX] 4 个到期日 → 4 批次调用
2026-05-01 15:18:12,240 [WARNING] rate_limiter - [_call] 第 1/5 次失败: 获取期权链频率太高，请求失败，每30秒最多10次。，5.0s 后重试…
2026-05-01 15:18:17,242 [WARNING] rate_limiter - [_call] 第 2/5 次失败: 获取期权链频率太高，请求失败，每30秒最多10次。，10.0s 后重试…
2026-05-01 15:18:27,256 [WARNING] rate_limiter - [_call] 第 3/5 次失败: 获取期权链频率太高，请求失败，每30秒最多10次。，20.0s 后重试…
2026-05-01 15:18:47,634 [INFO] option_chain_fetcher - [US.FOX] 候选合约共 0 个
2026-05-01 15:18:47,634 [INFO] scanner - [STEP1] US.FOX: 候选合约 0 个
2026-05-01 15:18:47,634 [INFO] scanner - [STEP2] 获取 0 个合约快照…
2026-05-01 15:18:47,634 [WARNING] scanner - [STEP2] 合约列表为空，跳过
2026-05-01 15:18:47,635 [ERROR] scanner - [US.FOX] 处理异常: 'option_type'
2026-05-01 15:18:47,636 [ERROR] scanner - Traceback (most recent call last):
  File "C:\Users\Administrator\AppData\Local\Programs\Python\Python312\Lib\site-packages\pandas\core\indexes\base.py", line 3641, in get_loc
    return self._engine.get_loc(casted_key)
           ^^^^^^^^^^^^^^^^^^^^^^^^^^^^^^^^
  File "pandas/_libs/index.pyx", line 168, in pandas._libs.index.IndexEngine.get_loc
  File "pandas/_libs/index.pyx", line 197, in pandas._libs.index.IndexEngine.get_loc
  File "pandas/_libs/hashtable_class_helper.pxi", line 7668, in pandas._libs.hashtable.PyObjectHashTable.get_item
  File "pandas/_libs/hashtable_class_helper.pxi", line 7676, in pandas._libs.hashtable.PyObjectHashTable.get_item
KeyError: 'option_type'

The above exception was the direct cause of the following exception:

Traceback (most recent call last):
  File "<input>", line 170, in step_run_single
  File "C:\Users\Administrator\AppData\Local\Programs\Python\Python312\Lib\site-packages\pandas\core\frame.py", line 4378, in __getitem__
    indexer = self.columns.get_loc(key)
              ^^^^^^^^^^^^^^^^^^^^^^^^^
  File "C:\Users\Administrator\AppData\Local\Programs\Python\Python312\Lib\site-packages\pandas\core\indexes\base.py", line 3648, in get_loc
    raise KeyError(key) from err
KeyError: 'option_type'

2026-05-01 15:18:47,637 [INFO] checkpoint - 读取断点缓存：已完成 288 个标的
2026-05-01 15:18:47,637 [INFO] scanner - [290/527] US.FOXA  完成率 55%  预计剩余 53m08s
2026-05-01 15:18:47,637 [INFO] scanner - ──────────────────────────────────────────────────
2026-05-01 15:18:47,637 [INFO] scanner - 处理标的: US.FOXA
2026-05-01 15:18:47,679 [INFO] scanner - [STEP1] 获取 US.FOXA 候选期权链…
2026-05-01 15:18:47,721 [INFO] option_chain_fetcher - [US.FOXA] 4 个到期日 → 4 批次调用
2026-05-01 15:18:49,236 [INFO] option_chain_fetcher - [US.FOXA] 候选合约共 0 个
2026-05-01 15:18:49,236 [INFO] scanner - [STEP1] US.FOXA: 候选合约 0 个
2026-05-01 15:18:49,236 [INFO] scanner - [STEP2] 获取 0 个合约快照…
2026-05-01 15:18:49,236 [WARNING] scanner - [STEP2] 合约列表为空，跳过
2026-05-01 15:18:49,237 [ERROR] scanner - [US.FOXA] 处理异常: 'option_type'
2026-05-01 15:18:49,238 [ERROR] scanner - Traceback (most recent call last):
  File "C:\Users\Administrator\AppData\Local\Programs\Python\Python312\Lib\site-packages\pandas\core\indexes\base.py", line 3641, in get_loc
    return self._engine.get_loc(casted_key)
           ^^^^^^^^^^^^^^^^^^^^^^^^^^^^^^^^
  File "pandas/_libs/index.pyx", line 168, in pandas._libs.index.IndexEngine.get_loc
  File "pandas/_libs/index.pyx", line 197, in pandas._libs.index.IndexEngine.get_loc
  File "pandas/_libs/hashtable_class_helper.pxi", line 7668, in pandas._libs.hashtable.PyObjectHashTable.get_item
  File "pandas/_libs/hashtable_class_helper.pxi", line 7676, in pandas._libs.hashtable.PyObjectHashTable.get_item
KeyError: 'option_type'

The above exception was the direct cause of the following exception:

Traceback (most recent call last):
  File "<input>", line 170, in step_run_single
  File "C:\Users\Administrator\AppData\Local\Programs\Python\Python312\Lib\site-packages\pandas\core\frame.py", line 4378, in __getitem__
    indexer = self.columns.get_loc(key)
              ^^^^^^^^^^^^^^^^^^^^^^^^^
  File "C:\Users\Administrator\AppData\Local\Programs\Python\Python312\Lib\site-packages\pandas\core\indexes\base.py", line 3648, in get_loc
    raise KeyError(key) from err
KeyError: 'option_type'

2026-05-01 15:18:49,238 [INFO] checkpoint - 读取断点缓存：已完成 289 个标的
2026-05-01 15:18:49,239 [INFO] scanner - [291/527] US.FRT  完成率 55%  预计剩余 52m45s
2026-05-01 15:18:49,239 [INFO] scanner - ──────────────────────────────────────────────────
2026-05-01 15:18:49,239 [INFO] scanner - 处理标的: US.FRT
2026-05-01 15:18:49,280 [INFO] scanner - US.FRT 市值过大，pass
2026-05-01 15:18:49,280 [INFO] scanner - [STEP2] 获取 0 个合约快照…
2026-05-01 15:18:49,280 [WARNING] scanner - [STEP2] 合约列表为空，跳过
2026-05-01 15:18:49,281 [ERROR] scanner - [US.FRT] 处理异常: 'option_type'
2026-05-01 15:18:49,281 [ERROR] scanner - Traceback (most recent call last):
  File "C:\Users\Administrator\AppData\Local\Programs\Python\Python312\Lib\site-packages\pandas\core\indexes\base.py", line 3641, in get_loc
    return self._engine.get_loc(casted_key)
           ^^^^^^^^^^^^^^^^^^^^^^^^^^^^^^^^
  File "pandas/_libs/index.pyx", line 168, in pandas._libs.index.IndexEngine.get_loc
  File "pandas/_libs/index.pyx", line 197, in pandas._libs.index.IndexEngine.get_loc
  File "pandas/_libs/hashtable_class_helper.pxi", line 7668, in pandas._libs.hashtable.PyObjectHashTable.get_item
  File "pandas/_libs/hashtable_class_helper.pxi", line 7676, in pandas._libs.hashtable.PyObjectHashTable.get_item
KeyError: 'option_type'

The above exception was the direct cause of the following exception:

Traceback (most recent call last):
  File "<input>", line 170, in step_run_single
  File "C:\Users\Administrator\AppData\Local\Programs\Python\Python312\Lib\site-packages\pandas\core\frame.py", line 4378, in __getitem__
    indexer = self.columns.get_loc(key)
              ^^^^^^^^^^^^^^^^^^^^^^^^^
  File "C:\Users\Administrator\AppData\Local\Programs\Python\Python312\Lib\site-packages\pandas\core\indexes\base.py", line 3648, in get_loc
    raise KeyError(key) from err
KeyError: 'option_type'

2026-05-01 15:18:49,281 [INFO] checkpoint - 读取断点缓存：已完成 290 个标的
2026-05-01 15:18:49,282 [INFO] scanner - [292/527] US.FSLR  完成率 55%  预计剩余 52m21s
2026-05-01 15:18:49,282 [INFO] scanner - ──────────────────────────────────────────────────
2026-05-01 15:18:49,282 [INFO] scanner - 处理标的: US.FSLR
2026-05-01 15:18:49,321 [INFO] scanner - [STEP1] 获取 US.FSLR 候选期权链…
2026-05-01 15:18:49,358 [INFO] option_chain_fetcher - [US.FSLR] 10 个到期日 → 4 批次调用
2026-05-01 15:18:51,344 [INFO] option_chain_fetcher - [US.FSLR] 候选合约共 40 个
2026-05-01 15:18:51,344 [INFO] scanner - [STEP1] US.FSLR: 候选合约 40 个
2026-05-01 15:18:51,344 [INFO] scanner - [STEP2] 获取 40 个合约快照…
2026-05-01 15:18:51,524 [INFO] snapshot_fetcher - 快照获取完成：40/40 个合约
2026-05-01 15:18:51,525 [INFO] scanner - [STEP2] 成功获取 40 条快照
2026-05-01 15:18:51,527 [INFO] scanner - [STEP3] 对 US.FSLR 执行异常检测…
2026-05-01 15:18:51,530 [INFO] anomaly_detector - 发现异常合约 5 个
2026-05-01 15:18:51,533 [INFO] anomaly_detector - 已追加写入 5 条异常记录 → .\filter_data\anomaly_results2026-05-01.csv
2026-05-01 15:18:51,533 [INFO] checkpoint - 读取断点缓存：已完成 291 个标的
2026-05-01 15:18:51,534 [INFO] scanner - [293/527] US.FTV  完成率 56%  预计剩余 51m59s
2026-05-01 15:18:51,534 [INFO] scanner - ──────────────────────────────────────────────────
2026-05-01 15:18:51,534 [INFO] scanner - 处理标的: US.FTV
2026-05-01 15:18:51,572 [INFO] scanner - [STEP1] 获取 US.FTV 候选期权链…
2026-05-01 15:18:51,608 [INFO] option_chain_fetcher - [US.FTV] 3 个到期日 → 3 批次调用
2026-05-01 15:18:51,983 [WARNING] rate_limiter - [_call] 第 1/5 次失败: 获取期权链频率太高，请求失败，每30秒最多10次。，5.0s 后重试…
2026-05-01 15:18:56,985 [WARNING] rate_limiter - [_call] 第 2/5 次失败: 获取期权链频率太高，请求失败，每30秒最多10次。，10.0s 后重试…
2026-05-01 15:19:06,988 [WARNING] rate_limiter - [_call] 第 3/5 次失败: 获取期权链频率太高，请求失败，每30秒最多10次。，20.0s 后重试…
2026-05-01 15:19:27,799 [INFO] option_chain_fetcher - [US.FTV] 候选合约共 2 个
2026-05-01 15:19:27,799 [INFO] scanner - [STEP1] US.FTV: 候选合约 2 个
2026-05-01 15:19:27,799 [INFO] scanner - [STEP2] 获取 2 个合约快照…
2026-05-01 15:19:27,865 [INFO] snapshot_fetcher - 快照获取完成：2/2 个合约
2026-05-01 15:19:27,866 [INFO] scanner - [STEP2] 成功获取 2 条快照
2026-05-01 15:19:27,868 [INFO] scanner - [STEP3] 对 US.FTV 执行异常检测…
2026-05-01 15:19:27,869 [INFO] anomaly_detector - 本批次无异常合约
2026-05-01 15:19:27,870 [INFO] checkpoint - 读取断点缓存：已完成 292 个标的
2026-05-01 15:19:27,870 [INFO] scanner - [294/527] US.GD  完成率 56%  预计剩余 52m04s
2026-05-01 15:19:27,870 [INFO] scanner - ──────────────────────────────────────────────────
2026-05-01 15:19:27,870 [INFO] scanner - 处理标的: US.GD
2026-05-01 15:19:27,912 [INFO] scanner - [STEP1] 获取 US.GD 候选期权链…
2026-05-01 15:19:27,948 [INFO] option_chain_fetcher - [US.GD] 12 个到期日 → 5 批次调用
2026-05-01 15:19:30,173 [INFO] option_chain_fetcher - [US.GD] 候选合约共 0 个
2026-05-01 15:19:30,173 [INFO] scanner - [STEP1] US.GD: 候选合约 0 个
2026-05-01 15:19:30,173 [INFO] scanner - [STEP2] 获取 0 个合约快照…
2026-05-01 15:19:30,173 [WARNING] scanner - [STEP2] 合约列表为空，跳过
2026-05-01 15:19:30,174 [ERROR] scanner - [US.GD] 处理异常: 'option_type'
2026-05-01 15:19:30,175 [ERROR] scanner - Traceback (most recent call last):
  File "C:\Users\Administrator\AppData\Local\Programs\Python\Python312\Lib\site-packages\pandas\core\indexes\base.py", line 3641, in get_loc
    return self._engine.get_loc(casted_key)
           ^^^^^^^^^^^^^^^^^^^^^^^^^^^^^^^^
  File "pandas/_libs/index.pyx", line 168, in pandas._libs.index.IndexEngine.get_loc
  File "pandas/_libs/index.pyx", line 197, in pandas._libs.index.IndexEngine.get_loc
  File "pandas/_libs/hashtable_class_helper.pxi", line 7668, in pandas._libs.hashtable.PyObjectHashTable.get_item
  File "pandas/_libs/hashtable_class_helper.pxi", line 7676, in pandas._libs.hashtable.PyObjectHashTable.get_item
KeyError: 'option_type'

The above exception was the direct cause of the following exception:

Traceback (most recent call last):
  File "<input>", line 170, in step_run_single
  File "C:\Users\Administrator\AppData\Local\Programs\Python\Python312\Lib\site-packages\pandas\core\frame.py", line 4378, in __getitem__
    indexer = self.columns.get_loc(key)
              ^^^^^^^^^^^^^^^^^^^^^^^^^
  File "C:\Users\Administrator\AppData\Local\Programs\Python\Python312\Lib\site-packages\pandas\core\indexes\base.py", line 3648, in get_loc
    raise KeyError(key) from err
KeyError: 'option_type'

2026-05-01 15:19:30,176 [INFO] checkpoint - 读取断点缓存：已完成 293 个标的
2026-05-01 15:19:30,177 [INFO] scanner - [295/527] US.GDDY  完成率 56%  预计剩余 51m42s
2026-05-01 15:19:30,177 [INFO] scanner - ──────────────────────────────────────────────────
2026-05-01 15:19:30,177 [INFO] scanner - 处理标的: US.GDDY
2026-05-01 15:19:30,252 [INFO] scanner - [STEP1] 获取 US.GDDY 候选期权链…
2026-05-01 15:19:30,290 [INFO] option_chain_fetcher - [US.GDDY] 10 个到期日 → 4 批次调用
2026-05-01 15:19:31,703 [WARNING] rate_limiter - [_call] 第 1/5 次失败: 获取期权链频率太高，请求失败，每30秒最多10次。，5.0s 后重试…
2026-05-01 15:19:36,705 [WARNING] rate_limiter - [_call] 第 2/5 次失败: 获取期权链频率太高，请求失败，每30秒最多10次。，10.0s 后重试…
2026-05-01 15:19:46,707 [WARNING] rate_limiter - [_call] 第 3/5 次失败: 获取期权链频率太高，请求失败，每30秒最多10次。，20.0s 后重试…
2026-05-01 15:20:07,085 [INFO] option_chain_fetcher - [US.GDDY] 候选合约共 11 个
2026-05-01 15:20:07,085 [INFO] scanner - [STEP1] US.GDDY: 候选合约 11 个
2026-05-01 15:20:07,085 [INFO] scanner - [STEP2] 获取 11 个合约快照…
2026-05-01 15:20:07,193 [INFO] snapshot_fetcher - 快照获取完成：11/11 个合约
2026-05-01 15:20:07,194 [INFO] scanner - [STEP2] 成功获取 11 条快照
2026-05-01 15:20:07,195 [INFO] scanner - [STEP3] 对 US.GDDY 执行异常检测…
2026-05-01 15:20:07,195 [INFO] anomaly_detector - 本批次无异常合约
2026-05-01 15:20:07,197 [INFO] checkpoint - 读取断点缓存：已完成 294 个标的
2026-05-01 15:20:07,198 [INFO] scanner - [296/527] US.GE  完成率 56%  预计剩余 51m47s
2026-05-01 15:20:07,198 [INFO] scanner - ──────────────────────────────────────────────────
2026-05-01 15:20:07,198 [INFO] scanner - 处理标的: US.GE
2026-05-01 15:20:07,237 [INFO] scanner - [STEP1] 获取 US.GE 候选期权链…
2026-05-01 15:20:07,273 [INFO] option_chain_fetcher - [US.GE] 11 个到期日 → 5 批次调用
2026-05-01 15:20:09,761 [INFO] option_chain_fetcher - [US.GE] 候选合约共 28 个
2026-05-01 15:20:09,761 [INFO] scanner - [STEP1] US.GE: 候选合约 28 个
2026-05-01 15:20:09,761 [INFO] scanner - [STEP2] 获取 28 个合约快照…
2026-05-01 15:20:09,895 [INFO] snapshot_fetcher - 快照获取完成：28/28 个合约
2026-05-01 15:20:09,895 [INFO] scanner - [STEP2] 成功获取 28 条快照
2026-05-01 15:20:09,896 [INFO] scanner - [STEP3] 对 US.GE 执行异常检测…
2026-05-01 15:20:09,898 [INFO] anomaly_detector - 发现异常合约 5 个
2026-05-01 15:20:09,900 [INFO] anomaly_detector - 已追加写入 5 条异常记录 → .\filter_data\anomaly_results2026-05-01.csv
2026-05-01 15:20:09,900 [INFO] checkpoint - 读取断点缓存：已完成 295 个标的
2026-05-01 15:20:09,900 [INFO] scanner - [297/527] US.GEN  完成率 56%  预计剩余 51m25s
2026-05-01 15:20:09,900 [INFO] scanner - ──────────────────────────────────────────────────
2026-05-01 15:20:09,900 [INFO] scanner - 处理标的: US.GEN
2026-05-01 15:20:09,968 [INFO] scanner - [STEP1] 获取 US.GEN 候选期权链…
2026-05-01 15:20:10,004 [INFO] option_chain_fetcher - [US.GEN] 4 个到期日 → 4 批次调用
2026-05-01 15:20:11,505 [INFO] option_chain_fetcher - [US.GEN] 候选合约共 0 个
2026-05-01 15:20:11,505 [INFO] scanner - [STEP1] US.GEN: 候选合约 0 个
2026-05-01 15:20:11,505 [INFO] scanner - [STEP2] 获取 0 个合约快照…
2026-05-01 15:20:11,505 [WARNING] scanner - [STEP2] 合约列表为空，跳过
2026-05-01 15:20:11,505 [ERROR] scanner - [US.GEN] 处理异常: 'option_type'
2026-05-01 15:20:11,506 [ERROR] scanner - Traceback (most recent call last):
  File "C:\Users\Administrator\AppData\Local\Programs\Python\Python312\Lib\site-packages\pandas\core\indexes\base.py", line 3641, in get_loc
    return self._engine.get_loc(casted_key)
           ^^^^^^^^^^^^^^^^^^^^^^^^^^^^^^^^
  File "pandas/_libs/index.pyx", line 168, in pandas._libs.index.IndexEngine.get_loc
  File "pandas/_libs/index.pyx", line 197, in pandas._libs.index.IndexEngine.get_loc
  File "pandas/_libs/hashtable_class_helper.pxi", line 7668, in pandas._libs.hashtable.PyObjectHashTable.get_item
  File "pandas/_libs/hashtable_class_helper.pxi", line 7676, in pandas._libs.hashtable.PyObjectHashTable.get_item
KeyError: 'option_type'

The above exception was the direct cause of the following exception:

Traceback (most recent call last):
  File "<input>", line 170, in step_run_single
  File "C:\Users\Administrator\AppData\Local\Programs\Python\Python312\Lib\site-packages\pandas\core\frame.py", line 4378, in __getitem__
    indexer = self.columns.get_loc(key)
              ^^^^^^^^^^^^^^^^^^^^^^^^^
  File "C:\Users\Administrator\AppData\Local\Programs\Python\Python312\Lib\site-packages\pandas\core\indexes\base.py", line 3648, in get_loc
    raise KeyError(key) from err
KeyError: 'option_type'

2026-05-01 15:20:11,506 [INFO] checkpoint - 读取断点缓存：已完成 296 个标的
2026-05-01 15:20:11,507 [INFO] scanner - [298/527] US.GEV  完成率 57%  预计剩余 51m03s
2026-05-01 15:20:11,507 [INFO] scanner - ──────────────────────────────────────────────────
2026-05-01 15:20:11,507 [INFO] scanner - 处理标的: US.GEV
2026-05-01 15:20:11,578 [INFO] scanner - [STEP1] 获取 US.GEV 候选期权链…
2026-05-01 15:20:11,615 [INFO] option_chain_fetcher - [US.GEV] 11 个到期日 → 4 批次调用
2026-05-01 15:20:11,617 [WARNING] rate_limiter - [_call] 第 1/5 次失败: 获取期权链频率太高，请求失败，每30秒最多10次。，5.0s 后重试…
2026-05-01 15:20:16,619 [WARNING] rate_limiter - [_call] 第 2/5 次失败: 获取期权链频率太高，请求失败，每30秒最多10次。，10.0s 后重试…
2026-05-01 15:20:26,621 [WARNING] rate_limiter - [_call] 第 3/5 次失败: 获取期权链频率太高，请求失败，每30秒最多10次。，20.0s 后重试…
2026-05-01 15:20:48,589 [INFO] option_chain_fetcher - [US.GEV] 候选合约共 9 个
2026-05-01 15:20:48,589 [INFO] scanner - [STEP1] US.GEV: 候选合约 9 个
2026-05-01 15:20:48,589 [INFO] scanner - [STEP2] 获取 9 个合约快照…
2026-05-01 15:20:48,659 [INFO] snapshot_fetcher - 快照获取完成：9/9 个合约
2026-05-01 15:20:48,660 [INFO] scanner - [STEP2] 成功获取 9 条快照
2026-05-01 15:20:48,660 [INFO] scanner - [STEP3] 对 US.GEV 执行异常检测…
2026-05-01 15:20:48,662 [INFO] anomaly_detector - 发现异常合约 3 个
2026-05-01 15:20:48,664 [INFO] anomaly_detector - 已追加写入 3 条异常记录 → .\filter_data\anomaly_results2026-05-01.csv
2026-05-01 15:20:48,665 [INFO] checkpoint - 读取断点缓存：已完成 297 个标的
2026-05-01 15:20:48,665 [INFO] scanner - [299/527] US.GIS  完成率 57%  预计剩余 51m08s
2026-05-01 15:20:48,665 [INFO] scanner - ──────────────────────────────────────────────────
2026-05-01 15:20:48,665 [INFO] scanner - 处理标的: US.GIS
2026-05-01 15:20:48,703 [INFO] scanner - [STEP1] 获取 US.GIS 候选期权链…
2026-05-01 15:20:48,738 [INFO] option_chain_fetcher - [US.GIS] 5 个到期日 → 4 批次调用
2026-05-01 15:20:50,437 [INFO] option_chain_fetcher - [US.GIS] 候选合约共 11 个
2026-05-01 15:20:50,437 [INFO] scanner - [STEP1] US.GIS: 候选合约 11 个
2026-05-01 15:20:50,437 [INFO] scanner - [STEP2] 获取 11 个合约快照…
2026-05-01 15:20:50,506 [INFO] snapshot_fetcher - 快照获取完成：11/11 个合约
2026-05-01 15:20:50,506 [INFO] scanner - [STEP2] 成功获取 11 条快照
2026-05-01 15:20:50,507 [INFO] scanner - [STEP3] 对 US.GIS 执行异常检测…
2026-05-01 15:20:50,508 [INFO] anomaly_detector - 本批次无异常合约
2026-05-01 15:20:50,508 [INFO] checkpoint - 读取断点缓存：已完成 298 个标的
2026-05-01 15:20:50,509 [INFO] scanner - [300/527] US.GL  完成率 57%  预计剩余 50m46s
2026-05-01 15:20:50,509 [INFO] scanner - ──────────────────────────────────────────────────
2026-05-01 15:20:50,509 [INFO] scanner - 处理标的: US.GL
2026-05-01 15:20:50,576 [INFO] scanner - [STEP1] 获取 US.GL 候选期权链…
2026-05-01 15:20:50,611 [INFO] option_chain_fetcher - [US.GL] 4 个到期日 → 4 批次调用
2026-05-01 15:20:51,368 [WARNING] rate_limiter - [_call] 第 1/5 次失败: 获取期权链频率太高，请求失败，每30秒最多10次。，5.0s 后重试…
2026-05-01 15:20:56,370 [WARNING] rate_limiter - [_call] 第 2/5 次失败: 获取期权链频率太高，请求失败，每30秒最多10次。，10.0s 后重试…
2026-05-01 15:21:06,371 [WARNING] rate_limiter - [_call] 第 3/5 次失败: 获取期权链频率太高，请求失败，每30秒最多10次。，20.0s 后重试…
2026-05-01 15:21:27,138 [INFO] option_chain_fetcher - [US.GL] 候选合约共 0 个
2026-05-01 15:21:27,138 [INFO] scanner - [STEP1] US.GL: 候选合约 0 个
2026-05-01 15:21:27,138 [INFO] scanner - [STEP2] 获取 0 个合约快照…
2026-05-01 15:21:27,139 [WARNING] scanner - [STEP2] 合约列表为空，跳过
2026-05-01 15:21:27,141 [ERROR] scanner - [US.GL] 处理异常: 'option_type'
2026-05-01 15:21:27,141 [ERROR] scanner - Traceback (most recent call last):
  File "C:\Users\Administrator\AppData\Local\Programs\Python\Python312\Lib\site-packages\pandas\core\indexes\base.py", line 3641, in get_loc
    return self._engine.get_loc(casted_key)
           ^^^^^^^^^^^^^^^^^^^^^^^^^^^^^^^^
  File "pandas/_libs/index.pyx", line 168, in pandas._libs.index.IndexEngine.get_loc
  File "pandas/_libs/index.pyx", line 197, in pandas._libs.index.IndexEngine.get_loc
  File "pandas/_libs/hashtable_class_helper.pxi", line 7668, in pandas._libs.hashtable.PyObjectHashTable.get_item
  File "pandas/_libs/hashtable_class_helper.pxi", line 7676, in pandas._libs.hashtable.PyObjectHashTable.get_item
KeyError: 'option_type'

The above exception was the direct cause of the following exception:

Traceback (most recent call last):
  File "<input>", line 170, in step_run_single
  File "C:\Users\Administrator\AppData\Local\Programs\Python\Python312\Lib\site-packages\pandas\core\frame.py", line 4378, in __getitem__
    indexer = self.columns.get_loc(key)
              ^^^^^^^^^^^^^^^^^^^^^^^^^
  File "C:\Users\Administrator\AppData\Local\Programs\Python\Python312\Lib\site-packages\pandas\core\indexes\base.py", line 3648, in get_loc
    raise KeyError(key) from err
KeyError: 'option_type'

2026-05-01 15:21:27,142 [INFO] checkpoint - 读取断点缓存：已完成 299 个标的
2026-05-01 15:21:27,143 [INFO] scanner - [301/527] US.GLW  完成率 57%  预计剩余 50m50s
2026-05-01 15:21:27,143 [INFO] scanner - ──────────────────────────────────────────────────
2026-05-01 15:21:27,144 [INFO] scanner - 处理标的: US.GLW
2026-05-01 15:21:27,184 [INFO] scanner - [STEP1] 获取 US.GLW 候选期权链…
2026-05-01 15:21:27,220 [INFO] option_chain_fetcher - [US.GLW] 12 个到期日 → 5 批次调用
2026-05-01 15:21:29,666 [INFO] option_chain_fetcher - [US.GLW] 候选合约共 65 个
2026-05-01 15:21:29,666 [INFO] scanner - [STEP1] US.GLW: 候选合约 65 个
2026-05-01 15:21:29,666 [INFO] scanner - [STEP2] 获取 65 个合约快照…
2026-05-01 15:21:29,807 [INFO] snapshot_fetcher - 快照获取完成：65/65 个合约
2026-05-01 15:21:29,808 [INFO] scanner - [STEP2] 成功获取 65 条快照
2026-05-01 15:21:29,808 [INFO] scanner - [STEP3] 对 US.GLW 执行异常检测…
2026-05-01 15:21:29,810 [INFO] anomaly_detector - 发现异常合约 5 个
2026-05-01 15:21:29,812 [INFO] anomaly_detector - 已追加写入 5 条异常记录 → .\filter_data\anomaly_results2026-05-01.csv
2026-05-01 15:21:29,812 [INFO] checkpoint - 读取断点缓存：已完成 300 个标的
2026-05-01 15:21:29,812 [INFO] scanner - [302/527] US.GM  完成率 57%  预计剩余 50m28s
2026-05-01 15:21:29,812 [INFO] scanner - ──────────────────────────────────────────────────
2026-05-01 15:21:29,812 [INFO] scanner - 处理标的: US.GM
2026-05-01 15:21:29,877 [INFO] scanner - [STEP1] 获取 US.GM 候选期权链…
2026-05-01 15:21:29,913 [INFO] option_chain_fetcher - [US.GM] 9 个到期日 → 3 批次调用
2026-05-01 15:21:31,358 [INFO] option_chain_fetcher - [US.GM] 候选合约共 18 个
2026-05-01 15:21:31,358 [INFO] scanner - [STEP1] US.GM: 候选合约 18 个
2026-05-01 15:21:31,358 [INFO] scanner - [STEP2] 获取 18 个合约快照…
2026-05-01 15:21:31,430 [INFO] snapshot_fetcher - 快照获取完成：18/18 个合约
2026-05-01 15:21:31,430 [INFO] scanner - [STEP2] 成功获取 18 条快照
2026-05-01 15:21:31,431 [INFO] scanner - [STEP3] 对 US.GM 执行异常检测…
2026-05-01 15:21:31,432 [INFO] anomaly_detector - 本批次无异常合约
2026-05-01 15:21:31,433 [INFO] checkpoint - 读取断点缓存：已完成 301 个标的
2026-05-01 15:21:31,433 [INFO] scanner - [303/527] US.GNRC  完成率 57%  预计剩余 50m06s
2026-05-01 15:21:31,433 [INFO] scanner - ──────────────────────────────────────────────────
2026-05-01 15:21:31,433 [INFO] scanner - 处理标的: US.GNRC
2026-05-01 15:21:31,474 [INFO] scanner - [STEP1] 获取 US.GNRC 候选期权链…
2026-05-01 15:21:31,509 [INFO] option_chain_fetcher - [US.GNRC] 11 个到期日 → 4 批次调用
2026-05-01 15:21:31,510 [WARNING] rate_limiter - [_call] 第 1/5 次失败: 获取期权链频率太高，请求失败，每30秒最多10次。，5.0s 后重试…
2026-05-01 15:21:36,512 [WARNING] rate_limiter - [_call] 第 2/5 次失败: 获取期权链频率太高，请求失败，每30秒最多10次。，10.0s 后重试…
2026-05-01 15:21:46,515 [WARNING] rate_limiter - [_call] 第 3/5 次失败: 获取期权链频率太高，请求失败，每30秒最多10次。，20.0s 后重试…
2026-05-01 15:22:08,340 [INFO] option_chain_fetcher - [US.GNRC] 候选合约共 0 个
2026-05-01 15:22:08,340 [INFO] scanner - [STEP1] US.GNRC: 候选合约 0 个
2026-05-01 15:22:08,340 [INFO] scanner - [STEP2] 获取 0 个合约快照…
2026-05-01 15:22:08,340 [WARNING] scanner - [STEP2] 合约列表为空，跳过
2026-05-01 15:22:08,341 [ERROR] scanner - [US.GNRC] 处理异常: 'option_type'
2026-05-01 15:22:08,343 [ERROR] scanner - Traceback (most recent call last):
  File "C:\Users\Administrator\AppData\Local\Programs\Python\Python312\Lib\site-packages\pandas\core\indexes\base.py", line 3641, in get_loc
    return self._engine.get_loc(casted_key)
           ^^^^^^^^^^^^^^^^^^^^^^^^^^^^^^^^
  File "pandas/_libs/index.pyx", line 168, in pandas._libs.index.IndexEngine.get_loc
  File "pandas/_libs/index.pyx", line 197, in pandas._libs.index.IndexEngine.get_loc
  File "pandas/_libs/hashtable_class_helper.pxi", line 7668, in pandas._libs.hashtable.PyObjectHashTable.get_item
  File "pandas/_libs/hashtable_class_helper.pxi", line 7676, in pandas._libs.hashtable.PyObjectHashTable.get_item
KeyError: 'option_type'

The above exception was the direct cause of the following exception:

Traceback (most recent call last):
  File "<input>", line 170, in step_run_single
  File "C:\Users\Administrator\AppData\Local\Programs\Python\Python312\Lib\site-packages\pandas\core\frame.py", line 4378, in __getitem__
    indexer = self.columns.get_loc(key)
              ^^^^^^^^^^^^^^^^^^^^^^^^^
  File "C:\Users\Administrator\AppData\Local\Programs\Python\Python312\Lib\site-packages\pandas\core\indexes\base.py", line 3648, in get_loc
    raise KeyError(key) from err
KeyError: 'option_type'

2026-05-01 15:22:08,343 [INFO] checkpoint - 读取断点缓存：已完成 302 个标的
2026-05-01 15:22:08,344 [INFO] scanner - [304/527] US.GPC  完成率 58%  预计剩余 50m10s
2026-05-01 15:22:08,345 [INFO] scanner - ──────────────────────────────────────────────────
2026-05-01 15:22:08,345 [INFO] scanner - 处理标的: US.GPC
2026-05-01 15:22:08,413 [INFO] scanner - [STEP1] 获取 US.GPC 候选期权链…
2026-05-01 15:22:08,449 [INFO] option_chain_fetcher - [US.GPC] 4 个到期日 → 4 批次调用
2026-05-01 15:22:09,977 [INFO] option_chain_fetcher - [US.GPC] 候选合约共 0 个
2026-05-01 15:22:09,977 [INFO] scanner - [STEP1] US.GPC: 候选合约 0 个
2026-05-01 15:22:09,977 [INFO] scanner - [STEP2] 获取 0 个合约快照…
2026-05-01 15:22:09,977 [WARNING] scanner - [STEP2] 合约列表为空，跳过
2026-05-01 15:22:09,978 [ERROR] scanner - [US.GPC] 处理异常: 'option_type'
2026-05-01 15:22:09,979 [ERROR] scanner - Traceback (most recent call last):
  File "C:\Users\Administrator\AppData\Local\Programs\Python\Python312\Lib\site-packages\pandas\core\indexes\base.py", line 3641, in get_loc
    return self._engine.get_loc(casted_key)
           ^^^^^^^^^^^^^^^^^^^^^^^^^^^^^^^^
  File "pandas/_libs/index.pyx", line 168, in pandas._libs.index.IndexEngine.get_loc
  File "pandas/_libs/index.pyx", line 197, in pandas._libs.index.IndexEngine.get_loc
  File "pandas/_libs/hashtable_class_helper.pxi", line 7668, in pandas._libs.hashtable.PyObjectHashTable.get_item
  File "pandas/_libs/hashtable_class_helper.pxi", line 7676, in pandas._libs.hashtable.PyObjectHashTable.get_item
KeyError: 'option_type'

The above exception was the direct cause of the following exception:

Traceback (most recent call last):
  File "<input>", line 170, in step_run_single
  File "C:\Users\Administrator\AppData\Local\Programs\Python\Python312\Lib\site-packages\pandas\core\frame.py", line 4378, in __getitem__
    indexer = self.columns.get_loc(key)
              ^^^^^^^^^^^^^^^^^^^^^^^^^
  File "C:\Users\Administrator\AppData\Local\Programs\Python\Python312\Lib\site-packages\pandas\core\indexes\base.py", line 3648, in get_loc
    raise KeyError(key) from err
KeyError: 'option_type'

2026-05-01 15:22:09,979 [INFO] checkpoint - 读取断点缓存：已完成 303 个标的
2026-05-01 15:22:09,980 [INFO] scanner - [305/527] US.GPN  完成率 58%  预计剩余 49m48s
2026-05-01 15:22:09,980 [INFO] scanner - ──────────────────────────────────────────────────
2026-05-01 15:22:09,980 [INFO] scanner - 处理标的: US.GPN
2026-05-01 15:22:10,048 [INFO] scanner - [STEP1] 获取 US.GPN 候选期权链…
2026-05-01 15:22:10,085 [INFO] option_chain_fetcher - [US.GPN] 6 个到期日 → 5 批次调用
2026-05-01 15:22:10,902 [WARNING] rate_limiter - [_call] 第 1/5 次失败: 获取期权链频率太高，请求失败，每30秒最多10次。，5.0s 后重试…
2026-05-01 15:22:15,905 [WARNING] rate_limiter - [_call] 第 2/5 次失败: 获取期权链频率太高，请求失败，每30秒最多10次。，10.0s 后重试…
2026-05-01 15:22:25,910 [WARNING] rate_limiter - [_call] 第 3/5 次失败: 获取期权链频率太高，请求失败，每30秒最多10次。，20.0s 后重试…
2026-05-01 15:22:47,089 [INFO] option_chain_fetcher - [US.GPN] 候选合约共 3 个
2026-05-01 15:22:47,089 [INFO] scanner - [STEP1] US.GPN: 候选合约 3 个
2026-05-01 15:22:47,089 [INFO] scanner - [STEP2] 获取 3 个合约快照…
2026-05-01 15:22:47,154 [INFO] snapshot_fetcher - 快照获取完成：3/3 个合约
2026-05-01 15:22:47,155 [INFO] scanner - [STEP2] 成功获取 3 条快照
2026-05-01 15:22:47,157 [INFO] scanner - [STEP3] 对 US.GPN 执行异常检测…
2026-05-01 15:22:47,158 [INFO] anomaly_detector - 本批次无异常合约
2026-05-01 15:22:47,159 [INFO] checkpoint - 读取断点缓存：已完成 304 个标的
2026-05-01 15:22:47,159 [INFO] scanner - [306/527] US.GRMN  完成率 58%  预计剩余 49m52s
2026-05-01 15:22:47,159 [INFO] scanner - ──────────────────────────────────────────────────
2026-05-01 15:22:47,159 [INFO] scanner - 处理标的: US.GRMN
2026-05-01 15:22:47,199 [INFO] scanner - [STEP1] 获取 US.GRMN 候选期权链…
2026-05-01 15:22:47,234 [INFO] option_chain_fetcher - [US.GRMN] 4 个到期日 → 4 批次调用
2026-05-01 15:22:48,760 [INFO] option_chain_fetcher - [US.GRMN] 候选合约共 0 个
2026-05-01 15:22:48,760 [INFO] scanner - [STEP1] US.GRMN: 候选合约 0 个
2026-05-01 15:22:48,760 [INFO] scanner - [STEP2] 获取 0 个合约快照…
2026-05-01 15:22:48,760 [WARNING] scanner - [STEP2] 合约列表为空，跳过
2026-05-01 15:22:48,761 [ERROR] scanner - [US.GRMN] 处理异常: 'option_type'
2026-05-01 15:22:48,763 [ERROR] scanner - Traceback (most recent call last):
  File "C:\Users\Administrator\AppData\Local\Programs\Python\Python312\Lib\site-packages\pandas\core\indexes\base.py", line 3641, in get_loc
    return self._engine.get_loc(casted_key)
           ^^^^^^^^^^^^^^^^^^^^^^^^^^^^^^^^
  File "pandas/_libs/index.pyx", line 168, in pandas._libs.index.IndexEngine.get_loc
  File "pandas/_libs/index.pyx", line 197, in pandas._libs.index.IndexEngine.get_loc
  File "pandas/_libs/hashtable_class_helper.pxi", line 7668, in pandas._libs.hashtable.PyObjectHashTable.get_item
  File "pandas/_libs/hashtable_class_helper.pxi", line 7676, in pandas._libs.hashtable.PyObjectHashTable.get_item
KeyError: 'option_type'

The above exception was the direct cause of the following exception:

Traceback (most recent call last):
  File "<input>", line 170, in step_run_single
  File "C:\Users\Administrator\AppData\Local\Programs\Python\Python312\Lib\site-packages\pandas\core\frame.py", line 4378, in __getitem__
    indexer = self.columns.get_loc(key)
              ^^^^^^^^^^^^^^^^^^^^^^^^^
  File "C:\Users\Administrator\AppData\Local\Programs\Python\Python312\Lib\site-packages\pandas\core\indexes\base.py", line 3648, in get_loc
    raise KeyError(key) from err
KeyError: 'option_type'

2026-05-01 15:22:48,763 [INFO] checkpoint - 读取断点缓存：已完成 305 个标的
2026-05-01 15:22:48,763 [INFO] scanner - [307/527] US.GWW  完成率 58%  预计剩余 49m30s
2026-05-01 15:22:48,763 [INFO] scanner - ──────────────────────────────────────────────────
2026-05-01 15:22:48,764 [INFO] scanner - 处理标的: US.GWW
2026-05-01 15:22:48,842 [INFO] scanner - [STEP1] 获取 US.GWW 候选期权链…
2026-05-01 15:22:48,879 [INFO] option_chain_fetcher - [US.GWW] 4 个到期日 → 4 批次调用
2026-05-01 15:22:50,028 [WARNING] rate_limiter - [_call] 第 1/5 次失败: 获取期权链频率太高，请求失败，每30秒最多10次。，5.0s 后重试…
2026-05-01 15:22:55,030 [WARNING] rate_limiter - [_call] 第 2/5 次失败: 获取期权链频率太高，请求失败，每30秒最多10次。，10.0s 后重试…
2026-05-01 15:23:05,033 [WARNING] rate_limiter - [_call] 第 3/5 次失败: 获取期权链频率太高，请求失败，每30秒最多10次。，20.0s 后重试…
2026-05-01 15:23:25,418 [INFO] option_chain_fetcher - [US.GWW] 候选合约共 0 个
2026-05-01 15:23:25,418 [INFO] scanner - [STEP1] US.GWW: 候选合约 0 个
2026-05-01 15:23:25,418 [INFO] scanner - [STEP2] 获取 0 个合约快照…
2026-05-01 15:23:25,418 [WARNING] scanner - [STEP2] 合约列表为空，跳过
2026-05-01 15:23:25,419 [ERROR] scanner - [US.GWW] 处理异常: 'option_type'
2026-05-01 15:23:25,420 [ERROR] scanner - Traceback (most recent call last):
  File "C:\Users\Administrator\AppData\Local\Programs\Python\Python312\Lib\site-packages\pandas\core\indexes\base.py", line 3641, in get_loc
    return self._engine.get_loc(casted_key)
           ^^^^^^^^^^^^^^^^^^^^^^^^^^^^^^^^
  File "pandas/_libs/index.pyx", line 168, in pandas._libs.index.IndexEngine.get_loc
  File "pandas/_libs/index.pyx", line 197, in pandas._libs.index.IndexEngine.get_loc
  File "pandas/_libs/hashtable_class_helper.pxi", line 7668, in pandas._libs.hashtable.PyObjectHashTable.get_item
  File "pandas/_libs/hashtable_class_helper.pxi", line 7676, in pandas._libs.hashtable.PyObjectHashTable.get_item
KeyError: 'option_type'

The above exception was the direct cause of the following exception:

Traceback (most recent call last):
  File "<input>", line 170, in step_run_single
  File "C:\Users\Administrator\AppData\Local\Programs\Python\Python312\Lib\site-packages\pandas\core\frame.py", line 4378, in __getitem__
    indexer = self.columns.get_loc(key)
              ^^^^^^^^^^^^^^^^^^^^^^^^^
  File "C:\Users\Administrator\AppData\Local\Programs\Python\Python312\Lib\site-packages\pandas\core\indexes\base.py", line 3648, in get_loc
    raise KeyError(key) from err
KeyError: 'option_type'

2026-05-01 15:23:25,421 [INFO] checkpoint - 读取断点缓存：已完成 306 个标的
2026-05-01 15:23:25,422 [INFO] scanner - [308/527] US.HAL  完成率 58%  预计剩余 49m33s
2026-05-01 15:23:25,422 [INFO] scanner - ──────────────────────────────────────────────────
2026-05-01 15:23:25,422 [INFO] scanner - 处理标的: US.HAL
2026-05-01 15:23:25,467 [INFO] scanner - [STEP1] 获取 US.HAL 候选期权链…
2026-05-01 15:23:25,505 [INFO] option_chain_fetcher - [US.HAL] 11 个到期日 → 4 批次调用
2026-05-01 15:23:27,390 [INFO] option_chain_fetcher - [US.HAL] 候选合约共 16 个
2026-05-01 15:23:27,390 [INFO] scanner - [STEP1] US.HAL: 候选合约 16 个
2026-05-01 15:23:27,390 [INFO] scanner - [STEP2] 获取 16 个合约快照…
2026-05-01 15:23:27,460 [INFO] snapshot_fetcher - 快照获取完成：16/16 个合约
2026-05-01 15:23:27,460 [INFO] scanner - [STEP2] 成功获取 16 条快照
2026-05-01 15:23:27,462 [INFO] scanner - [STEP3] 对 US.HAL 执行异常检测…
2026-05-01 15:23:27,463 [INFO] anomaly_detector - 本批次无异常合约
2026-05-01 15:23:27,463 [INFO] checkpoint - 读取断点缓存：已完成 307 个标的
2026-05-01 15:23:27,464 [INFO] scanner - [309/527] US.HAS  完成率 59%  预计剩余 49m11s
2026-05-01 15:23:27,464 [INFO] scanner - ──────────────────────────────────────────────────
2026-05-01 15:23:27,464 [INFO] scanner - 处理标的: US.HAS
2026-05-01 15:23:27,503 [INFO] scanner - [STEP1] 获取 US.HAS 候选期权链…
2026-05-01 15:23:27,539 [INFO] option_chain_fetcher - [US.HAS] 5 个到期日 → 4 批次调用
2026-05-01 15:23:29,092 [INFO] option_chain_fetcher - [US.HAS] 候选合约共 0 个
2026-05-01 15:23:29,092 [INFO] scanner - [STEP1] US.HAS: 候选合约 0 个
2026-05-01 15:23:29,092 [INFO] scanner - [STEP2] 获取 0 个合约快照…
2026-05-01 15:23:29,092 [WARNING] scanner - [STEP2] 合约列表为空，跳过
2026-05-01 15:23:29,093 [ERROR] scanner - [US.HAS] 处理异常: 'option_type'
2026-05-01 15:23:29,094 [ERROR] scanner - Traceback (most recent call last):
  File "C:\Users\Administrator\AppData\Local\Programs\Python\Python312\Lib\site-packages\pandas\core\indexes\base.py", line 3641, in get_loc
    return self._engine.get_loc(casted_key)
           ^^^^^^^^^^^^^^^^^^^^^^^^^^^^^^^^
  File "pandas/_libs/index.pyx", line 168, in pandas._libs.index.IndexEngine.get_loc
  File "pandas/_libs/index.pyx", line 197, in pandas._libs.index.IndexEngine.get_loc
  File "pandas/_libs/hashtable_class_helper.pxi", line 7668, in pandas._libs.hashtable.PyObjectHashTable.get_item
  File "pandas/_libs/hashtable_class_helper.pxi", line 7676, in pandas._libs.hashtable.PyObjectHashTable.get_item
KeyError: 'option_type'

The above exception was the direct cause of the following exception:

Traceback (most recent call last):
  File "<input>", line 170, in step_run_single
  File "C:\Users\Administrator\AppData\Local\Programs\Python\Python312\Lib\site-packages\pandas\core\frame.py", line 4378, in __getitem__
    indexer = self.columns.get_loc(key)
              ^^^^^^^^^^^^^^^^^^^^^^^^^
  File "C:\Users\Administrator\AppData\Local\Programs\Python\Python312\Lib\site-packages\pandas\core\indexes\base.py", line 3648, in get_loc
    raise KeyError(key) from err
KeyError: 'option_type'

2026-05-01 15:23:29,094 [INFO] checkpoint - 读取断点缓存：已完成 308 个标的
2026-05-01 15:23:29,095 [INFO] scanner - [310/527] US.HBAN  完成率 59%  预计剩余 48m50s
2026-05-01 15:23:29,095 [INFO] scanner - ──────────────────────────────────────────────────
2026-05-01 15:23:29,095 [INFO] scanner - 处理标的: US.HBAN
2026-05-01 15:23:29,134 [INFO] scanner - [STEP1] 获取 US.HBAN 候选期权链…
2026-05-01 15:23:29,169 [INFO] option_chain_fetcher - [US.HBAN] 5 个到期日 → 4 批次调用
2026-05-01 15:23:29,610 [WARNING] rate_limiter - [_call] 第 1/5 次失败: 获取期权链频率太高，请求失败，每30秒最多10次。，5.0s 后重试…
2026-05-01 15:23:34,612 [WARNING] rate_limiter - [_call] 第 2/5 次失败: 获取期权链频率太高，请求失败，每30秒最多10次。，10.0s 后重试…
2026-05-01 15:23:44,614 [WARNING] rate_limiter - [_call] 第 3/5 次失败: 获取期权链频率太高，请求失败，每30秒最多10次。，20.0s 后重试…
2026-05-01 15:24:05,839 [INFO] option_chain_fetcher - [US.HBAN] 候选合约共 3 个
2026-05-01 15:24:05,839 [INFO] scanner - [STEP1] US.HBAN: 候选合约 3 个
2026-05-01 15:24:05,839 [INFO] scanner - [STEP2] 获取 3 个合约快照…
2026-05-01 15:24:05,910 [INFO] snapshot_fetcher - 快照获取完成：3/3 个合约
2026-05-01 15:24:05,911 [INFO] scanner - [STEP2] 成功获取 3 条快照
2026-05-01 15:24:05,913 [INFO] scanner - [STEP3] 对 US.HBAN 执行异常检测…
2026-05-01 15:24:05,915 [INFO] anomaly_detector - 本批次无异常合约
2026-05-01 15:24:05,915 [INFO] checkpoint - 读取断点缓存：已完成 309 个标的
2026-05-01 15:24:05,916 [INFO] scanner - [311/527] US.HCA  完成率 59%  预计剩余 48m52s
2026-05-01 15:24:05,917 [INFO] scanner - ──────────────────────────────────────────────────
2026-05-01 15:24:05,917 [INFO] scanner - 处理标的: US.HCA
2026-05-01 15:24:05,961 [INFO] scanner - [STEP1] 获取 US.HCA 候选期权链…
2026-05-01 15:24:05,998 [INFO] option_chain_fetcher - [US.HCA] 4 个到期日 → 4 批次调用
2026-05-01 15:24:07,911 [INFO] option_chain_fetcher - [US.HCA] 候选合约共 2 个
2026-05-01 15:24:07,911 [INFO] scanner - [STEP1] US.HCA: 候选合约 2 个
2026-05-01 15:24:07,911 [INFO] scanner - [STEP2] 获取 2 个合约快照…
2026-05-01 15:24:07,979 [INFO] snapshot_fetcher - 快照获取完成：2/2 个合约
2026-05-01 15:24:07,979 [INFO] scanner - [STEP2] 成功获取 2 条快照
2026-05-01 15:24:07,980 [INFO] scanner - [STEP3] 对 US.HCA 执行异常检测…
2026-05-01 15:24:07,981 [INFO] anomaly_detector - 发现异常合约 2 个
2026-05-01 15:24:07,983 [INFO] anomaly_detector - 已追加写入 2 条异常记录 → .\filter_data\anomaly_results2026-05-01.csv
2026-05-01 15:24:07,984 [INFO] checkpoint - 读取断点缓存：已完成 310 个标的
2026-05-01 15:24:07,985 [INFO] scanner - [312/527] US.HIG  完成率 59%  预计剩余 48m31s
2026-05-01 15:24:07,985 [INFO] scanner - ──────────────────────────────────────────────────
2026-05-01 15:24:07,985 [INFO] scanner - 处理标的: US.HIG
2026-05-01 15:24:08,022 [INFO] scanner - [STEP1] 获取 US.HIG 候选期权链…
2026-05-01 15:24:08,056 [INFO] option_chain_fetcher - [US.HIG] 3 个到期日 → 3 批次调用
2026-05-01 15:24:09,187 [INFO] option_chain_fetcher - [US.HIG] 候选合约共 0 个
2026-05-01 15:24:09,187 [INFO] scanner - [STEP1] US.HIG: 候选合约 0 个
2026-05-01 15:24:09,187 [INFO] scanner - [STEP2] 获取 0 个合约快照…
2026-05-01 15:24:09,187 [WARNING] scanner - [STEP2] 合约列表为空，跳过
2026-05-01 15:24:09,187 [ERROR] scanner - [US.HIG] 处理异常: 'option_type'
2026-05-01 15:24:09,188 [ERROR] scanner - Traceback (most recent call last):
  File "C:\Users\Administrator\AppData\Local\Programs\Python\Python312\Lib\site-packages\pandas\core\indexes\base.py", line 3641, in get_loc
    return self._engine.get_loc(casted_key)
           ^^^^^^^^^^^^^^^^^^^^^^^^^^^^^^^^
  File "pandas/_libs/index.pyx", line 168, in pandas._libs.index.IndexEngine.get_loc
  File "pandas/_libs/index.pyx", line 197, in pandas._libs.index.IndexEngine.get_loc
  File "pandas/_libs/hashtable_class_helper.pxi", line 7668, in pandas._libs.hashtable.PyObjectHashTable.get_item
  File "pandas/_libs/hashtable_class_helper.pxi", line 7676, in pandas._libs.hashtable.PyObjectHashTable.get_item
KeyError: 'option_type'

The above exception was the direct cause of the following exception:

Traceback (most recent call last):
  File "<input>", line 170, in step_run_single
  File "C:\Users\Administrator\AppData\Local\Programs\Python\Python312\Lib\site-packages\pandas\core\frame.py", line 4378, in __getitem__
    indexer = self.columns.get_loc(key)
              ^^^^^^^^^^^^^^^^^^^^^^^^^
  File "C:\Users\Administrator\AppData\Local\Programs\Python\Python312\Lib\site-packages\pandas\core\indexes\base.py", line 3648, in get_loc
    raise KeyError(key) from err
KeyError: 'option_type'

2026-05-01 15:24:09,189 [INFO] checkpoint - 读取断点缓存：已完成 311 个标的
2026-05-01 15:24:09,189 [INFO] scanner - [313/527] US.HII  完成率 59%  预计剩余 48m09s
2026-05-01 15:24:09,189 [INFO] scanner - ──────────────────────────────────────────────────
2026-05-01 15:24:09,189 [INFO] scanner - 处理标的: US.HII
2026-05-01 15:24:09,230 [INFO] scanner - [STEP1] 获取 US.HII 候选期权链…
2026-05-01 15:24:09,266 [INFO] option_chain_fetcher - [US.HII] 5 个到期日 → 4 批次调用
2026-05-01 15:24:09,269 [WARNING] rate_limiter - [_call] 第 1/5 次失败: 获取期权链频率太高，请求失败，每30秒最多10次。，5.0s 后重试…
2026-05-01 15:24:14,271 [WARNING] rate_limiter - [_call] 第 2/5 次失败: 获取期权链频率太高，请求失败，每30秒最多10次。，10.0s 后重试…
2026-05-01 15:24:24,274 [WARNING] rate_limiter - [_call] 第 3/5 次失败: 获取期权链频率太高，请求失败，每30秒最多10次。，20.0s 后重试…
2026-05-01 15:24:45,833 [INFO] option_chain_fetcher - [US.HII] 候选合约共 0 个
2026-05-01 15:24:45,833 [INFO] scanner - [STEP1] US.HII: 候选合约 0 个
2026-05-01 15:24:45,833 [INFO] scanner - [STEP2] 获取 0 个合约快照…
2026-05-01 15:24:45,833 [WARNING] scanner - [STEP2] 合约列表为空，跳过
2026-05-01 15:24:45,834 [ERROR] scanner - [US.HII] 处理异常: 'option_type'
2026-05-01 15:24:45,834 [ERROR] scanner - Traceback (most recent call last):
  File "C:\Users\Administrator\AppData\Local\Programs\Python\Python312\Lib\site-packages\pandas\core\indexes\base.py", line 3641, in get_loc
    return self._engine.get_loc(casted_key)
           ^^^^^^^^^^^^^^^^^^^^^^^^^^^^^^^^
  File "pandas/_libs/index.pyx", line 168, in pandas._libs.index.IndexEngine.get_loc
  File "pandas/_libs/index.pyx", line 197, in pandas._libs.index.IndexEngine.get_loc
  File "pandas/_libs/hashtable_class_helper.pxi", line 7668, in pandas._libs.hashtable.PyObjectHashTable.get_item
  File "pandas/_libs/hashtable_class_helper.pxi", line 7676, in pandas._libs.hashtable.PyObjectHashTable.get_item
KeyError: 'option_type'

The above exception was the direct cause of the following exception:

Traceback (most recent call last):
  File "<input>", line 170, in step_run_single
  File "C:\Users\Administrator\AppData\Local\Programs\Python\Python312\Lib\site-packages\pandas\core\frame.py", line 4378, in __getitem__
    indexer = self.columns.get_loc(key)
              ^^^^^^^^^^^^^^^^^^^^^^^^^
  File "C:\Users\Administrator\AppData\Local\Programs\Python\Python312\Lib\site-packages\pandas\core\indexes\base.py", line 3648, in get_loc
    raise KeyError(key) from err
KeyError: 'option_type'

2026-05-01 15:24:45,835 [INFO] checkpoint - 读取断点缓存：已完成 312 个标的
2026-05-01 15:24:45,835 [INFO] scanner - [314/527] US.HLT  完成率 60%  预计剩余 48m11s
2026-05-01 15:24:45,835 [INFO] scanner - ──────────────────────────────────────────────────
2026-05-01 15:24:45,836 [INFO] scanner - 处理标的: US.HLT
2026-05-01 15:24:45,876 [INFO] scanner - [STEP1] 获取 US.HLT 候选期权链…
2026-05-01 15:24:45,912 [INFO] option_chain_fetcher - [US.HLT] 11 个到期日 → 4 批次调用
2026-05-01 15:24:47,737 [INFO] option_chain_fetcher - [US.HLT] 候选合约共 0 个
2026-05-01 15:24:47,737 [INFO] scanner - [STEP1] US.HLT: 候选合约 0 个
2026-05-01 15:24:47,737 [INFO] scanner - [STEP2] 获取 0 个合约快照…
2026-05-01 15:24:47,737 [WARNING] scanner - [STEP2] 合约列表为空，跳过
2026-05-01 15:24:47,737 [ERROR] scanner - [US.HLT] 处理异常: 'option_type'
2026-05-01 15:24:47,738 [ERROR] scanner - Traceback (most recent call last):
  File "C:\Users\Administrator\AppData\Local\Programs\Python\Python312\Lib\site-packages\pandas\core\indexes\base.py", line 3641, in get_loc
    return self._engine.get_loc(casted_key)
           ^^^^^^^^^^^^^^^^^^^^^^^^^^^^^^^^
  File "pandas/_libs/index.pyx", line 168, in pandas._libs.index.IndexEngine.get_loc
  File "pandas/_libs/index.pyx", line 197, in pandas._libs.index.IndexEngine.get_loc
  File "pandas/_libs/hashtable_class_helper.pxi", line 7668, in pandas._libs.hashtable.PyObjectHashTable.get_item
  File "pandas/_libs/hashtable_class_helper.pxi", line 7676, in pandas._libs.hashtable.PyObjectHashTable.get_item
KeyError: 'option_type'

The above exception was the direct cause of the following exception:

Traceback (most recent call last):
  File "<input>", line 170, in step_run_single
  File "C:\Users\Administrator\AppData\Local\Programs\Python\Python312\Lib\site-packages\pandas\core\frame.py", line 4378, in __getitem__
    indexer = self.columns.get_loc(key)
              ^^^^^^^^^^^^^^^^^^^^^^^^^
  File "C:\Users\Administrator\AppData\Local\Programs\Python\Python312\Lib\site-packages\pandas\core\indexes\base.py", line 3648, in get_loc
    raise KeyError(key) from err
KeyError: 'option_type'

2026-05-01 15:24:47,739 [INFO] checkpoint - 读取断点缓存：已完成 313 个标的
2026-05-01 15:24:47,739 [INFO] scanner - [315/527] US.HOOD  完成率 60%  预计剩余 47m50s
2026-05-01 15:24:47,739 [INFO] scanner - ──────────────────────────────────────────────────
2026-05-01 15:24:47,739 [INFO] scanner - 处理标的: US.HOOD
2026-05-01 15:24:47,776 [INFO] scanner - [STEP1] 获取 US.HOOD 候选期权链…
2026-05-01 15:24:47,813 [INFO] option_chain_fetcher - [US.HOOD] 13 个到期日 → 6 批次调用
2026-05-01 15:24:48,973 [WARNING] rate_limiter - [_call] 第 1/5 次失败: 获取期权链频率太高，请求失败，每30秒最多10次。，5.0s 后重试…
2026-05-01 15:24:53,975 [WARNING] rate_limiter - [_call] 第 2/5 次失败: 获取期权链频率太高，请求失败，每30秒最多10次。，10.0s 后重试…
2026-05-01 15:25:03,977 [WARNING] rate_limiter - [_call] 第 3/5 次失败: 获取期权链频率太高，请求失败，每30秒最多10次。，20.0s 后重试…
2026-05-01 15:25:25,737 [INFO] option_chain_fetcher - [US.HOOD] 候选合约共 182 个
2026-05-01 15:25:25,737 [INFO] scanner - [STEP1] US.HOOD: 候选合约 182 个
2026-05-01 15:25:25,737 [INFO] scanner - [STEP2] 获取 182 个合约快照…
2026-05-01 15:25:26,079 [INFO] snapshot_fetcher - 快照获取完成：182/182 个合约
2026-05-01 15:25:26,080 [INFO] scanner - [STEP2] 成功获取 182 条快照
2026-05-01 15:25:26,081 [INFO] scanner - [STEP3] 对 US.HOOD 执行异常检测…
2026-05-01 15:25:26,083 [INFO] anomaly_detector - 发现异常合约 38 个
2026-05-01 15:25:26,087 [INFO] anomaly_detector - 已追加写入 38 条异常记录 → .\filter_data\anomaly_results2026-05-01.csv
2026-05-01 15:25:26,087 [INFO] checkpoint - 读取断点缓存：已完成 314 个标的
2026-05-01 15:25:26,088 [INFO] scanner - [316/527] US.HPE  完成率 60%  预计剩余 47m53s
2026-05-01 15:25:26,088 [INFO] scanner - ──────────────────────────────────────────────────
2026-05-01 15:25:26,088 [INFO] scanner - 处理标的: US.HPE
2026-05-01 15:25:26,126 [INFO] scanner - [STEP1] 获取 US.HPE 候选期权链…
2026-05-01 15:25:26,163 [INFO] option_chain_fetcher - [US.HPE] 11 个到期日 → 4 批次调用
2026-05-01 15:25:28,084 [INFO] option_chain_fetcher - [US.HPE] 候选合约共 10 个
2026-05-01 15:25:28,084 [INFO] scanner - [STEP1] US.HPE: 候选合约 10 个
2026-05-01 15:25:28,084 [INFO] scanner - [STEP2] 获取 10 个合约快照…
2026-05-01 15:25:28,153 [INFO] snapshot_fetcher - 快照获取完成：10/10 个合约
2026-05-01 15:25:28,154 [INFO] scanner - [STEP2] 成功获取 10 条快照
2026-05-01 15:25:28,155 [INFO] scanner - [STEP3] 对 US.HPE 执行异常检测…
2026-05-01 15:25:28,156 [INFO] anomaly_detector - 本批次无异常合约
2026-05-01 15:25:28,157 [INFO] checkpoint - 读取断点缓存：已完成 315 个标的
2026-05-01 15:25:28,157 [INFO] scanner - [317/527] US.HPQ  完成率 60%  预计剩余 47m32s
2026-05-01 15:25:28,157 [INFO] scanner - ──────────────────────────────────────────────────
2026-05-01 15:25:28,157 [INFO] scanner - 处理标的: US.HPQ
2026-05-01 15:25:28,196 [INFO] scanner - [STEP1] 获取 US.HPQ 候选期权链…
2026-05-01 15:25:28,232 [INFO] option_chain_fetcher - [US.HPQ] 12 个到期日 → 5 批次调用
2026-05-01 15:25:29,295 [WARNING] rate_limiter - [_call] 第 1/5 次失败: 获取期权链频率太高，请求失败，每30秒最多10次。，5.0s 后重试…
2026-05-01 15:25:34,297 [WARNING] rate_limiter - [_call] 第 2/5 次失败: 获取期权链频率太高，请求失败，每30秒最多10次。，10.0s 后重试…
2026-05-01 15:25:44,300 [WARNING] rate_limiter - [_call] 第 3/5 次失败: 获取期权链频率太高，请求失败，每30秒最多10次。，20.0s 后重试…
2026-05-01 15:26:05,497 [INFO] option_chain_fetcher - [US.HPQ] 候选合约共 19 个
2026-05-01 15:26:05,497 [INFO] scanner - [STEP1] US.HPQ: 候选合约 19 个
2026-05-01 15:26:05,497 [INFO] scanner - [STEP2] 获取 19 个合约快照…
2026-05-01 15:26:05,575 [INFO] snapshot_fetcher - 快照获取完成：19/19 个合约
2026-05-01 15:26:05,576 [INFO] scanner - [STEP2] 成功获取 19 条快照
2026-05-01 15:26:05,578 [INFO] scanner - [STEP3] 对 US.HPQ 执行异常检测…
2026-05-01 15:26:05,580 [INFO] anomaly_detector - 本批次无异常合约
2026-05-01 15:26:05,581 [INFO] checkpoint - 读取断点缓存：已完成 316 个标的
2026-05-01 15:26:05,582 [INFO] scanner - [318/527] US.HRL  完成率 60%  预计剩余 47m34s
2026-05-01 15:26:05,582 [INFO] scanner - ──────────────────────────────────────────────────
2026-05-01 15:26:05,582 [INFO] scanner - 处理标的: US.HRL
2026-05-01 15:26:05,624 [INFO] scanner - [STEP1] 获取 US.HRL 候选期权链…
2026-05-01 15:26:05,661 [INFO] option_chain_fetcher - [US.HRL] 9 个到期日 → 3 批次调用
2026-05-01 15:26:07,044 [INFO] option_chain_fetcher - [US.HRL] 候选合约共 0 个
2026-05-01 15:26:07,044 [INFO] scanner - [STEP1] US.HRL: 候选合约 0 个
2026-05-01 15:26:07,044 [INFO] scanner - [STEP2] 获取 0 个合约快照…
2026-05-01 15:26:07,044 [WARNING] scanner - [STEP2] 合约列表为空，跳过
2026-05-01 15:26:07,044 [ERROR] scanner - [US.HRL] 处理异常: 'option_type'
2026-05-01 15:26:07,045 [ERROR] scanner - Traceback (most recent call last):
  File "C:\Users\Administrator\AppData\Local\Programs\Python\Python312\Lib\site-packages\pandas\core\indexes\base.py", line 3641, in get_loc
    return self._engine.get_loc(casted_key)
           ^^^^^^^^^^^^^^^^^^^^^^^^^^^^^^^^
  File "pandas/_libs/index.pyx", line 168, in pandas._libs.index.IndexEngine.get_loc
  File "pandas/_libs/index.pyx", line 197, in pandas._libs.index.IndexEngine.get_loc
  File "pandas/_libs/hashtable_class_helper.pxi", line 7668, in pandas._libs.hashtable.PyObjectHashTable.get_item
  File "pandas/_libs/hashtable_class_helper.pxi", line 7676, in pandas._libs.hashtable.PyObjectHashTable.get_item
KeyError: 'option_type'

The above exception was the direct cause of the following exception:

Traceback (most recent call last):
  File "<input>", line 170, in step_run_single
  File "C:\Users\Administrator\AppData\Local\Programs\Python\Python312\Lib\site-packages\pandas\core\frame.py", line 4378, in __getitem__
    indexer = self.columns.get_loc(key)
              ^^^^^^^^^^^^^^^^^^^^^^^^^
  File "C:\Users\Administrator\AppData\Local\Programs\Python\Python312\Lib\site-packages\pandas\core\indexes\base.py", line 3648, in get_loc
    raise KeyError(key) from err
KeyError: 'option_type'

2026-05-01 15:26:07,046 [INFO] checkpoint - 读取断点缓存：已完成 317 个标的
2026-05-01 15:26:07,046 [INFO] scanner - [319/527] US.HSIC  完成率 61%  预计剩余 47m13s
2026-05-01 15:26:07,046 [INFO] scanner - ──────────────────────────────────────────────────
2026-05-01 15:26:07,046 [INFO] scanner - 处理标的: US.HSIC
2026-05-01 15:26:07,084 [INFO] scanner - [STEP1] 获取 US.HSIC 候选期权链…
2026-05-01 15:26:07,119 [INFO] option_chain_fetcher - [US.HSIC] 5 个到期日 → 5 批次调用
2026-05-01 15:26:08,623 [WARNING] rate_limiter - [_call] 第 1/5 次失败: 获取期权链频率太高，请求失败，每30秒最多10次。，5.0s 后重试…
2026-05-01 15:26:13,625 [WARNING] rate_limiter - [_call] 第 2/5 次失败: 获取期权链频率太高，请求失败，每30秒最多10次。，10.0s 后重试…
2026-05-01 15:26:23,627 [WARNING] rate_limiter - [_call] 第 3/5 次失败: 获取期权链频率太高，请求失败，每30秒最多10次。，20.0s 后重试…
2026-05-01 15:26:44,006 [INFO] option_chain_fetcher - [US.HSIC] 候选合约共 0 个
2026-05-01 15:26:44,006 [INFO] scanner - [STEP1] US.HSIC: 候选合约 0 个
2026-05-01 15:26:44,006 [INFO] scanner - [STEP2] 获取 0 个合约快照…
2026-05-01 15:26:44,006 [WARNING] scanner - [STEP2] 合约列表为空，跳过
2026-05-01 15:26:44,006 [ERROR] scanner - [US.HSIC] 处理异常: 'option_type'
2026-05-01 15:26:44,007 [ERROR] scanner - Traceback (most recent call last):
  File "C:\Users\Administrator\AppData\Local\Programs\Python\Python312\Lib\site-packages\pandas\core\indexes\base.py", line 3641, in get_loc
    return self._engine.get_loc(casted_key)
           ^^^^^^^^^^^^^^^^^^^^^^^^^^^^^^^^
  File "pandas/_libs/index.pyx", line 168, in pandas._libs.index.IndexEngine.get_loc
  File "pandas/_libs/index.pyx", line 197, in pandas._libs.index.IndexEngine.get_loc
  File "pandas/_libs/hashtable_class_helper.pxi", line 7668, in pandas._libs.hashtable.PyObjectHashTable.get_item
  File "pandas/_libs/hashtable_class_helper.pxi", line 7676, in pandas._libs.hashtable.PyObjectHashTable.get_item
KeyError: 'option_type'

The above exception was the direct cause of the following exception:

Traceback (most recent call last):
  File "<input>", line 170, in step_run_single
  File "C:\Users\Administrator\AppData\Local\Programs\Python\Python312\Lib\site-packages\pandas\core\frame.py", line 4378, in __getitem__
    indexer = self.columns.get_loc(key)
              ^^^^^^^^^^^^^^^^^^^^^^^^^
  File "C:\Users\Administrator\AppData\Local\Programs\Python\Python312\Lib\site-packages\pandas\core\indexes\base.py", line 3648, in get_loc
    raise KeyError(key) from err
KeyError: 'option_type'

2026-05-01 15:26:44,007 [INFO] checkpoint - 读取断点缓存：已完成 318 个标的
2026-05-01 15:26:44,008 [INFO] scanner - [320/527] US.HST  完成率 61%  预计剩余 47m15s
2026-05-01 15:26:44,008 [INFO] scanner - ──────────────────────────────────────────────────
2026-05-01 15:26:44,008 [INFO] scanner - 处理标的: US.HST
2026-05-01 15:26:44,054 [INFO] scanner - US.HST 市值过大，pass
2026-05-01 15:26:44,054 [INFO] scanner - [STEP2] 获取 0 个合约快照…
2026-05-01 15:26:44,054 [WARNING] scanner - [STEP2] 合约列表为空，跳过
2026-05-01 15:26:44,055 [ERROR] scanner - [US.HST] 处理异常: 'option_type'
2026-05-01 15:26:44,056 [ERROR] scanner - Traceback (most recent call last):
  File "C:\Users\Administrator\AppData\Local\Programs\Python\Python312\Lib\site-packages\pandas\core\indexes\base.py", line 3641, in get_loc
    return self._engine.get_loc(casted_key)
           ^^^^^^^^^^^^^^^^^^^^^^^^^^^^^^^^
  File "pandas/_libs/index.pyx", line 168, in pandas._libs.index.IndexEngine.get_loc
  File "pandas/_libs/index.pyx", line 197, in pandas._libs.index.IndexEngine.get_loc
  File "pandas/_libs/hashtable_class_helper.pxi", line 7668, in pandas._libs.hashtable.PyObjectHashTable.get_item
  File "pandas/_libs/hashtable_class_helper.pxi", line 7676, in pandas._libs.hashtable.PyObjectHashTable.get_item
KeyError: 'option_type'

The above exception was the direct cause of the following exception:

Traceback (most recent call last):
  File "<input>", line 170, in step_run_single
  File "C:\Users\Administrator\AppData\Local\Programs\Python\Python312\Lib\site-packages\pandas\core\frame.py", line 4378, in __getitem__
    indexer = self.columns.get_loc(key)
              ^^^^^^^^^^^^^^^^^^^^^^^^^
  File "C:\Users\Administrator\AppData\Local\Programs\Python\Python312\Lib\site-packages\pandas\core\indexes\base.py", line 3648, in get_loc
    raise KeyError(key) from err
KeyError: 'option_type'

2026-05-01 15:26:44,056 [INFO] checkpoint - 读取断点缓存：已完成 319 个标的
2026-05-01 15:26:44,057 [INFO] scanner - [321/527] US.HSY  完成率 61%  预计剩余 46m52s
2026-05-01 15:26:44,058 [INFO] scanner - ──────────────────────────────────────────────────
2026-05-01 15:26:44,058 [INFO] scanner - 处理标的: US.HSY
2026-05-01 15:26:44,099 [INFO] scanner - [STEP1] 获取 US.HSY 候选期权链…
2026-05-01 15:26:44,136 [INFO] option_chain_fetcher - [US.HSY] 11 个到期日 → 4 批次调用
2026-05-01 15:26:45,958 [INFO] option_chain_fetcher - [US.HSY] 候选合约共 1 个
2026-05-01 15:26:45,958 [INFO] scanner - [STEP1] US.HSY: 候选合约 1 个
2026-05-01 15:26:45,958 [INFO] scanner - [STEP2] 获取 1 个合约快照…
2026-05-01 15:26:46,026 [INFO] snapshot_fetcher - 快照获取完成：1/1 个合约
2026-05-01 15:26:46,026 [INFO] scanner - [STEP2] 成功获取 1 条快照
2026-05-01 15:26:46,027 [INFO] scanner - [STEP3] 对 US.HSY 执行异常检测…
2026-05-01 15:26:46,029 [INFO] anomaly_detector - 本批次无异常合约
2026-05-01 15:26:46,029 [INFO] checkpoint - 读取断点缓存：已完成 320 个标的
2026-05-01 15:26:46,030 [INFO] scanner - [322/527] US.HUBB  完成率 61%  预计剩余 46m31s
2026-05-01 15:26:46,030 [INFO] scanner - ──────────────────────────────────────────────────
2026-05-01 15:26:46,030 [INFO] scanner - 处理标的: US.HUBB
2026-05-01 15:26:46,067 [INFO] scanner - [STEP1] 获取 US.HUBB 候选期权链…
2026-05-01 15:26:46,103 [INFO] option_chain_fetcher - [US.HUBB] 5 个到期日 → 4 批次调用
2026-05-01 15:26:47,812 [INFO] option_chain_fetcher - [US.HUBB] 候选合约共 6 个
2026-05-01 15:26:47,812 [INFO] scanner - [STEP1] US.HUBB: 候选合约 6 个
2026-05-01 15:26:47,812 [INFO] scanner - [STEP2] 获取 6 个合约快照…
2026-05-01 15:26:47,879 [INFO] snapshot_fetcher - 快照获取完成：6/6 个合约
2026-05-01 15:26:47,879 [INFO] scanner - [STEP2] 成功获取 6 条快照
2026-05-01 15:26:47,880 [INFO] scanner - [STEP3] 对 US.HUBB 执行异常检测…
2026-05-01 15:26:47,882 [INFO] anomaly_detector - 发现异常合约 2 个
2026-05-01 15:26:47,883 [INFO] anomaly_detector - 已追加写入 2 条异常记录 → .\filter_data\anomaly_results2026-05-01.csv
2026-05-01 15:26:47,884 [INFO] checkpoint - 读取断点缓存：已完成 321 个标的
2026-05-01 15:26:47,884 [INFO] scanner - [323/527] US.HUM  完成率 61%  预计剩余 46m10s
2026-05-01 15:26:47,884 [INFO] scanner - ──────────────────────────────────────────────────
2026-05-01 15:26:47,884 [INFO] scanner - 处理标的: US.HUM
2026-05-01 15:26:47,923 [INFO] scanner - [STEP1] 获取 US.HUM 候选期权链…
2026-05-01 15:26:47,958 [INFO] option_chain_fetcher - [US.HUM] 11 个到期日 → 4 批次调用
2026-05-01 15:26:48,508 [WARNING] rate_limiter - [_call] 第 1/5 次失败: 获取期权链频率太高，请求失败，每30秒最多10次。，5.0s 后重试…
2026-05-01 15:26:53,510 [WARNING] rate_limiter - [_call] 第 2/5 次失败: 获取期权链频率太高，请求失败，每30秒最多10次。，10.0s 后重试…
2026-05-01 15:27:03,513 [WARNING] rate_limiter - [_call] 第 3/5 次失败: 获取期权链频率太高，请求失败，每30秒最多10次。，20.0s 后重试…
2026-05-01 15:27:24,851 [INFO] option_chain_fetcher - [US.HUM] 候选合约共 7 个
2026-05-01 15:27:24,851 [INFO] scanner - [STEP1] US.HUM: 候选合约 7 个
2026-05-01 15:27:24,851 [INFO] scanner - [STEP2] 获取 7 个合约快照…
2026-05-01 15:27:24,925 [INFO] snapshot_fetcher - 快照获取完成：7/7 个合约
2026-05-01 15:27:24,926 [INFO] scanner - [STEP2] 成功获取 7 条快照
2026-05-01 15:27:24,927 [INFO] scanner - [STEP3] 对 US.HUM 执行异常检测…
2026-05-01 15:27:24,928 [INFO] anomaly_detector - 本批次无异常合约
2026-05-01 15:27:24,928 [INFO] checkpoint - 读取断点缓存：已完成 322 个标的
2026-05-01 15:27:24,929 [INFO] scanner - [324/527] US.HWM  完成率 61%  预计剩余 46m11s
2026-05-01 15:27:24,929 [INFO] scanner - ──────────────────────────────────────────────────
2026-05-01 15:27:24,929 [INFO] scanner - 处理标的: US.HWM
2026-05-01 15:27:24,969 [INFO] scanner - [STEP1] 获取 US.HWM 候选期权链…
2026-05-01 15:27:25,005 [INFO] option_chain_fetcher - [US.HWM] 11 个到期日 → 4 批次调用
2026-05-01 15:27:26,827 [INFO] option_chain_fetcher - [US.HWM] 候选合约共 1 个
2026-05-01 15:27:26,827 [INFO] scanner - [STEP1] US.HWM: 候选合约 1 个
2026-05-01 15:27:26,827 [INFO] scanner - [STEP2] 获取 1 个合约快照…
2026-05-01 15:27:26,895 [INFO] snapshot_fetcher - 快照获取完成：1/1 个合约
2026-05-01 15:27:26,895 [INFO] scanner - [STEP2] 成功获取 1 条快照
2026-05-01 15:27:26,896 [INFO] scanner - [STEP3] 对 US.HWM 执行异常检测…
2026-05-01 15:27:26,897 [INFO] anomaly_detector - 发现异常合约 1 个
2026-05-01 15:27:26,899 [INFO] anomaly_detector - 已追加写入 1 条异常记录 → .\filter_data\anomaly_results2026-05-01.csv
2026-05-01 15:27:26,900 [INFO] checkpoint - 读取断点缓存：已完成 323 个标的
2026-05-01 15:27:26,900 [INFO] scanner - [325/527] US.IBKR  完成率 62%  预计剩余 45m51s
2026-05-01 15:27:26,900 [INFO] scanner - ──────────────────────────────────────────────────
2026-05-01 15:27:26,900 [INFO] scanner - 处理标的: US.IBKR
2026-05-01 15:27:26,939 [INFO] scanner - [STEP1] 获取 US.IBKR 候选期权链…
2026-05-01 15:27:26,974 [INFO] option_chain_fetcher - [US.IBKR] 9 个到期日 → 3 批次调用
2026-05-01 15:27:28,425 [INFO] option_chain_fetcher - [US.IBKR] 候选合约共 3 个
2026-05-01 15:27:28,425 [INFO] scanner - [STEP1] US.IBKR: 候选合约 3 个
2026-05-01 15:27:28,425 [INFO] scanner - [STEP2] 获取 3 个合约快照…
2026-05-01 15:27:28,491 [INFO] snapshot_fetcher - 快照获取完成：3/3 个合约
2026-05-01 15:27:28,492 [INFO] scanner - [STEP2] 成功获取 3 条快照
2026-05-01 15:27:28,493 [INFO] scanner - [STEP3] 对 US.IBKR 执行异常检测…
2026-05-01 15:27:28,494 [INFO] anomaly_detector - 发现异常合约 1 个
2026-05-01 15:27:28,496 [INFO] anomaly_detector - 已追加写入 1 条异常记录 → .\filter_data\anomaly_results2026-05-01.csv
2026-05-01 15:27:28,497 [INFO] checkpoint - 读取断点缓存：已完成 324 个标的
2026-05-01 15:27:28,497 [INFO] scanner - [326/527] US.ICE  完成率 62%  预计剩余 45m30s
2026-05-01 15:27:28,497 [INFO] scanner - ──────────────────────────────────────────────────
2026-05-01 15:27:28,497 [INFO] scanner - 处理标的: US.ICE
2026-05-01 15:27:28,542 [INFO] scanner - [STEP1] 获取 US.ICE 候选期权链…
2026-05-01 15:27:28,578 [INFO] option_chain_fetcher - [US.ICE] 9 个到期日 → 3 批次调用
2026-05-01 15:27:28,580 [WARNING] rate_limiter - [_call] 第 1/5 次失败: 获取期权链频率太高，请求失败，每30秒最多10次。，5.0s 后重试…
2026-05-01 15:27:33,595 [WARNING] rate_limiter - [_call] 第 2/5 次失败: 获取期权链频率太高，请求失败，每30秒最多10次。，10.0s 后重试…
2026-05-01 15:27:43,597 [WARNING] rate_limiter - [_call] 第 3/5 次失败: 获取期权链频率太高，请求失败，每30秒最多10次。，20.0s 后重试…
2026-05-01 15:28:04,984 [INFO] option_chain_fetcher - [US.ICE] 候选合约共 1 个
2026-05-01 15:28:04,984 [INFO] scanner - [STEP1] US.ICE: 候选合约 1 个
2026-05-01 15:28:04,984 [INFO] scanner - [STEP2] 获取 1 个合约快照…
2026-05-01 15:28:05,047 [INFO] snapshot_fetcher - 快照获取完成：1/1 个合约
2026-05-01 15:28:05,048 [INFO] scanner - [STEP2] 成功获取 1 条快照
2026-05-01 15:28:05,049 [INFO] scanner - [STEP3] 对 US.ICE 执行异常检测…
2026-05-01 15:28:05,050 [INFO] anomaly_detector - 本批次无异常合约
2026-05-01 15:28:05,051 [INFO] checkpoint - 读取断点缓存：已完成 325 个标的
2026-05-01 15:28:05,051 [INFO] scanner - [327/527] US.IEX  完成率 62%  预计剩余 45m30s
2026-05-01 15:28:05,051 [INFO] scanner - ──────────────────────────────────────────────────
2026-05-01 15:28:05,051 [INFO] scanner - 处理标的: US.IEX
2026-05-01 15:28:05,091 [INFO] scanner - [STEP1] 获取 US.IEX 候选期权链…
2026-05-01 15:28:05,126 [INFO] option_chain_fetcher - [US.IEX] 4 个到期日 → 4 批次调用
2026-05-01 15:28:06,637 [INFO] option_chain_fetcher - [US.IEX] 候选合约共 0 个
2026-05-01 15:28:06,637 [INFO] scanner - [STEP1] US.IEX: 候选合约 0 个
2026-05-01 15:28:06,637 [INFO] scanner - [STEP2] 获取 0 个合约快照…
2026-05-01 15:28:06,637 [WARNING] scanner - [STEP2] 合约列表为空，跳过
2026-05-01 15:28:06,637 [ERROR] scanner - [US.IEX] 处理异常: 'option_type'
2026-05-01 15:28:06,638 [ERROR] scanner - Traceback (most recent call last):
  File "C:\Users\Administrator\AppData\Local\Programs\Python\Python312\Lib\site-packages\pandas\core\indexes\base.py", line 3641, in get_loc
    return self._engine.get_loc(casted_key)
           ^^^^^^^^^^^^^^^^^^^^^^^^^^^^^^^^
  File "pandas/_libs/index.pyx", line 168, in pandas._libs.index.IndexEngine.get_loc
  File "pandas/_libs/index.pyx", line 197, in pandas._libs.index.IndexEngine.get_loc
  File "pandas/_libs/hashtable_class_helper.pxi", line 7668, in pandas._libs.hashtable.PyObjectHashTable.get_item
  File "pandas/_libs/hashtable_class_helper.pxi", line 7676, in pandas._libs.hashtable.PyObjectHashTable.get_item
KeyError: 'option_type'

The above exception was the direct cause of the following exception:

Traceback (most recent call last):
  File "<input>", line 170, in step_run_single
  File "C:\Users\Administrator\AppData\Local\Programs\Python\Python312\Lib\site-packages\pandas\core\frame.py", line 4378, in __getitem__
    indexer = self.columns.get_loc(key)
              ^^^^^^^^^^^^^^^^^^^^^^^^^
  File "C:\Users\Administrator\AppData\Local\Programs\Python\Python312\Lib\site-packages\pandas\core\indexes\base.py", line 3648, in get_loc
    raise KeyError(key) from err
KeyError: 'option_type'

2026-05-01 15:28:06,638 [INFO] checkpoint - 读取断点缓存：已完成 326 个标的
2026-05-01 15:28:06,639 [INFO] scanner - [328/527] US.IFF  完成率 62%  预计剩余 45m09s
2026-05-01 15:28:06,639 [INFO] scanner - ──────────────────────────────────────────────────
2026-05-01 15:28:06,639 [INFO] scanner - 处理标的: US.IFF
2026-05-01 15:28:06,682 [INFO] scanner - [STEP1] 获取 US.IFF 候选期权链…
2026-05-01 15:28:06,717 [INFO] option_chain_fetcher - [US.IFF] 5 个到期日 → 4 批次调用
2026-05-01 15:28:07,889 [WARNING] rate_limiter - [_call] 第 1/5 次失败: 获取期权链频率太高，请求失败，每30秒最多10次。，5.0s 后重试…
2026-05-01 15:28:12,890 [WARNING] rate_limiter - [_call] 第 2/5 次失败: 获取期权链频率太高，请求失败，每30秒最多10次。，10.0s 后重试…
2026-05-01 15:28:23,005 [WARNING] rate_limiter - [_call] 第 3/5 次失败: 获取期权链频率太高，请求失败，每30秒最多10次。，20.0s 后重试…
2026-05-01 15:28:43,407 [INFO] option_chain_fetcher - [US.IFF] 候选合约共 0 个
2026-05-01 15:28:43,407 [INFO] scanner - [STEP1] US.IFF: 候选合约 0 个
2026-05-01 15:28:43,407 [INFO] scanner - [STEP2] 获取 0 个合约快照…
2026-05-01 15:28:43,407 [WARNING] scanner - [STEP2] 合约列表为空，跳过
2026-05-01 15:28:43,467 [ERROR] scanner - [US.IFF] 处理异常: 'option_type'
2026-05-01 15:28:43,469 [ERROR] scanner - Traceback (most recent call last):
  File "C:\Users\Administrator\AppData\Local\Programs\Python\Python312\Lib\site-packages\pandas\core\indexes\base.py", line 3641, in get_loc
    return self._engine.get_loc(casted_key)
           ^^^^^^^^^^^^^^^^^^^^^^^^^^^^^^^^
  File "pandas/_libs/index.pyx", line 168, in pandas._libs.index.IndexEngine.get_loc
  File "pandas/_libs/index.pyx", line 197, in pandas._libs.index.IndexEngine.get_loc
  File "pandas/_libs/hashtable_class_helper.pxi", line 7668, in pandas._libs.hashtable.PyObjectHashTable.get_item
  File "pandas/_libs/hashtable_class_helper.pxi", line 7676, in pandas._libs.hashtable.PyObjectHashTable.get_item
KeyError: 'option_type'

The above exception was the direct cause of the following exception:

Traceback (most recent call last):
  File "<input>", line 170, in step_run_single
  File "C:\Users\Administrator\AppData\Local\Programs\Python\Python312\Lib\site-packages\pandas\core\frame.py", line 4378, in __getitem__
    indexer = self.columns.get_loc(key)
              ^^^^^^^^^^^^^^^^^^^^^^^^^
  File "C:\Users\Administrator\AppData\Local\Programs\Python\Python312\Lib\site-packages\pandas\core\indexes\base.py", line 3648, in get_loc
    raise KeyError(key) from err
KeyError: 'option_type'

2026-05-01 15:28:43,469 [INFO] checkpoint - 读取断点缓存：已完成 327 个标的
2026-05-01 15:28:43,470 [INFO] scanner - [329/527] US.INCY  完成率 62%  预计剩余 45m10s
2026-05-01 15:28:43,493 [INFO] scanner - ──────────────────────────────────────────────────
2026-05-01 15:28:43,493 [INFO] scanner - 处理标的: US.INCY
2026-05-01 15:28:43,645 [INFO] scanner - [STEP1] 获取 US.INCY 候选期权链…
2026-05-01 15:28:43,682 [INFO] option_chain_fetcher - [US.INCY] 3 个到期日 → 3 批次调用
2026-05-01 15:28:44,822 [INFO] option_chain_fetcher - [US.INCY] 候选合约共 0 个
2026-05-01 15:28:44,822 [INFO] scanner - [STEP1] US.INCY: 候选合约 0 个
2026-05-01 15:28:44,822 [INFO] scanner - [STEP2] 获取 0 个合约快照…
2026-05-01 15:28:44,822 [WARNING] scanner - [STEP2] 合约列表为空，跳过
2026-05-01 15:28:44,823 [ERROR] scanner - [US.INCY] 处理异常: 'option_type'
2026-05-01 15:28:44,823 [ERROR] scanner - Traceback (most recent call last):
  File "C:\Users\Administrator\AppData\Local\Programs\Python\Python312\Lib\site-packages\pandas\core\indexes\base.py", line 3641, in get_loc
    return self._engine.get_loc(casted_key)
           ^^^^^^^^^^^^^^^^^^^^^^^^^^^^^^^^
  File "pandas/_libs/index.pyx", line 168, in pandas._libs.index.IndexEngine.get_loc
  File "pandas/_libs/index.pyx", line 197, in pandas._libs.index.IndexEngine.get_loc
  File "pandas/_libs/hashtable_class_helper.pxi", line 7668, in pandas._libs.hashtable.PyObjectHashTable.get_item
  File "pandas/_libs/hashtable_class_helper.pxi", line 7676, in pandas._libs.hashtable.PyObjectHashTable.get_item
KeyError: 'option_type'

The above exception was the direct cause of the following exception:

Traceback (most recent call last):
  File "<input>", line 170, in step_run_single
  File "C:\Users\Administrator\AppData\Local\Programs\Python\Python312\Lib\site-packages\pandas\core\frame.py", line 4378, in __getitem__
    indexer = self.columns.get_loc(key)
              ^^^^^^^^^^^^^^^^^^^^^^^^^
  File "C:\Users\Administrator\AppData\Local\Programs\Python\Python312\Lib\site-packages\pandas\core\indexes\base.py", line 3648, in get_loc
    raise KeyError(key) from err
KeyError: 'option_type'

2026-05-01 15:28:44,824 [INFO] checkpoint - 读取断点缓存：已完成 328 个标的
2026-05-01 15:28:44,825 [INFO] scanner - [330/527] US.INVH  完成率 63%  预计剩余 44m49s
2026-05-01 15:28:44,825 [INFO] scanner - ──────────────────────────────────────────────────
2026-05-01 15:28:44,825 [INFO] scanner - 处理标的: US.INVH
2026-05-01 15:28:44,866 [INFO] scanner - US.INVH 市值过大，pass
2026-05-01 15:28:44,866 [INFO] scanner - [STEP2] 获取 0 个合约快照…
2026-05-01 15:28:44,867 [WARNING] scanner - [STEP2] 合约列表为空，跳过
2026-05-01 15:28:44,867 [ERROR] scanner - [US.INVH] 处理异常: 'option_type'
2026-05-01 15:28:44,868 [ERROR] scanner - Traceback (most recent call last):
  File "C:\Users\Administrator\AppData\Local\Programs\Python\Python312\Lib\site-packages\pandas\core\indexes\base.py", line 3641, in get_loc
    return self._engine.get_loc(casted_key)
           ^^^^^^^^^^^^^^^^^^^^^^^^^^^^^^^^
  File "pandas/_libs/index.pyx", line 168, in pandas._libs.index.IndexEngine.get_loc
  File "pandas/_libs/index.pyx", line 197, in pandas._libs.index.IndexEngine.get_loc
  File "pandas/_libs/hashtable_class_helper.pxi", line 7668, in pandas._libs.hashtable.PyObjectHashTable.get_item
  File "pandas/_libs/hashtable_class_helper.pxi", line 7676, in pandas._libs.hashtable.PyObjectHashTable.get_item
KeyError: 'option_type'

The above exception was the direct cause of the following exception:

Traceback (most recent call last):
  File "<input>", line 170, in step_run_single
  File "C:\Users\Administrator\AppData\Local\Programs\Python\Python312\Lib\site-packages\pandas\core\frame.py", line 4378, in __getitem__
    indexer = self.columns.get_loc(key)
              ^^^^^^^^^^^^^^^^^^^^^^^^^
  File "C:\Users\Administrator\AppData\Local\Programs\Python\Python312\Lib\site-packages\pandas\core\indexes\base.py", line 3648, in get_loc
    raise KeyError(key) from err
KeyError: 'option_type'

2026-05-01 15:28:44,868 [INFO] checkpoint - 读取断点缓存：已完成 329 个标的
2026-05-01 15:28:44,869 [INFO] scanner - [331/527] US.IP  完成率 63%  预计剩余 44m27s
2026-05-01 15:28:44,869 [INFO] scanner - ──────────────────────────────────────────────────
2026-05-01 15:28:44,869 [INFO] scanner - 处理标的: US.IP
2026-05-01 15:28:44,909 [INFO] scanner - [STEP1] 获取 US.IP 候选期权链…
2026-05-01 15:28:44,945 [INFO] option_chain_fetcher - [US.IP] 11 个到期日 → 4 批次调用
2026-05-01 15:28:46,739 [INFO] option_chain_fetcher - [US.IP] 候选合约共 14 个
2026-05-01 15:28:46,739 [INFO] scanner - [STEP1] US.IP: 候选合约 14 个
2026-05-01 15:28:46,739 [INFO] scanner - [STEP2] 获取 14 个合约快照…
2026-05-01 15:28:46,808 [INFO] snapshot_fetcher - 快照获取完成：14/14 个合约
2026-05-01 15:28:46,809 [INFO] scanner - [STEP2] 成功获取 14 条快照
2026-05-01 15:28:46,810 [INFO] scanner - [STEP3] 对 US.IP 执行异常检测…
2026-05-01 15:28:46,812 [INFO] anomaly_detector - 发现异常合约 2 个
2026-05-01 15:28:46,814 [INFO] anomaly_detector - 已追加写入 2 条异常记录 → .\filter_data\anomaly_results2026-05-01.csv
2026-05-01 15:28:46,814 [INFO] checkpoint - 读取断点缓存：已完成 330 个标的
2026-05-01 15:28:46,814 [INFO] scanner - [332/527] US.IQV  完成率 63%  预计剩余 44m07s
2026-05-01 15:28:46,814 [INFO] scanner - ──────────────────────────────────────────────────
2026-05-01 15:28:46,814 [INFO] scanner - 处理标的: US.IQV
2026-05-01 15:28:46,853 [INFO] scanner - [STEP1] 获取 US.IQV 候选期权链…
2026-05-01 15:28:46,888 [INFO] option_chain_fetcher - [US.IQV] 4 个到期日 → 4 批次调用
2026-05-01 15:28:47,648 [WARNING] rate_limiter - [_call] 第 1/5 次失败: 获取期权链频率太高，请求失败，每30秒最多10次。，5.0s 后重试…
2026-05-01 15:28:52,649 [WARNING] rate_limiter - [_call] 第 2/5 次失败: 获取期权链频率太高，请求失败，每30秒最多10次。，10.0s 后重试…
2026-05-01 15:29:02,652 [WARNING] rate_limiter - [_call] 第 3/5 次失败: 获取期权链频率太高，请求失败，每30秒最多10次。，20.0s 后重试…
2026-05-01 15:29:23,574 [INFO] option_chain_fetcher - [US.IQV] 候选合约共 0 个
2026-05-01 15:29:23,574 [INFO] scanner - [STEP1] US.IQV: 候选合约 0 个
2026-05-01 15:29:23,574 [INFO] scanner - [STEP2] 获取 0 个合约快照…
2026-05-01 15:29:23,574 [WARNING] scanner - [STEP2] 合约列表为空，跳过
2026-05-01 15:29:23,574 [ERROR] scanner - [US.IQV] 处理异常: 'option_type'
2026-05-01 15:29:23,575 [ERROR] scanner - Traceback (most recent call last):
  File "C:\Users\Administrator\AppData\Local\Programs\Python\Python312\Lib\site-packages\pandas\core\indexes\base.py", line 3641, in get_loc
    return self._engine.get_loc(casted_key)
           ^^^^^^^^^^^^^^^^^^^^^^^^^^^^^^^^
  File "pandas/_libs/index.pyx", line 168, in pandas._libs.index.IndexEngine.get_loc
  File "pandas/_libs/index.pyx", line 197, in pandas._libs.index.IndexEngine.get_loc
  File "pandas/_libs/hashtable_class_helper.pxi", line 7668, in pandas._libs.hashtable.PyObjectHashTable.get_item
  File "pandas/_libs/hashtable_class_helper.pxi", line 7676, in pandas._libs.hashtable.PyObjectHashTable.get_item
KeyError: 'option_type'

The above exception was the direct cause of the following exception:

Traceback (most recent call last):
  File "<input>", line 170, in step_run_single
  File "C:\Users\Administrator\AppData\Local\Programs\Python\Python312\Lib\site-packages\pandas\core\frame.py", line 4378, in __getitem__
    indexer = self.columns.get_loc(key)
              ^^^^^^^^^^^^^^^^^^^^^^^^^
  File "C:\Users\Administrator\AppData\Local\Programs\Python\Python312\Lib\site-packages\pandas\core\indexes\base.py", line 3648, in get_loc
    raise KeyError(key) from err
KeyError: 'option_type'

2026-05-01 15:29:23,576 [INFO] checkpoint - 读取断点缓存：已完成 331 个标的
2026-05-01 15:29:23,576 [INFO] scanner - [333/527] US.IR  完成率 63%  预计剩余 44m07s
2026-05-01 15:29:23,576 [INFO] scanner - ──────────────────────────────────────────────────
2026-05-01 15:29:23,576 [INFO] scanner - 处理标的: US.IR
2026-05-01 15:29:23,616 [INFO] scanner - [STEP1] 获取 US.IR 候选期权链…
2026-05-01 15:29:23,651 [INFO] option_chain_fetcher - [US.IR] 3 个到期日 → 3 批次调用
2026-05-01 15:29:24,782 [INFO] option_chain_fetcher - [US.IR] 候选合约共 0 个
2026-05-01 15:29:24,782 [INFO] scanner - [STEP1] US.IR: 候选合约 0 个
2026-05-01 15:29:24,782 [INFO] scanner - [STEP2] 获取 0 个合约快照…
2026-05-01 15:29:24,782 [WARNING] scanner - [STEP2] 合约列表为空，跳过
2026-05-01 15:29:24,783 [ERROR] scanner - [US.IR] 处理异常: 'option_type'
2026-05-01 15:29:24,783 [ERROR] scanner - Traceback (most recent call last):
  File "C:\Users\Administrator\AppData\Local\Programs\Python\Python312\Lib\site-packages\pandas\core\indexes\base.py", line 3641, in get_loc
    return self._engine.get_loc(casted_key)
           ^^^^^^^^^^^^^^^^^^^^^^^^^^^^^^^^
  File "pandas/_libs/index.pyx", line 168, in pandas._libs.index.IndexEngine.get_loc
  File "pandas/_libs/index.pyx", line 197, in pandas._libs.index.IndexEngine.get_loc
  File "pandas/_libs/hashtable_class_helper.pxi", line 7668, in pandas._libs.hashtable.PyObjectHashTable.get_item
  File "pandas/_libs/hashtable_class_helper.pxi", line 7676, in pandas._libs.hashtable.PyObjectHashTable.get_item
KeyError: 'option_type'

The above exception was the direct cause of the following exception:

Traceback (most recent call last):
  File "<input>", line 170, in step_run_single
  File "C:\Users\Administrator\AppData\Local\Programs\Python\Python312\Lib\site-packages\pandas\core\frame.py", line 4378, in __getitem__
    indexer = self.columns.get_loc(key)
              ^^^^^^^^^^^^^^^^^^^^^^^^^
  File "C:\Users\Administrator\AppData\Local\Programs\Python\Python312\Lib\site-packages\pandas\core\indexes\base.py", line 3648, in get_loc
    raise KeyError(key) from err
KeyError: 'option_type'

2026-05-01 15:29:24,784 [INFO] checkpoint - 读取断点缓存：已完成 332 个标的
2026-05-01 15:29:24,785 [INFO] scanner - [334/527] US.IRM  完成率 63%  预计剩余 43m46s
2026-05-01 15:29:24,785 [INFO] scanner - ──────────────────────────────────────────────────
2026-05-01 15:29:24,785 [INFO] scanner - 处理标的: US.IRM
2026-05-01 15:29:24,849 [INFO] scanner - US.IRM 市值过大，pass
2026-05-01 15:29:24,849 [INFO] scanner - [STEP2] 获取 0 个合约快照…
2026-05-01 15:29:24,849 [WARNING] scanner - [STEP2] 合约列表为空，跳过
2026-05-01 15:29:24,850 [ERROR] scanner - [US.IRM] 处理异常: 'option_type'
2026-05-01 15:29:24,851 [ERROR] scanner - Traceback (most recent call last):
  File "C:\Users\Administrator\AppData\Local\Programs\Python\Python312\Lib\site-packages\pandas\core\indexes\base.py", line 3641, in get_loc
    return self._engine.get_loc(casted_key)
           ^^^^^^^^^^^^^^^^^^^^^^^^^^^^^^^^
  File "pandas/_libs/index.pyx", line 168, in pandas._libs.index.IndexEngine.get_loc
  File "pandas/_libs/index.pyx", line 197, in pandas._libs.index.IndexEngine.get_loc
  File "pandas/_libs/hashtable_class_helper.pxi", line 7668, in pandas._libs.hashtable.PyObjectHashTable.get_item
  File "pandas/_libs/hashtable_class_helper.pxi", line 7676, in pandas._libs.hashtable.PyObjectHashTable.get_item
KeyError: 'option_type'

The above exception was the direct cause of the following exception:

Traceback (most recent call last):
  File "<input>", line 170, in step_run_single
  File "C:\Users\Administrator\AppData\Local\Programs\Python\Python312\Lib\site-packages\pandas\core\frame.py", line 4378, in __getitem__
    indexer = self.columns.get_loc(key)
              ^^^^^^^^^^^^^^^^^^^^^^^^^
  File "C:\Users\Administrator\AppData\Local\Programs\Python\Python312\Lib\site-packages\pandas\core\indexes\base.py", line 3648, in get_loc
    raise KeyError(key) from err
KeyError: 'option_type'

2026-05-01 15:29:24,851 [INFO] checkpoint - 读取断点缓存：已完成 333 个标的
2026-05-01 15:29:24,852 [INFO] scanner - [335/527] US.IT  完成率 64%  预计剩余 43m25s
2026-05-01 15:29:24,852 [INFO] scanner - ──────────────────────────────────────────────────
2026-05-01 15:29:24,852 [INFO] scanner - 处理标的: US.IT
2026-05-01 15:29:24,921 [INFO] scanner - [STEP1] 获取 US.IT 候选期权链…
2026-05-01 15:29:24,957 [INFO] option_chain_fetcher - [US.IT] 3 个到期日 → 3 批次调用
2026-05-01 15:29:26,104 [INFO] option_chain_fetcher - [US.IT] 候选合约共 0 个
2026-05-01 15:29:26,104 [INFO] scanner - [STEP1] US.IT: 候选合约 0 个
2026-05-01 15:29:26,104 [INFO] scanner - [STEP2] 获取 0 个合约快照…
2026-05-01 15:29:26,104 [WARNING] scanner - [STEP2] 合约列表为空，跳过
2026-05-01 15:29:26,104 [ERROR] scanner - [US.IT] 处理异常: 'option_type'
2026-05-01 15:29:26,105 [ERROR] scanner - Traceback (most recent call last):
  File "C:\Users\Administrator\AppData\Local\Programs\Python\Python312\Lib\site-packages\pandas\core\indexes\base.py", line 3641, in get_loc
    return self._engine.get_loc(casted_key)
           ^^^^^^^^^^^^^^^^^^^^^^^^^^^^^^^^
  File "pandas/_libs/index.pyx", line 168, in pandas._libs.index.IndexEngine.get_loc
  File "pandas/_libs/index.pyx", line 197, in pandas._libs.index.IndexEngine.get_loc
  File "pandas/_libs/hashtable_class_helper.pxi", line 7668, in pandas._libs.hashtable.PyObjectHashTable.get_item
  File "pandas/_libs/hashtable_class_helper.pxi", line 7676, in pandas._libs.hashtable.PyObjectHashTable.get_item
KeyError: 'option_type'

The above exception was the direct cause of the following exception:

Traceback (most recent call last):
  File "<input>", line 170, in step_run_single
  File "C:\Users\Administrator\AppData\Local\Programs\Python\Python312\Lib\site-packages\pandas\core\frame.py", line 4378, in __getitem__
    indexer = self.columns.get_loc(key)
              ^^^^^^^^^^^^^^^^^^^^^^^^^
  File "C:\Users\Administrator\AppData\Local\Programs\Python\Python312\Lib\site-packages\pandas\core\indexes\base.py", line 3648, in get_loc
    raise KeyError(key) from err
KeyError: 'option_type'

2026-05-01 15:29:26,105 [INFO] checkpoint - 读取断点缓存：已完成 334 个标的
2026-05-01 15:29:26,106 [INFO] scanner - [336/527] US.ITW  完成率 64%  预计剩余 43m04s
2026-05-01 15:29:26,106 [INFO] scanner - ──────────────────────────────────────────────────
2026-05-01 15:29:26,106 [INFO] scanner - 处理标的: US.ITW
2026-05-01 15:29:26,145 [INFO] scanner - [STEP1] 获取 US.ITW 候选期权链…
2026-05-01 15:29:26,179 [INFO] option_chain_fetcher - [US.ITW] 4 个到期日 → 4 批次调用
2026-05-01 15:29:26,931 [WARNING] rate_limiter - [_call] 第 1/5 次失败: 获取期权链频率太高，请求失败，每30秒最多10次。，5.0s 后重试…
2026-05-01 15:29:31,933 [WARNING] rate_limiter - [_call] 第 2/5 次失败: 获取期权链频率太高，请求失败，每30秒最多10次。，10.0s 后重试…
2026-05-01 15:29:41,935 [WARNING] rate_limiter - [_call] 第 3/5 次失败: 获取期权链频率太高，请求失败，每30秒最多10次。，20.0s 后重试…
2026-05-01 15:30:02,690 [INFO] option_chain_fetcher - [US.ITW] 候选合约共 0 个
2026-05-01 15:30:02,690 [INFO] scanner - [STEP1] US.ITW: 候选合约 0 个
2026-05-01 15:30:02,690 [INFO] scanner - [STEP2] 获取 0 个合约快照…
2026-05-01 15:30:02,690 [WARNING] scanner - [STEP2] 合约列表为空，跳过
2026-05-01 15:30:02,690 [ERROR] scanner - [US.ITW] 处理异常: 'option_type'
2026-05-01 15:30:02,691 [ERROR] scanner - Traceback (most recent call last):
  File "C:\Users\Administrator\AppData\Local\Programs\Python\Python312\Lib\site-packages\pandas\core\indexes\base.py", line 3641, in get_loc
    return self._engine.get_loc(casted_key)
           ^^^^^^^^^^^^^^^^^^^^^^^^^^^^^^^^
  File "pandas/_libs/index.pyx", line 168, in pandas._libs.index.IndexEngine.get_loc
  File "pandas/_libs/index.pyx", line 197, in pandas._libs.index.IndexEngine.get_loc
  File "pandas/_libs/hashtable_class_helper.pxi", line 7668, in pandas._libs.hashtable.PyObjectHashTable.get_item
  File "pandas/_libs/hashtable_class_helper.pxi", line 7676, in pandas._libs.hashtable.PyObjectHashTable.get_item
KeyError: 'option_type'

The above exception was the direct cause of the following exception:

Traceback (most recent call last):
  File "<input>", line 170, in step_run_single
  File "C:\Users\Administrator\AppData\Local\Programs\Python\Python312\Lib\site-packages\pandas\core\frame.py", line 4378, in __getitem__
    indexer = self.columns.get_loc(key)
              ^^^^^^^^^^^^^^^^^^^^^^^^^
  File "C:\Users\Administrator\AppData\Local\Programs\Python\Python312\Lib\site-packages\pandas\core\indexes\base.py", line 3648, in get_loc
    raise KeyError(key) from err
KeyError: 'option_type'

2026-05-01 15:30:02,691 [INFO] checkpoint - 读取断点缓存：已完成 335 个标的
2026-05-01 15:30:02,692 [INFO] scanner - [337/527] US.IVZ  完成率 64%  预计剩余 43m04s
2026-05-01 15:30:02,692 [INFO] scanner - ──────────────────────────────────────────────────
2026-05-01 15:30:02,692 [INFO] scanner - 处理标的: US.IVZ
2026-05-01 15:30:02,732 [INFO] scanner - [STEP1] 获取 US.IVZ 候选期权链…
2026-05-01 15:30:02,768 [INFO] option_chain_fetcher - [US.IVZ] 4 个到期日 → 4 批次调用
2026-05-01 15:30:04,269 [INFO] option_chain_fetcher - [US.IVZ] 候选合约共 0 个
2026-05-01 15:30:04,269 [INFO] scanner - [STEP1] US.IVZ: 候选合约 0 个
2026-05-01 15:30:04,269 [INFO] scanner - [STEP2] 获取 0 个合约快照…
2026-05-01 15:30:04,269 [WARNING] scanner - [STEP2] 合约列表为空，跳过
2026-05-01 15:30:04,270 [ERROR] scanner - [US.IVZ] 处理异常: 'option_type'
2026-05-01 15:30:04,270 [ERROR] scanner - Traceback (most recent call last):
  File "C:\Users\Administrator\AppData\Local\Programs\Python\Python312\Lib\site-packages\pandas\core\indexes\base.py", line 3641, in get_loc
    return self._engine.get_loc(casted_key)
           ^^^^^^^^^^^^^^^^^^^^^^^^^^^^^^^^
  File "pandas/_libs/index.pyx", line 168, in pandas._libs.index.IndexEngine.get_loc
  File "pandas/_libs/index.pyx", line 197, in pandas._libs.index.IndexEngine.get_loc
  File "pandas/_libs/hashtable_class_helper.pxi", line 7668, in pandas._libs.hashtable.PyObjectHashTable.get_item
  File "pandas/_libs/hashtable_class_helper.pxi", line 7676, in pandas._libs.hashtable.PyObjectHashTable.get_item
KeyError: 'option_type'

The above exception was the direct cause of the following exception:

Traceback (most recent call last):
  File "<input>", line 170, in step_run_single
  File "C:\Users\Administrator\AppData\Local\Programs\Python\Python312\Lib\site-packages\pandas\core\frame.py", line 4378, in __getitem__
    indexer = self.columns.get_loc(key)
              ^^^^^^^^^^^^^^^^^^^^^^^^^
  File "C:\Users\Administrator\AppData\Local\Programs\Python\Python312\Lib\site-packages\pandas\core\indexes\base.py", line 3648, in get_loc
    raise KeyError(key) from err
KeyError: 'option_type'

2026-05-01 15:30:04,271 [INFO] checkpoint - 读取断点缓存：已完成 336 个标的
2026-05-01 15:30:04,271 [INFO] scanner - [338/527] US.J  完成率 64%  预计剩余 42m44s
2026-05-01 15:30:04,271 [INFO] scanner - ──────────────────────────────────────────────────
2026-05-01 15:30:04,271 [INFO] scanner - 处理标的: US.J
2026-05-01 15:30:04,310 [INFO] scanner - [STEP1] 获取 US.J 候选期权链…
2026-05-01 15:30:04,344 [INFO] option_chain_fetcher - [US.J] 4 个到期日 → 4 批次调用
2026-05-01 15:30:05,848 [INFO] option_chain_fetcher - [US.J] 候选合约共 0 个
2026-05-01 15:30:05,848 [INFO] scanner - [STEP1] US.J: 候选合约 0 个
2026-05-01 15:30:05,848 [INFO] scanner - [STEP2] 获取 0 个合约快照…
2026-05-01 15:30:05,848 [WARNING] scanner - [STEP2] 合约列表为空，跳过
2026-05-01 15:30:05,849 [ERROR] scanner - [US.J] 处理异常: 'option_type'
2026-05-01 15:30:05,849 [ERROR] scanner - Traceback (most recent call last):
  File "C:\Users\Administrator\AppData\Local\Programs\Python\Python312\Lib\site-packages\pandas\core\indexes\base.py", line 3641, in get_loc
    return self._engine.get_loc(casted_key)
           ^^^^^^^^^^^^^^^^^^^^^^^^^^^^^^^^
  File "pandas/_libs/index.pyx", line 168, in pandas._libs.index.IndexEngine.get_loc
  File "pandas/_libs/index.pyx", line 197, in pandas._libs.index.IndexEngine.get_loc
  File "pandas/_libs/hashtable_class_helper.pxi", line 7668, in pandas._libs.hashtable.PyObjectHashTable.get_item
  File "pandas/_libs/hashtable_class_helper.pxi", line 7676, in pandas._libs.hashtable.PyObjectHashTable.get_item
KeyError: 'option_type'

The above exception was the direct cause of the following exception:

Traceback (most recent call last):
  File "<input>", line 170, in step_run_single
  File "C:\Users\Administrator\AppData\Local\Programs\Python\Python312\Lib\site-packages\pandas\core\frame.py", line 4378, in __getitem__
    indexer = self.columns.get_loc(key)
              ^^^^^^^^^^^^^^^^^^^^^^^^^
  File "C:\Users\Administrator\AppData\Local\Programs\Python\Python312\Lib\site-packages\pandas\core\indexes\base.py", line 3648, in get_loc
    raise KeyError(key) from err
KeyError: 'option_type'

2026-05-01 15:30:05,850 [INFO] checkpoint - 读取断点缓存：已完成 337 个标的
2026-05-01 15:30:05,850 [INFO] scanner - [339/527] US.JBHT  完成率 64%  预计剩余 42m24s
2026-05-01 15:30:05,850 [INFO] scanner - ──────────────────────────────────────────────────
2026-05-01 15:30:05,850 [INFO] scanner - 处理标的: US.JBHT
2026-05-01 15:30:05,888 [INFO] scanner - [STEP1] 获取 US.JBHT 候选期权链…
2026-05-01 15:30:05,923 [INFO] option_chain_fetcher - [US.JBHT] 4 个到期日 → 4 批次调用
2026-05-01 15:30:05,925 [WARNING] rate_limiter - [_call] 第 1/5 次失败: 获取期权链频率太高，请求失败，每30秒最多10次。，5.0s 后重试…
2026-05-01 15:30:10,927 [WARNING] rate_limiter - [_call] 第 2/5 次失败: 获取期权链频率太高，请求失败，每30秒最多10次。，10.0s 后重试…
2026-05-01 15:30:20,930 [WARNING] rate_limiter - [_call] 第 3/5 次失败: 获取期权链频率太高，请求失败，每30秒最多10次。，20.0s 后重试…
2026-05-01 15:30:42,513 [INFO] option_chain_fetcher - [US.JBHT] 候选合约共 1 个
2026-05-01 15:30:42,513 [INFO] scanner - [STEP1] US.JBHT: 候选合约 1 个
2026-05-01 15:30:42,513 [INFO] scanner - [STEP2] 获取 1 个合约快照…
2026-05-01 15:30:42,580 [INFO] snapshot_fetcher - 快照获取完成：1/1 个合约
2026-05-01 15:30:42,582 [INFO] scanner - [STEP2] 成功获取 1 条快照
2026-05-01 15:30:42,583 [INFO] scanner - [STEP3] 对 US.JBHT 执行异常检测…
2026-05-01 15:30:42,584 [INFO] anomaly_detector - 本批次无异常合约
2026-05-01 15:30:42,585 [INFO] checkpoint - 读取断点缓存：已完成 338 个标的
2026-05-01 15:30:42,587 [INFO] scanner - [340/527] US.JBL  完成率 65%  预计剩余 42m23s
2026-05-01 15:30:42,587 [INFO] scanner - ──────────────────────────────────────────────────
2026-05-01 15:30:42,587 [INFO] scanner - 处理标的: US.JBL
2026-05-01 15:30:42,627 [INFO] scanner - [STEP1] 获取 US.JBL 候选期权链…
2026-05-01 15:30:42,670 [INFO] option_chain_fetcher - [US.JBL] 9 个到期日 → 3 批次调用
2026-05-01 15:30:44,088 [INFO] option_chain_fetcher - [US.JBL] 候选合约共 3 个
2026-05-01 15:30:44,088 [INFO] scanner - [STEP1] US.JBL: 候选合约 3 个
2026-05-01 15:30:44,088 [INFO] scanner - [STEP2] 获取 3 个合约快照…
2026-05-01 15:30:44,161 [INFO] snapshot_fetcher - 快照获取完成：3/3 个合约
2026-05-01 15:30:44,162 [INFO] scanner - [STEP2] 成功获取 3 条快照
2026-05-01 15:30:44,163 [INFO] scanner - [STEP3] 对 US.JBL 执行异常检测…
2026-05-01 15:30:44,165 [INFO] anomaly_detector - 发现异常合约 1 个
2026-05-01 15:30:44,166 [INFO] anomaly_detector - 已追加写入 1 条异常记录 → .\filter_data\anomaly_results2026-05-01.csv
2026-05-01 15:30:44,167 [INFO] checkpoint - 读取断点缓存：已完成 339 个标的
2026-05-01 15:30:44,167 [INFO] scanner - [341/527] US.JCI  完成率 65%  预计剩余 42m03s
2026-05-01 15:30:44,168 [INFO] scanner - ──────────────────────────────────────────────────
2026-05-01 15:30:44,168 [INFO] scanner - 处理标的: US.JCI
2026-05-01 15:30:44,208 [INFO] scanner - [STEP1] 获取 US.JCI 候选期权链…
2026-05-01 15:30:44,242 [INFO] option_chain_fetcher - [US.JCI] 5 个到期日 → 4 批次调用
2026-05-01 15:30:45,385 [WARNING] rate_limiter - [_call] 第 1/5 次失败: 获取期权链频率太高，请求失败，每30秒最多10次。，5.0s 后重试…
2026-05-01 15:30:50,387 [WARNING] rate_limiter - [_call] 第 2/5 次失败: 获取期权链频率太高，请求失败，每30秒最多10次。，10.0s 后重试…
2026-05-01 15:31:00,388 [WARNING] rate_limiter - [_call] 第 3/5 次失败: 获取期权链频率太高，请求失败，每30秒最多10次。，20.0s 后重试…
2026-05-01 15:31:20,808 [INFO] option_chain_fetcher - [US.JCI] 候选合约共 0 个
2026-05-01 15:31:20,808 [INFO] scanner - [STEP1] US.JCI: 候选合约 0 个
2026-05-01 15:31:20,808 [INFO] scanner - [STEP2] 获取 0 个合约快照…
2026-05-01 15:31:20,808 [WARNING] scanner - [STEP2] 合约列表为空，跳过
2026-05-01 15:31:20,808 [ERROR] scanner - [US.JCI] 处理异常: 'option_type'
2026-05-01 15:31:20,809 [ERROR] scanner - Traceback (most recent call last):
  File "C:\Users\Administrator\AppData\Local\Programs\Python\Python312\Lib\site-packages\pandas\core\indexes\base.py", line 3641, in get_loc
    return self._engine.get_loc(casted_key)
           ^^^^^^^^^^^^^^^^^^^^^^^^^^^^^^^^
  File "pandas/_libs/index.pyx", line 168, in pandas._libs.index.IndexEngine.get_loc
  File "pandas/_libs/index.pyx", line 197, in pandas._libs.index.IndexEngine.get_loc
  File "pandas/_libs/hashtable_class_helper.pxi", line 7668, in pandas._libs.hashtable.PyObjectHashTable.get_item
  File "pandas/_libs/hashtable_class_helper.pxi", line 7676, in pandas._libs.hashtable.PyObjectHashTable.get_item
KeyError: 'option_type'

The above exception was the direct cause of the following exception:

Traceback (most recent call last):
  File "<input>", line 170, in step_run_single
  File "C:\Users\Administrator\AppData\Local\Programs\Python\Python312\Lib\site-packages\pandas\core\frame.py", line 4378, in __getitem__
    indexer = self.columns.get_loc(key)
              ^^^^^^^^^^^^^^^^^^^^^^^^^
  File "C:\Users\Administrator\AppData\Local\Programs\Python\Python312\Lib\site-packages\pandas\core\indexes\base.py", line 3648, in get_loc
    raise KeyError(key) from err
KeyError: 'option_type'

2026-05-01 15:31:20,809 [INFO] checkpoint - 读取断点缓存：已完成 340 个标的
2026-05-01 15:31:20,810 [INFO] scanner - [342/527] US.JKHY  完成率 65%  预计剩余 42m02s
2026-05-01 15:31:20,810 [INFO] scanner - ──────────────────────────────────────────────────
2026-05-01 15:31:20,810 [INFO] scanner - 处理标的: US.JKHY
2026-05-01 15:31:20,850 [INFO] scanner - [STEP1] 获取 US.JKHY 候选期权链…
2026-05-01 15:31:20,886 [INFO] option_chain_fetcher - [US.JKHY] 3 个到期日 → 3 批次调用
2026-05-01 15:31:22,023 [INFO] option_chain_fetcher - [US.JKHY] 候选合约共 0 个
2026-05-01 15:31:22,023 [INFO] scanner - [STEP1] US.JKHY: 候选合约 0 个
2026-05-01 15:31:22,023 [INFO] scanner - [STEP2] 获取 0 个合约快照…
2026-05-01 15:31:22,023 [WARNING] scanner - [STEP2] 合约列表为空，跳过
2026-05-01 15:31:22,023 [ERROR] scanner - [US.JKHY] 处理异常: 'option_type'
2026-05-01 15:31:22,024 [ERROR] scanner - Traceback (most recent call last):
  File "C:\Users\Administrator\AppData\Local\Programs\Python\Python312\Lib\site-packages\pandas\core\indexes\base.py", line 3641, in get_loc
    return self._engine.get_loc(casted_key)
           ^^^^^^^^^^^^^^^^^^^^^^^^^^^^^^^^
  File "pandas/_libs/index.pyx", line 168, in pandas._libs.index.IndexEngine.get_loc
  File "pandas/_libs/index.pyx", line 197, in pandas._libs.index.IndexEngine.get_loc
  File "pandas/_libs/hashtable_class_helper.pxi", line 7668, in pandas._libs.hashtable.PyObjectHashTable.get_item
  File "pandas/_libs/hashtable_class_helper.pxi", line 7676, in pandas._libs.hashtable.PyObjectHashTable.get_item
KeyError: 'option_type'

The above exception was the direct cause of the following exception:

Traceback (most recent call last):
  File "<input>", line 170, in step_run_single
  File "C:\Users\Administrator\AppData\Local\Programs\Python\Python312\Lib\site-packages\pandas\core\frame.py", line 4378, in __getitem__
    indexer = self.columns.get_loc(key)
              ^^^^^^^^^^^^^^^^^^^^^^^^^
  File "C:\Users\Administrator\AppData\Local\Programs\Python\Python312\Lib\site-packages\pandas\core\indexes\base.py", line 3648, in get_loc
    raise KeyError(key) from err
KeyError: 'option_type'

2026-05-01 15:31:22,024 [INFO] checkpoint - 读取断点缓存：已完成 341 个标的
2026-05-01 15:31:22,025 [INFO] scanner - [343/527] US.KEY  完成率 65%  预计剩余 41m42s
2026-05-01 15:31:22,025 [INFO] scanner - ──────────────────────────────────────────────────
2026-05-01 15:31:22,025 [INFO] scanner - 处理标的: US.KEY
2026-05-01 15:31:22,063 [INFO] scanner - [STEP1] 获取 US.KEY 候选期权链…
2026-05-01 15:31:22,099 [INFO] option_chain_fetcher - [US.KEY] 7 个到期日 → 6 批次调用
2026-05-01 15:31:24,463 [INFO] option_chain_fetcher - [US.KEY] 候选合约共 1 个
2026-05-01 15:31:24,463 [INFO] scanner - [STEP1] US.KEY: 候选合约 1 个
2026-05-01 15:31:24,463 [INFO] scanner - [STEP2] 获取 1 个合约快照…
2026-05-01 15:31:24,532 [INFO] snapshot_fetcher - 快照获取完成：1/1 个合约
2026-05-01 15:31:24,533 [INFO] scanner - [STEP2] 成功获取 1 条快照
2026-05-01 15:31:24,534 [INFO] scanner - [STEP3] 对 US.KEY 执行异常检测…
2026-05-01 15:31:24,535 [INFO] anomaly_detector - 本批次无异常合约
2026-05-01 15:31:24,536 [INFO] checkpoint - 读取断点缓存：已完成 342 个标的
2026-05-01 15:31:24,537 [INFO] scanner - [344/527] US.KEYS  完成率 65%  预计剩余 41m22s
2026-05-01 15:31:24,537 [INFO] scanner - ──────────────────────────────────────────────────
2026-05-01 15:31:24,538 [INFO] scanner - 处理标的: US.KEYS
2026-05-01 15:31:24,584 [INFO] scanner - [STEP1] 获取 US.KEYS 候选期权链…
2026-05-01 15:31:24,623 [INFO] option_chain_fetcher - [US.KEYS] 6 个到期日 → 5 批次调用
2026-05-01 15:31:24,625 [WARNING] rate_limiter - [_call] 第 1/5 次失败: 获取期权链频率太高，请求失败，每30秒最多10次。，5.0s 后重试…
2026-05-01 15:31:29,627 [WARNING] rate_limiter - [_call] 第 2/5 次失败: 获取期权链频率太高，请求失败，每30秒最多10次。，10.0s 后重试…
2026-05-01 15:31:39,630 [WARNING] rate_limiter - [_call] 第 3/5 次失败: 获取期权链频率太高，请求失败，每30秒最多10次。，20.0s 后重试…
2026-05-01 15:32:01,591 [INFO] option_chain_fetcher - [US.KEYS] 候选合约共 2 个
2026-05-01 15:32:01,591 [INFO] scanner - [STEP1] US.KEYS: 候选合约 2 个
2026-05-01 15:32:01,591 [INFO] scanner - [STEP2] 获取 2 个合约快照…
2026-05-01 15:32:01,658 [INFO] snapshot_fetcher - 快照获取完成：2/2 个合约
2026-05-01 15:32:01,658 [INFO] scanner - [STEP2] 成功获取 2 条快照
2026-05-01 15:32:01,659 [INFO] scanner - [STEP3] 对 US.KEYS 执行异常检测…
2026-05-01 15:32:01,660 [INFO] anomaly_detector - 发现异常合约 2 个
2026-05-01 15:32:01,662 [INFO] anomaly_detector - 已追加写入 2 条异常记录 → .\filter_data\anomaly_results2026-05-01.csv
2026-05-01 15:32:01,663 [INFO] checkpoint - 读取断点缓存：已完成 343 个标的
2026-05-01 15:32:01,663 [INFO] scanner - [345/527] US.KIM  完成率 65%  预计剩余 41m22s
2026-05-01 15:32:01,663 [INFO] scanner - ──────────────────────────────────────────────────
2026-05-01 15:32:01,663 [INFO] scanner - 处理标的: US.KIM
2026-05-01 15:32:01,769 [INFO] scanner - US.KIM 市值过大，pass
2026-05-01 15:32:01,769 [INFO] scanner - [STEP2] 获取 0 个合约快照…
2026-05-01 15:32:01,769 [WARNING] scanner - [STEP2] 合约列表为空，跳过
2026-05-01 15:32:01,769 [ERROR] scanner - [US.KIM] 处理异常: 'option_type'
2026-05-01 15:32:01,770 [ERROR] scanner - Traceback (most recent call last):
  File "C:\Users\Administrator\AppData\Local\Programs\Python\Python312\Lib\site-packages\pandas\core\indexes\base.py", line 3641, in get_loc
    return self._engine.get_loc(casted_key)
           ^^^^^^^^^^^^^^^^^^^^^^^^^^^^^^^^
  File "pandas/_libs/index.pyx", line 168, in pandas._libs.index.IndexEngine.get_loc
  File "pandas/_libs/index.pyx", line 197, in pandas._libs.index.IndexEngine.get_loc
  File "pandas/_libs/hashtable_class_helper.pxi", line 7668, in pandas._libs.hashtable.PyObjectHashTable.get_item
  File "pandas/_libs/hashtable_class_helper.pxi", line 7676, in pandas._libs.hashtable.PyObjectHashTable.get_item
KeyError: 'option_type'

The above exception was the direct cause of the following exception:

Traceback (most recent call last):
  File "<input>", line 170, in step_run_single
  File "C:\Users\Administrator\AppData\Local\Programs\Python\Python312\Lib\site-packages\pandas\core\frame.py", line 4378, in __getitem__
    indexer = self.columns.get_loc(key)
              ^^^^^^^^^^^^^^^^^^^^^^^^^
  File "C:\Users\Administrator\AppData\Local\Programs\Python\Python312\Lib\site-packages\pandas\core\indexes\base.py", line 3648, in get_loc
    raise KeyError(key) from err
KeyError: 'option_type'

2026-05-01 15:32:01,770 [INFO] checkpoint - 读取断点缓存：已完成 344 个标的
2026-05-01 15:32:01,771 [INFO] scanner - [346/527] US.KKR  完成率 66%  预计剩余 41m01s
2026-05-01 15:32:01,771 [INFO] scanner - ──────────────────────────────────────────────────
2026-05-01 15:32:01,771 [INFO] scanner - 处理标的: US.KKR
2026-05-01 15:32:01,814 [INFO] scanner - [STEP1] 获取 US.KKR 候选期权链…
2026-05-01 15:32:01,850 [INFO] option_chain_fetcher - [US.KKR] 11 个到期日 → 4 批次调用
2026-05-01 15:32:03,803 [INFO] option_chain_fetcher - [US.KKR] 候选合约共 7 个
2026-05-01 15:32:03,803 [INFO] scanner - [STEP1] US.KKR: 候选合约 7 个
2026-05-01 15:32:03,803 [INFO] scanner - [STEP2] 获取 7 个合约快照…
2026-05-01 15:32:03,872 [INFO] snapshot_fetcher - 快照获取完成：7/7 个合约
2026-05-01 15:32:03,873 [INFO] scanner - [STEP2] 成功获取 7 条快照
2026-05-01 15:32:03,874 [INFO] scanner - [STEP3] 对 US.KKR 执行异常检测…
2026-05-01 15:32:03,876 [INFO] anomaly_detector - 本批次无异常合约
2026-05-01 15:32:03,876 [INFO] checkpoint - 读取断点缓存：已完成 345 个标的
2026-05-01 15:32:03,877 [INFO] scanner - [347/527] US.KMB  完成率 66%  预计剩余 40m41s
2026-05-01 15:32:03,877 [INFO] scanner - ──────────────────────────────────────────────────
2026-05-01 15:32:03,877 [INFO] scanner - 处理标的: US.KMB
2026-05-01 15:32:03,917 [INFO] scanner - [STEP1] 获取 US.KMB 候选期权链…
2026-05-01 15:32:03,952 [INFO] option_chain_fetcher - [US.KMB] 12 个到期日 → 5 批次调用
2026-05-01 15:32:04,523 [WARNING] rate_limiter - [_call] 第 1/5 次失败: 获取期权链频率太高，请求失败，每30秒最多10次。，5.0s 后重试…
2026-05-01 15:32:09,525 [WARNING] rate_limiter - [_call] 第 2/5 次失败: 获取期权链频率太高，请求失败，每30秒最多10次。，10.0s 后重试…
2026-05-01 15:32:19,555 [WARNING] rate_limiter - [_call] 第 3/5 次失败: 获取期权链频率太高，请求失败，每30秒最多10次。，20.0s 后重试…
2026-05-01 15:32:41,194 [INFO] option_chain_fetcher - [US.KMB] 候选合约共 3 个
2026-05-01 15:32:41,194 [INFO] scanner - [STEP1] US.KMB: 候选合约 3 个
2026-05-01 15:32:41,194 [INFO] scanner - [STEP2] 获取 3 个合约快照…
2026-05-01 15:32:41,259 [INFO] snapshot_fetcher - 快照获取完成：3/3 个合约
2026-05-01 15:32:41,259 [INFO] scanner - [STEP2] 成功获取 3 条快照
2026-05-01 15:32:41,260 [INFO] scanner - [STEP3] 对 US.KMB 执行异常检测…
2026-05-01 15:32:41,261 [INFO] anomaly_detector - 本批次无异常合约
2026-05-01 15:32:41,262 [INFO] checkpoint - 读取断点缓存：已完成 346 个标的
2026-05-01 15:32:41,262 [INFO] scanner - [348/527] US.KMI  完成率 66%  预计剩余 40m40s
2026-05-01 15:32:41,262 [INFO] scanner - ──────────────────────────────────────────────────
2026-05-01 15:32:41,262 [INFO] scanner - 处理标的: US.KMI
2026-05-01 15:32:41,301 [INFO] scanner - [STEP1] 获取 US.KMI 候选期权链…
2026-05-01 15:32:41,336 [INFO] option_chain_fetcher - [US.KMI] 9 个到期日 → 3 批次调用
2026-05-01 15:32:42,900 [INFO] option_chain_fetcher - [US.KMI] 候选合约共 21 个
2026-05-01 15:32:42,900 [INFO] scanner - [STEP1] US.KMI: 候选合约 21 个
2026-05-01 15:32:42,900 [INFO] scanner - [STEP2] 获取 21 个合约快照…
2026-05-01 15:32:42,979 [INFO] snapshot_fetcher - 快照获取完成：21/21 个合约
2026-05-01 15:32:42,979 [INFO] scanner - [STEP2] 成功获取 21 条快照
2026-05-01 15:32:42,980 [INFO] scanner - [STEP3] 对 US.KMI 执行异常检测…
2026-05-01 15:32:42,981 [INFO] anomaly_detector - 发现异常合约 2 个
2026-05-01 15:32:42,983 [INFO] anomaly_detector - 已追加写入 2 条异常记录 → .\filter_data\anomaly_results2026-05-01.csv
2026-05-01 15:32:42,983 [INFO] checkpoint - 读取断点缓存：已完成 347 个标的
2026-05-01 15:32:42,984 [INFO] scanner - [349/527] US.KR  完成率 66%  预计剩余 40m21s
2026-05-01 15:32:42,984 [INFO] scanner - ──────────────────────────────────────────────────
2026-05-01 15:32:42,984 [INFO] scanner - 处理标的: US.KR
2026-05-01 15:32:43,026 [INFO] scanner - [STEP1] 获取 US.KR 候选期权链…
2026-05-01 15:32:43,061 [INFO] option_chain_fetcher - [US.KR] 11 个到期日 → 4 批次调用
2026-05-01 15:32:44,519 [WARNING] rate_limiter - [_call] 第 1/5 次失败: 获取期权链频率太高，请求失败，每30秒最多10次。，5.0s 后重试…
2026-05-01 15:32:49,521 [WARNING] rate_limiter - [_call] 第 2/5 次失败: 获取期权链频率太高，请求失败，每30秒最多10次。，10.0s 后重试…
2026-05-01 15:32:59,522 [WARNING] rate_limiter - [_call] 第 3/5 次失败: 获取期权链频率太高，请求失败，每30秒最多10次。，20.0s 后重试…
2026-05-01 15:33:19,939 [INFO] option_chain_fetcher - [US.KR] 候选合约共 4 个
2026-05-01 15:33:19,939 [INFO] scanner - [STEP1] US.KR: 候选合约 4 个
2026-05-01 15:33:19,939 [INFO] scanner - [STEP2] 获取 4 个合约快照…
2026-05-01 15:33:20,006 [INFO] snapshot_fetcher - 快照获取完成：4/4 个合约
2026-05-01 15:33:20,007 [INFO] scanner - [STEP2] 成功获取 4 条快照
2026-05-01 15:33:20,007 [INFO] scanner - [STEP3] 对 US.KR 执行异常检测…
2026-05-01 15:33:20,008 [INFO] anomaly_detector - 本批次无异常合约
2026-05-01 15:33:20,009 [INFO] checkpoint - 读取断点缓存：已完成 348 个标的
2026-05-01 15:33:20,009 [INFO] scanner - [350/527] US.KVUE  完成率 66%  预计剩余 40m19s
2026-05-01 15:33:20,009 [INFO] scanner - ──────────────────────────────────────────────────
2026-05-01 15:33:20,009 [INFO] scanner - 处理标的: US.KVUE
2026-05-01 15:33:20,048 [INFO] scanner - [STEP1] 获取 US.KVUE 候选期权链…
2026-05-01 15:33:20,084 [INFO] option_chain_fetcher - [US.KVUE] 11 个到期日 → 4 批次调用
2026-05-01 15:33:21,947 [INFO] option_chain_fetcher - [US.KVUE] 候选合约共 3 个
2026-05-01 15:33:21,947 [INFO] scanner - [STEP1] US.KVUE: 候选合约 3 个
2026-05-01 15:33:21,947 [INFO] scanner - [STEP2] 获取 3 个合约快照…
2026-05-01 15:33:22,018 [INFO] snapshot_fetcher - 快照获取完成：3/3 个合约
2026-05-01 15:33:22,019 [INFO] scanner - [STEP2] 成功获取 3 条快照
2026-05-01 15:33:22,022 [INFO] scanner - [STEP3] 对 US.KVUE 执行异常检测…
2026-05-01 15:33:22,024 [INFO] anomaly_detector - 本批次无异常合约
2026-05-01 15:33:22,024 [INFO] checkpoint - 读取断点缓存：已完成 349 个标的
2026-05-01 15:33:22,025 [INFO] scanner - [351/527] US.L  完成率 67%  预计剩余 40m00s
2026-05-01 15:33:22,025 [INFO] scanner - ──────────────────────────────────────────────────
2026-05-01 15:33:22,026 [INFO] scanner - 处理标的: US.L
2026-05-01 15:33:22,069 [INFO] scanner - [STEP1] 获取 US.L 候选期权链…
2026-05-01 15:33:22,107 [INFO] option_chain_fetcher - [US.L] 3 个到期日 → 3 批次调用
2026-05-01 15:33:23,306 [INFO] option_chain_fetcher - [US.L] 候选合约共 1 个
2026-05-01 15:33:23,306 [INFO] scanner - [STEP1] US.L: 候选合约 1 个
2026-05-01 15:33:23,306 [INFO] scanner - [STEP2] 获取 1 个合约快照…
2026-05-01 15:33:23,376 [INFO] snapshot_fetcher - 快照获取完成：1/1 个合约
2026-05-01 15:33:23,377 [INFO] scanner - [STEP2] 成功获取 1 条快照
2026-05-01 15:33:23,379 [INFO] scanner - [STEP3] 对 US.L 执行异常检测…
2026-05-01 15:33:23,380 [INFO] anomaly_detector - 本批次无异常合约
2026-05-01 15:33:23,381 [INFO] checkpoint - 读取断点缓存：已完成 350 个标的
2026-05-01 15:33:23,382 [INFO] scanner - [352/527] US.LDOS  完成率 67%  预计剩余 39m40s
2026-05-01 15:33:23,382 [INFO] scanner - ──────────────────────────────────────────────────
2026-05-01 15:33:23,382 [INFO] scanner - 处理标的: US.LDOS
2026-05-01 15:33:23,425 [INFO] scanner - [STEP1] 获取 US.LDOS 候选期权链…
2026-05-01 15:33:23,461 [INFO] option_chain_fetcher - [US.LDOS] 4 个到期日 → 4 批次调用
2026-05-01 15:33:24,220 [WARNING] rate_limiter - [_call] 第 1/5 次失败: 获取期权链频率太高，请求失败，每30秒最多10次。，5.0s 后重试…
2026-05-01 15:33:29,223 [WARNING] rate_limiter - [_call] 第 2/5 次失败: 获取期权链频率太高，请求失败，每30秒最多10次。，10.0s 后重试…
2026-05-01 15:33:39,225 [WARNING] rate_limiter - [_call] 第 3/5 次失败: 获取期权链频率太高，请求失败，每30秒最多10次。，20.0s 后重试…
2026-05-01 15:33:59,979 [INFO] option_chain_fetcher - [US.LDOS] 候选合约共 0 个
2026-05-01 15:33:59,979 [INFO] scanner - [STEP1] US.LDOS: 候选合约 0 个
2026-05-01 15:33:59,979 [INFO] scanner - [STEP2] 获取 0 个合约快照…
2026-05-01 15:33:59,979 [WARNING] scanner - [STEP2] 合约列表为空，跳过
2026-05-01 15:33:59,980 [ERROR] scanner - [US.LDOS] 处理异常: 'option_type'
2026-05-01 15:33:59,981 [ERROR] scanner - Traceback (most recent call last):
  File "C:\Users\Administrator\AppData\Local\Programs\Python\Python312\Lib\site-packages\pandas\core\indexes\base.py", line 3641, in get_loc
    return self._engine.get_loc(casted_key)
           ^^^^^^^^^^^^^^^^^^^^^^^^^^^^^^^^
  File "pandas/_libs/index.pyx", line 168, in pandas._libs.index.IndexEngine.get_loc
  File "pandas/_libs/index.pyx", line 197, in pandas._libs.index.IndexEngine.get_loc
  File "pandas/_libs/hashtable_class_helper.pxi", line 7668, in pandas._libs.hashtable.PyObjectHashTable.get_item
  File "pandas/_libs/hashtable_class_helper.pxi", line 7676, in pandas._libs.hashtable.PyObjectHashTable.get_item
KeyError: 'option_type'

The above exception was the direct cause of the following exception:

Traceback (most recent call last):
  File "<input>", line 170, in step_run_single
  File "C:\Users\Administrator\AppData\Local\Programs\Python\Python312\Lib\site-packages\pandas\core\frame.py", line 4378, in __getitem__
    indexer = self.columns.get_loc(key)
              ^^^^^^^^^^^^^^^^^^^^^^^^^
  File "C:\Users\Administrator\AppData\Local\Programs\Python\Python312\Lib\site-packages\pandas\core\indexes\base.py", line 3648, in get_loc
    raise KeyError(key) from err
KeyError: 'option_type'

2026-05-01 15:33:59,981 [INFO] checkpoint - 读取断点缓存：已完成 351 个标的
2026-05-01 15:33:59,982 [INFO] scanner - [353/527] US.LEN  完成率 67%  预计剩余 39m38s
2026-05-01 15:33:59,982 [INFO] scanner - ──────────────────────────────────────────────────
2026-05-01 15:33:59,982 [INFO] scanner - 处理标的: US.LEN
2026-05-01 15:34:00,020 [INFO] scanner - [STEP1] 获取 US.LEN 候选期权链…
2026-05-01 15:34:00,056 [INFO] option_chain_fetcher - [US.LEN] 11 个到期日 → 4 批次调用
2026-05-01 15:34:01,938 [INFO] option_chain_fetcher - [US.LEN] 候选合约共 4 个
2026-05-01 15:34:01,938 [INFO] scanner - [STEP1] US.LEN: 候选合约 4 个
2026-05-01 15:34:01,938 [INFO] scanner - [STEP2] 获取 4 个合约快照…
2026-05-01 15:34:02,005 [INFO] snapshot_fetcher - 快照获取完成：4/4 个合约
2026-05-01 15:34:02,006 [INFO] scanner - [STEP2] 成功获取 4 条快照
2026-05-01 15:34:02,007 [INFO] scanner - [STEP3] 对 US.LEN 执行异常检测…
2026-05-01 15:34:02,008 [INFO] anomaly_detector - 发现异常合约 2 个
2026-05-01 15:34:02,010 [INFO] anomaly_detector - 已追加写入 2 条异常记录 → .\filter_data\anomaly_results2026-05-01.csv
2026-05-01 15:34:02,010 [INFO] checkpoint - 读取断点缓存：已完成 352 个标的
2026-05-01 15:34:02,011 [INFO] scanner - [354/527] US.LH  完成率 67%  预计剩余 39m19s
2026-05-01 15:34:02,011 [INFO] scanner - ──────────────────────────────────────────────────
2026-05-01 15:34:02,011 [INFO] scanner - 处理标的: US.LH
2026-05-01 15:34:02,073 [INFO] scanner - [STEP1] 获取 US.LH 候选期权链…
2026-05-01 15:34:02,111 [INFO] option_chain_fetcher - [US.LH] 4 个到期日 → 4 批次调用
2026-05-01 15:34:03,702 [INFO] option_chain_fetcher - [US.LH] 候选合约共 2 个
2026-05-01 15:34:03,702 [INFO] scanner - [STEP1] US.LH: 候选合约 2 个
2026-05-01 15:34:03,702 [INFO] scanner - [STEP2] 获取 2 个合约快照…
2026-05-01 15:34:03,770 [INFO] snapshot_fetcher - 快照获取完成：2/2 个合约
2026-05-01 15:34:03,772 [INFO] scanner - [STEP2] 成功获取 2 条快照
2026-05-01 15:34:03,776 [INFO] scanner - [STEP3] 对 US.LH 执行异常检测…
2026-05-01 15:34:03,777 [INFO] anomaly_detector - 本批次无异常合约
2026-05-01 15:34:03,778 [INFO] checkpoint - 读取断点缓存：已完成 353 个标的
2026-05-01 15:34:03,778 [INFO] scanner - [355/527] US.LHX  完成率 67%  预计剩余 38m59s
2026-05-01 15:34:03,779 [INFO] scanner - ──────────────────────────────────────────────────
2026-05-01 15:34:03,779 [INFO] scanner - 处理标的: US.LHX
2026-05-01 15:34:03,817 [INFO] scanner - [STEP1] 获取 US.LHX 候选期权链…
2026-05-01 15:34:03,852 [INFO] option_chain_fetcher - [US.LHX] 11 个到期日 → 5 批次调用
2026-05-01 15:34:03,854 [WARNING] rate_limiter - [_call] 第 1/5 次失败: 获取期权链频率太高，请求失败，每30秒最多10次。，5.0s 后重试…
2026-05-01 15:34:08,857 [WARNING] rate_limiter - [_call] 第 2/5 次失败: 获取期权链频率太高，请求失败，每30秒最多10次。，10.0s 后重试…
2026-05-01 15:34:18,859 [WARNING] rate_limiter - [_call] 第 3/5 次失败: 获取期权链频率太高，请求失败，每30秒最多10次。，20.0s 后重试…
2026-05-01 15:34:41,034 [INFO] option_chain_fetcher - [US.LHX] 候选合约共 2 个
2026-05-01 15:34:41,034 [INFO] scanner - [STEP1] US.LHX: 候选合约 2 个
2026-05-01 15:34:41,035 [INFO] scanner - [STEP2] 获取 2 个合约快照…
2026-05-01 15:34:41,102 [INFO] snapshot_fetcher - 快照获取完成：2/2 个合约
2026-05-01 15:34:41,103 [INFO] scanner - [STEP2] 成功获取 2 条快照
2026-05-01 15:34:41,103 [INFO] scanner - [STEP3] 对 US.LHX 执行异常检测…
2026-05-01 15:34:41,105 [INFO] anomaly_detector - 本批次无异常合约
2026-05-01 15:34:41,105 [INFO] checkpoint - 读取断点缓存：已完成 354 个标的
2026-05-01 15:34:41,106 [INFO] scanner - [356/527] US.LII  完成率 68%  预计剩余 38m57s
2026-05-01 15:34:41,106 [INFO] scanner - ──────────────────────────────────────────────────
2026-05-01 15:34:41,106 [INFO] scanner - 处理标的: US.LII
2026-05-01 15:34:41,171 [INFO] scanner - [STEP1] 获取 US.LII 候选期权链…
2026-05-01 15:34:41,205 [INFO] option_chain_fetcher - [US.LII] 3 个到期日 → 3 批次调用
2026-05-01 15:34:42,359 [INFO] option_chain_fetcher - [US.LII] 候选合约共 0 个
2026-05-01 15:34:42,359 [INFO] scanner - [STEP1] US.LII: 候选合约 0 个
2026-05-01 15:34:42,359 [INFO] scanner - [STEP2] 获取 0 个合约快照…
2026-05-01 15:34:42,359 [WARNING] scanner - [STEP2] 合约列表为空，跳过
2026-05-01 15:34:42,359 [ERROR] scanner - [US.LII] 处理异常: 'option_type'
2026-05-01 15:34:42,360 [ERROR] scanner - Traceback (most recent call last):
  File "C:\Users\Administrator\AppData\Local\Programs\Python\Python312\Lib\site-packages\pandas\core\indexes\base.py", line 3641, in get_loc
    return self._engine.get_loc(casted_key)
           ^^^^^^^^^^^^^^^^^^^^^^^^^^^^^^^^
  File "pandas/_libs/index.pyx", line 168, in pandas._libs.index.IndexEngine.get_loc
  File "pandas/_libs/index.pyx", line 197, in pandas._libs.index.IndexEngine.get_loc
  File "pandas/_libs/hashtable_class_helper.pxi", line 7668, in pandas._libs.hashtable.PyObjectHashTable.get_item
  File "pandas/_libs/hashtable_class_helper.pxi", line 7676, in pandas._libs.hashtable.PyObjectHashTable.get_item
KeyError: 'option_type'

The above exception was the direct cause of the following exception:

Traceback (most recent call last):
  File "<input>", line 170, in step_run_single
  File "C:\Users\Administrator\AppData\Local\Programs\Python\Python312\Lib\site-packages\pandas\core\frame.py", line 4378, in __getitem__
    indexer = self.columns.get_loc(key)
              ^^^^^^^^^^^^^^^^^^^^^^^^^
  File "C:\Users\Administrator\AppData\Local\Programs\Python\Python312\Lib\site-packages\pandas\core\indexes\base.py", line 3648, in get_loc
    raise KeyError(key) from err
KeyError: 'option_type'

2026-05-01 15:34:42,360 [INFO] checkpoint - 读取断点缓存：已完成 355 个标的
2026-05-01 15:34:42,361 [INFO] scanner - [357/527] US.LITE  完成率 68%  预计剩余 38m38s
2026-05-01 15:34:42,361 [INFO] scanner - ──────────────────────────────────────────────────
2026-05-01 15:34:42,361 [INFO] scanner - 处理标的: US.LITE
2026-05-01 15:34:42,400 [INFO] scanner - [STEP1] 获取 US.LITE 候选期权链…
2026-05-01 15:34:42,435 [INFO] option_chain_fetcher - [US.LITE] 12 个到期日 → 5 批次调用
2026-05-01 15:34:43,638 [WARNING] rate_limiter - [_call] 第 1/5 次失败: 获取期权链频率太高，请求失败，每30秒最多10次。，5.0s 后重试…
2026-05-01 15:34:48,639 [WARNING] rate_limiter - [_call] 第 2/5 次失败: 获取期权链频率太高，请求失败，每30秒最多10次。，10.0s 后重试…
2026-05-01 15:34:58,642 [WARNING] rate_limiter - [_call] 第 3/5 次失败: 获取期权链频率太高，请求失败，每30秒最多10次。，20.0s 后重试…
2026-05-01 15:35:19,845 [INFO] option_chain_fetcher - [US.LITE] 候选合约共 36 个
2026-05-01 15:35:19,845 [INFO] scanner - [STEP1] US.LITE: 候选合约 36 个
2026-05-01 15:35:19,845 [INFO] scanner - [STEP2] 获取 36 个合约快照…
2026-05-01 15:35:19,976 [INFO] snapshot_fetcher - 快照获取完成：36/36 个合约
2026-05-01 15:35:19,977 [INFO] scanner - [STEP2] 成功获取 36 条快照
2026-05-01 15:35:19,978 [INFO] scanner - [STEP3] 对 US.LITE 执行异常检测…
2026-05-01 15:35:19,979 [INFO] anomaly_detector - 发现异常合约 19 个
2026-05-01 15:35:19,982 [INFO] anomaly_detector - 已追加写入 19 条异常记录 → .\filter_data\anomaly_results2026-05-01.csv
2026-05-01 15:35:19,982 [INFO] checkpoint - 读取断点缓存：已完成 356 个标的
2026-05-01 15:35:19,982 [INFO] scanner - [358/527] US.LLY  完成率 68%  预计剩余 38m36s
2026-05-01 15:35:19,983 [INFO] scanner - ──────────────────────────────────────────────────
2026-05-01 15:35:19,983 [INFO] scanner - 处理标的: US.LLY
2026-05-01 15:35:20,059 [INFO] scanner - US.LLY 市值过大，pass
2026-05-01 15:35:20,059 [INFO] scanner - [STEP2] 获取 0 个合约快照…
2026-05-01 15:35:20,059 [WARNING] scanner - [STEP2] 合约列表为空，跳过
2026-05-01 15:35:20,060 [ERROR] scanner - [US.LLY] 处理异常: 'option_type'
2026-05-01 15:35:20,061 [ERROR] scanner - Traceback (most recent call last):
  File "C:\Users\Administrator\AppData\Local\Programs\Python\Python312\Lib\site-packages\pandas\core\indexes\base.py", line 3641, in get_loc
    return self._engine.get_loc(casted_key)
           ^^^^^^^^^^^^^^^^^^^^^^^^^^^^^^^^
  File "pandas/_libs/index.pyx", line 168, in pandas._libs.index.IndexEngine.get_loc
  File "pandas/_libs/index.pyx", line 197, in pandas._libs.index.IndexEngine.get_loc
  File "pandas/_libs/hashtable_class_helper.pxi", line 7668, in pandas._libs.hashtable.PyObjectHashTable.get_item
  File "pandas/_libs/hashtable_class_helper.pxi", line 7676, in pandas._libs.hashtable.PyObjectHashTable.get_item
KeyError: 'option_type'

The above exception was the direct cause of the following exception:

Traceback (most recent call last):
  File "<input>", line 170, in step_run_single
  File "C:\Users\Administrator\AppData\Local\Programs\Python\Python312\Lib\site-packages\pandas\core\frame.py", line 4378, in __getitem__
    indexer = self.columns.get_loc(key)
              ^^^^^^^^^^^^^^^^^^^^^^^^^
  File "C:\Users\Administrator\AppData\Local\Programs\Python\Python312\Lib\site-packages\pandas\core\indexes\base.py", line 3648, in get_loc
    raise KeyError(key) from err
KeyError: 'option_type'

2026-05-01 15:35:20,061 [INFO] checkpoint - 读取断点缓存：已完成 357 个标的
2026-05-01 15:35:20,062 [INFO] scanner - [359/527] US.LMT  完成率 68%  预计剩余 38m16s
2026-05-01 15:35:20,062 [INFO] scanner - ──────────────────────────────────────────────────
2026-05-01 15:35:20,062 [INFO] scanner - 处理标的: US.LMT
2026-05-01 15:35:20,103 [INFO] scanner - [STEP1] 获取 US.LMT 候选期权链…
2026-05-01 15:35:20,138 [INFO] option_chain_fetcher - [US.LMT] 10 个到期日 → 4 批次调用
2026-05-01 15:35:22,049 [INFO] option_chain_fetcher - [US.LMT] 候选合约共 9 个
2026-05-01 15:35:22,049 [INFO] scanner - [STEP1] US.LMT: 候选合约 9 个
2026-05-01 15:35:22,049 [INFO] scanner - [STEP2] 获取 9 个合约快照…
2026-05-01 15:35:22,120 [INFO] snapshot_fetcher - 快照获取完成：9/9 个合约
2026-05-01 15:35:22,121 [INFO] scanner - [STEP2] 成功获取 9 条快照
2026-05-01 15:35:22,122 [INFO] scanner - [STEP3] 对 US.LMT 执行异常检测…
2026-05-01 15:35:22,123 [INFO] anomaly_detector - 发现异常合约 2 个
2026-05-01 15:35:22,125 [INFO] anomaly_detector - 已追加写入 2 条异常记录 → .\filter_data\anomaly_results2026-05-01.csv
2026-05-01 15:35:22,125 [INFO] checkpoint - 读取断点缓存：已完成 358 个标的
2026-05-01 15:35:22,125 [INFO] scanner - [360/527] US.LNT  完成率 68%  预计剩余 37m57s
2026-05-01 15:35:22,126 [INFO] scanner - ──────────────────────────────────────────────────
2026-05-01 15:35:22,126 [INFO] scanner - 处理标的: US.LNT
2026-05-01 15:35:22,190 [INFO] scanner - [STEP1] 获取 US.LNT 候选期权链…
2026-05-01 15:35:22,235 [INFO] option_chain_fetcher - [US.LNT] 4 个到期日 → 4 批次调用
2026-05-01 15:35:23,366 [WARNING] rate_limiter - [_call] 第 1/5 次失败: 获取期权链频率太高，请求失败，每30秒最多10次。，5.0s 后重试…
2026-05-01 15:35:28,369 [WARNING] rate_limiter - [_call] 第 2/5 次失败: 获取期权链频率太高，请求失败，每30秒最多10次。，10.0s 后重试…
2026-05-01 15:35:38,371 [WARNING] rate_limiter - [_call] 第 3/5 次失败: 获取期权链频率太高，请求失败，每30秒最多10次。，20.0s 后重试…
2026-05-01 15:35:58,750 [INFO] option_chain_fetcher - [US.LNT] 候选合约共 0 个
2026-05-01 15:35:58,750 [INFO] scanner - [STEP1] US.LNT: 候选合约 0 个
2026-05-01 15:35:58,750 [INFO] scanner - [STEP2] 获取 0 个合约快照…
2026-05-01 15:35:58,750 [WARNING] scanner - [STEP2] 合约列表为空，跳过
2026-05-01 15:35:58,751 [ERROR] scanner - [US.LNT] 处理异常: 'option_type'
2026-05-01 15:35:58,752 [ERROR] scanner - Traceback (most recent call last):
  File "C:\Users\Administrator\AppData\Local\Programs\Python\Python312\Lib\site-packages\pandas\core\indexes\base.py", line 3641, in get_loc
    return self._engine.get_loc(casted_key)
           ^^^^^^^^^^^^^^^^^^^^^^^^^^^^^^^^
  File "pandas/_libs/index.pyx", line 168, in pandas._libs.index.IndexEngine.get_loc
  File "pandas/_libs/index.pyx", line 197, in pandas._libs.index.IndexEngine.get_loc
  File "pandas/_libs/hashtable_class_helper.pxi", line 7668, in pandas._libs.hashtable.PyObjectHashTable.get_item
  File "pandas/_libs/hashtable_class_helper.pxi", line 7676, in pandas._libs.hashtable.PyObjectHashTable.get_item
KeyError: 'option_type'

The above exception was the direct cause of the following exception:

Traceback (most recent call last):
  File "<input>", line 170, in step_run_single
  File "C:\Users\Administrator\AppData\Local\Programs\Python\Python312\Lib\site-packages\pandas\core\frame.py", line 4378, in __getitem__
    indexer = self.columns.get_loc(key)
              ^^^^^^^^^^^^^^^^^^^^^^^^^
  File "C:\Users\Administrator\AppData\Local\Programs\Python\Python312\Lib\site-packages\pandas\core\indexes\base.py", line 3648, in get_loc
    raise KeyError(key) from err
KeyError: 'option_type'

2026-05-01 15:35:58,752 [INFO] checkpoint - 读取断点缓存：已完成 359 个标的
2026-05-01 15:35:58,753 [INFO] scanner - [361/527] US.LOW  完成率 69%  预计剩余 37m54s
2026-05-01 15:35:58,753 [INFO] scanner - ──────────────────────────────────────────────────
2026-05-01 15:35:58,753 [INFO] scanner - 处理标的: US.LOW
2026-05-01 15:35:58,794 [INFO] scanner - [STEP1] 获取 US.LOW 候选期权链…
2026-05-01 15:35:58,830 [INFO] option_chain_fetcher - [US.LOW] 11 个到期日 → 4 批次调用
2026-05-01 15:36:00,711 [INFO] option_chain_fetcher - [US.LOW] 候选合约共 6 个
2026-05-01 15:36:00,711 [INFO] scanner - [STEP1] US.LOW: 候选合约 6 个
2026-05-01 15:36:00,711 [INFO] scanner - [STEP2] 获取 6 个合约快照…
2026-05-01 15:36:00,779 [INFO] snapshot_fetcher - 快照获取完成：6/6 个合约
2026-05-01 15:36:00,779 [INFO] scanner - [STEP2] 成功获取 6 条快照
2026-05-01 15:36:00,780 [INFO] scanner - [STEP3] 对 US.LOW 执行异常检测…
2026-05-01 15:36:00,783 [INFO] anomaly_detector - 发现异常合约 2 个
2026-05-01 15:36:00,786 [INFO] anomaly_detector - 已追加写入 2 条异常记录 → .\filter_data\anomaly_results2026-05-01.csv
2026-05-01 15:36:00,786 [INFO] checkpoint - 读取断点缓存：已完成 360 个标的
2026-05-01 15:36:00,787 [INFO] scanner - [362/527] US.LULU  完成率 69%  预计剩余 37m35s
2026-05-01 15:36:00,787 [INFO] scanner - ──────────────────────────────────────────────────
2026-05-01 15:36:00,787 [INFO] scanner - 处理标的: US.LULU
2026-05-01 15:36:00,825 [INFO] scanner - [STEP1] 获取 US.LULU 候选期权链…
2026-05-01 15:36:00,862 [INFO] option_chain_fetcher - [US.LULU] 11 个到期日 → 5 批次调用
2026-05-01 15:36:03,217 [INFO] option_chain_fetcher - [US.LULU] 候选合约共 22 个
2026-05-01 15:36:03,217 [INFO] scanner - [STEP1] US.LULU: 候选合约 22 个
2026-05-01 15:36:03,217 [INFO] scanner - [STEP2] 获取 22 个合约快照…
2026-05-01 15:36:03,293 [INFO] snapshot_fetcher - 快照获取完成：22/22 个合约
2026-05-01 15:36:03,295 [INFO] scanner - [STEP2] 成功获取 22 条快照
2026-05-01 15:36:03,296 [INFO] scanner - [STEP3] 对 US.LULU 执行异常检测…
2026-05-01 15:36:03,297 [INFO] anomaly_detector - 发现异常合约 6 个
2026-05-01 15:36:03,300 [INFO] anomaly_detector - 已追加写入 6 条异常记录 → .\filter_data\anomaly_results2026-05-01.csv
2026-05-01 15:36:03,300 [INFO] checkpoint - 读取断点缓存：已完成 361 个标的
2026-05-01 15:36:03,301 [INFO] scanner - [363/527] US.LUV  完成率 69%  预计剩余 37m16s
2026-05-01 15:36:03,301 [INFO] scanner - ──────────────────────────────────────────────────
2026-05-01 15:36:03,301 [INFO] scanner - 处理标的: US.LUV
2026-05-01 15:36:03,341 [INFO] scanner - [STEP1] 获取 US.LUV 候选期权链…
2026-05-01 15:36:03,376 [INFO] option_chain_fetcher - [US.LUV] 9 个到期日 → 3 批次调用
2026-05-01 15:36:03,378 [WARNING] rate_limiter - [_call] 第 1/5 次失败: 获取期权链频率太高，请求失败，每30秒最多10次。，5.0s 后重试…
2026-05-01 15:36:08,380 [WARNING] rate_limiter - [_call] 第 2/5 次失败: 获取期权链频率太高，请求失败，每30秒最多10次。，10.0s 后重试…
2026-05-01 15:36:18,382 [WARNING] rate_limiter - [_call] 第 3/5 次失败: 获取期权链频率太高，请求失败，每30秒最多10次。，20.0s 后重试…
2026-05-01 15:36:39,835 [INFO] option_chain_fetcher - [US.LUV] 候选合约共 8 个
2026-05-01 15:36:39,835 [INFO] scanner - [STEP1] US.LUV: 候选合约 8 个
2026-05-01 15:36:39,835 [INFO] scanner - [STEP2] 获取 8 个合约快照…
2026-05-01 15:36:39,906 [INFO] snapshot_fetcher - 快照获取完成：8/8 个合约
2026-05-01 15:36:39,906 [INFO] scanner - [STEP2] 成功获取 8 条快照
2026-05-01 15:36:39,907 [INFO] scanner - [STEP3] 对 US.LUV 执行异常检测…
2026-05-01 15:36:39,908 [INFO] anomaly_detector - 本批次无异常合约
2026-05-01 15:36:39,908 [INFO] checkpoint - 读取断点缓存：已完成 362 个标的
2026-05-01 15:36:39,909 [INFO] scanner - [364/527] US.LVS  完成率 69%  预计剩余 37m13s
2026-05-01 15:36:39,909 [INFO] scanner - ──────────────────────────────────────────────────
2026-05-01 15:36:39,909 [INFO] scanner - 处理标的: US.LVS
2026-05-01 15:36:39,984 [INFO] scanner - [STEP1] 获取 US.LVS 候选期权链…
2026-05-01 15:36:40,023 [INFO] option_chain_fetcher - [US.LVS] 10 个到期日 → 4 批次调用
2026-05-01 15:36:41,982 [INFO] option_chain_fetcher - [US.LVS] 候选合约共 10 个
2026-05-01 15:36:41,982 [INFO] scanner - [STEP1] US.LVS: 候选合约 10 个
2026-05-01 15:36:41,982 [INFO] scanner - [STEP2] 获取 10 个合约快照…
2026-05-01 15:36:42,054 [INFO] snapshot_fetcher - 快照获取完成：10/10 个合约
2026-05-01 15:36:42,055 [INFO] scanner - [STEP2] 成功获取 10 条快照
2026-05-01 15:36:42,057 [INFO] scanner - [STEP3] 对 US.LVS 执行异常检测…
2026-05-01 15:36:42,059 [INFO] anomaly_detector - 本批次无异常合约
2026-05-01 15:36:42,060 [INFO] checkpoint - 读取断点缓存：已完成 363 个标的
2026-05-01 15:36:42,061 [INFO] scanner - [365/527] US.LYB  完成率 69%  预计剩余 36m54s
2026-05-01 15:36:42,061 [INFO] scanner - ──────────────────────────────────────────────────
2026-05-01 15:36:42,062 [INFO] scanner - 处理标的: US.LYB
2026-05-01 15:36:42,115 [INFO] scanner - [STEP1] 获取 US.LYB 候选期权链…
2026-05-01 15:36:42,155 [INFO] option_chain_fetcher - [US.LYB] 3 个到期日 → 3 批次调用
2026-05-01 15:36:43,424 [INFO] option_chain_fetcher - [US.LYB] 候选合约共 6 个
2026-05-01 15:36:43,424 [INFO] scanner - [STEP1] US.LYB: 候选合约 6 个
2026-05-01 15:36:43,424 [INFO] scanner - [STEP2] 获取 6 个合约快照…
2026-05-01 15:36:43,491 [INFO] snapshot_fetcher - 快照获取完成：6/6 个合约
2026-05-01 15:36:43,491 [INFO] scanner - [STEP2] 成功获取 6 条快照
2026-05-01 15:36:43,492 [INFO] scanner - [STEP3] 对 US.LYB 执行异常检测…
2026-05-01 15:36:43,493 [INFO] anomaly_detector - 发现异常合约 2 个
2026-05-01 15:36:43,495 [INFO] anomaly_detector - 已追加写入 2 条异常记录 → .\filter_data\anomaly_results2026-05-01.csv
2026-05-01 15:36:43,495 [INFO] checkpoint - 读取断点缓存：已完成 364 个标的
2026-05-01 15:36:43,495 [INFO] scanner - [366/527] US.LYV  完成率 69%  预计剩余 36m35s
2026-05-01 15:36:43,495 [INFO] scanner - ──────────────────────────────────────────────────
2026-05-01 15:36:43,495 [INFO] scanner - 处理标的: US.LYV
2026-05-01 15:36:43,536 [INFO] scanner - [STEP1] 获取 US.LYV 候选期权链…
2026-05-01 15:36:43,574 [INFO] option_chain_fetcher - [US.LYV] 12 个到期日 → 5 批次调用
2026-05-01 15:36:43,575 [WARNING] rate_limiter - [_call] 第 1/5 次失败: 获取期权链频率太高，请求失败，每30秒最多10次。，5.0s 后重试…
2026-05-01 15:36:48,579 [WARNING] rate_limiter - [_call] 第 2/5 次失败: 获取期权链频率太高，请求失败，每30秒最多10次。，10.0s 后重试…
2026-05-01 15:36:58,581 [WARNING] rate_limiter - [_call] 第 3/5 次失败: 获取期权链频率太高，请求失败，每30秒最多10次。，20.0s 后重试…
2026-05-01 15:37:20,780 [INFO] option_chain_fetcher - [US.LYV] 候选合约共 1 个
2026-05-01 15:37:20,780 [INFO] scanner - [STEP1] US.LYV: 候选合约 1 个
2026-05-01 15:37:20,780 [INFO] scanner - [STEP2] 获取 1 个合约快照…
2026-05-01 15:37:20,848 [INFO] snapshot_fetcher - 快照获取完成：1/1 个合约
2026-05-01 15:37:20,848 [INFO] scanner - [STEP2] 成功获取 1 条快照
2026-05-01 15:37:20,849 [INFO] scanner - [STEP3] 对 US.LYV 执行异常检测…
2026-05-01 15:37:20,850 [INFO] anomaly_detector - 本批次无异常合约
2026-05-01 15:37:20,851 [INFO] checkpoint - 读取断点缓存：已完成 365 个标的
2026-05-01 15:37:20,851 [INFO] scanner - [367/527] US.MA  完成率 70%  预计剩余 36m32s
2026-05-01 15:37:20,851 [INFO] scanner - ──────────────────────────────────────────────────
2026-05-01 15:37:20,851 [INFO] scanner - 处理标的: US.MA
2026-05-01 15:37:20,890 [INFO] scanner - [STEP1] 获取 US.MA 候选期权链…
2026-05-01 15:37:20,925 [INFO] option_chain_fetcher - [US.MA] 12 个到期日 → 5 批次调用
2026-05-01 15:37:23,306 [INFO] option_chain_fetcher - [US.MA] 候选合约共 22 个
2026-05-01 15:37:23,306 [INFO] scanner - [STEP1] US.MA: 候选合约 22 个
2026-05-01 15:37:23,306 [INFO] scanner - [STEP2] 获取 22 个合约快照…
2026-05-01 15:37:23,385 [INFO] snapshot_fetcher - 快照获取完成：22/22 个合约
2026-05-01 15:37:23,386 [INFO] scanner - [STEP2] 成功获取 22 条快照
2026-05-01 15:37:23,388 [INFO] scanner - [STEP3] 对 US.MA 执行异常检测…
2026-05-01 15:37:23,389 [INFO] anomaly_detector - 本批次无异常合约
2026-05-01 15:37:23,390 [INFO] checkpoint - 读取断点缓存：已完成 366 个标的
2026-05-01 15:37:23,391 [INFO] scanner - [368/527] US.MAA  完成率 70%  预计剩余 36m14s
2026-05-01 15:37:23,391 [INFO] scanner - ──────────────────────────────────────────────────
2026-05-01 15:37:23,391 [INFO] scanner - 处理标的: US.MAA
2026-05-01 15:37:23,432 [INFO] scanner - US.MAA 市值过大，pass
2026-05-01 15:37:23,432 [INFO] scanner - [STEP2] 获取 0 个合约快照…
2026-05-01 15:37:23,432 [WARNING] scanner - [STEP2] 合约列表为空，跳过
2026-05-01 15:37:23,433 [ERROR] scanner - [US.MAA] 处理异常: 'option_type'
2026-05-01 15:37:23,434 [ERROR] scanner - Traceback (most recent call last):
  File "C:\Users\Administrator\AppData\Local\Programs\Python\Python312\Lib\site-packages\pandas\core\indexes\base.py", line 3641, in get_loc
    return self._engine.get_loc(casted_key)
           ^^^^^^^^^^^^^^^^^^^^^^^^^^^^^^^^
  File "pandas/_libs/index.pyx", line 168, in pandas._libs.index.IndexEngine.get_loc
  File "pandas/_libs/index.pyx", line 197, in pandas._libs.index.IndexEngine.get_loc
  File "pandas/_libs/hashtable_class_helper.pxi", line 7668, in pandas._libs.hashtable.PyObjectHashTable.get_item
  File "pandas/_libs/hashtable_class_helper.pxi", line 7676, in pandas._libs.hashtable.PyObjectHashTable.get_item
KeyError: 'option_type'

The above exception was the direct cause of the following exception:

Traceback (most recent call last):
  File "<input>", line 170, in step_run_single
  File "C:\Users\Administrator\AppData\Local\Programs\Python\Python312\Lib\site-packages\pandas\core\frame.py", line 4378, in __getitem__
    indexer = self.columns.get_loc(key)
              ^^^^^^^^^^^^^^^^^^^^^^^^^
  File "C:\Users\Administrator\AppData\Local\Programs\Python\Python312\Lib\site-packages\pandas\core\indexes\base.py", line 3648, in get_loc
    raise KeyError(key) from err
KeyError: 'option_type'

2026-05-01 15:37:23,434 [INFO] checkpoint - 读取断点缓存：已完成 367 个标的
2026-05-01 15:37:23,435 [INFO] scanner - [369/527] US.MAS  完成率 70%  预计剩余 35m54s
2026-05-01 15:37:23,435 [INFO] scanner - ──────────────────────────────────────────────────
2026-05-01 15:37:23,435 [INFO] scanner - 处理标的: US.MAS
2026-05-01 15:37:23,500 [INFO] scanner - [STEP1] 获取 US.MAS 候选期权链…
2026-05-01 15:37:23,537 [INFO] option_chain_fetcher - [US.MAS] 5 个到期日 → 4 批次调用
2026-05-01 15:37:23,540 [WARNING] rate_limiter - [_call] 第 1/5 次失败: 获取期权链频率太高，请求失败，每30秒最多10次。，5.0s 后重试…
2026-05-01 15:37:28,541 [WARNING] rate_limiter - [_call] 第 2/5 次失败: 获取期权链频率太高，请求失败，每30秒最多10次。，10.0s 后重试…
2026-05-01 15:37:38,544 [WARNING] rate_limiter - [_call] 第 3/5 次失败: 获取期权链频率太高，请求失败，每30秒最多10次。，20.0s 后重试…
2026-05-01 15:38:00,092 [INFO] option_chain_fetcher - [US.MAS] 候选合约共 0 个
2026-05-01 15:38:00,092 [INFO] scanner - [STEP1] US.MAS: 候选合约 0 个
2026-05-01 15:38:00,092 [INFO] scanner - [STEP2] 获取 0 个合约快照…
2026-05-01 15:38:00,092 [WARNING] scanner - [STEP2] 合约列表为空，跳过
2026-05-01 15:38:00,092 [ERROR] scanner - [US.MAS] 处理异常: 'option_type'
2026-05-01 15:38:00,093 [ERROR] scanner - Traceback (most recent call last):
  File "C:\Users\Administrator\AppData\Local\Programs\Python\Python312\Lib\site-packages\pandas\core\indexes\base.py", line 3641, in get_loc
    return self._engine.get_loc(casted_key)
           ^^^^^^^^^^^^^^^^^^^^^^^^^^^^^^^^
  File "pandas/_libs/index.pyx", line 168, in pandas._libs.index.IndexEngine.get_loc
  File "pandas/_libs/index.pyx", line 197, in pandas._libs.index.IndexEngine.get_loc
  File "pandas/_libs/hashtable_class_helper.pxi", line 7668, in pandas._libs.hashtable.PyObjectHashTable.get_item
  File "pandas/_libs/hashtable_class_helper.pxi", line 7676, in pandas._libs.hashtable.PyObjectHashTable.get_item
KeyError: 'option_type'

The above exception was the direct cause of the following exception:

Traceback (most recent call last):
  File "<input>", line 170, in step_run_single
  File "C:\Users\Administrator\AppData\Local\Programs\Python\Python312\Lib\site-packages\pandas\core\frame.py", line 4378, in __getitem__
    indexer = self.columns.get_loc(key)
              ^^^^^^^^^^^^^^^^^^^^^^^^^
  File "C:\Users\Administrator\AppData\Local\Programs\Python\Python312\Lib\site-packages\pandas\core\indexes\base.py", line 3648, in get_loc
    raise KeyError(key) from err
KeyError: 'option_type'

2026-05-01 15:38:00,094 [INFO] checkpoint - 读取断点缓存：已完成 368 个标的
2026-05-01 15:38:00,094 [INFO] scanner - [370/527] US.MCK  完成率 70%  预计剩余 35m51s
2026-05-01 15:38:00,094 [INFO] scanner - ──────────────────────────────────────────────────
2026-05-01 15:38:00,094 [INFO] scanner - 处理标的: US.MCK
2026-05-01 15:38:00,176 [INFO] scanner - [STEP1] 获取 US.MCK 候选期权链…
2026-05-01 15:38:00,212 [INFO] option_chain_fetcher - [US.MCK] 5 个到期日 → 4 批次调用
2026-05-01 15:38:01,805 [INFO] option_chain_fetcher - [US.MCK] 候选合约共 0 个
2026-05-01 15:38:01,805 [INFO] scanner - [STEP1] US.MCK: 候选合约 0 个
2026-05-01 15:38:01,805 [INFO] scanner - [STEP2] 获取 0 个合约快照…
2026-05-01 15:38:01,805 [WARNING] scanner - [STEP2] 合约列表为空，跳过
2026-05-01 15:38:01,806 [ERROR] scanner - [US.MCK] 处理异常: 'option_type'
2026-05-01 15:38:01,808 [ERROR] scanner - Traceback (most recent call last):
  File "C:\Users\Administrator\AppData\Local\Programs\Python\Python312\Lib\site-packages\pandas\core\indexes\base.py", line 3641, in get_loc
    return self._engine.get_loc(casted_key)
           ^^^^^^^^^^^^^^^^^^^^^^^^^^^^^^^^
  File "pandas/_libs/index.pyx", line 168, in pandas._libs.index.IndexEngine.get_loc
  File "pandas/_libs/index.pyx", line 197, in pandas._libs.index.IndexEngine.get_loc
  File "pandas/_libs/hashtable_class_helper.pxi", line 7668, in pandas._libs.hashtable.PyObjectHashTable.get_item
  File "pandas/_libs/hashtable_class_helper.pxi", line 7676, in pandas._libs.hashtable.PyObjectHashTable.get_item
KeyError: 'option_type'

The above exception was the direct cause of the following exception:

Traceback (most recent call last):
  File "<input>", line 170, in step_run_single
  File "C:\Users\Administrator\AppData\Local\Programs\Python\Python312\Lib\site-packages\pandas\core\frame.py", line 4378, in __getitem__
    indexer = self.columns.get_loc(key)
              ^^^^^^^^^^^^^^^^^^^^^^^^^
  File "C:\Users\Administrator\AppData\Local\Programs\Python\Python312\Lib\site-packages\pandas\core\indexes\base.py", line 3648, in get_loc
    raise KeyError(key) from err
KeyError: 'option_type'

2026-05-01 15:38:01,808 [INFO] checkpoint - 读取断点缓存：已完成 369 个标的
2026-05-01 15:38:01,809 [INFO] scanner - [371/527] US.MCO  完成率 70%  预计剩余 35m32s
2026-05-01 15:38:01,809 [INFO] scanner - ──────────────────────────────────────────────────
2026-05-01 15:38:01,809 [INFO] scanner - 处理标的: US.MCO
2026-05-01 15:38:01,853 [INFO] scanner - [STEP1] 获取 US.MCO 候选期权链…
2026-05-01 15:38:01,890 [INFO] option_chain_fetcher - [US.MCO] 5 个到期日 → 5 批次调用
2026-05-01 15:38:02,722 [WARNING] rate_limiter - [_call] 第 1/5 次失败: 获取期权链频率太高，请求失败，每30秒最多10次。，5.0s 后重试…
2026-05-01 15:38:07,724 [WARNING] rate_limiter - [_call] 第 2/5 次失败: 获取期权链频率太高，请求失败，每30秒最多10次。，10.0s 后重试…
2026-05-01 15:38:17,726 [WARNING] rate_limiter - [_call] 第 3/5 次失败: 获取期权链频率太高，请求失败，每30秒最多10次。，20.0s 后重试…
2026-05-01 15:38:38,871 [INFO] option_chain_fetcher - [US.MCO] 候选合约共 1 个
2026-05-01 15:38:38,871 [INFO] scanner - [STEP1] US.MCO: 候选合约 1 个
2026-05-01 15:38:38,871 [INFO] scanner - [STEP2] 获取 1 个合约快照…
2026-05-01 15:38:38,934 [INFO] snapshot_fetcher - 快照获取完成：1/1 个合约
2026-05-01 15:38:38,935 [INFO] scanner - [STEP2] 成功获取 1 条快照
2026-05-01 15:38:38,936 [INFO] scanner - [STEP3] 对 US.MCO 执行异常检测…
2026-05-01 15:38:38,937 [INFO] anomaly_detector - 本批次无异常合约
2026-05-01 15:38:38,937 [INFO] checkpoint - 读取断点缓存：已完成 370 个标的
2026-05-01 15:38:38,939 [INFO] scanner - [372/527] US.MDT  完成率 71%  预计剩余 35m28s
2026-05-01 15:38:38,939 [INFO] scanner - ──────────────────────────────────────────────────
2026-05-01 15:38:38,939 [INFO] scanner - 处理标的: US.MDT
2026-05-01 15:38:38,978 [INFO] scanner - [STEP1] 获取 US.MDT 候选期权链…
2026-05-01 15:38:39,015 [INFO] option_chain_fetcher - [US.MDT] 12 个到期日 → 5 批次调用
2026-05-01 15:38:41,337 [INFO] option_chain_fetcher - [US.MDT] 候选合约共 10 个
2026-05-01 15:38:41,337 [INFO] scanner - [STEP1] US.MDT: 候选合约 10 个
2026-05-01 15:38:41,337 [INFO] scanner - [STEP2] 获取 10 个合约快照…
2026-05-01 15:38:41,411 [INFO] snapshot_fetcher - 快照获取完成：10/10 个合约
2026-05-01 15:38:41,411 [INFO] scanner - [STEP2] 成功获取 10 条快照
2026-05-01 15:38:41,412 [INFO] scanner - [STEP3] 对 US.MDT 执行异常检测…
2026-05-01 15:38:41,414 [INFO] anomaly_detector - 发现异常合约 2 个
2026-05-01 15:38:41,416 [INFO] anomaly_detector - 已追加写入 2 条异常记录 → .\filter_data\anomaly_results2026-05-01.csv
2026-05-01 15:38:41,417 [INFO] checkpoint - 读取断点缓存：已完成 371 个标的
2026-05-01 15:38:41,418 [INFO] scanner - [373/527] US.MET  完成率 71%  预计剩余 35m10s
2026-05-01 15:38:41,418 [INFO] scanner - ──────────────────────────────────────────────────
2026-05-01 15:38:41,419 [INFO] scanner - 处理标的: US.MET
2026-05-01 15:38:41,458 [INFO] scanner - [STEP1] 获取 US.MET 候选期权链…
2026-05-01 15:38:41,494 [INFO] option_chain_fetcher - [US.MET] 3 个到期日 → 3 批次调用
2026-05-01 15:38:42,314 [WARNING] rate_limiter - [_call] 第 1/5 次失败: 获取期权链频率太高，请求失败，每30秒最多10次。，5.0s 后重试…
2026-05-01 15:38:47,316 [WARNING] rate_limiter - [_call] 第 2/5 次失败: 获取期权链频率太高，请求失败，每30秒最多10次。，10.0s 后重试…
2026-05-01 15:38:57,319 [WARNING] rate_limiter - [_call] 第 3/5 次失败: 获取期权链频率太高，请求失败，每30秒最多10次。，20.0s 后重试…
2026-05-01 15:39:17,763 [INFO] option_chain_fetcher - [US.MET] 候选合约共 3 个
2026-05-01 15:39:17,763 [INFO] scanner - [STEP1] US.MET: 候选合约 3 个
2026-05-01 15:39:17,763 [INFO] scanner - [STEP2] 获取 3 个合约快照…
2026-05-01 15:39:17,836 [INFO] snapshot_fetcher - 快照获取完成：3/3 个合约
2026-05-01 15:39:17,836 [INFO] scanner - [STEP2] 成功获取 3 条快照
2026-05-01 15:39:17,837 [INFO] scanner - [STEP3] 对 US.MET 执行异常检测…
2026-05-01 15:39:17,838 [INFO] anomaly_detector - 本批次无异常合约
2026-05-01 15:39:17,839 [INFO] checkpoint - 读取断点缓存：已完成 372 个标的
2026-05-01 15:39:17,839 [INFO] scanner - [374/527] US.MGM  完成率 71%  预计剩余 35m06s
2026-05-01 15:39:17,839 [INFO] scanner - ──────────────────────────────────────────────────
2026-05-01 15:39:17,839 [INFO] scanner - 处理标的: US.MGM
2026-05-01 15:39:17,881 [INFO] scanner - [STEP1] 获取 US.MGM 候选期权链…
2026-05-01 15:39:17,916 [INFO] option_chain_fetcher - [US.MGM] 10 个到期日 → 4 批次调用
2026-05-01 15:39:19,749 [INFO] option_chain_fetcher - [US.MGM] 候选合约共 5 个
2026-05-01 15:39:19,749 [INFO] scanner - [STEP1] US.MGM: 候选合约 5 个
2026-05-01 15:39:19,749 [INFO] scanner - [STEP2] 获取 5 个合约快照…
2026-05-01 15:39:19,820 [INFO] snapshot_fetcher - 快照获取完成：5/5 个合约
2026-05-01 15:39:19,821 [INFO] scanner - [STEP2] 成功获取 5 条快照
2026-05-01 15:39:19,822 [INFO] scanner - [STEP3] 对 US.MGM 执行异常检测…
2026-05-01 15:39:19,824 [INFO] anomaly_detector - 本批次无异常合约
2026-05-01 15:39:19,824 [INFO] checkpoint - 读取断点缓存：已完成 373 个标的
2026-05-01 15:39:19,825 [INFO] scanner - [375/527] US.MKC  完成率 71%  预计剩余 34m47s
2026-05-01 15:39:19,825 [INFO] scanner - ──────────────────────────────────────────────────
2026-05-01 15:39:19,825 [INFO] scanner - 处理标的: US.MKC
2026-05-01 15:39:19,865 [INFO] scanner - [STEP1] 获取 US.MKC 候选期权链…
2026-05-01 15:39:19,899 [INFO] option_chain_fetcher - [US.MKC] 3 个到期日 → 3 批次调用
2026-05-01 15:39:21,155 [INFO] option_chain_fetcher - [US.MKC] 候选合约共 3 个
2026-05-01 15:39:21,155 [INFO] scanner - [STEP1] US.MKC: 候选合约 3 个
2026-05-01 15:39:21,155 [INFO] scanner - [STEP2] 获取 3 个合约快照…
2026-05-01 15:39:21,223 [INFO] snapshot_fetcher - 快照获取完成：3/3 个合约
2026-05-01 15:39:21,223 [INFO] scanner - [STEP2] 成功获取 3 条快照
2026-05-01 15:39:21,224 [INFO] scanner - [STEP3] 对 US.MKC 执行异常检测…
2026-05-01 15:39:21,225 [INFO] anomaly_detector - 本批次无异常合约
2026-05-01 15:39:21,226 [INFO] checkpoint - 读取断点缓存：已完成 374 个标的
2026-05-01 15:39:21,227 [INFO] scanner - [376/527] US.MLM  完成率 71%  预计剩余 34m29s
2026-05-01 15:39:21,227 [INFO] scanner - ──────────────────────────────────────────────────
2026-05-01 15:39:21,227 [INFO] scanner - 处理标的: US.MLM
2026-05-01 15:39:21,291 [INFO] scanner - [STEP1] 获取 US.MLM 候选期权链…
2026-05-01 15:39:21,335 [INFO] option_chain_fetcher - [US.MLM] 6 个到期日 → 6 批次调用
2026-05-01 15:39:22,094 [WARNING] rate_limiter - [_call] 第 1/5 次失败: 获取期权链频率太高，请求失败，每30秒最多10次。，5.0s 后重试…
2026-05-01 15:39:27,096 [WARNING] rate_limiter - [_call] 第 2/5 次失败: 获取期权链频率太高，请求失败，每30秒最多10次。，10.0s 后重试…
2026-05-01 15:39:37,098 [WARNING] rate_limiter - [_call] 第 3/5 次失败: 获取期权链频率太高，请求失败，每30秒最多10次。，20.0s 后重试…
2026-05-01 15:39:58,618 [INFO] option_chain_fetcher - [US.MLM] 候选合约共 0 个
2026-05-01 15:39:58,618 [INFO] scanner - [STEP1] US.MLM: 候选合约 0 个
2026-05-01 15:39:58,618 [INFO] scanner - [STEP2] 获取 0 个合约快照…
2026-05-01 15:39:58,618 [WARNING] scanner - [STEP2] 合约列表为空，跳过
2026-05-01 15:39:58,619 [ERROR] scanner - [US.MLM] 处理异常: 'option_type'
2026-05-01 15:39:58,620 [ERROR] scanner - Traceback (most recent call last):
  File "C:\Users\Administrator\AppData\Local\Programs\Python\Python312\Lib\site-packages\pandas\core\indexes\base.py", line 3641, in get_loc
    return self._engine.get_loc(casted_key)
           ^^^^^^^^^^^^^^^^^^^^^^^^^^^^^^^^
  File "pandas/_libs/index.pyx", line 168, in pandas._libs.index.IndexEngine.get_loc
  File "pandas/_libs/index.pyx", line 197, in pandas._libs.index.IndexEngine.get_loc
  File "pandas/_libs/hashtable_class_helper.pxi", line 7668, in pandas._libs.hashtable.PyObjectHashTable.get_item
  File "pandas/_libs/hashtable_class_helper.pxi", line 7676, in pandas._libs.hashtable.PyObjectHashTable.get_item
KeyError: 'option_type'

The above exception was the direct cause of the following exception:

Traceback (most recent call last):
  File "<input>", line 170, in step_run_single
  File "C:\Users\Administrator\AppData\Local\Programs\Python\Python312\Lib\site-packages\pandas\core\frame.py", line 4378, in __getitem__
    indexer = self.columns.get_loc(key)
              ^^^^^^^^^^^^^^^^^^^^^^^^^
  File "C:\Users\Administrator\AppData\Local\Programs\Python\Python312\Lib\site-packages\pandas\core\indexes\base.py", line 3648, in get_loc
    raise KeyError(key) from err
KeyError: 'option_type'

2026-05-01 15:39:58,621 [INFO] checkpoint - 读取断点缓存：已完成 375 个标的
2026-05-01 15:39:58,621 [INFO] scanner - [377/527] US.MO  完成率 72%  预计剩余 34m25s
2026-05-01 15:39:58,621 [INFO] scanner - ──────────────────────────────────────────────────
2026-05-01 15:39:58,621 [INFO] scanner - 处理标的: US.MO
2026-05-01 15:39:58,663 [INFO] scanner - [STEP1] 获取 US.MO 候选期权链…
2026-05-01 15:39:58,699 [INFO] option_chain_fetcher - [US.MO] 10 个到期日 → 4 批次调用
2026-05-01 15:40:00,725 [INFO] option_chain_fetcher - [US.MO] 候选合约共 52 个
2026-05-01 15:40:00,725 [INFO] scanner - [STEP1] US.MO: 候选合约 52 个
2026-05-01 15:40:00,725 [INFO] scanner - [STEP2] 获取 52 个合约快照…
2026-05-01 15:40:00,872 [INFO] snapshot_fetcher - 快照获取完成：52/52 个合约
2026-05-01 15:40:00,873 [INFO] scanner - [STEP2] 成功获取 52 条快照
2026-05-01 15:40:00,874 [INFO] scanner - [STEP3] 对 US.MO 执行异常检测…
2026-05-01 15:40:00,875 [INFO] anomaly_detector - 本批次无异常合约
2026-05-01 15:40:00,875 [INFO] checkpoint - 读取断点缓存：已完成 376 个标的
2026-05-01 15:40:00,876 [INFO] scanner - [378/527] US.MOS  完成率 72%  预计剩余 34m07s
2026-05-01 15:40:00,876 [INFO] scanner - ──────────────────────────────────────────────────
2026-05-01 15:40:00,876 [INFO] scanner - 处理标的: US.MOS
2026-05-01 15:40:00,918 [INFO] scanner - [STEP1] 获取 US.MOS 候选期权链…
2026-05-01 15:40:00,954 [INFO] option_chain_fetcher - [US.MOS] 9 个到期日 → 3 批次调用
2026-05-01 15:40:02,042 [WARNING] rate_limiter - [_call] 第 1/5 次失败: 获取期权链频率太高，请求失败，每30秒最多10次。，5.0s 后重试…
2026-05-01 15:40:07,043 [WARNING] rate_limiter - [_call] 第 2/5 次失败: 获取期权链频率太高，请求失败，每30秒最多10次。，10.0s 后重试…
2026-05-01 15:40:17,046 [WARNING] rate_limiter - [_call] 第 3/5 次失败: 获取期权链频率太高，请求失败，每30秒最多10次。，20.0s 后重试…
2026-05-01 15:40:37,482 [INFO] option_chain_fetcher - [US.MOS] 候选合约共 15 个
2026-05-01 15:40:37,482 [INFO] scanner - [STEP1] US.MOS: 候选合约 15 个
2026-05-01 15:40:37,482 [INFO] scanner - [STEP2] 获取 15 个合约快照…
2026-05-01 15:40:37,555 [INFO] snapshot_fetcher - 快照获取完成：15/15 个合约
2026-05-01 15:40:37,556 [INFO] scanner - [STEP2] 成功获取 15 条快照
2026-05-01 15:40:37,558 [INFO] scanner - [STEP3] 对 US.MOS 执行异常检测…
2026-05-01 15:40:37,559 [INFO] anomaly_detector - 本批次无异常合约
2026-05-01 15:40:37,560 [INFO] checkpoint - 读取断点缓存：已完成 377 个标的
2026-05-01 15:40:37,561 [INFO] scanner - [379/527] US.MPC  完成率 72%  预计剩余 34m02s
2026-05-01 15:40:37,561 [INFO] scanner - ──────────────────────────────────────────────────
2026-05-01 15:40:37,561 [INFO] scanner - 处理标的: US.MPC
2026-05-01 15:40:37,599 [INFO] scanner - [STEP1] 获取 US.MPC 候选期权链…
2026-05-01 15:40:37,634 [INFO] option_chain_fetcher - [US.MPC] 5 个到期日 → 4 批次调用
2026-05-01 15:40:39,259 [INFO] option_chain_fetcher - [US.MPC] 候选合约共 3 个
2026-05-01 15:40:39,259 [INFO] scanner - [STEP1] US.MPC: 候选合约 3 个
2026-05-01 15:40:39,259 [INFO] scanner - [STEP2] 获取 3 个合约快照…
2026-05-01 15:40:39,327 [INFO] snapshot_fetcher - 快照获取完成：3/3 个合约
2026-05-01 15:40:39,327 [INFO] scanner - [STEP2] 成功获取 3 条快照
2026-05-01 15:40:39,329 [INFO] scanner - [STEP3] 对 US.MPC 执行异常检测…
2026-05-01 15:40:39,330 [INFO] anomaly_detector - 发现异常合约 2 个
2026-05-01 15:40:39,332 [INFO] anomaly_detector - 已追加写入 2 条异常记录 → .\filter_data\anomaly_results2026-05-01.csv
2026-05-01 15:40:39,332 [INFO] checkpoint - 读取断点缓存：已完成 378 个标的
2026-05-01 15:40:39,332 [INFO] scanner - [380/527] US.MRNA  完成率 72%  预计剩余 33m44s
2026-05-01 15:40:39,332 [INFO] scanner - ──────────────────────────────────────────────────
2026-05-01 15:40:39,332 [INFO] scanner - 处理标的: US.MRNA
2026-05-01 15:40:39,371 [INFO] scanner - [STEP1] 获取 US.MRNA 候选期权链…
2026-05-01 15:40:39,406 [INFO] option_chain_fetcher - [US.MRNA] 12 个到期日 → 5 批次调用
2026-05-01 15:40:41,766 [INFO] option_chain_fetcher - [US.MRNA] 候选合约共 50 个
2026-05-01 15:40:41,766 [INFO] scanner - [STEP1] US.MRNA: 候选合约 50 个
2026-05-01 15:40:41,766 [INFO] scanner - [STEP2] 获取 50 个合约快照…
2026-05-01 15:40:41,904 [INFO] snapshot_fetcher - 快照获取完成：50/50 个合约
2026-05-01 15:40:41,905 [INFO] scanner - [STEP2] 成功获取 50 条快照
2026-05-01 15:40:41,906 [INFO] scanner - [STEP3] 对 US.MRNA 执行异常检测…
2026-05-01 15:40:41,908 [INFO] anomaly_detector - 发现异常合约 5 个
2026-05-01 15:40:41,910 [INFO] anomaly_detector - 已追加写入 5 条异常记录 → .\filter_data\anomaly_results2026-05-01.csv
2026-05-01 15:40:41,911 [INFO] checkpoint - 读取断点缓存：已完成 379 个标的
2026-05-01 15:40:41,912 [INFO] scanner - [381/527] US.MRSH  完成率 72%  预计剩余 33m26s
2026-05-01 15:40:41,912 [INFO] scanner - ──────────────────────────────────────────────────
2026-05-01 15:40:41,912 [INFO] scanner - 处理标的: US.MRSH
2026-05-01 15:40:41,954 [INFO] scanner - [STEP1] 获取 US.MRSH 候选期权链…
2026-05-01 15:40:41,988 [INFO] option_chain_fetcher - [US.MRSH] 4 个到期日 → 4 批次调用
2026-05-01 15:40:41,991 [WARNING] rate_limiter - [_call] 第 1/5 次失败: 获取期权链频率太高，请求失败，每30秒最多10次。，5.0s 后重试…
2026-05-01 15:40:46,992 [WARNING] rate_limiter - [_call] 第 2/5 次失败: 获取期权链频率太高，请求失败，每30秒最多10次。，10.0s 后重试…
2026-05-01 15:40:56,995 [WARNING] rate_limiter - [_call] 第 3/5 次失败: 获取期权链频率太高，请求失败，每30秒最多10次。，20.0s 后重试…
2026-05-01 15:41:18,513 [INFO] option_chain_fetcher - [US.MRSH] 候选合约共 0 个
2026-05-01 15:41:18,513 [INFO] scanner - [STEP1] US.MRSH: 候选合约 0 个
2026-05-01 15:41:18,513 [INFO] scanner - [STEP2] 获取 0 个合约快照…
2026-05-01 15:41:18,513 [WARNING] scanner - [STEP2] 合约列表为空，跳过
2026-05-01 15:41:18,514 [ERROR] scanner - [US.MRSH] 处理异常: 'option_type'
2026-05-01 15:41:18,515 [ERROR] scanner - Traceback (most recent call last):
  File "C:\Users\Administrator\AppData\Local\Programs\Python\Python312\Lib\site-packages\pandas\core\indexes\base.py", line 3641, in get_loc
    return self._engine.get_loc(casted_key)
           ^^^^^^^^^^^^^^^^^^^^^^^^^^^^^^^^
  File "pandas/_libs/index.pyx", line 168, in pandas._libs.index.IndexEngine.get_loc
  File "pandas/_libs/index.pyx", line 197, in pandas._libs.index.IndexEngine.get_loc
  File "pandas/_libs/hashtable_class_helper.pxi", line 7668, in pandas._libs.hashtable.PyObjectHashTable.get_item
  File "pandas/_libs/hashtable_class_helper.pxi", line 7676, in pandas._libs.hashtable.PyObjectHashTable.get_item
KeyError: 'option_type'

The above exception was the direct cause of the following exception:

Traceback (most recent call last):
  File "<input>", line 170, in step_run_single
  File "C:\Users\Administrator\AppData\Local\Programs\Python\Python312\Lib\site-packages\pandas\core\frame.py", line 4378, in __getitem__
    indexer = self.columns.get_loc(key)
              ^^^^^^^^^^^^^^^^^^^^^^^^^
  File "C:\Users\Administrator\AppData\Local\Programs\Python\Python312\Lib\site-packages\pandas\core\indexes\base.py", line 3648, in get_loc
    raise KeyError(key) from err
KeyError: 'option_type'

2026-05-01 15:41:18,516 [INFO] checkpoint - 读取断点缓存：已完成 380 个标的
2026-05-01 15:41:18,517 [INFO] scanner - [382/527] US.MS  完成率 72%  预计剩余 33m21s
2026-05-01 15:41:18,517 [INFO] scanner - ──────────────────────────────────────────────────
2026-05-01 15:41:18,517 [INFO] scanner - 处理标的: US.MS
2026-05-01 15:41:18,559 [INFO] scanner - [STEP1] 获取 US.MS 候选期权链…
2026-05-01 15:41:18,599 [INFO] option_chain_fetcher - [US.MS] 13 个到期日 → 6 批次调用
2026-05-01 15:41:21,483 [INFO] option_chain_fetcher - [US.MS] 候选合约共 18 个
2026-05-01 15:41:21,483 [INFO] scanner - [STEP1] US.MS: 候选合约 18 个
2026-05-01 15:41:21,483 [INFO] scanner - [STEP2] 获取 18 个合约快照…
2026-05-01 15:41:21,560 [INFO] snapshot_fetcher - 快照获取完成：18/18 个合约
2026-05-01 15:41:21,561 [INFO] scanner - [STEP2] 成功获取 18 条快照
2026-05-01 15:41:21,562 [INFO] scanner - [STEP3] 对 US.MS 执行异常检测…
2026-05-01 15:41:21,565 [INFO] anomaly_detector - 发现异常合约 1 个
2026-05-01 15:41:21,568 [INFO] anomaly_detector - 已追加写入 1 条异常记录 → .\filter_data\anomaly_results2026-05-01.csv
2026-05-01 15:41:21,569 [INFO] checkpoint - 读取断点缓存：已完成 381 个标的
2026-05-01 15:41:21,570 [INFO] scanner - [383/527] US.MSCI  完成率 73%  预计剩余 33m03s
2026-05-01 15:41:21,570 [INFO] scanner - ──────────────────────────────────────────────────
2026-05-01 15:41:21,570 [INFO] scanner - 处理标的: US.MSCI
2026-05-01 15:41:21,640 [INFO] scanner - [STEP1] 获取 US.MSCI 候选期权链…
2026-05-01 15:41:21,675 [INFO] option_chain_fetcher - [US.MSCI] 4 个到期日 → 4 批次调用
2026-05-01 15:41:21,677 [WARNING] rate_limiter - [_call] 第 1/5 次失败: 获取期权链频率太高，请求失败，每30秒最多10次。，5.0s 后重试…
2026-05-01 15:41:26,678 [WARNING] rate_limiter - [_call] 第 2/5 次失败: 获取期权链频率太高，请求失败，每30秒最多10次。，10.0s 后重试…
2026-05-01 15:41:36,681 [WARNING] rate_limiter - [_call] 第 3/5 次失败: 获取期权链频率太高，请求失败，每30秒最多10次。，20.0s 后重试…
2026-05-01 15:41:58,214 [INFO] option_chain_fetcher - [US.MSCI] 候选合约共 0 个
2026-05-01 15:41:58,214 [INFO] scanner - [STEP1] US.MSCI: 候选合约 0 个
2026-05-01 15:41:58,214 [INFO] scanner - [STEP2] 获取 0 个合约快照…
2026-05-01 15:41:58,214 [WARNING] scanner - [STEP2] 合约列表为空，跳过
2026-05-01 15:41:58,215 [ERROR] scanner - [US.MSCI] 处理异常: 'option_type'
2026-05-01 15:41:58,216 [ERROR] scanner - Traceback (most recent call last):
  File "C:\Users\Administrator\AppData\Local\Programs\Python\Python312\Lib\site-packages\pandas\core\indexes\base.py", line 3641, in get_loc
    return self._engine.get_loc(casted_key)
           ^^^^^^^^^^^^^^^^^^^^^^^^^^^^^^^^
  File "pandas/_libs/index.pyx", line 168, in pandas._libs.index.IndexEngine.get_loc
  File "pandas/_libs/index.pyx", line 197, in pandas._libs.index.IndexEngine.get_loc
  File "pandas/_libs/hashtable_class_helper.pxi", line 7668, in pandas._libs.hashtable.PyObjectHashTable.get_item
  File "pandas/_libs/hashtable_class_helper.pxi", line 7676, in pandas._libs.hashtable.PyObjectHashTable.get_item
KeyError: 'option_type'

The above exception was the direct cause of the following exception:

Traceback (most recent call last):
  File "<input>", line 170, in step_run_single
  File "C:\Users\Administrator\AppData\Local\Programs\Python\Python312\Lib\site-packages\pandas\core\frame.py", line 4378, in __getitem__
    indexer = self.columns.get_loc(key)
              ^^^^^^^^^^^^^^^^^^^^^^^^^
  File "C:\Users\Administrator\AppData\Local\Programs\Python\Python312\Lib\site-packages\pandas\core\indexes\base.py", line 3648, in get_loc
    raise KeyError(key) from err
KeyError: 'option_type'

2026-05-01 15:41:58,217 [INFO] checkpoint - 读取断点缓存：已完成 382 个标的
2026-05-01 15:41:58,218 [INFO] scanner - [384/527] US.MSI  完成率 73%  预计剩余 32m58s
2026-05-01 15:41:58,218 [INFO] scanner - ──────────────────────────────────────────────────
2026-05-01 15:41:58,218 [INFO] scanner - 处理标的: US.MSI
2026-05-01 15:41:58,260 [INFO] scanner - [STEP1] 获取 US.MSI 候选期权链…
2026-05-01 15:41:58,296 [INFO] option_chain_fetcher - [US.MSI] 4 个到期日 → 4 批次调用
2026-05-01 15:41:59,815 [INFO] option_chain_fetcher - [US.MSI] 候选合约共 0 个
2026-05-01 15:41:59,815 [INFO] scanner - [STEP1] US.MSI: 候选合约 0 个
2026-05-01 15:41:59,815 [INFO] scanner - [STEP2] 获取 0 个合约快照…
2026-05-01 15:41:59,815 [WARNING] scanner - [STEP2] 合约列表为空，跳过
2026-05-01 15:41:59,816 [ERROR] scanner - [US.MSI] 处理异常: 'option_type'
2026-05-01 15:41:59,817 [ERROR] scanner - Traceback (most recent call last):
  File "C:\Users\Administrator\AppData\Local\Programs\Python\Python312\Lib\site-packages\pandas\core\indexes\base.py", line 3641, in get_loc
    return self._engine.get_loc(casted_key)
           ^^^^^^^^^^^^^^^^^^^^^^^^^^^^^^^^
  File "pandas/_libs/index.pyx", line 168, in pandas._libs.index.IndexEngine.get_loc
  File "pandas/_libs/index.pyx", line 197, in pandas._libs.index.IndexEngine.get_loc
  File "pandas/_libs/hashtable_class_helper.pxi", line 7668, in pandas._libs.hashtable.PyObjectHashTable.get_item
  File "pandas/_libs/hashtable_class_helper.pxi", line 7676, in pandas._libs.hashtable.PyObjectHashTable.get_item
KeyError: 'option_type'

The above exception was the direct cause of the following exception:

Traceback (most recent call last):
  File "<input>", line 170, in step_run_single
  File "C:\Users\Administrator\AppData\Local\Programs\Python\Python312\Lib\site-packages\pandas\core\frame.py", line 4378, in __getitem__
    indexer = self.columns.get_loc(key)
              ^^^^^^^^^^^^^^^^^^^^^^^^^
  File "C:\Users\Administrator\AppData\Local\Programs\Python\Python312\Lib\site-packages\pandas\core\indexes\base.py", line 3648, in get_loc
    raise KeyError(key) from err
KeyError: 'option_type'

2026-05-01 15:41:59,818 [INFO] checkpoint - 读取断点缓存：已完成 383 个标的
2026-05-01 15:41:59,819 [INFO] scanner - [385/527] US.MTB  完成率 73%  预计剩余 32m40s
2026-05-01 15:41:59,819 [INFO] scanner - ──────────────────────────────────────────────────
2026-05-01 15:41:59,819 [INFO] scanner - 处理标的: US.MTB
2026-05-01 15:41:59,886 [INFO] scanner - [STEP1] 获取 US.MTB 候选期权链…
2026-05-01 15:41:59,924 [INFO] option_chain_fetcher - [US.MTB] 5 个到期日 → 4 批次调用
2026-05-01 15:42:00,684 [WARNING] rate_limiter - [_call] 第 1/5 次失败: 获取期权链频率太高，请求失败，每30秒最多10次。，5.0s 后重试…
2026-05-01 15:42:05,686 [WARNING] rate_limiter - [_call] 第 2/5 次失败: 获取期权链频率太高，请求失败，每30秒最多10次。，10.0s 后重试…
2026-05-01 15:42:15,689 [WARNING] rate_limiter - [_call] 第 3/5 次失败: 获取期权链频率太高，请求失败，每30秒最多10次。，20.0s 后重试…
2026-05-01 15:42:36,488 [INFO] option_chain_fetcher - [US.MTB] 候选合约共 0 个
2026-05-01 15:42:36,488 [INFO] scanner - [STEP1] US.MTB: 候选合约 0 个
2026-05-01 15:42:36,488 [INFO] scanner - [STEP2] 获取 0 个合约快照…
2026-05-01 15:42:36,488 [WARNING] scanner - [STEP2] 合约列表为空，跳过
2026-05-01 15:42:36,489 [ERROR] scanner - [US.MTB] 处理异常: 'option_type'
2026-05-01 15:42:36,490 [ERROR] scanner - Traceback (most recent call last):
  File "C:\Users\Administrator\AppData\Local\Programs\Python\Python312\Lib\site-packages\pandas\core\indexes\base.py", line 3641, in get_loc
    return self._engine.get_loc(casted_key)
           ^^^^^^^^^^^^^^^^^^^^^^^^^^^^^^^^
  File "pandas/_libs/index.pyx", line 168, in pandas._libs.index.IndexEngine.get_loc
  File "pandas/_libs/index.pyx", line 197, in pandas._libs.index.IndexEngine.get_loc
  File "pandas/_libs/hashtable_class_helper.pxi", line 7668, in pandas._libs.hashtable.PyObjectHashTable.get_item
  File "pandas/_libs/hashtable_class_helper.pxi", line 7676, in pandas._libs.hashtable.PyObjectHashTable.get_item
KeyError: 'option_type'

The above exception was the direct cause of the following exception:

Traceback (most recent call last):
  File "<input>", line 170, in step_run_single
  File "C:\Users\Administrator\AppData\Local\Programs\Python\Python312\Lib\site-packages\pandas\core\frame.py", line 4378, in __getitem__
    indexer = self.columns.get_loc(key)
              ^^^^^^^^^^^^^^^^^^^^^^^^^
  File "C:\Users\Administrator\AppData\Local\Programs\Python\Python312\Lib\site-packages\pandas\core\indexes\base.py", line 3648, in get_loc
    raise KeyError(key) from err
KeyError: 'option_type'

2026-05-01 15:42:36,491 [INFO] checkpoint - 读取断点缓存：已完成 384 个标的
2026-05-01 15:42:36,492 [INFO] scanner - [386/527] US.MTD  完成率 73%  预计剩余 32m34s
2026-05-01 15:42:36,492 [INFO] scanner - ──────────────────────────────────────────────────
2026-05-01 15:42:36,492 [INFO] scanner - 处理标的: US.MTD
2026-05-01 15:42:36,536 [INFO] scanner - [STEP1] 获取 US.MTD 候选期权链…
2026-05-01 15:42:36,572 [INFO] option_chain_fetcher - [US.MTD] 5 个到期日 → 5 批次调用
2026-05-01 15:42:38,498 [INFO] option_chain_fetcher - [US.MTD] 候选合约共 0 个
2026-05-01 15:42:38,498 [INFO] scanner - [STEP1] US.MTD: 候选合约 0 个
2026-05-01 15:42:38,498 [INFO] scanner - [STEP2] 获取 0 个合约快照…
2026-05-01 15:42:38,498 [WARNING] scanner - [STEP2] 合约列表为空，跳过
2026-05-01 15:42:38,498 [ERROR] scanner - [US.MTD] 处理异常: 'option_type'
2026-05-01 15:42:38,500 [ERROR] scanner - Traceback (most recent call last):
  File "C:\Users\Administrator\AppData\Local\Programs\Python\Python312\Lib\site-packages\pandas\core\indexes\base.py", line 3641, in get_loc
    return self._engine.get_loc(casted_key)
           ^^^^^^^^^^^^^^^^^^^^^^^^^^^^^^^^
  File "pandas/_libs/index.pyx", line 168, in pandas._libs.index.IndexEngine.get_loc
  File "pandas/_libs/index.pyx", line 197, in pandas._libs.index.IndexEngine.get_loc
  File "pandas/_libs/hashtable_class_helper.pxi", line 7668, in pandas._libs.hashtable.PyObjectHashTable.get_item
  File "pandas/_libs/hashtable_class_helper.pxi", line 7676, in pandas._libs.hashtable.PyObjectHashTable.get_item
KeyError: 'option_type'

The above exception was the direct cause of the following exception:

Traceback (most recent call last):
  File "<input>", line 170, in step_run_single
  File "C:\Users\Administrator\AppData\Local\Programs\Python\Python312\Lib\site-packages\pandas\core\frame.py", line 4378, in __getitem__
    indexer = self.columns.get_loc(key)
              ^^^^^^^^^^^^^^^^^^^^^^^^^
  File "C:\Users\Administrator\AppData\Local\Programs\Python\Python312\Lib\site-packages\pandas\core\indexes\base.py", line 3648, in get_loc
    raise KeyError(key) from err
KeyError: 'option_type'

2026-05-01 15:42:38,500 [INFO] checkpoint - 读取断点缓存：已完成 385 个标的
2026-05-01 15:42:38,500 [INFO] scanner - [387/527] US.NCLH  完成率 73%  预计剩余 32m16s
2026-05-01 15:42:38,501 [INFO] scanner - ──────────────────────────────────────────────────
2026-05-01 15:42:38,501 [INFO] scanner - 处理标的: US.NCLH
2026-05-01 15:42:38,542 [INFO] scanner - [STEP1] 获取 US.NCLH 候选期权链…
2026-05-01 15:42:38,577 [INFO] option_chain_fetcher - [US.NCLH] 9 个到期日 → 3 批次调用
2026-05-01 15:42:40,099 [INFO] option_chain_fetcher - [US.NCLH] 候选合约共 28 个
2026-05-01 15:42:40,099 [INFO] scanner - [STEP1] US.NCLH: 候选合约 28 个
2026-05-01 15:42:40,099 [INFO] scanner - [STEP2] 获取 28 个合约快照…
2026-05-01 15:42:40,188 [INFO] snapshot_fetcher - 快照获取完成：28/28 个合约
2026-05-01 15:42:40,189 [INFO] scanner - [STEP2] 成功获取 28 条快照
2026-05-01 15:42:40,190 [INFO] scanner - [STEP3] 对 US.NCLH 执行异常检测…
2026-05-01 15:42:40,192 [INFO] anomaly_detector - 本批次无异常合约
2026-05-01 15:42:40,193 [INFO] checkpoint - 读取断点缓存：已完成 386 个标的
2026-05-01 15:42:40,194 [INFO] scanner - [388/527] US.NDAQ  完成率 74%  预计剩余 31m58s
2026-05-01 15:42:40,194 [INFO] scanner - ──────────────────────────────────────────────────
2026-05-01 15:42:40,194 [INFO] scanner - 处理标的: US.NDAQ
2026-05-01 15:42:40,234 [INFO] scanner - [STEP1] 获取 US.NDAQ 候选期权链…
2026-05-01 15:42:40,269 [INFO] option_chain_fetcher - [US.NDAQ] 9 个到期日 → 3 批次调用
2026-05-01 15:42:40,270 [WARNING] rate_limiter - [_call] 第 1/5 次失败: 获取期权链频率太高，请求失败，每30秒最多10次。，5.0s 后重试…
2026-05-01 15:42:45,272 [WARNING] rate_limiter - [_call] 第 2/5 次失败: 获取期权链频率太高，请求失败，每30秒最多10次。，10.0s 后重试…
2026-05-01 15:42:55,274 [WARNING] rate_limiter - [_call] 第 3/5 次失败: 获取期权链频率太高，请求失败，每30秒最多10次。，20.0s 后重试…
2026-05-01 15:43:16,654 [INFO] option_chain_fetcher - [US.NDAQ] 候选合约共 0 个
2026-05-01 15:43:16,654 [INFO] scanner - [STEP1] US.NDAQ: 候选合约 0 个
2026-05-01 15:43:16,654 [INFO] scanner - [STEP2] 获取 0 个合约快照…
2026-05-01 15:43:16,654 [WARNING] scanner - [STEP2] 合约列表为空，跳过
2026-05-01 15:43:16,655 [ERROR] scanner - [US.NDAQ] 处理异常: 'option_type'
2026-05-01 15:43:16,656 [ERROR] scanner - Traceback (most recent call last):
  File "C:\Users\Administrator\AppData\Local\Programs\Python\Python312\Lib\site-packages\pandas\core\indexes\base.py", line 3641, in get_loc
    return self._engine.get_loc(casted_key)
           ^^^^^^^^^^^^^^^^^^^^^^^^^^^^^^^^
  File "pandas/_libs/index.pyx", line 168, in pandas._libs.index.IndexEngine.get_loc
  File "pandas/_libs/index.pyx", line 197, in pandas._libs.index.IndexEngine.get_loc
  File "pandas/_libs/hashtable_class_helper.pxi", line 7668, in pandas._libs.hashtable.PyObjectHashTable.get_item
  File "pandas/_libs/hashtable_class_helper.pxi", line 7676, in pandas._libs.hashtable.PyObjectHashTable.get_item
KeyError: 'option_type'

The above exception was the direct cause of the following exception:

Traceback (most recent call last):
  File "<input>", line 170, in step_run_single
  File "C:\Users\Administrator\AppData\Local\Programs\Python\Python312\Lib\site-packages\pandas\core\frame.py", line 4378, in __getitem__
    indexer = self.columns.get_loc(key)
              ^^^^^^^^^^^^^^^^^^^^^^^^^
  File "C:\Users\Administrator\AppData\Local\Programs\Python\Python312\Lib\site-packages\pandas\core\indexes\base.py", line 3648, in get_loc
    raise KeyError(key) from err
KeyError: 'option_type'

2026-05-01 15:43:16,657 [INFO] checkpoint - 读取断点缓存：已完成 387 个标的
2026-05-01 15:43:16,658 [INFO] scanner - [389/527] US.NDSN  完成率 74%  预计剩余 31m53s
2026-05-01 15:43:16,659 [INFO] scanner - ──────────────────────────────────────────────────
2026-05-01 15:43:16,659 [INFO] scanner - 处理标的: US.NDSN
2026-05-01 15:43:16,703 [INFO] scanner - [STEP1] 获取 US.NDSN 候选期权链…
2026-05-01 15:43:16,740 [INFO] option_chain_fetcher - [US.NDSN] 3 个到期日 → 3 批次调用
2026-05-01 15:43:17,877 [INFO] option_chain_fetcher - [US.NDSN] 候选合约共 0 个
2026-05-01 15:43:17,877 [INFO] scanner - [STEP1] US.NDSN: 候选合约 0 个
2026-05-01 15:43:17,877 [INFO] scanner - [STEP2] 获取 0 个合约快照…
2026-05-01 15:43:17,877 [WARNING] scanner - [STEP2] 合约列表为空，跳过
2026-05-01 15:43:17,878 [ERROR] scanner - [US.NDSN] 处理异常: 'option_type'
2026-05-01 15:43:17,880 [ERROR] scanner - Traceback (most recent call last):
  File "C:\Users\Administrator\AppData\Local\Programs\Python\Python312\Lib\site-packages\pandas\core\indexes\base.py", line 3641, in get_loc
    return self._engine.get_loc(casted_key)
           ^^^^^^^^^^^^^^^^^^^^^^^^^^^^^^^^
  File "pandas/_libs/index.pyx", line 168, in pandas._libs.index.IndexEngine.get_loc
  File "pandas/_libs/index.pyx", line 197, in pandas._libs.index.IndexEngine.get_loc
  File "pandas/_libs/hashtable_class_helper.pxi", line 7668, in pandas._libs.hashtable.PyObjectHashTable.get_item
  File "pandas/_libs/hashtable_class_helper.pxi", line 7676, in pandas._libs.hashtable.PyObjectHashTable.get_item
KeyError: 'option_type'

The above exception was the direct cause of the following exception:

Traceback (most recent call last):
  File "<input>", line 170, in step_run_single
  File "C:\Users\Administrator\AppData\Local\Programs\Python\Python312\Lib\site-packages\pandas\core\frame.py", line 4378, in __getitem__
    indexer = self.columns.get_loc(key)
              ^^^^^^^^^^^^^^^^^^^^^^^^^
  File "C:\Users\Administrator\AppData\Local\Programs\Python\Python312\Lib\site-packages\pandas\core\indexes\base.py", line 3648, in get_loc
    raise KeyError(key) from err
KeyError: 'option_type'

2026-05-01 15:43:17,880 [INFO] checkpoint - 读取断点缓存：已完成 388 个标的
2026-05-01 15:43:17,881 [INFO] scanner - [390/527] US.NEE  完成率 74%  预计剩余 31m35s
2026-05-01 15:43:17,881 [INFO] scanner - ──────────────────────────────────────────────────
2026-05-01 15:43:17,882 [INFO] scanner - 处理标的: US.NEE
2026-05-01 15:43:17,927 [INFO] scanner - [STEP1] 获取 US.NEE 候选期权链…
2026-05-01 15:43:17,965 [INFO] option_chain_fetcher - [US.NEE] 9 个到期日 → 3 批次调用
2026-05-01 15:43:19,500 [INFO] option_chain_fetcher - [US.NEE] 候选合约共 19 个
2026-05-01 15:43:19,500 [INFO] scanner - [STEP1] US.NEE: 候选合约 19 个
2026-05-01 15:43:19,500 [INFO] scanner - [STEP2] 获取 19 个合约快照…
2026-05-01 15:43:19,580 [INFO] snapshot_fetcher - 快照获取完成：19/19 个合约
2026-05-01 15:43:19,581 [INFO] scanner - [STEP2] 成功获取 19 条快照
2026-05-01 15:43:19,583 [INFO] scanner - [STEP3] 对 US.NEE 执行异常检测…
2026-05-01 15:43:19,585 [INFO] anomaly_detector - 本批次无异常合约
2026-05-01 15:43:19,586 [INFO] checkpoint - 读取断点缓存：已完成 389 个标的
2026-05-01 15:43:19,587 [INFO] scanner - [391/527] US.NEM  完成率 74%  预计剩余 31m17s
2026-05-01 15:43:19,587 [INFO] scanner - ──────────────────────────────────────────────────
2026-05-01 15:43:19,588 [INFO] scanner - 处理标的: US.NEM
2026-05-01 15:43:19,630 [INFO] scanner - [STEP1] 获取 US.NEM 候选期权链…
2026-05-01 15:43:19,667 [INFO] option_chain_fetcher - [US.NEM] 11 个到期日 → 4 批次调用
2026-05-01 15:43:20,226 [WARNING] rate_limiter - [_call] 第 1/5 次失败: 获取期权链频率太高，请求失败，每30秒最多10次。，5.0s 后重试…
2026-05-01 15:43:25,228 [WARNING] rate_limiter - [_call] 第 2/5 次失败: 获取期权链频率太高，请求失败，每30秒最多10次。，10.0s 后重试…
2026-05-01 15:43:35,231 [WARNING] rate_limiter - [_call] 第 3/5 次失败: 获取期权链频率太高，请求失败，每30秒最多10次。，20.0s 后重试…
2026-05-01 15:43:56,640 [INFO] option_chain_fetcher - [US.NEM] 候选合约共 19 个
2026-05-01 15:43:56,640 [INFO] scanner - [STEP1] US.NEM: 候选合约 19 个
2026-05-01 15:43:56,640 [INFO] scanner - [STEP2] 获取 19 个合约快照…
2026-05-01 15:43:56,717 [INFO] snapshot_fetcher - 快照获取完成：19/19 个合约
2026-05-01 15:43:56,718 [INFO] scanner - [STEP2] 成功获取 19 条快照
2026-05-01 15:43:56,720 [INFO] scanner - [STEP3] 对 US.NEM 执行异常检测…
2026-05-01 15:43:56,722 [INFO] anomaly_detector - 本批次无异常合约
2026-05-01 15:43:56,723 [INFO] checkpoint - 读取断点缓存：已完成 390 个标的
2026-05-01 15:43:56,724 [INFO] scanner - [392/527] US.NI  完成率 74%  预计剩余 31m11s
2026-05-01 15:43:56,724 [INFO] scanner - ──────────────────────────────────────────────────
2026-05-01 15:43:56,724 [INFO] scanner - 处理标的: US.NI
2026-05-01 15:43:56,765 [INFO] scanner - [STEP1] 获取 US.NI 候选期权链…
2026-05-01 15:43:56,799 [INFO] option_chain_fetcher - [US.NI] 6 个到期日 → 6 批次调用
2026-05-01 15:43:59,055 [INFO] option_chain_fetcher - [US.NI] 候选合约共 0 个
2026-05-01 15:43:59,055 [INFO] scanner - [STEP1] US.NI: 候选合约 0 个
2026-05-01 15:43:59,055 [INFO] scanner - [STEP2] 获取 0 个合约快照…
2026-05-01 15:43:59,055 [WARNING] scanner - [STEP2] 合约列表为空，跳过
2026-05-01 15:43:59,055 [ERROR] scanner - [US.NI] 处理异常: 'option_type'
2026-05-01 15:43:59,056 [ERROR] scanner - Traceback (most recent call last):
  File "C:\Users\Administrator\AppData\Local\Programs\Python\Python312\Lib\site-packages\pandas\core\indexes\base.py", line 3641, in get_loc
    return self._engine.get_loc(casted_key)
           ^^^^^^^^^^^^^^^^^^^^^^^^^^^^^^^^
  File "pandas/_libs/index.pyx", line 168, in pandas._libs.index.IndexEngine.get_loc
  File "pandas/_libs/index.pyx", line 197, in pandas._libs.index.IndexEngine.get_loc
  File "pandas/_libs/hashtable_class_helper.pxi", line 7668, in pandas._libs.hashtable.PyObjectHashTable.get_item
  File "pandas/_libs/hashtable_class_helper.pxi", line 7676, in pandas._libs.hashtable.PyObjectHashTable.get_item
KeyError: 'option_type'

The above exception was the direct cause of the following exception:

Traceback (most recent call last):
  File "<input>", line 170, in step_run_single
  File "C:\Users\Administrator\AppData\Local\Programs\Python\Python312\Lib\site-packages\pandas\core\frame.py", line 4378, in __getitem__
    indexer = self.columns.get_loc(key)
              ^^^^^^^^^^^^^^^^^^^^^^^^^
  File "C:\Users\Administrator\AppData\Local\Programs\Python\Python312\Lib\site-packages\pandas\core\indexes\base.py", line 3648, in get_loc
    raise KeyError(key) from err
KeyError: 'option_type'

2026-05-01 15:43:59,056 [INFO] checkpoint - 读取断点缓存：已完成 391 个标的
2026-05-01 15:43:59,057 [INFO] scanner - [393/527] US.NOC  完成率 75%  预计剩余 30m53s
2026-05-01 15:43:59,057 [INFO] scanner - ──────────────────────────────────────────────────
2026-05-01 15:43:59,057 [INFO] scanner - 处理标的: US.NOC
2026-05-01 15:43:59,098 [INFO] scanner - [STEP1] 获取 US.NOC 候选期权链…
2026-05-01 15:43:59,132 [INFO] option_chain_fetcher - [US.NOC] 5 个到期日 → 4 批次调用
2026-05-01 15:43:59,521 [WARNING] rate_limiter - [_call] 第 1/5 次失败: 获取期权链频率太高，请求失败，每30秒最多10次。，5.0s 后重试…
2026-05-01 15:44:04,523 [WARNING] rate_limiter - [_call] 第 2/5 次失败: 获取期权链频率太高，请求失败，每30秒最多10次。，10.0s 后重试…
2026-05-01 15:44:14,525 [WARNING] rate_limiter - [_call] 第 3/5 次失败: 获取期权链频率太高，请求失败，每30秒最多10次。，20.0s 后重试…
2026-05-01 15:44:35,722 [INFO] option_chain_fetcher - [US.NOC] 候选合约共 0 个
2026-05-01 15:44:35,722 [INFO] scanner - [STEP1] US.NOC: 候选合约 0 个
2026-05-01 15:44:35,722 [INFO] scanner - [STEP2] 获取 0 个合约快照…
2026-05-01 15:44:35,722 [WARNING] scanner - [STEP2] 合约列表为空，跳过
2026-05-01 15:44:35,723 [ERROR] scanner - [US.NOC] 处理异常: 'option_type'
2026-05-01 15:44:35,724 [ERROR] scanner - Traceback (most recent call last):
  File "C:\Users\Administrator\AppData\Local\Programs\Python\Python312\Lib\site-packages\pandas\core\indexes\base.py", line 3641, in get_loc
    return self._engine.get_loc(casted_key)
           ^^^^^^^^^^^^^^^^^^^^^^^^^^^^^^^^
  File "pandas/_libs/index.pyx", line 168, in pandas._libs.index.IndexEngine.get_loc
  File "pandas/_libs/index.pyx", line 197, in pandas._libs.index.IndexEngine.get_loc
  File "pandas/_libs/hashtable_class_helper.pxi", line 7668, in pandas._libs.hashtable.PyObjectHashTable.get_item
  File "pandas/_libs/hashtable_class_helper.pxi", line 7676, in pandas._libs.hashtable.PyObjectHashTable.get_item
KeyError: 'option_type'

The above exception was the direct cause of the following exception:

Traceback (most recent call last):
  File "<input>", line 170, in step_run_single
  File "C:\Users\Administrator\AppData\Local\Programs\Python\Python312\Lib\site-packages\pandas\core\frame.py", line 4378, in __getitem__
    indexer = self.columns.get_loc(key)
              ^^^^^^^^^^^^^^^^^^^^^^^^^
  File "C:\Users\Administrator\AppData\Local\Programs\Python\Python312\Lib\site-packages\pandas\core\indexes\base.py", line 3648, in get_loc
    raise KeyError(key) from err
KeyError: 'option_type'

2026-05-01 15:44:35,725 [INFO] checkpoint - 读取断点缓存：已完成 392 个标的
2026-05-01 15:44:35,726 [INFO] scanner - [394/527] US.NOW  完成率 75%  预计剩余 30m47s
2026-05-01 15:44:35,726 [INFO] scanner - ──────────────────────────────────────────────────
2026-05-01 15:44:35,726 [INFO] scanner - 处理标的: US.NOW
2026-05-01 15:44:35,769 [INFO] scanner - [STEP1] 获取 US.NOW 候选期权链…
2026-05-01 15:44:35,809 [INFO] option_chain_fetcher - [US.NOW] 13 个到期日 → 6 批次调用
2026-05-01 15:44:38,607 [INFO] option_chain_fetcher - [US.NOW] 候选合约共 86 个
2026-05-01 15:44:38,607 [INFO] scanner - [STEP1] US.NOW: 候选合约 86 个
2026-05-01 15:44:38,607 [INFO] scanner - [STEP2] 获取 86 个合约快照…
2026-05-01 15:44:38,784 [INFO] snapshot_fetcher - 快照获取完成：86/86 个合约
2026-05-01 15:44:38,784 [INFO] scanner - [STEP2] 成功获取 86 条快照
2026-05-01 15:44:38,785 [INFO] scanner - [STEP3] 对 US.NOW 执行异常检测…
2026-05-01 15:44:38,788 [INFO] anomaly_detector - 发现异常合约 23 个
2026-05-01 15:44:38,791 [INFO] anomaly_detector - 已追加写入 23 条异常记录 → .\filter_data\anomaly_results2026-05-01.csv
2026-05-01 15:44:38,791 [INFO] checkpoint - 读取断点缓存：已完成 393 个标的
2026-05-01 15:44:38,792 [INFO] scanner - [395/527] US.NRG  完成率 75%  预计剩余 30m30s
2026-05-01 15:44:38,792 [INFO] scanner - ──────────────────────────────────────────────────
2026-05-01 15:44:38,792 [INFO] scanner - 处理标的: US.NRG
2026-05-01 15:44:38,831 [INFO] scanner - [STEP1] 获取 US.NRG 候选期权链…
2026-05-01 15:44:38,869 [INFO] option_chain_fetcher - [US.NRG] 9 个到期日 → 3 批次调用
2026-05-01 15:44:39,438 [WARNING] rate_limiter - [_call] 第 1/5 次失败: 获取期权链频率太高，请求失败，每30秒最多10次。，5.0s 后重试…
2026-05-01 15:44:44,440 [WARNING] rate_limiter - [_call] 第 2/5 次失败: 获取期权链频率太高，请求失败，每30秒最多10次。，10.0s 后重试…
2026-05-01 15:44:54,442 [WARNING] rate_limiter - [_call] 第 3/5 次失败: 获取期权链频率太高，请求失败，每30秒最多10次。，20.0s 后重试…
2026-05-01 15:45:15,288 [INFO] option_chain_fetcher - [US.NRG] 候选合约共 3 个
2026-05-01 15:45:15,288 [INFO] scanner - [STEP1] US.NRG: 候选合约 3 个
2026-05-01 15:45:15,288 [INFO] scanner - [STEP2] 获取 3 个合约快照…
2026-05-01 15:45:15,350 [INFO] snapshot_fetcher - 快照获取完成：3/3 个合约
2026-05-01 15:45:15,351 [INFO] scanner - [STEP2] 成功获取 3 条快照
2026-05-01 15:45:15,353 [INFO] scanner - [STEP3] 对 US.NRG 执行异常检测…
2026-05-01 15:45:15,355 [INFO] anomaly_detector - 本批次无异常合约
2026-05-01 15:45:15,356 [INFO] checkpoint - 读取断点缓存：已完成 394 个标的
2026-05-01 15:45:15,356 [INFO] scanner - [396/527] US.NSC  完成率 75%  预计剩余 30m24s
2026-05-01 15:45:15,357 [INFO] scanner - ──────────────────────────────────────────────────
2026-05-01 15:45:15,357 [INFO] scanner - 处理标的: US.NSC
2026-05-01 15:45:15,397 [INFO] scanner - [STEP1] 获取 US.NSC 候选期权链…
2026-05-01 15:45:15,432 [INFO] option_chain_fetcher - [US.NSC] 4 个到期日 → 4 批次调用
2026-05-01 15:45:16,945 [INFO] option_chain_fetcher - [US.NSC] 候选合约共 0 个
2026-05-01 15:45:16,945 [INFO] scanner - [STEP1] US.NSC: 候选合约 0 个
2026-05-01 15:45:16,945 [INFO] scanner - [STEP2] 获取 0 个合约快照…
2026-05-01 15:45:16,945 [WARNING] scanner - [STEP2] 合约列表为空，跳过
2026-05-01 15:45:16,946 [ERROR] scanner - [US.NSC] 处理异常: 'option_type'
2026-05-01 15:45:16,947 [ERROR] scanner - Traceback (most recent call last):
  File "C:\Users\Administrator\AppData\Local\Programs\Python\Python312\Lib\site-packages\pandas\core\indexes\base.py", line 3641, in get_loc
    return self._engine.get_loc(casted_key)
           ^^^^^^^^^^^^^^^^^^^^^^^^^^^^^^^^
  File "pandas/_libs/index.pyx", line 168, in pandas._libs.index.IndexEngine.get_loc
  File "pandas/_libs/index.pyx", line 197, in pandas._libs.index.IndexEngine.get_loc
  File "pandas/_libs/hashtable_class_helper.pxi", line 7668, in pandas._libs.hashtable.PyObjectHashTable.get_item
  File "pandas/_libs/hashtable_class_helper.pxi", line 7676, in pandas._libs.hashtable.PyObjectHashTable.get_item
KeyError: 'option_type'

The above exception was the direct cause of the following exception:

Traceback (most recent call last):
  File "<input>", line 170, in step_run_single
  File "C:\Users\Administrator\AppData\Local\Programs\Python\Python312\Lib\site-packages\pandas\core\frame.py", line 4378, in __getitem__
    indexer = self.columns.get_loc(key)
              ^^^^^^^^^^^^^^^^^^^^^^^^^
  File "C:\Users\Administrator\AppData\Local\Programs\Python\Python312\Lib\site-packages\pandas\core\indexes\base.py", line 3648, in get_loc
    raise KeyError(key) from err
KeyError: 'option_type'

2026-05-01 15:45:16,947 [INFO] checkpoint - 读取断点缓存：已完成 395 个标的
2026-05-01 15:45:16,947 [INFO] scanner - [397/527] US.NTAP  完成率 75%  预计剩余 30m06s
2026-05-01 15:45:16,948 [INFO] scanner - ──────────────────────────────────────────────────
2026-05-01 15:45:16,948 [INFO] scanner - 处理标的: US.NTAP
2026-05-01 15:45:16,986 [INFO] scanner - [STEP1] 获取 US.NTAP 候选期权链…
2026-05-01 15:45:17,020 [INFO] option_chain_fetcher - [US.NTAP] 4 个到期日 → 4 批次调用
2026-05-01 15:45:18,589 [INFO] option_chain_fetcher - [US.NTAP] 候选合约共 1 个
2026-05-01 15:45:18,589 [INFO] scanner - [STEP1] US.NTAP: 候选合约 1 个
2026-05-01 15:45:18,589 [INFO] scanner - [STEP2] 获取 1 个合约快照…
2026-05-01 15:45:18,657 [INFO] snapshot_fetcher - 快照获取完成：1/1 个合约
2026-05-01 15:45:18,657 [INFO] scanner - [STEP2] 成功获取 1 条快照
2026-05-01 15:45:18,658 [INFO] scanner - [STEP3] 对 US.NTAP 执行异常检测…
2026-05-01 15:45:18,659 [INFO] anomaly_detector - 本批次无异常合约
2026-05-01 15:45:18,659 [INFO] checkpoint - 读取断点缓存：已完成 396 个标的
2026-05-01 15:45:18,660 [INFO] scanner - [398/527] US.NTRS  完成率 76%  预计剩余 29m48s
2026-05-01 15:45:18,660 [INFO] scanner - ──────────────────────────────────────────────────
2026-05-01 15:45:18,660 [INFO] scanner - 处理标的: US.NTRS
2026-05-01 15:45:18,723 [INFO] scanner - [STEP1] 获取 US.NTRS 候选期权链…
2026-05-01 15:45:18,758 [INFO] option_chain_fetcher - [US.NTRS] 4 个到期日 → 4 批次调用
2026-05-01 15:45:18,761 [WARNING] rate_limiter - [_call] 第 1/5 次失败: 获取期权链频率太高，请求失败，每30秒最多10次。，5.0s 后重试…
2026-05-01 15:45:23,763 [WARNING] rate_limiter - [_call] 第 2/5 次失败: 获取期权链频率太高，请求失败，每30秒最多10次。，10.0s 后重试…
2026-05-01 15:45:33,765 [WARNING] rate_limiter - [_call] 第 3/5 次失败: 获取期权链频率太高，请求失败，每30秒最多10次。，20.0s 后重试…
2026-05-01 15:45:55,271 [INFO] option_chain_fetcher - [US.NTRS] 候选合约共 0 个
2026-05-01 15:45:55,271 [INFO] scanner - [STEP1] US.NTRS: 候选合约 0 个
2026-05-01 15:45:55,271 [INFO] scanner - [STEP2] 获取 0 个合约快照…
2026-05-01 15:45:55,271 [WARNING] scanner - [STEP2] 合约列表为空，跳过
2026-05-01 15:45:55,271 [ERROR] scanner - [US.NTRS] 处理异常: 'option_type'
2026-05-01 15:45:55,272 [ERROR] scanner - Traceback (most recent call last):
  File "C:\Users\Administrator\AppData\Local\Programs\Python\Python312\Lib\site-packages\pandas\core\indexes\base.py", line 3641, in get_loc
    return self._engine.get_loc(casted_key)
           ^^^^^^^^^^^^^^^^^^^^^^^^^^^^^^^^
  File "pandas/_libs/index.pyx", line 168, in pandas._libs.index.IndexEngine.get_loc
  File "pandas/_libs/index.pyx", line 197, in pandas._libs.index.IndexEngine.get_loc
  File "pandas/_libs/hashtable_class_helper.pxi", line 7668, in pandas._libs.hashtable.PyObjectHashTable.get_item
  File "pandas/_libs/hashtable_class_helper.pxi", line 7676, in pandas._libs.hashtable.PyObjectHashTable.get_item
KeyError: 'option_type'

The above exception was the direct cause of the following exception:

Traceback (most recent call last):
  File "<input>", line 170, in step_run_single
  File "C:\Users\Administrator\AppData\Local\Programs\Python\Python312\Lib\site-packages\pandas\core\frame.py", line 4378, in __getitem__
    indexer = self.columns.get_loc(key)
              ^^^^^^^^^^^^^^^^^^^^^^^^^
  File "C:\Users\Administrator\AppData\Local\Programs\Python\Python312\Lib\site-packages\pandas\core\indexes\base.py", line 3648, in get_loc
    raise KeyError(key) from err
KeyError: 'option_type'

2026-05-01 15:45:55,272 [INFO] checkpoint - 读取断点缓存：已完成 397 个标的
2026-05-01 15:45:55,273 [INFO] scanner - [399/527] US.NUE  完成率 76%  预计剩余 29m42s
2026-05-01 15:45:55,273 [INFO] scanner - ──────────────────────────────────────────────────
2026-05-01 15:45:55,274 [INFO] scanner - 处理标的: US.NUE
2026-05-01 15:45:55,316 [INFO] scanner - [STEP1] 获取 US.NUE 候选期权链…
2026-05-01 15:45:55,351 [INFO] option_chain_fetcher - [US.NUE] 5 个到期日 → 4 批次调用
2026-05-01 15:45:57,031 [INFO] option_chain_fetcher - [US.NUE] 候选合约共 3 个
2026-05-01 15:45:57,031 [INFO] scanner - [STEP1] US.NUE: 候选合约 3 个
2026-05-01 15:45:57,031 [INFO] scanner - [STEP2] 获取 3 个合约快照…
2026-05-01 15:45:57,096 [INFO] snapshot_fetcher - 快照获取完成：3/3 个合约
2026-05-01 15:45:57,097 [INFO] scanner - [STEP2] 成功获取 3 条快照
2026-05-01 15:45:57,098 [INFO] scanner - [STEP3] 对 US.NUE 执行异常检测…
2026-05-01 15:45:57,099 [INFO] anomaly_detector - 本批次无异常合约
2026-05-01 15:45:57,100 [INFO] checkpoint - 读取断点缓存：已完成 398 个标的
2026-05-01 15:45:57,100 [INFO] scanner - [400/527] US.NVR  完成率 76%  预计剩余 29m24s
2026-05-01 15:45:57,100 [INFO] scanner - ──────────────────────────────────────────────────
2026-05-01 15:45:57,100 [INFO] scanner - 处理标的: US.NVR
2026-05-01 15:45:57,138 [INFO] scanner - [STEP1] 获取 US.NVR 候选期权链…
2026-05-01 15:45:57,172 [INFO] option_chain_fetcher - [US.NVR] 无有效到期日，跳过
2026-05-01 15:45:57,172 [INFO] scanner - [STEP1] US.NVR: 候选合约 0 个
2026-05-01 15:45:57,172 [INFO] scanner - [STEP2] 获取 0 个合约快照…
2026-05-01 15:45:57,172 [WARNING] scanner - [STEP2] 合约列表为空，跳过
2026-05-01 15:45:57,173 [ERROR] scanner - [US.NVR] 处理异常: 'option_type'
2026-05-01 15:45:57,173 [ERROR] scanner - Traceback (most recent call last):
  File "C:\Users\Administrator\AppData\Local\Programs\Python\Python312\Lib\site-packages\pandas\core\indexes\base.py", line 3641, in get_loc
    return self._engine.get_loc(casted_key)
           ^^^^^^^^^^^^^^^^^^^^^^^^^^^^^^^^
  File "pandas/_libs/index.pyx", line 168, in pandas._libs.index.IndexEngine.get_loc
  File "pandas/_libs/index.pyx", line 197, in pandas._libs.index.IndexEngine.get_loc
  File "pandas/_libs/hashtable_class_helper.pxi", line 7668, in pandas._libs.hashtable.PyObjectHashTable.get_item
  File "pandas/_libs/hashtable_class_helper.pxi", line 7676, in pandas._libs.hashtable.PyObjectHashTable.get_item
KeyError: 'option_type'

The above exception was the direct cause of the following exception:

Traceback (most recent call last):
  File "<input>", line 170, in step_run_single
  File "C:\Users\Administrator\AppData\Local\Programs\Python\Python312\Lib\site-packages\pandas\core\frame.py", line 4378, in __getitem__
    indexer = self.columns.get_loc(key)
              ^^^^^^^^^^^^^^^^^^^^^^^^^
  File "C:\Users\Administrator\AppData\Local\Programs\Python\Python312\Lib\site-packages\pandas\core\indexes\base.py", line 3648, in get_loc
    raise KeyError(key) from err
KeyError: 'option_type'

2026-05-01 15:45:57,174 [INFO] checkpoint - 读取断点缓存：已完成 399 个标的
2026-05-01 15:45:57,174 [INFO] scanner - [401/527] US.NWS  完成率 76%  预计剩余 29m06s
2026-05-01 15:45:57,174 [INFO] scanner - ──────────────────────────────────────────────────
2026-05-01 15:45:57,175 [INFO] scanner - 处理标的: US.NWS
2026-05-01 15:45:57,243 [INFO] scanner - [STEP1] 获取 US.NWS 候选期权链…
2026-05-01 15:45:57,279 [INFO] option_chain_fetcher - [US.NWS] 4 个到期日 → 4 批次调用
2026-05-01 15:45:58,028 [WARNING] rate_limiter - [_call] 第 1/5 次失败: 获取期权链频率太高，请求失败，每30秒最多10次。，5.0s 后重试…
2026-05-01 15:46:03,031 [WARNING] rate_limiter - [_call] 第 2/5 次失败: 获取期权链频率太高，请求失败，每30秒最多10次。，10.0s 后重试…
2026-05-01 15:46:13,032 [WARNING] rate_limiter - [_call] 第 3/5 次失败: 获取期权链频率太高，请求失败，每30秒最多10次。，20.0s 后重试…
2026-05-01 15:46:33,783 [INFO] option_chain_fetcher - [US.NWS] 候选合约共 0 个
2026-05-01 15:46:33,783 [INFO] scanner - [STEP1] US.NWS: 候选合约 0 个
2026-05-01 15:46:33,783 [INFO] scanner - [STEP2] 获取 0 个合约快照…
2026-05-01 15:46:33,783 [WARNING] scanner - [STEP2] 合约列表为空，跳过
2026-05-01 15:46:33,783 [ERROR] scanner - [US.NWS] 处理异常: 'option_type'
2026-05-01 15:46:33,784 [ERROR] scanner - Traceback (most recent call last):
  File "C:\Users\Administrator\AppData\Local\Programs\Python\Python312\Lib\site-packages\pandas\core\indexes\base.py", line 3641, in get_loc
    return self._engine.get_loc(casted_key)
           ^^^^^^^^^^^^^^^^^^^^^^^^^^^^^^^^
  File "pandas/_libs/index.pyx", line 168, in pandas._libs.index.IndexEngine.get_loc
  File "pandas/_libs/index.pyx", line 197, in pandas._libs.index.IndexEngine.get_loc
  File "pandas/_libs/hashtable_class_helper.pxi", line 7668, in pandas._libs.hashtable.PyObjectHashTable.get_item
  File "pandas/_libs/hashtable_class_helper.pxi", line 7676, in pandas._libs.hashtable.PyObjectHashTable.get_item
KeyError: 'option_type'

The above exception was the direct cause of the following exception:

Traceback (most recent call last):
  File "<input>", line 170, in step_run_single
  File "C:\Users\Administrator\AppData\Local\Programs\Python\Python312\Lib\site-packages\pandas\core\frame.py", line 4378, in __getitem__
    indexer = self.columns.get_loc(key)
              ^^^^^^^^^^^^^^^^^^^^^^^^^
  File "C:\Users\Administrator\AppData\Local\Programs\Python\Python312\Lib\site-packages\pandas\core\indexes\base.py", line 3648, in get_loc
    raise KeyError(key) from err
KeyError: 'option_type'

2026-05-01 15:46:33,784 [INFO] checkpoint - 读取断点缓存：已完成 400 个标的
2026-05-01 15:46:33,785 [INFO] scanner - [402/527] US.NWSA  完成率 76%  预计剩余 29m00s
2026-05-01 15:46:33,785 [INFO] scanner - ──────────────────────────────────────────────────
2026-05-01 15:46:33,785 [INFO] scanner - 处理标的: US.NWSA
2026-05-01 15:46:33,855 [INFO] scanner - [STEP1] 获取 US.NWSA 候选期权链…
2026-05-01 15:46:33,891 [INFO] option_chain_fetcher - [US.NWSA] 4 个到期日 → 4 批次调用
2026-05-01 15:46:35,388 [INFO] option_chain_fetcher - [US.NWSA] 候选合约共 0 个
2026-05-01 15:46:35,388 [INFO] scanner - [STEP1] US.NWSA: 候选合约 0 个
2026-05-01 15:46:35,388 [INFO] scanner - [STEP2] 获取 0 个合约快照…
2026-05-01 15:46:35,388 [WARNING] scanner - [STEP2] 合约列表为空，跳过
2026-05-01 15:46:35,388 [ERROR] scanner - [US.NWSA] 处理异常: 'option_type'
2026-05-01 15:46:35,389 [ERROR] scanner - Traceback (most recent call last):
  File "C:\Users\Administrator\AppData\Local\Programs\Python\Python312\Lib\site-packages\pandas\core\indexes\base.py", line 3641, in get_loc
    return self._engine.get_loc(casted_key)
           ^^^^^^^^^^^^^^^^^^^^^^^^^^^^^^^^
  File "pandas/_libs/index.pyx", line 168, in pandas._libs.index.IndexEngine.get_loc
  File "pandas/_libs/index.pyx", line 197, in pandas._libs.index.IndexEngine.get_loc
  File "pandas/_libs/hashtable_class_helper.pxi", line 7668, in pandas._libs.hashtable.PyObjectHashTable.get_item
  File "pandas/_libs/hashtable_class_helper.pxi", line 7676, in pandas._libs.hashtable.PyObjectHashTable.get_item
KeyError: 'option_type'

The above exception was the direct cause of the following exception:

Traceback (most recent call last):
  File "<input>", line 170, in step_run_single
  File "C:\Users\Administrator\AppData\Local\Programs\Python\Python312\Lib\site-packages\pandas\core\frame.py", line 4378, in __getitem__
    indexer = self.columns.get_loc(key)
              ^^^^^^^^^^^^^^^^^^^^^^^^^
  File "C:\Users\Administrator\AppData\Local\Programs\Python\Python312\Lib\site-packages\pandas\core\indexes\base.py", line 3648, in get_loc
    raise KeyError(key) from err
KeyError: 'option_type'

2026-05-01 15:46:35,389 [INFO] checkpoint - 读取断点缓存：已完成 401 个标的
2026-05-01 15:46:35,389 [INFO] scanner - [403/527] US.O  完成率 76%  预计剩余 28m42s
2026-05-01 15:46:35,389 [INFO] scanner - ──────────────────────────────────────────────────
2026-05-01 15:46:35,390 [INFO] scanner - 处理标的: US.O
2026-05-01 15:46:35,432 [INFO] scanner - [STEP1] 获取 US.O 候选期权链…
2026-05-01 15:46:35,467 [INFO] option_chain_fetcher - [US.O] 3 个到期日 → 3 批次调用
2026-05-01 15:46:36,665 [INFO] option_chain_fetcher - [US.O] 候选合约共 2 个
2026-05-01 15:46:36,665 [INFO] scanner - [STEP1] US.O: 候选合约 2 个
2026-05-01 15:46:36,665 [INFO] scanner - [STEP2] 获取 2 个合约快照…
2026-05-01 15:46:36,730 [INFO] snapshot_fetcher - 快照获取完成：2/2 个合约
2026-05-01 15:46:36,730 [INFO] scanner - [STEP2] 成功获取 2 条快照
2026-05-01 15:46:36,731 [INFO] scanner - [STEP3] 对 US.O 执行异常检测…
2026-05-01 15:46:36,732 [INFO] anomaly_detector - 本批次无异常合约
2026-05-01 15:46:36,732 [INFO] checkpoint - 读取断点缓存：已完成 402 个标的
2026-05-01 15:46:36,733 [INFO] scanner - [404/527] US.OKE  完成率 77%  预计剩余 28m24s
2026-05-01 15:46:36,733 [INFO] scanner - ──────────────────────────────────────────────────
2026-05-01 15:46:36,733 [INFO] scanner - 处理标的: US.OKE
2026-05-01 15:46:36,772 [INFO] scanner - [STEP1] 获取 US.OKE 候选期权链…
2026-05-01 15:46:36,806 [INFO] option_chain_fetcher - [US.OKE] 5 个到期日 → 4 批次调用
2026-05-01 15:46:37,244 [WARNING] rate_limiter - [_call] 第 1/5 次失败: 获取期权链频率太高，请求失败，每30秒最多10次。，5.0s 后重试…
2026-05-01 15:46:42,246 [WARNING] rate_limiter - [_call] 第 2/5 次失败: 获取期权链频率太高，请求失败，每30秒最多10次。，10.0s 后重试…
2026-05-01 15:46:52,248 [WARNING] rate_limiter - [_call] 第 3/5 次失败: 获取期权链频率太高，请求失败，每30秒最多10次。，20.0s 后重试…
2026-05-01 15:47:13,479 [INFO] option_chain_fetcher - [US.OKE] 候选合约共 5 个
2026-05-01 15:47:13,479 [INFO] scanner - [STEP1] US.OKE: 候选合约 5 个
2026-05-01 15:47:13,479 [INFO] scanner - [STEP2] 获取 5 个合约快照…
2026-05-01 15:47:13,547 [INFO] snapshot_fetcher - 快照获取完成：5/5 个合约
2026-05-01 15:47:13,548 [INFO] scanner - [STEP2] 成功获取 5 条快照
2026-05-01 15:47:13,549 [INFO] scanner - [STEP3] 对 US.OKE 执行异常检测…
2026-05-01 15:47:13,550 [INFO] anomaly_detector - 本批次无异常合约
2026-05-01 15:47:13,551 [INFO] checkpoint - 读取断点缓存：已完成 403 个标的
2026-05-01 15:47:13,551 [INFO] scanner - [405/527] US.OMC  完成率 77%  预计剩余 28m18s
2026-05-01 15:47:13,551 [INFO] scanner - ──────────────────────────────────────────────────
2026-05-01 15:47:13,552 [INFO] scanner - 处理标的: US.OMC
2026-05-01 15:47:13,616 [INFO] scanner - [STEP1] 获取 US.OMC 候选期权链…
2026-05-01 15:47:13,651 [INFO] option_chain_fetcher - [US.OMC] 5 个到期日 → 5 批次调用
2026-05-01 15:47:15,599 [INFO] option_chain_fetcher - [US.OMC] 候选合约共 1 个
2026-05-01 15:47:15,599 [INFO] scanner - [STEP1] US.OMC: 候选合约 1 个
2026-05-01 15:47:15,599 [INFO] scanner - [STEP2] 获取 1 个合约快照…
2026-05-01 15:47:15,668 [INFO] snapshot_fetcher - 快照获取完成：1/1 个合约
2026-05-01 15:47:15,668 [INFO] scanner - [STEP2] 成功获取 1 条快照
2026-05-01 15:47:15,669 [INFO] scanner - [STEP3] 对 US.OMC 执行异常检测…
2026-05-01 15:47:15,670 [INFO] anomaly_detector - 本批次无异常合约
2026-05-01 15:47:15,670 [INFO] checkpoint - 读取断点缓存：已完成 404 个标的
2026-05-01 15:47:15,671 [INFO] scanner - [406/527] US.ON  完成率 77%  预计剩余 28m00s
2026-05-01 15:47:15,671 [INFO] scanner - ──────────────────────────────────────────────────
2026-05-01 15:47:15,671 [INFO] scanner - 处理标的: US.ON
2026-05-01 15:47:15,710 [INFO] scanner - [STEP1] 获取 US.ON 候选期权链…
2026-05-01 15:47:15,745 [INFO] option_chain_fetcher - [US.ON] 11 个到期日 → 4 批次调用
2026-05-01 15:47:16,768 [WARNING] rate_limiter - [_call] 第 1/5 次失败: 获取期权链频率太高，请求失败，每30秒最多10次。，5.0s 后重试…
2026-05-01 15:47:21,770 [WARNING] rate_limiter - [_call] 第 2/5 次失败: 获取期权链频率太高，请求失败，每30秒最多10次。，10.0s 后重试…
2026-05-01 15:47:31,772 [WARNING] rate_limiter - [_call] 第 3/5 次失败: 获取期权链频率太高，请求失败，每30秒最多10次。，20.0s 后重试…
2026-05-01 15:47:52,575 [INFO] option_chain_fetcher - [US.ON] 候选合约共 13 个
2026-05-01 15:47:52,575 [INFO] scanner - [STEP1] US.ON: 候选合约 13 个
2026-05-01 15:47:52,575 [INFO] scanner - [STEP2] 获取 13 个合约快照…
2026-05-01 15:47:52,653 [INFO] snapshot_fetcher - 快照获取完成：13/13 个合约
2026-05-01 15:47:52,654 [INFO] scanner - [STEP2] 成功获取 13 条快照
2026-05-01 15:47:52,655 [INFO] scanner - [STEP3] 对 US.ON 执行异常检测…
2026-05-01 15:47:52,656 [INFO] anomaly_detector - 发现异常合约 4 个
2026-05-01 15:47:52,658 [INFO] anomaly_detector - 已追加写入 4 条异常记录 → .\filter_data\anomaly_results2026-05-01.csv
2026-05-01 15:47:52,658 [INFO] checkpoint - 读取断点缓存：已完成 405 个标的
2026-05-01 15:47:52,659 [INFO] scanner - [407/527] US.ORCL  完成率 77%  预计剩余 27m53s
2026-05-01 15:47:52,659 [INFO] scanner - ──────────────────────────────────────────────────
2026-05-01 15:47:52,659 [INFO] scanner - 处理标的: US.ORCL
2026-05-01 15:47:52,697 [INFO] scanner - [STEP1] 获取 US.ORCL 候选期权链…
2026-05-01 15:47:52,733 [INFO] option_chain_fetcher - [US.ORCL] 13 个到期日 → 6 批次调用
2026-05-01 15:47:55,734 [INFO] option_chain_fetcher - [US.ORCL] 候选合约共 130 个
2026-05-01 15:47:55,734 [INFO] scanner - [STEP1] US.ORCL: 候选合约 130 个
2026-05-01 15:47:55,734 [INFO] scanner - [STEP2] 获取 130 个合约快照…
2026-05-01 15:47:56,032 [INFO] snapshot_fetcher - 快照获取完成：130/130 个合约
2026-05-01 15:47:56,033 [INFO] scanner - [STEP2] 成功获取 130 条快照
2026-05-01 15:47:56,034 [INFO] scanner - [STEP3] 对 US.ORCL 执行异常检测…
2026-05-01 15:47:56,036 [INFO] anomaly_detector - 发现异常合约 37 个
2026-05-01 15:47:56,039 [INFO] anomaly_detector - 已追加写入 37 条异常记录 → .\filter_data\anomaly_results2026-05-01.csv
2026-05-01 15:47:56,039 [INFO] checkpoint - 读取断点缓存：已完成 406 个标的
2026-05-01 15:47:56,040 [INFO] scanner - [408/527] US.OTIS  完成率 77%  预计剩余 27m37s
2026-05-01 15:47:56,040 [INFO] scanner - ──────────────────────────────────────────────────
2026-05-01 15:47:56,040 [INFO] scanner - 处理标的: US.OTIS
2026-05-01 15:47:56,078 [INFO] scanner - [STEP1] 获取 US.OTIS 候选期权链…
2026-05-01 15:47:56,112 [INFO] option_chain_fetcher - [US.OTIS] 3 个到期日 → 3 批次调用
2026-05-01 15:47:56,864 [WARNING] rate_limiter - [_call] 第 1/5 次失败: 获取期权链频率太高，请求失败，每30秒最多10次。，5.0s 后重试…
2026-05-01 15:48:01,866 [WARNING] rate_limiter - [_call] 第 2/5 次失败: 获取期权链频率太高，请求失败，每30秒最多10次。，10.0s 后重试…
2026-05-01 15:48:11,867 [WARNING] rate_limiter - [_call] 第 3/5 次失败: 获取期权链频率太高，请求失败，每30秒最多10次。，20.0s 后重试…
2026-05-01 15:48:32,246 [INFO] option_chain_fetcher - [US.OTIS] 候选合约共 0 个
2026-05-01 15:48:32,246 [INFO] scanner - [STEP1] US.OTIS: 候选合约 0 个
2026-05-01 15:48:32,246 [INFO] scanner - [STEP2] 获取 0 个合约快照…
2026-05-01 15:48:32,246 [WARNING] scanner - [STEP2] 合约列表为空，跳过
2026-05-01 15:48:32,247 [ERROR] scanner - [US.OTIS] 处理异常: 'option_type'
2026-05-01 15:48:32,248 [ERROR] scanner - Traceback (most recent call last):
  File "C:\Users\Administrator\AppData\Local\Programs\Python\Python312\Lib\site-packages\pandas\core\indexes\base.py", line 3641, in get_loc
    return self._engine.get_loc(casted_key)
           ^^^^^^^^^^^^^^^^^^^^^^^^^^^^^^^^
  File "pandas/_libs/index.pyx", line 168, in pandas._libs.index.IndexEngine.get_loc
  File "pandas/_libs/index.pyx", line 197, in pandas._libs.index.IndexEngine.get_loc
  File "pandas/_libs/hashtable_class_helper.pxi", line 7668, in pandas._libs.hashtable.PyObjectHashTable.get_item
  File "pandas/_libs/hashtable_class_helper.pxi", line 7676, in pandas._libs.hashtable.PyObjectHashTable.get_item
KeyError: 'option_type'

The above exception was the direct cause of the following exception:

Traceback (most recent call last):
  File "<input>", line 170, in step_run_single
  File "C:\Users\Administrator\AppData\Local\Programs\Python\Python312\Lib\site-packages\pandas\core\frame.py", line 4378, in __getitem__
    indexer = self.columns.get_loc(key)
              ^^^^^^^^^^^^^^^^^^^^^^^^^
  File "C:\Users\Administrator\AppData\Local\Programs\Python\Python312\Lib\site-packages\pandas\core\indexes\base.py", line 3648, in get_loc
    raise KeyError(key) from err
KeyError: 'option_type'

2026-05-01 15:48:32,248 [INFO] checkpoint - 读取断点缓存：已完成 407 个标的
2026-05-01 15:48:32,249 [INFO] scanner - [409/527] US.OXY  完成率 78%  预计剩余 27m29s
2026-05-01 15:48:32,249 [INFO] scanner - ──────────────────────────────────────────────────
2026-05-01 15:48:32,249 [INFO] scanner - 处理标的: US.OXY
2026-05-01 15:48:32,294 [INFO] scanner - [STEP1] 获取 US.OXY 候选期权链…
2026-05-01 15:48:32,330 [INFO] option_chain_fetcher - [US.OXY] 12 个到期日 → 5 批次调用
2026-05-01 15:48:34,730 [INFO] option_chain_fetcher - [US.OXY] 候选合约共 47 个
2026-05-01 15:48:34,730 [INFO] scanner - [STEP1] US.OXY: 候选合约 47 个
2026-05-01 15:48:34,730 [INFO] scanner - [STEP2] 获取 47 个合约快照…
2026-05-01 15:48:34,870 [INFO] snapshot_fetcher - 快照获取完成：47/47 个合约
2026-05-01 15:48:34,871 [INFO] scanner - [STEP2] 成功获取 47 条快照
2026-05-01 15:48:34,871 [INFO] scanner - [STEP3] 对 US.OXY 执行异常检测…
2026-05-01 15:48:34,873 [INFO] anomaly_detector - 发现异常合约 2 个
2026-05-01 15:48:34,875 [INFO] anomaly_detector - 已追加写入 2 条异常记录 → .\filter_data\anomaly_results2026-05-01.csv
2026-05-01 15:48:34,875 [INFO] checkpoint - 读取断点缓存：已完成 408 个标的
2026-05-01 15:48:34,876 [INFO] scanner - [410/527] US.PCG  完成率 78%  预计剩余 27m12s
2026-05-01 15:48:34,876 [INFO] scanner - ──────────────────────────────────────────────────
2026-05-01 15:48:34,876 [INFO] scanner - 处理标的: US.PCG
2026-05-01 15:48:34,915 [INFO] scanner - [STEP1] 获取 US.PCG 候选期权链…
2026-05-01 15:48:34,950 [INFO] option_chain_fetcher - [US.PCG] 10 个到期日 → 3 批次调用
2026-05-01 15:48:36,496 [INFO] option_chain_fetcher - [US.PCG] 候选合约共 15 个
2026-05-01 15:48:36,496 [INFO] scanner - [STEP1] US.PCG: 候选合约 15 个
2026-05-01 15:48:36,496 [INFO] scanner - [STEP2] 获取 15 个合约快照…
2026-05-01 15:48:36,567 [INFO] snapshot_fetcher - 快照获取完成：15/15 个合约
2026-05-01 15:48:36,568 [INFO] scanner - [STEP2] 成功获取 15 条快照
2026-05-01 15:48:36,569 [INFO] scanner - [STEP3] 对 US.PCG 执行异常检测…
2026-05-01 15:48:36,569 [INFO] anomaly_detector - 本批次无异常合约
2026-05-01 15:48:36,570 [INFO] checkpoint - 读取断点缓存：已完成 409 个标的
2026-05-01 15:48:36,570 [INFO] scanner - [411/527] US.PEG  完成率 78%  预计剩余 26m55s
2026-05-01 15:48:36,570 [INFO] scanner - ──────────────────────────────────────────────────
2026-05-01 15:48:36,571 [INFO] scanner - 处理标的: US.PEG
2026-05-01 15:48:36,609 [INFO] scanner - [STEP1] 获取 US.PEG 候选期权链…
2026-05-01 15:48:36,643 [INFO] option_chain_fetcher - [US.PEG] 5 个到期日 → 4 批次调用
2026-05-01 15:48:37,020 [WARNING] rate_limiter - [_call] 第 1/5 次失败: 获取期权链频率太高，请求失败，每30秒最多10次。，5.0s 后重试…
2026-05-01 15:48:42,021 [WARNING] rate_limiter - [_call] 第 2/5 次失败: 获取期权链频率太高，请求失败，每30秒最多10次。，10.0s 后重试…
2026-05-01 15:48:52,024 [WARNING] rate_limiter - [_call] 第 3/5 次失败: 获取期权链频率太高，请求失败，每30秒最多10次。，20.0s 后重试…
2026-05-01 15:49:13,192 [INFO] option_chain_fetcher - [US.PEG] 候选合约共 0 个
2026-05-01 15:49:13,192 [INFO] scanner - [STEP1] US.PEG: 候选合约 0 个
2026-05-01 15:49:13,192 [INFO] scanner - [STEP2] 获取 0 个合约快照…
2026-05-01 15:49:13,192 [WARNING] scanner - [STEP2] 合约列表为空，跳过
2026-05-01 15:49:13,194 [ERROR] scanner - [US.PEG] 处理异常: 'option_type'
2026-05-01 15:49:13,194 [ERROR] scanner - Traceback (most recent call last):
  File "C:\Users\Administrator\AppData\Local\Programs\Python\Python312\Lib\site-packages\pandas\core\indexes\base.py", line 3641, in get_loc
    return self._engine.get_loc(casted_key)
           ^^^^^^^^^^^^^^^^^^^^^^^^^^^^^^^^
  File "pandas/_libs/index.pyx", line 168, in pandas._libs.index.IndexEngine.get_loc
  File "pandas/_libs/index.pyx", line 197, in pandas._libs.index.IndexEngine.get_loc
  File "pandas/_libs/hashtable_class_helper.pxi", line 7668, in pandas._libs.hashtable.PyObjectHashTable.get_item
  File "pandas/_libs/hashtable_class_helper.pxi", line 7676, in pandas._libs.hashtable.PyObjectHashTable.get_item
KeyError: 'option_type'

The above exception was the direct cause of the following exception:

Traceback (most recent call last):
  File "<input>", line 170, in step_run_single
  File "C:\Users\Administrator\AppData\Local\Programs\Python\Python312\Lib\site-packages\pandas\core\frame.py", line 4378, in __getitem__
    indexer = self.columns.get_loc(key)
              ^^^^^^^^^^^^^^^^^^^^^^^^^
  File "C:\Users\Administrator\AppData\Local\Programs\Python\Python312\Lib\site-packages\pandas\core\indexes\base.py", line 3648, in get_loc
    raise KeyError(key) from err
KeyError: 'option_type'

2026-05-01 15:49:13,195 [INFO] checkpoint - 读取断点缓存：已完成 410 个标的
2026-05-01 15:49:13,196 [INFO] scanner - [412/527] US.PFE  完成率 78%  预计剩余 26m47s
2026-05-01 15:49:13,196 [INFO] scanner - ──────────────────────────────────────────────────
2026-05-01 15:49:13,196 [INFO] scanner - 处理标的: US.PFE
2026-05-01 15:49:13,235 [INFO] scanner - [STEP1] 获取 US.PFE 候选期权链…
2026-05-01 15:49:13,270 [INFO] option_chain_fetcher - [US.PFE] 12 个到期日 → 5 批次调用
2026-05-01 15:49:15,578 [INFO] option_chain_fetcher - [US.PFE] 候选合约共 48 个
2026-05-01 15:49:15,578 [INFO] scanner - [STEP1] US.PFE: 候选合约 48 个
2026-05-01 15:49:15,578 [INFO] scanner - [STEP2] 获取 48 个合约快照…
2026-05-01 15:49:15,723 [INFO] snapshot_fetcher - 快照获取完成：48/48 个合约
2026-05-01 15:49:15,723 [INFO] scanner - [STEP2] 成功获取 48 条快照
2026-05-01 15:49:15,724 [INFO] scanner - [STEP3] 对 US.PFE 执行异常检测…
2026-05-01 15:49:15,725 [INFO] anomaly_detector - 本批次无异常合约
2026-05-01 15:49:15,726 [INFO] checkpoint - 读取断点缓存：已完成 411 个标的
2026-05-01 15:49:15,726 [INFO] scanner - [413/527] US.PFG  完成率 78%  预计剩余 26m30s
2026-05-01 15:49:15,726 [INFO] scanner - ──────────────────────────────────────────────────
2026-05-01 15:49:15,726 [INFO] scanner - 处理标的: US.PFG
2026-05-01 15:49:15,794 [INFO] scanner - [STEP1] 获取 US.PFG 候选期权链…
2026-05-01 15:49:15,828 [INFO] option_chain_fetcher - [US.PFG] 4 个到期日 → 4 批次调用
2026-05-01 15:49:16,582 [WARNING] rate_limiter - [_call] 第 1/5 次失败: 获取期权链频率太高，请求失败，每30秒最多10次。，5.0s 后重试…
2026-05-01 15:49:21,584 [WARNING] rate_limiter - [_call] 第 2/5 次失败: 获取期权链频率太高，请求失败，每30秒最多10次。，10.0s 后重试…
2026-05-01 15:49:31,586 [WARNING] rate_limiter - [_call] 第 3/5 次失败: 获取期权链频率太高，请求失败，每30秒最多10次。，20.0s 后重试…
2026-05-01 15:49:52,341 [INFO] option_chain_fetcher - [US.PFG] 候选合约共 0 个
2026-05-01 15:49:52,341 [INFO] scanner - [STEP1] US.PFG: 候选合约 0 个
2026-05-01 15:49:52,341 [INFO] scanner - [STEP2] 获取 0 个合约快照…
2026-05-01 15:49:52,341 [WARNING] scanner - [STEP2] 合约列表为空，跳过
2026-05-01 15:49:52,342 [ERROR] scanner - [US.PFG] 处理异常: 'option_type'
2026-05-01 15:49:52,342 [ERROR] scanner - Traceback (most recent call last):
  File "C:\Users\Administrator\AppData\Local\Programs\Python\Python312\Lib\site-packages\pandas\core\indexes\base.py", line 3641, in get_loc
    return self._engine.get_loc(casted_key)
           ^^^^^^^^^^^^^^^^^^^^^^^^^^^^^^^^
  File "pandas/_libs/index.pyx", line 168, in pandas._libs.index.IndexEngine.get_loc
  File "pandas/_libs/index.pyx", line 197, in pandas._libs.index.IndexEngine.get_loc
  File "pandas/_libs/hashtable_class_helper.pxi", line 7668, in pandas._libs.hashtable.PyObjectHashTable.get_item
  File "pandas/_libs/hashtable_class_helper.pxi", line 7676, in pandas._libs.hashtable.PyObjectHashTable.get_item
KeyError: 'option_type'

The above exception was the direct cause of the following exception:

Traceback (most recent call last):
  File "<input>", line 170, in step_run_single
  File "C:\Users\Administrator\AppData\Local\Programs\Python\Python312\Lib\site-packages\pandas\core\frame.py", line 4378, in __getitem__
    indexer = self.columns.get_loc(key)
              ^^^^^^^^^^^^^^^^^^^^^^^^^
  File "C:\Users\Administrator\AppData\Local\Programs\Python\Python312\Lib\site-packages\pandas\core\indexes\base.py", line 3648, in get_loc
    raise KeyError(key) from err
KeyError: 'option_type'

2026-05-01 15:49:52,343 [INFO] checkpoint - 读取断点缓存：已完成 412 个标的
2026-05-01 15:49:52,343 [INFO] scanner - [414/527] US.PGR  完成率 79%  预计剩余 26m23s
2026-05-01 15:49:52,344 [INFO] scanner - ──────────────────────────────────────────────────
2026-05-01 15:49:52,344 [INFO] scanner - 处理标的: US.PGR
2026-05-01 15:49:52,382 [INFO] scanner - [STEP1] 获取 US.PGR 候选期权链…
2026-05-01 15:49:52,421 [INFO] option_chain_fetcher - [US.PGR] 11 个到期日 → 4 批次调用
2026-05-01 15:49:54,245 [INFO] option_chain_fetcher - [US.PGR] 候选合约共 0 个
2026-05-01 15:49:54,245 [INFO] scanner - [STEP1] US.PGR: 候选合约 0 个
2026-05-01 15:49:54,245 [INFO] scanner - [STEP2] 获取 0 个合约快照…
2026-05-01 15:49:54,245 [WARNING] scanner - [STEP2] 合约列表为空，跳过
2026-05-01 15:49:54,246 [ERROR] scanner - [US.PGR] 处理异常: 'option_type'
2026-05-01 15:49:54,246 [ERROR] scanner - Traceback (most recent call last):
  File "C:\Users\Administrator\AppData\Local\Programs\Python\Python312\Lib\site-packages\pandas\core\indexes\base.py", line 3641, in get_loc
    return self._engine.get_loc(casted_key)
           ^^^^^^^^^^^^^^^^^^^^^^^^^^^^^^^^
  File "pandas/_libs/index.pyx", line 168, in pandas._libs.index.IndexEngine.get_loc
  File "pandas/_libs/index.pyx", line 197, in pandas._libs.index.IndexEngine.get_loc
  File "pandas/_libs/hashtable_class_helper.pxi", line 7668, in pandas._libs.hashtable.PyObjectHashTable.get_item
  File "pandas/_libs/hashtable_class_helper.pxi", line 7676, in pandas._libs.hashtable.PyObjectHashTable.get_item
KeyError: 'option_type'

The above exception was the direct cause of the following exception:

Traceback (most recent call last):
  File "<input>", line 170, in step_run_single
  File "C:\Users\Administrator\AppData\Local\Programs\Python\Python312\Lib\site-packages\pandas\core\frame.py", line 4378, in __getitem__
    indexer = self.columns.get_loc(key)
              ^^^^^^^^^^^^^^^^^^^^^^^^^
  File "C:\Users\Administrator\AppData\Local\Programs\Python\Python312\Lib\site-packages\pandas\core\indexes\base.py", line 3648, in get_loc
    raise KeyError(key) from err
KeyError: 'option_type'

2026-05-01 15:49:54,247 [INFO] checkpoint - 读取断点缓存：已完成 413 个标的
2026-05-01 15:49:54,247 [INFO] scanner - [415/527] US.PH  完成率 79%  预计剩余 26m06s
2026-05-01 15:49:54,247 [INFO] scanner - ──────────────────────────────────────────────────
2026-05-01 15:49:54,247 [INFO] scanner - 处理标的: US.PH
2026-05-01 15:49:54,311 [INFO] scanner - [STEP1] 获取 US.PH 候选期权链…
2026-05-01 15:49:54,346 [INFO] option_chain_fetcher - [US.PH] 4 个到期日 → 4 批次调用
2026-05-01 15:49:55,873 [INFO] option_chain_fetcher - [US.PH] 候选合约共 3 个
2026-05-01 15:49:55,873 [INFO] scanner - [STEP1] US.PH: 候选合约 3 个
2026-05-01 15:49:55,873 [INFO] scanner - [STEP2] 获取 3 个合约快照…
2026-05-01 15:49:55,939 [INFO] snapshot_fetcher - 快照获取完成：3/3 个合约
2026-05-01 15:49:55,940 [INFO] scanner - [STEP2] 成功获取 3 条快照
2026-05-01 15:49:55,941 [INFO] scanner - [STEP3] 对 US.PH 执行异常检测…
2026-05-01 15:49:55,942 [INFO] anomaly_detector - 发现异常合约 1 个
2026-05-01 15:49:55,944 [INFO] anomaly_detector - 已追加写入 1 条异常记录 → .\filter_data\anomaly_results2026-05-01.csv
2026-05-01 15:49:55,945 [INFO] checkpoint - 读取断点缓存：已完成 414 个标的
2026-05-01 15:49:55,945 [INFO] scanner - [416/527] US.PHM  完成率 79%  预计剩余 25m49s
2026-05-01 15:49:55,945 [INFO] scanner - ──────────────────────────────────────────────────
2026-05-01 15:49:55,945 [INFO] scanner - 处理标的: US.PHM
2026-05-01 15:49:56,045 [INFO] scanner - [STEP1] 获取 US.PHM 候选期权链…
2026-05-01 15:49:56,082 [INFO] option_chain_fetcher - [US.PHM] 11 个到期日 → 4 批次调用
2026-05-01 15:49:56,085 [WARNING] rate_limiter - [_call] 第 1/5 次失败: 获取期权链频率太高，请求失败，每30秒最多10次。，5.0s 后重试…
2026-05-01 15:50:01,087 [WARNING] rate_limiter - [_call] 第 2/5 次失败: 获取期权链频率太高，请求失败，每30秒最多10次。，10.0s 后重试…
2026-05-01 15:50:11,089 [WARNING] rate_limiter - [_call] 第 3/5 次失败: 获取期权链频率太高，请求失败，每30秒最多10次。，20.0s 后重试…
2026-05-01 15:50:32,919 [INFO] option_chain_fetcher - [US.PHM] 候选合约共 0 个
2026-05-01 15:50:32,919 [INFO] scanner - [STEP1] US.PHM: 候选合约 0 个
2026-05-01 15:50:32,919 [INFO] scanner - [STEP2] 获取 0 个合约快照…
2026-05-01 15:50:32,919 [WARNING] scanner - [STEP2] 合约列表为空，跳过
2026-05-01 15:50:32,920 [ERROR] scanner - [US.PHM] 处理异常: 'option_type'
2026-05-01 15:50:32,920 [ERROR] scanner - Traceback (most recent call last):
  File "C:\Users\Administrator\AppData\Local\Programs\Python\Python312\Lib\site-packages\pandas\core\indexes\base.py", line 3641, in get_loc
    return self._engine.get_loc(casted_key)
           ^^^^^^^^^^^^^^^^^^^^^^^^^^^^^^^^
  File "pandas/_libs/index.pyx", line 168, in pandas._libs.index.IndexEngine.get_loc
  File "pandas/_libs/index.pyx", line 197, in pandas._libs.index.IndexEngine.get_loc
  File "pandas/_libs/hashtable_class_helper.pxi", line 7668, in pandas._libs.hashtable.PyObjectHashTable.get_item
  File "pandas/_libs/hashtable_class_helper.pxi", line 7676, in pandas._libs.hashtable.PyObjectHashTable.get_item
KeyError: 'option_type'

The above exception was the direct cause of the following exception:

Traceback (most recent call last):
  File "<input>", line 170, in step_run_single
  File "C:\Users\Administrator\AppData\Local\Programs\Python\Python312\Lib\site-packages\pandas\core\frame.py", line 4378, in __getitem__
    indexer = self.columns.get_loc(key)
              ^^^^^^^^^^^^^^^^^^^^^^^^^
  File "C:\Users\Administrator\AppData\Local\Programs\Python\Python312\Lib\site-packages\pandas\core\indexes\base.py", line 3648, in get_loc
    raise KeyError(key) from err
KeyError: 'option_type'

2026-05-01 15:50:32,921 [INFO] checkpoint - 读取断点缓存：已完成 415 个标的
2026-05-01 15:50:32,921 [INFO] scanner - [417/527] US.PKG  完成率 79%  预计剩余 25m41s
2026-05-01 15:50:32,921 [INFO] scanner - ──────────────────────────────────────────────────
2026-05-01 15:50:32,921 [INFO] scanner - 处理标的: US.PKG
2026-05-01 15:50:32,992 [INFO] scanner - [STEP1] 获取 US.PKG 候选期权链…
2026-05-01 15:50:33,027 [INFO] option_chain_fetcher - [US.PKG] 4 个到期日 → 4 批次调用
2026-05-01 15:50:34,536 [INFO] option_chain_fetcher - [US.PKG] 候选合约共 0 个
2026-05-01 15:50:34,536 [INFO] scanner - [STEP1] US.PKG: 候选合约 0 个
2026-05-01 15:50:34,536 [INFO] scanner - [STEP2] 获取 0 个合约快照…
2026-05-01 15:50:34,536 [WARNING] scanner - [STEP2] 合约列表为空，跳过
2026-05-01 15:50:34,537 [ERROR] scanner - [US.PKG] 处理异常: 'option_type'
2026-05-01 15:50:34,537 [ERROR] scanner - Traceback (most recent call last):
  File "C:\Users\Administrator\AppData\Local\Programs\Python\Python312\Lib\site-packages\pandas\core\indexes\base.py", line 3641, in get_loc
    return self._engine.get_loc(casted_key)
           ^^^^^^^^^^^^^^^^^^^^^^^^^^^^^^^^
  File "pandas/_libs/index.pyx", line 168, in pandas._libs.index.IndexEngine.get_loc
  File "pandas/_libs/index.pyx", line 197, in pandas._libs.index.IndexEngine.get_loc
  File "pandas/_libs/hashtable_class_helper.pxi", line 7668, in pandas._libs.hashtable.PyObjectHashTable.get_item
  File "pandas/_libs/hashtable_class_helper.pxi", line 7676, in pandas._libs.hashtable.PyObjectHashTable.get_item
KeyError: 'option_type'

The above exception was the direct cause of the following exception:

Traceback (most recent call last):
  File "<input>", line 170, in step_run_single
  File "C:\Users\Administrator\AppData\Local\Programs\Python\Python312\Lib\site-packages\pandas\core\frame.py", line 4378, in __getitem__
    indexer = self.columns.get_loc(key)
              ^^^^^^^^^^^^^^^^^^^^^^^^^
  File "C:\Users\Administrator\AppData\Local\Programs\Python\Python312\Lib\site-packages\pandas\core\indexes\base.py", line 3648, in get_loc
    raise KeyError(key) from err
KeyError: 'option_type'

2026-05-01 15:50:34,538 [INFO] checkpoint - 读取断点缓存：已完成 416 个标的
2026-05-01 15:50:34,538 [INFO] scanner - [418/527] US.PLD  完成率 79%  预计剩余 25m24s
2026-05-01 15:50:34,538 [INFO] scanner - ──────────────────────────────────────────────────
2026-05-01 15:50:34,538 [INFO] scanner - 处理标的: US.PLD
2026-05-01 15:50:34,576 [INFO] scanner - US.PLD 市值过大，pass
2026-05-01 15:50:34,576 [INFO] scanner - [STEP2] 获取 0 个合约快照…
2026-05-01 15:50:34,576 [WARNING] scanner - [STEP2] 合约列表为空，跳过
2026-05-01 15:50:34,577 [ERROR] scanner - [US.PLD] 处理异常: 'option_type'
2026-05-01 15:50:34,577 [ERROR] scanner - Traceback (most recent call last):
  File "C:\Users\Administrator\AppData\Local\Programs\Python\Python312\Lib\site-packages\pandas\core\indexes\base.py", line 3641, in get_loc
    return self._engine.get_loc(casted_key)
           ^^^^^^^^^^^^^^^^^^^^^^^^^^^^^^^^
  File "pandas/_libs/index.pyx", line 168, in pandas._libs.index.IndexEngine.get_loc
  File "pandas/_libs/index.pyx", line 197, in pandas._libs.index.IndexEngine.get_loc
  File "pandas/_libs/hashtable_class_helper.pxi", line 7668, in pandas._libs.hashtable.PyObjectHashTable.get_item
  File "pandas/_libs/hashtable_class_helper.pxi", line 7676, in pandas._libs.hashtable.PyObjectHashTable.get_item
KeyError: 'option_type'

The above exception was the direct cause of the following exception:

Traceback (most recent call last):
  File "<input>", line 170, in step_run_single
  File "C:\Users\Administrator\AppData\Local\Programs\Python\Python312\Lib\site-packages\pandas\core\frame.py", line 4378, in __getitem__
    indexer = self.columns.get_loc(key)
              ^^^^^^^^^^^^^^^^^^^^^^^^^
  File "C:\Users\Administrator\AppData\Local\Programs\Python\Python312\Lib\site-packages\pandas\core\indexes\base.py", line 3648, in get_loc
    raise KeyError(key) from err
KeyError: 'option_type'

2026-05-01 15:50:34,578 [INFO] checkpoint - 读取断点缓存：已完成 417 个标的
2026-05-01 15:50:34,579 [INFO] scanner - [419/527] US.PM  完成率 80%  预计剩余 25m06s
2026-05-01 15:50:34,579 [INFO] scanner - ──────────────────────────────────────────────────
2026-05-01 15:50:34,579 [INFO] scanner - 处理标的: US.PM
2026-05-01 15:50:34,619 [INFO] scanner - [STEP1] 获取 US.PM 候选期权链…
2026-05-01 15:50:34,654 [INFO] option_chain_fetcher - [US.PM] 11 个到期日 → 5 批次调用
2026-05-01 15:50:35,731 [WARNING] rate_limiter - [_call] 第 1/5 次失败: 获取期权链频率太高，请求失败，每30秒最多10次。，5.0s 后重试…
2026-05-01 15:50:40,733 [WARNING] rate_limiter - [_call] 第 2/5 次失败: 获取期权链频率太高，请求失败，每30秒最多10次。，10.0s 后重试…
2026-05-01 15:50:50,735 [WARNING] rate_limiter - [_call] 第 3/5 次失败: 获取期权链频率太高，请求失败，每30秒最多10次。，20.0s 后重试…
2026-05-01 15:51:11,934 [INFO] option_chain_fetcher - [US.PM] 候选合约共 6 个
2026-05-01 15:51:11,934 [INFO] scanner - [STEP1] US.PM: 候选合约 6 个
2026-05-01 15:51:11,934 [INFO] scanner - [STEP2] 获取 6 个合约快照…
2026-05-01 15:51:12,005 [INFO] snapshot_fetcher - 快照获取完成：6/6 个合约
2026-05-01 15:51:12,005 [INFO] scanner - [STEP2] 成功获取 6 条快照
2026-05-01 15:51:12,005 [INFO] scanner - [STEP3] 对 US.PM 执行异常检测…
2026-05-01 15:51:12,006 [INFO] anomaly_detector - 本批次无异常合约
2026-05-01 15:51:12,007 [INFO] checkpoint - 读取断点缓存：已完成 418 个标的
2026-05-01 15:51:12,007 [INFO] scanner - [420/527] US.PNC  完成率 80%  预计剩余 24m59s
2026-05-01 15:51:12,007 [INFO] scanner - ──────────────────────────────────────────────────
2026-05-01 15:51:12,007 [INFO] scanner - 处理标的: US.PNC
2026-05-01 15:51:12,047 [INFO] scanner - [STEP1] 获取 US.PNC 候选期权链…
2026-05-01 15:51:12,083 [INFO] option_chain_fetcher - [US.PNC] 12 个到期日 → 5 批次调用
2026-05-01 15:51:14,277 [INFO] option_chain_fetcher - [US.PNC] 候选合约共 0 个
2026-05-01 15:51:14,277 [INFO] scanner - [STEP1] US.PNC: 候选合约 0 个
2026-05-01 15:51:14,277 [INFO] scanner - [STEP2] 获取 0 个合约快照…
2026-05-01 15:51:14,277 [WARNING] scanner - [STEP2] 合约列表为空，跳过
2026-05-01 15:51:14,277 [ERROR] scanner - [US.PNC] 处理异常: 'option_type'
2026-05-01 15:51:14,278 [ERROR] scanner - Traceback (most recent call last):
  File "C:\Users\Administrator\AppData\Local\Programs\Python\Python312\Lib\site-packages\pandas\core\indexes\base.py", line 3641, in get_loc
    return self._engine.get_loc(casted_key)
           ^^^^^^^^^^^^^^^^^^^^^^^^^^^^^^^^
  File "pandas/_libs/index.pyx", line 168, in pandas._libs.index.IndexEngine.get_loc
  File "pandas/_libs/index.pyx", line 197, in pandas._libs.index.IndexEngine.get_loc
  File "pandas/_libs/hashtable_class_helper.pxi", line 7668, in pandas._libs.hashtable.PyObjectHashTable.get_item
  File "pandas/_libs/hashtable_class_helper.pxi", line 7676, in pandas._libs.hashtable.PyObjectHashTable.get_item
KeyError: 'option_type'

The above exception was the direct cause of the following exception:

Traceback (most recent call last):
  File "<input>", line 170, in step_run_single
  File "C:\Users\Administrator\AppData\Local\Programs\Python\Python312\Lib\site-packages\pandas\core\frame.py", line 4378, in __getitem__
    indexer = self.columns.get_loc(key)
              ^^^^^^^^^^^^^^^^^^^^^^^^^
  File "C:\Users\Administrator\AppData\Local\Programs\Python\Python312\Lib\site-packages\pandas\core\indexes\base.py", line 3648, in get_loc
    raise KeyError(key) from err
KeyError: 'option_type'

2026-05-01 15:51:14,279 [INFO] checkpoint - 读取断点缓存：已完成 419 个标的
2026-05-01 15:51:14,280 [INFO] scanner - [421/527] US.PNR  完成率 80%  预计剩余 24m42s
2026-05-01 15:51:14,280 [INFO] scanner - ──────────────────────────────────────────────────
2026-05-01 15:51:14,280 [INFO] scanner - 处理标的: US.PNR
2026-05-01 15:51:14,321 [INFO] scanner - [STEP1] 获取 US.PNR 候选期权链…
2026-05-01 15:51:14,356 [INFO] option_chain_fetcher - [US.PNR] 6 个到期日 → 5 批次调用
2026-05-01 15:51:15,108 [WARNING] rate_limiter - [_call] 第 1/5 次失败: 获取期权链频率太高，请求失败，每30秒最多10次。，5.0s 后重试…
2026-05-01 15:51:20,109 [WARNING] rate_limiter - [_call] 第 2/5 次失败: 获取期权链频率太高，请求失败，每30秒最多10次。，10.0s 后重试…
2026-05-01 15:51:30,111 [WARNING] rate_limiter - [_call] 第 3/5 次失败: 获取期权链频率太高，请求失败，每30秒最多10次。，20.0s 后重试…
2026-05-01 15:51:51,344 [INFO] option_chain_fetcher - [US.PNR] 候选合约共 1 个
2026-05-01 15:51:51,344 [INFO] scanner - [STEP1] US.PNR: 候选合约 1 个
2026-05-01 15:51:51,344 [INFO] scanner - [STEP2] 获取 1 个合约快照…
2026-05-01 15:51:51,410 [INFO] snapshot_fetcher - 快照获取完成：1/1 个合约
2026-05-01 15:51:51,410 [INFO] scanner - [STEP2] 成功获取 1 条快照
2026-05-01 15:51:51,411 [INFO] scanner - [STEP3] 对 US.PNR 执行异常检测…
2026-05-01 15:51:51,412 [INFO] anomaly_detector - 本批次无异常合约
2026-05-01 15:51:51,412 [INFO] checkpoint - 读取断点缓存：已完成 420 个标的
2026-05-01 15:51:51,413 [INFO] scanner - [422/527] US.PNW  完成率 80%  预计剩余 24m34s
2026-05-01 15:51:51,413 [INFO] scanner - ──────────────────────────────────────────────────
2026-05-01 15:51:51,413 [INFO] scanner - 处理标的: US.PNW
2026-05-01 15:51:51,455 [INFO] scanner - [STEP1] 获取 US.PNW 候选期权链…
2026-05-01 15:51:51,489 [INFO] option_chain_fetcher - [US.PNW] 4 个到期日 → 4 批次调用
2026-05-01 15:51:52,989 [INFO] option_chain_fetcher - [US.PNW] 候选合约共 0 个
2026-05-01 15:51:52,989 [INFO] scanner - [STEP1] US.PNW: 候选合约 0 个
2026-05-01 15:51:52,989 [INFO] scanner - [STEP2] 获取 0 个合约快照…
2026-05-01 15:51:52,989 [WARNING] scanner - [STEP2] 合约列表为空，跳过
2026-05-01 15:51:52,989 [ERROR] scanner - [US.PNW] 处理异常: 'option_type'
2026-05-01 15:51:52,990 [ERROR] scanner - Traceback (most recent call last):
  File "C:\Users\Administrator\AppData\Local\Programs\Python\Python312\Lib\site-packages\pandas\core\indexes\base.py", line 3641, in get_loc
    return self._engine.get_loc(casted_key)
           ^^^^^^^^^^^^^^^^^^^^^^^^^^^^^^^^
  File "pandas/_libs/index.pyx", line 168, in pandas._libs.index.IndexEngine.get_loc
  File "pandas/_libs/index.pyx", line 197, in pandas._libs.index.IndexEngine.get_loc
  File "pandas/_libs/hashtable_class_helper.pxi", line 7668, in pandas._libs.hashtable.PyObjectHashTable.get_item
  File "pandas/_libs/hashtable_class_helper.pxi", line 7676, in pandas._libs.hashtable.PyObjectHashTable.get_item
KeyError: 'option_type'

The above exception was the direct cause of the following exception:

Traceback (most recent call last):
  File "<input>", line 170, in step_run_single
  File "C:\Users\Administrator\AppData\Local\Programs\Python\Python312\Lib\site-packages\pandas\core\frame.py", line 4378, in __getitem__
    indexer = self.columns.get_loc(key)
              ^^^^^^^^^^^^^^^^^^^^^^^^^
  File "C:\Users\Administrator\AppData\Local\Programs\Python\Python312\Lib\site-packages\pandas\core\indexes\base.py", line 3648, in get_loc
    raise KeyError(key) from err
KeyError: 'option_type'

2026-05-01 15:51:52,990 [INFO] checkpoint - 读取断点缓存：已完成 421 个标的
2026-05-01 15:51:52,991 [INFO] scanner - [423/527] US.PODD  完成率 80%  预计剩余 24m17s
2026-05-01 15:51:52,991 [INFO] scanner - ──────────────────────────────────────────────────
2026-05-01 15:51:52,991 [INFO] scanner - 处理标的: US.PODD
2026-05-01 15:51:53,030 [INFO] scanner - [STEP1] 获取 US.PODD 候选期权链…
2026-05-01 15:51:53,067 [INFO] option_chain_fetcher - [US.PODD] 3 个到期日 → 3 批次调用
2026-05-01 15:51:54,207 [INFO] option_chain_fetcher - [US.PODD] 候选合约共 0 个
2026-05-01 15:51:54,207 [INFO] scanner - [STEP1] US.PODD: 候选合约 0 个
2026-05-01 15:51:54,207 [INFO] scanner - [STEP2] 获取 0 个合约快照…
2026-05-01 15:51:54,207 [WARNING] scanner - [STEP2] 合约列表为空，跳过
2026-05-01 15:51:54,207 [ERROR] scanner - [US.PODD] 处理异常: 'option_type'
2026-05-01 15:51:54,208 [ERROR] scanner - Traceback (most recent call last):
  File "C:\Users\Administrator\AppData\Local\Programs\Python\Python312\Lib\site-packages\pandas\core\indexes\base.py", line 3641, in get_loc
    return self._engine.get_loc(casted_key)
           ^^^^^^^^^^^^^^^^^^^^^^^^^^^^^^^^
  File "pandas/_libs/index.pyx", line 168, in pandas._libs.index.IndexEngine.get_loc
  File "pandas/_libs/index.pyx", line 197, in pandas._libs.index.IndexEngine.get_loc
  File "pandas/_libs/hashtable_class_helper.pxi", line 7668, in pandas._libs.hashtable.PyObjectHashTable.get_item
  File "pandas/_libs/hashtable_class_helper.pxi", line 7676, in pandas._libs.hashtable.PyObjectHashTable.get_item
KeyError: 'option_type'

The above exception was the direct cause of the following exception:

Traceback (most recent call last):
  File "<input>", line 170, in step_run_single
  File "C:\Users\Administrator\AppData\Local\Programs\Python\Python312\Lib\site-packages\pandas\core\frame.py", line 4378, in __getitem__
    indexer = self.columns.get_loc(key)
              ^^^^^^^^^^^^^^^^^^^^^^^^^
  File "C:\Users\Administrator\AppData\Local\Programs\Python\Python312\Lib\site-packages\pandas\core\indexes\base.py", line 3648, in get_loc
    raise KeyError(key) from err
KeyError: 'option_type'

2026-05-01 15:51:54,209 [INFO] checkpoint - 读取断点缓存：已完成 422 个标的
2026-05-01 15:51:54,209 [INFO] scanner - [424/527] US.POOL  完成率 80%  预计剩余 24m00s
2026-05-01 15:51:54,209 [INFO] scanner - ──────────────────────────────────────────────────
2026-05-01 15:51:54,209 [INFO] scanner - 处理标的: US.POOL
2026-05-01 15:51:54,248 [INFO] scanner - [STEP1] 获取 US.POOL 候选期权链…
2026-05-01 15:51:54,283 [INFO] option_chain_fetcher - [US.POOL] 4 个到期日 → 4 批次调用
2026-05-01 15:51:54,285 [WARNING] rate_limiter - [_call] 第 1/5 次失败: 获取期权链频率太高，请求失败，每30秒最多10次。，5.0s 后重试…
2026-05-01 15:51:59,287 [WARNING] rate_limiter - [_call] 第 2/5 次失败: 获取期权链频率太高，请求失败，每30秒最多10次。，10.0s 后重试…
2026-05-01 15:52:09,290 [WARNING] rate_limiter - [_call] 第 3/5 次失败: 获取期权链频率太高，请求失败，每30秒最多10次。，20.0s 后重试…
2026-05-01 15:52:30,796 [INFO] option_chain_fetcher - [US.POOL] 候选合约共 0 个
2026-05-01 15:52:30,796 [INFO] scanner - [STEP1] US.POOL: 候选合约 0 个
2026-05-01 15:52:30,796 [INFO] scanner - [STEP2] 获取 0 个合约快照…
2026-05-01 15:52:30,796 [WARNING] scanner - [STEP2] 合约列表为空，跳过
2026-05-01 15:52:30,797 [ERROR] scanner - [US.POOL] 处理异常: 'option_type'
2026-05-01 15:52:30,797 [ERROR] scanner - Traceback (most recent call last):
  File "C:\Users\Administrator\AppData\Local\Programs\Python\Python312\Lib\site-packages\pandas\core\indexes\base.py", line 3641, in get_loc
    return self._engine.get_loc(casted_key)
           ^^^^^^^^^^^^^^^^^^^^^^^^^^^^^^^^
  File "pandas/_libs/index.pyx", line 168, in pandas._libs.index.IndexEngine.get_loc
  File "pandas/_libs/index.pyx", line 197, in pandas._libs.index.IndexEngine.get_loc
  File "pandas/_libs/hashtable_class_helper.pxi", line 7668, in pandas._libs.hashtable.PyObjectHashTable.get_item
  File "pandas/_libs/hashtable_class_helper.pxi", line 7676, in pandas._libs.hashtable.PyObjectHashTable.get_item
KeyError: 'option_type'

The above exception was the direct cause of the following exception:

Traceback (most recent call last):
  File "<input>", line 170, in step_run_single
  File "C:\Users\Administrator\AppData\Local\Programs\Python\Python312\Lib\site-packages\pandas\core\frame.py", line 4378, in __getitem__
    indexer = self.columns.get_loc(key)
              ^^^^^^^^^^^^^^^^^^^^^^^^^
  File "C:\Users\Administrator\AppData\Local\Programs\Python\Python312\Lib\site-packages\pandas\core\indexes\base.py", line 3648, in get_loc
    raise KeyError(key) from err
KeyError: 'option_type'

2026-05-01 15:52:30,798 [INFO] checkpoint - 读取断点缓存：已完成 423 个标的
2026-05-01 15:52:30,799 [INFO] scanner - [425/527] US.PPG  完成率 81%  预计剩余 23m51s
2026-05-01 15:52:30,799 [INFO] scanner - ──────────────────────────────────────────────────
2026-05-01 15:52:30,799 [INFO] scanner - 处理标的: US.PPG
2026-05-01 15:52:30,839 [INFO] scanner - [STEP1] 获取 US.PPG 候选期权链…
2026-05-01 15:52:30,874 [INFO] option_chain_fetcher - [US.PPG] 11 个到期日 → 4 批次调用
2026-05-01 15:52:32,690 [INFO] option_chain_fetcher - [US.PPG] 候选合约共 2 个
2026-05-01 15:52:32,690 [INFO] scanner - [STEP1] US.PPG: 候选合约 2 个
2026-05-01 15:52:32,690 [INFO] scanner - [STEP2] 获取 2 个合约快照…
2026-05-01 15:52:32,762 [INFO] snapshot_fetcher - 快照获取完成：2/2 个合约
2026-05-01 15:52:32,763 [INFO] scanner - [STEP2] 成功获取 2 条快照
2026-05-01 15:52:32,764 [INFO] scanner - [STEP3] 对 US.PPG 执行异常检测…
2026-05-01 15:52:32,765 [INFO] anomaly_detector - 本批次无异常合约
2026-05-01 15:52:32,765 [INFO] checkpoint - 读取断点缓存：已完成 424 个标的
2026-05-01 15:52:32,766 [INFO] scanner - [426/527] US.PPL  完成率 81%  预计剩余 23m35s
2026-05-01 15:52:32,766 [INFO] scanner - ──────────────────────────────────────────────────
2026-05-01 15:52:32,766 [INFO] scanner - 处理标的: US.PPL
2026-05-01 15:52:32,805 [INFO] scanner - [STEP1] 获取 US.PPL 候选期权链…
2026-05-01 15:52:32,840 [INFO] option_chain_fetcher - [US.PPL] 4 个到期日 → 4 批次调用
2026-05-01 15:52:33,596 [WARNING] rate_limiter - [_call] 第 1/5 次失败: 获取期权链频率太高，请求失败，每30秒最多10次。，5.0s 后重试…
2026-05-01 15:52:38,598 [WARNING] rate_limiter - [_call] 第 2/5 次失败: 获取期权链频率太高，请求失败，每30秒最多10次。，10.0s 后重试…
2026-05-01 15:52:48,601 [WARNING] rate_limiter - [_call] 第 3/5 次失败: 获取期权链频率太高，请求失败，每30秒最多10次。，20.0s 后重试…
2026-05-01 15:53:09,354 [INFO] option_chain_fetcher - [US.PPL] 候选合约共 0 个
2026-05-01 15:53:09,354 [INFO] scanner - [STEP1] US.PPL: 候选合约 0 个
2026-05-01 15:53:09,354 [INFO] scanner - [STEP2] 获取 0 个合约快照…
2026-05-01 15:53:09,354 [WARNING] scanner - [STEP2] 合约列表为空，跳过
2026-05-01 15:53:09,354 [ERROR] scanner - [US.PPL] 处理异常: 'option_type'
2026-05-01 15:53:09,355 [ERROR] scanner - Traceback (most recent call last):
  File "C:\Users\Administrator\AppData\Local\Programs\Python\Python312\Lib\site-packages\pandas\core\indexes\base.py", line 3641, in get_loc
    return self._engine.get_loc(casted_key)
           ^^^^^^^^^^^^^^^^^^^^^^^^^^^^^^^^
  File "pandas/_libs/index.pyx", line 168, in pandas._libs.index.IndexEngine.get_loc
  File "pandas/_libs/index.pyx", line 197, in pandas._libs.index.IndexEngine.get_loc
  File "pandas/_libs/hashtable_class_helper.pxi", line 7668, in pandas._libs.hashtable.PyObjectHashTable.get_item
  File "pandas/_libs/hashtable_class_helper.pxi", line 7676, in pandas._libs.hashtable.PyObjectHashTable.get_item
KeyError: 'option_type'

The above exception was the direct cause of the following exception:

Traceback (most recent call last):
  File "<input>", line 170, in step_run_single
  File "C:\Users\Administrator\AppData\Local\Programs\Python\Python312\Lib\site-packages\pandas\core\frame.py", line 4378, in __getitem__
    indexer = self.columns.get_loc(key)
              ^^^^^^^^^^^^^^^^^^^^^^^^^
  File "C:\Users\Administrator\AppData\Local\Programs\Python\Python312\Lib\site-packages\pandas\core\indexes\base.py", line 3648, in get_loc
    raise KeyError(key) from err
KeyError: 'option_type'

2026-05-01 15:53:09,356 [INFO] checkpoint - 读取断点缓存：已完成 425 个标的
2026-05-01 15:53:09,357 [INFO] scanner - [427/527] US.PRU  完成率 81%  预计剩余 23m26s
2026-05-01 15:53:09,357 [INFO] scanner - ──────────────────────────────────────────────────
2026-05-01 15:53:09,357 [INFO] scanner - 处理标的: US.PRU
2026-05-01 15:53:09,423 [INFO] scanner - [STEP1] 获取 US.PRU 候选期权链…
2026-05-01 15:53:09,465 [INFO] option_chain_fetcher - [US.PRU] 3 个到期日 → 3 批次调用
2026-05-01 15:53:10,597 [INFO] option_chain_fetcher - [US.PRU] 候选合约共 0 个
2026-05-01 15:53:10,597 [INFO] scanner - [STEP1] US.PRU: 候选合约 0 个
2026-05-01 15:53:10,597 [INFO] scanner - [STEP2] 获取 0 个合约快照…
2026-05-01 15:53:10,597 [WARNING] scanner - [STEP2] 合约列表为空，跳过
2026-05-01 15:53:10,597 [ERROR] scanner - [US.PRU] 处理异常: 'option_type'
2026-05-01 15:53:10,598 [ERROR] scanner - Traceback (most recent call last):
  File "C:\Users\Administrator\AppData\Local\Programs\Python\Python312\Lib\site-packages\pandas\core\indexes\base.py", line 3641, in get_loc
    return self._engine.get_loc(casted_key)
           ^^^^^^^^^^^^^^^^^^^^^^^^^^^^^^^^
  File "pandas/_libs/index.pyx", line 168, in pandas._libs.index.IndexEngine.get_loc
  File "pandas/_libs/index.pyx", line 197, in pandas._libs.index.IndexEngine.get_loc
  File "pandas/_libs/hashtable_class_helper.pxi", line 7668, in pandas._libs.hashtable.PyObjectHashTable.get_item
  File "pandas/_libs/hashtable_class_helper.pxi", line 7676, in pandas._libs.hashtable.PyObjectHashTable.get_item
KeyError: 'option_type'

The above exception was the direct cause of the following exception:

Traceback (most recent call last):
  File "<input>", line 170, in step_run_single
  File "C:\Users\Administrator\AppData\Local\Programs\Python\Python312\Lib\site-packages\pandas\core\frame.py", line 4378, in __getitem__
    indexer = self.columns.get_loc(key)
              ^^^^^^^^^^^^^^^^^^^^^^^^^
  File "C:\Users\Administrator\AppData\Local\Programs\Python\Python312\Lib\site-packages\pandas\core\indexes\base.py", line 3648, in get_loc
    raise KeyError(key) from err
KeyError: 'option_type'

2026-05-01 15:53:10,599 [INFO] checkpoint - 读取断点缓存：已完成 426 个标的
2026-05-01 15:53:10,599 [INFO] scanner - [428/527] US.PSA  完成率 81%  预计剩余 23m09s
2026-05-01 15:53:10,599 [INFO] scanner - ──────────────────────────────────────────────────
2026-05-01 15:53:10,599 [INFO] scanner - 处理标的: US.PSA
2026-05-01 15:53:10,639 [INFO] scanner - US.PSA 市值过大，pass
2026-05-01 15:53:10,639 [INFO] scanner - [STEP2] 获取 0 个合约快照…
2026-05-01 15:53:10,640 [WARNING] scanner - [STEP2] 合约列表为空，跳过
2026-05-01 15:53:10,640 [ERROR] scanner - [US.PSA] 处理异常: 'option_type'
2026-05-01 15:53:10,640 [ERROR] scanner - Traceback (most recent call last):
  File "C:\Users\Administrator\AppData\Local\Programs\Python\Python312\Lib\site-packages\pandas\core\indexes\base.py", line 3641, in get_loc
    return self._engine.get_loc(casted_key)
           ^^^^^^^^^^^^^^^^^^^^^^^^^^^^^^^^
  File "pandas/_libs/index.pyx", line 168, in pandas._libs.index.IndexEngine.get_loc
  File "pandas/_libs/index.pyx", line 197, in pandas._libs.index.IndexEngine.get_loc
  File "pandas/_libs/hashtable_class_helper.pxi", line 7668, in pandas._libs.hashtable.PyObjectHashTable.get_item
  File "pandas/_libs/hashtable_class_helper.pxi", line 7676, in pandas._libs.hashtable.PyObjectHashTable.get_item
KeyError: 'option_type'

The above exception was the direct cause of the following exception:

Traceback (most recent call last):
  File "<input>", line 170, in step_run_single
  File "C:\Users\Administrator\AppData\Local\Programs\Python\Python312\Lib\site-packages\pandas\core\frame.py", line 4378, in __getitem__
    indexer = self.columns.get_loc(key)
              ^^^^^^^^^^^^^^^^^^^^^^^^^
  File "C:\Users\Administrator\AppData\Local\Programs\Python\Python312\Lib\site-packages\pandas\core\indexes\base.py", line 3648, in get_loc
    raise KeyError(key) from err
KeyError: 'option_type'

2026-05-01 15:53:10,641 [INFO] checkpoint - 读取断点缓存：已完成 427 个标的
2026-05-01 15:53:10,641 [INFO] scanner - [429/527] US.PSKY  完成率 81%  预计剩余 22m52s
2026-05-01 15:53:10,641 [INFO] scanner - ──────────────────────────────────────────────────
2026-05-01 15:53:10,642 [INFO] scanner - 处理标的: US.PSKY
2026-05-01 15:53:10,681 [INFO] scanner - [STEP1] 获取 US.PSKY 候选期权链…
2026-05-01 15:53:10,716 [INFO] option_chain_fetcher - [US.PSKY] 11 个到期日 → 4 批次调用
2026-05-01 15:53:12,599 [INFO] option_chain_fetcher - [US.PSKY] 候选合约共 9 个
2026-05-01 15:53:12,599 [INFO] scanner - [STEP1] US.PSKY: 候选合约 9 个
2026-05-01 15:53:12,599 [INFO] scanner - [STEP2] 获取 9 个合约快照…
2026-05-01 15:53:12,669 [INFO] snapshot_fetcher - 快照获取完成：9/9 个合约
2026-05-01 15:53:12,670 [INFO] scanner - [STEP2] 成功获取 9 条快照
2026-05-01 15:53:12,672 [INFO] scanner - [STEP3] 对 US.PSKY 执行异常检测…
2026-05-01 15:53:12,673 [INFO] anomaly_detector - 本批次无异常合约
2026-05-01 15:53:12,673 [INFO] checkpoint - 读取断点缓存：已完成 428 个标的
2026-05-01 15:53:12,674 [INFO] scanner - [430/527] US.PSX  完成率 82%  预计剩余 22m36s
2026-05-01 15:53:12,674 [INFO] scanner - ──────────────────────────────────────────────────
2026-05-01 15:53:12,674 [INFO] scanner - 处理标的: US.PSX
2026-05-01 15:53:12,716 [INFO] scanner - [STEP1] 获取 US.PSX 候选期权链…
2026-05-01 15:53:12,756 [INFO] option_chain_fetcher - [US.PSX] 12 个到期日 → 5 批次调用
2026-05-01 15:53:13,312 [WARNING] rate_limiter - [_call] 第 1/5 次失败: 获取期权链频率太高，请求失败，每30秒最多10次。，5.0s 后重试…
2026-05-01 15:53:18,314 [WARNING] rate_limiter - [_call] 第 2/5 次失败: 获取期权链频率太高，请求失败，每30秒最多10次。，10.0s 后重试…
2026-05-01 15:53:28,316 [WARNING] rate_limiter - [_call] 第 3/5 次失败: 获取期权链频率太高，请求失败，每30秒最多10次。，20.0s 后重试…
2026-05-01 15:53:49,962 [INFO] option_chain_fetcher - [US.PSX] 候选合约共 3 个
2026-05-01 15:53:49,962 [INFO] scanner - [STEP1] US.PSX: 候选合约 3 个
2026-05-01 15:53:49,962 [INFO] scanner - [STEP2] 获取 3 个合约快照…
2026-05-01 15:53:50,032 [INFO] snapshot_fetcher - 快照获取完成：3/3 个合约
2026-05-01 15:53:50,032 [INFO] scanner - [STEP2] 成功获取 3 条快照
2026-05-01 15:53:50,033 [INFO] scanner - [STEP3] 对 US.PSX 执行异常检测…
2026-05-01 15:53:50,034 [INFO] anomaly_detector - 本批次无异常合约
2026-05-01 15:53:50,035 [INFO] checkpoint - 读取断点缓存：已完成 429 个标的
2026-05-01 15:53:50,035 [INFO] scanner - [431/527] US.PTC  完成率 82%  预计剩余 22m27s
2026-05-01 15:53:50,035 [INFO] scanner - ──────────────────────────────────────────────────
2026-05-01 15:53:50,035 [INFO] scanner - 处理标的: US.PTC
2026-05-01 15:53:50,102 [INFO] scanner - [STEP1] 获取 US.PTC 候选期权链…
2026-05-01 15:53:50,137 [INFO] option_chain_fetcher - [US.PTC] 6 个到期日 → 6 批次调用
2026-05-01 15:53:52,420 [INFO] option_chain_fetcher - [US.PTC] 候选合约共 0 个
2026-05-01 15:53:52,420 [INFO] scanner - [STEP1] US.PTC: 候选合约 0 个
2026-05-01 15:53:52,420 [INFO] scanner - [STEP2] 获取 0 个合约快照…
2026-05-01 15:53:52,420 [WARNING] scanner - [STEP2] 合约列表为空，跳过
2026-05-01 15:53:52,420 [ERROR] scanner - [US.PTC] 处理异常: 'option_type'
2026-05-01 15:53:52,421 [ERROR] scanner - Traceback (most recent call last):
  File "C:\Users\Administrator\AppData\Local\Programs\Python\Python312\Lib\site-packages\pandas\core\indexes\base.py", line 3641, in get_loc
    return self._engine.get_loc(casted_key)
           ^^^^^^^^^^^^^^^^^^^^^^^^^^^^^^^^
  File "pandas/_libs/index.pyx", line 168, in pandas._libs.index.IndexEngine.get_loc
  File "pandas/_libs/index.pyx", line 197, in pandas._libs.index.IndexEngine.get_loc
  File "pandas/_libs/hashtable_class_helper.pxi", line 7668, in pandas._libs.hashtable.PyObjectHashTable.get_item
  File "pandas/_libs/hashtable_class_helper.pxi", line 7676, in pandas._libs.hashtable.PyObjectHashTable.get_item
KeyError: 'option_type'

The above exception was the direct cause of the following exception:

Traceback (most recent call last):
  File "<input>", line 170, in step_run_single
  File "C:\Users\Administrator\AppData\Local\Programs\Python\Python312\Lib\site-packages\pandas\core\frame.py", line 4378, in __getitem__
    indexer = self.columns.get_loc(key)
              ^^^^^^^^^^^^^^^^^^^^^^^^^
  File "C:\Users\Administrator\AppData\Local\Programs\Python\Python312\Lib\site-packages\pandas\core\indexes\base.py", line 3648, in get_loc
    raise KeyError(key) from err
KeyError: 'option_type'

2026-05-01 15:53:52,421 [INFO] checkpoint - 读取断点缓存：已完成 430 个标的
2026-05-01 15:53:52,422 [INFO] scanner - [432/527] US.PWR  完成率 82%  预计剩余 22m11s
2026-05-01 15:53:52,422 [INFO] scanner - ──────────────────────────────────────────────────
2026-05-01 15:53:52,422 [INFO] scanner - 处理标的: US.PWR
2026-05-01 15:53:52,459 [INFO] scanner - [STEP1] 获取 US.PWR 候选期权链…
2026-05-01 15:53:52,494 [INFO] option_chain_fetcher - [US.PWR] 6 个到期日 → 5 批次调用
2026-05-01 15:53:52,496 [WARNING] rate_limiter - [_call] 第 1/5 次失败: 获取期权链频率太高，请求失败，每30秒最多10次。，5.0s 后重试…
2026-05-01 15:53:57,498 [WARNING] rate_limiter - [_call] 第 2/5 次失败: 获取期权链频率太高，请求失败，每30秒最多10次。，10.0s 后重试…
2026-05-01 15:54:07,500 [WARNING] rate_limiter - [_call] 第 3/5 次失败: 获取期权链频率太高，请求失败，每30秒最多10次。，20.0s 后重试…
2026-05-01 15:54:29,624 [INFO] option_chain_fetcher - [US.PWR] 候选合约共 16 个
2026-05-01 15:54:29,624 [INFO] scanner - [STEP1] US.PWR: 候选合约 16 个
2026-05-01 15:54:29,624 [INFO] scanner - [STEP2] 获取 16 个合约快照…
2026-05-01 15:54:29,695 [INFO] snapshot_fetcher - 快照获取完成：16/16 个合约
2026-05-01 15:54:29,695 [INFO] scanner - [STEP2] 成功获取 16 条快照
2026-05-01 15:54:29,695 [INFO] scanner - [STEP3] 对 US.PWR 执行异常检测…
2026-05-01 15:54:29,697 [INFO] anomaly_detector - 发现异常合约 6 个
2026-05-01 15:54:29,699 [INFO] anomaly_detector - 已追加写入 6 条异常记录 → .\filter_data\anomaly_results2026-05-01.csv
2026-05-01 15:54:29,699 [INFO] checkpoint - 读取断点缓存：已完成 431 个标的
2026-05-01 15:54:29,700 [INFO] scanner - [433/527] US.Q  完成率 82%  预计剩余 22m02s
2026-05-01 15:54:29,700 [INFO] scanner - ──────────────────────────────────────────────────
2026-05-01 15:54:29,700 [INFO] scanner - 处理标的: US.Q
2026-05-01 15:54:29,738 [INFO] scanner - [STEP1] 获取 US.Q 候选期权链…
2026-05-01 15:54:29,773 [INFO] option_chain_fetcher - [US.Q] 5 个到期日 → 4 批次调用
2026-05-01 15:54:31,392 [INFO] option_chain_fetcher - [US.Q] 候选合约共 1 个
2026-05-01 15:54:31,392 [INFO] scanner - [STEP1] US.Q: 候选合约 1 个
2026-05-01 15:54:31,392 [INFO] scanner - [STEP2] 获取 1 个合约快照…
2026-05-01 15:54:31,459 [INFO] snapshot_fetcher - 快照获取完成：1/1 个合约
2026-05-01 15:54:31,460 [INFO] scanner - [STEP2] 成功获取 1 条快照
2026-05-01 15:54:31,461 [INFO] scanner - [STEP3] 对 US.Q 执行异常检测…
2026-05-01 15:54:31,463 [INFO] anomaly_detector - 发现异常合约 1 个
2026-05-01 15:54:31,465 [INFO] anomaly_detector - 已追加写入 1 条异常记录 → .\filter_data\anomaly_results2026-05-01.csv
2026-05-01 15:54:31,466 [INFO] checkpoint - 读取断点缓存：已完成 432 个标的
2026-05-01 15:54:31,467 [INFO] scanner - [434/527] US.RCL  完成率 82%  预计剩余 21m45s
2026-05-01 15:54:31,467 [INFO] scanner - ──────────────────────────────────────────────────
2026-05-01 15:54:31,467 [INFO] scanner - 处理标的: US.RCL
2026-05-01 15:54:31,507 [INFO] scanner - [STEP1] 获取 US.RCL 候选期权链…
2026-05-01 15:54:31,542 [INFO] option_chain_fetcher - [US.RCL] 10 个到期日 → 4 批次调用
2026-05-01 15:54:32,111 [WARNING] rate_limiter - [_call] 第 1/5 次失败: 获取期权链频率太高，请求失败，每30秒最多10次。，5.0s 后重试…
2026-05-01 15:54:37,114 [WARNING] rate_limiter - [_call] 第 2/5 次失败: 获取期权链频率太高，请求失败，每30秒最多10次。，10.0s 后重试…
2026-05-01 15:54:47,116 [WARNING] rate_limiter - [_call] 第 3/5 次失败: 获取期权链频率太高，请求失败，每30秒最多10次。，20.0s 后重试…
2026-05-01 15:55:08,342 [INFO] option_chain_fetcher - [US.RCL] 候选合约共 9 个
2026-05-01 15:55:08,342 [INFO] scanner - [STEP1] US.RCL: 候选合约 9 个
2026-05-01 15:55:08,342 [INFO] scanner - [STEP2] 获取 9 个合约快照…
2026-05-01 15:55:08,409 [INFO] snapshot_fetcher - 快照获取完成：9/9 个合约
2026-05-01 15:55:08,409 [INFO] scanner - [STEP2] 成功获取 9 条快照
2026-05-01 15:55:08,410 [INFO] scanner - [STEP3] 对 US.RCL 执行异常检测…
2026-05-01 15:55:08,411 [INFO] anomaly_detector - 本批次无异常合约
2026-05-01 15:55:08,412 [INFO] checkpoint - 读取断点缓存：已完成 433 个标的
2026-05-01 15:55:08,412 [INFO] scanner - [435/527] US.REG  完成率 83%  预计剩余 21m36s
2026-05-01 15:55:08,412 [INFO] scanner - ──────────────────────────────────────────────────
2026-05-01 15:55:08,412 [INFO] scanner - 处理标的: US.REG
2026-05-01 15:55:08,452 [INFO] scanner - US.REG 市值过大，pass
2026-05-01 15:55:08,452 [INFO] scanner - [STEP2] 获取 0 个合约快照…
2026-05-01 15:55:08,452 [WARNING] scanner - [STEP2] 合约列表为空，跳过
2026-05-01 15:55:08,453 [ERROR] scanner - [US.REG] 处理异常: 'option_type'
2026-05-01 15:55:08,454 [ERROR] scanner - Traceback (most recent call last):
  File "C:\Users\Administrator\AppData\Local\Programs\Python\Python312\Lib\site-packages\pandas\core\indexes\base.py", line 3641, in get_loc
    return self._engine.get_loc(casted_key)
           ^^^^^^^^^^^^^^^^^^^^^^^^^^^^^^^^
  File "pandas/_libs/index.pyx", line 168, in pandas._libs.index.IndexEngine.get_loc
  File "pandas/_libs/index.pyx", line 197, in pandas._libs.index.IndexEngine.get_loc
  File "pandas/_libs/hashtable_class_helper.pxi", line 7668, in pandas._libs.hashtable.PyObjectHashTable.get_item
  File "pandas/_libs/hashtable_class_helper.pxi", line 7676, in pandas._libs.hashtable.PyObjectHashTable.get_item
KeyError: 'option_type'

The above exception was the direct cause of the following exception:

Traceback (most recent call last):
  File "<input>", line 170, in step_run_single
  File "C:\Users\Administrator\AppData\Local\Programs\Python\Python312\Lib\site-packages\pandas\core\frame.py", line 4378, in __getitem__
    indexer = self.columns.get_loc(key)
              ^^^^^^^^^^^^^^^^^^^^^^^^^
  File "C:\Users\Administrator\AppData\Local\Programs\Python\Python312\Lib\site-packages\pandas\core\indexes\base.py", line 3648, in get_loc
    raise KeyError(key) from err
KeyError: 'option_type'

2026-05-01 15:55:08,454 [INFO] checkpoint - 读取断点缓存：已完成 434 个标的
2026-05-01 15:55:08,454 [INFO] scanner - [436/527] US.RF  完成率 83%  预计剩余 21m20s
2026-05-01 15:55:08,455 [INFO] scanner - ──────────────────────────────────────────────────
2026-05-01 15:55:08,455 [INFO] scanner - 处理标的: US.RF
2026-05-01 15:55:08,520 [INFO] scanner - [STEP1] 获取 US.RF 候选期权链…
2026-05-01 15:55:08,555 [INFO] option_chain_fetcher - [US.RF] 5 个到期日 → 4 批次调用
2026-05-01 15:55:10,111 [INFO] option_chain_fetcher - [US.RF] 候选合约共 1 个
2026-05-01 15:55:10,111 [INFO] scanner - [STEP1] US.RF: 候选合约 1 个
2026-05-01 15:55:10,111 [INFO] scanner - [STEP2] 获取 1 个合约快照…
2026-05-01 15:55:10,178 [INFO] snapshot_fetcher - 快照获取完成：1/1 个合约
2026-05-01 15:55:10,178 [INFO] scanner - [STEP2] 成功获取 1 条快照
2026-05-01 15:55:10,179 [INFO] scanner - [STEP3] 对 US.RF 执行异常检测…
2026-05-01 15:55:10,180 [INFO] anomaly_detector - 本批次无异常合约
2026-05-01 15:55:10,180 [INFO] checkpoint - 读取断点缓存：已完成 435 个标的
2026-05-01 15:55:10,181 [INFO] scanner - [437/527] US.RJF  完成率 83%  预计剩余 21m03s
2026-05-01 15:55:10,181 [INFO] scanner - ──────────────────────────────────────────────────
2026-05-01 15:55:10,181 [INFO] scanner - 处理标的: US.RJF
2026-05-01 15:55:10,222 [INFO] scanner - [STEP1] 获取 US.RJF 候选期权链…
2026-05-01 15:55:10,258 [INFO] option_chain_fetcher - [US.RJF] 6 个到期日 → 5 批次调用
2026-05-01 15:55:11,392 [WARNING] rate_limiter - [_call] 第 1/5 次失败: 获取期权链频率太高，请求失败，每30秒最多10次。，5.0s 后重试…
2026-05-01 15:55:16,395 [WARNING] rate_limiter - [_call] 第 2/5 次失败: 获取期权链频率太高，请求失败，每30秒最多10次。，10.0s 后重试…
2026-05-01 15:55:26,397 [WARNING] rate_limiter - [_call] 第 3/5 次失败: 获取期权链频率太高，请求失败，每30秒最多10次。，20.0s 后重试…
2026-05-01 15:55:47,192 [INFO] option_chain_fetcher - [US.RJF] 候选合约共 0 个
2026-05-01 15:55:47,192 [INFO] scanner - [STEP1] US.RJF: 候选合约 0 个
2026-05-01 15:55:47,192 [INFO] scanner - [STEP2] 获取 0 个合约快照…
2026-05-01 15:55:47,192 [WARNING] scanner - [STEP2] 合约列表为空，跳过
2026-05-01 15:55:47,192 [ERROR] scanner - [US.RJF] 处理异常: 'option_type'
2026-05-01 15:55:47,193 [ERROR] scanner - Traceback (most recent call last):
  File "C:\Users\Administrator\AppData\Local\Programs\Python\Python312\Lib\site-packages\pandas\core\indexes\base.py", line 3641, in get_loc
    return self._engine.get_loc(casted_key)
           ^^^^^^^^^^^^^^^^^^^^^^^^^^^^^^^^
  File "pandas/_libs/index.pyx", line 168, in pandas._libs.index.IndexEngine.get_loc
  File "pandas/_libs/index.pyx", line 197, in pandas._libs.index.IndexEngine.get_loc
  File "pandas/_libs/hashtable_class_helper.pxi", line 7668, in pandas._libs.hashtable.PyObjectHashTable.get_item
  File "pandas/_libs/hashtable_class_helper.pxi", line 7676, in pandas._libs.hashtable.PyObjectHashTable.get_item
KeyError: 'option_type'

The above exception was the direct cause of the following exception:

Traceback (most recent call last):
  File "<input>", line 170, in step_run_single
  File "C:\Users\Administrator\AppData\Local\Programs\Python\Python312\Lib\site-packages\pandas\core\frame.py", line 4378, in __getitem__
    indexer = self.columns.get_loc(key)
              ^^^^^^^^^^^^^^^^^^^^^^^^^
  File "C:\Users\Administrator\AppData\Local\Programs\Python\Python312\Lib\site-packages\pandas\core\indexes\base.py", line 3648, in get_loc
    raise KeyError(key) from err
KeyError: 'option_type'

2026-05-01 15:55:47,193 [INFO] checkpoint - 读取断点缓存：已完成 436 个标的
2026-05-01 15:55:47,194 [INFO] scanner - [438/527] US.RL  完成率 83%  预计剩余 20m54s
2026-05-01 15:55:47,194 [INFO] scanner - ──────────────────────────────────────────────────
2026-05-01 15:55:47,194 [INFO] scanner - 处理标的: US.RL
2026-05-01 15:55:47,235 [INFO] scanner - [STEP1] 获取 US.RL 候选期权链…
2026-05-01 15:55:47,270 [INFO] option_chain_fetcher - [US.RL] 5 个到期日 → 5 批次调用
2026-05-01 15:55:49,162 [INFO] option_chain_fetcher - [US.RL] 候选合约共 0 个
2026-05-01 15:55:49,162 [INFO] scanner - [STEP1] US.RL: 候选合约 0 个
2026-05-01 15:55:49,162 [INFO] scanner - [STEP2] 获取 0 个合约快照…
2026-05-01 15:55:49,162 [WARNING] scanner - [STEP2] 合约列表为空，跳过
2026-05-01 15:55:49,163 [ERROR] scanner - [US.RL] 处理异常: 'option_type'
2026-05-01 15:55:49,163 [ERROR] scanner - Traceback (most recent call last):
  File "C:\Users\Administrator\AppData\Local\Programs\Python\Python312\Lib\site-packages\pandas\core\indexes\base.py", line 3641, in get_loc
    return self._engine.get_loc(casted_key)
           ^^^^^^^^^^^^^^^^^^^^^^^^^^^^^^^^
  File "pandas/_libs/index.pyx", line 168, in pandas._libs.index.IndexEngine.get_loc
  File "pandas/_libs/index.pyx", line 197, in pandas._libs.index.IndexEngine.get_loc
  File "pandas/_libs/hashtable_class_helper.pxi", line 7668, in pandas._libs.hashtable.PyObjectHashTable.get_item
  File "pandas/_libs/hashtable_class_helper.pxi", line 7676, in pandas._libs.hashtable.PyObjectHashTable.get_item
KeyError: 'option_type'

The above exception was the direct cause of the following exception:

Traceback (most recent call last):
  File "<input>", line 170, in step_run_single
  File "C:\Users\Administrator\AppData\Local\Programs\Python\Python312\Lib\site-packages\pandas\core\frame.py", line 4378, in __getitem__
    indexer = self.columns.get_loc(key)
              ^^^^^^^^^^^^^^^^^^^^^^^^^
  File "C:\Users\Administrator\AppData\Local\Programs\Python\Python312\Lib\site-packages\pandas\core\indexes\base.py", line 3648, in get_loc
    raise KeyError(key) from err
KeyError: 'option_type'

2026-05-01 15:55:49,164 [INFO] checkpoint - 读取断点缓存：已完成 437 个标的
2026-05-01 15:55:49,164 [INFO] scanner - [439/527] US.RMD  完成率 83%  预计剩余 20m38s
2026-05-01 15:55:49,164 [INFO] scanner - ──────────────────────────────────────────────────
2026-05-01 15:55:49,164 [INFO] scanner - 处理标的: US.RMD
2026-05-01 15:55:49,232 [INFO] scanner - [STEP1] 获取 US.RMD 候选期权链…
2026-05-01 15:55:49,268 [INFO] option_chain_fetcher - [US.RMD] 4 个到期日 → 4 批次调用
2026-05-01 15:55:50,530 [WARNING] rate_limiter - [_call] 第 1/5 次失败: 获取期权链频率太高，请求失败，每30秒最多10次。，5.0s 后重试…
2026-05-01 15:55:55,533 [WARNING] rate_limiter - [_call] 第 2/5 次失败: 获取期权链频率太高，请求失败，每30秒最多10次。，10.0s 后重试…
2026-05-01 15:56:05,535 [WARNING] rate_limiter - [_call] 第 3/5 次失败: 获取期权链频率太高，请求失败，每30秒最多10次。，20.0s 后重试…
2026-05-01 15:56:25,920 [INFO] option_chain_fetcher - [US.RMD] 候选合约共 7 个
2026-05-01 15:56:25,920 [INFO] scanner - [STEP1] US.RMD: 候选合约 7 个
2026-05-01 15:56:25,920 [INFO] scanner - [STEP2] 获取 7 个合约快照…
2026-05-01 15:56:25,986 [INFO] snapshot_fetcher - 快照获取完成：7/7 个合约
2026-05-01 15:56:25,987 [INFO] scanner - [STEP2] 成功获取 7 条快照
2026-05-01 15:56:25,988 [INFO] scanner - [STEP3] 对 US.RMD 执行异常检测…
2026-05-01 15:56:25,989 [INFO] anomaly_detector - 发现异常合约 1 个
2026-05-01 15:56:25,991 [INFO] anomaly_detector - 已追加写入 1 条异常记录 → .\filter_data\anomaly_results2026-05-01.csv
2026-05-01 15:56:25,992 [INFO] checkpoint - 读取断点缓存：已完成 438 个标的
2026-05-01 15:56:25,992 [INFO] scanner - [440/527] US.ROK  完成率 83%  预计剩余 20m28s
2026-05-01 15:56:25,992 [INFO] scanner - ──────────────────────────────────────────────────
2026-05-01 15:56:25,992 [INFO] scanner - 处理标的: US.ROK
2026-05-01 15:56:26,030 [INFO] scanner - [STEP1] 获取 US.ROK 候选期权链…
2026-05-01 15:56:26,065 [INFO] option_chain_fetcher - [US.ROK] 6 个到期日 → 6 批次调用
2026-05-01 15:56:28,342 [INFO] option_chain_fetcher - [US.ROK] 候选合约共 0 个
2026-05-01 15:56:28,342 [INFO] scanner - [STEP1] US.ROK: 候选合约 0 个
2026-05-01 15:56:28,342 [INFO] scanner - [STEP2] 获取 0 个合约快照…
2026-05-01 15:56:28,342 [WARNING] scanner - [STEP2] 合约列表为空，跳过
2026-05-01 15:56:28,342 [ERROR] scanner - [US.ROK] 处理异常: 'option_type'
2026-05-01 15:56:28,343 [ERROR] scanner - Traceback (most recent call last):
  File "C:\Users\Administrator\AppData\Local\Programs\Python\Python312\Lib\site-packages\pandas\core\indexes\base.py", line 3641, in get_loc
    return self._engine.get_loc(casted_key)
           ^^^^^^^^^^^^^^^^^^^^^^^^^^^^^^^^
  File "pandas/_libs/index.pyx", line 168, in pandas._libs.index.IndexEngine.get_loc
  File "pandas/_libs/index.pyx", line 197, in pandas._libs.index.IndexEngine.get_loc
  File "pandas/_libs/hashtable_class_helper.pxi", line 7668, in pandas._libs.hashtable.PyObjectHashTable.get_item
  File "pandas/_libs/hashtable_class_helper.pxi", line 7676, in pandas._libs.hashtable.PyObjectHashTable.get_item
KeyError: 'option_type'

The above exception was the direct cause of the following exception:

Traceback (most recent call last):
  File "<input>", line 170, in step_run_single
  File "C:\Users\Administrator\AppData\Local\Programs\Python\Python312\Lib\site-packages\pandas\core\frame.py", line 4378, in __getitem__
    indexer = self.columns.get_loc(key)
              ^^^^^^^^^^^^^^^^^^^^^^^^^
  File "C:\Users\Administrator\AppData\Local\Programs\Python\Python312\Lib\site-packages\pandas\core\indexes\base.py", line 3648, in get_loc
    raise KeyError(key) from err
KeyError: 'option_type'

2026-05-01 15:56:28,343 [INFO] checkpoint - 读取断点缓存：已完成 439 个标的
2026-05-01 15:56:28,344 [INFO] scanner - [441/527] US.ROL  完成率 84%  预计剩余 20m12s
2026-05-01 15:56:28,344 [INFO] scanner - ──────────────────────────────────────────────────
2026-05-01 15:56:28,344 [INFO] scanner - 处理标的: US.ROL
2026-05-01 15:56:28,411 [INFO] scanner - [STEP1] 获取 US.ROL 候选期权链…
2026-05-01 15:56:28,446 [INFO] option_chain_fetcher - [US.ROL] 4 个到期日 → 4 批次调用
2026-05-01 15:56:29,573 [WARNING] rate_limiter - [_call] 第 1/5 次失败: 获取期权链频率太高，请求失败，每30秒最多10次。，5.0s 后重试…
2026-05-01 15:56:34,575 [WARNING] rate_limiter - [_call] 第 2/5 次失败: 获取期权链频率太高，请求失败，每30秒最多10次。，10.0s 后重试…
2026-05-01 15:56:44,577 [WARNING] rate_limiter - [_call] 第 3/5 次失败: 获取期权链频率太高，请求失败，每30秒最多10次。，20.0s 后重试…
2026-05-01 15:57:04,954 [INFO] option_chain_fetcher - [US.ROL] 候选合约共 2 个
2026-05-01 15:57:04,954 [INFO] scanner - [STEP1] US.ROL: 候选合约 2 个
2026-05-01 15:57:04,954 [INFO] scanner - [STEP2] 获取 2 个合约快照…
2026-05-01 15:57:05,022 [INFO] snapshot_fetcher - 快照获取完成：2/2 个合约
2026-05-01 15:57:05,023 [INFO] scanner - [STEP2] 成功获取 2 条快照
2026-05-01 15:57:05,025 [INFO] scanner - [STEP3] 对 US.ROL 执行异常检测…
2026-05-01 15:57:05,026 [INFO] anomaly_detector - 本批次无异常合约
2026-05-01 15:57:05,027 [INFO] checkpoint - 读取断点缓存：已完成 440 个标的
2026-05-01 15:57:05,027 [INFO] scanner - [442/527] US.RSG  完成率 84%  预计剩余 20m03s
2026-05-01 15:57:05,028 [INFO] scanner - ──────────────────────────────────────────────────
2026-05-01 15:57:05,028 [INFO] scanner - 处理标的: US.RSG
2026-05-01 15:57:05,067 [INFO] scanner - [STEP1] 获取 US.RSG 候选期权链…
2026-05-01 15:57:05,101 [INFO] option_chain_fetcher - [US.RSG] 4 个到期日 → 4 批次调用
2026-05-01 15:57:06,610 [INFO] option_chain_fetcher - [US.RSG] 候选合约共 0 个
2026-05-01 15:57:06,610 [INFO] scanner - [STEP1] US.RSG: 候选合约 0 个
2026-05-01 15:57:06,610 [INFO] scanner - [STEP2] 获取 0 个合约快照…
2026-05-01 15:57:06,610 [WARNING] scanner - [STEP2] 合约列表为空，跳过
2026-05-01 15:57:06,610 [ERROR] scanner - [US.RSG] 处理异常: 'option_type'
2026-05-01 15:57:06,611 [ERROR] scanner - Traceback (most recent call last):
  File "C:\Users\Administrator\AppData\Local\Programs\Python\Python312\Lib\site-packages\pandas\core\indexes\base.py", line 3641, in get_loc
    return self._engine.get_loc(casted_key)
           ^^^^^^^^^^^^^^^^^^^^^^^^^^^^^^^^
  File "pandas/_libs/index.pyx", line 168, in pandas._libs.index.IndexEngine.get_loc
  File "pandas/_libs/index.pyx", line 197, in pandas._libs.index.IndexEngine.get_loc
  File "pandas/_libs/hashtable_class_helper.pxi", line 7668, in pandas._libs.hashtable.PyObjectHashTable.get_item
  File "pandas/_libs/hashtable_class_helper.pxi", line 7676, in pandas._libs.hashtable.PyObjectHashTable.get_item
KeyError: 'option_type'

The above exception was the direct cause of the following exception:

Traceback (most recent call last):
  File "<input>", line 170, in step_run_single
  File "C:\Users\Administrator\AppData\Local\Programs\Python\Python312\Lib\site-packages\pandas\core\frame.py", line 4378, in __getitem__
    indexer = self.columns.get_loc(key)
              ^^^^^^^^^^^^^^^^^^^^^^^^^
  File "C:\Users\Administrator\AppData\Local\Programs\Python\Python312\Lib\site-packages\pandas\core\indexes\base.py", line 3648, in get_loc
    raise KeyError(key) from err
KeyError: 'option_type'

2026-05-01 15:57:06,611 [INFO] checkpoint - 读取断点缓存：已完成 441 个标的
2026-05-01 15:57:06,612 [INFO] scanner - [443/527] US.RTX  完成率 84%  预计剩余 19m46s
2026-05-01 15:57:06,612 [INFO] scanner - ──────────────────────────────────────────────────
2026-05-01 15:57:06,612 [INFO] scanner - 处理标的: US.RTX
2026-05-01 15:57:06,649 [INFO] scanner - [STEP1] 获取 US.RTX 候选期权链…
2026-05-01 15:57:06,685 [INFO] option_chain_fetcher - [US.RTX] 11 个到期日 → 4 批次调用
2026-05-01 15:57:08,682 [INFO] option_chain_fetcher - [US.RTX] 候选合约共 21 个
2026-05-01 15:57:08,682 [INFO] scanner - [STEP1] US.RTX: 候选合约 21 个
2026-05-01 15:57:08,682 [INFO] scanner - [STEP2] 获取 21 个合约快照…
2026-05-01 15:57:08,755 [INFO] snapshot_fetcher - 快照获取完成：21/21 个合约
2026-05-01 15:57:08,756 [INFO] scanner - [STEP2] 成功获取 21 条快照
2026-05-01 15:57:08,758 [INFO] scanner - [STEP3] 对 US.RTX 执行异常检测…
2026-05-01 15:57:08,761 [INFO] anomaly_detector - 发现异常合约 1 个
2026-05-01 15:57:08,763 [INFO] anomaly_detector - 已追加写入 1 条异常记录 → .\filter_data\anomaly_results2026-05-01.csv
2026-05-01 15:57:08,763 [INFO] checkpoint - 读取断点缓存：已完成 442 个标的
2026-05-01 15:57:08,764 [INFO] scanner - [444/527] US.RVTY  完成率 84%  预计剩余 19m30s
2026-05-01 15:57:08,764 [INFO] scanner - ──────────────────────────────────────────────────
2026-05-01 15:57:08,764 [INFO] scanner - 处理标的: US.RVTY
2026-05-01 15:57:08,831 [INFO] scanner - [STEP1] 获取 US.RVTY 候选期权链…
2026-05-01 15:57:08,878 [INFO] option_chain_fetcher - [US.RVTY] 4 个到期日 → 4 批次调用
2026-05-01 15:57:09,260 [WARNING] rate_limiter - [_call] 第 1/5 次失败: 获取期权链频率太高，请求失败，每30秒最多10次。，5.0s 后重试…
2026-05-01 15:57:14,262 [WARNING] rate_limiter - [_call] 第 2/5 次失败: 获取期权链频率太高，请求失败，每30秒最多10次。，10.0s 后重试…
2026-05-01 15:57:24,264 [WARNING] rate_limiter - [_call] 第 3/5 次失败: 获取期权链频率太高，请求失败，每30秒最多10次。，20.0s 后重试…
2026-05-01 15:57:45,397 [INFO] option_chain_fetcher - [US.RVTY] 候选合约共 0 个
2026-05-01 15:57:45,397 [INFO] scanner - [STEP1] US.RVTY: 候选合约 0 个
2026-05-01 15:57:45,397 [INFO] scanner - [STEP2] 获取 0 个合约快照…
2026-05-01 15:57:45,397 [WARNING] scanner - [STEP2] 合约列表为空，跳过
2026-05-01 15:57:45,398 [ERROR] scanner - [US.RVTY] 处理异常: 'option_type'
2026-05-01 15:57:45,400 [ERROR] scanner - Traceback (most recent call last):
  File "C:\Users\Administrator\AppData\Local\Programs\Python\Python312\Lib\site-packages\pandas\core\indexes\base.py", line 3641, in get_loc
    return self._engine.get_loc(casted_key)
           ^^^^^^^^^^^^^^^^^^^^^^^^^^^^^^^^
  File "pandas/_libs/index.pyx", line 168, in pandas._libs.index.IndexEngine.get_loc
  File "pandas/_libs/index.pyx", line 197, in pandas._libs.index.IndexEngine.get_loc
  File "pandas/_libs/hashtable_class_helper.pxi", line 7668, in pandas._libs.hashtable.PyObjectHashTable.get_item
  File "pandas/_libs/hashtable_class_helper.pxi", line 7676, in pandas._libs.hashtable.PyObjectHashTable.get_item
KeyError: 'option_type'

The above exception was the direct cause of the following exception:

Traceback (most recent call last):
  File "<input>", line 170, in step_run_single
  File "C:\Users\Administrator\AppData\Local\Programs\Python\Python312\Lib\site-packages\pandas\core\frame.py", line 4378, in __getitem__
    indexer = self.columns.get_loc(key)
              ^^^^^^^^^^^^^^^^^^^^^^^^^
  File "C:\Users\Administrator\AppData\Local\Programs\Python\Python312\Lib\site-packages\pandas\core\indexes\base.py", line 3648, in get_loc
    raise KeyError(key) from err
KeyError: 'option_type'

2026-05-01 15:57:45,400 [INFO] checkpoint - 读取断点缓存：已完成 443 个标的
2026-05-01 15:57:45,402 [INFO] scanner - [445/527] US.SATS  完成率 84%  预计剩余 19m20s
2026-05-01 15:57:45,402 [INFO] scanner - ──────────────────────────────────────────────────
2026-05-01 15:57:45,402 [INFO] scanner - 处理标的: US.SATS
2026-05-01 15:57:45,447 [INFO] scanner - [STEP1] 获取 US.SATS 候选期权链…
2026-05-01 15:57:45,482 [INFO] option_chain_fetcher - [US.SATS] 12 个到期日 → 5 批次调用
2026-05-01 15:57:47,805 [INFO] option_chain_fetcher - [US.SATS] 候选合约共 10 个
2026-05-01 15:57:47,805 [INFO] scanner - [STEP1] US.SATS: 候选合约 10 个
2026-05-01 15:57:47,805 [INFO] scanner - [STEP2] 获取 10 个合约快照…
2026-05-01 15:57:47,880 [INFO] snapshot_fetcher - 快照获取完成：10/10 个合约
2026-05-01 15:57:47,881 [INFO] scanner - [STEP2] 成功获取 10 条快照
2026-05-01 15:57:47,882 [INFO] scanner - [STEP3] 对 US.SATS 执行异常检测…
2026-05-01 15:57:47,883 [INFO] anomaly_detector - 发现异常合约 1 个
2026-05-01 15:57:47,886 [INFO] anomaly_detector - 已追加写入 1 条异常记录 → .\filter_data\anomaly_results2026-05-01.csv
2026-05-01 15:57:47,887 [INFO] checkpoint - 读取断点缓存：已完成 444 个标的
2026-05-01 15:57:47,887 [INFO] scanner - [446/527] US.SBAC  完成率 85%  预计剩余 19m04s
2026-05-01 15:57:47,887 [INFO] scanner - ──────────────────────────────────────────────────
2026-05-01 15:57:47,887 [INFO] scanner - 处理标的: US.SBAC
2026-05-01 15:57:47,960 [INFO] scanner - US.SBAC 市值过大，pass
2026-05-01 15:57:47,960 [INFO] scanner - [STEP2] 获取 0 个合约快照…
2026-05-01 15:57:47,960 [WARNING] scanner - [STEP2] 合约列表为空，跳过
2026-05-01 15:57:47,961 [ERROR] scanner - [US.SBAC] 处理异常: 'option_type'
2026-05-01 15:57:47,961 [ERROR] scanner - Traceback (most recent call last):
  File "C:\Users\Administrator\AppData\Local\Programs\Python\Python312\Lib\site-packages\pandas\core\indexes\base.py", line 3641, in get_loc
    return self._engine.get_loc(casted_key)
           ^^^^^^^^^^^^^^^^^^^^^^^^^^^^^^^^
  File "pandas/_libs/index.pyx", line 168, in pandas._libs.index.IndexEngine.get_loc
  File "pandas/_libs/index.pyx", line 197, in pandas._libs.index.IndexEngine.get_loc
  File "pandas/_libs/hashtable_class_helper.pxi", line 7668, in pandas._libs.hashtable.PyObjectHashTable.get_item
  File "pandas/_libs/hashtable_class_helper.pxi", line 7676, in pandas._libs.hashtable.PyObjectHashTable.get_item
KeyError: 'option_type'

The above exception was the direct cause of the following exception:

Traceback (most recent call last):
  File "<input>", line 170, in step_run_single
  File "C:\Users\Administrator\AppData\Local\Programs\Python\Python312\Lib\site-packages\pandas\core\frame.py", line 4378, in __getitem__
    indexer = self.columns.get_loc(key)
              ^^^^^^^^^^^^^^^^^^^^^^^^^
  File "C:\Users\Administrator\AppData\Local\Programs\Python\Python312\Lib\site-packages\pandas\core\indexes\base.py", line 3648, in get_loc
    raise KeyError(key) from err
KeyError: 'option_type'

2026-05-01 15:57:47,962 [INFO] checkpoint - 读取断点缓存：已完成 445 个标的
2026-05-01 15:57:47,962 [INFO] scanner - [447/527] US.SCHW  完成率 85%  预计剩余 18m48s
2026-05-01 15:57:47,962 [INFO] scanner - ──────────────────────────────────────────────────
2026-05-01 15:57:47,962 [INFO] scanner - 处理标的: US.SCHW
2026-05-01 15:57:48,033 [INFO] scanner - [STEP1] 获取 US.SCHW 候选期权链…
2026-05-01 15:57:48,069 [INFO] option_chain_fetcher - [US.SCHW] 12 个到期日 → 5 批次调用
2026-05-01 15:57:49,203 [WARNING] rate_limiter - [_call] 第 1/5 次失败: 获取期权链频率太高，请求失败，每30秒最多10次。，5.0s 后重试…
2026-05-01 15:57:54,205 [WARNING] rate_limiter - [_call] 第 2/5 次失败: 获取期权链频率太高，请求失败，每30秒最多10次。，10.0s 后重试…
2026-05-01 15:58:04,206 [WARNING] rate_limiter - [_call] 第 3/5 次失败: 获取期权链频率太高，请求失败，每30秒最多10次。，20.0s 后重试…
2026-05-01 15:58:25,383 [INFO] option_chain_fetcher - [US.SCHW] 候选合约共 27 个
2026-05-01 15:58:25,383 [INFO] scanner - [STEP1] US.SCHW: 候选合约 27 个
2026-05-01 15:58:25,383 [INFO] scanner - [STEP2] 获取 27 个合约快照…
2026-05-01 15:58:25,487 [INFO] snapshot_fetcher - 快照获取完成：27/27 个合约
2026-05-01 15:58:25,488 [INFO] scanner - [STEP2] 成功获取 27 条快照
2026-05-01 15:58:25,489 [INFO] scanner - [STEP3] 对 US.SCHW 执行异常检测…
2026-05-01 15:58:25,490 [INFO] anomaly_detector - 发现异常合约 2 个
2026-05-01 15:58:25,492 [INFO] anomaly_detector - 已追加写入 2 条异常记录 → .\filter_data\anomaly_results2026-05-01.csv
2026-05-01 15:58:25,493 [INFO] checkpoint - 读取断点缓存：已完成 446 个标的
2026-05-01 15:58:25,494 [INFO] scanner - [448/527] US.SJM  完成率 85%  预计剩余 18m38s
2026-05-01 15:58:25,494 [INFO] scanner - ──────────────────────────────────────────────────
2026-05-01 15:58:25,494 [INFO] scanner - 处理标的: US.SJM
2026-05-01 15:58:25,555 [INFO] scanner - [STEP1] 获取 US.SJM 候选期权链…
2026-05-01 15:58:25,589 [INFO] option_chain_fetcher - [US.SJM] 5 个到期日 → 4 批次调用
2026-05-01 15:58:27,133 [INFO] option_chain_fetcher - [US.SJM] 候选合约共 0 个
2026-05-01 15:58:27,133 [INFO] scanner - [STEP1] US.SJM: 候选合约 0 个
2026-05-01 15:58:27,133 [INFO] scanner - [STEP2] 获取 0 个合约快照…
2026-05-01 15:58:27,133 [WARNING] scanner - [STEP2] 合约列表为空，跳过
2026-05-01 15:58:27,134 [ERROR] scanner - [US.SJM] 处理异常: 'option_type'
2026-05-01 15:58:27,135 [ERROR] scanner - Traceback (most recent call last):
  File "C:\Users\Administrator\AppData\Local\Programs\Python\Python312\Lib\site-packages\pandas\core\indexes\base.py", line 3641, in get_loc
    return self._engine.get_loc(casted_key)
           ^^^^^^^^^^^^^^^^^^^^^^^^^^^^^^^^
  File "pandas/_libs/index.pyx", line 168, in pandas._libs.index.IndexEngine.get_loc
  File "pandas/_libs/index.pyx", line 197, in pandas._libs.index.IndexEngine.get_loc
  File "pandas/_libs/hashtable_class_helper.pxi", line 7668, in pandas._libs.hashtable.PyObjectHashTable.get_item
  File "pandas/_libs/hashtable_class_helper.pxi", line 7676, in pandas._libs.hashtable.PyObjectHashTable.get_item
KeyError: 'option_type'

The above exception was the direct cause of the following exception:

Traceback (most recent call last):
  File "<input>", line 170, in step_run_single
  File "C:\Users\Administrator\AppData\Local\Programs\Python\Python312\Lib\site-packages\pandas\core\frame.py", line 4378, in __getitem__
    indexer = self.columns.get_loc(key)
              ^^^^^^^^^^^^^^^^^^^^^^^^^
  File "C:\Users\Administrator\AppData\Local\Programs\Python\Python312\Lib\site-packages\pandas\core\indexes\base.py", line 3648, in get_loc
    raise KeyError(key) from err
KeyError: 'option_type'

2026-05-01 15:58:27,136 [INFO] checkpoint - 读取断点缓存：已完成 447 个标的
2026-05-01 15:58:27,137 [INFO] scanner - [449/527] US.SLB  完成率 85%  预计剩余 18m22s
2026-05-01 15:58:27,137 [INFO] scanner - ──────────────────────────────────────────────────
2026-05-01 15:58:27,137 [INFO] scanner - 处理标的: US.SLB
2026-05-01 15:58:27,252 [INFO] scanner - [STEP1] 获取 US.SLB 候选期权链…
2026-05-01 15:58:27,288 [INFO] option_chain_fetcher - [US.SLB] 12 个到期日 → 5 批次调用
2026-05-01 15:58:28,800 [WARNING] rate_limiter - [_call] 第 1/5 次失败: 获取期权链频率太高，请求失败，每30秒最多10次。，5.0s 后重试…
2026-05-01 15:58:33,802 [WARNING] rate_limiter - [_call] 第 2/5 次失败: 获取期权链频率太高，请求失败，每30秒最多10次。，10.0s 后重试…
2026-05-01 15:58:43,821 [WARNING] rate_limiter - [_call] 第 3/5 次失败: 获取期权链频率太高，请求失败，每30秒最多10次。，20.0s 后重试…
2026-05-01 15:59:04,685 [INFO] option_chain_fetcher - [US.SLB] 候选合约共 25 个
2026-05-01 15:59:04,685 [INFO] scanner - [STEP1] US.SLB: 候选合约 25 个
2026-05-01 15:59:04,685 [INFO] scanner - [STEP2] 获取 25 个合约快照…
2026-05-01 15:59:04,762 [INFO] snapshot_fetcher - 快照获取完成：25/25 个合约
2026-05-01 15:59:04,763 [INFO] scanner - [STEP2] 成功获取 25 条快照
2026-05-01 15:59:04,764 [INFO] scanner - [STEP3] 对 US.SLB 执行异常检测…
2026-05-01 15:59:04,765 [INFO] anomaly_detector - 发现异常合约 4 个
2026-05-01 15:59:04,767 [INFO] anomaly_detector - 已追加写入 4 条异常记录 → .\filter_data\anomaly_results2026-05-01.csv
2026-05-01 15:59:04,768 [INFO] checkpoint - 读取断点缓存：已完成 448 个标的
2026-05-01 15:59:04,768 [INFO] scanner - [450/527] US.SNA  完成率 85%  预计剩余 18m12s
2026-05-01 15:59:04,768 [INFO] scanner - ──────────────────────────────────────────────────
2026-05-01 15:59:04,768 [INFO] scanner - 处理标的: US.SNA
2026-05-01 15:59:04,832 [INFO] scanner - [STEP1] 获取 US.SNA 候选期权链…
2026-05-01 15:59:04,866 [INFO] option_chain_fetcher - [US.SNA] 3 个到期日 → 3 批次调用
2026-05-01 15:59:06,018 [INFO] option_chain_fetcher - [US.SNA] 候选合约共 0 个
2026-05-01 15:59:06,018 [INFO] scanner - [STEP1] US.SNA: 候选合约 0 个
2026-05-01 15:59:06,018 [INFO] scanner - [STEP2] 获取 0 个合约快照…
2026-05-01 15:59:06,018 [WARNING] scanner - [STEP2] 合约列表为空，跳过
2026-05-01 15:59:06,018 [ERROR] scanner - [US.SNA] 处理异常: 'option_type'
2026-05-01 15:59:06,019 [ERROR] scanner - Traceback (most recent call last):
  File "C:\Users\Administrator\AppData\Local\Programs\Python\Python312\Lib\site-packages\pandas\core\indexes\base.py", line 3641, in get_loc
    return self._engine.get_loc(casted_key)
           ^^^^^^^^^^^^^^^^^^^^^^^^^^^^^^^^
  File "pandas/_libs/index.pyx", line 168, in pandas._libs.index.IndexEngine.get_loc
  File "pandas/_libs/index.pyx", line 197, in pandas._libs.index.IndexEngine.get_loc
  File "pandas/_libs/hashtable_class_helper.pxi", line 7668, in pandas._libs.hashtable.PyObjectHashTable.get_item
  File "pandas/_libs/hashtable_class_helper.pxi", line 7676, in pandas._libs.hashtable.PyObjectHashTable.get_item
KeyError: 'option_type'

The above exception was the direct cause of the following exception:

Traceback (most recent call last):
  File "<input>", line 170, in step_run_single
  File "C:\Users\Administrator\AppData\Local\Programs\Python\Python312\Lib\site-packages\pandas\core\frame.py", line 4378, in __getitem__
    indexer = self.columns.get_loc(key)
              ^^^^^^^^^^^^^^^^^^^^^^^^^
  File "C:\Users\Administrator\AppData\Local\Programs\Python\Python312\Lib\site-packages\pandas\core\indexes\base.py", line 3648, in get_loc
    raise KeyError(key) from err
KeyError: 'option_type'

2026-05-01 15:59:06,020 [INFO] checkpoint - 读取断点缓存：已完成 449 个标的
2026-05-01 15:59:06,020 [INFO] scanner - [451/527] US.SNDK  完成率 86%  预计剩余 17m56s
2026-05-01 15:59:06,020 [INFO] scanner - ──────────────────────────────────────────────────
2026-05-01 15:59:06,020 [INFO] scanner - 处理标的: US.SNDK
2026-05-01 15:59:06,059 [INFO] scanner - [STEP1] 获取 US.SNDK 候选期权链…
2026-05-01 15:59:06,095 [INFO] option_chain_fetcher - [US.SNDK] 12 个到期日 → 5 批次调用
2026-05-01 15:59:08,657 [WARNING] option_chain_fetcher - [US.SNDK] ⚠️ 过滤后合约数 210 超过阈值 200，后续快照将自动分批处理
2026-05-01 15:59:08,657 [INFO] option_chain_fetcher - [US.SNDK] 候选合约共 210 个
2026-05-01 15:59:08,657 [INFO] scanner - [STEP1] US.SNDK: 候选合约 210 个
2026-05-01 15:59:08,657 [INFO] scanner - [STEP2] 获取 210 个合约快照…
2026-05-01 15:59:09,060 [INFO] snapshot_fetcher - 快照获取完成：210/210 个合约
2026-05-01 15:59:09,061 [INFO] scanner - [STEP2] 成功获取 210 条快照
2026-05-01 15:59:09,062 [INFO] scanner - [STEP3] 对 US.SNDK 执行异常检测…
2026-05-01 15:59:09,065 [INFO] anomaly_detector - 发现异常合约 106 个
2026-05-01 15:59:09,071 [INFO] anomaly_detector - 已追加写入 106 条异常记录 → .\filter_data\anomaly_results2026-05-01.csv
2026-05-01 15:59:09,072 [INFO] checkpoint - 读取断点缓存：已完成 450 个标的
2026-05-01 15:59:09,072 [INFO] scanner - [452/527] US.SO  完成率 86%  预计剩余 17m40s
2026-05-01 15:59:09,072 [INFO] scanner - ──────────────────────────────────────────────────
2026-05-01 15:59:09,072 [INFO] scanner - 处理标的: US.SO
2026-05-01 15:59:09,111 [INFO] scanner - [STEP1] 获取 US.SO 候选期权链…
2026-05-01 15:59:09,147 [INFO] option_chain_fetcher - [US.SO] 11 个到期日 → 4 批次调用
2026-05-01 15:59:09,149 [WARNING] rate_limiter - [_call] 第 1/5 次失败: 获取期权链频率太高，请求失败，每30秒最多10次。，5.0s 后重试…
2026-05-01 15:59:14,151 [WARNING] rate_limiter - [_call] 第 2/5 次失败: 获取期权链频率太高，请求失败，每30秒最多10次。，10.0s 后重试…
2026-05-01 15:59:24,153 [WARNING] rate_limiter - [_call] 第 3/5 次失败: 获取期权链频率太高，请求失败，每30秒最多10次。，20.0s 后重试…
2026-05-01 15:59:46,077 [INFO] option_chain_fetcher - [US.SO] 候选合约共 8 个
2026-05-01 15:59:46,077 [INFO] scanner - [STEP1] US.SO: 候选合约 8 个
2026-05-01 15:59:46,077 [INFO] scanner - [STEP2] 获取 8 个合约快照…
2026-05-01 15:59:46,152 [INFO] snapshot_fetcher - 快照获取完成：8/8 个合约
2026-05-01 15:59:46,153 [INFO] scanner - [STEP2] 成功获取 8 条快照
2026-05-01 15:59:46,154 [INFO] scanner - [STEP3] 对 US.SO 执行异常检测…
2026-05-01 15:59:46,156 [INFO] anomaly_detector - 本批次无异常合约
2026-05-01 15:59:46,157 [INFO] checkpoint - 读取断点缓存：已完成 451 个标的
2026-05-01 15:59:46,158 [INFO] scanner - [453/527] US.SOLV  完成率 86%  预计剩余 17m30s
2026-05-01 15:59:46,158 [INFO] scanner - ──────────────────────────────────────────────────
2026-05-01 15:59:46,158 [INFO] scanner - 处理标的: US.SOLV
2026-05-01 15:59:46,198 [INFO] scanner - [STEP1] 获取 US.SOLV 候选期权链…
2026-05-01 15:59:46,234 [INFO] option_chain_fetcher - [US.SOLV] 4 个到期日 → 4 批次调用
2026-05-01 15:59:47,738 [INFO] option_chain_fetcher - [US.SOLV] 候选合约共 0 个
2026-05-01 15:59:47,738 [INFO] scanner - [STEP1] US.SOLV: 候选合约 0 个
2026-05-01 15:59:47,738 [INFO] scanner - [STEP2] 获取 0 个合约快照…
2026-05-01 15:59:47,738 [WARNING] scanner - [STEP2] 合约列表为空，跳过
2026-05-01 15:59:47,739 [ERROR] scanner - [US.SOLV] 处理异常: 'option_type'
2026-05-01 15:59:47,740 [ERROR] scanner - Traceback (most recent call last):
  File "C:\Users\Administrator\AppData\Local\Programs\Python\Python312\Lib\site-packages\pandas\core\indexes\base.py", line 3641, in get_loc
    return self._engine.get_loc(casted_key)
           ^^^^^^^^^^^^^^^^^^^^^^^^^^^^^^^^
  File "pandas/_libs/index.pyx", line 168, in pandas._libs.index.IndexEngine.get_loc
  File "pandas/_libs/index.pyx", line 197, in pandas._libs.index.IndexEngine.get_loc
  File "pandas/_libs/hashtable_class_helper.pxi", line 7668, in pandas._libs.hashtable.PyObjectHashTable.get_item
  File "pandas/_libs/hashtable_class_helper.pxi", line 7676, in pandas._libs.hashtable.PyObjectHashTable.get_item
KeyError: 'option_type'

The above exception was the direct cause of the following exception:

Traceback (most recent call last):
  File "<input>", line 170, in step_run_single
  File "C:\Users\Administrator\AppData\Local\Programs\Python\Python312\Lib\site-packages\pandas\core\frame.py", line 4378, in __getitem__
    indexer = self.columns.get_loc(key)
              ^^^^^^^^^^^^^^^^^^^^^^^^^
  File "C:\Users\Administrator\AppData\Local\Programs\Python\Python312\Lib\site-packages\pandas\core\indexes\base.py", line 3648, in get_loc
    raise KeyError(key) from err
KeyError: 'option_type'

2026-05-01 15:59:47,741 [INFO] checkpoint - 读取断点缓存：已完成 452 个标的
2026-05-01 15:59:47,742 [INFO] scanner - [454/527] US.SPG  完成率 86%  预计剩余 17m14s
2026-05-01 15:59:47,742 [INFO] scanner - ──────────────────────────────────────────────────
2026-05-01 15:59:47,742 [INFO] scanner - 处理标的: US.SPG
2026-05-01 15:59:47,783 [INFO] scanner - US.SPG 市值过大，pass
2026-05-01 15:59:47,783 [INFO] scanner - [STEP2] 获取 0 个合约快照…
2026-05-01 15:59:47,783 [WARNING] scanner - [STEP2] 合约列表为空，跳过
2026-05-01 15:59:47,783 [ERROR] scanner - [US.SPG] 处理异常: 'option_type'
2026-05-01 15:59:47,784 [ERROR] scanner - Traceback (most recent call last):
  File "C:\Users\Administrator\AppData\Local\Programs\Python\Python312\Lib\site-packages\pandas\core\indexes\base.py", line 3641, in get_loc
    return self._engine.get_loc(casted_key)
           ^^^^^^^^^^^^^^^^^^^^^^^^^^^^^^^^
  File "pandas/_libs/index.pyx", line 168, in pandas._libs.index.IndexEngine.get_loc
  File "pandas/_libs/index.pyx", line 197, in pandas._libs.index.IndexEngine.get_loc
  File "pandas/_libs/hashtable_class_helper.pxi", line 7668, in pandas._libs.hashtable.PyObjectHashTable.get_item
  File "pandas/_libs/hashtable_class_helper.pxi", line 7676, in pandas._libs.hashtable.PyObjectHashTable.get_item
KeyError: 'option_type'

The above exception was the direct cause of the following exception:

Traceback (most recent call last):
  File "<input>", line 170, in step_run_single
  File "C:\Users\Administrator\AppData\Local\Programs\Python\Python312\Lib\site-packages\pandas\core\frame.py", line 4378, in __getitem__
    indexer = self.columns.get_loc(key)
              ^^^^^^^^^^^^^^^^^^^^^^^^^
  File "C:\Users\Administrator\AppData\Local\Programs\Python\Python312\Lib\site-packages\pandas\core\indexes\base.py", line 3648, in get_loc
    raise KeyError(key) from err
KeyError: 'option_type'

2026-05-01 15:59:47,784 [INFO] checkpoint - 读取断点缓存：已完成 453 个标的
2026-05-01 15:59:47,785 [INFO] scanner - [455/527] US.SPGI  完成率 86%  预计剩余 16m58s
2026-05-01 15:59:47,785 [INFO] scanner - ──────────────────────────────────────────────────
2026-05-01 15:59:47,785 [INFO] scanner - 处理标的: US.SPGI
2026-05-01 15:59:47,826 [INFO] scanner - [STEP1] 获取 US.SPGI 候选期权链…
2026-05-01 15:59:47,864 [INFO] option_chain_fetcher - [US.SPGI] 13 个到期日 → 6 批次调用
2026-05-01 15:59:48,902 [WARNING] rate_limiter - [_call] 第 1/5 次失败: 获取期权链频率太高，请求失败，每30秒最多10次。，5.0s 后重试…
2026-05-01 15:59:53,903 [WARNING] rate_limiter - [_call] 第 2/5 次失败: 获取期权链频率太高，请求失败，每30秒最多10次。，10.0s 后重试…
2026-05-01 16:00:03,905 [WARNING] rate_limiter - [_call] 第 3/5 次失败: 获取期权链频率太高，请求失败，每30秒最多10次。，20.0s 后重试…
2026-05-01 16:00:25,468 [INFO] option_chain_fetcher - [US.SPGI] 候选合约共 0 个
2026-05-01 16:00:25,468 [INFO] scanner - [STEP1] US.SPGI: 候选合约 0 个
2026-05-01 16:00:25,468 [INFO] scanner - [STEP2] 获取 0 个合约快照…
2026-05-01 16:00:25,468 [WARNING] scanner - [STEP2] 合约列表为空，跳过
2026-05-01 16:00:25,469 [ERROR] scanner - [US.SPGI] 处理异常: 'option_type'
2026-05-01 16:00:25,470 [ERROR] scanner - Traceback (most recent call last):
  File "C:\Users\Administrator\AppData\Local\Programs\Python\Python312\Lib\site-packages\pandas\core\indexes\base.py", line 3641, in get_loc
    return self._engine.get_loc(casted_key)
           ^^^^^^^^^^^^^^^^^^^^^^^^^^^^^^^^
  File "pandas/_libs/index.pyx", line 168, in pandas._libs.index.IndexEngine.get_loc
  File "pandas/_libs/index.pyx", line 197, in pandas._libs.index.IndexEngine.get_loc
  File "pandas/_libs/hashtable_class_helper.pxi", line 7668, in pandas._libs.hashtable.PyObjectHashTable.get_item
  File "pandas/_libs/hashtable_class_helper.pxi", line 7676, in pandas._libs.hashtable.PyObjectHashTable.get_item
KeyError: 'option_type'

The above exception was the direct cause of the following exception:

Traceback (most recent call last):
  File "<input>", line 170, in step_run_single
  File "C:\Users\Administrator\AppData\Local\Programs\Python\Python312\Lib\site-packages\pandas\core\frame.py", line 4378, in __getitem__
    indexer = self.columns.get_loc(key)
              ^^^^^^^^^^^^^^^^^^^^^^^^^
  File "C:\Users\Administrator\AppData\Local\Programs\Python\Python312\Lib\site-packages\pandas\core\indexes\base.py", line 3648, in get_loc
    raise KeyError(key) from err
KeyError: 'option_type'

2026-05-01 16:00:25,471 [INFO] checkpoint - 读取断点缓存：已完成 454 个标的
2026-05-01 16:00:25,472 [INFO] scanner - [456/527] US.SRE  完成率 87%  预计剩余 16m47s
2026-05-01 16:00:25,472 [INFO] scanner - ──────────────────────────────────────────────────
2026-05-01 16:00:25,472 [INFO] scanner - 处理标的: US.SRE
2026-05-01 16:00:25,542 [INFO] scanner - [STEP1] 获取 US.SRE 候选期权链…
2026-05-01 16:00:25,579 [INFO] option_chain_fetcher - [US.SRE] 6 个到期日 → 6 批次调用
2026-05-01 16:00:27,835 [INFO] option_chain_fetcher - [US.SRE] 候选合约共 0 个
2026-05-01 16:00:27,835 [INFO] scanner - [STEP1] US.SRE: 候选合约 0 个
2026-05-01 16:00:27,835 [INFO] scanner - [STEP2] 获取 0 个合约快照…
2026-05-01 16:00:27,835 [WARNING] scanner - [STEP2] 合约列表为空，跳过
2026-05-01 16:00:27,836 [ERROR] scanner - [US.SRE] 处理异常: 'option_type'
2026-05-01 16:00:27,837 [ERROR] scanner - Traceback (most recent call last):
  File "C:\Users\Administrator\AppData\Local\Programs\Python\Python312\Lib\site-packages\pandas\core\indexes\base.py", line 3641, in get_loc
    return self._engine.get_loc(casted_key)
           ^^^^^^^^^^^^^^^^^^^^^^^^^^^^^^^^
  File "pandas/_libs/index.pyx", line 168, in pandas._libs.index.IndexEngine.get_loc
  File "pandas/_libs/index.pyx", line 197, in pandas._libs.index.IndexEngine.get_loc
  File "pandas/_libs/hashtable_class_helper.pxi", line 7668, in pandas._libs.hashtable.PyObjectHashTable.get_item
  File "pandas/_libs/hashtable_class_helper.pxi", line 7676, in pandas._libs.hashtable.PyObjectHashTable.get_item
KeyError: 'option_type'

The above exception was the direct cause of the following exception:

Traceback (most recent call last):
  File "<input>", line 170, in step_run_single
  File "C:\Users\Administrator\AppData\Local\Programs\Python\Python312\Lib\site-packages\pandas\core\frame.py", line 4378, in __getitem__
    indexer = self.columns.get_loc(key)
              ^^^^^^^^^^^^^^^^^^^^^^^^^
  File "C:\Users\Administrator\AppData\Local\Programs\Python\Python312\Lib\site-packages\pandas\core\indexes\base.py", line 3648, in get_loc
    raise KeyError(key) from err
KeyError: 'option_type'

2026-05-01 16:00:27,838 [INFO] checkpoint - 读取断点缓存：已完成 455 个标的
2026-05-01 16:00:27,839 [INFO] scanner - [457/527] US.STE  完成率 87%  预计剩余 16m32s
2026-05-01 16:00:27,839 [INFO] scanner - ──────────────────────────────────────────────────
2026-05-01 16:00:27,839 [INFO] scanner - 处理标的: US.STE
2026-05-01 16:00:27,880 [INFO] scanner - [STEP1] 获取 US.STE 候选期权链…
2026-05-01 16:00:27,917 [INFO] option_chain_fetcher - [US.STE] 3 个到期日 → 3 批次调用
2026-05-01 16:00:27,920 [WARNING] rate_limiter - [_call] 第 1/5 次失败: 获取期权链频率太高，请求失败，每30秒最多10次。，5.0s 后重试…
2026-05-01 16:00:32,923 [WARNING] rate_limiter - [_call] 第 2/5 次失败: 获取期权链频率太高，请求失败，每30秒最多10次。，10.0s 后重试…
2026-05-01 16:00:42,924 [WARNING] rate_limiter - [_call] 第 3/5 次失败: 获取期权链频率太高，请求失败，每30秒最多10次。，20.0s 后重试…
2026-05-01 16:01:04,053 [INFO] option_chain_fetcher - [US.STE] 候选合约共 0 个
2026-05-01 16:01:04,053 [INFO] scanner - [STEP1] US.STE: 候选合约 0 个
2026-05-01 16:01:04,053 [INFO] scanner - [STEP2] 获取 0 个合约快照…
2026-05-01 16:01:04,053 [WARNING] scanner - [STEP2] 合约列表为空，跳过
2026-05-01 16:01:04,053 [ERROR] scanner - [US.STE] 处理异常: 'option_type'
2026-05-01 16:01:04,054 [ERROR] scanner - Traceback (most recent call last):
  File "C:\Users\Administrator\AppData\Local\Programs\Python\Python312\Lib\site-packages\pandas\core\indexes\base.py", line 3641, in get_loc
    return self._engine.get_loc(casted_key)
           ^^^^^^^^^^^^^^^^^^^^^^^^^^^^^^^^
  File "pandas/_libs/index.pyx", line 168, in pandas._libs.index.IndexEngine.get_loc
  File "pandas/_libs/index.pyx", line 197, in pandas._libs.index.IndexEngine.get_loc
  File "pandas/_libs/hashtable_class_helper.pxi", line 7668, in pandas._libs.hashtable.PyObjectHashTable.get_item
  File "pandas/_libs/hashtable_class_helper.pxi", line 7676, in pandas._libs.hashtable.PyObjectHashTable.get_item
KeyError: 'option_type'

The above exception was the direct cause of the following exception:

Traceback (most recent call last):
  File "<input>", line 170, in step_run_single
  File "C:\Users\Administrator\AppData\Local\Programs\Python\Python312\Lib\site-packages\pandas\core\frame.py", line 4378, in __getitem__
    indexer = self.columns.get_loc(key)
              ^^^^^^^^^^^^^^^^^^^^^^^^^
  File "C:\Users\Administrator\AppData\Local\Programs\Python\Python312\Lib\site-packages\pandas\core\indexes\base.py", line 3648, in get_loc
    raise KeyError(key) from err
KeyError: 'option_type'

2026-05-01 16:01:04,055 [INFO] checkpoint - 读取断点缓存：已完成 456 个标的
2026-05-01 16:01:04,055 [INFO] scanner - [458/527] US.STLD  完成率 87%  预计剩余 16m21s
2026-05-01 16:01:04,055 [INFO] scanner - ──────────────────────────────────────────────────
2026-05-01 16:01:04,055 [INFO] scanner - 处理标的: US.STLD
2026-05-01 16:01:04,096 [INFO] scanner - [STEP1] 获取 US.STLD 候选期权链…
2026-05-01 16:01:04,133 [INFO] option_chain_fetcher - [US.STLD] 6 个到期日 → 5 批次调用
2026-05-01 16:01:06,178 [INFO] option_chain_fetcher - [US.STLD] 候选合约共 1 个
2026-05-01 16:01:06,178 [INFO] scanner - [STEP1] US.STLD: 候选合约 1 个
2026-05-01 16:01:06,178 [INFO] scanner - [STEP2] 获取 1 个合约快照…
2026-05-01 16:01:06,250 [INFO] snapshot_fetcher - 快照获取完成：1/1 个合约
2026-05-01 16:01:06,251 [INFO] scanner - [STEP2] 成功获取 1 条快照
2026-05-01 16:01:06,252 [INFO] scanner - [STEP3] 对 US.STLD 执行异常检测…
2026-05-01 16:01:06,253 [INFO] anomaly_detector - 本批次无异常合约
2026-05-01 16:01:06,254 [INFO] checkpoint - 读取断点缓存：已完成 457 个标的
2026-05-01 16:01:06,255 [INFO] scanner - [459/527] US.STT  完成率 87%  预计剩余 16m05s
2026-05-01 16:01:06,255 [INFO] scanner - ──────────────────────────────────────────────────
2026-05-01 16:01:06,255 [INFO] scanner - 处理标的: US.STT
2026-05-01 16:01:06,332 [INFO] scanner - [STEP1] 获取 US.STT 候选期权链…
2026-05-01 16:01:06,369 [INFO] option_chain_fetcher - [US.STT] 5 个到期日 → 4 批次调用
2026-05-01 16:01:07,134 [WARNING] rate_limiter - [_call] 第 1/5 次失败: 获取期权链频率太高，请求失败，每30秒最多10次。，5.0s 后重试…
2026-05-01 16:01:12,136 [WARNING] rate_limiter - [_call] 第 2/5 次失败: 获取期权链频率太高，请求失败，每30秒最多10次。，10.0s 后重试…
2026-05-01 16:01:22,138 [WARNING] rate_limiter - [_call] 第 3/5 次失败: 获取期权链频率太高，请求失败，每30秒最多10次。，20.0s 后重试…
2026-05-01 16:01:42,948 [INFO] option_chain_fetcher - [US.STT] 候选合约共 0 个
2026-05-01 16:01:42,948 [INFO] scanner - [STEP1] US.STT: 候选合约 0 个
2026-05-01 16:01:42,948 [INFO] scanner - [STEP2] 获取 0 个合约快照…
2026-05-01 16:01:42,948 [WARNING] scanner - [STEP2] 合约列表为空，跳过
2026-05-01 16:01:42,948 [ERROR] scanner - [US.STT] 处理异常: 'option_type'
2026-05-01 16:01:42,949 [ERROR] scanner - Traceback (most recent call last):
  File "C:\Users\Administrator\AppData\Local\Programs\Python\Python312\Lib\site-packages\pandas\core\indexes\base.py", line 3641, in get_loc
    return self._engine.get_loc(casted_key)
           ^^^^^^^^^^^^^^^^^^^^^^^^^^^^^^^^
  File "pandas/_libs/index.pyx", line 168, in pandas._libs.index.IndexEngine.get_loc
  File "pandas/_libs/index.pyx", line 197, in pandas._libs.index.IndexEngine.get_loc
  File "pandas/_libs/hashtable_class_helper.pxi", line 7668, in pandas._libs.hashtable.PyObjectHashTable.get_item
  File "pandas/_libs/hashtable_class_helper.pxi", line 7676, in pandas._libs.hashtable.PyObjectHashTable.get_item
KeyError: 'option_type'

The above exception was the direct cause of the following exception:

Traceback (most recent call last):
  File "<input>", line 170, in step_run_single
  File "C:\Users\Administrator\AppData\Local\Programs\Python\Python312\Lib\site-packages\pandas\core\frame.py", line 4378, in __getitem__
    indexer = self.columns.get_loc(key)
              ^^^^^^^^^^^^^^^^^^^^^^^^^
  File "C:\Users\Administrator\AppData\Local\Programs\Python\Python312\Lib\site-packages\pandas\core\indexes\base.py", line 3648, in get_loc
    raise KeyError(key) from err
KeyError: 'option_type'

2026-05-01 16:01:42,949 [INFO] checkpoint - 读取断点缓存：已完成 458 个标的
2026-05-01 16:01:42,950 [INFO] scanner - [460/527] US.STZ  完成率 87%  预计剩余 15m55s
2026-05-01 16:01:42,951 [INFO] scanner - ──────────────────────────────────────────────────
2026-05-01 16:01:42,951 [INFO] scanner - 处理标的: US.STZ
2026-05-01 16:01:42,990 [INFO] scanner - [STEP1] 获取 US.STZ 候选期权链…
2026-05-01 16:01:43,026 [INFO] option_chain_fetcher - [US.STZ] 11 个到期日 → 4 批次调用
2026-05-01 16:01:44,837 [INFO] option_chain_fetcher - [US.STZ] 候选合约共 2 个
2026-05-01 16:01:44,837 [INFO] scanner - [STEP1] US.STZ: 候选合约 2 个
2026-05-01 16:01:44,837 [INFO] scanner - [STEP2] 获取 2 个合约快照…
2026-05-01 16:01:44,907 [INFO] snapshot_fetcher - 快照获取完成：2/2 个合约
2026-05-01 16:01:44,908 [INFO] scanner - [STEP2] 成功获取 2 条快照
2026-05-01 16:01:44,910 [INFO] scanner - [STEP3] 对 US.STZ 执行异常检测…
2026-05-01 16:01:44,912 [INFO] anomaly_detector - 本批次无异常合约
2026-05-01 16:01:44,913 [INFO] checkpoint - 读取断点缓存：已完成 459 个标的
2026-05-01 16:01:44,914 [INFO] scanner - [461/527] US.SW  完成率 87%  预计剩余 15m39s
2026-05-01 16:01:44,914 [INFO] scanner - ──────────────────────────────────────────────────
2026-05-01 16:01:44,914 [INFO] scanner - 处理标的: US.SW
2026-05-01 16:01:44,983 [INFO] scanner - [STEP1] 获取 US.SW 候选期权链…
2026-05-01 16:01:45,019 [INFO] option_chain_fetcher - [US.SW] 4 个到期日 → 4 批次调用
2026-05-01 16:01:46,587 [INFO] option_chain_fetcher - [US.SW] 候选合约共 3 个
2026-05-01 16:01:46,587 [INFO] scanner - [STEP1] US.SW: 候选合约 3 个
2026-05-01 16:01:46,587 [INFO] scanner - [STEP2] 获取 3 个合约快照…
2026-05-01 16:01:46,652 [INFO] snapshot_fetcher - 快照获取完成：3/3 个合约
2026-05-01 16:01:46,652 [INFO] scanner - [STEP2] 成功获取 3 条快照
2026-05-01 16:01:46,653 [INFO] scanner - [STEP3] 对 US.SW 执行异常检测…
2026-05-01 16:01:46,654 [INFO] anomaly_detector - 本批次无异常合约
2026-05-01 16:01:46,654 [INFO] checkpoint - 读取断点缓存：已完成 460 个标的
2026-05-01 16:01:46,655 [INFO] scanner - [462/527] US.SWK  完成率 88%  预计剩余 15m23s
2026-05-01 16:01:46,655 [INFO] scanner - ──────────────────────────────────────────────────
2026-05-01 16:01:46,655 [INFO] scanner - 处理标的: US.SWK
2026-05-01 16:01:46,693 [INFO] scanner - [STEP1] 获取 US.SWK 候选期权链…
2026-05-01 16:01:46,728 [INFO] option_chain_fetcher - [US.SWK] 4 个到期日 → 4 批次调用
2026-05-01 16:01:46,730 [WARNING] rate_limiter - [_call] 第 1/5 次失败: 获取期权链频率太高，请求失败，每30秒最多10次。，5.0s 后重试…
2026-05-01 16:01:51,732 [WARNING] rate_limiter - [_call] 第 2/5 次失败: 获取期权链频率太高，请求失败，每30秒最多10次。，10.0s 后重试…
2026-05-01 16:02:01,734 [WARNING] rate_limiter - [_call] 第 3/5 次失败: 获取期权链频率太高，请求失败，每30秒最多10次。，20.0s 后重试…
2026-05-01 16:02:23,259 [INFO] option_chain_fetcher - [US.SWK] 候选合约共 0 个
2026-05-01 16:02:23,259 [INFO] scanner - [STEP1] US.SWK: 候选合约 0 个
2026-05-01 16:02:23,259 [INFO] scanner - [STEP2] 获取 0 个合约快照…
2026-05-01 16:02:23,259 [WARNING] scanner - [STEP2] 合约列表为空，跳过
2026-05-01 16:02:23,261 [ERROR] scanner - [US.SWK] 处理异常: 'option_type'
2026-05-01 16:02:23,261 [ERROR] scanner - Traceback (most recent call last):
  File "C:\Users\Administrator\AppData\Local\Programs\Python\Python312\Lib\site-packages\pandas\core\indexes\base.py", line 3641, in get_loc
    return self._engine.get_loc(casted_key)
           ^^^^^^^^^^^^^^^^^^^^^^^^^^^^^^^^
  File "pandas/_libs/index.pyx", line 168, in pandas._libs.index.IndexEngine.get_loc
  File "pandas/_libs/index.pyx", line 197, in pandas._libs.index.IndexEngine.get_loc
  File "pandas/_libs/hashtable_class_helper.pxi", line 7668, in pandas._libs.hashtable.PyObjectHashTable.get_item
  File "pandas/_libs/hashtable_class_helper.pxi", line 7676, in pandas._libs.hashtable.PyObjectHashTable.get_item
KeyError: 'option_type'

The above exception was the direct cause of the following exception:

Traceback (most recent call last):
  File "<input>", line 170, in step_run_single
  File "C:\Users\Administrator\AppData\Local\Programs\Python\Python312\Lib\site-packages\pandas\core\frame.py", line 4378, in __getitem__
    indexer = self.columns.get_loc(key)
              ^^^^^^^^^^^^^^^^^^^^^^^^^
  File "C:\Users\Administrator\AppData\Local\Programs\Python\Python312\Lib\site-packages\pandas\core\indexes\base.py", line 3648, in get_loc
    raise KeyError(key) from err
KeyError: 'option_type'

2026-05-01 16:02:23,262 [INFO] checkpoint - 读取断点缓存：已完成 461 个标的
2026-05-01 16:02:23,263 [INFO] scanner - [463/527] US.SWKS  完成率 88%  预计剩余 15m12s
2026-05-01 16:02:23,263 [INFO] scanner - ──────────────────────────────────────────────────
2026-05-01 16:02:23,263 [INFO] scanner - 处理标的: US.SWKS
2026-05-01 16:02:23,302 [INFO] scanner - [STEP1] 获取 US.SWKS 候选期权链…
2026-05-01 16:02:23,339 [INFO] option_chain_fetcher - [US.SWKS] 5 个到期日 → 4 批次调用
2026-05-01 16:02:25,019 [INFO] option_chain_fetcher - [US.SWKS] 候选合约共 6 个
2026-05-01 16:02:25,019 [INFO] scanner - [STEP1] US.SWKS: 候选合约 6 个
2026-05-01 16:02:25,019 [INFO] scanner - [STEP2] 获取 6 个合约快照…
2026-05-01 16:02:25,092 [INFO] snapshot_fetcher - 快照获取完成：6/6 个合约
2026-05-01 16:02:25,093 [INFO] scanner - [STEP2] 成功获取 6 条快照
2026-05-01 16:02:25,095 [INFO] scanner - [STEP3] 对 US.SWKS 执行异常检测…
2026-05-01 16:02:25,098 [INFO] anomaly_detector - 本批次无异常合约
2026-05-01 16:02:25,098 [INFO] checkpoint - 读取断点缓存：已完成 462 个标的
2026-05-01 16:02:25,099 [INFO] scanner - [464/527] US.SYF  完成率 88%  预计剩余 14m56s
2026-05-01 16:02:25,099 [INFO] scanner - ──────────────────────────────────────────────────
2026-05-01 16:02:25,100 [INFO] scanner - 处理标的: US.SYF
2026-05-01 16:02:25,139 [INFO] scanner - [STEP1] 获取 US.SYF 候选期权链…
2026-05-01 16:02:25,174 [INFO] option_chain_fetcher - [US.SYF] 3 个到期日 → 3 批次调用
2026-05-01 16:02:25,932 [WARNING] rate_limiter - [_call] 第 1/5 次失败: 获取期权链频率太高，请求失败，每30秒最多10次。，5.0s 后重试…
2026-05-01 16:02:30,934 [WARNING] rate_limiter - [_call] 第 2/5 次失败: 获取期权链频率太高，请求失败，每30秒最多10次。，10.0s 后重试…
2026-05-01 16:02:40,937 [WARNING] rate_limiter - [_call] 第 3/5 次失败: 获取期权链频率太高，请求失败，每30秒最多10次。，20.0s 后重试…
2026-05-01 16:03:01,316 [INFO] option_chain_fetcher - [US.SYF] 候选合约共 0 个
2026-05-01 16:03:01,316 [INFO] scanner - [STEP1] US.SYF: 候选合约 0 个
2026-05-01 16:03:01,316 [INFO] scanner - [STEP2] 获取 0 个合约快照…
2026-05-01 16:03:01,316 [WARNING] scanner - [STEP2] 合约列表为空，跳过
2026-05-01 16:03:01,317 [ERROR] scanner - [US.SYF] 处理异常: 'option_type'
2026-05-01 16:03:01,318 [ERROR] scanner - Traceback (most recent call last):
  File "C:\Users\Administrator\AppData\Local\Programs\Python\Python312\Lib\site-packages\pandas\core\indexes\base.py", line 3641, in get_loc
    return self._engine.get_loc(casted_key)
           ^^^^^^^^^^^^^^^^^^^^^^^^^^^^^^^^
  File "pandas/_libs/index.pyx", line 168, in pandas._libs.index.IndexEngine.get_loc
  File "pandas/_libs/index.pyx", line 197, in pandas._libs.index.IndexEngine.get_loc
  File "pandas/_libs/hashtable_class_helper.pxi", line 7668, in pandas._libs.hashtable.PyObjectHashTable.get_item
  File "pandas/_libs/hashtable_class_helper.pxi", line 7676, in pandas._libs.hashtable.PyObjectHashTable.get_item
KeyError: 'option_type'

The above exception was the direct cause of the following exception:

Traceback (most recent call last):
  File "<input>", line 170, in step_run_single
  File "C:\Users\Administrator\AppData\Local\Programs\Python\Python312\Lib\site-packages\pandas\core\frame.py", line 4378, in __getitem__
    indexer = self.columns.get_loc(key)
              ^^^^^^^^^^^^^^^^^^^^^^^^^
  File "C:\Users\Administrator\AppData\Local\Programs\Python\Python312\Lib\site-packages\pandas\core\indexes\base.py", line 3648, in get_loc
    raise KeyError(key) from err
KeyError: 'option_type'

2026-05-01 16:03:01,319 [INFO] checkpoint - 读取断点缓存：已完成 463 个标的
2026-05-01 16:03:01,320 [INFO] scanner - [465/527] US.SYK  完成率 88%  预计剩余 14m45s
2026-05-01 16:03:01,320 [INFO] scanner - ──────────────────────────────────────────────────
2026-05-01 16:03:01,320 [INFO] scanner - 处理标的: US.SYK
2026-05-01 16:03:01,388 [INFO] scanner - [STEP1] 获取 US.SYK 候选期权链…
2026-05-01 16:03:01,425 [INFO] option_chain_fetcher - [US.SYK] 4 个到期日 → 4 批次调用
2026-05-01 16:03:03,013 [INFO] option_chain_fetcher - [US.SYK] 候选合约共 9 个
2026-05-01 16:03:03,013 [INFO] scanner - [STEP1] US.SYK: 候选合约 9 个
2026-05-01 16:03:03,013 [INFO] scanner - [STEP2] 获取 9 个合约快照…
2026-05-01 16:03:03,089 [INFO] snapshot_fetcher - 快照获取完成：9/9 个合约
2026-05-01 16:03:03,090 [INFO] scanner - [STEP2] 成功获取 9 条快照
2026-05-01 16:03:03,090 [INFO] scanner - [STEP3] 对 US.SYK 执行异常检测…
2026-05-01 16:03:03,091 [INFO] anomaly_detector - 本批次无异常合约
2026-05-01 16:03:03,092 [INFO] checkpoint - 读取断点缓存：已完成 464 个标的
2026-05-01 16:03:03,093 [INFO] scanner - [466/527] US.SYY  完成率 88%  预计剩余 14m30s
2026-05-01 16:03:03,093 [INFO] scanner - ──────────────────────────────────────────────────
2026-05-01 16:03:03,093 [INFO] scanner - 处理标的: US.SYY
2026-05-01 16:03:03,132 [INFO] scanner - [STEP1] 获取 US.SYY 候选期权链…
2026-05-01 16:03:03,167 [INFO] option_chain_fetcher - [US.SYY] 5 个到期日 → 4 批次调用
2026-05-01 16:03:04,787 [INFO] option_chain_fetcher - [US.SYY] 候选合约共 1 个
2026-05-01 16:03:04,787 [INFO] scanner - [STEP1] US.SYY: 候选合约 1 个
2026-05-01 16:03:04,787 [INFO] scanner - [STEP2] 获取 1 个合约快照…
2026-05-01 16:03:04,860 [INFO] snapshot_fetcher - 快照获取完成：1/1 个合约
2026-05-01 16:03:04,861 [INFO] scanner - [STEP2] 成功获取 1 条快照
2026-05-01 16:03:04,863 [INFO] scanner - [STEP3] 对 US.SYY 执行异常检测…
2026-05-01 16:03:04,866 [INFO] anomaly_detector - 本批次无异常合约
2026-05-01 16:03:04,867 [INFO] checkpoint - 读取断点缓存：已完成 465 个标的
2026-05-01 16:03:04,868 [INFO] scanner - [467/527] US.T  完成率 89%  预计剩余 14m14s
2026-05-01 16:03:04,868 [INFO] scanner - ──────────────────────────────────────────────────
2026-05-01 16:03:04,869 [INFO] scanner - 处理标的: US.T
2026-05-01 16:03:04,911 [INFO] scanner - [STEP1] 获取 US.T 候选期权链…
2026-05-01 16:03:04,946 [INFO] option_chain_fetcher - [US.T] 11 个到期日 → 4 批次调用
2026-05-01 16:03:05,493 [WARNING] rate_limiter - [_call] 第 1/5 次失败: 获取期权链频率太高，请求失败，每30秒最多10次。，5.0s 后重试…
2026-05-01 16:03:10,496 [WARNING] rate_limiter - [_call] 第 2/5 次失败: 获取期权链频率太高，请求失败，每30秒最多10次。，10.0s 后重试…
2026-05-01 16:03:20,498 [WARNING] rate_limiter - [_call] 第 3/5 次失败: 获取期权链频率太高，请求失败，每30秒最多10次。，20.0s 后重试…
2026-05-01 16:03:41,942 [INFO] option_chain_fetcher - [US.T] 候选合约共 42 个
2026-05-01 16:03:41,942 [INFO] scanner - [STEP1] US.T: 候选合约 42 个
2026-05-01 16:03:41,942 [INFO] scanner - [STEP2] 获取 42 个合约快照…
2026-05-01 16:03:42,085 [INFO] snapshot_fetcher - 快照获取完成：42/42 个合约
2026-05-01 16:03:42,086 [INFO] scanner - [STEP2] 成功获取 42 条快照
2026-05-01 16:03:42,087 [INFO] scanner - [STEP3] 对 US.T 执行异常检测…
2026-05-01 16:03:42,087 [INFO] anomaly_detector - 本批次无异常合约
2026-05-01 16:03:42,088 [INFO] checkpoint - 读取断点缓存：已完成 466 个标的
2026-05-01 16:03:42,089 [INFO] scanner - [468/527] US.TAP  完成率 89%  预计剩余 14m03s
2026-05-01 16:03:42,089 [INFO] scanner - ──────────────────────────────────────────────────
2026-05-01 16:03:42,089 [INFO] scanner - 处理标的: US.TAP
2026-05-01 16:03:42,159 [INFO] scanner - [STEP1] 获取 US.TAP 候选期权链…
2026-05-01 16:03:42,199 [INFO] option_chain_fetcher - [US.TAP] 4 个到期日 → 4 批次调用
2026-05-01 16:03:43,708 [INFO] option_chain_fetcher - [US.TAP] 候选合约共 2 个
2026-05-01 16:03:43,708 [INFO] scanner - [STEP1] US.TAP: 候选合约 2 个
2026-05-01 16:03:43,708 [INFO] scanner - [STEP2] 获取 2 个合约快照…
2026-05-01 16:03:43,777 [INFO] snapshot_fetcher - 快照获取完成：2/2 个合约
2026-05-01 16:03:43,778 [INFO] scanner - [STEP2] 成功获取 2 条快照
2026-05-01 16:03:43,779 [INFO] scanner - [STEP3] 对 US.TAP 执行异常检测…
2026-05-01 16:03:43,781 [INFO] anomaly_detector - 发现异常合约 1 个
2026-05-01 16:03:43,783 [INFO] anomaly_detector - 已追加写入 1 条异常记录 → .\filter_data\anomaly_results2026-05-01.csv
2026-05-01 16:03:43,784 [INFO] checkpoint - 读取断点缓存：已完成 467 个标的
2026-05-01 16:03:43,784 [INFO] scanner - [469/527] US.TDG  完成率 89%  预计剩余 13m47s
2026-05-01 16:03:43,784 [INFO] scanner - ──────────────────────────────────────────────────
2026-05-01 16:03:43,784 [INFO] scanner - 处理标的: US.TDG
2026-05-01 16:03:43,846 [INFO] scanner - [STEP1] 获取 US.TDG 候选期权链…
2026-05-01 16:03:43,881 [INFO] option_chain_fetcher - [US.TDG] 5 个到期日 → 4 批次调用
2026-05-01 16:03:45,088 [WARNING] rate_limiter - [_call] 第 1/5 次失败: 获取期权链频率太高，请求失败，每30秒最多10次。，5.0s 后重试…
2026-05-01 16:03:50,090 [WARNING] rate_limiter - [_call] 第 2/5 次失败: 获取期权链频率太高，请求失败，每30秒最多10次。，10.0s 后重试…
2026-05-01 16:04:00,101 [WARNING] rate_limiter - [_call] 第 3/5 次失败: 获取期权链频率太高，请求失败，每30秒最多10次。，20.0s 后重试…
2026-05-01 16:04:20,483 [INFO] option_chain_fetcher - [US.TDG] 候选合约共 0 个
2026-05-01 16:04:20,483 [INFO] scanner - [STEP1] US.TDG: 候选合约 0 个
2026-05-01 16:04:20,483 [INFO] scanner - [STEP2] 获取 0 个合约快照…
2026-05-01 16:04:20,483 [WARNING] scanner - [STEP2] 合约列表为空，跳过
2026-05-01 16:04:20,484 [ERROR] scanner - [US.TDG] 处理异常: 'option_type'
2026-05-01 16:04:20,484 [ERROR] scanner - Traceback (most recent call last):
  File "C:\Users\Administrator\AppData\Local\Programs\Python\Python312\Lib\site-packages\pandas\core\indexes\base.py", line 3641, in get_loc
    return self._engine.get_loc(casted_key)
           ^^^^^^^^^^^^^^^^^^^^^^^^^^^^^^^^
  File "pandas/_libs/index.pyx", line 168, in pandas._libs.index.IndexEngine.get_loc
  File "pandas/_libs/index.pyx", line 197, in pandas._libs.index.IndexEngine.get_loc
  File "pandas/_libs/hashtable_class_helper.pxi", line 7668, in pandas._libs.hashtable.PyObjectHashTable.get_item
  File "pandas/_libs/hashtable_class_helper.pxi", line 7676, in pandas._libs.hashtable.PyObjectHashTable.get_item
KeyError: 'option_type'

The above exception was the direct cause of the following exception:

Traceback (most recent call last):
  File "<input>", line 170, in step_run_single
  File "C:\Users\Administrator\AppData\Local\Programs\Python\Python312\Lib\site-packages\pandas\core\frame.py", line 4378, in __getitem__
    indexer = self.columns.get_loc(key)
              ^^^^^^^^^^^^^^^^^^^^^^^^^
  File "C:\Users\Administrator\AppData\Local\Programs\Python\Python312\Lib\site-packages\pandas\core\indexes\base.py", line 3648, in get_loc
    raise KeyError(key) from err
KeyError: 'option_type'

2026-05-01 16:04:20,485 [INFO] checkpoint - 读取断点缓存：已完成 468 个标的
2026-05-01 16:04:20,486 [INFO] scanner - [470/527] US.TDY  完成率 89%  预计剩余 13m36s
2026-05-01 16:04:20,486 [INFO] scanner - ──────────────────────────────────────────────────
2026-05-01 16:04:20,486 [INFO] scanner - 处理标的: US.TDY
2026-05-01 16:04:20,525 [INFO] scanner - [STEP1] 获取 US.TDY 候选期权链…
2026-05-01 16:04:20,561 [INFO] option_chain_fetcher - [US.TDY] 5 个到期日 → 4 批次调用
2026-05-01 16:04:22,131 [INFO] option_chain_fetcher - [US.TDY] 候选合约共 0 个
2026-05-01 16:04:22,131 [INFO] scanner - [STEP1] US.TDY: 候选合约 0 个
2026-05-01 16:04:22,131 [INFO] scanner - [STEP2] 获取 0 个合约快照…
2026-05-01 16:04:22,131 [WARNING] scanner - [STEP2] 合约列表为空，跳过
2026-05-01 16:04:22,132 [ERROR] scanner - [US.TDY] 处理异常: 'option_type'
2026-05-01 16:04:22,132 [ERROR] scanner - Traceback (most recent call last):
  File "C:\Users\Administrator\AppData\Local\Programs\Python\Python312\Lib\site-packages\pandas\core\indexes\base.py", line 3641, in get_loc
    return self._engine.get_loc(casted_key)
           ^^^^^^^^^^^^^^^^^^^^^^^^^^^^^^^^
  File "pandas/_libs/index.pyx", line 168, in pandas._libs.index.IndexEngine.get_loc
  File "pandas/_libs/index.pyx", line 197, in pandas._libs.index.IndexEngine.get_loc
  File "pandas/_libs/hashtable_class_helper.pxi", line 7668, in pandas._libs.hashtable.PyObjectHashTable.get_item
  File "pandas/_libs/hashtable_class_helper.pxi", line 7676, in pandas._libs.hashtable.PyObjectHashTable.get_item
KeyError: 'option_type'

The above exception was the direct cause of the following exception:

Traceback (most recent call last):
  File "<input>", line 170, in step_run_single
  File "C:\Users\Administrator\AppData\Local\Programs\Python\Python312\Lib\site-packages\pandas\core\frame.py", line 4378, in __getitem__
    indexer = self.columns.get_loc(key)
              ^^^^^^^^^^^^^^^^^^^^^^^^^
  File "C:\Users\Administrator\AppData\Local\Programs\Python\Python312\Lib\site-packages\pandas\core\indexes\base.py", line 3648, in get_loc
    raise KeyError(key) from err
KeyError: 'option_type'

2026-05-01 16:04:22,133 [INFO] checkpoint - 读取断点缓存：已完成 469 个标的
2026-05-01 16:04:22,133 [INFO] scanner - [471/527] US.TECH  完成率 89%  预计剩余 13m21s
2026-05-01 16:04:22,133 [INFO] scanner - ──────────────────────────────────────────────────
2026-05-01 16:04:22,134 [INFO] scanner - 处理标的: US.TECH
2026-05-01 16:04:22,175 [INFO] scanner - [STEP1] 获取 US.TECH 候选期权链…
2026-05-01 16:04:22,214 [INFO] option_chain_fetcher - [US.TECH] 5 个到期日 → 4 批次调用
2026-05-01 16:04:23,752 [INFO] option_chain_fetcher - [US.TECH] 候选合约共 0 个
2026-05-01 16:04:23,752 [INFO] scanner - [STEP1] US.TECH: 候选合约 0 个
2026-05-01 16:04:23,752 [INFO] scanner - [STEP2] 获取 0 个合约快照…
2026-05-01 16:04:23,752 [WARNING] scanner - [STEP2] 合约列表为空，跳过
2026-05-01 16:04:23,752 [ERROR] scanner - [US.TECH] 处理异常: 'option_type'
2026-05-01 16:04:23,753 [ERROR] scanner - Traceback (most recent call last):
  File "C:\Users\Administrator\AppData\Local\Programs\Python\Python312\Lib\site-packages\pandas\core\indexes\base.py", line 3641, in get_loc
    return self._engine.get_loc(casted_key)
           ^^^^^^^^^^^^^^^^^^^^^^^^^^^^^^^^
  File "pandas/_libs/index.pyx", line 168, in pandas._libs.index.IndexEngine.get_loc
  File "pandas/_libs/index.pyx", line 197, in pandas._libs.index.IndexEngine.get_loc
  File "pandas/_libs/hashtable_class_helper.pxi", line 7668, in pandas._libs.hashtable.PyObjectHashTable.get_item
  File "pandas/_libs/hashtable_class_helper.pxi", line 7676, in pandas._libs.hashtable.PyObjectHashTable.get_item
KeyError: 'option_type'

The above exception was the direct cause of the following exception:

Traceback (most recent call last):
  File "<input>", line 170, in step_run_single
  File "C:\Users\Administrator\AppData\Local\Programs\Python\Python312\Lib\site-packages\pandas\core\frame.py", line 4378, in __getitem__
    indexer = self.columns.get_loc(key)
              ^^^^^^^^^^^^^^^^^^^^^^^^^
  File "C:\Users\Administrator\AppData\Local\Programs\Python\Python312\Lib\site-packages\pandas\core\indexes\base.py", line 3648, in get_loc
    raise KeyError(key) from err
KeyError: 'option_type'

2026-05-01 16:04:23,754 [INFO] checkpoint - 读取断点缓存：已完成 470 个标的
2026-05-01 16:04:23,754 [INFO] scanner - [472/527] US.TEL  完成率 90%  预计剩余 13m05s
2026-05-01 16:04:23,754 [INFO] scanner - ──────────────────────────────────────────────────
2026-05-01 16:04:23,755 [INFO] scanner - 处理标的: US.TEL
2026-05-01 16:04:23,795 [INFO] scanner - [STEP1] 获取 US.TEL 候选期权链…
2026-05-01 16:04:23,831 [INFO] option_chain_fetcher - [US.TEL] 7 个到期日 → 6 批次调用
2026-05-01 16:04:24,212 [WARNING] rate_limiter - [_call] 第 1/5 次失败: 获取期权链频率太高，请求失败，每30秒最多10次。，5.0s 后重试…
2026-05-01 16:04:29,215 [WARNING] rate_limiter - [_call] 第 2/5 次失败: 获取期权链频率太高，请求失败，每30秒最多10次。，10.0s 后重试…
2026-05-01 16:04:39,223 [WARNING] rate_limiter - [_call] 第 3/5 次失败: 获取期权链频率太高，请求失败，每30秒最多10次。，20.0s 后重试…
2026-05-01 16:05:01,164 [INFO] option_chain_fetcher - [US.TEL] 候选合约共 0 个
2026-05-01 16:05:01,164 [INFO] scanner - [STEP1] US.TEL: 候选合约 0 个
2026-05-01 16:05:01,164 [INFO] scanner - [STEP2] 获取 0 个合约快照…
2026-05-01 16:05:01,164 [WARNING] scanner - [STEP2] 合约列表为空，跳过
2026-05-01 16:05:01,164 [ERROR] scanner - [US.TEL] 处理异常: 'option_type'
2026-05-01 16:05:01,165 [ERROR] scanner - Traceback (most recent call last):
  File "C:\Users\Administrator\AppData\Local\Programs\Python\Python312\Lib\site-packages\pandas\core\indexes\base.py", line 3641, in get_loc
    return self._engine.get_loc(casted_key)
           ^^^^^^^^^^^^^^^^^^^^^^^^^^^^^^^^
  File "pandas/_libs/index.pyx", line 168, in pandas._libs.index.IndexEngine.get_loc
  File "pandas/_libs/index.pyx", line 197, in pandas._libs.index.IndexEngine.get_loc
  File "pandas/_libs/hashtable_class_helper.pxi", line 7668, in pandas._libs.hashtable.PyObjectHashTable.get_item
  File "pandas/_libs/hashtable_class_helper.pxi", line 7676, in pandas._libs.hashtable.PyObjectHashTable.get_item
KeyError: 'option_type'

The above exception was the direct cause of the following exception:

Traceback (most recent call last):
  File "<input>", line 170, in step_run_single
  File "C:\Users\Administrator\AppData\Local\Programs\Python\Python312\Lib\site-packages\pandas\core\frame.py", line 4378, in __getitem__
    indexer = self.columns.get_loc(key)
              ^^^^^^^^^^^^^^^^^^^^^^^^^
  File "C:\Users\Administrator\AppData\Local\Programs\Python\Python312\Lib\site-packages\pandas\core\indexes\base.py", line 3648, in get_loc
    raise KeyError(key) from err
KeyError: 'option_type'

2026-05-01 16:05:01,166 [INFO] checkpoint - 读取断点缓存：已完成 471 个标的
2026-05-01 16:05:01,166 [INFO] scanner - [473/527] US.TER  完成率 90%  预计剩余 12m54s
2026-05-01 16:05:01,166 [INFO] scanner - ──────────────────────────────────────────────────
2026-05-01 16:05:01,166 [INFO] scanner - 处理标的: US.TER
2026-05-01 16:05:01,207 [INFO] scanner - [STEP1] 获取 US.TER 候选期权链…
2026-05-01 16:05:01,242 [INFO] option_chain_fetcher - [US.TER] 12 个到期日 → 6 批次调用
2026-05-01 16:05:03,464 [WARNING] rate_limiter - [_call] 第 1/5 次失败: 获取期权链频率太高，请求失败，每30秒最多10次。，5.0s 后重试…
2026-05-01 16:05:08,467 [WARNING] rate_limiter - [_call] 第 2/5 次失败: 获取期权链频率太高，请求失败，每30秒最多10次。，10.0s 后重试…
2026-05-01 16:05:18,469 [WARNING] rate_limiter - [_call] 第 3/5 次失败: 获取期权链频率太高，请求失败，每30秒最多10次。，20.0s 后重试…
2026-05-01 16:05:38,917 [INFO] option_chain_fetcher - [US.TER] 候选合约共 19 个
2026-05-01 16:05:38,917 [INFO] scanner - [STEP1] US.TER: 候选合约 19 个
2026-05-01 16:05:38,917 [INFO] scanner - [STEP2] 获取 19 个合约快照…
2026-05-01 16:05:38,986 [INFO] snapshot_fetcher - 快照获取完成：19/19 个合约
2026-05-01 16:05:38,987 [INFO] scanner - [STEP2] 成功获取 19 条快照
2026-05-01 16:05:38,988 [INFO] scanner - [STEP3] 对 US.TER 执行异常检测…
2026-05-01 16:05:38,990 [INFO] anomaly_detector - 发现异常合约 9 个
2026-05-01 16:05:38,992 [INFO] anomaly_detector - 已追加写入 9 条异常记录 → .\filter_data\anomaly_results2026-05-01.csv
2026-05-01 16:05:38,992 [INFO] checkpoint - 读取断点缓存：已完成 472 个标的
2026-05-01 16:05:38,993 [INFO] scanner - [474/527] US.TFC  完成率 90%  预计剩余 12m42s
2026-05-01 16:05:38,993 [INFO] scanner - ──────────────────────────────────────────────────
2026-05-01 16:05:38,993 [INFO] scanner - 处理标的: US.TFC
2026-05-01 16:05:39,031 [INFO] scanner - [STEP1] 获取 US.TFC 候选期权链…
2026-05-01 16:05:39,068 [INFO] option_chain_fetcher - [US.TFC] 3 个到期日 → 3 批次调用
2026-05-01 16:05:40,266 [INFO] option_chain_fetcher - [US.TFC] 候选合约共 1 个
2026-05-01 16:05:40,266 [INFO] scanner - [STEP1] US.TFC: 候选合约 1 个
2026-05-01 16:05:40,266 [INFO] scanner - [STEP2] 获取 1 个合约快照…
2026-05-01 16:05:40,333 [INFO] snapshot_fetcher - 快照获取完成：1/1 个合约
2026-05-01 16:05:40,334 [INFO] scanner - [STEP2] 成功获取 1 条快照
2026-05-01 16:05:40,334 [INFO] scanner - [STEP3] 对 US.TFC 执行异常检测…
2026-05-01 16:05:40,336 [INFO] anomaly_detector - 本批次无异常合约
2026-05-01 16:05:40,336 [INFO] checkpoint - 读取断点缓存：已完成 473 个标的
2026-05-01 16:05:40,336 [INFO] scanner - [475/527] US.TGT  完成率 90%  预计剩余 12m27s
2026-05-01 16:05:40,337 [INFO] scanner - ──────────────────────────────────────────────────
2026-05-01 16:05:40,337 [INFO] scanner - 处理标的: US.TGT
2026-05-01 16:05:40,375 [INFO] scanner - [STEP1] 获取 US.TGT 候选期权链…
2026-05-01 16:05:40,412 [INFO] option_chain_fetcher - [US.TGT] 12 个到期日 → 5 批次调用
2026-05-01 16:05:42,689 [INFO] option_chain_fetcher - [US.TGT] 候选合约共 16 个
2026-05-01 16:05:42,689 [INFO] scanner - [STEP1] US.TGT: 候选合约 16 个
2026-05-01 16:05:42,689 [INFO] scanner - [STEP2] 获取 16 个合约快照…
2026-05-01 16:05:42,762 [INFO] snapshot_fetcher - 快照获取完成：16/16 个合约
2026-05-01 16:05:42,762 [INFO] scanner - [STEP2] 成功获取 16 条快照
2026-05-01 16:05:42,763 [INFO] scanner - [STEP3] 对 US.TGT 执行异常检测…
2026-05-01 16:05:42,765 [INFO] anomaly_detector - 发现异常合约 2 个
2026-05-01 16:05:42,767 [INFO] anomaly_detector - 已追加写入 2 条异常记录 → .\filter_data\anomaly_results2026-05-01.csv
2026-05-01 16:05:42,767 [INFO] checkpoint - 读取断点缓存：已完成 474 个标的
2026-05-01 16:05:42,768 [INFO] scanner - [476/527] US.TJX  完成率 90%  预计剩余 12m12s
2026-05-01 16:05:42,768 [INFO] scanner - ──────────────────────────────────────────────────
2026-05-01 16:05:42,768 [INFO] scanner - 处理标的: US.TJX
2026-05-01 16:05:42,835 [INFO] scanner - [STEP1] 获取 US.TJX 候选期权链…
2026-05-01 16:05:42,870 [INFO] option_chain_fetcher - [US.TJX] 11 个到期日 → 4 批次调用
2026-05-01 16:05:43,437 [WARNING] rate_limiter - [_call] 第 1/5 次失败: 获取期权链频率太高，请求失败，每30秒最多10次。，5.0s 后重试…
2026-05-01 16:05:48,440 [WARNING] rate_limiter - [_call] 第 2/5 次失败: 获取期权链频率太高，请求失败，每30秒最多10次。，10.0s 后重试…
2026-05-01 16:05:58,443 [WARNING] rate_limiter - [_call] 第 3/5 次失败: 获取期权链频率太高，请求失败，每30秒最多10次。，20.0s 后重试…
2026-05-01 16:06:19,703 [INFO] option_chain_fetcher - [US.TJX] 候选合约共 2 个
2026-05-01 16:06:19,703 [INFO] scanner - [STEP1] US.TJX: 候选合约 2 个
2026-05-01 16:06:19,703 [INFO] scanner - [STEP2] 获取 2 个合约快照…
2026-05-01 16:06:19,769 [INFO] snapshot_fetcher - 快照获取完成：2/2 个合约
2026-05-01 16:06:19,769 [INFO] scanner - [STEP2] 成功获取 2 条快照
2026-05-01 16:06:19,770 [INFO] scanner - [STEP3] 对 US.TJX 执行异常检测…
2026-05-01 16:06:19,771 [INFO] anomaly_detector - 本批次无异常合约
2026-05-01 16:06:19,772 [INFO] checkpoint - 读取断点缓存：已完成 475 个标的
2026-05-01 16:06:19,772 [INFO] scanner - [477/527] US.TKO  完成率 91%  预计剩余 12m00s
2026-05-01 16:06:19,772 [INFO] scanner - ──────────────────────────────────────────────────
2026-05-01 16:06:19,772 [INFO] scanner - 处理标的: US.TKO
2026-05-01 16:06:19,841 [INFO] scanner - [STEP1] 获取 US.TKO 候选期权链…
2026-05-01 16:06:19,877 [INFO] option_chain_fetcher - [US.TKO] 4 个到期日 → 4 批次调用
2026-05-01 16:06:21,392 [INFO] option_chain_fetcher - [US.TKO] 候选合约共 0 个
2026-05-01 16:06:21,392 [INFO] scanner - [STEP1] US.TKO: 候选合约 0 个
2026-05-01 16:06:21,392 [INFO] scanner - [STEP2] 获取 0 个合约快照…
2026-05-01 16:06:21,392 [WARNING] scanner - [STEP2] 合约列表为空，跳过
2026-05-01 16:06:21,392 [ERROR] scanner - [US.TKO] 处理异常: 'option_type'
2026-05-01 16:06:21,393 [ERROR] scanner - Traceback (most recent call last):
  File "C:\Users\Administrator\AppData\Local\Programs\Python\Python312\Lib\site-packages\pandas\core\indexes\base.py", line 3641, in get_loc
    return self._engine.get_loc(casted_key)
           ^^^^^^^^^^^^^^^^^^^^^^^^^^^^^^^^
  File "pandas/_libs/index.pyx", line 168, in pandas._libs.index.IndexEngine.get_loc
  File "pandas/_libs/index.pyx", line 197, in pandas._libs.index.IndexEngine.get_loc
  File "pandas/_libs/hashtable_class_helper.pxi", line 7668, in pandas._libs.hashtable.PyObjectHashTable.get_item
  File "pandas/_libs/hashtable_class_helper.pxi", line 7676, in pandas._libs.hashtable.PyObjectHashTable.get_item
KeyError: 'option_type'

The above exception was the direct cause of the following exception:

Traceback (most recent call last):
  File "<input>", line 170, in step_run_single
  File "C:\Users\Administrator\AppData\Local\Programs\Python\Python312\Lib\site-packages\pandas\core\frame.py", line 4378, in __getitem__
    indexer = self.columns.get_loc(key)
              ^^^^^^^^^^^^^^^^^^^^^^^^^
  File "C:\Users\Administrator\AppData\Local\Programs\Python\Python312\Lib\site-packages\pandas\core\indexes\base.py", line 3648, in get_loc
    raise KeyError(key) from err
KeyError: 'option_type'

2026-05-01 16:06:21,393 [INFO] checkpoint - 读取断点缓存：已完成 476 个标的
2026-05-01 16:06:21,394 [INFO] scanner - [478/527] US.TMO  完成率 91%  预计剩余 11m44s
2026-05-01 16:06:21,394 [INFO] scanner - ──────────────────────────────────────────────────
2026-05-01 16:06:21,394 [INFO] scanner - 处理标的: US.TMO
2026-05-01 16:06:21,433 [INFO] scanner - [STEP1] 获取 US.TMO 候选期权链…
2026-05-01 16:06:21,468 [INFO] option_chain_fetcher - [US.TMO] 9 个到期日 → 3 批次调用
2026-05-01 16:06:22,965 [INFO] option_chain_fetcher - [US.TMO] 候选合约共 2 个
2026-05-01 16:06:22,965 [INFO] scanner - [STEP1] US.TMO: 候选合约 2 个
2026-05-01 16:06:22,965 [INFO] scanner - [STEP2] 获取 2 个合约快照…
2026-05-01 16:06:23,034 [INFO] snapshot_fetcher - 快照获取完成：2/2 个合约
2026-05-01 16:06:23,034 [INFO] scanner - [STEP2] 成功获取 2 条快照
2026-05-01 16:06:23,035 [INFO] scanner - [STEP3] 对 US.TMO 执行异常检测…
2026-05-01 16:06:23,037 [INFO] anomaly_detector - 发现异常合约 1 个
2026-05-01 16:06:23,038 [INFO] anomaly_detector - 已追加写入 1 条异常记录 → .\filter_data\anomaly_results2026-05-01.csv
2026-05-01 16:06:23,039 [INFO] checkpoint - 读取断点缓存：已完成 477 个标的
2026-05-01 16:06:23,039 [INFO] scanner - [479/527] US.TPL  完成率 91%  预计剩余 11m29s
2026-05-01 16:06:23,039 [INFO] scanner - ──────────────────────────────────────────────────
2026-05-01 16:06:23,039 [INFO] scanner - 处理标的: US.TPL
2026-05-01 16:06:23,078 [INFO] scanner - [STEP1] 获取 US.TPL 候选期权链…
2026-05-01 16:06:23,113 [INFO] option_chain_fetcher - [US.TPL] 4 个到期日 → 4 批次调用
2026-05-01 16:06:23,115 [WARNING] rate_limiter - [_call] 第 1/5 次失败: 获取期权链频率太高，请求失败，每30秒最多10次。，5.0s 后重试…
2026-05-01 16:06:28,118 [WARNING] rate_limiter - [_call] 第 2/5 次失败: 获取期权链频率太高，请求失败，每30秒最多10次。，10.0s 后重试…
2026-05-01 16:06:38,119 [WARNING] rate_limiter - [_call] 第 3/5 次失败: 获取期权链频率太高，请求失败，每30秒最多10次。，20.0s 后重试…
2026-05-01 16:06:59,667 [INFO] option_chain_fetcher - [US.TPL] 候选合约共 1 个
2026-05-01 16:06:59,667 [INFO] scanner - [STEP1] US.TPL: 候选合约 1 个
2026-05-01 16:06:59,667 [INFO] scanner - [STEP2] 获取 1 个合约快照…
2026-05-01 16:06:59,736 [INFO] snapshot_fetcher - 快照获取完成：1/1 个合约
2026-05-01 16:06:59,736 [INFO] scanner - [STEP2] 成功获取 1 条快照
2026-05-01 16:06:59,738 [INFO] scanner - [STEP3] 对 US.TPL 执行异常检测…
2026-05-01 16:06:59,740 [INFO] anomaly_detector - 本批次无异常合约
2026-05-01 16:06:59,741 [INFO] checkpoint - 读取断点缓存：已完成 478 个标的
2026-05-01 16:06:59,742 [INFO] scanner - [480/527] US.TPR  完成率 91%  预计剩余 11m17s
2026-05-01 16:06:59,742 [INFO] scanner - ──────────────────────────────────────────────────
2026-05-01 16:06:59,742 [INFO] scanner - 处理标的: US.TPR
2026-05-01 16:06:59,786 [INFO] scanner - [STEP1] 获取 US.TPR 候选期权链…
2026-05-01 16:06:59,824 [INFO] option_chain_fetcher - [US.TPR] 11 个到期日 → 4 批次调用
2026-05-01 16:07:01,647 [INFO] option_chain_fetcher - [US.TPR] 候选合约共 0 个
2026-05-01 16:07:01,647 [INFO] scanner - [STEP1] US.TPR: 候选合约 0 个
2026-05-01 16:07:01,647 [INFO] scanner - [STEP2] 获取 0 个合约快照…
2026-05-01 16:07:01,647 [WARNING] scanner - [STEP2] 合约列表为空，跳过
2026-05-01 16:07:01,648 [ERROR] scanner - [US.TPR] 处理异常: 'option_type'
2026-05-01 16:07:01,648 [ERROR] scanner - Traceback (most recent call last):
  File "C:\Users\Administrator\AppData\Local\Programs\Python\Python312\Lib\site-packages\pandas\core\indexes\base.py", line 3641, in get_loc
    return self._engine.get_loc(casted_key)
           ^^^^^^^^^^^^^^^^^^^^^^^^^^^^^^^^
  File "pandas/_libs/index.pyx", line 168, in pandas._libs.index.IndexEngine.get_loc
  File "pandas/_libs/index.pyx", line 197, in pandas._libs.index.IndexEngine.get_loc
  File "pandas/_libs/hashtable_class_helper.pxi", line 7668, in pandas._libs.hashtable.PyObjectHashTable.get_item
  File "pandas/_libs/hashtable_class_helper.pxi", line 7676, in pandas._libs.hashtable.PyObjectHashTable.get_item
KeyError: 'option_type'

The above exception was the direct cause of the following exception:

Traceback (most recent call last):
  File "<input>", line 170, in step_run_single
  File "C:\Users\Administrator\AppData\Local\Programs\Python\Python312\Lib\site-packages\pandas\core\frame.py", line 4378, in __getitem__
    indexer = self.columns.get_loc(key)
              ^^^^^^^^^^^^^^^^^^^^^^^^^
  File "C:\Users\Administrator\AppData\Local\Programs\Python\Python312\Lib\site-packages\pandas\core\indexes\base.py", line 3648, in get_loc
    raise KeyError(key) from err
KeyError: 'option_type'

2026-05-01 16:07:01,649 [INFO] checkpoint - 读取断点缓存：已完成 479 个标的
2026-05-01 16:07:01,649 [INFO] scanner - [481/527] US.TRGP  完成率 91%  预计剩余 11m02s
2026-05-01 16:07:01,649 [INFO] scanner - ──────────────────────────────────────────────────
2026-05-01 16:07:01,649 [INFO] scanner - 处理标的: US.TRGP
2026-05-01 16:07:01,699 [INFO] scanner - [STEP1] 获取 US.TRGP 候选期权链…
2026-05-01 16:07:01,735 [INFO] option_chain_fetcher - [US.TRGP] 5 个到期日 → 4 批次调用
2026-05-01 16:07:02,521 [WARNING] rate_limiter - [_call] 第 1/5 次失败: 获取期权链频率太高，请求失败，每30秒最多10次。，5.0s 后重试…
2026-05-01 16:07:07,522 [WARNING] rate_limiter - [_call] 第 2/5 次失败: 获取期权链频率太高，请求失败，每30秒最多10次。，10.0s 后重试…
2026-05-01 16:07:17,525 [WARNING] rate_limiter - [_call] 第 3/5 次失败: 获取期权链频率太高，请求失败，每30秒最多10次。，20.0s 后重试…
2026-05-01 16:07:38,318 [INFO] option_chain_fetcher - [US.TRGP] 候选合约共 2 个
2026-05-01 16:07:38,318 [INFO] scanner - [STEP1] US.TRGP: 候选合约 2 个
2026-05-01 16:07:38,318 [INFO] scanner - [STEP2] 获取 2 个合约快照…
2026-05-01 16:07:38,392 [INFO] snapshot_fetcher - 快照获取完成：2/2 个合约
2026-05-01 16:07:38,394 [INFO] scanner - [STEP2] 成功获取 2 条快照
2026-05-01 16:07:38,396 [INFO] scanner - [STEP3] 对 US.TRGP 执行异常检测…
2026-05-01 16:07:38,398 [INFO] anomaly_detector - 本批次无异常合约
2026-05-01 16:07:38,399 [INFO] checkpoint - 读取断点缓存：已完成 480 个标的
2026-05-01 16:07:38,400 [INFO] scanner - [482/527] US.TRMB  完成率 91%  预计剩余 10m50s
2026-05-01 16:07:38,400 [INFO] scanner - ──────────────────────────────────────────────────
2026-05-01 16:07:38,400 [INFO] scanner - 处理标的: US.TRMB
2026-05-01 16:07:38,440 [INFO] scanner - [STEP1] 获取 US.TRMB 候选期权链…
2026-05-01 16:07:38,475 [INFO] option_chain_fetcher - [US.TRMB] 5 个到期日 → 5 批次调用
2026-05-01 16:07:40,372 [INFO] option_chain_fetcher - [US.TRMB] 候选合约共 1 个
2026-05-01 16:07:40,372 [INFO] scanner - [STEP1] US.TRMB: 候选合约 1 个
2026-05-01 16:07:40,372 [INFO] scanner - [STEP2] 获取 1 个合约快照…
2026-05-01 16:07:40,437 [INFO] snapshot_fetcher - 快照获取完成：1/1 个合约
2026-05-01 16:07:40,438 [INFO] scanner - [STEP2] 成功获取 1 条快照
2026-05-01 16:07:40,438 [INFO] scanner - [STEP3] 对 US.TRMB 执行异常检测…
2026-05-01 16:07:40,440 [INFO] anomaly_detector - 本批次无异常合约
2026-05-01 16:07:40,440 [INFO] checkpoint - 读取断点缓存：已完成 481 个标的
2026-05-01 16:07:40,440 [INFO] scanner - [483/527] US.TROW  完成率 92%  预计剩余 10m35s
2026-05-01 16:07:40,441 [INFO] scanner - ──────────────────────────────────────────────────
2026-05-01 16:07:40,441 [INFO] scanner - 处理标的: US.TROW
2026-05-01 16:07:40,482 [INFO] scanner - [STEP1] 获取 US.TROW 候选期权链…
2026-05-01 16:07:40,518 [INFO] option_chain_fetcher - [US.TROW] 5 个到期日 → 4 批次调用
2026-05-01 16:07:41,658 [WARNING] rate_limiter - [_call] 第 1/5 次失败: 获取期权链频率太高，请求失败，每30秒最多10次。，5.0s 后重试…
2026-05-01 16:07:46,661 [WARNING] rate_limiter - [_call] 第 2/5 次失败: 获取期权链频率太高，请求失败，每30秒最多10次。，10.0s 后重试…
2026-05-01 16:07:56,662 [WARNING] rate_limiter - [_call] 第 3/5 次失败: 获取期权链频率太高，请求失败，每30秒最多10次。，20.0s 后重试…
2026-05-01 16:08:17,085 [INFO] option_chain_fetcher - [US.TROW] 候选合约共 0 个
2026-05-01 16:08:17,085 [INFO] scanner - [STEP1] US.TROW: 候选合约 0 个
2026-05-01 16:08:17,085 [INFO] scanner - [STEP2] 获取 0 个合约快照…
2026-05-01 16:08:17,085 [WARNING] scanner - [STEP2] 合约列表为空，跳过
2026-05-01 16:08:17,086 [ERROR] scanner - [US.TROW] 处理异常: 'option_type'
2026-05-01 16:08:17,086 [ERROR] scanner - Traceback (most recent call last):
  File "C:\Users\Administrator\AppData\Local\Programs\Python\Python312\Lib\site-packages\pandas\core\indexes\base.py", line 3641, in get_loc
    return self._engine.get_loc(casted_key)
           ^^^^^^^^^^^^^^^^^^^^^^^^^^^^^^^^
  File "pandas/_libs/index.pyx", line 168, in pandas._libs.index.IndexEngine.get_loc
  File "pandas/_libs/index.pyx", line 197, in pandas._libs.index.IndexEngine.get_loc
  File "pandas/_libs/hashtable_class_helper.pxi", line 7668, in pandas._libs.hashtable.PyObjectHashTable.get_item
  File "pandas/_libs/hashtable_class_helper.pxi", line 7676, in pandas._libs.hashtable.PyObjectHashTable.get_item
KeyError: 'option_type'

The above exception was the direct cause of the following exception:

Traceback (most recent call last):
  File "<input>", line 170, in step_run_single
  File "C:\Users\Administrator\AppData\Local\Programs\Python\Python312\Lib\site-packages\pandas\core\frame.py", line 4378, in __getitem__
    indexer = self.columns.get_loc(key)
              ^^^^^^^^^^^^^^^^^^^^^^^^^
  File "C:\Users\Administrator\AppData\Local\Programs\Python\Python312\Lib\site-packages\pandas\core\indexes\base.py", line 3648, in get_loc
    raise KeyError(key) from err
KeyError: 'option_type'

2026-05-01 16:08:17,087 [INFO] checkpoint - 读取断点缓存：已完成 482 个标的
2026-05-01 16:08:17,087 [INFO] scanner - [484/527] US.TSCO  完成率 92%  预计剩余 10m23s
2026-05-01 16:08:17,087 [INFO] scanner - ──────────────────────────────────────────────────
2026-05-01 16:08:17,087 [INFO] scanner - 处理标的: US.TSCO
2026-05-01 16:08:17,126 [INFO] scanner - [STEP1] 获取 US.TSCO 候选期权链…
2026-05-01 16:08:17,161 [INFO] option_chain_fetcher - [US.TSCO] 11 个到期日 → 4 批次调用
2026-05-01 16:08:19,053 [INFO] option_chain_fetcher - [US.TSCO] 候选合约共 11 个
2026-05-01 16:08:19,053 [INFO] scanner - [STEP1] US.TSCO: 候选合约 11 个
2026-05-01 16:08:19,053 [INFO] scanner - [STEP2] 获取 11 个合约快照…
2026-05-01 16:08:19,132 [INFO] snapshot_fetcher - 快照获取完成：11/11 个合约
2026-05-01 16:08:19,133 [INFO] scanner - [STEP2] 成功获取 11 条快照
2026-05-01 16:08:19,134 [INFO] scanner - [STEP3] 对 US.TSCO 执行异常检测…
2026-05-01 16:08:19,135 [INFO] anomaly_detector - 本批次无异常合约
2026-05-01 16:08:19,136 [INFO] checkpoint - 读取断点缓存：已完成 483 个标的
2026-05-01 16:08:19,137 [INFO] scanner - [485/527] US.TSN  完成率 92%  预计剩余 10m07s
2026-05-01 16:08:19,137 [INFO] scanner - ──────────────────────────────────────────────────
2026-05-01 16:08:19,137 [INFO] scanner - 处理标的: US.TSN
2026-05-01 16:08:19,177 [INFO] scanner - [STEP1] 获取 US.TSN 候选期权链…
2026-05-01 16:08:19,212 [INFO] option_chain_fetcher - [US.TSN] 5 个到期日 → 4 批次调用
2026-05-01 16:08:20,757 [INFO] option_chain_fetcher - [US.TSN] 候选合约共 1 个
2026-05-01 16:08:20,757 [INFO] scanner - [STEP1] US.TSN: 候选合约 1 个
2026-05-01 16:08:20,757 [INFO] scanner - [STEP2] 获取 1 个合约快照…
2026-05-01 16:08:20,822 [INFO] snapshot_fetcher - 快照获取完成：1/1 个合约
2026-05-01 16:08:20,822 [INFO] scanner - [STEP2] 成功获取 1 条快照
2026-05-01 16:08:20,823 [INFO] scanner - [STEP3] 对 US.TSN 执行异常检测…
2026-05-01 16:08:20,824 [INFO] anomaly_detector - 本批次无异常合约
2026-05-01 16:08:20,825 [INFO] checkpoint - 读取断点缓存：已完成 484 个标的
2026-05-01 16:08:20,826 [INFO] scanner - [486/527] US.TT  完成率 92%  预计剩余 9m52s
2026-05-01 16:08:20,826 [INFO] scanner - ──────────────────────────────────────────────────
2026-05-01 16:08:20,826 [INFO] scanner - 处理标的: US.TT
2026-05-01 16:08:20,866 [INFO] scanner - [STEP1] 获取 US.TT 候选期权链…
2026-05-01 16:08:20,901 [INFO] option_chain_fetcher - [US.TT] 4 个到期日 → 4 批次调用
2026-05-01 16:08:21,351 [WARNING] rate_limiter - [_call] 第 1/5 次失败: 获取期权链频率太高，请求失败，每30秒最多10次。，5.0s 后重试…
2026-05-01 16:08:26,353 [WARNING] rate_limiter - [_call] 第 2/5 次失败: 获取期权链频率太高，请求失败，每30秒最多10次。，10.0s 后重试…
2026-05-01 16:08:36,355 [WARNING] rate_limiter - [_call] 第 3/5 次失败: 获取期权链频率太高，请求失败，每30秒最多10次。，20.0s 后重试…
2026-05-01 16:08:57,619 [INFO] option_chain_fetcher - [US.TT] 候选合约共 4 个
2026-05-01 16:08:57,619 [INFO] scanner - [STEP1] US.TT: 候选合约 4 个
2026-05-01 16:08:57,619 [INFO] scanner - [STEP2] 获取 4 个合约快照…
2026-05-01 16:08:57,688 [INFO] snapshot_fetcher - 快照获取完成：4/4 个合约
2026-05-01 16:08:57,689 [INFO] scanner - [STEP2] 成功获取 4 条快照
2026-05-01 16:08:57,690 [INFO] scanner - [STEP3] 对 US.TT 执行异常检测…
2026-05-01 16:08:57,693 [INFO] anomaly_detector - 发现异常合约 2 个
2026-05-01 16:08:57,696 [INFO] anomaly_detector - 已追加写入 2 条异常记录 → .\filter_data\anomaly_results2026-05-01.csv
2026-05-01 16:08:57,697 [INFO] checkpoint - 读取断点缓存：已完成 485 个标的
2026-05-01 16:08:57,698 [INFO] scanner - [487/527] US.TTD  完成率 92%  预计剩余 9m40s
2026-05-01 16:08:57,699 [INFO] scanner - ──────────────────────────────────────────────────
2026-05-01 16:08:57,699 [INFO] scanner - 处理标的: US.TTD
2026-05-01 16:08:57,741 [INFO] scanner - [STEP1] 获取 US.TTD 候选期权链…
2026-05-01 16:08:57,777 [INFO] option_chain_fetcher - [US.TTD] 12 个到期日 → 5 批次调用
2026-05-01 16:09:00,020 [INFO] option_chain_fetcher - [US.TTD] 候选合约共 29 个
2026-05-01 16:09:00,020 [INFO] scanner - [STEP1] US.TTD: 候选合约 29 个
2026-05-01 16:09:00,020 [INFO] scanner - [STEP2] 获取 29 个合约快照…
2026-05-01 16:09:00,092 [INFO] snapshot_fetcher - 快照获取完成：29/29 个合约
2026-05-01 16:09:00,093 [INFO] scanner - [STEP2] 成功获取 29 条快照
2026-05-01 16:09:00,094 [INFO] scanner - [STEP3] 对 US.TTD 执行异常检测…
2026-05-01 16:09:00,095 [INFO] anomaly_detector - 发现异常合约 1 个
2026-05-01 16:09:00,096 [INFO] anomaly_detector - 已追加写入 1 条异常记录 → .\filter_data\anomaly_results2026-05-01.csv
2026-05-01 16:09:00,097 [INFO] checkpoint - 读取断点缓存：已完成 486 个标的
2026-05-01 16:09:00,097 [INFO] scanner - [488/527] US.TXT  完成率 93%  预计剩余 9m25s
2026-05-01 16:09:00,097 [INFO] scanner - ──────────────────────────────────────────────────
2026-05-01 16:09:00,097 [INFO] scanner - 处理标的: US.TXT
2026-05-01 16:09:00,137 [INFO] scanner - [STEP1] 获取 US.TXT 候选期权链…
2026-05-01 16:09:00,172 [INFO] option_chain_fetcher - [US.TXT] 5 个到期日 → 4 批次调用
2026-05-01 16:09:00,995 [WARNING] rate_limiter - [_call] 第 1/5 次失败: 获取期权链频率太高，请求失败，每30秒最多10次。，5.0s 后重试…
2026-05-01 16:09:05,997 [WARNING] rate_limiter - [_call] 第 2/5 次失败: 获取期权链频率太高，请求失败，每30秒最多10次。，10.0s 后重试…
2026-05-01 16:09:15,999 [WARNING] rate_limiter - [_call] 第 3/5 次失败: 获取期权链频率太高，请求失败，每30秒最多10次。，20.0s 后重试…
2026-05-01 16:09:36,815 [INFO] option_chain_fetcher - [US.TXT] 候选合约共 2 个
2026-05-01 16:09:36,815 [INFO] scanner - [STEP1] US.TXT: 候选合约 2 个
2026-05-01 16:09:36,815 [INFO] scanner - [STEP2] 获取 2 个合约快照…
2026-05-01 16:09:36,880 [INFO] snapshot_fetcher - 快照获取完成：2/2 个合约
2026-05-01 16:09:36,881 [INFO] scanner - [STEP2] 成功获取 2 条快照
2026-05-01 16:09:36,881 [INFO] scanner - [STEP3] 对 US.TXT 执行异常检测…
2026-05-01 16:09:36,882 [INFO] anomaly_detector - 本批次无异常合约
2026-05-01 16:09:36,883 [INFO] checkpoint - 读取断点缓存：已完成 487 个标的
2026-05-01 16:09:36,883 [INFO] scanner - [489/527] US.TYL  完成率 93%  预计剩余 9m13s
2026-05-01 16:09:36,883 [INFO] scanner - ──────────────────────────────────────────────────
2026-05-01 16:09:36,883 [INFO] scanner - 处理标的: US.TYL
2026-05-01 16:09:36,922 [INFO] scanner - [STEP1] 获取 US.TYL 候选期权链…
2026-05-01 16:09:36,958 [INFO] option_chain_fetcher - [US.TYL] 3 个到期日 → 3 批次调用
2026-05-01 16:09:38,099 [INFO] option_chain_fetcher - [US.TYL] 候选合约共 0 个
2026-05-01 16:09:38,099 [INFO] scanner - [STEP1] US.TYL: 候选合约 0 个
2026-05-01 16:09:38,099 [INFO] scanner - [STEP2] 获取 0 个合约快照…
2026-05-01 16:09:38,099 [WARNING] scanner - [STEP2] 合约列表为空，跳过
2026-05-01 16:09:38,100 [ERROR] scanner - [US.TYL] 处理异常: 'option_type'
2026-05-01 16:09:38,100 [ERROR] scanner - Traceback (most recent call last):
  File "C:\Users\Administrator\AppData\Local\Programs\Python\Python312\Lib\site-packages\pandas\core\indexes\base.py", line 3641, in get_loc
    return self._engine.get_loc(casted_key)
           ^^^^^^^^^^^^^^^^^^^^^^^^^^^^^^^^
  File "pandas/_libs/index.pyx", line 168, in pandas._libs.index.IndexEngine.get_loc
  File "pandas/_libs/index.pyx", line 197, in pandas._libs.index.IndexEngine.get_loc
  File "pandas/_libs/hashtable_class_helper.pxi", line 7668, in pandas._libs.hashtable.PyObjectHashTable.get_item
  File "pandas/_libs/hashtable_class_helper.pxi", line 7676, in pandas._libs.hashtable.PyObjectHashTable.get_item
KeyError: 'option_type'

The above exception was the direct cause of the following exception:

Traceback (most recent call last):
  File "<input>", line 170, in step_run_single
  File "C:\Users\Administrator\AppData\Local\Programs\Python\Python312\Lib\site-packages\pandas\core\frame.py", line 4378, in __getitem__
    indexer = self.columns.get_loc(key)
              ^^^^^^^^^^^^^^^^^^^^^^^^^
  File "C:\Users\Administrator\AppData\Local\Programs\Python\Python312\Lib\site-packages\pandas\core\indexes\base.py", line 3648, in get_loc
    raise KeyError(key) from err
KeyError: 'option_type'

2026-05-01 16:09:38,101 [INFO] checkpoint - 读取断点缓存：已完成 488 个标的
2026-05-01 16:09:38,101 [INFO] scanner - [490/527] US.UAL  完成率 93%  预计剩余 8m57s
2026-05-01 16:09:38,101 [INFO] scanner - ──────────────────────────────────────────────────
2026-05-01 16:09:38,101 [INFO] scanner - 处理标的: US.UAL
2026-05-01 16:09:38,142 [INFO] scanner - [STEP1] 获取 US.UAL 候选期权链…
2026-05-01 16:09:38,177 [INFO] option_chain_fetcher - [US.UAL] 13 个到期日 → 6 批次调用
2026-05-01 16:09:40,489 [WARNING] rate_limiter - [_call] 第 1/5 次失败: 获取期权链频率太高，请求失败，每30秒最多10次。，5.0s 后重试…
2026-05-01 16:09:45,493 [WARNING] rate_limiter - [_call] 第 2/5 次失败: 获取期权链频率太高，请求失败，每30秒最多10次。，10.0s 后重试…
2026-05-01 16:09:55,494 [WARNING] rate_limiter - [_call] 第 3/5 次失败: 获取期权链频率太高，请求失败，每30秒最多10次。，20.0s 后重试…
2026-05-01 16:10:15,872 [INFO] option_chain_fetcher - [US.UAL] 候选合约共 17 个
2026-05-01 16:10:15,872 [INFO] scanner - [STEP1] US.UAL: 候选合约 17 个
2026-05-01 16:10:15,872 [INFO] scanner - [STEP2] 获取 17 个合约快照…
2026-05-01 16:10:15,947 [INFO] snapshot_fetcher - 快照获取完成：17/17 个合约
2026-05-01 16:10:15,948 [INFO] scanner - [STEP2] 成功获取 17 条快照
2026-05-01 16:10:15,949 [INFO] scanner - [STEP3] 对 US.UAL 执行异常检测…
2026-05-01 16:10:15,950 [INFO] anomaly_detector - 本批次无异常合约
2026-05-01 16:10:15,950 [INFO] checkpoint - 读取断点缓存：已完成 489 个标的
2026-05-01 16:10:15,951 [INFO] scanner - [491/527] US.UBER  完成率 93%  预计剩余 8m45s
2026-05-01 16:10:15,952 [INFO] scanner - ──────────────────────────────────────────────────
2026-05-01 16:10:15,952 [INFO] scanner - 处理标的: US.UBER
2026-05-01 16:10:15,990 [INFO] scanner - [STEP1] 获取 US.UBER 候选期权链…
2026-05-01 16:10:16,026 [INFO] option_chain_fetcher - [US.UBER] 12 个到期日 → 5 批次调用
2026-05-01 16:10:18,388 [INFO] option_chain_fetcher - [US.UBER] 候选合约共 51 个
2026-05-01 16:10:18,388 [INFO] scanner - [STEP1] US.UBER: 候选合约 51 个
2026-05-01 16:10:18,388 [INFO] scanner - [STEP2] 获取 51 个合约快照…
2026-05-01 16:10:18,499 [INFO] snapshot_fetcher - 快照获取完成：51/51 个合约
2026-05-01 16:10:18,500 [INFO] scanner - [STEP2] 成功获取 51 条快照
2026-05-01 16:10:18,501 [INFO] scanner - [STEP3] 对 US.UBER 执行异常检测…
2026-05-01 16:10:18,501 [INFO] anomaly_detector - 本批次无异常合约
2026-05-01 16:10:18,502 [INFO] checkpoint - 读取断点缓存：已完成 490 个标的
2026-05-01 16:10:18,502 [INFO] scanner - [492/527] US.UDR  完成率 93%  预计剩余 8m30s
2026-05-01 16:10:18,502 [INFO] scanner - ──────────────────────────────────────────────────
2026-05-01 16:10:18,502 [INFO] scanner - 处理标的: US.UDR
2026-05-01 16:10:18,568 [INFO] scanner - US.UDR 市值过大，pass
2026-05-01 16:10:18,568 [INFO] scanner - [STEP2] 获取 0 个合约快照…
2026-05-01 16:10:18,568 [WARNING] scanner - [STEP2] 合约列表为空，跳过
2026-05-01 16:10:18,568 [ERROR] scanner - [US.UDR] 处理异常: 'option_type'
2026-05-01 16:10:18,569 [ERROR] scanner - Traceback (most recent call last):
  File "C:\Users\Administrator\AppData\Local\Programs\Python\Python312\Lib\site-packages\pandas\core\indexes\base.py", line 3641, in get_loc
    return self._engine.get_loc(casted_key)
           ^^^^^^^^^^^^^^^^^^^^^^^^^^^^^^^^
  File "pandas/_libs/index.pyx", line 168, in pandas._libs.index.IndexEngine.get_loc
  File "pandas/_libs/index.pyx", line 197, in pandas._libs.index.IndexEngine.get_loc
  File "pandas/_libs/hashtable_class_helper.pxi", line 7668, in pandas._libs.hashtable.PyObjectHashTable.get_item
  File "pandas/_libs/hashtable_class_helper.pxi", line 7676, in pandas._libs.hashtable.PyObjectHashTable.get_item
KeyError: 'option_type'

The above exception was the direct cause of the following exception:

Traceback (most recent call last):
  File "<input>", line 170, in step_run_single
  File "C:\Users\Administrator\AppData\Local\Programs\Python\Python312\Lib\site-packages\pandas\core\frame.py", line 4378, in __getitem__
    indexer = self.columns.get_loc(key)
              ^^^^^^^^^^^^^^^^^^^^^^^^^
  File "C:\Users\Administrator\AppData\Local\Programs\Python\Python312\Lib\site-packages\pandas\core\indexes\base.py", line 3648, in get_loc
    raise KeyError(key) from err
KeyError: 'option_type'

2026-05-01 16:10:18,569 [INFO] checkpoint - 读取断点缓存：已完成 491 个标的
2026-05-01 16:10:18,570 [INFO] scanner - [493/527] US.UHS  完成率 94%  预计剩余 8m15s
2026-05-01 16:10:18,570 [INFO] scanner - ──────────────────────────────────────────────────
2026-05-01 16:10:18,570 [INFO] scanner - 处理标的: US.UHS
2026-05-01 16:10:18,609 [INFO] scanner - [STEP1] 获取 US.UHS 候选期权链…
2026-05-01 16:10:18,643 [INFO] option_chain_fetcher - [US.UHS] 4 个到期日 → 4 批次调用
2026-05-01 16:10:20,150 [INFO] option_chain_fetcher - [US.UHS] 候选合约共 0 个
2026-05-01 16:10:20,150 [INFO] scanner - [STEP1] US.UHS: 候选合约 0 个
2026-05-01 16:10:20,150 [INFO] scanner - [STEP2] 获取 0 个合约快照…
2026-05-01 16:10:20,150 [WARNING] scanner - [STEP2] 合约列表为空，跳过
2026-05-01 16:10:20,151 [ERROR] scanner - [US.UHS] 处理异常: 'option_type'
2026-05-01 16:10:20,151 [ERROR] scanner - Traceback (most recent call last):
  File "C:\Users\Administrator\AppData\Local\Programs\Python\Python312\Lib\site-packages\pandas\core\indexes\base.py", line 3641, in get_loc
    return self._engine.get_loc(casted_key)
           ^^^^^^^^^^^^^^^^^^^^^^^^^^^^^^^^
  File "pandas/_libs/index.pyx", line 168, in pandas._libs.index.IndexEngine.get_loc
  File "pandas/_libs/index.pyx", line 197, in pandas._libs.index.IndexEngine.get_loc
  File "pandas/_libs/hashtable_class_helper.pxi", line 7668, in pandas._libs.hashtable.PyObjectHashTable.get_item
  File "pandas/_libs/hashtable_class_helper.pxi", line 7676, in pandas._libs.hashtable.PyObjectHashTable.get_item
KeyError: 'option_type'

The above exception was the direct cause of the following exception:

Traceback (most recent call last):
  File "<input>", line 170, in step_run_single
  File "C:\Users\Administrator\AppData\Local\Programs\Python\Python312\Lib\site-packages\pandas\core\frame.py", line 4378, in __getitem__
    indexer = self.columns.get_loc(key)
              ^^^^^^^^^^^^^^^^^^^^^^^^^
  File "C:\Users\Administrator\AppData\Local\Programs\Python\Python312\Lib\site-packages\pandas\core\indexes\base.py", line 3648, in get_loc
    raise KeyError(key) from err
KeyError: 'option_type'

2026-05-01 16:10:20,152 [INFO] checkpoint - 读取断点缓存：已完成 492 个标的
2026-05-01 16:10:20,152 [INFO] scanner - [494/527] US.ULTA  完成率 94%  预计剩余 8m00s
2026-05-01 16:10:20,152 [INFO] scanner - ──────────────────────────────────────────────────
2026-05-01 16:10:20,152 [INFO] scanner - 处理标的: US.ULTA
2026-05-01 16:10:20,191 [INFO] scanner - [STEP1] 获取 US.ULTA 候选期权链…
2026-05-01 16:10:20,227 [INFO] option_chain_fetcher - [US.ULTA] 10 个到期日 → 4 批次调用
2026-05-01 16:10:20,229 [WARNING] rate_limiter - [_call] 第 1/5 次失败: 获取期权链频率太高，请求失败，每30秒最多10次。，5.0s 后重试…
2026-05-01 16:10:25,231 [WARNING] rate_limiter - [_call] 第 2/5 次失败: 获取期权链频率太高，请求失败，每30秒最多10次。，10.0s 后重试…
2026-05-01 16:10:35,234 [WARNING] rate_limiter - [_call] 第 3/5 次失败: 获取期权链频率太高，请求失败，每30秒最多10次。，20.0s 后重试…
2026-05-01 16:10:57,044 [INFO] option_chain_fetcher - [US.ULTA] 候选合约共 5 个
2026-05-01 16:10:57,044 [INFO] scanner - [STEP1] US.ULTA: 候选合约 5 个
2026-05-01 16:10:57,044 [INFO] scanner - [STEP2] 获取 5 个合约快照…
2026-05-01 16:10:57,107 [INFO] snapshot_fetcher - 快照获取完成：5/5 个合约
2026-05-01 16:10:57,108 [INFO] scanner - [STEP2] 成功获取 5 条快照
2026-05-01 16:10:57,108 [INFO] scanner - [STEP3] 对 US.ULTA 执行异常检测…
2026-05-01 16:10:57,110 [INFO] anomaly_detector - 发现异常合约 1 个
2026-05-01 16:10:57,112 [INFO] anomaly_detector - 已追加写入 1 条异常记录 → .\filter_data\anomaly_results2026-05-01.csv
2026-05-01 16:10:57,113 [INFO] checkpoint - 读取断点缓存：已完成 493 个标的
2026-05-01 16:10:57,113 [INFO] scanner - [495/527] US.UNP  完成率 94%  预计剩余 7m47s
2026-05-01 16:10:57,113 [INFO] scanner - ──────────────────────────────────────────────────
2026-05-01 16:10:57,113 [INFO] scanner - 处理标的: US.UNP
2026-05-01 16:10:57,154 [INFO] scanner - [STEP1] 获取 US.UNP 候选期权链…
2026-05-01 16:10:57,189 [INFO] option_chain_fetcher - [US.UNP] 12 个到期日 → 5 批次调用
2026-05-01 16:10:59,460 [INFO] option_chain_fetcher - [US.UNP] 候选合约共 3 个
2026-05-01 16:10:59,460 [INFO] scanner - [STEP1] US.UNP: 候选合约 3 个
2026-05-01 16:10:59,460 [INFO] scanner - [STEP2] 获取 3 个合约快照…
2026-05-01 16:10:59,527 [INFO] snapshot_fetcher - 快照获取完成：3/3 个合约
2026-05-01 16:10:59,528 [INFO] scanner - [STEP2] 成功获取 3 条快照
2026-05-01 16:10:59,529 [INFO] scanner - [STEP3] 对 US.UNP 执行异常检测…
2026-05-01 16:10:59,530 [INFO] anomaly_detector - 发现异常合约 1 个
2026-05-01 16:10:59,532 [INFO] anomaly_detector - 已追加写入 1 条异常记录 → .\filter_data\anomaly_results2026-05-01.csv
2026-05-01 16:10:59,532 [INFO] checkpoint - 读取断点缓存：已完成 494 个标的
2026-05-01 16:10:59,533 [INFO] scanner - [496/527] US.UPS  完成率 94%  预计剩余 7m32s
2026-05-01 16:10:59,533 [INFO] scanner - ──────────────────────────────────────────────────
2026-05-01 16:10:59,533 [INFO] scanner - 处理标的: US.UPS
2026-05-01 16:10:59,575 [INFO] scanner - [STEP1] 获取 US.UPS 候选期权链…
2026-05-01 16:10:59,612 [INFO] option_chain_fetcher - [US.UPS] 11 个到期日 → 4 批次调用
2026-05-01 16:11:00,169 [WARNING] rate_limiter - [_call] 第 1/5 次失败: 获取期权链频率太高，请求失败，每30秒最多10次。，5.0s 后重试…
2026-05-01 16:11:05,171 [WARNING] rate_limiter - [_call] 第 2/5 次失败: 获取期权链频率太高，请求失败，每30秒最多10次。，10.0s 后重试…
2026-05-01 16:11:15,172 [WARNING] rate_limiter - [_call] 第 3/5 次失败: 获取期权链频率太高，请求失败，每30秒最多10次。，20.0s 后重试…
2026-05-01 16:11:36,540 [INFO] option_chain_fetcher - [US.UPS] 候选合约共 13 个
2026-05-01 16:11:36,540 [INFO] scanner - [STEP1] US.UPS: 候选合约 13 个
2026-05-01 16:11:36,540 [INFO] scanner - [STEP2] 获取 13 个合约快照…
2026-05-01 16:11:36,609 [INFO] snapshot_fetcher - 快照获取完成：13/13 个合约
2026-05-01 16:11:36,610 [INFO] scanner - [STEP2] 成功获取 13 条快照
2026-05-01 16:11:36,611 [INFO] scanner - [STEP3] 对 US.UPS 执行异常检测…
2026-05-01 16:11:36,611 [INFO] anomaly_detector - 本批次无异常合约
2026-05-01 16:11:36,612 [INFO] checkpoint - 读取断点缓存：已完成 495 个标的
2026-05-01 16:11:36,612 [INFO] scanner - [497/527] US.URI  完成率 94%  预计剩余 7m20s
2026-05-01 16:11:36,612 [INFO] scanner - ──────────────────────────────────────────────────
2026-05-01 16:11:36,612 [INFO] scanner - 处理标的: US.URI
2026-05-01 16:11:36,649 [INFO] scanner - [STEP1] 获取 US.URI 候选期权链…
2026-05-01 16:11:36,684 [INFO] option_chain_fetcher - [US.URI] 9 个到期日 → 3 批次调用
2026-05-01 16:11:38,132 [INFO] option_chain_fetcher - [US.URI] 候选合约共 2 个
2026-05-01 16:11:38,132 [INFO] scanner - [STEP1] US.URI: 候选合约 2 个
2026-05-01 16:11:38,132 [INFO] scanner - [STEP2] 获取 2 个合约快照…
2026-05-01 16:11:38,198 [INFO] snapshot_fetcher - 快照获取完成：2/2 个合约
2026-05-01 16:11:38,199 [INFO] scanner - [STEP2] 成功获取 2 条快照
2026-05-01 16:11:38,199 [INFO] scanner - [STEP3] 对 US.URI 执行异常检测…
2026-05-01 16:11:38,200 [INFO] anomaly_detector - 发现异常合约 2 个
2026-05-01 16:11:38,202 [INFO] anomaly_detector - 已追加写入 2 条异常记录 → .\filter_data\anomaly_results2026-05-01.csv
2026-05-01 16:11:38,203 [INFO] checkpoint - 读取断点缓存：已完成 496 个标的
2026-05-01 16:11:38,203 [INFO] scanner - [498/527] US.USB  完成率 94%  预计剩余 7m05s
2026-05-01 16:11:38,203 [INFO] scanner - ──────────────────────────────────────────────────
2026-05-01 16:11:38,203 [INFO] scanner - 处理标的: US.USB
2026-05-01 16:11:38,239 [INFO] scanner - [STEP1] 获取 US.USB 候选期权链…
2026-05-01 16:11:38,274 [INFO] option_chain_fetcher - [US.USB] 10 个到期日 → 4 批次调用
2026-05-01 16:11:40,087 [INFO] option_chain_fetcher - [US.USB] 候选合约共 3 个
2026-05-01 16:11:40,087 [INFO] scanner - [STEP1] US.USB: 候选合约 3 个
2026-05-01 16:11:40,087 [INFO] scanner - [STEP2] 获取 3 个合约快照…
2026-05-01 16:11:40,158 [INFO] snapshot_fetcher - 快照获取完成：3/3 个合约
2026-05-01 16:11:40,159 [INFO] scanner - [STEP2] 成功获取 3 条快照
2026-05-01 16:11:40,161 [INFO] scanner - [STEP3] 对 US.USB 执行异常检测…
2026-05-01 16:11:40,163 [INFO] anomaly_detector - 本批次无异常合约
2026-05-01 16:11:40,164 [INFO] checkpoint - 读取断点缓存：已完成 497 个标的
2026-05-01 16:11:40,165 [INFO] scanner - [499/527] US.VICI  完成率 95%  预计剩余 6m50s
2026-05-01 16:11:40,165 [INFO] scanner - ──────────────────────────────────────────────────
2026-05-01 16:11:40,165 [INFO] scanner - 处理标的: US.VICI
2026-05-01 16:11:40,205 [INFO] scanner - US.VICI 市值过大，pass
2026-05-01 16:11:40,205 [INFO] scanner - [STEP2] 获取 0 个合约快照…
2026-05-01 16:11:40,205 [WARNING] scanner - [STEP2] 合约列表为空，跳过
2026-05-01 16:11:40,206 [ERROR] scanner - [US.VICI] 处理异常: 'option_type'
2026-05-01 16:11:40,206 [ERROR] scanner - Traceback (most recent call last):
  File "C:\Users\Administrator\AppData\Local\Programs\Python\Python312\Lib\site-packages\pandas\core\indexes\base.py", line 3641, in get_loc
    return self._engine.get_loc(casted_key)
           ^^^^^^^^^^^^^^^^^^^^^^^^^^^^^^^^
  File "pandas/_libs/index.pyx", line 168, in pandas._libs.index.IndexEngine.get_loc
  File "pandas/_libs/index.pyx", line 197, in pandas._libs.index.IndexEngine.get_loc
  File "pandas/_libs/hashtable_class_helper.pxi", line 7668, in pandas._libs.hashtable.PyObjectHashTable.get_item
  File "pandas/_libs/hashtable_class_helper.pxi", line 7676, in pandas._libs.hashtable.PyObjectHashTable.get_item
KeyError: 'option_type'

The above exception was the direct cause of the following exception:

Traceback (most recent call last):
  File "<input>", line 170, in step_run_single
  File "C:\Users\Administrator\AppData\Local\Programs\Python\Python312\Lib\site-packages\pandas\core\frame.py", line 4378, in __getitem__
    indexer = self.columns.get_loc(key)
              ^^^^^^^^^^^^^^^^^^^^^^^^^
  File "C:\Users\Administrator\AppData\Local\Programs\Python\Python312\Lib\site-packages\pandas\core\indexes\base.py", line 3648, in get_loc
    raise KeyError(key) from err
KeyError: 'option_type'

2026-05-01 16:11:40,206 [INFO] checkpoint - 读取断点缓存：已完成 498 个标的
2026-05-01 16:11:40,207 [INFO] scanner - [500/527] US.VLO  完成率 95%  预计剩余 6m35s
2026-05-01 16:11:40,207 [INFO] scanner - ──────────────────────────────────────────────────
2026-05-01 16:11:40,207 [INFO] scanner - 处理标的: US.VLO
2026-05-01 16:11:40,245 [INFO] scanner - [STEP1] 获取 US.VLO 候选期权链…
2026-05-01 16:11:40,282 [INFO] option_chain_fetcher - [US.VLO] 9 个到期日 → 3 批次调用
2026-05-01 16:11:40,285 [WARNING] rate_limiter - [_call] 第 1/5 次失败: 获取期权链频率太高，请求失败，每30秒最多10次。，5.0s 后重试…
2026-05-01 16:11:45,287 [WARNING] rate_limiter - [_call] 第 2/5 次失败: 获取期权链频率太高，请求失败，每30秒最多10次。，10.0s 后重试…
2026-05-01 16:11:55,290 [WARNING] rate_limiter - [_call] 第 3/5 次失败: 获取期权链频率太高，请求失败，每30秒最多10次。，20.0s 后重试…
2026-05-01 16:12:16,746 [INFO] option_chain_fetcher - [US.VLO] 候选合约共 9 个
2026-05-01 16:12:16,746 [INFO] scanner - [STEP1] US.VLO: 候选合约 9 个
2026-05-01 16:12:16,746 [INFO] scanner - [STEP2] 获取 9 个合约快照…
2026-05-01 16:12:16,816 [INFO] snapshot_fetcher - 快照获取完成：9/9 个合约
2026-05-01 16:12:16,817 [INFO] scanner - [STEP2] 成功获取 9 条快照
2026-05-01 16:12:16,818 [INFO] scanner - [STEP3] 对 US.VLO 执行异常检测…
2026-05-01 16:12:16,819 [INFO] anomaly_detector - 发现异常合约 2 个
2026-05-01 16:12:16,821 [INFO] anomaly_detector - 已追加写入 2 条异常记录 → .\filter_data\anomaly_results2026-05-01.csv
2026-05-01 16:12:16,821 [INFO] checkpoint - 读取断点缓存：已完成 499 个标的
2026-05-01 16:12:16,822 [INFO] scanner - [501/527] US.VLTO  完成率 95%  预计剩余 6m22s
2026-05-01 16:12:16,822 [INFO] scanner - ──────────────────────────────────────────────────
2026-05-01 16:12:16,822 [INFO] scanner - 处理标的: US.VLTO
2026-05-01 16:12:16,887 [INFO] scanner - [STEP1] 获取 US.VLTO 候选期权链…
2026-05-01 16:12:16,924 [INFO] option_chain_fetcher - [US.VLTO] 4 个到期日 → 4 批次调用
2026-05-01 16:12:18,503 [INFO] option_chain_fetcher - [US.VLTO] 候选合约共 1 个
2026-05-01 16:12:18,503 [INFO] scanner - [STEP1] US.VLTO: 候选合约 1 个
2026-05-01 16:12:18,503 [INFO] scanner - [STEP2] 获取 1 个合约快照…
2026-05-01 16:12:18,570 [INFO] snapshot_fetcher - 快照获取完成：1/1 个合约
2026-05-01 16:12:18,571 [INFO] scanner - [STEP2] 成功获取 1 条快照
2026-05-01 16:12:18,571 [INFO] scanner - [STEP3] 对 US.VLTO 执行异常检测…
2026-05-01 16:12:18,572 [INFO] anomaly_detector - 本批次无异常合约
2026-05-01 16:12:18,573 [INFO] checkpoint - 读取断点缓存：已完成 500 个标的
2026-05-01 16:12:18,573 [INFO] scanner - [502/527] US.VMC  完成率 95%  预计剩余 6m07s
2026-05-01 16:12:18,573 [INFO] scanner - ──────────────────────────────────────────────────
2026-05-01 16:12:18,574 [INFO] scanner - 处理标的: US.VMC
2026-05-01 16:12:18,613 [INFO] scanner - [STEP1] 获取 US.VMC 候选期权链…
2026-05-01 16:12:18,647 [INFO] option_chain_fetcher - [US.VMC] 4 个到期日 → 4 批次调用
2026-05-01 16:12:19,784 [WARNING] rate_limiter - [_call] 第 1/5 次失败: 获取期权链频率太高，请求失败，每30秒最多10次。，5.0s 后重试…
2026-05-01 16:12:24,786 [WARNING] rate_limiter - [_call] 第 2/5 次失败: 获取期权链频率太高，请求失败，每30秒最多10次。，10.0s 后重试…
2026-05-01 16:12:34,788 [WARNING] rate_limiter - [_call] 第 3/5 次失败: 获取期权链频率太高，请求失败，每30秒最多10次。，20.0s 后重试…
2026-05-01 16:12:55,173 [INFO] option_chain_fetcher - [US.VMC] 候选合约共 0 个
2026-05-01 16:12:55,173 [INFO] scanner - [STEP1] US.VMC: 候选合约 0 个
2026-05-01 16:12:55,173 [INFO] scanner - [STEP2] 获取 0 个合约快照…
2026-05-01 16:12:55,173 [WARNING] scanner - [STEP2] 合约列表为空，跳过
2026-05-01 16:12:55,173 [ERROR] scanner - [US.VMC] 处理异常: 'option_type'
2026-05-01 16:12:55,174 [ERROR] scanner - Traceback (most recent call last):
  File "C:\Users\Administrator\AppData\Local\Programs\Python\Python312\Lib\site-packages\pandas\core\indexes\base.py", line 3641, in get_loc
    return self._engine.get_loc(casted_key)
           ^^^^^^^^^^^^^^^^^^^^^^^^^^^^^^^^
  File "pandas/_libs/index.pyx", line 168, in pandas._libs.index.IndexEngine.get_loc
  File "pandas/_libs/index.pyx", line 197, in pandas._libs.index.IndexEngine.get_loc
  File "pandas/_libs/hashtable_class_helper.pxi", line 7668, in pandas._libs.hashtable.PyObjectHashTable.get_item
  File "pandas/_libs/hashtable_class_helper.pxi", line 7676, in pandas._libs.hashtable.PyObjectHashTable.get_item
KeyError: 'option_type'

The above exception was the direct cause of the following exception:

Traceback (most recent call last):
  File "<input>", line 170, in step_run_single
  File "C:\Users\Administrator\AppData\Local\Programs\Python\Python312\Lib\site-packages\pandas\core\frame.py", line 4378, in __getitem__
    indexer = self.columns.get_loc(key)
              ^^^^^^^^^^^^^^^^^^^^^^^^^
  File "C:\Users\Administrator\AppData\Local\Programs\Python\Python312\Lib\site-packages\pandas\core\indexes\base.py", line 3648, in get_loc
    raise KeyError(key) from err
KeyError: 'option_type'

2026-05-01 16:12:55,175 [INFO] checkpoint - 读取断点缓存：已完成 501 个标的
2026-05-01 16:12:55,175 [INFO] scanner - [503/527] US.VRSN  完成率 95%  预计剩余 5m54s
2026-05-01 16:12:55,175 [INFO] scanner - ──────────────────────────────────────────────────
2026-05-01 16:12:55,175 [INFO] scanner - 处理标的: US.VRSN
2026-05-01 16:12:55,216 [INFO] scanner - [STEP1] 获取 US.VRSN 候选期权链…
2026-05-01 16:12:55,251 [INFO] option_chain_fetcher - [US.VRSN] 6 个到期日 → 5 批次调用
2026-05-01 16:12:57,196 [INFO] option_chain_fetcher - [US.VRSN] 候选合约共 0 个
2026-05-01 16:12:57,196 [INFO] scanner - [STEP1] US.VRSN: 候选合约 0 个
2026-05-01 16:12:57,196 [INFO] scanner - [STEP2] 获取 0 个合约快照…
2026-05-01 16:12:57,196 [WARNING] scanner - [STEP2] 合约列表为空，跳过
2026-05-01 16:12:57,197 [ERROR] scanner - [US.VRSN] 处理异常: 'option_type'
2026-05-01 16:12:57,198 [ERROR] scanner - Traceback (most recent call last):
  File "C:\Users\Administrator\AppData\Local\Programs\Python\Python312\Lib\site-packages\pandas\core\indexes\base.py", line 3641, in get_loc
    return self._engine.get_loc(casted_key)
           ^^^^^^^^^^^^^^^^^^^^^^^^^^^^^^^^
  File "pandas/_libs/index.pyx", line 168, in pandas._libs.index.IndexEngine.get_loc
  File "pandas/_libs/index.pyx", line 197, in pandas._libs.index.IndexEngine.get_loc
  File "pandas/_libs/hashtable_class_helper.pxi", line 7668, in pandas._libs.hashtable.PyObjectHashTable.get_item
  File "pandas/_libs/hashtable_class_helper.pxi", line 7676, in pandas._libs.hashtable.PyObjectHashTable.get_item
KeyError: 'option_type'

The above exception was the direct cause of the following exception:

Traceback (most recent call last):
  File "<input>", line 170, in step_run_single
  File "C:\Users\Administrator\AppData\Local\Programs\Python\Python312\Lib\site-packages\pandas\core\frame.py", line 4378, in __getitem__
    indexer = self.columns.get_loc(key)
              ^^^^^^^^^^^^^^^^^^^^^^^^^
  File "C:\Users\Administrator\AppData\Local\Programs\Python\Python312\Lib\site-packages\pandas\core\indexes\base.py", line 3648, in get_loc
    raise KeyError(key) from err
KeyError: 'option_type'

2026-05-01 16:12:57,199 [INFO] checkpoint - 读取断点缓存：已完成 502 个标的
2026-05-01 16:12:57,200 [INFO] scanner - [504/527] US.VRT  完成率 96%  预计剩余 5m39s
2026-05-01 16:12:57,200 [INFO] scanner - ──────────────────────────────────────────────────
2026-05-01 16:12:57,200 [INFO] scanner - 处理标的: US.VRT
2026-05-01 16:12:57,243 [INFO] scanner - [STEP1] 获取 US.VRT 候选期权链…
2026-05-01 16:12:57,281 [INFO] option_chain_fetcher - [US.VRT] 13 个到期日 → 6 批次调用
2026-05-01 16:12:59,263 [WARNING] rate_limiter - [_call] 第 1/5 次失败: 获取期权链频率太高，请求失败，每30秒最多10次。，5.0s 后重试…
2026-05-01 16:13:04,265 [WARNING] rate_limiter - [_call] 第 2/5 次失败: 获取期权链频率太高，请求失败，每30秒最多10次。，10.0s 后重试…
2026-05-01 16:13:14,268 [WARNING] rate_limiter - [_call] 第 3/5 次失败: 获取期权链频率太高，请求失败，每30秒最多10次。，20.0s 后重试…
2026-05-01 16:13:35,047 [INFO] option_chain_fetcher - [US.VRT] 候选合约共 39 个
2026-05-01 16:13:35,047 [INFO] scanner - [STEP1] US.VRT: 候选合约 39 个
2026-05-01 16:13:35,047 [INFO] scanner - [STEP2] 获取 39 个合约快照…
2026-05-01 16:13:35,161 [INFO] snapshot_fetcher - 快照获取完成：39/39 个合约
2026-05-01 16:13:35,161 [INFO] scanner - [STEP2] 成功获取 39 条快照
2026-05-01 16:13:35,162 [INFO] scanner - [STEP3] 对 US.VRT 执行异常检测…
2026-05-01 16:13:35,164 [INFO] anomaly_detector - 发现异常合约 11 个
2026-05-01 16:13:35,165 [INFO] anomaly_detector - 已追加写入 11 条异常记录 → .\filter_data\anomaly_results2026-05-01.csv
2026-05-01 16:13:35,166 [INFO] checkpoint - 读取断点缓存：已完成 503 个标的
2026-05-01 16:13:35,166 [INFO] scanner - [505/527] US.VST  完成率 96%  预计剩余 5m26s
2026-05-01 16:13:35,166 [INFO] scanner - ──────────────────────────────────────────────────
2026-05-01 16:13:35,166 [INFO] scanner - 处理标的: US.VST
2026-05-01 16:13:35,205 [INFO] scanner - [STEP1] 获取 US.VST 候选期权链…
2026-05-01 16:13:35,241 [INFO] option_chain_fetcher - [US.VST] 12 个到期日 → 5 批次调用
2026-05-01 16:13:37,453 [INFO] option_chain_fetcher - [US.VST] 候选合约共 16 个
2026-05-01 16:13:37,453 [INFO] scanner - [STEP1] US.VST: 候选合约 16 个
2026-05-01 16:13:37,453 [INFO] scanner - [STEP2] 获取 16 个合约快照…
2026-05-01 16:13:37,529 [INFO] snapshot_fetcher - 快照获取完成：16/16 个合约
2026-05-01 16:13:37,530 [INFO] scanner - [STEP2] 成功获取 16 条快照
2026-05-01 16:13:37,532 [INFO] scanner - [STEP3] 对 US.VST 执行异常检测…
2026-05-01 16:13:37,536 [INFO] anomaly_detector - 发现异常合约 1 个
2026-05-01 16:13:37,539 [INFO] anomaly_detector - 已追加写入 1 条异常记录 → .\filter_data\anomaly_results2026-05-01.csv
2026-05-01 16:13:37,540 [INFO] checkpoint - 读取断点缓存：已完成 504 个标的
2026-05-01 16:13:37,541 [INFO] scanner - [506/527] US.VTR  完成率 96%  预计剩余 5m11s
2026-05-01 16:13:37,541 [INFO] scanner - ──────────────────────────────────────────────────
2026-05-01 16:13:37,541 [INFO] scanner - 处理标的: US.VTR
2026-05-01 16:13:37,583 [INFO] scanner - US.VTR 市值过大，pass
2026-05-01 16:13:37,583 [INFO] scanner - [STEP2] 获取 0 个合约快照…
2026-05-01 16:13:37,583 [WARNING] scanner - [STEP2] 合约列表为空，跳过
2026-05-01 16:13:37,583 [ERROR] scanner - [US.VTR] 处理异常: 'option_type'
2026-05-01 16:13:37,584 [ERROR] scanner - Traceback (most recent call last):
  File "C:\Users\Administrator\AppData\Local\Programs\Python\Python312\Lib\site-packages\pandas\core\indexes\base.py", line 3641, in get_loc
    return self._engine.get_loc(casted_key)
           ^^^^^^^^^^^^^^^^^^^^^^^^^^^^^^^^
  File "pandas/_libs/index.pyx", line 168, in pandas._libs.index.IndexEngine.get_loc
  File "pandas/_libs/index.pyx", line 197, in pandas._libs.index.IndexEngine.get_loc
  File "pandas/_libs/hashtable_class_helper.pxi", line 7668, in pandas._libs.hashtable.PyObjectHashTable.get_item
  File "pandas/_libs/hashtable_class_helper.pxi", line 7676, in pandas._libs.hashtable.PyObjectHashTable.get_item
KeyError: 'option_type'

The above exception was the direct cause of the following exception:

Traceback (most recent call last):
  File "<input>", line 170, in step_run_single
  File "C:\Users\Administrator\AppData\Local\Programs\Python\Python312\Lib\site-packages\pandas\core\frame.py", line 4378, in __getitem__
    indexer = self.columns.get_loc(key)
              ^^^^^^^^^^^^^^^^^^^^^^^^^
  File "C:\Users\Administrator\AppData\Local\Programs\Python\Python312\Lib\site-packages\pandas\core\indexes\base.py", line 3648, in get_loc
    raise KeyError(key) from err
KeyError: 'option_type'

2026-05-01 16:13:37,584 [INFO] checkpoint - 读取断点缓存：已完成 505 个标的
2026-05-01 16:13:37,585 [INFO] scanner - [507/527] US.VTRS  完成率 96%  预计剩余 4m57s
2026-05-01 16:13:37,585 [INFO] scanner - ──────────────────────────────────────────────────
2026-05-01 16:13:37,585 [INFO] scanner - 处理标的: US.VTRS
2026-05-01 16:13:37,625 [INFO] scanner - [STEP1] 获取 US.VTRS 候选期权链…
2026-05-01 16:13:37,665 [INFO] option_chain_fetcher - [US.VTRS] 4 个到期日 → 4 批次调用
2026-05-01 16:13:38,800 [WARNING] rate_limiter - [_call] 第 1/5 次失败: 获取期权链频率太高，请求失败，每30秒最多10次。，5.0s 后重试…
2026-05-01 16:13:43,802 [WARNING] rate_limiter - [_call] 第 2/5 次失败: 获取期权链频率太高，请求失败，每30秒最多10次。，10.0s 后重试…
2026-05-01 16:13:53,805 [WARNING] rate_limiter - [_call] 第 3/5 次失败: 获取期权链频率太高，请求失败，每30秒最多10次。，20.0s 后重试…
2026-05-01 16:14:14,184 [INFO] option_chain_fetcher - [US.VTRS] 候选合约共 1 个
2026-05-01 16:14:14,184 [INFO] scanner - [STEP1] US.VTRS: 候选合约 1 个
2026-05-01 16:14:14,184 [INFO] scanner - [STEP2] 获取 1 个合约快照…
2026-05-01 16:14:14,251 [INFO] snapshot_fetcher - 快照获取完成：1/1 个合约
2026-05-01 16:14:14,252 [INFO] scanner - [STEP2] 成功获取 1 条快照
2026-05-01 16:14:14,255 [INFO] scanner - [STEP3] 对 US.VTRS 执行异常检测…
2026-05-01 16:14:14,257 [INFO] anomaly_detector - 本批次无异常合约
2026-05-01 16:14:14,258 [INFO] checkpoint - 读取断点缓存：已完成 506 个标的
2026-05-01 16:14:14,259 [INFO] scanner - [508/527] US.WAB  完成率 96%  预计剩余 4m43s
2026-05-01 16:14:14,259 [INFO] scanner - ──────────────────────────────────────────────────
2026-05-01 16:14:14,259 [INFO] scanner - 处理标的: US.WAB
2026-05-01 16:14:14,329 [INFO] scanner - [STEP1] 获取 US.WAB 候选期权链…
2026-05-01 16:14:14,378 [INFO] option_chain_fetcher - [US.WAB] 4 个到期日 → 4 批次调用
2026-05-01 16:14:15,902 [INFO] option_chain_fetcher - [US.WAB] 候选合约共 0 个
2026-05-01 16:14:15,902 [INFO] scanner - [STEP1] US.WAB: 候选合约 0 个
2026-05-01 16:14:15,902 [INFO] scanner - [STEP2] 获取 0 个合约快照…
2026-05-01 16:14:15,902 [WARNING] scanner - [STEP2] 合约列表为空，跳过
2026-05-01 16:14:15,902 [ERROR] scanner - [US.WAB] 处理异常: 'option_type'
2026-05-01 16:14:15,903 [ERROR] scanner - Traceback (most recent call last):
  File "C:\Users\Administrator\AppData\Local\Programs\Python\Python312\Lib\site-packages\pandas\core\indexes\base.py", line 3641, in get_loc
    return self._engine.get_loc(casted_key)
           ^^^^^^^^^^^^^^^^^^^^^^^^^^^^^^^^
  File "pandas/_libs/index.pyx", line 168, in pandas._libs.index.IndexEngine.get_loc
  File "pandas/_libs/index.pyx", line 197, in pandas._libs.index.IndexEngine.get_loc
  File "pandas/_libs/hashtable_class_helper.pxi", line 7668, in pandas._libs.hashtable.PyObjectHashTable.get_item
  File "pandas/_libs/hashtable_class_helper.pxi", line 7676, in pandas._libs.hashtable.PyObjectHashTable.get_item
KeyError: 'option_type'

The above exception was the direct cause of the following exception:

Traceback (most recent call last):
  File "<input>", line 170, in step_run_single
  File "C:\Users\Administrator\AppData\Local\Programs\Python\Python312\Lib\site-packages\pandas\core\frame.py", line 4378, in __getitem__
    indexer = self.columns.get_loc(key)
              ^^^^^^^^^^^^^^^^^^^^^^^^^
  File "C:\Users\Administrator\AppData\Local\Programs\Python\Python312\Lib\site-packages\pandas\core\indexes\base.py", line 3648, in get_loc
    raise KeyError(key) from err
KeyError: 'option_type'

2026-05-01 16:14:15,903 [INFO] checkpoint - 读取断点缓存：已完成 507 个标的
2026-05-01 16:14:15,904 [INFO] scanner - [509/527] US.WAT  完成率 97%  预计剩余 4m29s
2026-05-01 16:14:15,904 [INFO] scanner - ──────────────────────────────────────────────────
2026-05-01 16:14:15,904 [INFO] scanner - 处理标的: US.WAT
2026-05-01 16:14:15,943 [INFO] scanner - [STEP1] 获取 US.WAT 候选期权链…
2026-05-01 16:14:15,978 [INFO] option_chain_fetcher - [US.WAT] 4 个到期日 → 4 批次调用
2026-05-01 16:14:17,499 [INFO] option_chain_fetcher - [US.WAT] 候选合约共 0 个
2026-05-01 16:14:17,499 [INFO] scanner - [STEP1] US.WAT: 候选合约 0 个
2026-05-01 16:14:17,499 [INFO] scanner - [STEP2] 获取 0 个合约快照…
2026-05-01 16:14:17,499 [WARNING] scanner - [STEP2] 合约列表为空，跳过
2026-05-01 16:14:17,499 [ERROR] scanner - [US.WAT] 处理异常: 'option_type'
2026-05-01 16:14:17,501 [ERROR] scanner - Traceback (most recent call last):
  File "C:\Users\Administrator\AppData\Local\Programs\Python\Python312\Lib\site-packages\pandas\core\indexes\base.py", line 3641, in get_loc
    return self._engine.get_loc(casted_key)
           ^^^^^^^^^^^^^^^^^^^^^^^^^^^^^^^^
  File "pandas/_libs/index.pyx", line 168, in pandas._libs.index.IndexEngine.get_loc
  File "pandas/_libs/index.pyx", line 197, in pandas._libs.index.IndexEngine.get_loc
  File "pandas/_libs/hashtable_class_helper.pxi", line 7668, in pandas._libs.hashtable.PyObjectHashTable.get_item
  File "pandas/_libs/hashtable_class_helper.pxi", line 7676, in pandas._libs.hashtable.PyObjectHashTable.get_item
KeyError: 'option_type'

The above exception was the direct cause of the following exception:

Traceback (most recent call last):
  File "<input>", line 170, in step_run_single
  File "C:\Users\Administrator\AppData\Local\Programs\Python\Python312\Lib\site-packages\pandas\core\frame.py", line 4378, in __getitem__
    indexer = self.columns.get_loc(key)
              ^^^^^^^^^^^^^^^^^^^^^^^^^
  File "C:\Users\Administrator\AppData\Local\Programs\Python\Python312\Lib\site-packages\pandas\core\indexes\base.py", line 3648, in get_loc
    raise KeyError(key) from err
KeyError: 'option_type'

2026-05-01 16:14:17,501 [INFO] checkpoint - 读取断点缓存：已完成 508 个标的
2026-05-01 16:14:17,502 [INFO] scanner - [510/527] US.WEC  完成率 97%  预计剩余 4m14s
2026-05-01 16:14:17,502 [INFO] scanner - ──────────────────────────────────────────────────
2026-05-01 16:14:17,502 [INFO] scanner - 处理标的: US.WEC
2026-05-01 16:14:17,543 [INFO] scanner - [STEP1] 获取 US.WEC 候选期权链…
2026-05-01 16:14:17,579 [INFO] option_chain_fetcher - [US.WEC] 6 个到期日 → 6 批次调用
2026-05-01 16:14:17,959 [WARNING] rate_limiter - [_call] 第 1/5 次失败: 获取期权链频率太高，请求失败，每30秒最多10次。，5.0s 后重试…
2026-05-01 16:14:22,962 [WARNING] rate_limiter - [_call] 第 2/5 次失败: 获取期权链频率太高，请求失败，每30秒最多10次。，10.0s 后重试…
2026-05-01 16:14:32,965 [WARNING] rate_limiter - [_call] 第 3/5 次失败: 获取期权链频率太高，请求失败，每30秒最多10次。，20.0s 后重试…
2026-05-01 16:14:54,848 [INFO] option_chain_fetcher - [US.WEC] 候选合约共 0 个
2026-05-01 16:14:54,848 [INFO] scanner - [STEP1] US.WEC: 候选合约 0 个
2026-05-01 16:14:54,848 [INFO] scanner - [STEP2] 获取 0 个合约快照…
2026-05-01 16:14:54,848 [WARNING] scanner - [STEP2] 合约列表为空，跳过
2026-05-01 16:14:54,849 [ERROR] scanner - [US.WEC] 处理异常: 'option_type'
2026-05-01 16:14:54,850 [ERROR] scanner - Traceback (most recent call last):
  File "C:\Users\Administrator\AppData\Local\Programs\Python\Python312\Lib\site-packages\pandas\core\indexes\base.py", line 3641, in get_loc
    return self._engine.get_loc(casted_key)
           ^^^^^^^^^^^^^^^^^^^^^^^^^^^^^^^^
  File "pandas/_libs/index.pyx", line 168, in pandas._libs.index.IndexEngine.get_loc
  File "pandas/_libs/index.pyx", line 197, in pandas._libs.index.IndexEngine.get_loc
  File "pandas/_libs/hashtable_class_helper.pxi", line 7668, in pandas._libs.hashtable.PyObjectHashTable.get_item
  File "pandas/_libs/hashtable_class_helper.pxi", line 7676, in pandas._libs.hashtable.PyObjectHashTable.get_item
KeyError: 'option_type'

The above exception was the direct cause of the following exception:

Traceback (most recent call last):
  File "<input>", line 170, in step_run_single
  File "C:\Users\Administrator\AppData\Local\Programs\Python\Python312\Lib\site-packages\pandas\core\frame.py", line 4378, in __getitem__
    indexer = self.columns.get_loc(key)
              ^^^^^^^^^^^^^^^^^^^^^^^^^
  File "C:\Users\Administrator\AppData\Local\Programs\Python\Python312\Lib\site-packages\pandas\core\indexes\base.py", line 3648, in get_loc
    raise KeyError(key) from err
KeyError: 'option_type'

2026-05-01 16:14:54,851 [INFO] checkpoint - 读取断点缓存：已完成 509 个标的
2026-05-01 16:14:54,852 [INFO] scanner - [511/527] US.WELL  完成率 97%  预计剩余 4m01s
2026-05-01 16:14:54,852 [INFO] scanner - ──────────────────────────────────────────────────
2026-05-01 16:14:54,852 [INFO] scanner - 处理标的: US.WELL
2026-05-01 16:14:54,918 [INFO] scanner - [STEP1] 获取 US.WELL 候选期权链…
2026-05-01 16:14:54,955 [INFO] option_chain_fetcher - [US.WELL] 4 个到期日 → 4 批次调用
2026-05-01 16:14:56,547 [INFO] option_chain_fetcher - [US.WELL] 候选合约共 1 个
2026-05-01 16:14:56,547 [INFO] scanner - [STEP1] US.WELL: 候选合约 1 个
2026-05-01 16:14:56,547 [INFO] scanner - [STEP2] 获取 1 个合约快照…
2026-05-01 16:14:56,615 [INFO] snapshot_fetcher - 快照获取完成：1/1 个合约
2026-05-01 16:14:56,615 [INFO] scanner - [STEP2] 成功获取 1 条快照
2026-05-01 16:14:56,616 [INFO] scanner - [STEP3] 对 US.WELL 执行异常检测…
2026-05-01 16:14:56,617 [INFO] anomaly_detector - 本批次无异常合约
2026-05-01 16:14:56,617 [INFO] checkpoint - 读取断点缓存：已完成 510 个标的
2026-05-01 16:14:56,618 [INFO] scanner - [512/527] US.WFC  完成率 97%  预计剩余 3m46s
2026-05-01 16:14:56,618 [INFO] scanner - ──────────────────────────────────────────────────
2026-05-01 16:14:56,618 [INFO] scanner - 处理标的: US.WFC
2026-05-01 16:14:56,657 [INFO] scanner - [STEP1] 获取 US.WFC 候选期权链…
2026-05-01 16:14:56,693 [INFO] option_chain_fetcher - [US.WFC] 13 个到期日 → 6 批次调用
2026-05-01 16:14:57,263 [WARNING] rate_limiter - [_call] 第 1/5 次失败: 获取期权链频率太高，请求失败，每30秒最多10次。，5.0s 后重试…
2026-05-01 16:15:02,265 [WARNING] rate_limiter - [_call] 第 2/5 次失败: 获取期权链频率太高，请求失败，每30秒最多10次。，10.0s 后重试…
2026-05-01 16:15:12,266 [WARNING] rate_limiter - [_call] 第 3/5 次失败: 获取期权链频率太高，请求失败，每30秒最多10次。，20.0s 后重试…
2026-05-01 16:15:34,546 [INFO] option_chain_fetcher - [US.WFC] 候选合约共 29 个
2026-05-01 16:15:34,546 [INFO] scanner - [STEP1] US.WFC: 候选合约 29 个
2026-05-01 16:15:34,546 [INFO] scanner - [STEP2] 获取 29 个合约快照…
2026-05-01 16:15:34,678 [INFO] snapshot_fetcher - 快照获取完成：29/29 个合约
2026-05-01 16:15:34,679 [INFO] scanner - [STEP2] 成功获取 29 条快照
2026-05-01 16:15:34,680 [INFO] scanner - [STEP3] 对 US.WFC 执行异常检测…
2026-05-01 16:15:34,681 [INFO] anomaly_detector - 发现异常合约 1 个
2026-05-01 16:15:34,683 [INFO] anomaly_detector - 已追加写入 1 条异常记录 → .\filter_data\anomaly_results2026-05-01.csv
2026-05-01 16:15:34,684 [INFO] checkpoint - 读取断点缓存：已完成 511 个标的
2026-05-01 16:15:34,684 [INFO] scanner - [513/527] US.WM  完成率 97%  预计剩余 3m33s
2026-05-01 16:15:34,684 [INFO] scanner - ──────────────────────────────────────────────────
2026-05-01 16:15:34,684 [INFO] scanner - 处理标的: US.WM
2026-05-01 16:15:34,756 [INFO] scanner - [STEP1] 获取 US.WM 候选期权链…
2026-05-01 16:15:34,792 [INFO] option_chain_fetcher - [US.WM] 5 个到期日 → 4 批次调用
2026-05-01 16:15:36,351 [INFO] option_chain_fetcher - [US.WM] 候选合约共 1 个
2026-05-01 16:15:36,351 [INFO] scanner - [STEP1] US.WM: 候选合约 1 个
2026-05-01 16:15:36,351 [INFO] scanner - [STEP2] 获取 1 个合约快照…
2026-05-01 16:15:36,423 [INFO] snapshot_fetcher - 快照获取完成：1/1 个合约
2026-05-01 16:15:36,424 [INFO] scanner - [STEP2] 成功获取 1 条快照
2026-05-01 16:15:36,425 [INFO] scanner - [STEP3] 对 US.WM 执行异常检测…
2026-05-01 16:15:36,426 [INFO] anomaly_detector - 本批次无异常合约
2026-05-01 16:15:36,426 [INFO] checkpoint - 读取断点缓存：已完成 512 个标的
2026-05-01 16:15:36,427 [INFO] scanner - [514/527] US.WMB  完成率 98%  预计剩余 3m18s
2026-05-01 16:15:36,427 [INFO] scanner - ──────────────────────────────────────────────────
2026-05-01 16:15:36,427 [INFO] scanner - 处理标的: US.WMB
2026-05-01 16:15:36,466 [INFO] scanner - [STEP1] 获取 US.WMB 候选期权链…
2026-05-01 16:15:36,502 [INFO] option_chain_fetcher - [US.WMB] 12 个到期日 → 5 批次调用
2026-05-01 16:15:37,045 [WARNING] rate_limiter - [_call] 第 1/5 次失败: 获取期权链频率太高，请求失败，每30秒最多10次。，5.0s 后重试…
2026-05-01 16:15:42,048 [WARNING] rate_limiter - [_call] 第 2/5 次失败: 获取期权链频率太高，请求失败，每30秒最多10次。，10.0s 后重试…
2026-05-01 16:15:52,050 [WARNING] rate_limiter - [_call] 第 3/5 次失败: 获取期权链频率太高，请求失败，每30秒最多10次。，20.0s 后重试…
2026-05-01 16:16:13,694 [INFO] option_chain_fetcher - [US.WMB] 候选合约共 5 个
2026-05-01 16:16:13,694 [INFO] scanner - [STEP1] US.WMB: 候选合约 5 个
2026-05-01 16:16:13,694 [INFO] scanner - [STEP2] 获取 5 个合约快照…
2026-05-01 16:16:13,763 [INFO] snapshot_fetcher - 快照获取完成：5/5 个合约
2026-05-01 16:16:13,763 [INFO] scanner - [STEP2] 成功获取 5 条快照
2026-05-01 16:16:13,764 [INFO] scanner - [STEP3] 对 US.WMB 执行异常检测…
2026-05-01 16:16:13,765 [INFO] anomaly_detector - 本批次无异常合约
2026-05-01 16:16:13,765 [INFO] checkpoint - 读取断点缓存：已完成 513 个标的
2026-05-01 16:16:13,766 [INFO] scanner - [515/527] US.WRB  完成率 98%  预计剩余 3m05s
2026-05-01 16:16:13,766 [INFO] scanner - ──────────────────────────────────────────────────
2026-05-01 16:16:13,766 [INFO] scanner - 处理标的: US.WRB
2026-05-01 16:16:13,806 [INFO] scanner - [STEP1] 获取 US.WRB 候选期权链…
2026-05-01 16:16:13,841 [INFO] option_chain_fetcher - [US.WRB] 4 个到期日 → 4 批次调用
2026-05-01 16:16:15,354 [INFO] option_chain_fetcher - [US.WRB] 候选合约共 0 个
2026-05-01 16:16:15,354 [INFO] scanner - [STEP1] US.WRB: 候选合约 0 个
2026-05-01 16:16:15,354 [INFO] scanner - [STEP2] 获取 0 个合约快照…
2026-05-01 16:16:15,354 [WARNING] scanner - [STEP2] 合约列表为空，跳过
2026-05-01 16:16:15,355 [ERROR] scanner - [US.WRB] 处理异常: 'option_type'
2026-05-01 16:16:15,356 [ERROR] scanner - Traceback (most recent call last):
  File "C:\Users\Administrator\AppData\Local\Programs\Python\Python312\Lib\site-packages\pandas\core\indexes\base.py", line 3641, in get_loc
    return self._engine.get_loc(casted_key)
           ^^^^^^^^^^^^^^^^^^^^^^^^^^^^^^^^
  File "pandas/_libs/index.pyx", line 168, in pandas._libs.index.IndexEngine.get_loc
  File "pandas/_libs/index.pyx", line 197, in pandas._libs.index.IndexEngine.get_loc
  File "pandas/_libs/hashtable_class_helper.pxi", line 7668, in pandas._libs.hashtable.PyObjectHashTable.get_item
  File "pandas/_libs/hashtable_class_helper.pxi", line 7676, in pandas._libs.hashtable.PyObjectHashTable.get_item
KeyError: 'option_type'

The above exception was the direct cause of the following exception:

Traceback (most recent call last):
  File "<input>", line 170, in step_run_single
  File "C:\Users\Administrator\AppData\Local\Programs\Python\Python312\Lib\site-packages\pandas\core\frame.py", line 4378, in __getitem__
    indexer = self.columns.get_loc(key)
              ^^^^^^^^^^^^^^^^^^^^^^^^^
  File "C:\Users\Administrator\AppData\Local\Programs\Python\Python312\Lib\site-packages\pandas\core\indexes\base.py", line 3648, in get_loc
    raise KeyError(key) from err
KeyError: 'option_type'

2026-05-01 16:16:15,357 [INFO] checkpoint - 读取断点缓存：已完成 514 个标的
2026-05-01 16:16:15,358 [INFO] scanner - [516/527] US.WSM  完成率 98%  预计剩余 2m50s
2026-05-01 16:16:15,358 [INFO] scanner - ──────────────────────────────────────────────────
2026-05-01 16:16:15,358 [INFO] scanner - 处理标的: US.WSM
2026-05-01 16:16:15,401 [INFO] scanner - [STEP1] 获取 US.WSM 候选期权链…
2026-05-01 16:16:15,441 [INFO] option_chain_fetcher - [US.WSM] 5 个到期日 → 4 批次调用
2026-05-01 16:16:16,200 [WARNING] rate_limiter - [_call] 第 1/5 次失败: 获取期权链频率太高，请求失败，每30秒最多10次。，5.0s 后重试…
2026-05-01 16:16:21,202 [WARNING] rate_limiter - [_call] 第 2/5 次失败: 获取期权链频率太高，请求失败，每30秒最多10次。，10.0s 后重试…
2026-05-01 16:16:31,205 [WARNING] rate_limiter - [_call] 第 3/5 次失败: 获取期权链频率太高，请求失败，每30秒最多10次。，20.0s 后重试…
2026-05-01 16:16:52,006 [INFO] option_chain_fetcher - [US.WSM] 候选合约共 0 个
2026-05-01 16:16:52,006 [INFO] scanner - [STEP1] US.WSM: 候选合约 0 个
2026-05-01 16:16:52,006 [INFO] scanner - [STEP2] 获取 0 个合约快照…
2026-05-01 16:16:52,006 [WARNING] scanner - [STEP2] 合约列表为空，跳过
2026-05-01 16:16:52,007 [ERROR] scanner - [US.WSM] 处理异常: 'option_type'
2026-05-01 16:16:52,008 [ERROR] scanner - Traceback (most recent call last):
  File "C:\Users\Administrator\AppData\Local\Programs\Python\Python312\Lib\site-packages\pandas\core\indexes\base.py", line 3641, in get_loc
    return self._engine.get_loc(casted_key)
           ^^^^^^^^^^^^^^^^^^^^^^^^^^^^^^^^
  File "pandas/_libs/index.pyx", line 168, in pandas._libs.index.IndexEngine.get_loc
  File "pandas/_libs/index.pyx", line 197, in pandas._libs.index.IndexEngine.get_loc
  File "pandas/_libs/hashtable_class_helper.pxi", line 7668, in pandas._libs.hashtable.PyObjectHashTable.get_item
  File "pandas/_libs/hashtable_class_helper.pxi", line 7676, in pandas._libs.hashtable.PyObjectHashTable.get_item
KeyError: 'option_type'

The above exception was the direct cause of the following exception:

Traceback (most recent call last):
  File "<input>", line 170, in step_run_single
  File "C:\Users\Administrator\AppData\Local\Programs\Python\Python312\Lib\site-packages\pandas\core\frame.py", line 4378, in __getitem__
    indexer = self.columns.get_loc(key)
              ^^^^^^^^^^^^^^^^^^^^^^^^^
  File "C:\Users\Administrator\AppData\Local\Programs\Python\Python312\Lib\site-packages\pandas\core\indexes\base.py", line 3648, in get_loc
    raise KeyError(key) from err
KeyError: 'option_type'

2026-05-01 16:16:52,009 [INFO] checkpoint - 读取断点缓存：已完成 515 个标的
2026-05-01 16:16:52,010 [INFO] scanner - [517/527] US.WST  完成率 98%  预计剩余 2m36s
2026-05-01 16:16:52,010 [INFO] scanner - ──────────────────────────────────────────────────
2026-05-01 16:16:52,010 [INFO] scanner - 处理标的: US.WST
2026-05-01 16:16:52,049 [INFO] scanner - [STEP1] 获取 US.WST 候选期权链…
2026-05-01 16:16:52,085 [INFO] option_chain_fetcher - [US.WST] 3 个到期日 → 3 批次调用
2026-05-01 16:16:53,246 [INFO] option_chain_fetcher - [US.WST] 候选合约共 0 个
2026-05-01 16:16:53,246 [INFO] scanner - [STEP1] US.WST: 候选合约 0 个
2026-05-01 16:16:53,246 [INFO] scanner - [STEP2] 获取 0 个合约快照…
2026-05-01 16:16:53,246 [WARNING] scanner - [STEP2] 合约列表为空，跳过
2026-05-01 16:16:53,246 [ERROR] scanner - [US.WST] 处理异常: 'option_type'
2026-05-01 16:16:53,247 [ERROR] scanner - Traceback (most recent call last):
  File "C:\Users\Administrator\AppData\Local\Programs\Python\Python312\Lib\site-packages\pandas\core\indexes\base.py", line 3641, in get_loc
    return self._engine.get_loc(casted_key)
           ^^^^^^^^^^^^^^^^^^^^^^^^^^^^^^^^
  File "pandas/_libs/index.pyx", line 168, in pandas._libs.index.IndexEngine.get_loc
  File "pandas/_libs/index.pyx", line 197, in pandas._libs.index.IndexEngine.get_loc
  File "pandas/_libs/hashtable_class_helper.pxi", line 7668, in pandas._libs.hashtable.PyObjectHashTable.get_item
  File "pandas/_libs/hashtable_class_helper.pxi", line 7676, in pandas._libs.hashtable.PyObjectHashTable.get_item
KeyError: 'option_type'

The above exception was the direct cause of the following exception:

Traceback (most recent call last):
  File "<input>", line 170, in step_run_single
  File "C:\Users\Administrator\AppData\Local\Programs\Python\Python312\Lib\site-packages\pandas\core\frame.py", line 4378, in __getitem__
    indexer = self.columns.get_loc(key)
              ^^^^^^^^^^^^^^^^^^^^^^^^^
  File "C:\Users\Administrator\AppData\Local\Programs\Python\Python312\Lib\site-packages\pandas\core\indexes\base.py", line 3648, in get_loc
    raise KeyError(key) from err
KeyError: 'option_type'

2026-05-01 16:16:53,248 [INFO] checkpoint - 读取断点缓存：已完成 516 个标的
2026-05-01 16:16:53,248 [INFO] scanner - [518/527] US.WTW  完成率 98%  预计剩余 2m22s
2026-05-01 16:16:53,249 [INFO] scanner - ──────────────────────────────────────────────────
2026-05-01 16:16:53,249 [INFO] scanner - 处理标的: US.WTW
2026-05-01 16:16:53,326 [INFO] scanner - [STEP1] 获取 US.WTW 候选期权链…
2026-05-01 16:16:53,362 [INFO] option_chain_fetcher - [US.WTW] 4 个到期日 → 4 批次调用
2026-05-01 16:16:54,875 [INFO] option_chain_fetcher - [US.WTW] 候选合约共 0 个
2026-05-01 16:16:54,875 [INFO] scanner - [STEP1] US.WTW: 候选合约 0 个
2026-05-01 16:16:54,875 [INFO] scanner - [STEP2] 获取 0 个合约快照…
2026-05-01 16:16:54,875 [WARNING] scanner - [STEP2] 合约列表为空，跳过
2026-05-01 16:16:54,876 [ERROR] scanner - [US.WTW] 处理异常: 'option_type'
2026-05-01 16:16:54,878 [ERROR] scanner - Traceback (most recent call last):
  File "C:\Users\Administrator\AppData\Local\Programs\Python\Python312\Lib\site-packages\pandas\core\indexes\base.py", line 3641, in get_loc
    return self._engine.get_loc(casted_key)
           ^^^^^^^^^^^^^^^^^^^^^^^^^^^^^^^^
  File "pandas/_libs/index.pyx", line 168, in pandas._libs.index.IndexEngine.get_loc
  File "pandas/_libs/index.pyx", line 197, in pandas._libs.index.IndexEngine.get_loc
  File "pandas/_libs/hashtable_class_helper.pxi", line 7668, in pandas._libs.hashtable.PyObjectHashTable.get_item
  File "pandas/_libs/hashtable_class_helper.pxi", line 7676, in pandas._libs.hashtable.PyObjectHashTable.get_item
KeyError: 'option_type'

The above exception was the direct cause of the following exception:

Traceback (most recent call last):
  File "<input>", line 170, in step_run_single
  File "C:\Users\Administrator\AppData\Local\Programs\Python\Python312\Lib\site-packages\pandas\core\frame.py", line 4378, in __getitem__
    indexer = self.columns.get_loc(key)
              ^^^^^^^^^^^^^^^^^^^^^^^^^
  File "C:\Users\Administrator\AppData\Local\Programs\Python\Python312\Lib\site-packages\pandas\core\indexes\base.py", line 3648, in get_loc
    raise KeyError(key) from err
KeyError: 'option_type'

2026-05-01 16:16:54,878 [INFO] checkpoint - 读取断点缓存：已完成 517 个标的
2026-05-01 16:16:54,879 [INFO] scanner - [519/527] US.WY  完成率 98%  预计剩余 2m07s
2026-05-01 16:16:54,879 [INFO] scanner - ──────────────────────────────────────────────────
2026-05-01 16:16:54,880 [INFO] scanner - 处理标的: US.WY
2026-05-01 16:16:54,949 [INFO] scanner - US.WY 市值过大，pass
2026-05-01 16:16:54,949 [INFO] scanner - [STEP2] 获取 0 个合约快照…
2026-05-01 16:16:54,949 [WARNING] scanner - [STEP2] 合约列表为空，跳过
2026-05-01 16:16:54,950 [ERROR] scanner - [US.WY] 处理异常: 'option_type'
2026-05-01 16:16:54,951 [ERROR] scanner - Traceback (most recent call last):
  File "C:\Users\Administrator\AppData\Local\Programs\Python\Python312\Lib\site-packages\pandas\core\indexes\base.py", line 3641, in get_loc
    return self._engine.get_loc(casted_key)
           ^^^^^^^^^^^^^^^^^^^^^^^^^^^^^^^^
  File "pandas/_libs/index.pyx", line 168, in pandas._libs.index.IndexEngine.get_loc
  File "pandas/_libs/index.pyx", line 197, in pandas._libs.index.IndexEngine.get_loc
  File "pandas/_libs/hashtable_class_helper.pxi", line 7668, in pandas._libs.hashtable.PyObjectHashTable.get_item
  File "pandas/_libs/hashtable_class_helper.pxi", line 7676, in pandas._libs.hashtable.PyObjectHashTable.get_item
KeyError: 'option_type'

The above exception was the direct cause of the following exception:

Traceback (most recent call last):
  File "<input>", line 170, in step_run_single
  File "C:\Users\Administrator\AppData\Local\Programs\Python\Python312\Lib\site-packages\pandas\core\frame.py", line 4378, in __getitem__
    indexer = self.columns.get_loc(key)
              ^^^^^^^^^^^^^^^^^^^^^^^^^
  File "C:\Users\Administrator\AppData\Local\Programs\Python\Python312\Lib\site-packages\pandas\core\indexes\base.py", line 3648, in get_loc
    raise KeyError(key) from err
KeyError: 'option_type'

2026-05-01 16:16:54,952 [INFO] checkpoint - 读取断点缓存：已完成 518 个标的
2026-05-01 16:16:54,953 [INFO] scanner - [520/527] US.WYNN  完成率 99%  预计剩余 1m53s
2026-05-01 16:16:54,953 [INFO] scanner - ──────────────────────────────────────────────────
2026-05-01 16:16:54,953 [INFO] scanner - 处理标的: US.WYNN
2026-05-01 16:16:54,993 [INFO] scanner - [STEP1] 获取 US.WYNN 候选期权链…
2026-05-01 16:16:55,028 [INFO] option_chain_fetcher - [US.WYNN] 11 个到期日 → 4 批次调用
2026-05-01 16:16:55,584 [WARNING] rate_limiter - [_call] 第 1/5 次失败: 获取期权链频率太高，请求失败，每30秒最多10次。，5.0s 后重试…
2026-05-01 16:17:00,587 [WARNING] rate_limiter - [_call] 第 2/5 次失败: 获取期权链频率太高，请求失败，每30秒最多10次。，10.0s 后重试…
2026-05-01 16:17:10,589 [WARNING] rate_limiter - [_call] 第 3/5 次失败: 获取期权链频率太高，请求失败，每30秒最多10次。，20.0s 后重试…
2026-05-01 16:17:31,859 [INFO] option_chain_fetcher - [US.WYNN] 候选合约共 1 个
2026-05-01 16:17:31,859 [INFO] scanner - [STEP1] US.WYNN: 候选合约 1 个
2026-05-01 16:17:31,859 [INFO] scanner - [STEP2] 获取 1 个合约快照…
2026-05-01 16:17:31,963 [INFO] snapshot_fetcher - 快照获取完成：1/1 个合约
2026-05-01 16:17:31,964 [INFO] scanner - [STEP2] 成功获取 1 条快照
2026-05-01 16:17:31,965 [INFO] scanner - [STEP3] 对 US.WYNN 执行异常检测…
2026-05-01 16:17:31,967 [INFO] anomaly_detector - 本批次无异常合约
2026-05-01 16:17:31,968 [INFO] checkpoint - 读取断点缓存：已完成 519 个标的
2026-05-01 16:17:31,969 [INFO] scanner - [521/527] US.XOM  完成率 99%  预计剩余 1m39s
2026-05-01 16:17:31,969 [INFO] scanner - ──────────────────────────────────────────────────
2026-05-01 16:17:31,969 [INFO] scanner - 处理标的: US.XOM
2026-05-01 16:17:32,043 [INFO] scanner - US.XOM 市值过大，pass
2026-05-01 16:17:32,043 [INFO] scanner - [STEP2] 获取 0 个合约快照…
2026-05-01 16:17:32,043 [WARNING] scanner - [STEP2] 合约列表为空，跳过
2026-05-01 16:17:32,043 [ERROR] scanner - [US.XOM] 处理异常: 'option_type'
2026-05-01 16:17:32,044 [ERROR] scanner - Traceback (most recent call last):
  File "C:\Users\Administrator\AppData\Local\Programs\Python\Python312\Lib\site-packages\pandas\core\indexes\base.py", line 3641, in get_loc
    return self._engine.get_loc(casted_key)
           ^^^^^^^^^^^^^^^^^^^^^^^^^^^^^^^^
  File "pandas/_libs/index.pyx", line 168, in pandas._libs.index.IndexEngine.get_loc
  File "pandas/_libs/index.pyx", line 197, in pandas._libs.index.IndexEngine.get_loc
  File "pandas/_libs/hashtable_class_helper.pxi", line 7668, in pandas._libs.hashtable.PyObjectHashTable.get_item
  File "pandas/_libs/hashtable_class_helper.pxi", line 7676, in pandas._libs.hashtable.PyObjectHashTable.get_item
KeyError: 'option_type'

The above exception was the direct cause of the following exception:

Traceback (most recent call last):
  File "<input>", line 170, in step_run_single
  File "C:\Users\Administrator\AppData\Local\Programs\Python\Python312\Lib\site-packages\pandas\core\frame.py", line 4378, in __getitem__
    indexer = self.columns.get_loc(key)
              ^^^^^^^^^^^^^^^^^^^^^^^^^
  File "C:\Users\Administrator\AppData\Local\Programs\Python\Python312\Lib\site-packages\pandas\core\indexes\base.py", line 3648, in get_loc
    raise KeyError(key) from err
KeyError: 'option_type'

2026-05-01 16:17:32,044 [INFO] checkpoint - 读取断点缓存：已完成 520 个标的
2026-05-01 16:17:32,045 [INFO] scanner - [522/527] US.XYL  完成率 99%  预计剩余 1m25s
2026-05-01 16:17:32,045 [INFO] scanner - ──────────────────────────────────────────────────
2026-05-01 16:17:32,045 [INFO] scanner - 处理标的: US.XYL
2026-05-01 16:17:32,086 [INFO] scanner - [STEP1] 获取 US.XYL 候选期权链…
2026-05-01 16:17:32,122 [INFO] option_chain_fetcher - [US.XYL] 4 个到期日 → 4 批次调用
2026-05-01 16:17:33,698 [INFO] option_chain_fetcher - [US.XYL] 候选合约共 2 个
2026-05-01 16:17:33,698 [INFO] scanner - [STEP1] US.XYL: 候选合约 2 个
2026-05-01 16:17:33,698 [INFO] scanner - [STEP2] 获取 2 个合约快照…
2026-05-01 16:17:33,796 [INFO] snapshot_fetcher - 快照获取完成：2/2 个合约
2026-05-01 16:17:33,796 [INFO] scanner - [STEP2] 成功获取 2 条快照
2026-05-01 16:17:33,797 [INFO] scanner - [STEP3] 对 US.XYL 执行异常检测…
2026-05-01 16:17:33,798 [INFO] anomaly_detector - 本批次无异常合约
2026-05-01 16:17:33,798 [INFO] checkpoint - 读取断点缓存：已完成 521 个标的
2026-05-01 16:17:33,799 [INFO] scanner - [523/527] US.XYZ  完成率 99%  预计剩余 1m10s
2026-05-01 16:17:33,799 [INFO] scanner - ──────────────────────────────────────────────────
2026-05-01 16:17:33,799 [INFO] scanner - 处理标的: US.XYZ
2026-05-01 16:17:33,838 [INFO] scanner - [STEP1] 获取 US.XYZ 候选期权链…
2026-05-01 16:17:33,873 [INFO] option_chain_fetcher - [US.XYZ] 10 个到期日 → 4 批次调用
2026-05-01 16:17:35,274 [WARNING] rate_limiter - [_call] 第 1/5 次失败: 获取期权链频率太高，请求失败，每30秒最多10次。，5.0s 后重试…
2026-05-01 16:17:40,276 [WARNING] rate_limiter - [_call] 第 2/5 次失败: 获取期权链频率太高，请求失败，每30秒最多10次。，10.0s 后重试…
2026-05-01 16:17:50,279 [WARNING] rate_limiter - [_call] 第 3/5 次失败: 获取期权链频率太高，请求失败，每30秒最多10次。，20.0s 后重试…
2026-05-01 16:18:10,655 [INFO] option_chain_fetcher - [US.XYZ] 候选合约共 11 个
2026-05-01 16:18:10,655 [INFO] scanner - [STEP1] US.XYZ: 候选合约 11 个
2026-05-01 16:18:10,655 [INFO] scanner - [STEP2] 获取 11 个合约快照…
2026-05-01 16:18:10,761 [INFO] snapshot_fetcher - 快照获取完成：11/11 个合约
2026-05-01 16:18:10,762 [INFO] scanner - [STEP2] 成功获取 11 条快照
2026-05-01 16:18:10,763 [INFO] scanner - [STEP3] 对 US.XYZ 执行异常检测…
2026-05-01 16:18:10,764 [INFO] anomaly_detector - 发现异常合约 1 个
2026-05-01 16:18:10,765 [INFO] anomaly_detector - 已追加写入 1 条异常记录 → .\filter_data\anomaly_results2026-05-01.csv
2026-05-01 16:18:10,766 [INFO] checkpoint - 读取断点缓存：已完成 522 个标的
2026-05-01 16:18:10,766 [INFO] scanner - [524/527] US.YUM  完成率 99%  预计剩余 0m56s
2026-05-01 16:18:10,766 [INFO] scanner - ──────────────────────────────────────────────────
2026-05-01 16:18:10,766 [INFO] scanner - 处理标的: US.YUM
2026-05-01 16:18:10,839 [INFO] scanner - [STEP1] 获取 US.YUM 候选期权链…
2026-05-01 16:18:10,878 [INFO] option_chain_fetcher - [US.YUM] 5 个到期日 → 4 批次调用
2026-05-01 16:18:12,502 [INFO] option_chain_fetcher - [US.YUM] 候选合约共 1 个
2026-05-01 16:18:12,502 [INFO] scanner - [STEP1] US.YUM: 候选合约 1 个
2026-05-01 16:18:12,502 [INFO] scanner - [STEP2] 获取 1 个合约快照…
2026-05-01 16:18:12,576 [INFO] snapshot_fetcher - 快照获取完成：1/1 个合约
2026-05-01 16:18:12,577 [INFO] scanner - [STEP2] 成功获取 1 条快照
2026-05-01 16:18:12,578 [INFO] scanner - [STEP3] 对 US.YUM 执行异常检测…
2026-05-01 16:18:12,579 [INFO] anomaly_detector - 本批次无异常合约
2026-05-01 16:18:12,579 [INFO] checkpoint - 读取断点缓存：已完成 523 个标的
2026-05-01 16:18:12,580 [INFO] scanner - [525/527] US.ZBH  完成率 100%  预计剩余 0m42s
2026-05-01 16:18:12,580 [INFO] scanner - ──────────────────────────────────────────────────
2026-05-01 16:18:12,580 [INFO] scanner - 处理标的: US.ZBH
2026-05-01 16:18:12,619 [INFO] scanner - [STEP1] 获取 US.ZBH 候选期权链…
2026-05-01 16:18:12,653 [INFO] option_chain_fetcher - [US.ZBH] 3 个到期日 → 3 批次调用
2026-05-01 16:18:13,798 [INFO] option_chain_fetcher - [US.ZBH] 候选合约共 0 个
2026-05-01 16:18:13,798 [INFO] scanner - [STEP1] US.ZBH: 候选合约 0 个
2026-05-01 16:18:13,798 [INFO] scanner - [STEP2] 获取 0 个合约快照…
2026-05-01 16:18:13,798 [WARNING] scanner - [STEP2] 合约列表为空，跳过
2026-05-01 16:18:13,799 [ERROR] scanner - [US.ZBH] 处理异常: 'option_type'
2026-05-01 16:18:13,801 [ERROR] scanner - Traceback (most recent call last):
  File "C:\Users\Administrator\AppData\Local\Programs\Python\Python312\Lib\site-packages\pandas\core\indexes\base.py", line 3641, in get_loc
    return self._engine.get_loc(casted_key)
           ^^^^^^^^^^^^^^^^^^^^^^^^^^^^^^^^
  File "pandas/_libs/index.pyx", line 168, in pandas._libs.index.IndexEngine.get_loc
  File "pandas/_libs/index.pyx", line 197, in pandas._libs.index.IndexEngine.get_loc
  File "pandas/_libs/hashtable_class_helper.pxi", line 7668, in pandas._libs.hashtable.PyObjectHashTable.get_item
  File "pandas/_libs/hashtable_class_helper.pxi", line 7676, in pandas._libs.hashtable.PyObjectHashTable.get_item
KeyError: 'option_type'

The above exception was the direct cause of the following exception:

Traceback (most recent call last):
  File "<input>", line 170, in step_run_single
  File "C:\Users\Administrator\AppData\Local\Programs\Python\Python312\Lib\site-packages\pandas\core\frame.py", line 4378, in __getitem__
    indexer = self.columns.get_loc(key)
              ^^^^^^^^^^^^^^^^^^^^^^^^^
  File "C:\Users\Administrator\AppData\Local\Programs\Python\Python312\Lib\site-packages\pandas\core\indexes\base.py", line 3648, in get_loc
    raise KeyError(key) from err
KeyError: 'option_type'

2026-05-01 16:18:13,801 [INFO] checkpoint - 读取断点缓存：已完成 524 个标的
2026-05-01 16:18:13,802 [INFO] scanner - [526/527] US.ZBRA  完成率 100%  预计剩余 0m28s
2026-05-01 16:18:13,802 [INFO] scanner - ──────────────────────────────────────────────────
2026-05-01 16:18:13,802 [INFO] scanner - 处理标的: US.ZBRA
2026-05-01 16:18:13,846 [INFO] scanner - [STEP1] 获取 US.ZBRA 候选期权链…
2026-05-01 16:18:13,882 [INFO] option_chain_fetcher - [US.ZBRA] 4 个到期日 → 4 批次调用
2026-05-01 16:18:14,703 [WARNING] rate_limiter - [_call] 第 1/5 次失败: 获取期权链频率太高，请求失败，每30秒最多10次。，5.0s 后重试…
2026-05-01 16:18:19,705 [WARNING] rate_limiter - [_call] 第 2/5 次失败: 获取期权链频率太高，请求失败，每30秒最多10次。，10.0s 后重试…
2026-05-01 16:18:29,707 [WARNING] rate_limiter - [_call] 第 3/5 次失败: 获取期权链频率太高，请求失败，每30秒最多10次。，20.0s 后重试…
2026-05-01 16:18:50,470 [INFO] option_chain_fetcher - [US.ZBRA] 候选合约共 1 个
2026-05-01 16:18:50,470 [INFO] scanner - [STEP1] US.ZBRA: 候选合约 1 个
2026-05-01 16:18:50,470 [INFO] scanner - [STEP2] 获取 1 个合约快照…
2026-05-01 16:18:50,544 [INFO] snapshot_fetcher - 快照获取完成：1/1 个合约
2026-05-01 16:18:50,544 [INFO] scanner - [STEP2] 成功获取 1 条快照
2026-05-01 16:18:50,545 [INFO] scanner - [STEP3] 对 US.ZBRA 执行异常检测…
2026-05-01 16:18:50,546 [INFO] anomaly_detector - 发现异常合约 1 个
2026-05-01 16:18:50,548 [INFO] anomaly_detector - 已追加写入 1 条异常记录 → .\filter_data\anomaly_results2026-05-01.csv
2026-05-01 16:18:50,548 [INFO] checkpoint - 读取断点缓存：已完成 525 个标的
2026-05-01 16:18:50,549 [INFO] scanner - [527/527] US.ZTS  完成率 100%  预计剩余 0m14s
2026-05-01 16:18:50,549 [INFO] scanner - ──────────────────────────────────────────────────
2026-05-01 16:18:50,549 [INFO] scanner - 处理标的: US.ZTS
2026-05-01 16:18:50,589 [INFO] scanner - [STEP1] 获取 US.ZTS 候选期权链…
2026-05-01 16:18:50,623 [INFO] option_chain_fetcher - [US.ZTS] 5 个到期日 → 4 批次调用
2026-05-01 16:18:52,181 [INFO] option_chain_fetcher - [US.ZTS] 候选合约共 2 个
2026-05-01 16:18:52,181 [INFO] scanner - [STEP1] US.ZTS: 候选合约 2 个
2026-05-01 16:18:52,181 [INFO] scanner - [STEP2] 获取 2 个合约快照…
2026-05-01 16:18:52,278 [INFO] snapshot_fetcher - 快照获取完成：2/2 个合约
2026-05-01 16:18:52,279 [INFO] scanner - [STEP2] 成功获取 2 条快照
2026-05-01 16:18:52,280 [INFO] scanner - [STEP3] 对 US.ZTS 执行异常检测…
2026-05-01 16:18:52,281 [INFO] anomaly_detector - 发现异常合约 1 个
2026-05-01 16:18:52,283 [INFO] anomaly_detector - 已追加写入 1 条异常记录 → .\filter_data\anomaly_results2026-05-01.csv
2026-05-01 16:18:52,283 [INFO] checkpoint - 读取断点缓存：已完成 526 个标的
2026-05-01 16:18:52,294 [INFO] connection - 连接已关闭
