stock_owner,trade_date,turnover_sum,turnover_max,volume_sum,volume_max,option_open_interest_sum,option_open_interest_mean,option_implied_volatility_mean,option_delta_mean,market_val_last,cf_log_turnover_sum,cf_log_turnover_mean,cf_churn_mean,cf_churn_max,cf_notional_churn_mean,cf_notional_churn_max,cf_delta_flow_sum,cf_vega_flow_sum,cf_gamma_flow_sum,cf_iv_level_mean,cf_volume_oi_ratio_mean,cf_volume_oi_ratio_max,cf_turnover_per_contract_mean,cf_turnover_per_contract_max,cf_intraday_range_mean,cf_intraday_range_max,cf_theta_vega_ratio_mean,cf_dte_weight_mean,cf_market_val_log_last,contracts,uf_pcr_turnover,uf_pcr_volume,deep_turnover_share,deep_churning_count,fscore_cf_log_turnover,fscore_cf_churn,fscore_cf_notional_churn,fscore_cf_delta_flow,fscore_cf_vega_flow,fscore_cf_gamma_flow,fscore_cf_iv_level,fscore_cf_volume_oi_ratio,fscore_cf_turnover_per_contract,fscore_cf_intraday_range,fscore_uf_pcr_turnover,fscore_uf_deep_itm_share,daily_score,persist_score,active_days,persistence_ratio,stop_status,stop_date,peak_date,dominant_bucket,stop_bonus,final_score
US.AAL,2026-05-07,1612457.0,963896.0,2306,1494,170,85.0,245.2195,0.9240230684999999,8558323672.78,27.161252604822778,13.580626302411389,13.375,16.6,7.270853189936459,8.276627168126396,1479739.496946937,9854.543520053001,22724.899486484002,245.2195,13.375,16.6,721.9492444325743,798.7204433497537,0.06663817046391966,0.07258609047940591,3.3967063060171196,0.02631578947368421,22.870170175420036,2,0.0,0.0,1.0,1.0,38.557993730407524,62.06896551724138,79.15360501567397,52.19435736677116,6.426332288401254,34.1692789968652,99.84326018808778,62.06896551724138,32.13166144200627,12.852664576802509,28.605015673981192,94.35736677115987,58.31,84.38395415472779,3,1.0,ONGOING,,2026-05-09,DEEP_OTM,60.0,71.91
US.AAPL,2026-05-07,272700147.0,16615877.0,501023,51196,1215681,10663.868421052632,27.4089649122807,0.3856483551491228,4222071417828.0,1626.1162347006493,14.264177497374117,16.30503362148016,842.0,13755.100316262959,952670.0,173800328.63948262,62188740.47308699,5082533.178702419,27.4089649122807,16.30503362148016,842.0,1923.7991894057043,13262.632047477744,0.48382465431010724,1.7916666666666667,1.8148109367199936,0.0880388134666634,29.07134698085088,114,0.173933036321404,0.2125230211492061,0.29999759039367146,1.0,96.86520376175548,92.47648902821317,92.94670846394985,96.55172413793103,95.45454545454545,97.80564263322884,16.77115987460815,92.47648902821317,94.04388714733543,84.48275862068965,67.7115987460815,68.65203761755487,84.87,84.38395415472779,3,1.0,ONGOING,,2026-05-09,ATM,60.0,76.34
US.ABNB,2026-05-07,852000.0,852000.0,750,750,718,718.0,39.571,0.471935726,83162192249.76,13.655342979519684,13.655342979519684,1.0445682451253482,1.0445682451253482,0.08483196500303085,0.08483196500303085,402089.238552,316885.572396,9167.692104,39.571,1.0445682451253482,1.0445682451253482,1136.0,1136.0,0.013588433525383225,0.013588433525383225,0.1362258386003594,0.006097560975609756,25.144058661430506,1,0.0,0.0,0.0,,20.532915360501566,22.25705329153605,25.391849529780565,25.235109717868337,47.02194357366771,15.203761755485893,38.087774294670844,22.25705329153605,40.28213166144201,4.858934169278997,28.605015673981192,26.332288401253916,26.32,84.38395415472779,3,1.0,ACTIVE,,2026-05-08,ATM,30.0,56.58
US.ACN,2026-05-07,2160500.0,2160500.0,1271,1271,76,76.0,47.013,0.519490431,107175378014.76,14.585850697209839,14.585850697209839,16.723684210526315,16.723684210526315,1.6284373935353937,1.6284373935353937,1122359.0761755002,813501.44774,19377.915550499998,47.013,16.723684210526315,16.723684210526315,1699.8426435877261,1699.8426435877261,0.1676727028839705,0.1676727028839705,0.24009673180007068,0.009259259259259259,25.397732376513197,1,0.0,0.0,0.0,,28.84012539184953,62.38244514106584,65.98746081504702,46.86520376175549,63.16614420062696,29.310344827586203,48.90282131661442,62.38244514106584,50.15673981191222,25.235109717868337,28.605015673981192,26.332288401253916,46.98,58.73925501432665,2,0.6667,ONGOING,,2026-05-08,DEEP_ITM,60.0,57.2
US.ADBE,2026-05-07,1318518.0,814459.0,1226,938,3132,1566.0,49.5045,0.007107361499999965,101118714000.0,26.74073118352189,13.370365591760946,4.651290322580645,9.0,0.3200737990102214,0.6296455909981212,683142.4159885229,286912.287648062,21863.481303408,49.5045,4.651290322580645,9.0,1309.2490190416963,1750.204861111111,0.21263600532250157,0.29151201064500315,1.780398234431444,0.06315789473684211,25.33956104971069,2,0.6188881208262171,0.3070362473347548,0.0,,35.26645768025078,53.76175548589342,55.01567398119123,36.83385579937304,45.29780564263323,32.9153605015674,52.03761755485894,53.76175548589342,51.2539184952978,36.83385579937304,84.79623824451411,26.332288401253916,46.23,84.38395415472779,3,1.0,ONGOING,,2026-05-09,ATM,60.0,69.9
US.ADI,2026-05-07,1615529.0,1615529.0,574,574,9,9.0,45.354,-0.486746533,202912293773.91,14.295173634176404,14.295173634176404,63.77777777777778,63.77777777777778,4.3188225638722475,4.3188225638722475,786353.139710957,917249.700016855,10034.208940842,45.354,63.77777777777778,63.77777777777778,2814.5104529616724,2814.5104529616724,0.15916093005343482,0.15916093005343482,0.49626726904856155,0.022727272727272728,26.036039672257644,1,0.0,0.0,0.0,,26.802507836990596,75.07836990595611,76.17554858934169,39.811912225705335,64.57680250783699,17.398119122257054,45.924764890282134,75.07836990595611,64.42006269592476,24.294670846394983,28.605015673981192,26.332288401253916,50.56,84.38395415472779,3,1.0,ONGOING,,2026-05-09,DEEP_ITM,60.0,70.62
US.AKAM,2026-05-07,10653604.0,4924363.0,13346,5483,9063,1510.5,102.82466666666666,0.4295444226666667,17959739625.52,84.7490929739563,14.124848828992716,4.640075920501931,13.657142857142857,0.3682093548491477,1.4598503390207629,6037975.0056426395,1183751.441746335,160693.90619875,102.82466666666666,4.640075920501931,13.657142857142857,954.1786595883505,1418.1700507614214,0.30319651294068156,0.49122807017543857,13.54097491653426,0.08442337952388203,23.611398402305575,6,0.16944022960255886,0.40706378492356354,0.0,,70.21943573667711,59.56112852664577,64.42006269592476,74.45141065830721,67.55485893416929,71.78683385579937,93.57366771159874,59.56112852664577,45.76802507836991,50.78369905956113,67.39811912225704,26.332288401253916,59.68,84.38395415472779,3,1.0,ONGOING,,2026-05-09,DEEP_ITM,60.0,72.14
US.ALB,2026-05-07,5892488.0,2436767.0,4728,1764,629,125.8,86.7028,-0.28930950060000005,22706193305.07,69.04588084923245,13.80917616984649,13.81783989125095,36.75757575757576,1.1944872486697387,3.833727441068701,3026679.69460937,970829.0012026359,104160.630992124,86.7028,13.81783989125095,36.75757575757576,1393.0498183345012,2534.6433447098975,0.2675815071902713,0.783162016642193,13.781485008444497,0.17480392156862745,23.84590355708817,5,9.996114729318679,6.893155258764608,0.0,,64.73354231974922,71.00313479623824,74.92163009404389,65.04702194357367,64.89028213166145,65.51724137931035,89.81191222570533,71.00313479623824,60.81504702194357,64.73354231974922,99.68652037617555,26.332288401253916,64.96,84.38395415472779,3,1.0,ACTIVE,,2026-05-07,ATM,30.0,63.02
US.ALK,2026-05-07,622376.0,622376.0,2008,2008,402,402.0,58.177,0.333373911,4511186713.3,13.341301297436006,13.341301297436006,4.9950248756218905,4.9950248756218905,0.38217699456310156,0.38217699456310156,207483.92123253603,61259.297123616,14369.694045319999,58.177,4.9950248756218905,4.9950248756218905,309.9482071713147,309.9482071713147,0.15952497008906827,0.15952497008906827,0.18944941504315696,0.006097560975609756,22.22982608540503,1,0.0,0.0,0.0,,12.225705329153605,44.20062695924764,46.23824451410658,10.501567398119123,21.316614420062695,23.510971786833856,65.8307210031348,44.20062695924764,12.539184952978054,24.45141065830721,28.605015673981192,26.332288401253916,31.11,24.498567335243553,1,0.3333,N/A,,,,0.0,17.43
US.AMAT,2026-05-07,3203577.0,882534.0,2400,1020,1348,269.6,60.0846,0.37582399,340157061193.54,66.74284766336096,13.348569532672192,65.44276045773061,277.0,3.662364178443086,16.59082637301106,1262580.589456334,1565556.5054569,22670.874081631,60.0846,65.44276045773061,277.0,1763.178902110185,2567.2057761732854,0.5680889990956652,2.443396226415094,4.337211747354493,0.08674582798459564,26.552673292582842,5,0.0,0.0,0.0,,63.63636363636363,84.56112852664577,82.75862068965517,49.059561128526646,70.21943573667711,34.01253918495298,67.55485893416929,84.56112852664577,61.12852664576802,89.34169278996865,28.605015673981192,26.332288401253916,61.66,84.38395415472779,3,1.0,ONGOING,,2026-05-09,ATM,60.0,72.47
US.AMD,2026-05-07,1487408180.0,43992593.0,867947,39893,586629,1661.8385269121814,74.03624645892351,0.3323034061898017,687162736355.838,5201.699209856588,14.735691812624895,105.23032729995603,10341.0,82855.43510809688,11260877.0,920752320.7504268,442155762.12682927,8783270.712059164,74.03624645892351,105.23032729995603,10341.0,4017.8574224233157,17761.280346820808,1.8284816869124318,13.70808678500986,6.238138869514218,0.11039763100545351,27.25583698082147,353,0.23760389342152696,0.5347144248978415,0.4132325936247036,0.0,99.52978056426332,99.52978056426332,99.84326018808778,99.37304075235109,99.05956112852664,98.7460815047022,83.07210031347962,99.52978056426332,96.08150470219435,98.11912225705329,71.78683385579937,72.5705329153605,92.72,84.38395415472779,3,1.0,ONGOING,,2026-05-09,DEEP_ITM,60.0,77.65
US.AMZN,2026-05-07,240563039.0,60981685.0,270659,27403,975109,11208.149425287356,37.49451724137931,0.47197433551724133,2957699510756.508,1231.8328813279697,14.158998635953676,0.6553227279990184,7.659119897959184,0.021669270759616475,0.31820385291214953,177319252.70106465,45875240.46051769,2758938.831392502,37.49451724137931,0.6553227279990184,7.659119897959184,1954.7692798087296,17665.18854961832,0.3332718650777665,1.142857142857143,2.7990200972796377,0.09320653314537426,28.715432889782345,87,0.0469433027653194,0.1519806257474963,0.5168466881564462,0.0,94.35736677115987,52.19435736677116,43.41692789968652,96.86520376175548,94.04388714733543,95.29780564263322,34.48275862068966,52.19435736677116,95.92476489028213,74.60815047021944,59.24764890282132,76.8025078369906,69.9,84.38395415472779,3,1.0,ACTIVE,,2026-05-07,ATM,30.0,63.84
US.ANET,2026-05-07,19281132.0,3348053.0,37725,15709,26022,1239.142857142857,58.75719047619048,0.042812101190476196,185173457552.28,284.66127826500735,13.55529896500035,3.0551136943313604,45.932748538011694,0.10611405137559932,0.7026503644085955,7705277.172786031,1960065.460859843,304449.071930486,58.75719047619048,3.0551136943313604,45.932748538011694,1381.1482217800894,11309.53937007874,1.850979266207872,11.011838284565558,5.466307680700658,0.10310838324536954,25.944558831140654,21,0.9554769714523209,2.5727815134008902,0.3036946171002823,0.0,84.1692789968652,72.41379310344827,56.739811912225704,78.0564263322884,73.35423197492163,80.09404388714734,66.30094043887146,72.41379310344827,92.6332288401254,97.64890282131663,90.43887147335423,68.80877742946709,74.28,84.38395415472779,3,1.0,ACTIVE,,2026-05-07,ATM,30.0,64.57
US.APP,2026-05-07,41089021.0,3589890.0,27949,3962,22195,652.7941176470588,166.23526470588234,0.17587774335294118,157649204779.45,471.77774330279243,13.875815979493895,2.0926661128257766,7.838028169014085,0.08894455813088502,0.4446716503552793,17671002.77962644,9224869.226123126,191724.065263829,166.23526470588234,2.0926661128257766,7.838028169014085,2243.738966288458,6671.004926108374,0.3659258171013451,0.7810615199034984,37.22121042473956,0.23270944741532976,25.78363817871575,34,0.26952676945474857,0.2385996011522269,0.03295804979145159,0.0,89.0282131661442,52.507836990595614,48.275862068965516,84.95297805642633,86.99059561128527,75.07836990595611,98.43260188087774,52.507836990595614,85.42319749216301,64.57680250783699,73.04075235109718,53.76175548589342,67.25,84.38395415472779,3,1.0,ACTIVE,,2026-05-08,ATM,30.0,63.4
US.ARES,2026-05-07,1195837.0,693734.0,2088,1084,6405,3202.5,48.5345,0.5400732125,27932108303.0,26.576407870719002,13.288203935359501,0.33208187076679685,0.38371681415929204,0.015574914910342137,0.019826381198298392,670140.467258123,131996.83416611,34894.139691698,48.5345,0.33208187076679685,0.38371681415929204,570.0393022007909,639.9760147601476,0.14045630989770977,0.2024904733812721,1.8523124568169476,0.06136363636363637,24.053042699339265,2,0.0,0.0,0.0,,34.1692789968652,5.956112852664576,8.307210031347962,36.206896551724135,32.445141065830725,44.357366771159874,51.09717868338558,5.956112852664576,25.235109717868337,29.62382445141066,28.605015673981192,26.332288401253916,23.52,58.73925501432665,2,0.6667,ACTIVE,,2026-05-07,ATM,30.0,43.29
US.ARM,2026-05-07,203759772.0,11760102.0,180197,10757,91989,910.7821782178218,160.68331683168316,0.34794228364356433,252012600000.0,1435.6107667034437,14.213967987162809,11.154299937725781,255.0,9425.12561227066,951897.0,102289140.7372882,31878887.485323284,1458075.5439277,160.68331683168316,11.154299937725781,255.0,1835.778768280578,7131.333333333333,1.722910194613476,9.3359375,29.524687682818627,0.16873458060783056,26.252744923211843,101,0.14225267851573517,0.21105017675443902,0.2051060451716642,0.0,95.61128526645768,84.1692789968652,92.78996865203762,94.67084639498434,92.31974921630093,92.31974921630093,97.96238244514106,84.1692789968652,86.20689655172413,97.02194357366771,65.51724137931035,63.793103448275865,85.32,84.38395415472779,3,1.0,ACTIVE,,2026-05-07,ATM,30.0,66.41
US.ASML,2026-05-07,48608478.0,14834876.0,9108,2049,7771,518.0666666666667,51.309999999999995,0.25076228813333334,595370083832.1,219.1581630956814,14.61054420637876,28.959561761647873,353.0,118982.22054918161,1784729.0,22332579.583985213,104014034.70214313,84952.494563976,51.309999999999995,28.959561761647873,353.0,5775.642646537659,15122.197757390419,1.2696178896126582,5.467529569292569,4.4789796609325,0.1030569008194579,27.112449038772123,15,0.45588525072575653,0.44319442243701473,0.0,,82.2884012539185,86.36363636363636,96.08150470219435,86.20689655172413,97.02194357366771,62.539184952978054,55.64263322884012,86.36363636363636,94.98432601880877,95.29780564263322,80.87774294670847,26.332288401253916,76.88,84.38395415472779,3,1.0,ACTIVE,,2026-05-07,ATM,30.0,65.01
US.AVAV,2026-05-07,6205357.0,2719200.0,2143,808,365,91.25,88.95275000000001,0.714310874,8706990359.41,56.70503301270959,14.176258253177398,214.15907068395626,410.0,551379.748733483,1123051.0,4210851.910509786,1771871.1946060811,34538.409703447,88.95275000000001,214.15907068395626,410.0,2807.833354004356,3365.3465346534654,0.07820412549396738,0.1709451803227445,3.0412491419354164,0.0536764705882353,22.887392029684204,4,0.0,0.0,0.3554206470312667,1.0,61.75548589341693,87.46081504702194,93.8871473354232,70.6896551724138,72.10031347962382,43.8871473354232,90.59561128526646,87.46081504702194,69.74921630094045,25.705329153605017,28.605015673981192,71.00313479623824,72.77,58.73925501432665,2,0.6667,ONGOING,,2026-05-08,ATM,60.0,61.5
US.AVGO,2026-05-07,94414903.0,7179917.0,63601,6478,173637,2846.5081967213114,50.07062295081967,0.33802671303278686,2014317232200.96,854.4636867751127,14.007601422542832,11.967542248868664,230.0,120483.53712018125,3678530.0,51069836.47572628,44896857.97999051,612125.455508351,50.07062295081967,11.967542248868664,230.0,2742.4655993024435,15993.608695652174,0.4558502870914954,1.5703703703703704,3.2443215264022687,0.08522468129515497,28.331301411327402,61,0.16537132966592252,0.3027919457588234,0.2145520924805695,1.0,92.16300940438872,83.38557993730407,99.05956112852664,91.69278996865204,93.8871473354232,86.83385579937304,53.13479623824452,83.38557993730407,95.29780564263322,81.19122257053291,66.77115987460816,64.42006269592476,83.43,84.38395415472779,3,1.0,ONGOING,,2026-05-09,ATM,60.0,76.1
US.AXON,2026-05-07,6803497.0,2887065.0,2322,986,823,164.6,161.66500000000002,-0.022623458000000006,31089589477.86,69.79069029827573,13.958138059655147,2.9438045710666176,4.629107981220657,0.21335655989789223,0.35127496435618843,3346548.233936072,3288713.900510412,27934.929557639,161.66500000000002,2.9438045710666176,4.629107981220657,3864.728202135933,10614.20955882353,0.28991658040561397,0.5019611505416512,31.66075175503395,0.17480392156862745,24.16013885664749,5,1.7648085053812905,0.8605769230769231,0.4243501540457797,0.0,65.20376175548589,43.103448275862064,45.141065830721004,66.30094043887146,78.0564263322884,39.0282131661442,98.11912225705329,43.103448275862064,91.37931034482759,51.724137931034484,93.8871473354232,73.1974921630094,62.82,58.73925501432665,2,0.6667,ACTIVE,,2026-05-07,ATM,30.0,49.84
US.BA,2026-05-07,5802443.0,1128805.0,8200,3061,27762,3966.0,34.19557142857143,0.226703943,181254354966.83,95.06884762464581,13.581263946377973,1.498322483999477,8.502777777777778,0.034400595408762925,0.13637061037900425,2359001.8828081167,2189094.093547842,81567.050403002,34.19557142857143,1.498322483999477,8.502777777777778,896.6174541117898,1721.573619631902,0.26311009075766695,0.6412213740458015,0.6054325653949568,0.030094979466838763,25.92316715780126,7,0.4010763946068714,0.26640926640926643,0.0,,72.10031347962382,52.97805642633229,32.288401253918494,60.9717868338558,74.60815047021944,61.442006269592476,29.46708463949843,52.97805642633229,50.626959247648905,60.658307210031346,79.46708463949844,26.332288401253916,50.56,84.38395415472779,3,1.0,ONGOING,,2026-05-09,ATM,60.0,70.62
US.BABA,2026-05-07,63852718.0,5509222.0,118183,11565,296233,7405.825,52.920075,0.516928836275,339321454209.92,562.4781573256186,14.061953933140463,1.171610481503945,20.485207100591715,0.06473094936562862,1.0725119815791588,32438382.582716998,10659328.227955796,1265841.072765484,52.920075,1.171610481503945,20.485207100591715,797.2328425847884,3018.0022222222224,1.5561223459062856,10.867924528301886,3.8985150549708862,0.09531075029507745,26.55021373753903,40,0.06249783890316419,0.03361028511457058,0.053729051909740165,0.0,89.81191222570533,64.26332288401254,61.12852664576802,89.34169278996865,87.93103448275862,91.53605015673982,58.15047021943573,64.26332288401254,66.4576802507837,97.4921630094044,61.12852664576802,54.54545454545454,70.29,84.38395415472779,3,1.0,ACTIVE,,2026-05-07,ATM,30.0,63.91
US.BAC,2026-05-07,575564.0,575564.0,14835,14835,19124,19124.0,29.919,0.374414143,380377258893.6,13.263107446031226,13.263107446031226,0.7757268353900858,0.7757268353900858,0.005615004354924812,0.005615004354924812,215499.30180165198,8544.484712368001,186127.96007709202,29.919,0.7757268353900858,0.7757268353900858,38.79770812268284,38.79770812268284,2.1081081081081083,2.1081081081081083,8.943451619934832,0.3333333333333333,26.664429383744928,1,0.0,0.0,0.0,,9.404388714733543,13.793103448275861,0.9404388714733543,11.598746081504702,6.112852664576803,74.29467084639498,21.003134796238246,13.793103448275861,0.6269592476489028,86.52037617554859,28.605015673981192,26.332288401253916,18.24,84.38395415472779,3,1.0,ONGOING,,2026-05-09,ATM,60.0,65.23
US.BG,2026-05-07,717241.0,717241.0,774,774,324,324.0,31.51,-0.54551463,24455983395.75,13.483168580069313,13.483168580069313,2.388888888888889,2.388888888888889,0.1756213240875412,0.1756213240875412,391265.45873583,158379.656434587,16521.624200529,31.51,2.388888888888889,2.388888888888889,926.6679586563307,926.6679586563307,0.10958904109589027,0.10958904109589027,0.19171866799733772,0.0136986301369863,23.920140742631787,1,0.0,0.0,0.0,,16.77115987460815,33.22884012539185,36.52037617554859,24.45141065830721,35.26645768025078,26.01880877742947,23.510971786833856,33.22884012539185,35.893416927899686,18.96551724137931,28.605015673981192,26.332288401253916,29.16,24.498567335243553,1,0.3333,N/A,,,,0.0,17.11
US.BIDU,2026-05-07,6212971.0,1339509.0,8350,2477,15725,1965.625,64.353875,0.613772821,47836121328.81,108.14883118579942,13.518603898224928,1.3327444774203305,3.949514563106796,0.07216917110999145,0.24359457133731935,3819952.2478115107,873706.278704176,88157.841915341,64.353875,1.3327444774203305,3.949514563106796,1073.5361558979887,2153.551446945338,1.7958869781475055,4.419276038196758,4.437510915034482,0.07861405147364052,24.59104686742006,8,0.0,0.0,0.5013870175798342,0.0,73.66771159874608,40.909090909090914,40.59561128526646,68.18181818181817,63.94984326018809,63.00940438871473,71.9435736677116,40.909090909090914,56.112852664576806,94.20062695924764,28.605015673981192,75.86206896551724,57.28,84.38395415472779,3,1.0,ONGOING,,2026-05-09,ATM,60.0,71.74
US.BILI,2026-05-07,659577.0,659577.0,2564,2564,176,176.0,58.612,0.668621193,9319870983.39,13.399355515563734,13.399355515563734,14.568181818181818,14.568181818181818,1.675277868086317,1.675277868086317,441007.160615361,18368.652213780002,53171.311108443,58.612,14.568181818181818,14.568181818181818,257.2453198127925,257.2453198127925,0.23711589644326164,0.23711589644326164,0.7299143169232514,0.022727272727272728,22.955414622671487,1,0.0,0.0,0.0,,14.263322884012538,60.18808777429467,66.30094043887146,26.64576802507837,8.620689655172415,52.97805642633229,66.14420062695925,60.18808777429467,9.717868338557993,33.38557993730408,28.605015673981192,26.332288401253916,39.91,24.498567335243553,1,0.3333,N/A,,,,0.0,18.9
US.BKNG,2026-05-07,3462500.0,1887500.0,5000,2500,2851,1425.5,17.3295,-0.392166013,130427538347.52,28.720530755068808,14.360265377534404,7.1894732594968636,13.440860215053764,0.31900082681344366,0.6028902960055603,1480426.699075,145204.080175,61628.9588,17.3295,7.1894732594968636,13.440860215053764,692.5,755.0,0.0,0.0,0.9019824939554252,0.21666666666666667,25.59408364779713,2,0.0,0.0,0.0,,43.8871473354232,59.24764890282132,54.38871473354232,52.35109717868338,34.1692789968652,55.4858934169279,6.426332288401254,59.24764890282132,30.250783699059564,1.8808777429467085,28.605015673981192,26.332288401253916,41.99,58.73925501432665,2,0.6667,ACTIVE,,2026-05-07,ATM,30.0,46.37
US.BRK.B,2026-05-07,858490.0,858490.0,2209,2209,2287,2287.0,17.745,0.657203955,1013354797979.91,13.662931475863434,13.662931475863434,0.9658941845212068,0.9658941845212068,0.00798966061657576,0.00798966061657576,564203.0233279499,108319.67613699,51784.93923342,17.745,0.9658941845212068,0.9658941845212068,388.63286555002264,388.63286555002264,0.8725099601593626,0.8725099601593626,5.446670131863492,0.3333333333333333,27.644287524672233,1,0.0,0.0,0.0,,20.846394984326018,18.65203761755486,2.19435736677116,32.60188087774294,29.310344827586203,52.35109717868338,6.896551724137931,18.65203761755486,16.4576802507837,68.02507836990596,28.605015673981192,26.332288401253916,22.44,84.38395415472779,3,1.0,ONGOING,,2026-05-09,ATM,60.0,65.93
US.BROS,2026-05-07,525350.0,525350.0,2284,2284,320,320.0,108.349,-0.305427457,7517902255.32,13.171821889608019,13.171821889608019,7.1375,7.1375,0.27797472908906196,0.27797472908906196,160456.31453495,17067.77305975,18338.14711155,108.349,7.1375,7.1375,230.01313485113835,230.01313485113835,0.17601295455345514,0.17601295455345514,6.113158471866176,0.1,22.740552980716302,1,0.0,0.0,0.0,,7.6802507836990594,50.470219435736674,42.00626959247649,8.150470219435736,8.307210031347962,28.683385579937305,94.5141065830721,50.470219435736674,8.150470219435736,26.489028213166144,28.605015673981192,26.332288401253916,31.81,24.498567335243553,1,0.3333,N/A,,,,0.0,17.55
US.BWA,2026-05-07,763395.0,763395.0,5480,5480,5889,5889.0,43.468,0.308752085,12242113002.08,13.545532179562484,13.545532179562484,0.9305484802173544,0.9305484802173544,0.021819671325685765,0.021819671325685765,235699.79792857502,54811.693057845,30333.575901105003,43.468,0.9305484802173544,0.9305484802173544,139.30565693430657,139.30565693430657,0.5862068965517241,0.5862068965517241,0.5306826494534235,0.022727272727272728,23.22814773010217,1,0.0,0.0,0.0,,18.808777429467085,16.927899686520377,9.247648902821316,13.94984326018809,19.74921630094044,41.53605015673981,43.41692789968652,16.927899686520377,4.38871473354232,57.05329153605015,28.605015673981192,26.332288401253916,20.88,58.73925501432665,2,0.6667,ACTIVE,,2026-05-07,DEEP_OTM,30.0,42.85
US.C,2026-05-07,1552571.0,920905.0,4050,2797,5412,2706.0,34.7325,0.1729133275,217634560000.0,27.089230882588538,13.544615441294269,0.7247247137790213,0.81048971312663,0.025573998137364114,0.0368032831435564,553143.514020504,322851.29270101397,25174.268501350998,34.7325,0.7247247137790213,0.81048971312663,480.3985319751723,734.9600957701516,0.1721512770137524,0.25,0.189148722882796,0.010525785656728445,26.106083162851085,2,0.6859187429756598,2.232242617717478,0.0,,37.61755485893417,14.733542319749215,13.94984326018809,31.974921630094045,47.64890282131661,37.30407523510972,30.407523510971785,14.733542319749215,29.46708463949843,34.79623824451411,85.57993730407524,26.332288401253916,29.57,84.38395415472779,3,1.0,ONGOING,,2026-05-09,ATM,60.0,67.12
US.CAR,2026-05-07,5485098.0,1167364.0,2780,1068,4618,769.6666666666666,74.34733333333334,-0.7259243393333333,5801422450.78,82.10031542745084,13.68338590457514,1.899195607436804,3.888888888888889,0.3406251296879396,0.8300914931859339,3854733.107927268,623867.557342913,63760.237718612996,74.34733333333334,1.899195607436804,3.888888888888889,2322.6207852979664,3505.5238095238096,0.3162460819310725,0.4636955098021406,4.173349366324241,0.10256238859180035,22.481368974736743,6,0.0,0.0,0.7871753613153311,0.0,68.49529780564264,40.43887147335423,58.620689655172406,68.65203761755487,58.15047021943573,55.956112852664575,83.5423197492163,40.43887147335423,70.53291536050156,48.43260188087774,28.605015673981192,83.5423197492163,59.99,84.38395415472779,3,1.0,ACTIVE,,2026-05-08,DEEP_ITM,30.0,62.19
US.CAT,2026-05-07,17102700.0,10620160.0,1764,693,2301,460.2,55.977599999999995,0.5401055325999999,426936526802.19,72.81741736551109,14.563483473102218,1.4218259541063265,4.95,0.07615197883975537,0.16069212414220713,14580916.566806765,7949747.222351148,24215.429650183,55.977599999999995,1.4218259541063265,4.95,14519.540947298072,53100.8,0.2735809547633644,0.7570755079162763,1.3935047339626818,0.049137032424703665,26.779901189952795,5,0.04875647236604236,0.13367609254498714,0.8055672496155578,0.0,66.30094043887146,43.8871473354232,34.79623824451411,83.5423197492163,85.8934169278997,36.36363636363637,63.16614420062696,43.8871473354232,99.68652037617555,64.1065830721003,59.71786833855799,84.01253918495298,62.19,84.38395415472779,3,1.0,ACTIVE,,2026-05-07,DEEP_ITM,30.0,62.56
US.CBOE,2026-05-07,675977.0,675977.0,448,448,16,16.0,28.427,-0.335757748,36210209264.0,13.423915810116823,13.423915810116823,28.0,28.0,1.2210567196531792,1.2210567196531792,226964.515219796,516706.43376534904,4189.018653368,28.427,28.0,28.0,1508.877232142857,1508.877232142857,0.12420965466909001,0.12420965466909001,0.09157362224693692,0.007352941176470588,24.312606939911902,1,0.0,0.0,0.0,,15.360501567398119,68.49529780564264,62.695924764890286,13.166144200626958,54.2319749216301,7.366771159874608,18.025078369905955,68.49529780564264,47.492163009404386,20.846394984326018,28.605015673981192,26.332288401253916,40.13,58.73925501432665,2,0.6667,ONGOING,,2026-05-09,ATM,60.0,56.06
US.CEG,2026-05-07,2524850.0,1365425.0,1970,1516,6029,2009.6666666666667,58.78933333333333,-0.041415206,116941474228.16,40.66565103903323,13.555217013011076,0.9270935775263761,2.0491803278688523,0.06654672350627734,0.15363456203738224,858084.46663305,1086655.9699115749,17763.46117825,58.78933333333333,0.9270935775263761,2.0491803278688523,2012.815243071723,2717.7696078431372,0.17472947483639126,0.37382809810036294,1.4691678668142627,0.038094794962466656,25.484939426328683,3,3.5539973846778192,8.656862745098039,0.0,,49.686520376175544,31.661442006269592,34.01253918495298,41.53605015673981,65.98746081504702,27.586206896551722,66.4576802507837,31.661442006269592,63.793103448275865,42.16300940438871,95.92476489028213,26.332288401253916,43.41,84.38395415472779,3,1.0,ONGOING,,2026-05-09,ATM,60.0,69.43
US.CELH,2026-05-07,4216682.0,1175562.0,25113,8954,12374,2474.8,134.1172,0.09621784679999999,8426191260.0,68.12156669844126,13.624313339688252,8.693568529616224,15.799107142857142,0.6033290306689443,1.2150029943379792,1639711.819134735,97229.372023217,232833.507064309,134.1172,8.693568529616224,15.799107142857142,195.44071846458033,258.3318632855568,0.6081298677251992,1.068917018284107,16.463177257663865,0.1312121212121212,22.85461069915376,5,0.529971303164344,0.8688048816788213,0.0,,64.42006269592476,61.442006269592476,62.539184952978054,55.01567398119123,27.74294670846395,77.27272727272727,97.02194357366771,61.442006269592476,10.031347962382444,72.72727272727273,82.60188087774296,26.332288401253916,54.97,84.38395415472779,3,1.0,ACTIVE,,2026-05-07,DEEP_OTM,30.0,61.35
US.CF,2026-05-07,1192565.0,1192565.0,2001,2001,41,41.0,101.139,-0.705434321,18397104135.84,13.991617846125054,13.991617846125054,48.80487804878049,48.80487804878049,2.428770141909836,2.428770141909836,841276.281023365,35988.854489720004,46482.786082315004,101.139,48.80487804878049,48.80487804878049,595.984507746127,595.984507746127,0.10369627027931079,0.10369627027931079,28.156363966649796,0.3333333333333333,23.63545910530782,1,0.0,0.0,0.0,,24.76489028213166,72.88401253918495,70.53291536050156,40.909090909090914,14.106583072100312,49.686520376175544,93.2601880877743,72.88401253918495,23.35423197492163,18.025078369905955,28.605015673981192,26.332288401253916,47.3,58.73925501432665,2,0.6667,ACTIVE,,2026-05-07,ATM,30.0,47.25
US.CGNX,2026-05-07,4581069.0,1912894.0,15800,6703,18285,6095.0,111.77266666666667,0.4477180336666667,10398282674.56,42.499394060641414,14.166464686880472,5.9301048663569595,16.59451219512195,0.15389136147973906,0.3934165733000086,2219022.7749061342,169846.50247211498,160346.085044417,111.77266666666667,5.9301048663569595,16.59451219512195,314.4395222890902,510.336070060208,0.663813188525671,0.7536231884057972,6.43174158531368,0.10000000000000002,23.064906502108716,3,0.0,0.0,0.0,,52.82131661442007,61.91222570532915,47.02194357366771,59.71786833855799,36.677115987460816,71.63009404388715,94.98432601880877,61.91222570532915,20.37617554858934,63.94984326018809,28.605015673981192,26.332288401253916,49.39,58.73925501432665,2,0.6667,ONGOING,,2026-05-08,ATM,60.0,57.6
US.CIEN,2026-05-07,4962013.0,2655796.0,573,361,1082,541.0,92.702,0.6475406905,81557198709.33,29.44337486727055,14.721687433635275,0.7128615976645436,1.1496815286624205,0.09935016005249733,0.14663827466818058,3190556.616203794,3607473.873630574,9941.322546259998,92.702,0.7128615976645436,1.1496815286624205,9117.578849370198,10878.382075471698,0.16066882174998098,0.2272044921573878,1.1244785768271506,0.022727272727272728,25.124570435696093,2,0.0,0.0,0.46477447761624163,0.0,45.45454545454545,23.981191222570533,33.38557993730408,65.67398119122258,78.68338557993731,16.927899686520377,91.69278996865204,23.981191222570533,92.47648902821317,32.13166144200627,28.605015673981192,74.29467084639498,49.55,58.73925501432665,2,0.6667,ACTIVE,,2026-05-07,ATM,30.0,47.63
US.CLX,2026-05-07,3154398.0,3154398.0,2720,2720,3902,3902.0,0.0,0.0,10884130803.51,14.964308544528006,14.964308544528006,0.6970784213223987,0.6970784213223987,0.08981284669605877,0.08981284669605877,0.0,0.0,0.0,0.0,0.6970784213223987,0.6970784213223987,1159.7051470588235,1159.7051470588235,0.12679110445137645,0.12679110445137645,0.0,0.1,23.11057167585014,1,0.0,0.0,1.0,0.0,29.62382445141066,12.695924764890282,26.489028213166144,1.8025078369905956,1.8025078369905956,1.8025078369905956,1.8025078369905956,12.695924764890282,40.909090909090914,21.316614420062695,28.605015673981192,94.35736677115987,28.83,84.38395415472779,3,1.0,ACTIVE,,2026-05-07,DEEP_OTM,30.0,57.0
US.CMC,2026-05-07,665569.0,665569.0,1169,1169,152,152.0,43.419,0.620330824,8000524755.6,13.408399095357973,13.408399095357973,7.690789473684211,7.690789473684211,0.6068944450523398,0.6068944450523398,412872.96619885595,62733.928237365006,23564.475103983,43.419,7.690789473684211,7.690789473684211,569.3490162532079,569.3490162532079,0.3104587338251,0.3104587338251,0.5494595707003956,0.022727272727272728,22.802772971050018,1,0.0,0.0,0.0,,14.576802507836991,52.35109717868338,54.70219435736677,25.705329153605017,22.10031347962382,35.26645768025078,43.260188087774296,52.35109717868338,22.570532915360502,38.71473354231975,28.605015673981192,26.332288401253916,36.25,24.498567335243553,1,0.3333,N/A,,,,0.0,18.29
US.COHR,2026-05-07,27790916.0,2935624.0,14857,1813,10199,407.96,148.95056,0.11152092208000002,64619369928.84,344.74334496428963,13.789733798571586,22.537974542808346,453.0,23152.469382194224,578805.0,12068681.485815333,7654250.86200418,154159.621880934,148.95056,22.537974542808346,453.0,2149.3885603328467,4261.375234521576,0.34324891526650203,0.7842055485498107,29.968632080866982,0.1906137626316175,24.891780046905875,25,0.5156256177988682,0.7724886661894536,0.0,,86.99059561128527,88.63636363636364,89.18495297805643,82.13166144200626,85.57993730407524,71.00313479623824,97.33542319749216,88.63636363636364,75.70532915360502,65.04702194357367,82.2884012539185,26.332288401253916,76.11,84.38395415472779,3,1.0,ACTIVE,,2026-05-08,ATM,30.0,64.88
US.COIN,2026-05-07,23110786.0,2382825.0,28606,6041,60945,2770.2272727272725,108.31545454545454,0.17363452918181818,52153187751.56,302.3254992885779,13.742068149480813,8.493959956132644,168.33333333333334,0.7096813621756357,14.583872162726477,10377151.064432766,4279852.296467128,277277.930972416,108.31545454545454,8.493959956132644,168.33333333333334,1156.4595452546064,3223.958904109589,0.21493317614246765,0.4366812227074236,19.80242582025857,0.17473244596444168,24.67745114313213,22,0.5319143379455136,0.6302501852168462,0.07883751768546514,0.0,84.95297805642633,81.34796238244513,82.13166144200626,80.25078369905955,79.9373040752351,79.46708463949844,94.35736677115987,81.34796238244513,67.7115987460815,45.924764890282134,82.75862068965517,56.42633228840125,76.59,84.38395415472779,3,1.0,ACTIVE,,2026-05-08,ATM,30.0,64.96
US.COP,2026-05-07,2610520.0,1363705.0,2606,1469,3130,1565.0,29.7915,0.7593875139999999,144855157432.3,28.161820211276,14.080910105638,4.942448137680622,9.396694214876034,0.452374470376737,0.8666321445203623,2005388.5471636401,453788.184623015,41670.38448459499,29.7915,4.942448137680622,9.396694214876034,1012.4525506016155,1096.5831134564644,0.05753155128077576,0.10885885885885888,1.1391635581179285,0.05251256281407035,25.69900016586654,2,0.0,0.0,0.522388259810306,0.0,42.78996865203762,54.54545454545454,59.09090909090909,58.46394984326019,52.82131661442007,47.64890282131661,20.689655172413794,54.54545454545454,39.811912225705335,18.338557993730408,28.605015673981192,77.27272727272727,52.34,84.38395415472779,3,1.0,ONGOING,,2026-05-09,DEEP_ITM,60.0,70.92
US.COST,2026-05-07,952232.0,952232.0,293,293,196,196.0,24.895,0.470729712,441767016705.0,13.766565031726781,13.766565031726781,1.4948979591836735,1.4948979591836735,0.04879062546434592,0.04879062546434592,448243.89511718403,1294078.397336448,4455.354502128,24.895,1.4948979591836735,1.4948979591836735,3249.938566552901,3249.938566552901,0.24331078555672003,0.24331078555672003,0.3237737975733807,0.022727272727272728,26.814048468527105,1,0.0,0.0,0.0,,22.570532915360502,27.429467084639498,17.0846394984326,27.429467084639498,68.18181818181817,7.993730407523511,13.009404388714735,27.429467084639498,68.02507836990596,33.85579937304075,28.605015673981192,26.332288401253916,28.8,24.498567335243553,1,0.3333,N/A,,,,0.0,17.05
US.CRM,2026-05-07,12509096.0,2211858.0,25631,7527,45715,3516.5384615384614,50.447923076923075,0.1252664266923077,148223157875.36,177.65406709315764,13.665697468704433,1.429608059635383,5.4662529092319625,0.05124374769558253,0.19856948524447565,5127038.570609282,3205131.396937033,243266.699048851,50.447923076923075,1.429608059635383,5.4662529092319625,1103.5557358312121,2636.2350230414745,0.37180837804106504,1.420289855072464,4.439317971779612,0.09114202939746854,25.72198479857501,13,0.3399001396981654,0.25004877097151773,0.045731761911492246,0.0,79.9373040752351,46.23824451410658,38.4012539184953,72.88401253918495,77.74294670846395,77.89968652037618,53.91849529780565,46.23824451410658,62.38244514106584,79.15360501567397,76.33228840125392,54.075235109717866,59.26,84.38395415472779,3,1.0,ONGOING,,2026-05-09,ATM,60.0,72.07
US.CRWD,2026-05-07,3040757.0,1318482.0,1095,455,7703,2567.6666666666665,50.187999999999995,0.15318629766666667,119140909384.47,41.41560244328625,13.80520081442875,0.17630979079145478,0.2786885245901639,0.011285873492561502,0.01957127351745713,1438625.161463388,1919909.621216824,14850.891738232,50.187999999999995,0.17630979079145478,0.2786885245901639,2877.570660594892,3287.084033613445,0.21076445750926265,0.22860483201720272,0.5963619170535001,0.022727272727272724,25.503572742032627,3,0.3464024360274899,0.2777129521586931,0.0,,51.56739811912225,3.605015673981191,7.836990595611286,51.410658307210035,73.04075235109718,24.294670846394983,53.44827586206896,3.605015673981191,68.3385579937304,32.288401253918494,77.4294670846395,26.332288401253916,33.11,84.38395415472779,3,1.0,ACTIVE,,2026-05-08,ATM,30.0,57.71
US.CSCO,2026-05-07,7840252.0,2295656.0,13831,4716,13511,1688.875,36.866,0.411353056875,361968198368.88,109.2291843986038,13.653648049825476,4.626431756626839,24.152173913043477,0.4665716725789952,3.1472847437040974,3817660.814044038,840105.8495019721,167909.94898008098,36.866,4.626431756626839,24.152173913043477,843.5819252419014,2344.2911877394636,0.16965698635631765,0.37178727302117565,1.1411387787005915,0.07961786987522282,26.6148221951062,8,0.07852318055617268,0.18497258396161756,0.40920317357146174,1.0,74.29467084639498,66.4576802507837,72.41379310344827,68.02507836990596,63.63636363636363,72.72727272727273,33.69905956112852,66.4576802507837,58.777429467084644,42.00626959247649,62.06896551724138,72.41379310344827,66.19,58.73925501432665,2,0.6667,ONGOING,,2026-05-09,ATM,60.0,60.4
US.CTRA,2026-05-07,1990759.0,1990759.0,15141,15141,10457,10457.0,28.424,0.249597957,24724651514.64,14.504027033339526,14.504027033339526,1.4479296165248159,1.4479296165248159,0.058469204292576196,0.058469204292576196,496889.379279363,91348.381551872,153822.446184919,28.424,1.4479296165248159,1.4479296165248159,131.48134205138365,131.48134205138365,0.41590850012997144,0.41590850012997144,0.21423221548400775,0.0136986301369863,23.931066619942918,1,0.0,0.0,0.0,,28.526645768025077,26.64576802507837,19.278996865203762,29.93730407523511,26.802507836990596,70.84639498432603,17.86833855799373,26.64576802507837,3.918495297805643,44.98432601880878,28.605015673981192,26.332288401253916,26.97,24.498567335243553,1,0.3333,N/A,,,,0.0,16.74
US.CVNA,2026-05-07,103157291.0,32616259.0,54785,8199,50093,2782.9444444444443,63.24366666666666,0.07471136127777778,55781674270.26,269.7716310040628,14.987312833559043,2.9046332738663367,21.860103626943005,0.16461809217154774,1.3637958258073084,48471924.51183552,59396887.60622973,381533.875920757,63.24366666666666,2.9046332738663367,21.860103626943005,2152.911011323218,5139.099054665023,0.3476104134016025,0.8869441816461684,1.1451807493519661,0.0315933305659333,24.74471123431487,18,0.45069551187094836,1.2504518567203418,0.0,,83.69905956112854,65.36050156739812,63.94984326018809,91.37931034482759,95.29780564263322,82.60188087774296,71.00313479623824,65.36050156739812,80.72100313479625,68.3385579937304,80.56426332288402,26.332288401253916,68.12,84.38395415472779,3,1.0,ACTIVE,,2026-05-07,ATM,30.0,63.55
US.CVS,2026-05-07,3043857.0,1283469.0,6550,3405,21624,5406.0,46.14325,0.75453443175,111320158444.58,53.90448638233589,13.476121595583972,0.6064159446621605,1.141732283464567,0.03958141325995806,0.07573375513186341,2241314.718116862,161108.503013646,188221.388099877,46.14325,0.6064159446621605,1.141732283464567,520.6362837106695,628.7535211267606,1.5621161528351188,2.0023360587351906,6.3633557658198425,0.1390151515151515,25.43567619693744,4,0.0,0.0,0.0,,57.83699059561128,23.510971786833856,23.824451410658305,60.03134796238244,35.42319749216301,74.76489028213166,48.11912225705329,23.510971786833856,24.921630094043888,85.57993730407524,28.605015673981192,26.332288401253916,37.02,84.38395415472779,3,1.0,ONGOING,,2026-05-09,ATM,60.0,68.36
US.CVX,2026-05-07,1162940.0,651650.0,4280,3231,11311,5655.5,26.891,0.42408865250000005,366061320000.0,26.531958600246465,13.265979300123233,0.3555867819382862,0.48659638554216866,0.005846598805868547,0.0075345507104573155,509661.9471851301,216279.11340621999,37761.80543633,26.891,0.3555867819382862,0.48659638554216866,389.7279010916352,621.210676835081,0.19243222296918688,0.23813510446317276,1.0415336091789547,0.06136363636363637,26.626066697300693,2,0.0,0.0,0.0,,33.85579937304075,8.620689655172415,1.8808777429467085,30.407523510971785,41.222570532915356,45.924764890282134,16.144200626959247,8.620689655172415,24.45141065830721,33.69905956112852,28.605015673981192,26.332288401253916,21.56,84.38395415472779,3,1.0,ONGOING,,2026-05-09,ATM,60.0,65.79
US.CW,2026-05-07,4916929.0,2278355.0,1063,408,324,108.0,41.02133333333333,0.2892783456666667,27417968264.19,42.75286123678069,14.250953745593563,53.4433551198257,136.0,2.1614900835813127,4.366622245554524,2577577.0358421043,6107417.8154633995,14781.181422557,41.02133333333333,53.4433551198257,136.0,4785.0474399595905,6509.585714285714,0.06834842476870202,0.12102193469486554,0.39966031381112344,0.01823793490460157,24.03446441151507,3,0.24676393273108127,0.6229007633587786,0.0,,53.44827586206896,80.09404388714734,76.48902821316614,62.539184952978054,83.5423197492163,24.137931034482758,40.59561128526646,80.09404388714734,85.10971786833855,20.06269592476489,72.41379310344827,26.332288401253916,61.1,24.498567335243553,1,0.3333,N/A,,,,0.0,22.43
US.CYTK,2026-05-07,636603.0,636603.0,1600,1600,265,265.0,56.871,0.412156523,9312533164.6,13.363903077190848,13.363903077190848,6.037735849056604,6.037735849056604,0.3209881709911963,0.3209881709911963,262380.079011369,63642.470023176,16963.085235162,56.871,6.037735849056604,6.037735849056604,397.876875,397.876875,0.2233333333333333,0.2233333333333333,0.6918186245603668,0.022727272727272728,22.95462698205246,1,0.0,0.0,0.0,,12.852664576802509,48.11912225705329,43.8871473354232,16.30094043887147,22.570532915360502,26.489028213166144,64.42006269592476,48.11912225705329,16.927899686520377,31.818181818181817,28.605015673981192,26.332288401253916,32.8,58.73925501432665,2,0.6667,ONGOING,,2026-05-09,DEEP_ITM,60.0,54.84
US.DAL,2026-05-07,542762.0,542762.0,4027,4027,9755,9755.0,43.565,0.389404897,48183964895.6,13.2044280395495,13.2044280395495,0.41281394156842643,0.41281394156842643,0.007586496376942761,0.007586496376942761,211354.180705514,23904.387507154,41604.662871486,43.565,0.41281394156842643,0.41281394156842643,134.7807300720139,134.7807300720139,1.4675052410901466,1.4675052410901466,2.5592302704250116,0.1,24.598292124159425,1,0.0,0.0,0.0,,8.150470219435736,6.739811912225706,2.037617554858934,11.285266457680251,10.9717868338558,47.492163009404386,43.573667711598745,6.739811912225706,4.075235109717868,79.9373040752351,28.605015673981192,26.332288401253916,16.88,84.38395415472779,3,1.0,ACTIVE,,2026-05-08,ATM,30.0,55.01
US.DASH,2026-05-07,9078695.0,1776642.0,11631,2042,2940,294.0,157.96710000000002,0.2644325622,73192320456.42,136.32618393883146,13.632618393883146,8.638711737598918,23.0,0.4145877084130244,1.2519669865859504,4297772.861175628,920366.1595628461,129833.481646183,157.96710000000002,8.638711737598918,23.0,862.266166381354,1526.3247422680413,0.4640478025469603,0.80411491206397,40.027835986739255,0.24787878787878787,25.01635634062617,10,0.260759308393559,0.5456478405315615,0.0,,76.64576802507837,65.8307210031348,63.16614420062696,70.84639498432603,64.73354231974922,68.3385579937304,97.64890282131663,65.8307210031348,47.80564263322884,65.51724137931035,72.88401253918495,26.332288401253916,61.83,84.38395415472779,3,1.0,ONGOING,,2026-05-09,DEEP_ITM,60.0,72.5
US.DDOG,2026-05-07,23268068.0,4381154.0,37176,9332,30784,1539.2,159.14939999999999,0.247238448,51152456867.33,274.75494686548353,13.737747343274176,10.658119884634988,82.58407079646018,0.45858379481964373,4.763449394614153,9847225.292410936,2053489.1950847001,326048.150145922,159.14939999999999,10.658119884634988,82.58407079646018,901.9523455578513,1950.7875354107648,0.2639013434727816,0.5667157016422699,34.55004063426443,0.19271613190730835,24.65807636080694,20,0.5499289418142203,0.3501852255393332,0.0,,84.01253918495298,76.17554858934169,76.95924764890282,79.78056426332289,73.66771159874608,81.50470219435736,97.80564263322884,76.17554858934169,53.76175548589342,55.79937304075236,83.5423197492163,26.332288401253916,69.45,84.38395415472779,3,1.0,ACTIVE,,2026-05-08,DEEP_ITM,30.0,63.77
US.DE,2026-05-07,1140000.0,1140000.0,300,300,2,2.0,40.798,0.628600602,159806272322.48,13.946539697563276,13.946539697563276,150.0,150.0,9.634237036035428,9.634237036035428,716604.68628,730348.3541400001,6232.76532,40.798,150.0,150.0,3800.0,3800.0,0.0,0.0,0.7388766307763285,0.03225806451612903,25.79722812059389,1,0.0,0.0,0.0,,24.45141065830721,80.40752351097179,80.09404388714734,37.61755485893417,61.75548589341693,10.501567398119123,40.12539184952978,80.40752351097179,72.5705329153605,1.8808777429467085,28.605015673981192,26.332288401253916,50.9,58.73925501432665,2,0.6667,ONGOING,,2026-05-08,ATM,60.0,57.85
US.DELL,2026-05-07,49381188.0,4468748.0,61127,10270,33083,870.6052631578947,67.68805263157896,0.5590436439210527,154204730098.8,528.290610999087,13.902384499975973,132.6121261714795,3656.0,74878.5317171503,1255547.0,30162161.048682388,10105224.46406428,545619.308907142,67.68805263157896,132.6121261714795,3656.0,1535.6091217498576,3877.1523178807947,3.477766419538673,25.347506132461156,5.955252560265246,0.11323883052396258,25.761546972701147,38,0.057145767389083606,0.020842031430050603,0.28991123097322,0.0,89.49843260188088,97.96238244514106,94.82758620689656,88.24451410658307,87.46081504702194,85.8934169278997,75.86206896551724,97.96238244514106,73.35423197492163,98.7460815047022,60.50156739811913,68.18181818181817,85.37,84.38395415472779,3,1.0,ONGOING,,2026-05-09,ATM,60.0,76.42
US.DHI,2026-05-07,656200.0,656200.0,340,340,97,97.0,34.916,0.994759333,42301570871.21,13.39422242343361,13.39422242343361,3.5051546391752577,3.5051546391752577,0.45350596323712866,0.45350596323712866,652761.0743146,2317.9661296,1213.1215334,34.916,3.5051546391752577,3.5051546391752577,1930.0,1930.0,0.0,0.0,5.317679611188741,0.1,24.468090058767967,1,0.0,0.0,1.0,0.0,14.106583072100312,39.341692789968654,48.7460815047022,35.893416927899686,3.605015673981191,3.918495297805643,30.721003134796238,39.341692789968654,53.44827586206896,1.8808777429467085,28.605015673981192,94.35736677115987,41.25,58.73925501432665,2,0.6667,ONGOING,,2026-05-09,DEEP_ITM,60.0,56.24
US.DIS,2026-05-07,685450.0,685450.0,404,404,873,873.0,0.0,0.0,187647424477.44,13.437832294758598,13.437832294758598,0.4627720504009164,0.4627720504009164,0.07266019747630766,0.07266019747630766,0.0,0.0,0.0,0.0,0.4627720504009164,0.4627720504009164,1696.6584158415842,1696.6584158415842,0.17504240016687977,0.17504240016687977,0.0,0.1,25.957830637298372,1,0.0,0.0,1.0,0.0,15.987460815047022,8.150470219435736,22.884012539184955,1.8025078369905956,1.8025078369905956,1.8025078369905956,1.8025078369905956,8.150470219435736,50.0,26.332288401253916,28.605015673981192,94.35736677115987,26.79,84.38395415472779,3,1.0,ONGOING,,2026-05-09,DEEP_ITM,60.0,66.66
US.DOCN,2026-05-07,14340450.0,4445400.0,6162,2176,6189,1031.5,123.29516666666666,0.6450415621666666,16801589499.19,87.64160006481985,14.606933344136642,627.2847041160608,1440.0,1803247.5936491236,4445400.0,8763078.947270863,5062834.885130667,84301.633117624,123.29516666666666,627.2847041160608,1440.0,3030.1650960383436,5652.04329004329,0.18116448162082155,0.6760869565217392,9.177792293117424,0.07592978442347237,23.544739331986634,6,0.0,0.0,0.09104470222343092,0.0,70.84639498432603,95.141065830721,99.37304075235109,78.99686520376176,81.34796238244513,62.38244514106584,96.3949843260188,95.141065830721,82.13166144200626,61.442006269592476,28.605015673981192,57.210031347962385,78.26,84.38395415472779,3,1.0,ACTIVE,,2026-05-07,DEEP_OTM,30.0,65.24
US.DOW,2026-05-07,968686.0,968686.0,10768,10768,70,70.0,45.515,0.281221976,27748545363.0,13.783696825276941,13.783696825276941,153.82857142857142,153.82857142857142,3.594382189239332,3.594382189239332,272415.791043536,36034.707508449996,65097.687912358,45.515,153.82857142857142,153.82857142857142,89.95969539375929,89.95969539375929,0.07406985356959717,0.07406985356959717,0.7901945385128728,0.03225806451612903,24.0464492564496,1,0.0,0.0,0.0,,23.04075235109718,80.72100313479625,74.13793103448276,17.711598746081506,14.263322884012538,56.58307210031348,46.70846394984326,80.72100313479625,2.978056426332288,13.009404388714735,28.605015673981192,26.332288401253916,43.96,24.498567335243553,1,0.3333,N/A,,,,0.0,19.58
US.DUOL,2026-05-07,549147.0,549147.0,431,431,200,200.0,70.111,0.491545906,4893209147.34,13.216123265217691,13.216123265217691,2.155,2.155,0.2614487716625405,0.2614487716625405,269930.959642182,124537.34083860299,5494.272297140999,70.111,2.155,2.155,1274.122969837587,1274.122969837587,0.1604304472307236,0.1604304472307236,0.34566990439404105,0.009259259259259259,22.311114192738003,1,0.0,0.0,0.0,,8.77742946708464,32.13166144200627,41.37931034482759,17.398119122257054,31.661442006269592,9.090909090909092,78.52664576802508,32.13166144200627,42.94670846394985,24.608150470219435,28.605015673981192,26.332288401253916,30.52,58.73925501432665,2,0.6667,ONGOING,,2026-05-08,DEEP_ITM,60.0,54.46
US.DVA,2026-05-07,7725287.0,3311197.0,3366,1539,2275,758.3333333333334,35.957,0.798878316,12447096000.0,44.19249310823248,14.730831036077495,64.68484193458853,192.375,5.697331150145043,16.855735506498867,6188401.59549727,2067820.153339366,50044.738053895,35.957,64.68484193458853,192.375,2400.565374774516,2953.7885816235503,0.7858897311191906,1.03124446281968,0.268057825254946,0.011164940416527451,23.244753179717705,3,0.0,0.0,0.6615799516574594,0.0,54.38871473354232,81.97492163009404,82.9153605015674,74.92163009404389,73.82445141065831,51.88087774294671,33.07210031347962,81.97492163009404,65.51724137931035,71.47335423197492,28.605015673981192,80.87774294670847,70.0,84.38395415472779,3,1.0,ACTIVE,,2026-05-07,ATM,30.0,63.86
US.DVN,2026-05-07,2334405.0,616772.0,41269,26108,53900,13475.0,38.6335,-0.0660678045,28938600000.0,53.104034321202015,13.276008580300504,6.00924854731235,14.510752688172044,0.325441682655789,0.6487966001851384,777393.980378488,110038.217271081,83292.47553818,38.6335,6.00924854731235,14.510752688172044,222.90381429685064,616.1558441558442,0.265806688306211,0.463235294117647,0.37928585272704873,0.019360269360269362,24.088442181063908,4,0.35908252810699376,0.024858448395748484,0.26420950948957017,0.0,56.58307210031348,60.03134796238244,55.4858934169279,39.6551724137931,29.93730407523511,61.91222570532915,36.990595611285265,60.03134796238244,24.294670846394983,48.11912225705329,77.74294670846395,67.39811912225704,54.03,84.38395415472779,3,1.0,ACTIVE,,2026-05-08,DEEP_OTM,30.0,61.2
US.DY,2026-05-07,648418.0,648418.0,202,202,1438,1438.0,51.583,0.795271662,13741914250.22,13.382292371313781,13.382292371313781,0.1404728789986092,0.1404728789986092,0.009850071011511018,0.009850071011511018,515668.460530716,132250.89435576,4967.074460146,51.583,0.1404728789986092,0.1404728789986092,3209.990099009901,3209.990099009901,0.15136818302575725,0.15136818302575725,3.064508559844189,0.1,23.343716433630426,1,0.0,0.0,0.0,,13.479623824451412,0.7836990595611284,3.918495297805643,30.721003134796238,32.60188087774294,8.463949843260188,56.112852664576806,0.7836990595611284,67.0846394984326,23.824451410658305,28.605015673981192,26.332288401253916,20.27,24.498567335243553,1,0.3333,N/A,,,,0.0,15.63
US.EA,2026-05-07,9434944.0,2925430.0,17577,5002,23396,4679.2,18.6392,-0.2587336,50248443033.27,72.07779930669606,14.415559861339213,1005.2584605051427,5002.0,585086.1464024477,2925430.0,2317994.922036362,2738481.440450208,171717.940018854,18.6392,1005.2584605051427,5002.0,557.0973212848492,610.0,0.18366216148309814,0.3515456669161508,0.08902844880737419,0.011035007610350075,24.640245399012933,5,0.0,0.0,0.0,,65.8307210031348,98.27586206896551,98.58934169278997,60.658307210031346,76.8025078369906,73.35423197492163,7.523510971786834,98.27586206896551,23.981191222570533,40.59561128526646,28.605015673981192,26.332288401253916,63.88,58.73925501432665,2,0.6667,ACTIVE,,2026-05-07,DEEP_OTM,30.0,50.02
US.EBAY,2026-05-07,1752703.0,1752703.0,4361,4361,4848,4848.0,37.699,0.649811258,48018600000.0,14.37667029625185,14.37667029625185,0.8995462046204621,0.8995462046204621,0.03342867747246292,0.03342867747246292,1138926.141330374,109961.270105924,101703.43095386,37.699,0.8995462046204621,0.8995462046204621,401.9039211190094,401.9039211190094,0.5266174679372359,0.5266174679372359,2.2675611448148865,0.1,24.59485427281639,1,0.0,0.0,0.0,,27.586206896551722,16.30094043887147,13.166144200626958,47.02194357366771,29.780564263322884,65.04702194357367,34.639498432601876,16.30094043887147,17.24137931034483,53.76175548589342,28.605015673981192,26.332288401253916,27.11,24.498567335243553,1,0.3333,N/A,,,,0.0,16.77
US.EL,2026-05-07,625670.0,625670.0,1001,1001,2709,2709.0,45.755,-0.320048063,31356765283.05,13.34657995282221,13.34657995282221,0.3695090439276486,0.3695090439276486,0.026648178579723254,0.026648178579723254,200244.47157721,117756.41407201,9362.33317364,45.755,0.3695090439276486,0.3695090439276486,625.044955044955,625.044955044955,0.060580767625637806,0.060580767625637806,0.1548787304259043,0.007352941176470588,24.168695879278477,1,0.0,0.0,0.0,,12.539184952978054,5.172413793103448,10.815047021943574,10.18808777429467,30.877742946708466,15.830721003134796,47.492163009404386,5.172413793103448,24.608150470219435,11.128526645768025,28.605015673981192,26.332288401253916,17.19,58.73925501432665,2,0.6667,ONGOING,,2026-05-09,DEEP_ITM,60.0,52.23
US.ENTG,2026-05-07,2110570.0,1173775.0,1542,1021,1097,548.5,61.774,0.477685939,23768650000.0,27.725957281885687,13.862978640942844,1.422643173272104,1.9264150943396225,0.12404932562929943,0.1420935333838544,991328.0537346499,697243.737766335,15866.76259892,61.774,1.422643173272104,1.9264150943396225,1473.8518651504583,1798.071017274472,0.2519567302674427,0.27872798682376787,0.3068983444757058,0.009259259259259259,23.89163332246923,2,0.0,0.0,0.0,,41.06583072100313,31.19122257053292,32.9153605015674,44.043887147335425,60.658307210031346,24.921630094043888,69.43573667711598,31.19122257053292,52.03761755485894,36.36363636363637,28.605015673981192,26.332288401253916,37.34,24.498567335243553,1,0.3333,N/A,,,,0.0,18.47
US.EOG,2026-05-07,1750250.0,614282.0,2106,864,146,48.666666666666664,39.645,0.402705962,71739736705.7,39.82479990189119,13.274933300630396,312.34731934731934,620.0,20.799420355920464,39.81921449253842,1233070.1585248131,204673.95542649302,43543.270925659,39.645,312.34731934731934,620.0,846.6903765713818,964.056270096463,0.032418078045008784,0.09074074074074077,1.8127820672040424,0.07123287671232877,24.996310638939267,3,0.5407564297585847,0.6956521739130435,0.0,,48.275862068965516,90.75235109717869,85.10971786833855,48.43260188087774,39.96865203761755,48.275862068965516,38.24451410658307,90.75235109717869,36.52037617554859,16.30094043887147,83.07210031347962,26.332288401253916,58.93,58.73925501432665,2,0.6667,ACTIVE,,2026-05-07,ATM,30.0,49.19
US.EQT,2026-05-07,957738.0,957738.0,19537,19537,18002,18002.0,38.97,-0.189205823,35877418080.0,13.772330577245047,13.772330577245047,1.085268303521831,1.085268303521831,0.009275061952670065,0.009275061952670065,181209.60650837398,47279.214281262,36496.893568344,38.97,1.085268303521831,1.085268303521831,49.021753595741416,49.021753595741416,0.3983703033046628,0.3983703033046628,0.5077518005034245,0.02631578947368421,24.30337391170942,1,0.0,0.0,0.0,,22.884012539184955,22.884012539184955,3.605015673981191,9.090909090909092,17.711598746081506,45.61128526645768,37.14733542319749,22.884012539184955,1.09717868338558,44.043887147335425,28.605015673981192,26.332288401253916,20.39,58.73925501432665,2,0.6667,ACTIVE,,2026-05-07,DEEP_OTM,30.0,42.77
US.ETN,2026-05-07,22467053.0,16506143.0,1065,739,1073,536.5,0.0,0.0,163625737000.0,32.21997711290683,16.109988556453416,0.9937792590041895,0.9969418960244648,0.4788352787174076,0.5250764624442521,0.0,0.0,0.0,0.0,0.9937792590041895,0.9969418960244648,20310.391069012177,22335.78213802436,0.003603940786133678,0.007207881572267356,0.0,0.010525785656728445,25.820847565374123,2,0.0,0.0,1.0,0.0,46.23824451410658,20.689655172413794,51.410658307210035,1.8025078369905956,1.8025078369905956,1.8025078369905956,1.8025078369905956,20.689655172413794,97.17868338557993,4.075235109717868,28.605015673981192,94.35736677115987,38.64,84.38395415472779,3,1.0,ACTIVE,,2026-05-08,DEEP_ITM,30.0,58.63
US.FANG,2026-05-07,1432986.0,730246.0,1053,534,1008,504.0,33.567,0.7800131385,54878292288.4,26.96388179391588,13.48194089695794,10.252663324455584,19.96153846153846,0.711812920417871,1.3855065377517704,1122208.08774582,257953.35635713598,17461.320484546,33.567,10.252663324455584,19.96153846153846,1360.7644238055032,1367.5018726591761,0.0783319820573001,0.10975344805627765,1.2724934169940438,0.05684931506849315,24.728383702704235,2,0.0,0.0,0.5095974419847786,0.0,37.14733542319749,63.793103448275865,64.26332288401254,46.70846394984326,43.8871473354232,27.11598746081505,28.369905956112852,63.793103448275865,44.827586206896555,19.122257053291534,28.605015673981192,76.17554858934169,52.5,24.498567335243553,1,0.3333,N/A,,,,0.0,21.0
US.FCX,2026-05-07,8836845.0,5210070.0,36098,22380,82061,13676.833333333334,49.73666666666667,0.5099928085,87511205789.34,82.91224077233102,13.818706795388502,1.099098788353734,4.756641870350691,0.040423676775693924,0.18186032232825555,3559242.698887403,715291.051105358,332726.423520024,49.73666666666667,1.099098788353734,4.756641870350691,348.35453272484557,760.656010230179,0.5845677189786008,1.1856308617943725,1.377567283011959,0.04698007471980075,25.195032688285522,6,0.0,0.0,0.06731282488263628,0.0,69.43573667711598,43.41692789968652,36.83385579937304,67.0846394984326,61.442006269592476,81.6614420062696,52.97805642633229,43.41692789968652,30.877742946708466,75.39184952978056,28.605015673981192,55.79937304075236,51.49,84.38395415472779,3,1.0,ACTIVE,,2026-05-07,DEEP_OTM,30.0,60.77
US.FE,2026-05-07,1649200.0,893950.0,1230,680,245,122.5,27.1615,0.4684977495,26347540021.25,27.238211666123057,13.619105833061528,15.261111111111111,27.5,5.27488108305891,9.812843029637762,707665.85061975,14602.8116175,11011.56237075,27.1615,15.261111111111111,27.5,1368.0127005347595,1625.3636363636363,0.06327656807059627,0.09003794456235131,0.39650412437089705,0.022727272727272728,23.9946407497863,2,0.0,0.0,1.0,1.0,38.87147335423197,68.18181818181817,80.40752351097179,37.30407523510972,7.993730407523511,19.435736677115987,16.30094043887147,68.18181818181817,49.686520376175544,15.987460815047022,28.605015673981192,94.35736677115987,54.98,24.498567335243553,1,0.3333,N/A,,,,0.0,21.41
US.FLEX,2026-05-07,6958781.0,2255429.0,5807,3555,4185,697.5,46.46616666666667,0.525586007,49536707780.52,83.25229469900972,13.875382449834953,62.959160953126464,323.1818181818182,3.228206945346999,15.218511096266607,3848000.372208467,597826.2237690941,79588.071009835,46.46616666666667,62.959160953126464,323.1818181818182,2340.4588244360866,3827.019047619048,14.133283749391778,48.07692307692308,1.648667273992383,0.07129206639256891,24.625979803036728,6,0.0,0.0,0.6758873429125015,0.0,69.74921630094045,85.57993730407524,82.44514106583071,68.49529780564264,56.58307210031348,60.18808777429467,48.43260188087774,85.57993730407524,72.88401253918495,99.84326018808778,28.605015673981192,81.03448275862068,72.92,84.38395415472779,3,1.0,ACTIVE,,2026-05-08,DEEP_ITM,30.0,64.35
US.FTNT,2026-05-07,10967361.0,6065399.0,30093,12182,21672,4334.4,110.33600000000001,0.141248481,65852579127.65,70.69092009274104,14.138184018548207,10.533629588193833,25.833333333333332,0.3897328948129199,0.8016547654679951,3945459.421637296,1050422.619534662,267261.137048763,110.33600000000001,10.533629588193833,25.833333333333332,348.54953006206523,518.1001964636542,0.1952530183891829,0.2884122372244061,22.879911305708788,0.16242424242424242,24.9106844310908,5,4.409451999660656,3.8505802707930368,0.0,,65.67398119122258,67.7115987460815,58.307210031347964,68.96551724137932,65.8307210031348,78.84012539184953,94.67084639498434,67.7115987460815,20.846394984326018,36.52037617554859,96.23824451410658,26.332288401253916,59.67,84.38395415472779,3,1.0,ACTIVE,,2026-05-08,DEEP_ITM,30.0,62.14
US.GE,2026-05-07,34062955.0,9611198.0,56735,9725,51479,3431.9333333333334,45.912866666666666,0.5245833835333333,319083826580.05,213.0101850805868,14.200679005372454,1.3060498715972015,4.935992578849722,0.025056832378738472,0.09996502029975274,17824466.697340403,7642929.144934296,611334.017500181,45.912866666666666,1.3060498715972015,4.935992578849722,1007.801870837616,2404.088888888889,3.6803709021741797,17.034068136272545,6.309417157395,0.14584373143196672,26.488719684461778,15,0.0,0.0,0.0,,81.81818181818183,43.73040752351097,28.369905956112852,85.10971786833855,85.42319749216301,86.67711598746082,47.64890282131661,43.73040752351097,59.56112852664577,98.43260188087774,28.605015673981192,26.332288401253916,52.44,84.38395415472779,3,1.0,ACTIVE,,2026-05-07,ATM,30.0,60.93
US.GEV,2026-05-07,2806402.0,940864.0,2184,738,2229,557.25,52.94525,0.1499892425,300686925605.2,53.723940384137165,13.430985096034291,1.408528617221663,3.3181818181818183,0.01662784546017675,0.031101177902672146,718369.836496397,1752747.915785723,6135.044341049,52.94525,1.408528617221663,3.3181818181818183,1672.7250681201526,3596.7954545454545,0.4508538812264896,0.7323881380758921,1.8103349823703803,0.06136363636363637,26.42933544613596,4,1.110706729753167,1.279749478079332,0.0,,57.210031347962385,38.24451410658307,12.225705329153605,38.087774294670844,71.78683385579937,10.18808777429467,58.46394984326019,38.24451410658307,71.00313479623824,63.479623824451416,91.06583072100314,26.332288401253916,41.79,84.38395415472779,3,1.0,ONGOING,,2026-05-09,DEEP_OTM,60.0,69.16
US.GLW,2026-05-07,69898969.0,5551379.0,73502,7595,80971,1686.8958333333333,80.31735416666668,0.47572597043750003,156266009885.25,673.017930823179,14.021206892149563,3.903681277686777,86.3,0.2693552338794965,8.248416588643499,38861443.75726507,11710195.398472372,964008.646316918,80.31735416666668,3.903681277686777,86.3,1707.2819758685437,4215.170083523159,4.384612888370441,32.49444855662472,8.778104962660569,0.11923679084499085,25.77482558358592,48,0.08103340213591224,0.08277477424391969,0.21751194928211315,0.0,91.06583072100314,76.48902821316614,78.99686520376176,90.43887147335423,88.87147335423198,90.12539184952978,85.8934169278997,76.48902821316614,75.39184952978056,99.37304075235109,62.225705329153605,64.73354231974922,79.29,84.38395415472779,3,1.0,ACTIVE,,2026-05-07,ATM,30.0,65.41
US.GME,2026-05-07,5894490.0,1777935.0,68385,20756,167352,27892.0,56.6285,0.34695557650000003,11285602701.69,82.21116468376282,13.701860780627136,0.761357706851272,1.5249605885444035,0.029643155848603425,0.055814001512876285,2721635.738994631,137507.492165694,885941.8935726241,56.6285,0.761357706851272,1.5249605885444035,115.87723422647058,202.31225905936776,0.7418009259685999,1.7704918032786887,3.794577369629174,0.09338978015448603,23.146793653205822,6,0.11789470929283201,0.05010595497681275,0.0,,68.65203761755487,28.369905956112852,18.65203761755486,63.94984326018809,33.07210031347962,89.65517241379311,63.793103448275865,28.369905956112852,7.053291536050156,84.1692789968652,64.57680250783699,26.332288401253916,40.98,84.38395415472779,3,1.0,ACTIVE,,2026-05-07,ATM,30.0,59.02
US.GOOG,2026-05-07,225970170.0,22291279.0,176596,12304,219141,2578.1294117647058,33.71998823529412,0.4323473079294118,4787516240000.0,1212.5520632908745,14.265318391657347,25.770823595286117,1182.0,10320.47621949531,877162.0,121636277.66732621,102358805.32893285,2072031.9972740891,33.71998823529412,25.770823595286117,1182.0,2350.3790027026034,31888.046210720888,0.7032970351881938,6.1,2.5972913964919777,0.09212480967989845,29.19703286259687,85,0.27869517531363375,0.3422820832446566,0.24347478695971242,1.0,94.20062695924764,94.35736677115987,92.16300940438872,95.29780564263322,96.86520376175548,93.73040752351098,28.683385579937305,94.35736677115987,98.58934169278997,95.61128526645768,73.82445141065831,66.14420062695925,85.86,84.38395415472779,3,1.0,ACTIVE,,2026-05-07,ATM,30.0,66.5
US.GOOGL,2026-05-07,245039609.0,16956014.0,262767,32398,401777,3652.518181818182,32.91718181818182,0.4361083972,4820023468000.0,1569.7000162127401,14.270000147388547,61.89392082576167,1739.0,27161.120158131595,1196589.0,147143610.42382124,78401291.46663783,3208244.237307271,32.91718181818182,61.89392082576167,1739.0,2156.52386733491,10327.457746478873,0.5122456218300369,3.951219512195122,2.048118331870702,0.09000761957147348,29.20379991285908,110,0.06216205868107099,0.1264065775316252,0.18314324440503005,0.0,96.3949843260188,95.6896551724138,94.35736677115987,95.92476489028213,95.92476489028213,96.08150470219435,26.332288401253916,95.6896551724138,91.22257053291536,93.41692789968651,60.9717868338558,62.06896551724138,84.77,84.38395415472779,3,1.0,ACTIVE,,2026-05-08,ATM,30.0,66.32
US.GS,2026-05-07,1230633.0,1230633.0,248,248,207,207.0,31.938,-0.358439041,276525206074.35,14.02304004170582,14.02304004170582,1.1980676328502415,1.1980676328502415,0.06342440877496922,0.06342440877496922,441106.91234295303,2611272.076210557,2566.524501756,31.938,1.1980676328502415,1.1980676328502415,4962.229838709677,4962.229838709677,0.04481119376672818,0.04481119376672818,0.10377511989552422,0.007352941176470588,26.34556781496671,1,0.0,0.0,0.0,,25.235109717868337,24.137931034482758,20.689655172413794,26.802507836990596,76.17554858934169,5.172413793103448,24.137931034482758,24.137931034482758,79.9373040752351,8.463949843260188,28.605015673981192,26.332288401253916,29.67,84.38395415472779,3,1.0,ACTIVE,,2026-05-08,ATM,30.0,57.14
US.GXO,2026-05-07,1625507.0,1625507.0,4844,4844,3,3.0,39.427,-0.322130866,5742006899.93,14.301330940276582,14.301330940276582,1614.6666666666667,1614.6666666666667,108.56254591598211,108.56254591598211,523625.977599062,99761.199161013,86618.77837966601,39.427,1614.6666666666667,1614.6666666666667,335.5712221304707,335.5712221304707,0.1322932347976826,0.1322932347976826,0.43560645925309793,0.022727272727272728,22.47107462047842,1,0.0,0.0,0.0,,26.959247648902824,95.45454545454545,86.83385579937304,31.19122257053292,28.056426332288403,62.85266457680251,37.774294670846395,95.45454545454545,14.106583072100312,21.786833855799372,28.605015673981192,26.332288401253916,52.19,24.498567335243553,1,0.3333,N/A,,,,0.0,20.95
US.HD,2026-05-07,796564.0,796564.0,501,501,346,346.0,32.992,-0.355792052,321766734916.9,13.588064012033326,13.588064012033326,1.4479768786127167,1.4479768786127167,0.07126476064032036,0.07126476064032036,283411.14010932803,517577.62315664,5208.3137999,32.992,1.4479768786127167,1.4479768786127167,1589.9481037924152,1589.9481037924152,0.01392451839910882,0.01392451839910882,0.13799333005788145,0.009259259259259259,26.497092694246906,1,0.0,0.0,0.0,,19.435736677115987,26.802507836990596,22.727272727272727,18.808777429467085,54.54545454545454,8.934169278996865,26.64576802507837,26.802507836990596,49.21630094043887,5.172413793103448,28.605015673981192,26.332288401253916,26.34,84.38395415472779,3,1.0,ACTIVE,,2026-05-08,DEEP_ITM,30.0,56.58
US.HIMS,2026-05-07,1816295.0,674627.0,8501,4075,5488,1829.3333333333333,98.93933333333332,-0.10592435533333334,6211189313.28,39.92349441368472,13.30783147122824,2.3958490471893854,3.4680851063829787,0.20307492633578253,0.3814244780358952,641389.72445997,61892.872928897006,80706.35996966099,98.93933333333332,2.3958490471893854,3.4680851063829787,240.1556388032952,335.1351217088922,0.17356142059360993,0.2902968285071485,1.784249966541161,0.03174981075867458,22.54961823054207,3,2.4965194491181193,1.0861349693251534,0.0,,48.589341692789965,38.87147335423197,46.08150470219436,35.26645768025078,21.9435736677116,60.658307210031346,92.94670846394985,38.87147335423197,13.94984326018809,36.677115987460816,94.98432601880877,26.332288401253916,43.07,58.73925501432665,2,0.6667,ONGOING,,2026-05-09,ATM,60.0,56.55
US.HL,2026-05-07,605864.0,605864.0,2256,2256,6795,6795.0,64.504,0.493257057,12173430114.45,13.314412467956794,13.314412467956794,0.33200883002207504,0.33200883002207504,0.04912573456823909,0.04912573456823909,298846.693582248,26675.022602480003,33942.915042176,64.504,0.33200883002207504,0.33200883002207504,268.5567375886525,268.5567375886525,0.5266106442577031,0.5266106442577031,0.254638938295501,0.007352941176470588,23.222521554311637,1,0.0,0.0,0.0,,11.285266457680251,4.38871473354232,17.24137931034483,20.219435736677116,11.755485893416928,43.260188087774296,72.25705329153605,4.38871473354232,10.501567398119123,53.60501567398119,28.605015673981192,26.332288401253916,20.58,24.498567335243553,1,0.3333,N/A,,,,0.0,15.68
US.HLT,2026-05-07,3100998.0,3100998.0,1239,1239,165,165.0,28.677,0.575931224,73191228081.72,14.947234875605913,14.947234875605913,7.509090909090909,7.509090909090909,0.5845518731214355,0.5845518731214355,1785961.5737615519,2374175.20425702,21669.383298252,28.677,7.509090909090909,7.509090909090909,2502.823244552058,2502.823244552058,0.20448877805486274,0.20448877805486274,0.12737375340491947,0.007352941176470588,25.016341415797378,1,0.0,0.0,0.0,,29.46708463949843,51.88087774294671,53.91849529780565,56.42633228840125,75.23510971786834,32.758620689655174,19.122257053291534,51.88087774294671,60.658307210031346,30.094043887147336,28.605015673981192,26.332288401253916,44.1,24.498567335243553,1,0.3333,N/A,,,,0.0,19.6
US.HON,2026-05-07,1395183.0,1395183.0,4340,4340,1999,1999.0,27.497,0.23860081,137414015386.34,14.148536864181187,14.148536864181187,2.1710855427713858,2.1710855427713858,0.03218391912916709,0.03218391912916709,332891.79389823,416016.981202386,16334.796983268,27.497,2.1710855427713858,2.1710855427713858,321.47073732718894,321.47073732718894,0.6947368421052631,0.6947368421052631,0.20757593220025441,0.0136986301369863,25.64626421580725,1,0.0,0.0,0.0,,26.17554858934169,32.288401253918494,12.539184952978054,22.570532915360502,51.09717868338558,25.54858934169279,16.927899686520377,32.288401253918494,13.479623824451412,62.225705329153605,28.605015673981192,26.332288401253916,26.6,58.73925501432665,2,0.6667,ACTIVE,,2026-05-07,DEEP_OTM,30.0,43.8
US.HOOD,2026-05-07,14567095.0,2504518.0,68319,17820,78964,7178.545454545455,68.20109090909091,0.5950567703636364,71184924755.85,154.06468274438598,14.005880249489634,1.2619951226059454,5.558178752107926,0.035128890308808065,0.13356959168370608,8220049.787658082,734132.181843757,847253.865539183,68.20109090909091,1.2619951226059454,5.558178752107926,368.56260893303335,808.859375,0.7206162240344297,1.2531645569620253,12.467302826693007,0.20537756141741195,24.988546902003062,11,0.0,0.0,0.0,,78.52664576802508,46.55172413793103,31.818181818181817,78.36990595611285,62.06896551724138,89.18495297805643,76.48902821316614,46.55172413793103,32.445141065830725,76.48902821316614,28.605015673981192,26.332288401253916,50.46,84.38395415472779,3,1.0,ACTIVE,,2026-05-08,ATM,30.0,60.6
US.HPE,2026-05-07,841363.0,841363.0,6726,6726,41,41.0,47.686,0.312591594,40296558682.93,13.642779663390083,13.642779663390083,164.0487804878049,164.0487804878049,6.757013098613041,6.757013098613041,263003.00130262197,48960.075733666,38007.404871793005,47.686,164.0487804878049,164.0487804878049,125.09113886410942,125.09113886410942,0.040430177084175664,0.040430177084175664,0.2372548739261769,0.009259259259259259,24.419531909794593,1,0.0,0.0,0.0,,20.219435736677116,81.19122257053291,78.0564263322884,16.4576802507837,18.025078369905955,46.08150470219436,50.15673981191222,81.19122257053291,3.2915360501567394,7.993730407523511,28.605015673981192,26.332288401253916,44.04,58.73925501432665,2,0.6667,ACTIVE,,2026-05-07,DEEP_OTM,30.0,46.71
US.HUM,2026-05-07,599032.0,599032.0,796,796,445,445.0,38.612,-0.385528766,29574749295.0,13.303071967399788,13.303071967399788,1.7887640449438202,1.7887640449438202,0.054647802778496186,0.054647802778496186,230944.067754512,193260.759933416,7060.630841488,38.612,1.7887640449438202,1.7887640449438202,752.5527638190955,752.5527638190955,0.0632916733474544,0.0632916733474544,0.4242064413986852,0.022727272727272728,24.11018676988567,1,0.0,0.0,0.0,,10.658307210031348,31.03448275862069,18.025078369905955,13.636363636363635,38.87147335423197,11.755485893416928,36.83385579937304,31.03448275862069,30.094043887147336,11.755485893416928,28.605015673981192,26.332288401253916,23.99,58.73925501432665,2,0.6667,ONGOING,,2026-05-09,DEEP_ITM,60.0,53.37
US.HWM,2026-05-07,4661383.0,1998768.0,3250,1383,2241,560.25,59.39875,0.5480406879999999,102754977421.51,55.55028310136865,13.887570775342162,4.100084221136777,13.298076923076923,0.138196413472994,0.2541351815910175,2617712.935862283,1881624.942206452,43110.663177121,59.39875,4.100084221136777,13.298076923076923,1889.8568871747145,3289.9540983606557,0.5902571801248899,1.5657539529502504,8.619901070327508,0.09653520499108734,25.3556131312177,4,0.0,0.0,0.21526572693125623,0.0,60.18808777429467,59.09090909090909,40.909090909090914,63.00940438871473,72.72727272727273,47.96238244514107,66.92789968652038,59.09090909090909,68.49529780564264,81.03448275862068,28.605015673981192,64.57680250783699,57.69,58.73925501432665,2,0.6667,ONGOING,,2026-05-08,ATM,60.0,58.98
US.IBM,2026-05-07,631691.0,631691.0,3647,3647,519,519.0,48.104,-0.330570528,212169703107.2,13.356157212567245,13.356157212567245,7.026974951830443,7.026974951830443,0.05391738376869872,0.05391738376869872,208818.42740284797,37356.723792913996,29166.572033874003,48.104,7.026974951830443,7.026974951830443,173.2083904579106,173.2083904579106,1.1194029850746268,1.1194029850746268,14.246807575423944,0.3333333333333333,26.080652277759526,1,0.0,0.0,0.0,,12.695924764890282,50.313479623824456,17.398119122257054,10.815047021943574,14.890282131661442,40.59561128526646,50.78369905956113,50.313479623824456,6.112852664576803,74.29467084639498,28.605015673981192,26.332288401253916,28.95,84.38395415472779,3,1.0,ACTIVE,,2026-05-08,DEEP_ITM,30.0,57.02
US.IFF,2026-05-07,954711.0,954711.0,1335,1335,1638,1638.0,51.021,0.905239155,21172317015.89,13.769165003300657,13.769165003300657,0.815018315018315,0.815018315018315,0.070282364446117,0.070282364446117,864241.778909205,20863.968735411,24366.327948333,51.021,0.815018315018315,0.815018315018315,715.1393258426966,715.1393258426966,2.4096385542168672,2.4096385542168672,3.1180485172740307,0.1,23.775960364233132,1,0.0,0.0,1.0,0.0,22.727272727272727,14.890282131661442,22.25705329153605,42.00626959247649,9.717868338557993,36.677115987460816,55.172413793103445,14.890282131661442,28.526645768025077,88.87147335423198,28.605015673981192,94.35736677115987,37.68,24.498567335243553,1,0.3333,N/A,,,,0.0,18.53
US.INSM,2026-05-07,616132.0,616132.0,841,841,332,332.0,99.06,-0.42781281,29591171106.41,13.331218128301552,13.331218128301552,2.533132530120482,2.533132530120482,0.1353723303748219,0.1353723303748219,263589.16225091997,51895.214284628004,11375.442408572,99.06,2.533132530120482,2.533132530120482,732.6183115338882,732.6183115338882,0.24366197183098598,0.24366197183098598,5.624344487589666,0.1,24.110741880385756,1,0.0,0.0,0.0,,12.068965517241379,34.1692789968652,31.974921630094045,16.77115987460815,19.435736677115987,19.905956112852667,93.10344827586206,34.1692789968652,29.310344827586203,34.01253918495298,28.605015673981192,26.332288401253916,29.72,84.38395415472779,3,1.0,ACTIVE,,2026-05-08,DEEP_ITM,30.0,57.15
US.INTC,2026-05-07,353252397.0,14579333.0,708527,37610,880516,5031.52,91.36932,0.3273702001542857,567988260000.0,2482.5179685446888,14.185816963112508,78.84927241898251,8515.0,23004.533675122377,1375378.0,199513056.75006795,29967185.71248358,6588877.771593799,91.36932,78.84927241898251,8515.0,1368.9482417943962,7873.090909090909,0.4103366876576513,1.3089869101308986,7.65312549891749,0.1063644983603018,27.06536658644163,175,0.3941561852650464,0.7905208359657325,0.3174508282246702,0.0,97.80564263322884,99.21630094043887,94.98432601880877,97.17868338557993,92.16300940438872,98.11912225705329,91.53605015673982,99.21630094043887,87.93103448275862,77.58620689655173,78.84012539184953,69.12225705329153,90.33,84.38395415472779,3,1.0,ONGOING,,2026-05-09,ATM,60.0,77.25
US.INTU,2026-05-07,3025000.0,2475000.0,500,250,94,47.0,53.057,-0.1740103795,107453502500.0,27.939426733414066,13.969713366707033,5.627394636015326,6.944444444444445,1.0067270444047054,1.7693990477416035,1794833.563325,2638566.83145,8966.86285,53.057,5.627394636015326,6.944444444444445,6050.0,9900.0,0.0,0.0,0.17068026588834773,0.006725251076040172,25.40032405606952,2,4.5,1.0,0.8181818181818182,1.0,42.476489028213166,50.15673981191222,67.55485893416929,56.58307210031348,76.48902821316614,14.890282131661442,58.93416927899686,50.15673981191222,91.06583072100314,1.8808777429467085,96.3949843260188,84.48275862068965,61.94,84.38395415472779,3,1.0,ACTIVE,,2026-05-08,DEEP_ITM,30.0,62.52
US.ISRG,2026-05-07,852048.0,852048.0,557,557,41,41.0,29.237,0.394809946,159985980616.66,13.655399315894805,13.655399315894805,13.585365853658537,13.585365853658537,0.4600460128082121,0.4600460128082121,336397.024869408,657675.799954416,5595.651422208,29.237,13.585365853658537,13.585365853658537,1529.709156193896,1529.709156193896,0.05236835903746961,0.05236835903746961,0.2250105793159257,0.0136986301369863,25.798352027201656,1,0.0,0.0,0.0,,20.689655172413794,59.40438871473355,48.90282131661442,22.727272727272727,59.09090909090909,9.404388714733543,20.06269592476489,59.40438871473355,47.96238244514107,9.404388714733543,28.605015673981192,26.332288401253916,37.65,24.498567335243553,1,0.3333,N/A,,,,0.0,18.52
US.JAZZ,2026-05-07,548289.0,548289.0,212,212,327,327.0,0.0,0.0,14341126367.4,13.21455962303505,13.21455962303505,0.6483180428134556,0.6483180428134556,0.07335716719789132,0.07335716719789132,0.0,0.0,0.0,0.0,0.6483180428134556,0.6483180428134556,2586.2688679245284,2586.2688679245284,0.33217662766547545,0.33217662766547545,0.0,0.1,23.386397216341436,1,0.0,0.0,1.0,0.0,8.463949843260188,12.068965517241379,23.197492163009404,1.8025078369905956,1.8025078369905956,1.8025078369905956,1.8025078369905956,12.068965517241379,61.91222570532915,39.96865203761755,28.605015673981192,94.35736677115987,28.12,24.498567335243553,1,0.3333,N/A,,,,0.0,16.94
US.JBL,2026-05-07,1204586.0,700970.0,3942,2272,0,0.0,59.1675,-0.050092371499999996,39282846275.48,26.58979313322134,13.29489656661067,1971.0,2272.0,602293.0,700970.0,222267.101281578,190029.20787947197,13680.23938503,59.1675,1971.0,2272.0,305.0459976174412,308.5255281690141,0.7680433160647745,1.4581026208933188,9.187256873196743,0.178030303030303,24.394053779021338,2,1.3918739674672767,1.3604790419161676,0.0,,34.326018808777434,96.70846394984326,90.28213166144201,12.695924764890282,38.557993730407524,23.197492163009404,66.61442006269593,96.70846394984326,12.38244514106583,79.78056426332289,92.31974921630093,26.332288401253916,57.56,84.38395415472779,3,1.0,ACTIVE,,2026-05-08,ATM,30.0,61.79
US.JD,2026-05-07,751826.0,751826.0,3696,3696,28868,28868.0,41.888,0.602544506,41917038265.08,13.530261523274193,13.530261523274193,0.1280310378273521,0.1280310378273521,0.008486014227386525,0.008486014227386525,453008.62576795596,30541.721561966002,65723.475618916,41.888,0.1280310378273521,0.1280310378273521,203.41612554112555,203.41612554112555,0.512987012987013,0.512987012987013,0.5301661547653665,0.022727272727272728,24.458958222413607,1,0.0,0.0,0.0,,18.181818181818183,0.6269592476489028,2.664576802507837,27.74294670846395,12.539184952978054,56.896551724137936,41.222570532915356,0.6269592476489028,7.210031347962382,52.66457680250783,28.605015673981192,26.332288401253916,17.88,84.38395415472779,3,1.0,ONGOING,,2026-05-09,DEEP_OTM,60.0,65.17
US.JNJ,2026-05-07,2966888.0,2426851.0,7277,6211,16571,8285.5,20.681,0.01503471549999999,540709076026.02,27.901500288649764,13.950750144324882,0.37729222355524483,0.5048772557307755,0.0072071692982983455,0.008782516359101456,1148384.601151645,873908.226286051,76889.329732114,20.681,0.37729222355524483,0.5048772557307755,448.66782780837605,506.6013133208255,0.2439903169509655,0.24712041884816754,0.24380903227080597,0.022727272727272728,27.0161472188917,2,0.2225258163768604,0.17163097729834165,0.0,,42.16300940438871,9.404388714733543,2.978056426332288,47.492163009404386,64.1065830721003,59.40438871473355,8.77742946708464,9.404388714733543,20.219435736677116,34.326018808777434,70.84639498432603,26.332288401253916,28.17,84.38395415472779,3,1.0,ACTIVE,,2026-05-07,ATM,30.0,56.89
US.JPM,2026-05-07,10216131.0,5105595.0,18739,7581,12669,1583.625,24.250125,0.3185022875,843778145528.2,109.81799114699436,13.727248893374295,2.7741950848468626,9.633401221995927,0.048264607899975394,0.12849801574224423,3729231.4869481293,5262541.7347300025,153051.55081629,24.250125,2.7741950848468626,9.633401221995927,901.5085900828655,2343.465703971119,0.4970713976572082,2.391304347826087,1.431461903232784,0.06115879305128485,27.461155436241032,8,0.05996826361246995,0.03501795084230876,0.0,,74.45141065830721,55.01567398119123,31.347962382445143,67.7115987460815,81.6614420062696,70.6896551724138,11.912225705329153,55.01567398119123,58.620689655172406,88.24451410658307,60.658307210031346,26.332288401253916,51.88,84.38395415472779,3,1.0,ONGOING,,2026-05-09,ATM,60.0,70.84
US.LEN,2026-05-07,693709.0,693709.0,1991,1991,449,449.0,43.408,0.412992401,22299847719.84,13.449809284722857,13.449809284722857,4.434298440979956,4.434298440979956,0.1706437937581145,0.1706437937581145,286496.545505309,83858.490795832,20046.951135725998,43.408,4.434298440979956,4.434298440979956,348.42240080361626,348.42240080361626,0.6170212765957446,0.6170212765957446,0.5363441149089996,0.022727272727272728,23.827845686727287,1,0.0,0.0,0.0,,16.30094043887147,42.476489028213166,35.893416927899686,19.122257053291534,25.705329153605017,30.094043887147336,43.103448275862064,42.476489028213166,14.733542319749215,58.620689655172406,28.605015673981192,26.332288401253916,30.98,58.73925501432665,2,0.6667,ONGOING,,2026-05-08,DEEP_ITM,60.0,54.53
US.LH,2026-05-07,1198570.0,1198570.0,2187,2187,1961,1961.0,22.005,-0.620744276,21069080000.0,13.996640571819478,13.996640571819478,1.1152473227944926,1.1152473227944926,0.023787789663678754,0.023787789663678754,744005.46688532,182684.66583878,52193.88927457001,22.005,1.1152473227944926,1.1152473227944926,548.0429812528578,548.0429812528578,0.2156401482748788,0.2156401482748788,1.1748412568434612,0.1,23.771072399879454,1,0.0,0.0,0.0,,24.921630094043888,23.197492163009404,9.717868338557993,38.71473354231975,37.774294670846395,52.507836990595614,9.87460815047022,23.197492163009404,21.9435736677116,31.504702194357364,28.605015673981192,26.332288401253916,25.35,24.498567335243553,1,0.3333,N/A,,,,0.0,16.47
US.LITE,2026-05-07,93487755.0,29001410.0,18195,2593,15471,552.5357142857143,110.39967857142857,0.16000798125,67704876000.0,402.40979329976557,14.371778332134484,3.5931602061444474,27.266666666666666,0.2603986867361356,4.203408593496279,52360566.40434692,75713206.95225298,143568.966319508,110.39967857142857,3.5931602061444474,27.266666666666666,6031.509667564625,51788.232142857145,0.6274960940645684,1.341698176245048,18.258215800905454,0.19832032051954518,24.93842403791951,28,0.5099639420221298,0.7581408831771186,0.3617458778425046,0.0,87.61755485893417,68.02507836990596,76.01880877742947,92.00626959247649,95.7680250783699,69.27899686520375,94.82758620689656,68.02507836990596,99.52978056426332,78.52664576802508,81.97492163009404,71.15987460815047,79.72,84.38395415472779,3,1.0,ACTIVE,,2026-05-07,DEEP_ITM,30.0,65.48
US.LLY,2026-05-07,6612118.0,2362360.0,3387,856,9948,1421.142857142857,33.01757142857143,0.357447996,929545854792.3,95.34234561837853,13.62033508833979,0.8247885277982909,2.0416666666666665,0.01955752772525533,0.055156396547410176,2655396.7898915256,6670316.476850546,36189.019820444,33.01757142857143,0.8247885277982909,2.0416666666666665,2111.6083805588382,4173.780918727915,0.21560066439973094,0.4278265988310978,2.275656515482624,0.0838044308632544,27.55796197564343,7,0.0,0.0,0.0,,72.25705329153605,31.504702194357364,18.338557993730408,63.479623824451416,84.01253918495298,45.29780564263323,26.959247648902824,31.504702194357364,75.07836990595611,45.29780564263323,28.605015673981192,26.332288401253916,41.79,84.38395415472779,3,1.0,ACTIVE,,2026-05-08,DEEP_ITM,30.0,59.16
US.LMT,2026-05-07,673900.0,673900.0,253,253,142,142.0,32.08,-0.343924507,118569641050.08,13.420838494832896,13.420838494832896,1.7816901408450705,1.7816901408450705,0.09228356566498122,0.09228356566498122,231770.7252673,773026.8838128,2509.2430635,32.08,1.7816901408450705,1.7816901408450705,2663.6363636363635,2663.6363636363635,0.12119656657256105,0.12119656657256105,0.1046493601774791,0.007352941176470588,25.498766313095285,1,0.0,0.0,0.0,,15.203761755485893,30.877742946708466,26.959247648902824,13.793103448275861,62.85266457680251,4.858934169278997,24.608150470219435,30.877742946708466,63.00940438871473,20.219435736677116,28.605015673981192,26.332288401253916,28.49,24.498567335243553,1,0.3333,N/A,,,,0.0,17.0
US.LOW,2026-05-07,700971.0,700971.0,615,615,354,354.0,32.539,-0.325063539,130701877339.41,13.460223222280328,13.460223222280328,1.7372881355932204,1.7372881355932204,0.08484998362242833,0.08484998362242833,227860.113996369,356996.080094595,5537.139563982,32.539,1.7372881355932204,1.7372881355932204,1139.790243902439,1139.790243902439,0.03690036900369004,0.03690036900369004,0.1067679287009238,0.007352941176470588,25.596184821210308,1,0.0,0.0,0.0,,16.614420062695924,30.721003134796238,25.54858934169279,13.479623824451412,49.686520376175544,9.247648902821316,25.391849529780565,30.721003134796238,40.43887147335423,7.366771159874608,28.605015673981192,26.332288401253916,26.05,24.498567335243553,1,0.3333,N/A,,,,0.0,16.59
US.LRCX,2026-05-07,48672559.0,6355178.0,22857,2363,49760,1658.6666666666667,64.87833333333333,0.3716468090333333,371632184070.0,421.76184658186867,14.058728219395622,15.677016225829878,341.0,38918.7288368195,1167552.0,29730450.135705385,14247628.806300096,283903.19884335,64.87833333333333,15.677016225829878,341.0,2868.2154846122094,12790.88319088319,0.702190088265439,4.567741935483871,4.825012477419875,0.08342630579969298,26.641170449584045,30,0.557861277426455,0.45022523951525917,0.3646041910391438,0.0,88.08777429467085,85.8934169278997,94.20062695924764,88.08777429467085,89.34169278996865,79.78056426332289,73.1974921630094,85.8934169278997,93.8871473354232,94.5141065830721,83.85579937304075,71.31661442006269,85.27,84.38395415472779,3,1.0,ACTIVE,,2026-05-07,ATM,30.0,66.4
US.LULU,2026-05-07,655538.0,655538.0,978,978,1495,1495.0,55.115,-0.342849972,15263643369.28,13.393213076983546,13.393213076983546,0.6541806020066889,0.6541806020066889,0.033208645601464644,0.033208645601464644,224751.18494493602,109033.332635006,9683.339876496,55.115,0.6541806020066889,0.6541806020066889,670.2842535787321,670.2842535787321,0.13148788927335645,0.13148788927335645,0.6181254402373086,0.022727272727272728,23.448739587273003,1,0.0,0.0,0.0,,13.94984326018809,12.225705329153605,12.852664576802509,12.852664576802509,29.46708463949843,16.30094043887147,62.225705329153605,12.225705329153605,26.802507836990596,21.630094043887148,28.605015673981192,26.332288401253916,20.45,58.73925501432665,2,0.6667,ONGOING,,2026-05-08,DEEP_ITM,60.0,52.78
US.LYV,2026-05-07,994355.0,994355.0,1081,1081,4247,4247.0,31.266,0.599354877,39529508448.3,13.809850570412065,13.809850570412065,0.25453261125500354,0.25453261125500354,0.013951325908770643,0.013951325908770643,595971.518719335,221135.277650915,21362.606480464998,31.266,0.25453261125500354,0.25453261125500354,919.8473635522664,919.8473635522664,0.32110288136318876,0.32110288136318876,0.407633660068109,0.022727272727272728,24.400313279300384,1,0.0,0.0,0.0,,23.197492163009404,2.8213166144200628,5.6426332288401255,34.01253918495298,41.53605015673981,32.13166144200627,23.04075235109718,2.8213166144200628,35.57993730407524,39.341692789968654,28.605015673981192,26.332288401253916,20.79,24.498567335243553,1,0.3333,N/A,,,,0.0,15.71
US.MAR,2026-05-07,127909016.0,81965288.0,32608,15938,17627,4406.75,29.36225,0.73379408725,95126481406.58,63.476575203857074,15.869143800964268,47.42063908024983,187.50588235294117,6.7551128072624715,26.856166264199658,92942304.32211262,78645580.57527627,790460.8770212621,29.36225,47.42063908024983,187.50588235294117,3354.090873818828,5142.758689923453,0.23867059235610472,0.36782199126422765,0.33084895535517395,0.01888368983957219,25.27847322627985,4,0.0,0.0,0.6535152846457672,1.0,63.00940438871473,81.81818181818183,83.5423197492163,94.04388714733543,96.08150470219435,88.71473354231975,20.219435736677116,81.81818181818183,80.87774294670847,41.53605015673981,28.605015673981192,80.72100313479625,75.07,24.498567335243553,1,0.3333,N/A,,,,0.0,24.76
US.MCD,2026-05-07,2739469.0,796193.0,3340,1476,3626,906.5,31.809,0.032992839750000016,201946129967.1,53.70088470825198,13.425221177062994,1.4140114343622652,2.4327731092436973,0.048611624859675386,0.11003907370762453,1265807.831906197,1305808.929207096,47286.38235455599,31.809,1.4140114343622652,2.4327731092436973,991.7194612752837,1540.0251450676983,0.2536071972648772,0.48759556873147136,4.756797239197144,0.0926916221033868,26.031266815455055,4,0.9346464172089788,0.6253041362530414,0.0,,57.05329153605015,33.38557993730408,29.780564263322884,49.21630094043887,68.49529780564264,50.0,23.981191222570533,33.38557993730408,48.275862068965516,50.0,89.65517241379311,26.332288401253916,42.6,84.38395415472779,3,1.0,ACTIVE,,2026-05-08,DEEP_ITM,30.0,59.29
US.MCHP,2026-05-07,2524628.0,1064548.0,3374,1508,4757,1585.6666666666667,38.10333333333333,0.07328882000000002,55693661337.36,40.8795017146558,13.626500571551935,2.7533736561193014,6.934010152284264,0.2252664458674347,0.5250482854950176,786904.7881034601,285425.87183912005,29489.085994324,38.10333333333333,2.7533736561193014,6.934010152284264,902.4710688917284,1436.0,0.1648356350192333,0.2700729927007299,0.3612698622898101,0.12325307873253077,24.74313217737449,3,0.41630295509573934,0.8081457663451233,0.28439833512105545,0.0,50.313479623824456,50.0,51.2539184952978,39.96865203761755,44.98432601880878,41.222570532915356,35.57993730407524,50.0,46.39498432601881,35.73667711598746,79.78056426332289,67.86833855799374,51.73,84.38395415472779,3,1.0,ONGOING,,2026-05-09,DEEP_ITM,60.0,70.81
US.MCK,2026-05-07,7175235.0,2185280.0,3310,841,526,105.2,60.061,-0.3201707224,91090246403.52,70.54699556534123,14.109399113068246,23.497702666452064,64.88888888888889,0.5022131545939199,1.0537943754056165,3241590.905740162,3187445.037268127,39208.291034905,60.061,23.497702666452064,64.88888888888889,2182.5190728160605,3256.218556701031,1.657578813027619,2.3987974696757766,3.405999980581112,0.1,25.23511657076611,5,9.509346054473978,4.667808219178082,0.0,,65.51724137931035,75.39184952978056,60.9717868338558,65.98746081504702,77.58620689655173,46.55172413793103,67.39811912225704,75.39184952978056,68.18181818181817,88.55799373040753,99.52978056426332,26.332288401253916,63.86,84.38395415472779,3,1.0,ACTIVE,,2026-05-07,ATM,30.0,62.84
US.META,2026-05-07,150989574.0,6213333.0,162870,11562,230125,2474.462365591398,32.95303225806452,0.2536279009139785,1555748874555.52,1310.6879873127216,14.093419218416361,20.043536689667764,1298.0,11879.337976555908,573816.0,71335082.59897946,95049809.16953696,1688369.5572227659,32.95303225806452,20.043536689667764,1298.0,1997.3135135629109,10755.348258706468,0.9378323059735331,3.1586206896551725,2.7665310259895346,0.11181656784802833,28.072978136986524,93,0.22609846499006397,0.3425380208547995,0.02657319239803935,0.0,94.82758620689656,94.67084639498434,89.0282131661442,93.8871473354232,96.3949843260188,93.10344827586206,26.489028213166144,94.67084639498434,92.16300940438872,91.69278996865204,71.15987460815047,53.29153605015674,82.62,84.38395415472779,3,1.0,ACTIVE,,2026-05-08,ATM,30.0,65.96
US.MP,2026-05-07,6226012.0,1144779.0,12207,2701,31884,3985.5,80.542125,0.544910494875,12933079696.15,108.30874542338499,13.538593177923124,0.4381693922888468,1.0385329619312906,0.031083027583222525,0.07315438042892718,3334222.5069055012,620961.045864798,154460.969149096,80.542125,0.4381693922888468,1.0385329619312906,667.7164251783587,1334.4990138067062,0.6635477097254333,1.47329650092081,5.480202217372657,0.06736853832442068,23.283054183670128,8,0.0,0.0,0.096773504451967,0.0,73.82445141065831,21.9435736677116,23.04075235109718,66.14420062695925,57.993730407523515,71.15987460815047,86.05015673981191,21.9435736677116,44.20062695924764,80.09404388714734,28.605015673981192,57.68025078369906,47.3,84.38395415472779,3,1.0,ONGOING,,2026-05-09,ATM,60.0,70.08
US.MRNA,2026-05-07,625450.0,625450.0,8989,8989,1250,1250.0,81.271,0.350380265,19359201576.61,13.346228268490439,13.346228268490439,7.1912,7.1912,0.10255380200860832,0.10255380200860832,219145.33674425,8175.06618775,80840.64901465,81.271,7.1912,7.1912,69.5794860384915,69.5794860384915,1.6845329249617151,1.6845329249617151,24.370721985326718,0.3333333333333333,23.686433677118487,1,0.0,0.0,0.0,,12.38244514106583,50.626959247648905,28.84012539184953,12.38244514106583,5.799373040752351,60.81504702194357,86.20689655172413,50.626959247648905,2.037617554858934,83.22884012539184,28.605015673981192,26.332288401253916,33.01,84.38395415472779,3,1.0,ONGOING,,2026-05-09,ATM,60.0,67.69
US.MRVL,2026-05-07,55939616.0,4073762.0,71025,10132,168798,4562.108108108108,76.5285135135135,0.2938206487027027,150510745000.0,518.6676617121356,14.018044911138798,7.973115114808681,224.0,1.6162351160147521,53.58338658146965,24575264.4963183,10700396.733755114,417823.461794479,76.5285135135135,7.973115114808681,224.0,2014.234886145782,7502.324125230202,0.45070280041387545,3.285714285714286,4.308477215106402,0.07730408092109113,25.737300313942296,37,0.69148468290235,2.1534431470052833,0.3211739959030108,1.0,89.34169278996865,83.07210031347962,85.57993730407524,86.52037617554859,88.08777429467085,84.1692789968652,84.01253918495298,83.07210031347962,87.14733542319749,92.00626959247649,85.8934169278997,69.43573667711598,83.36,84.38395415472779,3,1.0,ACTIVE,,2026-05-07,ATM,30.0,66.09
US.MS,2026-05-07,1172455.0,626223.0,3158,1866,5775,2887.5,26.701999999999998,0.360302091,304968019366.95,26.558264317179486,13.279132158589743,5.356992008158463,10.48314606741573,0.08224992437250739,0.15871316788847145,425157.786011714,255129.371455636,28893.742097257,26.701999999999998,5.356992008158463,10.48314606741573,388.71077809191036,484.69272445820434,0.5712249902943879,0.78419452887538,0.4781019524963114,0.032196969696969696,26.44347275352489,2,0.0,0.0,0.0,,34.01253918495298,56.26959247648903,34.48275862068966,26.17554858934169,43.73040752351097,40.12539184952978,15.673981191222571,56.26959247648903,19.435736677115987,64.89028213166145,28.605015673981192,26.332288401253916,36.63,58.73925501432665,2,0.6667,ACTIVE,,2026-05-07,ATM,30.0,45.47
US.MSFT,2026-05-07,114935377.0,5586655.0,174103,17789,454111,6220.698630136986,28.22713698630137,0.23753548347945205,3074376557205.664,1021.7852955583619,13.997058843265231,4.60563174789603,254.0,27601.633023716706,2014913.0,54796307.030984186,49306422.343990415,1676698.88262221,28.22713698630137,4.60563174789603,254.0,1558.0063741101249,11856.357388316152,0.7254742858186926,2.1052631578947367,2.3042929267700716,0.09992935204844991,28.754123251007506,73,0.23242166454537,0.1909690394429015,0.1071676564823031,1.0,93.10344827586206,84.01253918495298,96.86520376175548,92.47648902821317,94.5141065830721,92.94670846394985,17.55485893416928,84.01253918495298,93.2601880877743,86.36363636363636,71.63009404388715,58.15047021943573,81.38,84.38395415472779,3,1.0,ACTIVE,,2026-05-08,ATM,30.0,65.76
US.MSTR,2026-05-07,193444830.0,58937665.0,205161,19039,419689,7362.964912280701,73.37449122807017,0.33487166985964917,64794083948.22,810.508564001756,14.219448491258877,0.802614181134737,4.592087312414734,0.04182596779285215,0.2961665480963838,135350637.28407788,24019946.775047835,2322095.699793544,73.37449122807017,0.802614181134737,4.592087312414734,1339.318452748566,4498.3716226530305,0.324453958589723,0.9090909090909091,8.171025593812738,0.14105695571917215,24.89448013905687,57,0.08426943027996546,0.16275418829770352,0.40186760742067906,0.0,92.00626959247649,42.94670846394985,42.31974921630094,95.7680250783699,91.69278996865204,94.67084639498434,82.13166144200626,42.94670846394985,77.11598746081505,69.12225705329153,62.38244514106584,72.25705329153605,67.81,84.38395415472779,3,1.0,ACTIVE,,2026-05-07,ATM,30.0,63.49
US.MTSI,2026-05-07,18904111.0,9890735.0,4092,1963,3241,648.2,103.3854,0.5422447734,23239458425.7,73.00919576170904,14.601839152341807,7.081450268778075,31.258064516129032,1.3458317607553791,6.273834847789123,11328177.422564726,11389784.163652487,56772.962757418,103.3854,7.081450268778075,31.258064516129032,3775.3681917293534,6218.224974200207,0.3645826311266529,0.5836059775400125,3.3161842233719563,0.04555555555555556,23.86911746516031,5,0.0,0.0,0.0,,66.61442006269593,70.0626959247649,77.74294670846395,81.50470219435736,88.55799373040753,54.075235109717866,93.73040752351098,70.0626959247649,83.38557993730407,56.58307210031348,28.605015673981192,26.332288401253916,64.74,84.38395415472779,3,1.0,ACTIVE,,2026-05-07,ATM,30.0,62.98
US.MTZ,2026-05-07,2772231.0,2233928.0,1514,980,966,483.0,53.525999999999996,0.554007429,34237159943.68,27.815451211870602,13.907725605935301,2.001250537533426,3.192182410423453,0.09339788002462379,0.16794309537670984,1718257.803787849,700369.963669775,27981.411663609004,53.525999999999996,2.001250537533426,3.192182410423453,1643.7882098906978,2279.5183673469387,0.29667843802272786,0.3157894736842105,3.1435907235320175,0.1,24.256577439238892,2,0.0,0.0,0.0,,41.37931034482759,37.774294670846395,35.26645768025078,55.956112852664575,60.81504702194357,39.341692789968654,60.03134796238244,37.774294670846395,57.36677115987461,39.0282131661442,28.605015673981192,26.332288401253916,40.84,24.498567335243553,1,0.3333,N/A,,,,0.0,19.06
US.MU,2026-05-07,1196004170.0,47806585.0,471690,38540,442670,1689.5801526717557,87.48540076335878,0.2827445126946565,751973065206.8,3881.3781184514614,14.814420299433058,26.16241075018851,2803.0,35920.426593585806,2494288.0,647396153.9146303,719397585.1691167,4572790.831381465,87.48540076335878,26.16241075018851,2803.0,5195.538912295547,36110.15789473684,0.4982307956710632,1.4328768571881774,8.22830899134338,0.12389755229797518,27.345966342711968,262,0.3242994435801446,0.5424383927169989,0.20693826845102054,0.0,98.7460815047022,97.17868338557993,97.80564263322884,98.7460815047022,99.68652037617555,97.33542319749216,89.96865203761756,97.17868338557993,99.05956112852664,79.62382445141067,75.70532915360502,64.1065830721003,90.68,84.38395415472779,3,1.0,ONGOING,,2026-05-09,ATM,60.0,77.31
US.NBIX,2026-05-07,783900.0,783900.0,300,300,0,0.0,40.024,0.736260585,14782858500.66,13.572038015848918,13.572038015848918,300.0,300.0,783900.0,783900.0,577154.6725815,277360.0694631,5909.5618452,40.024,300.0,300.0,2613.0,2613.0,0.0,0.0,0.12392899116998879,0.005025125628140704,23.416734137126394,1,0.0,0.0,1.0,1.0,19.122257053291534,85.26645768025078,91.22257053291536,33.22884012539185,44.5141065830721,9.561128526645767,39.341692789968654,85.26645768025078,62.225705329153605,1.8808777429467085,28.605015673981192,94.35736677115987,61.22,24.498567335243553,1,0.3333,N/A,,,,0.0,22.45
US.NEM,2026-05-07,724171.0,724171.0,955,955,1835,1835.0,45.443,0.472011347,122875323136.4,13.492784212213566,13.492784212213566,0.5204359673024523,0.5204359673024523,0.03428701969854433,0.03428701969854433,341816.929168337,147230.163927931,12413.351850515,45.443,0.5204359673024523,0.5204359673024523,758.2942408376963,758.2942408376963,0.21000000000000013,0.21000000000000013,0.340055680193418,0.0136986301369863,25.534436045216186,1,0.0,0.0,0.0,,17.398119122257054,9.87460815047022,13.479623824451412,22.884012539184955,34.48275862068966,21.473354231974923,46.23824451410658,9.87460815047022,30.407523510971785,30.877742946708466,28.605015673981192,26.332288401253916,21.54,58.73925501432665,2,0.6667,ONGOING,,2026-05-08,ATM,60.0,52.96
US.NFLX,2026-05-07,19964103.0,2142597.0,96867,17469,206495,8978.04347826087,35.12834782608696,-0.1109345182173913,371687186066.56,312.4887946597571,13.586469333032918,0.7162652830366403,2.8979761114797613,0.03971399705441584,0.5562190567616504,11241276.454282273,1425893.881390152,1159700.668234637,35.12834782608696,0.7162652830366403,2.8979761114797613,609.25550253475,2312.8553719008264,0.3183530164758272,1.1066666666666667,3.391628329176413,0.11708899842080163,26.641318439798937,23,1.3888512633061942,0.8482894159400103,0.2627816536510556,0.0,85.26645768025078,36.206896551724135,52.507836990595614,81.34796238244513,69.43573667711598,91.06583072100314,31.03448275862069,36.206896551724135,58.15047021943573,73.66771159874608,92.16300940438872,67.24137931034483,62.07,84.38395415472779,3,1.0,ACTIVE,,2026-05-08,DEEP_ITM,30.0,62.54
US.NKE,2026-05-07,1629671.0,952671.0,7970,6590,10759,5379.5,39.666,0.03494592199999999,64981323008.04,27.19245397610687,13.596226988053434,0.7006916519307524,0.7680652680652681,0.048054568654784496,0.07080514549463826,683874.734693681,139717.019136268,93618.086209862,39.666,0.7006916519307524,0.7680652680652681,317.57141804666713,490.57971014492756,0.11254667662434652,0.2153846153846154,0.2597112854817985,0.013876199177706716,24.89736572723002,2,0.7106335765442634,0.2094081942336874,0.0,,38.71473354231975,13.636363636363635,22.570532915360502,36.990595611285265,33.38557993730408,64.26332288401254,38.4012539184953,13.636363636363635,19.74921630094044,31.347962382445143,86.20689655172413,26.332288401253916,31.37,84.38395415472779,3,1.0,ACTIVE,,2026-05-08,DEEP_ITM,30.0,57.42
US.NOW,2026-05-07,10989922.0,2182130.0,29038,7216,51527,4684.272727272727,52.24872727272727,0.09803194909090909,91837977400.0,150.75865010281865,13.705331827528967,0.8852590832117312,3.013333333333333,0.05775926150665327,0.1755415897309375,4695128.253357903,1161688.44236016,315189.203939359,52.24872727272727,0.8852590832117312,3.013333333333333,680.3295733995567,1430.0,0.2649878545083847,0.4968145420538898,3.214556804266735,0.10324225966071557,25.24329174620242,11,0.3991076456110293,0.13032308291163877,0.12254818551032483,0.0,77.74294670846395,36.990595611285265,36.36363636363637,71.63009404388715,67.39811912225704,80.56426332288402,57.210031347962385,36.990595611285265,45.924764890282134,50.94043887147336,79.3103448275862,58.93416927899686,55.43,84.38395415472779,3,1.0,ACTIVE,,2026-05-08,DEEP_ITM,30.0,61.43
US.NRG,2026-05-07,637790.0,637790.0,346,346,251,251.0,55.121,-0.914713039,31992350768.0,13.365765922451947,13.365765922451947,1.3784860557768925,1.3784860557768925,0.16868003292195002,0.16868003292195002,583394.82914381,23270.78988958,8104.919242219999,55.121,1.3784860557768925,1.3784860557768925,1843.3236994219653,1843.3236994219653,0.04193269126717894,0.04193269126717894,2.6940305649728633,0.1,24.188762672703138,1,0.0,0.0,1.0,0.0,13.009404388714735,26.332288401253916,35.42319749216301,33.5423197492163,10.658307210031348,13.322884012539186,62.38244514106584,26.332288401253916,52.66457680250783,8.150470219435736,28.605015673981192,94.35736677115987,38.74,58.73925501432665,2,0.6667,ACTIVE,,2026-05-07,DEEP_ITM,30.0,45.83
US.NUE,2026-05-07,4827538.0,3305998.0,1001,501,1787,893.5,39.882999999999996,0.877080803,53340242537.68,29.246483449930505,14.623241724965252,0.5661666578035063,0.6242197253433208,0.12105034461869858,0.17621630633981453,4384842.020378418,739312.7045317821,17774.42484874,39.882999999999996,0.5661666578035063,0.6242197253433208,4824.500994011976,6611.996,0.032246087478863435,0.04525981205085679,0.3944269566828069,0.0136986301369863,24.699956902721812,2,0.0,0.0,1.0,0.0,45.141065830721004,11.285266457680251,36.677115987460816,71.15987460815047,62.38244514106584,27.74294670846395,38.87147335423197,11.285266457680251,85.26645768025078,8.620689655172415,28.605015673981192,94.35736677115987,46.71,58.73925501432665,2,0.6667,ACTIVE,,2026-05-07,DEEP_ITM,30.0,47.15
US.NVDA,2026-05-07,1080851599.0,65880472.0,2261310,195798,3871602,15363.5,46.17798015873016,0.30767879144444443,5046259500000.0,3673.4543253410384,14.57719970373428,1.487137255771366,44.5,0.05409304426127534,5.477928394288878,633164482.8806008,201682218.61190954,21844487.43284094,46.17798015873016,1.487137255771366,44.5,1242.6835263389612,6984.022304832713,1.2298791871153365,8.75,2.4419827018934206,0.07712364226470365,29.249668391698066,252,0.11969923591830962,0.18527980509773417,0.11157731747038846,0.0,98.58934169278997,72.25705329153605,77.58620689655173,98.58934169278997,97.96238244514106,99.68652037617555,48.275862068965516,72.25705329153605,86.05015673981191,96.55172413793103,64.73354231974922,58.46394984326019,78.57,84.38395415472779,3,1.0,ACTIVE,,2026-05-08,ATM,30.0,65.29
US.NXPI,2026-05-07,4754806.0,1770785.0,1985,620,1379,344.75,43.884,0.332256839,76637596030.45,55.79660164376093,13.949150410940232,6.851680701780792,17.952380952380953,0.6415321788556576,1.7389211787498726,2975781.2320569344,2417037.047212365,33164.166577693,43.884,6.851680701780792,17.952380952380953,2395.5944340198835,2940.2758620689656,0.218882607153643,0.4179567555786329,0.9514192078923833,0.0356308659599672,25.06235360309527,4,0.3040005792137941,0.23445273631840796,0.21818324448989085,0.0,60.9717868338558,63.00940438871473,66.92789968652038,64.57680250783699,75.39184952978056,42.78996865203762,43.8871473354232,63.00940438871473,65.04702194357367,45.141065830721004,75.07836990595611,64.89028213166145,63.0,58.73925501432665,2,0.6667,ACTIVE,,2026-05-07,ATM,30.0,49.87
US.ON,2026-05-07,6368572.0,1663273.0,8483,2324,4217,702.8333333333334,61.89516666666666,0.48050703049999993,41451600512.07,82.84578242103152,13.807630403505252,8.399660395541678,24.982456140350877,0.7503044151442354,2.4512505618778913,2981249.518219347,1302167.905054644,81363.15096724799,61.89516666666666,8.399660395541678,24.982456140350877,796.1176220564458,1102.2352551358515,0.30856028386101775,0.4049382716049382,0.6120581488738265,0.01821703754815709,24.44779233088406,6,0.0,0.0,0.0,,69.27899686520375,67.39811912225704,70.6896551724138,64.73354231974922,68.3385579937304,61.12852664576802,69.74921630094045,67.39811912225704,39.96865203761755,44.5141065830721,28.605015673981192,26.332288401253916,56.83,84.38395415472779,3,1.0,ACTIVE,,2026-05-07,DEEP_OTM,30.0,61.66
US.ONTO,2026-05-07,527210.0,527210.0,505,505,57,57.0,69.113,0.274899325,14627095876.35,13.175356126899654,13.175356126899654,8.859649122807017,8.859649122807017,0.31454848650277284,0.31454848650277284,144929.67313325,177402.13237071002,2522.95449243,69.113,8.859649122807017,8.859649122807017,1043.980198019802,1043.980198019802,0.1778170201546395,0.1778170201546395,0.8276475235539603,0.022727272727272728,23.406141527649734,1,0.0,0.0,0.0,,7.836990595611286,53.44827586206896,43.103448275862064,7.210031347962382,37.30407523510972,5.015673981191222,77.27272727272727,53.44827586206896,38.87147335423197,26.802507836990596,28.605015673981192,26.332288401253916,34.17,58.73925501432665,2,0.6667,ONGOING,,2026-05-09,ATM,60.0,55.06
US.ORA,2026-05-07,761670.0,761670.0,1002,1002,778,778.0,60.865,0.695201872,7058555327.3,13.543269982904048,13.543269982904048,1.287917737789203,1.287917737789203,0.08523509339860261,0.08523509339860261,529514.4098462401,47970.30792645,24363.90160659,60.865,1.287917737789203,1.287917737789203,760.1497005988024,760.1497005988024,0.10276928979569465,0.10276928979569465,3.595783452432489,0.1,22.67750623979291,1,0.0,0.0,0.0,,18.65203761755486,24.921630094043888,25.705329153605017,31.347962382445143,17.86833855799373,36.52037617554859,68.65203761755487,24.921630094043888,30.56426332288401,17.86833855799373,28.605015673981192,26.332288401253916,27.86,24.498567335243553,1,0.3333,N/A,,,,0.0,16.89
US.ORCL,2026-05-07,179945687.0,13000163.0,272966,21873,579416,5571.307692307692,70.55321153846154,0.4315392098653846,558039205380.0,1458.1907706132959,14.021065102050922,1.1427970422055922,33.007936507936506,0.0333157274525682,0.4068618909365186,97041207.18722802,34214573.44958728,2323595.097195934,70.55321153846154,1.1427970422055922,33.007936507936506,1596.0865743327934,8171.648936170212,0.6322801844706301,2.117021276595745,5.799503768749231,0.09776248687844576,27.047695057398993,104,0.09310901109412265,0.1196905495370959,0.2090539241432333,0.0,95.92476489028213,70.53291536050156,47.33542319749217,94.35736677115987,92.6332288401254,94.82758620689656,79.62382445141067,70.53291536050156,88.55799373040753,86.67711598746082,62.85266457680251,64.26332288401254,74.59,84.38395415472779,3,1.0,ACTIVE,,2026-05-08,ATM,30.0,64.62
US.OXY,2026-05-07,3645538.0,1085052.0,27690,8485,26575,5315.0,39.3678,0.2025123092,54824264719.12,67.33750984183216,13.467501968366431,200.3042781366433,982.25,9.913364666251166,49.21317126269957,1469884.9050398509,213184.56111844,258363.397463076,39.3678,200.3042781366433,982.25,164.39518010552314,276.16492746245865,0.3920419651374939,1.0000000000000002,1.2231090738718655,0.05246765568397447,24.72739871976271,5,0.17663512007007773,0.08554179081072605,0.0,,64.1065830721003,93.10344827586206,85.42319749216301,51.724137931034484,40.75235109717868,78.52664576802508,37.61755485893417,93.10344827586206,10.815047021943574,70.84639498432603,68.02507836990596,26.332288401253916,61.86,24.498567335243553,1,0.3333,N/A,,,,0.0,22.56
US.PANW,2026-05-07,3667572.0,1724583.0,8179,6840,22465,5616.25,45.41925,0.44377719800000004,149882880000.0,54.45142401246345,13.612856003115862,0.7368292167026661,1.7007874015748032,0.048365752761476075,0.11087195464896156,1546566.565837758,972295.364960263,65255.797482717004,45.41925,0.7368292167026661,1.7007874015748032,1171.0168563680181,1800.1642228739004,0.19977514964236828,0.5102372440688984,0.889906656916725,0.033194380995888534,25.733120026066256,4,0.0,0.0,0.0,,58.777429467084644,30.407523510971785,29.93730407523511,53.29153605015674,65.04702194357367,56.739811912225704,46.08150470219436,30.407523510971785,52.19435736677116,52.35109717868338,28.605015673981192,26.332288401253916,40.33,84.38395415472779,3,1.0,ACTIVE,,2026-05-08,ATM,30.0,58.91
US.PDD,2026-05-07,1141488.0,581459.0,5315,3443,13718,6859.0,43.117000000000004,0.4567797405,145627692027.22,26.509043093661656,13.254521546830828,0.41573575202585294,0.4811102544333076,0.009925660101687056,0.014067962474949961,517149.419965819,99072.12675376,43104.767895857,43.117000000000004,0.41573575202585294,0.4811102544333076,234.02114464564545,299.1607905982906,1.6961632778736926,2.379339542760372,1.499087057560387,0.06136363636363637,25.704319147126206,2,0.0,0.0,0.0,,33.5423197492163,8.463949843260188,5.956112852664576,30.877742946708466,27.89968652037618,47.80564263322884,42.78996865203762,8.463949843260188,11.912225705329153,87.93103448275862,28.605015673981192,26.332288401253916,23.6,58.73925501432665,2,0.6667,ACTIVE,,2026-05-07,ATM,30.0,43.3
US.PEP,2026-05-07,1318564.0,1318564.0,5258,5258,12675,12675.0,24.747,-0.292395382,213161186407.4,14.092054582005552,14.092054582005552,0.41483234714003947,0.41483234714003947,0.006670217873090405,0.006670217873090405,385542.024471448,241848.12649909602,34427.76537538,24.747,0.41483234714003947,0.41483234714003947,250.77291745910992,250.77291745910992,0.20714850664758383,0.20714850664758383,0.26705025499867746,0.022727272727272728,26.0853144601711,1,0.0,0.0,0.0,,25.862068965517242,6.896551724137931,1.4106583072100314,24.294670846394983,42.94670846394985,43.73040752351097,12.852664576802509,6.896551724137931,9.247648902821316,30.721003134796238,28.605015673981192,26.332288401253916,18.68,58.73925501432665,2,0.6667,ACTIVE,,2026-05-07,ATM,30.0,42.48
US.PFGC,2026-05-07,1087874.0,1087874.0,2605,2605,5175,5175.0,35.676,0.72832956,14591352426.48,13.899736810091815,13.899736810091815,0.5033816425120773,0.5033816425120773,0.02263320392631706,0.02263320392631706,792330.7917554401,52470.532409572,69536.081471508,35.676,0.5033816425120773,0.5033816425120773,417.60998080614206,417.60998080614206,1.2473118279569892,1.2473118279569892,2.1659241471533797,0.1,23.403694890694396,1,0.0,0.0,0.0,,23.981191222570533,9.247648902821316,9.404388714733543,40.28213166144201,19.59247648902821,57.83699059561128,31.974921630094045,9.247648902821316,17.55485893416928,76.17554858934169,28.605015673981192,26.332288401253916,23.72,58.73925501432665,2,0.6667,ONGOING,,2026-05-09,ATM,60.0,53.32
US.PG,2026-05-07,1332811.0,805611.0,5214,4110,9878,4939.0,22.4755,-0.016771100499999997,344399788846.2,26.77469467498743,13.387347337493715,0.9858958622950078,1.522758620689655,0.03951271763888777,0.07513100650486115,499639.977423675,348144.995206076,53030.473438689005,22.4755,0.9858958622950078,1.522758620689655,428.9963073891886,729.7201086956521,0.8677824548635847,1.682477179165921,0.6821096216194436,0.053048780487804884,26.56506899639643,2,1.5280937025796661,0.2686131386861314,0.0,,35.42319749216301,28.213166144200624,23.35423197492163,30.094043887147336,49.059561128526646,52.82131661442007,10.501567398119123,28.213166144200624,29.153605015673982,83.07210031347962,93.2601880877743,26.332288401253916,35.24,58.73925501432665,2,0.6667,ACTIVE,,2026-05-07,ATM,30.0,45.24
US.PLNT,2026-05-07,2243906.0,868215.0,9534,5372,4168,1389.3333333333333,90.248,0.38569607133333333,5097476980.44,40.52653670881268,13.508845569604226,3.024160893389308,4.28731045490822,0.12012184202704025,0.21376681400451553,861269.616478571,83852.191729143,92685.381318336,90.248,3.024160893389308,4.28731045490822,273.15065572267923,340.6583614864865,0.37990616512018205,0.4506560182544209,5.221407426922192,0.10000000000000002,22.352011544745995,3,0.0,0.0,0.0,,49.3730407523511,41.53605015673981,38.557993730407524,41.692789968652036,25.54858934169279,63.94984326018809,90.9090909090909,41.53605015673981,14.420062695924765,46.55172413793103,28.605015673981192,26.332288401253916,39.76,58.73925501432665,2,0.6667,ACTIVE,,2026-05-07,DEEP_OTM,30.0,46.0
US.PLTR,2026-05-07,165411781.0,43543844.0,378969,41836,628394,8056.333333333333,52.9308717948718,0.056745266679487184,320736369402.83,1090.5625820255893,13.981571564430633,1.808050292285609,33.417840375586856,0.053777029622544714,0.8676729282984238,68566962.38508373,32479307.69656398,3878769.621202677,52.9308717948718,1.808050292285609,33.417840375586856,797.389466617021,2377.358407079646,0.3595641393375505,1.7294685990338166,4.379770669696194,0.09879435632769672,26.493885343526173,78,0.3446925229966285,0.39880704111500315,0.01989579569305284,0.0,93.57366771159874,70.6896551724138,59.24764890282132,93.73040752351098,92.47648902821317,96.70846394984326,58.307210031347964,70.6896551724138,59.40438871473355,83.85579937304075,77.11598746081505,52.97805642633229,72.52,84.38395415472779,3,1.0,ACTIVE,,2026-05-07,ATM,30.0,64.28
US.Q,2026-05-07,1809350.0,1129000.0,1577,1005,661,330.5,56.078,0.449881298,31298949266.88,27.36720784932063,13.683603924660314,502.9326777609682,1005.0,564500.0344376949,1129000.0,773211.4617663999,521694.9971466999,17661.8154228,56.078,502.9326777609682,1005.0,1156.4030807500958,1189.423076923077,0.1699439252336449,0.21588785046728978,0.4642984386246357,0.015040106951871659,24.16685036421275,2,0.0,0.0,0.0,,39.811912225705335,93.57366771159874,94.04388714733543,39.49843260188088,54.70219435736677,27.27272727272727,63.322884012539184,93.57366771159874,41.53605015673981,31.661442006269592,28.605015673981192,26.332288401253916,57.87,24.498567335243553,1,0.3333,N/A,,,,0.0,21.89
US.QCOM,2026-05-07,109489675.0,9209556.0,154159,26019,217015,3338.6923076923076,59.50787692307693,0.4564947243692307,202968780000.0,911.5427455396739,14.023734546764214,21.566092084703858,634.5,7826.240864694802,508680.0,60790062.168916814,18574135.564759657,1703315.530058393,59.50787692307693,21.566092084703858,634.5,1560.983507477243,5522.14798206278,0.6124620975213149,2.0050632911392405,5.392025392769594,0.1031074330246141,26.036318011062306,65,0.07381347476028703,0.10103347546299273,0.14996456058527893,0.0,92.6332288401254,91.06583072100314,88.08777429467085,93.57366771159874,90.9090909090909,93.2601880877743,67.0846394984326,91.06583072100314,81.19122257053291,85.73667711598746,61.59874608150471,60.3448275862069,82.77,84.38395415472779,3,1.0,ACTIVE,,2026-05-08,ATM,30.0,65.99
US.RMBS,2026-05-07,2008481.0,732980.0,2036,986,5207,1735.6666666666667,79.41866666666667,0.518439305,14062131188.68,40.23544978979725,13.411816596599083,0.6698276909097531,1.0071501532175688,0.04742027251734002,0.0778673038875028,1036981.840210361,370865.07669823,27574.079714148,79.41866666666667,0.6698276909097531,1.0071501532175688,1098.8980296248865,1498.9366053169733,1.3113742799002608,2.434146341463415,2.0380496579856473,0.04399551066217733,23.366751290055486,3,0.0,0.0,0.0,,48.90282131661442,21.630094043887148,24.45141065830721,44.98432601880878,50.15673981191222,38.71473354231975,85.42319749216301,21.630094043887148,47.17868338557994,89.18495297805643,28.605015673981192,26.332288401253916,36.95,24.498567335243553,1,0.3333,N/A,,,,0.0,18.41
US.ROK,2026-05-07,1281653.0,733070.0,587,302,967,483.5,38.557500000000005,0.8245111345,51113690310.55,26.720093530300723,13.360046765150361,0.705238488702649,0.9773462783171522,0.03145137324980694,0.03864916761865912,1064842.356814096,228554.869199393,11521.246978516,38.557500000000005,0.705238488702649,0.9773462783171522,2194.3377192982457,2572.1754385964914,0.426209717507705,0.6187845303867404,2.372718079888534,0.1,24.65731821043742,2,0.0,0.0,0.0,,35.10971786833856,19.278996865203762,14.263322884012538,45.45454545454545,42.00626959247649,20.532915360501566,36.677115987460816,19.278996865203762,61.28526645768025,58.777429467084644,28.605015673981192,26.332288401253916,29.93,24.498567335243553,1,0.3333,N/A,,,,0.0,17.24
US.RTX,2026-05-07,553526.0,553526.0,1051,1051,1457,1457.0,26.788,0.457637837,238012829064.72,13.224065810428904,13.224065810428904,0.7213452299245025,0.7213452299245025,0.0214953055448138,0.0214953055448138,253314.44136326198,133057.439505878,13526.341608362,26.788,0.7213452299245025,0.7213452299245025,526.6660323501427,526.6660323501427,0.46133333333333343,0.46133333333333343,0.3453212152265278,0.022727272727272728,26.195590412802616,1,0.0,0.0,0.0,,8.934169278996865,13.009404388714735,9.090909090909092,15.517241379310345,32.758620689655174,22.884012539184955,15.830721003134796,13.009404388714735,21.15987460815047,47.64890282131661,28.605015673981192,26.332288401253916,18.56,58.73925501432665,2,0.6667,ONGOING,,2026-05-09,DEEP_OTM,60.0,52.46
US.SATS,2026-05-07,4416820.0,2462225.0,8741,5935,44603,14867.666666666666,64.87133333333333,0.39256546166666667,36326139269.25,42.29352267925244,14.097840893084147,17.67559105341421,52.607142857142854,1.0149756030518013,3.0256688440783868,1550313.340888493,627359.529079743,61288.647574457005,64.87133333333333,17.67559105341421,52.607142857142854,601.7394846944171,723.2437202987101,0.6843263261160669,0.8666666666666666,1.1290154944550483,0.03174981075867458,24.315803409166275,3,0.0,0.0,0.0,,52.35109717868338,73.66771159874608,71.63009404388715,53.44827586206896,58.307210031347964,55.32915360501567,73.04075235109718,73.66771159874608,28.84012539184953,67.86833855799374,28.605015673981192,26.332288401253916,55.05,84.38395415472779,3,1.0,ONGOING,,2026-05-09,DEEP_OTM,60.0,71.37
US.SBUX,2026-05-07,1416119.0,895934.0,2511,1849,11530,5765.0,26.527,0.683219934,121309668000.0,26.86756486359138,13.43378243179569,0.21110311495316814,0.29779352552746013,0.011370574086784442,0.013556559742924483,936951.785927587,184542.298160126,54469.491999932005,26.527,0.21110311495316814,0.29779352552746013,635.1642567469311,785.7779456193354,0.28863855328438937,0.3888904211600519,0.36427828300216175,0.022727272727272728,25.521612352943695,2,0.0,0.0,0.0,,36.52037617554859,4.075235109717868,5.329153605015674,42.78996865203762,38.087774294670844,53.44827586206896,15.360501567398119,4.075235109717868,31.974921630094045,43.41692789968652,28.605015673981192,26.332288401253916,23.36,58.73925501432665,2,0.6667,ACTIVE,,2026-05-07,ATM,30.0,43.26
US.SCHW,2026-05-07,1409667.0,746846.0,27665,26462,30409,15204.5,34.759,-0.274928523,160165863488.15,26.927877380359796,13.463938690179898,2.595044413277232,4.311827956989247,0.13024904847124225,0.25780819413571066,372186.812242016,148259.575367796,39731.944427136,34.759,2.595044413277232,4.311827956989247,289.5983694807775,550.973399833749,0.27682119971314223,0.4684572142410993,1.1503989078703367,0.05462962962962963,25.799475762040174,2,0.0,0.0,0.0,,36.677115987460816,41.692789968652036,41.06583072100313,23.667711598746084,34.79623824451411,46.86520376175549,30.56426332288401,41.692789968652036,22.10031347962382,48.7460815047022,28.605015673981192,26.332288401253916,34.74,84.38395415472779,3,1.0,ACTIVE,,2026-05-08,DEEP_ITM,30.0,57.98
US.SGI,2026-05-07,4990697.0,3426530.0,12391,7311,28384,9461.333333333334,63.54866666666666,0.4524378736666667,16536979858.88,42.09949324152711,14.03316441384237,4.683070751249628,12.518835616438356,0.2691346351915069,0.7462917693221774,2422166.96545883,474846.608661809,151075.33995792002,63.54866666666666,4.683070751249628,12.518835616438356,359.8697173702248,468.6814389276433,0.9281657848324515,1.2592592592592593,2.1195080593017024,0.04848484848484849,23.528864913731404,3,0.0,0.0,0.0,,51.88087774294671,57.993730407523515,57.36677115987461,61.59874608150471,53.44827586206896,70.37617554858933,71.31661442006269,57.993730407523515,19.278996865203762,76.8025078369906,28.605015673981192,26.332288401253916,50.33,24.498567335243553,1,0.3333,N/A,,,,0.0,20.64
US.SHOP,2026-05-07,198894546.0,87144261.0,285764,95535,62550,6255.0,53.670899999999996,0.030802822299999998,136824702078.4,153.0885024329041,15.308850243290411,42.277672081993686,169.10971223021582,3.4016344986051195,28.897971669832444,111831807.80652578,34675065.110401094,2124587.916054578,53.670899999999996,42.277672081993686,169.10971223021582,1315.9228075418898,3720.406779661017,0.27280960416759076,0.5446361350056865,1.2437915305727176,0.048121199912094355,25.641966396589773,10,0.03742458736153118,0.01418547949192063,0.3377333584602164,0.0,78.36990595611285,81.50470219435736,83.85579937304075,94.98432601880877,92.78996865203762,94.20062695924764,60.18808777429467,81.50470219435736,72.25705329153605,54.858934169278996,58.777429467084644,70.37617554858933,78.65,84.38395415472779,3,1.0,ACTIVE,,2026-05-07,ATM,30.0,65.3
US.SMCI,2026-05-07,70351511.0,5704807.0,346854,50808,392981,8361.297872340425,92.77417021276597,0.6375860984255319,20755582669.628,659.3200321833139,14.028085791134338,9.982744262872087,344.47058823529414,0.30260216565602643,8.514905774725115,48162335.62726232,1307627.31865734,3389241.631692134,92.77417021276597,9.982744262872087,344.47058823529414,396.2254444693788,1318.4493670886077,1.6158268230782278,3.0976730398695715,12.516883674140523,0.16771159660847698,23.756081091804788,47,0.007180895223854639,0.017173121249978007,0.6313156799148208,0.0,90.9090909090909,86.05015673981191,79.3103448275862,91.22257053291536,68.65203761755487,96.23824451410658,91.84952978056427,86.05015673981191,43.8871473354232,91.53605015673982,57.68025078369906,80.25078369905955,80.71,84.38395415472779,3,1.0,ACTIVE,,2026-05-07,DEEP_ITM,30.0,65.64
US.SNDK,2026-05-07,363041974.0,22504725.0,87424,7866,67393,680.7373737373738,115.41729292929293,0.16701018675757578,208803596984.84,1454.18640883093,14.688751604352829,4.533965176274875,229.0,16662.832784221035,1649612.0,185041798.23636857,237623116.94274494,751853.8594280219,115.41729292929293,4.533965176274875,229.0,6310.174250094126,40219.19465648855,0.6511488463871183,1.1304451299325395,22.239837887042857,0.23300166326277558,26.06465991975019,99,0.31554813293719886,0.6315622492208349,0.20354898687279616,0.0,95.7680250783699,83.22884012539184,95.61128526645768,97.02194357366771,98.43260188087774,88.55799373040753,95.7680250783699,83.22884012539184,99.21630094043887,74.45141065830721,75.54858934169279,63.63636363636363,86.54,84.38395415472779,3,1.0,ONGOING,,2026-05-09,ATM,60.0,76.62
US.SOLS,2026-05-07,851903.0,851903.0,15174,15174,99,99.0,52.98,-0.081936956,13022821497.31,13.655229123406691,13.655229123406691,153.27272727272728,153.27272727272728,1.0492721385295463,1.0492721385295463,69802.338627268,36267.501607311,8653.767830383,52.98,153.27272727272728,153.27272727272728,56.14228285224726,56.14228285224726,0.6222222222222222,0.6222222222222222,0.5993314390985864,0.022727272727272728,23.289969155189034,1,0.0,0.0,0.0,,20.37617554858934,80.56426332288402,60.658307210031346,3.918495297805643,14.420062695924765,14.420062695924765,58.620689655172406,80.56426332288402,1.5673981191222568,59.09090909090909,28.605015673981192,26.332288401253916,40.27,24.498567335243553,1,0.3333,N/A,,,,0.0,18.96
US.STLD,2026-05-07,5353781.0,2291075.0,2117,1027,9080,2270.0,44.744749999999996,0.70881587425,34877861084.85,55.9274689318866,13.98186723297165,2.568898689221291,9.176470588235293,0.213465755783305,0.6904717313843048,4170244.367309,1336950.246539763,39831.281380455,44.744749999999996,2.568898689221291,9.176470588235293,2941.474249903761,5790.116279069767,0.1356049268724775,0.17717033662363954,0.9775308629837269,0.033054287163876206,24.275118112026927,4,0.0,0.0,0.7069629855984023,0.0,61.28526645768025,54.38871473354232,56.42633228840125,70.37617554858933,68.96551724137932,47.02194357366771,45.141065830721004,54.38871473354232,82.75862068965517,26.64576802507837,28.605015673981192,81.81818181818183,60.29,24.498567335243553,1,0.3333,N/A,,,,0.0,22.3
US.STX,2026-05-07,3568092.0,1125106.0,1648,700,623,155.75,93.04375,-0.19434195650000002,176338163888.64,54.70659951992721,13.676649879981802,11.179414355088724,30.571428571428573,0.41275449516548013,1.0219057791728883,1666439.3597020363,754367.600662797,25049.747432173,93.04375,11.179414355088724,30.571428571428573,2512.975038226916,4059.6359447004606,0.584923838230643,0.722586583822345,27.92990415890663,0.3333333333333333,25.895669374220585,4,4.899730319169165,4.438943894389439,0.0,,59.24764890282132,69.43573667711598,60.3448275862069,55.4858934169279,62.695924764890286,37.14733542319749,92.00626959247649,69.43573667711598,74.45141065830721,63.322884012539184,96.86520376175548,26.332288401253916,60.29,84.38395415472779,3,1.0,ACTIVE,,2026-05-08,ATM,30.0,62.24
US.TER,2026-05-07,4533694.0,2471564.0,1315,1011,1026,513.0,67.8335,0.12106910200000001,59874246121.76,29.259612583295166,14.629806291647583,10.633333333333333,20.266666666666666,1.829115325438168,3.59431429965837,2068648.2958922,3245713.482120332,14992.403786684,67.8335,10.633333333333333,20.266666666666666,4613.9974849029095,6783.3223684210525,0.07784541838669384,0.10952136402876643,0.4906471514791174,0.014412416851441241,24.81551230174662,2,1.1985490730458312,3.325657894736842,0.0,,45.29780564263323,64.1065830721003,73.98119122257053,59.09090909090909,77.89968652037618,24.45141065830721,76.17554858934169,64.1065830721003,85.73667711598746,18.808777429467085,91.69278996865204,26.332288401253916,58.85,84.38395415472779,3,1.0,ACTIVE,,2026-05-07,ATM,30.0,62.0
US.TPR,2026-05-07,6998126.0,1849622.0,12165,3229,9944,1420.5714285714287,70.20957142857142,0.49995375057142855,30132750309.09,96.20381613994952,13.743402305707075,31.33833419821786,159.11111111111111,1.5060250020508494,7.463287718276632,3713265.2009507203,705505.9759106879,148390.738599565,70.20957142857142,31.33833419821786,159.11111111111111,626.9781848946817,850.7920883164674,0.3591069736075707,0.6814814814814817,3.827783981616604,0.08896103896103898,24.128878467372772,7,0.0,0.0,0.0,,72.41379310344827,80.87774294670847,78.84012539184953,67.55485893416929,60.9717868338558,70.21943573667711,78.84012539184953,80.87774294670847,34.1692789968652,61.75548589341693,28.605015673981192,26.332288401253916,62.04,58.73925501432665,2,0.6667,ACTIVE,,2026-05-07,ATM,30.0,49.71
US.TSLA,2026-05-07,1145014111.0,51328061.0,1296340,78969,990398,3993.5403225806454,45.69824596774194,0.17555590950403224,1496783657205.114,3626.443897663325,14.622757651868246,6.117263104848512,250.0,10080.19922508013,2499750.0,688777459.9838653,293420261.23388207,16294738.626408257,45.69824596774194,6.117263104848512,250.0,1768.2317020542437,17364.573804573803,0.7019135655155018,2.016901408450704,3.784255018587146,0.11558683056018687,28.034339693357985,248,0.34750065628063226,0.36667309762297096,0.057262316132276905,1.0,98.43260188087774,83.69905956112854,97.96238244514106,98.90282131661442,98.58934169278997,99.05956112852664,47.33542319749217,83.69905956112854,95.7680250783699,85.8934169278997,77.58620689655173,54.70219435736677,84.5,84.38395415472779,3,1.0,ACTIVE,,2026-05-08,ATM,30.0,66.28
US.TXN,2026-05-07,14256901.0,7561744.0,11428,3179,10948,1368.5,42.909875,0.54619268975,263417257427.04,111.72059263712377,13.965074079640472,5.802772582611174,25.23015873015873,0.2705596997204072,1.6027870192323996,7482559.863133797,6890484.864965062,146637.576480231,42.909875,5.802772582611174,25.23015873015873,1348.5371643211356,2715.94,0.9307060824270085,2.2259136212624586,2.868302083522534,0.08233287243913755,26.297005142059422,8,0.0,0.0,0.0,,74.92163009404389,67.55485893416929,65.20376175548589,77.58620689655173,84.63949843260188,69.74921630094045,42.476489028213166,67.55485893416929,63.63636363636363,87.3040752351097,28.605015673981192,26.332288401253916,60.5,84.38395415472779,3,1.0,ACTIVE,,2026-05-07,ATM,30.0,62.28
US.UAL,2026-05-07,4721801.0,3053751.0,9002,6788,22665,7555.0,66.41966666666667,0.638593104,32469955589.12,42.12963049143329,14.043210163811096,0.504879962835861,0.800377313995991,0.032787366569167954,0.05431607092845681,2471697.53568667,559845.068267786,104490.27473266001,66.41966666666667,0.504879962835861,0.800377313995991,681.6203096406435,910.9807976366322,0.3861759461140714,0.5104668084630024,7.318156688704925,0.12626262626262627,24.203581055339875,3,0.0,0.0,0.1306141448993721,0.0,52.03761755485894,14.576802507836991,17.86833855799373,61.91222570532915,55.64263322884012,65.67398119122258,74.76489028213166,14.576802507836991,35.26645768025078,52.507836990595614,28.605015673981192,59.40438871473355,40.56,84.38395415472779,3,1.0,ACTIVE,,2026-05-08,ATM,30.0,58.95
US.UBER,2026-05-07,7153116.0,1366155.0,32472,8884,61221,7652.625,44.964625,0.38136300300000003,161255424007.86,109.12915800827135,13.641144751033918,10.253593324604182,74.11111111111111,0.241446382290954,1.6141636141636142,4051222.373933516,437914.194299131,458737.09100213397,44.964625,10.253593324604182,74.11111111111111,274.35315238036435,426.23883089770356,1.0352842598653387,1.78448275862069,6.731631542582525,0.1670532378580324,25.80625542932082,8,0.28717894826247153,0.21426968813102984,0.0,,73.98119122257053,75.54858934169279,65.51724137931035,69.59247648902821,51.88087774294671,84.95297805642633,45.45454545454545,75.54858934169279,17.711598746081506,84.32601880877742,74.13793103448276,26.332288401253916,60.22,84.38395415472779,3,1.0,ACTIVE,,2026-05-07,ATM,30.0,62.23
US.UHS,2026-05-07,2979370.0,2979370.0,2976,2976,2984,2984.0,0.0,0.0,10282898870.72,14.907222762376868,14.907222762376868,0.9973190348525469,0.9973190348525469,0.05925861424540991,0.05925861424540991,0.0,0.0,0.0,0.0,0.9973190348525469,0.9973190348525469,1001.1323924731183,1001.1323924731183,0.03478094822412569,0.03478094822412569,0.0,0.1,23.053748048633775,1,0.0,0.0,0.0,,29.310344827586203,20.846394984326018,19.435736677115987,1.8025078369905956,1.8025078369905956,1.8025078369905956,1.8025078369905956,20.846394984326018,37.774294670846395,6.896551724137931,28.605015673981192,26.332288401253916,18.59,24.498567335243553,1,0.3333,N/A,,,,0.0,15.35
US.UNH,2026-05-07,3883583.0,1982295.0,4450,2327,15072,3768.0,76.7975,0.63014636275,333543276701.12,54.48455618749188,13.62113904687297,0.8411791874476726,2.182795698924731,0.14791656950242948,0.5803474188629929,2893379.028913732,494530.49013311596,55244.733584593996,76.7975,0.8411791874476726,2.182795698924731,3248.843905509771,9765.0,0.6758462916663446,1.573248407643312,12.252981223267309,0.19734848484848483,26.533038459107058,4,0.0,0.0,0.5104294153105522,0.0,59.09090909090909,32.445141065830725,53.60501567398119,64.26332288401254,53.91849529780565,53.76175548589342,84.32601880877742,32.445141065830725,90.43887147335423,81.34796238244513,28.605015673981192,76.33228840125392,57.08,84.38395415472779,3,1.0,ONGOING,,2026-05-09,ATM,60.0,71.71
US.UPS,2026-05-07,2670186.0,2035500.0,2355,1355,4725,2362.5,16.915,-0.2342957695,84873825681.33,27.887139781172095,13.943569890586048,0.663799748077357,0.9596928982725528,0.10640621838787283,0.19556060611009923,297408.489521754,86247.769956816,22001.995680444,16.915,0.663799748077357,0.9596928982725528,1251.9514760147601,2035.5,0.08652812936423346,0.14956320745096705,0.18238129247281354,0.014412416851441241,25.164431586880717,2,0.3118084008843036,1.355,0.7623064460678021,0.0,41.84952978056427,18.025078369905955,37.93103448275862,20.06269592476489,26.01880877742947,33.07210031347962,5.956112852664576,18.025078369905955,54.70219435736677,23.667711598746084,75.39184952978056,83.22884012539184,39.64,84.38395415472779,3,1.0,ACTIVE,,2026-05-08,DEEP_ITM,30.0,58.8
US.V,2026-05-07,3158906.0,1766983.0,4141,3118,2896,1448.0,22.2265,-0.06395240099999999,603956384691.6,28.53098221705038,14.26549110852519,1.3854238323170458,1.484055211803903,0.04065035337768549,0.05491990404267576,1071151.542910932,1887169.673161376,32499.937946683,22.2265,1.3854238323170458,1.484055211803903,963.666260203893,1360.6285434995114,0.21545780104943876,0.3283333333333333,0.11766110008085956,0.010525785656728445,27.12676782150006,2,0.7877398933662633,0.3280949326491341,0.0,,43.41692789968652,27.11598746081505,18.181818181818183,45.61128526645768,72.88401253918495,42.476489028213166,10.031347962382444,27.11598746081505,44.67084639498432,39.6551724137931,88.24451410658307,26.332288401253916,36.59,84.38395415472779,3,1.0,ACTIVE,,2026-05-07,ATM,30.0,58.29
US.VRT,2026-05-07,21186517.0,7125394.0,8053,1350,9524,560.2352941176471,70.6309411764706,0.417859572117647,137864336238.72,233.71996639960156,13.74823331762362,39.28328780113118,511.0,34346.6808352978,583886.0,14109460.07098016,6992897.165374049,94652.338324022,70.6309411764706,39.28328780113118,511.0,2845.463169422376,7454.578475336323,0.3723959722447121,1.2538870498545491,5.045076307994651,0.09624619901436511,25.649535967846,17,0.2236897811285603,0.5531340405014464,0.562845417205669,0.0,83.07210031347962,89.65517241379311,89.34169278996865,83.22884012539184,84.79623824451411,64.42006269592476,79.9373040752351,89.65517241379311,86.99059561128527,76.64576802507837,71.00313479623824,78.21316614420063,83.06,84.38395415472779,3,1.0,ACTIVE,,2026-05-07,DEEP_ITM,30.0,66.04
US.VST,2026-05-07,6285485.0,1643579.0,8327,1921,16079,2679.8333333333335,58.137499999999996,0.024220287999999993,53588967430.68,82.6113807395011,13.768563456583516,0.6342217702080503,1.1202185792349726,0.034032633501154166,0.06304396298586253,2415392.774221195,1284271.978288237,77330.104209238,58.137499999999996,0.6342217702080503,1.1202185792349726,796.9895989077862,1255.932700603969,0.2200733638813007,0.38993710691823896,1.1750265058070533,0.03410128684101287,24.70460905233845,6,1.3711653085860873,1.006022645145748,0.0,,68.96551724137932,23.35423197492163,20.37617554858934,61.442006269592476,68.02507836990596,59.56112852664577,65.51724137931035,23.35423197492163,42.63322884012539,43.573667711598745,92.00626959247649,26.332288401253916,43.29,84.38395415472779,3,1.0,ONGOING,,2026-05-09,DEEP_OTM,60.0,69.41
US.VTRS,2026-05-07,918821.0,918821.0,16938,16938,3289,3289.0,67.287,0.512380721,18572513498.55,13.730847693785563,13.730847693785563,5.149893584676193,5.149893584676193,0.1751484715366411,0.1751484715366411,470786.166449941,9107.939959798,219031.841196822,67.287,5.149893584676193,5.149893584676193,54.24613295548471,54.24613295548471,1.6615384615384616,1.6615384615384616,3.9841650628218237,0.1,23.644948555846884,1,0.0,0.0,0.0,,22.10031347962382,44.67084639498432,36.206896551724135,28.84012539184953,6.269592476489027,76.33228840125392,75.54858934169279,44.67084639498432,1.4106583072100314,82.9153605015674,28.605015673981192,26.332288401253916,35.44,84.38395415472779,3,1.0,ACTIVE,,2026-05-08,DEEP_ITM,30.0,58.1
US.WBD,2026-05-07,5454816.0,2132758.0,71722,38611,280358,70089.5,31.47875,0.148043902,68181680169.6,56.00233477369761,14.000583693424403,1.1216884073844842,3.6884745762711866,0.03936725610309277,0.13559459122632103,1648175.198723662,242014.95096826,404113.336657459,31.47875,1.1216884073844842,3.6884745762711866,88.40511674432089,149.41190914671577,0.1460056799677666,0.25925925925925936,0.16492787791437336,0.010688520127210404,24.945441746511815,4,0.9539021153360521,2.218542451983486,0.0,,61.442006269592476,39.811912225705335,32.13166144200627,55.32915360501567,43.103448275862064,83.38557993730407,23.35423197492163,39.811912225705335,5.172413793103448,35.26645768025078,90.28213166144201,26.332288401253916,42.3,84.38395415472779,3,1.0,ACTIVE,,2026-05-07,ATM,30.0,59.24
US.WDAY,2026-05-07,840035.0,840035.0,2204,2204,353,353.0,67.667,-0.395076953,30618939119.13,13.641200027044013,13.641200027044013,6.243626062322946,6.243626062322946,0.19405549617345436,0.19405549617345436,331878.468213355,61817.89675838,25027.37276375,67.667,6.243626062322946,6.243626062322946,381.1411070780399,381.1411070780399,0.490628986360514,0.490628986360514,3.85898232344247,0.1,24.1448845799438,1,0.0,0.0,0.0,,20.06269592476489,48.43260188087774,37.774294670846395,22.25705329153605,21.786833855799372,36.990595611285265,75.70532915360502,48.43260188087774,15.673981191222571,50.626959247648905,28.605015673981192,26.332288401253916,34.63,84.38395415472779,3,1.0,ACTIVE,,2026-05-08,ATM,30.0,57.96
US.WDC,2026-05-07,7517793.0,2972505.0,2309,570,3788,631.3333333333334,81.43416666666667,0.5098997815,166533171592.65,82.93385136907901,13.822308561513168,0.9058638465500349,1.4886363636363635,0.06988690738370633,0.24032593720894133,4997086.007149497,4731442.62006142,26023.559040753,81.43416666666667,0.9058638465500349,1.4886363636363635,4133.361720686269,12132.673469387755,0.5030043899169968,0.9666287242307622,6.908385993612782,0.11018095528145778,25.83846035531418,6,0.09790427115214337,0.20135275754422477,0.25642100015257135,0.0,69.59247648902821,27.27272727272727,40.12539184952978,72.41379310344827,81.03448275862068,37.774294670846395,86.52037617554859,27.27272727272727,93.41692789968651,70.21943573667711,63.793103448275865,66.77115987460816,57.14,84.38395415472779,3,1.0,ONGOING,,2026-05-09,ATM,60.0,71.72
US.WFC,2026-05-07,884000.0,884000.0,2000,2000,469,469.0,33.112,-0.317982724,246100439107.48,13.69221347284086,13.69221347284086,4.264392324093817,4.264392324093817,0.23437719562913042,0.23437719562913042,281096.728016,186069.150176,16369.356848000001,33.112,4.264392324093817,4.264392324093817,442.0,442.0,0.0,0.0,0.0722351496918571,0.005025125628140704,26.229005578610337,1,0.0,0.0,0.0,,21.630094043887148,41.37931034482759,39.811912225705335,18.495297805642632,38.24451410658307,25.705329153605017,27.11598746081505,41.37931034482759,18.495297805642632,1.8808777429467085,28.605015673981192,26.332288401253916,30.06,84.38395415472779,3,1.0,ACTIVE,,2026-05-08,DEEP_ITM,30.0,57.2
US.WMB,2026-05-07,860300.0,860300.0,14546,14546,0,0.0,29.447,-0.213109563,90208352026.4,13.665037606993979,13.665037606993979,14546.0,14546.0,860300.0,860300.0,183338.1570489,58560.3147332,36311.0391245,29.447,14546.0,14546.0,59.143407122232915,59.143407122232915,0.48270313757039424,0.48270313757039424,0.3793070667447593,0.02631578947368421,25.225387854267183,1,0.0,0.0,0.0,,21.003134796238246,99.68652037617555,92.00626959247649,9.247648902821316,21.003134796238246,45.45454545454545,20.532915360501566,99.68652037617555,1.7241379310344827,49.686520376175544,28.605015673981192,26.332288401253916,49.34,24.498567335243553,1,0.3333,N/A,,,,0.0,20.47
US.XOM,2026-05-07,1541956.0,883449.0,2173,1802,15525,7762.5,13.1405,0.249042289,616312193517.78,27.089321924959556,13.544660962479778,0.1227001367953465,0.17108136333428273,0.007256266551053376,0.008871643011359032,440032.322349522,179588.614380903,26317.516353786,13.1405,0.1227001367953465,0.17108136333428273,1132.6058744252418,1774.9514824797843,0.13681189326608387,0.16801075268817203,0.17113875978928839,0.06136363636363637,27.14701947975666,2,0.0,0.0,0.427059526990394,0.0,37.774294670846395,1.5673981191222568,3.1347962382445136,26.489028213166144,37.460815047021946,38.087774294670844,4.38871473354232,1.5673981191222568,51.56739811912225,25.391849529780565,28.605015673981192,73.35423197492163,27.56,84.38395415472779,3,1.0,ONGOING,,2026-05-09,ATM,60.0,66.79
US.XYZ,2026-05-07,5754799.0,2549452.0,12787,6164,32613,8153.25,74.00450000000001,0.4519582255,42190268369.67,55.78298234344059,13.945745585860147,3.6376808124870825,11.780392156862746,0.3255539889641557,1.147577325438152,2775102.876180558,603212.9738116451,164345.66870054,74.00450000000001,3.6376808124870825,11.780392156862746,438.83530060026277,689.9846870838882,0.15966976642324462,0.231060606060606,2.9494461619241203,0.05693809958885336,24.465455424064324,4,0.0,0.0,0.0,,60.81504702194357,57.52351097178683,61.59874608150471,64.1065830721003,57.05329153605015,72.10031347962382,82.9153605015674,57.52351097178683,28.056426332288403,32.60188087774294,28.605015673981192,26.332288401253916,51.96,84.38395415472779,3,1.0,ACTIVE,,2026-05-07,ATM,30.0,60.85
US.ZTS,2026-05-07,734220.0,734220.0,2022,2022,1218,1218.0,72.464,-0.435903348,46769922650.34,13.506565352196436,13.506565352196436,1.6600985221674878,1.6600985221674878,0.05419959375772334,0.05419959375772334,320048.95616856,50110.1515611,23035.83605118,72.464,1.6600985221674878,1.6600985221674878,363.11572700296733,363.11572700296733,0.4985775048590181,0.4985775048590181,4.1361105402889,0.1,24.56850615487356,1,0.0,0.0,0.0,,17.711598746081506,29.62382445141066,17.711598746081506,21.473354231974923,18.495297805642632,34.48275862068966,81.03448275862068,29.62382445141066,15.360501567398119,51.2539184952978,28.605015673981192,26.332288401253916,27.29,84.38395415472779,3,1.0,ACTIVE,,2026-05-08,DEEP_ITM,30.0,56.74
US.AA,2026-05-08,1272902.0,1272902.0,1946,1946,378,378.0,51.676,-0.509783351,16530061770.0,14.05681067667875,14.05681067667875,5.148148148148148,5.148148148148148,0.537590295093488,0.537590295093488,648904.247054602,140007.743515568,35973.82074103,51.676,5.148148148148148,5.148148148148148,654.1120246659815,654.1120246659815,0.07413887694429204,0.07413887694429204,0.33585486424960065,0.013888888888888888,23.528446485674962,1,0.0,0.0,0.0,,25.391849529780565,44.5141065830721,51.724137931034484,35.73667711598746,33.5423197492163,44.98432601880878,56.42633228840125,44.5141065830721,26.17554858934169,13.166144200626958,28.605015673981192,26.332288401253916,37.27,24.498567335243553,1,0.3333,N/A,,,,0.0,18.46
US.AAL,2026-05-08,2113604.0,1569176.0,84315,69869,30311,15155.5,55.329499999999996,-0.2786259315,8717056105.66,27.473554654055313,13.736777327027657,2.448052709174364,3.500626283881958,0.04977676306805123,0.05965096429471008,451636.273923556,20092.296934332,342355.385662528,55.329499999999996,2.448052709174364,3.500626283881958,30.072970357589774,37.68711061885643,0.4484478935698447,0.4878048780487804,2.04102497490763,0.06718346253229973,22.888547415419517,2,0.0,0.0,0.0,,39.96865203761755,39.18495297805642,19.74921630094044,27.586206896551722,9.404388714733543,82.13166144200626,62.85266457680251,39.18495297805642,0.3134796238244514,50.15673981191222,28.605015673981192,26.332288401253916,32.11,84.38395415472779,3,1.0,ONGOING,,2026-05-09,DEEP_OTM,60.0,67.54
US.AAON,2026-05-08,10137883.0,3635488.0,3399,944,3664,610.6666666666666,56.85216666666667,0.6374464335,10587088517.5,84.48853693035953,14.081422821726589,171.67969752066242,938.0,114865.65960001912,689169.0,5594180.534853531,448247.839080234,24619.483591538003,56.85216666666667,171.67969752066242,938.0,3150.9773430776804,4322.730666666666,2.244135731870711,3.9695857367593073,3.0941003693501217,0.07741138377641445,23.082901031328714,6,0.0,0.0,0.9320204228042482,1.0,70.0626959247649,92.78996865203762,89.96865203761756,73.66771159874608,52.35109717868338,36.83385579937304,64.26332288401254,92.78996865203762,76.01880877742947,93.73040752351098,28.605015673981192,86.99059561128527,76.35,24.498567335243553,1,0.3333,N/A,,,,0.0,24.97
US.AAPL,2026-05-08,460359464.0,71673447.0,1098458,134992,1403579,10025.564285714287,25.745964285714287,0.26740410965714284,4221483923588.0,1995.8286820954331,14.255919157824522,2.3001030085866327,77.28846153846153,0.05749196291404938,1.9871288604653714,207217927.85054055,142482308.1798889,10381913.22550371,25.745964285714287,2.3001030085866327,77.28846153846153,1475.7402124448531,7625.032520325203,0.585801809224276,3.6774193548387095,3.132065858212684,0.10136748879794791,29.07120782282628,140,0.10162456310721663,0.13817578209187817,0.16134110365546867,0.0,97.4921630094044,75.86206896551724,68.3385579937304,97.33542319749216,97.64890282131663,98.90282131661442,14.420062695924765,75.86206896551724,87.46081504702194,92.6332288401254,63.94984326018809,60.81504702194357,76.31,84.38395415472779,3,1.0,ONGOING,,2026-05-09,ATM,60.0,74.91
US.ABBV,2026-05-08,4051747.0,1779866.0,5146,3858,2471,617.75,13.68975,0.12827020449999998,358545821441.67,54.86542994206998,13.716357485517495,3.613923377551836,6.818181818181818,0.4240135872256181,1.22800821594665,459922.866096864,320633.65782020404,14442.858986571,13.68975,3.613923377551836,6.818181818181818,2053.4171706225443,3650.9666666666667,0.09744209307020311,0.14234875444839853,0.11862602532573845,0.06370595764205848,26.605322303163494,4,6.294569958969983,15.13166144200627,0.709608966206429,0.0,59.56112852664577,49.843260188087775,62.85266457680251,28.056426332288403,47.33542319749217,23.981191222570533,4.858934169278997,49.843260188087775,71.63009404388715,23.04075235109718,98.11912225705329,81.97492163009404,55.4,24.498567335243553,1,0.3333,N/A,,,,0.0,21.48
US.ABNB,2026-05-08,6997804.0,1448282.0,14098,4802,11431,1428.875,103.964625,0.31610952475,83507016895.92,109.18004005435667,13.647505006794583,13.7701089530588,100.16666666666667,1.3316186135832508,10.22733637097157,3478377.489222764,657482.7940080679,161979.924477692,103.964625,13.7701089530588,100.16666666666667,762.7814596771273,1434.1414309484194,0.25483605600694204,0.5831783218541049,43.40536254079956,0.26653343023255816,25.148196499966158,8,0.4222019709369216,0.3094928478543563,0.2349865757886331,1.0,74.13793103448276,77.4294670846395,80.72100313479625,66.77115987460816,58.93416927899686,71.9435736677116,94.04388714733543,77.4294670846395,46.08150470219436,56.42633228840125,79.9373040752351,65.51724137931035,71.92,84.38395415472779,3,1.0,ACTIVE,,2026-05-08,ATM,30.0,64.18
US.ABT,2026-05-08,24891585.0,3145000.0,9940,1200,12453,1037.75,7.47075,-0.16428729108333331,151555162529.54,173.9748994441732,14.497908287014432,0.9430477584547313,1.6523887973640856,0.281436843497319,0.6319103261983391,4172140.651500378,38053.506133324,43317.48168935,7.47075,0.9430477584547313,1.6523887973640856,2591.5116330698056,3705.6134969325153,0.05720221112941117,0.13368983957219252,0.05704410638220516,0.06602429423555266,25.744215504736673,12,0.0,0.0,1.0,0.0,79.46708463949844,29.310344827586203,55.172413793103445,70.53291536050156,15.203761755485893,48.11912225705329,3.918495297805643,29.310344827586203,72.10031347962382,22.10031347962382,28.605015673981192,94.35736677115987,52.41,58.73925501432665,2,0.6667,ONGOING,,2026-05-09,DEEP_ITM,60.0,58.1
US.ACN,2026-05-08,13105870.0,7839610.0,1310,564,292,73.0,19.768,-0.2382345195,110625716700.92,58.965428060588984,14.741357015147246,4.471835169661257,5.127272727272727,2.386858343848791,3.9552240311993905,1295814.7278451798,35232.73013259,6939.0424395,19.768,4.471835169661257,5.127272727272727,9210.42702109132,13900.017730496455,0.019797427615736232,0.02861545234426584,1.028461641836973,0.04521963824289406,25.429418418914942,4,0.0,0.0,1.0,1.0,62.539184952978054,44.357366771159874,75.54858934169279,49.843260188087775,13.793103448275861,11.598746081504702,8.150470219435736,44.357366771159874,94.20062695924764,6.112852664576803,28.605015673981192,94.35736677115987,54.46,58.73925501432665,2,0.6667,ONGOING,,2026-05-08,DEEP_ITM,60.0,58.45
US.ADBE,2026-05-08,5320463.0,2177554.0,7199,4948,5260,1315.0,47.2555,0.44316703125,103681342000.0,55.69198519523833,13.922996298809583,344.8490260098631,1377.0,544388.5170386739,2177554.0,2229012.582245753,1504812.058634938,72257.18572363499,47.2555,344.8490260098631,1377.0,1275.290572216456,1931.4884615384615,0.3372600463953941,0.8757637474541753,1.1638666824650734,0.04430764553883569,25.364588013149092,4,0.0,0.0,0.0,,60.658307210031346,94.82758620689656,97.33542319749216,59.87460815047022,70.0626959247649,58.777429467084644,49.52978056426332,94.82758620689656,53.60501567398119,68.18181818181817,28.605015673981192,26.332288401253916,65.96,84.38395415472779,3,1.0,ONGOING,,2026-05-09,ATM,60.0,73.19
US.ADI,2026-05-08,750416.0,750416.0,652,652,740,740.0,73.91,0.660986018,199441162217.64,13.528384331001762,13.528384331001762,0.8810810810810811,0.8810810810810811,0.02482315861342592,0.02482315861342592,496014.483683488,57230.381687584,17833.350331504,73.91,0.8810810810810811,0.8810810810810811,1150.9447852760736,1150.9447852760736,0.007797017640752362,0.007797017640752362,40.11704687271889,0.5,26.01878510355468,1,0.0,0.0,0.0,,18.025078369905955,15.830721003134796,10.031347962382444,29.780564263322884,20.532915360501566,27.89968652037618,82.75862068965517,15.830721003134796,40.75235109717868,4.231974921630094,28.605015673981192,26.332288401253916,24.01,84.38395415472779,3,1.0,ONGOING,,2026-05-09,DEEP_ITM,60.0,66.19
US.AEP,2026-05-08,27431308.0,6686400.0,15977,5164,2347,234.7,14.836099999999998,0.2909584464,71691268870.8,146.68962298010564,14.668962298010564,7.719699371663154,9.038461538461538,1.566904435867988,3.1221101303068517,6414018.86098376,81817.0289036,48067.75160712,14.836099999999998,7.719699371663154,9.038461538461538,2571.152994113366,4551.31914893617,0.043428235987543765,0.0715012075759502,1.1914332722269614,0.05839793281653747,24.995634804079863,10,0.0,0.0,0.866778354134626,1.0,77.58620689655173,54.075235109717866,72.10031347962382,75.54858934169279,25.235109717868337,50.313479623824456,5.172413793103448,54.075235109717866,77.74294670846395,12.539184952978054,28.605015673981192,86.20689655172413,60.06,24.498567335243553,1,0.3333,N/A,,,,0.0,22.26
US.AKAM,2026-05-08,8833973.0,2004770.0,9899,1483,19570,2446.25,172.4705,0.396571144875,17179457471.12,110.63209435173026,13.829011793966282,1.438162890684513,6.5,0.10900787148820806,0.49252560202245266,5596829.06950312,449073.06832881,133539.784147534,172.4705,1.438162890684513,6.5,925.8989825820692,1700.248031496063,0.2810767022045341,0.42812499999999987,50.54142509353321,0.1973514211886305,23.566980173965476,8,0.20321349150495172,0.34205531453362253,0.4224851038145577,0.0,74.60815047021944,49.21630094043887,49.843260188087775,73.82445141065831,52.507836990595614,68.80877742946709,98.7460815047022,49.21630094043887,50.313479623824456,45.45454545454545,69.27899686520375,73.04075235109718,62.11,84.38395415472779,3,1.0,ONGOING,,2026-05-09,DEEP_ITM,60.0,72.54
US.ALB,2026-05-08,2352876.0,1527544.0,1160,616,6792,3396.0,61.5925,0.411871467,23392338025.85,27.862714649736965,13.931357324868483,0.19882644115562675,0.2683769116921559,0.018344973059663334,0.02052781525533356,1055381.049108176,654862.2056043961,19714.921845916,61.5925,0.19882644115562675,0.2683769116921559,1998.4668162719634,2479.779220779221,0.9626055880441846,0.968421052631579,0.6146776103105166,0.01857235142118863,23.875674370941603,2,0.0,0.0,0.0,,41.53605015673981,3.4482758620689653,8.77742946708464,45.29780564263323,58.777429467084644,29.780564263322884,69.27899686520375,3.4482758620689653,60.3448275862069,70.37617554858933,28.605015673981192,26.332288401253916,29.65,84.38395415472779,3,1.0,ACTIVE,,2026-05-07,ATM,30.0,57.13
US.AMAT,2026-05-08,9101465.0,2474482.0,3641,1002,4233,705.5,77.54833333333333,0.7407815678333334,325887955784.88,84.89172595091362,14.148620991818937,4.729692021255596,24.23076923076923,0.7093087412653851,3.983389905438415,7178556.47927122,996266.882859693,52206.745911226,77.54833333333333,4.729692021255596,24.23076923076923,3252.0353298758782,6750.6698412698415,0.1878983712050405,0.5536321702179201,43.466417537560424,0.2974537037037037,26.509819465328487,6,0.0,0.0,0.5055167492266355,1.0,70.37617554858933,66.61442006269593,75.70532915360502,76.8025078369906,65.36050156739812,52.66457680250783,84.79623824451411,66.61442006269593,85.57993730407524,55.4858934169279,28.605015673981192,76.01880877742947,69.31,84.38395415472779,3,1.0,ONGOING,,2026-05-09,ATM,60.0,73.74
US.AMD,2026-05-08,448632249.0,43276606.0,380510,20735,410812,2551.6273291925468,70.38522360248447,0.18278040214906835,666035137005.94,2313.589128986849,14.370118813582915,1.7928195207790971,31.058823529411764,0.06170432409777953,0.6445918817020027,257682449.78988647,121512647.7200608,4291239.519949278,70.38522360248447,1.7928195207790971,31.058823529411764,2576.3518888233625,15171.249201277955,0.5159034415057646,1.7918918918918918,14.46664435133937,0.19111726394602735,27.22460826436381,161,0.27633600946430426,0.4682775492564267,0.2396317233984666,0.0,97.64890282131663,69.59247648902821,55.32915360501567,97.64890282131663,97.33542319749216,97.02194357366771,79.46708463949844,69.59247648902821,95.141065830721,84.63949843260188,73.66771159874608,65.8307210031348,77.66,84.38395415472779,3,1.0,ONGOING,,2026-05-09,DEEP_ITM,60.0,75.14
US.AMKR,2026-05-08,934355.0,934355.0,1205,1205,912,912.0,77.141,0.502053596,17913746875.86,13.74761280090628,13.74761280090628,1.3212719298245614,1.3212719298245614,0.14176173535402087,0.14176173535402087,469096.28769058,91370.357745285,19712.40885312,77.141,1.3212719298245614,1.3212719298245614,775.3983402489627,775.3983402489627,0.19599752424179906,0.19599752424179906,0.954516917910235,0.023255813953488372,23.608834236993367,1,0.0,0.0,0.0,,22.25705329153605,25.07836990595611,32.758620689655174,28.683385579937305,26.959247648902824,29.62382445141066,84.63949843260188,25.07836990595611,31.504702194357364,29.310344827586203,28.605015673981192,26.332288401253916,30.42,58.73925501432665,2,0.6667,ONGOING,,2026-05-09,ATM,60.0,54.44
US.AMZN,2026-05-08,187505511.0,22696052.0,366862,41669,917687,10311.08988764045,35.20506741573034,0.26371054506741576,2917005365760.12,1254.5635868401837,14.096220076855996,0.9739948313715999,10.494252873563218,0.024427532181972467,0.21641444991326003,118039718.88498172,41874408.50147606,3603415.866661294,35.20506741573034,0.9739948313715999,10.494252873563218,1564.2383207026132,17296.263473053892,0.3444500069885383,1.542168674698795,4.323469444486288,0.11510701435492106,28.70157864629174,89,0.1826487294591543,0.39324912461927586,0.3647940513065773,0.0,94.5141065830721,56.42633228840125,38.87147335423197,95.141065830721,93.73040752351098,96.55172413793103,31.347962382445143,56.42633228840125,95.61128526645768,80.72100313479625,68.3385579937304,71.47335423197492,69.77,84.38395415472779,3,1.0,ACTIVE,,2026-05-07,ATM,30.0,63.82
US.ANET,2026-05-08,2150439.0,593299.0,2817,1760,2609,652.25,52.0025,0.450076869,178491967557.75,52.772330953597816,13.193082738399454,1.5742258655978167,2.790909090909091,0.15806974060266743,0.3256950456950457,951692.776207603,581440.048563805,22496.225190205998,52.0025,1.5742258655978167,2.790909090909091,1239.000281274194,1837.2439024390244,0.279302906500833,0.6,0.35621446105700244,0.012885250571351418,25.907809437482722,4,0.0,0.0,0.0,,56.26959247648903,35.57993730407524,44.043887147335425,43.573667711598745,56.42633228840125,33.38557993730408,56.896551724137936,35.57993730407524,52.507836990595614,57.993730407523515,28.605015673981192,26.332288401253916,41.51,84.38395415472779,3,1.0,ACTIVE,,2026-05-07,ATM,30.0,59.11
US.ANF,2026-05-08,1350510.0,804704.0,1563,811,2217,1108.5,71.14750000000001,0.5752736549999999,3512421597.75,26.808251741995463,13.404125870997731,0.7653160032749717,0.9938725490196079,0.08761559149372455,0.12560907690040735,790521.58747667,138950.595082724,27468.896990795998,71.14750000000001,0.7653160032749717,0.9938725490196079,859.021297911693,992.2367447595561,0.07679267657992098,0.08561149695069169,0.8880829392294869,0.023255813953488372,21.979571550716596,2,0.0,0.0,0.0,,35.893416927899686,20.532915360501566,30.877742946708466,40.12539184952978,33.22884012539185,38.557993730407524,80.56426332288402,20.532915360501566,36.990595611285265,15.203761755485893,28.605015673981192,26.332288401253916,31.97,24.498567335243553,1,0.3333,N/A,,,,0.0,17.58
US.APO,2026-05-08,682899.0,682899.0,883,883,799,799.0,36.688,0.607714573,73673370932.98,13.434103714949181,13.434103714949181,1.1051314142678348,1.1051314142678348,0.06688255068032944,0.06688255068032944,415007.674187127,113696.26424939999,16511.649659442002,36.688,1.1051314142678348,1.1051314142678348,773.3850509626274,773.3850509626274,0.2359578279009406,0.2359578279009406,0.48169888870602906,0.023255813953488372,25.022907253808636,1,0.0,0.0,0.0,,15.830721003134796,23.04075235109718,21.473354231974923,25.862068965517242,30.407523510971785,25.862068965517242,33.38557993730408,23.04075235109718,31.347962382445143,33.22884012539185,28.605015673981192,26.332288401253916,25.12,58.73925501432665,2,0.6667,ONGOING,,2026-05-09,ATM,60.0,53.56
US.APP,2026-05-08,68944011.0,6422545.0,38904,6008,28785,757.5,78.03823684210526,0.44762240055263164,167590387800.0,536.8701849624141,14.128162762168792,6.686694439176338,103.0,0.34266782718817934,6.769889951289915,36406690.84565633,36122703.23616569,404241.418775613,78.03823684210526,6.686694439176338,103.0,2770.362558584544,9897.462282398452,0.9418418486561341,1.4231351324418757,18.696333530030028,0.2088233632360475,25.84478867132703,38,0.04018639647211751,0.03054223729172737,0.08289163796983033,0.0,89.65517241379311,77.74294670846395,78.21316614420063,89.96865203761756,92.94670846394985,83.5423197492163,85.26645768025078,77.74294670846395,90.9090909090909,79.46708463949844,58.93416927899686,56.739811912225704,78.1,84.38395415472779,3,1.0,ACTIVE,,2026-05-08,ATM,30.0,65.21
US.AR,2026-05-08,1280322.0,1280322.0,4001,4001,49,49.0,40.693,-0.418066195,11268735320.0,14.062622947812471,14.062622947812471,81.65306122448979,81.65306122448979,7.1842233731545955,7.1842233731545955,535259.34691479,109868.72501998799,56696.663007216,40.693,81.65306122448979,81.65306122448979,320.00049987503127,320.00049987503127,0.006837606837606844,0.006837606837606844,0.13478094563230802,0.007407407407407408,23.145297942286103,1,0.0,0.0,0.0,,25.54858934169279,76.01880877742947,78.36990595611285,31.504702194357364,29.62382445141066,53.91849529780565,39.96865203761755,76.01880877742947,13.322884012539186,3.918495297805643,28.605015673981192,26.332288401253916,45.9,24.498567335243553,1,0.3333,N/A,,,,0.0,19.9
US.ARM,2026-05-08,73392237.0,6685382.0,89512,9946,82315,1496.6363636363637,84.88390909090909,0.045956372981818185,226984184000.0,763.2172240202259,13.876676800367743,2.07798329645447,21.376470588235293,0.1312145042953767,1.3727175810628287,31746262.320500083,17257966.09851529,801922.203640604,84.88390909090909,2.07798329645447,21.376470588235293,1397.0601995356042,4215.5568345323745,0.47445977103414777,1.0518114530580442,20.208660978669585,0.2124373230114828,26.14814617799606,55,0.39468206208869155,0.5029887836657936,0.067024595530451,0.0,91.84952978056427,64.89028213166145,64.1065830721003,89.0282131661442,90.28213166144201,88.87147335423198,88.71473354231975,64.89028213166145,75.54858934169279,72.10031347962382,78.99686520376176,55.64263322884012,73.54,84.38395415472779,3,1.0,ACTIVE,,2026-05-07,ATM,30.0,64.45
US.ASML,2026-05-08,4219791.0,2124701.0,790,314,459,153.0,47.975,-0.07839676833333335,584524430739.0,42.20824528476864,14.06941509492288,119.20131291028447,200.0,708234.4960545312,2124701.0,1960264.670333917,6042543.582372905,9956.179082916,47.975,119.20131291028447,200.0,5962.024267362071,10623.505,0.20721962482931977,0.4075799447295696,1.6734309505402745,0.06053879966923445,27.09406441465826,3,2.1344267725987023,1.8623188405797102,0.0,,52.19435736677116,82.21003134796238,97.17868338557993,58.307210031347964,83.38557993730407,17.24137931034483,50.470219435736674,82.21003134796238,91.53605015673982,44.67084639498432,94.5141065830721,26.332288401253916,66.76,84.38395415472779,3,1.0,ACTIVE,,2026-05-07,ATM,30.0,63.32
US.ATI,2026-05-08,2187951.0,1472527.0,2406,1204,1629,814.5,45.536500000000004,0.46831347749999996,22198279655.82,27.683123260288745,13.841561630144373,1.9873249887481905,2.9950248756218905,0.0915948972096633,0.1094099158700534,1111715.657589667,463702.321282506,33290.180923652995,45.536500000000004,1.9873249887481905,2.9950248756218905,909.6350199833057,1225.0640599001663,0.10377138176515521,0.1709677419354838,0.5770748238978489,0.023255813953488372,23.823280629885875,2,0.0,0.0,0.0,,40.909090909090914,36.83385579937304,29.46708463949843,46.23824451410658,53.13479623824452,42.94670846394985,46.86520376175549,36.83385579937304,42.00626959247649,25.862068965517242,28.605015673981192,26.332288401253916,36.61,24.498567335243553,1,0.3333,N/A,,,,0.0,18.35
US.AVAV,2026-05-08,11034162.0,2077707.0,4048,1025,2601,371.57142857142856,52.78442857142857,0.035807329857142856,8397898942.74,99.67012856070305,14.238589794386149,203.94487801094746,1013.0,560448.7822147165,2077707.0,5773617.179084037,2144350.470904348,69768.600741271,52.78442857142857,203.94487801094746,1013.0,3111.0664927690627,4921.1466666666665,0.0816800366619662,0.18272727272727277,0.4941955450227917,0.045050991973016596,22.85124738576378,7,0.48915560016988596,0.22741055184960582,0.5220029395979504,1.0,72.88401253918495,93.73040752351098,97.02194357366771,74.29467084639498,74.29467084639498,58.15047021943573,57.68025078369906,93.73040752351098,79.78056426332289,27.27272727272727,81.6614420062696,77.11598746081505,79.89,58.73925501432665,2,0.6667,ONGOING,,2026-05-08,ATM,60.0,62.68
US.AVGO,2026-05-08,105396831.0,17712933.0,96813,10029,182685,2537.2916666666665,49.596125,0.028189575986111118,1953334705991.04,999.9636345237004,13.888383812829172,17.718350631051724,562.0,19171.23954692661,726944.0,55359745.04726274,48270483.860268585,856865.640081924,49.596125,17.718350631051724,562.0,1961.650494293554,7137.821008403362,0.7142381117553814,3.952153110047847,6.736607212720214,0.14101284725930519,28.300559133575412,72,0.5741159143020154,0.6552626179729175,0.28292006236885814,0.0,92.94670846394985,90.28213166144201,90.59561128526646,92.6332288401254,94.35736677115987,89.34169278996865,52.35109717868338,90.28213166144201,86.36363636363636,93.57366771159874,84.1692789968652,67.7115987460815,85.25,84.38395415472779,3,1.0,ONGOING,,2026-05-09,ATM,60.0,76.4
US.AXON,2026-05-08,1101686.0,1101686.0,540,540,874,874.0,127.295,0.84980945,34395466884.89,13.912353199312998,13.912353199312998,0.6178489702517163,0.6178489702517163,0.029527754163434082,0.029527754163434082,936223.1737327,55997.45447482,9271.779460826,127.295,0.6178489702517163,0.6178489702517163,2040.1592592592592,2040.1592592592592,1.4849967279733114,1.4849967279733114,67.57303190096495,0.5,24.261190616069502,1,0.0,0.0,0.0,,24.137931034482758,11.128526645768025,11.755485893416928,42.63322884012539,20.37617554858934,15.517241379310345,96.55172413793103,11.128526645768025,55.01567398119123,80.25078369905955,28.605015673981192,26.332288401253916,28.2,58.73925501432665,2,0.6667,ACTIVE,,2026-05-07,ATM,30.0,44.07
US.AXP,2026-05-08,506115.0,506115.0,500,500,1379,1379.0,32.049,-0.260392584,217450614119.67,13.13452117100792,13.13452117100792,0.36258158085569253,0.36258158085569253,0.011516393786738136,0.011516393786738136,131788.59265116,316494.35443696496,2679.555517515,32.049,0.36258158085569253,0.36258158085569253,1012.23,1012.23,0.09077306733167083,0.09077306733167083,0.10728947953756628,0.007407407407407408,26.105237600178622,1,0.0,0.0,0.0,,6.583072100313479,5.015673981191222,4.075235109717868,6.426332288401254,46.86520376175549,5.4858934169279,24.45141065830721,5.015673981191222,38.4012539184953,16.4576802507837,28.605015673981192,26.332288401253916,15.61,58.73925501432665,2,0.6667,ONGOING,,2026-05-09,DEEP_OTM,60.0,51.97
US.BA,2026-05-08,20426919.0,2488578.0,59510,10838,109077,4742.478260869565,36.76426086956521,0.20739575130434781,182121487530.93,312.80804451637675,13.600349761581597,0.8758567414320902,3.3537906137184117,0.01610037190345658,0.07646655879733094,8362705.578038325,4114201.635041888,450389.552426824,36.76426086956521,0.8758567414320902,3.3537906137184117,795.0869655205842,3697.7384843982168,1.653919978970049,8.97560975609756,5.892138387523955,0.1462148972725596,25.927939815246592,23,0.19445754764560766,0.12433637514406091,0.15000686104448743,0.0,85.42319749216301,38.4012539184953,24.137931034482758,78.68338557993731,79.3103448275862,84.79623824451411,33.5423197492163,38.4012539184953,71.9435736677116,96.86520376175548,68.80877742946709,60.50156739811913,57.55,84.38395415472779,3,1.0,ONGOING,,2026-05-09,ATM,60.0,71.78
US.BABA,2026-05-08,27123291.0,3404644.0,49716,10353,248531,10805.695652173914,52.79321739130435,0.36608085495652176,338265872763.0,317.9635526873282,13.8245022907534,0.28379076279776355,1.149113660062565,0.0157373094764245,0.0864720800790017,12410556.54986524,4121614.6023502313,559667.732170982,52.79321739130435,0.28379076279776355,1.149113660062565,811.5371496977921,1556.5422740524782,0.24475940981978409,0.8938811306753021,4.276918105997714,0.08196469538514643,26.54709802902787,23,0.1589356621353593,0.13266352265737133,0.048093868845045386,0.0,86.05015673981191,23.824451410658305,26.01880877742947,82.44514106583071,79.46708463949844,86.05015673981191,57.83699059561128,23.824451410658305,48.589341692789965,68.49529780564264,66.4576802507837,54.2319749216301,53.05,84.38395415472779,3,1.0,ACTIVE,,2026-05-07,ATM,30.0,61.03
US.BAC,2026-05-08,1129894.0,1129894.0,5068,5068,15264,15264.0,29.372,-0.325675528,374345156840.25,13.937635266017178,13.937635266017178,0.3320230607966457,0.3320230607966457,0.014032882251830655,0.014032882251830655,367978.825034032,129640.068242378,44005.662987892,29.372,0.3320230607966457,0.3320230607966457,222.94672454617205,222.94672454617205,0.14395886889460155,0.14395886889460155,0.09599475535624513,0.007407407407407408,26.648444088024387,1,0.0,0.0,0.0,,24.294670846394983,4.545454545454546,5.799373040752351,23.510971786833856,32.288401253918494,48.7460815047022,20.37617554858934,4.545454545454546,7.836990595611286,23.197492163009404,28.605015673981192,26.332288401253916,18.29,84.38395415472779,3,1.0,ONGOING,,2026-05-09,ATM,60.0,65.24
US.BIDU,2026-05-08,864996.0,864996.0,1519,1519,177,177.0,53.23,0.253252716,47591139414.33,13.67048131769991,13.67048131769991,8.581920903954803,8.581920903954803,0.34939465581235846,0.34939465581235846,219062.586329136,234518.08487329198,6135.128584332,53.23,8.581920903954803,8.581920903954803,569.4509545753785,569.4509545753785,0.08059316569954868,0.08059316569954868,0.209627458280744,0.007407407407407408,24.585912434119567,1,0.0,0.0,0.0,,21.316614420062695,53.13479623824452,44.98432601880878,12.225705329153605,42.476489028213166,10.344827586206897,59.40438871473355,53.13479623824452,22.727272727272727,13.94984326018809,28.605015673981192,26.332288401253916,34.41,84.38395415472779,3,1.0,ONGOING,,2026-05-09,ATM,60.0,67.93
US.BRK.B,2026-05-08,1320365.0,762478.0,3534,2185,12104,6052.0,16.008,0.210698835,1024678282409.16,26.776243750472084,13.388121875236042,10.467669816685516,20.753846153846155,0.12394513290008305,0.24691485158774878,282572.71799378097,838058.891260711,11570.035557333,16.008,10.467669816685516,20.753846153846155,410.2715280239791,565.2171979243884,0.37834061405954716,0.5336927223719677,0.1473437871871418,0.01630080417300587,27.65539980843181,2,0.0,0.0,0.0,,35.57993730407524,64.73354231974922,40.75235109717868,18.65203761755486,63.479623824451416,20.689655172413794,5.799373040752351,64.73354231974922,22.413793103448278,54.2319749216301,28.605015673981192,26.332288401253916,38.46,84.38395415472779,3,1.0,ONGOING,,2026-05-09,ATM,60.0,68.6
US.BSX,2026-05-08,30055694.0,15256273.0,12196,3750,6223,889.0,45.510285714285715,-0.46018780385714286,84083112476.03,102.24820636693168,14.606886623847384,2.3330015284024532,3.8982843137254903,1.2057145888017897,3.3050049478868795,24788889.111608904,718384.811749072,243377.728800321,45.510285714285715,2.3330015284024532,3.8982843137254903,2457.097651189853,4796.061930210625,0.03073841658655414,0.07738911245743602,0.7535665733656607,0.04575656901238296,25.155071580872654,7,0.0,0.0,0.9797213133724345,1.0,73.04075235109718,40.59561128526646,72.72727272727273,86.67711598746082,61.59874608150471,78.0564263322884,46.55172413793103,40.59561128526646,78.84012539184953,13.479623824451412,28.605015673981192,87.61755485893417,63.73,58.73925501432665,2,0.6667,ACTIVE,,2026-05-08,DEEP_ITM,30.0,49.99
US.BURL,2026-05-08,538806.0,538806.0,2678,2678,0,0.0,44.416,-0.100971904,19263761088.6,13.197112715267657,13.197112715267657,2678.0,2678.0,538806.0,538806.0,54404.267706624,91643.412274212,2227.6648502820003,44.416,2678.0,2678.0,201.19716206123974,201.19716206123974,0.3943180198584256,0.3943180198584256,0.5981140481425109,0.02702702702702703,23.681491504085617,1,0.0,0.0,0.0,,7.993730407523511,97.02194357366771,88.55799373040753,3.761755485893417,27.11598746081505,4.702194357366771,44.67084639498432,97.02194357366771,6.896551724137931,43.73040752351097,28.605015673981192,26.332288401253916,46.29,24.498567335243553,1,0.3333,N/A,,,,0.0,19.96
US.BWXT,2026-05-08,1699764.0,1181920.0,3015,1538,132,66.0,49.126000000000005,0.252122117,19228998678.61,27.14008288750798,13.57004144375399,23.814423076923077,28.403846153846153,0.58917858072177,0.7038925151269713,477191.030223732,399305.36007508,16208.028825891999,49.126000000000005,23.814423076923077,28.403846153846153,559.5419122690091,768.4785435630689,0.24484407336045105,0.2469135802469136,0.6072118574887859,0.023255813953488372,23.67968532444826,2,0.0,0.0,0.0,,38.24451410658307,68.65203761755487,56.896551724137936,29.153605015673982,50.626959247648905,25.391849529780565,51.56739811912225,68.65203761755487,31.19122257053292,34.1692789968652,28.605015673981192,26.332288401253916,44.49,24.498567335243553,1,0.3333,N/A,,,,0.0,19.66
US.BX,2026-05-08,7407875.0,2556000.0,1525,600,1144,286.0,0.0,0.0,95806777613.3,57.47530446714302,14.368826116785755,2.34787873038504,3.7349397590361444,1.0031494110903363,1.7249903726735603,0.0,0.0,0.0,0.0,2.34787873038504,3.7349397590361444,4960.396424407307,5649.8387096774195,0.01662850694524176,0.03577817531305898,0.0,0.023255813953488372,25.285599266960403,4,0.0,0.0,1.0,1.0,61.91222570532915,40.12539184952978,66.61442006269593,1.8025078369905956,1.8025078369905956,1.8025078369905956,1.8025078369905956,40.12539184952978,81.97492163009404,7.053291536050156,28.605015673981192,94.35736677115987,45.62,58.73925501432665,2,0.6667,ACTIVE,,2026-05-08,DEEP_ITM,30.0,46.97
US.BXP,2026-05-08,511989.0,511989.0,4161,4161,936,936.0,28.465,0.277402017,,13.146060372580907,13.146060372580907,4.44551282051282,4.44551282051282,0.09199407919135467,0.09199407919135467,142026.781281813,44966.578732404,22991.037561315,28.465,4.44551282051282,4.44551282051282,123.04470079307859,123.04470079307859,0.05599104143337071,0.05599104143337071,0.21835505560029236,0.013888888888888888,0.0,1,0.0,0.0,0.0,,6.896551724137931,42.63322884012539,26.802507836990596,7.053291536050156,16.77115987460815,34.326018808777434,18.181818181818183,42.63322884012539,3.1347962382445136,10.18808777429467,28.605015673981192,26.332288401253916,24.01,24.498567335243553,1,0.3333,N/A,,,,0.0,16.25
US.C,2026-05-08,7562855.0,3313207.0,70919,56123,122230,20371.666666666668,31.1995,0.2763207266666667,220175904000.0,82.74366283442893,13.790610472404822,0.6947179664835866,1.6683884297520661,0.016562375565012992,0.06498125146848026,2602069.5004098928,631129.30781815,408479.278805761,31.1995,0.6947179664835866,1.6683884297520661,304.01949522721367,511.3464837049743,0.6830103410193648,1.113744075829384,4.397645128502165,0.13199827734711456,26.117692627458958,6,0.12028106069527489,0.023303128246565854,0.0,,69.12225705329153,29.93730407523511,21.15987460815047,62.695924764890286,58.46394984326019,83.69905956112854,22.884012539184955,29.93730407523511,20.532915360501566,73.98119122257053,64.89028213166145,26.332288401253916,41.41,84.38395415472779,3,1.0,ONGOING,,2026-05-09,ATM,60.0,69.09
US.CAH,2026-05-08,595335.0,595335.0,759,759,757,757.0,50.493,-0.976959312,43393660814.4,13.296881231023754,13.296881231023754,1.0026420079260239,1.0026420079260239,0.0424460219300347,0.0424460219300347,581618.07200952,3046.9971608700002,7420.785288149999,50.493,1.0026420079260239,1.0026420079260239,784.3675889328064,784.3675889328064,0.3493526059520951,0.3493526059520951,22.1050481016279,0.5,24.49357920322307,1,0.0,0.0,0.0,,10.344827586206897,21.473354231974923,15.047021943573668,33.38557993730408,3.918495297805643,12.539184952978054,54.2319749216301,21.473354231974923,31.818181818181817,40.43887147335423,28.605015673981192,26.332288401253916,23.02,58.73925501432665,2,0.6667,ACTIVE,,2026-05-08,ATM,30.0,43.21
US.CAR,2026-05-08,128718752.0,31623064.0,6460,1303,9167,916.7,24.5295,-0.21380819560000003,5442167343.16,156.53114554040985,15.653114554040986,2.4481966986990407,7.377049180327869,4.222324205412303,9.905275921787863,1563209.335808748,210747.62835721203,26203.282562633998,24.5295,2.4481966986990407,7.377049180327869,21020.00985985138,49135.0,0.19388962254904704,0.8314471800083144,4.796431001318469,0.14121447028423773,22.41744322732347,10,0.0,0.0,0.9939950552037671,1.0,78.68338557993731,51.2539184952978,80.56426332288402,53.91849529780565,40.59561128526646,37.93103448275862,12.539184952978054,51.2539184952978,99.37304075235109,66.61442006269593,28.605015673981192,88.55799373040753,62.85,84.38395415472779,3,1.0,ACTIVE,,2026-05-08,DEEP_ITM,30.0,62.67
US.CAT,2026-05-08,5260468.0,2591426.0,1044,307,1942,485.5,42.80575,0.46901253625000006,412547633253.27,55.650030087265094,13.912507521816273,0.6628908798841614,0.956140350877193,0.034687686335287654,0.04699388056335243,3105067.992914773,6508014.217756517,16180.307415335,42.80575,0.6628908798841614,0.956140350877193,4768.943859470682,8441.12703583062,0.3203783363159848,0.5794751313022974,7.490431031829646,0.15810185185185185,26.74561751061028,4,0.3341317122285372,0.3827814569536424,0.0,,60.50156739811913,17.711598746081506,16.927899686520377,65.36050156739812,83.69905956112854,25.235109717868337,42.31974921630094,17.711598746081506,88.71473354231975,56.26959247648903,76.01880877742947,26.332288401253916,41.54,84.38395415472779,3,1.0,ACTIVE,,2026-05-07,DEEP_ITM,30.0,59.12
US.CB,2026-05-08,666265.0,666265.0,967,967,59,59.0,19.212,0.468187936,124611694855.68,13.409444269183217,13.409444269183217,16.389830508474578,16.389830508474578,0.35148864288608284,0.35148864288608284,311937.23517904,288580.554063145,12661.628769645,19.212,16.389830508474578,16.389830508474578,689.0020682523268,689.0020682523268,0.025974025974025997,0.025974025974025997,0.26334236794296,0.023255813953488372,25.548468298098154,1,0.0,0.0,0.0,,14.733542319749215,61.75548589341693,45.29780564263323,21.003134796238246,45.45454545454545,21.630094043887148,7.6802507836990594,61.75548589341693,27.74294670846395,5.799373040752351,28.605015673981192,26.332288401253916,34.76,24.498567335243553,1,0.3333,N/A,,,,0.0,18.04
US.CCL,2026-05-08,5629120.0,1477403.0,53656,21502,58829,11765.8,57.138400000000004,-0.3374261348,38556427923.0,69.53178363179627,13.906356726359254,1.1141250987135218,3.0451777368644666,0.040432440272662365,0.06339716858906776,1820719.48460318,214847.343065531,324306.871461667,57.138400000000004,1.1141250987135218,3.0451777368644666,150.44886366880036,293.6890595009597,0.3608282000081578,0.5514705882352942,0.5154657548911336,0.018212747631352284,24.375388665571975,5,0.0,0.0,0.0,,65.04702194357367,37.14733542319749,20.532915360501566,56.739811912225704,41.06583072100313,81.34796238244513,64.57680250783699,37.14733542319749,11.442006269592477,55.32915360501567,28.605015673981192,26.332288401253916,39.48,58.73925501432665,2,0.6667,ACTIVE,,2026-05-08,DEEP_OTM,30.0,45.95
US.CEG,2026-05-08,2086277.0,891240.0,2191,977,3211,1070.3333333333333,63.70766666666666,0.022636090666666664,112775085500.16,40.279026805307005,13.426342268435668,0.6732735811322875,0.9625615763546798,0.021783587548822567,0.030687521124269795,832443.159126214,483046.58008638804,34413.177361194,63.70766666666666,0.6732735811322875,0.9625615763546798,1294.9607905369026,2598.3673469387754,0.5523081112336361,0.8510057340493311,14.50071976580712,0.21145564168819986,25.448661278397623,3,0.7457844401470415,0.1856060606060606,0.0,,49.059561128526646,18.181818181818183,12.068965517241379,40.75235109717868,53.60501567398119,43.573667711598745,71.63009404388715,18.181818181818183,62.06896551724138,67.0846394984326,86.99059561128527,26.332288401253916,37.51,84.38395415472779,3,1.0,ONGOING,,2026-05-09,ATM,60.0,68.44
US.CELH,2026-05-08,2051119.0,1166975.0,14175,8521,18706,9353.0,64.789,0.4179322895,8758238733.6,27.66230270082264,13.83115135041132,1.1111863034773393,1.6658809664113141,0.04914115051067075,0.07603679581528613,818757.185158133,63513.78265408,158668.745588302,64.789,1.1111863034773393,1.6658809664113141,146.6638891110985,156.3749557835161,0.6483659680264242,0.7177845676317959,2.5385170221609945,0.06718346253229973,22.89326066398584,2,0.0,0.0,0.0,,40.75235109717868,29.780564263322884,23.981191222570533,40.43887147335423,22.25705329153605,71.47335423197492,72.72727272727273,29.780564263322884,5.329153605015674,63.00940438871473,28.605015673981192,26.332288401253916,33.43,84.38395415472779,3,1.0,ACTIVE,,2026-05-07,DEEP_OTM,30.0,57.76
US.CGNX,2026-05-08,7263546.0,4650018.0,12980,5230,17859,5953.0,47.666333333333334,0.5758075323333334,10977459840.0,43.21148994142719,14.403829980475729,0.74487960611181,0.8483727810650887,0.05480242904427334,0.09119627873554201,5580155.09240869,162223.25572049202,359194.02245156106,47.666333333333334,0.74487960611181,0.8483727810650887,510.93278696944225,889.1047801147228,1.4065472040954174,1.6612903225806452,3.1661976302680372,0.1111111111111111,23.119109902092383,3,0.0,0.0,0.6401856613835721,0.0,53.76175548589342,15.360501567398119,26.64576802507837,73.51097178683386,35.57993730407524,82.2884012539185,50.0,15.360501567398119,34.95297805642633,82.75862068965517,28.605015673981192,80.40752351097179,45.7,58.73925501432665,2,0.6667,ONGOING,,2026-05-08,ATM,60.0,56.99
US.CHDN,2026-05-08,648668.0,648668.0,7611,7611,8229,8229.0,35.702,-0.168758068,6192570275.8,13.38267785017581,13.38267785017581,0.9248997448049581,0.9248997448049581,0.00887192740334651,0.00887192740334651,109467.95845342401,49197.456437087996,15205.716542596001,35.702,0.9248997448049581,0.9248997448049581,85.22769675469715,85.22769675469715,0.5411764705882353,0.5411764705882353,0.40712480764417236,0.023255813953488372,22.546616067959395,1,0.0,0.0,0.0,,13.636363636363635,16.77115987460815,3.2915360501567394,5.329153605015674,18.338557993730408,24.608150470219435,32.13166144200627,16.77115987460815,2.664576802507837,54.54545454545454,28.605015673981192,26.332288401253916,17.08,24.498567335243553,1,0.3333,N/A,,,,0.0,15.1
US.CHTR,2026-05-08,27764170.0,17713490.0,3358,1947,1290,430.0,0.0,0.0,19707042208.88,47.24017026083189,15.746723420277297,3.8170134680134686,5.222222222222222,1.7088639998756074,2.641419814722361,0.0,0.0,0.0,0.0,3.8170134680134686,5.222222222222222,7455.425729823332,9097.83769902414,0.05986564814120266,0.08023106546854943,0.0,0.0818260120585702,23.704241881394996,3,0.0,0.0,1.0,1.0,55.32915360501567,45.29780564263323,71.31661442006269,1.8025078369905956,1.8025078369905956,1.8025078369905956,1.8025078369905956,45.29780564263323,89.65517241379311,13.793103448275861,28.605015673981192,94.35736677115987,47.49,24.498567335243553,1,0.3333,N/A,,,,0.0,20.16
US.CHWY,2026-05-08,2816985.0,1732035.0,2377,1207,5583,2791.5,127.419,-0.8920834129999999,9862743737.88,28.26185353575448,14.13092676787724,1.2887290969899665,2.34,0.5303444319854422,0.9167300380228137,2509148.05751856,33338.151544485,81401.649583335,127.419,1.2887290969899665,2.34,1181.1497036517749,1434.9917149958576,0.04061003256093741,0.043293390027058266,5.016247683763475,0.06718346253229973,23.01203023651442,2,0.0,0.0,1.0,0.0,42.94670846394985,33.07210031347962,59.71786833855799,62.06896551724138,13.322884012539186,61.28526645768025,96.70846394984326,33.07210031347962,46.23824451410658,8.307210031347962,28.605015673981192,94.35736677115987,52.84,24.498567335243553,1,0.3333,N/A,,,,0.0,21.06
US.CIEN,2026-05-08,2765360.0,637274.0,1583,383,768,153.6,94.464,-0.33794158259999996,76179816530.52,66.09959635169088,13.219919270338176,9.755552654330149,32.0,0.41373234175929774,1.478566523127181,942861.687069189,691983.080329174,17715.644787047,94.464,9.755552654330149,32.0,1810.4257823755665,2489.3515625,1.0394286830528885,2.2251550745677715,17.124257629750254,0.18888888888888888,25.05636238963902,5,0.0,0.0,0.0,,63.322884012539184,70.37617554858933,64.73354231974922,43.103448275862064,60.50156739811913,27.429467084639498,92.31974921630093,70.37617554858933,60.50156739811913,87.14733542319749,28.605015673981192,26.332288401253916,55.58,58.73925501432665,2,0.6667,ACTIVE,,2026-05-07,ATM,30.0,48.63
US.CLX,2026-05-08,2853840.0,2148383.0,12894,8758,3258,1629.0,33.293,0.29687203,11138065640.61,28.04682900583925,14.023414502919625,9.738087422016084,17.983572895277206,0.25328681874056547,0.47893432479735304,892896.173361688,387528.545565792,80028.77493883099,33.293,9.738087422016084,17.983572895277206,207.93512267645428,245.30520666818907,1.1024875621890549,1.3333333333333335,0.337894367091473,0.01857235142118863,23.133634415579195,2,0.0,0.0,0.0,,42.63322884012539,63.16614420062696,49.52978056426332,42.476489028213166,50.313479623824456,60.50156739811913,27.429467084639498,63.16614420062696,8.934169278996865,78.36990595611285,28.605015673981192,26.332288401253916,44.32,84.38395415472779,3,1.0,ACTIVE,,2026-05-07,DEEP_OTM,30.0,59.58
US.CMG,2026-05-08,2265088.0,1672088.0,1820,1420,533,266.5,65.291,-0.929158947,42676560180.0,27.62253566519429,13.811267832597146,3.187119234116623,3.7075718015665795,1.2502402083540973,1.312222727097935,2120306.59106328,30797.340597776,54961.245920832,65.291,3.187119234116623,3.7075718015665795,1330.0133802816902,1482.5,0.013507041621144336,0.02293577981651374,0.6254527832702871,0.023255813953488372,24.47691566456027,2,0.0,0.0,1.0,1.0,40.59561128526646,39.96865203761755,63.63636363636363,59.24764890282132,12.695924764890282,53.60501567398119,73.66771159874608,39.96865203761755,47.02194357366771,5.6426332288401255,28.605015673981192,94.35736677115987,52.87,24.498567335243553,1,0.3333,N/A,,,,0.0,21.06
US.COHR,2026-05-08,28021524.0,5068908.0,19034,3035,10995,523.5714285714286,88.29966666666667,0.008207319809523808,62446114869.99,291.2401931106358,13.86858062431599,76.63832140927464,873.0,89812.96606316182,1886053.0,10521341.809736017,8329729.419655584,186729.271427974,88.29966666666667,76.63832140927464,873.0,1890.2513930355524,5056.630952380952,0.4646201008622459,1.1933238369124088,9.379109029891007,0.1092603431994499,24.857569859749134,21,0.4536822721156624,0.6636657634822131,0.0,,84.48275862068965,92.6332288401254,96.3949843260188,80.40752351097179,86.36363636363636,74.45141065830721,90.43887147335423,92.6332288401254,80.40752351097179,75.54858934169279,80.72100313479625,26.332288401253916,78.05,84.38395415472779,3,1.0,ACTIVE,,2026-05-08,ATM,30.0,65.2
US.COIN,2026-05-08,74234831.0,27590064.0,88412,10540,114904,3481.939393939394,121.55878787878788,0.16311740812121212,50835921946.56,460.0012422301142,13.939431582730734,1.274910337368171,8.720790378006873,0.07096520088654272,1.2283791523482246,36357967.820857175,14433861.694674315,882930.407331518,121.55878787878788,1.274910337368171,8.720790378006873,788.8195791779896,2717.9651265885136,0.37936835207711317,0.6894197952218428,39.08339416099917,0.24282638938006862,24.651869066587764,33,0.17509843994661858,0.4820054645724726,0.0,,88.87147335423198,53.29153605015674,63.00940438871473,89.81191222570533,89.49843260188088,89.49843260188088,96.23824451410658,53.29153605015674,63.94984326018809,61.99059561128527,67.86833855799374,26.332288401253916,64.99,84.38395415472779,3,1.0,ACTIVE,,2026-05-08,ATM,30.0,63.02
US.COP,2026-05-08,1201576.0,689570.0,4538,3518,3328,1664.0,32.5775,0.118112723,139957615524.16,26.589918519886268,13.294959259943134,14.318271781352912,27.56756756756757,0.8179232530903523,1.622303884664609,396678.60562561196,283516.2901393,20982.112617372,32.5775,14.318271781352912,27.56756756756757,410.7939810944275,676.0490196078431,0.20209993646542102,0.32352941176470573,0.2414088849486761,0.014153159501996712,25.66460546746996,2,0.7425003987992517,3.4490196078431374,0.0,,34.48275862068966,68.3385579937304,65.67398119122258,24.921630094043888,44.67084639498432,31.661442006269592,25.54858934169279,68.3385579937304,26.959247648902824,39.49843260188088,86.83385579937304,26.332288401253916,47.13,84.38395415472779,3,1.0,ONGOING,,2026-05-09,DEEP_ITM,60.0,70.05
US.CRM,2026-05-08,19029610.0,5640000.0,14818,6029,30357,3794.625,30.823375000000002,0.085995252,152436134656.96,114.88322293301557,14.360402866626947,2.6286779093638595,6.130434782608695,0.7291064014854909,2.5632157863562823,1513087.0732355881,517391.08834798494,128015.74723904999,30.823375000000002,2.6286779093638595,6.130434782608695,3715.6663310500658,9400.0,0.5866588240171036,2.27536231884058,9.851827121539781,0.17538759689922478,25.75001155614909,8,5.564460668312358,0.2737900799449841,0.803467070528508,1.0,75.07836990595611,48.275862068965516,70.84639498432603,52.82131661442007,54.38871473354232,67.86833855799374,22.25705329153605,48.275862068965516,89.81191222570533,87.61755485893417,97.33542319749216,83.85579937304075,66.57,84.38395415472779,3,1.0,ONGOING,,2026-05-09,ATM,60.0,73.29
US.CRWD,2026-05-08,26138308.0,4770503.0,15472,3358,25665,1115.8695652173913,53.49330434782609,0.5344917978260869,128724209400.12,316.858027346665,13.776435971594129,1.9843167024822308,17.11764705882353,0.06137370051388711,0.38427022315688913,15805793.057947611,11023059.15429799,178844.387193472,53.49330434782609,1.9843167024822308,17.11764705882353,2554.5994100543335,6354.438016528926,2.0720600020075666,10.639455782312925,8.43500763848758,0.1469818917843901,25.580938041093354,23,0.048869276626200726,0.041464728056004305,0.19563917450203738,0.0,85.8934169278997,62.695924764890286,46.55172413793103,84.32601880877742,88.24451410658307,73.98119122257053,59.87460815047022,62.695924764890286,84.01253918495298,97.17868338557993,59.87460815047022,62.85266457680251,68.44,84.38395415472779,3,1.0,ACTIVE,,2026-05-08,ATM,30.0,63.6
US.CVNA,2026-05-08,33058182.0,18044260.0,18989,6020,3511,438.875,62.901624999999996,0.180814791375,57305935953.54,117.10805811636297,14.638507264545371,22.371547233042,130.8695652173913,1.4095333349139905,9.80617273484152,19631022.311142698,11683073.980757792,235851.87310571098,62.901624999999996,22.371547233042,130.8695652173913,2486.00225847838,6259.71676300578,0.2957997352992541,0.9059559296276815,1.8611353097825627,0.053182870370370366,24.771670049621655,8,0.16074123548282643,0.11976648189645005,0.0,,75.39184952978056,79.78056426332289,80.25078369905955,85.42319749216301,88.71473354231975,77.58620689655173,70.6896551724138,79.78056426332289,83.5423197492163,68.96551724137932,66.61442006269593,26.332288401253916,71.02,84.38395415472779,3,1.0,ACTIVE,,2026-05-07,ATM,30.0,64.03
US.CVS,2026-05-08,518339.0,518339.0,440,440,696,696.0,25.441,0.846012664,111960960646.08,13.158386676580985,13.158386676580985,0.632183908045977,0.632183908045977,0.08524953554587175,0.08524953554587175,438521.358245096,57854.362907846,10270.176642231,25.441,0.632183908045977,0.632183908045977,1178.043181818182,1178.043181818182,0.12161282587098764,0.12161282587098764,0.17592731379965945,0.009345794392523364,25.441416081827306,1,0.0,0.0,1.0,0.0,7.210031347962382,11.598746081504702,25.862068965517242,26.332288401253916,20.689655172413794,17.86833855799373,13.793103448275861,11.598746081504702,41.222570532915356,20.689655172413794,28.605015673981192,94.35736677115987,31.18,84.38395415472779,3,1.0,ONGOING,,2026-05-09,ATM,60.0,67.39
US.CVX,2026-05-08,1196666.0,609830.0,1874,1264,13377,6688.5,26.846,-0.16815515649999999,360802500000.0,26.603439525698505,13.301719762849253,0.16697150417948828,0.2627312409062565,0.005349726548676827,0.006945612651372568,755954.665190804,193670.32204523802,37219.99607708,26.846,0.16697150417948828,0.2627312409062565,722.2433362730857,962.0262295081967,0.3767983530175554,0.4524384048768097,1.047970271932691,0.06718346253229973,26.611596554160208,2,0.962294409917518,0.4825949367088608,0.0,,34.79623824451411,3.2915360501567394,1.5673981191222568,38.87147335423197,39.0282131661442,45.76802507836991,15.987460815047022,3.2915360501567394,36.36363636363637,46.70846394984326,90.59561128526646,26.332288401253916,25.93,84.38395415472779,3,1.0,ONGOING,,2026-05-09,ATM,60.0,66.51
US.DAL,2026-05-08,1946546.0,1102347.0,2779,1812,3446,1723.0,66.635,0.1048142715,48032856197.4,27.559097720648218,13.779548860324109,906.140307603018,1812.0,422099.52187742846,844199.0,1576888.8469234789,64634.427814304,64523.972020475994,66.635,906.140307603018,1812.0,802.9296808476639,1139.9658738366081,0.025048085045073724,0.039899163931155765,3.5764701121275975,0.08680555555555555,24.595151117821533,2,0.7658196556982511,1.8738366080661841,0.5663092472512851,0.0,40.28213166144201,95.92476489028213,91.53605015673982,54.38871473354232,22.727272727272727,56.26959247648903,75.07836990595611,95.92476489028213,40.59561128526646,7.836990595611286,87.3040752351097,78.52664576802508,70.03,84.38395415472779,3,1.0,ACTIVE,,2026-05-08,ATM,30.0,63.86
US.DASH,2026-05-08,11591543.0,2007903.0,8151,1155,4597,459.7,70.6237,0.3847538306,74660403014.7,138.75896672556448,13.875896672556447,176.04252853390875,756.0,369196.99290854204,1933257.0,7717038.091255728,2141482.121732185,166716.01774019102,70.6237,176.04252853390875,756.0,1550.1529604870473,2663.001326259947,0.5108396322674961,1.3238684625652228,16.63384264909454,0.18121681935635423,25.036215708431943,10,0.3430718766438564,0.40728591160220995,0.3400030522252301,1.0,76.8025078369906,91.37931034482759,96.55172413793103,78.21316614420063,74.13793103448276,72.5705329153605,79.78056426332289,91.37931034482759,62.85266457680251,78.21316614420063,76.8025078369906,70.53291536050156,81.01,84.38395415472779,3,1.0,ONGOING,,2026-05-09,DEEP_ITM,60.0,75.69
US.DDOG,2026-05-08,117183701.0,14496354.0,62786,6802,81217,1728.0212765957447,68.72151063829787,0.484123382893617,67176975746.79,673.0381871791801,14.319961429344257,142.4818796130765,1739.0,61601.827159352135,685520.0,60622818.26931214,6863143.4541290095,649976.896172988,68.72151063829787,142.4818796130765,1739.0,2462.9768787848043,5646.822222222222,4.2670703883038,21.34831460674157,17.841725665421123,0.20561223723718464,24.93059640296617,47,0.025332418187282664,0.10424031375859583,0.8496473925157902,0.0,91.22257053291536,95.6896551724138,89.81191222570533,93.41692789968651,84.48275862068965,87.46081504702194,76.95924764890282,95.6896551724138,81.81818181818183,98.58934169278997,58.307210031347964,85.26645768025078,87.65,84.38395415472779,3,1.0,ACTIVE,,2026-05-08,DEEP_ITM,30.0,66.8
US.DE,2026-05-08,1599042.0,941562.0,4301,4001,307,153.5,40.5695,0.3037835235,156808081492.28,27.151467684616925,13.575733842308463,400.5966887417219,800.2,1.1593839784242894,2.265063561511696,560498.911936332,687309.7575922919,6752.378330778,40.5695,400.5966887417219,800.2,1651.4344588852787,3138.54,0.5108498345043389,0.9958107272852139,0.8386591718068713,0.03840579710144927,25.778288483670284,2,0.0,0.0,0.0,,38.4012539184953,92.31974921630093,69.90595611285266,32.288401253918494,60.3448275862069,11.285266457680251,39.811912225705335,92.31974921630093,66.61442006269593,70.53291536050156,28.605015673981192,26.332288401253916,54.3,58.73925501432665,2,0.6667,ONGOING,,2026-05-08,ATM,60.0,58.42
US.DELL,2026-05-08,14044110.0,2649000.0,8519,1705,6212,564.7272727272727,64.37754545454546,0.2503359346363636,148696495811.77,152.50500235201542,13.864091122910493,48.00219979583048,500.0,157500.1180304548,1732500.0,7399334.843562279,4548713.748716844,90774.805074095,64.37754545454546,48.00219979583048,500.0,1948.9223582616157,4415.0,0.15141587458044467,0.46212121212121215,1.041857893652855,0.02963090953473479,25.725173124652468,11,0.22951840095923395,0.6439598610575068,0.31198132170710713,1.0,78.21316614420063,89.26332288401254,95.7680250783699,77.11598746081505,80.40752351097179,63.793103448275865,72.10031347962382,89.26332288401254,76.8025078369906,47.80564263322884,71.31661442006269,68.96551724137932,79.42,84.38395415472779,3,1.0,ONGOING,,2026-05-09,ATM,60.0,75.43
US.DG,2026-05-08,1088150.0,558000.0,540,310,205,102.5,0.0,0.0,25649759490.4,26.413033184087308,13.206516592043654,2.6316045066045066,2.6495726495726495,0.46336664323055665,0.5172518088934334,0.0,0.0,0.0,0.0,2.6316045066045066,2.6495726495726495,2052.5,2305.0,0.0,0.0,0.0,0.1111111111111111,23.967800031965623,2,0.0,0.0,1.0,0.0,33.38557993730408,34.48275862068966,50.626959247648905,1.8025078369905956,1.8025078369905956,1.8025078369905956,1.8025078369905956,34.48275862068966,57.83699059561128,1.8808777429467085,28.605015673981192,94.35736677115987,37.83,24.498567335243553,1,0.3333,N/A,,,,0.0,18.55
US.DHR,2026-05-08,22775316.0,8703580.0,6847,3420,1440,288.0,54.132000000000005,-0.8990563106,124326988338.82,75.01993468102606,15.003986936205212,5.1372659176029964,5.656565656565657,1.077291289907992,1.729753414826852,20641452.66547196,1668216.9396108,195659.189042384,54.132000000000005,5.1372659176029964,5.656565656565657,3656.569120896689,5570.555555555556,0.045188120130452356,0.06211180124223612,1.7005323319443018,0.05839793281653747,25.546180934500523,5,0.0,0.0,1.0,1.0,66.92789968652038,47.17868338557994,66.77115987460816,85.8934169278997,70.84639498432603,75.39184952978056,61.12852664576802,47.17868338557994,81.34796238244513,11.598746081504702,28.605015673981192,94.35736677115987,65.84,58.73925501432665,2,0.6667,ACTIVE,,2026-05-08,DEEP_ITM,30.0,50.34
US.DIS,2026-05-08,2629159.0,1262901.0,19463,15158,15941,5313.666666666667,25.233666666666664,0.322102853,188689331331.84,40.87519565410098,13.62506521803366,1.5420505995040157,3.899665551839465,0.01685024159581162,0.029900955442379182,764507.479588797,322476.919455781,82075.942697083,25.233666666666664,1.5420505995040157,3.899665551839465,240.09600396464302,388.4088762983947,0.5616618983936021,0.721311475409836,0.28586375302599354,0.020133505598621877,25.9633677500058,3,0.0,0.0,0.0,,50.15673981191222,40.75235109717868,11.912225705329153,39.341692789968654,47.492163009404386,61.75548589341693,13.479623824451412,40.75235109717868,16.30094043887147,63.16614420062696,28.605015673981192,26.332288401253916,33.53,84.38395415472779,3,1.0,ONGOING,,2026-05-09,DEEP_ITM,60.0,67.78
US.DOCN,2026-05-08,7332743.0,4764375.0,2521,1925,9248,3082.6666666666665,139.942,0.7827783606666667,15699503747.83,43.45667494557508,14.485558315191694,0.2694324302576862,0.5030049647243271,0.051675312918941646,0.08275857792280195,6329976.190425259,713546.6292948651,44876.300556833,139.942,0.2694324302576862,0.5030049647243271,3909.6972808496616,6413.379591836735,0.056447221764520196,0.09401060510800835,40.104452572099,0.17146543314767615,23.476894940446343,3,0.0,0.0,0.8640222356081483,0.0,53.91849529780565,8.934169278996865,25.07836990595611,75.07836990595611,61.28526645768025,49.21630094043887,97.17868338557993,8.934169278996865,84.63949843260188,16.927899686520377,28.605015673981192,86.05015673981191,48.36,84.38395415472779,3,1.0,ACTIVE,,2026-05-07,DEEP_OTM,30.0,60.25
US.DOCS,2026-05-08,576004.0,576004.0,1822,1822,8514,8514.0,175.992,0.613445488,4807974176.74,13.263871620195909,13.263871620195909,0.2140004698144233,0.2140004698144233,0.02599068258548822,0.02599068258548822,353347.054869952,8490.471185196,32519.6738295,175.992,0.2140004698144233,0.2140004698144233,316.1383095499451,316.1383095499451,0.08477162524159913,0.08477162524159913,11.462949767843924,0.1111111111111111,22.29354166347854,1,0.0,0.0,0.0,,9.717868338557993,2.037617554858934,10.658307210031348,23.04075235109718,5.956112852664576,42.63322884012539,98.90282131661442,2.037617554858934,13.166144200626958,14.576802507836991,28.605015673981192,26.332288401253916,19.1,58.73925501432665,2,0.6667,ACTIVE,,2026-05-08,ATM,30.0,42.55
US.DUOL,2026-05-08,3288796.0,940711.0,9091,4067,8756,2189.0,53.9185,0.2090821285,5293444022.37,54.44689358043042,13.611723395107605,1.5562306441914833,3.1016949152542375,0.13528280939562623,0.3007281079040846,1837057.250899758,147440.01799952597,122009.042099764,53.9185,1.5562306441914833,3.1016949152542375,873.5161175139934,1988.081818181818,3.091589409838855,6.248338207923424,19.78204372449425,0.3808139534883721,22.38973491509465,4,0.36236184984507297,0.05086117211883019,0.5111496730110351,0.0,58.620689655172406,37.30407523510972,42.78996865203762,57.210031347962385,34.639498432601876,67.55485893416929,60.50156739811913,37.30407523510972,54.075235109717866,95.7680250783699,77.89968652037618,76.48902821316614,55.39,58.73925501432665,2,0.6667,ONGOING,,2026-05-08,DEEP_ITM,60.0,58.6
US.DVA,2026-05-08,2085121.0,1432956.0,4407,2232,20,10.0,30.5745,0.37398419299999996,12599892000.0,27.563305109112115,13.781652554556057,346.96875,558.0,10.16506961428717,18.25328645674106,851688.14232216,525502.344166307,38429.244822517,30.5745,346.96875,558.0,470.92567667779014,642.005376344086,0.2497062937062937,0.31200000000000006,0.3936059606843434,0.023255813953488372,23.256954079517904,2,0.0,0.0,0.0,,40.43887147335423,90.12539184952978,83.22884012539184,41.37931034482759,55.01567398119123,46.39498432601881,21.786833855799372,90.12539184952978,25.391849529780565,38.87147335423197,28.605015673981192,26.332288401253916,53.92,84.38395415472779,3,1.0,ACTIVE,,2026-05-07,ATM,30.0,61.18
US.DVN,2026-05-08,8409397.0,7201639.0,96619,55894,52902,17634.0,38.33166666666667,0.37241019666666664,28155634000.0,42.397054390729565,14.132351463576521,4.666101039416425,12.6772510773418,0.1332043457734948,0.3604932908695467,2693703.015113238,553505.018128446,397020.837720038,38.33166666666667,4.666101039416425,12.6772510773418,168.02212094036827,357.9547602970966,0.3342753042983113,0.5538461538461538,0.4267798128305011,0.020133505598621877,24.061013313637783,3,0.0,0.0,0.0,,52.66457680250783,58.15047021943573,45.76802507836991,63.63636363636363,55.32915360501567,83.07210031347962,36.36363636363637,58.15047021943573,15.203761755485893,55.64263322884012,28.605015673981192,26.332288401253916,47.03,84.38395415472779,3,1.0,ACTIVE,,2026-05-08,DEEP_OTM,30.0,60.03
US.ETN,2026-05-08,35634490.0,31432440.0,3140,1440,709,236.33333333333334,0.0,0.0,154989945000.0,45.94108424224116,15.31369474741372,6.613227985217281,10.285714285714286,0.8810301904432238,1.4830214771360892,0.0,0.0,0.0,0.0,6.613227985217281,10.285714285714286,9141.299145299145,21828.083333333332,0.03923222964552059,0.0671819874606568,0.0,0.34108527131782945,25.766626080800155,3,0.0,0.0,0.9059214822493601,1.0,54.858934169278996,55.79937304075236,64.89028213166145,1.8025078369905956,1.8025078369905956,1.8025078369905956,1.8025078369905956,55.79937304075236,97.02194357366771,12.225705329153605,28.605015673981192,86.83385579937304,47.95,84.38395415472779,3,1.0,ACTIVE,,2026-05-08,DEEP_ITM,30.0,60.18
US.EVR,2026-05-08,670619.0,670619.0,663,663,1025,1025.0,37.353,0.36790724,12814733299.52,13.415957936607713,13.415957936607713,0.646829268292683,0.646829268292683,0.019749530277239503,0.019749530277239503,246725.58538156003,283969.428875583,6021.547015472,37.353,0.646829268292683,0.646829268292683,1011.4917043740573,1011.4917043740573,0.15384467457043696,0.15384467457043696,0.4733450444990266,0.023255813953488372,23.273861385037495,1,0.0,0.0,0.0,,15.047021943573668,11.912225705329153,8.150470219435736,15.047021943573668,44.827586206896555,9.717868338557993,34.326018808777434,11.912225705329153,38.24451410658307,23.981191222570533,28.605015673981192,26.332288401253916,20.0,24.498567335243553,1,0.3333,N/A,,,,0.0,15.58
US.EXPE,2026-05-08,1456887.0,779194.0,665,333,266,133.0,54.891,-0.428218875,30340380844.83,26.992467752062115,13.496233876031058,4.451131221719457,7.4,0.40313909539772436,0.6849725947316833,623540.7626483019,567856.372278435,10708.023783012,54.891,4.451131221719457,7.4,2190.582948912768,2339.921921921922,0.1581302561344216,0.20464644889685835,0.5001542492408073,0.01857235142118863,24.135745363386235,2,0.0,0.0,0.0,,37.30407523510972,51.56739811912225,56.26959247648903,34.79623824451411,56.112852664576806,18.808777429467085,61.59874608150471,51.56739811912225,58.46394984326019,30.250783699059564,28.605015673981192,26.332288401253916,43.24,58.73925501432665,2,0.6667,ONGOING,,2026-05-09,DEEP_OTM,60.0,56.58
US.FCX,2026-05-08,3205311.0,1762238.0,18002,8937,49023,16341.0,51.038999999999994,0.355956169,87108789339.66,41.35899798591449,13.786332661971498,0.523637655475059,0.9663320463320463,0.018793593325105704,0.04490353223565565,1356376.17794983,168367.23941700702,175065.542625005,51.038999999999994,0.523637655475059,0.9663320463320463,204.26633072838536,281.64264024292794,0.5609124929796524,0.8267090620031797,1.8631068039133807,0.0625,25.190423626628284,3,0.0,0.0,0.0,,51.410658307210035,18.808777429467085,15.987460815047022,50.626959247648905,36.36363636363637,73.51097178683386,55.32915360501567,18.808777429467085,11.128526645768025,66.30094043887146,28.605015673981192,26.332288401253916,32.35,84.38395415472779,3,1.0,ACTIVE,,2026-05-07,DEEP_OTM,30.0,57.58
US.FICO,2026-05-08,20503695.0,6128260.0,1579,357,1927,321.1666666666667,59.75866666666667,0.5804204078333334,26168386421.34,87.80658162524767,14.634430270874612,0.8914206050447198,1.062200956937799,0.11481312031163543,0.22301783957674204,14075589.659025153,40791217.264747895,21635.866493568,59.75866666666667,0.8914206050447198,1.062200956937799,13894.154505703182,25165.11,0.38750854576797406,1.050114928390772,1.4650879479177712,0.04326756663205261,23.987817894053745,6,0.0,0.0,0.7286379845193757,0.0,71.00313479623824,22.413793103448278,39.18495297805642,83.07210031347962,93.57366771159874,32.60188087774294,67.24137931034483,22.413793103448278,97.64890282131663,71.78683385579937,28.605015673981192,82.2884012539185,57.16,24.498567335243553,1,0.3333,N/A,,,,0.0,21.78
US.FLEX,2026-05-08,18096981.0,9861000.0,3068,1000,4174,834.8,58.498599999999996,0.8108659276000001,48904308631.24,72.75883707317765,14.55176741463553,0.8165140046140097,0.963855421686747,0.39750561012742774,0.6710972904474073,15902066.454384275,2473417.8151355037,102359.765934758,58.498599999999996,0.8165140046140097,0.963855421686747,5869.739444775552,9861.0,0.20476008511435667,0.5476330084412928,1.6394915584539749,0.04927656628591208,24.613131340634435,5,0.0,0.0,0.93740574740063,0.0,66.14420062695925,18.495297805642632,55.79937304075236,84.48275862068965,75.70532915360502,65.20376175548589,65.98746081504702,18.495297805642632,90.75235109717869,55.01567398119123,28.605015673981192,87.14733542319749,58.77,84.38395415472779,3,1.0,ACTIVE,,2026-05-08,DEEP_ITM,30.0,61.99
US.FLR,2026-05-08,561869.0,561869.0,1414,1414,5455,5455.0,116.885,-0.527064648,7336492240.28,13.239025785392009,13.239025785392009,0.25921173235563705,0.25921173235563705,0.020164591478509655,0.020164591478509655,296141.286707112,16902.303390665,25331.357059162,116.885,0.25921173235563705,0.25921173235563705,397.36138613861385,397.36138613861385,0.8314606741573032,0.8314606741573032,7.455275721242585,0.1111111111111111,22.716126669060632,1,0.0,0.0,0.0,,9.090909090909092,3.1347962382445136,8.620689655172415,19.74921630094044,8.150470219435736,37.460815047021946,95.92476489028213,3.1347962382445136,16.77115987460815,66.77115987460816,28.605015673981192,26.332288401253916,20.19,58.73925501432665,2,0.6667,ONGOING,,2026-05-09,DEEP_ITM,60.0,52.73
US.FN,2026-05-08,1971798.0,1971798.0,255,255,718,718.0,88.995,-0.671340743,22433716808.8,14.494456881972123,14.494456881972123,0.3551532033426184,0.3551532033426184,0.04386118905005795,0.04386118905005795,1323748.334365914,660331.041025854,8665.813622442,88.995,0.3551532033426184,0.3551532033426184,7732.541176470589,7732.541176470589,0.3854989948933089,0.3854989948933089,5.571665621844008,0.1111111111111111,23.83383087883043,1,0.0,0.0,1.0,0.0,28.369905956112852,4.858934169278997,15.673981191222571,50.313479623824456,59.40438871473355,14.576802507836991,90.75235109717869,4.858934169278997,87.61755485893417,43.103448275862064,28.605015673981192,94.35736677115987,41.66,24.498567335243553,1,0.3333,N/A,,,,0.0,19.19
US.FOUR,2026-05-08,548535.0,548535.0,421,421,813,813.0,74.198,-0.545477837,3858688934.4,13.21500819008967,13.21500819008967,0.5178351783517835,0.5178351783517835,0.1440138307466319,0.1440138307466319,299213.685318795,61594.239817305,10545.929306445,74.198,0.5178351783517835,0.5178351783517835,1302.933491686461,1302.933491686461,0.08517110266159698,0.08517110266159698,0.2504780560003839,0.007407407407407408,22.073593308686203,1,0.0,0.0,1.0,0.0,8.620689655172415,9.717868338557993,33.07210031347962,20.37617554858934,21.630094043887148,18.338557993730408,83.22884012539184,9.717868338557993,43.41692789968652,14.733542319749215,28.605015673981192,94.35736677115987,34.84,58.73925501432665,2,0.6667,ACTIVE,,2026-05-08,DEEP_ITM,30.0,45.18
US.FSLR,2026-05-08,4713929.0,1757590.0,5119,1855,517,129.25,51.4075,0.19644292549999998,23056268098.91,55.58399786591008,13.89599946647752,148.1704371018497,570.6666666666666,3.1391719738236534,11.412825651302605,1450140.837975364,1626811.884573363,30702.588542666,51.4075,148.1704371018497,570.6666666666666,1251.2666622843772,2355.190635451505,0.2796356694085118,0.4353803849679194,0.4197084995489553,0.015553053053053052,23.861203504341642,4,0.5945157169052669,0.3241076047594413,0.0,,60.3448275862069,90.43887147335423,81.03448275862068,51.56739811912225,70.37617554858933,41.84952978056427,55.79937304075236,90.43887147335423,58.93416927899686,45.76802507836991,84.48275862068965,26.332288401253916,64.31,58.73925501432665,2,0.6667,ACTIVE,,2026-05-08,DEEP_OTM,30.0,50.09
US.FTNT,2026-05-08,35140129.0,11138409.0,33269,7235,27694,1318.7619047619048,79.77633333333333,0.6733263843333334,79045058014.59,294.05178762499395,14.002466077380664,524.0869022342389,7235.0,112165.80773139896,1236318.0,28710004.22393977,1705499.781226312,500697.540315002,79.77633333333333,524.0869022342389,7235.0,1648.1421694048036,3299.543068088597,1.8230056316610952,10.810810810810812,25.079527283247813,0.1855973914113449,25.093283881450773,21,0.07184700766974789,0.49047981721249045,0.8840807613426803,0.0,84.63949843260188,98.90282131661442,94.67084639498434,87.7742946708464,71.15987460815047,85.42319749216301,85.73667711598746,98.90282131661442,68.96551724137932,97.33542319749216,61.442006269592476,86.67711598746082,87.07,84.38395415472779,3,1.0,ACTIVE,,2026-05-08,DEEP_ITM,30.0,66.7
US.GE,2026-05-08,1395898.0,1395898.0,1576,1576,6172,6172.0,35.155,0.354280036,315745147428.05,14.149049210116898,14.149049210116898,0.25534672715489304,0.25534672715489304,0.0074733580480423846,0.0074733580480423846,494538.79369232804,532486.15379561,14405.047581288001,35.155,0.25534672715489304,0.25534672715489304,885.7220812182741,885.7220812182741,0.2478048780487804,0.2478048780487804,0.44734274338104646,0.023255813953488372,26.478201229663192,1,0.0,0.0,0.0,,26.332288401253916,2.978056426332288,1.7241379310344827,29.62382445141066,55.172413793103445,23.824451410658305,31.19122257053292,2.978056426332288,34.79623824451411,34.48275862068966,28.605015673981192,26.332288401253916,20.74,84.38395415472779,3,1.0,ACTIVE,,2026-05-07,ATM,30.0,55.65
US.GEV,2026-05-08,642744.0,642744.0,282,282,379,379.0,52.191,0.270549538,280981688371.85,13.373503346023588,13.373503346023588,0.7440633245382586,0.7440633245382586,0.01621887722332854,0.01621887722332854,173894.09225227198,327397.86318996,2648.384230896,52.191,0.7440633245382586,0.7440633245382586,2279.2340425531916,2279.2340425531916,0.5089819732936134,0.5089819732936134,3.4120564935614306,0.1111111111111111,26.361555338223848,1,0.0,0.0,0.0,,13.166144200626958,13.322884012539186,6.739811912225706,8.620689655172415,48.275862068965516,5.329153605015674,57.05329153605015,13.322884012539186,57.210031347962385,52.19435736677116,28.605015673981192,26.332288401253916,22.41,84.38395415472779,3,1.0,ONGOING,,2026-05-09,DEEP_OTM,60.0,65.93
US.GLW,2026-05-08,14259281.0,2072316.0,16597,5206,44620,2974.6666666666665,77.00073333333333,0.528466873,156980339280.0,205.10667663145097,13.673778442096731,0.699573548788817,3.4696132596685083,0.05765479939766893,0.2920663644973617,7658616.955781188,3023603.845382587,187225.819309315,77.00073333333333,0.699573548788817,3.4696132596685083,1609.5556179805253,3898.6923076923076,0.4121485740226825,1.0701246380460783,9.970785377748792,0.11218638728564106,25.779386406943544,15,0.0,0.0,0.20220121898151808,0.0,81.50470219435736,39.0282131661442,42.16300940438871,77.89968652037618,77.27272727272727,74.60815047021944,84.48275862068965,39.0282131661442,73.66771159874608,72.88401253918495,28.605015673981192,63.16614420062696,59.17,84.38395415472779,3,1.0,ACTIVE,,2026-05-07,ATM,30.0,62.05
US.GME,2026-05-08,2382598.0,1142055.0,31828,16384,139492,46497.333333333336,60.084666666666664,0.32694554766666667,10747552513.29,40.61428437267293,13.538094790890975,0.3225480121540571,0.6178340458182615,0.010041869121015444,0.012775729792314564,728400.517557836,55828.977889329995,222552.22937690403,60.084666666666664,0.3225480121540571,0.6178340458182615,94.24346817270565,163.4591225125869,0.4755958273737573,0.6667460411953805,1.6380397715123187,0.05254091300602928,23.097943892509328,3,0.0,0.0,0.0,,49.52978056426332,10.9717868338558,4.858934169278997,38.4012539184953,20.219435736677116,76.64576802507837,67.7115987460815,10.9717868338558,5.6426332288401255,61.12852664576802,28.605015673981192,26.332288401253916,27.04,84.38395415472779,3,1.0,ACTIVE,,2026-05-07,ATM,30.0,56.7
US.GOOG,2026-05-08,104518914.0,22969833.0,76508,10880,112337,2739.9268292682927,33.00973170731707,0.414894706,4789454800000.0,577.8138497642374,14.09302072595701,10.261583630479887,133.5,0.833325655306498,15.848254490260562,52249745.24253187,40050013.91293309,828689.930584561,33.00973170731707,10.261583630479887,133.5,3030.2751076639565,29335.674329501915,0.25497365615092515,1.152610441767068,3.5716443444395685,0.10570085270626699,29.197437700414252,41,0.09536764711892994,0.24354723359989597,0.553155929270371,1.0,90.12539184952978,79.9373040752351,82.60188087774296,91.84952978056427,93.41692789968651,89.0282131661442,26.802507836990596,79.9373040752351,98.27586206896551,74.76489028213166,63.16614420062696,78.0564263322884,80.68,84.38395415472779,3,1.0,ACTIVE,,2026-05-07,ATM,30.0,65.64
US.GOOGL,2026-05-08,341552168.0,81176589.0,286165,46655,263422,4248.741935483871,30.54125806451613,0.308092863516129,4822046840000.0,895.7125872218445,14.446977213255556,1.7100757078512192,11.063542265669925,0.16816138473063355,7.330256461797456,121688932.59506285,140312268.1021952,3008405.3830142547,30.54125806451613,1.7100757078512192,11.063542265669925,2778.4003772936308,34667.08775137112,0.33860225622419887,1.318181818181818,4.082496830176174,0.15724226167740063,29.204219609452252,62,0.05148966755795872,0.15647921760391198,0.2878244268676403,0.0,92.31974921630093,56.896551724137936,78.52664576802508,95.45454545454545,97.4921630094044,95.45454545454545,21.630094043887148,56.896551724137936,98.90282131661442,78.0564263322884,60.18808777429467,68.02507836990596,74.49,84.38395415472779,3,1.0,ACTIVE,,2026-05-08,ATM,30.0,64.61
US.GS,2026-05-08,4316605.0,1472367.0,1219,533,433,144.33333333333334,33.571333333333335,-0.278200618,273138520881.27,42.53735652408758,14.179118841362525,2.876996566651739,3.461038961038961,0.11322641035749638,0.1514526105948228,1200150.601939206,8534920.246093797,7256.771677572,33.571333333333335,2.876996566651739,3.461038961038961,3704.764287721377,4530.36,0.07657962827760073,0.09023343228755087,0.09860011417062005,0.006559115352571386,26.33324490594541,3,0.0,0.0,0.0,,52.97805642633229,38.71473354231975,33.85579937304075,48.275862068965516,86.52037617554859,12.068965517241379,28.526645768025077,38.71473354231975,77.4294670846395,16.144200626959247,28.605015673981192,26.332288401253916,40.42,84.38395415472779,3,1.0,ACTIVE,,2026-05-08,ATM,30.0,58.93
US.GWW,2026-05-08,5121189.0,3833101.0,650,449,1311,655.5,23.5315,0.6878276165,58409934488.5,29.227855237656346,14.613927618828173,0.7886784888491087,1.3730886850152906,0.0317418964393793,0.03191886422201721,4102540.895578585,4149855.824299369,16766.773892215002,23.5315,0.7886784888491087,1.3730886850152906,10969.473550953473,19070.15422885572,1.564652775492125,3.0348101741259894,0.9311554884954951,0.0625,24.790751823434913,2,0.0,0.0,0.7484787224216877,0.0,44.98432601880878,26.01880877742947,12.38244514106583,69.90595611285266,79.62382445141067,26.332288401253916,11.285266457680251,26.01880877742947,96.70846394984326,91.37931034482759,28.605015673981192,82.75862068965517,47.11,58.73925501432665,2,0.6667,ACTIVE,,2026-05-08,DEEP_ITM,30.0,47.22
US.HD,2026-05-08,18454580.0,10520930.0,3622,1882,1192,298.0,0.0,0.0,321358363577.12,59.32687707238577,14.831719268096442,4.7817864216210895,7.371428571428571,0.7439184067510378,1.0497059969537035,0.0,0.0,0.0,0.0,4.7817864216210895,7.371428571428571,4736.487401659129,5590.292242295431,0.024980327088560836,0.0362087326943556,0.0,0.1111111111111111,26.49582273480785,4,0.0,0.0,1.0,0.0,62.695924764890286,51.09717868338558,60.81504702194357,1.8025078369905956,1.8025078369905956,1.8025078369905956,1.8025078369905956,51.09717868338558,81.6614420062696,7.210031347962382,28.605015673981192,94.35736677115987,47.11,84.38395415472779,3,1.0,ACTIVE,,2026-05-08,DEEP_ITM,30.0,60.04
US.HII,2026-05-08,596959.0,596959.0,412,412,61,61.0,34.278,0.424126332,12401236006.88,13.299605388454985,13.299605388454985,6.754098360655738,6.754098360655738,0.3109498320651404,0.3109498320651404,253186.031024388,324353.483788697,4917.5942265779995,34.278,6.754098360655738,6.754098360655738,1448.9296116504854,1448.9296116504854,0.12123076923076927,0.12123076923076927,0.264536625109963,0.013888888888888888,23.241061982644712,1,0.0,0.0,0.0,,10.501567398119123,49.686520376175544,42.94670846394985,15.360501567398119,47.80564263322884,8.307210031347962,29.62382445141066,49.686520376175544,46.55172413793103,20.532915360501566,28.605015673981192,26.332288401253916,33.1,24.498567335243553,1,0.3333,N/A,,,,0.0,17.77
US.HON,2026-05-08,575938.0,575938.0,993,993,3088,3088.0,23.988,0.448442247,136913429422.33,13.263757031292155,13.263757031292155,0.32156735751295334,0.32156735751295334,0.008631851700334113,0.008631851700334113,258274.930852686,166810.59028051,12973.1474345,23.988,0.32156735751295334,0.32156735751295334,579.9979859013092,579.9979859013092,0.16406249999999997,0.16406249999999997,0.31930474264672176,0.023255813953488372,25.64261466102082,1,0.0,0.0,0.0,,9.561128526645767,4.231974921630094,2.8213166144200628,16.144200626959247,36.05015673981191,21.9435736677116,11.598746081504702,4.231974921630094,23.04075235109718,24.921630094043888,28.605015673981192,26.332288401253916,15.26,58.73925501432665,2,0.6667,ACTIVE,,2026-05-07,DEEP_OTM,30.0,41.91
US.HOOD,2026-05-08,33411234.0,9435760.0,39929,7216,88307,4013.9545454545455,169.25168181818182,-0.2727714489090909,68690525747.96,307.331855613816,13.969629800628,67.41643530269415,470.0,285288.84776803013,2265900.0,26461490.26423968,1417936.718822101,588263.7353122081,169.25168181818182,67.41643530269415,470.0,2187.7141806386007,6320.0,0.30458969577315315,1.876543209876543,53.75930809797335,0.1859407316058344,24.95287711908031,22,3.054137542912086,1.0292219342379427,0.6785796956796029,1.0,85.10971786833855,89.0282131661442,97.64890282131663,87.3040752351097,69.27899686520375,86.36363636363636,98.58934169278997,89.0282131661442,83.85579937304075,85.26645768025078,95.61128526645768,81.19122257053291,87.75,84.38395415472779,3,1.0,ACTIVE,,2026-05-08,ATM,30.0,66.82
US.HST,2026-05-08,679769.0,679769.0,22660,22660,34,34.0,32.832,-0.208679434,,13.429509784643713,13.429509784643713,666.4705882352941,666.4705882352941,9.226214066614187,9.226214066614187,141853.810170746,14318.381628631,81137.084408741,32.832,666.4705882352941,666.4705882352941,29.9986319505737,29.9986319505737,0.2543604651162789,0.2543604651162789,0.37269884410541615,0.023255813953488372,0.0,1,0.0,0.0,0.0,,15.517241379310345,91.22257053291536,79.78056426332289,6.896551724137931,7.836990595611286,60.9717868338558,26.17554858934169,91.22257053291536,0.1567398119122257,34.95297805642633,28.605015673981192,26.332288401253916,44.7,24.498567335243553,1,0.3333,N/A,,,,0.0,19.7
US.HWM,2026-05-08,5409772.0,1601882.0,3732,1485,3777,755.4,27.5974,0.4900272234,109210472824.78,69.19997362995369,13.839994725990739,0.9719793523551952,1.6518353726362625,0.05955018815432801,0.09859847472623025,3065949.123793457,1455977.460882183,49641.281951521,27.5974,0.9719793523551952,1.6518353726362625,1938.873285956271,3605.6139240506327,0.6340931289916929,0.9381443298969071,0.37420462368645185,0.11860465116279069,25.41654280065661,5,0.0,0.0,0.3263902804036843,0.0,64.89028213166145,29.153605015673982,28.056426332288403,65.20376175548589,69.74921630094045,51.724137931034484,17.0846394984326,29.153605015673982,71.15987460815047,69.90595611285266,28.605015673981192,69.74921630094045,48.27,58.73925501432665,2,0.6667,ONGOING,,2026-05-08,ATM,60.0,57.41
US.IBM,2026-05-08,25340646.0,2908375.0,27075,6734,8822,490.1111111111111,5.107666666666667,0.04944444872222222,217404864116.8,253.14177345674986,14.063431858708325,8.482462148425602,11.378378378378379,0.9889286470724618,2.2972380698241945,1506684.6344695138,1439359.434381387,98716.81985630901,5.107666666666667,8.482462148425602,11.378378378378379,2570.6061289700265,6463.055555555556,0.24424607672928403,1.0205624433020866,0.22733522535750808,0.20372047407836727,26.105027185430142,18,0.0,0.0,0.682588794303034,1.0,83.38557993730407,57.36677115987461,70.0626959247649,52.507836990595614,69.59247648902821,64.89028213166145,3.605015673981191,57.36677115987461,84.79623824451411,71.31661442006269,28.605015673981192,81.34796238244513,63.65,84.38395415472779,3,1.0,ACTIVE,,2026-05-08,DEEP_ITM,30.0,62.8
US.INSM,2026-05-08,4506247.0,1976172.0,3055,1124,8128,2032.0,14.22675,0.09126051875,22759007355.0,55.347506020225765,13.836876505056441,23.204833002536027,91.66666666666667,2.3485671695477337,9.226015873015873,212176.690630925,168524.69140516,4977.135607264,14.22675,23.204833002536027,91.66666666666667,1597.3790084215127,2461.6,2.1397938379152395,3.5042216213233264,0.038682555803529854,0.08459595959595959,23.84822683172093,4,6.752829730971253,4.554545454545455,0.8710148378462166,0.0,60.03134796238244,76.64576802507837,79.62382445141067,11.442006269592477,36.52037617554859,8.620689655172415,5.015673981191222,76.64576802507837,60.18808777429467,92.31974921630093,98.90282131661442,86.36363636363636,62.84,84.38395415472779,3,1.0,ACTIVE,,2026-05-08,DEEP_ITM,30.0,62.67
US.INTC,2026-05-08,250437696.0,16589021.0,604830,35923,707777,5662.216,86.60808,0.179725414936,550950120000.0,1767.0231497969633,14.136185198375706,6.834452681862802,609.0,6034.079811104047,754247.0,127980337.48335315,23301860.719071236,6664429.444159379,86.60808,6.834452681862802,609.0,1160.7716679462687,6142.644904458599,0.376596954411365,1.1111111111111112,11.682401469925766,0.13717501354451733,27.034910115687598,125,0.6074018493840598,1.1929783214830876,0.20555419101124456,0.0,97.17868338557993,90.59561128526646,90.9090909090909,95.61128526645768,91.37931034482759,98.43260188087774,89.65517241379311,90.59561128526646,83.22884012539184,73.82445141065831,84.63949843260188,63.94984326018809,86.75,84.38395415472779,3,1.0,ONGOING,,2026-05-09,ATM,60.0,76.65
US.INTU,2026-05-08,27889240.0,14334600.0,2534,666,1524,254.0,73.22500000000001,-0.32840395699999997,112495009000.0,87.50999688873081,14.584999481455135,23.96405304057107,111.5,2.5457181703308644,6.547679335267221,25006894.114168715,3802847.505377492,45023.56598516,73.22500000000001,23.96405304057107,111.5,11441.819864886156,34130.0,0.12540770650503086,0.3609022556390978,1.1918659286623103,0.03316691944725312,25.4461746931712,6,13.217148519979487,1.9988165680473373,0.8585275181396123,1.0,70.6896551724138,78.36990595611285,77.89968652037618,86.83385579937304,79.15360501567397,49.3730407523511,81.81818181818183,78.36990595611285,98.7460815047022,41.06583072100313,99.84326018808778,85.57993730407524,79.67,84.38395415472779,3,1.0,ACTIVE,,2026-05-08,DEEP_ITM,30.0,65.47
US.JBHT,2026-05-08,1749450.0,1749450.0,545,545,1060,1060.0,46.015,0.984265531,22838323974.57,14.374812582395363,14.374812582395363,0.5141509433962265,0.5141509433962265,0.06814585772748201,0.06814585772748201,1721923.33320795,24620.720126700002,4207.98882345,46.015,0.5141509433962265,0.5141509433962265,3210.0,3210.0,0.0,0.0,4.052252951417731,0.1111111111111111,23.851705837937054,1,0.0,0.0,1.0,0.0,27.429467084639498,9.561128526645767,21.9435736677116,56.112852664576806,11.128526645768025,7.523510971786834,47.80564263322884,9.561128526645767,67.24137931034483,1.8808777429467085,28.605015673981192,94.35736677115987,36.25,24.498567335243553,1,0.3333,N/A,,,,0.0,18.29
US.JBL,2026-05-08,13522317.0,4877370.0,15867,4647,4996,999.2,60.373000000000005,-0.0613209696,36883716651.2,73.00999721103935,14.60199944220787,514.3556109479524,2033.0,17.079846140632764,69.75643592677345,7431071.624186639,2665593.684204242,224382.618465708,60.373000000000005,514.3556109479524,2033.0,985.0736420738679,2023.4675126903553,1.5866804817051547,3.895181341015825,23.259368979999078,0.325,24.331036007460625,5,1.5177903918812938,2.359517255981368,0.0,,66.77115987460816,96.3949843260188,86.05015673981191,77.4294670846395,76.64576802507837,76.8025078369906,68.18181818181817,96.3949843260188,54.54545454545454,93.2601880877743,93.10344827586206,26.332288401253916,73.59,84.38395415472779,3,1.0,ACTIVE,,2026-05-08,ATM,30.0,64.46
US.JCI,2026-05-08,611378.0,611378.0,254,254,650,650.0,43.073,0.921115632,84958597717.75,13.323472340449575,13.323472340449575,0.39076923076923076,0.39076923076923076,0.06754625051788427,0.06754625051788427,563149.832860896,42425.039917086004,4424.794473736,43.073,0.39076923076923076,0.39076923076923076,2407.0,2407.0,0.0,0.0,0.6599987546202228,0.023255813953488372,25.165429889110207,1,0.0,0.0,1.0,0.0,11.442006269592477,6.112852664576803,21.786833855799372,32.445141065830725,15.987460815047022,7.836990595611286,42.63322884012539,6.112852664576803,59.71786833855799,1.8808777429467085,28.605015673981192,94.35736677115987,31.52,24.498567335243553,1,0.3333,N/A,,,,0.0,17.5
US.JD,2026-05-08,838814.0,838814.0,10109,10109,7645,7645.0,45.111,0.200075225,41261444313.72,13.639745460539565,13.639745460539565,1.3223021582733814,1.3223021582733814,0.036319298808493154,0.036319298808493154,167825.89978315,42986.82268603,28446.607751274,45.111,1.3223021582733814,1.3223021582733814,82.97695123157582,82.97695123157582,0.08585796639273881,0.08585796639273881,0.17852485245763447,0.007407407407407408,24.44319434918092,1,0.0,0.0,0.0,,19.905956112852667,25.235109717868337,13.636363636363635,8.463949843260188,16.144200626959247,39.811912225705335,45.61128526645768,25.235109717868337,2.3510971786833856,15.360501567398119,28.605015673981192,26.332288401253916,21.32,84.38395415472779,3,1.0,ONGOING,,2026-05-09,DEEP_OTM,60.0,65.75
US.JNJ,2026-05-08,1198613.0,642150.0,1874,1098,10740,5370.0,21.4665,0.09875329050000001,535629848217.21,26.601936515086834,13.300968257543417,0.17915565546352868,0.22671897584142062,0.005028871241137991,0.00516383420575455,621699.255792106,348661.171605608,29592.272600224,21.4665,0.17915565546352868,0.22671897584142062,667.1548950293881,827.5128865979382,0.31441555048548264,0.38232044198895015,0.26572686149302704,0.023255813953488372,27.006709177773402,2,0.8665623296737522,1.4149484536082475,0.0,,34.639498432601876,2.3510971786833856,0.6269592476489028,34.639498432601876,49.21630094043887,41.37931034482759,9.090909090909092,2.3510971786833856,33.07210031347962,42.78996865203762,89.0282131661442,26.332288401253916,24.86,84.38395415472779,3,1.0,ACTIVE,,2026-05-07,ATM,30.0,56.34
US.JPM,2026-05-08,5555909.0,1973485.0,13672,9076,22173,3695.5,24.118166666666667,0.3620825678333333,820653961990.86,81.78447164039194,13.630745273398658,0.8620231518057148,2.0804597701149423,0.029350872219387984,0.13066989322896047,1888666.9724481152,2155862.156078306,106373.630016114,24.118166666666667,0.8620231518057148,2.0804597701149423,845.5247655259041,1923.6261510128913,0.3551187907530983,0.7015694067074901,0.6651908876818867,0.045484883632860046,27.43336737398312,6,0.0,0.0,0.0,,68.3385579937304,31.974921630094045,31.504702194357364,57.52351097178683,74.45141065830721,65.98746081504702,11.755485893416928,31.974921630094045,53.13479623824452,62.539184952978054,28.605015673981192,26.332288401253916,41.86,84.38395415472779,3,1.0,ONGOING,,2026-05-09,ATM,60.0,69.17
US.KEYS,2026-05-08,507187.0,507187.0,949,949,18,18.0,45.543,-0.398001935,60893675874.7,13.136637022519274,13.136637022519274,52.72222222222222,52.72222222222222,0.7935857476357674,0.7935857476357674,201861.40740684498,102250.38880821901,8229.809500247,45.543,52.72222222222222,52.72222222222222,534.4436248682824,534.4436248682824,0.9034275074136225,0.9034275074136225,2.90429846267567,0.1111111111111111,24.832395161864476,1,0.0,0.0,0.0,,6.739811912225706,73.82445141065831,58.15047021943573,10.344827586206897,28.526645768025077,13.793103448275861,47.02194357366771,73.82445141065831,21.473354231974923,68.65203761755487,28.605015673981192,26.332288401253916,39.57,24.498567335243553,1,0.3333,N/A,,,,0.0,18.84
US.KLAC,2026-05-08,1314708.0,1314708.0,274,274,63,63.0,57.318,-0.417545745,230328976403.25,14.089125906329478,14.089125906329478,4.349206349206349,4.349206349206349,0.11835179896430428,0.11835179896430428,548950.7313174601,1331856.722475,3453.1305209039997,57.318,4.349206349206349,4.349206349206349,4798.204379562044,4798.204379562044,0.5198256516757828,0.5198256516757828,3.6717858424179606,0.1111111111111111,26.16277445611128,1,0.0,0.0,0.0,,25.705329153605017,42.00626959247649,30.250783699059564,31.661442006269592,68.80877742946709,6.426332288401254,64.89028213166145,42.00626959247649,78.99686520376176,53.13479623824452,28.605015673981192,26.332288401253916,38.23,58.73925501432665,2,0.6667,ONGOING,,2026-05-09,ATM,60.0,55.74
US.KTOS,2026-05-08,5174061.0,2163864.0,1714,645,862,215.5,47.06225,-0.2256767695,10688639088.0,55.87989300707609,13.969973251769023,1.9476684025194664,2.7564102564102564,1.029240989531807,1.6223301844354476,1311019.54352096,21049.91300912,15944.9704488,47.06225,1.9476684025194664,2.7564102564102564,2948.8533685017837,3354.827906976744,0.11411307362160594,0.13319639808898212,2.728038381561021,0.1111111111111111,23.092447246956795,4,0.0,0.0,1.0,1.0,61.12852664576802,35.10971786833856,65.8307210031348,50.0,9.87460815047022,25.07836990595611,49.059561128526646,35.10971786833856,69.43573667711598,21.9435736677116,28.605015673981192,94.35736677115987,52.3,24.498567335243553,1,0.3333,N/A,,,,0.0,20.97
US.LEN,2026-05-08,2276800.0,1153600.0,1280,720,531,265.5,0.0,0.0,21610212491.04,27.890092114930717,13.945046057465358,2.420915032679739,2.488888888888889,0.5013505440167101,0.5843527594154446,0.0,0.0,0.0,0.0,2.420915032679739,2.488888888888889,1810.0,2060.0,0.0,0.0,0.0,0.1111111111111111,23.796431840458972,2,0.0,0.0,1.0,0.0,42.00626959247649,33.69905956112852,53.76175548589342,1.8025078369905956,1.8025078369905956,1.8025078369905956,1.8025078369905956,33.69905956112852,55.172413793103445,1.8808777429467085,28.605015673981192,94.35736677115987,38.76,58.73925501432665,2,0.6667,ONGOING,,2026-05-08,DEEP_ITM,60.0,55.83
US.LITE,2026-05-08,57959622.0,13920366.0,9805,832,10986,477.6521739130435,96.33734782608695,0.1322317877391304,69442724000.0,325.38399857266097,14.14713037272439,8.59591588372517,125.0,0.7560712864287804,14.970646888794281,25022497.755181756,29771633.177125003,108486.620585263,96.33734782608695,8.59591588372517,125.0,4977.709329209878,17998.942332896462,0.5500160001604949,2.433713334187268,21.320020164445896,0.2142205784570147,24.963768134654103,23,0.2740166564916122,0.5421516200062912,0.5132831784168641,0.0,86.52037617554859,79.2319749216301,82.2884012539185,86.99059561128527,92.00626959247649,66.4576802507837,92.47648902821317,79.2319749216301,96.3949843260188,89.0282131661442,73.35423197492163,76.64576802507837,82.43,84.38395415472779,3,1.0,ACTIVE,,2026-05-07,DEEP_ITM,30.0,65.93
US.LLY,2026-05-08,15912368.0,6741325.0,2417,1262,5628,1125.6,19.9614,-0.014583924799999991,918160201193.76,72.60157469026083,14.520314938052167,0.619794851118113,1.3248407643312101,0.06702453929374368,0.19209622517150995,1145888.8638100089,2613714.981469874,11619.335909285,19.9614,0.619794851118113,1.3248407643312101,11428.507270860748,31745.0,0.14913014252605236,0.3031537463171556,0.6092745771749405,0.04082687338501292,27.545637723447012,5,0.04862344995199192,0.09416025350837483,0.8226509718729481,0.0,65.98746081504702,25.391849529780565,37.460815047021946,47.33542319749217,76.33228840125392,20.846394984326018,8.307210031347962,25.391849529780565,98.43260188087774,38.24451410658307,59.56112852664577,84.63949843260188,50.66,84.38395415472779,3,1.0,ACTIVE,,2026-05-08,DEEP_ITM,30.0,60.64
US.LRCX,2026-05-08,8547247.0,3363077.0,3340,1255,10030,1671.6666666666667,82.96966666666667,0.334806601,358313602920.0,83.53531110392198,13.922551850653663,4.481521353533716,23.952380952380953,0.6583376703922587,3.661301795603066,6621046.602742375,1480166.2361158729,48145.334124803005,82.96966666666667,4.481521353533716,23.952380952380953,3016.944715799811,5680.873310810811,0.3458599180897633,1.4858841010401187,23.187176532214853,0.1838501291989664,26.604674425708303,6,0.21955196208497266,0.9976076555023924,0.6512100328912923,1.0,69.90595611285266,66.14420062695925,74.29467084639498,76.17554858934169,69.90595611285266,50.470219435736674,87.46081504702194,66.14420062695925,82.2884012539185,80.40752351097179,70.37617554858933,80.56426332288402,72.95,84.38395415472779,3,1.0,ACTIVE,,2026-05-07,ATM,30.0,64.35
US.LULU,2026-05-08,9082220.0,5913950.0,1196,610,582,194.0,77.81533333333333,-0.980171314,15442821248.88,44.01851010740056,14.672836702466853,2.1501060546982296,2.5316455696202533,1.3331927869791556,2.016371649132382,8948764.05197831,120466.93624203,29157.929585960002,77.81533333333333,2.1501060546982296,2.5316455696202533,7676.666666666667,10640.0,0.0,0.0,1.4503395700708757,0.05254091300602928,23.46041008828897,3,0.0,0.0,1.0,1.0,54.2319749216301,34.01253918495298,68.80877742946709,79.15360501567397,31.19122257053292,40.43887147335423,84.95297805642633,34.01253918495298,92.00626959247649,1.8808777429467085,28.605015673981192,94.35736677115987,59.04,58.73925501432665,2,0.6667,ONGOING,,2026-05-08,DEEP_ITM,60.0,59.21
US.LUV,2026-05-08,665521.0,665521.0,4462,4462,11936,11936.0,44.702,0.326828478,20230343981.07,13.408326974122144,13.408326974122144,0.3738270777479893,0.3738270777479893,0.013471238568329633,0.013471238568329633,217511.215507038,33668.772611058,38293.716296576,44.702,0.3738270777479893,0.3738270777479893,149.15307037203047,149.15307037203047,0.5352761876440413,0.5352761876440413,0.5598100640168754,0.023255813953488372,23.730449491544036,1,0.0,0.0,0.0,,14.420062695924765,5.329153605015674,5.172413793103448,12.068965517241379,13.479623824451412,46.23824451410658,44.98432601880878,5.329153605015674,4.858934169278997,54.38871473354232,28.605015673981192,26.332288401253916,17.12,24.498567335243553,1,0.3333,N/A,,,,0.0,15.1
US.LYB,2026-05-08,945236.0,945236.0,3699,3699,1391,1391.0,53.721,0.625299136,23082339117.23,13.759190968683203,13.759190968683203,2.659237958303379,2.659237958303379,0.09502685270926299,0.09502685270926299,591055.254116096,37717.802205508,63370.97035146,53.721,2.659237958303379,2.659237958303379,255.5382535820492,255.5382535820492,0.1882521682615808,0.1882521682615808,3.60760110260235,0.1111111111111111,23.86233362172778,1,0.0,0.0,0.0,,22.413793103448278,34.79623824451411,27.586206896551722,33.85579937304075,15.047021943573668,55.79937304075236,60.3448275862069,34.79623824451411,9.561128526645767,28.056426332288403,28.605015673981192,26.332288401253916,30.19,24.498567335243553,1,0.3333,N/A,,,,0.0,17.28
US.MA,2026-05-08,2984620.0,2459950.0,603,353,701,350.5,13.184,0.304829764,442622496323.7,27.886178667480447,13.943089333740224,0.856048380523905,0.9724517906336089,0.0870696139328872,0.14528603385398764,319870.06455576,203846.23543986,7542.39778236,13.184,0.856048380523905,0.9724517906336089,5663.058640226629,9839.8,0.09229922660026926,0.18367346938775517,0.4870287534096008,0.042877906976744186,26.815983090937063,2,4.688566146339604,0.7082152974504249,0.8242087769967366,0.0,41.692789968652036,18.96551724137931,33.22884012539185,21.316614420062695,39.811912225705335,12.695924764890282,4.545454545454546,18.96551724137931,90.59561128526646,27.429467084639498,96.70846394984326,84.79623824451411,42.81,58.73925501432665,2,0.6667,ACTIVE,,2026-05-08,DEEP_ITM,30.0,46.5
US.MCD,2026-05-08,17022452.0,6720679.0,10326,2515,3726,532.2857142857143,13.559142857142858,0.3071684707142857,201661798914.7,99.62048401161277,14.231497715944682,5.805737156483013,19.428571428571427,0.2815272404356299,0.606275053077686,1478912.817005637,683691.937135217,116522.179830433,13.559142857142858,5.805737156483013,19.428571428571427,2045.457510135826,3965.0,0.46945860913542525,1.311731843575419,3.184393540774372,0.15185185185185185,26.029857868409728,7,5.302163344685713,0.6692531522793405,0.8413243285984886,0.0,72.72727272727273,63.479623824451416,54.54545454545454,52.03761755485894,60.18808777429467,67.0846394984326,4.702194357366771,63.479623824451416,74.13793103448276,77.74294670846395,97.17868338557993,85.10971786833855,65.44,84.38395415472779,3,1.0,ACTIVE,,2026-05-08,DEEP_ITM,30.0,63.1
US.MCHP,2026-05-08,25874809.0,5766908.0,25573,4308,22161,2216.1,112.27740000000001,0.678274212,54968539823.64,145.12957691235607,14.512957691235608,14.14261082338111,102.34782608695652,0.6542412291066111,4.092007156492634,20619781.289815705,1629483.100605251,395861.334500856,112.27740000000001,14.14261082338111,102.34782608695652,1112.9234628185027,2820.0939373750834,0.1424384493576861,0.3294146713059232,37.710590985046295,0.19796296296296295,24.730026855334284,10,0.0,0.0,0.6005790806030684,0.0,77.4294670846395,77.58620689655173,75.86206896551724,85.73667711598746,70.53291536050156,82.9153605015674,95.29780564263322,77.58620689655173,64.57680250783699,39.811912225705335,28.605015673981192,78.99686520376176,74.07,84.38395415472779,3,1.0,ONGOING,,2026-05-09,DEEP_ITM,60.0,74.54
US.MCK,2026-05-08,4574553.0,1660988.0,3863,1870,1563,312.6,61.96,-0.08418279320000001,92448632290.56,68.11748629609306,13.623497259218613,5.404605420540308,16.846846846846848,0.06541647691324234,0.12575335205893265,1554981.078236013,1841827.987612643,23637.287945121,61.96,5.404605420540308,16.846846846846848,1624.7856999576438,2709.605220228385,0.5687825737879222,0.9166666666666669,4.0057689714426035,0.11111111111111112,25.249919000636147,5,2.6173769675115945,0.6508547008547009,0.0,,64.26332288401254,62.539184952978054,31.03448275862069,53.60501567398119,72.5705329153605,35.42319749216301,69.90595611285266,62.539184952978054,63.479623824451416,69.43573667711598,95.141065830721,26.332288401253916,53.57,84.38395415472779,3,1.0,ACTIVE,,2026-05-07,ATM,30.0,61.12
US.META,2026-05-08,291630106.0,51417351.0,295548,26861,243339,2457.969696969697,33.55337373737374,0.09981926966666665,1565724878140.24,1412.0015245716918,14.262641662340322,3.981523108758924,64.36363636363636,0.24460191983441162,13.990362436642492,170423891.68931544,105233316.09396775,3050487.569632691,33.55337373737374,3.981523108758924,64.36363636363636,2194.6499286755948,16277.466216216217,0.6543808527631947,3.019538188277087,5.639786071094594,0.1808502294713749,28.079370013606415,99,0.9465521416537844,0.4438739368120728,0.348819696276488,1.0,95.29780564263322,75.23510971786834,81.81818181818183,96.3949843260188,97.17868338557993,95.61128526645768,28.213166144200624,75.23510971786834,95.45454545454545,91.22257053291536,89.96865203761756,70.6896551724138,81.89,84.38395415472779,3,1.0,ACTIVE,,2026-05-08,ATM,30.0,65.84
US.MGM,2026-05-08,1380760.0,1380760.0,5019,5019,8011,8011.0,39.731,0.489947632,9750490565.85,14.138145354416473,14.138145354416473,0.6265135438771688,0.6265135438771688,0.045226451781516235,0.045226451781516235,676500.09236032,127111.06174216,60041.99512544,39.731,0.6265135438771688,0.6265135438771688,275.10659493923094,275.10659493923094,0.16565806822407797,0.16565806822407797,0.16555693349180892,0.007407407407407408,23.00058343523915,1,0.0,0.0,0.0,,26.01880877742947,11.442006269592477,16.30094043887147,36.36363636363637,32.13166144200627,55.172413793103445,38.557993730407524,11.442006269592477,10.658307210031348,25.07836990595611,28.605015673981192,26.332288401253916,24.04,24.498567335243553,1,0.3333,N/A,,,,0.0,16.26
US.MKSI,2026-05-08,1662160.0,912110.0,496,248,289,144.5,68.851,0.682549128,20249693541.42,27.251413455377257,13.625706727688629,2.9988284518828454,4.96,0.3127989599493996,0.4987200372352804,1160902.6616946,493008.06140261004,10051.460478519999,68.851,2.9988284518828454,4.96,3351.1290322580644,3677.8629032258063,0.24093607018373256,0.45276766275552477,2.7322034846913663,0.0625,23.73140549667679,2,0.0,0.0,0.5487498195119603,0.0,39.0282131661442,44.043887147335425,50.15673981191222,47.80564263322884,53.76175548589342,17.55485893416928,77.11598746081505,44.043887147335425,71.78683385579937,46.86520376175549,28.605015673981192,77.89968652037618,51.68,24.498567335243553,1,0.3333,N/A,,,,0.0,20.86
US.MP,2026-05-08,2733937.0,926623.0,4150,1892,14669,3667.25,72.9295,0.317648959,12306452847.83,53.6633297874656,13.4158324468664,0.29656838497866134,0.4455494778717056,0.02918100125685341,0.04213891440272484,1251694.249388355,326460.724595294,49117.700527153,72.9295,0.29656838497866134,0.4455494778717056,768.516162714012,1240.892578125,0.305992485657157,0.462700551770408,0.5936477933386235,0.01533161068044789,23.233389583614947,4,0.27271148725397093,0.27535341118623236,0.0,,56.896551724137936,7.993730407523511,14.890282131661442,48.90282131661442,48.11912225705329,51.09717868338558,81.34796238244513,7.993730407523511,42.31974921630094,47.96238244514107,73.1974921630094,26.332288401253916,35.14,84.38395415472779,3,1.0,ONGOING,,2026-05-09,ATM,60.0,68.05
US.MRNA,2026-05-08,24517887.0,11627437.0,99363,19811,68878,8609.75,83.335625,0.344937362375,19260005011.86,115.30460463562176,14.41307557945272,7.010624695112291,28.923766816143498,0.3275319672858583,1.1929452564689738,13531304.217651919,1216636.333299308,1449501.261389298,83.335625,7.010624695112291,28.923766816143498,233.5062708254012,599.847141972761,1.2618502692017441,2.3862199747155497,18.07134075704106,0.19010416666666666,23.68129650358946,8,0.021135026925386498,0.014674345934685374,0.0,,75.23510971786834,68.80877742946709,62.38244514106584,82.75862068965517,67.7115987460815,92.16300940438872,87.93103448275862,68.80877742946709,23.510971786833856,88.08777429467085,58.15047021943573,26.332288401253916,62.48,84.38395415472779,3,1.0,ONGOING,,2026-05-09,ATM,60.0,72.61
US.MRVL,2026-05-08,27156887.0,5700726.0,20939,2838,115153,5483.476190476191,85.78928571428571,0.2617673527142857,139896743000.0,290.5280098057626,13.834667133607743,6.09783776568233,104.72727272727273,0.37068645775033876,4.537443682497116,15990984.52312142,5281565.9038451705,342354.819334483,85.78928571428571,6.09783776568233,104.72727272727273,1502.124080421811,4030.2445355191257,0.6738246066975109,3.652582159624413,13.60473868982647,0.12848347472696622,25.66417043743905,21,0.18645032873596662,0.601453154875717,0.16812354081673647,1.0,84.32601880877742,77.89968652037618,76.64576802507837,84.63949843260188,81.97492163009404,81.97492163009404,89.49843260188088,77.89968652037618,74.29467084639498,92.47648902821317,68.65203761755487,61.28526645768025,77.06,84.38395415472779,3,1.0,ACTIVE,,2026-05-07,ATM,30.0,65.04
US.MSFT,2026-05-08,459336414.0,62556708.0,629453,55281,732168,5267.395683453237,28.557115107913667,0.20283993223021585,3126776735607.68,1986.0930360724801,14.288439108435108,5.080669742426156,327.890243902439,0.13786282451392623,3.9323270976699125,177298665.9524565,212763291.3069354,5874379.038373534,28.557115107913667,5.080669742426156,327.890243902439,1629.595736789138,10818.557692307691,1.1333949809894937,11.176470588235293,3.554186505755704,0.11715910233289457,28.771023792945307,139,0.2760893757707029,0.16933059880884707,0.25829692875165783,1.0,97.33542319749216,85.73667711598746,75.23510971786834,96.70846394984326,98.27586206896551,97.96238244514106,18.495297805642632,85.73667711598746,92.31974921630093,97.80564263322884,73.51097178683386,66.92789968652038,81.49,84.38395415472779,3,1.0,ACTIVE,,2026-05-08,ATM,30.0,65.77
US.MSTR,2026-05-08,81108449.0,9530040.0,182162,12978,359439,8766.80487804878,70.93456097560976,0.15030036902439023,63024545300.48,580.3984825467419,14.156060549920534,1.309837720276253,12.98331346841478,0.03504865798352153,0.35299673077167787,45361551.6550403,7208166.853893277,2096045.336163938,70.93456097560976,1.309837720276253,12.98331346841478,866.4182225492345,3958.891891891892,0.6878131599972127,2.6153846153846154,16.690823871901884,0.23029665205729793,24.86679009542047,41,0.3405859079033422,0.35503931326385635,0.012641753265433544,0.0,90.28213166144201,58.777429467084644,45.45454545454545,90.75235109717869,85.26645768025078,94.04388714733543,80.25078369905955,58.777429467084644,73.98119122257053,89.96865203761756,76.64576802507837,52.66457680250783,68.85,84.38395415472779,3,1.0,ACTIVE,,2026-05-07,ATM,30.0,63.67
US.MTSI,2026-05-08,9089962.0,7212482.0,1321,1052,4027,2013.5,71.1505,0.7186617795000001,25839373305.9,30.236765375505655,15.118382687752828,0.31055124500750975,0.3443535188216039,0.06230501482105669,0.06853653163043659,6377435.809443409,5838804.411456664,23859.570319128,71.1505,0.31055124500750975,0.3443535188216039,6917.72551839654,6979.479553903346,0.18878695358983838,0.316562769596511,0.3639258196964342,0.009345794392523364,23.97516526273776,2,0.0,0.0,1.0,0.0,45.76802507836991,4.702194357366771,22.10031347962382,75.23510971786834,82.75862068965517,35.73667711598746,80.72100313479625,4.702194357366771,85.8934169278997,39.18495297805642,28.605015673981192,94.35736677115987,48.14,84.38395415472779,3,1.0,ACTIVE,,2026-05-07,ATM,30.0,60.22
US.MU,2026-05-08,863738604.0,37927878.0,448928,39264,365174,1630.2410714285713,85.31532142857144,0.14146409737946428,729046231949.97,3280.895333345895,14.646854166722745,5.992529603942167,418.0,11947.40628252538,2676177.0,417675252.70986164,411992785.28856164,4631100.312954055,85.31532142857144,5.992529603942167,418.0,4114.702216093751,25719.509615384617,0.6800864663388223,1.7446932247746438,16.366015607167885,0.19403556650868886,27.3150029852583,224,0.32724454700395356,0.5898854319763427,0.19613617385567267,0.0,98.11912225705329,87.61755485893417,98.27586206896551,98.11912225705329,98.90282131661442,97.4921630094044,88.87147335423198,87.61755485893417,97.80564263322884,84.01253918495298,75.86206896551724,63.00940438871473,88.43,84.38395415472779,3,1.0,ONGOING,,2026-05-09,ATM,60.0,76.93
US.NEM,2026-05-08,4438185.0,2659722.0,5431,3244,4379,2189.5,44.6135,-0.017705201000000004,121156563186.36,29.18499316838608,14.59249658419304,1.2429714200358077,1.497691597414589,0.08950503562679604,0.10819824021982974,2051210.188127724,879869.085805149,79476.976139754,44.6135,1.2429714200358077,1.497691597414589,816.5435866404835,819.8896424167694,0.24858165090723233,0.345514950166113,0.3133210203839266,0.013888888888888888,25.52034945680151,2,1.4955171965905392,1.483310470964792,0.0,,44.827586206896555,27.74294670846395,29.310344827586203,58.93416927899686,64.42006269592476,60.03134796238244,44.827586206896555,27.74294670846395,32.758620689655174,40.28213166144201,92.94670846394985,26.332288401253916,41.33,58.73925501432665,2,0.6667,ONGOING,,2026-05-08,ATM,60.0,56.26
US.NFLX,2026-05-08,79073837.0,26096915.0,167977,27881,234966,8102.275862068966,35.830999999999996,-0.1332332024137931,371602970096.0,409.75151338384626,14.129362530477458,10.63600459727723,252.0,17855.56576798438,517802.0,21989056.912622634,2532867.725007717,1676264.221600451,35.830999999999996,10.63600459727723,252.0,1089.6678174789336,2650.0,0.2613771929180629,1.3134328358208953,7.053212116135197,0.1828236251852932,26.641091836580202,29,4.556524369064331,0.546009277325774,0.7906488716362657,1.0,87.7742946708464,83.85579937304075,88.24451410658307,86.05015673981191,76.01880877742947,92.78996865203762,32.60188087774294,83.85579937304075,62.695924764890286,77.89968652037618,96.55172413793103,83.69905956112854,81.84,84.38395415472779,3,1.0,ACTIVE,,2026-05-08,DEEP_ITM,30.0,65.83
US.NKE,2026-05-08,3361108.0,1970850.0,5462,2880,13428,4476.0,64.02866666666667,-0.480680204,65766193135.53,41.31826556771834,13.772755189239447,2.2650520805692387,4.014705882352941,0.5011275249579396,0.7599061361596333,2986339.087940326,46178.476334924,90547.74995723399,64.02866666666667,2.2650520805692387,4.014705882352941,769.9484166420829,1322.7181208053692,0.07695728542053136,0.1853035143769967,2.7847555118268428,0.0818260120585702,24.90937176112682,3,5.681352845993901,0.8965277777777778,0.8503297127018828,0.0,51.09717868338558,41.06583072100313,57.68025078369906,64.89028213166145,17.24137931034483,63.479623824451416,71.78683385579937,41.06583072100313,44.043887147335425,27.74294670846395,97.4921630094044,85.42319749216301,57.61,84.38395415472779,3,1.0,ACTIVE,,2026-05-08,DEEP_ITM,30.0,61.79
US.NOC,2026-05-08,1650426.0,1650426.0,203,203,159,159.0,65.6,-0.920032436,78440827790.52,14.316544600275744,14.316544600275744,1.2767295597484276,1.2767295597484276,0.1879522287259684,0.1879522287259684,1518445.453217736,198423.22504596002,4815.114554148,65.6,1.2767295597484276,1.2767295597484276,8130.177339901478,8130.177339901478,0.00013187079826675768,0.00013187079826675768,3.630832204759291,0.1111111111111111,25.085610391399904,1,0.0,0.0,1.0,0.0,27.27272727272727,24.608150470219435,36.990595611285265,52.97805642633229,39.49843260188088,8.150470219435736,73.98119122257053,24.608150470219435,88.40125391849529,3.761755485893417,28.605015673981192,94.35736677115987,45.72,24.498567335243553,1,0.3333,N/A,,,,0.0,19.87
US.NOW,2026-05-08,90856144.0,15044900.0,84533,23707,86202,2780.7096774193546,69.53912903225807,-0.020121222032258065,96520115720.0,449.66651323141167,14.505371394561667,4.9965532180422,51.833333333333336,2.0511876894413374,14.066371051038216,57788927.96021954,4697184.558043332,987477.397641133,69.53912903225807,4.9965532180422,51.833333333333336,3522.554407554989,12589.97891036907,0.6955561880321036,4.981549815498155,10.782367882156741,0.14191885198714008,25.293017276635386,31,2.766990590747736,0.15224088108609127,0.7493221482082709,1.0,88.55799373040753,73.35423197492163,81.97492163009404,93.2601880877743,80.72100313479625,90.43887147335423,77.74294670846395,73.35423197492163,93.73040752351098,94.82758620689656,95.29780564263322,82.9153605015674,83.94,84.38395415472779,3,1.0,ACTIVE,,2026-05-08,DEEP_ITM,30.0,66.18
US.NTNX,2026-05-08,605828.0,605828.0,13293,13293,1094,1094.0,61.857,0.19129047,12371194333.98,13.314353047013865,13.314353047013865,12.150822669104205,12.150822669104205,0.12056897647680219,0.12056897647680219,115889.12285916,11218.358801372,39269.889702288,61.857,12.150822669104205,12.150822669104205,45.57496426690739,45.57496426690739,4.299999999999999,4.299999999999999,3.926868616915367,0.1111111111111111,23.23863656961812,1,0.0,0.0,0.0,,11.128526645768025,57.68025078369906,30.407523510971785,5.956112852664576,6.739811912225706,46.70846394984326,69.59247648902821,57.68025078369906,0.9404388714733543,94.04388714733543,28.605015673981192,26.332288401253916,32.87,24.498567335243553,1,0.3333,N/A,,,,0.0,17.73
US.NVDA,2026-05-08,1309675221.0,65249785.0,3347830,315059,4153041,14271.61855670103,45.44462199312715,0.2537734904604811,5139377100000.0,4240.251768181541,14.571311918149624,9.494586126743615,1096.0,6409.281951007363,664329.0,690869028.4897119,207056137.23038185,37668488.40394234,45.44462199312715,9.494586126743615,1096.0,1289.8153135077328,6399.805825242718,0.5372392533910127,3.8095238095238098,3.622363973704629,0.09045430255643294,29.26795300128168,291,0.17830813767411585,0.29457430588075156,0.08621956740830787,1.0,98.90282131661442,94.04388714733543,89.65517241379311,99.05956112852664,98.11912225705329,100.0,46.39498432601881,94.04388714733543,84.32601880877742,93.10344827586206,68.18181818181817,56.896551724137936,84.75,84.38395415472779,3,1.0,ACTIVE,,2026-05-08,ATM,30.0,66.32
US.NVT,2026-05-08,1064402.0,546290.0,2046,1036,340,170.0,50.449,0.0038831454999999904,26963650961.96,26.368855723952755,13.184427861976378,33.161265432098766,63.125,1.021654178819456,1.9421819708510766,321796.13861841196,209949.12266808603,13038.501875062,50.449,33.161265432098766,63.125,520.1445640123858,527.3069498069498,0.08346371685951895,0.14736221632773358,0.6022212401015995,0.023255813953488372,24.017755535296633,2,0.9484193377144008,0.974903474903475,0.0,,33.07210031347962,74.92163009404389,68.18181818181817,21.630094043887148,40.43887147335423,22.25705329153605,54.075235109717866,74.92163009404389,21.316614420062695,23.510971786833856,90.12539184952978,26.332288401253916,48.51,24.498567335243553,1,0.3333,N/A,,,,0.0,20.33
US.NYT,2026-05-08,900625.0,900625.0,13911,13911,17800,17800.0,25.73,-0.461510771,12978151205.82,13.71084535607535,13.71084535607535,0.7815168539325843,0.7815168539325843,0.0063104153295534485,0.0063104153295534485,415648.13813187496,42398.417813125,117528.02034187499,25.73,0.7815168539325843,0.7815168539325843,64.74193084609303,64.74193084609303,2.55084453636677,2.55084453636677,1.5906687817132996,0.1111111111111111,23.286533104088456,1,0.0,0.0,0.0,,21.786833855799372,14.106583072100312,1.09717868338558,26.01880877742947,15.830721003134796,67.24137931034483,14.263322884012538,14.106583072100312,1.8808777429467085,89.65517241379311,28.605015673981192,26.332288401253916,20.84,24.498567335243553,1,0.3333,N/A,,,,0.0,15.72
US.OKTA,2026-05-08,4793657.0,3563936.0,10703,5672,8883,4441.5,60.559000000000005,0.469910921,14306695940.16,29.108675076191837,14.554337538095918,5.913943082418576,11.15521064301552,0.49753566361006907,0.9770397029570511,2362685.570175192,446956.05154212104,151700.31107847602,60.559000000000005,5.913943082418576,11.15521064301552,462.6003430178591,708.3951500695687,0.7933372271616156,1.4077270859021787,2.2258236744618243,0.06718346253229973,23.383993512252125,2,0.0,0.0,0.0,,44.5141065830721,57.05329153605015,60.03134796238244,61.12852664576802,52.19435736677116,70.53291536050156,68.3385579937304,57.05329153605015,28.369905956112852,78.99686520376176,28.605015673981192,26.332288401253916,50.23,58.73925501432665,2,0.6667,ACTIVE,,2026-05-08,ATM,30.0,47.74
US.ON,2026-05-08,3311198.0,1046592.0,6925,3031,4890,1222.5,61.076499999999996,0.129433616,39429380046.51,54.387612166329895,13.596903041582474,3.196225501502141,8.281420765027322,0.12762061850173548,0.27292803516038505,1249556.177056318,524644.547597892,67344.449930166,61.076499999999996,3.196225501502141,8.281420765027322,559.7597580988484,1031.1251231527094,0.29626258895190394,0.7588788829302844,1.2374331274271853,0.0349537037037037,24.397777061849293,4,0.43578840927105683,0.7783769902413971,0.0,,58.46394984326019,52.82131661442007,41.84952978056427,48.7460815047022,54.858934169278996,57.210031347962385,68.80877742946709,52.82131661442007,38.71473354231975,64.26332288401254,80.25078369905955,26.332288401253916,49.57,84.38395415472779,3,1.0,ACTIVE,,2026-05-07,DEEP_OTM,30.0,60.45
US.ORCL,2026-05-08,204796680.0,11245860.0,314873,35775,588919,5889.19,70.27211,0.24259598209,559649791140.0,1423.890995538188,14.23890995538188,2.0624579953274047,48.73770491803279,0.11159617155330911,2.6367233670795005,98162905.3845639,37139731.5064983,3061598.724116818,70.27211,2.0624579953274047,48.73770491803279,1582.0847108272474,9590.280373831776,0.45647033190808406,1.8548387096774195,11.167281709835445,0.135119952285357,27.05057705208587,100,0.21284624693716564,0.22775693864978047,0.14812223518467194,0.0,95.45454545454545,72.72727272727273,71.15987460815047,94.5141065830721,93.10344827586206,95.7680250783699,79.15360501567397,72.72727272727273,90.28213166144201,84.95297805642633,69.74921630094045,60.18808777429467,78.52,84.38395415472779,3,1.0,ACTIVE,,2026-05-08,ATM,30.0,65.28
US.PANW,2026-05-08,31103292.0,7710598.0,44544,9339,83205,3617.608695652174,41.87913043478261,0.4770557721739131,160368480000.0,318.65354806935045,13.854502089971758,1.2692798641982794,7.3861386138613865,0.05885543117613654,0.4830955695172631,16948161.05310743,4773183.260844139,559823.119325586,41.87913043478261,1.2692798641982794,7.3861386138613865,1209.6109832144355,2574.1389396709324,2.6303057308580327,28.222222222222225,3.842982545337539,0.10076642178292945,25.800740004346512,23,0.21002965620510283,0.3285612025769506,0.12505898089501266,0.0,86.20689655172413,51.410658307210035,49.686520376175544,84.79623824451411,81.19122257053291,86.20689655172413,41.06583072100313,51.410658307210035,61.442006269592476,99.21630094043887,69.59247648902821,59.09090909090909,64.58,84.38395415472779,3,1.0,ACTIVE,,2026-05-08,ATM,30.0,62.96
US.PFE,2026-05-08,36192769.0,11294756.0,121716,30627,21443,1429.5333333333333,7.916666666666667,0.2521259844666667,150921281595.12,215.30199237202012,14.353466158134674,6.117684761160246,9.70059880239521,1.2744887915395127,3.1301445447473633,4360094.254242896,48982.453763055004,697046.741073895,7.916666666666667,6.117684761160246,9.70059880239521,528.6414413512686,1212.6,0.18284438564766198,0.8258396035969903,2.580546950444835,0.15998851564743036,25.740024223897002,15,0.0,0.0,0.8393746551970092,1.0,81.97492163009404,55.32915360501567,72.25705329153605,71.00313479623824,18.181818181818183,88.08777429467085,4.075235109717868,55.32915360501567,41.692789968652036,66.14420062695925,28.605015673981192,84.95297805642633,60.93,58.73925501432665,2,0.6667,ACTIVE,,2026-05-08,DEEP_ITM,30.0,49.52
US.PG,2026-05-08,758270.0,758270.0,332,332,115,115.0,0.0,0.0,340115166726.68,13.538796120518455,13.538796120518455,2.8869565217391306,2.8869565217391306,0.4514344908881996,0.4514344908881996,0.0,0.0,0.0,0.0,2.8869565217391306,2.8869565217391306,2283.9457831325303,2283.9457831325303,0.05927601809954761,0.05927601809954761,0.0,0.023255813953488372,26.552550122871676,1,0.0,0.0,1.0,0.0,18.495297805642632,36.05015673981191,48.589341692789965,1.8025078369905956,1.8025078369905956,1.8025078369905956,1.8025078369905956,36.05015673981191,57.68025078369906,10.658307210031348,28.605015673981192,94.35736677115987,36.76,58.73925501432665,2,0.6667,ACTIVE,,2026-05-07,ATM,30.0,45.5
US.PINS,2026-05-08,1767222.0,1767222.0,7427,7427,238,238.0,50.837,-0.392624362,12071390396.85,14.384919945942237,14.384919945942237,31.205882352941178,31.205882352941178,3.4456160190294214,3.4456160190294214,693854.410262364,88542.616673286,103582.022268798,50.837,31.205882352941178,31.205882352941178,237.94560387774337,237.94560387774337,0.12770372735254223,0.12770372735254223,0.17255339047208879,0.007407407407407408,23.214104059940944,1,0.0,0.0,0.0,,27.74294670846395,69.90595611285266,73.1974921630094,37.14733542319749,26.332288401253916,65.36050156739812,54.70219435736677,69.90595611285266,8.463949843260188,21.473354231974923,28.605015673981192,26.332288401253916,45.84,24.498567335243553,1,0.3333,N/A,,,,0.0,19.89
US.PLNT,2026-05-08,1006450.0,1006450.0,3057,3057,0,0.0,56.645,0.439474836,3482247240.0,13.82194083932002,13.82194083932002,3057.0,3057.0,1006450.0,1006450.0,442309.4486922,77009.03000725,36108.9279911,56.645,3057.0,3057.0,329.22800130847236,329.22800130847236,0.06142368944182616,0.06142368944182616,0.42167849509717015,0.013888888888888888,21.970943681228274,1,0.0,0.0,0.0,,23.35423197492163,97.33542319749216,93.10344827586206,26.959247648902824,24.608150470219435,45.141065830721004,63.94984326018809,97.33542319749216,13.793103448275861,11.442006269592477,28.605015673981192,26.332288401253916,52.69,58.73925501432665,2,0.6667,ACTIVE,,2026-05-07,DEEP_OTM,30.0,48.15
US.PLTR,2026-05-08,113971096.0,6549254.0,354342,47810,486872,6579.351351351352,52.90412162162163,0.08576180118918919,328551606447.85,1036.773126079828,14.010447649727405,1.2435287184355517,5.444170569386246,0.12984901849549627,1.895814874654714,52627997.2637023,9331259.94404657,4423408.558857431,52.90412162162163,1.2435287184355517,5.444170569386246,1090.989148052912,7275.0,0.895753923445053,3.987802017358668,9.929470636527718,0.18508031670525113,26.517959759789367,74,0.46416626592079224,0.25433016513566614,0.1655768318662128,0.0,93.2601880877743,45.924764890282134,68.02507836990596,92.16300940438872,87.14733542319749,97.17868338557993,57.993730407523515,45.924764890282134,86.67711598746082,93.8871473354232,81.03448275862068,60.9717868338558,71.52,84.38395415472779,3,1.0,ACTIVE,,2026-05-07,ATM,30.0,64.11
US.PNR,2026-05-08,2000000.0,2000000.0,2000,2000,2001,2001.0,0.0,0.0,12760373517.36,14.508658238524095,14.508658238524095,0.9995002498750625,0.9995002498750625,0.1265831116863048,0.1265831116863048,0.0,0.0,0.0,0.0,0.9995002498750625,0.9995002498750625,1000.0,1000.0,0.0,0.0,0.0,0.1111111111111111,23.269610387033367,1,0.0,0.0,1.0,0.0,28.683385579937305,21.316614420062695,31.19122257053292,1.8025078369905956,1.8025078369905956,1.8025078369905956,1.8025078369905956,21.316614420062695,37.61755485893417,1.8808777429467085,28.605015673981192,94.35736677115987,30.49,24.498567335243553,1,0.3333,N/A,,,,0.0,17.33
US.PTC,2026-05-08,918220.0,918220.0,1505,1505,16,16.0,35.027,0.484679606,17569776527.4,13.730193381369967,13.730193381369967,94.0625,94.0625,3.886810023704707,3.886810023704707,445042.50782132,183135.99478500002,20887.327900379998,35.027,94.0625,94.0625,610.1129568106312,610.1129568106312,0.2727874985386385,0.2727874985386385,0.45313880020607,0.023255813953488372,23.589446020134538,1,0.0,0.0,0.0,,21.9435736677116,76.95924764890282,75.07836990595611,27.27272727272727,37.93103448275862,31.504702194357364,30.877742946708466,76.95924764890282,24.137931034482758,35.893416927899686,28.605015673981192,26.332288401253916,45.5,24.498567335243553,1,0.3333,N/A,,,,0.0,19.83
US.PWR,2026-05-08,5939316.0,3433273.0,901,301,639,213.0,46.12866666666667,0.4756391583333333,112654655658.77,42.886431663946055,14.295477221315352,100.96059462010383,301.0,3.0442671530226373,8.914096945639578,3507837.8447048143,8593740.399604801,10977.801620346001,46.12866666666667,100.96059462010383,301.0,6596.769686231081,11444.243333333334,0.04515758385771689,0.09873925216613379,0.22338233538370358,0.008699665397484712,25.44759283150835,3,0.0,0.0,0.578058651871697,0.0,53.60501567398119,85.42319749216301,79.46708463949844,66.92789968652038,86.67711598746082,19.278996865203762,47.96238244514107,85.42319749216301,92.94670846394985,17.398119122257054,28.605015673981192,78.68338557993731,69.03,58.73925501432665,2,0.6667,ACTIVE,,2026-05-08,DEEP_ITM,30.0,50.87
US.PYPL,2026-05-08,521360.0,521360.0,380,380,480,480.0,0.0,0.0,40770915886.46,13.16419797906488,13.16419797906488,0.7916666666666666,0.7916666666666666,0.23499927881148133,0.23499927881148133,0.0,0.0,0.0,0.0,0.7916666666666666,0.7916666666666666,1372.0,1372.0,0.0,0.0,0.0,0.1111111111111111,24.431234818265494,1,0.0,0.0,1.0,0.0,7.523510971786834,14.263322884012538,39.96865203761755,1.8025078369905956,1.8025078369905956,1.8025078369905956,1.8025078369905956,14.263322884012538,45.141065830721004,1.8808777429467085,28.605015673981192,94.35736677115987,28.86,58.73925501432665,2,0.6667,ACTIVE,,2026-05-08,DEEP_ITM,30.0,44.18
US.QCOM,2026-05-08,313830917.0,17406536.0,411955,27787,241905,2159.8660714285716,73.82183928571429,0.26415441843750004,213487700000.0,1618.3801397867578,14.44982267666748,81.41531742564374,3137.0,72098.63869574733,1825617.0,157269163.43749368,56993917.183728434,4156034.804566035,73.82183928571429,81.41531742564374,3137.0,1546.9650964469922,5709.6024177300205,5.056318868679336,43.16163410301954,13.808501236786578,0.1396949749174946,26.086845056718964,112,0.12951087211412804,0.22571728658436802,0.20291825167754265,1.0,96.70846394984326,97.64890282131663,96.23824451410658,96.08150470219435,94.98432601880877,96.86520376175548,82.60188087774296,97.64890282131663,82.60188087774296,99.68652037617555,65.04702194357367,63.322884012539184,88.31,84.38395415472779,3,1.0,ACTIVE,,2026-05-08,ATM,30.0,66.91
US.RCL,2026-05-08,17542742.0,13778210.0,12219,6251,11342,5671.0,50.873000000000005,-0.274308426,75327923470.86,31.57973336362543,15.789866681812715,5.014954497228416,9.47121212121212,0.37790604249843823,0.743264704581328,5356535.607611126,9525071.697249133,81818.079406494,50.873000000000005,5.014954497228416,9.47121212121212,1417.4735636400053,2204.16093425052,0.09964522567739144,0.19636363636363638,0.38507097919483246,0.01533161068044789,25.04511673265152,2,0.0,0.0,0.0,,46.08150470219436,54.70219435736677,57.210031347962385,73.1974921630094,87.3040752351097,61.59874608150471,54.858934169278996,54.70219435736677,56.58307210031348,29.46708463949843,28.605015673981192,26.332288401253916,51.78,58.73925501432665,2,0.6667,ONGOING,,2026-05-09,ATM,60.0,58.0
US.RRX,2026-05-08,682723.0,682723.0,295,295,378,378.0,65.203,-0.860513405,13736916000.0,13.433845957321935,13.433845957321935,0.7804232804232805,0.7804232804232805,0.08756644539152054,0.08756644539152054,587492.293401815,46047.295253021,7772.363729557,65.203,0.7804232804232805,0.7804232804232805,2314.315254237288,2314.315254237288,0.46332046332046334,0.46332046332046334,3.812595065124702,0.1111111111111111,23.343352644471338,1,0.0,0.0,1.0,0.0,15.673981191222571,13.94984326018809,26.17554858934169,33.69905956112852,17.0846394984326,12.852664576802509,73.51097178683386,13.94984326018809,58.307210031347964,48.275862068965516,28.605015673981192,94.35736677115987,37.44,24.498567335243553,1,0.3333,N/A,,,,0.0,18.49
US.RVTY,2026-05-08,2170380.0,2170380.0,2372,2372,2375,2375.0,30.97,0.982262595,11051758873.95,14.59041328614184,14.59041328614184,0.9987368421052631,0.9987368421052631,0.09244756808561616,0.09244756808561616,2131883.0909361,13783.1175609,21110.756687279998,30.97,0.9987368421052631,0.9987368421052631,915.0,915.0,0.0,0.0,3.149035320534977,0.1111111111111111,23.125855426446922,1,0.0,0.0,1.0,0.0,28.996865203761757,21.003134796238246,27.11598746081505,59.56112852664577,7.523510971786834,31.818181818181817,22.413793103448278,21.003134796238246,35.42319749216301,1.8808777429467085,28.605015673981192,94.35736677115987,37.71,24.498567335243553,1,0.3333,N/A,,,,0.0,18.53
US.SATS,2026-05-08,6673962.0,6673962.0,17360,17360,43052,43052.0,69.409,0.235135783,35421957830.58,15.713724394376381,15.713724394376381,0.4032332992660039,0.4032332992660039,0.012642387164214655,0.012642387164214655,1569287.280582246,851941.407070164,71174.020593546,69.409,0.4032332992660039,0.4032332992660039,384.44481566820275,384.44481566820275,0.22368421052631582,0.22368421052631582,0.8500255484615374,0.023255813953488372,24.290597742521673,1,0.0,0.0,0.0,,30.250783699059564,6.269592476489027,4.702194357366771,54.2319749216301,63.793103448275865,58.46394984326019,77.4294670846395,6.269592476489027,15.830721003134796,31.974921630094045,28.605015673981192,26.332288401253916,27.66,84.38395415472779,3,1.0,ONGOING,,2026-05-09,DEEP_OTM,60.0,66.8
US.SBUX,2026-05-08,875330.0,875330.0,3139,3139,1113,1113.0,28.988,-0.330684641,118825122000.0,13.682357379522035,13.682357379522035,2.820305480682839,2.820305480682839,0.07543257413863916,0.07543257413863916,289458.18680653,145440.30909456,24028.945553669997,28.988,2.820305480682839,2.820305480682839,278.8563236699586,278.8563236699586,0.30131004366812225,0.30131004366812225,0.18598741684503042,0.013888888888888888,25.50091868617434,1,0.0,0.0,0.0,,21.473354231974923,35.73667711598746,23.510971786833856,19.278996865203762,34.326018808777434,36.05015673981191,19.435736677115987,35.73667711598746,10.9717868338558,37.774294670846395,28.605015673981192,26.332288401253916,26.99,58.73925501432665,2,0.6667,ACTIVE,,2026-05-07,ATM,30.0,43.87
US.SCHW,2026-05-08,9385537.0,3410341.0,20321,11125,13399,3349.75,38.082499999999996,-0.2080342215,155559899969.5,58.22803637666219,14.557009094165547,4.369630811875326,13.030172413793103,0.44750219475647535,1.6424296859949914,6405792.757520607,793201.173756586,305151.292588069,38.082499999999996,4.369630811875326,13.030172413793103,672.2710091303517,1128.1313264968574,0.20450169578752186,0.36689038031319915,1.266471560499737,0.042877906976744186,25.770296703205336,4,2.4673088609886347,0.42483522647595007,0.7115918886687038,0.0,62.225705329153605,58.93416927899686,66.14420062695925,75.39184952978056,63.00940438871473,80.25078369905955,35.42319749216301,58.93416927899686,40.12539184952978,41.37931034482759,94.82758620689656,82.13166144200626,65.94,84.38395415472779,3,1.0,ACTIVE,,2026-05-08,DEEP_ITM,30.0,63.18
US.SHOP,2026-05-08,15497711.0,3511928.0,12656,4636,115984,8921.846153846154,85.45938461538461,-0.21523729207692308,144999926121.4,179.11223209154852,13.777864007042194,1.1384062449574603,4.364130434782608,0.37818741013903256,2.406658313943082,12374162.146416599,1104723.3689663871,215521.982131869,85.45938461538461,1.1384062449574603,4.364130434782608,2055.6362478502383,6402.857142857143,0.3454412122124749,2.2874251497005993,12.686936737687425,0.11455166374276586,25.699999069866166,13,3.200123149538609,0.4677026556882755,0.761911742966429,0.0,80.09404388714734,42.16300940438871,70.37617554858933,82.2884012539185,66.30094043887146,76.01880877742947,89.18495297805643,42.16300940438871,84.48275862068965,87.7742946708464,95.7680250783699,83.07210031347962,72.13,84.38395415472779,3,1.0,ACTIVE,,2026-05-07,ATM,30.0,64.21
US.SMCI,2026-05-08,15333486.0,2255401.0,133076,32470,267981,15763.588235294117,84.50552941176471,0.4063374894117647,20138024569.36,231.5919085705433,13.623053445326077,0.9882435109872807,5.434301521438451,0.032699024435308574,0.12169057577436784,7101379.921487523,247471.945804275,1505655.42419621,84.50552941176471,0.9882435109872807,5.434301521438451,227.53820687488326,642.714620797498,0.6307001100722633,1.1794871794871795,18.248124739185005,0.2048183614531084,23.725875634538404,17,0.04966396825847764,0.0971811128791564,0.22796231724475438,0.0,82.75862068965517,45.76802507836991,30.721003134796238,76.64576802507837,43.41692789968652,92.47648902821317,88.40125391849529,45.76802507836991,25.54858934169279,75.23510971786834,60.03134796238244,65.20376175548589,57.25,84.38395415472779,3,1.0,ACTIVE,,2026-05-07,DEEP_ITM,30.0,61.73
US.SNDK,2026-05-08,213411477.0,11916872.0,83272,8829,54573,682.1625,112.09765,0.0396309124,198434352129.68,1159.8091553486804,14.497614441858506,2.4667514848075287,9.727272727272727,0.0879535236721685,1.3056112258439194,93328619.16135593,97084001.14487249,708566.376934648,112.09765,2.4667514848075287,9.727272727272727,4278.470547885051,17985.172897196262,0.9009848081784211,2.0674124118580868,46.271767374819305,0.35950753426581283,26.013724162629135,80,0.7767191789101621,0.815351747291317,0.02241983921042822,0.0,93.8871473354232,55.4858934169279,63.479623824451416,94.20062695924764,96.55172413793103,88.24451410658307,95.141065830721,55.4858934169279,96.23824451410658,86.05015673981191,87.61755485893417,53.13479623824452,74.58,84.38395415472779,3,1.0,ONGOING,,2026-05-09,ATM,60.0,74.62
US.SNPS,2026-05-08,1430010.0,760200.0,565,355,623,311.5,58.152,0.7352971235,96775220420.13,26.956089012999893,13.478044506499947,0.8986655997231714,0.9366754617414248,0.04832718855891659,0.06167132703521058,1046526.40151106,324491.35457655,17156.670881669997,58.152,0.8986655997231714,0.9366754617414248,2753.394366197183,3620.0,0.022718460718266855,0.04543692143653371,20.464350078186577,0.28125,25.29565681107356,2,0.0,0.0,0.0,,36.83385579937304,17.24137931034483,20.219435736677116,45.141065830721004,47.96238244514107,26.802507836990596,65.67398119122258,17.24137931034483,71.31661442006269,8.934169278996865,28.605015673981192,26.332288401253916,31.69,58.73925501432665,2,0.6667,ACTIVE,,2026-05-08,ATM,30.0,44.65
US.STX,2026-05-08,9446411.0,1818002.0,3012,583,2046,255.75,85.63025,-0.079078997625,171858068628.48,111.17884466537177,13.897355583171471,38.14765603896523,277.0,63074.02707783983,504591.0,3668057.448588131,7033360.214553881,35391.703973615,85.63025,38.14765603896523,277.0,3644.252949439944,8461.232227488152,0.34455998207926714,1.2612965638852833,21.977064056930562,0.20869401378122307,25.869934790722724,8,2.8842422007061725,3.842443729903537,0.0,,74.76489028213166,84.56112852664577,87.93103448275862,67.24137931034483,85.10971786833855,44.67084639498432,89.34169278996865,84.56112852664577,88.87147335423198,76.95924764890282,95.45454545454545,26.332288401253916,72.88,84.38395415472779,3,1.0,ACTIVE,,2026-05-08,ATM,30.0,64.34
US.SYK,2026-05-08,17910580.0,9555180.0,2040,840,373,124.33333333333333,0.0,0.0,112685456760.19,46.553685574826126,15.517895191608709,5.480619375034938,5.617977528089888,1.5893415210107162,2.1650137647418686,0.0,0.0,0.0,0.0,5.480619375034938,5.617977528089888,8489.07142857143,11375.214285714286,0.017724699577975518,0.021887472640659236,0.0,0.023255813953488372,25.447866205842644,3,0.0,0.0,1.0,1.0,55.01567398119123,46.86520376175549,69.43573667711598,1.8025078369905956,1.8025078369905956,1.8025078369905956,1.8025078369905956,46.86520376175549,92.78996865203762,5.4858934169279,28.605015673981192,94.35736677115987,47.44,58.73925501432665,2,0.6667,ACTIVE,,2026-05-08,DEEP_ITM,30.0,47.28
US.TDG,2026-05-08,1668251.0,933496.0,2593,1586,518,259.0,30.392,0.1664169875,69468391414.34,27.25398677853761,13.626993389268804,64.49240196078432,125.875,0.37711863038746796,0.7394996296236654,269975.92918204,736326.4776297379,7296.326053164,30.392,64.49240196078432,125.875,659.1162937620766,729.6474677259185,0.4531292249473819,0.8293249295073809,1.9671844176926987,0.1111111111111111,24.96413768628509,2,0.0,0.0,0.0,,39.18495297805642,79.46708463949844,57.05329153605015,17.55485893416928,62.225705329153605,12.225705329153605,21.473354231974923,79.46708463949844,28.996865203761757,66.4576802507837,28.605015673981192,26.332288401253916,45.28,58.73925501432665,2,0.6667,ACTIVE,,2026-05-08,ATM,30.0,46.92
US.TER,2026-05-08,612216.0,612216.0,580,580,79,79.0,70.15,-0.325079752,55433144985.82,13.324842073810943,13.324842073810943,7.341772151898734,7.341772151898734,0.21884639293590027,0.21884639293590027,199019.025450432,114550.53887772,6045.137717256,70.15,7.341772151898734,7.341772151898734,1055.5448275862068,1055.5448275862068,1.5176600441501102,1.5176600441501102,4.524206412396645,0.1111111111111111,24.738443536759203,1,0.0,0.0,0.0,,11.598746081504702,50.78369905956113,39.0282131661442,10.031347962382444,30.56426332288401,10.031347962382444,78.68338557993731,50.78369905956113,39.0282131661442,80.56426332288402,28.605015673981192,26.332288401253916,35.12,84.38395415472779,3,1.0,ACTIVE,,2026-05-07,ATM,30.0,58.05
US.TFC,2026-05-08,10523340.0,4168800.0,18929,8640,3960,660.0,49.63183333333333,0.6165532065,61970035138.5,85.04159008429544,14.173598347382573,136.8100110928425,800.0,174000.5023668369,1044000.0,7603065.970867716,123250.49735076199,225613.931603903,49.63183333333333,136.8100110928425,800.0,842.5795337464419,1305.0,0.09516768903717916,0.3027734043841589,2.450087602017717,0.06718346253229975,24.84991680096077,6,0.0,0.0,0.8729399601267278,1.0,70.53291536050156,92.0846394984326,93.41692789968651,77.74294670846395,31.504702194357364,76.95924764890282,52.507836990595614,92.0846394984326,43.73040752351097,38.087774294670844,28.605015673981192,86.52037617554859,73.55,24.498567335243553,1,0.3333,N/A,,,,0.0,24.51
US.TGT,2026-05-08,593569.0,593569.0,763,763,5255,5255.0,32.617,0.444745564,57171705972.36,13.293910430474607,13.293910430474607,0.14519505233111324,0.14519505233111324,0.008973084480499906,0.008973084480499906,263987.179677916,196591.582427313,8577.286921978,32.617,0.14519505233111324,0.14519505233111324,777.9410222804718,777.9410222804718,0.08199999999999993,0.08199999999999993,0.11535789771345892,0.006134969325153374,24.769324962136707,1,0.0,0.0,0.0,,10.18808777429467,0.9404388714733543,3.4482758620689653,16.927899686520377,39.341692789968654,14.263322884012538,25.705329153605017,0.9404388714733543,31.661442006269592,14.263322884012538,28.605015673981192,26.332288401253916,15.49,24.498567335243553,1,0.3333,N/A,,,,0.0,14.83
US.TMO,2026-05-08,11317470.0,7062870.0,1133,733,236,118.0,20.0195,-0.4554712055,176319520283.9,31.033873727590418,15.516936863795209,4.922203947368422,5.2631578947368425,1.0551418080277413,1.1799009178301316,6433867.826379569,1770983.7171294,22574.47928853,20.0195,4.922203947368422,5.2631578947368425,10136.033083219645,10636.5,0.00655319789945377,0.010303967027305513,0.18518916900721935,0.023255813953488372,25.895563642200024,2,0.0,0.0,1.0,1.0,45.924764890282134,45.61128526645768,62.06896551724138,75.70532915360502,71.9435736677116,33.5423197492163,8.463949843260188,45.61128526645768,91.84952978056427,4.38871473354232,28.605015673981192,94.35736677115987,57.91,58.73925501432665,2,0.6667,ACTIVE,,2026-05-08,DEEP_ITM,30.0,49.02
US.TSCO,2026-05-08,588957.0,588957.0,2692,2692,12451,12451.0,40.828,0.413837612,16695440406.36,13.286110152790728,13.286110152790728,0.21620753353144326,0.21620753353144326,0.014902956451292849,0.014902956451292849,243732.558450684,44104.723423464,29237.52756573,40.828,0.21620753353144326,0.21620753353144326,218.7804606240713,218.7804606240713,0.18400000000000008,0.18400000000000008,0.16753546102889624,0.007407407407407408,23.53840148959038,1,0.0,0.0,0.0,,10.031347962382444,2.19435736677116,6.269592476489027,14.576802507836991,16.614420062695924,40.75235109717868,40.28213166144201,2.19435736677116,7.6802507836990594,27.586206896551722,28.605015673981192,26.332288401253916,15.52,24.498567335243553,1,0.3333,N/A,,,,0.0,14.84
US.TSLA,2026-05-08,1913159109.0,85224129.0,2618560,178214,1210474,3657.0211480362536,47.949607250755285,0.20728521487613294,1546644647316.51,4875.072956514927,14.728317089168963,21.471575306191134,1957.0,4531.335202992098,923205.0,1111236719.9047313,384381150.78319,32744926.291674618,47.949607250755285,21.471575306191134,1957.0,1979.0437916775315,22651.415300546447,0.7684022733389752,6.322580645161291,6.837741655072728,0.13729145830113085,28.0671089567491,331,0.33740468446991817,0.41186010800738454,0.0687661671113001,1.0,99.37304075235109,96.08150470219435,92.47648902821317,100.0,98.7460815047022,99.84326018808778,50.313479623824456,96.08150470219435,97.33542319749216,95.92476489028213,76.17554858934169,55.956112852664575,87.15,84.38395415472779,3,1.0,ACTIVE,,2026-05-08,ATM,30.0,66.72
US.TTD,2026-05-08,10678091.0,2324913.0,48643,12198,24026,2669.5555555555557,217.49433333333334,-0.06300565155555556,11042596593.81,124.54173252563027,13.837970280625585,3.277372129681338,8.875099443118536,0.3185494105196914,0.7873873104992629,5052131.812135875,216650.16098825898,729060.363089022,217.49433333333334,3.277372129681338,8.875099443118536,235.27966497528965,386.44449064449066,0.26037592881163407,0.382768459878906,85.4613074170876,0.20955332561838483,23.12502604894571,9,1.5492473481774756,1.1167536988685813,0.0,,76.33228840125392,53.60501567398119,57.993730407523515,72.72727272727273,41.37931034482759,88.40125391849529,99.37304075235109,53.60501567398119,16.144200626959247,42.94670846394985,93.41692789968651,26.332288401253916,56.91,58.73925501432665,2,0.6667,ACTIVE,,2026-05-08,ATM,30.0,48.85
US.TXN,2026-05-08,1351348.0,827625.0,1599,1349,1417,708.5,81.64699999999999,0.692816959,259594867704.84,26.79503674748462,13.39751837374231,1.2501663021687626,1.4124293785310735,0.08936693163111126,0.1639267794708708,1025294.933798568,88852.548254753,14394.815148903,81.64699999999999,1.2501663021687626,1.4124293785310735,1849.3652705707932,3310.5,0.16277678122477285,0.26259443299802043,36.504658333168216,0.3055555555555556,26.282388051572596,2,0.0,0.0,0.6124440188611667,0.0,35.73667711598746,26.489028213166144,34.95297805642633,44.67084639498432,26.489028213166144,23.667711598746084,86.99059561128527,26.489028213166144,69.12225705329153,35.42319749216301,28.605015673981192,79.15360501567397,43.92,84.38395415472779,3,1.0,ACTIVE,,2026-05-07,ATM,30.0,59.51
US.UAL,2026-05-08,10302797.0,2826158.0,16759,3950,46259,6608.428571428572,55.07071428571429,0.2877675697142857,32359601881.6,98.0382205235192,14.005460074788457,0.6672367545661889,2.5704022988505746,0.07366501266741256,0.40727902097095886,6188035.518789492,998922.144176253,283645.299923534,55.07071428571429,0.6672367545661889,2.5704022988505746,705.6614034198841,1579.7417551704864,0.48844397343855556,1.004755844329828,1.9705473730471303,0.05864402608588655,24.20017662629835,7,0.37799845625821976,0.11950567802271209,0.2743097820912127,0.0,72.5705329153605,34.326018808777434,47.492163009404386,74.76489028213166,65.51724137931035,79.62382445141067,61.91222570532915,34.326018808777434,49.059561128526646,71.15987460815047,78.36990595611285,67.55485893416929,58.46,84.38395415472779,3,1.0,ACTIVE,,2026-05-08,ATM,30.0,61.94
US.UBER,2026-05-08,5289544.0,1812688.0,20910,6823,52845,8807.5,34.43716666666666,0.21891100433333333,156191512267.49,81.52475024187194,13.587458373645324,0.9325759721401083,2.302192564346997,0.06169131774727756,0.1901236151606151,1772244.963975416,291883.607277897,438497.791336437,34.43716666666666,0.9325759721401083,2.302192564346997,429.49934470946255,1354.7860615883305,0.7143190056473889,1.2475933769734309,6.391840820934878,0.12887596899224807,25.774348734005486,6,0.3404743610277079,0.20999942132978416,0.15802931216755167,0.0,68.02507836990596,32.60188087774294,37.14733542319749,56.26959247648903,45.76802507836991,84.32601880877742,29.780564263322884,32.60188087774294,44.5141065830721,76.33228840125392,76.48902821316614,60.658307210031346,50.68,84.38395415472779,3,1.0,ACTIVE,,2026-05-07,ATM,30.0,60.64
US.UNH,2026-05-08,4061730.0,2969043.0,4637,3730,10908,3636.0,18.352,0.2971735696666667,335777311934.96,41.322636459561004,13.774212153187001,2.255097585481112,5.5,0.5841396318169138,1.7456702829955715,489568.460731379,291774.513726162,48062.479093714996,18.352,2.255097585481112,5.5,4226.2440213811815,11735.347826086956,0.3017584335974541,0.6784810126582278,6.256556494204157,0.34108527131782945,26.53971401509037,3,0.0,0.0,0.730979902652318,1.0,51.2539184952978,46.39498432601881,67.0846394984326,29.310344827586203,45.61128526645768,50.15673981191222,7.366771159874608,46.39498432601881,93.10344827586206,61.59874608150471,28.605015673981192,82.44514106583071,54.29,84.38395415472779,3,1.0,ONGOING,,2026-05-09,ATM,60.0,71.24
US.UPS,2026-05-08,4167310.0,1694510.0,2236,1196,1413,471.0,0.0,0.0,85085628527.9,42.38565266884814,14.128550889616045,1.5547731813291978,1.6542185338865836,0.31834439642813844,0.4163109617655072,0.0,0.0,0.0,0.0,1.5547731813291978,1.6542185338865836,2080.604793756968,2865.0,0.026472534745201837,0.07941760423560551,0.0,0.1111111111111111,25.166923980813102,3,0.0,0.0,1.0,0.0,52.507836990595614,29.46708463949843,47.80564263322884,1.8025078369905956,1.8025078369905956,1.8025078369905956,1.8025078369905956,29.46708463949843,64.89028213166145,13.636363636363635,28.605015673981192,94.35736677115987,38.86,84.38395415472779,3,1.0,ACTIVE,,2026-05-08,DEEP_ITM,30.0,58.67
US.V,2026-05-08,756431.0,756431.0,342,342,511,511.0,21.993,-0.761970592,608654665224.96,13.536367920529962,13.536367920529962,0.6692759295499021,0.6692759295499021,0.046074934605998714,0.046074934605998714,576378.176877152,250465.90775153998,10782.316490907,21.993,0.6692759295499021,0.6692759295499021,2211.7865497076023,2211.7865497076023,0.08895567761771508,0.08895567761771508,0.20994208241756485,0.023255813953488372,27.134516891647298,1,0.0,0.0,0.0,,18.338557993730408,12.38244514106583,16.77115987460815,33.07210031347962,43.573667711598745,18.96551724137931,9.717868338557993,12.38244514106583,56.739811912225704,15.673981191222571,28.605015673981192,26.332288401253916,23.37,84.38395415472779,3,1.0,ACTIVE,,2026-05-07,ATM,30.0,56.09
US.VICI,2026-05-08,732955.0,732955.0,18059,18059,11183,11183.0,20.282,0.307104204,,13.504840951781949,13.504840951781949,1.61486184387016,1.61486184387016,0.022765506754487075,0.022765506754487075,225093.56184282,25101.67260101,130214.12320744,20.282,1.61486184387016,1.61486184387016,40.58668807796666,40.58668807796666,0.9166998804304503,0.9166998804304503,0.26784353487123713,0.023255813953488372,0.0,1,0.0,0.0,0.0,,17.55485893416928,28.996865203761757,9.561128526645767,13.009404388714735,11.285266457680251,68.49529780564264,8.620689655172415,28.996865203761757,0.7836990595611284,69.59247648902821,28.605015673981192,26.332288401253916,22.54,24.498567335243553,1,0.3333,N/A,,,,0.0,16.01
US.VRSN,2026-05-08,1458354.0,1458354.0,3350,3350,3587,3587.0,28.911,0.464402783,25340770000.0,14.192819646138233,14.192819646138233,0.9339280735991079,0.9339280735991079,0.01460001041775237,0.01460001041775237,677263.656199182,236900.98988621403,49026.551016419995,28.911,0.9339280735991079,0.9339280735991079,435.32955223880595,435.32955223880595,0.8137706546026315,0.8137706546026315,1.9757667024034746,0.1111111111111111,23.95568039815753,1,0.0,0.0,0.0,,26.489028213166144,17.0846394984326,6.112852664576803,36.52037617554859,42.78996865203762,50.78369905956113,19.278996865203762,17.0846394984326,18.025078369905955,65.8307210031348,28.605015673981192,26.332288401253916,24.93,24.498567335243553,1,0.3333,N/A,,,,0.0,16.4
US.VRT,2026-05-08,4105333.0,1417412.0,6658,4082,4144,1036.0,65.73325,-0.024328490750000015,130600838528.16,55.10964954083151,13.777412385207878,2.430804048705802,5.25,0.16335258109868075,0.5874220611158495,937396.164953401,1801760.687500641,10896.965045433,65.73325,2.430804048705802,5.25,1794.4894689365951,3804.3690476190477,0.2134101499485816,0.3003003003003004,0.5674131326553585,0.01695198105081826,25.59541147435894,4,6.415702673410404,28.59111111111111,0.0,,59.87460815047022,45.45454545454545,54.2319749216301,42.94670846394985,72.41379310344827,19.122257053291534,74.29467084639498,45.45454545454545,72.72727272727273,37.61755485893417,98.58934169278997,26.332288401253916,51.33,84.38395415472779,3,1.0,ACTIVE,,2026-05-07,DEEP_ITM,30.0,60.75
US.VST,2026-05-08,6044889.0,1302757.0,10025,2444,16669,2083.625,54.918625,0.23602513412499998,51881150000.0,108.00551034296264,13.50068879287033,0.7764253290744767,1.3732876712328768,0.05429956591630011,0.15959771674667544,1823597.999156977,1136660.036604834,90763.486168942,54.918625,0.7764253290744767,1.3732876712328768,1013.5308322427325,2693.306220095694,0.8599566186181944,1.658392310129925,1.579116799751242,0.04892847753945985,24.67222136270642,8,0.14518156718275615,0.0636604774535809,0.0,,73.51097178683386,26.17554858934169,34.639498432601876,56.896551724137936,66.77115987460816,63.63636363636363,61.75548589341693,26.17554858934169,63.322884012539184,82.60188087774296,65.98746081504702,26.332288401253916,46.83,84.38395415472779,3,1.0,ONGOING,,2026-05-09,DEEP_OTM,60.0,70.0
US.VTRS,2026-05-08,1220857.0,1220857.0,2008,2008,2141,2141.0,0.0,0.0,20249279607.51,14.015064448213394,14.015064448213394,0.9378794955628211,0.9378794955628211,0.3279053845899722,0.3279053845899722,0.0,0.0,0.0,0.0,0.9378794955628211,0.9378794955628211,607.9965139442231,607.9965139442231,0.11848341232227495,0.11848341232227495,0.0,0.013888888888888888,23.731385054977764,1,0.0,0.0,1.0,0.0,25.07836990595611,17.398119122257054,44.20062695924764,1.8025078369905956,1.8025078369905956,1.8025078369905956,1.8025078369905956,17.398119122257054,23.824451410658305,19.59247648902821,28.605015673981192,94.35736677115987,31.0,84.38395415472779,3,1.0,ACTIVE,,2026-05-08,DEEP_ITM,30.0,57.36
US.WBD,2026-05-08,670348.0,670348.0,7623,7623,60707,60707.0,24.909,0.361788271,67993547358.24,13.415553751270558,13.415553751270558,0.1255703625611544,0.1255703625611544,0.0040716633349810755,0.0040716633349810755,242524.043888308,36686.8556201,69049.24333470801,24.909,0.1255703625611544,0.1255703625611544,87.93755739210285,87.93755739210285,0.21052631578947376,0.21052631578947376,0.13424510180560892,0.009345794392523364,24.942678645844126,1,0.0,0.0,0.0,,14.890282131661442,0.4702194357366771,0.3134796238244514,14.263322884012538,14.576802507836991,57.52351097178683,13.166144200626958,0.4702194357366771,2.8213166144200628,31.03448275862069,28.605015673981192,26.332288401253916,13.86,84.38395415472779,3,1.0,ACTIVE,,2026-05-07,ATM,30.0,54.5
US.WDAY,2026-05-08,2926747.0,1430000.0,2104,1210,1434,478.0,69.71533333333333,0.17341364599999998,32678844914.88,41.16508617581738,13.721695391939127,5.572012085162317,15.316455696202532,0.27898539355937974,0.5499568645352976,1646443.9610965431,732836.958281881,26319.000515617,69.71533333333333,5.572012085162317,15.316455696202532,1895.1902546461386,2860.0,0.22320557365483876,0.6234470295911455,1.1150807730400378,0.025771604938271603,24.209993761022243,3,0.46437733066016756,0.2304093567251462,0.4885970669825578,0.0,50.626959247648905,60.9717868338558,52.35109717868338,55.172413793103445,61.91222570532915,38.24451410658307,78.0564263322884,60.9717868338558,64.73354231974922,59.24764890282132,81.19122257053291,75.54858934169279,61.59,84.38395415472779,3,1.0,ACTIVE,,2026-05-08,ATM,30.0,62.46
US.WDC,2026-05-08,9364034.0,1754038.0,2806,434,4135,459.44444444444446,81.60177777777777,0.44026222477777777,159901487392.21,124.29989493608197,13.811099437342442,57.03081152193418,206.0,195487.96797920787,924714.0,4443045.6040082835,5679014.225289056,40759.172986673,81.60177777777777,57.03081152193418,206.0,3485.414070590615,5040.33908045977,0.2028645584849111,0.501809828957825,8.439530114898563,0.09549596234450301,25.79782375876438,9,0.23049131694681574,0.14157851912123678,0.0,,76.17554858934169,82.75862068965517,92.6332288401254,71.31661442006269,82.60188087774296,47.17868338557994,86.67711598746082,82.75862068965517,80.25078369905955,51.56739811912225,71.47335423197492,26.332288401253916,70.81,84.38395415472779,3,1.0,ONGOING,,2026-05-09,ATM,60.0,73.99
US.WFC,2026-05-08,63131885.0,19152000.0,38872,13440,9247,660.5,40.91542857142857,0.34415165942857145,242244600345.04,207.07063513263083,14.790759652330774,41.73118805166172,500.0,4.17093021739901,37.07680646791309,30253538.402341627,320197.031501225,307738.55157507496,40.91542857142857,41.73118805166172,500.0,2109.1146571730264,3888.4893617021276,0.017670523949099456,0.03401591945030272,2.650982885575762,0.07345884090070136,26.21321379787564,14,0.0,0.0,1.0,1.0,81.6614420062696,89.26332288401254,84.79623824451411,88.40125391849529,47.17868338557994,80.40752351097179,40.43887147335423,89.26332288401254,73.51097178683386,6.583072100313479,28.605015673981192,94.35736677115987,76.18,84.38395415472779,3,1.0,ACTIVE,,2026-05-08,DEEP_ITM,30.0,64.89
US.WMT,2026-05-08,115980912.0,52189462.0,47670,11523,28917,1606.5,24.39838888888889,0.2957754458333333,1037822965053.0,267.1777600845979,14.843208893588772,4.343531455035709,10.438538205980066,0.7900271081446644,2.018145161290323,26062656.127280336,306340.974822136,244693.856951981,24.39838888888889,4.343531455035709,10.438538205980066,2426.5823574378605,5005.0,0.08960048709521479,0.4899049881235156,6.2412611576198325,0.1926500143554407,27.668146332228396,18,0.004454605963212516,0.060464495461825946,0.941712451786894,0.0,83.5423197492163,56.112852664576806,68.96551724137932,87.14733542319749,46.23824451410658,78.21316614420063,12.38244514106583,56.112852664576806,80.09404388714734,50.470219435736674,57.36677115987461,87.3040752351097,67.74,58.73925501432665,2,0.6667,ACTIVE,,2026-05-08,DEEP_ITM,30.0,50.66
US.XOM,2026-05-08,3355233.0,1041062.0,43781,38810,65871,16467.75,28.639,0.1374089865,607566355005.96,54.470769086167465,13.617692271541866,0.38531649524819594,0.8867614129689714,0.006781664882863854,0.01211246749043396,1119699.29731048,603128.973231985,67347.133475041,28.639,0.38531649524819594,0.8867614129689714,445.99949689359516,838.5877318116976,0.33764076011325206,0.6709362610551997,0.2971704667702641,0.01929371231696813,27.132727232545257,4,0.3114447365078124,0.03398516839072316,0.0,,58.93416927899686,16.144200626959247,4.38871473354232,46.39498432601881,56.896551724137936,57.36677115987461,18.808777429467085,16.144200626959247,33.69905956112852,61.28526645768025,75.23510971786834,26.332288401253916,33.06,84.38395415472779,3,1.0,ONGOING,,2026-05-09,ATM,60.0,67.7
US.XYZ,2026-05-08,3538803.0,1616724.0,22452,15862,5281,1320.25,157.4525,0.09913507274999998,41779266178.86,54.34043297966308,13.58510824491577,4.313995952160996,10.408136482939632,0.19769559049012325,0.6179613197962558,1358099.431903891,307696.403919831,96922.239960276,157.4525,4.313995952160996,10.408136482939632,418.864758818513,1085.0496644295301,0.31992200050712816,0.5903614457831325,71.83856803766834,0.2796296296296296,24.45566602901106,4,0.8411329607159748,0.07108100372101898,0.0,,58.307210031347964,55.956112852664575,54.858934169278996,50.78369905956113,46.39498432601881,64.57680250783699,97.4921630094044,55.956112852664575,39.49843260188088,57.36677115987461,88.71473354231975,26.332288401253916,53.94,84.38395415472779,3,1.0,ACTIVE,,2026-05-07,ATM,30.0,61.18
US.ZBRA,2026-05-08,1836000.0,1836000.0,900,900,535,535.0,103.701,0.630709146,11246207368.48,14.423100394824734,14.423100394824734,1.6822429906542056,1.6822429906542056,0.15010828890449565,0.15010828890449565,1157981.992056,232524.765936,19903.9842,103.701,1.6822429906542056,1.6822429906542056,2040.0,2040.0,0.0,0.0,6.900973683834015,0.1111111111111111,23.143296786045315,1,0.0,0.0,0.0,,27.89968652037618,30.250783699059564,33.69905956112852,47.64890282131661,42.31974921630094,29.93730407523511,93.8871473354232,30.250783699059564,54.858934169278996,1.8808777429467085,28.605015673981192,26.332288401253916,35.85,24.498567335243553,1,0.3333,N/A,,,,0.0,18.22
US.ZS,2026-05-08,8042550.0,5468070.0,837,370,830,276.6666666666667,83.33633333333333,-0.6351463380000001,24567211511.37,43.577416278506924,14.525805426168974,3.1618164148776393,5.454545454545454,2.030654834652719,3.5788140585116825,6729720.1160598,340971.26600793004,18003.57928173,83.33633333333333,3.1618164148776393,5.454545454545454,8577.068778029132,14778.567567567568,0.0176641622869375,0.03454112120479431,2.7153387845329395,0.0818260120585702,23.92467852547881,3,7.505234771573604,2.6872246696035242,1.0,1.0,54.075235109717866,46.08150470219436,73.66771159874608,76.33228840125392,48.7460815047022,28.369905956112852,88.08777429467085,46.08150470219436,94.82758620689656,6.739811912225706,99.05956112852664,94.35736677115987,67.24,58.73925501432665,2,0.6667,ACTIVE,,2026-05-08,DEEP_ITM,30.0,50.58
US.ZTS,2026-05-08,12597381.0,2533030.0,10553,5786,9536,953.6,84.7418,-0.7577116276,36715356470.07,139.33961731891168,13.933961731891168,589.5542050099868,5786.0,122213.9561496507,1222131.0,10903683.91626836,399734.943996221,164516.633542651,84.7418,589.5542050099868,5786.0,2803.353719509034,4537.782426778243,0.8466134679075813,5.05525511403715,3.2719566181562465,0.06718346253229975,24.326460936942713,10,9.30771742145482,0.8238852402350502,0.862333845423902,0.0,76.95924764890282,98.58934169278997,94.5141065830721,80.72100313479625,50.78369905956113,72.25705329153605,88.55799373040753,98.58934169278997,77.58620689655173,94.98432601880877,99.37304075235109,85.73667711598746,86.51,84.38395415472779,3,1.0,ACTIVE,,2026-05-08,DEEP_ITM,30.0,66.61
US.AAL,2026-05-09,6052292.0,2928229.0,107361,45784,160871,26811.833333333332,51.66466666666667,0.013661034833333327,8829491578.95,80.92399056727201,13.487331761212003,1.267854751347022,5.6328740157480315,0.06579120660672537,0.26986096980152763,1911218.9530610982,107584.356337097,675362.9922532181,51.66466666666667,1.267854751347022,5.6328740157480315,77.9893169814593,192.30696744717304,0.15828886605070405,0.20560747663551399,0.4951876218820274,0.018947015425888666,22.901363271189954,6,5.16250846387643,11.219553835647622,0.11127338205096515,0.0,67.86833855799374,47.02194357366771,41.692789968652036,57.993730407523515,28.996865203761757,87.93103448275862,56.26959247648903,47.02194357366771,6.739811912225706,30.56426332288401,97.02194357366771,58.307210031347964,52.22,84.38395415472779,3,1.0,ONGOING,,2026-05-09,DEEP_OTM,60.0,70.9
US.AAPL,2026-05-09,539319627.0,46105660.0,612116,48673,1518868,7445.431372549019,22.974318627450984,0.2958666970392157,4307169958492.0,2878.048975191972,14.108083211725354,6.6474521633446555,354.0,31075.56182074978,6339375.0,260359169.80946457,99942268.32709052,6623318.3329951875,22.974318627450984,6.6474521633446555,354.0,2251.530404286582,18375.0,0.418886894879615,3.761904761904762,1.0988595463984898,0.07403342549322281,29.09130218221406,204,0.07739123631359142,0.21605524453574168,0.4644705374314145,1.0,97.96238244514106,86.52037617554859,99.68652037617555,97.80564263322884,96.70846394984326,98.27586206896551,10.658307210031348,86.52037617554859,96.55172413793103,92.78996865203762,61.91222570532915,74.13793103448276,85.53,84.38395415472779,3,1.0,ONGOING,,2026-05-09,ATM,60.0,76.45
US.ABNB,2026-05-09,505293.0,505293.0,3383,3383,2946,2946.0,37.81,0.140063134,83975011555.27,13.132895717075325,13.132895717075325,1.148336727766463,1.148336727766463,0.012122293443981922,0.012122293443981922,70772.92116826201,21959.338496832002,15239.44992159,37.81,1.148336727766463,1.148336727766463,149.3624002364765,149.3624002364765,0.7152328524932695,0.7152328524932695,2.729746459528953,0.125,25.153785110060358,1,0.0,0.0,0.0,,6.426332288401254,23.667711598746084,4.545454545454546,4.075235109717868,10.18808777429467,24.76489028213166,34.79623824451411,23.667711598746084,5.015673981191222,62.85266457680251,28.605015673981192,26.332288401253916,17.99,84.38395415472779,3,1.0,ACTIVE,,2026-05-08,ATM,30.0,55.19
US.ABT,2026-05-09,44268557.0,7229181.0,16602,2786,11487,957.25,31.585916666666666,-0.46919786816666664,146869685145.28,176.7435882332438,14.728632352770317,1.4569579860293775,2.3189189189189188,0.44097658256469,0.8822852954993461,26725485.100184526,573038.57066759,294102.272577598,31.585916666666666,1.4569579860293775,2.3189189189189188,2475.970059597909,4090.0,0.10231472215377481,0.3027661092177221,0.9961446613452778,0.08283730158730158,25.712811534952003,12,0.0,0.0,1.0,0.0,79.78056426332289,32.9153605015674,59.56112852664577,87.46081504702194,56.26959247648903,79.9373040752351,23.667711598746084,32.9153605015674,74.76489028213166,37.93103448275862,28.605015673981192,94.35736677115987,60.99,58.73925501432665,2,0.6667,ONGOING,,2026-05-09,DEEP_ITM,60.0,59.53
US.ACLS,2026-05-09,772855.0,772855.0,239,239,12,12.0,69.791,0.606449823,5010547227.91,13.557848023023189,13.557848023023189,19.916666666666668,19.916666666666668,3.9504743503240713,3.9504743503240713,468697.77795466507,354655.39076154,3570.471853185,69.791,19.916666666666668,19.916666666666668,3233.702928870293,3233.702928870293,0.1201240967046271,0.1201240967046271,0.19306164230906186,0.00510204081632653,22.33481097340566,1,0.0,0.0,0.0,,18.96551724137931,63.63636363636363,75.39184952978056,28.526645768025077,49.3730407523511,6.583072100313479,78.36990595611285,63.63636363636363,67.86833855799374,19.905956112852667,28.605015673981192,26.332288401253916,46.51,24.498567335243553,1,0.3333,N/A,,,,0.0,20.0
US.ADBE,2026-05-09,9993703.0,1827292.0,17377,4891,24043,1602.8666666666666,44.355266666666665,0.08355418980000001,102278768000.0,198.41064494073436,13.22737632938229,32.20432703786219,454.0,2.4495321847061335,36.10678153651597,3842083.276586895,2901238.864985703,115859.352870865,44.355266666666665,32.20432703786219,454.0,958.0228393980732,2728.0,0.325638633079072,1.0382165605095541,1.1861057163783453,0.050201881646056275,25.350967941940965,15,0.557710655297566,0.4995685191577494,0.0,,81.19122257053291,88.87147335423198,84.63949843260188,68.3385579937304,77.11598746081505,66.92789968652038,44.5141065830721,88.87147335423198,64.1065830721003,71.63009404388715,83.69905956112854,26.332288401253916,70.04,84.38395415472779,3,1.0,ONGOING,,2026-05-09,ATM,60.0,73.87
US.ADI,2026-05-09,69604704.0,43630660.0,9156,2962,3722,930.5,32.67375,0.075793179,203346795473.64,60.96288248947261,15.240720622368153,23.567596458276157,60.60606060606061,0.9976033125452446,3.162205159708281,20337781.768261176,17454747.125743542,78431.599927056,32.67375,23.567596458276157,60.60606060606061,5971.955965186255,14730.135043889264,0.03831579374608992,0.13902543172361748,1.6266809684063444,0.070318052594172,26.038178710506383,4,0.01576732094589566,0.5460992907801419,0.9844774284220791,1.0,62.85266457680251,74.76489028213166,72.5705329153605,85.57993730407524,90.43887147335423,59.71786833855799,25.862068965517242,74.76489028213166,94.67084639498434,22.727272727272727,57.993730407523515,87.7742946708464,72.78,84.38395415472779,3,1.0,ONGOING,,2026-05-09,DEEP_ITM,60.0,74.32
US.ADM,2026-05-09,365994.0,365994.0,1167,1167,3059,3059.0,30.086,0.369413367,37428743886.82,12.810374951088003,12.810374951088003,0.381497221314155,0.381497221314155,0.015406255732715434,0.015406255732715434,135203.075841798,64729.154606922,9794.42399304,30.086,0.381497221314155,0.381497221314155,313.61953727506426,313.61953727506426,0.09586776859504134,0.09586776859504134,0.12768474989948603,0.007462686567164179,24.345704799331426,1,0.0,0.0,0.0,,2.507836990595611,5.799373040752351,6.583072100313479,6.583072100313479,22.884012539184955,16.614420062695924,21.15987460815047,5.799373040752351,12.695924764890282,17.24137931034483,28.605015673981192,26.332288401253916,13.21,24.498567335243553,1,0.3333,N/A,,,,0.0,14.45
US.AGX,2026-05-09,2305255.0,1628766.0,2504,1252,2636,1318.0,81.615,-0.0818114675,9496745920.9,27.72800678933648,13.86400339466824,0.9507144174041298,0.978125,0.013019721361797984,0.018705692492576368,217492.497765876,1132996.038550582,1626.46277999,81.615,0.9507144174041298,0.978125,920.6289936102237,1300.9313099041533,0.5904410850718442,0.8378902804727464,0.5739374037653109,0.014285714285714285,22.97421504233771,2,0.0,0.0,0.0,,41.222570532915356,19.435736677115987,7.523510971786834,11.912225705329153,66.61442006269593,4.38871473354232,86.83385579937304,19.435736677115987,43.260188087774296,66.92789968652038,28.605015673981192,26.332288401253916,28.75,24.498567335243553,1,0.3333,N/A,,,,0.0,17.04
US.AKAM,2026-05-09,37159362.0,13547635.0,25690,5493,26978,1172.9565217391305,56.13769565217391,0.4251235130869565,21565660000.0,314.1894181835077,13.660409486239466,240.58400676053643,2049.0,196813.74310463222,1641180.0,28504527.86632089,1922412.14298764,277122.618367776,56.13769565217391,240.58400676053643,2049.0,1337.0122941491184,3436.0560747663553,2.7691037542515424,5.4134499116361265,2.64271719882752,0.06919414465763932,23.79436807177149,23,0.10554924739692384,0.14702861990445149,0.7776887827083792,1.0,85.57993730407524,96.55172413793103,95.29780564263322,87.61755485893417,73.1974921630094,79.3103448275862,63.479623824451416,96.55172413793103,70.0626959247649,95.141065830721,64.1065830721003,83.38557993730407,85.16,84.38395415472779,3,1.0,ONGOING,,2026-05-09,DEEP_ITM,60.0,76.39
US.ALB,2026-05-09,3565625.0,1079200.0,4693,1531,6013,1202.6,68.4242,0.3805815798,24002060171.52,66.80101024321543,13.360202048643085,7.916185534570351,33.705882352941174,0.14982689780956995,0.5153634272105069,1319999.452130117,825220.622614683,30531.370805590002,68.4242,7.916185534570351,33.705882352941174,1043.2755685721982,1952.4222222222222,0.9114781558937427,1.3750908650351341,1.7826312656943095,0.044047619047619044,23.901405504131937,5,0.0,0.0,0.0,,63.793103448275865,70.84639498432603,50.470219435736674,50.15673981191222,63.322884012539184,41.692789968652036,76.64576802507837,70.84639498432603,53.91849529780565,78.84012539184953,28.605015673981192,26.332288401253916,53.66,84.38395415472779,3,1.0,ACTIVE,,2026-05-07,ATM,30.0,61.14
US.ALL,2026-05-09,304500.0,304500.0,300,300,317,317.0,25.134,-0.618771218,54869271229.5,12.626429650198945,12.626429650198945,0.9463722397476341,0.9463722397476341,0.04506534474988734,0.04506534474988734,188415.835881,82384.2907335,6668.4400755,25.134,0.9463722397476341,0.9463722397476341,1015.0,1015.0,0.0,0.0,0.2671653257925053,0.023809523809523808,24.728219306181323,1,0.0,0.0,0.0,,0.1567398119122257,17.55485893416928,16.144200626959247,9.717868338557993,25.391849529780565,11.128526645768025,13.322884012539186,17.55485893416928,38.557993730407524,1.8808777429467085,28.605015673981192,26.332288401253916,17.8,24.498567335243553,1,0.3333,N/A,,,,0.0,15.22
US.AMAT,2026-05-09,12631460.0,2232488.0,7954,1955,16059,1070.6,73.4072,0.22458249646666667,345569480486.48,202.066260619485,13.471084041299001,3.705153560669208,21.74074074074074,0.21155370231909895,1.8526046025816374,5727721.644848417,5653541.004271929,69674.50310170601,73.4072,3.705153560669208,21.74074074074074,1894.5243031388477,3829.310463121784,0.6137502200508552,1.708462383854531,3.948618469118213,0.08498246911952495,26.56845956120221,15,0.34616493378177576,0.170394349617422,0.0,,81.34796238244513,65.20376175548589,67.86833855799374,74.13793103448276,82.44514106583071,57.993730407523515,82.2884012539185,65.20376175548589,73.04075235109718,83.38557993730407,77.27272727272727,26.332288401253916,65.28,84.38395415472779,3,1.0,ONGOING,,2026-05-09,ATM,60.0,73.07
US.AMD,2026-05-09,1514964880.0,402244061.0,480768,35161,431669,1747.6477732793521,70.99992307692308,0.28325935020647774,742233104866.41,3591.3844314217404,14.540017940978705,33.88401239455437,1412.0,31845.782639264173,2883960.0,1065679638.6145054,622928970.4278249,4883855.167661661,70.99992307692308,33.88401239455437,1412.0,3271.638999424502,21452.728222996517,1.342238859548476,6.889593542807725,2.5608933010049064,0.061382423879614983,27.332929188279905,247,0.14225584371863562,0.42784422156817903,0.6201639459787345,0.0,98.27586206896551,94.98432601880877,98.43260188087774,99.84326018808778,99.52978056426332,97.64890282131663,80.40752351097179,94.98432601880877,96.86520376175548,96.23824451410658,65.67398119122258,79.78056426332289,92.04,84.38395415472779,3,1.0,ONGOING,,2026-05-09,DEEP_ITM,60.0,77.53
US.AMKR,2026-05-09,2080031.0,571210.0,1498,527,2203,550.75,82.202,0.42710295975,18989513603.98,52.62135025813384,13.15533756453346,1.5573703077583565,2.9808917197452227,0.3097894713654244,0.5845981669987012,1285085.199069433,286464.90639217896,23106.110829413,82.202,1.5573703077583565,2.9808917197452227,1626.9647612391145,2670.3084577114428,0.1303216086385444,0.30769230769230754,0.5210681896881386,0.012042214802000777,23.667152748224044,4,0.37858036175265325,0.45436893203883494,0.5207239699792936,0.0,56.112852664576806,36.677115987460816,54.075235109717866,49.3730407523511,45.141065830721004,34.639498432601876,87.3040752351097,36.677115987460816,63.16614420062696,38.4012539184953,78.52664576802508,76.95924764890282,55.29,58.73925501432665,2,0.6667,ONGOING,,2026-05-09,ATM,60.0,58.58
US.AMT,2026-05-09,861749.0,861749.0,2541,2541,492,492.0,29.157,-0.318506525,,13.666720484379113,13.666720484379113,5.164634146341464,5.164634146341464,0.09921952969600506,0.09921952969600506,274472.67941222497,181608.85351301,17927.44702644,29.157,5.164634146341464,5.164634146341464,339.13774104683193,339.13774104683193,0.4038306218991577,0.4038306218991577,0.333099892670978,0.023809523809523808,0.0,1,0.0,0.0,0.0,,21.15987460815047,45.141065830721004,28.213166144200624,18.181818181818183,37.61755485893417,28.056426332288403,19.59247648902821,45.141065830721004,14.263322884012538,44.357366771159874,28.605015673981192,26.332288401253916,29.77,24.498567335243553,1,0.3333,N/A,,,,0.0,17.21
US.AMZN,2026-05-09,96104639.0,5217030.0,217782,24083,856143,9205.838709677419,31.98031182795699,0.34183671522580644,2933248601008.48,1262.7159821721723,13.57759120615239,1.3791684476086759,24.92528735632184,0.015773852252718462,0.19784042260811796,55858178.04137395,23865533.29310625,2092604.54067514,31.98031182795699,1.3791684476086759,24.92528735632184,1290.6145585031286,6275.643598615917,0.25823283899638977,0.8640000000000001,1.4346157712648775,0.074369317537524,28.707131662307894,93,0.21287609648929073,0.43378562540735915,0.261610430688991,0.0,94.67084639498434,67.24137931034483,38.24451410658307,92.78996865203762,91.53605015673982,93.8871473354232,24.294670846394983,67.24137931034483,83.69905956112854,67.7115987460815,69.90595611285266,67.0846394984326,69.48,84.38395415472779,3,1.0,ACTIVE,,2026-05-07,ATM,30.0,63.77
US.ANET,2026-05-09,2144507.0,748596.0,1341,469,1880,470.0,53.04775,-0.262765704,178517151609.61,52.570450150434034,13.142612537608509,1.5604483559579514,4.338028169014085,0.20570712458079451,0.5620996913270552,1086440.357144396,606450.945293793,23248.185420329,53.04775,1.5604483559579514,4.338028169014085,1728.2029685089854,2982.4541832669324,0.12676339368939987,0.27473684210526317,0.33228623611995456,0.013101033811976992,25.9079505210044,4,6.046951041184029,3.2843450479233227,0.3490760347249974,0.0,55.956112852664575,41.84952978056427,52.97805642633229,45.76802507836991,57.36677115987461,34.95297805642633,58.777429467084644,41.84952978056427,65.98746081504702,36.05015673981191,97.96238244514106,70.84639498432603,55.6,84.38395415472779,3,1.0,ACTIVE,,2026-05-07,ATM,30.0,61.46
US.APH,2026-05-09,14166827.0,8241431.0,13965,5819,8622,958.0,49.401777777777774,-0.10258033699999997,157506915993.35,122.81712700219715,13.646347444688573,13.562948574103318,107.75925925925925,1.4486159126151295,11.920572724563977,7405246.095744564,3357323.627573567,198636.26320369702,49.401777777777774,13.562948574103318,107.75925925925925,994.6505591948218,1738.5044642857142,0.4780532229700265,1.557377049180328,0.741932841529631,0.02866377158829989,25.782735205323274,9,0.3023004770318622,0.5662853297442799,0.027488512424129977,0.0,75.86206896551724,78.0564263322884,81.34796238244513,77.27272727272727,78.21316614420063,75.70532915360502,51.88087774294671,78.0564263322884,50.78369905956113,80.87774294670847,74.92163009404389,53.44827586206896,71.46,24.498567335243553,1,0.3333,N/A,,,,0.0,24.16
US.APO,2026-05-09,1722775.0,835058.0,3314,2167,6976,2325.3333333333335,37.916,0.3520647393333333,76792132731.6,39.59618398881106,13.198727996270355,0.9286066760568786,2.3028692879914985,0.032678970906530165,0.06662278644212757,844754.7032810231,266213.719595221,34865.843643333006,37.916,0.9286066760568786,2.3028692879914985,648.9743125509581,972.0994575045208,0.29227106312909745,0.5225225225225224,0.4907502631488489,0.023809523809523808,25.064368033475265,3,0.9406804195481218,1.889276373147341,0.0,,47.492163009404386,32.758620689655174,21.316614420062695,41.06583072100313,44.20062695924764,44.20062695924764,35.10971786833856,32.758620689655174,36.677115987460816,53.29153605015674,89.81191222570533,26.332288401253916,37.8,58.73925501432665,2,0.6667,ONGOING,,2026-05-09,ATM,60.0,55.67
US.APP,2026-05-09,32861901.0,3788548.0,19550,5230,20644,711.8620689655172,66.16006896551724,0.27648163527586206,157404687000.0,396.31164539455017,13.665918806708627,3.233409549298556,30.53125,0.16370586526621647,2.0119397609646783,15023931.674340278,16159527.96639059,195698.448276871,66.16006896551724,3.233409549298556,30.53125,2147.2672693999325,7216.281904761905,0.625740174887589,2.93610774238846,3.0785495460859034,0.0800183533344465,25.782085950129318,29,0.13740004974366368,0.1020293122886133,0.0,,87.46081504702194,69.27899686520375,68.49529780564264,83.69905956112854,89.81191222570533,75.54858934169279,74.45141065830721,69.27899686520375,86.52037617554859,91.06583072100314,65.36050156739812,26.332288401253916,68.89,84.38395415472779,3,1.0,ACTIVE,,2026-05-08,ATM,30.0,63.67
US.ARES,2026-05-09,414236.0,414236.0,1609,1609,312,312.0,42.293,0.211664847,28471085687.5,12.934193552780693,12.934193552780693,5.157051282051282,5.157051282051282,0.10516273165778116,0.10516273165778116,87679.19956189199,66276.843295732,5130.9884789160005,42.293,5.157051282051282,5.157051282051282,257.4493474207582,257.4493474207582,0.07499999999999996,0.07499999999999996,0.3175318606125471,0.014084507042253521,24.072154871984143,1,0.0,0.0,0.0,,4.38871473354232,44.827586206896555,29.153605015673982,4.38871473354232,23.510971786833856,8.77742946708464,41.692789968652036,44.827586206896555,9.87460815047022,13.322884012539186,28.605015673981192,26.332288401253916,25.17,58.73925501432665,2,0.6667,ACTIVE,,2026-05-07,ATM,30.0,43.56
US.ARM,2026-05-09,23451931.0,2438354.0,29309,3695,46696,1506.3225806451612,73.235,0.2335393988064516,226919280000.0,414.3121448715128,13.364907899081059,1.4695253260972418,10.615023474178404,0.07626228081774745,0.5280275915245672,9776363.098858314,4725083.054830658,272518.647914303,73.235,1.4695253260972418,10.615023474178404,1244.471473983894,3558.2911392405063,0.4387895859791547,0.9990009990009989,2.9685128941470427,0.06869402800493428,26.147860196479773,31,0.19482653668024327,0.19623688829027386,0.05756758366720421,0.0,87.93103448275862,56.58307210031348,51.56739811912225,79.62382445141067,80.87774294670847,78.99686520376176,81.97492163009404,56.58307210031348,70.6896551724138,70.6896551724138,68.96551724137932,55.01567398119123,66.29,84.38395415472779,3,1.0,ACTIVE,,2026-05-07,ATM,30.0,63.24
US.ARWR,2026-05-09,367456.0,367456.0,436,436,1819,1819.0,63.103,0.619215519,10238896856.49,12.814361583986477,12.814361583986477,0.23969213853765806,0.23969213853765806,0.027790603321915512,0.027790603321915512,227534.45774966403,34102.20788816,9107.699376288,63.103,0.23969213853765806,0.23969213853765806,842.7889908256881,842.7889908256881,0.14079186841111221,0.14079186841111221,0.8147748586072908,0.023809523809523808,23.04945972199387,1,0.0,0.0,0.0,,2.664576802507837,2.507836990595611,10.9717868338558,13.322884012539186,13.636363636363635,15.047021943573668,70.84639498432603,2.507836990595611,33.85579937304075,22.884012539184955,28.605015673981192,26.332288401253916,17.0,24.498567335243553,1,0.3333,N/A,,,,0.0,15.08
US.ASML,2026-05-09,15547178.0,3459419.0,4612,761,6480,540.0,51.01333333333333,0.3388421206666667,613592631033.3,165.12311586786362,13.760259655655302,4.178116723959556,30.4,0.0793977394610788,0.4733005866760468,8676524.500093266,12048240.731514743,48574.477689385,51.01333333333333,4.178116723959556,30.4,3273.3441965928055,8694.384858044165,1.2919898637038265,2.564102564102564,3.554637000117673,0.1165674603174603,27.142597077530834,12,0.07457315459880527,0.18438623523369285,0.0,,79.15360501567397,69.12225705329153,49.3730407523511,78.84012539184953,89.0282131661442,50.626959247648905,55.01567398119123,69.12225705329153,89.0282131661442,89.81191222570533,61.75548589341693,26.332288401253916,62.49,84.38395415472779,3,1.0,ACTIVE,,2026-05-07,ATM,30.0,62.61
US.AVGO,2026-05-09,114022500.0,6119246.0,97025,14283,219882,2243.6938775510203,47.22955102040817,0.2756262269285714,2035907319120.0,1342.6963248515387,13.700982906648354,4.773775600314446,248.0,17997.62795830949,1763760.0,56842293.911530346,49644558.673679665,1057480.0833335281,47.22955102040817,4.773775600314446,248.0,1996.613634585181,7425.295719844358,0.9179097603513862,6.715880446525027,1.9020167856292916,0.07492722673922561,28.341962692520298,98,0.2405068681307772,0.24330454394013173,0.0893364818347256,1.0,94.98432601880877,83.5423197492163,95.92476489028213,92.94670846394985,94.67084639498434,90.59561128526646,49.3730407523511,83.5423197492163,86.83385579937304,96.08150470219435,71.9435736677116,57.05329153605015,82.54,84.38395415472779,3,1.0,ONGOING,,2026-05-09,ATM,60.0,75.95
US.AXP,2026-05-09,1459323.0,613974.0,2867,2045,2149,716.3333333333334,28.33866666666667,0.17849692000000003,215635625781.29,39.2266893423652,13.075563114121733,5.464448590381426,15.261194029850746,0.05239789532185021,0.1096362946839073,499889.17766015,668676.172618812,21521.197979339,28.33866666666667,5.464448590381426,15.261194029850746,917.9599125914036,1416.5836431226767,0.1361244994470221,0.29411764705882354,0.7802097501097506,0.048849064536472565,26.096855902508196,3,0.7262964763665658,0.23898012100259292,0.0,,47.17868338557994,60.658307210031346,29.62382445141066,30.250783699059564,59.71786833855799,32.288401253918494,17.711598746081506,60.658307210031346,45.61128526645768,37.30407523510972,86.52037617554859,26.332288401253916,43.3,58.73925501432665,2,0.6667,ONGOING,,2026-05-09,DEEP_OTM,60.0,56.59
US.BA,2026-05-09,22508381.0,2227451.0,36749,4805,128353,4011.03125,34.4616875,0.35231224525,187111441286.16,425.5698946336179,13.299059207300559,1.1692380026827505,18.34090909090909,0.0409060602981815,0.5574696966390488,11680564.819064274,5842171.037348313,398738.002734119,34.4616875,1.1692380026827505,18.34090909090909,931.7120058399347,2461.3521739130433,0.5465815747520492,1.595931252192213,1.1353059442110327,0.05262545291665424,25.95497021900974,32,0.15826680153134812,0.10506690723199519,0.13291226943421652,0.0,88.40125391849529,63.322884012539184,52.66457680250783,81.81818181818183,82.9153605015674,83.22884012539184,29.93730407523511,63.322884012539184,60.03134796238244,81.6614420062696,66.30094043887146,59.56112852664577,66.15,84.38395415472779,3,1.0,ONGOING,,2026-05-09,ATM,60.0,73.22
US.BABA,2026-05-09,19571146.0,2686751.0,42459,6668,244897,9795.88,57.4494,0.24122370408000002,336010766944.58,334.7691988262808,13.390767953051231,0.32314500356550313,1.6774193548387097,0.011250157507000702,0.05395527492825655,8283670.823668502,2308322.311153319,443045.14365804096,57.4494,0.32314500356550313,1.6774193548387097,595.6990495058718,1543.9260869565217,0.342680298081953,0.5065508836075564,2.5146789717595244,0.06731486230130929,26.540409040877094,25,0.2063805100761393,0.18395516145223356,0.018144210870431398,0.0,86.67711598746082,30.094043887147336,17.55485893416928,78.52664576802508,75.07836990595611,84.48275862068965,65.04702194357367,30.094043887147336,48.43260188087774,52.03761755485894,69.43573667711598,52.82131661442007,52.27,84.38395415472779,3,1.0,ACTIVE,,2026-05-07,ATM,30.0,60.9
US.BAC,2026-05-09,14062000.0,2286743.0,168158,42884,249797,17842.64285714286,24.583928571428572,-0.06116336728571429,364126066302.81,190.1539284813563,13.582423462954022,14.993517363748605,181.93548387096774,0.19944137163965955,2.0924676696361773,4662207.286502594,470816.725895776,978132.2319587261,24.583928571428572,14.993517363748605,181.93548387096774,299.34142700618,1160.0,1.073522135907192,2.8695652173913038,1.0033096303776694,0.0649033981191103,26.62076598062216,14,0.7418801652841376,5.415550722978902,0.44409479448158157,0.0,80.56426332288402,81.6614420062696,69.27899686520375,71.47335423197492,53.29153605015674,90.28213166144201,12.695924764890282,81.6614420062696,41.06583072100313,90.75235109717869,86.67711598746082,73.66771159874608,71.09,84.38395415472779,3,1.0,ONGOING,,2026-05-09,ATM,60.0,74.04
US.BIDU,2026-05-09,7431197.0,3392147.0,12686,4979,26689,3812.714285714286,60.17171428571429,0.4627638714285714,47992637551.95,94.80055148487104,13.542935926410149,0.5522303077026488,1.60719131614654,0.026281138241109055,0.08192791484028687,3674976.168437535,750253.580324259,204670.78194186502,60.17171428571429,0.5522303077026488,1.60719131614654,830.9687939833223,1279.6267409470752,0.9964417424990757,2.0930354246245617,2.356973688773433,0.06578758263868928,24.594313451776184,7,0.0,0.0,0.0,,71.9435736677116,28.84012539184953,24.921630094043888,67.39811912225704,62.539184952978054,75.86206896551724,68.02507836990596,28.84012539184953,43.103448275862064,86.20689655172413,28.605015673981192,26.332288401253916,44.01,84.38395415472779,3,1.0,ONGOING,,2026-05-09,ATM,60.0,69.53
US.BIIB,2026-05-09,3314297.0,1709450.0,1064,532,570,285.0,19.51,0.46966509,28560400283.65,28.64022243031053,14.320111215155265,7.5,14.0,1.2406863792979477,2.325434288745902,1605737.976201,133073.4617832,8124.1542872,19.51,7.5,14.0,3114.940789473684,3213.251879699248,0.014226096345210468,0.016922541765773194,0.3310651563162528,0.0744047619047619,24.075286989888554,2,0.0,0.0,1.0,1.0,43.73040752351097,59.87460815047022,70.21943573667711,54.54545454545454,32.9153605015674,13.479623824451412,7.993730407523511,59.87460815047022,67.55485893416929,5.329153605015674,28.605015673981192,94.35736677115987,55.26,24.498567335243553,1,0.3333,N/A,,,,0.0,21.46
US.BKNG,2026-05-09,2890996.0,1103135.0,3660,1284,1465,488.3333333333333,39.516,-0.5042365093333333,128575578885.48,41.28927795590417,13.763092651968057,394.1389020243644,1179.0,22.209346637771137,66.48195021997228,1477159.7971196899,659414.613855061,51195.714800812,39.516,394.1389020243644,1179.0,795.8442357518808,935.6530958439355,0.3425018863049134,0.48912536171007176,0.4242847963299881,0.02253968253968254,25.57978273092259,3,0.0,0.0,0.0,,50.94043887147336,94.20062695924764,85.8934169278997,51.88087774294671,59.24764890282132,52.19435736677116,37.93103448275862,94.20062695924764,36.05015673981191,50.313479623824456,28.605015673981192,26.332288401253916,59.38,58.73925501432665,2,0.6667,ACTIVE,,2026-05-07,ATM,30.0,49.27
US.BLK,2026-05-09,1941894.0,1151242.0,422,216,279,139.5,25.825,0.7533061335,168402488286.87,27.53696725147641,13.768483625738204,7.764690026954177,14.714285714285714,0.3927581458910687,0.7580134346263602,1438284.087141094,1794330.8090331082,9673.860101312,25.825,7.764690026954177,14.714285714285714,4624.489661992089,5588.553398058252,0.07844492314989202,0.08170248424433943,1.2591428533436695,0.0744047619047619,25.84962271470171,2,0.0,0.0,0.0,,40.12539184952978,60.3448275862069,57.52351097178683,51.2539184952978,72.25705329153605,16.144200626959247,14.890282131661442,60.3448275862069,81.50470219435736,14.106583072100312,28.605015673981192,26.332288401253916,46.52,24.498567335243553,1,0.3333,N/A,,,,0.0,20.0
US.BRK.B,2026-05-09,1562306.0,448427.0,4934,1549,19082,4770.5,14.88475,0.38990894025,1026533177001.38,51.45242495588561,12.863106238971403,1.303255640007873,4.529239766081871,0.006261421253298758,0.018577455952357255,642955.082487053,431872.579472034,46342.126422115005,14.88475,1.303255640007873,4.529239766081871,393.30870193318947,805.0754039497307,0.4530835032349643,0.6321839080459769,0.9360242661090963,0.09970238095238096,27.657208393391997,4,0.0,0.0,0.0,,55.64263322884012,42.78996865203762,7.366771159874608,35.42319749216301,51.724137931034484,49.52978056426332,5.329153605015674,42.78996865203762,32.288401253918494,59.56112852664577,28.605015673981192,26.332288401253916,33.55,84.38395415472779,3,1.0,ONGOING,,2026-05-09,ATM,60.0,67.78
US.BSX,2026-05-09,14295043.0,4997880.0,79890,38713,10980,2196.0,64.7476,-0.48746767,80159134803.47,72.87967153687488,14.575934307374975,18.703118368832502,75.64891518737673,0.5756740373847882,1.1357042353377471,9136596.28317033,610394.238310254,190209.202334093,64.7476,18.703118368832502,75.64891518737673,1936.7721563804905,5099.877551020408,0.20848955502154348,0.48240635641316687,0.5467768456586937,0.017270788912579958,25.107279680867308,5,1.5828553845642377,0.03663046440110553,0.6128315948402534,0.0,66.4576802507837,75.70532915360502,61.442006269592476,79.3103448275862,57.68025078369906,74.92163009404389,72.5705329153605,75.70532915360502,80.56426332288402,49.52978056426332,93.57366771159874,79.3103448275862,72.9,58.73925501432665,2,0.6667,ACTIVE,,2026-05-08,DEEP_ITM,30.0,51.52
US.BWA,2026-05-09,390807.0,390807.0,2217,2217,11780,11780.0,32.435,0.699426004,12577648182.12,12.875971669770308,12.875971669770308,0.18820033955857385,0.18820033955857385,0.005410219649875905,0.005410219649875905,273340.578345228,11540.898850194,49402.92115206,32.435,0.18820033955857385,0.18820033955857385,176.27740189445197,176.27740189445197,1.7140408513069563,1.7140408513069563,2.526859861090784,0.125,23.255187121864,1,0.0,0.0,0.0,,3.918495297805643,1.8808777429467085,0.7836990595611284,17.86833855799373,6.896551724137931,51.2539184952978,25.235109717868337,1.8808777429467085,6.269592476489027,83.5423197492163,28.605015673981192,26.332288401253916,15.17,58.73925501432665,2,0.6667,ACTIVE,,2026-05-07,DEEP_OTM,30.0,41.9
US.BX,2026-05-09,351340.0,351340.0,411,411,1007,1007.0,39.219,0.630170784,96934561147.7,12.769512540809124,12.769512540809124,0.40814299900695133,0.40814299900695133,0.028189198997178914,0.028189198997178914,221404.20325056,54984.92220936,8157.5797091800005,39.219,0.40814299900695133,0.40814299900695133,854.8418491484185,854.8418491484185,0.12519718556726833,0.12519718556726833,0.5259861808584458,0.023809523809523808,25.29730196045339,1,0.0,0.0,0.0,,1.7241379310344827,6.583072100313479,11.285266457680251,12.539184952978054,19.905956112852667,13.636363636363635,37.30407523510972,6.583072100313479,34.326018808777434,21.003134796238246,28.605015673981192,26.332288401253916,16.42,58.73925501432665,2,0.6667,ACTIVE,,2026-05-08,DEEP_ITM,30.0,42.11
US.C,2026-05-09,9996275.0,2229147.0,46510,10742,78325,5221.666666666667,35.21093333333333,0.10295926559999999,214135186700.25,198.25925925355267,13.217283950236844,358.289961140692,5344.0,2.587703583708019,37.84699322978893,3802692.804938748,1149237.089459573,323972.30221391,35.21093333333333,358.289961140692,5344.0,518.4008109467221,2970.1937984496126,0.7610835610689627,1.6085409252669038,1.3086803327499144,0.058923252060733664,26.08987336607849,15,0.8114999172742134,1.382440323737322,0.07665955568449247,0.0,81.03448275862068,98.43260188087774,84.95297805642633,67.86833855799374,66.92789968652038,81.19122257053291,31.504702194357364,98.43260188087774,65.67398119122258,81.97492163009404,88.55799373040753,56.26959247648903,76.7,84.38395415472779,3,1.0,ONGOING,,2026-05-09,ATM,60.0,74.98
US.CAH,2026-05-09,361267.0,361267.0,1151,1151,1073,1073.0,23.497,-0.576144711,43011905270.75,12.797375344157075,12.797375344157075,1.0726933830382106,1.0726933830382106,0.018333173057771008,0.018333173057771008,208142.07130883698,35811.064634769995,23909.361394722997,23.497,1.0726933830382106,1.0726933830382106,313.87228496959165,313.87228496959165,0.5968090211132437,0.5968090211132437,1.6556656956160278,0.125,24.484742781104323,1,0.0,0.0,0.0,,2.3510971786833856,22.727272727272727,7.210031347962382,10.658307210031348,13.94984326018809,35.893416927899686,11.128526645768025,22.727272727272727,12.852664576802509,57.83699059561128,28.605015673981192,26.332288401253916,18.36,58.73925501432665,2,0.6667,ACTIVE,,2026-05-08,ATM,30.0,42.43
US.CAR,2026-05-09,4560918.0,1236895.0,3547,1581,13084,1869.142857142857,47.47571428571428,-0.4136457,5148616709.5,93.070736367477,13.295819481068142,0.4667043874174998,1.3658536585365855,0.0680326365061248,0.3150663096682425,1901723.336408221,341642.292036054,64597.948925135,47.47571428571428,0.4667043874174998,1.3658536585365855,1663.8980794248369,3362.066964285714,0.5659526017623961,1.202058525224447,1.8420690647469222,0.07639146567717996,22.36199391563973,7,0.0,0.0,0.471720824623464,0.0,71.63009404388715,25.862068965517242,43.260188087774296,57.83699059561128,48.90282131661442,56.42633228840125,49.843260188087775,25.862068965517242,69.59247648902821,75.86206896551724,28.605015673981192,74.92163009404389,51.22,84.38395415472779,3,1.0,ACTIVE,,2026-05-08,DEEP_ITM,30.0,60.73
US.CAT,2026-05-09,3044901.0,1287327.0,1112,548,930,310.0,39.35033333333333,-0.37371039300000003,413358275143.35,41.28042471512334,13.760141571707779,1.2006640848370786,1.2840909090909092,0.04514402794504046,0.07704563181539614,1096804.101949723,4319186.130470253,9647.943355107,39.35033333333333,1.2006640848370786,1.2840909090909092,3393.3071409223776,5384.712389380531,0.1643293766063872,0.3744522487235888,1.031808400796203,0.048849064536472565,26.747580548147983,3,0.0,0.0,0.0,,50.78369905956113,24.76489028213166,24.294670846394983,46.08150470219436,80.09404388714734,15.987460815047022,37.460815047021946,24.76489028213166,81.03448275862068,42.31974921630094,28.605015673981192,26.332288401253916,36.88,84.38395415472779,3,1.0,ACTIVE,,2026-05-07,DEEP_ITM,30.0,58.34
US.CAVA,2026-05-09,934814.0,604785.0,4206,2152,134,67.0,54.8715,0.07773783950000002,9243143210.2,26.01956879383298,13.00978439691649,545.780303030303,1076.0,10.67986174719487,20.782682619647353,397298.551123811,39523.040368236005,59418.618134471,54.8715,545.780303030303,1076.0,223.90087593163037,294.44255111976634,0.8784372540187966,1.5836705965159246,4.070558567927993,0.125,22.947147839126114,2,0.5456964045073869,1.0477117818889972,0.0,,31.974921630094045,93.8871473354232,83.38557993730407,25.07836990595611,15.360501567398119,54.858934169278996,61.442006269592476,93.8871473354232,11.598746081504702,81.50470219435736,83.22884012539184,26.332288401253916,56.17,24.498567335243553,1,0.3333,N/A,,,,0.0,21.61
US.CBOE,2026-05-09,695164.0,695164.0,689,689,15,15.0,25.574,0.877334106,36478122951.04,13.45190450644156,13.45190450644156,45.93333333333333,45.93333333333333,1.3295922270675542,1.3295922270675542,609891.086463384,67885.2671904,11481.646313947998,25.574,45.93333333333333,45.93333333333333,1008.9462989840348,1008.9462989840348,0.8568743435236884,0.8568743435236884,2.119368523024241,0.125,24.31997854666316,1,0.0,0.0,0.0,,16.4576802507837,72.5705329153605,63.793103448275865,34.326018808777434,23.667711598746084,20.37617554858934,14.106583072100312,72.5705329153605,38.087774294670844,67.24137931034483,28.605015673981192,26.332288401253916,42.59,58.73925501432665,2,0.6667,ONGOING,,2026-05-09,ATM,60.0,56.47
US.CCL,2026-05-09,4891903.0,3133860.0,34118,15286,16388,4097.0,55.51125,-0.2503549865,37671058096.62,54.747312051519,13.68682801287975,5.494012058510044,15.689895470383275,0.33493481262211844,0.9885286868681532,1707928.8682393818,224542.02559204402,317879.500608016,55.51125,5.494012058510044,15.689895470383275,128.93573797312072,205.01504644772996,0.28013658436370337,0.6411430664956951,1.413045166330918,0.04525748805752684,24.352157946857425,4,8.610565938394501,4.628175519630485,0.0,,59.40438871473355,61.28526645768025,60.18808777429467,55.79937304075236,41.692789968652036,80.87774294670847,63.00940438871473,61.28526645768025,7.366771159874608,60.50156739811913,99.21630094043887,26.332288401253916,54.05,58.73925501432665,2,0.6667,ACTIVE,,2026-05-08,DEEP_OTM,30.0,48.38
US.CEG,2026-05-09,6376516.0,1368431.0,5948,1358,15256,1386.909090909091,59.388909090909095,-0.14208146254545453,110003531259.36,145.11918597554174,13.192653270503795,3.0243026787413867,9.016949152542374,0.10356556874928441,0.30009280863939497,2465071.682201133,2272735.282113886,57551.559672607,59.388909090909095,3.0243026787413867,9.016949152542374,1455.365414735228,2754.655172413793,0.35097033854080856,0.7130872483221478,2.507790574279369,0.06360618006493837,25.423778304590467,11,1.9746373904427448,2.2789415656008822,0.0,,77.27272727272727,53.91849529780565,42.63322884012539,61.75548589341693,74.92163009404389,54.38871473354232,66.77115987460816,53.91849529780565,64.26332288401254,62.695924764890286,94.35736677115987,26.332288401253916,56.11,84.38395415472779,3,1.0,ONGOING,,2026-05-09,ATM,60.0,71.54
US.CELH,2026-05-09,3055251.0,1100243.0,25951,13466,33041,8260.25,63.36425,0.3651060885,8254627224.4,53.94121896716914,13.485304741792286,1.0553576020563096,1.7347368421052631,0.09500782581236503,0.26981402096135354,1015166.6840884159,126588.529480081,176959.133601344,63.36425,1.0553576020563096,1.7347368421052631,242.30320016134505,502.2257281553398,0.7091166689836148,1.1986754966887418,1.572988849599575,0.042266717589487544,22.834039755867014,4,0.0,0.0,0.0,,57.993730407523515,30.56426332288401,41.53605015673981,44.357366771159874,31.974921630094045,73.66771159874608,71.15987460815047,30.56426332288401,20.06269592476489,75.70532915360502,28.605015673981192,26.332288401253916,40.03,84.38395415472779,3,1.0,ACTIVE,,2026-05-07,DEEP_OTM,30.0,58.86
US.CENX,2026-05-09,376233.0,376233.0,626,626,757,757.0,72.639,-0.476516539,5830561108.77,12.837966569224069,12.837966569224069,0.8269484808454426,0.8269484808454426,0.08436687897060806,0.08436687897060806,179281.247017587,29339.915740278,10571.359091865,72.639,0.8269484808454426,0.8269484808454426,601.0111821086261,601.0111821086261,0.048275862068965406,0.048275862068965406,0.8668293953867033,0.024390243902439025,22.486379077921104,1,0.0,0.0,0.0,,3.1347962382445136,15.203761755485893,25.235109717868337,8.934169278996865,12.225705329153605,18.495297805642632,81.19122257053291,15.203761755485893,23.667711598746084,9.247648902821316,28.605015673981192,26.332288401253916,21.03,24.498567335243553,1,0.3333,N/A,,,,0.0,15.75
US.CF,2026-05-09,340091.0,340091.0,522,522,1189,1189.0,47.143,0.435040284,17670439095.48,12.736971448225244,12.736971448225244,0.43902439024390244,0.43902439024390244,0.024867946321252648,0.024867946321252648,147953.285225844,51575.329331595996,7370.928619490999,47.143,0.43902439024390244,0.43902439024390244,651.5153256704981,651.5153256704981,0.24836601307189546,0.24836601307189546,0.6083821850136506,0.023809523809523808,23.59515897279835,1,0.0,0.0,0.0,,1.5673981191222568,7.836990595611286,10.18808777429467,7.523510971786834,19.122257053291534,12.38244514106583,49.21630094043887,7.836990595611286,25.862068965517242,34.639498432601876,28.605015673981192,26.332288401253916,16.42,58.73925501432665,2,0.6667,ACTIVE,,2026-05-07,ATM,30.0,42.11
US.CLSK,2026-05-09,1433417.0,585657.0,13146,8694,29326,9775.333333333334,104.94066666666667,0.5208985890000001,3631691364.6,39.19490216648847,13.064967388829489,0.6705522489742998,1.4673417721518986,0.054462628769899844,0.07852029127042773,741157.383881527,26536.240575605003,155115.945987451,104.94066666666667,0.6705522489742998,1.4673417721518986,164.7823880290878,283.45509383378015,0.39044819070529063,0.6040268456375838,4.1025416476169525,0.05825539458402102,22.01296431764304,3,0.0,0.0,0.0,,47.02194357366771,26.959247648902824,24.608150470219435,38.557993730407524,11.442006269592477,71.31661442006269,94.20062695924764,26.959247648902824,11.285266457680251,58.15047021943573,28.605015673981192,26.332288401253916,33.91,24.498567335243553,1,0.3333,N/A,,,,0.0,17.9
US.CLX,2026-05-09,1805192.0,827151.0,7065,2691,18302,6100.666666666667,33.409,0.341339793,11144111708.16,39.68490019013546,13.228300063378486,0.402382267272485,0.5031787584143605,0.010900488409980091,0.0167822789087821,656245.756092257,229072.446486044,59670.253126127005,33.409,0.402382267272485,0.5031787584143605,247.31636248936533,307.3768115942029,0.36041235892795015,0.46875,0.3772921267876909,0.020567851553767048,23.13417709752658,3,0.0,0.0,0.0,,47.96238244514107,9.090909090909092,6.896551724137931,36.05015673981191,42.16300940438871,55.01567398119123,27.586206896551722,9.090909090909092,12.225705329153605,48.90282131661442,28.605015673981192,26.332288401253916,24.97,84.38395415472779,3,1.0,ACTIVE,,2026-05-07,DEEP_OTM,30.0,56.35
US.CME,2026-05-09,956450.0,602400.0,401,201,723,361.5,23.4015,-0.6334760595,101913566343.75,26.085874865028757,13.042937432514378,0.5575050756736804,0.5982142857142857,0.04640550018456995,0.05534539190353144,630448.65760005,561710.7405828999,9769.41148445,23.4015,0.5575050756736804,0.5982142857142857,2386.7213930348257,3012.0,0.02634819884896859,0.05269639769793718,0.0661336857201078,0.007462686567164179,25.347390902216894,2,0.0,0.0,0.6298290553609702,0.0,32.13166144200627,10.658307210031348,18.495297805642632,34.95297805642633,55.956112852664575,16.4576802507837,10.9717868338558,10.658307210031348,66.30094043887146,9.561128526645767,28.605015673981192,80.09404388714734,33.85,24.498567335243553,1,0.3333,N/A,,,,0.0,17.89
US.CNC,2026-05-09,602739.0,602739.0,905,905,3233,3233.0,42.3,0.814484278,27632880120.0,13.309241205279495,13.309241205279495,0.2799257655428395,0.2799257655428395,0.033315465268705255,0.033315465268705255,490921.439237442,30204.363343455003,20327.085871236,42.3,0.2799257655428395,0.2799257655428395,666.0099447513812,666.0099447513812,0.22920009168003672,0.22920009168003672,0.5947871805558146,0.023809523809523808,24.042272209356224,1,0.0,0.0,1.0,0.0,10.815047021943574,3.761755485893417,13.009404388714735,29.46708463949843,12.38244514106583,30.56426332288401,41.84952978056427,3.761755485893417,26.489028213166144,32.445141065830725,28.605015673981192,94.35736677115987,29.13,24.498567335243553,1,0.3333,N/A,,,,0.0,17.1
US.CNS,2026-05-09,358000.0,358000.0,500,500,4,4.0,0.0,0.0,3740271965.32,12.788291058675025,12.788291058675025,125.0,125.0,12.300714678394721,12.300714678394721,0.0,0.0,0.0,0.0,125.0,125.0,716.0,716.0,0.0,0.0,0.0,0.14285714285714285,22.042424163996387,1,0.0,0.0,1.0,0.0,2.19435736677116,79.2319749216301,81.50470219435736,1.8025078369905956,1.8025078369905956,1.8025078369905956,1.8025078369905956,79.2319749216301,28.683385579937305,1.8808777429467085,28.605015673981192,94.35736677115987,47.34,24.498567335243553,1,0.3333,N/A,,,,0.0,20.14
US.COF,2026-05-09,1555398.0,877639.0,859,437,351,175.5,16.99,-0.411145703,117912036522.84,27.11154028771101,13.555770143855504,211.62428571428572,422.0,17.95087977622968,35.76942157483639,557315.4010391539,79438.838548069,12087.053697668001,16.99,211.62428571428572,422.0,1807.1956060819678,2008.3272311212816,0.05946684051855216,0.060212799115934405,0.3528732798830415,0.08522727272727273,25.49320473023589,2,0.0,0.0,1.0,1.0,38.087774294670844,87.7742946708464,84.48275862068965,32.13166144200627,24.921630094043888,21.316614420062695,6.112852664576803,87.7742946708464,54.2319749216301,10.9717868338558,28.605015673981192,94.35736677115987,59.93,24.498567335243553,1,0.3333,N/A,,,,0.0,22.24
US.COHR,2026-05-09,9605270.0,1441237.0,7068,1353,3957,304.38461538461536,87.56123076923078,-0.148616463,65590038758.46,174.14306491616577,13.395620378166598,4.565218108188697,16.705882352941178,0.22574849294081392,0.8571761882983024,3161914.587927532,3163241.94083332,59356.814189371,87.56123076923078,4.565218108188697,16.705882352941178,1678.9324699162107,4709.924836601307,0.5502003482126077,1.721924007999158,4.561649037749036,0.08950004765947822,24.90668967318739,13,6.304232305319735,3.96,0.0,,79.62382445141067,62.225705329153605,58.777429467084644,65.51724137931035,77.4294670846395,54.70219435736677,90.12539184952978,62.225705329153605,78.68338557993731,83.69905956112854,98.27586206896551,26.332288401253916,63.88,84.38395415472779,3,1.0,ACTIVE,,2026-05-08,ATM,30.0,62.84
US.COIN,2026-05-09,62783460.0,8560789.0,122646,19608,126882,2643.375,70.37816666666667,0.20654038070833333,52997767688.56,657.9128097242077,13.706516869254328,2.5717417385054477,39.192546583850934,0.0888882849366489,1.179508296325755,29184196.679848194,8316960.739813511,901151.88163055,70.37816666666667,2.5717417385054477,39.192546583850934,1131.5830862076239,7879.811808118081,0.6938702856380478,1.051383399209486,3.0852850107621976,0.07502433063695686,24.693515630546596,48,0.2974077143562403,0.21946029789011076,0.06637314987100106,0.0,90.75235109717869,71.31661442006269,61.91222570532915,87.93103448275862,86.05015673981191,89.81191222570533,79.3103448275862,71.31661442006269,88.08777429467085,71.9435736677116,74.76489028213166,55.4858934169279,74.17,84.38395415472779,3,1.0,ACTIVE,,2026-05-08,ATM,30.0,64.55
US.COP,2026-05-09,80495164.0,11846088.0,37086,5963,18177,826.2272727272727,25.74922727272727,0.33299791663636363,138727138577.09,323.6899213371734,14.713178242598792,7.282765130735668,12.25,1.6825261664873026,3.7114692192851497,30346448.272904426,414168.14116648503,147645.883066627,25.74922727272727,7.282765130735668,12.25,2382.192012221515,3957.0833333333335,0.04468607712107622,0.1804347826086957,1.6061278770481722,0.07900432900432901,25.655774808992625,22,0.0,0.0,0.9897071953291504,1.0,86.36363636363636,57.83699059561128,74.45141065830721,88.55799373040753,50.94043887147336,69.90595611285266,14.576802507836991,57.83699059561128,73.82445141065831,26.959247648902824,28.605015673981192,87.93103448275862,66.58,84.38395415472779,3,1.0,ONGOING,,2026-05-09,DEEP_ITM,60.0,73.29
US.COR,2026-05-09,433351.0,433351.0,823,823,832,832.0,21.121,0.57167156,50796001544.8,12.97930560975895,12.97930560975895,0.9891826923076923,0.9891826923076923,0.019949998747804974,0.019949998747804974,247734.44219755998,61270.922399872,22353.225686664002,21.121,0.9891826923076923,0.9891826923076923,526.55042527339,526.55042527339,0.8147142328107639,0.8147142328107639,1.6807220595437802,0.125,24.651083478704727,1,0.0,0.0,0.0,,5.4858934169279,20.06269592476489,8.463949843260188,15.203761755485893,21.473354231974923,33.22884012539185,8.934169278996865,20.06269592476489,21.003134796238246,65.98746081504702,28.605015673981192,26.332288401253916,19.64,24.498567335243553,1,0.3333,N/A,,,,0.0,15.52
US.CRCL,2026-05-09,25758294.0,2947803.0,47690,5598,82600,2429.4117647058824,113.10158823529412,0.16427825429411763,28100408441.4,453.30814881433156,13.332592612186222,2.3038410309053674,20.205882352941178,0.16349883662585968,1.5301077939753363,11595090.600992575,2203446.986276424,417261.920941134,113.10158823529412,2.3038410309053674,20.205882352941178,859.2129294327174,2582.542600896861,0.2828139514572692,0.5667883808381928,6.4948810056525685,0.092236863719086,24.0590499484972,34,0.41437635269678375,0.332048488911234,0.06405257273637766,0.0,88.71473354231975,63.94984326018809,65.04702194357367,81.6614420062696,74.76489028213166,84.01253918495298,95.45454545454545,63.94984326018809,61.59874608150471,55.956112852664575,79.62382445141067,55.32915360501567,70.35,24.498567335243553,1,0.3333,N/A,,,,0.0,23.97
US.CRM,2026-05-09,22445976.0,7620290.0,20354,5150,51872,3242.0,54.0245,0.060702570375,148738531734.08,216.64503367498264,13.540314604686415,0.8818509305049578,2.769018743109151,0.10413961460152892,0.5398615692557934,11142471.48805834,5273791.463789667,254758.52949882502,54.0245,0.8818509305049578,2.769018743109151,1419.4144296072711,4888.25,0.19205550213092154,1.0931174089068825,1.860740069546095,0.05902205692317632,25.725455780820685,16,4.143266452008502,1.9618742724097789,0.16879029898276646,0.0,82.13166144200626,35.26645768025078,51.88087774294671,81.03448275862068,81.81818181818183,78.36990595611285,60.9717868338558,35.26645768025078,79.62382445141067,73.35423197492163,96.08150470219435,61.442006269592476,63.68,84.38395415472779,3,1.0,ONGOING,,2026-05-09,ATM,60.0,72.81
US.CRWD,2026-05-09,11751663.0,1559002.0,5386,693,12956,925.4285714285714,49.67357142857143,0.5434226875,134336739688.17,189.68569307122132,13.548978076515809,1.7573761194582656,7.641025641025641,0.07143376305053,0.543474405857641,7006369.885977432,5978960.122340032,72137.80087186,49.67357142857143,1.7573761194582656,7.641025641025641,2361.073812794048,4168.454545454545,0.9438609662900272,1.600277104260478,1.9758890878999031,0.069485317638027,25.623615467391108,14,0.03293824422007806,0.11580691941164284,0.0,,80.40752351097179,52.03761755485894,52.03761755485894,76.48902821316614,83.07210031347962,58.620689655172406,52.66457680250783,52.03761755485894,74.92163009404389,81.81818181818183,58.46394984326019,26.332288401253916,57.82,84.38395415472779,3,1.0,ACTIVE,,2026-05-08,ATM,30.0,61.83
US.CRWV,2026-05-09,121227241.0,15772277.0,194096,23478,499895,5680.625,87.88944318181818,0.15435207594318182,61979688985.8,1202.484421656877,13.664595700646329,12.9178983545073,769.0,0.9952849483823981,59.27954445904511,54658335.35712208,16859237.861738306,1626796.015247267,87.88944318181818,12.9178983545073,769.0,1003.4085585227701,3010.3093220338983,0.3837501278093148,1.0751265341228624,2.9680054733862264,0.05615206792653,24.85007257133279,88,0.39678221432108934,0.778918329377045,0.11729762949896715,1.0,94.04388714733543,91.69278996865204,85.73667711598746,92.31974921630093,90.12539184952978,92.6332288401254,90.28213166144201,91.69278996865204,66.14420062695925,73.04075235109718,79.15360501567397,58.777429467084644,83.13,24.498567335243553,1,0.3333,N/A,,,,0.0,26.1
US.CSCO,2026-05-09,16842449.0,2085343.0,42865,8567,121846,6092.3,51.82695,0.4732624403,381441171065.94,269.90934606705,13.495467303352502,10.968011105753067,129.66666666666666,0.35214131246072344,3.519807985325227,9255546.075549355,1673474.512621655,541388.25435116,51.82695,10.968011105753067,129.66666666666666,556.8440102396579,1864.0615384615385,0.9516833036133052,2.8285714285714287,2.5338052620525966,0.06428602710792117,26.667222471499592,20,0.04630317929276959,0.11505644867592738,0.05755172540525431,0.0,83.85579937304075,79.62382445141067,73.51097178683386,79.46708463949844,71.00313479623824,85.73667711598746,56.739811912225704,79.62382445141067,52.82131661442007,90.59561128526646,59.09090909090909,54.858934169278996,71.49,58.73925501432665,2,0.6667,ONGOING,,2026-05-09,ATM,60.0,61.28
US.CVNA,2026-05-09,8225117.0,3556882.0,43842,16605,0,0.0,64.84311111111111,0.32337873911111115,55827516726.9,120.70004486159372,13.411116095732636,4871.333333333333,16605.0,913901.8888888889,3556882.0,4035988.837249352,441363.567235652,336441.359749961,64.84311111111111,4871.333333333333,16605.0,544.7788976244285,1561.8905472636816,0.7029003434732369,1.6463414634146343,2.97336339636288,0.07686441075480899,24.745532716108755,9,0.2000292671667763,0.6789981617647058,0.0,,75.54858934169279,99.84326018808778,98.90282131661442,69.43573667711598,52.03761755485894,81.81818181818183,72.88401253918495,99.84326018808778,48.7460815047022,82.44514106583071,69.12225705329153,26.332288401253916,73.19,84.38395415472779,3,1.0,ACTIVE,,2026-05-07,ATM,30.0,64.39
US.CVS,2026-05-09,3071787.0,1397031.0,10861,5870,23426,5856.5,30.981749999999998,0.55521942925,115535217648.85,53.84494945147722,13.461237362869305,2.3811861820741136,6.602924634420697,0.06584178827232051,0.1735464872523182,1621419.7421745579,356658.074389681,128409.30645332001,30.981749999999998,2.3811861820741136,6.602924634420697,325.94655233563117,487.698175787728,0.8437890388576429,1.1583333333333334,1.0146363186849487,0.04502043354655295,25.47284123514853,4,0.0,0.0,0.0,,57.36677115987461,49.3730407523511,36.05015673981191,54.70219435736677,49.52978056426332,68.02507836990596,22.570532915360502,49.3730407523511,19.59247648902821,74.92163009404389,28.605015673981192,26.332288401253916,42.44,84.38395415472779,3,1.0,ONGOING,,2026-05-09,ATM,60.0,69.27
US.CVX,2026-05-09,2071392.0,1271980.0,2849,1351,11777,3925.6666666666665,17.638,-0.0017711043333333472,361713980085.84,39.85282050040893,13.28427350013631,66.98050589242214,200.5,11.675281993561013,35.017619204933375,254709.61409645,173449.78816263,17941.1051466,17.638,66.98050589242214,200.5,1277.7675496621553,3172.0199501246884,0.10580919041962,0.19224806201550376,0.21647621443147017,0.020567851553767048,26.614119626213213,3,0.24370728755003007,0.6261415525114156,0.6140701518592329,1.0,48.43260188087774,82.44514106583071,84.32601880877742,15.830721003134796,37.14733542319749,28.213166144200624,6.739811912225706,82.44514106583071,66.77115987460816,28.683385579937305,72.25705329153605,79.62382445141067,61.04,84.38395415472779,3,1.0,ONGOING,,2026-05-09,ATM,60.0,72.37
US.CYTK,2026-05-09,6164094.0,6164094.0,8203,8203,19563,19563.0,49.53,0.921866687,9570108574.15,15.634251887373463,15.634251887373463,0.4193119664673107,0.4193119664673107,0.04096858711035316,0.04096858711035316,5682472.914136577,95804.093386602,170731.15241467202,49.53,0.4193119664673107,0.4193119664673107,751.4438620017067,751.4438620017067,0.29219261337073377,0.29219261337073377,3.8284517789310617,0.125,22.98191038771264,1,0.0,0.0,1.0,0.0,30.094043887147336,7.210031347962382,14.576802507836991,73.98119122257053,27.586206896551722,73.04075235109718,52.19435736677116,7.210031347962382,29.93730407523511,36.990595611285265,28.605015673981192,94.35736677115987,39.67,58.73925501432665,2,0.6667,ONGOING,,2026-05-09,DEEP_ITM,60.0,55.98
US.DAL,2026-05-09,1259221.0,497240.0,2830,1109,13448,4482.666666666667,41.692,0.264341443,48177394952.2,38.814752980081785,12.938250993360596,0.3811977512171125,0.8602409638554217,0.021288227878658198,0.04406870629935534,716465.597406039,112607.686560401,44852.570691194,41.692,0.3811977512171125,0.8602409638554217,488.31497354562117,764.9846153846154,0.08808391249849197,0.09932885906040272,0.532219627452954,0.023809523809523808,24.598155763621953,3,0.46952124655149075,0.6088686753837408,0.3948790561783833,0.0,46.55172413793103,15.673981191222571,15.830721003134796,37.460815047021946,30.250783699059564,49.059561128526646,40.909090909090914,15.673981191222571,31.03448275862069,17.55485893416928,81.34796238244513,71.9435736677116,37.57,84.38395415472779,3,1.0,ACTIVE,,2026-05-08,ATM,30.0,58.45
US.DASH,2026-05-09,15304658.0,12403157.0,4926,3418,1599,533.0,33.498,0.564231016,71427370097.46,44.70806289981723,14.902687633272409,14.728147286320644,42.19753086419753,3.191357028160411,9.340901303100615,10222389.743860925,4200142.882476911,79659.6305112,33.498,14.728147286320644,42.19753086419753,2492.30691574589,3628.7761849034523,0.1536134344757718,0.1822112415071031,1.4062558099207683,0.08582089552238807,24.991946967550295,3,0.0,0.0,1.0,1.0,54.54545454545454,71.78683385579937,79.9373040752351,80.09404388714734,79.78056426332289,60.3448275862069,27.89968652037618,71.78683385579937,71.47335423197492,27.11598746081505,28.605015673981192,94.35736677115987,69.46,84.38395415472779,3,1.0,ONGOING,,2026-05-09,DEEP_ITM,60.0,73.77
US.DDOG,2026-05-09,32515154.0,12280796.0,20035,4863,19780,1236.25,57.5574375,0.426408050375,71248991430.24,222.25921303883413,13.891200814927133,65.52223619638053,1000.0,270625.1847428609,4330000.0,22988821.778154347,5526051.999985753,215710.89211507203,57.5574375,65.52223619638053,1000.0,1823.9080434633506,4623.793674698795,0.5810905587599626,1.4224317205046446,1.962481512554446,0.06064678777159342,24.989446500643965,16,0.06843354254903476,0.11040292634262595,0.5789828029109135,1.0,82.44514106583071,93.3385579937304,99.21630094043887,86.36363636363636,82.13166144200626,76.17554858934169,65.36050156739812,93.3385579937304,78.0564263322884,79.3103448275862,61.28526645768025,78.84012539184953,84.3,84.38395415472779,3,1.0,ACTIVE,,2026-05-08,DEEP_ITM,30.0,66.24
US.DELL,2026-05-09,54902876.0,5844367.0,55205,6539,30437,676.3777777777777,73.2079111111111,0.4071881540222222,168191641547.46,617.0281002741866,13.711735561648592,212.51965293888583,6539.0,46816.38834094523,754143.0,31028792.21499171,12629671.66553348,448391.177823539,73.2079111111111,212.51965293888583,6539.0,1454.6025229591314,4472.717142857143,3.9704239697606942,33.52272727272727,2.841722337934341,0.06903252874583954,25.84836988972172,45,0.0604466378851931,0.11446452003633795,0.23903780559692356,0.0,90.59561128526646,98.7460815047022,90.75235109717869,88.87147335423198,89.18495297805643,84.63949843260188,81.6614420062696,98.7460815047022,76.95924764890282,99.52978056426332,60.81504702194357,65.67398119122258,85.28,84.38395415472779,3,1.0,ONGOING,,2026-05-09,ATM,60.0,76.41
US.DHI,2026-05-09,1066813.0,555813.0,906,453,0,0.0,0.0,0.0,41864858267.19,26.37231581102127,13.186157905510635,453.0,453.0,533406.5,555813.0,0.0,0.0,0.0,0.0,453.0,453.0,1177.4977924944812,1226.9602649006622,0.08274603113899953,0.08640197490228348,0.0,0.125,24.457712607148373,2,0.0,0.0,1.0,1.0,33.22884012539185,88.63636363636364,88.87147335423198,1.8025078369905956,1.8025078369905956,1.8025078369905956,1.8025078369905956,88.63636363636364,42.16300940438871,15.517241379310345,28.605015673981192,94.35736677115987,54.46,58.73925501432665,2,0.6667,ONGOING,,2026-05-09,DEEP_ITM,60.0,58.45
US.DHR,2026-05-09,14720873.0,6370200.0,4214,1860,1472,368.0,7.2355,0.0699746835,121142020517.32,58.58379812632196,14.64594953158049,3.229866654477963,4.675324675324675,0.6745788996431028,1.611160515110036,85000.487237322,105557.454269409,3418.660657439,7.2355,3.229866654477963,4.675324675324675,3302.660250847863,5898.333333333333,0.041713517463138214,0.05738222298731847,0.030337852061804272,0.04502043354655295,25.52022941756038,4,47.474471735329274,6.106239460370995,0.9793705848831112,0.0,62.38244514106584,43.260188087774296,65.36050156739812,4.231974921630094,28.84012539184953,6.112852664576803,3.761755485893417,43.260188087774296,82.9153605015674,10.344827586206897,100.0,87.46081504702194,51.7,58.73925501432665,2,0.6667,ACTIVE,,2026-05-08,DEEP_ITM,30.0,47.99
US.DINO,2026-05-09,65339057.0,24845738.0,47827,19525,11170,1015.4545454545455,17.29381818181818,0.18005465318181818,13057349901.91,162.97468400005096,14.815880363640996,4.05617371185963,6.009615384615385,1.1609080095519249,2.0391040686498365,6585440.8011023505,17663.67641204,19335.22077595,17.29381818181818,4.05617371185963,6.009615384615385,2174.941986727443,4200.0,0.12656315636260235,0.3752209835119241,1.4241602897177872,0.0974025974025974,23.29261702312231,11,0.0,0.0,0.9915312521268864,1.0,78.99686520376176,47.96238244514107,69.12225705329153,76.01880877742947,8.463949843260188,29.153605015673982,6.269592476489027,47.96238244514107,75.23510971786834,42.63322884012539,28.605015673981192,88.08777429467085,57.55,24.498567335243553,1,0.3333,N/A,,,,0.0,21.84
US.DIS,2026-05-09,4140381.0,1532000.0,4272,1557,17120,3424.0,19.2898,0.333805917,187577964020.48,66.93689992438586,13.387379984877171,0.8956335350725226,3.1746031746031744,0.14522965654035203,0.5627999518019885,2130473.838909296,224809.371543126,56781.944451791,19.2898,0.8956335350725226,3.1746031746031744,1098.2203044334435,1915.0,0.10216656572896352,0.27737226277372257,0.23611651698457087,0.040157612340710934,25.9574604040472,5,0.08950513651769362,0.2244196044711952,0.8065917122119921,0.0,63.94984326018809,37.460815047021946,53.13479623824452,59.40438871473355,41.84952978056427,54.2319749216301,7.836990595611286,37.460815047021946,52.97805642633229,36.206896551724135,62.695924764890286,84.1692789968652,53.29,84.38395415472779,3,1.0,ONGOING,,2026-05-09,DEEP_ITM,60.0,71.07
US.DOCN,2026-05-09,5074160.0,2385940.0,2487,1283,2503,834.3333333333334,90.28333333333335,0.7412325886666666,17110507474.95,42.72761494712395,14.242538315707984,17.62139643151011,51.32,1.61631568332826,4.6102104300091495,4012625.49389452,609967.18553748,53242.2317231,90.28333333333335,17.62139643151011,51.32,2464.8845683548698,3472.217391304348,0.2844782896285405,0.4644390156377238,4.614254760082178,0.0850253807106599,23.562958584022013,3,0.0,0.0,0.4702137890803601,0.0,53.29153605015674,73.1974921630094,76.8025078369906,69.27899686520375,57.52351097178683,53.13479623824452,91.06583072100314,73.1974921630094,70.21943573667711,48.589341692789965,28.605015673981192,74.76489028213166,67.17,84.38395415472779,3,1.0,ACTIVE,,2026-05-07,DEEP_OTM,30.0,63.39
US.DOCS,2026-05-09,433016.0,433016.0,1008,1008,2474,2474.0,180.869,0.758801825,4798738728.84,12.978532267183912,12.978532267183912,0.4074373484236055,0.4074373484236055,0.06736977576806485,0.06736977576806485,328573.3310542,4853.3420556480005,20754.955281415998,180.869,0.4074373484236055,0.4074373484236055,429.57936507936506,429.57936507936506,0.05321526639562358,0.05321526639562358,13.402497879236574,0.125,22.29161895571492,1,0.0,0.0,1.0,0.0,5.329153605015674,6.426332288401254,21.630094043887148,21.9435736677116,4.858934169278997,31.03448275862069,99.05956112852664,6.426332288401254,17.86833855799373,9.717868338557993,28.605015673981192,94.35736677115987,30.94,58.73925501432665,2,0.6667,ACTIVE,,2026-05-08,ATM,30.0,44.53
US.DPZ,2026-05-09,613505.0,613505.0,1533,1533,27,27.0,35.944,-0.149926692,10759549707.6,13.32694532303638,13.32694532303638,56.77777777777778,56.77777777777778,0.7024362373997591,0.7024362373997591,91980.77517546,202309.46217493498,2814.48977079,35.944,56.77777777777778,56.77777777777778,400.1989562948467,400.1989562948467,0.3645721638430193,0.3645721638430193,0.24318801808176382,0.014084507042253521,23.09905954216125,1,0.0,0.0,0.0,,11.912225705329153,74.45141065830721,56.58307210031348,4.545454545454546,39.6551724137931,5.6426332288401255,32.9153605015674,74.45141065830721,17.0846394984326,41.222570532915356,28.605015673981192,26.332288401253916,37.91,24.498567335243553,1,0.3333,N/A,,,,0.0,18.57
US.DVA,2026-05-09,4256596.0,3734596.0,1847,1547,1865,932.5,36.986999999999995,0.6034601385,12753330000.0,28.298575255039665,14.149287627519833,0.9728631224577964,0.9993540051679587,0.10217008338593399,0.12144624796185623,2697417.5331959603,2107930.352678532,32428.138281132,36.986999999999995,0.9728631224577964,0.9993540051679587,2077.044602456367,2414.089204912734,0.06787495543021124,0.13574991086042248,0.13432628358605275,0.006172839506172839,23.26905825099921,2,0.0,0.0,0.0,,43.260188087774296,21.15987460815047,30.56426332288401,63.793103448275865,73.98119122257053,42.31974921630094,33.85579937304075,21.15987460815047,59.87460815047022,22.25705329153605,28.605015673981192,26.332288401253916,36.83,84.38395415472779,3,1.0,ACTIVE,,2026-05-07,ATM,30.0,58.33
US.DVN,2026-05-09,3199427.0,1962303.0,55676,25061,55209,18403.0,11.960333333333333,0.10734819433333333,28342054000.0,41.04333857027703,13.68111285675901,16687.033901477418,25061.0,791885.3344238073,1962303.0,265290.988182493,58970.291223922,41227.669237248,11.960333333333333,16687.033901477418,25061.0,80.51472638903978,146.70899376669635,0.8020500205002049,1.7999999999999998,0.0918836927701649,0.014084507042253521,24.067612545682113,3,0.0,0.0,0.6133295118157095,1.0,50.470219435736674,100.0,96.70846394984326,17.0846394984326,21.15987460815047,47.33542319749217,4.231974921630094,100.0,4.702194357366771,84.79623824451411,28.605015673981192,79.46708463949844,62.04,84.38395415472779,3,1.0,ACTIVE,,2026-05-08,DEEP_OTM,30.0,62.53
US.EA,2026-05-09,1063475.0,1063475.0,4041,4041,2703,2703.0,27.352,-0.10361467,50160854233.72,13.877053346372021,13.877053346372021,1.495005549389567,1.495005549389567,0.019628939898630706,0.019628939898630706,110191.61117825001,205509.591813925,6527.765880825,27.352,1.495005549389567,1.495005549389567,263.17124474140064,263.17124474140064,0.6269592476489028,0.6269592476489028,0.12052678853100453,0.009433962264150943,24.638500763323833,1,0.0,0.0,0.0,,23.824451410658305,27.586206896551722,7.993730407523511,5.4858934169279,40.12539184952978,10.9717868338558,16.614420062695924,27.586206896551722,10.18808777429467,59.40438871473355,28.605015673981192,26.332288401253916,21.51,58.73925501432665,2,0.6667,ACTIVE,,2026-05-07,DEEP_OTM,30.0,42.95
US.EL,2026-05-09,822073.0,822073.0,1508,1508,5089,5089.0,0.0,0.0,31186721673.0,13.619585694317271,13.619585694317271,0.296325407742189,0.296325407742189,0.018740046659028457,0.018740046659028457,0.0,0.0,0.0,0.0,0.296325407742189,0.296325407742189,545.1412466843501,545.1412466843501,0.04655734312761893,0.04655734312761893,0.0,0.125,24.163258253802045,1,0.0,0.0,1.0,0.0,19.74921630094044,3.918495297805643,7.6802507836990594,1.8025078369905956,1.8025078369905956,1.8025078369905956,1.8025078369905956,3.918495297805643,21.786833855799372,9.090909090909092,28.605015673981192,94.35736677115987,21.73,58.73925501432665,2,0.6667,ONGOING,,2026-05-09,DEEP_ITM,60.0,52.99
US.ELF,2026-05-09,390660.0,390660.0,583,583,73,73.0,74.344,-0.253658067,3593919265.54,12.875595455226332,12.875595455226332,7.986301369863014,7.986301369863014,0.8793143032065509,0.8793143032065509,99094.06045422,55795.883628899996,3797.5902336000004,74.344,7.986301369863014,7.986301369863014,670.0857632933105,670.0857632933105,0.028464419475655357,0.028464419475655357,0.1769339140406876,0.005076142131979695,22.00250916165536,1,0.0,0.0,0.0,,3.761755485893417,52.66457680250783,59.40438871473355,5.015673981191222,20.06269592476489,7.053291536050156,83.38557993730407,52.66457680250783,26.64576802507837,5.956112852664576,28.605015673981192,26.332288401253916,33.88,24.498567335243553,1,0.3333,N/A,,,,0.0,17.9
US.ENPH,2026-05-09,1246694.0,701484.0,2036,1019,5113,2556.5,73.17750000000001,0.13287471649999996,4804045119.0,26.669882950227944,13.334941475113972,0.7211519051923493,1.2035502958579882,0.13139948610885843,0.22775269681252583,645589.3685034399,103020.47639921599,29322.787936372006,73.17750000000001,0.7211519051923493,1.2035502958579882,612.4011365182478,689.7581120943953,0.08130789454078322,0.10904436051013788,0.2771597273370268,0.007518796992481203,22.29272413329323,2,0.7772237142971187,1.0019665683382497,0.0,,34.95297805642633,24.294670846394983,39.6551724137931,35.57993730407524,28.683385579937305,40.909090909090914,81.50470219435736,24.294670846394983,27.89968652037618,18.65203761755486,87.7742946708464,26.332288401253916,36.59,24.498567335243553,1,0.3333,N/A,,,,0.0,18.35
US.EOG,2026-05-09,1035706.0,362670.0,1567,709,491,163.66666666666666,36.201,0.46946722966666665,69257687755.9,38.24890045488265,12.749633484960883,43.263165266106434,85.0,2.5455820904074926,4.804291317388295,678127.046575128,125388.954978529,28015.385805862003,36.201,43.263165266106434,85.0,693.1525212502875,832.9907621247113,0.05700265722214759,0.08343763037129737,1.9949971173105074,0.08582089552238807,24.961099990392274,3,0.5388567624911594,0.8263403263403264,0.0,,46.39498432601881,76.33228840125392,77.11598746081505,36.677115987460816,31.818181818181817,39.49843260188088,33.22884012539185,76.33228840125392,33.38557993730408,14.420062695924765,82.9153605015674,26.332288401253916,52.04,58.73925501432665,2,0.6667,ACTIVE,,2026-05-07,ATM,30.0,48.04
US.EQT,2026-05-09,383613.0,383613.0,1112,1112,1154,1154.0,34.506,0.433762855,35001748880.0,12.85739211767581,12.85739211767581,0.9636048526863085,0.9636048526863085,0.0594031946562474,0.0594031946562474,166397.070095115,50971.03141461,12950.534738262,34.506,0.9636048526863085,0.9636048526863085,344.9757194244604,344.9757194244604,0.07246376811594203,0.07246376811594203,0.14574555299776917,0.007462686567164179,24.278663865216036,1,0.0,0.0,0.0,,3.2915360501567394,18.338557993730408,19.59247648902821,8.307210031347962,18.65203761755486,21.786833855799372,30.094043887147336,18.338557993730408,14.576802507836991,12.695924764890282,28.605015673981192,26.332288401253916,18.44,58.73925501432665,2,0.6667,ACTIVE,,2026-05-07,DEEP_OTM,30.0,42.44
US.ETN,2026-05-09,700755.0,386331.0,704,456,342,171.0,35.723,-0.437181372,155906333000.0,25.5229532353121,12.76147661765605,10.751136363636363,20.727272727272727,0.23091672685611817,0.43736146048666286,311235.445039101,244725.41364476696,10267.599709224,35.723,10.751136363636363,20.727272727272727,1057.5279074702885,1267.8387096774193,0.12188045828458485,0.13737793784576546,1.500763265876565,0.0744047619047619,25.772521234385213,2,0.0,0.0,0.0,,30.56426332288401,64.57680250783699,48.11912225705329,20.846394984326018,43.260188087774296,17.711598746081506,32.288401253918494,64.57680250783699,42.78996865203762,22.413793103448278,28.605015673981192,26.332288401253916,39.47,84.38395415472779,3,1.0,ACTIVE,,2026-05-08,DEEP_ITM,30.0,58.77
US.EXPE,2026-05-09,12610620.0,5274640.0,8074,4012,2242,747.3333333333334,47.38399999999999,0.10422903733333333,27602677268.46,45.620395544754494,15.206798514918164,25.168176866004853,59.88059701492537,1.660448845685025,3.423165933961811,5027409.520799118,5990501.777922797,85417.463451224,47.38399999999999,25.168176866004853,59.88059701492537,1647.4852199075904,2364.8966033966035,0.19847771595697805,0.4800000000000001,0.30719148946955205,0.012911632314617389,24.041178607481744,3,0.2599075467149451,0.3425340871300299,0.0,,54.70219435736677,74.60815047021944,73.04075235109718,72.5705329153605,83.22884012539184,62.695924764890286,49.686520376175544,74.60815047021944,59.24764890282132,49.3730407523511,72.72727272727273,26.332288401253916,62.06,58.73925501432665,2,0.6667,ONGOING,,2026-05-09,DEEP_OTM,60.0,59.71
US.FBIN,2026-05-09,6339508.0,3785977.0,159817,88053,162710,81355.0,55.294,0.066118047,4530763977.66,29.89980285666271,14.949901428331355,0.9825101518459891,0.9852820034049097,0.010583441072131746,0.013686012226360874,1339600.10665769,93868.25687774499,614323.984526521,55.294,0.9825101518459891,0.9852820034049097,40.87793399159151,52.755936123961874,0.7567765567765568,0.8571428571428572,3.985648795673795,0.125,22.234156410932574,2,0.6744708169119886,1.2269801014436208,0.0,,45.61128526645768,19.74921630094044,5.4858934169279,50.470219435736674,27.429467084639498,87.14733542319749,62.695924764890286,19.74921630094044,1.2539184952978055,67.55485893416929,85.42319749216301,26.332288401253916,33.77,24.498567335243553,1,0.3333,N/A,,,,0.0,17.88
US.FCX,2026-05-09,2170208.0,601116.0,7336,2467,53976,10795.2,49.6942,-0.18220496339999998,88603479009.9,64.70420588029546,12.940841176059092,0.9229739373268391,3.439453125,0.03578554180227582,0.1027850643755069,974797.154756041,188351.95939421,83686.502264586,49.6942,0.9229739373268391,3.439453125,418.21409236371017,994.5396825396825,0.12884221839757412,0.20540540540540533,1.0965742463862929,0.039227503385090415,25.207436960275253,5,0.8560938186881326,0.7827460510328068,0.14435482681844322,0.0,63.16614420062696,38.557993730407524,28.996865203761757,43.8871473354232,38.4012539184953,62.06896551724138,52.82131661442007,38.557993730407524,37.30407523510972,30.407523510971785,88.87147335423198,60.03134796238244,47.58,84.38395415472779,3,1.0,ACTIVE,,2026-05-07,DEEP_OTM,30.0,60.12
US.FLEX,2026-05-09,3255991.0,1424396.0,3594,2633,781,195.25,46.758250000000004,0.36613316975,52272201775.08,53.8795246527459,13.469881163186475,30.168630206444508,114.47826086956522,1.2546971086211376,4.3560709621977365,1142453.296194431,298019.556849709,25379.318953243,46.758250000000004,30.168630206444508,114.47826086956522,1784.155557099809,4076.7557603686637,0.43408340000851625,1.0886075949367084,2.4455988212247055,0.07197350771294433,24.67973055191552,4,0.7776806553850606,2.739854318418314,0.46570306858956306,0.0,57.52351097178683,78.52664576802508,76.33228840125392,47.17868338557994,46.08150470219436,37.61755485893417,48.7460815047022,78.52664576802508,74.60815047021944,73.1974921630094,87.93103448275862,74.45141065830721,67.66,84.38395415472779,3,1.0,ACTIVE,,2026-05-08,DEEP_ITM,30.0,63.47
US.FLR,2026-05-09,3359618.0,3359618.0,4023,4023,5033,5033.0,79.661,-0.95659327,6049103195.76,15.027338132652789,15.027338132652789,0.7993244585734155,0.7993244585734155,0.15412560178325246,0.15412560178325246,3213787.96857086,18386.215024780002,70801.7655983,79.661,0.7993244585734155,0.7993244585734155,835.1026597066866,835.1026597066866,0.6114412894073911,0.6114412894073911,4.6352138154588856,0.125,22.523175866061226,1,0.0,0.0,1.0,0.0,29.780564263322884,14.420062695924765,34.1692789968652,65.8307210031348,8.77742946708464,58.307210031347964,85.57993730407524,14.420062695924765,33.5423197492163,58.307210031347964,28.605015673981192,94.35736677115987,44.0,58.73925501432665,2,0.6667,ONGOING,,2026-05-09,DEEP_ITM,60.0,56.7
US.FOUR,2026-05-09,486252.0,486252.0,1041,1041,275,275.0,65.478,-0.550759505,3377825583.92,13.09448434356157,13.09448434356157,3.7854545454545456,3.7854545454545456,0.41526282078654086,0.41526282078654086,267807.91082526004,27432.491541156,20732.976642924,65.478,3.7854545454545456,3.7854545454545456,467.1008645533141,467.1008645533141,0.36901408450704226,0.36901408450704226,0.7598723898522558,0.023809523809523808,21.94049802135247,1,0.0,0.0,0.0,,5.956112852664576,40.28213166144201,47.64890282131661,17.24137931034483,11.912225705329153,30.877742946708466,73.82445141065831,40.28213166144201,19.122257053291534,41.692789968652036,28.605015673981192,26.332288401253916,31.63,58.73925501432665,2,0.6667,ACTIVE,,2026-05-08,DEEP_ITM,30.0,44.64
US.FSLR,2026-05-09,779039.0,406274.0,1522,977,7141,3570.5,51.0775,-0.0774247585,23634367191.85,25.743491705111914,12.871745852555957,0.5919081532063607,1.0361216730038023,0.017506155708407495,0.03221999123547782,263444.983868355,142047.26521287998,12993.943796274001,51.0775,0.5919081532063607,1.0361216730038023,549.9053787572892,683.9724770642201,0.4872303256661248,0.529006105877704,2.1760904434574724,0.0744047619047619,23.88596772667832,2,0.9175211802871953,0.5578300921187308,0.0,,30.877742946708466,21.786833855799372,12.695924764890282,16.614420062695924,33.69905956112852,22.10031347962382,55.4858934169279,21.786833855799372,27.586206896551722,54.075235109717866,89.49843260188088,26.332288401253916,29.21,58.73925501432665,2,0.6667,ACTIVE,,2026-05-08,DEEP_OTM,30.0,44.24
US.FTNT,2026-05-09,2801376.0,716128.0,3680,1423,7333,1222.1666666666667,33.80016666666666,0.39899837299999996,83510880501.29,78.09859149947897,13.016431916579828,5.998670153252925,31.161290322580644,0.25432293113473725,1.2541450213083647,1509030.679363504,297568.946694103,49518.035503203,33.80016666666666,5.998670153252925,31.161290322580644,1413.4354899631253,3493.307317073171,0.7363383346305565,2.506207324643079,0.7076105996026657,0.05046990066435095,25.148242765730853,6,0.1429667205093169,0.20973044049967127,0.5450896273831146,0.0,67.24137931034483,69.74921630094045,63.322884012539184,52.66457680250783,45.924764890282134,51.410658307210035,28.84012539184953,69.74921630094045,70.37617554858933,89.49843260188088,65.8307210031348,77.74294670846395,64.32,84.38395415472779,3,1.0,ACTIVE,,2026-05-08,DEEP_ITM,30.0,62.91
US.GDX,2026-05-09,7836898.0,1669907.0,45468,15746,110524,11052.4,46.5644,0.3754190532,,134.46282208768818,13.446282208768817,6.877804248522878,52.170731707317074,0.08480565906861368,0.5482041880361715,3359173.532577619,556572.841046624,363559.40149491996,46.5644,6.877804248522878,52.170731707317074,335.71487548949926,1001.5235204855842,0.4912358703808404,1.0526315789473686,2.039196885659337,0.07343226022803487,0.0,10,0.04765074930662585,0.03647305553022705,0.0,,76.48902821316614,73.51097178683386,52.19435736677116,66.4576802507837,55.4858934169279,82.44514106583071,48.589341692789965,73.51097178683386,37.93103448275862,72.25705329153605,59.40438871473355,26.332288401253916,57.94,24.498567335243553,1,0.3333,N/A,,,,0.0,21.91
US.GE,2026-05-09,2090995.0,1103994.0,2439,1298,6824,2274.6666666666665,37.202333333333335,0.18743627966666668,310027659380.25,40.05317392519891,13.351057975066304,0.382937014737781,0.7283950617283951,0.011255921432942554,0.020848906361273855,887289.4553149571,663321.7645704111,31476.393681896,37.202333333333335,0.382937014737781,0.7283950617283951,1050.0039852521084,1614.475113122172,0.4045468428891099,0.6327271806942283,1.2788003944808324,0.057539682539682536,26.45992735425588,3,1.118533821141012,1.137598597721297,0.0,,48.7460815047022,13.166144200626958,8.934169278996865,42.16300940438871,59.56112852664577,42.00626959247649,34.1692789968652,13.166144200626958,49.52978056426332,59.87460815047022,91.22257053291536,26.332288401253916,33.84,84.38395415472779,3,1.0,ACTIVE,,2026-05-07,ATM,30.0,57.83
US.GEV,2026-05-09,6738295.0,2629284.0,2606,940,1401,233.5,50.1355,-0.10757805833333334,279509102799.25,82.37270960110689,13.728784933517815,158.38657996669136,940.0,142410.06502755193,854460.0,2346953.899201452,7027868.409494715,18446.983230080998,50.1355,158.38657996669136,940.0,2987.705765126666,4888.2015209125475,0.3222359558542951,0.7376930740506954,2.101316948316353,0.07214900514196289,26.35630069716955,6,5.776337357927405,3.992337164750958,0.0,,68.80877742946709,92.94670846394985,91.84952978056427,60.81504702194357,84.95297805642633,28.84012539184953,53.29153605015674,92.94670846394985,79.46708463949844,63.63636363636363,97.64890282131663,26.332288401253916,70.77,84.38395415472779,3,1.0,ONGOING,,2026-05-09,DEEP_OTM,60.0,73.99
US.GILD,2026-05-09,384859.0,384859.0,2376,2376,6352,6352.0,29.178,-0.386129107,163055371552.42,12.86063491077455,12.86063491077455,0.37405541561712846,0.37405541561712846,0.004613464821538067,0.004613464821538067,148605.26199091302,26589.573097811,27975.56235078,29.178,0.37405541561712846,0.37405541561712846,161.9776936026936,161.9776936026936,0.5848500444486034,0.5848500444486034,2.1202840319495126,0.125,25.817355682848966,1,0.0,0.0,0.0,,3.4482758620689653,5.4858934169279,0.4702194357366771,7.6802507836990594,11.598746081504702,39.18495297805642,19.74921630094044,5.4858934169279,5.4858934169279,56.896551724137936,28.605015673981192,26.332288401253916,13.51,24.498567335243553,1,0.3333,N/A,,,,0.0,14.5
US.GLD,2026-05-09,89234938.0,20760755.0,142981,22764,348960,7121.632653061224,23.34226530612245,0.19164517375510204,,675.7286595564939,13.790380807275385,18.9934501571195,262.0,8761.363955072995,429275.0,35947709.246979974,38491458.964278035,1269319.717530472,23.34226530612245,18.9934501571195,262.0,1271.1200463641471,6478.817391304347,0.18448952195474833,0.6894197952218428,0.7141994944345701,0.05345115707958026,0.0,49,0.1846402545671342,0.23256295095816487,0.07033356150255857,1.0,91.37931034482759,84.32601880877742,87.7742946708464,89.65517241379311,93.2601880877743,91.69278996865204,10.815047021943574,84.32601880877742,84.95297805642633,61.99059561128527,68.49529780564264,56.112852664576806,77.48,24.498567335243553,1,0.3333,N/A,,,,0.0,25.16
US.GLW,2026-05-09,57372480.0,8877958.0,51942,7432,76997,1877.9756097560976,71.40443902439024,0.41916115948780486,160887635005.5,564.295593238425,13.763307152156708,15.30659976329611,440.0,7745.417556454919,317557.0,31831702.737158816,10215778.803122543,640824.007422252,71.40443902439024,15.30659976329611,440.0,1632.019365698123,4393.604838709677,0.9903958893908106,4.431372549019607,2.329206962824321,0.057256388613940765,25.803972039057598,41,0.005741771211578604,0.00497242913804779,0.3180322168398507,0.0,89.96865203761756,88.24451410658307,87.3040752351097,89.18495297805643,87.61755485893417,87.3040752351097,80.87774294670847,88.24451410658307,76.64576802507837,94.35736677115987,57.52351097178683,69.27899686520375,82.68,84.38395415472779,3,1.0,ACTIVE,,2026-05-07,ATM,30.0,65.97
US.GME,2026-05-09,1715816.0,509108.0,25045,14513,142114,35528.5,44.1695,0.26506157025,10886548811.96,51.79511995286924,12.94877998821731,6.874211274968787,26.666666666666668,4.415292179678847,17.644197327475744,444213.52947859094,28957.700755201,168922.435713308,44.1695,6.874211274968787,26.666666666666668,463.015911107877,1606.5041666666666,0.22461772678553557,0.49999999999999994,1.3124654802035447,0.049107142857142856,23.110793810253146,4,0.0,0.0,0.22470999221361732,0.0,55.79937304075236,67.86833855799374,83.07210031347962,27.11598746081505,12.068965517241379,72.88401253918495,44.357366771159874,67.86833855799374,49.3730407523511,51.410658307210035,28.605015673981192,65.04702194357367,56.73,84.38395415472779,3,1.0,ACTIVE,,2026-05-07,ATM,30.0,61.65
US.GOOG,2026-05-09,54604590.0,4343359.0,49615,6122,132541,2650.82,31.43102,0.34508538019999996,4810657800000.0,683.092095480527,13.661841909610539,1.6612623710064027,12.6875,0.0926203462989267,2.263101309658733,30899850.02999882,20508211.56306268,603109.935383055,31.43102,1.6612623710064027,12.6875,1850.310125724671,7570.8712871287125,0.1752754328836016,0.46984126984126984,1.0517253740154642,0.05873348939676197,29.20185494745283,50,0.1710482278189619,0.3071025870699194,0.20322905089114304,0.0,91.53605015673982,58.307210031347964,69.74921630094045,88.71473354231975,91.06583072100314,86.52037617554859,23.197492163009404,58.307210031347964,87.3040752351097,49.059561128526646,67.55485893416929,63.479623824451416,70.23,84.38395415472779,3,1.0,ACTIVE,,2026-05-07,ATM,30.0,63.9
US.GOOGL,2026-05-09,92579023.0,7674915.0,97737,9275,342745,4827.394366197183,29.19669014084507,0.30276847145070424,4855038708000.0,970.9843042725217,13.675835271443969,1.6111924243635383,22.263157894736842,0.031469590439364474,0.5581439972138551,49368618.2529268,27262635.097135745,1232080.608161936,29.19669014084507,1.6111924243635383,22.263157894736842,1740.092967561266,8791.426116838487,0.2365580512329246,0.7756410256410255,1.2076629075038274,0.08048070034758728,29.211038190451795,71,0.09652229274784505,0.15473771266540642,0.2502221372545701,0.0,92.78996865203762,65.51724137931035,52.82131661442007,91.53605015673982,91.84952978056427,91.37931034482759,19.905956112852667,65.51724137931035,89.18495297805643,64.42006269592476,63.63636363636363,66.4576802507837,70.48,84.38395415472779,3,1.0,ACTIVE,,2026-05-08,ATM,30.0,63.94
US.GPN,2026-05-09,1980560.0,1620982.0,4889,3028,3833,1916.5,39.911500000000004,-0.533402652,18916326736.89,27.09123249496345,13.545616247481725,3.632117536298206,6.713968957871397,0.2674169846595898,0.5194674262106113,1012606.6164170279,163003.2178914,108179.94726128201,39.911500000000004,3.632117536298206,6.713968957871397,364.2742682127831,535.3309114927345,0.10285958173282107,0.12121212121212106,1.6868831625601748,0.0744047619047619,23.66329123467518,2,0.0,0.0,0.0,,37.93103448275862,49.52978056426332,51.09717868338558,44.20062695924764,35.73667711598746,66.30094043887146,39.0282131661442,49.52978056426332,21.630094043887148,20.37617554858934,28.605015673981192,26.332288401253916,40.39,24.498567335243553,1,0.3333,N/A,,,,0.0,18.98
US.GS,2026-05-09,3451060.0,1615518.0,923,353,409,136.33333333333334,32.729,-0.3072537893333333,276268549618.08,41.462239279463304,13.820746426487768,15.657959101844426,43.4,0.37900841925513307,0.9732188621219887,1035557.9409666259,6623162.59463135,7090.7369219619995,32.729,15.657959101844426,43.4,3528.4796978281397,4576.5382436260625,0.03242022439651492,0.05338345309759336,0.2090039595419362,0.013804434617038265,26.344639235466424,3,0.0,0.0,0.0,,51.724137931034484,72.10031347962382,59.87460815047022,44.827586206896555,83.85579937304075,11.912225705329153,26.01880877742947,72.10031347962382,77.89968652037618,9.87460815047022,28.605015673981192,26.332288401253916,50.5,84.38395415472779,3,1.0,ACTIVE,,2026-05-08,ATM,30.0,60.61
US.GWW,2026-05-09,1892000.0,1892000.0,215,215,34,34.0,22.281,0.995536674,58247297041.49,14.453145557135047,14.453145557135047,6.323529411764706,6.323529411764706,0.45105461432208066,0.45105461432208066,1883555.387208,42319.95328,653.708704,22.281,6.323529411764706,6.323529411764706,8800.0,8800.0,0.06664674206773606,0.06664674206773606,6.355697063283715,0.125,24.78796352561155,1,0.0,0.0,1.0,0.0,28.213166144200624,48.7460815047022,48.43260188087774,57.36677115987461,15.673981191222571,3.605015673981191,10.18808777429467,48.7460815047022,89.34169278996865,12.068965517241379,28.605015673981192,94.35736677115987,48.59,58.73925501432665,2,0.6667,ACTIVE,,2026-05-08,DEEP_ITM,30.0,47.47
US.HAL,2026-05-09,1004056.0,613699.0,1137,572,31065,15532.5,38.1995,0.8438300894999999,33273891785.05,26.202081034143696,13.101040517071848,0.08916494779319414,0.15751324226373015,0.02326085030640358,0.042955000906067124,863325.081752893,51140.985789763,23246.000079048,38.1995,0.08916494779319414,0.15751324226373015,884.3176140231451,1086.1929203539823,0.07125606063120649,0.12526514455597682,0.1951773813300901,0.007462686567164179,24.228038895971245,2,0.0,0.0,1.0,0.0,32.60188087774294,1.2539184952978055,15.360501567398119,41.84952978056427,18.808777429467085,34.79623824451411,36.05015673981191,1.2539184952978055,39.6551724137931,21.15987460815047,28.605015673981192,94.35736677115987,32.81,24.498567335243553,1,0.3333,N/A,,,,0.0,17.72
US.HD,2026-05-09,4568986.0,4568986.0,2001,2001,47,47.0,38.234,0.753776053,316188980032.1,15.334802075279816,15.334802075279816,42.57446808510638,42.57446808510638,3.0622922691795993,3.0622922691795993,3443992.233292258,1094090.465840696,49576.257767544,38.234,42.57446808510638,42.57446808510638,2283.351324337831,2283.351324337831,0.15498118626919738,0.15498118626919738,1.0121027776820533,0.045454545454545456,26.479605909859245,1,0.0,0.0,0.0,,29.93730407523511,71.9435736677116,71.9435736677116,66.61442006269593,66.14420062695925,51.56739811912225,36.206896551724135,71.9435736677116,57.52351097178683,24.137931034482758,28.605015673981192,26.332288401253916,52.82,84.38395415472779,3,1.0,ACTIVE,,2026-05-08,DEEP_ITM,30.0,61.0
US.HIMS,2026-05-09,8489835.0,1459669.0,46905,9934,69598,5799.833333333333,133.91033333333334,0.4150733115833334,6532378046.37,160.31821030990022,13.359850859158351,1.262685580381059,5.662273476112026,0.08509245136775467,0.38508172255183454,4703134.495651094,167604.25583839498,522565.39469539595,133.91033333333334,1.262685580381059,5.662273476112026,235.61414189291335,516.4,1.0271614014359212,1.8561151079136693,8.43882487590975,0.09889196288844176,22.600036886584704,12,0.09562459171381987,0.06285830821871247,0.09248730982404252,0.0,78.84012539184953,47.33542319749217,46.70846394984326,71.78683385579937,36.206896551724135,85.57993730407524,96.86520376175548,47.33542319749217,20.689655172413794,85.10971786833855,63.322884012539184,57.36677115987461,57.86,58.73925501432665,2,0.6667,ONGOING,,2026-05-09,ATM,60.0,59.01
US.HLIT,2026-05-09,312975.0,312975.0,2216,2216,301,301.0,83.068,0.595379114,1389595532.43,12.65388178926614,12.65388178926614,7.362126245847176,7.362126245847176,0.8116971531273585,0.8116971531273585,186338.77820415,5166.323706375,34269.939688725,83.068,7.362126245847176,7.362126245847176,141.2342057761733,141.2342057761733,0.4720000000000001,0.4720000000000001,1.0721341576632422,0.024390243902439025,21.052278558601316,1,0.0,0.0,0.0,,0.7836990595611284,50.94043887147336,58.46394984326019,9.561128526645767,5.172413793103448,43.41692789968652,87.61755485893417,50.94043887147336,4.545454545454546,49.21630094043887,28.605015673981192,26.332288401253916,34.55,24.498567335243553,1,0.3333,N/A,,,,0.0,18.01
US.HOOD,2026-05-09,21014634.0,3652293.0,73349,12993,142362,5475.461538461538,62.458769230769235,0.141380239,69365904540.71,346.0027543628724,13.307798244725861,1.8429600600590905,9.553719008264462,0.05825311898967981,0.22594315458399053,10908340.657588175,1713681.4416776719,669665.687753353,62.458769230769235,1.8429600600590905,9.553719008264462,709.2601136853839,6380.212765957447,0.3054054844542727,0.6615969581749049,2.6627443013191527,0.0730710314995407,24.962661294712824,26,0.4948212770086153,0.2172693628955972,0.194444785476635,0.0,87.14733542319749,54.858934169278996,39.49843260188088,80.87774294670847,71.47335423197492,87.7742946708464,70.37617554858933,54.858934169278996,84.1692789968652,60.81504702194357,81.81818181818183,62.695924764890286,65.9,84.38395415472779,3,1.0,ACTIVE,,2026-05-08,ATM,30.0,63.18
US.HPE,2026-05-09,306826.0,306826.0,1271,1271,11665,11665.0,52.51,0.641151123,41596875690.15,12.63403934981813,12.63403934981813,0.10895842263180454,0.10895842263180454,0.008390152796947752,0.008390152796947752,196721.834465598,12034.046785254,20805.320920981998,52.51,0.10895842263180454,0.10895842263180454,241.40519276160504,241.40519276160504,0.40953273794838907,0.40953273794838907,0.6893060744198293,0.023809523809523808,24.45129089781509,1,0.0,0.0,0.0,,0.4702194357366771,0.3134796238244514,2.507836990595611,9.87460815047022,7.366771159874608,31.19122257053292,57.52351097178683,0.3134796238244514,8.620689655172415,44.827586206896555,28.605015673981192,26.332288401253916,13.66,58.73925501432665,2,0.6667,ACTIVE,,2026-05-07,DEEP_OTM,30.0,41.65
US.HPQ,2026-05-09,1008000.0,1008000.0,3200,3200,4,4.0,53.442,-0.377634969,20741998513.32,13.82347971967645,13.82347971967645,800.0,800.0,111.11111111111111,111.11111111111111,380656.048752,63542.524752000005,43824.714192,53.442,800.0,800.0,315.0,315.0,0.0,0.0,0.12190615664443183,0.005076142131979695,23.7554263954873,1,0.0,0.0,0.0,,23.510971786833856,92.0846394984326,86.99059561128527,23.824451410658305,22.413793103448278,48.43260188087774,59.56112852664577,92.0846394984326,13.009404388714735,1.8808777429467085,28.605015673981192,26.332288401253916,49.88,24.498567335243553,1,0.3333,N/A,,,,0.0,20.56
US.HR,2026-05-09,5774751.0,2869338.0,5983,3000,1271,317.75,239.2225,0.731513817,,56.00608294577032,14.00152073644258,45.76350301350301,124.0,38.66652515523484,107.2148174406239,4166764.185245244,13804.342498962,32333.681841496,239.2225,45.76350301350301,124.0,1300.1632677124203,1742.2407834101382,0.039662814022834975,0.05996402158704791,3.9138896120007494,0.0744047619047619,0.0,4,0.0,0.0,1.0,1.0,61.59874608150471,78.91849529780565,86.67711598746082,70.21943573667711,7.6802507836990594,42.16300940438871,99.68652037617555,78.91849529780565,51.09717868338558,10.815047021943574,28.605015673981192,94.35736677115987,68.24,24.498567335243553,1,0.3333,N/A,,,,0.0,23.62
US.HSIC,2026-05-09,494310.0,494310.0,1001,1001,204,204.0,31.708,0.481498264,8067584730.74,13.110920152739531,13.110920152739531,4.9068627450980395,4.9068627450980395,0.3421474492084324,0.3421474492084324,238009.40687784,102215.72182443,11972.49220065,31.708,4.9068627450980395,4.9068627450980395,493.8161838161838,493.8161838161838,0.39603960396039606,0.39603960396039606,0.0948774133639405,0.005076142131979695,22.811119984684943,1,0.0,0.0,0.0,,6.269592476489027,43.573667711598745,44.5141065830721,14.106583072100312,28.369905956112852,21.15987460815047,23.824451410658305,43.573667711598745,19.905956112852667,43.8871473354232,28.605015673981192,26.332288401253916,29.82,24.498567335243553,1,0.3333,N/A,,,,0.0,17.22
US.HUM,2026-05-09,1630329.0,1140279.0,1637,1092,1809,904.5,45.1145,0.3045483475,33012110040.0,27.04904915055092,13.52452457527546,0.8806181035256122,0.9936305732484076,0.03731328427917177,0.05840946903416425,965443.58477178,426998.052751851,11397.249467958,45.1145,0.8806181035256122,0.9936305732484076,1270.5093910676478,2092.2550458715596,0.477258639676349,0.9188034188034189,0.5761115027141888,0.023809523809523808,24.22014030203492,2,0.42976324215389394,2.003669724770642,0.6994164981423995,0.0,37.460815047021946,20.37617554858934,19.122257053291534,43.73040752351097,51.56739811912225,20.06269592476489,45.76802507836991,20.37617554858934,55.32915360501567,69.74921630094045,80.09404388714734,81.50470219435736,43.33,58.73925501432665,2,0.6667,ONGOING,,2026-05-09,DEEP_ITM,60.0,56.59
US.IBM,2026-05-09,856643.0,496647.0,1775,1044,5817,2908.5,32.1335,0.40226845749999995,215948041932.8,25.90948778171886,12.95474389085943,0.3256093056252961,0.4384712305753885,0.006435791615749194,0.006580575213008275,330584.61167531495,257971.49190112497,19211.656354263003,32.1335,0.3256093056252961,0.4384712305753885,512.115707763993,679.4076607387141,0.37755865351921114,0.5433526011560693,1.2634248734052225,0.06721698113207547,26.098303669091823,2,0.0,0.0,0.0,,31.504702194357364,7.523510971786834,1.2539184952978055,22.10031347962382,44.043887147335425,28.996865203761757,24.76489028213166,7.523510971786834,27.11598746081505,54.70219435736677,28.605015673981192,26.332288401253916,20.83,84.38395415472779,3,1.0,ACTIVE,,2026-05-08,DEEP_ITM,30.0,55.66
US.INSM,2026-05-09,654508.0,654508.0,1179,1179,12,12.0,57.481,0.267775725,21967860908.85,13.391640615192475,13.391640615192475,98.25,98.25,5.381581976648578,5.381581976648578,175261.35421830002,117114.31763862801,6898.832410888,57.481,98.25,98.25,555.1382527565734,555.1382527565734,0.2381150611939057,0.2381150611939057,0.2867901710684251,0.009433962264150943,23.812846354462998,1,0.0,0.0,0.0,,13.793103448275861,77.27272727272727,77.4294670846395,8.77742946708464,30.721003134796238,11.442006269592477,65.20376175548589,77.27272727272727,22.25705329153605,33.5423197492163,28.605015673981192,26.332288401253916,43.58,84.38395415472779,3,1.0,ACTIVE,,2026-05-08,DEEP_ITM,30.0,59.46
US.INTC,2026-05-09,795206506.0,40257315.0,1222158,75642,1148708,3658.3057324840765,97.38795541401274,0.3044493351687898,627722270000.0,4447.659713804997,14.164521381544578,31.62800637049741,3254.0,21571.389487312452,2534761.0,434686113.3380993,88755131.41881001,8778154.649707265,97.38795541401274,31.62800637049741,3254.0,1522.87924517468,7998.640159045725,2.9875866952096324,133.83458646616543,3.2291884150567745,0.05456052631138963,27.165363660374013,314,0.2946451748339044,0.8818325016052019,0.32412969091075317,1.0,99.05956112852664,97.80564263322884,98.11912225705329,98.27586206896551,96.23824451410658,98.58934169278997,92.78996865203762,97.80564263322884,88.24451410658307,100.0,74.60815047021944,69.59247648902821,91.55,84.38395415472779,3,1.0,ONGOING,,2026-05-09,ATM,60.0,77.45
US.INTU,2026-05-09,5441092.0,1367746.0,3038,1236,630,78.75,66.757375,0.096366749,109599530500.0,106.69577410382148,13.336971762977685,11.818667186699697,22.384615384615383,0.6850806585924728,1.768615477782544,2271441.212398121,2512221.263773035,28027.881298262,66.757375,11.818667186699697,22.384615384615383,2305.1843197082544,4499.164473684211,0.22556723839249299,0.5063906121533747,1.9065873647727778,0.05004188404966206,25.42009892770115,8,1.806089642759524,2.316593886462882,0.0,,73.35423197492163,65.67398119122258,67.39811912225704,60.50156739811913,75.86206896551724,39.6551724137931,75.39184952978056,65.67398119122258,77.27272727272727,51.88087774294671,94.04388714733543,26.332288401253916,62.06,84.38395415472779,3,1.0,ACTIVE,,2026-05-08,DEEP_ITM,30.0,62.54
US.IRDM,2026-05-09,318439.0,318439.0,1352,1352,8161,8161.0,74.555,0.662672031,4383472266.24,12.671189353202514,12.671189353202514,0.16566597230731528,0.16566597230731528,0.009411385779187107,0.009411385779187107,211020.618879609,6369.645517202,28493.563794564,74.555,0.16566597230731528,0.16566597230731528,235.53180473372782,235.53180473372782,0.9142857142857144,0.9142857142857144,6.1960984002274095,0.14285714285714285,22.201107002348056,1,0.0,0.0,0.0,,1.09717868338558,1.4106583072100314,3.761755485893417,11.128526645768025,5.6426332288401255,39.96865203761755,83.85579937304075,1.4106583072100314,8.307210031347962,69.27899686520375,28.605015673981192,26.332288401253916,16.55,24.498567335243553,1,0.3333,N/A,,,,0.0,15.01
US.IRM,2026-05-09,314112.0,314112.0,225,225,322,322.0,50.755,0.952764481,,12.657508072763239,12.657508072763239,0.6987577639751553,0.6987577639751553,0.07571430499767635,0.07571430499767635,299274.756655872,5486.610637824,3440.9584366080003,50.755,0.6987577639751553,0.6987577639751553,1396.0533333333333,1396.0533333333333,0.033478966839083225,0.033478966839083225,4.060975086122146,0.125,0.0,1,0.0,0.0,1.0,0.0,0.9404388714733543,12.852664576802509,23.667711598746084,20.532915360501566,5.4858934169279,6.269592476489027,54.54545454545454,12.852664576802509,45.29780564263323,6.269592476489027,28.605015673981192,94.35736677115987,30.33,24.498567335243553,1,0.3333,N/A,,,,0.0,17.3
US.JBL,2026-05-09,2346480.0,1992032.0,4542,2272,210,105.0,52.4765,-0.230508689,37469256203.3,27.282986033261313,13.641493016630656,384.1497584541063,757.3333333333334,1.7988550799451277,3.3267445680229013,757174.4185597759,560410.1900249921,22617.519184384,52.4765,384.1497584541063,757.3333333333334,516.7770894086989,877.5471365638766,0.331706818743265,0.5134599867967432,1.8550516591846264,0.06666666666666667,24.346786599122638,2,0.0,0.0,0.0,,39.49843260188088,91.53605015673982,72.88401253918495,39.18495297805642,55.79937304075236,33.69905956112852,57.36677115987461,91.53605015673982,34.639498432601876,52.82131661442007,28.605015673981192,26.332288401253916,54.5,84.38395415472779,3,1.0,ACTIVE,,2026-05-08,ATM,30.0,61.28
US.JD,2026-05-09,1362197.0,774228.0,13594,9307,511,255.5,40.3425,0.3523370625,41152178655.16,26.84405417961635,13.422027089808175,4657.702941176471,9307.0,128.6725656143639,256.96249585131096,468125.54788133205,65153.53816155,92785.45567077401,40.3425,4657.702941176471,9307.0,110.16966467847689,137.15162118031256,0.09713717485738212,0.10101010101010094,0.30835317822770003,0.014084507042253521,24.440542706924614,2,0.0,0.0,0.0,,36.36363636363637,99.37304075235109,87.14733542319749,28.369905956112852,23.35423197492163,64.1065830721003,39.49843260188088,99.37304075235109,4.231974921630094,17.711598746081506,28.605015673981192,26.332288401253916,52.8,84.38395415472779,3,1.0,ONGOING,,2026-05-09,DEEP_OTM,60.0,70.99
US.JNJ,2026-05-09,2927358.0,1785879.0,4622,2620,16640,5546.666666666667,18.245333333333335,0.6160976066666667,532765260021.72,40.86652046823685,13.622173489412283,0.3978344384862896,0.5822306238185255,0.024651817949198393,0.058195935232393234,1828806.8922334888,673704.029469216,66090.855572595,18.245333333333335,0.3978344384862896,0.5822306238185255,1055.1420014059502,2212.1688311688313,0.130406751626111,0.23388305847076457,0.36490904800151913,0.023809523809523808,27.001346751386745,3,0.0,0.0,0.23275185337768733,0.0,50.0,10.501567398119123,18.96551724137931,57.05329153605015,60.03134796238244,57.05329153605015,7.210031347962382,10.501567398119123,56.896551724137936,32.758620689655174,28.605015673981192,65.36050156739812,37.44,84.38395415472779,3,1.0,ACTIVE,,2026-05-07,ATM,30.0,58.43
US.JPM,2026-05-09,11712263.0,1812771.0,42324,9535,42924,2524.9411764705883,25.77135294117647,0.1415595804117647,809480399377.8,226.27902863916628,13.310531096421546,2.1871545405139052,17.340425531914892,0.029417483975765685,0.24171086085345841,4089588.13809097,2812844.333526729,233382.20128248,25.77135294117647,2.1871545405139052,17.340425531914892,556.3473687830476,1781.030612244898,0.7530192012067471,2.250869654184571,1.1302003130977274,0.07280546021225393,27.41965839652673,17,1.2090948459760558,1.9518761333519319,0.0,,82.60188087774296,62.85266457680251,40.43887147335423,69.74921630094045,76.95924764890282,77.4294670846395,14.733542319749215,62.85266457680251,51.88087774294671,87.46081504702194,91.84952978056427,26.332288401253916,57.45,84.38395415472779,3,1.0,ONGOING,,2026-05-09,ATM,60.0,71.77
US.KBR,2026-05-09,3300000.0,1700000.0,4000,2000,2835,1417.5,50.2355,-0.7973653195,4125745200.78,28.631654209471378,14.315827104735689,1.7374559967052687,2.4906600249066004,0.4462911180045728,0.6506026494070714,2629264.7612,143259.4922,143076.52400000003,50.2355,1.7374559967052687,2.4906600249066004,825.0,850.0,0.0,0.0,0.3863997313690346,0.015636105188343994,22.14051249539388,2,0.0,0.0,1.0,0.0,43.573667711598745,33.85579937304075,55.64263322884012,63.16614420062696,34.01253918495298,69.12225705329153,53.60501567398119,33.85579937304075,34.01253918495298,1.8808777429467085,28.605015673981192,94.35736677115987,51.17,24.498567335243553,1,0.3333,N/A,,,,0.0,20.78
US.KKR,2026-05-09,1522512.0,1113842.0,8622,8021,1535,767.5,43.9645,0.004656904500000003,91182701238.2,26.843992466307462,13.421996233153731,5.248326241134752,5.688652482269504,0.19797692475849724,0.3188997268825595,551537.010158898,142563.836632024,72719.056145914,43.9645,5.248326241134752,5.688652482269504,409.4245442651476,679.9833610648918,0.6042475466983853,1.1665370514387288,1.80207878783591,0.06721698113207547,25.236131036640547,2,0.3669012301565213,0.07492831317790799,0.0,,36.206896551724135,47.492163009404386,43.73040752351097,31.818181818181817,33.85579937304075,58.93416927899686,44.20062695924764,47.492163009404386,27.27272727272727,75.07836990595611,78.0564263322884,26.332288401253916,42.33,24.498567335243553,1,0.3333,N/A,,,,0.0,19.3
US.KLAC,2026-05-09,5311613.0,4492774.0,837,524,640,320.0,55.11450000000001,0.519614543,244167655977.99,28.93362509245396,14.46681254622698,1.3983108650296903,1.955223880597015,0.04047934898365245,0.06461274382147128,3936032.507544394,3402510.230621757,9348.452941649,55.11450000000001,1.3983108650296903,1.955223880597015,7958.290195229618,14353.91054313099,0.9893549776091494,1.6455304670584598,4.1456448323818496,0.125,26.2211209409524,2,0.0,0.0,0.0,,44.357366771159874,31.347962382445143,21.003134796238246,68.80877742946709,78.36990595611285,15.673981191222571,62.06896551724138,31.347962382445143,94.35736677115987,82.2884012539185,28.605015673981192,26.332288401253916,42.32,58.73925501432665,2,0.6667,ONGOING,,2026-05-09,ATM,60.0,56.42
US.KO,2026-05-09,2636250.0,1303579.0,5331,1963,5926,1975.3333333333333,15.939666666666668,0.7158623550000001,337400671219.56,40.75809308522765,13.586031028409217,2.3976640335964956,5.741935483870968,0.1391165295358386,0.33973094720435343,2011127.7366892828,308740.0449515,110719.69301769,15.939666666666668,2.3976640335964956,5.741935483870968,476.3009420113246,664.0748853795211,0.07631749965067876,0.11192120746994118,0.14929344721406732,0.011447284530226629,26.54453699644741,3,0.0,0.0,0.4944823138928402,0.0,49.843260188087775,47.64890282131661,44.357366771159874,58.777429467084644,46.55172413793103,66.77115987460816,5.6426332288401255,47.64890282131661,26.332288401253916,19.278996865203762,28.605015673981192,75.70532915360502,48.13,24.498567335243553,1,0.3333,N/A,,,,0.0,20.27
US.LFUS,2026-05-09,370424.0,370424.0,504,504,0,0.0,54.462,-0.291064178,11557787795.12,12.822406274076934,12.822406274076934,504.0,504.0,370424.0,370424.0,107817.157071472,80329.91897712,3688.55624784,54.462,504.0,504.0,734.968253968254,734.968253968254,0.25611510791366904,0.25611510791366904,3.945323656279014,0.125,23.170625314759974,1,0.0,0.0,0.0,,2.8213166144200628,89.49843260188088,87.61755485893417,5.172413793103448,25.07836990595611,6.896551724137931,61.28526645768025,89.49843260188088,29.62382445141066,35.10971786833856,28.605015673981192,26.332288401253916,46.12,24.498567335243553,1,0.3333,N/A,,,,0.0,19.94
US.LITE,2026-05-09,18053401.0,3207474.0,4868,670,7655,546.7857142857143,94.38149999999999,0.07331892242857144,70315640000.0,193.06726648975226,13.790519034982305,1.2520151490230496,6.461538461538462,0.04125179053802725,0.22437741501693703,7277495.228878842,16820628.0364182,35672.538451,94.38149999999999,1.2520151490230496,6.461538461538462,4061.4581712481436,14423.855072463768,0.5179308827866631,0.9044251110972021,4.656896526737312,0.08464434405173178,24.97626008614002,14,0.5481884719162636,0.8232209737827715,0.0,,80.87774294670847,49.059561128526646,39.341692789968654,76.95924764890282,89.96865203761756,44.827586206896555,92.16300940438872,49.059561128526646,94.5141065830721,68.80877742946709,83.38557993730407,26.332288401253916,59.31,84.38395415472779,3,1.0,ACTIVE,,2026-05-07,DEEP_ITM,30.0,62.08
US.LLY,2026-05-09,3440483.0,958986.0,2967,938,7504,1250.6666666666667,33.477666666666664,0.0067343390000000015,893194636520.7,79.2635431540618,13.210590525676965,0.6129112040964247,1.515850144092219,0.010500198459861486,0.028971594583290093,947171.129357736,3694411.447646912,13159.489036864,33.477666666666664,0.6129112040964247,1.515850144092219,1773.3055672213648,4655.271844660194,0.43234651895127163,0.6619199255787326,1.018864418467037,0.055143755615453725,27.518070352104527,6,1.406437014758341,0.7745215311004785,0.0,,67.55485893416929,28.056426332288403,11.598746081504702,43.260188087774296,78.84012539184953,22.413793103448278,27.74294670846395,28.056426332288403,78.36990595611285,60.9717868338558,92.47648902821317,26.332288401253916,40.94,84.38395415472779,3,1.0,ACTIVE,,2026-05-08,DEEP_ITM,30.0,59.02
US.LRCX,2026-05-09,12326373.0,2924393.0,11754,2530,15242,1385.6363636363637,65.04590909090909,0.10738950018181818,367730402550.0,151.26277684793087,13.751161531630078,4.996704363250175,24.548387096774192,0.17018264384380297,1.1066800178855951,5366769.222820996,3424386.1611373127,109961.093060615,65.04590909090909,4.996704363250175,24.548387096774192,1405.4778547327476,3373.002306805075,0.29343230814597404,0.5910145750204517,2.7916718856588303,0.07177292404565132,26.63061590486795,11,0.2509055242765345,0.1988984088127295,0.0,,78.0564263322884,66.92789968652038,61.28526645768025,73.35423197492163,78.52664576802508,66.61442006269593,73.35423197492163,66.92789968652038,69.90595611285266,57.52351097178683,72.5705329153605,26.332288401253916,62.78,84.38395415472779,3,1.0,ACTIVE,,2026-05-07,ATM,30.0,62.66
US.LTH,2026-05-09,612859.0,612859.0,3655,3655,1151,1151.0,34.044,0.922665392,7107705424.34,13.325891803842682,13.325891803842682,3.1754995655951346,3.1754995655951346,0.16675786493205844,0.16675786493205844,565463.789475728,3743.79015907,61850.579702574,34.044,3.1754995655951346,3.1754995655951346,167.6768809849521,167.6768809849521,0.4558676681283377,0.4558676681283377,3.016280798136438,0.14285714285714285,22.684445303687305,1,0.0,0.0,0.0,,11.755485893416928,37.61755485893417,35.10971786833856,32.758620689655174,4.231974921630094,55.64263322884012,28.996865203761757,37.61755485893417,5.799373040752351,47.17868338557994,28.605015673981192,26.332288401253916,29.03,24.498567335243553,1,0.3333,N/A,,,,0.0,17.09
US.LVS,2026-05-09,337443.0,337443.0,768,768,2,2.0,55.151,0.866187621,35192668330.75,12.729154849601565,12.729154849601565,384.0,384.0,31.76831105253248,31.76831105253248,292288.949393103,5320.378407921,18070.608846927,55.151,384.0,384.0,439.37890625,439.37890625,0.06821282401091402,0.06821282401091402,4.230411764709613,0.125,24.284103611826087,1,0.0,0.0,1.0,0.0,1.4106583072100314,86.83385579937304,84.01253918495298,19.435736677115987,5.329153605015674,28.526645768025077,62.539184952978054,86.83385579937304,18.338557993730408,12.38244514106583,28.605015673981192,94.35736677115987,54.97,24.498567335243553,1,0.3333,N/A,,,,0.0,21.41
US.LYFT,2026-05-09,1735570.0,856463.0,16629,6515,9433,3144.3333333333335,62.03966666666667,-0.13276323233333334,5483477821.5,39.57004820371367,13.190016067904557,2.0475102965368115,3.2493765586034913,0.1605233394966487,0.29767497632226053,722797.933830319,43532.065613913,219911.32665185299,62.03966666666667,2.0475102965368115,3.2493765586034913,101.14446948003241,131.46016884113584,0.263317593292513,0.44333387070772207,1.9074017606285654,0.053968253968253964,22.425005375750413,3,1.0264389705101096,1.5524174980813508,0.0,,47.33542319749217,38.087774294670844,42.476489028213166,38.24451410658307,16.30094043887147,76.48902821316614,70.0626959247649,38.087774294670844,3.761755485893417,46.39498432601881,90.75235109717869,26.332288401253916,41.26,24.498567335243553,1,0.3333,N/A,,,,0.0,19.13
US.MA,2026-05-09,905793.0,536840.0,903,503,1181,590.5,25.408,0.103075627,437798128475.4,26.011884494267605,13.005942247133802,2.027337304583718,3.6715328467153285,0.04310914065845627,0.07908573799114801,402908.809051066,425816.721480298,11817.198126658,25.408,2.027337304583718,3.6715328467153285,994.829420974155,1067.2763419483101,0.19885712342482614,0.21304009491127582,0.6437726052493835,0.04523809523809524,26.805023747189125,2,0.6872680873258327,0.7952286282306164,0.0,,31.661442006269592,39.6551724137931,24.76489028213166,25.391849529780565,51.410658307210035,21.003134796238246,13.636363636363635,39.6551724137931,39.341692789968654,31.19122257053292,85.73667711598746,26.332288401253916,34.45,58.73925501432665,2,0.6667,ACTIVE,,2026-05-08,DEEP_ITM,30.0,45.11
US.MARA,2026-05-09,6069804.0,2138147.0,117477,34567,68819,11469.833333333334,101.49416666666667,0.232438989,4932692596.16,81.6424769842893,13.60707949738155,2.037074454143252,6.318840579710145,0.10859174720555702,0.2141062779285993,2571303.362529202,51551.508394161996,1132341.2862466339,101.49416666666667,2.037074454143252,6.318840579710145,136.21444469032468,384.8537794299876,0.702674077658129,1.0666666666666667,6.092639539341392,0.10055626872058193,22.319150841659315,6,0.05392685511441032,0.006916945230136281,0.05116755005598204,0.0,68.18181818181817,48.589341692789965,38.71473354231975,62.38244514106584,18.96551724137931,90.9090909090909,93.41692789968651,48.589341692789965,15.987460815047022,72.41379310344827,60.3448275862069,54.38871473354232,52.87,24.498567335243553,1,0.3333,N/A,,,,0.0,21.06
US.MCD,2026-05-09,10078196.0,3565957.0,8827,3044,4124,458.22222222222223,34.51244444444445,-0.3677671131111111,195921990619.25,123.4721256642269,13.719125073802989,7.660847166606682,55.583333333333336,0.48581669766393987,3.5921799133675836,4875201.860221706,986419.889566167,89745.70450048501,34.51244444444445,7.660847166606682,55.583333333333336,2217.7696589119223,4820.0,0.6455251592129225,2.8986369858936967,1.9160534820830941,0.10069691226407645,26.000982409911565,9,0.7723778577014722,0.27705439814814814,0.398913158664507,0.0,76.01880877742947,74.13793103448276,73.82445141065831,72.10031347962382,65.20376175548589,63.322884012539184,30.250783699059564,74.13793103448276,79.15360501567397,90.9090909090909,87.46081504702194,72.10031347962382,72.21,84.38395415472779,3,1.0,ACTIVE,,2026-05-08,DEEP_ITM,30.0,64.23
US.MCHP,2026-05-09,718453230.0,389362751.0,212255,108203,103085,10308.5,42.259100000000004,0.4047011297,53621112533.22,150.89072568720886,15.089072568720885,31.86282512233482,284.7447368421053,8.606840482611895,83.98199244705769,273710314.67333794,47021040.53218268,2328339.804825921,42.259100000000004,31.86282512233482,284.7447368421053,1645.8945338828391,4337.095527708159,0.2693993429498238,0.6123076923076923,0.43303050701812895,0.030216520743638675,24.70520871803245,10,0.002770141282594344,0.022482031716669557,0.993258496450771,1.0,77.89968652037618,84.79623824451411,86.36363636363636,97.96238244514106,94.20062695924764,94.98432601880877,41.53605015673981,84.79623824451411,76.17554858934169,58.46394984326019,57.210031347962385,88.40125391849529,82.14,84.38395415472779,3,1.0,ONGOING,,2026-05-09,DEEP_ITM,60.0,75.88
US.MCK,2026-05-09,1562877.0,565853.0,1563,607,1343,335.75,29.804750000000002,0.09078075075,88330800000.0,51.37574252698208,12.84393563174552,4.011191293943167,9.0625,0.06661595257806154,0.13691303033596436,716619.0941659199,599194.815234898,19670.13010192,29.804750000000002,4.011191293943167,9.0625,1068.7139916615602,1533.4769647696478,0.5020618583101186,0.590303553994992,2.2484665599919413,0.125,25.204354694619305,4,0.7593032025665559,1.3717754172989378,0.0,,55.4858934169279,54.2319749216301,32.445141065830725,37.774294670846395,56.739811912225704,29.46708463949843,20.846394984326018,54.2319749216301,48.11912225705329,57.210031347962385,87.14733542319749,26.332288401253916,44.43,84.38395415472779,3,1.0,ACTIVE,,2026-05-07,ATM,30.0,59.6
US.MCY,2026-05-09,722966.0,722966.0,375,375,545,545.0,0.0,0.0,5520584453.09,13.491118856945695,13.491118856945695,0.6880733944954128,0.6880733944954128,0.13309352054440204,0.13309352054440204,0.0,0.0,0.0,0.0,0.6880733944954128,0.6880733944954128,1927.9093333333333,1927.9093333333333,0.013768870236659342,0.013768870236659342,0.0,0.14285714285714285,22.43174957099472,1,0.0,0.0,1.0,0.0,17.0846394984326,12.539184952978054,31.661442006269592,1.8025078369905956,1.8025078369905956,1.8025078369905956,1.8025078369905956,12.539184952978054,53.29153605015674,5.015673981191222,28.605015673981192,94.35736677115987,28.7,24.498567335243553,1,0.3333,N/A,,,,0.0,17.03
US.MELI,2026-05-09,4207250.0,1683718.0,1266,346,431,107.75,39.74275,-0.14929685125,82764163558.64,54.96566304742123,13.741415761855308,5.999893676319669,12.76,0.14302659778933763,0.34305735917477276,1119924.566738894,7934410.560084625,7827.965256496,39.74275,5.999893676319669,12.76,3248.799665108208,4866.236994219653,0.9317495451510975,2.398870364724571,1.6343391374282594,0.06954225352112675,25.139260997398807,4,6.3445336489532,3.0838709677419356,0.0,,59.71786833855799,58.46394984326019,44.67084639498432,46.55172413793103,85.73667711598746,13.009404388714735,38.71473354231975,58.46394984326019,79.3103448275862,88.71473354231975,98.43260188087774,26.332288401253916,53.66,24.498567335243553,1,0.3333,N/A,,,,0.0,21.19
US.META,2026-05-09,126624195.0,8638519.0,133461,6678,241600,2176.5765765765764,27.73573873873874,0.1263701357117117,1547498998817.52,1515.4082397439247,13.652326484179502,3.4103644020999035,48.955882352941174,0.07990381633716649,3.728974088683645,45397001.70652032,58516975.736855924,1376287.0356971691,27.73573873873874,3.4103644020999035,48.955882352941174,1918.872029058894,26019.635542168675,0.35571296684694315,1.229032258064516,1.4813428854425676,0.09756724281995104,28.067661194537923,111,0.5734125474288269,0.434046805492876,0.17568213562976648,1.0,96.08150470219435,73.04075235109718,74.60815047021944,90.9090909090909,95.141065830721,92.00626959247649,17.24137931034483,73.04075235109718,97.96238244514106,76.01880877742947,84.01253918495298,61.75548589341693,77.08,84.38395415472779,3,1.0,ACTIVE,,2026-05-08,ATM,30.0,65.04
US.MNST,2026-05-09,1409121.0,546320.0,1865,780,4796,1598.6666666666667,28.602333333333334,0.2558857153333333,84384371640.0,39.13368001051667,13.044560003505557,133.32911855786062,399.0,182106.68618219727,546320.0,1242490.407500916,65089.722452168,49044.919604802,28.602333333333334,133.32911855786062,399.0,854.5015011364098,1369.2230576441102,3.185318856479905,7.472727272727273,0.9728702475243907,0.057539682539682536,25.158648051271886,3,0.6331935173927707,0.27216916780354705,0.7437012151546958,1.0,46.86520376175549,86.99059561128527,88.71473354231975,48.589341692789965,23.197492163009404,50.94043887147336,18.65203761755486,86.99059561128527,44.98432601880878,96.3949843260188,84.95297805642633,82.60188087774296,68.25,24.498567335243553,1,0.3333,N/A,,,,0.0,23.62
US.MOH,2026-05-09,793833.0,793833.0,1269,1269,938,938.0,45.573,-0.308572219,9687474000.0,13.584629650361434,13.584629650361434,1.3528784648187633,1.3528784648187633,0.04551488856368138,0.04551488856368138,244954.81032542698,172721.424441819,9944.203894893,45.573,1.3528784648187633,1.3528784648187633,625.5579196217494,625.5579196217494,0.8045792050757453,0.8045792050757453,0.5415437138401238,0.024390243902439025,22.994099547854532,1,0.0,0.0,0.0,,19.278996865203762,25.705329153605017,16.614420062695924,14.733542319749215,36.83385579937304,17.0846394984326,47.17868338557994,25.705329153605017,24.76489028213166,65.67398119122258,28.605015673981192,26.332288401253916,25.47,24.498567335243553,1,0.3333,N/A,,,,0.0,16.49
US.MP,2026-05-09,7947897.0,1068399.0,14816,2156,40328,2880.5714285714284,73.74728571428571,0.3749826378571428,12003820563.13,184.55587428573315,13.18256244898094,0.5638754969944034,2.925619834710744,0.048104521036414764,0.19261033931438085,3962526.4531795317,709745.55067416,178535.864816778,73.74728571428571,0.5638754969944034,2.925619834710744,728.7035854318034,1502.4980620155038,0.949010949487283,2.398251141258921,2.1699008477354953,0.048050563508985684,23.20849081640631,14,0.1691679014826471,0.19957898145899117,0.1443142758392566,0.0,80.25078369905955,36.36363636363637,37.61755485893417,69.12225705329153,61.12852664576802,73.82445141065831,82.44514106583071,36.36363636363637,47.33542319749217,88.40125391849529,67.24137931034483,59.87460815047022,56.63,84.38395415472779,3,1.0,ONGOING,,2026-05-09,ATM,60.0,71.63
US.MPC,2026-05-09,2493690.0,1133533.0,1251,490,2544,848.0,43.35433333333333,0.703184575,71486523812.45,40.51259494639315,13.504198315464384,0.5058149446691055,0.6447368421052632,0.039967128773131584,0.060989744067366444,2005921.8056005419,387762.38011845294,20870.290484600002,43.35433333333333,0.5058149446691055,0.6447368421052632,2117.9274174844686,2975.1522309711286,0.14205748310731262,0.2982456140350876,1.751360173972576,0.057539682539682536,24.99277479074857,3,0.0,0.0,0.8637432880590611,0.0,49.21630094043887,11.755485893416928,20.06269592476489,58.620689655172406,50.470219435736674,31.347962382445143,42.94670846394985,11.755485893416928,65.8307210031348,37.460815047021946,28.605015673981192,85.8934169278997,41.62,24.498567335243553,1,0.3333,N/A,,,,0.0,19.19
US.MRK,2026-05-09,717878.0,379479.0,989,552,2707,1353.5,28.6555,-0.7180023950000001,275089043342.7,25.57854108022102,12.78927054011051,218.6019955654102,437.0,17.040943394811606,34.070659005207396,520797.36556357006,75854.573841572,24198.498888147,28.6555,218.6019955654102,437.0,740.7073321891685,868.3729977116705,0.1098268453892986,0.11891414398804068,0.35872908703120554,0.02914614121510673,26.340360676180115,2,0.0,0.0,0.5286121040065304,0.0,30.721003134796238,87.93103448275862,84.1692789968652,31.03448275862069,24.45141065830721,36.206896551724135,18.96551724137931,87.93103448275862,34.48275862068966,19.74921630094044,28.605015673981192,77.4294670846395,56.98,24.498567335243553,1,0.3333,N/A,,,,0.0,21.75
US.MRNA,2026-05-09,28601147.0,3820337.0,90826,9933,133704,5813.217391304348,96.49278260869565,0.4549051642608696,21565333176.65,316.5414309392669,13.762670910402909,21.23319691826025,377.0,0.7056135479451846,11.234029438822446,15286729.598511774,1156422.777612358,1109419.716020678,96.49278260869565,21.23319691826025,377.0,451.7268416816745,1400.2716981132075,6.394459410499175,27.427597955706982,4.536816341805026,0.07491324760155134,23.794352916852674,23,0.011142448984959754,0.005479846342894466,0.24379595685445762,0.0,85.73667711598746,86.67711598746082,80.87774294670847,84.1692789968652,67.24137931034483,90.75235109717869,92.6332288401254,86.67711598746082,45.45454545454545,98.90282131661442,57.83699059561128,66.30094043887146,77.88,84.38395415472779,3,1.0,ONGOING,,2026-05-09,ATM,60.0,75.17
US.MRVL,2026-05-09,38923646.0,2295143.0,38668,5220,130111,3025.8372093023254,74.37627906976743,0.3155485771162791,148744659000.0,583.6028970168503,13.572160395740704,3.019858979081031,42.149253731343286,0.1864670240697995,2.013511178019267,18252512.323247205,8324097.39490206,411193.623001855,74.37627906976743,3.019858979081031,42.149253731343286,1672.6631207185521,4638.67942583732,0.33946991550968475,1.3469387755102038,2.009449562444155,0.052929340239774234,25.72549697485189,43,0.3442013969337052,0.3717894139350078,0.11321986640203233,0.0,90.43887147335423,71.63009404388715,68.65203761755487,85.26645768025078,86.20689655172413,83.85579937304075,83.69905956112854,71.63009404388715,78.21316614420063,78.68338557993731,76.95924764890282,58.620689655172406,75.13,84.38395415472779,3,1.0,ACTIVE,,2026-05-07,ATM,30.0,64.71
US.MS,2026-05-09,356047.0,356047.0,507,507,1200,1200.0,26.653,0.359803039,304557925314.53,12.782820832205898,12.782820832205898,0.4225,0.4225,0.015366193657534484,0.015366193657534484,128106.79262683299,155155.336071008,4288.4226894270005,26.653,0.4225,0.4225,702.2623274161735,702.2623274161735,0.08923076923076924,0.08923076923076924,0.11473960616254647,0.007462686567164179,26.442127136926036,1,0.0,0.0,0.0,,2.037617554858934,7.366771159874608,6.426332288401254,6.112852664576803,35.10971786833856,7.6802507836990594,15.517241379310345,7.366771159874608,28.213166144200624,15.830721003134796,28.605015673981192,26.332288401253916,14.36,58.73925501432665,2,0.6667,ACTIVE,,2026-05-07,ATM,30.0,41.76
US.MSFT,2026-05-09,129249067.0,6602085.0,203470,13178,630177,5386.128205128205,25.93174358974359,0.1526769035982906,3083246108242.24,1591.6375668907262,13.603739887954925,2.1494162304435043,91.88541666666667,0.030231658252388605,0.46317908212448705,45532669.22344878,55023123.17647517,1718588.339868272,25.93174358974359,2.1494162304435043,91.88541666666667,1370.7184589820622,9502.5,0.22626586357917144,1.11731843575419,0.9619633392173046,0.06942222443466291,28.757004089166216,117,0.43844720345370497,0.31648075778358653,0.12549866220697747,0.0,96.55172413793103,76.8025078369906,49.059561128526646,91.06583072100314,94.82758620689656,93.41692789968651,15.047021943573668,76.8025078369906,90.12539184952978,74.13793103448276,80.40752351097179,59.24764890282132,72.9,84.38395415472779,3,1.0,ACTIVE,,2026-05-08,ATM,30.0,64.34
US.MSTR,2026-05-09,127809957.0,15380450.0,257224,39099,275667,4176.772727272727,62.41636363636363,0.3199167193939394,65740516308.48,910.7798410147018,13.799694560828815,22.978384235442014,516.0,17918.21472993982,852663.0,57481834.47972218,15914569.841164708,2240499.313087322,62.41636363636363,22.978384235442014,516.0,1191.4288461085096,6042.541843971631,0.5500116795334209,1.2683837833631624,2.4034656532956666,0.07102131997752238,24.908981258961806,66,0.11304631098045419,0.13152534916969097,0.09408811552921499,0.0,92.47648902821317,89.81191222570533,91.69278996865204,93.10344827586206,89.65517241379311,94.5141065830721,70.21943573667711,89.81191222570533,83.07210031347962,77.27272727272727,64.42006269592476,57.52351097178683,82.73,84.38395415472779,3,1.0,ACTIVE,,2026-05-07,ATM,30.0,65.98
US.MTSI,2026-05-09,7506633.0,3067093.0,1208,586,4520,1130.0,67.92775,0.67837505375,27457323147.12,57.518373460830546,14.379593365207636,73.37637411734576,293.0,10.680085352443754,42.61271812826498,4990949.3970102165,5124794.847388953,20337.944512276,67.92775,73.37637411734576,293.0,6705.304416508204,8820.0,0.07055586297751842,0.14720314033366044,0.35063123098394633,0.009433962264150943,24.03589875067441,4,0.0,0.0,0.43421171649126844,0.0,62.06896551724138,85.10971786833855,85.26645768025078,72.25705329153605,81.50470219435736,30.721003134796238,76.33228840125392,85.10971786833855,89.49843260188088,23.35423197492163,28.605015673981192,73.51097178683386,71.88,84.38395415472779,3,1.0,ACTIVE,,2026-05-07,ATM,30.0,64.17
US.MU,2026-05-09,1709934710.0,47951323.0,462788,23618,435566,1131.3402597402599,91.02332467532469,0.30528652281818186,842180511946.29,5675.394849420128,14.741285323169162,12.47697553504347,439.42857142857144,14875.063013106846,2227878.0,1007780439.6682985,1180182250.7615683,3572473.863213653,91.02332467532469,12.47697553504347,439.42857142857144,6425.72502328233,60930.0,1.4548617446399876,12.263374485596708,3.1811498721213614,0.06037791886593898,27.459260212947115,385,0.24095988617452296,0.5974953054236165,0.33700320698209585,0.0,99.68652037617555,88.08777429467085,97.4921630094044,99.68652037617555,100.0,96.3949843260188,91.37931034482759,88.08777429467085,100.0,97.96238244514106,72.10031347962382,70.21943573667711,90.24,84.38395415472779,3,1.0,ONGOING,,2026-05-09,ATM,60.0,77.23
US.MXL,2026-05-09,24655110.0,9540006.0,11046,3563,1579,157.9,163.433,0.32212763499999997,8939373086.97,140.05172124789848,14.005172124789848,418.865559895914,2477.0,157367.07520213912,1572690.0,15071799.1121299,4683770.915883355,144584.768459381,163.433,418.865559895914,2477.0,1720.1651347573247,3322.0302785627778,1.3473250088121533,3.8081492172754534,6.459439698679067,0.06840271410232898,22.913731299284862,10,0.08865786062442098,0.10471047104710471,0.06378758804969842,1.0,77.11598746081505,96.86520376175548,95.141065830721,83.85579937304075,80.56426332288402,69.59247648902821,98.27586206896551,96.86520376175548,69.27899686520375,92.94670846394985,62.539184952978054,55.172413793103445,81.29,24.498567335243553,1,0.3333,N/A,,,,0.0,25.8
US.NFLX,2026-05-09,24408691.0,4703872.0,81946,12823,341404,10668.875,32.236875,-0.038253754375000004,368402763214.72,424.6050946221044,13.268909206940762,0.6272300005145804,5.609170305676856,0.04015715741508857,0.5794890844667963,11174126.897169828,1742481.8314094641,912749.871773441,32.236875,0.6272300005145804,5.609170305676856,665.32155307338,2585.0,0.14016584063341414,0.45801526717557256,1.240388565984592,0.06369886673405903,26.632442641884992,32,1.8179633148691614,0.512979579779181,0.47350794026603066,0.0,88.24451410658307,46.70846394984326,53.44827586206896,81.19122257053291,71.63009404388715,89.96865203761756,25.07836990595611,46.70846394984326,61.75548589341693,47.33542319749217,94.20062695924764,75.07836990595611,65.2,84.38395415472779,3,1.0,ACTIVE,,2026-05-08,DEEP_ITM,30.0,63.06
US.NIO,2026-05-09,430332.0,430332.0,3313,3313,18730,18730.0,69.751,0.737213054,14658152078.7,12.972314606567032,12.972314606567032,0.1768820074746396,0.1768820074746396,0.039274439744274234,0.039274439744274234,317246.367953928,4403.457395736,64132.25144239201,69.751,0.1768820074746396,0.1768820074746396,129.89194083911863,129.89194083911863,0.10902577680865969,0.10902577680865969,0.36202426769557744,0.009433962264150943,23.408262473597503,1,0.0,0.0,1.0,0.0,5.172413793103448,1.7241379310344827,14.420062695924765,21.15987460815047,4.545454545454546,56.112852664576806,78.21316614420063,1.7241379310344827,3.605015673981191,18.495297805642632,28.605015673981192,94.35736677115987,28.37,24.498567335243553,1,0.3333,N/A,,,,0.0,16.98
US.NKE,2026-05-09,1332550.0,555179.0,6079,3196,13696,4565.333333333333,21.97266666666667,0.0015402083333333298,65366353636.62,38.96195169484211,12.987317231614036,2.9753955412743216,5.748201438848921,0.5385893882091134,1.4625214697421522,359782.684607973,36857.255775518,84076.24122865201,21.97266666666667,2.9753955412743216,5.748201438848921,813.4350675895774,2168.66796875,0.19855964933299783,0.35602094240837695,0.5366916623881517,0.03809523809523809,24.903273492651493,3,0.3676914644885693,1.108567464446757,0.416629019548985,1.0,46.70846394984326,47.80564263322884,64.57680250783699,23.197492163009404,14.733542319749215,62.225705329153605,9.561128526645767,47.80564263322884,56.26959247648903,40.909090909090914,78.21316614420063,72.72727272727273,50.76,84.38395415472779,3,1.0,ACTIVE,,2026-05-08,DEEP_ITM,30.0,60.65
US.NOW,2026-05-09,10975311.0,1283492.0,20866,4171,67873,3770.722222222222,66.44505555555556,0.1714984367222222,94034663440.0,238.26995492432667,13.237219718018148,1.222880509345372,15.130434782608695,0.06750168390390024,0.5191800897094774,6113013.803932454,1248444.197168865,272592.939308549,66.44505555555556,1.222880509345372,15.130434782608695,974.1878837382145,3865.9397590361446,0.17008784474669777,0.4981554783638958,2.349001462426481,0.05150091941985722,25.26692931125179,18,0.5774020385636922,0.18080470827910136,0.1717114895423009,0.0,83.22884012539184,60.50156739811913,50.94043887147336,74.60815047021944,67.86833855799374,79.15360501567397,74.92163009404389,60.50156739811913,73.1974921630094,51.09717868338558,84.32601880877742,61.59874608150471,66.51,84.38395415472779,3,1.0,ACTIVE,,2026-05-08,DEEP_ITM,30.0,63.28
US.NRG,2026-05-09,405837.0,405837.0,326,326,113,113.0,57.191,0.820004099,29139341371.7,12.913709344177965,12.913709344177965,2.8849557522123894,2.8849557522123894,0.26004473797018274,0.26004473797018274,332788.003525863,20232.165987432,9799.634839662,57.191,2.8849557522123894,2.8849557522123894,1244.898773006135,1244.898773006135,0.1890863791070673,0.1890863791070673,4.381623120451722,0.125,24.095355035285767,1,0.0,0.0,0.0,,4.231974921630094,35.893416927899686,41.222570532915356,22.413793103448278,9.561128526645767,16.77115987460815,64.73354231974922,35.893416927899686,42.476489028213166,28.213166144200624,28.605015673981192,26.332288401253916,29.79,58.73925501432665,2,0.6667,ACTIVE,,2026-05-07,DEEP_ITM,30.0,44.33
US.NSIT,2026-05-09,4255826.0,2398448.0,3548,1774,18,9.0,48.263,0.6812660265,2530786205.43,29.12500974854192,14.56250487427096,285.10714285714283,443.5,43.6974494058275,71.56128416278793,2923804.144972694,669971.4056829801,69227.346678316,48.263,285.10714285714283,443.5,1199.5,1352.0,0.0,0.0,0.2602390121104897,0.009523809523809525,21.651795844941606,2,0.0,0.0,0.5635681533972489,1.0,44.67084639498432,88.40125391849529,86.20689655172413,64.42006269592476,59.87460815047022,57.68025078369906,50.94043887147336,88.40125391849529,44.357366771159874,1.8808777429467085,28.605015673981192,78.36990595611285,66.58,24.498567335243553,1,0.3333,N/A,,,,0.0,23.35
US.NUE,2026-05-09,570697.0,570697.0,607,607,669,669.0,34.169,0.498959282,51809859010.0,13.254615452050462,13.254615452050462,0.9073243647234679,0.9073243647234679,0.03749713365856864,0.03749713365856864,284754.565359554,173401.953571861,8748.439738314999,34.169,0.9073243647234679,0.9073243647234679,940.1927512355849,940.1927512355849,0.08555555555555551,0.08555555555555551,0.45436759350644046,0.023809523809523808,24.67084629649938,1,0.0,0.0,0.0,,9.247648902821316,16.4576802507837,14.106583072100312,18.96551724137931,36.990595611285265,14.733542319749215,29.310344827586203,16.4576802507837,36.206896551724135,15.047021943573668,28.605015673981192,26.332288401253916,20.82,58.73925501432665,2,0.6667,ACTIVE,,2026-05-07,DEEP_ITM,30.0,42.84
US.NVDA,2026-05-09,891466361.0,31048781.0,1572204,91439,4005261,12555.67711598746,42.464451410658306,0.236954414338558,5229773100000.0,4536.115340812486,14.219797306622212,1.9808061718022771,110.46153846153847,0.0682085622096633,3.495254208543005,478668126.62928534,176162960.79674956,18302712.603152294,42.464451410658306,1.9808061718022771,110.46153846153847,1370.8954016549992,10624.226765799256,0.3016342567452179,2.813559322033899,1.4019502357332143,0.060420737320398044,29.28538900874322,319,0.1677372955595531,0.239160916324142,0.1924054148353894,0.0,99.21630094043887,78.21316614420063,73.35423197492163,98.43260188087774,97.80564263322884,99.21630094043887,42.16300940438871,78.21316614420063,91.69278996865204,90.43887147335423,66.92789968652038,62.539184952978054,79.8,84.38395415472779,3,1.0,ACTIVE,,2026-05-08,ATM,30.0,65.49
US.NXPI,2026-05-09,720950.0,720950.0,431,431,982,982.0,37.946,0.846785461,74415850535.25,13.488326452792572,13.488326452792572,0.43890020366598775,0.43890020366598775,0.024908056639528477,0.024908056639528477,610489.97810795,69112.50122405,11079.61799695,37.946,0.43890020366598775,0.43890020366598775,1672.737819025522,1672.737819025522,0.23513484627168768,0.23513484627168768,2.991500723338811,0.125,25.032934800936697,1,0.0,0.0,0.0,,16.927899686520377,7.6802507836990594,10.344827586206897,34.48275862068966,23.981191222570533,19.59247648902821,35.26645768025078,7.6802507836990594,49.843260188087775,32.9153605015674,28.605015673981192,26.332288401253916,21.59,58.73925501432665,2,0.6667,ACTIVE,,2026-05-07,ATM,30.0,42.97
US.OKTA,2026-05-09,1090075.0,758354.0,4551,3120,5502,2751.0,66.257,0.20243400850000004,14711566399.9,26.250959440447694,13.125479720223847,1560.130067260498,3120.0,45.19751501460673,90.38784266984506,361797.614864082,58549.912247365995,35033.059829727,66.257,1560.130067260498,3120.0,237.43640071493846,243.0621794871795,0.641944911021846,1.0006253908692933,2.876112159318468,0.08522727272727273,23.41189985133586,2,2.2861199622574393,2.180293501048218,0.0,,32.758620689655174,97.4921630094044,86.52037617554859,23.35423197492163,20.846394984326018,44.5141065830721,74.60815047021944,97.4921630094044,8.77742946708464,71.00313479623824,94.67084639498434,26.332288401253916,57.99,58.73925501432665,2,0.6667,ACTIVE,,2026-05-08,ATM,30.0,49.03
US.ON,2026-05-09,2708529.0,1107558.0,3775,1947,4834,1208.5,31.0415,0.0791315295,40444409311.2,53.295544952524224,13.323886238131056,6.718341168733281,24.133333333333333,1.360269589925189,5.137861757105943,243696.54647069,73401.22730797,22628.509609790002,31.0415,6.718341168733281,24.133333333333333,1246.4057363332859,2197.074585635359,0.12983491866522542,0.3869858105202809,1.2083223074345883,0.08070987654320988,24.423194258592158,4,0.14576456598682966,0.34150675195451313,0.7025581044175639,1.0,56.739811912225704,66.30094043887146,77.27272727272727,14.420062695924765,24.294670846394983,33.85579937304075,22.727272727272727,66.30094043887146,56.42633228840125,43.260188087774296,66.14420062695925,81.6614420062696,57.22,84.38395415472779,3,1.0,ACTIVE,,2026-05-07,DEEP_OTM,30.0,61.73
US.ONTO,2026-05-09,1717598.0,870216.0,838,429,70,35.0,66.68549999999999,0.020174158999999997,14160501217.89,27.326405940426,13.663202970213,24.025,40.9,1.7765242795751806,3.0569290757719463,756004.3834335781,645003.574716282,10663.66783135,66.68549999999999,24.025,40.9,2051.4584494560045,2127.667481662592,0.10571665125245339,0.19292604501607716,0.817018511112072,0.023809523809523808,23.373722321399796,2,1.0269465247078648,0.9533799533799534,0.0,,39.6551724137931,71.47335423197492,71.78683385579937,39.0282131661442,58.620689655172406,18.65203761755486,75.23510971786834,71.47335423197492,55.79937304075236,28.996865203761757,90.9090909090909,26.332288401253916,54.72,58.73925501432665,2,0.6667,ONGOING,,2026-05-09,ATM,60.0,58.49
US.ORCL,2026-05-09,94790088.0,6142301.0,170655,30839,510291,6714.355263157895,60.62176315789473,0.30004061609210525,563561213700.0,1043.8041351969466,13.73426493680193,4.77918709975527,210.0,14686.459965824615,1116147.0,42473036.45310638,18165548.153051715,1184378.236794447,60.62176315789473,4.77918709975527,210.0,1358.4044287160116,5701.758293838862,0.3074291001138892,0.6403310018717367,2.0168022607020206,0.06050501582255101,27.057541795761434,76,0.21469149222616107,0.28189623442276923,0.14413055508504222,1.0,93.41692789968651,82.9153605015674,93.73040752351098,90.59561128526646,90.59561128526646,91.22257053291536,68.49529780564264,82.9153605015674,82.44514106583071,60.3448275862069,70.0626959247649,59.71786833855799,81.38,84.38395415472779,3,1.0,ACTIVE,,2026-05-08,ATM,30.0,65.76
US.OSK,2026-05-09,351665.0,351665.0,358,358,362,362.0,53.974,-0.733506218,8643707502.57,12.7704371404878,12.7704371404878,0.988950276243094,0.988950276243094,0.07041025413083235,0.07041025413083235,257948.46415297,21973.1263948,11305.57539882,53.974,0.988950276243094,0.988950276243094,982.304469273743,982.304469273743,0.8037129273262392,0.8037129273262392,3.807742459083349,0.125,22.88009743693084,1,0.0,0.0,0.0,,1.8808777429467085,19.905956112852667,22.413793103448278,15.987460815047022,10.344827586206897,19.74921630094044,60.81504702194357,19.905956112852667,36.83385579937304,65.36050156739812,28.605015673981192,26.332288401253916,23.57,24.498567335243553,1,0.3333,N/A,,,,0.0,16.18
US.PANW,2026-05-09,24158143.0,6287429.0,31478,5857,68069,3094.0454545454545,44.856545454545454,0.3991718602272727,169630080000.0,297.49962386803276,13.52271017581967,3.3278514518874487,31.92,0.10284640129849003,1.1601244307613368,14177082.76237962,5560827.921457735,318258.868436369,44.856545454545454,3.3278514518874487,31.92,1284.065781619163,2950.9039145907473,1.1224923151540698,4.6360686138154845,1.3262675189719095,0.05503385139901298,25.856885903074517,22,0.10756522907617054,0.3011739417989418,0.10003422034549593,0.0,84.79623824451411,70.21943573667711,61.75548589341693,83.38557993730407,82.2884012539185,81.03448275862068,45.29780564263323,70.21943573667711,65.36050156739812,94.67084639498434,64.26332288401254,57.993730407523515,69.74,84.38395415472779,3,1.0,ACTIVE,,2026-05-08,ATM,30.0,63.82
US.PATH,2026-05-09,821326.0,821326.0,6330,6330,2132,2132.0,83.803,-0.466544736,5653116998.88,13.618676603898747,13.618676603898747,2.969043151969981,2.969043151969981,0.3570318219044456,0.3570318219044456,383185.321839936,11796.366951688,108172.249677052,83.803,2.969043151969981,2.969043151969981,129.75134281200633,129.75134281200633,0.20305393112410655,0.20305393112410655,0.9907495083755099,0.023809523809523808,22.455472911379214,1,0.0,0.0,0.0,,19.59247648902821,36.52037617554859,45.61128526645768,23.981191222570533,7.210031347962382,66.14420062695925,88.24451410658307,36.52037617554859,3.4482758620689653,29.780564263322884,28.605015673981192,26.332288401253916,33.18,24.498567335243553,1,0.3333,N/A,,,,0.0,17.78
US.PDD,2026-05-09,1013626.0,542523.0,4182,2655,22730,11365.0,39.9895,0.031171214000000003,140603102516.36,26.26682175846792,13.13341087923396,0.4133381854639628,0.7470455824423186,0.008141702917475678,0.01341928648248075,391395.76188336196,92120.21198265199,50936.962455991,39.9895,0.4133381854639628,0.7470455824423186,266.36338080280007,355.286836935167,0.32632432769701136,0.43988269794721413,1.6454572820368851,0.0744047619047619,25.66920688234808,2,1.1516016667268092,0.5751412429378531,0.0,,32.9153605015674,13.479623824451412,5.015673981191222,24.608150470219435,27.27272727272727,52.03761755485894,39.18495297805642,13.479623824451412,15.047021943573668,46.23824451410658,91.37931034482759,26.332288401253916,26.6,58.73925501432665,2,0.6667,ACTIVE,,2026-05-07,ATM,30.0,43.8
US.PENG,2026-05-09,2906866.0,613743.0,15065,6326,15952,2658.6666666666665,85.43900000000001,0.388348151,2244562278.84,78.3828912720369,13.06381521200615,3.125011547644947,15.934508816120907,0.07449122631472528,0.24111710539878847,1197051.945433095,73079.40697162,105714.23655839401,85.43900000000001,3.125011547644947,15.934508816120907,347.81486147403774,811.357698289269,1.648816477003641,2.7090909090909094,4.779147711069996,0.10336817653890824,21.531776363558038,6,0.0,0.0,0.39060830461397256,0.0,67.39811912225704,61.59874608150471,40.28213166144201,48.11912225705329,24.137931034482758,65.8307210031348,89.0282131661442,61.59874608150471,32.60188087774294,90.12539184952978,28.605015673981192,71.78683385579937,55.62,24.498567335243553,1,0.3333,N/A,,,,0.0,21.52
US.PEP,2026-05-09,737996.0,737996.0,2102,2102,281,281.0,28.545,-0.202241055,211329716865.3,13.511695038533697,13.511695038533697,7.480427046263345,7.480427046263345,0.16985644060907443,0.16985644060907443,149253.08962578,234997.13126990802,6498.114557675999,28.545,7.480427046263345,7.480427046263345,351.09229305423406,351.09229305423406,0.0943504117108875,0.0943504117108875,0.06380635228421642,0.005076142131979695,26.076685389949073,1,0.0,0.0,0.0,,17.86833855799373,51.724137931034484,35.57993730407524,7.836990595611286,42.63322884012539,10.815047021943574,18.338557993730408,51.724137931034484,14.890282131661442,17.0846394984326,28.605015673981192,26.332288401253916,29.66,58.73925501432665,2,0.6667,ACTIVE,,2026-05-07,ATM,30.0,44.31
US.PFE,2026-05-09,817626.0,457514.0,24547,18923,71417,35708.5,23.639,0.1467517135,146361726259.92,25.82773810011385,12.913869050056926,0.432071103714673,0.5554019356112977,0.009941112171118552,0.01759427783141144,280576.42261316197,23734.462377099997,137270.060074036,23.639,0.432071103714673,0.5554019356112977,50.190335398702345,81.35028449502134,0.3303244972577697,0.375,0.29749566489932966,0.023809523809523808,25.709346971650163,2,0.7871059683419523,3.364687055476529,0.0,,31.347962382445143,10.031347962382444,7.053291536050156,18.338557993730408,10.815047021943574,68.96551724137932,11.442006269592477,10.031347962382444,2.19435736677116,42.476489028213166,88.08777429467085,26.332288401253916,22.88,58.73925501432665,2,0.6667,ACTIVE,,2026-05-08,DEEP_ITM,30.0,43.18
US.PFGC,2026-05-09,1429630.0,979848.0,5108,2608,2980,1490.0,35.8895,0.504831335,14628206925.12,26.81167428036006,13.40583714018003,3.6744562018146736,6.376528117359413,0.07951175959491794,0.11809616531814249,845428.4948349979,87481.735187202,75730.629151872,35.8895,3.6744562018146736,6.376528117359413,282.2008116564417,391.9392,0.17605373635600333,0.2933333333333333,1.7995537411073972,0.0744047619047619,23.406217483026303,2,0.0,0.0,0.0,,36.05015673981191,48.90282131661442,30.094043887147336,41.222570532915356,26.17554858934169,59.24764890282132,32.758620689655174,48.90282131661442,16.614420062695924,37.14733542319749,28.605015673981192,26.332288401253916,35.65,58.73925501432665,2,0.6667,ONGOING,,2026-05-09,ATM,60.0,55.31
US.PH,2026-05-09,452120.0,452120.0,254,254,11,11.0,33.533,-0.210338678,110808501244.87,13.021705122104398,13.021705122104398,23.09090909090909,23.09090909090909,0.46768792806137915,0.46768792806137915,95098.32309736,613595.56178788,829.57328624,33.533,23.09090909090909,23.09090909090909,1780.0,1780.0,0.0,0.0,0.14713822559826625,0.009433962264150943,25.43106933436206,1,0.0,0.0,0.0,,5.6426332288401255,65.98746081504702,49.21630094043887,4.858934169278997,57.83699059561128,3.761755485893417,28.056426332288403,65.98746081504702,51.724137931034484,1.8808777429467085,28.605015673981192,26.332288401253916,36.15,24.498567335243553,1,0.3333,N/A,,,,0.0,18.27
US.PLTR,2026-05-09,77236068.0,5535969.0,212802,15991,611504,7367.518072289156,48.78616867469879,0.10694631846987951,330349590430.6,1122.0088916836937,13.518179417875828,0.9328527017578239,9.666666666666666,0.05495451337825619,2.2482376114451585,35897583.752634905,11234192.474829257,1917381.841538123,48.78616867469879,0.9328527017578239,9.666666666666666,763.0448832108859,3204.9014778325122,0.33897746722286576,1.1034482758620692,1.5732774767245732,0.05766265226614409,26.523417295620114,83,0.511417398536637,0.3923825351854639,0.029029882774457137,0.0,93.73040752351098,55.172413793103445,69.59247648902821,89.49843260188088,88.40125391849529,93.57366771159874,51.2539184952978,55.172413793103445,66.92789968652038,73.51097178683386,82.13166144200626,53.60501567398119,70.24,84.38395415472779,3,1.0,ACTIVE,,2026-05-07,ATM,30.0,63.9
US.PM,2026-05-09,372130.0,372130.0,653,653,42,42.0,25.501,0.306778085,266497977077.54,12.82700122180247,12.82700122180247,15.547619047619047,15.547619047619047,0.5181728811765656,0.5181728811765656,114161.32877104999,163687.3531865,4090.4239338599996,25.501,15.547619047619047,15.547619047619047,569.8774885145482,569.8774885145482,0.033576616537367154,0.033576616537367154,0.07574180139612957,0.005076142131979695,26.30863248982384,1,0.0,0.0,0.0,,2.978056426332288,61.12852664576802,50.78369905956113,5.799373040752351,35.893416927899686,7.210031347962382,13.94984326018809,61.12852664576802,22.884012539184955,6.426332288401254,28.605015673981192,26.332288401253916,31.77,24.498567335243553,1,0.3333,N/A,,,,0.0,17.54
US.PPG,2026-05-09,960375.0,660000.0,730,435,141,70.5,60.167,0.931496009,24432069000.0,26.01278693135807,13.006393465679036,8.25626381724392,12.826086956521738,0.8508805285867487,1.1914772930111899,891134.2725195,19846.342477125,13688.163636375,60.167,8.25626381724392,12.826086956521738,1267.7308591466979,1517.2413793103449,0.00853178262815971,0.012062064806184486,4.63677473479407,0.125,23.919162409624658,2,0.0,0.0,1.0,0.0,31.818181818181817,58.620689655172406,62.225705329153605,42.31974921630094,9.247648902821316,23.35423197492163,67.86833855799374,58.620689655172406,47.64890282131661,4.702194357366771,28.605015673981192,94.35736677115987,52.33,24.498567335243553,1,0.3333,N/A,,,,0.0,20.97
US.PRKS,2026-05-09,603760.0,603760.0,2013,2013,981,981.0,53.464,0.500283614,1874948535.38,13.310933703244645,13.310933703244645,2.051987767584098,2.051987767584098,0.15692341120764178,0.15692341120764178,302051.23478864,31399.21923752,34559.360661039995,53.464,2.051987767584098,2.051987767584098,299.9304520615996,299.9304520615996,0.3409836065573771,0.3409836065573771,0.6999775238021474,0.024390243902439025,21.351847048728104,1,0.0,0.0,0.0,,10.9717868338558,31.818181818181817,34.326018808777434,20.689655172413794,12.852664576802509,44.043887147335425,59.71786833855799,31.818181818181817,12.068965517241379,40.12539184952978,28.605015673981192,26.332288401253916,28.14,24.498567335243553,1,0.3333,N/A,,,,0.0,16.94
US.PWR,2026-05-09,518075.0,518075.0,296,296,243,243.0,42.402,-0.261896882,111794811005.0,13.157877228626283,13.157877228626283,1.2181069958847737,1.2181069958847737,0.028617394426492113,0.028617394426492113,135682.22714215,420430.7376999,1598.4276770749998,42.402,1.2181069958847737,1.2181069958847737,1750.2533783783783,1750.2533783783783,0.1857027285430609,0.1857027285430609,0.49717158384694793,0.023809523809523808,25.439930983406025,1,0.0,0.0,0.0,,7.053291536050156,24.45141065830721,11.442006269592477,6.739811912225706,51.2539184952978,4.231974921630094,42.00626959247649,24.45141065830721,51.410658307210035,27.89968652037618,28.605015673981192,26.332288401253916,23.07,58.73925501432665,2,0.6667,ACTIVE,,2026-05-08,DEEP_ITM,30.0,43.21
US.PYPL,2026-05-09,387692.0,387692.0,510,510,1338,1338.0,38.184,0.764100672,40021126217.41,12.867969068298706,12.867969068298706,0.3811659192825112,0.3811659192825112,0.06386485739409532,0.06386485739409532,296235.717729024,32682.4937538,11420.419256168001,38.184,0.3811659192825112,0.3811659192825112,760.1803921568627,760.1803921568627,0.05769065534129543,0.05769065534129543,0.17605753963664358,0.007462686567164179,24.41267330709559,1,0.0,0.0,1.0,0.0,3.605015673981191,5.6426332288401255,20.846394984326018,19.905956112852667,13.166144200626958,20.219435736677116,35.893416927899686,5.6426332288401255,30.721003134796238,10.501567398119123,28.605015673981192,94.35736677115987,28.05,58.73925501432665,2,0.6667,ACTIVE,,2026-05-08,DEEP_ITM,30.0,44.04
US.QCOM,2026-05-09,305920326.0,15478575.0,287328,32835,205384,1867.1272727272728,76.71276363636365,0.28166976103636365,230920860000.0,1568.6772594790002,14.260702358900001,7.645274324995657,202.0,10050.040440608636,1105448.0,160187444.4913494,69908601.41428298,2441239.194114205,76.71276363636365,7.645274324995657,202.0,1903.582839408189,7770.192250372578,1.219128062633108,5.692695214105792,2.684922338510826,0.054598159964367364,26.16534089137004,110,0.09377525343705957,0.10689149051741074,0.25596878123096667,1.0,96.23824451410658,82.60188087774296,93.57366771159874,96.23824451410658,95.61128526645768,95.141065830721,84.1692789968652,82.60188087774296,87.7742946708464,95.45454545454545,63.00940438871473,66.61442006269593,85.29,84.38395415472779,3,1.0,ACTIVE,,2026-05-08,ATM,30.0,66.41
US.QQQ,2026-05-09,1465873363.0,40358934.0,2086631,40350,2404186,4300.8694096601075,22.321742397137744,0.13083582037924865,,7931.611051045543,14.188928534965193,79.77442424091058,7665.0,27664.162983173628,3415262.0,727151803.1114546,963533943.81432,18893764.62841572,22.321742397137744,79.77442424091058,7665.0,1568.7170208102987,23416.65019762846,1.325798249406016,27.428571428571427,1.1082962502648355,0.09455604787824551,0.0,559,0.6654003225116155,1.1821616737535845,0.07950600368471257,1.0,100.0,99.05956112852664,98.7460815047022,99.21630094043887,99.84326018808778,99.52978056426332,10.344827586206897,99.05956112852664,97.4921630094044,99.05956112852664,85.10971786833855,56.58307210031348,87.57,24.498567335243553,1,0.3333,N/A,,,,0.0,26.84
US.RCL,2026-05-09,43869071.0,30412536.0,18269,7064,24225,4037.5,48.080999999999996,0.1863834023333333,73817985744.72,89.65835681583778,14.943059469306297,17.176693434228486,97.88888888888889,0.48838156258694143,2.5682192510778474,15272514.411838513,23260390.719400126,241992.83584495398,48.080999999999996,17.176693434228486,97.88888888888889,1705.1504698533872,4305.285390713477,0.165943628235857,0.30881898795605944,1.0243927435113516,0.03632929417299819,25.024868248152153,6,5.958326876349324,2.1400825025782058,0.0,,71.15987460815047,77.11598746081505,71.00313479623824,84.01253918495298,91.22257053291536,77.74294670846395,50.626959247648905,77.11598746081505,75.86206896551724,38.557993730407524,97.80564263322884,26.332288401253916,68.25,58.73925501432665,2,0.6667,ONGOING,,2026-05-09,ATM,60.0,60.74
US.RDNT,2026-05-09,690422.0,690422.0,1010,1010,66,66.0,119.885,0.670089683,4554619457.85,13.445059732217313,13.445059732217313,15.303030303030303,15.303030303030303,1.7977211537960807,1.7977211537960807,462644.659116226,19151.025547189998,27223.644626524,119.885,15.303030303030303,15.303030303030303,683.5861386138614,683.5861386138614,0.3541345711370322,0.3541345711370322,9.952988961590618,0.14285714285714285,22.239407820556956,1,0.0,0.0,0.0,,16.144200626959247,60.81504702194357,67.7115987460815,28.213166144200624,8.934169278996865,38.4012539184953,96.08150470219435,60.81504702194357,27.429467084639498,40.75235109717868,28.605015673981192,26.332288401253916,42.62,24.498567335243553,1,0.3333,N/A,,,,0.0,19.35
US.RKLB,2026-05-09,187816693.0,10089782.0,268955,22130,198587,1654.8916666666667,81.73755833333333,0.43488481525833333,61040866915.3,1660.747429866559,13.83956191555466,32.07164548267877,1206.0,17632.310114710264,1012341.0,107525375.17554115,18348364.479723245,2134623.074876055,81.73755833333333,32.07164548267877,1206.0,1210.9101485874298,4340.593548387097,3.9458050490177734,15.919282511210762,2.48781871308472,0.05855384432922752,24.834809426251315,120,0.16875748213668162,0.24750688794678888,0.4581216377822178,0.0,97.02194357366771,94.5141065830721,93.2601880877743,94.82758620689656,90.75235109717869,94.35736677115987,87.14733542319749,94.5141065830721,76.33228840125392,98.27586206896551,67.0846394984326,73.82445141065831,88.24,24.498567335243553,1,0.3333,N/A,,,,0.0,26.96
US.RNG,2026-05-09,460790.0,460790.0,500,500,511,511.0,37.899,0.986107135,3836231414.73,13.040699856923082,13.040699856923082,0.9784735812133072,0.9784735812133072,0.19762035568147265,0.19762035568147265,454388.30673665,2479.63171698,2841.8532065,37.899,0.9784735812133072,0.9784735812133072,921.58,921.58,0.114421397661674,0.114421397661674,1.0949295908654884,0.024390243902439025,22.067756319501996,1,0.0,0.0,1.0,0.0,5.799373040752351,19.59247648902821,38.087774294670844,27.89968652037618,3.761755485893417,5.799373040752351,34.95297805642633,19.59247648902821,35.73667711598746,19.435736677115987,28.605015673981192,94.35736677115987,33.77,24.498567335243553,1,0.3333,N/A,,,,0.0,17.88
US.ROIV,2026-05-09,7762930.0,7762930.0,7324,7324,7394,7394.0,191.027,0.830414723,20440424472.72,15.864870527031943,15.864870527031943,0.9905328644847173,0.9905328644847173,0.3676105957665728,0.3676105957665728,6446451.36561839,77296.54200555,260528.58855800002,191.027,0.9905328644847173,0.9905328644847173,1059.9303659202621,1059.9303659202621,0.03787878787878791,0.03787878787878791,14.080591354842532,0.125,23.740780368882334,1,0.0,0.0,1.0,0.0,30.407523510971785,20.219435736677116,45.924764890282134,75.86206896551724,24.76489028213166,78.68338557993731,99.21630094043887,20.219435736677116,39.18495297805642,7.6802507836990594,28.605015673981192,94.35736677115987,49.37,24.498567335243553,1,0.3333,N/A,,,,0.0,20.48
US.RTX,2026-05-09,4618839.0,3698909.0,10046,5035,3121,1560.5,28.0745,0.2567375255,237137484836.52,28.85560268583093,14.427801342915465,3.7495722512963896,5.164102564102564,0.07573250871867762,0.09788344274725651,1544032.903765666,1707298.900835608,54322.315573977,28.0745,3.7495722512963896,5.164102564102564,460.43245168474436,738.1578527240072,0.039889416844003614,0.05352798053527974,0.11775226299987249,0.007462686567164179,26.19190591468546,2,0.0,0.0,0.0,,44.20062695924764,44.98432601880878,27.89968652037618,53.13479623824452,71.31661442006269,53.29153605015674,17.398119122257054,44.98432601880878,29.780564263322884,10.031347962382444,28.605015673981192,26.332288401253916,37.97,58.73925501432665,2,0.6667,ONGOING,,2026-05-09,DEEP_OTM,60.0,55.7
US.SANM,2026-05-09,5177542.0,1615415.0,4507,1347,3312,662.4,70.2572,0.5027282852,13310997487.25,69.0330776542248,13.80661553084496,15.580382721669974,56.0,0.902884077849411,3.74475091157193,2604429.495884124,1110088.860760823,57813.598963094,70.2572,15.580382721669974,56.0,1377.4856877769616,2012.943925233645,1.0010125044755118,1.9096774193548383,3.912461726604755,0.09547038327526132,23.311856409313958,5,0.0,0.0,0.166399422737662,0.0,64.57680250783699,74.29467084639498,74.76489028213166,62.85266457680251,66.4576802507837,54.54545454545454,78.99686520376176,74.29467084639498,54.38871473354232,85.42319749216301,28.605015673981192,61.12852664576802,65.66,24.498567335243553,1,0.3333,N/A,,,,0.0,23.19
US.SATS,2026-05-09,9381827.0,4950665.0,7672,3149,7331,1466.2,64.68199999999999,0.5008487448000001,36730565471.85,70.18740257969498,14.037480515938995,229.59437420491344,1000.0,164301.34710486553,821500.0,4851563.920900662,2442433.395750103,97872.78774707,64.68199999999999,229.59437420491344,1000.0,1090.1303549541058,1572.1387742140362,0.09319057566175722,0.1699376023982988,0.6439659540348527,0.018368929627145588,24.32687509205425,5,0.0,0.0,0.0,,65.36050156739812,93.3385579937304,91.37931034482759,71.9435736677116,75.54858934169279,64.73354231974922,72.41379310344827,93.3385579937304,48.90282131661442,25.54858934169279,28.605015673981192,26.332288401253916,66.41,84.38395415472779,3,1.0,ONGOING,,2026-05-09,DEEP_OTM,60.0,73.26
US.SCHW,2026-05-09,1858748.0,1078137.0,15475,11795,1900,633.3333333333334,35.654,-0.2630467006666667,154012991467.01,39.63899970519058,13.212999901730193,14.24593790858851,37.44444444444444,0.17189388517932283,0.38626082190014027,509738.72657612,151241.81778309098,88534.83496893902,35.654,14.24593790858851,37.44444444444444,172.09067291325223,224.84559643255295,0.2708853238265003,0.6323529411764706,1.1727319365606081,0.04950615643546816,25.760302795983804,3,0.0,0.0,0.0,,47.64890282131661,71.15987460815047,46.86520376175549,30.56426332288401,34.95297805642633,63.16614420062696,31.818181818181817,71.15987460815047,7.993730407523511,59.71786833855799,28.605015673981192,26.332288401253916,43.78,84.38395415472779,3,1.0,ACTIVE,,2026-05-08,DEEP_ITM,30.0,59.49
US.SEZL,2026-05-09,1677258.0,963163.0,600,300,2102,1051.0,53.956,0.9226707395,3239627010.46,27.256751663488068,13.628375831744034,0.3827845298233218,0.5758157389635317,0.11938729363375179,0.19189136204668605,1561709.693444149,84813.351367684,8467.300814942,53.956,0.3827845298233218,0.5758157389635317,2795.4300000000003,3210.5433333333335,0.0397593970646643,0.045301376116417595,0.5707149760746674,0.014285714285714285,21.89872404020409,2,0.0,0.0,1.0,0.0,39.341692789968654,10.344827586206897,37.30407523510972,53.76175548589342,25.862068965517242,13.94984326018809,60.658307210031346,10.344827586206897,67.39811912225704,8.77742946708464,28.605015673981192,94.35736677115987,41.62,24.498567335243553,1,0.3333,N/A,,,,0.0,19.19
US.SFM,2026-05-09,397067.0,397067.0,617,617,1099,1099.0,40.491,0.638444255,7789689451.83,12.89186282963655,12.89186282963655,0.5614194722474978,0.5614194722474978,0.043619274796476815,0.043619274796476815,253505.145000085,41273.388599751,13242.973422129,40.491,0.5614194722474978,0.5614194722474978,643.5445705024312,643.5445705024312,0.6348179447263612,0.6348179447263612,0.5422816575119308,0.023809523809523808,22.77606683118592,1,0.0,0.0,0.0,,4.075235109717868,10.18808777429467,15.517241379310345,15.673981191222571,15.517241379310345,22.570532915360502,39.6551724137931,10.18808777429467,25.705329153605017,60.03134796238244,28.605015673981192,26.332288401253916,19.25,24.498567335243553,1,0.3333,N/A,,,,0.0,15.46
US.SHOO,2026-05-09,422217.0,422217.0,1702,1702,610,610.0,42.097,0.581965072,2967999555.96,12.953277047310394,12.953277047310394,2.7901639344262295,2.7901639344262295,0.17044053592549682,0.17044053592549682,245715.546804624,22254.565764978,29014.68046311,42.097,2.7901639344262295,2.7901639344262295,248.0710928319624,248.0710928319624,0.19310344827586204,0.19310344827586204,0.5650616555092074,0.024390243902439025,21.811154012979298,1,0.0,0.0,0.0,,4.858934169278997,35.42319749216301,35.73667711598746,14.890282131661442,10.501567398119123,40.28213166144201,41.37931034482759,35.42319749216301,9.090909090909092,29.153605015673982,28.605015673981192,26.332288401253916,26.32,24.498567335243553,1,0.3333,N/A,,,,0.0,16.64
US.SHOP,2026-05-09,7203809.0,1533992.0,9391,2781,6576,730.6666666666666,61.25311111111111,-0.36310331155555553,143274045490.1,121.23275464310485,13.470306071456095,16.37016157554294,124.0,1.404243125182811,11.58998279141382,4152443.2808978828,878490.406208104,143607.675145636,61.25311111111111,16.37016157554294,124.0,1075.5871396300677,2644.3937007874015,0.14778540332606221,0.39880059970014997,2.4212255409518897,0.06721064110174894,25.68802503528629,9,6.604200577191438,1.982216576691013,0.38130397405039473,0.0,75.70532915360502,78.91849529780565,81.19122257053291,70.0626959247649,64.26332288401254,69.43573667711598,68.96551724137932,78.91849529780565,62.539184952978054,44.20062695924764,98.7460815047022,71.63009404388715,74.42,84.38395415472779,3,1.0,ACTIVE,,2026-05-07,ATM,30.0,64.6
US.SLB,2026-05-09,305119.0,305119.0,1658,1658,6896,6896.0,33.182,0.422558525,79641721601.47,12.628460420834246,12.628460420834246,0.2404292343387471,0.2404292343387471,0.008305949814825058,0.008305949814825058,128930.63458947501,21297.313522856002,20180.674705579,33.182,0.2404292343387471,0.2404292343387471,184.02834740651386,184.02834740651386,0.1739130434782609,0.1739130434782609,0.4376217549724624,0.023809523809523808,25.10080393321752,1,0.0,0.0,0.0,,0.3134796238244514,2.664576802507837,2.3510971786833856,6.269592476489027,10.031347962382444,30.407523510971785,27.27272727272727,2.664576802507837,6.583072100313479,26.17554858934169,28.605015673981192,26.332288401253916,11.77,24.498567335243553,1,0.3333,N/A,,,,0.0,14.21
US.SLV,2026-05-09,76128613.0,14389711.0,224712,57448,962054,18501.03846153846,53.18088461538461,0.3404239655,,706.7355284601107,13.591067855002128,84.54865557840996,1610.0,37821.62825588358,700648.0,38501255.18763213,6825704.237218367,3155739.026990401,53.18088461538461,84.54865557840996,1610.0,537.1922943403798,2310.9924812030076,0.26128642576674665,1.0674846625766874,1.7732583462509237,0.056214543001652455,0.0,52,0.12992288302797897,0.13683251966711354,0.03825013861739475,0.0,91.69278996865204,95.29780564263322,90.12539184952978,90.28213166144201,84.1692789968652,95.92476489028213,59.24764890282132,95.29780564263322,57.993730407523515,72.5705329153605,65.20376175548589,53.91849529780565,80.39,24.498567335243553,1,0.3333,N/A,,,,0.0,25.65
US.SMCI,2026-05-09,21017444.0,3548776.0,144865,31079,227260,9090.4,69.60892,0.48399869768000003,21186256068.36,335.20089705629374,13.408035882251749,2.6335827860713534,24.652631578947368,0.15578142438914327,1.6894999134944448,11742776.017958736,453604.850581158,1351025.300487089,69.60892,2.6335827860713534,24.652631578947368,336.5812722477205,822.3540983606557,0.8475832144018532,1.6336409015277569,3.3982292318109675,0.08277568861444529,23.776618509772867,25,0.03730246843356916,0.021269245953414923,0.3306720836272955,0.0,86.83385579937304,67.0846394984326,66.4576802507837,81.97492163009404,52.66457680250783,91.84952978056427,77.89968652037618,67.0846394984326,32.9153605015674,82.13166144200626,58.620689655172406,69.90595611285266,69.28,84.38395415472779,3,1.0,ACTIVE,,2026-05-07,DEEP_ITM,30.0,63.74
US.SNDK,2026-05-09,415342756.0,33185633.0,76378,6075,39702,417.9157894736842,113.43812631578946,0.2559003431473684,231366552513.72,1400.8624715458882,14.745920753114612,18.12337997278619,551.0,255492.93794499352,21993070.0,232615905.4994526,460099718.2898419,458997.603908338,113.43812631578946,18.12337997278619,551.0,8826.210967234656,57799.97,2.0300552397230627,8.773087071240104,6.088898372362093,0.09251210239684254,26.167269097242592,95,0.2906816239144397,0.626621233095517,0.29349729648348555,1.0,95.141065830721,89.96865203761756,100.0,97.4921630094044,99.21630094043887,85.10971786833855,95.61128526645768,89.96865203761756,99.84326018808778,96.70846394984326,74.29467084639498,68.3385579937304,89.82,84.38395415472779,3,1.0,ONGOING,,2026-05-09,ATM,60.0,77.16
US.SNPS,2026-05-09,782862.0,432862.0,402,202,6,3.0,48.900000000000006,0.036480924499999984,98937955704.96,25.743867850296198,12.871933925148099,116.83333333333333,200.0,175000.6984168474,350000.0,394744.03411754797,313495.569303074,6299.6145443959995,48.900000000000006,116.83333333333333,200.0,1946.4405940594058,2142.8811881188117,0.22689118059149488,0.45378236118298976,1.7935995868597254,0.06666666666666667,25.317758780575367,2,0.8085717850030726,0.9900990099009901,0.0,,31.03448275862069,82.21003134796238,87.46081504702194,24.76489028213166,46.70846394984326,10.658307210031348,51.410658307210035,82.21003134796238,55.956112852664575,47.02194357366771,88.40125391849529,26.332288401253916,55.43,58.73925501432665,2,0.6667,ACTIVE,,2026-05-08,ATM,30.0,48.61
US.SO,2026-05-09,520517.0,520517.0,2041,2041,2310,2310.0,17.331,0.417033438,103486240796.4,13.162579748571778,13.162579748571778,0.8835497835497835,0.8835497835497835,0.02454597327146347,0.02454597327146347,217072.994047446,99969.84853788599,23816.47395214,17.331,0.8835497835497835,0.8835497835497835,255.03037726604606,255.03037726604606,0.1920860545524395,0.1920860545524395,0.10141307380525703,0.009433962264150943,25.362704501659085,1,0.0,0.0,0.0,,7.366771159874608,15.987460815047022,9.87460815047022,11.755485893416928,28.213166144200624,35.57993730407524,6.583072100313479,15.987460815047022,9.404388714733543,28.526645768025077,28.605015673981192,26.332288401253916,17.43,24.498567335243553,1,0.3333,N/A,,,,0.0,15.15
US.SPGI,2026-05-09,1641850.0,1641850.0,350,350,0,0.0,30.099,0.843844903,124355520000.0,14.31133482188077,14.31133482188077,350.0,350.0,1641850.0,1641850.0,1385466.75399055,604406.22334645,8493.34094735,30.099,350.0,350.0,4691.0,4691.0,0.0,0.0,0.3919897429873007,0.02,25.546410397050952,1,0.0,0.0,1.0,1.0,27.11598746081505,86.20689655172413,95.45454545454545,50.94043887147336,57.210031347962385,14.106583072100312,21.316614420062695,86.20689655172413,78.52664576802508,1.8808777429467085,28.605015673981192,94.35736677115987,65.48,24.498567335243553,1,0.3333,N/A,,,,0.0,23.16
US.STX,2026-05-09,2740217.0,635435.0,1744,525,1010,168.33333333333334,77.9035,0.0936658475,175490578298.88,77.99602147527477,12.999336912545795,8.244387085293685,29.166666666666668,0.13360482118409425,0.3441045691505673,830245.152960788,1050106.278249892,10453.003117517,77.9035,8.244387085293685,29.166666666666668,1769.0612485986721,2941.828703703704,0.4079694797881896,0.7001785455291099,5.134117566829477,0.11174242424242424,25.890851193510276,6,0.7165654871120571,1.4255910987482614,0.0,,67.0846394984326,68.96551724137932,44.827586206896555,40.59561128526646,65.67398119122258,18.181818181818183,85.10971786833855,68.96551724137932,65.20376175548589,62.38244514106584,86.36363636363636,26.332288401253916,54.93,84.38395415472779,3,1.0,ACTIVE,,2026-05-08,ATM,30.0,61.35
US.SYK,2026-05-09,3791077.0,2462800.0,404,204,301,150.5,17.9555,-0.487575123,109330514703.91,28.816203802520924,14.408101901260462,1.3421633554083885,1.3509933774834437,0.441643659412683,0.5751450823787672,1295269.643306142,64851.118826729995,6029.538108936,17.9555,1.3421633554083885,1.3509933774834437,9412.58088235294,12314.0,0.046620046620046644,0.09324009324009329,0.14498352125175812,0.023809523809523808,25.417641376192112,2,0.0,0.0,1.0,0.0,44.043887147335425,25.54858934169279,53.29153605015674,49.686520376175544,23.04075235109718,9.87460815047022,7.053291536050156,25.54858934169279,93.57366771159874,16.77115987460815,28.605015673981192,94.35736677115987,46.16,58.73925501432665,2,0.6667,ACTIVE,,2026-05-08,DEEP_ITM,30.0,47.06
US.SYNA,2026-05-09,578605.0,578605.0,444,444,456,456.0,62.504,0.985946977,4846324829.55,13.268377041328684,13.268377041328684,0.9736842105263158,0.9736842105263158,0.10116165303636193,0.10116165303636193,570473.850627085,3444.093609445,1994.18990554,62.504,0.9736842105263158,0.9736842105263158,1303.1644144144145,1303.1644144144145,2.1759991350065553,2.1759991350065553,5.912974730063072,0.14285714285714285,22.301486487748438,1,0.0,0.0,1.0,0.0,9.87460815047022,19.122257053291534,28.526645768025077,32.9153605015674,4.075235109717868,4.545454545454546,70.53291536050156,19.122257053291534,43.573667711598745,86.99059561128527,28.605015673981192,94.35736677115987,37.24,24.498567335243553,1,0.3333,N/A,,,,0.0,18.46
US.T,2026-05-09,544977.0,544977.0,14255,14255,5228,5228.0,21.819,0.268210704,174820205088.6,13.208500705858135,13.208500705858135,2.7266641162968632,2.7266641162968632,0.04143162413955429,0.04143162413955429,146168.664833808,19767.200832648003,74750.190861654,21.819,2.7266641162968632,2.7266641162968632,38.23058575938267,38.23058575938267,0.2626050420168068,0.2626050420168068,0.17388055191573443,0.014084507042253521,25.887023883245302,1,0.0,0.0,0.0,,8.307210031347962,34.95297805642633,14.733542319749215,7.366771159874608,9.090909090909092,59.09090909090909,9.247648902821316,34.95297805642633,0.4702194357366771,35.57993730407524,28.605015673981192,26.332288401253916,21.63,24.498567335243553,1,0.3333,N/A,,,,0.0,15.85
US.TDG,2026-05-09,427700.0,427700.0,1053,1053,1011,1011.0,32.23,0.094823887,67963778031.64,12.966179632299712,12.966179632299712,1.0415430267062316,1.0415430267062316,0.00348163486046288,0.00348163486046288,40556.1764699,120634.5030709,1339.8831628,32.23,1.0415430267062316,1.0415430267062316,406.17283950617286,406.17283950617286,0.16104615582826032,0.16104615582826032,2.2904134316938305,0.125,24.94224072420967,1,0.0,0.0,0.0,,5.015673981191222,22.10031347962382,0.1567398119122257,3.605015673981191,31.347962382445143,4.075235109717868,24.921630094043888,22.10031347962382,17.398119122257054,24.76489028213166,28.605015673981192,26.332288401253916,16.23,58.73925501432665,2,0.6667,ACTIVE,,2026-05-08,ATM,30.0,42.07
US.TER,2026-05-09,3242446.0,1088977.0,2357,584,549,109.8,69.4196,0.1193328194,56319173622.74,66.52483984468856,13.304967968937712,139.9479465254802,400.0,130400.95812607037,652000.0,1017743.2692543201,1350610.2419556861,20078.423709657,69.4196,139.9479465254802,400.0,1560.9210122749155,3289.960725075529,0.31275682278443107,0.5943077665219487,3.1484500080488553,0.07837932976626302,24.754300875814614,5,1.159515780878593,0.44956949569495697,0.0,,63.479623824451416,87.14733542319749,89.49843260188088,44.5141065830721,69.12225705329153,30.250783699059564,77.58620689655173,87.14733542319749,68.65203761755487,57.68025078369906,91.53605015673982,26.332288401253916,66.33,84.38395415472779,3,1.0,ACTIVE,,2026-05-07,ATM,30.0,63.25
US.TEX,2026-05-09,415000.0,415000.0,500,500,1080,1080.0,43.896,0.507258462,7263120000.0,12.936036208848487,12.936036208848487,0.46296296296296297,0.46296296296296297,0.060418122525040766,0.060418122525040766,210512.26173,45909.585405,13596.806434999999,43.896,0.46296296296296297,0.46296296296296297,830.0,830.0,0.0,0.0,0.3425111443783033,0.014285714285714285,22.706075325669943,1,0.0,0.0,0.0,,4.545454545454546,8.307210031347962,19.905956112852667,10.9717868338558,16.927899686520377,23.04075235109718,44.043887147335425,8.307210031347962,33.22884012539185,1.8808777429467085,28.605015673981192,26.332288401253916,18.15,24.498567335243553,1,0.3333,N/A,,,,0.0,15.27
US.TMO,2026-05-09,646420.0,646420.0,2001,2001,1,1.0,34.088,-0.147078356,172803981225.0,13.379206273285075,13.379206273285075,2001.0,2001.0,13.901505376344087,13.901505376344087,95074.39088552,213738.98437934002,3037.4293241600003,34.088,2001.0,2001.0,323.0484757621189,323.0484757621189,0.3714296326560933,0.3714296326560933,0.46923110407206703,0.027777777777777776,25.875423732553276,1,0.0,0.0,0.0,,13.322884012539186,96.23824451410658,81.6614420062696,4.702194357366771,40.909090909090914,5.956112852664576,29.153605015673982,96.23824451410658,13.636363636363635,41.84952978056427,28.605015673981192,26.332288401253916,46.15,58.73925501432665,2,0.6667,ACTIVE,,2026-05-08,DEEP_ITM,30.0,47.06
US.TMUS,2026-05-09,2324711.0,1311977.0,8008,5091,3131,1565.5,26.2295,0.2972542455,209547299352.71,27.91521162985041,13.957605814925206,2.9404706320353906,4.403979238754325,0.039775851519577986,0.04524440810042054,718233.960191607,513017.425272907,46767.441913488,26.2295,2.9404706320353906,4.403979238754325,324.3478120557583,449.7692835104559,0.3547658887211865,0.6216216216216217,0.3461048045297137,0.023809523809523808,26.06821532339722,2,0.0,0.0,0.0,,42.31974921630094,42.31974921630094,16.4576802507837,37.93103448275862,54.075235109717866,49.843260188087775,15.203761755485893,42.31974921630094,18.65203761755486,58.93416927899686,28.605015673981192,26.332288401253916,33.63,24.498567335243553,1,0.3333,N/A,,,,0.0,17.85
US.TPR,2026-05-09,1436999.0,780580.0,1512,784,43,21.5,41.348,0.896549346,26968928424.72,26.962349900141312,13.481174950070656,400.4651162790698,784.0,390290.5718294179,780580.0,1289771.665352034,47028.669173195005,33736.793432755,41.348,400.4651162790698,784.0,948.6561028257456,995.6377551020408,0.18217133144985803,0.19265502709211335,3.2681563491927594,0.125,24.017951241225653,2,0.0,0.0,0.543201491441539,1.0,36.990595611285265,91.84952978056427,91.06583072100314,49.52978056426332,17.55485893416928,43.103448275862064,40.75235109717868,91.84952978056427,37.460815047021946,28.84012539184953,28.605015673981192,77.58620689655173,62.53,58.73925501432665,2,0.6667,ACTIVE,,2026-05-07,ATM,30.0,49.79
US.TSLA,2026-05-09,1641044973.0,48608589.0,1499500,72671,1275429,2945.5635103926097,43.68286836027714,0.2150973104457275,1608764320142.85,6259.004009995675,14.454974618927656,47.27965135471833,4738.0,24381.498689338518,4875896.0,941558463.4084674,547205621.792395,18698863.72218519,43.68286836027714,47.27965135471833,4738.0,2170.678442257722,27799.781326781325,0.5895774876643173,3.235294117647059,1.8950590993216747,0.07525912392312557,28.106487497227448,433,0.2839850108552324,0.3779319534103701,0.09820616658992684,1.0,99.84326018808778,98.11912225705329,99.52978056426332,99.52978056426332,99.37304075235109,99.37304075235109,43.73040752351097,98.11912225705329,98.11912225705329,91.84952978056427,73.98119122257053,57.83699059561128,88.42,84.38395415472779,3,1.0,ACTIVE,,2026-05-08,ATM,30.0,66.93
US.TTD,2026-05-09,4514152.0,1305017.0,26950,7167,32119,4588.428571428572,67.81957142857142,0.05128983914285716,10850100971.88,92.66978994556248,13.238541420794641,4.201445499708202,24.377551020408163,0.1645720515353299,0.6734988622832149,2545205.070493933,111908.252357645,395802.442576578,67.81957142857142,4.201445499708202,24.377551020408163,203.82100264760493,370.1125921724333,0.3096341478773447,0.5508474576271186,1.6292680577219147,0.04171155771953451,23.107440223145797,7,1.4718365773498905,0.6175499669887762,0.6225683140487959,0.0,71.47335423197492,66.77115987460816,55.956112852664575,62.225705329153605,30.094043887147336,82.75862068965517,76.01880877742947,66.77115987460816,15.517241379310345,55.172413793103445,92.78996865203762,79.9373040752351,64.28,58.73925501432665,2,0.6667,ACTIVE,,2026-05-08,ATM,30.0,50.08
US.TTWO,2026-05-09,1171463.0,1171463.0,551,551,135,135.0,49.225,0.931326913,40821929275.2,13.973764806624269,13.973764806624269,4.0814814814814815,4.0814814814814815,0.39362684072142,0.39362684072142,1091015.019483719,46859.519257939006,10412.347383863998,49.225,4.0814814814814815,4.0814814814814815,2126.0671506352087,2126.0671506352087,0.06609330722647688,0.06609330722647688,3.8905934830939732,0.125,24.432485256224478,1,0.0,0.0,1.0,0.0,24.608150470219435,41.222570532915356,47.17868338557994,45.924764890282134,17.398119122257054,18.025078369905955,51.724137931034484,41.222570532915356,55.64263322884012,11.912225705329153,28.605015673981192,94.35736677115987,46.22,24.498567335243553,1,0.3333,N/A,,,,0.0,19.95
US.TWLO,2026-05-09,723553.0,723553.0,285,285,0,0.0,56.506,-0.377877784,30612787562.0,13.491930459448833,13.491930459448833,285.0,285.0,723553.0,723553.0,273414.604246552,367244.697531025,3684.878158515,56.506,285.0,285.0,2538.782456140351,2538.782456140351,0.011505052635615699,0.011505052635615699,0.16013889856896488,0.006211180124223602,24.144683652826963,1,0.0,0.0,0.0,,17.24137931034483,84.95297805642633,90.43887147335423,18.025078369905955,50.0,6.739811912225706,63.63636363636363,84.95297805642633,60.9717868338558,4.545454545454546,28.605015673981192,26.332288401253916,50.62,24.498567335243553,1,0.3333,N/A,,,,0.0,20.69
US.TXN,2026-05-09,2510196.0,1268907.0,2869,1160,4572,1143.0,37.15775,0.55160053325,261924705249.8,52.83479709537344,13.20869927384336,0.7319488434452209,1.5508021390374331,0.020791960523067806,0.04251676838155716,1669966.494298253,360133.006706654,43932.57554476,37.15775,0.7319488434452209,1.5508021390374331,1079.5386697004778,1812.7242857142858,0.3291113291921736,0.5840909090909091,2.285231993931887,0.09970238095238096,26.291322914865727,4,0.0,0.0,0.0,,56.42633228840125,28.526645768025077,15.203761755485893,55.64263322884012,49.843260188087775,48.589341692789965,34.01253918495298,28.526645768025077,52.35109717868338,56.739811912225704,28.605015673981192,26.332288401253916,35.97,84.38395415472779,3,1.0,ACTIVE,,2026-05-07,ATM,30.0,58.19
US.UAL,2026-05-09,791501.0,428601.0,3091,2660,4898,2449.0,51.7515,0.39488341150000006,32320653514.24,25.770169377143716,12.885084688571858,1.8755320720678688,3.1925925925925926,0.16323627727368706,0.31882127156278595,322758.11150028906,89294.29148810501,23536.522662507003,51.7515,1.8755320720678688,3.1925925925925926,565.4312230692741,994.4338747099767,0.3756418240968197,0.6393576685748272,2.124557874767359,0.06954225352112677,24.198972290544635,2,0.0,0.0,0.0,,31.19122257053292,37.93103448275862,43.573667711598745,21.786833855799372,26.64576802507837,35.10971786833856,56.58307210031348,37.93103448275862,37.14733542319749,60.18808777429467,28.605015673981192,26.332288401253916,35.11,84.38395415472779,3,1.0,ACTIVE,,2026-05-08,ATM,30.0,58.04
US.UBER,2026-05-09,3909431.0,2435612.0,18282,12480,17128,4282.0,38.16525,0.09891765500000001,153585945530.85,53.88793982647105,13.471984956617762,1.4156492283907638,3.5950248756218905,0.061537547784163676,0.14777998674618953,1893001.378585059,270203.165157086,193183.899049435,38.16525,1.4156492283907638,3.5950248756218905,682.050625857867,2230.0,0.2712071463755,0.48578319801610215,1.6233803147073609,0.0744047619047619,25.757526153029875,4,0.21481412658465426,0.01724905408413087,0.1768288019407428,0.0,57.68025078369906,39.49843260188088,33.5423197492163,57.68025078369906,44.357366771159874,75.23510971786834,35.73667711598746,39.49843260188088,57.05329153605015,49.843260188087775,70.21943573667711,61.91222570532915,50.32,84.38395415472779,3,1.0,ACTIVE,,2026-05-07,ATM,30.0,60.58
US.UNH,2026-05-09,26204524.0,2818680.0,38945,5435,121156,4177.793103448276,24.28148275862069,0.355092259137931,345076710631.92,391.76728792462694,13.509216824987137,33.50427498674009,627.0,18369.27482348404,532705.0,10841338.6016196,9129093.011189817,317409.86276133,24.28148275862069,33.50427498674009,627.0,1226.7620528220377,3593.8325991189427,0.6761804088693568,2.1588785046728973,0.7639189630601022,0.05942740804623001,26.567032578922387,29,0.09611434732033552,0.06462371176293705,0.18511841695731623,0.0,87.3040752351097,90.9090909090909,88.40125391849529,80.56426332288402,86.83385579937304,80.72100313479625,12.068965517241379,90.9090909090909,70.84639498432603,86.83385579937304,63.479623824451416,62.225705329153605,77.43,84.38395415472779,3,1.0,ONGOING,,2026-05-09,ATM,60.0,75.1
US.UPS,2026-05-09,945432.0,493207.0,1152,841,1188,594.0,35.3245,-0.4530381595,85663632797.62,26.130623604596956,13.065311802298478,1.0354923507864684,1.601904761904762,0.08044904218117857,0.0932170971186649,409750.363359775,10444.6410581,7986.344149199999,35.3245,1.0354923507864684,1.601904761904762,1020.2763552806146,1454.0996784565916,0.11247168220226925,0.20418953164026182,2.303826647735922,0.125,25.173694217744302,2,0.91690709985868,0.3697978596908442,0.4783263100889329,0.0,32.288401253918494,28.683385579937305,27.27272727272727,25.54858934169279,6.583072100313479,13.166144200626958,31.661442006269592,28.683385579937305,46.70846394984326,29.93730407523511,89.34169278996865,75.39184952978056,38.39,84.38395415472779,3,1.0,ACTIVE,,2026-05-08,DEEP_ITM,30.0,58.59
US.UPWK,2026-05-09,1839718.0,1839718.0,4089,4089,4962,4962.0,223.14,-0.850755117,1089429968.34,14.425123400531376,14.425123400531376,0.8240628778718259,0.8240628778718259,0.4203643838295764,0.4203643838295764,1565149.502337006,4962.5620368439995,165708.108098362,223.14,0.8240628778718259,0.8240628778718259,449.91880655416975,449.91880655416975,0.5249573472155389,0.5249573472155389,16.931656396503673,0.14285714285714285,20.808920432485888,1,0.0,0.0,1.0,0.0,28.056426332288403,15.047021943573668,47.96238244514107,54.075235109717866,5.015673981191222,72.41379310344827,99.52978056426332,15.047021943573668,18.808777429467085,53.44827586206896,28.605015673981192,94.35736677115987,45.08,24.498567335243553,1,0.3333,N/A,,,,0.0,19.76
US.USO,2026-05-09,30308561.0,2978443.0,51961,5403,125263,3385.4864864864867,70.92254054054054,0.19266767686486488,,495.5420337646652,13.393027939585545,29.230447941554523,401.0,34492.277915031766,911445.0,13894159.454621583,4412716.918930973,481857.040167668,70.92254054054054,29.230447941554523,401.0,1055.4460938321336,3759.7531914893616,0.17481611443418257,0.4287299505699587,3.702056865717746,0.0819255078725333,0.0,37,0.46962298768221933,0.417182599209055,0.19015775773716212,1.0,89.18495297805643,87.3040752351097,92.31974921630093,82.9153605015674,80.25078369905955,85.26645768025078,80.09404388714734,87.3040752351097,72.41379310344827,45.61128526645768,81.50470219435736,62.38244514106584,80.71,24.498567335243553,1,0.3333,N/A,,,,0.0,25.7
US.V,2026-05-09,1548705.0,1548705.0,1050,1050,1737,1737.0,24.335,-0.411631775,603937440012.03,14.252930301513846,14.252930301513846,0.6044905008635578,0.6044905008635578,0.027968179115969653,0.027968179115969653,637496.188101375,1151889.0184746902,13255.014538965,24.335,0.6044905008635578,0.6044905008635578,1474.9571428571428,1474.9571428571428,0.10669018592543067,0.10669018592543067,0.07632308135166646,0.007462686567164179,27.12673645337948,1,0.0,0.0,0.0,,26.64576802507837,10.815047021943574,11.128526645768025,35.10971786833856,67.0846394984326,22.727272727272727,12.225705329153605,10.815047021943574,46.86520376175549,18.181818181818183,28.605015673981192,26.332288401253916,24.32,84.38395415472779,3,1.0,ACTIVE,,2026-05-07,ATM,30.0,56.25
US.VIAV,2026-05-09,3107932.0,2284477.0,12956,11695,19709,9854.5,90.42500000000001,0.44979677249999994,11978422022.7,28.262913506515808,14.131456753257904,0.5636071259525948,0.9595503774204135,0.028990823290610916,0.03660155769594712,1185293.8244713289,108195.996087306,148081.819709323,90.42500000000001,0.5636071259525948,0.9595503774204135,424.1776843300122,653.0174464710548,0.48715410304976353,0.7450980392156864,4.396841276631381,0.08362369337979093,23.20637270340394,2,0.0,0.0,0.0,,43.103448275862064,17.86833855799373,13.793103448275861,47.96238244514107,29.153605015673982,70.0626959247649,91.22257053291536,17.86833855799373,26.01880877742947,63.793103448275865,28.605015673981192,26.332288401253916,32.78,24.498567335243553,1,0.3333,N/A,,,,0.0,17.71
US.VITL,2026-05-09,2591350.0,2591350.0,4460,4460,30464,30464.0,252.293,-0.918404997,383065178.76,14.767689919300075,14.767689919300075,0.14640231092436976,0.14640231092436976,0.09514843059707104,0.09514843059707104,2379908.78897595,4598.6770851,133342.37914605002,252.293,0.14640231092436976,0.14640231092436976,581.0201793721973,581.0201793721973,0.09306569343065706,0.09306569343065706,18.065998131437272,0.14285714285714285,19.763715714806576,1,0.0,0.0,1.0,0.0,29.153605015673982,1.09717868338558,27.74294670846395,61.28526645768025,4.702194357366771,68.65203761755487,100.0,1.09717868338558,23.197492163009404,16.614420062695924,28.605015673981192,94.35736677115987,38.82,24.498567335243553,1,0.3333,N/A,,,,0.0,18.72
US.VRT,2026-05-09,4944246.0,1455980.0,3070,723,10957,1369.625,65.601,0.09354079474999999,130585474175.52,105.68618361228415,13.21077295153552,3.021162010923607,10.632352941176471,0.14009341250074386,0.38376859044123796,2264354.09630561,1646909.336731648,29381.758544184002,65.601,3.021162010923607,10.632352941176471,1743.1373888445123,3294.072398190045,0.14743961894657276,0.4382331978502495,1.795677298573394,0.04767415265990594,25.595293823839675,8,0.8893631168354742,1.2038765254845656,0.2944796840610277,0.0,73.1974921630094,56.739811912225704,46.39498432601881,60.3448275862069,70.6896551724138,41.06583072100313,74.13793103448276,56.739811912225704,68.80877742946709,46.08150470219436,89.18495297805643,68.49529780564264,62.05,84.38395415472779,3,1.0,ACTIVE,,2026-05-07,DEEP_ITM,30.0,62.53
US.VSH,2026-05-09,1012845.0,1012845.0,5994,5994,40,40.0,83.228,0.290708131,4662965351.1,13.828274747982043,13.828274747982043,149.85,149.85,7.390871278458844,7.390871278458844,294442.27694269497,51823.01052117,27931.351144934997,83.228,149.85,149.85,168.97647647647648,168.97647647647648,0.5276595744680852,0.5276595744680852,0.6170177860650866,0.014285714285714285,22.26291742435683,1,0.0,0.0,0.0,,23.667711598746084,80.25078369905955,78.68338557993731,19.59247648902821,19.278996865203762,38.87147335423197,87.7742946708464,80.25078369905955,5.956112852664576,53.91849529780565,28.605015673981192,26.332288401253916,47.62,24.498567335243553,1,0.3333,N/A,,,,0.0,20.19
US.VST,2026-05-09,18421637.0,2593736.0,58630,10503,39132,2301.8823529411766,51.51105882352941,-0.03852469988235294,49781640000.0,233.0936294915358,13.711389970090341,7.145079425850101,54.42424242424242,0.15272082701075537,0.6790978830606166,5218486.932226494,3744883.594127318,170999.944494771,51.51105882352941,7.145079425850101,54.42424242424242,643.0781364527636,1740.3780241935483,0.2792432957481272,0.5783582089552238,0.4138647624784887,0.01580118643179167,24.630912078321085,17,0.5270437212124578,0.2404790115098172,0.0,,82.9153605015674,73.98119122257053,56.112852664576806,73.04075235109718,78.99686520376176,73.1974921630094,55.956112852664575,73.98119122257053,50.94043887147336,56.112852664576806,82.44514106583071,26.332288401253916,62.82,84.38395415472779,3,1.0,ONGOING,,2026-05-09,DEEP_OTM,60.0,72.66
US.VTRS,2026-05-09,417709.0,417709.0,2032,2032,2388,2388.0,0.0,0.0,19995369069.18,12.942542690825938,12.942542690825938,0.8509212730318257,0.8509212730318257,0.10187537376262011,0.10187537376262011,0.0,0.0,0.0,0.0,0.8509212730318257,0.8509212730318257,205.5654527559055,205.5654527559055,0.18944854001070802,0.18944854001070802,0.0,0.125,23.718766537198373,1,0.0,0.0,1.0,0.0,4.702194357366771,15.517241379310345,28.683385579937305,1.8025078369905956,1.8025078369905956,1.8025078369905956,1.8025078369905956,15.517241379310345,7.523510971786834,28.369905956112852,28.605015673981192,94.35736677115987,25.7,84.38395415472779,3,1.0,ACTIVE,,2026-05-08,DEEP_ITM,30.0,56.48
US.VZ,2026-05-09,1826505.0,788995.0,7483,2965,17358,5786.0,21.871333333333336,0.240299191,197169891730.2,39.70497606919019,13.234992023063397,0.44700897851908855,0.4913657770800628,0.022076679217076244,0.025319810047207302,949837.8237449909,194088.027076959,123866.473657817,21.871333333333336,0.44700897851908855,0.4913657770800628,236.04634489587048,266.10286677908937,0.07744392353982381,0.08527462304740485,0.11787561746250741,0.009669960058860626,26.007331588610473,3,0.6742012390796822,0.6518763796909492,0.0,,48.11912225705329,8.77742946708464,10.501567398119123,43.41692789968652,39.18495297805642,67.7115987460815,9.404388714733543,8.77742946708464,10.344827586206897,14.890282131661442,85.26645768025078,26.332288401253916,27.95,24.498567335243553,1,0.3333,N/A,,,,0.0,16.91
US.WBD,2026-05-09,1909610.0,1125500.0,36311,25014,142988,47662.666666666664,27.261666666666667,0.18127812533333332,67968475991.22,39.65666158403186,13.218887194677286,0.6316953620624597,1.4988019169329074,0.01389952795945787,0.034262332610132895,384837.440817517,67938.693229599,182013.638984314,27.261666666666667,0.6316953620624597,1.4988019169329074,63.69961928444993,84.13109997362173,0.23212360693427012,0.45896328293736494,0.16495948167341526,0.013568724213612977,24.942309846282512,3,1.4353853413424138,2.2142161635832522,0.0,,47.80564263322884,27.89968652037618,13.322884012539186,24.137931034482758,23.824451410658305,74.13793103448276,16.4576802507837,27.89968652037618,2.507836990595611,47.492163009404386,92.6332288401254,26.332288401253916,31.32,84.38395415472779,3,1.0,ACTIVE,,2026-05-07,ATM,30.0,57.41
US.WDAY,2026-05-09,488927.0,488927.0,1066,1066,435,435.0,63.707,-0.379319848,31917303984.33,13.09997051835244,13.09997051835244,2.4505747126436783,2.4505747126436783,0.08792694320132431,0.08792694320132431,185459.715323096,32617.154768389,16667.015879481998,63.707,2.4505747126436783,2.4505747126436783,458.65572232645405,458.65572232645405,0.9523809523809521,0.9523809523809521,4.737263326210496,0.125,24.18641414434847,1,0.0,0.0,0.0,,6.112852664576803,33.5423197492163,26.332288401253916,9.404388714733543,13.009404388714735,26.17554858934169,71.47335423197492,33.5423197492163,18.96551724137931,70.0626959247649,28.605015673981192,26.332288401253916,26.87,84.38395415472779,3,1.0,ACTIVE,,2026-05-08,ATM,30.0,56.67
US.WDC,2026-05-09,22613424.0,10560344.0,13547,4879,5698,407.0,81.36507142857144,0.16435608964285714,165447422880.0,191.8406232484185,13.702901660601322,4.10707038710268,21.493392070484582,0.1529736233837667,1.0340447154471544,12874126.234912876,10235027.18100229,78578.795181016,81.36507142857144,4.10707038710268,21.493392070484582,2529.9362527484436,9479.662477558348,0.35536339173621384,1.291759465478842,3.8779250296171606,0.08201109480427178,25.831919294770838,14,0.22150664858685626,0.31473214285714285,0.4669944719561266,0.0,80.72100313479625,65.04702194357367,60.50156739811913,82.60188087774296,87.7742946708464,59.87460815047022,86.36363636363636,65.04702194357367,89.96865203761756,77.4294670846395,70.53291536050156,74.60815047021944,73.16,84.38395415472779,3,1.0,ONGOING,,2026-05-09,ATM,60.0,74.39
US.WFC,2026-05-09,18074728.0,4306884.0,81241,27981,64237,5353.083333333333,30.700833333333332,0.013401343083333331,231472733326.16,166.89129607158685,13.907608005965571,2.7425388160120296,11.197530864197532,0.19720315564089488,1.757383904263862,10058462.871561455,2041796.24002978,612946.17020214,30.700833333333332,2.7425388160120296,11.197530864197532,389.31285477759985,1187.6061776061777,0.5681597700600033,2.8000000000000003,0.4201000955064674,0.024841521938222973,26.167727920931725,12,0.6955543443898586,4.096675031367629,0.4765296606399831,0.0,79.3103448275862,57.210031347962385,67.24137931034483,79.9373040752351,73.51097178683386,86.99059561128527,21.9435736677116,57.210031347962385,41.37931034482759,90.28213166144201,86.05015673981191,75.23510971786834,67.98,84.38395415472779,3,1.0,ACTIVE,,2026-05-08,DEEP_ITM,30.0,63.52
US.WHR,2026-05-09,3320099.0,1385195.0,17432,11668,13014,3253.5,56.66275,-0.032373515500000005,2914447520.16,54.19935762524302,13.549839406310754,4.782321538059335,10.083743842364532,0.3445552560253604,0.8582560524516593,1948955.056697532,119174.55851630801,118649.72463889999,56.66275,4.782321538059335,10.083743842364532,344.3263196484578,635.1192113709308,0.4415146186947939,0.7881206873224192,1.2581788265317269,0.04978910691362552,21.792946109166646,4,1.6674360758364815,3.865196762489534,0.41721496858979207,0.0,58.15047021943573,55.64263322884012,58.93416927899686,58.15047021943573,31.03448275862069,67.39811912225704,64.1065830721003,55.64263322884012,25.07836990595611,65.20376175548589,93.73040752351098,72.88401253918495,59.42,24.498567335243553,1,0.3333,N/A,,,,0.0,22.15
US.WMS,2026-05-09,1074615.0,773965.0,1719,860,48,24.0,50.676500000000004,0.12812873349999998,11154647772.0,26.172988626547347,13.086494313273674,71.84494773519164,122.71428571428571,2.158770779397738,2.999301675977654,472376.48632192996,193039.66103921502,17199.282090065,50.676500000000004,71.84494773519164,122.71428571428571,624.9796511627907,899.9593023255813,0.018716577540106933,0.037433155080213866,0.6354275106411165,0.024390243902439025,23.13512208862642,2,0.3884542582674927,0.9988372093023256,0.0,,32.445141065830725,78.68338557993731,71.47335423197492,28.996865203761757,38.71473354231975,26.959247648902824,54.38871473354232,78.68338557993731,35.10971786833856,7.523510971786834,78.68338557993731,26.332288401253916,50.21,24.498567335243553,1,0.3333,N/A,,,,0.0,20.62
US.WMT,2026-05-09,2812518.0,623990.0,15374,7747,45423,6489.0,30.802857142857142,0.5686354627142857,1039656292871.45,90.07998896368431,12.868569851954902,0.48184605186138185,1.071481757259866,0.020963334841746808,0.09380585784877471,1634741.74836434,205610.085925068,129554.99941267501,30.802857142857142,0.48184605186138185,1.071481757259866,554.9579716519256,1223.5098039215686,0.28464737529721157,0.857142857142857,2.001976620302201,0.09608843537414967,27.669911286836115,7,0.0,0.0,0.33081103836491,0.0,71.31661442006269,22.570532915360502,27.429467084639498,54.858934169278996,40.28213166144201,68.18181818181817,22.10031347962382,22.570532915360502,41.84952978056427,67.39811912225704,28.605015673981192,70.0626959247649,43.89,58.73925501432665,2,0.6667,ACTIVE,,2026-05-08,DEEP_ITM,30.0,46.68
US.WSC,2026-05-09,1157843.0,661078.0,3934,2416,4984,2492.0,68.519,0.453764595,5085950479.9,26.517502996833592,13.258751498416796,0.8194934422823003,0.910617876424715,0.0972118909022245,0.14112721939597844,599947.58186682,4051.6670715620003,21606.52460945,68.519,0.8194934422823003,0.910617876424715,320.5537029705346,435.4927536231884,2.8290875828950375,3.4,5.445226361949714,0.14285714285714285,22.34974776754424,2,0.0,0.0,1.0,0.0,33.69905956112852,16.614420062695924,32.60188087774294,34.1692789968652,4.38871473354232,32.445141065830725,76.8025078369906,16.614420062695924,18.181818181818183,92.16300940438872,28.605015673981192,94.35736677115987,39.88,24.498567335243553,1,0.3333,N/A,,,,0.0,18.9
US.WYNN,2026-05-09,46957065.0,28622792.0,31691,16692,14591,4863.666666666667,38.523,0.7755133316666667,10629836784.18,46.56761327916901,15.522537759723003,62.26195084697781,160.5,9.501366870631982,26.871622129091374,37645414.34366891,6842562.984797438,650235.3753753,38.523,62.26195084697781,160.5,1190.5102432441874,1714.7610831536065,0.0961401204407923,0.13869360192066726,0.49389013299155876,0.021918322999125883,23.086930675013058,3,0.0,0.0,0.993079358771678,1.0,55.172413793103445,81.03448275862068,83.69905956112854,90.12539184952978,84.32601880877742,87.61755485893417,36.52037617554859,81.03448275862068,50.470219435736674,22.570532915360502,28.605015673981192,88.24451410658307,72.62,24.498567335243553,1,0.3333,N/A,,,,0.0,24.35
US.XOM,2026-05-09,3461112.0,781613.0,5037,2276,35678,5946.333333333333,15.855833333333331,0.26275678333333335,599235011210.34,79.39425338971184,13.232375564951973,0.22301046689438367,0.4173849257289565,0.017953687888179894,0.05780373047440904,1399793.667287791,456063.522035935,44638.377465988,15.855833333333331,0.22301046689438367,0.4173849257289565,1220.2322131981061,2103.8838028169016,0.11746849927169484,0.2358974358974359,0.42302987341134163,0.03632929417299819,27.118919697367925,6,0.291701172495306,0.8243390076059399,0.45893516303430804,0.0,67.7115987460815,7.053291536050156,18.808777429467085,51.09717868338558,52.97805642633229,48.90282131661442,5.4858934169279,7.053291536050156,55.4858934169279,33.07210031347962,74.45141065830721,73.98119122257053,40.83,84.38395415472779,3,1.0,ONGOING,,2026-05-09,ATM,60.0,69.0
US.XPEV,2026-05-09,307457.0,307457.0,1704,1704,16841,16841.0,61.345,0.496970329,14934739666.0,12.636093771534226,12.636093771534226,0.10118164004512796,0.10118164004512796,0.011687872890538083,0.011687872890538083,152797.006443353,11564.504046171,21205.580774530998,61.345,0.10118164004512796,0.10118164004512796,180.43251173708921,180.43251173708921,0.061111111111111165,0.061111111111111165,0.24679024655120943,0.007462686567164179,23.4269558573946,1,0.0,0.0,0.0,,0.6269592476489028,0.1567398119122257,4.231974921630094,7.993730407523511,7.053291536050156,31.974921630094045,69.12225705329153,0.1567398119122257,6.426332288401254,11.285266457680251,28.605015673981192,26.332288401253916,13.16,24.498567335243553,1,0.3333,N/A,,,,0.0,14.44
US.XYZ,2026-05-09,4960647.0,1279830.0,17825,6402,28162,4023.1428571428573,53.12614285714285,0.4734127434285714,44549297850.0,93.7503727365099,13.392910390929986,3.604904512086481,20.545454545454547,0.12123097872919637,0.5078885042812898,2645808.341224451,340801.156925172,230924.217390001,53.12614285714285,3.604904512086481,20.545454545454547,732.2766776371819,2357.5,0.7079805583679236,1.2623490669593853,2.0029668888778067,0.06484160828510509,24.51986222981871,7,0.22156856033527683,0.10017281817059623,0.24063615088918844,0.0,71.78683385579937,64.42006269592476,50.313479623824456,63.322884012539184,48.589341692789965,77.11598746081505,59.09090909090909,64.42006269592476,59.09090909090909,77.11598746081505,70.6896551724138,65.98746081504702,62.94,84.38395415472779,3,1.0,ACTIVE,,2026-05-07,ATM,30.0,62.68
US.ZS,2026-05-09,4755185.0,1983919.0,1828,920,1336,445.3333333333333,50.249,0.46423223599999996,24461089647.39,42.65279347990431,14.217597826634771,1.649064553785112,2.654970760233918,0.3714712579752539,0.7626283768537451,2249293.162986396,334493.38346163195,17144.261965099002,50.249,1.649064553785112,2.654970760233918,3156.663889420928,4369.86563876652,0.0779135342703317,0.17269076305220887,0.665825207725334,0.057539682539682536,23.920349514389404,3,0.0,0.0,0.8107581513652992,0.0,53.13479623824452,34.639498432601876,57.83699059561128,60.18808777429467,48.43260188087774,26.64576802507837,53.76175548589342,34.639498432601876,76.48902821316614,26.01880877742947,28.605015673981192,84.32601880877742,52.86,58.73925501432665,2,0.6667,ACTIVE,,2026-05-08,DEEP_ITM,30.0,48.18
US.ZTS,2026-05-09,327692.0,327692.0,1103,1103,80,80.0,35.82,0.34206631,34724665013.94,12.69983247345784,12.69983247345784,13.7875,13.7875,0.49452493058070746,0.49452493058070746,112092.39325652,43608.866977284,9271.038797868001,35.82,13.7875,13.7875,297.0915684496827,297.0915684496827,0.5190937134347411,0.5190937134347411,0.2762356253711193,0.014084507042253521,24.270716078742304,1,0.0,0.0,0.0,,1.2539184952978055,59.71786833855799,50.0,5.6426332288401255,16.4576802507837,15.360501567398119,32.445141065830725,59.71786833855799,11.755485893416928,52.97805642633229,28.605015673981192,26.332288401253916,32.03,84.38395415472779,3,1.0,ACTIVE,,2026-05-08,DEEP_ITM,30.0,57.53
