stock_owner,trade_date,turnover_sum,turnover_max,volume_sum,volume_max,option_open_interest_sum,option_open_interest_mean,option_implied_volatility_mean,option_delta_mean,market_val_last,cf_log_turnover_sum,cf_log_turnover_mean,cf_churn_mean,cf_churn_max,cf_notional_churn_mean,cf_notional_churn_max,cf_delta_flow_sum,cf_vega_flow_sum,cf_gamma_flow_sum,cf_iv_level_mean,cf_volume_oi_ratio_mean,cf_volume_oi_ratio_max,cf_turnover_per_contract_mean,cf_turnover_per_contract_max,cf_intraday_range_mean,cf_intraday_range_max,cf_theta_vega_ratio_mean,cf_dte_weight_mean,cf_market_val_log_last,contracts,uf_pcr_turnover,uf_pcr_volume,deep_turnover_share,deep_churning_count,fscore_cf_log_turnover,fscore_cf_churn,fscore_cf_notional_churn,fscore_cf_delta_flow,fscore_cf_vega_flow,fscore_cf_gamma_flow,fscore_cf_iv_level,fscore_cf_volume_oi_ratio,fscore_cf_turnover_per_contract,fscore_cf_intraday_range,fscore_uf_pcr_turnover,fscore_uf_deep_itm_share,daily_score,persist_score,active_days,persistence_ratio,stop_status,stop_date,peak_date,dominant_bucket,stop_bonus,final_score
US.AA,2026-05-08,1272902.0,1272902.0,1946,1946,378,378.0,51.676,-0.509783351,16530061770.0,14.05681067667875,14.05681067667875,5.148148148148148,5.148148148148148,0.537590295093488,0.537590295093488,648904.247054602,140007.743515568,35973.82074103,51.676,5.148148148148148,5.148148148148148,654.1120246659815,654.1120246659815,0.07413887694429204,0.07413887694429204,0.33585486424960065,0.013888888888888888,23.528446485674962,1,0.0,0.0,0.0,,24.168514412416854,44.12416851441242,50.77605321507761,36.36363636363637,35.69844789356985,46.11973392461197,56.98447893569845,44.12416851441242,25.055432372505543,14.19068736141907,28.04878048780488,24.27937915742794,36.82,27.884615384615387,1,0.5,N/A,,,,0.0,20.08
US.AAL,2026-05-08,2113604.0,1569176.0,84315,69869,30311,15155.5,55.329499999999996,-0.2786259315,8717056105.66,27.473554654055313,13.736777327027657,2.448052709174364,3.500626283881958,0.04977676306805123,0.05965096429471008,451636.273923556,20092.296934332,342355.385662528,55.329499999999996,2.448052709174364,3.500626283881958,30.072970357589774,37.68711061885643,0.4484478935698447,0.4878048780487804,2.04102497490763,0.06718346253229973,22.888547415419517,2,0.0,0.0,0.0,,38.80266075388026,39.689578713968956,19.51219512195122,28.159645232815965,10.42128603104213,81.81818181818183,63.8580931263858,39.689578713968956,0.4434589800443459,50.332594235033255,28.04878048780488,24.27937915742794,31.89,77.88461538461539,2,1.0,ONGOING,,2026-05-09,DEEP_OTM,60.0,64.26
US.AAON,2026-05-08,10137883.0,3635488.0,3399,944,3664,610.6666666666666,56.85216666666667,0.6374464335,10587088517.5,84.48853693035953,14.081422821726589,171.67969752066242,938.0,114865.65960001912,689169.0,5594180.534853531,448247.839080234,24619.483591538003,56.85216666666667,171.67969752066242,938.0,3150.9773430776804,4322.730666666666,2.244135731870711,3.9695857367593073,3.0941003693501217,0.07741138377641445,23.082901031328714,6,0.0,0.0,0.9320204228042482,1.0,68.95787139689578,92.90465631929047,90.46563192904657,72.50554323725056,55.210643015521065,38.58093126385809,65.18847006651885,92.90465631929047,74.94456762749445,94.01330376940133,28.04878048780488,84.03547671840354,76.01,27.884615384615387,1,0.5,N/A,,,,0.0,26.61
US.AAPL,2026-05-08,460359464.0,71673447.0,1098458,134992,1403579,10025.564285714287,25.745964285714287,0.26740410965714284,4221483923588.0,1995.8286820954331,14.255919157824522,2.3001030085866327,77.28846153846153,0.05749196291404938,1.9871288604653714,207217927.85054055,142482308.1798889,10381913.22550371,25.745964285714287,2.3001030085866327,77.28846153846153,1475.7402124448531,7625.032520325203,0.585801809224276,3.6774193548387095,3.132065858212684,0.10136748879794791,29.07120782282628,140,0.10162456310721663,0.13817578209187817,0.16134110365546867,0.0,97.5609756097561,75.60975609756098,67.40576496674058,97.11751662971176,97.78270509977827,98.89135254988913,16.62971175166297,75.60975609756098,87.58314855875831,92.6829268292683,62.52771618625277,56.76274944567628,75.53,77.88461538461539,2,1.0,ONGOING,,2026-05-09,ATM,60.0,71.53
US.ABBV,2026-05-08,4051747.0,1779866.0,5146,3858,2471,617.75,13.68975,0.12827020449999998,358545821441.67,54.86542994206998,13.716357485517495,3.613923377551836,6.818181818181818,0.4240135872256181,1.22800821594665,459922.866096864,320633.65782020404,14442.858986571,13.68975,3.613923377551836,6.818181818181818,2053.4171706225443,3650.9666666666667,0.09744209307020311,0.14234875444839853,0.11862602532573845,0.06370595764205848,26.605322303163494,4,6.294569958969983,15.13166144200627,0.709608966206429,0.0,59.42350332594235,50.554323725055426,61.86252771618626,28.60310421286031,49.44567627494457,26.164079822616408,5.543237250554324,50.554323725055426,70.50997782705099,25.055432372505543,97.78270509977827,77.8270509977827,55.05,27.884615384615387,1,0.5,N/A,,,,0.0,23.12
US.ABNB,2026-05-08,6997804.0,1448282.0,14098,4802,11431,1428.875,103.964625,0.31610952475,83507016895.92,109.18004005435667,13.647505006794583,13.7701089530588,100.16666666666667,1.3316186135832508,10.22733637097157,3478377.489222764,657482.7940080679,161979.924477692,103.964625,13.7701089530588,100.16666666666667,762.7814596771273,1434.1414309484194,0.25483605600694204,0.5831783218541049,43.40536254079956,0.26653343023255816,25.148196499966158,8,0.4222019709369216,0.3094928478543563,0.2349865757886331,1.0,72.9490022172949,77.38359201773835,80.48780487804879,66.29711751662971,61.86252771618626,71.17516629711751,94.90022172949001,77.38359201773835,45.23281596452328,56.54101995565411,78.49223946784922,61.4190687361419,71.16,77.88461538461539,2,1.0,ACTIVE,,2026-05-08,ATM,30.0,60.8
US.ABT,2026-05-08,24891585.0,3145000.0,9940,1200,12453,1037.75,7.47075,-0.16428729108333331,151555162529.54,173.9748994441732,14.497908287014432,0.9430477584547313,1.6523887973640856,0.281436843497319,0.6319103261983391,4172140.651500378,38053.506133324,43317.48168935,7.47075,0.9430477584547313,1.6523887973640856,2591.5116330698056,3705.6134969325153,0.05720221112941117,0.13368983957219252,0.05704410638220516,0.06602429423555266,25.744215504736673,12,0.0,0.0,1.0,0.0,78.93569844789357,29.933481152993345,54.32372505543237,69.40133037694012,16.62971175166297,47.893569844789354,4.434589800443459,29.933481152993345,71.17516629711751,23.725055432372503,28.04878048780488,93.23725055432372,52.15,77.88461538461539,2,1.0,ONGOING,,2026-05-09,DEEP_ITM,60.0,67.63
US.ACN,2026-05-08,13105870.0,7839610.0,1310,564,292,73.0,19.768,-0.2382345195,110625716700.92,58.965428060588984,14.741357015147246,4.471835169661257,5.127272727272727,2.386858343848791,3.9552240311993905,1295814.7278451798,35232.73013259,6939.0424395,19.768,4.471835169661257,5.127272727272727,9210.42702109132,13900.017730496455,0.019797427615736232,0.02861545234426584,1.028461641836973,0.04521963824289406,25.429418418914942,4,0.0,0.0,1.0,1.0,62.3059866962306,43.90243902439025,76.05321507760532,49.889135254988915,15.521064301552107,12.195121951219512,9.312638580931264,43.90243902439025,94.2350332594235,6.651884700665188,28.04878048780488,93.23725055432372,54.43,27.884615384615387,1,0.5,N/A,,,,0.0,23.01
US.ADBE,2026-05-08,5320463.0,2177554.0,7199,4948,5260,1315.0,47.2555,0.44316703125,103681342000.0,55.69198519523833,13.922996298809583,344.8490260098631,1377.0,544388.5170386739,2177554.0,2229012.582245753,1504812.058634938,72257.18572363499,47.2555,344.8490260098631,1377.0,1275.290572216456,1931.4884615384615,0.3372600463953941,0.8757637474541753,1.1638666824650734,0.04430764553883569,25.364588013149092,4,0.0,0.0,0.0,,60.75388026607539,94.90022172949001,97.5609756097561,60.75388026607539,71.17516629711751,58.98004434589801,49.667405764966745,94.90022172949001,52.106430155210646,68.73614190687361,28.04878048780488,24.27937915742794,65.76,77.88461538461539,2,1.0,ONGOING,,2026-05-09,ATM,60.0,69.9
US.ADI,2026-05-08,750416.0,750416.0,652,652,740,740.0,73.91,0.660986018,199441162217.64,13.528384331001762,13.528384331001762,0.8810810810810811,0.8810810810810811,0.02482315861342592,0.02482315861342592,496014.483683488,57230.381687584,17833.350331504,73.91,0.8810810810810811,0.8810810810810811,1150.9447852760736,1150.9447852760736,0.007797017640752362,0.007797017640752362,40.11704687271889,0.5,26.01878510355468,1,0.0,0.0,0.0,,19.06873614190687,16.4079822616408,9.977827050997783,30.820399113082043,22.61640798226164,29.046563192904657,84.03547671840354,16.4079822616408,39.91130820399113,4.434589800443459,28.04878048780488,24.27937915742794,24.17,77.88461538461539,2,1.0,ONGOING,,2026-05-09,DEEP_ITM,60.0,62.97
US.AEP,2026-05-08,27431308.0,6686400.0,15977,5164,2347,234.7,14.836099999999998,0.2909584464,71691268870.8,146.68962298010564,14.668962298010564,7.719699371663154,9.038461538461538,1.566904435867988,3.1221101303068517,6414018.86098376,81817.0289036,48067.75160712,14.836099999999998,7.719699371663154,9.038461538461538,2571.152994113366,4551.31914893617,0.043428235987543765,0.0715012075759502,1.1914332722269614,0.05839793281653747,24.995634804079863,10,0.0,0.0,0.866778354134626,1.0,76.94013303769401,53.88026607538803,72.06208425720621,74.72283813747228,27.93791574279379,50.332594235033255,5.986696230598669,53.88026607538803,77.16186252771618,13.747228381374724,28.04878048780488,82.92682926829268,59.56,27.884615384615387,1,0.5,N/A,,,,0.0,23.87
US.AKAM,2026-05-08,8833973.0,2004770.0,9899,1483,19570,2446.25,172.4705,0.396571144875,17179457471.12,110.63209435173026,13.829011793966282,1.438162890684513,6.5,0.10900787148820806,0.49252560202245266,5596829.06950312,449073.06832881,133539.784147534,172.4705,1.438162890684513,6.5,925.8989825820692,1700.248031496063,0.2810767022045341,0.42812499999999987,50.54142509353321,0.1973514211886305,23.566980173965476,8,0.20321349150495172,0.34205531453362253,0.4224851038145577,0.0,73.17073170731707,49.667405764966745,48.55875831485588,72.72727272727273,55.432372505543235,68.95787139689578,98.4478935698448,49.667405764966745,49.00221729490023,45.45454545454545,68.51441241685144,68.29268292682927,61.11,77.88461538461539,2,1.0,ONGOING,,2026-05-09,DEEP_ITM,60.0,69.13
US.ALB,2026-05-08,2352876.0,1527544.0,1160,616,6792,3396.0,61.5925,0.411871467,23392338025.85,27.862714649736965,13.931357324868483,0.19882644115562675,0.2683769116921559,0.018344973059663334,0.02052781525533356,1055381.049108176,654862.2056043961,19714.921845916,61.5925,0.19882644115562675,0.2683769116921559,1998.4668162719634,2479.779220779221,0.9626055880441846,0.968421052631579,0.6146776103105166,0.01857235142118863,23.875674370941603,2,0.0,0.0,0.0,,40.57649667405765,3.9911308203991127,9.090909090909092,45.45454545454545,61.64079822616409,31.263858093126384,69.62305986696231,3.9911308203991127,59.64523281596452,71.17516629711751,28.04878048780488,24.27937915742794,29.64,77.88461538461539,2,1.0,ONGOING,,2026-05-09,DEEP_OTM,60.0,63.88
US.AMAT,2026-05-08,9101465.0,2474482.0,3641,1002,4233,705.5,77.54833333333333,0.7407815678333334,325887955784.88,84.89172595091362,14.148620991818937,4.729692021255596,24.23076923076923,0.7093087412653851,3.983389905438415,7178556.47927122,996266.882859693,52206.745911226,77.54833333333333,4.729692021255596,24.23076923076923,3252.0353298758782,6750.6698412698415,0.1878983712050405,0.5536321702179201,43.466417537560424,0.2974537037037037,26.509819465328487,6,0.0,0.0,0.5055167492266355,1.0,69.17960088691795,66.51884700665188,76.27494456762749,76.49667405764967,66.96230598669624,52.993348115299334,85.80931263858092,66.51884700665188,86.0310421286031,55.432372505543235,28.04878048780488,71.61862527716187,68.73,77.88461538461539,2,1.0,ONGOING,,2026-05-09,ATM,60.0,70.4
US.AMD,2026-05-08,448632249.0,43276606.0,380510,20735,410812,2551.6273291925468,70.38522360248447,0.18278040214906835,666035137005.94,2313.589128986849,14.370118813582915,1.7928195207790971,31.058823529411764,0.06170432409777953,0.6445918817020027,257682449.78988647,121512647.7200608,4291239.519949278,70.38522360248447,1.7928195207790971,31.058823529411764,2576.3518888233625,15171.249201277955,0.5159034415057646,1.7918918918918918,14.46664435133937,0.19111726394602735,27.22460826436381,161,0.27633600946430426,0.4682775492564267,0.2396317233984666,0.0,97.78270509977827,69.17960088691795,54.54545454545454,97.5609756097561,97.33924611973393,97.11751662971176,80.26607538802661,69.17960088691795,95.34368070953437,84.92239467849224,72.9490022172949,61.86252771618626,76.88,77.88461538461539,2,1.0,ONGOING,,2026-05-09,DEEP_ITM,60.0,71.76
US.AMKR,2026-05-08,934355.0,934355.0,1205,1205,912,912.0,77.141,0.502053596,17913746875.86,13.74761280090628,13.74761280090628,1.3212719298245614,1.3212719298245614,0.14176173535402087,0.14176173535402087,469096.28769058,91370.357745285,19712.40885312,77.141,1.3212719298245614,1.3212719298245614,775.3983402489627,775.3983402489627,0.19599752424179906,0.19599752424179906,0.954516917910235,0.023255813953488372,23.608834236993367,1,0.0,0.0,0.0,,21.951219512195124,25.72062084257206,32.37250554323725,29.490022172949004,29.490022172949004,31.042128603104214,85.58758314855875,25.72062084257206,29.933481152993345,31.263858093126384,28.04878048780488,24.27937915742794,30.44,77.88461538461539,2,1.0,ONGOING,,2026-05-09,ATM,60.0,64.02
US.AMZN,2026-05-08,187505511.0,22696052.0,366862,41669,917687,10311.08988764045,35.20506741573034,0.26371054506741576,2917005365760.12,1254.5635868401837,14.096220076855996,0.9739948313715999,10.494252873563218,0.024427532181972467,0.21641444991326003,118039718.88498172,41874408.50147606,3603415.866661294,35.20506741573034,0.9739948313715999,10.494252873563218,1564.2383207026132,17296.263473053892,0.3444500069885383,1.542168674698795,4.323469444486288,0.11510701435492106,28.70157864629174,89,0.1826487294591543,0.39324912461927586,0.3647940513065773,0.0,94.67849223946784,56.31929046563193,37.250554323725055,95.56541019955654,94.67849223946784,96.67405764966742,32.8159645232816,56.31929046563193,95.78713968957871,81.59645232815964,67.1840354767184,66.74057649667405,68.95,77.88461538461539,2,1.0,ACTIVE,,2026-05-08,ATM,30.0,60.43
US.ANET,2026-05-08,2150439.0,593299.0,2817,1760,2609,652.25,52.0025,0.450076869,178491967557.75,52.772330953597816,13.193082738399454,1.5742258655978167,2.790909090909091,0.15806974060266743,0.3256950456950457,951692.776207603,581440.048563805,22496.225190205998,52.0025,1.5742258655978167,2.790909090909091,1239.000281274194,1837.2439024390244,0.279302906500833,0.6,0.35621446105700244,0.012885250571351418,25.907809437482722,4,0.0,0.0,0.0,,56.31929046563193,35.69844789356985,42.12860310421286,43.45898004434589,59.42350332594235,35.254988913525494,57.64966740576497,35.69844789356985,50.99778270509978,58.31485587583148,28.04878048780488,24.27937915742794,41.12,77.88461538461539,2,1.0,ACTIVE,,2026-05-08,ATM,30.0,55.8
US.ANF,2026-05-08,1350510.0,804704.0,1563,811,2217,1108.5,71.14750000000001,0.5752736549999999,3512421597.75,26.808251741995463,13.404125870997731,0.7653160032749717,0.9938725490196079,0.08761559149372455,0.12560907690040735,790521.58747667,138950.595082724,27468.896990795998,71.14750000000001,0.7653160032749717,0.9938725490196079,859.021297911693,992.2367447595561,0.07679267657992098,0.08561149695069169,0.8880829392294869,0.023255813953488372,21.979571550716596,2,0.0,0.0,0.0,,35.033259423503324,21.951219512195124,30.820399113082043,39.91130820399113,35.47671840354767,39.91130820399113,81.37472283813747,21.951219512195124,35.92017738359202,17.073170731707318,28.04878048780488,24.27937915742794,32.05,27.884615384615387,1,0.5,N/A,,,,0.0,19.28
US.APO,2026-05-08,682899.0,682899.0,883,883,799,799.0,36.688,0.607714573,73673370932.98,13.434103714949181,13.434103714949181,1.1051314142678348,1.1051314142678348,0.06688255068032944,0.06688255068032944,415007.674187127,113696.26424939999,16511.649659442002,36.688,1.1051314142678348,1.1051314142678348,773.3850509626274,773.3850509626274,0.2359578279009406,0.2359578279009406,0.48169888870602906,0.023255813953488372,25.022907253808636,1,0.0,0.0,0.0,,17.29490022172949,24.168514412416854,21.507760532150776,26.82926829268293,32.8159645232816,27.494456762749447,35.254988913525494,24.168514412416854,29.711751662971174,34.368070953436806,28.04878048780488,24.27937915742794,25.49,77.88461538461539,2,1.0,ONGOING,,2026-05-09,ATM,60.0,63.19
US.APP,2026-05-08,68944011.0,6422545.0,38904,6008,28785,757.5,78.03823684210526,0.44762240055263164,167590387800.0,536.8701849624141,14.128162762168792,6.686694439176338,103.0,0.34266782718817934,6.769889951289915,36406690.84565633,36122703.23616569,404241.418775613,78.03823684210526,6.686694439176338,103.0,2770.362558584544,9897.462282398452,0.9418418486561341,1.4231351324418757,18.696333530030028,0.2088233632360475,25.84478867132703,38,0.04018639647211751,0.03054223729172737,0.08289163796983033,0.0,90.02217294900223,77.8270509977827,78.27050997782705,91.13082039911308,93.56984478935698,83.37028824833703,86.47450110864744,77.8270509977827,91.7960088691796,80.70953436807096,58.09312638580931,52.54988913525499,77.76,77.88461538461539,2,1.0,ACTIVE,,2026-05-08,ATM,30.0,61.9
US.AR,2026-05-08,1280322.0,1280322.0,4001,4001,49,49.0,40.693,-0.418066195,11268735320.0,14.062622947812471,14.062622947812471,81.65306122448979,81.65306122448979,7.1842233731545955,7.1842233731545955,535259.34691479,109868.72501998799,56696.663007216,40.693,81.65306122448979,81.65306122448979,320.00049987503127,320.00049987503127,0.006837606837606844,0.006837606837606844,0.13478094563230802,0.007407407407407408,23.145297942286103,1,0.0,0.0,0.0,,24.390243902439025,75.83148558758315,78.49223946784922,31.70731707317073,32.15077605321508,53.88026607538803,41.24168514412417,75.83148558758315,13.52549889135255,4.212860310421286,28.04878048780488,24.27937915742794,45.69,27.884615384615387,1,0.5,N/A,,,,0.0,21.56
US.ARM,2026-05-08,73392237.0,6685382.0,89512,9946,82315,1496.6363636363637,84.88390909090909,0.045956372981818185,226984184000.0,763.2172240202259,13.876676800367743,2.07798329645447,21.376470588235293,0.1312145042953767,1.3727175810628287,31746262.320500083,17257966.09851529,801922.203640604,84.88390909090909,2.07798329645447,21.376470588235293,1397.0601995356042,4215.5568345323745,0.47445977103414777,1.0518114530580442,20.208660978669585,0.2124373230114828,26.14814617799606,55,0.39468206208869155,0.5029887836657936,0.067024595530451,0.0,92.46119733924611,64.7450110864745,63.19290465631929,90.02217294900223,91.35254988913526,89.3569844789357,90.2439024390244,64.7450110864745,74.50110864745011,73.17073170731707,77.8270509977827,51.44124168514412,72.94,77.88461538461539,2,1.0,ACTIVE,,2026-05-08,ATM,30.0,61.1
US.ASML,2026-05-08,4219791.0,2124701.0,790,314,459,153.0,47.975,-0.07839676833333335,584524430739.0,42.20824528476864,14.06941509492288,119.20131291028447,200.0,708234.4960545312,2124701.0,1960264.670333917,6042543.582372905,9956.179082916,47.975,119.20131291028447,200.0,5962.024267362071,10623.505,0.20721962482931977,0.4075799447295696,1.6734309505402745,0.06053879966923445,27.09406441465826,3,2.1344267725987023,1.8623188405797102,0.0,,51.44124168514412,81.92904656319291,97.33924611973393,59.20177383592018,84.70066518847007,18.403547671840354,50.77605321507761,81.92904656319291,92.01773835920177,45.01108647450111,93.79157427937915,24.27937915742794,66.57,77.88461538461539,2,1.0,ONGOING,,2026-05-09,ATM,60.0,70.04
US.ATI,2026-05-08,2187951.0,1472527.0,2406,1204,1629,814.5,45.536500000000004,0.46831347749999996,22198279655.82,27.683123260288745,13.841561630144373,1.9873249887481905,2.9950248756218905,0.0915948972096633,0.1094099158700534,1111715.657589667,463702.321282506,33290.180923652995,45.536500000000004,1.9873249887481905,2.9950248756218905,909.6350199833057,1225.0640599001663,0.10377138176515521,0.1709677419354838,0.5770748238978489,0.023255813953488372,23.823280629885875,2,0.0,0.0,0.0,,40.133037694013304,37.250554323725055,29.268292682926827,46.34146341463415,56.09756097560976,44.12416851441242,47.45011086474501,37.250554323725055,41.24168514412417,27.27272727272727,28.04878048780488,24.27937915742794,36.52,27.884615384615387,1,0.5,N/A,,,,0.0,20.03
US.AVAV,2026-05-08,11034162.0,2077707.0,4048,1025,2601,371.57142857142856,52.78442857142857,0.035807329857142856,8397898942.74,99.67012856070305,14.238589794386149,203.94487801094746,1013.0,560448.7822147165,2077707.0,5773617.179084037,2144350.470904348,69768.600741271,52.78442857142857,203.94487801094746,1013.0,3111.0664927690627,4921.1466666666665,0.0816800366619662,0.18272727272727277,0.4941955450227917,0.045050991973016596,22.85124738576378,7,0.48915560016988596,0.22741055184960582,0.5220029395979504,1.0,71.84035476718404,93.79157427937915,97.11751662971176,73.39246119733924,75.16629711751663,58.09312638580931,58.536585365853654,93.79157427937915,80.04434589800444,28.38137472283814,80.48780487804879,72.50554323725056,79.12,27.884615384615387,1,0.5,N/A,,,,0.0,27.13
US.AVGO,2026-05-08,105396831.0,17712933.0,96813,10029,182685,2537.2916666666665,49.596125,0.028189575986111118,1953334705991.04,999.9636345237004,13.888383812829172,17.718350631051724,562.0,19171.23954692661,726944.0,55359745.04726274,48270483.860268585,856865.640081924,49.596125,17.718350631051724,562.0,1961.650494293554,7137.821008403362,0.7142381117553814,3.952153110047847,6.736607212720214,0.14101284725930519,28.300559133575412,72,0.5741159143020154,0.6552626179729175,0.28292006236885814,0.0,93.34811529933481,90.02217294900223,91.13082039911308,93.56984478935698,95.1219512195122,89.80044345898004,52.77161862527716,90.02217294900223,86.47450110864744,93.79157427937915,82.48337028824834,63.63636363636363,84.78,77.88461538461539,2,1.0,ONGOING,,2026-05-09,ATM,60.0,73.07
US.AXON,2026-05-08,1101686.0,1101686.0,540,540,874,874.0,127.295,0.84980945,34395466884.89,13.912353199312998,13.912353199312998,0.6178489702517163,0.6178489702517163,0.029527754163434082,0.029527754163434082,936223.1737327,55997.45447482,9271.779460826,127.295,0.6178489702517163,0.6178489702517163,2040.1592592592592,2040.1592592592592,1.4849967279733114,1.4849967279733114,67.57303190096495,0.5,24.261190616069502,1,0.0,0.0,0.0,,23.28159645232816,11.973392461197339,12.195121951219512,42.350332594235034,22.394678492239468,16.62971175166297,96.89578713968959,11.973392461197339,53.65853658536586,80.93126385809313,28.04878048780488,24.27937915742794,28.13,27.884615384615387,1,0.5,N/A,,,,0.0,18.63
US.AXP,2026-05-08,506115.0,506115.0,500,500,1379,1379.0,32.049,-0.260392584,217450614119.67,13.13452117100792,13.13452117100792,0.36258158085569253,0.36258158085569253,0.011516393786738136,0.011516393786738136,131788.59265116,316494.35443696496,2679.555517515,32.049,0.36258158085569253,0.36258158085569253,1012.23,1012.23,0.09077306733167083,0.09077306733167083,0.10728947953756628,0.007407407407407408,26.105237600178622,1,0.0,0.0,0.0,,9.312638580931264,5.543237250554324,3.5476718403547673,7.760532150776053,49.00221729490023,5.764966740576496,26.164079822616408,5.543237250554324,37.6940133037694,18.403547671840354,28.04878048780488,24.27937915742794,15.91,77.88461538461539,2,1.0,ONGOING,,2026-05-09,DEEP_OTM,60.0,61.59
US.BA,2026-05-08,20426919.0,2488578.0,59510,10838,109077,4742.478260869565,36.76426086956521,0.20739575130434781,182121487530.93,312.80804451637675,13.600349761581597,0.8758567414320902,3.3537906137184117,0.01610037190345658,0.07646655879733094,8362705.578038325,4114201.635041888,450389.552426824,36.76426086956521,0.8758567414320902,3.3537906137184117,795.0869655205842,3697.7384843982168,1.653919978970049,8.97560975609756,5.892138387523955,0.1462148972725596,25.927939815246592,23,0.19445754764560766,0.12433637514406091,0.15000686104448743,0.0,85.36585365853658,38.80266075388026,23.503325942350333,78.49223946784922,79.82261640798227,84.92239467849224,35.47671840354767,38.80266075388026,70.95343680709534,97.33924611973393,67.84922394678492,56.31929046563193,56.91,77.88461538461539,2,1.0,ONGOING,,2026-05-09,ATM,60.0,68.43
US.BABA,2026-05-08,27123291.0,3404644.0,49716,10353,248531,10805.695652173914,52.79321739130435,0.36608085495652176,338265872763.0,317.9635526873282,13.8245022907534,0.28379076279776355,1.149113660062565,0.0157373094764245,0.0864720800790017,12410556.54986524,4121614.6023502313,559667.732170982,52.79321739130435,0.28379076279776355,1.149113660062565,811.5371496977921,1556.5422740524782,0.24475940981978409,0.8938811306753021,4.276918105997714,0.08196469538514643,26.54709802902787,23,0.1589356621353593,0.13266352265737133,0.048093868845045386,0.0,86.25277161862527,24.6119733924612,25.277161862527713,82.48337028824834,80.04434589800444,86.25277161862527,58.758314855875824,24.6119733924612,47.45011086474501,68.95787139689578,65.41019955654102,49.889135254988915,52.44,77.88461538461539,2,1.0,ACTIVE,,2026-05-08,ATM,30.0,57.68
US.BAC,2026-05-08,1129894.0,1129894.0,5068,5068,15264,15264.0,29.372,-0.325675528,374345156840.25,13.937635266017178,13.937635266017178,0.3320230607966457,0.3320230607966457,0.014032882251830655,0.014032882251830655,367978.825034032,129640.068242378,44005.662987892,29.372,0.3320230607966457,0.3320230607966457,222.94672454617205,222.94672454617205,0.14395886889460155,0.14395886889460155,0.09599475535624513,0.007407407407407408,26.648444088024387,1,0.0,0.0,0.0,,23.503325942350333,4.878048780487805,5.543237250554324,24.6119733924612,35.033259423503324,48.55875831485588,22.172949002217297,4.878048780487805,7.760532150776053,25.277161862527713,28.04878048780488,24.27937915742794,18.31,77.88461538461539,2,1.0,ONGOING,,2026-05-09,ATM,60.0,61.99
US.BIDU,2026-05-08,864996.0,864996.0,1519,1519,177,177.0,53.23,0.253252716,47591139414.33,13.67048131769991,13.67048131769991,8.581920903954803,8.581920903954803,0.34939465581235846,0.34939465581235846,219062.586329136,234518.08487329198,6135.128584332,53.23,8.581920903954803,8.581920903954803,569.4509545753785,569.4509545753785,0.08059316569954868,0.08059316569954868,0.209627458280744,0.007407407407407408,24.585912434119567,1,0.0,0.0,0.0,,21.06430155210643,52.993348115299334,43.45898004434589,13.968957871396896,44.345898004434595,10.643015521064301,59.86696230598669,52.993348115299334,21.729490022172946,15.299334811529933,28.04878048780488,24.27937915742794,34.07,77.88461538461539,2,1.0,ONGOING,,2026-05-09,ATM,60.0,64.62
US.BRK.B,2026-05-08,1320365.0,762478.0,3534,2185,12104,6052.0,16.008,0.210698835,1024678282409.16,26.776243750472084,13.388121875236042,10.467669816685516,20.753846153846155,0.12394513290008305,0.24691485158774878,282572.71799378097,838058.891260711,11570.035557333,16.008,10.467669816685516,20.753846153846155,410.2715280239791,565.2171979243884,0.37834061405954716,0.5336927223719677,0.1473437871871418,0.01630080417300587,27.65539980843181,2,0.0,0.0,0.0,,34.58980044345898,64.52328159645234,39.24611973392461,19.733924611973393,65.85365853658537,22.394678492239468,6.873614190687362,64.52328159645234,21.507760532150776,53.88026607538803,28.04878048780488,24.27937915742794,38.07,77.88461538461539,2,1.0,ONGOING,,2026-05-09,ATM,60.0,65.29
US.BSX,2026-05-08,30055694.0,15256273.0,12196,3750,6223,889.0,45.510285714285715,-0.46018780385714286,84083112476.03,102.24820636693168,14.606886623847384,2.3330015284024532,3.8982843137254903,1.2057145888017897,3.3050049478868795,24788889.111608904,718384.811749072,243377.728800321,45.510285714285715,2.3330015284024532,3.8982843137254903,2457.097651189853,4796.061930210625,0.03073841658655414,0.07738911245743602,0.7535665733656607,0.04575656901238296,25.155071580872654,7,0.0,0.0,0.9797213133724345,1.0,72.06208425720621,41.019955654102,72.72727272727273,87.13968957871397,64.52328159645234,77.8270509977827,47.22838137472284,41.019955654102,78.7139689578714,14.634146341463413,28.04878048780488,84.92239467849224,63.56,77.88461538461539,2,1.0,ACTIVE,,2026-05-08,DEEP_ITM,30.0,59.54
US.BURL,2026-05-08,538806.0,538806.0,2678,2678,0,0.0,44.416,-0.100971904,19263761088.6,13.197112715267657,13.197112715267657,2678.0,2678.0,538806.0,538806.0,54404.267706624,91643.412274212,2227.6648502820003,44.416,2678.0,2678.0,201.19716206123974,201.19716206123974,0.3943180198584256,0.3943180198584256,0.5981140481425109,0.02702702702702703,23.681491504085617,1,0.0,0.0,0.0,,10.864745011086473,97.11751662971176,89.13525498891353,4.212860310421286,29.711751662971174,5.321507760532151,45.67627494456763,97.11751662971176,6.873614190687362,44.12416851441242,28.04878048780488,24.27937915742794,46.6,27.884615384615387,1,0.5,N/A,,,,0.0,21.71
US.BWXT,2026-05-08,1699764.0,1181920.0,3015,1538,132,66.0,49.126000000000005,0.252122117,19228998678.61,27.14008288750798,13.57004144375399,23.814423076923077,28.403846153846153,0.58917858072177,0.7038925151269713,477191.030223732,399305.36007508,16208.028825891999,49.126000000000005,23.814423076923077,28.403846153846153,559.5419122690091,768.4785435630689,0.24484407336045105,0.2469135802469136,0.6072118574887859,0.023255813953488372,23.67968532444826,2,0.0,0.0,0.0,,37.250554323725055,68.07095343680709,56.09756097560976,29.933481152993345,53.215077605321504,27.27272727272727,51.88470066518847,68.07095343680709,29.490022172949004,34.811529933481154,28.04878048780488,24.27937915742794,44.06,27.884615384615387,1,0.5,N/A,,,,0.0,21.29
US.BX,2026-05-08,7407875.0,2556000.0,1525,600,1144,286.0,0.0,0.0,95806777613.3,57.47530446714302,14.368826116785755,2.34787873038504,3.7349397590361444,1.0031494110903363,1.7249903726735603,0.0,0.0,0.0,0.0,2.34787873038504,3.7349397590361444,4960.396424407307,5649.8387096774195,0.01662850694524176,0.03577817531305898,0.0,0.023255813953488372,25.285599266960403,4,0.0,0.0,1.0,1.0,61.4190687361419,40.57649667405765,65.41019955654102,1.9955654101995564,1.9955654101995564,1.9955654101995564,1.9955654101995564,40.57649667405765,82.26164079822617,7.760532150776053,28.04878048780488,93.23725055432372,45.37,77.88461538461539,2,1.0,ACTIVE,,2026-05-08,DEEP_ITM,30.0,56.5
US.BXP,2026-05-08,511989.0,511989.0,4161,4161,936,936.0,28.465,0.277402017,,13.146060372580907,13.146060372580907,4.44551282051282,4.44551282051282,0.09199407919135467,0.09199407919135467,142026.781281813,44966.578732404,22991.037561315,28.465,4.44551282051282,4.44551282051282,123.04470079307859,123.04470079307859,0.05599104143337071,0.05599104143337071,0.21835505560029236,0.013888888888888888,0.0,1,0.0,0.0,0.0,,9.75609756097561,42.793791574279375,26.164079822616408,8.647450110864744,18.8470066518847,36.14190687361419,19.733924611973393,42.793791574279375,2.882483370288248,10.864745011086473,28.04878048780488,24.27937915742794,24.3,27.884615384615387,1,0.5,N/A,,,,0.0,17.99
US.C,2026-05-08,7562855.0,3313207.0,70919,56123,122230,20371.666666666668,31.1995,0.2763207266666667,220175904000.0,82.74366283442893,13.790610472404822,0.6947179664835866,1.6683884297520661,0.016562375565012992,0.06498125146848026,2602069.5004098928,631129.30781815,408479.278805761,31.1995,0.6947179664835866,1.6683884297520661,304.01949522721367,511.3464837049743,0.6830103410193648,1.113744075829384,4.397645128502165,0.13199827734711456,26.117692627458958,6,0.12028106069527489,0.023303128246565854,0.0,,68.51441241685144,30.598669623059866,21.06430155210643,63.19290465631929,61.19733924611973,83.5920177383592,25.055432372505543,30.598669623059866,19.733924611973393,75.3880266075388,63.41463414634146,24.27937915742794,41.38,77.88461538461539,2,1.0,ONGOING,,2026-05-09,ATM,60.0,65.84
US.CAH,2026-05-08,595335.0,595335.0,759,759,757,757.0,50.493,-0.976959312,43393660814.4,13.296881231023754,13.296881231023754,1.0026420079260239,1.0026420079260239,0.0424460219300347,0.0424460219300347,581618.07200952,3046.9971608700002,7420.785288149999,50.493,1.0026420079260239,1.0026420079260239,784.3675889328064,784.3675889328064,0.3493526059520951,0.3493526059520951,22.1050481016279,0.5,24.49357920322307,1,0.0,0.0,0.0,,13.082039911308204,22.838137472283815,15.299334811529933,33.70288248337029,4.212860310421286,13.303769401330376,54.54545454545454,22.838137472283815,30.376940133037696,40.79822616407982,28.04878048780488,24.27937915742794,23.28,77.88461538461539,2,1.0,ACTIVE,,2026-05-08,ATM,30.0,52.82
US.CAR,2026-05-08,128718752.0,31623064.0,6460,1303,9167,916.7,24.5295,-0.21380819560000003,5442167343.16,156.53114554040985,15.653114554040986,2.4481966986990407,7.377049180327869,4.222324205412303,9.905275921787863,1563209.335808748,210747.62835721203,26203.282562633998,24.5295,2.4481966986990407,7.377049180327869,21020.00985985138,49135.0,0.19388962254904704,0.8314471800083144,4.796431001318469,0.14121447028423773,22.41744322732347,10,0.0,0.0,0.9939950552037671,1.0,77.8270509977827,51.44124168514412,80.26607538802661,54.32372505543237,42.572062084257205,39.24611973392461,14.412416851441243,51.44124168514412,99.55654101995566,66.96230598669624,28.04878048780488,86.25277161862527,62.72,77.88461538461539,2,1.0,ACTIVE,,2026-05-08,DEEP_ITM,30.0,59.4
US.CAT,2026-05-08,5260468.0,2591426.0,1044,307,1942,485.5,42.80575,0.46901253625000006,412547633253.27,55.650030087265094,13.912507521816273,0.6628908798841614,0.956140350877193,0.034687686335287654,0.04699388056335243,3105067.992914773,6508014.217756517,16180.307415335,42.80575,0.6628908798841614,0.956140350877193,4768.943859470682,8441.12703583062,0.3203783363159848,0.5794751313022974,7.490431031829646,0.15810185185185185,26.74561751061028,4,0.3341317122285372,0.3827814569536424,0.0,,60.532150776053214,18.625277161862527,17.96008869179601,65.18847006651885,84.92239467849224,27.0509977827051,43.90243902439025,18.625277161862527,88.91352549889136,56.31929046563193,74.94456762749445,24.27937915742794,41.75,77.88461538461539,2,1.0,ACTIVE,,2026-05-08,ATM,30.0,55.9
US.CB,2026-05-08,666265.0,666265.0,967,967,59,59.0,19.212,0.468187936,124611694855.68,13.409444269183217,13.409444269183217,16.389830508474578,16.389830508474578,0.35148864288608284,0.35148864288608284,311937.23517904,288580.554063145,12661.628769645,19.212,16.389830508474578,16.389830508474578,689.0020682523268,689.0020682523268,0.025974025974025997,0.025974025974025997,0.26334236794296,0.023255813953488372,25.548468298098154,1,0.0,0.0,0.0,,16.186252771618626,61.86252771618626,43.68070953436807,22.172949002217297,47.006651884700666,23.503325942350333,8.647450110864744,61.86252771618626,27.0509977827051,6.208425720620843,28.04878048780488,24.27937915742794,34.63,27.884615384615387,1,0.5,N/A,,,,0.0,19.71
US.CCL,2026-05-08,5629120.0,1477403.0,53656,21502,58829,11765.8,57.138400000000004,-0.3374261348,38556427923.0,69.53178363179627,13.906356726359254,1.1141250987135218,3.0451777368644666,0.040432440272662365,0.06339716858906776,1820719.48460318,214847.343065531,324306.871461667,57.138400000000004,1.1141250987135218,3.0451777368644666,150.44886366880036,293.6890595009597,0.3608282000081578,0.5514705882352942,0.5154657548911336,0.018212747631352284,24.375388665571975,5,0.0,0.0,0.0,,64.7450110864745,37.472283813747225,20.39911308203991,56.98447893569845,43.01552106430155,81.1529933481153,65.41019955654102,37.472283813747225,11.529933481152993,55.210643015521065,28.04878048780488,24.27937915742794,39.33,77.88461538461539,2,1.0,ACTIVE,,2026-05-08,DEEP_OTM,30.0,55.5
US.CEG,2026-05-08,2086277.0,891240.0,2191,977,3211,1070.3333333333333,63.70766666666666,0.022636090666666664,112775085500.16,40.279026805307005,13.426342268435668,0.6732735811322875,0.9625615763546798,0.021783587548822567,0.030687521124269795,832443.159126214,483046.58008638804,34413.177361194,63.70766666666666,0.6732735811322875,0.9625615763546798,1294.9607905369026,2598.3673469387754,0.5523081112336361,0.8510057340493311,14.50071976580712,0.21145564168819986,25.448661278397623,3,0.7457844401470415,0.1856060606060606,0.0,,48.33702882483371,19.06873614190687,12.638580931263856,40.57649667405765,56.54101995565411,44.789356984478935,72.06208425720621,19.06873614190687,60.97560975609756,67.62749445676275,85.58758314855875,24.27937915742794,37.52,77.88461538461539,2,1.0,ONGOING,,2026-05-09,ATM,60.0,65.2
US.CELH,2026-05-08,2051119.0,1166975.0,14175,8521,18706,9353.0,64.789,0.4179322895,8758238733.6,27.66230270082264,13.83115135041132,1.1111863034773393,1.6658809664113141,0.04914115051067075,0.07603679581528613,818757.185158133,63513.78265408,158668.745588302,64.789,1.1111863034773393,1.6658809664113141,146.6638891110985,156.3749557835161,0.6483659680264242,0.7177845676317959,2.5385170221609945,0.06718346253229973,22.89326066398584,2,0.0,0.0,0.0,,39.91130820399113,30.376940133037696,23.28159645232816,40.133037694013304,23.946784922394677,70.95343680709534,73.17073170731707,30.376940133037696,4.878048780487805,63.8580931263858,28.04878048780488,24.27937915742794,33.1,77.88461538461539,2,1.0,ONGOING,,2026-05-09,DEEP_OTM,60.0,64.46
US.CGNX,2026-05-08,7263546.0,4650018.0,12980,5230,17859,5953.0,47.666333333333334,0.5758075323333334,10977459840.0,43.21148994142719,14.403829980475729,0.74487960611181,0.8483727810650887,0.05480242904427334,0.09119627873554201,5580155.09240869,162223.25572049202,359194.02245156106,47.666333333333334,0.74487960611181,0.8483727810650887,510.93278696944225,889.1047801147228,1.4065472040954174,1.6612903225806452,3.1661976302680372,0.1111111111111111,23.119109902092383,3,0.0,0.0,0.6401856613835721,0.0,52.993348115299334,15.74279379157428,25.942350332594234,72.28381374722838,37.472283813747225,82.039911308204,50.332594235033255,15.74279379157428,33.92461197339246,83.81374722838137,28.04878048780488,76.49667405764967,44.96,27.884615384615387,1,0.5,N/A,,,,0.0,21.44
US.CHDN,2026-05-08,648668.0,648668.0,7611,7611,8229,8229.0,35.702,-0.168758068,6192570275.8,13.38267785017581,13.38267785017581,0.9248997448049581,0.9248997448049581,0.00887192740334651,0.00887192740334651,109467.95845342401,49197.456437087996,15205.716542596001,35.702,0.9248997448049581,0.9248997448049581,85.22769675469715,85.22769675469715,0.5411764705882353,0.5411764705882353,0.40712480764417236,0.023255813953488372,22.546616067959395,1,0.0,0.0,0.0,,15.521064301552107,17.516629711751662,2.882483370288248,6.208425720620843,20.39911308203991,26.38580931263858,33.70288248337029,17.516629711751662,2.4390243902439024,54.32372505543237,28.04878048780488,24.27937915742794,17.34,27.884615384615387,1,0.5,N/A,,,,0.0,16.83
US.CHTR,2026-05-08,27764170.0,17713490.0,3358,1947,1290,430.0,0.0,0.0,19707042208.88,47.24017026083189,15.746723420277297,3.8170134680134686,5.222222222222222,1.7088639998756074,2.641419814722361,0.0,0.0,0.0,0.0,3.8170134680134686,5.222222222222222,7455.425729823332,9097.83769902414,0.05986564814120266,0.08023106546854943,0.0,0.0818260120585702,23.704241881394996,3,0.0,0.0,1.0,1.0,54.988913525498894,45.01108647450111,71.17516629711751,1.9955654101995564,1.9955654101995564,1.9955654101995564,1.9955654101995564,45.01108647450111,90.2439024390244,15.077605321507761,28.04878048780488,93.23725055432372,47.29,27.884615384615387,1,0.5,N/A,,,,0.0,21.82
US.CHWY,2026-05-08,2816985.0,1732035.0,2377,1207,5583,2791.5,127.419,-0.8920834129999999,9862743737.88,28.26185353575448,14.13092676787724,1.2887290969899665,2.34,0.5303444319854422,0.9167300380228137,2509148.05751856,33338.151544485,81401.649583335,127.419,1.2887290969899665,2.34,1181.1497036517749,1434.9917149958576,0.04061003256093741,0.043293390027058266,5.016247683763475,0.06718346253229973,23.01203023651442,2,0.0,0.0,1.0,0.0,41.68514412416852,32.8159645232816,58.98004434589801,62.52771618625277,14.855875831485587,61.19733924611973,97.11751662971176,32.8159645232816,45.45454545454545,8.869179600886918,28.04878048780488,93.23725055432372,52.48,27.884615384615387,1,0.5,N/A,,,,0.0,22.69
US.CIEN,2026-05-08,2765360.0,637274.0,1583,383,768,153.6,94.464,-0.33794158259999996,76179816530.52,66.09959635169088,13.219919270338176,9.755552654330149,32.0,0.41373234175929774,1.478566523127181,942861.687069189,691983.080329174,17715.644787047,94.464,9.755552654330149,32.0,1810.4257823755665,2489.3515625,1.0394286830528885,2.2251550745677715,17.124257629750254,0.18888888888888888,25.05636238963902,5,0.0,0.0,0.0,,63.19290465631929,70.06651884700665,63.63636363636363,42.793791574279375,63.8580931263858,28.824833702882486,93.56984478935698,70.06651884700665,59.86696230598669,87.13968957871397,28.04878048780488,24.27937915742794,55.26,27.884615384615387,1,0.5,N/A,,,,0.0,23.15
US.CLX,2026-05-08,2853840.0,2148383.0,12894,8758,3258,1629.0,33.293,0.29687203,11138065640.61,28.04682900583925,14.023414502919625,9.738087422016084,17.983572895277206,0.25328681874056547,0.47893432479735304,892896.173361688,387528.545565792,80028.77493883099,33.293,9.738087422016084,17.983572895277206,207.93512267645428,245.30520666818907,1.1024875621890549,1.3333333333333335,0.337894367091473,0.01857235142118863,23.133634415579195,2,0.0,0.0,0.0,,41.46341463414634,62.97117516629712,48.11529933481153,42.12860310421286,52.77161862527716,60.75388026607539,28.824833702882486,62.97117516629712,9.090909090909092,79.6008869179601,28.04878048780488,24.27937915742794,43.86,77.88461538461539,2,1.0,ACTIVE,,2026-05-08,DEEP_OTM,30.0,56.25
US.CMG,2026-05-08,2265088.0,1672088.0,1820,1420,533,266.5,65.291,-0.929158947,42676560180.0,27.62253566519429,13.811267832597146,3.187119234116623,3.7075718015665795,1.2502402083540973,1.312222727097935,2120306.59106328,30797.340597776,54961.245920832,65.291,3.187119234116623,3.7075718015665795,1330.0133802816902,1482.5,0.013507041621144336,0.02293577981651374,0.6254527832702871,0.023255813953488372,24.47691566456027,2,0.0,0.0,1.0,1.0,39.689578713968956,40.35476718403548,62.74944567627494,60.08869179600887,13.968957871396896,53.65853658536586,74.05764966740577,40.35476718403548,46.34146341463415,5.986696230598669,28.04878048780488,93.23725055432372,52.67,27.884615384615387,1,0.5,N/A,,,,0.0,22.72
US.COHR,2026-05-08,28021524.0,5068908.0,19034,3035,10995,523.5714285714286,88.29966666666667,0.008207319809523808,62446114869.99,291.2401931106358,13.86858062431599,76.63832140927464,873.0,89812.96606316182,1886053.0,10521341.809736017,8329729.419655584,186729.271427974,88.29966666666667,76.63832140927464,873.0,1890.2513930355524,5056.630952380952,0.4646201008622459,1.1933238369124088,9.379109029891007,0.1092603431994499,24.857569859749134,21,0.4536822721156624,0.6636657634822131,0.0,,84.4789356984479,92.6829268292683,96.45232815964523,80.26607538802661,87.36141906873614,73.8359201773836,92.23946784922394,92.6829268292683,80.70953436807096,76.71840354767184,79.37915742793791,24.27937915742794,77.83,77.88461538461539,2,1.0,ACTIVE,,2026-05-08,ATM,30.0,61.91
US.COIN,2026-05-08,74234831.0,27590064.0,88412,10540,114904,3481.939393939394,121.55878787878788,0.16311740812121212,50835921946.56,460.0012422301142,13.939431582730734,1.274910337368171,8.720790378006873,0.07096520088654272,1.2283791523482246,36357967.820857175,14433861.694674315,882930.407331518,121.55878787878788,1.274910337368171,8.720790378006873,788.8195791779896,2717.9651265885136,0.37936835207711317,0.6894197952218428,39.08339416099917,0.24282638938006862,24.651869066587764,33,0.17509843994661858,0.4820054645724726,0.0,,89.57871396895787,53.215077605321504,62.08425720620843,90.9090909090909,90.2439024390244,90.02217294900223,96.67405764966742,53.215077605321504,62.52771618625277,62.63858093126385,66.74057649667405,24.27937915742794,64.64,77.88461538461539,2,1.0,ACTIVE,,2026-05-08,ATM,30.0,59.72
US.COP,2026-05-08,1201576.0,689570.0,4538,3518,3328,1664.0,32.5775,0.118112723,139957615524.16,26.589918519886268,13.294959259943134,14.318271781352912,27.56756756756757,0.8179232530903523,1.622303884664609,396678.60562561196,283516.2901393,20982.112617372,32.5775,14.318271781352912,27.56756756756757,410.7939810944275,676.0490196078431,0.20209993646542102,0.32352941176470573,0.2414088849486761,0.014153159501996712,25.66460546746996,2,0.7425003987992517,3.4490196078431374,0.0,,33.70288248337029,67.84922394678492,64.52328159645234,25.942350332594234,46.34146341463415,33.70288248337029,27.27272727272727,67.84922394678492,25.942350332594234,39.91130820399113,85.36585365853658,24.27937915742794,46.71,77.88461538461539,2,1.0,ONGOING,,2026-05-09,DEEP_ITM,60.0,66.73
US.CRM,2026-05-08,19029610.0,5640000.0,14818,6029,30357,3794.625,30.823375000000002,0.085995252,152436134656.96,114.88322293301557,14.360402866626947,2.6286779093638595,6.130434782608695,0.7291064014854909,2.5632157863562823,1513087.0732355881,517391.08834798494,128015.74723904999,30.823375000000002,2.6286779093638595,6.130434782608695,3715.6663310500658,9400.0,0.5866588240171036,2.27536231884058,9.851827121539781,0.17538759689922478,25.75001155614909,8,5.564460668312358,0.2737900799449841,0.803467070528508,1.0,73.61419068736141,48.55875831485588,70.50997782705099,53.215077605321504,57.20620842572062,67.84922394678492,24.168514412416854,48.55875831485588,90.46563192904657,87.58314855875831,96.67405764966742,80.04434589800444,66.16,77.88461538461539,2,1.0,ONGOING,,2026-05-09,DEEP_ITM,60.0,69.97
US.CRWD,2026-05-08,26138308.0,4770503.0,15472,3358,25665,1115.8695652173913,53.49330434782609,0.5344917978260869,128724209400.12,316.858027346665,13.776435971594129,1.9843167024822308,17.11764705882353,0.06137370051388711,0.38427022315688913,15805793.057947611,11023059.15429799,178844.387193472,53.49330434782609,1.9843167024822308,17.11764705882353,2554.5994100543335,6354.438016528926,2.0720600020075666,10.639455782312925,8.43500763848758,0.1469818917843901,25.580938041093354,23,0.048869276626200726,0.041464728056004305,0.19563917450203738,0.0,86.0310421286031,62.52771618625277,45.01108647450111,84.70066518847007,89.13525498891353,73.39246119733924,60.532150776053214,62.52771618625277,84.4789356984479,97.5609756097561,58.98004434589801,59.42350332594235,67.74,77.88461538461539,2,1.0,ACTIVE,,2026-05-08,ATM,30.0,60.23
US.CVNA,2026-05-08,33058182.0,18044260.0,18989,6020,3511,438.875,62.901624999999996,0.180814791375,57305935953.54,117.10805811636297,14.638507264545371,22.371547233042,130.8695652173913,1.4095333349139905,9.80617273484152,19631022.311142698,11683073.980757792,235851.87310571098,62.901624999999996,22.371547233042,130.8695652173913,2486.00225847838,6259.71676300578,0.2957997352992541,0.9059559296276815,1.8611353097825627,0.053182870370370366,24.771670049621655,8,0.16074123548282643,0.11976648189645005,0.0,,74.05764966740577,80.70953436807096,80.04434589800444,85.80931263858092,89.57871396895787,77.38359201773835,71.17516629711751,80.70953436807096,83.81374722838137,69.62305986696231,65.6319290465632,24.27937915742794,70.83,77.88461538461539,2,1.0,ACTIVE,,2026-05-08,ATM,30.0,60.75
US.CVS,2026-05-08,518339.0,518339.0,440,440,696,696.0,25.441,0.846012664,111960960646.08,13.158386676580985,13.158386676580985,0.632183908045977,0.632183908045977,0.08524953554587175,0.08524953554587175,438521.358245096,57854.362907846,10270.176642231,25.441,0.632183908045977,0.632183908045977,1178.043181818182,1178.043181818182,0.12161282587098764,0.12161282587098764,0.17592731379965945,0.009345794392523364,25.441416081827306,1,0.0,0.0,1.0,0.0,10.199556541019955,12.416851441241686,25.055432372505543,27.27272727272727,22.838137472283815,19.06873614190687,15.74279379157428,12.416851441241686,40.35476718403548,22.61640798226164,28.04878048780488,93.23725055432372,31.67,77.88461538461539,2,1.0,ONGOING,,2026-05-09,ATM,60.0,64.22
US.CVX,2026-05-08,1196666.0,609830.0,1874,1264,13377,6688.5,26.846,-0.16815515649999999,360802500000.0,26.603439525698505,13.301719762849253,0.16697150417948828,0.2627312409062565,0.005349726548676827,0.006945612651372568,755954.665190804,193670.32204523802,37219.99607708,26.846,0.16697150417948828,0.2627312409062565,722.2433362730857,962.0262295081967,0.3767983530175554,0.4524384048768097,1.047970271932691,0.06718346253229973,26.611596554160208,2,0.962294409917518,0.4825949367088608,0.0,,34.146341463414636,3.7694013303769403,1.7738359201773837,39.02439024390244,40.57649667405765,46.56319290465632,18.181818181818183,3.7694013303769403,35.254988913525494,46.78492239467849,89.80044345898004,24.27937915742794,25.84,77.88461538461539,2,1.0,ONGOING,,2026-05-09,ATM,60.0,63.25
US.DAL,2026-05-08,1946546.0,1102347.0,2779,1812,3446,1723.0,66.635,0.1048142715,48032856197.4,27.559097720648218,13.779548860324109,906.140307603018,1812.0,422099.52187742846,844199.0,1576888.8469234789,64634.427814304,64523.972020475994,66.635,906.140307603018,1812.0,802.9296808476639,1139.9658738366081,0.025048085045073724,0.039899163931155765,3.5764701121275975,0.08680555555555555,24.595151117821533,2,0.7658196556982511,1.8738366080661841,0.5663092472512851,0.0,39.24611973392461,95.78713968957871,92.23946784922394,54.988913525498894,24.390243902439025,56.31929046563193,75.83148558758315,95.78713968957871,39.689578713968956,8.647450110864744,86.0310421286031,74.05764966740577,69.43,77.88461538461539,2,1.0,ACTIVE,,2026-05-08,ATM,30.0,60.51
US.DASH,2026-05-08,11591543.0,2007903.0,8151,1155,4597,459.7,70.6237,0.3847538306,74660403014.7,138.75896672556448,13.875896672556447,176.04252853390875,756.0,369196.99290854204,1933257.0,7717038.091255728,2141482.121732185,166716.01774019102,70.6237,176.04252853390875,756.0,1550.1529604870473,2663.001326259947,0.5108396322674961,1.3238684625652228,16.63384264909454,0.18121681935635423,25.036215708431943,10,0.3430718766438564,0.40728591160220995,0.3400030522252301,1.0,75.83148558758315,91.13082039911308,96.67405764966742,78.04878048780488,74.94456762749445,71.84035476718404,80.48780487804879,91.13082039911308,61.64079822616409,79.37915742793791,75.83148558758315,66.07538802660754,80.16,77.88461538461539,2,1.0,ONGOING,,2026-05-09,DEEP_ITM,60.0,72.3
US.DDOG,2026-05-08,117183701.0,14496354.0,62786,6802,81217,1728.0212765957447,68.72151063829787,0.484123382893617,67176975746.79,673.0381871791801,14.319961429344257,142.4818796130765,1739.0,61601.827159352135,685520.0,60622818.26931214,6863143.4541290095,649976.896172988,68.72151063829787,142.4818796130765,1739.0,2462.9768787848043,5646.822222222222,4.2670703883038,21.34831460674157,17.841725665421123,0.20561223723718464,24.93059640296617,47,0.025332418187282664,0.10424031375859583,0.8496473925157902,0.0,91.57427937915743,95.56541019955654,90.2439024390244,94.67849223946784,85.80931263858092,87.8048780487805,77.38359201773835,95.56541019955654,82.039911308204,98.66962305986696,57.42793791574279,81.59645232815964,87.36,77.88461538461539,2,1.0,ACTIVE,,2026-05-08,DEEP_ITM,30.0,63.5
US.DE,2026-05-08,1599042.0,941562.0,4301,4001,307,153.5,40.5695,0.3037835235,156808081492.28,27.151467684616925,13.575733842308463,400.5966887417219,800.2,1.1593839784242894,2.265063561511696,560498.911936332,687309.7575922919,6752.378330778,40.5695,400.5966887417219,800.2,1651.4344588852787,3138.54,0.5108498345043389,0.9958107272852139,0.8386591718068713,0.03840579710144927,25.778288483670284,2,0.0,0.0,0.0,,37.472283813747225,92.46119733924611,69.62305986696231,32.59423503325942,63.63636363636363,11.751662971175167,41.019955654102,92.46119733924611,65.41019955654102,71.3968957871397,28.04878048780488,24.27937915742794,54.13,27.884615384615387,1,0.5,N/A,,,,0.0,22.96
US.DELL,2026-05-08,14044110.0,2649000.0,8519,1705,6212,564.7272727272727,64.37754545454546,0.2503359346363636,148696495811.77,152.50500235201542,13.864091122910493,48.00219979583048,500.0,157500.1180304548,1732500.0,7399334.843562279,4548713.748716844,90774.805074095,64.37754545454546,48.00219979583048,500.0,1948.9223582616157,4415.0,0.15141587458044467,0.46212121212121215,1.041857893652855,0.02963090953473479,25.725173124652468,11,0.22951840095923395,0.6439598610575068,0.31198132170710713,1.0,77.60532150776052,88.80266075388028,95.78713968957871,76.94013303769401,81.1529933481153,63.41463414634146,72.50554323725056,88.80266075388028,76.05321507760532,48.11529933481153,70.73170731707317,64.52328159645234,78.56,77.88461538461539,2,1.0,ONGOING,,2026-05-09,ATM,60.0,72.04
US.DG,2026-05-08,1088150.0,558000.0,540,310,205,102.5,0.0,0.0,25649759490.4,26.413033184087308,13.206516592043654,2.6316045066045066,2.6495726495726495,0.46336664323055665,0.5172518088934334,0.0,0.0,0.0,0.0,2.6316045066045066,2.6495726495726495,2052.5,2305.0,0.0,0.0,0.0,0.1111111111111111,23.967800031965623,2,0.0,0.0,1.0,0.0,33.25942350332594,34.146341463414636,49.667405764966745,1.9955654101995564,1.9955654101995564,1.9955654101995564,1.9955654101995564,34.146341463414636,57.20620842572062,1.9955654101995564,28.04878048780488,93.23725055432372,37.42,27.884615384615387,1,0.5,N/A,,,,0.0,20.18
US.DHR,2026-05-08,22775316.0,8703580.0,6847,3420,1440,288.0,54.132000000000005,-0.8990563106,124326988338.82,75.01993468102606,15.003986936205212,5.1372659176029964,5.656565656565657,1.077291289907992,1.729753414826852,20641452.66547196,1668216.9396108,195659.189042384,54.132000000000005,5.1372659176029964,5.656565656565657,3656.569120896689,5570.555555555556,0.045188120130452356,0.06211180124223612,1.7005323319443018,0.05839793281653747,25.546180934500523,5,0.0,0.0,1.0,1.0,66.07538802660754,47.22838137472284,65.6319290465632,86.47450110864744,72.06208425720621,74.72283813747228,61.86252771618626,47.22838137472284,81.37472283813747,12.638580931263856,28.04878048780488,93.23725055432372,65.56,77.88461538461539,2,1.0,ACTIVE,,2026-05-08,DEEP_ITM,30.0,59.87
US.DIS,2026-05-08,2629159.0,1262901.0,19463,15158,15941,5313.666666666667,25.233666666666664,0.322102853,188689331331.84,40.87519565410098,13.62506521803366,1.5420505995040157,3.899665551839465,0.01685024159581162,0.029900955442379182,764507.479588797,322476.919455781,82075.942697083,25.233666666666664,1.5420505995040157,3.899665551839465,240.09600396464302,388.4088762983947,0.5616618983936021,0.721311475409836,0.28586375302599354,0.020133505598621877,25.9633677500058,3,0.0,0.0,0.0,,49.44567627494457,41.24168514412417,12.416851441241686,39.689578713968956,49.667405764966745,61.64079822616409,15.299334811529933,41.24168514412417,16.186252771618626,64.07982261640798,28.04878048780488,24.27937915742794,33.57,77.88461538461539,2,1.0,ONGOING,,2026-05-09,DEEP_ITM,60.0,64.54
US.DOCN,2026-05-08,7332743.0,4764375.0,2521,1925,9248,3082.6666666666665,139.942,0.7827783606666667,15699503747.83,43.45667494557508,14.485558315191694,0.2694324302576862,0.5030049647243271,0.051675312918941646,0.08275857792280195,6329976.190425259,713546.6292948651,44876.300556833,139.942,0.2694324302576862,0.5030049647243271,3909.6972808496616,6413.379591836735,0.056447221764520196,0.09401060510800835,40.104452572099,0.17146543314767615,23.476894940446343,3,0.0,0.0,0.8640222356081483,0.0,53.215077605321504,9.534368070953436,24.6119733924612,74.05764966740577,64.30155210643017,49.2239467849224,97.5609756097561,9.534368070953436,85.36585365853658,19.06873614190687,28.04878048780488,82.70509977827051,48.03,77.88461538461539,2,1.0,ACTIVE,,2026-05-08,DEEP_ITM,30.0,56.95
US.DOCS,2026-05-08,576004.0,576004.0,1822,1822,8514,8514.0,175.992,0.613445488,4807974176.74,13.263871620195909,13.263871620195909,0.2140004698144233,0.2140004698144233,0.02599068258548822,0.02599068258548822,353347.054869952,8490.471185196,32519.6738295,175.992,0.2140004698144233,0.2140004698144233,316.1383095499451,316.1383095499451,0.08477162524159913,0.08477162524159913,11.462949767843924,0.1111111111111111,22.29354166347854,1,0.0,0.0,0.0,,12.195121951219512,2.2172949002217295,10.864745011086473,23.946784922394677,6.873614190687362,43.90243902439025,98.66962305986696,2.2172949002217295,13.303769401330376,16.186252771618626,28.04878048780488,24.27937915742794,19.29,77.88461538461539,2,1.0,ACTIVE,,2026-05-08,ATM,30.0,52.16
US.DUOL,2026-05-08,3288796.0,940711.0,9091,4067,8756,2189.0,53.9185,0.2090821285,5293444022.37,54.44689358043042,13.611723395107605,1.5562306441914833,3.1016949152542375,0.13528280939562623,0.3007281079040846,1837057.250899758,147440.01799952597,122009.042099764,53.9185,1.5562306441914833,3.1016949152542375,873.5161175139934,1988.081818181818,3.091589409838855,6.248338207923424,19.78204372449425,0.3808139534883721,22.38973491509465,4,0.36236184984507297,0.05086117211883019,0.5111496730110351,0.0,58.758314855875824,37.6940133037694,41.019955654102,57.64966740576497,36.80709534368071,67.40576496674058,60.97560975609756,37.6940133037694,52.54988913525499,96.0088691796009,76.49667405764967,71.84035476718404,54.53,27.884615384615387,1,0.5,N/A,,,,0.0,23.03
US.DVA,2026-05-08,2085121.0,1432956.0,4407,2232,20,10.0,30.5745,0.37398419299999996,12599892000.0,27.563305109112115,13.781652554556057,346.96875,558.0,10.16506961428717,18.25328645674106,851688.14232216,525502.344166307,38429.244822517,30.5745,346.96875,558.0,470.92567667779014,642.005376344086,0.2497062937062937,0.31200000000000006,0.3936059606843434,0.023255813953488372,23.256954079517904,2,0.0,0.0,0.0,,39.467849223946786,89.80044345898004,83.14855875831486,41.24168514412417,57.64966740576497,47.006651884700666,23.503325942350333,89.80044345898004,23.946784922394677,39.467849223946786,28.04878048780488,24.27937915742794,53.6,77.88461538461539,2,1.0,ONGOING,,2026-05-09,ATM,60.0,67.88
US.DVN,2026-05-08,8409397.0,7201639.0,96619,55894,52902,17634.0,38.33166666666667,0.37241019666666664,28155634000.0,42.397054390729565,14.132351463576521,4.666101039416425,12.6772510773418,0.1332043457734948,0.3604932908695467,2693703.015113238,553505.018128446,397020.837720038,38.33166666666667,4.666101039416425,12.6772510773418,168.02212094036827,357.9547602970966,0.3342753042983113,0.5538461538461538,0.4267798128305011,0.020133505598621877,24.061013313637783,3,0.0,0.0,0.0,,51.88470066518847,58.31485587583148,44.345898004434595,64.07982261640798,58.09312638580931,82.92682926829268,38.58093126385809,58.31485587583148,15.077605321507761,55.654101995565405,28.04878048780488,24.27937915742794,46.74,77.88461538461539,2,1.0,ACTIVE,,2026-05-08,DEEP_OTM,30.0,56.73
US.ETN,2026-05-08,35634490.0,31432440.0,3140,1440,709,236.33333333333334,0.0,0.0,154989945000.0,45.94108424224116,15.31369474741372,6.613227985217281,10.285714285714286,0.8810301904432238,1.4830214771360892,0.0,0.0,0.0,0.0,6.613227985217281,10.285714285714286,9141.299145299145,21828.083333333332,0.03923222964552059,0.0671819874606568,0.0,0.34108527131782945,25.766626080800155,3,0.0,0.0,0.9059214822493601,1.0,54.32372505543237,55.654101995565405,63.8580931263858,1.9955654101995564,1.9955654101995564,1.9955654101995564,1.9955654101995564,55.654101995565405,97.11751662971176,13.303769401330376,28.04878048780488,83.81374722838137,47.32,77.88461538461539,2,1.0,ACTIVE,,2026-05-08,DEEP_ITM,30.0,56.83
US.EVR,2026-05-08,670619.0,670619.0,663,663,1025,1025.0,37.353,0.36790724,12814733299.52,13.415957936607713,13.415957936607713,0.646829268292683,0.646829268292683,0.019749530277239503,0.019749530277239503,246725.58538156003,283969.428875583,6021.547015472,37.353,0.646829268292683,0.646829268292683,1011.4917043740573,1011.4917043740573,0.15384467457043696,0.15384467457043696,0.4733450444990266,0.023255813953488372,23.273861385037495,1,0.0,0.0,0.0,,16.62971175166297,12.86031042128603,8.425720620842572,16.186252771618626,46.56319290465632,9.977827050997783,36.36363636363637,12.86031042128603,37.472283813747225,25.942350332594234,28.04878048780488,24.27937915742794,20.37,27.884615384615387,1,0.5,N/A,,,,0.0,17.34
US.EXPE,2026-05-08,1456887.0,779194.0,665,333,266,133.0,54.891,-0.428218875,30340380844.83,26.992467752062115,13.496233876031058,4.451131221719457,7.4,0.40313909539772436,0.6849725947316833,623540.7626483019,567856.372278435,10708.023783012,54.891,4.451131221719457,7.4,2190.582948912768,2339.921921921922,0.1581302561344216,0.20464644889685835,0.5001542492408073,0.01857235142118863,24.135745363386235,2,0.0,0.0,0.0,,36.36363636363637,51.88470066518847,55.654101995565405,35.254988913525494,58.98004434589801,20.39911308203991,62.52771618625277,51.88470066518847,57.87139689578714,32.15077605321508,28.04878048780488,24.27937915742794,43.14,77.88461538461539,2,1.0,ONGOING,,2026-05-09,DEEP_OTM,60.0,66.13
US.FCX,2026-05-08,3205311.0,1762238.0,18002,8937,49023,16341.0,51.038999999999994,0.355956169,87108789339.66,41.35899798591449,13.786332661971498,0.523637655475059,0.9663320463320463,0.018793593325105704,0.04490353223565565,1356376.17794983,168367.23941700702,175065.542625005,51.038999999999994,0.523637655475059,0.9663320463320463,204.26633072838536,281.64264024292794,0.5609124929796524,0.8267090620031797,1.8631068039133807,0.0625,25.190423626628284,3,0.0,0.0,0.0,,50.99778270509978,19.733924611973393,16.62971175166297,50.99778270509978,38.58093126385809,72.72727272727273,55.87583148558758,19.733924611973393,11.086474501108649,66.51884700665188,28.04878048780488,24.27937915742794,32.42,77.88461538461539,2,1.0,ACTIVE,,2026-05-08,ATM,30.0,54.35
US.FICO,2026-05-08,20503695.0,6128260.0,1579,357,1927,321.1666666666667,59.75866666666667,0.5804204078333334,26168386421.34,87.80658162524767,14.634430270874612,0.8914206050447198,1.062200956937799,0.11481312031163543,0.22301783957674204,14075589.659025153,40791217.264747895,21635.866493568,59.75866666666667,0.8914206050447198,1.062200956937799,13894.154505703182,25165.11,0.38750854576797406,1.050114928390772,1.4650879479177712,0.04326756663205261,23.987817894053745,6,0.0,0.0,0.7286379845193757,0.0,69.84478935698448,23.503325942350333,37.6940133037694,83.37028824833703,94.45676274944567,34.811529933481154,67.40576496674058,23.503325942350333,97.78270509977827,72.72727272727273,28.04878048780488,78.27050997782705,56.65,27.884615384615387,1,0.5,N/A,,,,0.0,23.38
US.FLEX,2026-05-08,18096981.0,9861000.0,3068,1000,4174,834.8,58.498599999999996,0.8108659276000001,48904308631.24,72.75883707317765,14.55176741463553,0.8165140046140097,0.963855421686747,0.39750561012742774,0.6710972904474073,15902066.454384275,2473417.8151355037,102359.765934758,58.498599999999996,0.8165140046140097,0.963855421686747,5869.739444775552,9861.0,0.20476008511435667,0.5476330084412928,1.6394915584539749,0.04927656628591208,24.613131340634435,5,0.0,0.0,0.93740574740063,0.0,65.41019955654102,19.51219512195122,54.988913525498894,84.92239467849224,76.49667405764967,64.52328159645234,66.96230598669624,19.51219512195122,91.57427937915743,54.767184035476724,28.04878048780488,84.25720620842571,58.47,77.88461538461539,2,1.0,ACTIVE,,2026-05-08,DEEP_ITM,30.0,58.69
US.FLR,2026-05-08,561869.0,561869.0,1414,1414,5455,5455.0,116.885,-0.527064648,7336492240.28,13.239025785392009,13.239025785392009,0.25921173235563705,0.25921173235563705,0.020164591478509655,0.020164591478509655,296141.286707112,16902.303390665,25331.357059162,116.885,0.25921173235563705,0.25921173235563705,397.36138613861385,397.36138613861385,0.8314606741573032,0.8314606741573032,7.455275721242585,0.1111111111111111,22.716126669060632,1,0.0,0.0,0.0,,11.529933481152993,3.5476718403547673,8.869179600886918,20.84257206208426,9.090909090909092,38.80266075388026,96.23059866962306,3.5476718403547673,16.62971175166297,67.1840354767184,28.04878048780488,24.27937915742794,20.44,77.88461538461539,2,1.0,ONGOING,,2026-05-09,DEEP_ITM,60.0,62.35
US.FN,2026-05-08,1971798.0,1971798.0,255,255,718,718.0,88.995,-0.671340743,22433716808.8,14.494456881972123,14.494456881972123,0.3551532033426184,0.3551532033426184,0.04386118905005795,0.04386118905005795,1323748.334365914,660331.041025854,8665.813622442,88.995,0.3551532033426184,0.3551532033426184,7732.541176470589,7732.541176470589,0.3854989948933089,0.3854989948933089,5.571665621844008,0.1111111111111111,23.83383087883043,1,0.0,0.0,1.0,0.0,27.27272727272727,5.321507760532151,16.186252771618626,50.554323725055426,62.3059866962306,15.74279379157428,92.46119733924611,5.321507760532151,87.8048780487805,43.68070953436807,28.04878048780488,93.23725055432372,41.9,27.884615384615387,1,0.5,N/A,,,,0.0,20.93
US.FOUR,2026-05-08,548535.0,548535.0,421,421,813,813.0,74.198,-0.545477837,3858688934.4,13.21500819008967,13.21500819008967,0.5178351783517835,0.5178351783517835,0.1440138307466319,0.1440138307466319,299213.685318795,61594.239817305,10545.929306445,74.198,0.5178351783517835,0.5178351783517835,1302.933491686461,1302.933491686461,0.08517110266159698,0.08517110266159698,0.2504780560003839,0.007407407407407408,22.073593308686203,1,0.0,0.0,1.0,0.0,11.30820399113082,10.199556541019955,32.59423503325942,21.286031042128602,23.725055432372503,19.733924611973393,84.25720620842571,10.199556541019955,42.793791574279375,16.4079822616408,28.04878048780488,93.23725055432372,35.25,77.88461538461539,2,1.0,ACTIVE,,2026-05-08,DEEP_ITM,30.0,54.82
US.FSLR,2026-05-08,4713929.0,1757590.0,5119,1855,517,129.25,51.4075,0.19644292549999998,23056268098.91,55.58399786591008,13.89599946647752,148.1704371018497,570.6666666666666,3.1391719738236534,11.412825651302605,1450140.837975364,1626811.884573363,30702.588542666,51.4075,148.1704371018497,570.6666666666666,1251.2666622843772,2355.190635451505,0.2796356694085118,0.4353803849679194,0.4197084995489553,0.015553053053053052,23.861203504341642,4,0.5945157169052669,0.3241076047594413,0.0,,60.310421286031044,90.2439024390244,80.93126385809313,52.106430155210646,71.3968957871397,43.01552106430155,56.31929046563193,90.2439024390244,58.09312638580931,45.8980044345898,82.92682926829268,24.27937915742794,64.0,77.88461538461539,2,1.0,ACTIVE,,2026-05-08,DEEP_OTM,30.0,59.61
US.FTNT,2026-05-08,35140129.0,11138409.0,33269,7235,27694,1318.7619047619048,79.77633333333333,0.6733263843333334,79045058014.59,294.05178762499395,14.002466077380664,524.0869022342389,7235.0,112165.80773139896,1236318.0,28710004.22393977,1705499.781226312,500697.540315002,79.77633333333333,524.0869022342389,7235.0,1648.1421694048036,3299.543068088597,1.8230056316610952,10.810810810810812,25.079527283247813,0.1855973914113449,25.093283881450773,21,0.07184700766974789,0.49047981721249045,0.8840807613426803,0.0,84.70066518847007,99.1130820399113,94.90022172949001,88.69179600886919,72.50554323725056,85.58758314855875,86.91796008869179,99.1130820399113,67.40576496674058,97.78270509977827,60.310421286031044,83.5920177383592,86.77,77.88461538461539,2,1.0,ACTIVE,,2026-05-08,DEEP_ITM,30.0,63.4
US.GE,2026-05-08,1395898.0,1395898.0,1576,1576,6172,6172.0,35.155,0.354280036,315745147428.05,14.149049210116898,14.149049210116898,0.25534672715489304,0.25534672715489304,0.0074733580480423846,0.0074733580480423846,494538.79369232804,532486.15379561,14405.047581288001,35.155,0.25534672715489304,0.25534672715489304,885.7220812182741,885.7220812182741,0.2478048780487804,0.2478048780487804,0.44734274338104646,0.023255813953488372,26.478201229663192,1,0.0,0.0,0.0,,25.055432372505543,3.325942350332594,1.9955654101995564,30.598669623059866,57.87139689578714,25.942350332594234,32.59423503325942,3.325942350332594,33.70288248337029,35.033259423503324,28.04878048780488,24.27937915742794,20.77,77.88461538461539,2,1.0,ONGOING,,2026-05-09,ATM,60.0,62.4
US.GEV,2026-05-08,642744.0,642744.0,282,282,379,379.0,52.191,0.270549538,280981688371.85,13.373503346023588,13.373503346023588,0.7440633245382586,0.7440633245382586,0.01621887722332854,0.01621887722332854,173894.09225227198,327397.86318996,2648.384230896,52.191,0.7440633245382586,0.7440633245382586,2279.2340425531916,2279.2340425531916,0.5089819732936134,0.5089819732936134,3.4120564935614306,0.1111111111111111,26.361555338223848,1,0.0,0.0,0.0,,15.077605321507761,13.968957871396896,6.651884700665188,10.42128603104213,50.554323725055426,5.543237250554324,57.87139689578714,13.968957871396896,56.54101995565411,52.106430155210646,28.04878048780488,24.27937915742794,22.67,77.88461538461539,2,1.0,ONGOING,,2026-05-09,ATM,60.0,62.72
US.GLW,2026-05-08,14259281.0,2072316.0,16597,5206,44620,2974.6666666666665,77.00073333333333,0.528466873,156980339280.0,205.10667663145097,13.673778442096731,0.699573548788817,3.4696132596685083,0.05765479939766893,0.2920663644973617,7658616.955781188,3023603.845382587,187225.819309315,77.00073333333333,0.699573548788817,3.4696132596685083,1609.5556179805253,3898.6923076923076,0.4121485740226825,1.0701246380460783,9.970785377748792,0.11218638728564106,25.779386406943544,15,0.0,0.0,0.20220121898151808,0.0,81.59645232815964,39.467849223946786,40.35476718403548,77.8270509977827,78.04878048780488,74.05764966740577,85.36585365853658,39.467849223946786,72.50554323725056,74.05764966740577,28.04878048780488,59.86696230598669,58.49,77.88461538461539,2,1.0,ONGOING,,2026-05-09,ATM,60.0,68.69
US.GME,2026-05-08,2382598.0,1142055.0,31828,16384,139492,46497.333333333336,60.084666666666664,0.32694554766666667,10747552513.29,40.61428437267293,13.538094790890975,0.3225480121540571,0.6178340458182615,0.010041869121015444,0.012775729792314564,728400.517557836,55828.977889329995,222552.22937690403,60.084666666666664,0.3225480121540571,0.6178340458182615,94.24346817270565,163.4591225125869,0.4755958273737573,0.6667460411953805,1.6380397715123187,0.05254091300602928,23.097943892509328,3,0.0,0.0,0.0,,48.78048780487805,11.751662971175167,4.656319290465632,38.58093126385809,22.172949002217297,76.27494456762749,67.62749445676275,11.751662971175167,5.321507760532151,61.86252771618626,28.04878048780488,24.27937915742794,26.87,77.88461538461539,2,1.0,ACTIVE,,2026-05-08,ATM,30.0,53.42
US.GOOG,2026-05-08,104518914.0,22969833.0,76508,10880,112337,2739.9268292682927,33.00973170731707,0.414894706,4789454800000.0,577.8138497642374,14.09302072595701,10.261583630479887,133.5,0.833325655306498,15.848254490260562,52249745.24253187,40050013.91293309,828689.930584561,33.00973170731707,10.261583630479887,133.5,3030.2751076639565,29335.674329501915,0.25497365615092515,1.152610441767068,3.5716443444395685,0.10570085270626699,29.197437700414252,41,0.09536764711892994,0.24354723359989597,0.553155929270371,1.0,90.46563192904657,80.93126385809313,82.70509977827051,92.90465631929047,94.2350332594235,89.57871396895787,28.38137472283814,80.93126385809313,98.66962305986696,75.83148558758315,61.64079822616409,73.61419068736141,80.48,77.88461538461539,2,1.0,ACTIVE,,2026-05-08,ATM,30.0,62.36
US.GOOGL,2026-05-08,341552168.0,81176589.0,286165,46655,263422,4248.741935483871,30.54125806451613,0.308092863516129,4822046840000.0,895.7125872218445,14.446977213255556,1.7100757078512192,11.063542265669925,0.16816138473063355,7.330256461797456,121688932.59506285,140312268.1021952,3008405.3830142547,30.54125806451613,1.7100757078512192,11.063542265669925,2778.4003772936308,34667.08775137112,0.33860225622419887,1.318181818181818,4.082496830176174,0.15724226167740063,29.204219609452252,62,0.05148966755795872,0.15647921760391198,0.2878244268676403,0.0,92.6829268292683,56.98447893569845,78.7139689578714,95.78713968957871,97.5609756097561,95.56541019955654,23.28159645232816,56.98447893569845,99.33481152993349,79.15742793791574,59.42350332594235,63.8580931263858,74.07,77.88461538461539,2,1.0,ACTIVE,,2026-05-08,ATM,30.0,61.29
US.GS,2026-05-08,4316605.0,1472367.0,1219,533,433,144.33333333333334,33.571333333333335,-0.278200618,273138520881.27,42.53735652408758,14.179118841362525,2.876996566651739,3.461038961038961,0.11322641035749638,0.1514526105948228,1200150.601939206,8534920.246093797,7256.771677572,33.571333333333335,2.876996566651739,3.461038961038961,3704.764287721377,4530.36,0.07657962827760073,0.09023343228755087,0.09860011417062005,0.006559115352571386,26.33324490594541,3,0.0,0.0,0.0,,52.106430155210646,39.24611973392461,33.48115299334812,48.33702882483371,87.58314855875831,12.638580931263856,30.155210643015522,39.24611973392461,76.71840354767184,18.181818181818183,28.04878048780488,24.27937915742794,40.25,77.88461538461539,2,1.0,ACTIVE,,2026-05-08,DEEP_OTM,30.0,55.65
US.GWW,2026-05-08,5121189.0,3833101.0,650,449,1311,655.5,23.5315,0.6878276165,58409934488.5,29.227855237656346,14.613927618828173,0.7886784888491087,1.3730886850152906,0.0317418964393793,0.03191886422201721,4102540.895578585,4149855.824299369,16766.773892215002,23.5315,0.7886784888491087,1.3730886850152906,10969.473550953473,19070.15422885572,1.564652775492125,3.0348101741259894,0.9311554884954951,0.0625,24.790751823434913,2,0.0,0.0,0.7484787224216877,0.0,44.12416851441242,27.0509977827051,12.86031042128603,68.73614190687361,80.26607538802661,27.93791574279379,12.86031042128603,27.0509977827051,96.67405764966742,91.57427937915743,28.04878048780488,78.93569844789357,46.8,77.88461538461539,2,1.0,ACTIVE,,2026-05-08,DEEP_ITM,30.0,56.74
US.HD,2026-05-08,18454580.0,10520930.0,3622,1882,1192,298.0,0.0,0.0,321358363577.12,59.32687707238577,14.831719268096442,4.7817864216210895,7.371428571428571,0.7439184067510378,1.0497059969537035,0.0,0.0,0.0,0.0,4.7817864216210895,7.371428571428571,4736.487401659129,5590.292242295431,0.024980327088560836,0.0362087326943556,0.0,0.1111111111111111,26.49582273480785,4,0.0,0.0,1.0,0.0,62.52771618625277,51.21951219512195,60.08869179600887,1.9955654101995564,1.9955654101995564,1.9955654101995564,1.9955654101995564,51.21951219512195,81.81818181818183,7.982261640798225,28.04878048780488,93.23725055432372,46.89,77.88461538461539,2,1.0,ACTIVE,,2026-05-08,DEEP_ITM,30.0,56.76
US.HII,2026-05-08,596959.0,596959.0,412,412,61,61.0,34.278,0.424126332,12401236006.88,13.299605388454985,13.299605388454985,6.754098360655738,6.754098360655738,0.3109498320651404,0.3109498320651404,253186.031024388,324353.483788697,4917.5942265779995,34.278,6.754098360655738,6.754098360655738,1448.9296116504854,1448.9296116504854,0.12123076923076927,0.12123076923076927,0.264536625109963,0.013888888888888888,23.241061982644712,1,0.0,0.0,0.0,,13.303769401330376,50.332594235033255,41.24168514412417,16.62971175166297,49.889135254988915,9.312638580931264,31.263858093126384,50.332594235033255,45.67627494456763,22.394678492239468,28.04878048780488,24.27937915742794,33.26,27.884615384615387,1,0.5,N/A,,,,0.0,19.49
US.HON,2026-05-08,575938.0,575938.0,993,993,3088,3088.0,23.988,0.448442247,136913429422.33,13.263757031292155,13.263757031292155,0.32156735751295334,0.32156735751295334,0.008631851700334113,0.008631851700334113,258274.930852686,166810.59028051,12973.1474345,23.988,0.32156735751295334,0.32156735751295334,579.9979859013092,579.9979859013092,0.16406249999999997,0.16406249999999997,0.31930474264672176,0.023255813953488372,25.64261466102082,1,0.0,0.0,0.0,,11.973392461197339,4.656319290465632,2.6607538802660753,17.516629711751662,38.13747228381374,23.946784922394677,13.303769401330376,4.656319290465632,22.172949002217297,26.607538802660752,28.04878048780488,24.27937915742794,15.62,27.884615384615387,1,0.5,N/A,,,,0.0,16.55
US.HOOD,2026-05-08,33411234.0,9435760.0,39929,7216,88307,4013.9545454545455,169.25168181818182,-0.2727714489090909,68690525747.96,307.331855613816,13.969629800628,67.41643530269415,470.0,285288.84776803013,2265900.0,26461490.26423968,1417936.718822101,588263.7353122081,169.25168181818182,67.41643530269415,470.0,2187.7141806386007,6320.0,0.30458969577315315,1.876543209876543,53.75930809797335,0.1859407316058344,24.95287711908031,22,3.054137542912086,1.0292219342379427,0.6785796956796029,1.0,85.14412416851441,88.470066518847,98.00443458980045,88.02660753880266,70.28824833702882,86.69623059866962,98.22616407982262,88.470066518847,84.25720620842571,85.80931263858092,95.1219512195122,76.94013303769401,87.19,77.88461538461539,2,1.0,ACTIVE,,2026-05-08,DEEP_ITM,30.0,63.47
US.HST,2026-05-08,679769.0,679769.0,22660,22660,34,34.0,32.832,-0.208679434,,13.429509784643713,13.429509784643713,666.4705882352941,666.4705882352941,9.226214066614187,9.226214066614187,141853.810170746,14318.381628631,81137.084408741,32.832,666.4705882352941,666.4705882352941,29.9986319505737,29.9986319505737,0.2543604651162789,0.2543604651162789,0.37269884410541615,0.023255813953488372,0.0,1,0.0,0.0,0.0,,16.851441241685144,90.9090909090909,79.6008869179601,8.425720620842572,8.869179600886918,60.97560975609756,28.159645232815965,90.9090909090909,0.22172949002217296,35.47671840354767,28.04878048780488,24.27937915742794,44.7,27.884615384615387,1,0.5,N/A,,,,0.0,21.39
US.HWM,2026-05-08,5409772.0,1601882.0,3732,1485,3777,755.4,27.5974,0.4900272234,109210472824.78,69.19997362995369,13.839994725990739,0.9719793523551952,1.6518353726362625,0.05955018815432801,0.09859847472623025,3065949.123793457,1455977.460882183,49641.281951521,27.5974,0.9719793523551952,1.6518353726362625,1938.873285956271,3605.6139240506327,0.6340931289916929,0.9381443298969071,0.37420462368645185,0.11860465116279069,25.41654280065661,5,0.0,0.0,0.3263902804036843,0.0,64.52328159645234,29.711751662971174,27.716186252771617,64.96674057649668,70.73170731707317,52.328159645232816,18.8470066518847,29.711751662971174,69.84478935698448,70.73170731707317,28.04878048780488,65.18847006651885,47.68,27.884615384615387,1,0.5,N/A,,,,0.0,21.89
US.IBM,2026-05-08,25340646.0,2908375.0,27075,6734,8822,490.1111111111111,5.107666666666667,0.04944444872222222,217404864116.8,253.14177345674986,14.063431858708325,8.482462148425602,11.378378378378379,0.9889286470724618,2.2972380698241945,1506684.6344695138,1439359.434381387,98716.81985630901,5.107666666666667,8.482462148425602,11.378378378378379,2570.6061289700265,6463.055555555556,0.24424607672928403,1.0205624433020866,0.22733522535750808,0.20372047407836727,26.105027185430142,18,0.0,0.0,0.682588794303034,1.0,83.5920177383592,57.64966740576497,69.84478935698448,52.77161862527716,70.50997782705099,64.30155210643017,3.9911308203991127,57.64966740576497,85.58758314855875,72.28381374722838,28.04878048780488,77.16186252771618,63.18,77.88461538461539,2,1.0,ACTIVE,,2026-05-08,DEEP_ITM,30.0,59.47
US.INSM,2026-05-08,4506247.0,1976172.0,3055,1124,8128,2032.0,14.22675,0.09126051875,22759007355.0,55.347506020225765,13.836876505056441,23.204833002536027,91.66666666666667,2.3485671695477337,9.226015873015873,212176.690630925,168524.69140516,4977.135607264,14.22675,23.204833002536027,91.66666666666667,1597.3790084215127,2461.6,2.1397938379152395,3.5042216213233264,0.038682555803529854,0.08459595959595959,23.84822683172093,4,6.752829730971253,4.554545454545455,0.8710148378462166,0.0,60.08869179600887,76.27494456762749,79.37915742793791,13.082039911308204,38.80266075388026,9.534368070953436,5.764966740576496,76.27494456762749,59.42350332594235,92.23946784922394,98.89135254988913,83.14855875831486,62.56,77.88461538461539,2,1.0,ACTIVE,,2026-05-08,DEEP_ITM,30.0,59.37
US.INTC,2026-05-08,250437696.0,16589021.0,604830,35923,707777,5662.216,86.60808,0.179725414936,550950120000.0,1767.0231497969633,14.136185198375706,6.834452681862802,609.0,6034.079811104047,754247.0,127980337.48335315,23301860.719071236,6664429.444159379,86.60808,6.834452681862802,609.0,1160.7716679462687,6142.644904458599,0.376596954411365,1.1111111111111112,11.682401469925766,0.13717501354451733,27.034910115687598,125,0.6074018493840598,1.1929783214830876,0.20555419101124456,0.0,97.11751662971176,90.46563192904657,91.57427937915743,96.0088691796009,92.6829268292683,98.4478935698448,91.57427937915743,90.46563192904657,83.5920177383592,75.16629711751663,83.14855875831486,60.532150776053214,86.48,77.88461538461539,2,1.0,ONGOING,,2026-05-09,ATM,60.0,73.36
US.INTU,2026-05-08,27889240.0,14334600.0,2534,666,1524,254.0,73.22500000000001,-0.32840395699999997,112495009000.0,87.50999688873081,14.584999481455135,23.96405304057107,111.5,2.5457181703308644,6.547679335267221,25006894.114168715,3802847.505377492,45023.56598516,73.22500000000001,23.96405304057107,111.5,11441.819864886156,34130.0,0.12540770650503086,0.3609022556390978,1.1918659286623103,0.03316691944725312,25.4461746931712,6,13.217148519979487,1.9988165680473373,0.8585275181396123,1.0,69.62305986696231,78.7139689578714,78.04878048780488,87.36141906873614,79.6008869179601,49.44567627494457,82.92682926829268,78.7139689578714,99.1130820399113,41.46341463414634,99.77827050997783,82.039911308204,79.3,77.88461538461539,2,1.0,ACTIVE,,2026-05-08,DEEP_ITM,30.0,62.16
US.JBHT,2026-05-08,1749450.0,1749450.0,545,545,1060,1060.0,46.015,0.984265531,22838323974.57,14.374812582395363,14.374812582395363,0.5141509433962265,0.5141509433962265,0.06814585772748201,0.06814585772748201,1721923.33320795,24620.720126700002,4207.98882345,46.015,0.5141509433962265,0.5141509433962265,3210.0,3210.0,0.0,0.0,4.052252951417731,0.1111111111111111,23.851705837937054,1,0.0,0.0,1.0,0.0,26.164079822616408,9.977827050997783,22.172949002217297,56.54101995565411,12.195121951219512,8.425720620842572,48.11529933481153,9.977827050997783,66.07538802660754,1.9955654101995564,28.04878048780488,93.23725055432372,36.15,27.884615384615387,1,0.5,N/A,,,,0.0,19.97
US.JBL,2026-05-08,13522317.0,4877370.0,15867,4647,4996,999.2,60.373000000000005,-0.0613209696,36883716651.2,73.00999721103935,14.60199944220787,514.3556109479524,2033.0,17.079846140632764,69.75643592677345,7431071.624186639,2665593.684204242,224382.618465708,60.373000000000005,514.3556109479524,2033.0,985.0736420738679,2023.4675126903553,1.5866804817051547,3.895181341015825,23.259368979999078,0.325,24.331036007460625,5,1.5177903918812938,2.359517255981368,0.0,,65.85365853658537,96.45232815964523,86.0310421286031,77.38359201773835,77.38359201773835,76.49667405764967,68.29268292682927,96.45232815964523,53.215077605321504,93.56984478935698,92.23946784922394,24.27937915742794,73.11,77.88461538461539,2,1.0,ACTIVE,,2026-05-08,ATM,30.0,61.13
US.JCI,2026-05-08,611378.0,611378.0,254,254,650,650.0,43.073,0.921115632,84958597717.75,13.323472340449575,13.323472340449575,0.39076923076923076,0.39076923076923076,0.06754625051788427,0.06754625051788427,563149.832860896,42425.039917086004,4424.794473736,43.073,0.39076923076923076,0.39076923076923076,2407.0,2407.0,0.0,0.0,0.6599987546202228,0.023255813953488372,25.165429889110207,1,0.0,0.0,1.0,0.0,14.19068736141907,6.651884700665188,21.951219512195124,32.8159645232816,17.738359201773836,8.869179600886918,44.12416851441242,6.651884700665188,58.758314855875824,1.9955654101995564,28.04878048780488,93.23725055432372,31.91,27.884615384615387,1,0.5,N/A,,,,0.0,19.26
US.JD,2026-05-08,838814.0,838814.0,10109,10109,7645,7645.0,45.111,0.200075225,41261444313.72,13.639745460539565,13.639745460539565,1.3223021582733814,1.3223021582733814,0.036319298808493154,0.036319298808493154,167825.89978315,42986.82268603,28446.607751274,45.111,1.3223021582733814,1.3223021582733814,82.97695123157582,82.97695123157582,0.08585796639273881,0.08585796639273881,0.17852485245763447,0.007407407407407408,24.44319434918092,1,0.0,0.0,0.0,,20.620842572062084,25.942350332594234,13.747228381374724,10.199556541019955,17.96008869179601,41.019955654102,46.56319290465632,25.942350332594234,1.9955654101995564,17.29490022172949,28.04878048780488,24.27937915742794,21.62,77.88461538461539,2,1.0,ONGOING,,2026-05-09,DEEP_OTM,60.0,62.55
US.JNJ,2026-05-08,1198613.0,642150.0,1874,1098,10740,5370.0,21.4665,0.09875329050000001,535629848217.21,26.601936515086834,13.300968257543417,0.17915565546352868,0.22671897584142062,0.005028871241137991,0.00516383420575455,621699.255792106,348661.171605608,29592.272600224,21.4665,0.17915565546352868,0.22671897584142062,667.1548950293881,827.5128865979382,0.31441555048548264,0.38232044198895015,0.26572686149302704,0.023255813953488372,27.006709177773402,2,0.8665623296737522,1.4149484536082475,0.0,,33.92461197339246,2.6607538802660753,0.8869179600886918,35.033259423503324,51.66297117516629,42.572062084257205,10.42128603104213,2.6607538802660753,31.48558758314856,43.23725055432372,88.24833702882484,24.27937915742794,24.76,77.88461538461539,2,1.0,ONGOING,,2026-05-09,ATM,60.0,63.07
US.JPM,2026-05-08,5555909.0,1973485.0,13672,9076,22173,3695.5,24.118166666666667,0.3620825678333333,820653961990.86,81.78447164039194,13.630745273398658,0.8620231518057148,2.0804597701149423,0.029350872219387984,0.13066989322896047,1888666.9724481152,2155862.156078306,106373.630016114,24.118166666666667,0.8620231518057148,2.0804597701149423,845.5247655259041,1923.6261510128913,0.3551187907530983,0.7015694067074901,0.6651908876818867,0.045484883632860046,27.43336737398312,6,0.0,0.0,0.0,,68.07095343680709,31.9290465631929,31.48558758314856,58.09312638580931,75.3880266075388,65.18847006651885,13.52549889135255,31.9290465631929,51.66297117516629,63.19290465631929,28.04878048780488,24.27937915742794,41.57,77.88461538461539,2,1.0,ONGOING,,2026-05-09,ATM,60.0,65.87
US.KEYS,2026-05-08,507187.0,507187.0,949,949,18,18.0,45.543,-0.398001935,60893675874.7,13.136637022519274,13.136637022519274,52.72222222222222,52.72222222222222,0.7935857476357674,0.7935857476357674,201861.40740684498,102250.38880821901,8229.809500247,45.543,52.72222222222222,52.72222222222222,534.4436248682824,534.4436248682824,0.9034275074136225,0.9034275074136225,2.90429846267567,0.1111111111111111,24.832395161864476,1,0.0,0.0,0.0,,9.534368070953436,73.39246119733924,57.64966740576497,12.195121951219512,31.042128603104214,14.855875831485587,47.671840354767184,73.39246119733924,20.620842572062084,69.17960088691795,28.04878048780488,24.27937915742794,39.68,27.884615384615387,1,0.5,N/A,,,,0.0,20.56
US.KLAC,2026-05-08,1314708.0,1314708.0,274,274,63,63.0,57.318,-0.417545745,230328976403.25,14.089125906329478,14.089125906329478,4.349206349206349,4.349206349206349,0.11835179896430428,0.11835179896430428,548950.7313174601,1331856.722475,3453.1305209039997,57.318,4.349206349206349,4.349206349206349,4798.204379562044,4798.204379562044,0.5198256516757828,0.5198256516757828,3.6717858424179606,0.1111111111111111,26.16277445611128,1,0.0,0.0,0.0,,24.6119733924612,42.12860310421286,29.933481152993345,31.9290465631929,69.84478935698448,7.095343680709535,65.85365853658537,42.12860310421286,78.93569844789357,52.77161862527716,28.04878048780488,24.27937915742794,37.91,77.88461538461539,2,1.0,ONGOING,,2026-05-09,ATM,60.0,65.26
US.KTOS,2026-05-08,5174061.0,2163864.0,1714,645,862,215.5,47.06225,-0.2256767695,10688639088.0,55.87989300707609,13.969973251769023,1.9476684025194664,2.7564102564102564,1.029240989531807,1.6223301844354476,1311019.54352096,21049.91300912,15944.9704488,47.06225,1.9476684025194664,2.7564102564102564,2948.8533685017837,3354.827906976744,0.11411307362160594,0.13319639808898212,2.728038381561021,0.1111111111111111,23.092447246956795,4,0.0,0.0,1.0,1.0,60.97560975609756,35.033259423503324,64.7450110864745,50.110864745011085,10.864745011086473,26.82926829268293,49.00221729490023,35.033259423503324,68.07095343680709,23.503325942350333,28.04878048780488,93.23725055432372,52.02,27.884615384615387,1,0.5,N/A,,,,0.0,22.61
US.LEN,2026-05-08,2276800.0,1153600.0,1280,720,531,265.5,0.0,0.0,21610212491.04,27.890092114930717,13.945046057465358,2.420915032679739,2.488888888888889,0.5013505440167101,0.5843527594154446,0.0,0.0,0.0,0.0,2.420915032679739,2.488888888888889,1810.0,2060.0,0.0,0.0,0.0,0.1111111111111111,23.796431840458972,2,0.0,0.0,1.0,0.0,41.019955654102,33.25942350332594,53.215077605321504,1.9955654101995564,1.9955654101995564,1.9955654101995564,1.9955654101995564,33.25942350332594,53.88026607538803,1.9955654101995564,28.04878048780488,93.23725055432372,38.26,27.884615384615387,1,0.5,N/A,,,,0.0,20.32
US.LITE,2026-05-08,57959622.0,13920366.0,9805,832,10986,477.6521739130435,96.33734782608695,0.1322317877391304,69442724000.0,325.38399857266097,14.14713037272439,8.59591588372517,125.0,0.7560712864287804,14.970646888794281,25022497.755181756,29771633.177125003,108486.620585263,96.33734782608695,8.59591588372517,125.0,4977.709329209878,17998.942332896462,0.5500160001604949,2.433713334187268,21.320020164445896,0.2142205784570147,24.963768134654103,23,0.2740166564916122,0.5421516200062912,0.5132831784168641,0.0,86.91796008869179,79.93348115299335,82.48337028824834,87.58314855875831,93.34811529933481,65.85365853658537,93.79157427937915,79.93348115299335,96.23059866962306,88.69179600886919,72.50554323725056,72.06208425720621,82.05,77.88461538461539,2,1.0,ACTIVE,,2026-05-08,DEEP_ITM,30.0,62.62
US.LLY,2026-05-08,15912368.0,6741325.0,2417,1262,5628,1125.6,19.9614,-0.014583924799999991,918160201193.76,72.60157469026083,14.520314938052167,0.619794851118113,1.3248407643312101,0.06702453929374368,0.19209622517150995,1145888.8638100089,2613714.981469874,11619.335909285,19.9614,0.619794851118113,1.3248407643312101,11428.507270860748,31745.0,0.14913014252605236,0.3031537463171556,0.6092745771749405,0.04082687338501292,27.545637723447012,5,0.04862344995199192,0.09416025350837483,0.8226509718729481,0.0,65.18847006651885,26.164079822616408,36.14190687361419,47.22838137472284,77.16186252771618,22.61640798226164,9.534368070953436,26.164079822616408,98.89135254988913,38.80266075388026,58.758314855875824,80.70953436807096,50.14,77.88461538461539,2,1.0,ACTIVE,,2026-05-08,DEEP_ITM,30.0,57.3
US.LRCX,2026-05-08,8547247.0,3363077.0,3340,1255,10030,1671.6666666666667,82.96966666666667,0.334806601,358313602920.0,83.53531110392198,13.922551850653663,4.481521353533716,23.952380952380953,0.6583376703922587,3.661301795603066,6621046.602742375,1480166.2361158729,48145.334124803005,82.96966666666667,4.481521353533716,23.952380952380953,3016.944715799811,5680.873310810811,0.3458599180897633,1.4858841010401187,23.187176532214853,0.1838501291989664,26.604674425708303,6,0.21955196208497266,0.9976076555023924,0.6512100328912923,1.0,68.73614190687361,66.07538802660754,74.50110864745011,75.60975609756098,70.95343680709534,50.554323725055426,88.470066518847,66.07538802660754,82.48337028824834,81.1529933481153,70.06651884700665,76.71840354767184,72.36,77.88461538461539,2,1.0,ONGOING,,2026-05-09,ATM,60.0,71.0
US.LULU,2026-05-08,9082220.0,5913950.0,1196,610,582,194.0,77.81533333333333,-0.980171314,15442821248.88,44.01851010740056,14.672836702466853,2.1501060546982296,2.5316455696202533,1.3331927869791556,2.016371649132382,8948764.05197831,120466.93624203,29157.929585960002,77.81533333333333,2.1501060546982296,2.5316455696202533,7676.666666666667,10640.0,0.0,0.0,1.4503395700708757,0.05254091300602928,23.46041008828897,3,0.0,0.0,1.0,1.0,53.65853658536586,33.70288248337029,68.07095343680709,78.93569844789357,33.70288248337029,41.68514412416852,86.0310421286031,33.70288248337029,92.6829268292683,1.9955654101995564,28.04878048780488,93.23725055432372,58.9,27.884615384615387,1,0.5,N/A,,,,0.0,23.76
US.LUV,2026-05-08,665521.0,665521.0,4462,4462,11936,11936.0,44.702,0.326828478,20230343981.07,13.408326974122144,13.408326974122144,0.3738270777479893,0.3738270777479893,0.013471238568329633,0.013471238568329633,217511.215507038,33668.772611058,38293.716296576,44.702,0.3738270777479893,0.3738270777479893,149.15307037203047,149.15307037203047,0.5352761876440413,0.5352761876440413,0.5598100640168754,0.023255813953488372,23.730449491544036,1,0.0,0.0,0.0,,15.96452328159645,5.764966740576496,5.099778270509978,13.747228381374724,15.077605321507761,46.78492239467849,46.11973392461197,5.764966740576496,4.434589800443459,54.1019955654102,28.04878048780488,24.27937915742794,17.3,27.884615384615387,1,0.5,N/A,,,,0.0,16.83
US.LYB,2026-05-08,945236.0,945236.0,3699,3699,1391,1391.0,53.721,0.625299136,23082339117.23,13.759190968683203,13.759190968683203,2.659237958303379,2.659237958303379,0.09502685270926299,0.09502685270926299,591055.254116096,37717.802205508,63370.97035146,53.721,2.659237958303379,2.659237958303379,255.5382535820492,255.5382535820492,0.1882521682615808,0.1882521682615808,3.60760110260235,0.1111111111111111,23.86233362172778,1,0.0,0.0,0.0,,22.172949002217297,34.58980044345898,27.0509977827051,34.146341463414636,16.4079822616408,55.87583148558758,60.75388026607539,34.58980044345898,9.75609756097561,29.490022172949004,28.04878048780488,24.27937915742794,29.89,27.884615384615387,1,0.5,N/A,,,,0.0,18.92
US.MA,2026-05-08,2984620.0,2459950.0,603,353,701,350.5,13.184,0.304829764,442622496323.7,27.886178667480447,13.943089333740224,0.856048380523905,0.9724517906336089,0.0870696139328872,0.14528603385398764,319870.06455576,203846.23543986,7542.39778236,13.184,0.856048380523905,0.9724517906336089,5663.058640226629,9839.8,0.09229922660026926,0.18367346938775517,0.4870287534096008,0.042877906976744186,26.815983090937063,2,4.688566146339604,0.7082152974504249,0.8242087769967366,0.0,40.79822616407982,19.955654101995567,32.8159645232816,22.61640798226164,41.68514412416852,13.52549889135255,5.099778270509978,19.955654101995567,91.35254988913526,28.60310421286031,96.0088691796009,80.93126385809313,42.63,77.88461538461539,2,1.0,ACTIVE,,2026-05-08,DEEP_ITM,30.0,56.05
US.MCD,2026-05-08,17022452.0,6720679.0,10326,2515,3726,532.2857142857143,13.559142857142858,0.3071684707142857,201661798914.7,99.62048401161277,14.231497715944682,5.805737156483013,19.428571428571427,0.2815272404356299,0.606275053077686,1478912.817005637,683691.937135217,116522.179830433,13.559142857142858,5.805737156483013,19.428571428571427,2045.457510135826,3965.0,0.46945860913542525,1.311731843575419,3.184393540774372,0.15185185185185185,26.029857868409728,7,5.302163344685713,0.6692531522793405,0.8413243285984886,0.0,71.61862527716187,63.41463414634146,53.88026607538803,52.54988913525499,63.41463414634146,66.74057649667405,5.321507760532151,63.41463414634146,73.17073170731707,78.7139689578714,96.45232815964523,81.37472283813747,64.84,77.88461538461539,2,1.0,ACTIVE,,2026-05-08,DEEP_ITM,30.0,59.75
US.MCHP,2026-05-08,25874809.0,5766908.0,25573,4308,22161,2216.1,112.27740000000001,0.678274212,54968539823.64,145.12957691235607,14.512957691235608,14.14261082338111,102.34782608695652,0.6542412291066111,4.092007156492634,20619781.289815705,1629483.100605251,395861.334500856,112.27740000000001,14.14261082338111,102.34782608695652,1112.9234628185027,2820.0939373750834,0.1424384493576861,0.3294146713059232,37.710590985046295,0.19796296296296295,24.730026855334284,10,0.0,0.0,0.6005790806030684,0.0,76.71840354767184,77.60532150776052,76.49667405764967,86.25277161862527,71.61862527716187,82.70509977827051,95.56541019955654,77.60532150776052,63.19290465631929,40.133037694013304,28.04878048780488,74.72283813747228,73.47,77.88461538461539,2,1.0,ONGOING,,2026-05-09,DEEP_ITM,60.0,71.19
US.MCK,2026-05-08,4574553.0,1660988.0,3863,1870,1563,312.6,61.96,-0.08418279320000001,92448632290.56,68.11748629609306,13.623497259218613,5.404605420540308,16.846846846846848,0.06541647691324234,0.12575335205893265,1554981.078236013,1841827.987612643,23637.287945121,61.96,5.404605420540308,16.846846846846848,1624.7856999576438,2709.605220228385,0.5687825737879222,0.9166666666666669,4.0057689714426035,0.11111111111111112,25.249919000636147,5,2.6173769675115945,0.6508547008547009,0.0,,64.07982261640798,62.3059866962306,31.042128603104214,53.88026607538803,74.05764966740577,37.250554323725055,70.06651884700665,62.3059866962306,62.3059866962306,70.06651884700665,94.45676274944567,24.27937915742794,53.31,77.88461538461539,2,1.0,ACTIVE,,2026-05-08,ATM,30.0,57.83
US.META,2026-05-08,291630106.0,51417351.0,295548,26861,243339,2457.969696969697,33.55337373737374,0.09981926966666665,1565724878140.24,1412.0015245716918,14.262641662340322,3.981523108758924,64.36363636363636,0.24460191983441162,13.990362436642492,170423891.68931544,105233316.09396775,3050487.569632691,33.55337373737374,3.981523108758924,64.36363636363636,2194.6499286755948,16277.466216216217,0.6543808527631947,3.019538188277087,5.639786071094594,0.1808502294713749,28.079370013606415,99,0.9465521416537844,0.4438739368120728,0.348819696276488,1.0,95.56541019955654,75.16629711751663,82.039911308204,96.67405764966742,97.11751662971176,95.78713968957871,29.933481152993345,75.16629711751663,95.56541019955654,91.35254988913526,89.3569844789357,66.29711751662971,81.36,77.88461538461539,2,1.0,ACTIVE,,2026-05-08,ATM,30.0,62.5
US.MGM,2026-05-08,1380760.0,1380760.0,5019,5019,8011,8011.0,39.731,0.489947632,9750490565.85,14.138145354416473,14.138145354416473,0.6265135438771688,0.6265135438771688,0.045226451781516235,0.045226451781516235,676500.09236032,127111.06174216,60041.99512544,39.731,0.6265135438771688,0.6265135438771688,275.10659493923094,275.10659493923094,0.16565806822407797,0.16565806822407797,0.16555693349180892,0.007407407407407408,23.00058343523915,1,0.0,0.0,0.0,,24.833702882483372,12.195121951219512,17.073170731707318,36.80709534368071,34.811529933481154,55.432372505543235,39.689578713968956,12.195121951219512,10.643015521064301,26.82926829268293,28.04878048780488,24.27937915742794,24.19,27.884615384615387,1,0.5,N/A,,,,0.0,17.97
US.MKSI,2026-05-08,1662160.0,912110.0,496,248,289,144.5,68.851,0.682549128,20249693541.42,27.251413455377257,13.625706727688629,2.9988284518828454,4.96,0.3127989599493996,0.4987200372352804,1160902.6616946,493008.06140261004,10051.460478519999,68.851,2.9988284518828454,4.96,3351.1290322580644,3677.8629032258063,0.24093607018373256,0.45276766275552477,2.7322034846913663,0.0625,23.73140549667679,2,0.0,0.0,0.5487498195119603,0.0,37.6940133037694,43.68070953436807,49.00221729490023,47.671840354767184,56.76274944567628,18.625277161862527,77.60532150776052,43.68070953436807,70.73170731707317,47.006651884700666,28.04878048780488,73.39246119733924,50.78,27.884615384615387,1,0.5,N/A,,,,0.0,22.41
US.MP,2026-05-08,2733937.0,926623.0,4150,1892,14669,3667.25,72.9295,0.317648959,12306452847.83,53.6633297874656,13.4158324468664,0.29656838497866134,0.4455494778717056,0.02918100125685341,0.04213891440272484,1251694.249388355,326460.724595294,49117.700527153,72.9295,0.29656838497866134,0.4455494778717056,768.516162714012,1240.892578125,0.305992485657157,0.462700551770408,0.5936477933386235,0.01533161068044789,23.233389583614947,4,0.27271148725397093,0.27535341118623236,0.0,,56.98447893569845,8.869179600886918,15.077605321507761,49.00221729490023,50.332594235033255,51.44124168514412,82.26164079822617,8.869179600886918,41.68514412416852,48.33702882483371,72.28381374722838,24.27937915742794,35.17,77.88461538461539,2,1.0,ONGOING,,2026-05-09,DEEP_OTM,60.0,64.8
US.MRNA,2026-05-08,24517887.0,11627437.0,99363,19811,68878,8609.75,83.335625,0.344937362375,19260005011.86,115.30460463562176,14.41307557945272,7.010624695112291,28.923766816143498,0.3275319672858583,1.1929452564689738,13531304.217651919,1216636.333299308,1449501.261389298,83.335625,7.010624695112291,28.923766816143498,233.5062708254012,599.847141972761,1.2618502692017441,2.3862199747155497,18.07134075704106,0.19010416666666666,23.68129650358946,8,0.021135026925386498,0.014674345934685374,0.0,,73.8359201773836,68.29268292682927,61.64079822616409,82.92682926829268,69.40133037694012,92.90465631929047,89.13525498891353,68.29268292682927,22.61640798226164,88.02660753880266,57.20620842572062,24.27937915742794,61.92,77.88461538461539,2,1.0,ONGOING,,2026-05-09,ATM,60.0,69.26
US.MRVL,2026-05-08,27156887.0,5700726.0,20939,2838,115153,5483.476190476191,85.78928571428571,0.2617673527142857,139896743000.0,290.5280098057626,13.834667133607743,6.09783776568233,104.72727272727273,0.37068645775033876,4.537443682497116,15990984.52312142,5281565.9038451705,342354.819334483,85.78928571428571,6.09783776568233,104.72727272727273,1502.124080421811,4030.2445355191257,0.6738246066975109,3.652582159624413,13.60473868982647,0.12848347472696622,25.66417043743905,21,0.18645032873596662,0.601453154875717,0.16812354081673647,1.0,84.25720620842571,78.04878048780488,76.94013303769401,85.14412416851441,82.70509977827051,81.59645232815964,91.35254988913526,78.04878048780488,73.39246119733924,92.46119733924611,67.62749445676275,57.42793791574279,76.6,77.88461538461539,2,1.0,ONGOING,,2026-05-09,ATM,60.0,71.71
US.MSFT,2026-05-08,459336414.0,62556708.0,629453,55281,732168,5267.395683453237,28.557115107913667,0.20283993223021585,3126776735607.68,1986.0930360724801,14.288439108435108,5.080669742426156,327.890243902439,0.13786282451392623,3.9323270976699125,177298665.9524565,212763291.3069354,5874379.038373534,28.557115107913667,5.080669742426156,327.890243902439,1629.595736789138,10818.557692307691,1.1333949809894937,11.176470588235293,3.554186505755704,0.11715910233289457,28.771023792945307,139,0.2760893757707029,0.16933059880884707,0.25829692875165783,1.0,97.33924611973393,84.92239467849224,75.60975609756098,96.89578713968959,98.4478935698448,98.00443458980045,20.17738359201774,84.92239467849224,92.90465631929047,98.00443458980045,72.72727272727273,62.97117516629712,80.88,77.88461538461539,2,1.0,ACTIVE,,2026-05-08,ATM,30.0,62.42
US.MSTR,2026-05-08,81108449.0,9530040.0,182162,12978,359439,8766.80487804878,70.93456097560976,0.15030036902439023,63024545300.48,580.3984825467419,14.156060549920534,1.309837720276253,12.98331346841478,0.03504865798352153,0.35299673077167787,45361551.6550403,7208166.853893277,2096045.336163938,70.93456097560976,1.309837720276253,12.98331346841478,866.4182225492345,3958.891891891892,0.6878131599972127,2.6153846153846154,16.690823871901884,0.23029665205729793,24.86679009542047,41,0.3405859079033422,0.35503931326385635,0.012641753265433544,0.0,90.68736141906874,59.20177383592018,43.90243902439025,92.01773835920177,86.47450110864744,94.45676274944567,80.93126385809313,59.20177383592018,72.9490022172949,89.57871396895787,75.60975609756098,48.55875831485588,68.23,77.88461538461539,2,1.0,ONGOING,,2026-05-09,ATM,60.0,70.31
US.MTSI,2026-05-08,9089962.0,7212482.0,1321,1052,4027,2013.5,71.1505,0.7186617795000001,25839373305.9,30.236765375505655,15.118382687752828,0.31055124500750975,0.3443535188216039,0.06230501482105669,0.06853653163043659,6377435.809443409,5838804.411456664,23859.570319128,71.1505,0.31055124500750975,0.3443535188216039,6917.72551839654,6979.479553903346,0.18878695358983838,0.316562769596511,0.3639258196964342,0.009345794392523364,23.97516526273776,2,0.0,0.0,1.0,0.0,44.567627494456765,5.099778270509978,22.394678492239468,74.27937915742794,83.81374722838137,37.6940133037694,81.59645232815964,5.099778270509978,86.25277161862527,39.689578713968956,28.04878048780488,93.23725055432372,48.11,77.88461538461539,2,1.0,ACTIVE,,2026-05-08,DEEP_ITM,30.0,56.96
US.MU,2026-05-08,863738604.0,37927878.0,448928,39264,365174,1630.2410714285713,85.31532142857144,0.14146409737946428,729046231949.97,3280.895333345895,14.646854166722745,5.992529603942167,418.0,11947.40628252538,2676177.0,417675252.70986164,411992785.28856164,4631100.312954055,85.31532142857144,5.992529603942167,418.0,4114.702216093751,25719.509615384617,0.6800864663388223,1.7446932247746438,16.366015607167885,0.19403556650868886,27.3150029852583,224,0.32724454700395356,0.5898854319763427,0.19613617385567267,0.0,98.22616407982262,86.69623059866962,98.4478935698448,98.22616407982262,98.89135254988913,97.5609756097561,90.46563192904657,86.69623059866962,98.00443458980045,84.70066518847007,74.72283813747228,59.64523281596452,87.82,77.88461538461539,2,1.0,ONGOING,,2026-05-09,ATM,60.0,73.58
US.NEM,2026-05-08,4438185.0,2659722.0,5431,3244,4379,2189.5,44.6135,-0.017705201000000004,121156563186.36,29.18499316838608,14.59249658419304,1.2429714200358077,1.497691597414589,0.08950503562679604,0.10819824021982974,2051210.188127724,879869.085805149,79476.976139754,44.6135,1.2429714200358077,1.497691597414589,816.5435866404835,819.8896424167694,0.24858165090723233,0.345514950166113,0.3133210203839266,0.013888888888888888,25.52034945680151,2,1.4955171965905392,1.483310470964792,0.0,,43.90243902439025,28.159645232815965,29.046563192904657,59.86696230598669,66.51884700665188,60.310421286031044,45.8980044345898,28.159645232815965,31.042128603104214,40.57649667405765,92.01773835920177,24.27937915742794,41.11,27.884615384615387,1,0.5,N/A,,,,0.0,20.79
US.NFLX,2026-05-08,79073837.0,26096915.0,167977,27881,234966,8102.275862068966,35.830999999999996,-0.1332332024137931,371602970096.0,409.75151338384626,14.129362530477458,10.63600459727723,252.0,17855.56576798438,517802.0,21989056.912622634,2532867.725007717,1676264.221600451,35.830999999999996,10.63600459727723,252.0,1089.6678174789336,2650.0,0.2613771929180629,1.3134328358208953,7.053212116135197,0.1828236251852932,26.641091836580202,29,4.556524369064331,0.546009277325774,0.7906488716362657,1.0,88.24833702882484,83.37028824833703,88.69179600886919,86.69623059866962,76.94013303769401,93.56984478935698,34.368070953436806,83.37028824833703,61.4190687361419,78.93569844789357,95.78713968957871,79.82261640798227,81.41,77.88461538461539,2,1.0,ACTIVE,,2026-05-08,DEEP_ITM,30.0,62.51
US.NKE,2026-05-08,3361108.0,1970850.0,5462,2880,13428,4476.0,64.02866666666667,-0.480680204,65766193135.53,41.31826556771834,13.772755189239447,2.2650520805692387,4.014705882352941,0.5011275249579396,0.7599061361596333,2986339.087940326,46178.476334924,90547.74995723399,64.02866666666667,2.2650520805692387,4.014705882352941,769.9484166420829,1322.7181208053692,0.07695728542053136,0.1853035143769967,2.7847555118268428,0.0818260120585702,24.90937176112682,3,5.681352845993901,0.8965277777777778,0.8503297127018828,0.0,50.554323725055426,41.46341463414634,56.98447893569845,64.7450110864745,19.51219512195122,62.97117516629712,72.28381374722838,41.46341463414634,43.45898004434589,29.046563192904657,96.89578713968959,81.81818181818183,57.09,77.88461538461539,2,1.0,ACTIVE,,2026-05-08,DEEP_ITM,30.0,58.46
US.NOC,2026-05-08,1650426.0,1650426.0,203,203,159,159.0,65.6,-0.920032436,78440827790.52,14.316544600275744,14.316544600275744,1.2767295597484276,1.2767295597484276,0.1879522287259684,0.1879522287259684,1518445.453217736,198423.22504596002,4815.114554148,65.6,1.2767295597484276,1.2767295597484276,8130.177339901478,8130.177339901478,0.00013187079826675768,0.00013187079826675768,3.630832204759291,0.1111111111111111,25.085610391399904,1,0.0,0.0,1.0,0.0,25.942350332594234,25.277161862527713,35.47671840354767,53.43680709534369,41.24168514412417,9.090909090909092,74.50110864745011,25.277161862527713,88.69179600886919,3.9911308203991127,28.04878048780488,93.23725055432372,45.55,27.884615384615387,1,0.5,N/A,,,,0.0,21.53
US.NOW,2026-05-08,90856144.0,15044900.0,84533,23707,86202,2780.7096774193546,69.53912903225807,-0.020121222032258065,96520115720.0,449.66651323141167,14.505371394561667,4.9965532180422,51.833333333333336,2.0511876894413374,14.066371051038216,57788927.96021954,4697184.558043332,987477.397641133,69.53912903225807,4.9965532180422,51.833333333333336,3522.554407554989,12589.97891036907,0.6955561880321036,4.981549815498155,10.782367882156741,0.14191885198714008,25.293017276635386,31,2.766990590747736,0.15224088108609127,0.7493221482082709,1.0,89.13525498891353,72.9490022172949,82.26164079822617,94.45676274944567,81.59645232815964,90.9090909090909,78.27050997782705,72.9490022172949,94.01330376940133,95.1219512195122,94.67849223946784,79.15742793791574,83.58,77.88461538461539,2,1.0,ACTIVE,,2026-05-08,DEEP_ITM,30.0,62.87
US.NTNX,2026-05-08,605828.0,605828.0,13293,13293,1094,1094.0,61.857,0.19129047,12371194333.98,13.314353047013865,13.314353047013865,12.150822669104205,12.150822669104205,0.12056897647680219,0.12056897647680219,115889.12285916,11218.358801372,39269.889702288,61.857,12.150822669104205,12.150822669104205,45.57496426690739,45.57496426690739,4.299999999999999,4.299999999999999,3.926868616915367,0.1111111111111111,23.23863656961812,1,0.0,0.0,0.0,,13.968957871396896,57.87139689578714,30.155210643015522,7.095343680709535,7.317073170731707,47.22838137472284,69.84478935698448,57.87139689578714,1.1086474501108647,94.45676274944567,28.04878048780488,24.27937915742794,32.99,27.884615384615387,1,0.5,N/A,,,,0.0,19.44
US.NVDA,2026-05-08,1309675221.0,65249785.0,3347830,315059,4153041,14271.61855670103,45.44462199312715,0.2537734904604811,5139377100000.0,4240.251768181541,14.571311918149624,9.494586126743615,1096.0,6409.281951007363,664329.0,690869028.4897119,207056137.23038185,37668488.40394234,45.44462199312715,9.494586126743615,1096.0,1289.8153135077328,6399.805825242718,0.5372392533910127,3.8095238095238098,3.622363973704629,0.09045430255643294,29.26795300128168,291,0.17830813767411585,0.29457430588075156,0.08621956740830787,1.0,98.66962305986696,94.2350332594235,90.02217294900223,98.89135254988913,98.22616407982262,100.0,47.006651884700666,94.2350332594235,84.92239467849224,93.34811529933481,66.96230598669624,52.77161862527716,84.19,77.88461538461539,2,1.0,ACTIVE,,2026-05-08,ATM,30.0,62.97
US.NVT,2026-05-08,1064402.0,546290.0,2046,1036,340,170.0,50.449,0.0038831454999999904,26963650961.96,26.368855723952755,13.184427861976378,33.161265432098766,63.125,1.021654178819456,1.9421819708510766,321796.13861841196,209949.12266808603,13038.501875062,50.449,33.161265432098766,63.125,520.1445640123858,527.3069498069498,0.08346371685951895,0.14736221632773358,0.6022212401015995,0.023255813953488372,24.017755535296633,2,0.9484193377144008,0.974903474903475,0.0,,32.8159645232816,74.94456762749445,67.1840354767184,22.838137472283815,42.350332594235034,24.390243902439025,54.32372505543237,74.94456762749445,20.39911308203991,25.72062084257206,89.57871396895787,24.27937915742794,48.35,27.884615384615387,1,0.5,N/A,,,,0.0,22.0
US.NYT,2026-05-08,900625.0,900625.0,13911,13911,17800,17800.0,25.73,-0.461510771,12978151205.82,13.71084535607535,13.71084535607535,0.7815168539325843,0.7815168539325843,0.0063104153295534485,0.0063104153295534485,415648.13813187496,42398.417813125,117528.02034187499,25.73,0.7815168539325843,0.7815168539325843,64.74193084609303,64.74193084609303,2.55084453636677,2.55084453636677,1.5906687817132996,0.1111111111111111,23.286533104088456,1,0.0,0.0,0.0,,21.507760532150776,14.634146341463413,1.3303769401330376,27.0509977827051,17.516629711751662,66.96230598669624,16.4079822616408,14.634146341463413,1.5521064301552108,89.13525498891353,28.04878048780488,24.27937915742794,20.87,27.884615384615387,1,0.5,N/A,,,,0.0,17.42
US.OKTA,2026-05-08,4793657.0,3563936.0,10703,5672,8883,4441.5,60.559000000000005,0.469910921,14306695940.16,29.108675076191837,14.554337538095918,5.913943082418576,11.15521064301552,0.49753566361006907,0.9770397029570511,2362685.570175192,446956.05154212104,151700.31107847602,60.559000000000005,5.913943082418576,11.15521064301552,462.6003430178591,708.3951500695687,0.7933372271616156,1.4077270859021787,2.2258236744618243,0.06718346253229973,23.383993512252125,2,0.0,0.0,0.0,,43.45898004434589,57.20620842572062,59.42350332594235,61.86252771618626,54.988913525498894,70.50997782705099,68.51441241685144,57.20620842572062,27.716186252771617,80.26607538802661,28.04878048780488,24.27937915742794,49.97,77.88461538461539,2,1.0,ACTIVE,,2026-05-08,ATM,30.0,57.27
US.ON,2026-05-08,3311198.0,1046592.0,6925,3031,4890,1222.5,61.076499999999996,0.129433616,39429380046.51,54.387612166329895,13.596903041582474,3.196225501502141,8.281420765027322,0.12762061850173548,0.27292803516038505,1249556.177056318,524644.547597892,67344.449930166,61.076499999999996,3.196225501502141,8.281420765027322,559.7597580988484,1031.1251231527094,0.29626258895190394,0.7588788829302844,1.2374331274271853,0.0349537037037037,24.397777061849293,4,0.43578840927105683,0.7783769902413971,0.0,,58.536585365853654,52.77161862527716,40.133037694013304,48.78048780487805,57.42793791574279,56.98447893569845,68.95787139689578,52.77161862527716,38.13747228381374,64.7450110864745,78.93569844789357,24.27937915742794,49.06,77.88461538461539,2,1.0,ACTIVE,,2026-05-08,DEEP_OTM,30.0,57.12
US.ORCL,2026-05-08,204796680.0,11245860.0,314873,35775,588919,5889.19,70.27211,0.24259598209,559649791140.0,1423.890995538188,14.23890995538188,2.0624579953274047,48.73770491803279,0.11159617155330911,2.6367233670795005,98162905.3845639,37139731.5064983,3061598.724116818,70.27211,2.0624579953274047,48.73770491803279,1582.0847108272474,9590.280373831776,0.45647033190808406,1.8548387096774195,11.167281709835445,0.135119952285357,27.05057705208587,100,0.21284624693716564,0.22775693864978047,0.14812223518467194,0.0,95.78713968957871,72.28381374722838,70.95343680709534,95.1219512195122,93.79157427937915,96.0088691796009,79.82261640798227,72.28381374722838,91.13082039911308,85.36585365853658,69.17960088691795,56.09756097560976,77.98,77.88461538461539,2,1.0,ACTIVE,,2026-05-08,ATM,30.0,61.94
US.PANW,2026-05-08,31103292.0,7710598.0,44544,9339,83205,3617.608695652174,41.87913043478261,0.4770557721739131,160368480000.0,318.65354806935045,13.854502089971758,1.2692798641982794,7.3861386138613865,0.05885543117613654,0.4830955695172631,16948161.05310743,4773183.260844139,559823.119325586,41.87913043478261,1.2692798641982794,7.3861386138613865,1209.6109832144355,2574.1389396709324,2.6303057308580327,28.222222222222225,3.842982545337539,0.10076642178292945,25.800740004346512,23,0.21002965620510283,0.3285612025769506,0.12505898089501266,0.0,86.47450110864744,51.66297117516629,48.33702882483371,85.36585365853658,82.039911308204,86.47450110864744,42.350332594235034,51.66297117516629,60.310421286031044,99.33481152993349,68.95787139689578,54.767184035476724,63.88,77.88461538461539,2,1.0,ACTIVE,,2026-05-08,ATM,30.0,59.59
US.PFE,2026-05-08,36192769.0,11294756.0,121716,30627,21443,1429.5333333333333,7.916666666666667,0.2521259844666667,150921281595.12,215.30199237202012,14.353466158134674,6.117684761160246,9.70059880239521,1.2744887915395127,3.1301445447473633,4360094.254242896,48982.453763055004,697046.741073895,7.916666666666667,6.117684761160246,9.70059880239521,528.6414413512686,1212.6,0.18284438564766198,0.8258396035969903,2.580546950444835,0.15998851564743036,25.740024223897002,15,0.0,0.0,0.8393746551970092,1.0,82.039911308204,54.988913525498894,72.28381374722838,69.62305986696231,20.17738359201774,88.69179600886919,4.656319290465632,54.988913525498894,40.79822616407982,66.29711751662971,28.04878048780488,81.1529933481153,60.27,77.88461538461539,2,1.0,ACTIVE,,2026-05-08,DEEP_ITM,30.0,58.99
US.PG,2026-05-08,758270.0,758270.0,332,332,115,115.0,0.0,0.0,340115166726.68,13.538796120518455,13.538796120518455,2.8869565217391306,2.8869565217391306,0.4514344908881996,0.4514344908881996,0.0,0.0,0.0,0.0,2.8869565217391306,2.8869565217391306,2283.9457831325303,2283.9457831325303,0.05927601809954761,0.05927601809954761,0.0,0.023255813953488372,26.552550122871676,1,0.0,0.0,1.0,0.0,19.51219512195122,36.36363636363637,47.22838137472284,1.9955654101995564,1.9955654101995564,1.9955654101995564,1.9955654101995564,36.36363636363637,56.98447893569845,11.529933481152993,28.04878048780488,93.23725055432372,36.55,27.884615384615387,1,0.5,N/A,,,,0.0,20.03
US.PINS,2026-05-08,1767222.0,1767222.0,7427,7427,238,238.0,50.837,-0.392624362,12071390396.85,14.384919945942237,14.384919945942237,31.205882352941178,31.205882352941178,3.4456160190294214,3.4456160190294214,693854.410262364,88542.616673286,103582.022268798,50.837,31.205882352941178,31.205882352941178,237.94560387774337,237.94560387774337,0.12770372735254223,0.12770372735254223,0.17255339047208879,0.007407407407407408,23.214104059940944,1,0.0,0.0,0.0,,26.38580931263858,69.62305986696231,73.39246119733924,37.472283813747225,28.824833702882486,64.7450110864745,55.210643015521065,69.62305986696231,8.425720620842572,23.28159645232816,28.04878048780488,24.27937915742794,45.58,27.884615384615387,1,0.5,N/A,,,,0.0,21.54
US.PLNT,2026-05-08,1006450.0,1006450.0,3057,3057,0,0.0,56.645,0.439474836,3482247240.0,13.82194083932002,13.82194083932002,3057.0,3057.0,1006450.0,1006450.0,442309.4486922,77009.03000725,36108.9279911,56.645,3057.0,3057.0,329.22800130847236,329.22800130847236,0.06142368944182616,0.06142368944182616,0.42167849509717015,0.013888888888888888,21.970943681228274,1,0.0,0.0,0.0,,22.394678492239468,97.33924611973393,93.56984478935698,27.494456762749447,27.0509977827051,46.34146341463415,64.7450110864745,97.33924611973393,13.968957871396896,12.416851441241686,28.04878048780488,24.27937915742794,52.67,27.884615384615387,1,0.5,N/A,,,,0.0,22.72
US.PLTR,2026-05-08,113971096.0,6549254.0,354342,47810,486872,6579.351351351352,52.90412162162163,0.08576180118918919,328551606447.85,1036.773126079828,14.010447649727405,1.2435287184355517,5.444170569386246,0.12984901849549627,1.895814874654714,52627997.2637023,9331259.94404657,4423408.558857431,52.90412162162163,1.2435287184355517,5.444170569386246,1090.989148052912,7275.0,0.895753923445053,3.987802017358668,9.929470636527718,0.18508031670525113,26.517959759789367,74,0.46416626592079224,0.25433016513566614,0.1655768318662128,0.0,93.56984478935698,45.8980044345898,66.96230598669624,93.12638580931264,88.24833702882484,97.33924611973393,58.98004434589801,45.8980044345898,86.91796008869179,94.2350332594235,79.6008869179601,56.98447893569845,70.93,77.88461538461539,2,1.0,ACTIVE,,2026-05-08,ATM,30.0,60.76
US.PNR,2026-05-08,2000000.0,2000000.0,2000,2000,2001,2001.0,0.0,0.0,12760373517.36,14.508658238524095,14.508658238524095,0.9995002498750625,0.9995002498750625,0.1265831116863048,0.1265831116863048,0.0,0.0,0.0,0.0,0.9995002498750625,0.9995002498750625,1000.0,1000.0,0.0,0.0,0.0,0.1111111111111111,23.269610387033367,1,0.0,0.0,1.0,0.0,27.494456762749447,22.61640798226164,31.263858093126384,1.9955654101995564,1.9955654101995564,1.9955654101995564,1.9955654101995564,22.61640798226164,36.80709534368071,1.9955654101995564,28.04878048780488,93.23725055432372,30.46,27.884615384615387,1,0.5,N/A,,,,0.0,19.02
US.PTC,2026-05-08,918220.0,918220.0,1505,1505,16,16.0,35.027,0.484679606,17569776527.4,13.730193381369967,13.730193381369967,94.0625,94.0625,3.886810023704707,3.886810023704707,445042.50782132,183135.99478500002,20887.327900379998,35.027,94.0625,94.0625,610.1129568106312,610.1129568106312,0.2727874985386385,0.2727874985386385,0.45313880020607,0.023255813953488372,23.589446020134538,1,0.0,0.0,0.0,,21.729490022172946,76.71840354767184,75.3880266075388,27.93791574279379,39.91130820399113,33.48115299334812,32.37250554323725,76.71840354767184,23.28159645232816,36.36363636363637,28.04878048780488,24.27937915742794,45.44,27.884615384615387,1,0.5,N/A,,,,0.0,21.52
US.PWR,2026-05-08,5939316.0,3433273.0,901,301,639,213.0,46.12866666666667,0.4756391583333333,112654655658.77,42.886431663946055,14.295477221315352,100.96059462010383,301.0,3.0442671530226373,8.914096945639578,3507837.8447048143,8593740.399604801,10977.801620346001,46.12866666666667,100.96059462010383,301.0,6596.769686231081,11444.243333333334,0.04515758385771689,0.09873925216613379,0.22338233538370358,0.008699665397484712,25.44759283150835,3,0.0,0.0,0.578058651871697,0.0,52.77161862527716,84.70066518847007,79.15742793791574,66.51884700665188,87.8048780487805,21.06430155210643,48.33702882483371,84.70066518847007,93.34811529933481,19.733924611973393,28.04878048780488,74.27937915742794,68.29,77.88461538461539,2,1.0,ACTIVE,,2026-05-08,DEEP_ITM,30.0,60.32
US.PYPL,2026-05-08,521360.0,521360.0,380,380,480,480.0,0.0,0.0,40770915886.46,13.16419797906488,13.16419797906488,0.7916666666666666,0.7916666666666666,0.23499927881148133,0.23499927881148133,0.0,0.0,0.0,0.0,0.7916666666666666,0.7916666666666666,1372.0,1372.0,0.0,0.0,0.0,0.1111111111111111,24.431234818265494,1,0.0,0.0,1.0,0.0,10.643015521064301,14.855875831485587,38.58093126385809,1.9955654101995564,1.9955654101995564,1.9955654101995564,1.9955654101995564,14.855875831485587,44.345898004434595,1.9955654101995564,28.04878048780488,93.23725055432372,28.86,77.88461538461539,2,1.0,ACTIVE,,2026-05-08,DEEP_ITM,30.0,53.75
US.QCOM,2026-05-08,313830917.0,17406536.0,411955,27787,241905,2159.8660714285716,73.82183928571429,0.26415441843750004,213487700000.0,1618.3801397867578,14.44982267666748,81.41531742564374,3137.0,72098.63869574733,1825617.0,157269163.43749368,56993917.183728434,4156034.804566035,73.82183928571429,81.41531742564374,3137.0,1546.9650964469922,5709.6024177300205,5.056318868679336,43.16163410301954,13.808501236786578,0.1396949749174946,26.086845056718964,112,0.12951087211412804,0.22571728658436802,0.20291825167754265,1.0,96.67405764966742,97.78270509977827,96.23059866962306,96.23059866962306,95.78713968957871,96.89578713968959,83.81374722838137,97.78270509977827,82.92682926829268,99.77827050997783,63.63636363636363,60.08869179600887,87.9,77.88461538461539,2,1.0,ACTIVE,,2026-05-08,ATM,30.0,63.59
US.RCL,2026-05-08,17542742.0,13778210.0,12219,6251,11342,5671.0,50.873000000000005,-0.274308426,75327923470.86,31.57973336362543,15.789866681812715,5.014954497228416,9.47121212121212,0.37790604249843823,0.743264704581328,5356535.607611126,9525071.697249133,81818.079406494,50.873000000000005,5.014954497228416,9.47121212121212,1417.4735636400053,2204.16093425052,0.09964522567739144,0.19636363636363638,0.38507097919483246,0.01533161068044789,25.04511673265152,2,0.0,0.0,0.0,,45.01108647450111,54.32372505543237,56.54101995565411,71.84035476718404,88.470066518847,61.4190687361419,55.432372505543235,54.32372505543237,55.654101995565405,31.48558758314856,28.04878048780488,24.27937915742794,51.14,77.88461538461539,2,1.0,ONGOING,,2026-05-09,ATM,60.0,67.47
US.RRX,2026-05-08,682723.0,682723.0,295,295,378,378.0,65.203,-0.860513405,13736916000.0,13.433845957321935,13.433845957321935,0.7804232804232805,0.7804232804232805,0.08756644539152054,0.08756644539152054,587492.293401815,46047.295253021,7772.363729557,65.203,0.7804232804232805,0.7804232804232805,2314.315254237288,2314.315254237288,0.46332046332046334,0.46332046332046334,3.812595065124702,0.1111111111111111,23.343352644471338,1,0.0,0.0,1.0,0.0,17.073170731707318,14.412416851441243,25.49889135254989,33.92461197339246,19.290465631929045,13.747228381374724,73.8359201773836,14.412416851441243,57.64966740576497,48.55875831485588,28.04878048780488,93.23725055432372,37.54,27.884615384615387,1,0.5,N/A,,,,0.0,20.2
US.RVTY,2026-05-08,2170380.0,2170380.0,2372,2372,2375,2375.0,30.97,0.982262595,11051758873.95,14.59041328614184,14.59041328614184,0.9987368421052631,0.9987368421052631,0.09244756808561616,0.09244756808561616,2131883.0909361,13783.1175609,21110.756687279998,30.97,0.9987368421052631,0.9987368421052631,915.0,915.0,0.0,0.0,3.149035320534977,0.1111111111111111,23.125855426446922,1,0.0,0.0,1.0,0.0,27.716186252771617,22.172949002217297,26.38580931263858,60.532150776053214,8.425720620842572,33.92461197339246,24.390243902439025,22.172949002217297,34.368070953436806,1.9955654101995564,28.04878048780488,93.23725055432372,37.8,27.884615384615387,1,0.5,N/A,,,,0.0,20.24
US.SATS,2026-05-08,6673962.0,6673962.0,17360,17360,43052,43052.0,69.409,0.235135783,35421957830.58,15.713724394376381,15.713724394376381,0.4032332992660039,0.4032332992660039,0.012642387164214655,0.012642387164214655,1569287.280582246,851941.407070164,71174.020593546,69.409,0.4032332992660039,0.4032332992660039,384.44481566820275,384.44481566820275,0.22368421052631582,0.22368421052631582,0.8500255484615374,0.023255813953488372,24.290597742521673,1,0.0,0.0,0.0,,28.824833702882486,6.873614190687362,4.434589800443459,54.767184035476724,66.07538802660754,58.536585365853654,77.8270509977827,6.873614190687362,15.521064301552107,33.25942350332594,28.04878048780488,24.27937915742794,27.51,77.88461538461539,2,1.0,ONGOING,,2026-05-09,DEEP_OTM,60.0,63.53
US.SBUX,2026-05-08,875330.0,875330.0,3139,3139,1113,1113.0,28.988,-0.330684641,118825122000.0,13.682357379522035,13.682357379522035,2.820305480682839,2.820305480682839,0.07543257413863916,0.07543257413863916,289458.18680653,145440.30909456,24028.945553669997,28.988,2.820305480682839,2.820305480682839,278.8563236699586,278.8563236699586,0.30131004366812225,0.30131004366812225,0.18598741684503042,0.013888888888888888,25.50091868617434,1,0.0,0.0,0.0,,21.286031042128602,35.92017738359202,22.838137472283815,20.17738359201774,36.58536585365854,38.13747228381374,21.286031042128602,35.92017738359202,10.864745011086473,38.13747228381374,28.04878048780488,24.27937915742794,26.98,27.884615384615387,1,0.5,N/A,,,,0.0,18.44
US.SCHW,2026-05-08,9385537.0,3410341.0,20321,11125,13399,3349.75,38.082499999999996,-0.2080342215,155559899969.5,58.22803637666219,14.557009094165547,4.369630811875326,13.030172413793103,0.44750219475647535,1.6424296859949914,6405792.757520607,793201.173756586,305151.292588069,38.082499999999996,4.369630811875326,13.030172413793103,672.2710091303517,1128.1313264968574,0.20450169578752186,0.36689038031319915,1.266471560499737,0.042877906976744186,25.770296703205336,4,2.4673088609886347,0.42483522647595007,0.7115918886687038,0.0,61.86252771618626,59.42350332594235,64.96674057649668,74.50110864745011,65.41019955654102,79.82261640798227,37.472283813747225,59.42350332594235,39.467849223946786,41.90687361419069,94.2350332594235,78.04878048780488,65.3,77.88461538461539,2,1.0,ACTIVE,,2026-05-08,DEEP_ITM,30.0,59.83
US.SHOP,2026-05-08,15497711.0,3511928.0,12656,4636,115984,8921.846153846154,85.45938461538461,-0.21523729207692308,144999926121.4,179.11223209154852,13.777864007042194,1.1384062449574603,4.364130434782608,0.37818741013903256,2.406658313943082,12374162.146416599,1104723.3689663871,215521.982131869,85.45938461538461,1.1384062449574603,4.364130434782608,2055.6362478502383,6402.857142857143,0.3454412122124749,2.2874251497005993,12.686936737687425,0.11455166374276586,25.699999069866166,13,3.200123149538609,0.4677026556882755,0.761911742966429,0.0,79.6008869179601,42.350332594235034,70.28824833702882,82.26164079822617,67.84922394678492,75.60975609756098,90.9090909090909,42.350332594235034,85.14412416851441,87.8048780487805,95.34368070953437,79.37915742793791,71.73,77.88461538461539,2,1.0,ACTIVE,,2026-05-08,DEEP_ITM,30.0,60.9
US.SMCI,2026-05-08,15333486.0,2255401.0,133076,32470,267981,15763.588235294117,84.50552941176471,0.4063374894117647,20138024569.36,231.5919085705433,13.623053445326077,0.9882435109872807,5.434301521438451,0.032699024435308574,0.12169057577436784,7101379.921487523,247471.945804275,1505655.42419621,84.50552941176471,0.9882435109872807,5.434301521438451,227.53820687488326,642.714620797498,0.6307001100722633,1.1794871794871795,18.248124739185005,0.2048183614531084,23.725875634538404,17,0.04966396825847764,0.0971811128791564,0.22796231724475438,0.0,82.92682926829268,45.67627494456763,30.598669623059866,76.27494456762749,45.23281596452328,93.12638580931264,89.80044345898004,45.67627494456763,24.168514412416854,76.49667405764967,59.20177383592018,60.97560975609756,56.67,77.88461538461539,2,1.0,ONGOING,,2026-05-09,ATM,60.0,68.39
US.SNDK,2026-05-08,213411477.0,11916872.0,83272,8829,54573,682.1625,112.09765,0.0396309124,198434352129.68,1159.8091553486804,14.497614441858506,2.4667514848075287,9.727272727272727,0.0879535236721685,1.3056112258439194,93328619.16135593,97084001.14487249,708566.376934648,112.09765,2.4667514848075287,9.727272727272727,4278.470547885051,17985.172897196262,0.9009848081784211,2.0674124118580868,46.271767374819305,0.35950753426581283,26.013724162629135,80,0.7767191789101621,0.815351747291317,0.02241983921042822,0.0,94.2350332594235,55.210643015521065,62.52771618625277,94.90022172949001,96.67405764966742,88.91352549889136,95.34368070953437,55.210643015521065,96.0088691796009,86.25277161862527,86.47450110864744,49.00221729490023,73.82,77.88461538461539,2,1.0,ONGOING,,2026-05-09,ATM,60.0,71.25
US.SNPS,2026-05-08,1430010.0,760200.0,565,355,623,311.5,58.152,0.7352971235,96775220420.13,26.956089012999893,13.478044506499947,0.8986655997231714,0.9366754617414248,0.04832718855891659,0.06167132703521058,1046526.40151106,324491.35457655,17156.670881669997,58.152,0.8986655997231714,0.9366754617414248,2753.394366197183,3620.0,0.022718460718266855,0.04543692143653371,20.464350078186577,0.28125,25.29565681107356,2,0.0,0.0,0.0,,35.92017738359202,17.96008869179601,20.17738359201774,45.23281596452328,50.110864745011085,28.38137472283814,66.74057649667405,17.96008869179601,70.06651884700665,9.312638580931264,28.04878048780488,24.27937915742794,31.61,77.88461538461539,2,1.0,ACTIVE,,2026-05-08,ATM,30.0,54.21
US.STX,2026-05-08,9446411.0,1818002.0,3012,583,2046,255.75,85.63025,-0.079078997625,171858068628.48,111.17884466537177,13.897355583171471,38.14765603896523,277.0,63074.02707783983,504591.0,3668057.448588131,7033360.214553881,35391.703973615,85.63025,38.14765603896523,277.0,3644.252949439944,8461.232227488152,0.34455998207926714,1.2612965638852833,21.977064056930562,0.20869401378122307,25.869934790722724,8,2.8842422007061725,3.842443729903537,0.0,,73.39246119733924,83.81374722838137,88.470066518847,66.74057649667405,86.25277161862527,45.67627494456763,91.13082039911308,83.81374722838137,89.13525498891353,77.8270509977827,94.90022172949001,24.27937915742794,72.53,77.88461538461539,2,1.0,ACTIVE,,2026-05-08,ATM,30.0,61.03
US.SYK,2026-05-08,17910580.0,9555180.0,2040,840,373,124.33333333333333,0.0,0.0,112685456760.19,46.553685574826126,15.517895191608709,5.480619375034938,5.617977528089888,1.5893415210107162,2.1650137647418686,0.0,0.0,0.0,0.0,5.480619375034938,5.617977528089888,8489.07142857143,11375.214285714286,0.017724699577975518,0.021887472640659236,0.0,0.023255813953488372,25.447866205842644,3,0.0,0.0,1.0,1.0,54.54545454545454,46.78492239467849,68.95787139689578,1.9955654101995564,1.9955654101995564,1.9955654101995564,1.9955654101995564,46.78492239467849,93.12638580931264,5.764966740576496,28.04878048780488,93.23725055432372,47.19,77.88461538461539,2,1.0,ACTIVE,,2026-05-08,DEEP_ITM,30.0,56.81
US.TDG,2026-05-08,1668251.0,933496.0,2593,1586,518,259.0,30.392,0.1664169875,69468391414.34,27.25398677853761,13.626993389268804,64.49240196078432,125.875,0.37711863038746796,0.7394996296236654,269975.92918204,736326.4776297379,7296.326053164,30.392,64.49240196078432,125.875,659.1162937620766,729.6474677259185,0.4531292249473819,0.8293249295073809,1.9671844176926987,0.1111111111111111,24.96413768628509,2,0.0,0.0,0.0,,37.91574279379157,80.26607538802661,56.31929046563193,18.625277161862527,64.96674057649668,12.86031042128603,23.059866962305986,80.26607538802661,28.159645232815965,66.74057649667405,28.04878048780488,24.27937915742794,45.21,77.88461538461539,2,1.0,ACTIVE,,2026-05-08,ATM,30.0,56.48
US.TER,2026-05-08,612216.0,612216.0,580,580,79,79.0,70.15,-0.325079752,55433144985.82,13.324842073810943,13.324842073810943,7.341772151898734,7.341772151898734,0.21884639293590027,0.21884639293590027,199019.025450432,114550.53887772,6045.137717256,70.15,7.341772151898734,7.341772151898734,1055.5448275862068,1055.5448275862068,1.5176600441501102,1.5176600441501102,4.524206412396645,0.1111111111111111,24.738443536759203,1,0.0,0.0,0.0,,14.412416851441243,50.77605321507761,37.472283813747225,11.973392461197339,33.03769401330377,10.42128603104213,79.37915742793791,50.77605321507761,38.35920177383592,81.37472283813747,28.04878048780488,24.27937915742794,35.16,77.88461538461539,2,1.0,ONGOING,,2026-05-09,DEEP_OTM,60.0,64.8
US.TFC,2026-05-08,10523340.0,4168800.0,18929,8640,3960,660.0,49.63183333333333,0.6165532065,61970035138.5,85.04159008429544,14.173598347382573,136.8100110928425,800.0,174000.5023668369,1044000.0,7603065.970867716,123250.49735076199,225613.931603903,49.63183333333333,136.8100110928425,800.0,842.5795337464419,1305.0,0.09516768903717916,0.3027734043841589,2.450087602017717,0.06718346253229975,24.84991680096077,6,0.0,0.0,0.8729399601267278,1.0,69.40133037694012,92.12860310421286,94.01330376940133,77.60532150776052,34.146341463414636,76.71840354767184,52.993348115299334,92.12860310421286,43.23725055432372,38.58093126385809,28.04878048780488,83.37028824833703,73.19,27.884615384615387,1,0.5,N/A,,,,0.0,26.14
US.TGT,2026-05-08,593569.0,593569.0,763,763,5255,5255.0,32.617,0.444745564,57171705972.36,13.293910430474607,13.293910430474607,0.14519505233111324,0.14519505233111324,0.008973084480499906,0.008973084480499906,263987.179677916,196591.582427313,8577.286921978,32.617,0.14519505233111324,0.14519505233111324,777.9410222804718,777.9410222804718,0.08199999999999993,0.08199999999999993,0.11535789771345892,0.006134969325153374,24.769324962136707,1,0.0,0.0,0.0,,12.86031042128603,0.8869179600886918,3.1042128603104215,17.96008869179601,41.019955654102,15.521064301552107,27.494456762749447,0.8869179600886918,30.155210643015522,15.74279379157428,28.04878048780488,24.27937915742794,15.62,27.884615384615387,1,0.5,N/A,,,,0.0,16.55
US.TMO,2026-05-08,11317470.0,7062870.0,1133,733,236,118.0,20.0195,-0.4554712055,176319520283.9,31.033873727590418,15.516936863795209,4.922203947368422,5.2631578947368425,1.0551418080277413,1.1799009178301316,6433867.826379569,1770983.7171294,22574.47928853,20.0195,4.922203947368422,5.2631578947368425,10136.033083219645,10636.5,0.00655319789945377,0.010303967027305513,0.18518916900721935,0.023255813953488372,25.895563642200024,2,0.0,0.0,1.0,1.0,44.789356984478935,45.45454545454545,61.19733924611973,74.94456762749445,73.39246119733924,35.47671840354767,9.75609756097561,45.45454545454545,92.46119733924611,4.656319290465632,28.04878048780488,93.23725055432372,57.66,77.88461538461539,2,1.0,ACTIVE,,2026-05-08,DEEP_ITM,30.0,58.55
US.TSCO,2026-05-08,588957.0,588957.0,2692,2692,12451,12451.0,40.828,0.413837612,16695440406.36,13.286110152790728,13.286110152790728,0.21620753353144326,0.21620753353144326,0.014902956451292849,0.014902956451292849,243732.558450684,44104.723423464,29237.52756573,40.828,0.21620753353144326,0.21620753353144326,218.7804606240713,218.7804606240713,0.18400000000000008,0.18400000000000008,0.16753546102889624,0.007407407407407408,23.53840148959038,1,0.0,0.0,0.0,,12.638580931263856,2.4390243902439024,5.986696230598669,15.521064301552107,18.625277161862527,41.90687361419069,41.46341463414634,2.4390243902439024,7.5388026607538805,28.824833702882486,28.04878048780488,24.27937915742794,15.77,27.884615384615387,1,0.5,N/A,,,,0.0,16.57
US.TSLA,2026-05-08,1913159109.0,85224129.0,2618560,178214,1210474,3657.0211480362536,47.949607250755285,0.20728521487613294,1546644647316.51,4875.072956514927,14.728317089168963,21.471575306191134,1957.0,4531.335202992098,923205.0,1111236719.9047313,384381150.78319,32744926.291674618,47.949607250755285,21.471575306191134,1957.0,1979.0437916775315,22651.415300546447,0.7684022733389752,6.322580645161291,6.837741655072728,0.13729145830113085,28.0671089567491,331,0.33740468446991817,0.41186010800738454,0.0687661671113001,1.0,99.33481152993349,96.0088691796009,93.12638580931264,100.0,98.66962305986696,99.77827050997783,50.554323725055426,96.0088691796009,97.33924611973393,96.23059866962306,75.16629711751663,51.66297117516629,86.54,77.88461538461539,2,1.0,ACTIVE,,2026-05-08,ATM,30.0,63.37
US.TTD,2026-05-08,10678091.0,2324913.0,48643,12198,24026,2669.5555555555557,217.49433333333334,-0.06300565155555556,11042596593.81,124.54173252563027,13.837970280625585,3.277372129681338,8.875099443118536,0.3185494105196914,0.7873873104992629,5052131.812135875,216650.16098825898,729060.363089022,217.49433333333334,3.277372129681338,8.875099443118536,235.27966497528965,386.44449064449066,0.26037592881163407,0.382768459878906,85.4613074170876,0.20955332561838483,23.12502604894571,9,1.5492473481774756,1.1167536988685813,0.0,,75.3880266075388,53.43680709534369,57.42793791574279,71.3968957871397,43.23725055432372,89.13525498891353,99.33481152993349,53.43680709534369,15.96452328159645,43.45898004434589,92.46119733924611,24.27937915742794,56.36,77.88461538461539,2,1.0,ACTIVE,,2026-05-08,ATM,30.0,58.34
US.TXN,2026-05-08,1351348.0,827625.0,1599,1349,1417,708.5,81.64699999999999,0.692816959,259594867704.84,26.79503674748462,13.39751837374231,1.2501663021687626,1.4124293785310735,0.08936693163111126,0.1639267794708708,1025294.933798568,88852.548254753,14394.815148903,81.64699999999999,1.2501663021687626,1.4124293785310735,1849.3652705707932,3310.5,0.16277678122477285,0.26259443299802043,36.504658333168216,0.3055555555555556,26.282388051572596,2,0.0,0.0,0.6124440188611667,0.0,34.811529933481154,27.494456762749447,34.368070953436806,44.789356984478935,29.046563192904657,25.72062084257206,87.8048780487805,27.494456762749447,67.62749445676275,35.92017738359202,28.04878048780488,74.94456762749445,43.52,77.88461538461539,2,1.0,ONGOING,,2026-05-09,ATM,60.0,66.2
US.UAL,2026-05-08,10302797.0,2826158.0,16759,3950,46259,6608.428571428572,55.07071428571429,0.2877675697142857,32359601881.6,98.0382205235192,14.005460074788457,0.6672367545661889,2.5704022988505746,0.07366501266741256,0.40727902097095886,6188035.518789492,998922.144176253,283645.299923534,55.07071428571429,0.6672367545661889,2.5704022988505746,705.6614034198841,1579.7417551704864,0.48844397343855556,1.004755844329828,1.9705473730471303,0.05864402608588655,24.20017662629835,7,0.37799845625821976,0.11950567802271209,0.2743097820912127,0.0,71.3968957871397,33.92461197339246,45.8980044345898,73.8359201773836,67.1840354767184,79.37915742793791,62.97117516629712,33.92461197339246,48.11529933481153,72.06208425720621,77.16186252771618,63.41463414634146,57.36,77.88461538461539,2,1.0,ACTIVE,,2026-05-08,ATM,30.0,58.5
US.UBER,2026-05-08,5289544.0,1812688.0,20910,6823,52845,8807.5,34.43716666666666,0.21891100433333333,156191512267.49,81.52475024187194,13.587458373645324,0.9325759721401083,2.302192564346997,0.06169131774727756,0.1901236151606151,1772244.963975416,291883.607277897,438497.791336437,34.43716666666666,0.9325759721401083,2.302192564346997,429.49934470946255,1354.7860615883305,0.7143190056473889,1.2475933769734309,6.391840820934878,0.12887596899224807,25.774348734005486,6,0.3404743610277079,0.20999942132978416,0.15802931216755167,0.0,67.62749445676275,32.15077605321508,35.69844789356985,56.76274944567628,47.45011086474501,84.25720620842571,31.48558758314856,32.15077605321508,43.90243902439025,77.60532150776052,75.3880266075388,56.54101995565411,49.87,77.88461538461539,2,1.0,ACTIVE,,2026-05-08,ATM,30.0,57.25
US.UNH,2026-05-08,4061730.0,2969043.0,4637,3730,10908,3636.0,18.352,0.2971735696666667,335777311934.96,41.322636459561004,13.774212153187001,2.255097585481112,5.5,0.5841396318169138,1.7456702829955715,489568.460731379,291774.513726162,48062.479093714996,18.352,2.255097585481112,5.5,4226.2440213811815,11735.347826086956,0.3017584335974541,0.6784810126582278,6.256556494204157,0.34108527131782945,26.53971401509037,3,0.0,0.0,0.730979902652318,1.0,50.77605321507761,46.34146341463415,65.85365853658537,30.155210643015522,47.22838137472284,50.110864745011085,8.425720620842572,46.34146341463415,93.56984478935698,62.3059866962306,28.04878048780488,78.49223946784922,53.69,77.88461538461539,2,1.0,ONGOING,,2026-05-09,ATM,60.0,67.89
US.UPS,2026-05-08,4167310.0,1694510.0,2236,1196,1413,471.0,0.0,0.0,85085628527.9,42.38565266884814,14.128550889616045,1.5547731813291978,1.6542185338865836,0.31834439642813844,0.4163109617655072,0.0,0.0,0.0,0.0,1.5547731813291978,1.6542185338865836,2080.604793756968,2865.0,0.026472534745201837,0.07941760423560551,0.0,0.1111111111111111,25.166923980813102,3,0.0,0.0,1.0,0.0,51.66297117516629,30.155210643015522,46.34146341463415,1.9955654101995564,1.9955654101995564,1.9955654101995564,1.9955654101995564,30.155210643015522,63.63636363636363,14.855875831485587,28.04878048780488,93.23725055432372,38.51,77.88461538461539,2,1.0,ACTIVE,,2026-05-08,DEEP_ITM,30.0,55.36
US.V,2026-05-08,756431.0,756431.0,342,342,511,511.0,21.993,-0.761970592,608654665224.96,13.536367920529962,13.536367920529962,0.6692759295499021,0.6692759295499021,0.046074934605998714,0.046074934605998714,576378.176877152,250465.90775153998,10782.316490907,21.993,0.6692759295499021,0.6692759295499021,2211.7865497076023,2211.7865497076023,0.08895567761771508,0.08895567761771508,0.20994208241756485,0.023255813953488372,27.134516891647298,1,0.0,0.0,0.0,,19.290465631929045,13.082039911308204,17.738359201773836,33.48115299334812,45.45454545454545,20.620842572062084,11.30820399113082,13.082039911308204,55.87583148558758,17.738359201773836,28.04878048780488,24.27937915742794,23.72,77.88461538461539,2,1.0,ONGOING,,2026-05-09,ATM,60.0,62.9
US.VICI,2026-05-08,732955.0,732955.0,18059,18059,11183,11183.0,20.282,0.307104204,,13.504840951781949,13.504840951781949,1.61486184387016,1.61486184387016,0.022765506754487075,0.022765506754487075,225093.56184282,25101.67260101,130214.12320744,20.282,1.61486184387016,1.61486184387016,40.58668807796666,40.58668807796666,0.9166998804304503,0.9166998804304503,0.26784353487123713,0.023255813953488372,0.0,1,0.0,0.0,0.0,,18.625277161862527,29.490022172949004,9.534368070953436,14.412416851441243,12.416851441241686,68.51441241685144,9.977827050997783,29.490022172949004,0.8869179600886918,70.28824833702882,28.04878048780488,24.27937915742794,22.69,27.884615384615387,1,0.5,N/A,,,,0.0,17.72
US.VRSN,2026-05-08,1458354.0,1458354.0,3350,3350,3587,3587.0,28.911,0.464402783,25340770000.0,14.192819646138233,14.192819646138233,0.9339280735991079,0.9339280735991079,0.01460001041775237,0.01460001041775237,677263.656199182,236900.98988621403,49026.551016419995,28.911,0.9339280735991079,0.9339280735991079,435.32955223880595,435.32955223880595,0.8137706546026315,0.8137706546026315,1.9757667024034746,0.1111111111111111,23.95568039815753,1,0.0,0.0,0.0,,25.277161862527713,17.738359201773836,5.764966740576496,37.028824833702885,44.789356984478935,50.99778270509978,21.06430155210643,17.738359201773836,17.516629711751662,65.85365853658537,28.04878048780488,24.27937915742794,24.79,27.884615384615387,1,0.5,N/A,,,,0.0,18.07
US.VRT,2026-05-08,4105333.0,1417412.0,6658,4082,4144,1036.0,65.73325,-0.024328490750000015,130600838528.16,55.10964954083151,13.777412385207878,2.430804048705802,5.25,0.16335258109868075,0.5874220611158495,937396.164953401,1801760.687500641,10896.965045433,65.73325,2.430804048705802,5.25,1794.4894689365951,3804.3690476190477,0.2134101499485816,0.3003003003003004,0.5674131326553585,0.01695198105081826,25.59541147435894,4,6.415702673410404,28.59111111111111,0.0,,59.86696230598669,45.23281596452328,53.65853658536586,42.572062084257205,73.8359201773836,20.84257206208426,74.94456762749445,45.23281596452328,71.61862527716187,37.91574279379157,98.4478935698448,24.27937915742794,50.98,77.88461538461539,2,1.0,ONGOING,,2026-05-09,DEEP_OTM,60.0,67.44
US.VST,2026-05-08,6044889.0,1302757.0,10025,2444,16669,2083.625,54.918625,0.23602513412499998,51881150000.0,108.00551034296264,13.50068879287033,0.7764253290744767,1.3732876712328768,0.05429956591630011,0.15959771674667544,1823597.999156977,1136660.036604834,90763.486168942,54.918625,0.7764253290744767,1.3732876712328768,1013.5308322427325,2693.306220095694,0.8599566186181944,1.658392310129925,1.579116799751242,0.04892847753945985,24.67222136270642,8,0.14518156718275615,0.0636604774535809,0.0,,72.72727272727273,27.27272727272727,34.146341463414636,57.20620842572062,68.51441241685144,63.19290465631929,62.74944567627494,27.27272727272727,62.08425720620843,83.5920177383592,64.7450110864745,24.27937915742794,46.65,77.88461538461539,2,1.0,ONGOING,,2026-05-09,DEEP_OTM,60.0,66.72
US.VTRS,2026-05-08,1220857.0,1220857.0,2008,2008,2141,2141.0,0.0,0.0,20249279607.51,14.015064448213394,14.015064448213394,0.9378794955628211,0.9378794955628211,0.3279053845899722,0.3279053845899722,0.0,0.0,0.0,0.0,0.9378794955628211,0.9378794955628211,607.9965139442231,607.9965139442231,0.11848341232227495,0.11848341232227495,0.0,0.013888888888888888,23.731385054977764,1,0.0,0.0,1.0,0.0,23.946784922394677,18.181818181818183,42.350332594235034,1.9955654101995564,1.9955654101995564,1.9955654101995564,1.9955654101995564,18.181818181818183,23.059866962305986,21.507760532150776,28.04878048780488,93.23725055432372,30.64,77.88461538461539,2,1.0,ACTIVE,,2026-05-08,DEEP_ITM,30.0,54.05
US.WBD,2026-05-08,670348.0,670348.0,7623,7623,60707,60707.0,24.909,0.361788271,67993547358.24,13.415553751270558,13.415553751270558,0.1255703625611544,0.1255703625611544,0.0040716633349810755,0.0040716633349810755,242524.043888308,36686.8556201,69049.24333470801,24.909,0.1255703625611544,0.1255703625611544,87.93755739210285,87.93755739210285,0.21052631578947376,0.21052631578947376,0.13424510180560892,0.009345794392523364,24.942678645844126,1,0.0,0.0,0.0,,16.4079822616408,0.6651884700665188,0.4434589800443459,15.077605321507761,15.96452328159645,57.42793791574279,14.855875831485587,0.6651884700665188,2.6607538802660753,32.8159645232816,28.04878048780488,24.27937915742794,13.99,77.88461538461539,2,1.0,ONGOING,,2026-05-09,ATM,60.0,61.27
US.WDAY,2026-05-08,2926747.0,1430000.0,2104,1210,1434,478.0,69.71533333333333,0.17341364599999998,32678844914.88,41.16508617581738,13.721695391939127,5.572012085162317,15.316455696202532,0.27898539355937974,0.5499568645352976,1646443.9610965431,732836.958281881,26319.000515617,69.71533333333333,5.572012085162317,15.316455696202532,1895.1902546461386,2860.0,0.22320557365483876,0.6234470295911455,1.1150807730400378,0.025771604938271603,24.209993761022243,3,0.46437733066016756,0.2304093567251462,0.4885970669825578,0.0,49.889135254988915,60.97560975609756,51.66297117516629,55.87583148558758,64.7450110864745,39.467849223946786,78.7139689578714,60.97560975609756,63.41463414634146,59.42350332594235,79.82261640798227,71.17516629711751,60.93,77.88461538461539,2,1.0,ACTIVE,,2026-05-08,DEEP_ITM,30.0,59.1
US.WDC,2026-05-08,9364034.0,1754038.0,2806,434,4135,459.44444444444446,81.60177777777777,0.44026222477777777,159901487392.21,124.29989493608197,13.811099437342442,57.03081152193418,206.0,195487.96797920787,924714.0,4443045.6040082835,5679014.225289056,40759.172986673,81.60177777777777,57.03081152193418,206.0,3485.414070590615,5040.33908045977,0.2028645584849111,0.501809828957825,8.439530114898563,0.09549596234450301,25.79782375876438,9,0.23049131694681574,0.14157851912123678,0.0,,75.16629711751663,82.70509977827051,93.34811529933481,69.84478935698448,83.5920177383592,47.45011086474501,87.36141906873614,82.70509977827051,80.48780487804879,51.44124168514412,70.95343680709534,24.27937915742794,70.46,77.88461538461539,2,1.0,ONGOING,,2026-05-09,ATM,60.0,70.69
US.WFC,2026-05-08,63131885.0,19152000.0,38872,13440,9247,660.5,40.91542857142857,0.34415165942857145,242244600345.04,207.07063513263083,14.790759652330774,41.73118805166172,500.0,4.17093021739901,37.07680646791309,30253538.402341627,320197.031501225,307738.55157507496,40.91542857142857,41.73118805166172,500.0,2109.1146571730264,3888.4893617021276,0.017670523949099456,0.03401591945030272,2.650982885575762,0.07345884090070136,26.21321379787564,14,0.0,0.0,1.0,1.0,81.81818181818183,88.80266075388028,84.92239467849224,89.13525498891353,49.2239467849224,80.04434589800444,41.68514412416852,88.80266075388028,72.28381374722838,7.317073170731707,28.04878048780488,93.23725055432372,76.1,77.88461538461539,2,1.0,ACTIVE,,2026-05-08,DEEP_ITM,30.0,61.63
US.WMT,2026-05-08,115980912.0,52189462.0,47670,11523,28917,1606.5,24.39838888888889,0.2957754458333333,1037822965053.0,267.1777600845979,14.843208893588772,4.343531455035709,10.438538205980066,0.7900271081446644,2.018145161290323,26062656.127280336,306340.974822136,244693.856951981,24.39838888888889,4.343531455035709,10.438538205980066,2426.5823574378605,5005.0,0.08960048709521479,0.4899049881235156,6.2412611576198325,0.1926500143554407,27.668146332228396,18,0.004454605963212516,0.060464495461825946,0.941712451786894,0.0,83.81374722838137,56.09756097560976,68.29268292682927,87.8048780487805,48.11529933481153,78.04878048780488,14.19068736141907,56.09756097560976,80.26607538802661,50.77605321507761,56.31929046563193,84.4789356984479,67.44,77.88461538461539,2,1.0,ACTIVE,,2026-05-08,DEEP_ITM,30.0,60.18
US.XOM,2026-05-08,3355233.0,1041062.0,43781,38810,65871,16467.75,28.639,0.1374089865,607566355005.96,54.470769086167465,13.617692271541866,0.38531649524819594,0.8867614129689714,0.006781664882863854,0.01211246749043396,1119699.29731048,603128.973231985,67347.133475041,28.639,0.38531649524819594,0.8867614129689714,445.99949689359516,838.5877318116976,0.33764076011325206,0.6709362610551997,0.2971704667702641,0.01929371231696813,27.132727232545257,4,0.3114447365078124,0.03398516839072316,0.0,,58.98004434589801,16.851441241685144,3.9911308203991127,46.56319290465632,59.86696230598669,57.20620842572062,20.620842572062084,16.851441241685144,32.37250554323725,62.08425720620843,74.50110864745011,24.27937915742794,33.01,77.88461538461539,2,1.0,ONGOING,,2026-05-09,ATM,60.0,64.44
US.XYZ,2026-05-08,3538803.0,1616724.0,22452,15862,5281,1320.25,157.4525,0.09913507274999998,41779266178.86,54.34043297966308,13.58510824491577,4.313995952160996,10.408136482939632,0.19769559049012325,0.6179613197962558,1358099.431903891,307696.403919831,96922.239960276,157.4525,4.313995952160996,10.408136482939632,418.864758818513,1085.0496644295301,0.31992200050712816,0.5903614457831325,71.83856803766834,0.2796296296296296,24.45566602901106,4,0.8411329607159748,0.07108100372101898,0.0,,58.31485587583148,55.87583148558758,54.1019955654102,51.21951219512195,48.33702882483371,63.8580931263858,97.78270509977827,55.87583148558758,39.02439024390244,57.42793791574279,87.8048780487805,24.27937915742794,53.56,77.88461538461539,2,1.0,ONGOING,,2026-05-09,ATM,60.0,67.87
US.ZBRA,2026-05-08,1836000.0,1836000.0,900,900,535,535.0,103.701,0.630709146,11246207368.48,14.423100394824734,14.423100394824734,1.6822429906542056,1.6822429906542056,0.15010828890449565,0.15010828890449565,1157981.992056,232524.765936,19903.9842,103.701,1.6822429906542056,1.6822429906542056,2040.0,2040.0,0.0,0.0,6.900973683834015,0.1111111111111111,23.143296786045315,1,0.0,0.0,0.0,,26.607538802660752,31.042128603104214,33.25942350332594,47.45011086474501,44.12416851441242,31.48558758314856,94.67849223946784,31.042128603104214,53.43680709534369,1.9955654101995564,28.04878048780488,24.27937915742794,35.61,27.884615384615387,1,0.5,N/A,,,,0.0,19.88
US.ZS,2026-05-08,8042550.0,5468070.0,837,370,830,276.6666666666667,83.33633333333333,-0.6351463380000001,24567211511.37,43.577416278506924,14.525805426168974,3.1618164148776393,5.454545454545454,2.030654834652719,3.5788140585116825,6729720.1160598,340971.26600793004,18003.57928173,83.33633333333333,3.1618164148776393,5.454545454545454,8577.068778029132,14778.567567567568,0.0176641622869375,0.03454112120479431,2.7153387845329395,0.0818260120585702,23.92467852547881,3,7.505234771573604,2.6872246696035242,1.0,1.0,53.43680709534369,46.11973392461197,74.05764966740577,75.83148558758315,51.21951219512195,29.711751662971174,89.3569844789357,46.11973392461197,95.1219512195122,7.5388026607538805,99.1130820399113,93.23725055432372,67.35,77.88461538461539,2,1.0,ACTIVE,,2026-05-08,DEEP_ITM,30.0,60.17
US.ZTS,2026-05-08,12597381.0,2533030.0,10553,5786,9536,953.6,84.7418,-0.7577116276,36715356470.07,139.33961731891168,13.933961731891168,589.5542050099868,5786.0,122213.9561496507,1222131.0,10903683.91626836,399734.943996221,164516.633542651,84.7418,589.5542050099868,5786.0,2803.353719509034,4537.782426778243,0.8466134679075813,5.05525511403715,3.2719566181562465,0.06718346253229975,24.326460936942713,10,9.30771742145482,0.8238852402350502,0.862333845423902,0.0,76.05321507760532,98.66962305986696,94.67849223946784,80.70953436807096,53.43680709534369,71.3968957871397,90.02217294900223,98.66962305986696,76.94013303769401,95.34368070953437,99.55654101995566,82.26164079822617,86.12,77.88461538461539,2,1.0,ACTIVE,,2026-05-08,DEEP_ITM,30.0,63.3
US.AAL,2026-05-09,6052292.0,2928229.0,107361,45784,160871,26811.833333333332,51.66466666666667,0.013661034833333327,8829491578.95,80.92399056727201,13.487331761212003,1.267854751347022,5.6328740157480315,0.06579120660672537,0.26986096980152763,1911218.9530610982,107584.356337097,675362.9922532181,51.66466666666667,1.267854751347022,5.6328740157480315,77.9893169814593,192.30696744717304,0.15828886605070405,0.20560747663551399,0.4951876218820274,0.018947015425888666,22.901363271189954,6,5.16250846387643,11.219553835647622,0.11127338205096515,0.0,67.40576496674058,47.006651884700666,39.91130820399113,58.758314855875824,31.70731707317073,88.470066518847,56.76274944567628,47.006651884700666,6.651884700665188,32.59423503325942,96.23059866962306,54.1019955654102,51.56,77.88461538461539,2,1.0,ONGOING,,2026-05-09,DEEP_OTM,60.0,67.54
US.AAPL,2026-05-09,539319627.0,46105660.0,612116,48673,1518868,7445.431372549019,22.974318627450984,0.2958666970392157,4307169958492.0,2878.048975191972,14.108083211725354,6.6474521633446555,354.0,31075.56182074978,6339375.0,260359169.80946457,99942268.32709052,6623318.3329951875,22.974318627450984,6.6474521633446555,354.0,2251.530404286582,18375.0,0.418886894879615,3.761904761904762,1.0988595463984898,0.07403342549322281,29.09130218221406,204,0.07739123631359142,0.21605524453574168,0.4644705374314145,1.0,98.00443458980045,85.36585365853658,99.77827050997783,97.78270509977827,96.89578713968959,98.22616407982262,11.973392461197339,85.36585365853658,96.45232815964523,92.90465631929047,60.75388026607539,69.40133037694012,84.59,77.88461538461539,2,1.0,ONGOING,,2026-05-09,ATM,60.0,73.04
US.ABNB,2026-05-09,505293.0,505293.0,3383,3383,2946,2946.0,37.81,0.140063134,83975011555.27,13.132895717075325,13.132895717075325,1.148336727766463,1.148336727766463,0.012122293443981922,0.012122293443981922,70772.92116826201,21959.338496832002,15239.44992159,37.81,1.148336727766463,1.148336727766463,149.3624002364765,149.3624002364765,0.7152328524932695,0.7152328524932695,2.729746459528953,0.125,25.153785110060358,1,0.0,0.0,0.0,,9.090909090909092,24.390243902439025,4.212860310421286,4.434589800443459,11.30820399113082,26.607538802660752,36.58536585365854,24.390243902439025,4.656319290465632,63.63636363636363,28.04878048780488,24.27937915742794,18.27,77.88461538461539,2,1.0,ACTIVE,,2026-05-08,ATM,30.0,51.99
US.ABT,2026-05-09,44268557.0,7229181.0,16602,2786,11487,957.25,31.585916666666666,-0.46919786816666664,146869685145.28,176.7435882332438,14.728632352770317,1.4569579860293775,2.3189189189189188,0.44097658256469,0.8822852954993461,26725485.100184526,573038.57066759,294102.272577598,31.585916666666666,1.4569579860293775,2.3189189189189188,2475.970059597909,4090.0,0.10231472215377481,0.3027661092177221,0.9961446613452778,0.08283730158730158,25.712811534952003,12,0.0,0.0,1.0,0.0,79.37915742793791,32.59423503325942,58.758314855875824,88.24833702882484,59.20177383592018,79.6008869179601,25.49889135254989,32.59423503325942,73.8359201773836,38.35920177383592,28.04878048780488,93.23725055432372,60.83,77.88461538461539,2,1.0,ONGOING,,2026-05-09,DEEP_ITM,60.0,69.08
US.ACLS,2026-05-09,772855.0,772855.0,239,239,12,12.0,69.791,0.606449823,5010547227.91,13.557848023023189,13.557848023023189,19.916666666666668,19.916666666666668,3.9504743503240713,3.9504743503240713,468697.77795466507,354655.39076154,3570.471853185,69.791,19.916666666666668,19.916666666666668,3233.702928870293,3233.702928870293,0.1201240967046271,0.1201240967046271,0.19306164230906186,0.00510204081632653,22.33481097340566,1,0.0,0.0,0.0,,19.733924611973393,63.63636363636363,75.83148558758315,29.268292682926827,51.88470066518847,7.317073170731707,79.15742793791574,63.63636363636363,66.74057649667405,21.951219512195124,28.04878048780488,24.27937915742794,46.59,27.884615384615387,1,0.5,N/A,,,,0.0,21.71
US.ADBE,2026-05-09,9993703.0,1827292.0,17377,4891,24043,1602.8666666666666,44.355266666666665,0.08355418980000001,102278768000.0,198.41064494073436,13.22737632938229,32.20432703786219,454.0,2.4495321847061335,36.10678153651597,3842083.276586895,2901238.864985703,115859.352870865,44.355266666666665,32.20432703786219,454.0,958.0228393980732,2728.0,0.325638633079072,1.0382165605095541,1.1861057163783453,0.050201881646056275,25.350967941940965,15,0.557710655297566,0.4995685191577494,0.0,,81.1529933481153,88.24833702882484,84.70066518847007,67.40576496674058,77.8270509977827,66.51884700665188,45.45454545454545,88.24833702882484,62.74944567627494,72.50554323725056,82.039911308204,24.27937915742794,69.43,77.88461538461539,2,1.0,ONGOING,,2026-05-09,ATM,60.0,70.51
US.ADI,2026-05-09,69604704.0,43630660.0,9156,2962,3722,930.5,32.67375,0.075793179,203346795473.64,60.96288248947261,15.240720622368153,23.567596458276157,60.60606060606061,0.9976033125452446,3.162205159708281,20337781.768261176,17454747.125743542,78431.599927056,32.67375,23.567596458276157,60.60606060606061,5971.955965186255,14730.135043889264,0.03831579374608992,0.13902543172361748,1.6266809684063444,0.070318052594172,26.038178710506383,4,0.01576732094589566,0.5460992907801419,0.9844774284220791,1.0,62.74944567627494,74.72283813747228,72.50554323725056,86.0310421286031,91.57427937915743,59.86696230598669,27.716186252771617,74.72283813747228,94.90022172949001,24.6119733924612,56.98447893569845,85.14412416851441,72.57,77.88461538461539,2,1.0,ONGOING,,2026-05-09,DEEP_ITM,60.0,71.04
US.ADM,2026-05-09,365994.0,365994.0,1167,1167,3059,3059.0,30.086,0.369413367,37428743886.82,12.810374951088003,12.810374951088003,0.381497221314155,0.381497221314155,0.015406255732715434,0.015406255732715434,135203.075841798,64729.154606922,9794.42399304,30.086,0.381497221314155,0.381497221314155,313.61953727506426,313.61953727506426,0.09586776859504134,0.09586776859504134,0.12768474989948603,0.007462686567164179,24.345704799331426,1,0.0,0.0,0.0,,3.5476718403547673,6.430155210643015,6.430155210643015,7.982261640798225,24.6119733924612,17.738359201773836,22.61640798226164,6.430155210643015,12.638580931263856,19.51219512195122,28.04878048780488,24.27937915742794,13.49,27.884615384615387,1,0.5,N/A,,,,0.0,16.19
US.AGX,2026-05-09,2305255.0,1628766.0,2504,1252,2636,1318.0,81.615,-0.0818114675,9496745920.9,27.72800678933648,13.86400339466824,0.9507144174041298,0.978125,0.013019721361797984,0.018705692492576368,217492.497765876,1132996.038550582,1626.46277999,81.615,0.9507144174041298,0.978125,920.6289936102237,1300.9313099041533,0.5904410850718442,0.8378902804727464,0.5739374037653109,0.014285714285714285,22.97421504233771,2,0.0,0.0,0.0,,40.35476718403548,20.39911308203991,7.760532150776053,13.52549889135255,68.29268292682927,4.878048780487805,87.58314855875831,20.39911308203991,42.572062084257205,67.40576496674058,28.04878048780488,24.27937915742794,28.85,27.884615384615387,1,0.5,N/A,,,,0.0,18.75
US.AKAM,2026-05-09,37159362.0,13547635.0,25690,5493,26978,1172.9565217391305,56.13769565217391,0.4251235130869565,21565660000.0,314.1894181835077,13.660409486239466,240.58400676053643,2049.0,196813.74310463222,1641180.0,28504527.86632089,1922412.14298764,277122.618367776,56.13769565217391,240.58400676053643,2049.0,1337.0122941491184,3436.0560747663553,2.7691037542515424,5.4134499116361265,2.64271719882752,0.06919414465763932,23.79436807177149,23,0.10554924739692384,0.14702861990445149,0.7776887827083792,1.0,85.58758314855875,96.67405764966742,95.34368070953437,88.470066518847,74.27937915742794,79.15742793791574,64.30155210643017,96.67405764966742,68.73614190687361,95.56541019955654,62.74944567627494,79.6008869179601,84.65,77.88461538461539,2,1.0,ONGOING,,2026-05-09,DEEP_ITM,60.0,73.05
US.ALB,2026-05-09,3565625.0,1079200.0,4693,1531,6013,1202.6,68.4242,0.3805815798,24002060171.52,66.80101024321543,13.360202048643085,7.916185534570351,33.705882352941174,0.14982689780956995,0.5153634272105069,1319999.452130117,825220.622614683,30531.370805590002,68.4242,7.916185534570351,33.705882352941174,1043.2755685721982,1952.4222222222222,0.9114781558937427,1.3750908650351341,1.7826312656943095,0.044047619047619044,23.901405504131937,5,0.0,0.0,0.0,,63.63636363636363,70.28824833702882,49.44567627494457,50.332594235033255,65.6319290465632,42.793791574279375,76.94013303769401,70.28824833702882,52.328159645232816,80.04434589800444,28.04878048780488,24.27937915742794,53.2,77.88461538461539,2,1.0,ONGOING,,2026-05-09,DEEP_OTM,60.0,67.81
US.ALL,2026-05-09,304500.0,304500.0,300,300,317,317.0,25.134,-0.618771218,54869271229.5,12.626429650198945,12.626429650198945,0.9463722397476341,0.9463722397476341,0.04506534474988734,0.04506534474988734,188415.835881,82384.2907335,6668.4400755,25.134,0.9463722397476341,0.9463722397476341,1015.0,1015.0,0.0,0.0,0.2671653257925053,0.023809523809523808,24.728219306181323,1,0.0,0.0,0.0,,0.22172949002217296,18.403547671840354,16.851441241685144,11.529933481152993,28.159645232815965,11.529933481152993,15.077605321507761,18.403547671840354,37.91574279379157,1.9955654101995564,28.04878048780488,24.27937915742794,18.15,27.884615384615387,1,0.5,N/A,,,,0.0,16.97
US.AMAT,2026-05-09,12631460.0,2232488.0,7954,1955,16059,1070.6,73.4072,0.22458249646666667,345569480486.48,202.066260619485,13.471084041299001,3.705153560669208,21.74074074074074,0.21155370231909895,1.8526046025816374,5727721.644848417,5653541.004271929,69674.50310170601,73.4072,3.705153560669208,21.74074074074074,1894.5243031388477,3829.310463121784,0.6137502200508552,1.708462383854531,3.948618469118213,0.08498246911952495,26.56845956120221,15,0.34616493378177576,0.170394349617422,0.0,,81.37472283813747,65.18847006651885,66.74057649667405,73.17073170731707,83.37028824833703,57.87139689578714,83.37028824833703,65.18847006651885,71.84035476718404,84.03547671840354,76.27494456762749,24.27937915742794,64.7,77.88461538461539,2,1.0,ONGOING,,2026-05-09,ATM,60.0,69.73
US.AMD,2026-05-09,1514964880.0,402244061.0,480768,35161,431669,1747.6477732793521,70.99992307692308,0.28325935020647774,742233104866.41,3591.3844314217404,14.540017940978705,33.88401239455437,1412.0,31845.782639264173,2883960.0,1065679638.6145054,622928970.4278249,4883855.167661661,70.99992307692308,33.88401239455437,1412.0,3271.638999424502,21452.728222996517,1.342238859548476,6.889593542807725,2.5608933010049064,0.061382423879614983,27.332929188279905,247,0.14225584371863562,0.42784422156817903,0.6201639459787345,0.0,98.4478935698448,95.1219512195122,98.66962305986696,99.77827050997783,99.55654101995566,97.78270509977827,81.1529933481153,95.1219512195122,96.89578713968959,96.67405764966742,64.30155210643017,75.83148558758315,91.49,77.88461538461539,2,1.0,ONGOING,,2026-05-09,DEEP_ITM,60.0,74.19
US.AMKR,2026-05-09,2080031.0,571210.0,1498,527,2203,550.75,82.202,0.42710295975,18989513603.98,52.62135025813384,13.15533756453346,1.5573703077583565,2.9808917197452227,0.3097894713654244,0.5845981669987012,1285085.199069433,286464.90639217896,23106.110829413,82.202,1.5573703077583565,2.9808917197452227,1626.9647612391145,2670.3084577114428,0.1303216086385444,0.30769230769230754,0.5210681896881386,0.012042214802000777,23.667152748224044,4,0.37858036175265325,0.45436893203883494,0.5207239699792936,0.0,56.09756097560976,37.028824833702885,53.43680709534369,49.2239467849224,46.78492239467849,36.36363636363637,88.24833702882484,37.028824833702885,61.86252771618626,39.02439024390244,77.38359201773835,72.28381374722838,54.65,77.88461538461539,2,1.0,ONGOING,,2026-05-09,ATM,60.0,68.05
US.AMT,2026-05-09,861749.0,861749.0,2541,2541,492,492.0,29.157,-0.318506525,,13.666720484379113,13.666720484379113,5.164634146341464,5.164634146341464,0.09921952969600506,0.09921952969600506,274472.67941222497,181608.85351301,17927.44702644,29.157,5.164634146341464,5.164634146341464,339.13774104683193,339.13774104683193,0.4038306218991577,0.4038306218991577,0.333099892670978,0.023809523809523808,0.0,1,0.0,0.0,0.0,,20.84257206208426,44.789356984478935,27.93791574279379,19.290465631929045,39.689578713968956,29.268292682926827,21.507760532150776,44.789356984478935,14.19068736141907,44.789356984478935,28.04878048780488,24.27937915742794,29.67,27.884615384615387,1,0.5,N/A,,,,0.0,18.89
US.AMZN,2026-05-09,96104639.0,5217030.0,217782,24083,856143,9205.838709677419,31.98031182795699,0.34183671522580644,2933248601008.48,1262.7159821721723,13.57759120615239,1.3791684476086759,24.92528735632184,0.015773852252718462,0.19784042260811796,55858178.04137395,23865533.29310625,2092604.54067514,31.98031182795699,1.3791684476086759,24.92528735632184,1290.6145585031286,6275.643598615917,0.25823283899638977,0.8640000000000001,1.4346157712648775,0.074369317537524,28.707131662307894,93,0.21287609648929073,0.43378562540735915,0.261610430688991,0.0,94.90022172949001,67.40576496674058,36.80709534368071,93.79157427937915,92.90465631929047,94.2350332594235,25.942350332594234,67.40576496674058,84.03547671840354,68.51441241685144,69.40133037694012,63.19290465631929,69.02,77.88461538461539,2,1.0,ACTIVE,,2026-05-08,ATM,30.0,60.45
US.ANET,2026-05-09,2144507.0,748596.0,1341,469,1880,470.0,53.04775,-0.262765704,178517151609.61,52.570450150434034,13.142612537608509,1.5604483559579514,4.338028169014085,0.20570712458079451,0.5620996913270552,1086440.357144396,606450.945293793,23248.185420329,53.04775,1.5604483559579514,4.338028169014085,1728.2029685089854,2982.4541832669324,0.12676339368939987,0.27473684210526317,0.33228623611995456,0.013101033811976992,25.9079505210044,4,6.046951041184029,3.2843450479233227,0.3490760347249974,0.0,55.87583148558758,41.90687361419069,52.328159645232816,45.67627494456763,60.310421286031044,36.80709534368071,59.20177383592018,41.90687361419069,64.7450110864745,36.58536585365854,97.5609756097561,66.51884700665188,55.05,77.88461538461539,2,1.0,ACTIVE,,2026-05-08,ATM,30.0,58.12
US.APH,2026-05-09,14166827.0,8241431.0,13965,5819,8622,958.0,49.401777777777774,-0.10258033699999997,157506915993.35,122.81712700219715,13.646347444688573,13.562948574103318,107.75925925925925,1.4486159126151295,11.920572724563977,7405246.095744564,3357323.627573567,198636.26320369702,49.401777777777774,13.562948574103318,107.75925925925925,994.6505591948218,1738.5044642857142,0.4780532229700265,1.557377049180328,0.741932841529631,0.02866377158829989,25.782735205323274,9,0.3023004770318622,0.5662853297442799,0.027488512424129977,0.0,74.72283813747228,78.27050997782705,81.37472283813747,77.16186252771618,78.49223946784922,75.16629711751663,52.328159645232816,78.27050997782705,49.44567627494457,81.81818181818183,74.27937915742794,49.2239467849224,70.69,27.884615384615387,1,0.5,N/A,,,,0.0,25.72
US.APO,2026-05-09,1722775.0,835058.0,3314,2167,6976,2325.3333333333335,37.916,0.3520647393333333,76792132731.6,39.59618398881106,13.198727996270355,0.9286066760568786,2.3028692879914985,0.032678970906530165,0.06662278644212757,844754.7032810231,266213.719595221,34865.843643333006,37.916,0.9286066760568786,2.3028692879914985,648.9743125509581,972.0994575045208,0.29227106312909745,0.5225225225225224,0.4907502631488489,0.023809523809523808,25.064368033475265,3,0.9406804195481218,1.889276373147341,0.0,,46.78492239467849,32.37250554323725,21.286031042128602,40.79822616407982,45.8980044345898,45.23281596452328,37.028824833702885,32.37250554323725,35.47671840354767,52.993348115299334,89.13525498891353,24.27937915742794,37.43,77.88461538461539,2,1.0,ONGOING,,2026-05-09,ATM,60.0,65.18
US.APP,2026-05-09,32861901.0,3788548.0,19550,5230,20644,711.8620689655172,66.16006896551724,0.27648163527586206,157404687000.0,396.31164539455017,13.665918806708627,3.233409549298556,30.53125,0.16370586526621647,2.0119397609646783,15023931.674340278,16159527.96639059,195698.448276871,66.16006896551724,3.233409549298556,30.53125,2147.2672693999325,7216.281904761905,0.625740174887589,2.93610774238846,3.0785495460859034,0.0800183533344465,25.782085950129318,29,0.13740004974366368,0.1020293122886133,0.0,,88.02660753880266,68.95787139689578,67.62749445676275,83.81374722838137,90.68736141906874,74.94456762749445,75.16629711751663,68.95787139689578,86.69623059866962,91.13082039911308,64.07982261640798,24.27937915742794,68.43,77.88461538461539,2,1.0,ACTIVE,,2026-05-08,ATM,30.0,60.35
US.ARES,2026-05-09,414236.0,414236.0,1609,1609,312,312.0,42.293,0.211664847,28471085687.5,12.934193552780693,12.934193552780693,5.157051282051282,5.157051282051282,0.10516273165778116,0.10516273165778116,87679.19956189199,66276.843295732,5130.9884789160005,42.293,5.157051282051282,5.157051282051282,257.4493474207582,257.4493474207582,0.07499999999999996,0.07499999999999996,0.3175318606125471,0.014084507042253521,24.072154871984143,1,0.0,0.0,0.0,,6.208425720620843,44.345898004434595,28.824833702882486,4.878048780487805,25.49889135254989,9.75609756097561,43.01552106430155,44.345898004434595,9.977827050997783,14.412416851441243,28.04878048780488,24.27937915742794,25.15,27.884615384615387,1,0.5,N/A,,,,0.0,18.13
US.ARM,2026-05-09,23451931.0,2438354.0,29309,3695,46696,1506.3225806451612,73.235,0.2335393988064516,226919280000.0,414.3121448715128,13.364907899081059,1.4695253260972418,10.615023474178404,0.07626228081774745,0.5280275915245672,9776363.098858314,4725083.054830658,272518.647914303,73.235,1.4695253260972418,10.615023474178404,1244.471473983894,3558.2911392405063,0.4387895859791547,0.9990009990009989,2.9685128941470427,0.06869402800493428,26.147860196479773,31,0.19482653668024327,0.19623688829027386,0.05756758366720421,0.0,88.470066518847,56.54101995565411,50.554323725055426,79.6008869179601,81.81818181818183,78.7139689578714,83.14855875831486,56.54101995565411,69.40133037694012,71.61862527716187,68.07095343680709,50.554323725055426,65.5,77.88461538461539,2,1.0,ACTIVE,,2026-05-08,ATM,30.0,59.86
US.ARWR,2026-05-09,367456.0,367456.0,436,436,1819,1819.0,63.103,0.619215519,10238896856.49,12.814361583986477,12.814361583986477,0.23969213853765806,0.23969213853765806,0.027790603321915512,0.027790603321915512,227534.45774966403,34102.20788816,9107.699376288,63.103,0.23969213853765806,0.23969213853765806,842.7889908256881,842.7889908256881,0.14079186841111221,0.14079186841111221,0.8147748586072908,0.023809523809523808,23.04945972199387,1,0.0,0.0,0.0,,3.7694013303769403,2.882483370288248,11.086474501108649,14.634146341463413,15.299334811529933,16.186252771618626,71.3968957871397,2.882483370288248,32.59423503325942,24.833702882483372,28.04878048780488,24.27937915742794,17.14,27.884615384615387,1,0.5,N/A,,,,0.0,16.8
US.ASML,2026-05-09,15547178.0,3459419.0,4612,761,6480,540.0,51.01333333333333,0.3388421206666667,613592631033.3,165.12311586786362,13.760259655655302,4.178116723959556,30.4,0.0793977394610788,0.4733005866760468,8676524.500093266,12048240.731514743,48574.477689385,51.01333333333333,4.178116723959556,30.4,3273.3441965928055,8694.384858044165,1.2919898637038265,2.564102564102564,3.554637000117673,0.1165674603174603,27.142597077530834,12,0.07457315459880527,0.18438623523369285,0.0,,78.49223946784922,68.73614190687361,47.893569844789354,78.7139689578714,89.80044345898004,50.77605321507761,55.654101995565405,68.73614190687361,89.3569844789357,89.3569844789357,60.532150776053214,24.27937915742794,61.83,77.88461538461539,2,1.0,ONGOING,,2026-05-09,ATM,60.0,69.25
US.AVGO,2026-05-09,114022500.0,6119246.0,97025,14283,219882,2243.6938775510203,47.22955102040817,0.2756262269285714,2035907319120.0,1342.6963248515387,13.700982906648354,4.773775600314446,248.0,17997.62795830949,1763760.0,56842293.911530346,49644558.673679665,1057480.0833335281,47.22955102040817,4.773775600314446,248.0,1996.613634585181,7425.295719844358,0.9179097603513862,6.715880446525027,1.9020167856292916,0.07492722673922561,28.341962692520298,98,0.2405068681307772,0.24330454394013173,0.0893364818347256,1.0,95.1219512195122,83.14855875831486,96.0088691796009,94.01330376940133,95.34368070953437,91.13082039911308,49.44567627494457,83.14855875831486,87.13968957871397,96.45232815964523,71.17516629711751,52.993348115299334,82.02,77.88461538461539,2,1.0,ONGOING,,2026-05-09,ATM,60.0,72.61
US.AXP,2026-05-09,1459323.0,613974.0,2867,2045,2149,716.3333333333334,28.33866666666667,0.17849692000000003,215635625781.29,39.2266893423652,13.075563114121733,5.464448590381426,15.261194029850746,0.05239789532185021,0.1096362946839073,499889.17766015,668676.172618812,21521.197979339,28.33866666666667,5.464448590381426,15.261194029850746,917.9599125914036,1416.5836431226767,0.1361244994470221,0.29411764705882354,0.7802097501097506,0.048849064536472565,26.096855902508196,3,0.7262964763665658,0.23898012100259292,0.0,,46.34146341463415,60.532150776053214,29.490022172949004,31.042128603104214,62.74944567627494,34.368070953436806,19.51219512195122,60.532150776053214,45.01108647450111,37.472283813747225,84.92239467849224,24.27937915742794,43.19,77.88461538461539,2,1.0,ONGOING,,2026-05-09,DEEP_OTM,60.0,66.14
US.BA,2026-05-09,22508381.0,2227451.0,36749,4805,128353,4011.03125,34.4616875,0.35231224525,187111441286.16,425.5698946336179,13.299059207300559,1.1692380026827505,18.34090909090909,0.0409060602981815,0.5574696966390488,11680564.819064274,5842171.037348313,398738.002734119,34.4616875,1.1692380026827505,18.34090909090909,931.7120058399347,2461.3521739130433,0.5465815747520492,1.595931252192213,1.1353059442110327,0.05262545291665424,25.95497021900974,32,0.15826680153134812,0.10506690723199519,0.13291226943421652,0.0,88.91352549889136,63.19290465631929,51.88470066518847,81.81818181818183,84.03547671840354,83.14855875831486,31.70731707317073,63.19290465631929,59.20177383592018,82.26164079822617,65.18847006651885,55.210643015521065,65.45,77.88461538461539,2,1.0,ONGOING,,2026-05-09,ATM,60.0,69.85
US.BABA,2026-05-09,19571146.0,2686751.0,42459,6668,244897,9795.88,57.4494,0.24122370408000002,336010766944.58,334.7691988262808,13.390767953051231,0.32314500356550313,1.6774193548387097,0.011250157507000702,0.05395527492825655,8283670.823668502,2308322.311153319,443045.14365804096,57.4494,0.32314500356550313,1.6774193548387097,595.6990495058718,1543.9260869565217,0.342680298081953,0.5065508836075564,2.5146789717595244,0.06731486230130929,26.540409040877094,25,0.2063805100761393,0.18395516145223356,0.018144210870431398,0.0,87.13968957871397,30.820399113082043,18.181818181818183,78.27050997782705,76.05321507760532,84.4789356984479,66.07538802660754,30.820399113082043,47.22838137472284,51.88470066518847,68.73614190687361,48.78048780487805,51.92,77.88461538461539,2,1.0,ACTIVE,,2026-05-08,ATM,30.0,57.6
US.BAC,2026-05-09,14062000.0,2286743.0,168158,42884,249797,17842.64285714286,24.583928571428572,-0.06116336728571429,364126066302.81,190.1539284813563,13.582423462954022,14.993517363748605,181.93548387096774,0.19944137163965955,2.0924676696361773,4662207.286502594,470816.725895776,978132.2319587261,24.583928571428572,14.993517363748605,181.93548387096774,299.34142700618,1160.0,1.073522135907192,2.8695652173913038,1.0033096303776694,0.0649033981191103,26.62076598062216,14,0.7418801652841376,5.415550722978902,0.44409479448158157,0.0,80.26607538802661,81.59645232815964,68.73614190687361,70.06651884700665,56.31929046563193,90.68736141906874,14.634146341463413,81.59645232815964,40.133037694013304,90.68736141906874,85.14412416851441,68.73614190687361,70.24,77.88461538461539,2,1.0,ONGOING,,2026-05-09,ATM,60.0,70.65
US.BIDU,2026-05-09,7431197.0,3392147.0,12686,4979,26689,3812.714285714286,60.17171428571429,0.4627638714285714,47992637551.95,94.80055148487104,13.542935926410149,0.5522303077026488,1.60719131614654,0.026281138241109055,0.08192791484028687,3674976.168437535,750253.580324259,204670.78194186502,60.17171428571429,0.5522303077026488,1.60719131614654,830.9687939833223,1279.6267409470752,0.9964417424990757,2.0930354246245617,2.356973688773433,0.06578758263868928,24.594313451776184,7,0.0,0.0,0.0,,71.17516629711751,29.268292682926827,24.390243902439025,66.96230598669624,65.18847006651885,75.3880266075388,68.07095343680709,29.268292682926827,42.350332594235034,86.47450110864744,28.04878048780488,24.27937915742794,43.67,77.88461538461539,2,1.0,ONGOING,,2026-05-09,ATM,60.0,66.22
US.BIIB,2026-05-09,3314297.0,1709450.0,1064,532,570,285.0,19.51,0.46966509,28560400283.65,28.64022243031053,14.320111215155265,7.5,14.0,1.2406863792979477,2.325434288745902,1605737.976201,133073.4617832,8124.1542872,19.51,7.5,14.0,3114.940789473684,3213.251879699248,0.014226096345210468,0.016922541765773194,0.3310651563162528,0.0744047619047619,24.075286989888554,2,0.0,0.0,1.0,1.0,42.572062084257205,59.86696230598669,70.06651884700665,55.210643015521065,35.254988913525494,14.412416851441243,9.090909090909092,59.86696230598669,66.51884700665188,5.543237250554324,28.04878048780488,93.23725055432372,55.17,27.884615384615387,1,0.5,N/A,,,,0.0,23.14
US.BKNG,2026-05-09,2890996.0,1103135.0,3660,1284,1465,488.3333333333333,39.516,-0.5042365093333333,128575578885.48,41.28927795590417,13.763092651968057,394.1389020243644,1179.0,22.209346637771137,66.48195021997228,1477159.7971196899,659414.613855061,51195.714800812,39.516,394.1389020243644,1179.0,795.8442357518808,935.6530958439355,0.3425018863049134,0.48912536171007176,0.4242847963299881,0.02253968253968254,25.57978273092259,3,0.0,0.0,0.0,,50.332594235033255,94.45676274944567,85.80931263858092,52.328159645232816,62.08425720620843,52.77161862527716,39.467849223946786,94.45676274944567,34.811529933481154,50.554323725055426,28.04878048780488,24.27937915742794,59.27,27.884615384615387,1,0.5,N/A,,,,0.0,23.82
US.BLK,2026-05-09,1941894.0,1151242.0,422,216,279,139.5,25.825,0.7533061335,168402488286.87,27.53696725147641,13.768483625738204,7.764690026954177,14.714285714285714,0.3927581458910687,0.7580134346263602,1438284.087141094,1794330.8090331082,9673.860101312,25.825,7.764690026954177,14.714285714285714,4624.489661992089,5588.553398058252,0.07844492314989202,0.08170248424433943,1.2591428533436695,0.0744047619047619,25.84962271470171,2,0.0,0.0,0.0,,39.02439024390244,60.08869179600887,56.76274944567628,51.88470066518847,73.61419068736141,17.29490022172949,17.29490022172949,60.08869179600887,81.59645232815964,15.521064301552107,28.04878048780488,24.27937915742794,46.26,27.884615384615387,1,0.5,N/A,,,,0.0,21.65
US.BRK.B,2026-05-09,1562306.0,448427.0,4934,1549,19082,4770.5,14.88475,0.38990894025,1026533177001.38,51.45242495588561,12.863106238971403,1.303255640007873,4.529239766081871,0.006261421253298758,0.018577455952357255,642955.082487053,431872.579472034,46342.126422115005,14.88475,1.303255640007873,4.529239766081871,393.30870193318947,805.0754039497307,0.4530835032349643,0.6321839080459769,0.9360242661090963,0.09970238095238096,27.657208393391997,4,0.0,0.0,0.0,,55.432372505543235,43.01552106430155,7.5388026607538805,35.92017738359202,54.54545454545454,49.667405764966745,6.208425720620843,43.01552106430155,30.598669623059866,59.86696230598669,28.04878048780488,24.27937915742794,33.43,77.88461538461539,2,1.0,ONGOING,,2026-05-09,ATM,60.0,64.51
US.BSX,2026-05-09,14295043.0,4997880.0,79890,38713,10980,2196.0,64.7476,-0.48746767,80159134803.47,72.87967153687488,14.575934307374975,18.703118368832502,75.64891518737673,0.5756740373847882,1.1357042353377471,9136596.28317033,610394.238310254,190209.202334093,64.7476,18.703118368832502,75.64891518737673,1936.7721563804905,5099.877551020408,0.20848955502154348,0.48240635641316687,0.5467768456586937,0.017270788912579958,25.107279680867308,5,1.5828553845642377,0.03663046440110553,0.6128315948402534,0.0,65.6319290465632,75.3880266075388,60.532150776053214,79.15742793791574,60.75388026607539,74.27937915742794,72.9490022172949,75.3880266075388,80.93126385809313,49.889135254988915,92.6829268292683,75.16629711751663,72.13,77.88461538461539,2,1.0,ACTIVE,,2026-05-08,DEEP_ITM,30.0,60.96
US.BWA,2026-05-09,390807.0,390807.0,2217,2217,11780,11780.0,32.435,0.699426004,12577648182.12,12.875971669770308,12.875971669770308,0.18820033955857385,0.18820033955857385,0.005410219649875905,0.005410219649875905,273340.578345228,11540.898850194,49402.92115206,32.435,0.18820033955857385,0.18820033955857385,176.27740189445197,176.27740189445197,1.7140408513069563,1.7140408513069563,2.526859861090784,0.125,23.255187121864,1,0.0,0.0,0.0,,5.543237250554324,1.9955654101995564,1.1086474501108647,18.8470066518847,7.5388026607538805,51.66297117516629,27.0509977827051,1.9955654101995564,5.986696230598669,84.25720620842571,28.04878048780488,24.27937915742794,15.28,27.884615384615387,1,0.5,N/A,,,,0.0,16.49
US.BX,2026-05-09,351340.0,351340.0,411,411,1007,1007.0,39.219,0.630170784,96934561147.7,12.769512540809124,12.769512540809124,0.40814299900695133,0.40814299900695133,0.028189198997178914,0.028189198997178914,221404.20325056,54984.92220936,8157.5797091800005,39.219,0.40814299900695133,0.40814299900695133,854.8418491484185,854.8418491484185,0.12519718556726833,0.12519718556726833,0.5259861808584458,0.023809523809523808,25.29730196045339,1,0.0,0.0,0.0,,2.4390243902439024,7.317073170731707,11.529933481152993,14.19068736141907,21.729490022172946,14.634146341463413,39.02439024390244,7.317073170731707,33.03769401330377,22.838137472283815,28.04878048780488,24.27937915742794,16.7,77.88461538461539,2,1.0,ACTIVE,,2026-05-08,DEEP_ITM,30.0,51.73
US.C,2026-05-09,9996275.0,2229147.0,46510,10742,78325,5221.666666666667,35.21093333333333,0.10295926559999999,214135186700.25,198.25925925355267,13.217283950236844,358.289961140692,5344.0,2.587703583708019,37.84699322978893,3802692.804938748,1149237.089459573,323972.30221391,35.21093333333333,358.289961140692,5344.0,518.4008109467221,2970.1937984496126,0.7610835610689627,1.6085409252669038,1.3086803327499144,0.058923252060733664,26.08987336607849,15,0.8114999172742134,1.382440323737322,0.07665955568449247,0.0,80.93126385809313,98.4478935698448,85.14412416851441,67.1840354767184,68.73614190687361,80.93126385809313,33.03769401330377,98.4478935698448,64.30155210643017,82.70509977827051,87.58314855875831,52.106430155210646,76.09,77.88461538461539,2,1.0,ONGOING,,2026-05-09,ATM,60.0,71.62
US.CAH,2026-05-09,361267.0,361267.0,1151,1151,1073,1073.0,23.497,-0.576144711,43011905270.75,12.797375344157075,12.797375344157075,1.0726933830382106,1.0726933830382106,0.018333173057771008,0.018333173057771008,208142.07130883698,35811.064634769995,23909.361394722997,23.497,1.0726933830382106,1.0726933830382106,313.87228496959165,313.87228496959165,0.5968090211132437,0.5968090211132437,1.6556656956160278,0.125,24.484742781104323,1,0.0,0.0,0.0,,3.325942350332594,23.946784922394677,7.317073170731707,12.416851441241686,15.74279379157428,37.91574279379157,12.638580931263856,23.946784922394677,12.86031042128603,58.09312638580931,28.04878048780488,24.27937915742794,18.83,77.88461538461539,2,1.0,ACTIVE,,2026-05-08,ATM,30.0,52.08
US.CAR,2026-05-09,4560918.0,1236895.0,3547,1581,13084,1869.142857142857,47.47571428571428,-0.4136457,5148616709.5,93.070736367477,13.295819481068142,0.4667043874174998,1.3658536585365855,0.0680326365061248,0.3150663096682425,1901723.336408221,341642.292036054,64597.948925135,47.47571428571428,0.4667043874174998,1.3658536585365855,1663.8980794248369,3362.066964285714,0.5659526017623961,1.202058525224447,1.8420690647469222,0.07639146567717996,22.36199391563973,7,0.0,0.0,0.471720824623464,0.0,70.73170731707317,26.82926829268293,41.46341463414634,58.536585365853654,51.44124168514412,56.54101995565411,50.110864745011085,26.82926829268293,68.29268292682927,77.16186252771618,28.04878048780488,70.28824833702882,50.53,77.88461538461539,2,1.0,ACTIVE,,2026-05-08,DEEP_ITM,30.0,57.36
US.CAT,2026-05-09,3044901.0,1287327.0,1112,548,930,310.0,39.35033333333333,-0.37371039300000003,413358275143.35,41.28042471512334,13.760141571707779,1.2006640848370786,1.2840909090909092,0.04514402794504046,0.07704563181539614,1096804.101949723,4319186.130470253,9647.943355107,39.35033333333333,1.2006640848370786,1.2840909090909092,3393.3071409223776,5384.712389380531,0.1643293766063872,0.3744522487235888,1.031808400796203,0.048849064536472565,26.747580548147983,3,0.0,0.0,0.0,,50.110864745011085,25.49889135254989,23.725055432372503,46.11973392461197,80.70953436807096,17.073170731707318,39.24611973392461,25.49889135254989,81.1529933481153,42.572062084257205,28.04878048780488,24.27937915742794,36.74,77.88461538461539,2,1.0,ACTIVE,,2026-05-08,ATM,30.0,55.07
US.CAVA,2026-05-09,934814.0,604785.0,4206,2152,134,67.0,54.8715,0.07773783950000002,9243143210.2,26.01956879383298,13.00978439691649,545.780303030303,1076.0,10.67986174719487,20.782682619647353,397298.551123811,39523.040368236005,59418.618134471,54.8715,545.780303030303,1076.0,223.90087593163037,294.44255111976634,0.8784372540187966,1.5836705965159246,4.070558567927993,0.125,22.947147839126114,2,0.5456964045073869,1.0477117818889972,0.0,,31.263858093126384,94.01330376940133,83.37028824833703,26.164079822616408,16.851441241685144,54.988913525498894,62.3059866962306,94.01330376940133,11.751662971175167,82.039911308204,81.59645232815964,24.27937915742794,55.99,27.884615384615387,1,0.5,N/A,,,,0.0,23.27
US.CBOE,2026-05-09,695164.0,695164.0,689,689,15,15.0,25.574,0.877334106,36478122951.04,13.45190450644156,13.45190450644156,45.93333333333333,45.93333333333333,1.3295922270675542,1.3295922270675542,609891.086463384,67885.2671904,11481.646313947998,25.574,45.93333333333333,45.93333333333333,1008.9462989840348,1008.9462989840348,0.8568743435236884,0.8568743435236884,2.119368523024241,0.125,24.31997854666316,1,0.0,0.0,0.0,,17.738359201773836,72.06208425720621,62.97117516629712,34.58980044345898,25.72062084257206,22.172949002217297,16.186252771618626,72.06208425720621,37.250554323725055,67.84922394678492,28.04878048780488,24.27937915742794,42.44,27.884615384615387,1,0.5,N/A,,,,0.0,21.02
US.CCL,2026-05-09,4891903.0,3133860.0,34118,15286,16388,4097.0,55.51125,-0.2503549865,37671058096.62,54.747312051519,13.68682801287975,5.494012058510044,15.689895470383275,0.33493481262211844,0.9885286868681532,1707928.8682393818,224542.02559204402,317879.500608016,55.51125,5.494012058510044,15.689895470383275,128.93573797312072,205.01504644772996,0.28013658436370337,0.6411430664956951,1.413045166330918,0.04525748805752684,24.352157946857425,4,8.610565938394501,4.628175519630485,0.0,,59.20177383592018,61.4190687361419,59.64523281596452,56.31929046563193,43.45898004434589,80.48780487804879,64.07982261640798,61.4190687361419,7.095343680709535,61.19733924611973,99.33481152993349,24.27937915742794,53.87,77.88461538461539,2,1.0,ACTIVE,,2026-05-08,DEEP_OTM,30.0,57.92
US.CEG,2026-05-09,6376516.0,1368431.0,5948,1358,15256,1386.909090909091,59.388909090909095,-0.14208146254545453,110003531259.36,145.11918597554174,13.192653270503795,3.0243026787413867,9.016949152542374,0.10356556874928441,0.30009280863939497,2465071.682201133,2272735.282113886,57551.559672607,59.388909090909095,3.0243026787413867,9.016949152542374,1455.365414735228,2754.655172413793,0.35097033854080856,0.7130872483221478,2.507790574279369,0.06360618006493837,25.423778304590467,11,1.9746373904427448,2.2789415656008822,0.0,,76.49667405764967,53.65853658536586,40.79822616407982,62.3059866962306,75.83148558758315,54.32372505543237,67.1840354767184,53.65853658536586,62.97117516629712,63.41463414634146,93.56984478935698,24.27937915742794,55.42,77.88461538461539,2,1.0,ONGOING,,2026-05-09,ATM,60.0,68.18
US.CELH,2026-05-09,3055251.0,1100243.0,25951,13466,33041,8260.25,63.36425,0.3651060885,8254627224.4,53.94121896716914,13.485304741792286,1.0553576020563096,1.7347368421052631,0.09500782581236503,0.26981402096135354,1015166.6840884159,126588.529480081,176959.133601344,63.36425,1.0553576020563096,1.7347368421052631,242.30320016134505,502.2257281553398,0.7091166689836148,1.1986754966887418,1.572988849599575,0.042266717589487544,22.834039755867014,4,0.0,0.0,0.0,,57.87139689578714,31.263858093126384,39.689578713968956,44.345898004434595,34.58980044345898,72.9490022172949,71.61862527716187,31.263858093126384,19.51219512195122,76.94013303769401,28.04878048780488,24.27937915742794,39.7,77.88461538461539,2,1.0,ONGOING,,2026-05-09,DEEP_OTM,60.0,65.56
US.CENX,2026-05-09,376233.0,376233.0,626,626,757,757.0,72.639,-0.476516539,5830561108.77,12.837966569224069,12.837966569224069,0.8269484808454426,0.8269484808454426,0.08436687897060806,0.08436687897060806,179281.247017587,29339.915740278,10571.359091865,72.639,0.8269484808454426,0.8269484808454426,601.0111821086261,601.0111821086261,0.048275862068965406,0.048275862068965406,0.8668293953867033,0.024390243902439025,22.486379077921104,1,0.0,0.0,0.0,,4.434589800443459,15.521064301552107,24.833702882483372,10.864745011086473,13.52549889135255,19.955654101995567,82.039911308204,15.521064301552107,22.838137472283815,9.75609756097561,28.04878048780488,24.27937915742794,21.14,27.884615384615387,1,0.5,N/A,,,,0.0,17.47
US.CF,2026-05-09,340091.0,340091.0,522,522,1189,1189.0,47.143,0.435040284,17670439095.48,12.736971448225244,12.736971448225244,0.43902439024390244,0.43902439024390244,0.024867946321252648,0.024867946321252648,147953.285225844,51575.329331595996,7370.928619490999,47.143,0.43902439024390244,0.43902439024390244,651.5153256704981,651.5153256704981,0.24836601307189546,0.24836601307189546,0.6083821850136506,0.023809523809523808,23.59515897279835,1,0.0,0.0,0.0,,2.2172949002217295,8.647450110864744,10.199556541019955,9.090909090909092,21.286031042128602,13.082039911308204,49.2239467849224,8.647450110864744,24.6119733924612,35.254988913525494,28.04878048780488,24.27937915742794,16.56,27.884615384615387,1,0.5,N/A,,,,0.0,16.7
US.CLSK,2026-05-09,1433417.0,585657.0,13146,8694,29326,9775.333333333334,104.94066666666667,0.5208985890000001,3631691364.6,39.19490216648847,13.064967388829489,0.6705522489742998,1.4673417721518986,0.054462628769899844,0.07852029127042773,741157.383881527,26536.240575605003,155115.945987451,104.94066666666667,0.6705522489742998,1.4673417721518986,164.7823880290878,283.45509383378015,0.39044819070529063,0.6040268456375838,4.1025416476169525,0.05825539458402102,22.01296431764304,3,0.0,0.0,0.0,,46.11973392461197,27.716186252771617,23.946784922394677,38.80266075388026,12.638580931263856,70.73170731707317,95.1219512195122,27.716186252771617,11.30820399113082,58.536585365853654,28.04878048780488,24.27937915742794,33.67,27.884615384615387,1,0.5,N/A,,,,0.0,19.55
US.CLX,2026-05-09,1805192.0,827151.0,7065,2691,18302,6100.666666666667,33.409,0.341339793,11144111708.16,39.68490019013546,13.228300063378486,0.402382267272485,0.5031787584143605,0.010900488409980091,0.0167822789087821,656245.756092257,229072.446486044,59670.253126127005,33.409,0.402382267272485,0.5031787584143605,247.31636248936533,307.3768115942029,0.36041235892795015,0.46875,0.3772921267876909,0.020567851553767048,23.13417709752658,3,0.0,0.0,0.0,,47.45011086474501,9.75609756097561,6.873614190687362,36.58536585365854,43.90243902439025,55.210643015521065,29.046563192904657,9.75609756097561,12.416851441241686,49.00221729490023,28.04878048780488,24.27937915742794,24.96,77.88461538461539,2,1.0,ACTIVE,,2026-05-08,DEEP_OTM,30.0,53.1
US.CME,2026-05-09,956450.0,602400.0,401,201,723,361.5,23.4015,-0.6334760595,101913566343.75,26.085874865028757,13.042937432514378,0.5575050756736804,0.5982142857142857,0.04640550018456995,0.05534539190353144,630448.65760005,561710.7405828999,9769.41148445,23.4015,0.5575050756736804,0.5982142857142857,2386.7213930348257,3012.0,0.02634819884896859,0.05269639769793718,0.0661336857201078,0.007462686567164179,25.347390902216894,2,0.0,0.0,0.6298290553609702,0.0,31.48558758314856,11.30820399113082,18.403547671840354,35.47671840354767,58.758314855875824,17.516629711751662,12.416851441241686,11.30820399113082,65.18847006651885,9.977827050997783,28.04878048780488,76.27494456762749,33.59,27.884615384615387,1,0.5,N/A,,,,0.0,19.54
US.CNC,2026-05-09,602739.0,602739.0,905,905,3233,3233.0,42.3,0.814484278,27632880120.0,13.309241205279495,13.309241205279495,0.2799257655428395,0.2799257655428395,0.033315465268705255,0.033315465268705255,490921.439237442,30204.363343455003,20327.085871236,42.3,0.2799257655428395,0.2799257655428395,666.0099447513812,666.0099447513812,0.22920009168003672,0.22920009168003672,0.5947871805558146,0.023809523809523808,24.042272209356224,1,0.0,0.0,1.0,0.0,13.52549889135255,4.212860310421286,13.303769401330376,30.376940133037696,13.747228381374724,32.15077605321508,43.23725055432372,4.212860310421286,25.49889135254989,33.48115299334812,28.04878048780488,93.23725055432372,29.6,27.884615384615387,1,0.5,N/A,,,,0.0,18.88
US.CNS,2026-05-09,358000.0,358000.0,500,500,4,4.0,0.0,0.0,3740271965.32,12.788291058675025,12.788291058675025,125.0,125.0,12.300714678394721,12.300714678394721,0.0,0.0,0.0,0.0,125.0,125.0,716.0,716.0,0.0,0.0,0.0,0.14285714285714285,22.042424163996387,1,0.0,0.0,1.0,0.0,3.1042128603104215,79.93348115299335,81.59645232815964,1.9955654101995564,1.9955654101995564,1.9955654101995564,1.9955654101995564,79.93348115299335,27.93791574279379,1.9955654101995564,28.04878048780488,93.23725055432372,47.39,27.884615384615387,1,0.5,N/A,,,,0.0,21.84
US.COF,2026-05-09,1555398.0,877639.0,859,437,351,175.5,16.99,-0.411145703,117912036522.84,27.11154028771101,13.555770143855504,211.62428571428572,422.0,17.95087977622968,35.76942157483639,557315.4010391539,79438.838548069,12087.053697668001,16.99,211.62428571428572,422.0,1807.1956060819678,2008.3272311212816,0.05946684051855216,0.060212799115934405,0.3528732798830415,0.08522727272727273,25.49320473023589,2,0.0,0.0,1.0,1.0,37.028824833702885,86.91796008869179,84.4789356984479,32.37250554323725,27.494456762749447,23.28159645232816,7.095343680709535,86.91796008869179,52.77161862527716,11.973392461197339,28.04878048780488,93.23725055432372,59.71,27.884615384615387,1,0.5,N/A,,,,0.0,23.89
US.COHR,2026-05-09,9605270.0,1441237.0,7068,1353,3957,304.38461538461536,87.56123076923078,-0.148616463,65590038758.46,174.14306491616577,13.395620378166598,4.565218108188697,16.705882352941178,0.22574849294081392,0.8571761882983024,3161914.587927532,3163241.94083332,59356.814189371,87.56123076923078,4.565218108188697,16.705882352941178,1678.9324699162107,4709.924836601307,0.5502003482126077,1.721924007999158,4.561649037749036,0.08950004765947822,24.90668967318739,13,6.304232305319735,3.96,0.0,,79.15742793791574,62.08425720620843,58.09312638580931,65.41019955654102,78.27050997782705,54.767184035476724,91.7960088691796,62.08425720620843,78.49223946784922,84.4789356984479,98.00443458980045,24.27937915742794,63.51,77.88461538461539,2,1.0,ACTIVE,,2026-05-08,ATM,30.0,59.53
US.COIN,2026-05-09,62783460.0,8560789.0,122646,19608,126882,2643.375,70.37816666666667,0.20654038070833333,52997767688.56,657.9128097242077,13.706516869254328,2.5717417385054477,39.192546583850934,0.0888882849366489,1.179508296325755,29184196.679848194,8316960.739813511,901151.88163055,70.37816666666667,2.5717417385054477,39.192546583850934,1131.5830862076239,7879.811808118081,0.6938702856380478,1.051383399209486,3.0852850107621976,0.07502433063695686,24.693515630546596,48,0.2974077143562403,0.21946029789011076,0.06637314987100106,0.0,91.35254988913526,70.73170731707317,60.97560975609756,88.91352549889136,86.91796008869179,90.2439024390244,80.04434589800444,70.73170731707317,88.24833702882484,72.9490022172949,74.05764966740577,51.21951219512195,73.52,77.88461538461539,2,1.0,ACTIVE,,2026-05-08,ATM,30.0,61.2
US.COP,2026-05-09,80495164.0,11846088.0,37086,5963,18177,826.2272727272727,25.74922727272727,0.33299791663636363,138727138577.09,323.6899213371734,14.713178242598792,7.282765130735668,12.25,1.6825261664873026,3.7114692192851497,30346448.272904426,414168.14116648503,147645.883066627,25.74922727272727,7.282765130735668,12.25,2382.192012221515,3957.0833333333335,0.04468607712107622,0.1804347826086957,1.6061278770481722,0.07900432900432901,25.655774808992625,22,0.0,0.0,0.9897071953291504,1.0,86.69623059866962,58.09312638580931,74.72283813747228,89.3569844789357,53.65853658536586,70.06651884700665,16.851441241685144,58.09312638580931,72.72727272727273,27.93791574279379,28.04878048780488,85.36585365853658,66.6,77.88461538461539,2,1.0,ONGOING,,2026-05-09,DEEP_ITM,60.0,70.04
US.COR,2026-05-09,433351.0,433351.0,823,823,832,832.0,21.121,0.57167156,50796001544.8,12.97930560975895,12.97930560975895,0.9891826923076923,0.9891826923076923,0.019949998747804974,0.019949998747804974,247734.44219755998,61270.922399872,22353.225686664002,21.121,0.9891826923076923,0.9891826923076923,526.55042527339,526.55042527339,0.8147142328107639,0.8147142328107639,1.6807220595437802,0.125,24.651083478704727,1,0.0,0.0,0.0,,7.760532150776053,21.286031042128602,8.647450110864744,16.4079822616408,23.503325942350333,35.033259423503324,10.199556541019955,21.286031042128602,20.17738359201774,66.07538802660754,28.04878048780488,24.27937915742794,20.12,27.884615384615387,1,0.5,N/A,,,,0.0,17.3
US.CRCL,2026-05-09,25758294.0,2947803.0,47690,5598,82600,2429.4117647058824,113.10158823529412,0.16427825429411763,28100408441.4,453.30814881433156,13.332592612186222,2.3038410309053674,20.205882352941178,0.16349883662585968,1.5301077939753363,11595090.600992575,2203446.986276424,417261.920941134,113.10158823529412,2.3038410309053674,20.205882352941178,859.2129294327174,2582.542600896861,0.2828139514572692,0.5667883808381928,6.4948810056525685,0.092236863719086,24.0590499484972,34,0.41437635269678375,0.332048488911234,0.06405257273637766,0.0,89.3569844789357,63.8580931263858,64.07982261640798,81.59645232815964,75.60975609756098,84.03547671840354,95.78713968957871,63.8580931263858,60.532150776053214,55.87583148558758,78.27050997782705,50.99778270509978,69.51,27.884615384615387,1,0.5,N/A,,,,0.0,25.53
US.CRM,2026-05-09,22445976.0,7620290.0,20354,5150,51872,3242.0,54.0245,0.060702570375,148738531734.08,216.64503367498264,13.540314604686415,0.8818509305049578,2.769018743109151,0.10413961460152892,0.5398615692557934,11142471.48805834,5273791.463789667,254758.52949882502,54.0245,0.8818509305049578,2.769018743109151,1419.4144296072711,4888.25,0.19205550213092154,1.0931174089068825,1.860740069546095,0.05902205692317632,25.725455780820685,16,4.143266452008502,1.9618742724097789,0.16879029898276646,0.0,82.26164079822617,35.254988913525494,50.99778270509978,81.1529933481153,82.48337028824834,78.27050997782705,61.64079822616409,35.254988913525494,79.82261640798227,74.72283813747228,95.56541019955654,57.64966740576497,63.09,77.88461538461539,2,1.0,ONGOING,,2026-05-09,DEEP_ITM,60.0,69.46
US.CRWD,2026-05-09,11751663.0,1559002.0,5386,693,12956,925.4285714285714,49.67357142857143,0.5434226875,134336739688.17,189.68569307122132,13.548978076515809,1.7573761194582656,7.641025641025641,0.07143376305053,0.543474405857641,7006369.885977432,5978960.122340032,72137.80087186,49.67357142857143,1.7573761194582656,7.641025641025641,2361.073812794048,4168.454545454545,0.9438609662900272,1.600277104260478,1.9758890878999031,0.069485317638027,25.623615467391108,14,0.03293824422007806,0.11580691941164284,0.0,,80.04434589800444,52.328159645232816,51.21951219512195,76.05321507760532,84.25720620842571,58.758314855875824,53.215077605321504,52.328159645232816,74.05764966740577,82.48337028824834,57.64966740576497,24.27937915742794,57.4,77.88461538461539,2,1.0,ACTIVE,,2026-05-08,ATM,30.0,58.51
US.CRWV,2026-05-09,121227241.0,15772277.0,194096,23478,499895,5680.625,87.88944318181818,0.15435207594318182,61979688985.8,1202.484421656877,13.664595700646329,12.9178983545073,769.0,0.9952849483823981,59.27954445904511,54658335.35712208,16859237.861738306,1626796.015247267,87.88944318181818,12.9178983545073,769.0,1003.4085585227701,3010.3093220338983,0.3837501278093148,1.0751265341228624,2.9680054733862264,0.05615206792653,24.85007257133279,88,0.39678221432108934,0.778918329377045,0.11729762949896715,1.0,94.45676274944567,91.57427937915743,85.58758314855875,93.34811529933481,91.13082039911308,93.34811529933481,92.01773835920177,91.57427937915743,64.96674057649668,74.27937915742794,78.04878048780488,54.54545454545454,82.66,27.884615384615387,1,0.5,N/A,,,,0.0,27.72
US.CSCO,2026-05-09,16842449.0,2085343.0,42865,8567,121846,6092.3,51.82695,0.4732624403,381441171065.94,269.90934606705,13.495467303352502,10.968011105753067,129.66666666666666,0.35214131246072344,3.519807985325227,9255546.075549355,1673474.512621655,541388.25435116,51.82695,10.968011105753067,129.66666666666666,556.8440102396579,1864.0615384615385,0.9516833036133052,2.8285714285714287,2.5338052620525966,0.06428602710792117,26.667222471499592,20,0.04630317929276959,0.11505644867592738,0.05755172540525431,0.0,84.03547671840354,80.48780487804879,73.8359201773836,79.37915742793791,72.28381374722838,86.0310421286031,57.42793791574279,80.48780487804879,51.21951219512195,90.46563192904657,58.31485587583148,50.332594235033255,71.03,27.884615384615387,1,0.5,N/A,,,,0.0,25.78
US.CVNA,2026-05-09,8225117.0,3556882.0,43842,16605,0,0.0,64.84311111111111,0.32337873911111115,55827516726.9,120.70004486159372,13.411116095732636,4871.333333333333,16605.0,913901.8888888889,3556882.0,4035988.837249352,441363.567235652,336441.359749961,64.84311111111111,4871.333333333333,16605.0,544.7788976244285,1561.8905472636816,0.7029003434732369,1.6463414634146343,2.97336339636288,0.07686441075480899,24.745532716108755,9,0.2000292671667763,0.6789981617647058,0.0,,74.27937915742794,99.77827050997783,99.1130820399113,68.29268292682927,54.767184035476724,81.37472283813747,73.39246119733924,99.77827050997783,47.671840354767184,83.37028824833703,68.29268292682927,24.27937915742794,72.76,77.88461538461539,2,1.0,ACTIVE,,2026-05-08,ATM,30.0,61.07
US.CVS,2026-05-09,3071787.0,1397031.0,10861,5870,23426,5856.5,30.981749999999998,0.55521942925,115535217648.85,53.84494945147722,13.461237362869305,2.3811861820741136,6.602924634420697,0.06584178827232051,0.1735464872523182,1621419.7421745579,356658.074389681,128409.30645332001,30.981749999999998,2.3811861820741136,6.602924634420697,325.94655233563117,487.698175787728,0.8437890388576429,1.1583333333333334,1.0146363186849487,0.04502043354655295,25.47284123514853,4,0.0,0.0,0.0,,57.20620842572062,49.889135254988915,35.254988913525494,55.432372505543235,52.106430155210646,68.07095343680709,24.6119733924612,49.889135254988915,19.06873614190687,76.05321507760532,28.04878048780488,24.27937915742794,42.4,77.88461538461539,2,1.0,ONGOING,,2026-05-09,ATM,60.0,66.01
US.CVX,2026-05-09,2071392.0,1271980.0,2849,1351,11777,3925.6666666666665,17.638,-0.0017711043333333472,361713980085.84,39.85282050040893,13.28427350013631,66.98050589242214,200.5,11.675281993561013,35.017619204933375,254709.61409645,173449.78816263,17941.1051466,17.638,66.98050589242214,200.5,1277.7675496621553,3172.0199501246884,0.10580919041962,0.19224806201550376,0.21647621443147017,0.020567851553767048,26.614119626213213,3,0.24370728755003007,0.6261415525114156,0.6140701518592329,1.0,47.893569844789354,82.26164079822617,84.25720620842571,17.073170731707318,39.467849223946786,29.490022172949004,7.760532150776053,82.26164079822617,65.6319290465632,30.376940133037696,71.61862527716187,75.60975609756098,60.65,77.88461538461539,2,1.0,ONGOING,,2026-05-09,ATM,60.0,69.05
US.CYTK,2026-05-09,6164094.0,6164094.0,8203,8203,19563,19563.0,49.53,0.921866687,9570108574.15,15.634251887373463,15.634251887373463,0.4193119664673107,0.4193119664673107,0.04096858711035316,0.04096858711035316,5682472.914136577,95804.093386602,170731.15241467202,49.53,0.4193119664673107,0.4193119664673107,751.4438620017067,751.4438620017067,0.29219261337073377,0.29219261337073377,3.8284517789310617,0.125,22.98191038771264,1,0.0,0.0,1.0,0.0,28.60310421286031,7.760532150776053,14.634146341463413,72.9490022172949,30.376940133037696,72.28381374722838,52.54988913525499,7.760532150776053,28.824833702882486,37.028824833702885,28.04878048780488,93.23725055432372,39.45,27.884615384615387,1,0.5,N/A,,,,0.0,20.52
US.DAL,2026-05-09,1259221.0,497240.0,2830,1109,13448,4482.666666666667,41.692,0.264341443,48177394952.2,38.814752980081785,12.938250993360596,0.3811977512171125,0.8602409638554217,0.021288227878658198,0.04406870629935534,716465.597406039,112607.686560401,44852.570691194,41.692,0.3811977512171125,0.8602409638554217,488.31497354562117,764.9846153846154,0.08808391249849197,0.09932885906040272,0.532219627452954,0.023809523809523808,24.598155763621953,3,0.46952124655149075,0.6088686753837408,0.3948790561783833,0.0,45.45454545454545,16.186252771618626,16.4079822616408,37.6940133037694,32.59423503325942,49.00221729490023,42.12860310421286,16.186252771618626,29.268292682926827,19.955654101995567,80.04434589800444,67.40576496674058,37.09,77.88461538461539,2,1.0,ACTIVE,,2026-05-08,ATM,30.0,55.12
US.DASH,2026-05-09,15304658.0,12403157.0,4926,3418,1599,533.0,33.498,0.564231016,71427370097.46,44.70806289981723,14.902687633272409,14.728147286320644,42.19753086419753,3.191357028160411,9.340901303100615,10222389.743860925,4200142.882476911,79659.6305112,33.498,14.728147286320644,42.19753086419753,2492.30691574589,3628.7761849034523,0.1536134344757718,0.1822112415071031,1.4062558099207683,0.08582089552238807,24.991946967550295,3,0.0,0.0,1.0,1.0,53.88026607538803,71.3968957871397,79.82261640798227,80.04434589800444,80.48780487804879,60.532150776053214,29.490022172949004,71.3968957871397,70.28824833702882,28.159645232815965,28.04878048780488,93.23725055432372,69.18,77.88461538461539,2,1.0,ONGOING,,2026-05-09,DEEP_ITM,60.0,70.47
US.DDOG,2026-05-09,32515154.0,12280796.0,20035,4863,19780,1236.25,57.5574375,0.426408050375,71248991430.24,222.25921303883413,13.891200814927133,65.52223619638053,1000.0,270625.1847428609,4330000.0,22988821.778154347,5526051.999985753,215710.89211507203,57.5574375,65.52223619638053,1000.0,1823.9080434633506,4623.793674698795,0.5810905587599626,1.4224317205046446,1.962481512554446,0.06064678777159342,24.989446500643965,16,0.06843354254903476,0.11040292634262595,0.5789828029109135,1.0,82.48337028824834,93.45898004434589,99.33481152993349,86.91796008869179,82.92682926829268,75.83148558758315,66.51884700665188,93.45898004434589,77.60532150776052,80.48780487804879,60.08869179600887,74.50110864745011,83.77,77.88461538461539,2,1.0,ACTIVE,,2026-05-08,DEEP_ITM,30.0,62.9
US.DELL,2026-05-09,54902876.0,5844367.0,55205,6539,30437,676.3777777777777,73.2079111111111,0.4071881540222222,168191641547.46,617.0281002741866,13.711735561648592,212.51965293888583,6539.0,46816.38834094523,754143.0,31028792.21499171,12629671.66553348,448391.177823539,73.2079111111111,212.51965293888583,6539.0,1454.6025229591314,4472.717142857143,3.9704239697606942,33.52272727272727,2.841722337934341,0.06903252874583954,25.84836988972172,45,0.0604466378851931,0.11446452003633795,0.23903780559692356,0.0,91.13082039911308,98.89135254988913,91.35254988913526,89.80044345898004,90.02217294900223,84.70066518847007,82.70509977827051,98.89135254988913,76.27494456762749,99.55654101995566,59.86696230598669,61.64079822616409,84.93,77.88461538461539,2,1.0,ONGOING,,2026-05-09,ATM,60.0,73.1
US.DHI,2026-05-09,1066813.0,555813.0,906,453,0,0.0,0.0,0.0,41864858267.19,26.37231581102127,13.186157905510635,453.0,453.0,533406.5,555813.0,0.0,0.0,0.0,0.0,453.0,453.0,1177.4977924944812,1226.9602649006622,0.08274603113899953,0.08640197490228348,0.0,0.125,24.457712607148373,2,0.0,0.0,1.0,1.0,33.03769401330377,88.02660753880266,89.57871396895787,1.9955654101995564,1.9955654101995564,1.9955654101995564,1.9955654101995564,88.02660753880266,41.46341463414634,17.516629711751662,28.04878048780488,93.23725055432372,54.29,27.884615384615387,1,0.5,N/A,,,,0.0,22.99
US.DHR,2026-05-09,14720873.0,6370200.0,4214,1860,1472,368.0,7.2355,0.0699746835,121142020517.32,58.58379812632196,14.64594953158049,3.229866654477963,4.675324675324675,0.6745788996431028,1.611160515110036,85000.487237322,105557.454269409,3418.660657439,7.2355,3.229866654477963,4.675324675324675,3302.660250847863,5898.333333333333,0.041713517463138214,0.05738222298731847,0.030337852061804272,0.04502043354655295,25.52022941756038,4,47.474471735329274,6.106239460370995,0.9793705848831112,0.0,62.08425720620843,43.23725055432372,64.30155210643017,4.656319290465632,31.48558758314856,6.651884700665188,4.212860310421286,43.23725055432372,83.14855875831486,11.086474501108649,100.0,84.70066518847007,51.37,77.88461538461539,2,1.0,ACTIVE,,2026-05-08,DEEP_ITM,30.0,57.5
US.DINO,2026-05-09,65339057.0,24845738.0,47827,19525,11170,1015.4545454545455,17.29381818181818,0.18005465318181818,13057349901.91,162.97468400005096,14.815880363640996,4.05617371185963,6.009615384615385,1.1609080095519249,2.0391040686498365,6585440.8011023505,17663.67641204,19335.22077595,17.29381818181818,4.05617371185963,6.009615384615385,2174.941986727443,4200.0,0.12656315636260235,0.3752209835119241,1.4241602897177872,0.0974025974025974,23.29261702312231,11,0.0,0.0,0.9915312521268864,1.0,78.27050997782705,48.33702882483371,68.51441241685144,75.3880266075388,9.312638580931264,30.598669623059866,7.317073170731707,48.33702882483371,74.27937915742794,43.01552106430155,28.04878048780488,85.58758314855875,57.13,27.884615384615387,1,0.5,N/A,,,,0.0,23.46
US.DIS,2026-05-09,4140381.0,1532000.0,4272,1557,17120,3424.0,19.2898,0.333805917,187577964020.48,66.93689992438586,13.387379984877171,0.8956335350725226,3.1746031746031744,0.14522965654035203,0.5627999518019885,2130473.838909296,224809.371543126,56781.944451791,19.2898,0.8956335350725226,3.1746031746031744,1098.2203044334435,1915.0,0.10216656572896352,0.27737226277372257,0.23611651698457087,0.040157612340710934,25.9574604040472,5,0.08950513651769362,0.2244196044711952,0.8065917122119921,0.0,63.8580931263858,37.91574279379157,52.54988913525499,60.310421286031044,43.68070953436807,54.1019955654102,8.869179600886918,37.91574279379157,51.44124168514412,36.80709534368071,61.19733924611973,80.26607538802661,52.78,77.88461538461539,2,1.0,ONGOING,,2026-05-09,DEEP_ITM,60.0,67.74
US.DOCN,2026-05-09,5074160.0,2385940.0,2487,1283,2503,834.3333333333334,90.28333333333335,0.7412325886666666,17110507474.95,42.72761494712395,14.242538315707984,17.62139643151011,51.32,1.61631568332826,4.6102104300091495,4012625.49389452,609967.18553748,53242.2317231,90.28333333333335,17.62139643151011,51.32,2464.8845683548698,3472.217391304348,0.2844782896285405,0.4644390156377238,4.614254760082178,0.0850253807106599,23.562958584022013,3,0.0,0.0,0.4702137890803601,0.0,52.54988913525499,72.72727272727273,77.16186252771618,68.07095343680709,60.532150776053214,53.215077605321504,92.6829268292683,72.72727272727273,68.95787139689578,48.78048780487805,28.04878048780488,70.06651884700665,66.4,77.88461538461539,2,1.0,ACTIVE,,2026-05-08,DEEP_ITM,30.0,60.01
US.DOCS,2026-05-09,433016.0,433016.0,1008,1008,2474,2474.0,180.869,0.758801825,4798738728.84,12.978532267183912,12.978532267183912,0.4074373484236055,0.4074373484236055,0.06736977576806485,0.06736977576806485,328573.3310542,4853.3420556480005,20754.955281415998,180.869,0.4074373484236055,0.4074373484236055,429.57936507936506,429.57936507936506,0.05321526639562358,0.05321526639562358,13.402497879236574,0.125,22.29161895571492,1,0.0,0.0,1.0,0.0,7.5388026607538805,7.095343680709535,21.729490022172946,23.28159645232816,5.543237250554324,32.8159645232816,98.89135254988913,7.095343680709535,17.29490022172949,10.199556541019955,28.04878048780488,93.23725055432372,31.32,77.88461538461539,2,1.0,ACTIVE,,2026-05-08,ATM,30.0,54.16
US.DPZ,2026-05-09,613505.0,613505.0,1533,1533,27,27.0,35.944,-0.149926692,10759549707.6,13.32694532303638,13.32694532303638,56.77777777777778,56.77777777777778,0.7024362373997591,0.7024362373997591,91980.77517546,202309.46217493498,2814.48977079,35.944,56.77777777777778,56.77777777777778,400.1989562948467,400.1989562948467,0.3645721638430193,0.3645721638430193,0.24318801808176382,0.014084507042253521,23.09905954216125,1,0.0,0.0,0.0,,14.855875831485587,74.27937915742794,55.87583148558758,5.099778270509978,41.46341463414634,5.986696230598669,34.811529933481154,74.27937915742794,16.851441241685144,41.68514412416852,28.04878048780488,24.27937915742794,37.96,27.884615384615387,1,0.5,N/A,,,,0.0,20.27
US.DVA,2026-05-09,4256596.0,3734596.0,1847,1547,1865,932.5,36.986999999999995,0.6034601385,12753330000.0,28.298575255039665,14.149287627519833,0.9728631224577964,0.9993540051679587,0.10217008338593399,0.12144624796185623,2697417.5331959603,2107930.352678532,32428.138281132,36.986999999999995,0.9728631224577964,0.9993540051679587,2077.044602456367,2414.089204912734,0.06787495543021124,0.13574991086042248,0.13432628358605275,0.006172839506172839,23.26905825099921,2,0.0,0.0,0.0,,42.12860310421286,22.394678492239468,30.376940133037696,64.30155210643017,74.72283813747228,43.68070953436807,35.69844789356985,22.394678492239468,58.98004434589801,23.946784922394677,28.04878048780488,24.27937915742794,36.86,77.88461538461539,2,1.0,ONGOING,,2026-05-09,ATM,60.0,65.09
US.DVN,2026-05-09,3199427.0,1962303.0,55676,25061,55209,18403.0,11.960333333333333,0.10734819433333333,28342054000.0,41.04333857027703,13.68111285675901,16687.033901477418,25061.0,791885.3344238073,1962303.0,265290.988182493,58970.291223922,41227.669237248,11.960333333333333,16687.033901477418,25061.0,80.51472638903978,146.70899376669635,0.8020500205002049,1.7999999999999998,0.0918836927701649,0.014084507042253521,24.067612545682113,3,0.0,0.0,0.6133295118157095,1.0,49.667405764966745,100.0,96.89578713968959,18.181818181818183,23.28159645232816,47.671840354767184,4.878048780487805,100.0,4.212860310421286,85.14412416851441,28.04878048780488,75.3880266075388,61.6,77.88461538461539,2,1.0,ACTIVE,,2026-05-08,DEEP_OTM,30.0,59.21
US.EA,2026-05-09,1063475.0,1063475.0,4041,4041,2703,2703.0,27.352,-0.10361467,50160854233.72,13.877053346372021,13.877053346372021,1.495005549389567,1.495005549389567,0.019628939898630706,0.019628939898630706,110191.61117825001,205509.591813925,6527.765880825,27.352,1.495005549389567,1.495005549389567,263.17124474140064,263.17124474140064,0.6269592476489028,0.6269592476489028,0.12052678853100453,0.009433962264150943,24.638500763323833,1,0.0,0.0,0.0,,23.059866962305986,27.93791574279379,8.2039911308204,6.430155210643015,41.90687361419069,11.30820399113082,18.625277161862527,27.93791574279379,10.199556541019955,59.64523281596452,28.04878048780488,24.27937915742794,21.52,27.884615384615387,1,0.5,N/A,,,,0.0,17.53
US.EL,2026-05-09,822073.0,822073.0,1508,1508,5089,5089.0,0.0,0.0,31186721673.0,13.619585694317271,13.619585694317271,0.296325407742189,0.296325407742189,0.018740046659028457,0.018740046659028457,0.0,0.0,0.0,0.0,0.296325407742189,0.296325407742189,545.1412466843501,545.1412466843501,0.04655734312761893,0.04655734312761893,0.0,0.125,24.163258253802045,1,0.0,0.0,1.0,0.0,20.39911308203991,4.434589800443459,7.982261640798225,1.9955654101995564,1.9955654101995564,1.9955654101995564,1.9955654101995564,4.434589800443459,21.06430155210643,9.534368070953436,28.04878048780488,93.23725055432372,21.76,27.884615384615387,1,0.5,N/A,,,,0.0,17.57
US.ELF,2026-05-09,390660.0,390660.0,583,583,73,73.0,74.344,-0.253658067,3593919265.54,12.875595455226332,12.875595455226332,7.986301369863014,7.986301369863014,0.8793143032065509,0.8793143032065509,99094.06045422,55795.883628899996,3797.5902336000004,74.344,7.986301369863014,7.986301369863014,670.0857632933105,670.0857632933105,0.028464419475655357,0.028464419475655357,0.1769339140406876,0.005076142131979695,22.00250916165536,1,0.0,0.0,0.0,,5.321507760532151,52.54988913525499,58.536585365853654,5.764966740576496,21.951219512195124,7.982261640798225,84.4789356984479,52.54988913525499,25.72062084257206,6.430155210643015,28.04878048780488,24.27937915742794,33.76,27.884615384615387,1,0.5,N/A,,,,0.0,19.57
US.ENPH,2026-05-09,1246694.0,701484.0,2036,1019,5113,2556.5,73.17750000000001,0.13287471649999996,4804045119.0,26.669882950227944,13.334941475113972,0.7211519051923493,1.2035502958579882,0.13139948610885843,0.22775269681252583,645589.3685034399,103020.47639921599,29322.787936372006,73.17750000000001,0.7211519051923493,1.2035502958579882,612.4011365182478,689.7581120943953,0.08130789454078322,0.10904436051013788,0.2771597273370268,0.007518796992481203,22.29272413329323,2,0.7772237142971187,1.0019665683382497,0.0,,34.368070953436806,24.833702882483372,38.35920177383592,36.14190687361419,31.263858093126384,42.12860310421286,82.48337028824834,24.833702882483372,27.27272727272727,20.84257206208426,86.69623059866962,24.27937915742794,36.42,27.884615384615387,1,0.5,N/A,,,,0.0,20.01
US.EOG,2026-05-09,1035706.0,362670.0,1567,709,491,163.66666666666666,36.201,0.46946722966666665,69257687755.9,38.24890045488265,12.749633484960883,43.263165266106434,85.0,2.5455820904074926,4.804291317388295,678127.046575128,125388.954978529,28015.385805862003,36.201,43.263165266106434,85.0,693.1525212502875,832.9907621247113,0.05700265722214759,0.08343763037129737,1.9949971173105074,0.08582089552238807,24.961099990392274,3,0.5388567624911594,0.8263403263403264,0.0,,45.23281596452328,76.05321507760532,77.38359201773835,37.250554323725055,34.368070953436806,40.57649667405765,35.033259423503324,76.05321507760532,31.9290465631929,15.96452328159645,81.37472283813747,24.27937915742794,51.82,27.884615384615387,1,0.5,N/A,,,,0.0,22.58
US.EQT,2026-05-09,383613.0,383613.0,1112,1112,1154,1154.0,34.506,0.433762855,35001748880.0,12.85739211767581,12.85739211767581,0.9636048526863085,0.9636048526863085,0.0594031946562474,0.0594031946562474,166397.070095115,50971.03141461,12950.534738262,34.506,0.9636048526863085,0.9636048526863085,344.9757194244604,344.9757194244604,0.07246376811594203,0.07246376811594203,0.14574555299776917,0.007462686567164179,24.278663865216036,1,0.0,0.0,0.0,,4.656319290465632,19.290465631929045,19.290465631929045,9.977827050997783,20.620842572062084,23.725055432372503,31.9290465631929,19.290465631929045,14.412416851441243,13.968957871396896,28.04878048780488,24.27937915742794,18.85,27.884615384615387,1,0.5,N/A,,,,0.0,17.08
US.ETN,2026-05-09,700755.0,386331.0,704,456,342,171.0,35.723,-0.437181372,155906333000.0,25.5229532353121,12.76147661765605,10.751136363636363,20.727272727272727,0.23091672685611817,0.43736146048666286,311235.445039101,244725.41364476696,10267.599709224,35.723,10.751136363636363,20.727272727272727,1057.5279074702885,1267.8387096774193,0.12188045828458485,0.13737793784576546,1.500763265876565,0.0744047619047619,25.772521234385213,2,0.0,0.0,0.0,,29.268292682926827,64.30155210643017,46.78492239467849,21.951219512195124,45.01108647450111,18.8470066518847,33.92461197339246,64.30155210643017,42.12860310421286,24.168514412416854,28.04878048780488,24.27937915742794,39.1,77.88461538461539,2,1.0,ACTIVE,,2026-05-08,DEEP_ITM,30.0,55.46
US.EXPE,2026-05-09,12610620.0,5274640.0,8074,4012,2242,747.3333333333334,47.38399999999999,0.10422903733333333,27602677268.46,45.620395544754494,15.206798514918164,25.168176866004853,59.88059701492537,1.660448845685025,3.423165933961811,5027409.520799118,5990501.777922797,85417.463451224,47.38399999999999,25.168176866004853,59.88059701492537,1647.4852199075904,2364.8966033966035,0.19847771595697805,0.4800000000000001,0.30719148946955205,0.012911632314617389,24.041178607481744,3,0.2599075467149451,0.3425340871300299,0.0,,54.1019955654102,74.50110864745011,73.17073170731707,71.17516629711751,84.4789356984479,62.3059866962306,49.889135254988915,74.50110864745011,58.536585365853654,49.667405764966745,72.06208425720621,24.27937915742794,61.56,77.88461538461539,2,1.0,ONGOING,,2026-05-09,DEEP_OTM,60.0,69.2
US.FBIN,2026-05-09,6339508.0,3785977.0,159817,88053,162710,81355.0,55.294,0.066118047,4530763977.66,29.89980285666271,14.949901428331355,0.9825101518459891,0.9852820034049097,0.010583441072131746,0.013686012226360874,1339600.10665769,93868.25687774499,614323.984526521,55.294,0.9825101518459891,0.9852820034049097,40.87793399159151,52.755936123961874,0.7567765567765568,0.8571428571428572,3.985648795673795,0.125,22.234156410932574,2,0.6744708169119886,1.2269801014436208,0.0,,44.345898004434595,20.84257206208426,5.321507760532151,50.77605321507761,30.155210643015522,87.36141906873614,63.63636363636363,20.84257206208426,1.3303769401330376,68.29268292682927,84.03547671840354,24.27937915742794,33.74,27.884615384615387,1,0.5,N/A,,,,0.0,19.57
US.FCX,2026-05-09,2170208.0,601116.0,7336,2467,53976,10795.2,49.6942,-0.18220496339999998,88603479009.9,64.70420588029546,12.940841176059092,0.9229739373268391,3.439453125,0.03578554180227582,0.1027850643755069,974797.154756041,188351.95939421,83686.502264586,49.6942,0.9229739373268391,3.439453125,418.21409236371017,994.5396825396825,0.12884221839757412,0.20540540540540533,1.0965742463862929,0.039227503385090415,25.207436960275253,5,0.8560938186881326,0.7827460510328068,0.14435482681844322,0.0,62.97117516629712,39.02439024390244,28.60310421286031,43.90243902439025,40.133037694013304,61.86252771618626,53.43680709534369,39.02439024390244,36.36363636363637,32.37250554323725,88.02660753880266,55.87583148558758,47.05,77.88461538461539,2,1.0,ACTIVE,,2026-05-08,ATM,30.0,56.78
US.FLEX,2026-05-09,3255991.0,1424396.0,3594,2633,781,195.25,46.758250000000004,0.36613316975,52272201775.08,53.8795246527459,13.469881163186475,30.168630206444508,114.47826086956522,1.2546971086211376,4.3560709621977365,1142453.296194431,298019.556849709,25379.318953243,46.758250000000004,30.168630206444508,114.47826086956522,1784.155557099809,4076.7557603686637,0.43408340000851625,1.0886075949367084,2.4455988212247055,0.07197350771294433,24.67973055191552,4,0.7776806553850606,2.739854318418314,0.46570306858956306,0.0,57.42793791574279,78.93569844789357,76.71840354767184,47.006651884700666,47.893569844789354,39.02439024390244,48.78048780487805,78.93569844789357,73.61419068736141,74.50110864745011,86.91796008869179,69.62305986696231,67.15,77.88461538461539,2,1.0,ACTIVE,,2026-05-08,DEEP_ITM,30.0,60.13
US.FLR,2026-05-09,3359618.0,3359618.0,4023,4023,5033,5033.0,79.661,-0.95659327,6049103195.76,15.027338132652789,15.027338132652789,0.7993244585734155,0.7993244585734155,0.15412560178325246,0.15412560178325246,3213787.96857086,18386.215024780002,70801.7655983,79.661,0.7993244585734155,0.7993244585734155,835.1026597066866,835.1026597066866,0.6114412894073911,0.6114412894073911,4.6352138154588856,0.125,22.523175866061226,1,0.0,0.0,1.0,0.0,28.159645232815965,15.077605321507761,33.70288248337029,65.6319290465632,9.534368070953436,58.31485587583148,86.69623059866962,15.077605321507761,32.15077605321508,58.758314855875824,28.04878048780488,93.23725055432372,43.73,77.88461538461539,2,1.0,ONGOING,,2026-05-09,DEEP_ITM,60.0,66.23
US.FOUR,2026-05-09,486252.0,486252.0,1041,1041,275,275.0,65.478,-0.550759505,3377825583.92,13.09448434356157,13.09448434356157,3.7854545454545456,3.7854545454545456,0.41526282078654086,0.41526282078654086,267807.91082526004,27432.491541156,20732.976642924,65.478,3.7854545454545456,3.7854545454545456,467.1008645533141,467.1008645533141,0.36901408450704226,0.36901408450704226,0.7598723898522558,0.023809523809523808,21.94049802135247,1,0.0,0.0,0.0,,8.425720620842572,40.79822616407982,46.11973392461197,18.403547671840354,13.082039911308204,32.59423503325942,74.27937915742794,40.79822616407982,18.8470066518847,42.12860310421286,28.04878048780488,24.27937915742794,31.66,77.88461538461539,2,1.0,ACTIVE,,2026-05-08,DEEP_ITM,30.0,54.22
US.FSLR,2026-05-09,779039.0,406274.0,1522,977,7141,3570.5,51.0775,-0.0774247585,23634367191.85,25.743491705111914,12.871745852555957,0.5919081532063607,1.0361216730038023,0.017506155708407495,0.03221999123547782,263444.983868355,142047.26521287998,12993.943796274001,51.0775,0.5919081532063607,1.0361216730038023,549.9053787572892,683.9724770642201,0.4872303256661248,0.529006105877704,2.1760904434574724,0.0744047619047619,23.88596772667832,2,0.9175211802871953,0.5578300921187308,0.0,,29.711751662971174,23.059866962305986,13.082039911308204,17.738359201773836,35.92017738359202,24.168514412416854,56.09756097560976,23.059866962305986,26.82926829268293,53.65853658536586,88.91352549889136,24.27937915742794,29.4,77.88461538461539,2,1.0,ACTIVE,,2026-05-08,DEEP_OTM,30.0,53.84
US.FTNT,2026-05-09,2801376.0,716128.0,3680,1423,7333,1222.1666666666667,33.80016666666666,0.39899837299999996,83510880501.29,78.09859149947897,13.016431916579828,5.998670153252925,31.161290322580644,0.25432293113473725,1.2541450213083647,1509030.679363504,297568.946694103,49518.035503203,33.80016666666666,5.998670153252925,31.161290322580644,1413.4354899631253,3493.307317073171,0.7363383346305565,2.506207324643079,0.7076105996026657,0.05046990066435095,25.148242765730853,6,0.1429667205093169,0.20973044049967127,0.5450896273831146,0.0,66.51884700665188,69.40133037694012,62.3059866962306,52.993348115299334,47.671840354767184,51.88470066518847,30.376940133037696,69.40133037694012,69.17960088691795,88.91352549889136,64.52328159645234,73.17073170731707,63.4,77.88461538461539,2,1.0,ACTIVE,,2026-05-08,DEEP_ITM,30.0,59.51
US.GDX,2026-05-09,7836898.0,1669907.0,45468,15746,110524,11052.4,46.5644,0.3754190532,,134.46282208768818,13.446282208768817,6.877804248522878,52.170731707317074,0.08480565906861368,0.5482041880361715,3359173.532577619,556572.841046624,363559.40149491996,46.5644,6.877804248522878,52.170731707317074,335.71487548949926,1001.5235204855842,0.4912358703808404,1.0526315789473686,2.039196885659337,0.07343226022803487,0.0,10,0.04765074930662585,0.03647305553022705,0.0,,75.60975609756098,73.17073170731707,51.44124168514412,65.85365853658537,58.31485587583148,82.26164079822617,48.55875831485588,73.17073170731707,37.028824833702885,73.39246119733924,58.536585365853654,24.27937915742794,57.4,27.884615384615387,1,0.5,N/A,,,,0.0,23.51
US.GE,2026-05-09,2090995.0,1103994.0,2439,1298,6824,2274.6666666666665,37.202333333333335,0.18743627966666668,310027659380.25,40.05317392519891,13.351057975066304,0.382937014737781,0.7283950617283951,0.011255921432942554,0.020848906361273855,887289.4553149571,663321.7645704111,31476.393681896,37.202333333333335,0.382937014737781,0.7283950617283951,1050.0039852521084,1614.475113122172,0.4045468428891099,0.6327271806942283,1.2788003944808324,0.057539682539682536,26.45992735425588,3,1.118533821141012,1.137598597721297,0.0,,48.11529933481153,13.747228381374724,9.312638580931264,41.68514412416852,62.52771618625277,43.23725055432372,36.14190687361419,13.747228381374724,48.55875831485588,60.310421286031044,90.46563192904657,24.27937915742794,33.86,77.88461538461539,2,1.0,ONGOING,,2026-05-09,ATM,60.0,64.59
US.GEV,2026-05-09,6738295.0,2629284.0,2606,940,1401,233.5,50.1355,-0.10757805833333334,279509102799.25,82.37270960110689,13.728784933517815,158.38657996669136,940.0,142410.06502755193,854460.0,2346953.899201452,7027868.409494715,18446.983230080998,50.1355,158.38657996669136,940.0,2987.705765126666,4888.2015209125475,0.3222359558542951,0.7376930740506954,2.101316948316353,0.07214900514196289,26.35630069716955,6,5.776337357927405,3.992337164750958,0.0,,68.29268292682927,93.12638580931264,92.6829268292683,61.64079822616409,86.0310421286031,30.155210643015522,53.65853658536586,93.12638580931264,79.6008869179601,64.30155210643017,97.11751662971176,24.27937915742794,70.8,77.88461538461539,2,1.0,ONGOING,,2026-05-09,ATM,60.0,70.74
US.GILD,2026-05-09,384859.0,384859.0,2376,2376,6352,6352.0,29.178,-0.386129107,163055371552.42,12.86063491077455,12.86063491077455,0.37405541561712846,0.37405541561712846,0.004613464821538067,0.004613464821538067,148605.26199091302,26589.573097811,27975.56235078,29.178,0.37405541561712846,0.37405541561712846,161.9776936026936,161.9776936026936,0.5848500444486034,0.5848500444486034,2.1202840319495126,0.125,25.817355682848966,1,0.0,0.0,0.0,,4.878048780487805,5.986696230598669,0.6651884700665188,9.312638580931264,12.86031042128603,40.35476718403548,21.729490022172946,5.986696230598669,5.099778270509978,56.98447893569845,28.04878048780488,24.27937915742794,13.78,27.884615384615387,1,0.5,N/A,,,,0.0,16.24
US.GLD,2026-05-09,89234938.0,20760755.0,142981,22764,348960,7121.632653061224,23.34226530612245,0.19164517375510204,,675.7286595564939,13.790380807275385,18.9934501571195,262.0,8761.363955072995,429275.0,35947709.246979974,38491458.964278035,1269319.717530472,23.34226530612245,18.9934501571195,262.0,1271.1200463641471,6478.817391304347,0.18448952195474833,0.6894197952218428,0.7141994944345701,0.05345115707958026,0.0,49,0.1846402545671342,0.23256295095816487,0.07033356150255857,1.0,91.7960088691796,83.5920177383592,88.24833702882484,90.68736141906874,94.01330376940133,92.23946784922394,12.195121951219512,83.5920177383592,85.80931263858092,62.63858093126385,67.40576496674058,51.88470066518847,77.03,27.884615384615387,1,0.5,N/A,,,,0.0,26.78
US.GLW,2026-05-09,57372480.0,8877958.0,51942,7432,76997,1877.9756097560976,71.40443902439024,0.41916115948780486,160887635005.5,564.295593238425,13.763307152156708,15.30659976329611,440.0,7745.417556454919,317557.0,31831702.737158816,10215778.803122543,640824.007422252,71.40443902439024,15.30659976329611,440.0,1632.019365698123,4393.604838709677,0.9903958893908106,4.431372549019607,2.329206962824321,0.057256388613940765,25.803972039057598,41,0.005741771211578604,0.00497242913804779,0.3180322168398507,0.0,90.2439024390244,87.58314855875831,87.58314855875831,90.2439024390244,88.69179600886919,87.58314855875831,81.81818181818183,87.58314855875831,75.83148558758315,94.67849223946784,56.54101995565411,64.7450110864745,82.05,77.88461538461539,2,1.0,ONGOING,,2026-05-09,ATM,60.0,72.62
US.GME,2026-05-09,1715816.0,509108.0,25045,14513,142114,35528.5,44.1695,0.26506157025,10886548811.96,51.79511995286924,12.94877998821731,6.874211274968787,26.666666666666668,4.415292179678847,17.644197327475744,444213.52947859094,28957.700755201,168922.435713308,44.1695,6.874211274968787,26.666666666666668,463.015911107877,1606.5041666666666,0.22461772678553557,0.49999999999999994,1.3124654802035447,0.049107142857142856,23.110793810253146,4,0.0,0.0,0.22470999221361732,0.0,55.654101995565405,67.62749445676275,82.92682926829268,27.716186252771617,13.303769401330376,72.06208425720621,45.23281596452328,67.62749445676275,48.33702882483371,51.21951219512195,28.04878048780488,60.75388026607539,56.03,77.88461538461539,2,1.0,ACTIVE,,2026-05-08,ATM,30.0,58.28
US.GOOG,2026-05-09,54604590.0,4343359.0,49615,6122,132541,2650.82,31.43102,0.34508538019999996,4810657800000.0,683.092095480527,13.661841909610539,1.6612623710064027,12.6875,0.0926203462989267,2.263101309658733,30899850.02999882,20508211.56306268,603109.935383055,31.43102,1.6612623710064027,12.6875,1850.310125724671,7570.8712871287125,0.1752754328836016,0.46984126984126984,1.0517253740154642,0.05873348939676197,29.20185494745283,50,0.1710482278189619,0.3071025870699194,0.20322905089114304,0.0,92.01773835920177,58.536585365853654,69.40133037694012,89.57871396895787,92.23946784922394,86.91796008869179,25.277161862527713,58.536585365853654,87.36141906873614,49.2239467849224,66.51884700665188,60.310421286031044,70.0,77.88461538461539,2,1.0,ACTIVE,,2026-05-08,ATM,30.0,60.61
US.GOOGL,2026-05-09,92579023.0,7674915.0,97737,9275,342745,4827.394366197183,29.19669014084507,0.30276847145070424,4855038708000.0,970.9843042725217,13.675835271443969,1.6111924243635383,22.263157894736842,0.031469590439364474,0.5581439972138551,49368618.2529268,27262635.097135745,1232080.608161936,29.19669014084507,1.6111924243635383,22.263157894736842,1740.092967561266,8791.426116838487,0.2365580512329246,0.7756410256410255,1.2076629075038274,0.08048070034758728,29.211038190451795,71,0.09652229274784505,0.15473771266540642,0.2502221372545701,0.0,93.12638580931264,65.41019955654102,52.106430155210646,92.6829268292683,93.12638580931264,92.01773835920177,21.951219512195124,65.41019955654102,89.57871396895787,64.96674057649668,62.3059866962306,62.52771618625277,70.05,77.88461538461539,2,1.0,ACTIVE,,2026-05-08,ATM,30.0,60.62
US.GPN,2026-05-09,1980560.0,1620982.0,4889,3028,3833,1916.5,39.911500000000004,-0.533402652,18916326736.89,27.09123249496345,13.545616247481725,3.632117536298206,6.713968957871397,0.2674169846595898,0.5194674262106113,1012606.6164170279,163003.2178914,108179.94726128201,39.911500000000004,3.632117536298206,6.713968957871397,364.2742682127831,535.3309114927345,0.10285958173282107,0.12121212121212106,1.6868831625601748,0.0744047619047619,23.66329123467518,2,0.0,0.0,0.0,,36.80709534368071,50.110864745011085,50.332594235033255,44.12416851441242,37.6940133037694,65.6319290465632,40.133037694013304,50.110864745011085,20.84257206208426,22.172949002217297,28.04878048780488,24.27937915742794,40.1,27.884615384615387,1,0.5,N/A,,,,0.0,20.63
US.GS,2026-05-09,3451060.0,1615518.0,923,353,409,136.33333333333334,32.729,-0.3072537893333333,276268549618.08,41.462239279463304,13.820746426487768,15.657959101844426,43.4,0.37900841925513307,0.9732188621219887,1035557.9409666259,6623162.59463135,7090.7369219619995,32.729,15.657959101844426,43.4,3528.4796978281397,4576.5382436260625,0.03242022439651492,0.05338345309759336,0.2090039595419362,0.013804434617038265,26.344639235466424,3,0.0,0.0,0.0,,51.21951219512195,71.84035476718404,59.20177383592018,45.01108647450111,85.14412416851441,12.416851441241686,27.93791574279379,71.84035476718404,77.38359201773835,10.42128603104213,28.04878048780488,24.27937915742794,50.15,77.88461538461539,2,1.0,ACTIVE,,2026-05-08,DEEP_OTM,30.0,57.3
US.GWW,2026-05-09,1892000.0,1892000.0,215,215,34,34.0,22.281,0.995536674,58247297041.49,14.453145557135047,14.453145557135047,6.323529411764706,6.323529411764706,0.45105461432208066,0.45105461432208066,1883555.387208,42319.95328,653.708704,22.281,6.323529411764706,6.323529411764706,8800.0,8800.0,0.06664674206773606,0.06664674206773606,6.355697063283715,0.125,24.78796352561155,1,0.0,0.0,1.0,0.0,27.0509977827051,49.00221729490023,47.006651884700666,57.87139689578714,17.29490022172949,3.9911308203991127,11.529933481152993,49.00221729490023,89.80044345898004,13.082039911308204,28.04878048780488,93.23725055432372,48.41,77.88461538461539,2,1.0,ACTIVE,,2026-05-08,DEEP_ITM,30.0,57.01
US.HAL,2026-05-09,1004056.0,613699.0,1137,572,31065,15532.5,38.1995,0.8438300894999999,33273891785.05,26.202081034143696,13.101040517071848,0.08916494779319414,0.15751324226373015,0.02326085030640358,0.042955000906067124,863325.081752893,51140.985789763,23246.000079048,38.1995,0.08916494779319414,0.15751324226373015,884.3176140231451,1086.1929203539823,0.07125606063120649,0.12526514455597682,0.1951773813300901,0.007462686567164179,24.228038895971245,2,0.0,0.0,1.0,0.0,32.15077605321508,1.3303769401330376,15.74279379157428,41.46341463414634,20.84257206208426,36.58536585365854,38.13747228381374,1.3303769401330376,39.24611973392461,23.059866962305986,28.04878048780488,93.23725055432372,32.95,27.884615384615387,1,0.5,N/A,,,,0.0,19.43
US.HD,2026-05-09,4568986.0,4568986.0,2001,2001,47,47.0,38.234,0.753776053,316188980032.1,15.334802075279816,15.334802075279816,42.57446808510638,42.57446808510638,3.0622922691795993,3.0622922691795993,3443992.233292258,1094090.465840696,49576.257767544,38.234,42.57446808510638,42.57446808510638,2283.351324337831,2283.351324337831,0.15498118626919738,0.15498118626919738,1.0121027776820533,0.045454545454545456,26.479605909859245,1,0.0,0.0,0.0,,28.38137472283814,71.61862527716187,71.84035476718404,66.07538802660754,67.62749445676275,52.106430155210646,38.35920177383592,71.61862527716187,56.76274944567628,26.164079822616408,28.04878048780488,24.27937915742794,52.44,77.88461538461539,2,1.0,ACTIVE,,2026-05-08,DEEP_ITM,30.0,57.68
US.HIMS,2026-05-09,8489835.0,1459669.0,46905,9934,69598,5799.833333333333,133.91033333333334,0.4150733115833334,6532378046.37,160.31821030990022,13.359850859158351,1.262685580381059,5.662273476112026,0.08509245136775467,0.38508172255183454,4703134.495651094,167604.25583839498,522565.39469539595,133.91033333333334,1.262685580381059,5.662273476112026,235.61414189291335,516.4,1.0271614014359212,1.8561151079136693,8.43882487590975,0.09889196288844176,22.600036886584704,12,0.09562459171381987,0.06285830821871247,0.09248730982404252,0.0,78.04878048780488,47.45011086474501,45.23281596452328,70.28824833702882,38.35920177383592,85.80931263858092,97.33924611973393,47.45011086474501,19.955654101995567,85.58758314855875,61.86252771618626,53.215077605321504,56.88,27.884615384615387,1,0.5,N/A,,,,0.0,23.42
US.HLIT,2026-05-09,312975.0,312975.0,2216,2216,301,301.0,83.068,0.595379114,1389595532.43,12.65388178926614,12.65388178926614,7.362126245847176,7.362126245847176,0.8116971531273585,0.8116971531273585,186338.77820415,5166.323706375,34269.939688725,83.068,7.362126245847176,7.362126245847176,141.2342057761733,141.2342057761733,0.4720000000000001,0.4720000000000001,1.0721341576632422,0.024390243902439025,21.052278558601316,1,0.0,0.0,0.0,,1.1086474501108647,50.99778270509978,57.87139689578714,11.30820399113082,5.986696230598669,44.567627494456765,88.69179600886919,50.99778270509978,3.9911308203991127,49.44567627494457,28.04878048780488,24.27937915742794,34.45,27.884615384615387,1,0.5,N/A,,,,0.0,19.68
US.HOOD,2026-05-09,21014634.0,3652293.0,73349,12993,142362,5475.461538461538,62.458769230769235,0.141380239,69365904540.71,346.0027543628724,13.307798244725861,1.8429600600590905,9.553719008264462,0.05825311898967981,0.22594315458399053,10908340.657588175,1713681.4416776719,669665.687753353,62.458769230769235,1.8429600600590905,9.553719008264462,709.2601136853839,6380.212765957447,0.3054054844542727,0.6615969581749049,2.6627443013191527,0.0730710314995407,24.962661294712824,26,0.4948212770086153,0.2172693628955972,0.194444785476635,0.0,87.58314855875831,54.54545454545454,38.13747228381374,80.93126385809313,72.9490022172949,88.24833702882484,70.73170731707317,54.54545454545454,84.70066518847007,61.4190687361419,80.70953436807096,59.20177383592018,65.26,77.88461538461539,2,1.0,ACTIVE,,2026-05-08,DEEP_ITM,30.0,59.82
US.HPE,2026-05-09,306826.0,306826.0,1271,1271,11665,11665.0,52.51,0.641151123,41596875690.15,12.63403934981813,12.63403934981813,0.10895842263180454,0.10895842263180454,0.008390152796947752,0.008390152796947752,196721.834465598,12034.046785254,20805.320920981998,52.51,0.10895842263180454,0.10895842263180454,241.40519276160504,241.40519276160504,0.40953273794838907,0.40953273794838907,0.6893060744198293,0.023809523809523808,24.45129089781509,1,0.0,0.0,0.0,,0.6651884700665188,0.4434589800443459,2.4390243902439024,11.751662971175167,8.2039911308204,33.03769401330377,58.31485587583148,0.4434589800443459,8.647450110864744,45.23281596452328,28.04878048780488,24.27937915742794,13.71,27.884615384615387,1,0.5,N/A,,,,0.0,16.23
US.HPQ,2026-05-09,1008000.0,1008000.0,3200,3200,4,4.0,53.442,-0.377634969,20741998513.32,13.82347971967645,13.82347971967645,800.0,800.0,111.11111111111111,111.11111111111111,380656.048752,63542.524752000005,43824.714192,53.442,800.0,800.0,315.0,315.0,0.0,0.0,0.12190615664443183,0.005076142131979695,23.7554263954873,1,0.0,0.0,0.0,,22.61640798226164,92.12860310421286,87.13968957871397,24.833702882483372,24.168514412416854,48.11529933481153,60.08869179600887,92.12860310421286,13.082039911308204,1.9955654101995564,28.04878048780488,24.27937915742794,49.7,27.884615384615387,1,0.5,N/A,,,,0.0,22.23
US.HR,2026-05-09,5774751.0,2869338.0,5983,3000,1271,317.75,239.2225,0.731513817,,56.00608294577032,14.00152073644258,45.76350301350301,124.0,38.66652515523484,107.2148174406239,4166764.185245244,13804.342498962,32333.681841496,239.2225,45.76350301350301,124.0,1300.1632677124203,1742.2407834101382,0.039662814022834975,0.05996402158704791,3.9138896120007494,0.0744047619047619,0.0,4,0.0,0.0,1.0,1.0,61.19733924611973,79.49002217294901,86.91796008869179,69.17960088691795,8.647450110864744,43.45898004434589,99.77827050997783,79.49002217294901,49.889135254988915,11.751662971175167,28.04878048780488,93.23725055432372,68.15,27.884615384615387,1,0.5,N/A,,,,0.0,25.3
US.HSIC,2026-05-09,494310.0,494310.0,1001,1001,204,204.0,31.708,0.481498264,8067584730.74,13.110920152739531,13.110920152739531,4.9068627450980395,4.9068627450980395,0.3421474492084324,0.3421474492084324,238009.40687784,102215.72182443,11972.49220065,31.708,4.9068627450980395,4.9068627450980395,493.8161838161838,493.8161838161838,0.39603960396039606,0.39603960396039606,0.0948774133639405,0.005076142131979695,22.811119984684943,1,0.0,0.0,0.0,,8.869179600886918,43.45898004434589,42.793791574279375,14.855875831485587,30.820399113082043,23.059866962305986,25.72062084257206,43.45898004434589,19.290465631929045,44.345898004434595,28.04878048780488,24.27937915742794,29.8,27.884615384615387,1,0.5,N/A,,,,0.0,18.91
US.HUM,2026-05-09,1630329.0,1140279.0,1637,1092,1809,904.5,45.1145,0.3045483475,33012110040.0,27.04904915055092,13.52452457527546,0.8806181035256122,0.9936305732484076,0.03731328427917177,0.05840946903416425,965443.58477178,426998.052751851,11397.249467958,45.1145,0.8806181035256122,0.9936305732484076,1270.5093910676478,2092.2550458715596,0.477258639676349,0.9188034188034189,0.5761115027141888,0.023809523809523808,24.22014030203492,2,0.42976324215389394,2.003669724770642,0.6994164981423995,0.0,36.58536585365854,21.729490022172946,19.06873614190687,43.68070953436807,54.32372505543237,21.729490022172946,46.78492239467849,21.729490022172946,54.1019955654102,70.50997782705099,78.7139689578714,77.38359201773835,43.06,27.884615384615387,1,0.5,N/A,,,,0.0,21.12
US.IBM,2026-05-09,856643.0,496647.0,1775,1044,5817,2908.5,32.1335,0.40226845749999995,215948041932.8,25.90948778171886,12.95474389085943,0.3256093056252961,0.4384712305753885,0.006435791615749194,0.006580575213008275,330584.61167531495,257971.49190112497,19211.656354263003,32.1335,0.3256093056252961,0.4384712305753885,512.115707763993,679.4076607387141,0.37755865351921114,0.5433526011560693,1.2634248734052225,0.06721698113207547,26.098303669091823,2,0.0,0.0,0.0,,30.598669623059866,8.2039911308204,1.5521064301552108,23.503325942350333,45.67627494456763,30.376940133037696,26.38580931263858,8.2039911308204,26.164079822616408,54.54545454545454,28.04878048780488,24.27937915742794,20.9,77.88461538461539,2,1.0,ACTIVE,,2026-05-08,DEEP_ITM,30.0,52.43
US.INSM,2026-05-09,654508.0,654508.0,1179,1179,12,12.0,57.481,0.267775725,21967860908.85,13.391640615192475,13.391640615192475,98.25,98.25,5.381581976648578,5.381581976648578,175261.35421830002,117114.31763862801,6898.832410888,57.481,98.25,98.25,555.1382527565734,555.1382527565734,0.2381150611939057,0.2381150611939057,0.2867901710684251,0.009433962264150943,23.812846354462998,1,0.0,0.0,0.0,,15.74279379157428,77.16186252771618,77.8270509977827,10.643015521064301,33.25942350332594,11.973392461197339,66.29711751662971,77.16186252771618,21.286031042128602,34.58980044345898,28.04878048780488,24.27937915742794,43.82,77.88461538461539,2,1.0,ACTIVE,,2026-05-08,DEEP_ITM,30.0,56.25
US.INTC,2026-05-09,795206506.0,40257315.0,1222158,75642,1148708,3658.3057324840765,97.38795541401274,0.3044493351687898,627722270000.0,4447.659713804997,14.164521381544578,31.62800637049741,3254.0,21571.389487312452,2534761.0,434686113.3380993,88755131.41881001,8778154.649707265,97.38795541401274,31.62800637049741,3254.0,1522.87924517468,7998.640159045725,2.9875866952096324,133.83458646616543,3.2291884150567745,0.05456052631138963,27.165363660374013,314,0.2946451748339044,0.8818325016052019,0.32412969091075317,1.0,98.89135254988913,98.00443458980045,98.22616407982262,98.4478935698448,96.45232815964523,98.66962305986696,94.2350332594235,98.00443458980045,88.470066518847,100.0,73.8359201773836,64.96674057649668,90.97,77.88461538461539,2,1.0,ONGOING,,2026-05-09,ATM,60.0,74.1
US.INTU,2026-05-09,5441092.0,1367746.0,3038,1236,630,78.75,66.757375,0.096366749,109599530500.0,106.69577410382148,13.336971762977685,11.818667186699697,22.384615384615383,0.6850806585924728,1.768615477782544,2271441.212398121,2512221.263773035,28027.881298262,66.757375,11.818667186699697,22.384615384615383,2305.1843197082544,4499.164473684211,0.22556723839249299,0.5063906121533747,1.9065873647727778,0.05004188404966206,25.42009892770115,8,1.806089642759524,2.316593886462882,0.0,,72.50554323725056,65.6319290465632,66.29711751662971,61.4190687361419,76.71840354767184,40.79822616407982,76.27494456762749,65.6319290465632,76.49667405764967,51.66297117516629,93.12638580931264,24.27937915742794,61.62,77.88461538461539,2,1.0,ACTIVE,,2026-05-08,DEEP_ITM,30.0,59.21
US.IRDM,2026-05-09,318439.0,318439.0,1352,1352,8161,8161.0,74.555,0.662672031,4383472266.24,12.671189353202514,12.671189353202514,0.16566597230731528,0.16566597230731528,0.009411385779187107,0.009411385779187107,211020.618879609,6369.645517202,28493.563794564,74.555,0.16566597230731528,0.16566597230731528,235.53180473372782,235.53180473372782,0.9142857142857144,0.9142857142857144,6.1960984002274095,0.14285714285714285,22.201107002348056,1,0.0,0.0,0.0,,1.5521064301552108,1.5521064301552108,3.325942350332594,12.86031042128603,6.651884700665188,41.24168514412417,84.92239467849224,1.5521064301552108,8.2039911308204,69.84478935698448,28.04878048780488,24.27937915742794,16.56,27.884615384615387,1,0.5,N/A,,,,0.0,16.7
US.IRM,2026-05-09,314112.0,314112.0,225,225,322,322.0,50.755,0.952764481,,12.657508072763239,12.657508072763239,0.6987577639751553,0.6987577639751553,0.07571430499767635,0.07571430499767635,299274.756655872,5486.610637824,3440.9584366080003,50.755,0.6987577639751553,0.6987577639751553,1396.0533333333333,1396.0533333333333,0.033478966839083225,0.033478966839083225,4.060975086122146,0.125,0.0,1,0.0,0.0,1.0,0.0,1.3303769401330376,13.52549889135255,23.059866962305986,21.507760532150776,6.430155210643015,6.873614190687362,54.988913525498894,13.52549889135255,44.567627494456765,6.873614190687362,28.04878048780488,93.23725055432372,30.38,27.884615384615387,1,0.5,N/A,,,,0.0,19.01
US.JBL,2026-05-09,2346480.0,1992032.0,4542,2272,210,105.0,52.4765,-0.230508689,37469256203.3,27.282986033261313,13.641493016630656,384.1497584541063,757.3333333333334,1.7988550799451277,3.3267445680229013,757174.4185597759,560410.1900249921,22617.519184384,52.4765,384.1497584541063,757.3333333333334,516.7770894086989,877.5471365638766,0.331706818743265,0.5134599867967432,1.8550516591846264,0.06666666666666667,24.346786599122638,2,0.0,0.0,0.0,,38.35920177383592,91.35254988913526,72.9490022172949,39.467849223946786,58.536585365853654,35.69844789356985,58.09312638580931,91.35254988913526,33.48115299334812,52.328159645232816,28.04878048780488,24.27937915742794,54.27,77.88461538461539,2,1.0,ACTIVE,,2026-05-08,ATM,30.0,57.99
US.JD,2026-05-09,1362197.0,774228.0,13594,9307,511,255.5,40.3425,0.3523370625,41152178655.16,26.84405417961635,13.422027089808175,4657.702941176471,9307.0,128.6725656143639,256.96249585131096,468125.54788133205,65153.53816155,92785.45567077401,40.3425,4657.702941176471,9307.0,110.16966467847689,137.15162118031256,0.09713717485738212,0.10101010101010094,0.30835317822770003,0.014084507042253521,24.440542706924614,2,0.0,0.0,0.0,,35.69844789356985,99.55654101995566,87.36141906873614,29.046563192904657,25.277161862527713,63.63636363636363,40.57649667405765,99.55654101995566,3.7694013303769403,20.17738359201774,28.04878048780488,24.27937915742794,52.72,77.88461538461539,2,1.0,ONGOING,,2026-05-09,DEEP_OTM,60.0,67.73
US.JNJ,2026-05-09,2927358.0,1785879.0,4622,2620,16640,5546.666666666667,18.245333333333335,0.6160976066666667,532765260021.72,40.86652046823685,13.622173489412283,0.3978344384862896,0.5822306238185255,0.024651817949198393,0.058195935232393234,1828806.8922334888,673704.029469216,66090.855572595,18.245333333333335,0.3978344384862896,0.5822306238185255,1055.1420014059502,2212.1688311688313,0.130406751626111,0.23388305847076457,0.36490904800151913,0.023809523809523808,27.001346751386745,3,0.0,0.0,0.23275185337768733,0.0,49.2239467849224,11.086474501108649,18.8470066518847,57.42793791574279,63.19290465631929,56.76274944567628,8.2039911308204,11.086474501108649,56.09756097560976,33.70288248337029,28.04878048780488,61.19733924611973,37.05,77.88461538461539,2,1.0,ONGOING,,2026-05-09,ATM,60.0,65.12
US.JPM,2026-05-09,11712263.0,1812771.0,42324,9535,42924,2524.9411764705883,25.77135294117647,0.1415595804117647,809480399377.8,226.27902863916628,13.310531096421546,2.1871545405139052,17.340425531914892,0.029417483975765685,0.24171086085345841,4089588.13809097,2812844.333526729,233382.20128248,25.77135294117647,2.1871545405139052,17.340425531914892,556.3473687830476,1781.030612244898,0.7530192012067471,2.250869654184571,1.1302003130977274,0.07280546021225393,27.41965839652673,17,1.2090948459760558,1.9518761333519319,0.0,,82.70509977827051,62.74944567627494,39.02439024390244,68.51441241685144,77.60532150776052,77.16186252771618,17.073170731707318,62.74944567627494,50.554323725055426,87.36141906873614,91.13082039911308,24.27937915742794,56.81,77.88461538461539,2,1.0,ONGOING,,2026-05-09,ATM,60.0,68.41
US.KBR,2026-05-09,3300000.0,1700000.0,4000,2000,2835,1417.5,50.2355,-0.7973653195,4125745200.78,28.631654209471378,14.315827104735689,1.7374559967052687,2.4906600249066004,0.4462911180045728,0.6506026494070714,2629264.7612,143259.4922,143076.52400000003,50.2355,1.7374559967052687,2.4906600249066004,825.0,850.0,0.0,0.0,0.3863997313690346,0.015636105188343994,22.14051249539388,2,0.0,0.0,1.0,0.0,42.350332594235034,33.48115299334812,54.767184035476724,63.63636363636363,36.36363636363637,69.40133037694012,53.88026607538803,33.48115299334812,32.8159645232816,1.9955654101995564,28.04878048780488,93.23725055432372,50.78,27.884615384615387,1,0.5,N/A,,,,0.0,22.41
US.KKR,2026-05-09,1522512.0,1113842.0,8622,8021,1535,767.5,43.9645,0.004656904500000003,91182701238.2,26.843992466307462,13.421996233153731,5.248326241134752,5.688652482269504,0.19797692475849724,0.3188997268825595,551537.010158898,142563.836632024,72719.056145914,43.9645,5.248326241134752,5.688652482269504,409.4245442651476,679.9833610648918,0.6042475466983853,1.1665370514387288,1.80207878783591,0.06721698113207547,25.236131036640547,2,0.3669012301565213,0.07492831317790799,0.0,,35.47671840354767,47.671840354767184,41.90687361419069,32.15077605321508,36.14190687361419,59.20177383592018,45.01108647450111,47.671840354767184,26.38580931263858,76.27494456762749,76.71840354767184,24.27937915742794,41.84,27.884615384615387,1,0.5,N/A,,,,0.0,20.92
US.KLAC,2026-05-09,5311613.0,4492774.0,837,524,640,320.0,55.11450000000001,0.519614543,244167655977.99,28.93362509245396,14.46681254622698,1.3983108650296903,1.955223880597015,0.04047934898365245,0.06461274382147128,3936032.507544394,3402510.230621757,9348.452941649,55.11450000000001,1.3983108650296903,1.955223880597015,7958.290195229618,14353.91054313099,0.9893549776091494,1.6455304670584598,4.1456448323818496,0.125,26.2211209409524,2,0.0,0.0,0.0,,43.23725055432372,31.48558758314856,20.84257206208426,67.62749445676275,78.7139689578714,16.851441241685144,63.19290465631929,31.48558758314856,94.45676274944567,83.14855875831486,28.04878048780488,24.27937915742794,41.94,77.88461538461539,2,1.0,ONGOING,,2026-05-09,ATM,60.0,65.93
US.KO,2026-05-09,2636250.0,1303579.0,5331,1963,5926,1975.3333333333333,15.939666666666668,0.7158623550000001,337400671219.56,40.75809308522765,13.586031028409217,2.3976640335964956,5.741935483870968,0.1391165295358386,0.33973094720435343,2011127.7366892828,308740.0449515,110719.69301769,15.939666666666668,2.3976640335964956,5.741935483870968,476.3009420113246,664.0748853795211,0.07631749965067876,0.11192120746994118,0.14929344721406732,0.011447284530226629,26.54453699644741,3,0.0,0.0,0.4944823138928402,0.0,49.00221729490023,47.893569844789354,42.572062084257205,59.64523281596452,48.55875831485588,66.29711751662971,6.651884700665188,47.893569844789354,25.277161862527713,21.06430155210643,28.04878048780488,71.3968957871397,47.37,27.884615384615387,1,0.5,N/A,,,,0.0,21.84
US.LFUS,2026-05-09,370424.0,370424.0,504,504,0,0.0,54.462,-0.291064178,11557787795.12,12.822406274076934,12.822406274076934,504.0,504.0,370424.0,370424.0,107817.157071472,80329.91897712,3688.55624784,54.462,504.0,504.0,734.968253968254,734.968253968254,0.25611510791366904,0.25611510791366904,3.945323656279014,0.125,23.170625314759974,1,0.0,0.0,0.0,,3.9911308203991127,89.13525498891353,88.02660753880266,5.986696230598669,27.716186252771617,7.760532150776053,62.08425720620843,89.13525498891353,28.38137472283814,35.69844789356985,28.04878048780488,24.27937915742794,46.12,27.884615384615387,1,0.5,N/A,,,,0.0,21.63
US.LITE,2026-05-09,18053401.0,3207474.0,4868,670,7655,546.7857142857143,94.38149999999999,0.07331892242857144,70315640000.0,193.06726648975226,13.790519034982305,1.2520151490230496,6.461538461538462,0.04125179053802725,0.22437741501693703,7277495.228878842,16820628.0364182,35672.538451,94.38149999999999,1.2520151490230496,6.461538461538462,4061.4581712481436,14423.855072463768,0.5179308827866631,0.9044251110972021,4.656896526737312,0.08464434405173178,24.97626008614002,14,0.5481884719162636,0.8232209737827715,0.0,,80.70953436807096,49.44567627494457,37.91574279379157,76.71840354767184,90.9090909090909,45.8980044345898,93.34811529933481,49.44567627494457,94.67849223946784,69.40133037694012,81.81818181818183,24.27937915742794,58.93,77.88461538461539,2,1.0,ACTIVE,,2026-05-08,DEEP_ITM,30.0,58.76
US.LLY,2026-05-09,3440483.0,958986.0,2967,938,7504,1250.6666666666667,33.477666666666664,0.0067343390000000015,893194636520.7,79.2635431540618,13.210590525676965,0.6129112040964247,1.515850144092219,0.010500198459861486,0.028971594583290093,947171.129357736,3694411.447646912,13159.489036864,33.477666666666664,0.6129112040964247,1.515850144092219,1773.3055672213648,4655.271844660194,0.43234651895127163,0.6619199255787326,1.018864418467037,0.055143755615453725,27.518070352104527,6,1.406437014758341,0.7745215311004785,0.0,,66.96230598669624,28.60310421286031,11.973392461197339,43.01552106430155,79.15742793791574,24.6119733924612,29.268292682926827,28.60310421286031,78.04878048780488,61.64079822616409,91.35254988913526,24.27937915742794,40.85,77.88461538461539,2,1.0,ACTIVE,,2026-05-08,DEEP_ITM,30.0,55.75
US.LRCX,2026-05-09,12326373.0,2924393.0,11754,2530,15242,1385.6363636363637,65.04590909090909,0.10738950018181818,367730402550.0,151.26277684793087,13.751161531630078,4.996704363250175,24.548387096774192,0.17018264384380297,1.1066800178855951,5366769.222820996,3424386.1611373127,109961.093060615,65.04590909090909,4.996704363250175,24.548387096774192,1405.4778547327476,3373.002306805075,0.29343230814597404,0.5910145750204517,2.7916718856588303,0.07177292404565132,26.63061590486795,11,0.2509055242765345,0.1988984088127295,0.0,,77.38359201773835,66.96230598669624,60.310421286031044,72.06208425720621,78.93569844789357,66.07538802660754,73.61419068736141,66.96230598669624,68.51441241685144,57.64966740576497,71.84035476718404,24.27937915742794,62.04,77.88461538461539,2,1.0,ONGOING,,2026-05-09,ATM,60.0,69.28
US.LTH,2026-05-09,612859.0,612859.0,3655,3655,1151,1151.0,34.044,0.922665392,7107705424.34,13.325891803842682,13.325891803842682,3.1754995655951346,3.1754995655951346,0.16675786493205844,0.16675786493205844,565463.789475728,3743.79015907,61850.579702574,34.044,3.1754995655951346,3.1754995655951346,167.6768809849521,167.6768809849521,0.4558676681283377,0.4558676681283377,3.016280798136438,0.14285714285714285,22.684445303687305,1,0.0,0.0,0.0,,14.634146341463413,38.13747228381374,34.58980044345898,33.03769401330377,4.656319290465632,55.654101995565405,30.598669623059866,38.13747228381374,5.543237250554324,47.45011086474501,28.04878048780488,24.27937915742794,29.1,27.884615384615387,1,0.5,N/A,,,,0.0,18.79
US.LVS,2026-05-09,337443.0,337443.0,768,768,2,2.0,55.151,0.866187621,35192668330.75,12.729154849601565,12.729154849601565,384.0,384.0,31.76831105253248,31.76831105253248,292288.949393103,5320.378407921,18070.608846927,55.151,384.0,384.0,439.37890625,439.37890625,0.06821282401091402,0.06821282401091402,4.230411764709613,0.125,24.284103611826087,1,0.0,0.0,1.0,0.0,1.9955654101995564,85.80931263858092,83.81374722838137,20.39911308203991,6.208425720620843,29.933481152993345,63.41463414634146,85.80931263858092,17.96008869179601,13.52549889135255,28.04878048780488,93.23725055432372,54.83,27.884615384615387,1,0.5,N/A,,,,0.0,23.08
US.LYFT,2026-05-09,1735570.0,856463.0,16629,6515,9433,3144.3333333333335,62.03966666666667,-0.13276323233333334,5483477821.5,39.57004820371367,13.190016067904557,2.0475102965368115,3.2493765586034913,0.1605233394966487,0.29767497632226053,722797.933830319,43532.065613913,219911.32665185299,62.03966666666667,2.0475102965368115,3.2493765586034913,101.14446948003241,131.46016884113584,0.263317593292513,0.44333387070772207,1.9074017606285654,0.053968253968253964,22.425005375750413,3,1.0264389705101096,1.5524174980813508,0.0,,46.56319290465632,38.58093126385809,40.57649667405765,38.35920177383592,18.181818181818183,76.05321507760532,70.28824833702882,38.58093126385809,3.5476718403547673,46.56319290465632,90.02217294900223,24.27937915742794,40.76,27.884615384615387,1,0.5,N/A,,,,0.0,20.74
US.MA,2026-05-09,905793.0,536840.0,903,503,1181,590.5,25.408,0.103075627,437798128475.4,26.011884494267605,13.005942247133802,2.027337304583718,3.6715328467153285,0.04310914065845627,0.07908573799114801,402908.809051066,425816.721480298,11817.198126658,25.408,2.027337304583718,3.6715328467153285,994.829420974155,1067.2763419483101,0.19885712342482614,0.21304009491127582,0.6437726052493835,0.04523809523809524,26.805023747189125,2,0.6872680873258327,0.7952286282306164,0.0,,30.820399113082043,40.133037694013304,24.168514412416854,26.38580931263858,54.1019955654102,22.838137472283815,15.521064301552107,40.133037694013304,38.80266075388026,33.03769401330377,84.25720620842571,24.27937915742794,34.44,77.88461538461539,2,1.0,ACTIVE,,2026-05-08,DEEP_ITM,30.0,54.68
US.MARA,2026-05-09,6069804.0,2138147.0,117477,34567,68819,11469.833333333334,101.49416666666667,0.232438989,4932692596.16,81.6424769842893,13.60707949738155,2.037074454143252,6.318840579710145,0.10859174720555702,0.2141062779285993,2571303.362529202,51551.508394161996,1132341.2862466339,101.49416666666667,2.037074454143252,6.318840579710145,136.21444469032468,384.8537794299876,0.702674077658129,1.0666666666666667,6.092639539341392,0.10055626872058193,22.319150841659315,6,0.05392685511441032,0.006916945230136281,0.05116755005598204,0.0,67.84922394678492,48.78048780487805,37.028824833702885,62.97117516629712,21.06430155210643,91.57427937915743,94.45676274944567,48.78048780487805,15.74279379157428,73.61419068736141,59.64523281596452,50.110864745011085,52.22,27.884615384615387,1,0.5,N/A,,,,0.0,22.65
US.MCD,2026-05-09,10078196.0,3565957.0,8827,3044,4124,458.22222222222223,34.51244444444445,-0.3677671131111111,195921990619.25,123.4721256642269,13.719125073802989,7.660847166606682,55.583333333333336,0.48581669766393987,3.5921799133675836,4875201.860221706,986419.889566167,89745.70450048501,34.51244444444445,7.660847166606682,55.583333333333336,2217.7696589119223,4820.0,0.6455251592129225,2.8986369858936967,1.9160534820830941,0.10069691226407645,26.000982409911565,9,0.7723778577014722,0.27705439814814814,0.398913158664507,0.0,74.94456762749445,73.8359201773836,74.27937915742794,70.73170731707317,66.74057649667405,62.74944567627494,32.15077605321508,73.8359201773836,79.15742793791574,90.9090909090909,86.25277161862527,67.62749445676275,71.4,77.88461538461539,2,1.0,ACTIVE,,2026-05-08,DEEP_ITM,30.0,60.84
US.MCHP,2026-05-09,718453230.0,389362751.0,212255,108203,103085,10308.5,42.259100000000004,0.4047011297,53621112533.22,150.89072568720886,15.089072568720885,31.86282512233482,284.7447368421053,8.606840482611895,83.98199244705769,273710314.67333794,47021040.53218268,2328339.804825921,42.259100000000004,31.86282512233482,284.7447368421053,1645.8945338828391,4337.095527708159,0.2693993429498238,0.6123076923076923,0.43303050701812895,0.030216520743638675,24.70520871803245,10,0.002770141282594344,0.022482031716669557,0.993258496450771,1.0,77.16186252771618,84.03547671840354,86.47450110864744,98.00443458980045,94.90022172949001,95.1219512195122,42.793791574279375,84.03547671840354,75.16629711751663,58.98004434589801,56.09756097560976,86.0310421286031,81.57,77.88461538461539,2,1.0,ONGOING,,2026-05-09,DEEP_ITM,60.0,72.54
US.MCK,2026-05-09,1562877.0,565853.0,1563,607,1343,335.75,29.804750000000002,0.09078075075,88330800000.0,51.37574252698208,12.84393563174552,4.011191293943167,9.0625,0.06661595257806154,0.13691303033596436,716619.0941659199,599194.815234898,19670.13010192,29.804750000000002,4.011191293943167,9.0625,1068.7139916615602,1533.4769647696478,0.5020618583101186,0.590303553994992,2.2484665599919413,0.125,25.204354694619305,4,0.7593032025665559,1.3717754172989378,0.0,,55.210643015521065,54.1019955654102,31.9290465631929,37.91574279379157,59.64523281596452,30.820399113082043,22.394678492239468,54.1019955654102,47.006651884700666,57.20620842572062,85.80931263858092,24.27937915742794,44.17,77.88461538461539,2,1.0,ACTIVE,,2026-05-08,ATM,30.0,56.3
US.MCY,2026-05-09,722966.0,722966.0,375,375,545,545.0,0.0,0.0,5520584453.09,13.491118856945695,13.491118856945695,0.6880733944954128,0.6880733944954128,0.13309352054440204,0.13309352054440204,0.0,0.0,0.0,0.0,0.6880733944954128,0.6880733944954128,1927.9093333333333,1927.9093333333333,0.013768870236659342,0.013768870236659342,0.0,0.14285714285714285,22.43174957099472,1,0.0,0.0,1.0,0.0,18.181818181818183,13.303769401330376,31.70731707317073,1.9955654101995564,1.9955654101995564,1.9955654101995564,1.9955654101995564,13.303769401330376,51.88470066518847,5.321507760532151,28.04878048780488,93.23725055432372,28.73,27.884615384615387,1,0.5,N/A,,,,0.0,18.73
US.MELI,2026-05-09,4207250.0,1683718.0,1266,346,431,107.75,39.74275,-0.14929685125,82764163558.64,54.96566304742123,13.741415761855308,5.999893676319669,12.76,0.14302659778933763,0.34305735917477276,1119924.566738894,7934410.560084625,7827.965256496,39.74275,5.999893676319669,12.76,3248.799665108208,4866.236994219653,0.9317495451510975,2.398870364724571,1.6343391374282594,0.06954225352112675,25.139260997398807,4,6.3445336489532,3.0838709677419356,0.0,,59.64523281596452,58.758314855875824,43.01552106430155,46.78492239467849,86.69623059866962,13.968957871396896,39.91130820399113,58.758314855875824,79.37915742793791,88.470066518847,98.22616407982262,24.27937915742794,53.32,27.884615384615387,1,0.5,N/A,,,,0.0,22.83
US.META,2026-05-09,126624195.0,8638519.0,133461,6678,241600,2176.5765765765764,27.73573873873874,0.1263701357117117,1547498998817.52,1515.4082397439247,13.652326484179502,3.4103644020999035,48.955882352941174,0.07990381633716649,3.728974088683645,45397001.70652032,58516975.736855924,1376287.0356971691,27.73573873873874,3.4103644020999035,48.955882352941174,1918.872029058894,26019.635542168675,0.35571296684694315,1.229032258064516,1.4813428854425676,0.09756724281995104,28.067661194537923,111,0.5734125474288269,0.434046805492876,0.17568213562976648,1.0,96.0088691796009,72.50554323725056,74.94456762749445,92.23946784922394,96.0088691796009,92.6829268292683,19.06873614190687,72.50554323725056,98.22616407982262,77.38359201773835,82.26164079822617,58.09312638580931,76.71,77.88461538461539,2,1.0,ACTIVE,,2026-05-08,ATM,30.0,61.73
US.MNST,2026-05-09,1409121.0,546320.0,1865,780,4796,1598.6666666666667,28.602333333333334,0.2558857153333333,84384371640.0,39.13368001051667,13.044560003505557,133.32911855786062,399.0,182106.68618219727,546320.0,1242490.407500916,65089.722452168,49044.919604802,28.602333333333334,133.32911855786062,399.0,854.5015011364098,1369.2230576441102,3.185318856479905,7.472727272727273,0.9728702475243907,0.057539682539682536,25.158648051271886,3,0.6331935173927707,0.27216916780354705,0.7437012151546958,1.0,45.8980044345898,86.0310421286031,89.3569844789357,48.55875831485588,25.055432372505543,51.21951219512195,20.39911308203991,86.0310421286031,44.12416851441242,96.89578713968959,83.37028824833703,78.7139689578714,67.55,27.884615384615387,1,0.5,N/A,,,,0.0,25.2
US.MOH,2026-05-09,793833.0,793833.0,1269,1269,938,938.0,45.573,-0.308572219,9687474000.0,13.584629650361434,13.584629650361434,1.3528784648187633,1.3528784648187633,0.04551488856368138,0.04551488856368138,244954.81032542698,172721.424441819,9944.203894893,45.573,1.3528784648187633,1.3528784648187633,625.5579196217494,625.5579196217494,0.8045792050757453,0.8045792050757453,0.5415437138401238,0.024390243902439025,22.994099547854532,1,0.0,0.0,0.0,,19.955654101995567,26.607538802660752,17.516629711751662,15.74279379157428,39.02439024390244,18.181818181818183,47.893569844789354,26.607538802660752,23.503325942350333,65.6319290465632,28.04878048780488,24.27937915742794,25.75,27.884615384615387,1,0.5,N/A,,,,0.0,18.23
US.MP,2026-05-09,7947897.0,1068399.0,14816,2156,40328,2880.5714285714284,73.74728571428571,0.3749826378571428,12003820563.13,184.55587428573315,13.18256244898094,0.5638754969944034,2.925619834710744,0.048104521036414764,0.19261033931438085,3962526.4531795317,709745.55067416,178535.864816778,73.74728571428571,0.5638754969944034,2.925619834710744,728.7035854318034,1502.4980620155038,0.949010949487283,2.398251141258921,2.1699008477354953,0.048050563508985684,23.20849081640631,14,0.1691679014826471,0.19957898145899117,0.1443142758392566,0.0,79.82261640798227,36.58536585365854,36.36363636363637,67.84922394678492,64.07982261640798,73.17073170731707,83.5920177383592,36.58536585365854,46.56319290465632,88.24833702882484,66.29711751662971,55.654101995565405,55.79,77.88461538461539,2,1.0,ONGOING,,2026-05-09,DEEP_OTM,60.0,68.24
US.MPC,2026-05-09,2493690.0,1133533.0,1251,490,2544,848.0,43.35433333333333,0.703184575,71486523812.45,40.51259494639315,13.504198315464384,0.5058149446691055,0.6447368421052632,0.039967128773131584,0.060989744067366444,2005921.8056005419,387762.38011845294,20870.290484600002,43.35433333333333,0.5058149446691055,0.6447368421052632,2117.9274174844686,2975.1522309711286,0.14205748310731262,0.2982456140350876,1.751360173972576,0.057539682539682536,24.99277479074857,3,0.0,0.0,0.8637432880590611,0.0,48.55875831485588,12.638580931263856,19.955654101995567,59.42350332594235,52.993348115299334,33.25942350332594,44.345898004434595,12.638580931263856,64.52328159645234,37.6940133037694,28.04878048780488,82.48337028824834,41.49,27.884615384615387,1,0.5,N/A,,,,0.0,20.86
US.MRK,2026-05-09,717878.0,379479.0,989,552,2707,1353.5,28.6555,-0.7180023950000001,275089043342.7,25.57854108022102,12.78927054011051,218.6019955654102,437.0,17.040943394811606,34.070659005207396,520797.36556357006,75854.573841572,24198.498888147,28.6555,218.6019955654102,437.0,740.7073321891685,868.3729977116705,0.1098268453892986,0.11891414398804068,0.35872908703120554,0.02914614121510673,26.340360676180115,2,0.0,0.0,0.5286121040065304,0.0,29.490022172949004,87.13968957871397,84.03547671840354,31.48558758314856,26.82926829268293,38.35920177383592,20.84257206208426,87.13968957871397,33.25942350332594,21.729490022172946,28.04878048780488,72.72727272727273,56.31,27.884615384615387,1,0.5,N/A,,,,0.0,23.33
US.MRNA,2026-05-09,28601147.0,3820337.0,90826,9933,133704,5813.217391304348,96.49278260869565,0.4549051642608696,21565333176.65,316.5414309392669,13.762670910402909,21.23319691826025,377.0,0.7056135479451846,11.234029438822446,15286729.598511774,1156422.777612358,1109419.716020678,96.49278260869565,21.23319691826025,377.0,451.7268416816745,1400.2716981132075,6.394459410499175,27.427597955706982,4.536816341805026,0.07491324760155134,23.794352916852674,23,0.011142448984959754,0.005479846342894466,0.24379595685445762,0.0,85.80931263858092,85.58758314855875,80.70953436807096,84.4789356984479,69.17960088691795,91.35254988913526,94.01330376940133,85.58758314855875,44.789356984478935,98.89135254988913,56.76274944567628,62.3059866962306,77.17,77.88461538461539,2,1.0,ONGOING,,2026-05-09,ATM,60.0,71.8
US.MRVL,2026-05-09,38923646.0,2295143.0,38668,5220,130111,3025.8372093023254,74.37627906976743,0.3155485771162791,148744659000.0,583.6028970168503,13.572160395740704,3.019858979081031,42.149253731343286,0.1864670240697995,2.013511178019267,18252512.323247205,8324097.39490206,411193.623001855,74.37627906976743,3.019858979081031,42.149253731343286,1672.6631207185521,4638.67942583732,0.33946991550968475,1.3469387755102038,2.009449562444155,0.052929340239774234,25.72549697485189,43,0.3442013969337052,0.3717894139350078,0.11321986640203233,0.0,90.9090909090909,71.17516629711751,67.84922394678492,85.58758314855875,87.13968957871397,83.81374722838137,84.70066518847007,71.17516629711751,77.8270509977827,79.82261640798227,76.05321507760532,54.32372505543237,74.4,77.88461538461539,2,1.0,ONGOING,,2026-05-09,ATM,60.0,71.34
US.MS,2026-05-09,356047.0,356047.0,507,507,1200,1200.0,26.653,0.359803039,304557925314.53,12.782820832205898,12.782820832205898,0.4225,0.4225,0.015366193657534484,0.015366193657534484,128106.79262683299,155155.336071008,4288.4226894270005,26.653,0.4225,0.4225,702.2623274161735,702.2623274161735,0.08923076923076924,0.08923076923076924,0.11473960616254647,0.007462686567164179,26.442127136926036,1,0.0,0.0,0.0,,2.882483370288248,7.982261640798225,6.208425720620843,7.317073170731707,37.250554323725055,8.647450110864744,17.96008869179601,7.982261640798225,27.494456762749447,17.96008869179601,28.04878048780488,24.27937915742794,14.61,27.884615384615387,1,0.5,N/A,,,,0.0,16.38
US.MSFT,2026-05-09,129249067.0,6602085.0,203470,13178,630177,5386.128205128205,25.93174358974359,0.1526769035982906,3083246108242.24,1591.6375668907262,13.603739887954925,2.1494162304435043,91.88541666666667,0.030231658252388605,0.46317908212448705,45532669.22344878,55023123.17647517,1718588.339868272,25.93174358974359,2.1494162304435043,91.88541666666667,1370.7184589820622,9502.5,0.22626586357917144,1.11731843575419,0.9619633392173046,0.06942222443466291,28.757004089166216,117,0.43844720345370497,0.31648075778358653,0.12549866220697747,0.0,96.45232815964523,76.49667405764967,47.45011086474501,92.46119733924611,95.56541019955654,93.79157427937915,17.516629711751662,76.49667405764967,90.9090909090909,75.60975609756098,79.15742793791574,54.988913525498894,72.27,77.88461538461539,2,1.0,ACTIVE,,2026-05-08,ATM,30.0,60.99
US.MSTR,2026-05-09,127809957.0,15380450.0,257224,39099,275667,4176.772727272727,62.41636363636363,0.3199167193939394,65740516308.48,910.7798410147018,13.799694560828815,22.978384235442014,516.0,17918.21472993982,852663.0,57481834.47972218,15914569.841164708,2240499.313087322,62.41636363636363,22.978384235442014,516.0,1191.4288461085096,6042.541843971631,0.5500116795334209,1.2683837833631624,2.4034656532956666,0.07102131997752238,24.908981258961806,66,0.11304631098045419,0.13152534916969097,0.09408811552921499,0.0,92.90465631929047,89.3569844789357,92.46119733924611,94.2350332594235,90.46563192904657,94.90022172949001,70.50997782705099,89.3569844789357,83.37028824833703,78.27050997782705,63.19290465631929,53.43680709534369,82.33,77.88461538461539,2,1.0,ONGOING,,2026-05-09,ATM,60.0,72.66
US.MTSI,2026-05-09,7506633.0,3067093.0,1208,586,4520,1130.0,67.92775,0.67837505375,27457323147.12,57.518373460830546,14.379593365207636,73.37637411734576,293.0,10.680085352443754,42.61271812826498,4990949.3970102165,5124794.847388953,20337.944512276,67.92775,73.37637411734576,293.0,6705.304416508204,8820.0,0.07055586297751842,0.14720314033366044,0.35063123098394633,0.009433962264150943,24.03589875067441,4,0.0,0.0,0.43421171649126844,0.0,61.64079822616409,84.4789356984479,85.36585365853658,70.95343680709534,82.26164079822617,32.37250554323725,76.71840354767184,84.4789356984479,90.02217294900223,25.49889135254989,28.04878048780488,68.51441241685144,71.06,77.88461538461539,2,1.0,ACTIVE,,2026-05-08,DEEP_ITM,30.0,60.79
US.MU,2026-05-09,1709934710.0,47951323.0,462788,23618,435566,1131.3402597402599,91.02332467532469,0.30528652281818186,842180511946.29,5675.394849420128,14.741285323169162,12.47697553504347,439.42857142857144,14875.063013106846,2227878.0,1007780439.6682985,1180182250.7615683,3572473.863213653,91.02332467532469,12.47697553504347,439.42857142857144,6425.72502328233,60930.0,1.4548617446399876,12.263374485596708,3.1811498721213614,0.06037791886593898,27.459260212947115,385,0.24095988617452296,0.5974953054236165,0.33700320698209585,0.0,99.55654101995566,87.36141906873614,97.78270509977827,99.55654101995566,100.0,96.45232815964523,93.12638580931264,87.36141906873614,100.0,98.22616407982262,71.3968957871397,65.85365853658537,89.5,77.88461538461539,2,1.0,ONGOING,,2026-05-09,ATM,60.0,73.86
US.MXL,2026-05-09,24655110.0,9540006.0,11046,3563,1579,157.9,163.433,0.32212763499999997,8939373086.97,140.05172124789848,14.005172124789848,418.865559895914,2477.0,157367.07520213912,1572690.0,15071799.1121299,4683770.915883355,144584.768459381,163.433,418.865559895914,2477.0,1720.1651347573247,3322.0302785627778,1.3473250088121533,3.8081492172754534,6.459439698679067,0.06840271410232898,22.913731299284862,10,0.08865786062442098,0.10471047104710471,0.06378758804969842,1.0,76.27494456762749,96.89578713968959,95.1219512195122,84.03547671840354,81.37472283813747,69.84478935698448,98.00443458980045,96.89578713968959,67.84922394678492,93.12638580931264,60.97560975609756,50.77605321507761,80.45,27.884615384615387,1,0.5,N/A,,,,0.0,27.35
US.NFLX,2026-05-09,24408691.0,4703872.0,81946,12823,341404,10668.875,32.236875,-0.038253754375000004,368402763214.72,424.6050946221044,13.268909206940762,0.6272300005145804,5.609170305676856,0.04015715741508857,0.5794890844667963,11174126.897169828,1742481.8314094641,912749.871773441,32.236875,0.6272300005145804,5.609170305676856,665.32155307338,2585.0,0.14016584063341414,0.45801526717557256,1.240388565984592,0.06369886673405903,26.632442641884992,32,1.8179633148691614,0.512979579779181,0.47350794026603066,0.0,88.69179600886919,46.56319290465632,52.993348115299334,81.37472283813747,73.17073170731707,90.46563192904657,26.82926829268293,46.56319290465632,60.75388026607539,47.671840354767184,93.34811529933481,70.50997782705099,64.56,77.88461538461539,2,1.0,ACTIVE,,2026-05-08,DEEP_ITM,30.0,59.7
US.NIO,2026-05-09,430332.0,430332.0,3313,3313,18730,18730.0,69.751,0.737213054,14658152078.7,12.972314606567032,12.972314606567032,0.1768820074746396,0.1768820074746396,0.039274439744274234,0.039274439744274234,317246.367953928,4403.457395736,64132.25144239201,69.751,0.1768820074746396,0.1768820074746396,129.89194083911863,129.89194083911863,0.10902577680865969,0.10902577680865969,0.36202426769557744,0.009433962264150943,23.408262473597503,1,0.0,0.0,1.0,0.0,7.317073170731707,1.7738359201773837,14.412416851441243,22.394678492239468,5.099778270509978,56.09756097560976,78.93569844789357,1.7738359201773837,3.325942350332594,20.620842572062084,28.04878048780488,93.23725055432372,28.6,27.884615384615387,1,0.5,N/A,,,,0.0,18.71
US.NKE,2026-05-09,1332550.0,555179.0,6079,3196,13696,4565.333333333333,21.97266666666667,0.0015402083333333298,65366353636.62,38.96195169484211,12.987317231614036,2.9753955412743216,5.748201438848921,0.5385893882091134,1.4625214697421522,359782.684607973,36857.255775518,84076.24122865201,21.97266666666667,2.9753955412743216,5.748201438848921,813.4350675895774,2168.66796875,0.19855964933299783,0.35602094240837695,0.5366916623881517,0.03809523809523809,24.903273492651493,3,0.3676914644885693,1.108567464446757,0.416629019548985,1.0,45.67627494456763,48.11529933481153,63.41463414634146,24.168514412416854,16.186252771618626,62.08425720620843,11.086474501108649,48.11529933481153,55.210643015521065,41.24168514412417,76.94013303769401,67.84922394678492,49.93,77.88461538461539,2,1.0,ACTIVE,,2026-05-08,DEEP_ITM,30.0,57.26
US.NOW,2026-05-09,10975311.0,1283492.0,20866,4171,67873,3770.722222222222,66.44505555555556,0.1714984367222222,94034663440.0,238.26995492432667,13.237219718018148,1.222880509345372,15.130434782608695,0.06750168390390024,0.5191800897094774,6113013.803932454,1248444.197168865,272592.939308549,66.44505555555556,1.222880509345372,15.130434782608695,974.1878837382145,3865.9397590361446,0.17008784474669777,0.4981554783638958,2.349001462426481,0.05150091941985722,25.26692931125179,18,0.5774020385636922,0.18080470827910136,0.1717114895423009,0.0,83.37028824833703,60.310421286031044,50.110864745011085,73.61419068736141,69.62305986696231,78.93569844789357,75.60975609756098,60.310421286031044,72.06208425720621,50.99778270509978,82.70509977827051,57.87139689578714,65.67,77.88461538461539,2,1.0,ACTIVE,,2026-05-08,DEEP_ITM,30.0,59.89
US.NRG,2026-05-09,405837.0,405837.0,326,326,113,113.0,57.191,0.820004099,29139341371.7,12.913709344177965,12.913709344177965,2.8849557522123894,2.8849557522123894,0.26004473797018274,0.26004473797018274,332788.003525863,20232.165987432,9799.634839662,57.191,2.8849557522123894,2.8849557522123894,1244.898773006135,1244.898773006135,0.1890863791070673,0.1890863791070673,4.381623120451722,0.125,24.095355035285767,1,0.0,0.0,0.0,,5.986696230598669,36.14190687361419,39.467849223946786,23.725055432372503,10.643015521064301,17.96008869179601,65.6319290465632,36.14190687361419,41.90687361419069,29.711751662971174,28.04878048780488,24.27937915742794,29.68,27.884615384615387,1,0.5,N/A,,,,0.0,18.89
US.NSIT,2026-05-09,4255826.0,2398448.0,3548,1774,18,9.0,48.263,0.6812660265,2530786205.43,29.12500974854192,14.56250487427096,285.10714285714283,443.5,43.6974494058275,71.56128416278793,2923804.144972694,669971.4056829801,69227.346678316,48.263,285.10714285714283,443.5,1199.5,1352.0,0.0,0.0,0.2602390121104897,0.009523809523809525,21.651795844941606,2,0.0,0.0,0.5635681533972489,1.0,43.68070953436807,87.8048780487805,86.25277161862527,64.52328159645234,62.97117516629712,57.64966740576497,51.21951219512195,87.8048780487805,43.68070953436807,1.9955654101995564,28.04878048780488,73.8359201773836,65.82,27.884615384615387,1,0.5,N/A,,,,0.0,24.91
US.NUE,2026-05-09,570697.0,570697.0,607,607,669,669.0,34.169,0.498959282,51809859010.0,13.254615452050462,13.254615452050462,0.9073243647234679,0.9073243647234679,0.03749713365856864,0.03749713365856864,284754.565359554,173401.953571861,8748.439738314999,34.169,0.9073243647234679,0.9073243647234679,940.1927512355849,940.1927512355849,0.08555555555555551,0.08555555555555551,0.45436759350644046,0.023809523809523808,24.67084629649938,1,0.0,0.0,0.0,,11.751662971175167,17.073170731707318,14.19068736141907,19.955654101995567,39.24611973392461,15.96452328159645,31.042128603104214,17.073170731707318,35.033259423503324,16.851441241685144,28.04878048780488,24.27937915742794,21.2,27.884615384615387,1,0.5,N/A,,,,0.0,17.48
US.NVDA,2026-05-09,891466361.0,31048781.0,1572204,91439,4005261,12555.67711598746,42.464451410658306,0.236954414338558,5229773100000.0,4536.115340812486,14.219797306622212,1.9808061718022771,110.46153846153847,0.0682085622096633,3.495254208543005,478668126.62928534,176162960.79674956,18302712.603152294,42.464451410658306,1.9808061718022771,110.46153846153847,1370.8954016549992,10624.226765799256,0.3016342567452179,2.813559322033899,1.4019502357332143,0.060420737320398044,29.28538900874322,319,0.1677372955595531,0.239160916324142,0.1924054148353894,0.0,99.1130820399113,78.49223946784922,73.61419068736141,98.66962305986696,98.00443458980045,99.1130820399113,43.68070953436807,78.49223946784922,92.23946784922394,90.2439024390244,65.85365853658537,58.98004434589801,79.42,77.88461538461539,2,1.0,ACTIVE,,2026-05-08,ATM,30.0,62.18
US.NXPI,2026-05-09,720950.0,720950.0,431,431,982,982.0,37.946,0.846785461,74415850535.25,13.488326452792572,13.488326452792572,0.43890020366598775,0.43890020366598775,0.024908056639528477,0.024908056639528477,610489.97810795,69112.50122405,11079.61799695,37.946,0.43890020366598775,0.43890020366598775,1672.737819025522,1672.737819025522,0.23513484627168768,0.23513484627168768,2.991500723338811,0.125,25.032934800936697,1,0.0,0.0,0.0,,17.96008869179601,8.425720620842572,10.42128603104213,34.811529933481154,26.164079822616408,21.286031042128602,37.250554323725055,8.425720620842572,48.78048780487805,33.92461197339246,28.04878048780488,24.27937915742794,21.82,27.884615384615387,1,0.5,N/A,,,,0.0,17.58
US.OKTA,2026-05-09,1090075.0,758354.0,4551,3120,5502,2751.0,66.257,0.20243400850000004,14711566399.9,26.250959440447694,13.125479720223847,1560.130067260498,3120.0,45.19751501460673,90.38784266984506,361797.614864082,58549.912247365995,35033.059829727,66.257,1560.130067260498,3120.0,237.43640071493846,243.0621794871795,0.641944911021846,1.0006253908692933,2.876112159318468,0.08522727272727273,23.41189985133586,2,2.2861199622574393,2.180293501048218,0.0,,32.37250554323725,97.5609756097561,86.69623059866962,24.390243902439025,23.059866962305986,45.45454545454545,75.3880266075388,97.5609756097561,8.869179600886918,71.84035476718404,94.01330376940133,24.27937915742794,57.99,77.88461538461539,2,1.0,ACTIVE,,2026-05-08,ATM,30.0,58.61
US.ON,2026-05-09,2708529.0,1107558.0,3775,1947,4834,1208.5,31.0415,0.0791315295,40444409311.2,53.295544952524224,13.323886238131056,6.718341168733281,24.133333333333333,1.360269589925189,5.137861757105943,243696.54647069,73401.22730797,22628.509609790002,31.0415,6.718341168733281,24.133333333333333,1246.4057363332859,2197.074585635359,0.12983491866522542,0.3869858105202809,1.2083223074345883,0.08070987654320988,24.423194258592158,4,0.14576456598682966,0.34150675195451313,0.7025581044175639,1.0,56.76274944567628,66.29711751662971,77.60532150776052,15.299334811529933,26.607538802660752,35.92017738359202,24.833702882483372,66.29711751662971,55.432372505543235,43.90243902439025,64.96674057649668,77.60532150776052,56.97,77.88461538461539,2,1.0,ACTIVE,,2026-05-08,DEEP_OTM,30.0,58.44
US.ONTO,2026-05-09,1717598.0,870216.0,838,429,70,35.0,66.68549999999999,0.020174158999999997,14160501217.89,27.326405940426,13.663202970213,24.025,40.9,1.7765242795751806,3.0569290757719463,756004.3834335781,645003.574716282,10663.66783135,66.68549999999999,24.025,40.9,2051.4584494560045,2127.667481662592,0.10571665125245339,0.19292604501607716,0.817018511112072,0.023809523809523808,23.373722321399796,2,1.0269465247078648,0.9533799533799534,0.0,,38.58093126385809,70.95343680709534,71.61862527716187,39.24611973392461,61.4190687361419,20.17738359201774,76.05321507760532,70.95343680709534,54.767184035476724,30.820399113082043,90.2439024390244,24.27937915742794,54.44,27.884615384615387,1,0.5,N/A,,,,0.0,23.02
US.ORCL,2026-05-09,94790088.0,6142301.0,170655,30839,510291,6714.355263157895,60.62176315789473,0.30004061609210525,563561213700.0,1043.8041351969466,13.73426493680193,4.77918709975527,210.0,14686.459965824615,1116147.0,42473036.45310638,18165548.153051715,1184378.236794447,60.62176315789473,4.77918709975527,210.0,1358.4044287160116,5701.758293838862,0.3074291001138892,0.6403310018717367,2.0168022607020206,0.06050501582255101,27.057541795761434,76,0.21469149222616107,0.28189623442276923,0.14413055508504222,1.0,93.79157427937915,82.92682926829268,94.45676274944567,91.7960088691796,91.7960088691796,91.7960088691796,68.73614190687361,82.92682926829268,82.70509977827051,60.97560975609756,69.62305986696231,55.432372505543235,81.11,77.88461538461539,2,1.0,ACTIVE,,2026-05-08,ATM,30.0,62.46
US.OSK,2026-05-09,351665.0,351665.0,358,358,362,362.0,53.974,-0.733506218,8643707502.57,12.7704371404878,12.7704371404878,0.988950276243094,0.988950276243094,0.07041025413083235,0.07041025413083235,257948.46415297,21973.1263948,11305.57539882,53.974,0.988950276243094,0.988950276243094,982.304469273743,982.304469273743,0.8037129273262392,0.8037129273262392,3.807742459083349,0.125,22.88009743693084,1,0.0,0.0,0.0,,2.6607538802660753,21.06430155210643,22.61640798226164,17.29490022172949,11.529933481152993,21.507760532150776,61.4190687361419,21.06430155210643,35.69844789356985,65.41019955654102,28.04878048780488,24.27937915742794,23.81,27.884615384615387,1,0.5,N/A,,,,0.0,17.91
US.PANW,2026-05-09,24158143.0,6287429.0,31478,5857,68069,3094.0454545454545,44.856545454545454,0.3991718602272727,169630080000.0,297.49962386803276,13.52271017581967,3.3278514518874487,31.92,0.10284640129849003,1.1601244307613368,14177082.76237962,5560827.921457735,318258.868436369,44.856545454545454,3.3278514518874487,31.92,1284.065781619163,2950.9039145907473,1.1224923151540698,4.6360686138154845,1.3262675189719095,0.05503385139901298,25.856885903074517,22,0.10756522907617054,0.3011739417989418,0.10003422034549593,0.0,84.92239467849224,69.84478935698448,60.75388026607539,83.5920177383592,83.14855875831486,80.70953436807096,46.34146341463415,69.84478935698448,64.07982261640798,94.90022172949001,62.97117516629712,53.88026607538803,68.86,77.88461538461539,2,1.0,ACTIVE,,2026-05-08,ATM,30.0,60.42
US.PATH,2026-05-09,821326.0,821326.0,6330,6330,2132,2132.0,83.803,-0.466544736,5653116998.88,13.618676603898747,13.618676603898747,2.969043151969981,2.969043151969981,0.3570318219044456,0.3570318219044456,383185.321839936,11796.366951688,108172.249677052,83.803,2.969043151969981,2.969043151969981,129.75134281200633,129.75134281200633,0.20305393112410655,0.20305393112410655,0.9907495083755099,0.023809523809523808,22.455472911379214,1,0.0,0.0,0.0,,20.17738359201774,36.80709534368071,44.12416851441242,25.055432372505543,7.982261640798225,65.41019955654102,89.57871396895787,36.80709534368071,3.1042128603104215,31.70731707317073,28.04878048780488,24.27937915742794,32.93,27.884615384615387,1,0.5,N/A,,,,0.0,19.43
US.PDD,2026-05-09,1013626.0,542523.0,4182,2655,22730,11365.0,39.9895,0.031171214000000003,140603102516.36,26.26682175846792,13.13341087923396,0.4133381854639628,0.7470455824423186,0.008141702917475678,0.01341928648248075,391395.76188336196,92120.21198265199,50936.962455991,39.9895,0.4133381854639628,0.7470455824423186,266.36338080280007,355.286836935167,0.32632432769701136,0.43988269794721413,1.6454572820368851,0.0744047619047619,25.66920688234808,2,1.1516016667268092,0.5751412429378531,0.0,,32.59423503325942,14.19068736141907,4.878048780487805,25.49889135254989,29.933481152993345,52.54988913525499,40.35476718403548,14.19068736141907,14.855875831485587,46.34146341463415,90.68736141906874,24.27937915742794,26.67,27.884615384615387,1,0.5,N/A,,,,0.0,18.39
US.PENG,2026-05-09,2906866.0,613743.0,15065,6326,15952,2658.6666666666665,85.43900000000001,0.388348151,2244562278.84,78.3828912720369,13.06381521200615,3.125011547644947,15.934508816120907,0.07449122631472528,0.24111710539878847,1197051.945433095,73079.40697162,105714.23655839401,85.43900000000001,3.125011547644947,15.934508816120907,347.81486147403774,811.357698289269,1.648816477003641,2.7090909090909094,4.779147711069996,0.10336817653890824,21.531776363558038,6,0.0,0.0,0.39060830461397256,0.0,66.74057649667405,61.64079822616409,38.80266075388026,48.11529933481153,26.38580931263858,64.96674057649668,90.68736141906874,61.64079822616409,30.820399113082043,89.80044345898004,28.04878048780488,67.1840354767184,54.68,27.884615384615387,1,0.5,N/A,,,,0.0,23.06
US.PEP,2026-05-09,737996.0,737996.0,2102,2102,281,281.0,28.545,-0.202241055,211329716865.3,13.511695038533697,13.511695038533697,7.480427046263345,7.480427046263345,0.16985644060907443,0.16985644060907443,149253.08962578,234997.13126990802,6498.114557675999,28.545,7.480427046263345,7.480427046263345,351.09229305423406,351.09229305423406,0.0943504117108875,0.0943504117108875,0.06380635228421642,0.005076142131979695,26.076685389949073,1,0.0,0.0,0.0,,18.8470066518847,52.106430155210646,34.811529933481154,9.534368070953436,44.567627494456765,11.086474501108649,19.955654101995567,52.106430155210646,14.634146341463413,19.290465631929045,28.04878048780488,24.27937915742794,29.78,27.884615384615387,1,0.5,N/A,,,,0.0,18.91
US.PFE,2026-05-09,817626.0,457514.0,24547,18923,71417,35708.5,23.639,0.1467517135,146361726259.92,25.82773810011385,12.913869050056926,0.432071103714673,0.5554019356112977,0.009941112171118552,0.01759427783141144,280576.42261316197,23734.462377099997,137270.060074036,23.639,0.432071103714673,0.5554019356112977,50.190335398702345,81.35028449502134,0.3303244972577697,0.375,0.29749566489932966,0.023809523809523808,25.709346971650163,2,0.7871059683419523,3.364687055476529,0.0,,30.376940133037696,10.42128603104213,7.095343680709535,19.51219512195122,11.973392461197339,69.17960088691795,13.082039911308204,10.42128603104213,1.7738359201773837,42.793791574279375,87.13968957871397,24.27937915742794,22.76,77.88461538461539,2,1.0,ACTIVE,,2026-05-08,DEEP_ITM,30.0,52.74
US.PFGC,2026-05-09,1429630.0,979848.0,5108,2608,2980,1490.0,35.8895,0.504831335,14628206925.12,26.81167428036006,13.40583714018003,3.6744562018146736,6.376528117359413,0.07951175959491794,0.11809616531814249,845428.4948349979,87481.735187202,75730.629151872,35.8895,3.6744562018146736,6.376528117359413,282.2008116564417,391.9392,0.17605373635600333,0.2933333333333333,1.7995537411073972,0.0744047619047619,23.406217483026303,2,0.0,0.0,0.0,,35.254988913525494,49.2239467849224,29.711751662971174,41.019955654102,28.60310421286031,59.64523281596452,34.58980044345898,49.2239467849224,16.4079822616408,37.250554323725055,28.04878048780488,24.27937915742794,35.47,27.884615384615387,1,0.5,N/A,,,,0.0,19.85
US.PH,2026-05-09,452120.0,452120.0,254,254,11,11.0,33.533,-0.210338678,110808501244.87,13.021705122104398,13.021705122104398,23.09090909090909,23.09090909090909,0.46768792806137915,0.46768792806137915,95098.32309736,613595.56178788,829.57328624,33.533,23.09090909090909,23.09090909090909,1780.0,1780.0,0.0,0.0,0.14713822559826625,0.009433962264150943,25.43106933436206,1,0.0,0.0,0.0,,7.982261640798225,65.85365853658537,47.671840354767184,5.543237250554324,60.97560975609756,4.212860310421286,29.711751662971174,65.85365853658537,50.332594235033255,1.9955654101995564,28.04878048780488,24.27937915742794,36.03,27.884615384615387,1,0.5,N/A,,,,0.0,19.95
US.PLTR,2026-05-09,77236068.0,5535969.0,212802,15991,611504,7367.518072289156,48.78616867469879,0.10694631846987951,330349590430.6,1122.0088916836937,13.518179417875828,0.9328527017578239,9.666666666666666,0.05495451337825619,2.2482376114451585,35897583.752634905,11234192.474829257,1917381.841538123,48.78616867469879,0.9328527017578239,9.666666666666666,763.0448832108859,3204.9014778325122,0.33897746722286576,1.1034482758620692,1.5732774767245732,0.05766265226614409,26.523417295620114,83,0.511417398536637,0.3923825351854639,0.029029882774457137,0.0,94.01330376940133,54.767184035476724,69.17960088691795,90.46563192904657,89.3569844789357,94.01330376940133,51.44124168514412,54.767184035476724,65.85365853658537,74.94456762749445,80.93126385809313,49.44567627494457,69.57,77.88461538461539,2,1.0,ACTIVE,,2026-05-08,ATM,30.0,60.54
US.PM,2026-05-09,372130.0,372130.0,653,653,42,42.0,25.501,0.306778085,266497977077.54,12.82700122180247,12.82700122180247,15.547619047619047,15.547619047619047,0.5181728811765656,0.5181728811765656,114161.32877104999,163687.3531865,4090.4239338599996,25.501,15.547619047619047,15.547619047619047,569.8774885145482,569.8774885145482,0.033576616537367154,0.033576616537367154,0.07574180139612957,0.005076142131979695,26.30863248982384,1,0.0,0.0,0.0,,4.212860310421286,61.19733924611973,49.889135254988915,6.873614190687362,37.91574279379157,8.2039911308204,15.96452328159645,61.19733924611973,21.951219512195124,7.095343680709535,28.04878048780488,24.27937915742794,31.75,27.884615384615387,1,0.5,N/A,,,,0.0,19.23
US.PPG,2026-05-09,960375.0,660000.0,730,435,141,70.5,60.167,0.931496009,24432069000.0,26.01278693135807,13.006393465679036,8.25626381724392,12.826086956521738,0.8508805285867487,1.1914772930111899,891134.2725195,19846.342477125,13688.163636375,60.167,8.25626381724392,12.826086956521738,1267.7308591466979,1517.2413793103449,0.00853178262815971,0.012062064806184486,4.63677473479407,0.125,23.919162409624658,2,0.0,0.0,1.0,0.0,31.042128603104214,58.98004434589801,61.4190687361419,41.90687361419069,10.199556541019955,25.49889135254989,67.84922394678492,58.98004434589801,46.78492239467849,5.099778270509978,28.04878048780488,93.23725055432372,52.09,27.884615384615387,1,0.5,N/A,,,,0.0,22.62
US.PRKS,2026-05-09,603760.0,603760.0,2013,2013,981,981.0,53.464,0.500283614,1874948535.38,13.310933703244645,13.310933703244645,2.051987767584098,2.051987767584098,0.15692341120764178,0.15692341120764178,302051.23478864,31399.21923752,34559.360661039995,53.464,2.051987767584098,2.051987767584098,299.9304520615996,299.9304520615996,0.3409836065573771,0.3409836065573771,0.6999775238021474,0.024390243902439025,21.351847048728104,1,0.0,0.0,0.0,,13.747228381374724,31.70731707317073,33.92461197339246,21.729490022172946,14.19068736141907,45.01108647450111,60.310421286031044,31.70731707317073,12.195121951219512,40.35476718403548,28.04878048780488,24.27937915742794,28.23,27.884615384615387,1,0.5,N/A,,,,0.0,18.65
US.PWR,2026-05-09,518075.0,518075.0,296,296,243,243.0,42.402,-0.261896882,111794811005.0,13.157877228626283,13.157877228626283,1.2181069958847737,1.2181069958847737,0.028617394426492113,0.028617394426492113,135682.22714215,420430.7376999,1598.4276770749998,42.402,1.2181069958847737,1.2181069958847737,1750.2533783783783,1750.2533783783783,0.1857027285430609,0.1857027285430609,0.49717158384694793,0.023809523809523808,25.439930983406025,1,0.0,0.0,0.0,,9.977827050997783,25.055432372505543,11.751662971175167,8.2039911308204,53.88026607538803,4.656319290465632,43.45898004434589,25.055432372505543,50.110864745011085,29.268292682926827,28.04878048780488,24.27937915742794,23.51,77.88461538461539,2,1.0,ACTIVE,,2026-05-08,DEEP_ITM,30.0,52.86
US.PYPL,2026-05-09,387692.0,387692.0,510,510,1338,1338.0,38.184,0.764100672,40021126217.41,12.867969068298706,12.867969068298706,0.3811659192825112,0.3811659192825112,0.06386485739409532,0.06386485739409532,296235.717729024,32682.4937538,11420.419256168001,38.184,0.3811659192825112,0.3811659192825112,760.1803921568627,760.1803921568627,0.05769065534129543,0.05769065534129543,0.17605753963664358,0.007462686567164179,24.41267330709559,1,0.0,0.0,1.0,0.0,5.099778270509978,6.208425720620843,20.620842572062084,21.06430155210643,14.634146341463413,21.951219512195124,37.91574279379157,6.208425720620843,29.046563192904657,11.30820399113082,28.04878048780488,93.23725055432372,28.37,77.88461538461539,2,1.0,ACTIVE,,2026-05-08,DEEP_ITM,30.0,53.67
US.QCOM,2026-05-09,305920326.0,15478575.0,287328,32835,205384,1867.1272727272728,76.71276363636365,0.28166976103636365,230920860000.0,1568.6772594790002,14.260702358900001,7.645274324995657,202.0,10050.040440608636,1105448.0,160187444.4913494,69908601.41428298,2441239.194114205,76.71276363636365,7.645274324995657,202.0,1903.582839408189,7770.192250372578,1.219128062633108,5.692695214105792,2.684922338510826,0.054598159964367364,26.16534089137004,110,0.09377525343705957,0.10689149051741074,0.25596878123096667,1.0,96.23059866962306,82.48337028824834,94.2350332594235,96.45232815964523,96.23059866962306,95.34368070953437,85.14412416851441,82.48337028824834,88.02660753880266,95.78713968957871,61.4190687361419,62.74944567627494,84.83,77.88461538461539,2,1.0,ACTIVE,,2026-05-08,ATM,30.0,63.08
US.QQQ,2026-05-09,1465873363.0,40358934.0,2086631,40350,2404186,4300.8694096601075,22.321742397137744,0.13083582037924865,,7931.611051045543,14.188928534965193,79.77442424091058,7665.0,27664.162983173628,3415262.0,727151803.1114546,963533943.81432,18893764.62841572,22.321742397137744,79.77442424091058,7665.0,1568.7170208102987,23416.65019762846,1.325798249406016,27.428571428571427,1.1082962502648355,0.09455604787824551,0.0,559,0.6654003225116155,1.1821616737535845,0.07950600368471257,1.0,100.0,99.33481152993349,98.89135254988913,99.1130820399113,99.77827050997783,99.55654101995566,11.751662971175167,99.33481152993349,97.5609756097561,99.1130820399113,83.5920177383592,52.328159645232816,86.98,27.884615384615387,1,0.5,N/A,,,,0.0,28.44
US.RCL,2026-05-09,43869071.0,30412536.0,18269,7064,24225,4037.5,48.080999999999996,0.1863834023333333,73817985744.72,89.65835681583778,14.943059469306297,17.176693434228486,97.88888888888889,0.48838156258694143,2.5682192510778474,15272514.411838513,23260390.719400126,241992.83584495398,48.080999999999996,17.176693434228486,97.88888888888889,1705.1504698533872,4305.285390713477,0.165943628235857,0.30881898795605944,1.0243927435113516,0.03632929417299819,25.024868248152153,6,5.958326876349324,2.1400825025782058,0.0,,70.06651884700665,76.94013303769401,70.73170731707317,84.25720620842571,92.46119733924611,77.60532150776052,50.99778270509978,76.94013303769401,74.72283813747228,39.24611973392461,97.33924611973393,24.27937915742794,67.79,77.88461538461539,2,1.0,ONGOING,,2026-05-09,ATM,60.0,70.24
US.RDNT,2026-05-09,690422.0,690422.0,1010,1010,66,66.0,119.885,0.670089683,4554619457.85,13.445059732217313,13.445059732217313,15.303030303030303,15.303030303030303,1.7977211537960807,1.7977211537960807,462644.659116226,19151.025547189998,27223.644626524,119.885,15.303030303030303,15.303030303030303,683.5861386138614,683.5861386138614,0.3541345711370322,0.3541345711370322,9.952988961590618,0.14285714285714285,22.239407820556956,1,0.0,0.0,0.0,,17.516629711751662,60.75388026607539,66.51884700665188,28.824833702882486,9.75609756097561,39.689578713968956,96.45232815964523,60.75388026607539,26.607538802660752,41.019955654102,28.04878048780488,24.27937915742794,42.35,27.884615384615387,1,0.5,N/A,,,,0.0,21.0
US.RKLB,2026-05-09,187816693.0,10089782.0,268955,22130,198587,1654.8916666666667,81.73755833333333,0.43488481525833333,61040866915.3,1660.747429866559,13.83956191555466,32.07164548267877,1206.0,17632.310114710264,1012341.0,107525375.17554115,18348364.479723245,2134623.074876055,81.73755833333333,32.07164548267877,1206.0,1210.9101485874298,4340.593548387097,3.9458050490177734,15.919282511210762,2.48781871308472,0.05855384432922752,24.834809426251315,120,0.16875748213668162,0.24750688794678888,0.4581216377822178,0.0,96.89578713968959,94.67849223946784,93.79157427937915,95.34368070953437,92.01773835920177,94.67849223946784,88.02660753880266,94.67849223946784,75.3880266075388,98.4478935698448,66.07538802660754,68.95787139689578,87.68,27.884615384615387,1,0.5,N/A,,,,0.0,28.56
US.RNG,2026-05-09,460790.0,460790.0,500,500,511,511.0,37.899,0.986107135,3836231414.73,13.040699856923082,13.040699856923082,0.9784735812133072,0.9784735812133072,0.19762035568147265,0.19762035568147265,454388.30673665,2479.63171698,2841.8532065,37.899,0.9784735812133072,0.9784735812133072,921.58,921.58,0.114421397661674,0.114421397661674,1.0949295908654884,0.024390243902439025,22.067756319501996,1,0.0,0.0,1.0,0.0,8.2039911308204,20.620842572062084,36.58536585365854,28.38137472283814,3.9911308203991127,6.208425720620843,36.80709534368071,20.620842572062084,34.58980044345898,21.286031042128602,28.04878048780488,93.23725055432372,33.93,27.884615384615387,1,0.5,N/A,,,,0.0,19.6
US.ROIV,2026-05-09,7762930.0,7762930.0,7324,7324,7394,7394.0,191.027,0.830414723,20440424472.72,15.864870527031943,15.864870527031943,0.9905328644847173,0.9905328644847173,0.3676105957665728,0.3676105957665728,6446451.36561839,77296.54200555,260528.58855800002,191.027,0.9905328644847173,0.9905328644847173,1059.9303659202621,1059.9303659202621,0.03787878787878791,0.03787878787878791,14.080591354842532,0.125,23.740780368882334,1,0.0,0.0,1.0,0.0,29.046563192904657,21.507760532150776,44.567627494456765,75.16629711751663,27.27272727272727,78.49223946784922,99.1130820399113,21.507760532150776,38.58093126385809,8.425720620842572,28.04878048780488,93.23725055432372,49.18,27.884615384615387,1,0.5,N/A,,,,0.0,22.14
US.RTX,2026-05-09,4618839.0,3698909.0,10046,5035,3121,1560.5,28.0745,0.2567375255,237137484836.52,28.85560268583093,14.427801342915465,3.7495722512963896,5.164102564102564,0.07573250871867762,0.09788344274725651,1544032.903765666,1707298.900835608,54322.315573977,28.0745,3.7495722512963896,5.164102564102564,460.43245168474436,738.1578527240072,0.039889416844003614,0.05352798053527974,0.11775226299987249,0.007462686567164179,26.19190591468546,2,0.0,0.0,0.0,,43.01552106430155,44.567627494456765,27.494456762749447,53.65853658536586,72.72727272727273,53.43680709534369,19.290465631929045,44.567627494456765,28.60310421286031,10.643015521064301,28.04878048780488,24.27937915742794,37.55,27.884615384615387,1,0.5,N/A,,,,0.0,20.2
US.SANM,2026-05-09,5177542.0,1615415.0,4507,1347,3312,662.4,70.2572,0.5027282852,13310997487.25,69.0330776542248,13.80661553084496,15.580382721669974,56.0,0.902884077849411,3.74475091157193,2604429.495884124,1110088.860760823,57813.598963094,70.2572,15.580382721669974,56.0,1377.4856877769616,2012.943925233645,1.0010125044755118,1.9096774193548383,3.912461726604755,0.09547038327526132,23.311856409313958,5,0.0,0.0,0.166399422737662,0.0,64.30155210643017,74.05764966740577,75.16629711751663,63.41463414634146,68.07095343680709,54.54545454545454,79.6008869179601,74.05764966740577,52.993348115299334,86.0310421286031,28.04878048780488,57.20620842572062,65.13,27.884615384615387,1,0.5,N/A,,,,0.0,24.8
US.SATS,2026-05-09,9381827.0,4950665.0,7672,3149,7331,1466.2,64.68199999999999,0.5008487448000001,36730565471.85,70.18740257969498,14.037480515938995,229.59437420491344,1000.0,164301.34710486553,821500.0,4851563.920900662,2442433.395750103,97872.78774707,64.68199999999999,229.59437420491344,1000.0,1090.1303549541058,1572.1387742140362,0.09319057566175722,0.1699376023982988,0.6439659540348527,0.018368929627145588,24.32687509205425,5,0.0,0.0,0.0,,64.96674057649668,93.45898004434589,92.01773835920177,70.50997782705099,76.27494456762749,64.07982261640798,72.72727272727273,93.45898004434589,47.893569844789354,27.0509977827051,28.04878048780488,24.27937915742794,66.04,77.88461538461539,2,1.0,ONGOING,,2026-05-09,DEEP_OTM,60.0,69.95
US.SCHW,2026-05-09,1858748.0,1078137.0,15475,11795,1900,633.3333333333334,35.654,-0.2630467006666667,154012991467.01,39.63899970519058,13.212999901730193,14.24593790858851,37.44444444444444,0.17189388517932283,0.38626082190014027,509738.72657612,151241.81778309098,88534.83496893902,35.654,14.24593790858851,37.44444444444444,172.09067291325223,224.84559643255295,0.2708853238265003,0.6323529411764706,1.1727319365606081,0.04950615643546816,25.760302795983804,3,0.0,0.0,0.0,,47.006651884700666,70.50997782705099,45.45454545454545,31.263858093126384,37.028824833702885,62.52771618625277,33.48115299334812,70.50997782705099,7.982261640798225,60.08869179600887,28.04878048780488,24.27937915742794,43.28,77.88461538461539,2,1.0,ACTIVE,,2026-05-08,DEEP_ITM,30.0,56.16
US.SEZL,2026-05-09,1677258.0,963163.0,600,300,2102,1051.0,53.956,0.9226707395,3239627010.46,27.256751663488068,13.628375831744034,0.3827845298233218,0.5758157389635317,0.11938729363375179,0.19189136204668605,1561709.693444149,84813.351367684,8467.300814942,53.956,0.3827845298233218,0.5758157389635317,2795.4300000000003,3210.5433333333335,0.0397593970646643,0.045301376116417595,0.5707149760746674,0.014285714285714285,21.89872404020409,2,0.0,0.0,1.0,0.0,38.13747228381374,10.864745011086473,35.92017738359202,54.1019955654102,28.38137472283814,15.077605321507761,61.19733924611973,10.864745011086473,66.29711751662971,9.090909090909092,28.04878048780488,93.23725055432372,41.42,27.884615384615387,1,0.5,N/A,,,,0.0,20.85
US.SFM,2026-05-09,397067.0,397067.0,617,617,1099,1099.0,40.491,0.638444255,7789689451.83,12.89186282963655,12.89186282963655,0.5614194722474978,0.5614194722474978,0.043619274796476815,0.043619274796476815,253505.145000085,41273.388599751,13242.973422129,40.491,0.5614194722474978,0.5614194722474978,643.5445705024312,643.5445705024312,0.6348179447263612,0.6348179447263612,0.5422816575119308,0.023809523809523808,22.77606683118592,1,0.0,0.0,0.0,,5.764966740576496,10.643015521064301,15.96452328159645,16.851441241685144,17.073170731707318,24.833702882483372,40.79822616407982,10.643015521064301,24.390243902439025,60.532150776053214,28.04878048780488,24.27937915742794,19.52,27.884615384615387,1,0.5,N/A,,,,0.0,17.2
US.SHOO,2026-05-09,422217.0,422217.0,1702,1702,610,610.0,42.097,0.581965072,2967999555.96,12.953277047310394,12.953277047310394,2.7901639344262295,2.7901639344262295,0.17044053592549682,0.17044053592549682,245715.546804624,22254.565764978,29014.68046311,42.097,2.7901639344262295,2.7901639344262295,248.0710928319624,248.0710928319624,0.19310344827586204,0.19310344827586204,0.5650616555092074,0.024390243902439025,21.811154012979298,1,0.0,0.0,0.0,,6.873614190687362,35.47671840354767,35.033259423503324,15.96452328159645,11.751662971175167,41.46341463414634,42.572062084257205,35.47671840354767,9.312638580931264,31.042128603104214,28.04878048780488,24.27937915742794,26.42,27.884615384615387,1,0.5,N/A,,,,0.0,18.35
US.SHOP,2026-05-09,7203809.0,1533992.0,9391,2781,6576,730.6666666666666,61.25311111111111,-0.36310331155555553,143274045490.1,121.23275464310485,13.470306071456095,16.37016157554294,124.0,1.404243125182811,11.58998279141382,4152443.2808978828,878490.406208104,143607.675145636,61.25311111111111,16.37016157554294,124.0,1075.5871396300677,2644.3937007874015,0.14778540332606221,0.39880059970014997,2.4212255409518897,0.06721064110174894,25.68802503528629,9,6.604200577191438,1.982216576691013,0.38130397405039473,0.0,74.50110864745011,79.49002217294901,81.1529933481153,68.95787139689578,66.29711751662971,69.62305986696231,69.17960088691795,79.49002217294901,61.19733924611973,44.567627494456765,98.66962305986696,66.96230598669624,73.69,77.88461538461539,2,1.0,ACTIVE,,2026-05-08,DEEP_ITM,30.0,61.22
US.SLB,2026-05-09,305119.0,305119.0,1658,1658,6896,6896.0,33.182,0.422558525,79641721601.47,12.628460420834246,12.628460420834246,0.2404292343387471,0.2404292343387471,0.008305949814825058,0.008305949814825058,128930.63458947501,21297.313522856002,20180.674705579,33.182,0.2404292343387471,0.2404292343387471,184.02834740651386,184.02834740651386,0.1739130434782609,0.1739130434782609,0.4376217549724624,0.023809523809523808,25.10080393321752,1,0.0,0.0,0.0,,0.4434589800443459,3.1042128603104215,2.2172949002217295,7.5388026607538805,11.086474501108649,31.9290465631929,28.60310421286031,3.1042128603104215,6.430155210643015,27.716186252771617,28.04878048780488,24.27937915742794,11.86,27.884615384615387,1,0.5,N/A,,,,0.0,15.92
US.SLV,2026-05-09,76128613.0,14389711.0,224712,57448,962054,18501.03846153846,53.18088461538461,0.3404239655,,706.7355284601107,13.591067855002128,84.54865557840996,1610.0,37821.62825588358,700648.0,38501255.18763213,6825704.237218367,3155739.026990401,53.18088461538461,84.54865557840996,1610.0,537.1922943403798,2310.9924812030076,0.26128642576674665,1.0674846625766874,1.7732583462509237,0.056214543001652455,0.0,52,0.12992288302797897,0.13683251966711354,0.03825013861739475,0.0,92.23946784922394,95.34368070953437,90.68736141906874,91.57427937915743,85.36585365853658,96.23059866962306,59.64523281596452,95.34368070953437,57.42793791574279,73.8359201773836,63.8580931263858,49.667405764966745,80.03,27.884615384615387,1,0.5,N/A,,,,0.0,27.28
US.SMCI,2026-05-09,21017444.0,3548776.0,144865,31079,227260,9090.4,69.60892,0.48399869768000003,21186256068.36,335.20089705629374,13.408035882251749,2.6335827860713534,24.652631578947368,0.15578142438914327,1.6894999134944448,11742776.017958736,453604.850581158,1351025.300487089,69.60892,2.6335827860713534,24.652631578947368,336.5812722477205,822.3540983606557,0.8475832144018532,1.6336409015277569,3.3982292318109675,0.08277568861444529,23.776618509772867,25,0.03730246843356916,0.021269245953414923,0.3306720836272955,0.0,87.36141906873614,67.1840354767184,65.18847006651885,82.039911308204,55.654101995565405,92.46119733924611,78.49223946784922,67.1840354767184,31.263858093126384,82.92682926829268,57.87139689578714,65.41019955654102,68.6,77.88461538461539,2,1.0,ONGOING,,2026-05-09,ATM,60.0,70.38
US.SNDK,2026-05-09,415342756.0,33185633.0,76378,6075,39702,417.9157894736842,113.43812631578946,0.2559003431473684,231366552513.72,1400.8624715458882,14.745920753114612,18.12337997278619,551.0,255492.93794499352,21993070.0,232615905.4994526,460099718.2898419,458997.603908338,113.43812631578946,18.12337997278619,551.0,8826.210967234656,57799.97,2.0300552397230627,8.773087071240104,6.088898372362093,0.09251210239684254,26.167269097242592,95,0.2906816239144397,0.626621233095517,0.29349729648348555,1.0,95.34368070953437,89.57871396895787,100.0,97.33924611973393,99.1130820399113,85.14412416851441,96.0088691796009,89.57871396895787,99.77827050997783,97.11751662971176,73.39246119733924,64.07982261640798,89.07,77.88461538461539,2,1.0,ONGOING,,2026-05-09,ATM,60.0,73.79
US.SNPS,2026-05-09,782862.0,432862.0,402,202,6,3.0,48.900000000000006,0.036480924499999984,98937955704.96,25.743867850296198,12.871933925148099,116.83333333333333,200.0,175000.6984168474,350000.0,394744.03411754797,313495.569303074,6299.6145443959995,48.900000000000006,116.83333333333333,200.0,1946.4405940594058,2142.8811881188117,0.22689118059149488,0.45378236118298976,1.7935995868597254,0.06666666666666667,25.317758780575367,2,0.8085717850030726,0.9900990099009901,0.0,,29.933481152993345,81.92904656319291,87.8048780487805,25.72062084257206,48.78048780487805,10.864745011086473,51.66297117516629,81.92904656319291,54.988913525498894,47.22838137472284,87.36141906873614,24.27937915742794,55.13,77.88461538461539,2,1.0,ACTIVE,,2026-05-08,ATM,30.0,58.13
US.SO,2026-05-09,520517.0,520517.0,2041,2041,2310,2310.0,17.331,0.417033438,103486240796.4,13.162579748571778,13.162579748571778,0.8835497835497835,0.8835497835497835,0.02454597327146347,0.02454597327146347,217072.994047446,99969.84853788599,23816.47395214,17.331,0.8835497835497835,0.8835497835497835,255.03037726604606,255.03037726604606,0.1920860545524395,0.1920860545524395,0.10141307380525703,0.009433962264150943,25.362704501659085,1,0.0,0.0,0.0,,10.42128603104213,16.62971175166297,9.75609756097561,13.303769401330376,30.598669623059866,37.472283813747225,7.5388026607538805,16.62971175166297,9.534368070953436,30.155210643015522,28.04878048780488,24.27937915742794,17.96,27.884615384615387,1,0.5,N/A,,,,0.0,16.94
US.SPGI,2026-05-09,1641850.0,1641850.0,350,350,0,0.0,30.099,0.843844903,124355520000.0,14.31133482188077,14.31133482188077,350.0,350.0,1641850.0,1641850.0,1385466.75399055,604406.22334645,8493.34094735,30.099,350.0,350.0,4691.0,4691.0,0.0,0.0,0.3919897429873007,0.02,25.546410397050952,1,0.0,0.0,1.0,1.0,25.72062084257206,85.14412416851441,95.56541019955654,51.44124168514412,60.08869179600887,15.299334811529933,22.838137472283815,85.14412416851441,78.27050997782705,1.9955654101995564,28.04878048780488,93.23725055432372,65.28,27.884615384615387,1,0.5,N/A,,,,0.0,24.82
US.STX,2026-05-09,2740217.0,635435.0,1744,525,1010,168.33333333333334,77.9035,0.0936658475,175490578298.88,77.99602147527477,12.999336912545795,8.244387085293685,29.166666666666668,0.13360482118409425,0.3441045691505673,830245.152960788,1050106.278249892,10453.003117517,77.9035,8.244387085293685,29.166666666666668,1769.0612485986721,2941.828703703704,0.4079694797881896,0.7001785455291099,5.134117566829477,0.11174242424242424,25.890851193510276,6,0.7165654871120571,1.4255910987482614,0.0,,66.29711751662971,68.51441241685144,43.23725055432372,40.35476718403548,67.40576496674058,19.51219512195122,86.25277161862527,68.51441241685144,63.8580931263858,62.97117516629712,84.70066518847007,24.27937915742794,54.25,77.88461538461539,2,1.0,ACTIVE,,2026-05-08,ATM,30.0,57.98
US.SYK,2026-05-09,3791077.0,2462800.0,404,204,301,150.5,17.9555,-0.487575123,109330514703.91,28.816203802520924,14.408101901260462,1.3421633554083885,1.3509933774834437,0.441643659412683,0.5751450823787672,1295269.643306142,64851.118826729995,6029.538108936,17.9555,1.3421633554083885,1.3509933774834437,9412.58088235294,12314.0,0.046620046620046644,0.09324009324009329,0.14498352125175812,0.023809523809523808,25.417641376192112,2,0.0,0.0,1.0,0.0,42.793791574279375,26.38580931263858,52.77161862527716,49.667405764966745,24.833702882483372,10.199556541019955,7.982261640798225,26.38580931263858,93.79157427937915,18.8470066518847,28.04878048780488,93.23725055432372,46.19,77.88461538461539,2,1.0,ACTIVE,,2026-05-08,DEEP_ITM,30.0,56.64
US.SYNA,2026-05-09,578605.0,578605.0,444,444,456,456.0,62.504,0.985946977,4846324829.55,13.268377041328684,13.268377041328684,0.9736842105263158,0.9736842105263158,0.10116165303636193,0.10116165303636193,570473.850627085,3444.093609445,1994.18990554,62.504,0.9736842105263158,0.9736842105263158,1303.1644144144145,1303.1644144144145,2.1759991350065553,2.1759991350065553,5.912974730063072,0.14285714285714285,22.301486487748438,1,0.0,0.0,1.0,0.0,12.416851441241686,20.17738359201774,28.159645232815965,33.25942350332594,4.434589800443459,5.099778270509978,70.95343680709534,20.17738359201774,43.01552106430155,86.91796008869179,28.04878048780488,93.23725055432372,37.5,27.884615384615387,1,0.5,N/A,,,,0.0,20.19
US.T,2026-05-09,544977.0,544977.0,14255,14255,5228,5228.0,21.819,0.268210704,174820205088.6,13.208500705858135,13.208500705858135,2.7266641162968632,2.7266641162968632,0.04143162413955429,0.04143162413955429,146168.664833808,19767.200832648003,74750.190861654,21.819,2.7266641162968632,2.7266641162968632,38.23058575938267,38.23058575938267,0.2626050420168068,0.2626050420168068,0.17388055191573443,0.014084507042253521,25.887023883245302,1,0.0,0.0,0.0,,11.086474501108649,34.811529933481154,14.855875831485587,8.869179600886918,9.977827050997783,59.42350332594235,10.643015521064301,34.811529933481154,0.6651884700665188,36.14190687361419,28.04878048780488,24.27937915742794,21.83,27.884615384615387,1,0.5,N/A,,,,0.0,17.58
US.TDG,2026-05-09,427700.0,427700.0,1053,1053,1011,1011.0,32.23,0.094823887,67963778031.64,12.966179632299712,12.966179632299712,1.0415430267062316,1.0415430267062316,0.00348163486046288,0.00348163486046288,40556.1764699,120634.5030709,1339.8831628,32.23,1.0415430267062316,1.0415430267062316,406.17283950617286,406.17283950617286,0.16104615582826032,0.16104615582826032,2.2904134316938305,0.125,24.94224072420967,1,0.0,0.0,0.0,,7.095343680709535,23.28159645232816,0.22172949002217296,3.9911308203991127,33.92461197339246,4.434589800443459,26.607538802660752,23.28159645232816,17.073170731707318,26.38580931263858,28.04878048780488,24.27937915742794,16.65,77.88461538461539,2,1.0,ACTIVE,,2026-05-08,ATM,30.0,51.72
US.TER,2026-05-09,3242446.0,1088977.0,2357,584,549,109.8,69.4196,0.1193328194,56319173622.74,66.52483984468856,13.304967968937712,139.9479465254802,400.0,130400.95812607037,652000.0,1017743.2692543201,1350610.2419556861,20078.423709657,69.4196,139.9479465254802,400.0,1560.9210122749155,3289.960725075529,0.31275682278443107,0.5943077665219487,3.1484500080488553,0.07837932976626302,24.754300875814614,5,1.159515780878593,0.44956949569495697,0.0,,63.41463414634146,86.25277161862527,89.80044345898004,44.567627494456765,70.06651884700665,31.70731707317073,78.04878048780488,86.25277161862527,66.96230598669624,57.87139689578714,90.9090909090909,24.27937915742794,65.89,77.88461538461539,2,1.0,ONGOING,,2026-05-09,DEEP_OTM,60.0,69.92
US.TEX,2026-05-09,415000.0,415000.0,500,500,1080,1080.0,43.896,0.507258462,7263120000.0,12.936036208848487,12.936036208848487,0.46296296296296297,0.46296296296296297,0.060418122525040766,0.060418122525040766,210512.26173,45909.585405,13596.806434999999,43.896,0.46296296296296297,0.46296296296296297,830.0,830.0,0.0,0.0,0.3425111443783033,0.014285714285714285,22.706075325669943,1,0.0,0.0,0.0,,6.430155210643015,9.090909090909092,19.733924611973393,12.638580931263856,19.06873614190687,25.277161862527713,44.789356984478935,9.090909090909092,31.70731707317073,1.9955654101995564,28.04878048780488,24.27937915742794,18.45,27.884615384615387,1,0.5,N/A,,,,0.0,17.02
US.TMO,2026-05-09,646420.0,646420.0,2001,2001,1,1.0,34.088,-0.147078356,172803981225.0,13.379206273285075,13.379206273285075,2001.0,2001.0,13.901505376344087,13.901505376344087,95074.39088552,213738.98437934002,3037.4293241600003,34.088,2001.0,2001.0,323.0484757621189,323.0484757621189,0.3714296326560933,0.3714296326560933,0.46923110407206703,0.027777777777777776,25.875423732553276,1,0.0,0.0,0.0,,15.299334811529933,96.23059866962306,81.81818181818183,5.321507760532151,42.793791574279375,6.430155210643015,30.820399113082043,96.23059866962306,13.747228381374724,42.350332594235034,28.04878048780488,24.27937915742794,46.3,77.88461538461539,2,1.0,ACTIVE,,2026-05-08,DEEP_ITM,30.0,56.66
US.TMUS,2026-05-09,2324711.0,1311977.0,8008,5091,3131,1565.5,26.2295,0.2972542455,209547299352.71,27.91521162985041,13.957605814925206,2.9404706320353906,4.403979238754325,0.039775851519577986,0.04524440810042054,718233.960191607,513017.425272907,46767.441913488,26.2295,2.9404706320353906,4.403979238754325,324.3478120557583,449.7692835104559,0.3547658887211865,0.6216216216216217,0.3461048045297137,0.023809523809523808,26.06821532339722,2,0.0,0.0,0.0,,41.24168514412417,42.572062084257205,17.29490022172949,38.13747228381374,56.98447893569845,49.889135254988915,17.738359201773836,42.572062084257205,18.181818181818183,59.20177383592018,28.04878048780488,24.27937915742794,33.67,27.884615384615387,1,0.5,N/A,,,,0.0,19.55
US.TPR,2026-05-09,1436999.0,780580.0,1512,784,43,21.5,41.348,0.896549346,26968928424.72,26.962349900141312,13.481174950070656,400.4651162790698,784.0,390290.5718294179,780580.0,1289771.665352034,47028.669173195005,33736.793432755,41.348,400.4651162790698,784.0,948.6561028257456,995.6377551020408,0.18217133144985803,0.19265502709211335,3.2681563491927594,0.125,24.017951241225653,2,0.0,0.0,0.543201491441539,1.0,36.14190687361419,91.7960088691796,91.7960088691796,49.44567627494457,19.955654101995567,44.345898004434595,41.90687361419069,91.7960088691796,36.58536585365854,30.598669623059866,28.04878048780488,72.9490022172949,62.07,27.884615384615387,1,0.5,N/A,,,,0.0,24.29
US.TSLA,2026-05-09,1641044973.0,48608589.0,1499500,72671,1275429,2945.5635103926097,43.68286836027714,0.2150973104457275,1608764320142.85,6259.004009995675,14.454974618927656,47.27965135471833,4738.0,24381.498689338518,4875896.0,941558463.4084674,547205621.792395,18698863.72218519,43.68286836027714,47.27965135471833,4738.0,2170.678442257722,27799.781326781325,0.5895774876643173,3.235294117647059,1.8950590993216747,0.07525912392312557,28.106487497227448,433,0.2839850108552324,0.3779319534103701,0.09820616658992684,1.0,99.77827050997783,98.22616407982262,99.55654101995566,99.33481152993349,99.33481152993349,99.33481152993349,44.567627494456765,98.22616407982262,98.4478935698448,91.7960088691796,73.17073170731707,53.65853658536586,87.8,77.88461538461539,2,1.0,ACTIVE,,2026-05-08,ATM,30.0,63.58
US.TTD,2026-05-09,4514152.0,1305017.0,26950,7167,32119,4588.428571428572,67.81957142857142,0.05128983914285716,10850100971.88,92.66978994556248,13.238541420794641,4.201445499708202,24.377551020408163,0.1645720515353299,0.6734988622832149,2545205.070493933,111908.252357645,395802.442576578,67.81957142857142,4.201445499708202,24.377551020408163,203.82100264760493,370.1125921724333,0.3096341478773447,0.5508474576271186,1.6292680577219147,0.04171155771953451,23.107440223145797,7,1.4718365773498905,0.6175499669887762,0.6225683140487959,0.0,70.50997782705099,66.74057649667405,55.210643015521065,62.74944567627494,32.37250554323725,82.48337028824834,76.49667405764967,66.74057649667405,15.299334811529933,54.988913525498894,91.7960088691796,76.05321507760532,63.6,77.88461538461539,2,1.0,ACTIVE,,2026-05-08,ATM,30.0,59.54
US.TTWO,2026-05-09,1171463.0,1171463.0,551,551,135,135.0,49.225,0.931326913,40821929275.2,13.973764806624269,13.973764806624269,4.0814814814814815,4.0814814814814815,0.39362684072142,0.39362684072142,1091015.019483719,46859.519257939006,10412.347383863998,49.225,4.0814814814814815,4.0814814814814815,2126.0671506352087,2126.0671506352087,0.06609330722647688,0.06609330722647688,3.8905934830939732,0.125,24.432485256224478,1,0.0,0.0,1.0,0.0,23.725055432372503,41.68514412416852,45.67627494456763,45.8980044345898,19.733924611973393,19.290465631929045,52.106430155210646,41.68514412416852,54.54545454545454,12.86031042128603,28.04878048780488,93.23725055432372,45.99,27.884615384615387,1,0.5,N/A,,,,0.0,21.61
US.TWLO,2026-05-09,723553.0,723553.0,285,285,0,0.0,56.506,-0.377877784,30612787562.0,13.491930459448833,13.491930459448833,285.0,285.0,723553.0,723553.0,273414.604246552,367244.697531025,3684.878158515,56.506,285.0,285.0,2538.782456140351,2538.782456140351,0.011505052635615699,0.011505052635615699,0.16013889856896488,0.006211180124223602,24.144683652826963,1,0.0,0.0,0.0,,18.403547671840354,84.25720620842571,90.9090909090909,19.06873614190687,52.54988913525499,7.5388026607538805,64.52328159645234,84.25720620842571,60.08869179600887,4.878048780487805,28.04878048780488,24.27937915742794,50.59,27.884615384615387,1,0.5,N/A,,,,0.0,22.37
US.TXN,2026-05-09,2510196.0,1268907.0,2869,1160,4572,1143.0,37.15775,0.55160053325,261924705249.8,52.83479709537344,13.20869927384336,0.7319488434452209,1.5508021390374331,0.020791960523067806,0.04251676838155716,1669966.494298253,360133.006706654,43932.57554476,37.15775,0.7319488434452209,1.5508021390374331,1079.5386697004778,1812.7242857142858,0.3291113291921736,0.5840909090909091,2.285231993931887,0.09970238095238096,26.291322914865727,4,0.0,0.0,0.0,,56.54101995565411,28.824833702882486,15.521064301552107,56.09756097560976,52.328159645232816,48.33702882483371,35.92017738359202,28.824833702882486,50.77605321507761,56.76274944567628,28.04878048780488,24.27937915742794,35.92,77.88461538461539,2,1.0,ONGOING,,2026-05-09,ATM,60.0,64.93
US.UAL,2026-05-09,791501.0,428601.0,3091,2660,4898,2449.0,51.7515,0.39488341150000006,32320653514.24,25.770169377143716,12.885084688571858,1.8755320720678688,3.1925925925925926,0.16323627727368706,0.31882127156278595,322758.11150028906,89294.29148810501,23536.522662507003,51.7515,1.8755320720678688,3.1925925925925926,565.4312230692741,994.4338747099767,0.3756418240968197,0.6393576685748272,2.124557874767359,0.06954225352112677,24.198972290544635,2,0.0,0.0,0.0,,30.155210643015522,38.35920177383592,41.68514412416852,23.059866962305986,29.268292682926827,37.028824833702885,57.20620842572062,38.35920177383592,36.14190687361419,60.75388026607539,28.04878048780488,24.27937915742794,34.83,77.88461538461539,2,1.0,ACTIVE,,2026-05-08,ATM,30.0,54.75
US.UBER,2026-05-09,3909431.0,2435612.0,18282,12480,17128,4282.0,38.16525,0.09891765500000001,153585945530.85,53.88793982647105,13.471984956617762,1.4156492283907638,3.5950248756218905,0.061537547784163676,0.14777998674618953,1893001.378585059,270203.165157086,193183.899049435,38.16525,1.4156492283907638,3.5950248756218905,682.050625857867,2230.0,0.2712071463755,0.48578319801610215,1.6233803147073609,0.0744047619047619,25.757526153029875,4,0.21481412658465426,0.01724905408413087,0.1768288019407428,0.0,57.64966740576497,39.91130820399113,33.03769401330377,58.31485587583148,46.11973392461197,74.50110864745011,37.6940133037694,39.91130820399113,56.31929046563193,50.110864745011085,69.84478935698448,58.31485587583148,49.95,77.88461538461539,2,1.0,ACTIVE,,2026-05-08,ATM,30.0,57.27
US.UNH,2026-05-09,26204524.0,2818680.0,38945,5435,121156,4177.793103448276,24.28148275862069,0.355092259137931,345076710631.92,391.76728792462694,13.509216824987137,33.50427498674009,627.0,18369.27482348404,532705.0,10841338.6016196,9129093.011189817,317409.86276133,24.28148275862069,33.50427498674009,627.0,1226.7620528220377,3593.8325991189427,0.6761804088693568,2.1588785046728973,0.7639189630601022,0.05942740804623001,26.567032578922387,29,0.09611434732033552,0.06462371176293705,0.18511841695731623,0.0,87.8048780487805,90.68736141906874,88.91352549889136,80.48780487804879,88.02660753880266,80.26607538802661,13.747228381374724,90.68736141906874,69.62305986696231,86.69623059866962,62.08425720620843,58.536585365853654,76.91,77.88461538461539,2,1.0,ONGOING,,2026-05-09,ATM,60.0,71.76
US.UPS,2026-05-09,945432.0,493207.0,1152,841,1188,594.0,35.3245,-0.4530381595,85663632797.62,26.130623604596956,13.065311802298478,1.0354923507864684,1.601904761904762,0.08044904218117857,0.0932170971186649,409750.363359775,10444.6410581,7986.344149199999,35.3245,1.0354923507864684,1.601904761904762,1020.2763552806146,1454.0996784565916,0.11247168220226925,0.20418953164026182,2.303826647735922,0.125,25.173694217744302,2,0.91690709985868,0.3697978596908442,0.4783263100889329,0.0,31.70731707317073,29.046563192904657,26.607538802660752,26.607538802660752,7.095343680709535,14.19068736141907,33.25942350332594,29.046563192904657,45.8980044345898,31.9290465631929,88.69179600886919,70.95343680709534,37.87,77.88461538461539,2,1.0,ACTIVE,,2026-05-08,DEEP_ITM,30.0,55.25
US.UPWK,2026-05-09,1839718.0,1839718.0,4089,4089,4962,4962.0,223.14,-0.850755117,1089429968.34,14.425123400531376,14.425123400531376,0.8240628778718259,0.8240628778718259,0.4203643838295764,0.4203643838295764,1565149.502337006,4962.5620368439995,165708.108098362,223.14,0.8240628778718259,0.8240628778718259,449.91880655416975,449.91880655416975,0.5249573472155389,0.5249573472155389,16.931656396503673,0.14285714285714285,20.808920432485888,1,0.0,0.0,1.0,0.0,26.82926829268293,15.299334811529933,46.56319290465632,54.54545454545454,5.764966740576496,71.61862527716187,99.55654101995566,15.299334811529933,18.403547671840354,53.215077605321504,28.04878048780488,93.23725055432372,44.63,27.884615384615387,1,0.5,N/A,,,,0.0,21.38
US.USO,2026-05-09,30308561.0,2978443.0,51961,5403,125263,3385.4864864864867,70.92254054054054,0.19266767686486488,,495.5420337646652,13.393027939585545,29.230447941554523,401.0,34492.277915031766,911445.0,13894159.454621583,4412716.918930973,481857.040167668,70.92254054054054,29.230447941554523,401.0,1055.4460938321336,3759.7531914893616,0.17481611443418257,0.4287299505699587,3.702056865717746,0.0819255078725333,0.0,37,0.46962298768221933,0.417182599209055,0.19015775773716212,1.0,89.80044345898004,86.47450110864744,92.90465631929047,83.14855875831486,80.93126385809313,85.36585365853658,80.70953436807096,86.47450110864744,71.3968957871397,45.67627494456763,80.26607538802661,58.758314855875824,80.09,27.884615384615387,1,0.5,N/A,,,,0.0,27.29
US.V,2026-05-09,1548705.0,1548705.0,1050,1050,1737,1737.0,24.335,-0.411631775,603937440012.03,14.252930301513846,14.252930301513846,0.6044905008635578,0.6044905008635578,0.027968179115969653,0.027968179115969653,637496.188101375,1151889.0184746902,13255.014538965,24.335,0.6044905008635578,0.6044905008635578,1474.9571428571428,1474.9571428571428,0.10669018592543067,0.10669018592543067,0.07632308135166646,0.007462686567164179,27.12673645337948,1,0.0,0.0,0.0,,25.49889135254989,11.529933481152993,11.30820399113082,35.69844789356985,68.95787139689578,25.055432372505543,13.968957871396896,11.529933481152993,46.11973392461197,20.39911308203991,28.04878048780488,24.27937915742794,24.44,77.88461538461539,2,1.0,ONGOING,,2026-05-09,ATM,60.0,63.02
US.VIAV,2026-05-09,3107932.0,2284477.0,12956,11695,19709,9854.5,90.42500000000001,0.44979677249999994,11978422022.7,28.262913506515808,14.131456753257904,0.5636071259525948,0.9595503774204135,0.028990823290610916,0.03660155769594712,1185293.8244713289,108195.996087306,148081.819709323,90.42500000000001,0.5636071259525948,0.9595503774204135,424.1776843300122,653.0174464710548,0.48715410304976353,0.7450980392156864,4.396841276631381,0.08362369337979093,23.20637270340394,2,0.0,0.0,0.0,,41.90687361419069,18.8470066518847,13.968957871396896,47.893569844789354,31.9290465631929,70.28824833702882,92.90465631929047,18.8470066518847,24.833702882483372,64.52328159645234,28.04878048780488,24.27937915742794,32.77,27.884615384615387,1,0.5,N/A,,,,0.0,19.4
US.VITL,2026-05-09,2591350.0,2591350.0,4460,4460,30464,30464.0,252.293,-0.918404997,383065178.76,14.767689919300075,14.767689919300075,0.14640231092436976,0.14640231092436976,0.09514843059707104,0.09514843059707104,2379908.78897595,4598.6770851,133342.37914605002,252.293,0.14640231092436976,0.14640231092436976,581.0201793721973,581.0201793721973,0.09306569343065706,0.09306569343065706,18.065998131437272,0.14285714285714285,19.763715714806576,1,0.0,0.0,1.0,0.0,27.93791574279379,1.1086474501108647,27.27272727272727,62.08425720620843,5.321507760532151,68.73614190687361,100.0,1.1086474501108647,22.394678492239468,18.625277161862527,28.04878048780488,93.23725055432372,38.57,27.884615384615387,1,0.5,N/A,,,,0.0,20.37
US.VRT,2026-05-09,4944246.0,1455980.0,3070,723,10957,1369.625,65.601,0.09354079474999999,130585474175.52,105.68618361228415,13.21077295153552,3.021162010923607,10.632352941176471,0.14009341250074386,0.38376859044123796,2264354.09630561,1646909.336731648,29381.758544184002,65.601,3.021162010923607,10.632352941176471,1743.1373888445123,3294.072398190045,0.14743961894657276,0.4382331978502495,1.795677298573394,0.04767415265990594,25.595293823839675,8,0.8893631168354742,1.2038765254845656,0.2944796840610277,0.0,72.28381374722838,56.76274944567628,44.789356984478935,61.19733924611973,71.84035476718404,42.350332594235034,74.72283813747228,56.76274944567628,67.1840354767184,46.11973392461197,88.470066518847,64.30155210643017,61.19,77.88461538461539,2,1.0,ONGOING,,2026-05-09,DEEP_OTM,60.0,69.14
US.VSH,2026-05-09,1012845.0,1012845.0,5994,5994,40,40.0,83.228,0.290708131,4662965351.1,13.828274747982043,13.828274747982043,149.85,149.85,7.390871278458844,7.390871278458844,294442.27694269497,51823.01052117,27931.351144934997,83.228,149.85,149.85,168.97647647647648,168.97647647647648,0.5276595744680852,0.5276595744680852,0.6170177860650866,0.014285714285714285,22.26291742435683,1,0.0,0.0,0.0,,22.838137472283815,81.1529933481153,78.93569844789357,20.620842572062084,21.507760532150776,40.133037694013304,88.91352549889136,81.1529933481153,5.764966740576496,53.43680709534369,28.04878048780488,24.27937915742794,47.74,27.884615384615387,1,0.5,N/A,,,,0.0,21.9
US.VST,2026-05-09,18421637.0,2593736.0,58630,10503,39132,2301.8823529411766,51.51105882352941,-0.03852469988235294,49781640000.0,233.0936294915358,13.711389970090341,7.145079425850101,54.42424242424242,0.15272082701075537,0.6790978830606166,5218486.932226494,3744883.594127318,170999.944494771,51.51105882352941,7.145079425850101,54.42424242424242,643.0781364527636,1740.3780241935483,0.2792432957481272,0.5783582089552238,0.4138647624784887,0.01580118643179167,24.630912078321085,17,0.5270437212124578,0.2404790115098172,0.0,,83.14855875831486,73.61419068736141,55.432372505543235,71.61862527716187,79.37915742793791,72.50554323725056,56.54101995565411,73.61419068736141,49.667405764966745,56.09756097560976,81.1529933481153,24.27937915742794,62.08,77.88461538461539,2,1.0,ONGOING,,2026-05-09,DEEP_OTM,60.0,69.29
US.VTRS,2026-05-09,417709.0,417709.0,2032,2032,2388,2388.0,0.0,0.0,19995369069.18,12.942542690825938,12.942542690825938,0.8509212730318257,0.8509212730318257,0.10187537376262011,0.10187537376262011,0.0,0.0,0.0,0.0,0.8509212730318257,0.8509212730318257,205.5654527559055,205.5654527559055,0.18944854001070802,0.18944854001070802,0.0,0.125,23.718766537198373,1,0.0,0.0,1.0,0.0,6.651884700665188,15.96452328159645,28.38137472283814,1.9955654101995564,1.9955654101995564,1.9955654101995564,1.9955654101995564,15.96452328159645,7.317073170731707,29.933481152993345,28.04878048780488,93.23725055432372,25.81,77.88461538461539,2,1.0,ACTIVE,,2026-05-08,DEEP_ITM,30.0,53.24
US.VZ,2026-05-09,1826505.0,788995.0,7483,2965,17358,5786.0,21.871333333333336,0.240299191,197169891730.2,39.70497606919019,13.234992023063397,0.44700897851908855,0.4913657770800628,0.022076679217076244,0.025319810047207302,949837.8237449909,194088.027076959,123866.473657817,21.871333333333336,0.44700897851908855,0.4913657770800628,236.04634489587048,266.10286677908937,0.07744392353982381,0.08527462304740485,0.11787561746250741,0.009669960058860626,26.007331588610473,3,0.6742012390796822,0.6518763796909492,0.0,,47.671840354767184,9.312638580931264,10.643015521064301,43.23725055432372,40.79822616407982,67.62749445676275,10.864745011086473,9.312638580931264,10.42128603104213,16.62971175166297,83.81374722838137,24.27937915742794,27.86,27.884615384615387,1,0.5,N/A,,,,0.0,18.59
US.WBD,2026-05-09,1909610.0,1125500.0,36311,25014,142988,47662.666666666664,27.261666666666667,0.18127812533333332,67968475991.22,39.65666158403186,13.218887194677286,0.6316953620624597,1.4988019169329074,0.01389952795945787,0.034262332610132895,384837.440817517,67938.693229599,182013.638984314,27.261666666666667,0.6316953620624597,1.4988019169329074,63.69961928444993,84.13109997362173,0.23212360693427012,0.45896328293736494,0.16495948167341526,0.013568724213612977,24.942309846282512,3,1.4353853413424138,2.2142161635832522,0.0,,47.22838137472284,28.38137472283814,13.52549889135255,25.277161862527713,25.942350332594234,73.61419068736141,18.403547671840354,28.38137472283814,2.2172949002217295,47.893569844789354,91.57427937915743,24.27937915742794,31.32,77.88461538461539,2,1.0,ONGOING,,2026-05-09,ATM,60.0,64.16
US.WDAY,2026-05-09,488927.0,488927.0,1066,1066,435,435.0,63.707,-0.379319848,31917303984.33,13.09997051835244,13.09997051835244,2.4505747126436783,2.4505747126436783,0.08792694320132431,0.08792694320132431,185459.715323096,32617.154768389,16667.015879481998,63.707,2.4505747126436783,2.4505747126436783,458.65572232645405,458.65572232645405,0.9523809523809521,0.9523809523809521,4.737263326210496,0.125,24.18641414434847,1,0.0,0.0,0.0,,8.647450110864744,33.03769401330377,25.72062084257206,11.086474501108649,14.412416851441243,27.716186252771617,71.84035476718404,33.03769401330377,18.625277161862527,70.95343680709534,28.04878048780488,24.27937915742794,26.89,77.88461538461539,2,1.0,ACTIVE,,2026-05-08,DEEP_ITM,30.0,53.42
US.WDC,2026-05-09,22613424.0,10560344.0,13547,4879,5698,407.0,81.36507142857144,0.16435608964285714,165447422880.0,191.8406232484185,13.702901660601322,4.10707038710268,21.493392070484582,0.1529736233837667,1.0340447154471544,12874126.234912876,10235027.18100229,78578.795181016,81.36507142857144,4.10707038710268,21.493392070484582,2529.9362527484436,9479.662477558348,0.35536339173621384,1.291759465478842,3.8779250296171606,0.08201109480427178,25.831919294770838,14,0.22150664858685626,0.31473214285714285,0.4669944719561266,0.0,80.48780487804879,64.96674057649668,59.86696230598669,82.70509977827051,88.91352549889136,60.08869179600887,87.13968957871397,64.96674057649668,90.68736141906874,78.49223946784922,70.28824833702882,69.84478935698448,72.49,77.88461538461539,2,1.0,ONGOING,,2026-05-09,ATM,60.0,71.02
US.WFC,2026-05-09,18074728.0,4306884.0,81241,27981,64237,5353.083333333333,30.700833333333332,0.013401343083333331,231472733326.16,166.89129607158685,13.907608005965571,2.7425388160120296,11.197530864197532,0.19720315564089488,1.757383904263862,10058462.871561455,2041796.24002978,612946.17020214,30.700833333333332,2.7425388160120296,11.197530864197532,389.31285477759985,1187.6061776061777,0.5681597700600033,2.8000000000000003,0.4201000955064674,0.024841521938222973,26.167727920931725,12,0.6955543443898586,4.096675031367629,0.4765296606399831,0.0,78.7139689578714,57.42793791574279,66.07538802660754,79.82261640798227,74.50110864745011,87.13968957871397,23.725055432372503,57.42793791574279,40.57649667405765,90.02217294900223,84.4789356984479,70.73170731707317,67.11,77.88461538461539,2,1.0,ACTIVE,,2026-05-08,DEEP_ITM,30.0,60.13
US.WHR,2026-05-09,3320099.0,1385195.0,17432,11668,13014,3253.5,56.66275,-0.032373515500000005,2914447520.16,54.19935762524302,13.549839406310754,4.782321538059335,10.083743842364532,0.3445552560253604,0.8582560524516593,1948955.056697532,119174.55851630801,118649.72463889999,56.66275,4.782321538059335,10.083743842364532,344.3263196484578,635.1192113709308,0.4415146186947939,0.7881206873224192,1.2581788265317269,0.04978910691362552,21.792946109166646,4,1.6674360758364815,3.865196762489534,0.41721496858979207,0.0,58.09312638580931,55.432372505543235,58.31485587583148,58.98004434589801,33.48115299334812,67.1840354767184,64.96674057649668,55.432372505543235,23.725055432372503,65.18847006651885,92.90465631929047,68.07095343680709,58.68,27.884615384615387,1,0.5,N/A,,,,0.0,23.72
US.WMS,2026-05-09,1074615.0,773965.0,1719,860,48,24.0,50.676500000000004,0.12812873349999998,11154647772.0,26.172988626547347,13.086494313273674,71.84494773519164,122.71428571428571,2.158770779397738,2.999301675977654,472376.48632192996,193039.66103921502,17199.282090065,50.676500000000004,71.84494773519164,122.71428571428571,624.9796511627907,899.9593023255813,0.018716577540106933,0.037433155080213866,0.6354275106411165,0.024390243902439025,23.13512208862642,2,0.3884542582674927,0.9988372093023256,0.0,,31.9290465631929,79.15742793791574,71.3968957871397,29.711751662971174,40.35476718403548,28.60310421286031,54.767184035476724,79.15742793791574,34.146341463414636,8.2039911308204,77.60532150776052,24.27937915742794,50.1,27.884615384615387,1,0.5,N/A,,,,0.0,22.29
US.WMT,2026-05-09,2812518.0,623990.0,15374,7747,45423,6489.0,30.802857142857142,0.5686354627142857,1039656292871.45,90.07998896368431,12.868569851954902,0.48184605186138185,1.071481757259866,0.020963334841746808,0.09380585784877471,1634741.74836434,205610.085925068,129554.99941267501,30.802857142857142,0.48184605186138185,1.071481757259866,554.9579716519256,1223.5098039215686,0.28464737529721157,0.857142857142857,2.001976620302201,0.09608843537414967,27.669911286836115,7,0.0,0.0,0.33081103836491,0.0,70.28824833702882,23.725055432372503,26.82926829268293,55.654101995565405,42.12860310421286,68.29268292682927,23.946784922394677,23.725055432372503,41.019955654102,68.07095343680709,28.04878048780488,65.6319290465632,43.5,77.88461538461539,2,1.0,ACTIVE,,2026-05-08,DEEP_ITM,30.0,56.19
US.WSC,2026-05-09,1157843.0,661078.0,3934,2416,4984,2492.0,68.519,0.453764595,5085950479.9,26.517502996833592,13.258751498416796,0.8194934422823003,0.910617876424715,0.0972118909022245,0.14112721939597844,599947.58186682,4051.6670715620003,21606.52460945,68.519,0.8194934422823003,0.910617876424715,320.5537029705346,435.4927536231884,2.8290875828950375,3.4,5.445226361949714,0.14285714285714285,22.34974776754424,2,0.0,0.0,1.0,0.0,33.48115299334812,17.29490022172949,32.15077605321508,34.368070953436806,4.878048780487805,34.58980044345898,77.16186252771618,17.29490022172949,17.738359201773836,92.01773835920177,28.04878048780488,93.23725055432372,39.87,27.884615384615387,1,0.5,N/A,,,,0.0,20.59
US.WYNN,2026-05-09,46957065.0,28622792.0,31691,16692,14591,4863.666666666667,38.523,0.7755133316666667,10629836784.18,46.56761327916901,15.522537759723003,62.26195084697781,160.5,9.501366870631982,26.871622129091374,37645414.34366891,6842562.984797438,650235.3753753,38.523,62.26195084697781,160.5,1190.5102432441874,1714.7610831536065,0.0961401204407923,0.13869360192066726,0.49389013299155876,0.021918322999125883,23.086930675013058,3,0.0,0.0,0.993079358771678,1.0,54.767184035476724,81.37472283813747,83.5920177383592,91.35254988913526,85.58758314855875,88.02660753880266,38.80266075388026,81.37472283813747,49.2239467849224,24.390243902439025,28.04878048780488,85.80931263858092,72.53,27.884615384615387,1,0.5,N/A,,,,0.0,26.03
US.XOM,2026-05-09,3461112.0,781613.0,5037,2276,35678,5946.333333333333,15.855833333333331,0.26275678333333335,599235011210.34,79.39425338971184,13.232375564951973,0.22301046689438367,0.4173849257289565,0.017953687888179894,0.05780373047440904,1399793.667287791,456063.522035935,44638.377465988,15.855833333333331,0.22301046689438367,0.4173849257289565,1220.2322131981061,2103.8838028169016,0.11746849927169484,0.2358974358974359,0.42302987341134163,0.03632929417299819,27.118919697367925,6,0.291701172495306,0.8243390076059399,0.45893516303430804,0.0,67.1840354767184,7.5388026607538805,18.625277161862527,51.66297117516629,55.87583148558758,48.78048780487805,6.430155210643015,7.5388026607538805,54.32372505543237,34.146341463414636,73.61419068736141,69.17960088691795,40.31,77.88461538461539,2,1.0,ONGOING,,2026-05-09,ATM,60.0,65.66
US.XPEV,2026-05-09,307457.0,307457.0,1704,1704,16841,16841.0,61.345,0.496970329,14934739666.0,12.636093771534226,12.636093771534226,0.10118164004512796,0.10118164004512796,0.011687872890538083,0.011687872890538083,152797.006443353,11564.504046171,21205.580774530998,61.345,0.10118164004512796,0.10118164004512796,180.43251173708921,180.43251173708921,0.061111111111111165,0.061111111111111165,0.24679024655120943,0.007462686567164179,23.4269558573946,1,0.0,0.0,0.0,,0.8869179600886918,0.22172949002217296,3.7694013303769403,9.75609756097561,7.760532150776053,34.146341463414636,69.40133037694012,0.22172949002217296,6.208425720620843,12.195121951219512,28.04878048780488,24.27937915742794,13.12,27.884615384615387,1,0.5,N/A,,,,0.0,16.13
US.XYZ,2026-05-09,4960647.0,1279830.0,17825,6402,28162,4023.1428571428573,53.12614285714285,0.4734127434285714,44549297850.0,93.7503727365099,13.392910390929986,3.604904512086481,20.545454545454547,0.12123097872919637,0.5078885042812898,2645808.341224451,340801.156925172,230924.217390001,53.12614285714285,3.604904512086481,20.545454545454547,732.2766776371819,2357.5,0.7079805583679236,1.2623490669593853,2.0029668888778067,0.06484160828510509,24.51986222981871,7,0.22156856033527683,0.10017281817059623,0.24063615088918844,0.0,70.95343680709534,64.07982261640798,49.2239467849224,63.8580931263858,50.99778270509978,76.94013303769401,59.42350332594235,64.07982261640798,58.31485587583148,78.04878048780488,70.50997782705099,62.08425720620843,62.21,77.88461538461539,2,1.0,ONGOING,,2026-05-09,ATM,60.0,69.31
US.ZS,2026-05-09,4755185.0,1983919.0,1828,920,1336,445.3333333333333,50.249,0.46423223599999996,24461089647.39,42.65279347990431,14.217597826634771,1.649064553785112,2.654970760233918,0.3714712579752539,0.7626283768537451,2249293.162986396,334493.38346163195,17144.261965099002,50.249,1.649064553785112,2.654970760233918,3156.663889420928,4369.86563876652,0.0779135342703317,0.17269076305220887,0.665825207725334,0.057539682539682536,23.920349514389404,3,0.0,0.0,0.8107581513652992,0.0,52.328159645232816,34.368070953436806,57.20620842572062,60.97560975609756,50.77605321507761,28.159645232815965,54.1019955654102,34.368070953436806,75.60975609756098,27.494456762749447,28.04878048780488,80.48780487804879,52.32,77.88461538461539,2,1.0,ACTIVE,,2026-05-08,DEEP_ITM,30.0,57.66
US.ZTS,2026-05-09,327692.0,327692.0,1103,1103,80,80.0,35.82,0.34206631,34724665013.94,12.69983247345784,12.69983247345784,13.7875,13.7875,0.49452493058070746,0.49452493058070746,112092.39325652,43608.866977284,9271.038797868001,35.82,13.7875,13.7875,297.0915684496827,297.0915684496827,0.5190937134347411,0.5190937134347411,0.2762356253711193,0.014084507042253521,24.270716078742304,1,0.0,0.0,0.0,,1.7738359201773837,59.64523281596452,48.78048780487805,6.651884700665188,18.403547671840354,16.4079822616408,34.146341463414636,59.64523281596452,11.973392461197339,52.54988913525499,28.04878048780488,24.27937915742794,31.88,77.88461538461539,2,1.0,ACTIVE,,2026-05-08,DEEP_ITM,30.0,54.26
