stock_owner,trade_date,turnover_sum,turnover_max,volume_sum,volume_max,option_open_interest_sum,option_open_interest_mean,option_implied_volatility_mean,option_delta_mean,market_val_last,cf_log_turnover_sum,cf_log_turnover_mean,cf_churn_mean,cf_churn_max,cf_notional_churn_mean,cf_notional_churn_max,cf_delta_flow_sum,cf_vega_flow_sum,cf_gamma_flow_sum,cf_iv_level_mean,cf_volume_oi_ratio_mean,cf_volume_oi_ratio_max,cf_turnover_per_contract_mean,cf_turnover_per_contract_max,cf_intraday_range_mean,cf_intraday_range_max,cf_theta_vega_ratio_mean,cf_dte_weight_mean,cf_market_val_log_last,contracts,uf_pcr_turnover,uf_pcr_volume
US.AAL,2026-05-09,6052292.0,2928229.0,107361,45784,160871,26811.833333333332,51.66466666666667,0.013661034833333327,8829491578.95,80.92399056727201,13.487331761212003,1.267854751347022,5.6328740157480315,0.06579120660672537,0.26986096980152763,1911218.9530610982,107584.356337097,675362.9922532181,51.66466666666667,1.267854751347022,5.6328740157480315,77.9893169814593,192.30696744717304,0.15828886605070405,0.20560747663551399,0.4951876218820274,0.018947015425888666,22.901363271189954,6,5.16250846387643,11.219553835647622
US.AAPL,2026-05-09,539319627.0,46105660.0,612116,48673,1518868,7445.431372549019,22.974318627450984,0.2958666970392157,4307169958492.0,2878.048975191972,14.108083211725354,6.6474521633446555,354.0,31075.56182074978,6339375.0,260359169.80946457,99942268.32709052,6623318.3329951875,22.974318627450984,6.6474521633446555,354.0,2251.530404286582,18375.0,0.418886894879615,3.761904761904762,1.0988595463984898,0.07403342549322281,29.09130218221406,204,0.07739123631359142,0.21605524453574168
US.ABNB,2026-05-09,505293.0,505293.0,3383,3383,2946,2946.0,37.81,0.140063134,83975011555.27,13.132895717075325,13.132895717075325,1.148336727766463,1.148336727766463,0.012122293443981922,0.012122293443981922,70772.92116826201,21959.338496832002,15239.44992159,37.81,1.148336727766463,1.148336727766463,149.3624002364765,149.3624002364765,0.7152328524932695,0.7152328524932695,2.729746459528953,0.125,25.153785110060358,1,0.0,0.0
US.ABT,2026-05-09,44268557.0,7229181.0,16602,2786,11487,957.25,31.585916666666666,-0.46919786816666664,146869685145.28,176.7435882332438,14.728632352770317,1.4569579860293775,2.3189189189189188,0.44097658256469,0.8822852954993461,26725485.100184526,573038.57066759,294102.272577598,31.585916666666666,1.4569579860293775,2.3189189189189188,2475.970059597909,4090.0,0.10231472215377481,0.3027661092177221,0.9961446613452778,0.08283730158730158,25.712811534952003,12,0.0,0.0
US.ACLS,2026-05-09,772855.0,772855.0,239,239,12,12.0,69.791,0.606449823,5010547227.91,13.557848023023189,13.557848023023189,19.916666666666668,19.916666666666668,3.9504743503240713,3.9504743503240713,468697.77795466507,354655.39076154,3570.471853185,69.791,19.916666666666668,19.916666666666668,3233.702928870293,3233.702928870293,0.1201240967046271,0.1201240967046271,0.19306164230906186,0.00510204081632653,22.33481097340566,1,0.0,0.0
US.ADBE,2026-05-09,9993703.0,1827292.0,17377,4891,24043,1602.8666666666666,44.355266666666665,0.08355418980000001,102278768000.0,198.41064494073436,13.22737632938229,32.20432703786219,454.0,2.4495321847061335,36.10678153651597,3842083.276586895,2901238.864985703,115859.352870865,44.355266666666665,32.20432703786219,454.0,958.0228393980732,2728.0,0.325638633079072,1.0382165605095541,1.1861057163783453,0.050201881646056275,25.350967941940965,15,0.557710655297566,0.4995685191577494
US.ADI,2026-05-09,69604704.0,43630660.0,9156,2962,3722,930.5,32.67375,0.075793179,203346795473.64,60.96288248947261,15.240720622368153,23.567596458276157,60.60606060606061,0.9976033125452446,3.162205159708281,20337781.768261176,17454747.125743542,78431.599927056,32.67375,23.567596458276157,60.60606060606061,5971.955965186255,14730.135043889264,0.03831579374608992,0.13902543172361748,1.6266809684063444,0.070318052594172,26.038178710506383,4,0.01576732094589566,0.5460992907801419
US.ADM,2026-05-09,365994.0,365994.0,1167,1167,3059,3059.0,30.086,0.369413367,37428743886.82,12.810374951088003,12.810374951088003,0.381497221314155,0.381497221314155,0.015406255732715434,0.015406255732715434,135203.075841798,64729.154606922,9794.42399304,30.086,0.381497221314155,0.381497221314155,313.61953727506426,313.61953727506426,0.09586776859504134,0.09586776859504134,0.12768474989948603,0.007462686567164179,24.345704799331426,1,0.0,0.0
US.AGX,2026-05-09,2305255.0,1628766.0,2504,1252,2636,1318.0,81.615,-0.0818114675,9496745920.9,27.72800678933648,13.86400339466824,0.9507144174041298,0.978125,0.013019721361797984,0.018705692492576368,217492.497765876,1132996.038550582,1626.46277999,81.615,0.9507144174041298,0.978125,920.6289936102237,1300.9313099041533,0.5904410850718442,0.8378902804727464,0.5739374037653109,0.014285714285714285,22.97421504233771,2,0.0,0.0
US.AKAM,2026-05-09,37159362.0,13547635.0,25690,5493,26978,1172.9565217391305,56.13769565217391,0.4251235130869565,21565660000.0,314.1894181835077,13.660409486239466,240.58400676053643,2049.0,196813.74310463222,1641180.0,28504527.86632089,1922412.14298764,277122.618367776,56.13769565217391,240.58400676053643,2049.0,1337.0122941491184,3436.0560747663553,2.7691037542515424,5.4134499116361265,2.64271719882752,0.06919414465763932,23.79436807177149,23,0.10554924739692384,0.14702861990445149
US.ALB,2026-05-09,3565625.0,1079200.0,4693,1531,6013,1202.6,68.4242,0.3805815798,24002060171.52,66.80101024321543,13.360202048643085,7.916185534570351,33.705882352941174,0.14982689780956995,0.5153634272105069,1319999.452130117,825220.622614683,30531.370805590002,68.4242,7.916185534570351,33.705882352941174,1043.2755685721982,1952.4222222222222,0.9114781558937427,1.3750908650351341,1.7826312656943095,0.044047619047619044,23.901405504131937,5,0.0,0.0
US.ALL,2026-05-09,304500.0,304500.0,300,300,317,317.0,25.134,-0.618771218,54869271229.5,12.626429650198945,12.626429650198945,0.9463722397476341,0.9463722397476341,0.04506534474988734,0.04506534474988734,188415.835881,82384.2907335,6668.4400755,25.134,0.9463722397476341,0.9463722397476341,1015.0,1015.0,0.0,0.0,0.2671653257925053,0.023809523809523808,24.728219306181323,1,0.0,0.0
US.AMAT,2026-05-09,12631460.0,2232488.0,7954,1955,16059,1070.6,73.4072,0.22458249646666667,345569480486.48,202.066260619485,13.471084041299001,3.705153560669208,21.74074074074074,0.21155370231909895,1.8526046025816374,5727721.644848417,5653541.004271929,69674.50310170601,73.4072,3.705153560669208,21.74074074074074,1894.5243031388477,3829.310463121784,0.6137502200508552,1.708462383854531,3.948618469118213,0.08498246911952495,26.56845956120221,15,0.34616493378177576,0.170394349617422
US.AMD,2026-05-09,1514964880.0,402244061.0,480768,35161,431669,1747.6477732793521,70.99992307692308,0.28325935020647774,742233104866.41,3591.3844314217404,14.540017940978705,33.88401239455437,1412.0,31845.782639264173,2883960.0,1065679638.6145054,622928970.4278249,4883855.167661661,70.99992307692308,33.88401239455437,1412.0,3271.638999424502,21452.728222996517,1.342238859548476,6.889593542807725,2.5608933010049064,0.061382423879614983,27.332929188279905,247,0.14225584371863562,0.42784422156817903
US.AMKR,2026-05-09,2080031.0,571210.0,1498,527,2203,550.75,82.202,0.42710295975,18989513603.98,52.62135025813384,13.15533756453346,1.5573703077583565,2.9808917197452227,0.3097894713654244,0.5845981669987012,1285085.199069433,286464.90639217896,23106.110829413,82.202,1.5573703077583565,2.9808917197452227,1626.9647612391145,2670.3084577114428,0.1303216086385444,0.30769230769230754,0.5210681896881386,0.012042214802000777,23.667152748224044,4,0.37858036175265325,0.45436893203883494
US.AMT,2026-05-09,861749.0,861749.0,2541,2541,492,492.0,29.157,-0.318506525,,13.666720484379113,13.666720484379113,5.164634146341464,5.164634146341464,0.09921952969600506,0.09921952969600506,274472.67941222497,181608.85351301,17927.44702644,29.157,5.164634146341464,5.164634146341464,339.13774104683193,339.13774104683193,0.4038306218991577,0.4038306218991577,0.333099892670978,0.023809523809523808,0.0,1,0.0,0.0
US.AMZN,2026-05-09,96104639.0,5217030.0,217782,24083,856143,9205.838709677419,31.98031182795699,0.34183671522580644,2933248601008.48,1262.7159821721723,13.57759120615239,1.3791684476086759,24.92528735632184,0.015773852252718462,0.19784042260811796,55858178.04137395,23865533.29310625,2092604.54067514,31.98031182795699,1.3791684476086759,24.92528735632184,1290.6145585031286,6275.643598615917,0.25823283899638977,0.8640000000000001,1.4346157712648775,0.074369317537524,28.707131662307894,93,0.21287609648929073,0.43378562540735915
US.ANET,2026-05-09,2144507.0,748596.0,1341,469,1880,470.0,53.04775,-0.262765704,178517151609.61,52.570450150434034,13.142612537608509,1.5604483559579514,4.338028169014085,0.20570712458079451,0.5620996913270552,1086440.357144396,606450.945293793,23248.185420329,53.04775,1.5604483559579514,4.338028169014085,1728.2029685089854,2982.4541832669324,0.12676339368939987,0.27473684210526317,0.33228623611995456,0.013101033811976992,25.9079505210044,4,6.046951041184029,3.2843450479233227
US.APH,2026-05-09,14166827.0,8241431.0,13965,5819,8622,958.0,49.401777777777774,-0.10258033699999997,157506915993.35,122.81712700219715,13.646347444688573,13.562948574103318,107.75925925925925,1.4486159126151295,11.920572724563977,7405246.095744564,3357323.627573567,198636.26320369702,49.401777777777774,13.562948574103318,107.75925925925925,994.6505591948218,1738.5044642857142,0.4780532229700265,1.557377049180328,0.741932841529631,0.02866377158829989,25.782735205323274,9,0.3023004770318622,0.5662853297442799
US.APO,2026-05-09,1722775.0,835058.0,3314,2167,6976,2325.3333333333335,37.916,0.3520647393333333,76792132731.6,39.59618398881106,13.198727996270355,0.9286066760568786,2.3028692879914985,0.032678970906530165,0.06662278644212757,844754.7032810231,266213.719595221,34865.843643333006,37.916,0.9286066760568786,2.3028692879914985,648.9743125509581,972.0994575045208,0.29227106312909745,0.5225225225225224,0.4907502631488489,0.023809523809523808,25.064368033475265,3,0.9406804195481218,1.889276373147341
US.APP,2026-05-09,32861901.0,3788548.0,19550,5230,20644,711.8620689655172,66.16006896551724,0.27648163527586206,157404687000.0,396.31164539455017,13.665918806708627,3.233409549298556,30.53125,0.16370586526621647,2.0119397609646783,15023931.674340278,16159527.96639059,195698.448276871,66.16006896551724,3.233409549298556,30.53125,2147.2672693999325,7216.281904761905,0.625740174887589,2.93610774238846,3.0785495460859034,0.0800183533344465,25.782085950129318,29,0.13740004974366368,0.1020293122886133
US.ARES,2026-05-09,414236.0,414236.0,1609,1609,312,312.0,42.293,0.211664847,28471085687.5,12.934193552780693,12.934193552780693,5.157051282051282,5.157051282051282,0.10516273165778116,0.10516273165778116,87679.19956189199,66276.843295732,5130.9884789160005,42.293,5.157051282051282,5.157051282051282,257.4493474207582,257.4493474207582,0.07499999999999996,0.07499999999999996,0.3175318606125471,0.014084507042253521,24.072154871984143,1,0.0,0.0
US.ARM,2026-05-09,23451931.0,2438354.0,29309,3695,46696,1506.3225806451612,73.235,0.2335393988064516,226919280000.0,414.3121448715128,13.364907899081059,1.4695253260972418,10.615023474178404,0.07626228081774745,0.5280275915245672,9776363.098858314,4725083.054830658,272518.647914303,73.235,1.4695253260972418,10.615023474178404,1244.471473983894,3558.2911392405063,0.4387895859791547,0.9990009990009989,2.9685128941470427,0.06869402800493428,26.147860196479773,31,0.19482653668024327,0.19623688829027386
US.ARWR,2026-05-09,367456.0,367456.0,436,436,1819,1819.0,63.103,0.619215519,10238896856.49,12.814361583986477,12.814361583986477,0.23969213853765806,0.23969213853765806,0.027790603321915512,0.027790603321915512,227534.45774966403,34102.20788816,9107.699376288,63.103,0.23969213853765806,0.23969213853765806,842.7889908256881,842.7889908256881,0.14079186841111221,0.14079186841111221,0.8147748586072908,0.023809523809523808,23.04945972199387,1,0.0,0.0
US.ASML,2026-05-09,15547178.0,3459419.0,4612,761,6480,540.0,51.01333333333333,0.3388421206666667,613592631033.3,165.12311586786362,13.760259655655302,4.178116723959556,30.4,0.0793977394610788,0.4733005866760468,8676524.500093266,12048240.731514743,48574.477689385,51.01333333333333,4.178116723959556,30.4,3273.3441965928055,8694.384858044165,1.2919898637038265,2.564102564102564,3.554637000117673,0.1165674603174603,27.142597077530834,12,0.07457315459880527,0.18438623523369285
US.AVGO,2026-05-09,114022500.0,6119246.0,97025,14283,219882,2243.6938775510203,47.22955102040817,0.2756262269285714,2035907319120.0,1342.6963248515387,13.700982906648354,4.773775600314446,248.0,17997.62795830949,1763760.0,56842293.911530346,49644558.673679665,1057480.0833335281,47.22955102040817,4.773775600314446,248.0,1996.613634585181,7425.295719844358,0.9179097603513862,6.715880446525027,1.9020167856292916,0.07492722673922561,28.341962692520298,98,0.2405068681307772,0.24330454394013173
US.AXP,2026-05-09,1459323.0,613974.0,2867,2045,2149,716.3333333333334,28.33866666666667,0.17849692000000003,215635625781.29,39.2266893423652,13.075563114121733,5.464448590381426,15.261194029850746,0.05239789532185021,0.1096362946839073,499889.17766015,668676.172618812,21521.197979339,28.33866666666667,5.464448590381426,15.261194029850746,917.9599125914036,1416.5836431226767,0.1361244994470221,0.29411764705882354,0.7802097501097506,0.048849064536472565,26.096855902508196,3,0.7262964763665658,0.23898012100259292
US.BA,2026-05-09,22508381.0,2227451.0,36749,4805,128353,4011.03125,34.4616875,0.35231224525,187111441286.16,425.5698946336179,13.299059207300559,1.1692380026827505,18.34090909090909,0.0409060602981815,0.5574696966390488,11680564.819064274,5842171.037348313,398738.002734119,34.4616875,1.1692380026827505,18.34090909090909,931.7120058399347,2461.3521739130433,0.5465815747520492,1.595931252192213,1.1353059442110327,0.05262545291665424,25.95497021900974,32,0.15826680153134812,0.10506690723199519
US.BABA,2026-05-09,19571146.0,2686751.0,42459,6668,244897,9795.88,57.4494,0.24122370408000002,336010766944.58,334.7691988262808,13.390767953051231,0.32314500356550313,1.6774193548387097,0.011250157507000702,0.05395527492825655,8283670.823668502,2308322.311153319,443045.14365804096,57.4494,0.32314500356550313,1.6774193548387097,595.6990495058718,1543.9260869565217,0.342680298081953,0.5065508836075564,2.5146789717595244,0.06731486230130929,26.540409040877094,25,0.2063805100761393,0.18395516145223356
US.BAC,2026-05-09,14062000.0,2286743.0,168158,42884,249797,17842.64285714286,24.583928571428572,-0.06116336728571429,364126066302.81,190.1539284813563,13.582423462954022,14.993517363748605,181.93548387096774,0.19944137163965955,2.0924676696361773,4662207.286502594,470816.725895776,978132.2319587261,24.583928571428572,14.993517363748605,181.93548387096774,299.34142700618,1160.0,1.073522135907192,2.8695652173913038,1.0033096303776694,0.0649033981191103,26.62076598062216,14,0.7418801652841376,5.415550722978902
US.BIDU,2026-05-09,7431197.0,3392147.0,12686,4979,26689,3812.714285714286,60.17171428571429,0.4627638714285714,47992637551.95,94.80055148487104,13.542935926410149,0.5522303077026488,1.60719131614654,0.026281138241109055,0.08192791484028687,3674976.168437535,750253.580324259,204670.78194186502,60.17171428571429,0.5522303077026488,1.60719131614654,830.9687939833223,1279.6267409470752,0.9964417424990757,2.0930354246245617,2.356973688773433,0.06578758263868928,24.594313451776184,7,0.0,0.0
US.BIIB,2026-05-09,3314297.0,1709450.0,1064,532,570,285.0,19.51,0.46966509,28560400283.65,28.64022243031053,14.320111215155265,7.5,14.0,1.2406863792979477,2.325434288745902,1605737.976201,133073.4617832,8124.1542872,19.51,7.5,14.0,3114.940789473684,3213.251879699248,0.014226096345210468,0.016922541765773194,0.3310651563162528,0.0744047619047619,24.075286989888554,2,0.0,0.0
US.BKNG,2026-05-09,2890996.0,1103135.0,3660,1284,1465,488.3333333333333,39.516,-0.5042365093333333,128575578885.48,41.28927795590417,13.763092651968057,394.1389020243644,1179.0,22.209346637771137,66.48195021997228,1477159.7971196899,659414.613855061,51195.714800812,39.516,394.1389020243644,1179.0,795.8442357518808,935.6530958439355,0.3425018863049134,0.48912536171007176,0.4242847963299881,0.02253968253968254,25.57978273092259,3,0.0,0.0
US.BLK,2026-05-09,1941894.0,1151242.0,422,216,279,139.5,25.825,0.7533061335,168402488286.87,27.53696725147641,13.768483625738204,7.764690026954177,14.714285714285714,0.3927581458910687,0.7580134346263602,1438284.087141094,1794330.8090331082,9673.860101312,25.825,7.764690026954177,14.714285714285714,4624.489661992089,5588.553398058252,0.07844492314989202,0.08170248424433943,1.2591428533436695,0.0744047619047619,25.84962271470171,2,0.0,0.0
US.BRK.B,2026-05-09,1562306.0,448427.0,4934,1549,19082,4770.5,14.88475,0.38990894025,1026533177001.38,51.45242495588561,12.863106238971403,1.303255640007873,4.529239766081871,0.006261421253298758,0.018577455952357255,642955.082487053,431872.579472034,46342.126422115005,14.88475,1.303255640007873,4.529239766081871,393.30870193318947,805.0754039497307,0.4530835032349643,0.6321839080459769,0.9360242661090963,0.09970238095238096,27.657208393391997,4,0.0,0.0
US.BSX,2026-05-09,14295043.0,4997880.0,79890,38713,10980,2196.0,64.7476,-0.48746767,80159134803.47,72.87967153687488,14.575934307374975,18.703118368832502,75.64891518737673,0.5756740373847882,1.1357042353377471,9136596.28317033,610394.238310254,190209.202334093,64.7476,18.703118368832502,75.64891518737673,1936.7721563804905,5099.877551020408,0.20848955502154348,0.48240635641316687,0.5467768456586937,0.017270788912579958,25.107279680867308,5,1.5828553845642377,0.03663046440110553
US.BWA,2026-05-09,390807.0,390807.0,2217,2217,11780,11780.0,32.435,0.699426004,12577648182.12,12.875971669770308,12.875971669770308,0.18820033955857385,0.18820033955857385,0.005410219649875905,0.005410219649875905,273340.578345228,11540.898850194,49402.92115206,32.435,0.18820033955857385,0.18820033955857385,176.27740189445197,176.27740189445197,1.7140408513069563,1.7140408513069563,2.526859861090784,0.125,23.255187121864,1,0.0,0.0
US.BX,2026-05-09,351340.0,351340.0,411,411,1007,1007.0,39.219,0.630170784,96934561147.7,12.769512540809124,12.769512540809124,0.40814299900695133,0.40814299900695133,0.028189198997178914,0.028189198997178914,221404.20325056,54984.92220936,8157.5797091800005,39.219,0.40814299900695133,0.40814299900695133,854.8418491484185,854.8418491484185,0.12519718556726833,0.12519718556726833,0.5259861808584458,0.023809523809523808,25.29730196045339,1,0.0,0.0
US.C,2026-05-09,9996275.0,2229147.0,46510,10742,78325,5221.666666666667,35.21093333333333,0.10295926559999999,214135186700.25,198.25925925355267,13.217283950236844,358.289961140692,5344.0,2.587703583708019,37.84699322978893,3802692.804938748,1149237.089459573,323972.30221391,35.21093333333333,358.289961140692,5344.0,518.4008109467221,2970.1937984496126,0.7610835610689627,1.6085409252669038,1.3086803327499144,0.058923252060733664,26.08987336607849,15,0.8114999172742134,1.382440323737322
US.CAH,2026-05-09,361267.0,361267.0,1151,1151,1073,1073.0,23.497,-0.576144711,43011905270.75,12.797375344157075,12.797375344157075,1.0726933830382106,1.0726933830382106,0.018333173057771008,0.018333173057771008,208142.07130883698,35811.064634769995,23909.361394722997,23.497,1.0726933830382106,1.0726933830382106,313.87228496959165,313.87228496959165,0.5968090211132437,0.5968090211132437,1.6556656956160278,0.125,24.484742781104323,1,0.0,0.0
US.CAR,2026-05-09,4560918.0,1236895.0,3547,1581,13084,1869.142857142857,47.47571428571428,-0.4136457,5148616709.5,93.070736367477,13.295819481068142,0.4667043874174998,1.3658536585365855,0.0680326365061248,0.3150663096682425,1901723.336408221,341642.292036054,64597.948925135,47.47571428571428,0.4667043874174998,1.3658536585365855,1663.8980794248369,3362.066964285714,0.5659526017623961,1.202058525224447,1.8420690647469222,0.07639146567717996,22.36199391563973,7,0.0,0.0
US.CAT,2026-05-09,3044901.0,1287327.0,1112,548,930,310.0,39.35033333333333,-0.37371039300000003,413358275143.35,41.28042471512334,13.760141571707779,1.2006640848370786,1.2840909090909092,0.04514402794504046,0.07704563181539614,1096804.101949723,4319186.130470253,9647.943355107,39.35033333333333,1.2006640848370786,1.2840909090909092,3393.3071409223776,5384.712389380531,0.1643293766063872,0.3744522487235888,1.031808400796203,0.048849064536472565,26.747580548147983,3,0.0,0.0
US.CAVA,2026-05-09,934814.0,604785.0,4206,2152,134,67.0,54.8715,0.07773783950000002,9243143210.2,26.01956879383298,13.00978439691649,545.780303030303,1076.0,10.67986174719487,20.782682619647353,397298.551123811,39523.040368236005,59418.618134471,54.8715,545.780303030303,1076.0,223.90087593163037,294.44255111976634,0.8784372540187966,1.5836705965159246,4.070558567927993,0.125,22.947147839126114,2,0.5456964045073869,1.0477117818889972
US.CBOE,2026-05-09,695164.0,695164.0,689,689,15,15.0,25.574,0.877334106,36478122951.04,13.45190450644156,13.45190450644156,45.93333333333333,45.93333333333333,1.3295922270675542,1.3295922270675542,609891.086463384,67885.2671904,11481.646313947998,25.574,45.93333333333333,45.93333333333333,1008.9462989840348,1008.9462989840348,0.8568743435236884,0.8568743435236884,2.119368523024241,0.125,24.31997854666316,1,0.0,0.0
US.CCL,2026-05-09,4891903.0,3133860.0,34118,15286,16388,4097.0,55.51125,-0.2503549865,37671058096.62,54.747312051519,13.68682801287975,5.494012058510044,15.689895470383275,0.33493481262211844,0.9885286868681532,1707928.8682393818,224542.02559204402,317879.500608016,55.51125,5.494012058510044,15.689895470383275,128.93573797312072,205.01504644772996,0.28013658436370337,0.6411430664956951,1.413045166330918,0.04525748805752684,24.352157946857425,4,8.610565938394501,4.628175519630485
US.CEG,2026-05-09,6376516.0,1368431.0,5948,1358,15256,1386.909090909091,59.388909090909095,-0.14208146254545453,110003531259.36,145.11918597554174,13.192653270503795,3.0243026787413867,9.016949152542374,0.10356556874928441,0.30009280863939497,2465071.682201133,2272735.282113886,57551.559672607,59.388909090909095,3.0243026787413867,9.016949152542374,1455.365414735228,2754.655172413793,0.35097033854080856,0.7130872483221478,2.507790574279369,0.06360618006493837,25.423778304590467,11,1.9746373904427448,2.2789415656008822
US.CELH,2026-05-09,3055251.0,1100243.0,25951,13466,33041,8260.25,63.36425,0.3651060885,8254627224.4,53.94121896716914,13.485304741792286,1.0553576020563096,1.7347368421052631,0.09500782581236503,0.26981402096135354,1015166.6840884159,126588.529480081,176959.133601344,63.36425,1.0553576020563096,1.7347368421052631,242.30320016134505,502.2257281553398,0.7091166689836148,1.1986754966887418,1.572988849599575,0.042266717589487544,22.834039755867014,4,0.0,0.0
US.CENX,2026-05-09,376233.0,376233.0,626,626,757,757.0,72.639,-0.476516539,5830561108.77,12.837966569224069,12.837966569224069,0.8269484808454426,0.8269484808454426,0.08436687897060806,0.08436687897060806,179281.247017587,29339.915740278,10571.359091865,72.639,0.8269484808454426,0.8269484808454426,601.0111821086261,601.0111821086261,0.048275862068965406,0.048275862068965406,0.8668293953867033,0.024390243902439025,22.486379077921104,1,0.0,0.0
US.CF,2026-05-09,340091.0,340091.0,522,522,1189,1189.0,47.143,0.435040284,17670439095.48,12.736971448225244,12.736971448225244,0.43902439024390244,0.43902439024390244,0.024867946321252648,0.024867946321252648,147953.285225844,51575.329331595996,7370.928619490999,47.143,0.43902439024390244,0.43902439024390244,651.5153256704981,651.5153256704981,0.24836601307189546,0.24836601307189546,0.6083821850136506,0.023809523809523808,23.59515897279835,1,0.0,0.0
US.CLSK,2026-05-09,1433417.0,585657.0,13146,8694,29326,9775.333333333334,104.94066666666667,0.5208985890000001,3631691364.6,39.19490216648847,13.064967388829489,0.6705522489742998,1.4673417721518986,0.054462628769899844,0.07852029127042773,741157.383881527,26536.240575605003,155115.945987451,104.94066666666667,0.6705522489742998,1.4673417721518986,164.7823880290878,283.45509383378015,0.39044819070529063,0.6040268456375838,4.1025416476169525,0.05825539458402102,22.01296431764304,3,0.0,0.0
US.CLX,2026-05-09,1805192.0,827151.0,7065,2691,18302,6100.666666666667,33.409,0.341339793,11144111708.16,39.68490019013546,13.228300063378486,0.402382267272485,0.5031787584143605,0.010900488409980091,0.0167822789087821,656245.756092257,229072.446486044,59670.253126127005,33.409,0.402382267272485,0.5031787584143605,247.31636248936533,307.3768115942029,0.36041235892795015,0.46875,0.3772921267876909,0.020567851553767048,23.13417709752658,3,0.0,0.0
US.CME,2026-05-09,956450.0,602400.0,401,201,723,361.5,23.4015,-0.6334760595,101913566343.75,26.085874865028757,13.042937432514378,0.5575050756736804,0.5982142857142857,0.04640550018456995,0.05534539190353144,630448.65760005,561710.7405828999,9769.41148445,23.4015,0.5575050756736804,0.5982142857142857,2386.7213930348257,3012.0,0.02634819884896859,0.05269639769793718,0.0661336857201078,0.007462686567164179,25.347390902216894,2,0.0,0.0
US.CNC,2026-05-09,602739.0,602739.0,905,905,3233,3233.0,42.3,0.814484278,27632880120.0,13.309241205279495,13.309241205279495,0.2799257655428395,0.2799257655428395,0.033315465268705255,0.033315465268705255,490921.439237442,30204.363343455003,20327.085871236,42.3,0.2799257655428395,0.2799257655428395,666.0099447513812,666.0099447513812,0.22920009168003672,0.22920009168003672,0.5947871805558146,0.023809523809523808,24.042272209356224,1,0.0,0.0
US.CNS,2026-05-09,358000.0,358000.0,500,500,4,4.0,0.0,0.0,3740271965.32,12.788291058675025,12.788291058675025,125.0,125.0,12.300714678394721,12.300714678394721,0.0,0.0,0.0,0.0,125.0,125.0,716.0,716.0,0.0,0.0,0.0,0.14285714285714285,22.042424163996387,1,0.0,0.0
US.COF,2026-05-09,1555398.0,877639.0,859,437,351,175.5,16.99,-0.411145703,117912036522.84,27.11154028771101,13.555770143855504,211.62428571428572,422.0,17.95087977622968,35.76942157483639,557315.4010391539,79438.838548069,12087.053697668001,16.99,211.62428571428572,422.0,1807.1956060819678,2008.3272311212816,0.05946684051855216,0.060212799115934405,0.3528732798830415,0.08522727272727273,25.49320473023589,2,0.0,0.0
US.COHR,2026-05-09,9605270.0,1441237.0,7068,1353,3957,304.38461538461536,87.56123076923078,-0.148616463,65590038758.46,174.14306491616577,13.395620378166598,4.565218108188697,16.705882352941178,0.22574849294081392,0.8571761882983024,3161914.587927532,3163241.94083332,59356.814189371,87.56123076923078,4.565218108188697,16.705882352941178,1678.9324699162107,4709.924836601307,0.5502003482126077,1.721924007999158,4.561649037749036,0.08950004765947822,24.90668967318739,13,6.304232305319735,3.96
US.COIN,2026-05-09,62783460.0,8560789.0,122646,19608,126882,2643.375,70.37816666666667,0.20654038070833333,52997767688.56,657.9128097242077,13.706516869254328,2.5717417385054477,39.192546583850934,0.0888882849366489,1.179508296325755,29184196.679848194,8316960.739813511,901151.88163055,70.37816666666667,2.5717417385054477,39.192546583850934,1131.5830862076239,7879.811808118081,0.6938702856380478,1.051383399209486,3.0852850107621976,0.07502433063695686,24.693515630546596,48,0.2974077143562403,0.21946029789011076
US.COP,2026-05-09,80495164.0,11846088.0,37086,5963,18177,826.2272727272727,25.74922727272727,0.33299791663636363,138727138577.09,323.6899213371734,14.713178242598792,7.282765130735668,12.25,1.6825261664873026,3.7114692192851497,30346448.272904426,414168.14116648503,147645.883066627,25.74922727272727,7.282765130735668,12.25,2382.192012221515,3957.0833333333335,0.04468607712107622,0.1804347826086957,1.6061278770481722,0.07900432900432901,25.655774808992625,22,0.0,0.0
US.COR,2026-05-09,433351.0,433351.0,823,823,832,832.0,21.121,0.57167156,50796001544.8,12.97930560975895,12.97930560975895,0.9891826923076923,0.9891826923076923,0.019949998747804974,0.019949998747804974,247734.44219755998,61270.922399872,22353.225686664002,21.121,0.9891826923076923,0.9891826923076923,526.55042527339,526.55042527339,0.8147142328107639,0.8147142328107639,1.6807220595437802,0.125,24.651083478704727,1,0.0,0.0
US.CRCL,2026-05-09,25758294.0,2947803.0,47690,5598,82600,2429.4117647058824,113.10158823529412,0.16427825429411763,28100408441.4,453.30814881433156,13.332592612186222,2.3038410309053674,20.205882352941178,0.16349883662585968,1.5301077939753363,11595090.600992575,2203446.986276424,417261.920941134,113.10158823529412,2.3038410309053674,20.205882352941178,859.2129294327174,2582.542600896861,0.2828139514572692,0.5667883808381928,6.4948810056525685,0.092236863719086,24.0590499484972,34,0.41437635269678375,0.332048488911234
US.CRM,2026-05-09,22445976.0,7620290.0,20354,5150,51872,3242.0,54.0245,0.060702570375,148738531734.08,216.64503367498264,13.540314604686415,0.8818509305049578,2.769018743109151,0.10413961460152892,0.5398615692557934,11142471.48805834,5273791.463789667,254758.52949882502,54.0245,0.8818509305049578,2.769018743109151,1419.4144296072711,4888.25,0.19205550213092154,1.0931174089068825,1.860740069546095,0.05902205692317632,25.725455780820685,16,4.143266452008502,1.9618742724097789
US.CRWD,2026-05-09,11751663.0,1559002.0,5386,693,12956,925.4285714285714,49.67357142857143,0.5434226875,134336739688.17,189.68569307122132,13.548978076515809,1.7573761194582656,7.641025641025641,0.07143376305053,0.543474405857641,7006369.885977432,5978960.122340032,72137.80087186,49.67357142857143,1.7573761194582656,7.641025641025641,2361.073812794048,4168.454545454545,0.9438609662900272,1.600277104260478,1.9758890878999031,0.069485317638027,25.623615467391108,14,0.03293824422007806,0.11580691941164284
US.CRWV,2026-05-09,121227241.0,15772277.0,194096,23478,499895,5680.625,87.88944318181818,0.15435207594318182,61979688985.8,1202.484421656877,13.664595700646329,12.9178983545073,769.0,0.9952849483823981,59.27954445904511,54658335.35712208,16859237.861738306,1626796.015247267,87.88944318181818,12.9178983545073,769.0,1003.4085585227701,3010.3093220338983,0.3837501278093148,1.0751265341228624,2.9680054733862264,0.05615206792653,24.85007257133279,88,0.39678221432108934,0.778918329377045
US.CSCO,2026-05-09,16842449.0,2085343.0,42865,8567,121846,6092.3,51.82695,0.4732624403,381441171065.94,269.90934606705,13.495467303352502,10.968011105753067,129.66666666666666,0.35214131246072344,3.519807985325227,9255546.075549355,1673474.512621655,541388.25435116,51.82695,10.968011105753067,129.66666666666666,556.8440102396579,1864.0615384615385,0.9516833036133052,2.8285714285714287,2.5338052620525966,0.06428602710792117,26.667222471499592,20,0.04630317929276959,0.11505644867592738
US.CVNA,2026-05-09,8225117.0,3556882.0,43842,16605,0,0.0,64.84311111111111,0.32337873911111115,55827516726.9,120.70004486159372,13.411116095732636,4871.333333333333,16605.0,913901.8888888889,3556882.0,4035988.837249352,441363.567235652,336441.359749961,64.84311111111111,4871.333333333333,16605.0,544.7788976244285,1561.8905472636816,0.7029003434732369,1.6463414634146343,2.97336339636288,0.07686441075480899,24.745532716108755,9,0.2000292671667763,0.6789981617647058
US.CVS,2026-05-09,3071787.0,1397031.0,10861,5870,23426,5856.5,30.981749999999998,0.55521942925,115535217648.85,53.84494945147722,13.461237362869305,2.3811861820741136,6.602924634420697,0.06584178827232051,0.1735464872523182,1621419.7421745579,356658.074389681,128409.30645332001,30.981749999999998,2.3811861820741136,6.602924634420697,325.94655233563117,487.698175787728,0.8437890388576429,1.1583333333333334,1.0146363186849487,0.04502043354655295,25.47284123514853,4,0.0,0.0
US.CVX,2026-05-09,2071392.0,1271980.0,2849,1351,11777,3925.6666666666665,17.638,-0.0017711043333333472,361713980085.84,39.85282050040893,13.28427350013631,66.98050589242214,200.5,11.675281993561013,35.017619204933375,254709.61409645,173449.78816263,17941.1051466,17.638,66.98050589242214,200.5,1277.7675496621553,3172.0199501246884,0.10580919041962,0.19224806201550376,0.21647621443147017,0.020567851553767048,26.614119626213213,3,0.24370728755003007,0.6261415525114156
US.CYTK,2026-05-09,6164094.0,6164094.0,8203,8203,19563,19563.0,49.53,0.921866687,9570108574.15,15.634251887373463,15.634251887373463,0.4193119664673107,0.4193119664673107,0.04096858711035316,0.04096858711035316,5682472.914136577,95804.093386602,170731.15241467202,49.53,0.4193119664673107,0.4193119664673107,751.4438620017067,751.4438620017067,0.29219261337073377,0.29219261337073377,3.8284517789310617,0.125,22.98191038771264,1,0.0,0.0
US.DAL,2026-05-09,1259221.0,497240.0,2830,1109,13448,4482.666666666667,41.692,0.264341443,48177394952.2,38.814752980081785,12.938250993360596,0.3811977512171125,0.8602409638554217,0.021288227878658198,0.04406870629935534,716465.597406039,112607.686560401,44852.570691194,41.692,0.3811977512171125,0.8602409638554217,488.31497354562117,764.9846153846154,0.08808391249849197,0.09932885906040272,0.532219627452954,0.023809523809523808,24.598155763621953,3,0.46952124655149075,0.6088686753837408
US.DASH,2026-05-09,15304658.0,12403157.0,4926,3418,1599,533.0,33.498,0.564231016,71427370097.46,44.70806289981723,14.902687633272409,14.728147286320644,42.19753086419753,3.191357028160411,9.340901303100615,10222389.743860925,4200142.882476911,79659.6305112,33.498,14.728147286320644,42.19753086419753,2492.30691574589,3628.7761849034523,0.1536134344757718,0.1822112415071031,1.4062558099207683,0.08582089552238807,24.991946967550295,3,0.0,0.0
US.DDOG,2026-05-09,32515154.0,12280796.0,20035,4863,19780,1236.25,57.5574375,0.426408050375,71248991430.24,222.25921303883413,13.891200814927133,65.52223619638053,1000.0,270625.1847428609,4330000.0,22988821.778154347,5526051.999985753,215710.89211507203,57.5574375,65.52223619638053,1000.0,1823.9080434633506,4623.793674698795,0.5810905587599626,1.4224317205046446,1.962481512554446,0.06064678777159342,24.989446500643965,16,0.06843354254903476,0.11040292634262595
US.DELL,2026-05-09,54902876.0,5844367.0,55205,6539,30437,676.3777777777777,73.2079111111111,0.4071881540222222,168191641547.46,617.0281002741866,13.711735561648592,212.51965293888583,6539.0,46816.38834094523,754143.0,31028792.21499171,12629671.66553348,448391.177823539,73.2079111111111,212.51965293888583,6539.0,1454.6025229591314,4472.717142857143,3.9704239697606942,33.52272727272727,2.841722337934341,0.06903252874583954,25.84836988972172,45,0.0604466378851931,0.11446452003633795
US.DHI,2026-05-09,1066813.0,555813.0,906,453,0,0.0,0.0,0.0,41864858267.19,26.37231581102127,13.186157905510635,453.0,453.0,533406.5,555813.0,0.0,0.0,0.0,0.0,453.0,453.0,1177.4977924944812,1226.9602649006622,0.08274603113899953,0.08640197490228348,0.0,0.125,24.457712607148373,2,0.0,0.0
US.DHR,2026-05-09,14720873.0,6370200.0,4214,1860,1472,368.0,7.2355,0.0699746835,121142020517.32,58.58379812632196,14.64594953158049,3.229866654477963,4.675324675324675,0.6745788996431028,1.611160515110036,85000.487237322,105557.454269409,3418.660657439,7.2355,3.229866654477963,4.675324675324675,3302.660250847863,5898.333333333333,0.041713517463138214,0.05738222298731847,0.030337852061804272,0.04502043354655295,25.52022941756038,4,47.474471735329274,6.106239460370995
US.DINO,2026-05-09,65339057.0,24845738.0,47827,19525,11170,1015.4545454545455,17.29381818181818,0.18005465318181818,13057349901.91,162.97468400005096,14.815880363640996,4.05617371185963,6.009615384615385,1.1609080095519249,2.0391040686498365,6585440.8011023505,17663.67641204,19335.22077595,17.29381818181818,4.05617371185963,6.009615384615385,2174.941986727443,4200.0,0.12656315636260235,0.3752209835119241,1.4241602897177872,0.0974025974025974,23.29261702312231,11,0.0,0.0
US.DIS,2026-05-09,4140381.0,1532000.0,4272,1557,17120,3424.0,19.2898,0.333805917,187577964020.48,66.93689992438586,13.387379984877171,0.8956335350725226,3.1746031746031744,0.14522965654035203,0.5627999518019885,2130473.838909296,224809.371543126,56781.944451791,19.2898,0.8956335350725226,3.1746031746031744,1098.2203044334435,1915.0,0.10216656572896352,0.27737226277372257,0.23611651698457087,0.040157612340710934,25.9574604040472,5,0.08950513651769362,0.2244196044711952
US.DOCN,2026-05-09,5074160.0,2385940.0,2487,1283,2503,834.3333333333334,90.28333333333335,0.7412325886666666,17110507474.95,42.72761494712395,14.242538315707984,17.62139643151011,51.32,1.61631568332826,4.6102104300091495,4012625.49389452,609967.18553748,53242.2317231,90.28333333333335,17.62139643151011,51.32,2464.8845683548698,3472.217391304348,0.2844782896285405,0.4644390156377238,4.614254760082178,0.0850253807106599,23.562958584022013,3,0.0,0.0
US.DOCS,2026-05-09,433016.0,433016.0,1008,1008,2474,2474.0,180.869,0.758801825,4798738728.84,12.978532267183912,12.978532267183912,0.4074373484236055,0.4074373484236055,0.06736977576806485,0.06736977576806485,328573.3310542,4853.3420556480005,20754.955281415998,180.869,0.4074373484236055,0.4074373484236055,429.57936507936506,429.57936507936506,0.05321526639562358,0.05321526639562358,13.402497879236574,0.125,22.29161895571492,1,0.0,0.0
US.DPZ,2026-05-09,613505.0,613505.0,1533,1533,27,27.0,35.944,-0.149926692,10759549707.6,13.32694532303638,13.32694532303638,56.77777777777778,56.77777777777778,0.7024362373997591,0.7024362373997591,91980.77517546,202309.46217493498,2814.48977079,35.944,56.77777777777778,56.77777777777778,400.1989562948467,400.1989562948467,0.3645721638430193,0.3645721638430193,0.24318801808176382,0.014084507042253521,23.09905954216125,1,0.0,0.0
US.DVA,2026-05-09,4256596.0,3734596.0,1847,1547,1865,932.5,36.986999999999995,0.6034601385,12753330000.0,28.298575255039665,14.149287627519833,0.9728631224577964,0.9993540051679587,0.10217008338593399,0.12144624796185623,2697417.5331959603,2107930.352678532,32428.138281132,36.986999999999995,0.9728631224577964,0.9993540051679587,2077.044602456367,2414.089204912734,0.06787495543021124,0.13574991086042248,0.13432628358605275,0.006172839506172839,23.26905825099921,2,0.0,0.0
US.DVN,2026-05-09,3199427.0,1962303.0,55676,25061,55209,18403.0,11.960333333333333,0.10734819433333333,28342054000.0,41.04333857027703,13.68111285675901,16687.033901477418,25061.0,791885.3344238073,1962303.0,265290.988182493,58970.291223922,41227.669237248,11.960333333333333,16687.033901477418,25061.0,80.51472638903978,146.70899376669635,0.8020500205002049,1.7999999999999998,0.0918836927701649,0.014084507042253521,24.067612545682113,3,0.0,0.0
US.EA,2026-05-09,1063475.0,1063475.0,4041,4041,2703,2703.0,27.352,-0.10361467,50160854233.72,13.877053346372021,13.877053346372021,1.495005549389567,1.495005549389567,0.019628939898630706,0.019628939898630706,110191.61117825001,205509.591813925,6527.765880825,27.352,1.495005549389567,1.495005549389567,263.17124474140064,263.17124474140064,0.6269592476489028,0.6269592476489028,0.12052678853100453,0.009433962264150943,24.638500763323833,1,0.0,0.0
US.EL,2026-05-09,822073.0,822073.0,1508,1508,5089,5089.0,0.0,0.0,31186721673.0,13.619585694317271,13.619585694317271,0.296325407742189,0.296325407742189,0.018740046659028457,0.018740046659028457,0.0,0.0,0.0,0.0,0.296325407742189,0.296325407742189,545.1412466843501,545.1412466843501,0.04655734312761893,0.04655734312761893,0.0,0.125,24.163258253802045,1,0.0,0.0
US.ELF,2026-05-09,390660.0,390660.0,583,583,73,73.0,74.344,-0.253658067,3593919265.54,12.875595455226332,12.875595455226332,7.986301369863014,7.986301369863014,0.8793143032065509,0.8793143032065509,99094.06045422,55795.883628899996,3797.5902336000004,74.344,7.986301369863014,7.986301369863014,670.0857632933105,670.0857632933105,0.028464419475655357,0.028464419475655357,0.1769339140406876,0.005076142131979695,22.00250916165536,1,0.0,0.0
US.ENPH,2026-05-09,1246694.0,701484.0,2036,1019,5113,2556.5,73.17750000000001,0.13287471649999996,4804045119.0,26.669882950227944,13.334941475113972,0.7211519051923493,1.2035502958579882,0.13139948610885843,0.22775269681252583,645589.3685034399,103020.47639921599,29322.787936372006,73.17750000000001,0.7211519051923493,1.2035502958579882,612.4011365182478,689.7581120943953,0.08130789454078322,0.10904436051013788,0.2771597273370268,0.007518796992481203,22.29272413329323,2,0.7772237142971187,1.0019665683382497
US.EOG,2026-05-09,1035706.0,362670.0,1567,709,491,163.66666666666666,36.201,0.46946722966666665,69257687755.9,38.24890045488265,12.749633484960883,43.263165266106434,85.0,2.5455820904074926,4.804291317388295,678127.046575128,125388.954978529,28015.385805862003,36.201,43.263165266106434,85.0,693.1525212502875,832.9907621247113,0.05700265722214759,0.08343763037129737,1.9949971173105074,0.08582089552238807,24.961099990392274,3,0.5388567624911594,0.8263403263403264
US.EQT,2026-05-09,383613.0,383613.0,1112,1112,1154,1154.0,34.506,0.433762855,35001748880.0,12.85739211767581,12.85739211767581,0.9636048526863085,0.9636048526863085,0.0594031946562474,0.0594031946562474,166397.070095115,50971.03141461,12950.534738262,34.506,0.9636048526863085,0.9636048526863085,344.9757194244604,344.9757194244604,0.07246376811594203,0.07246376811594203,0.14574555299776917,0.007462686567164179,24.278663865216036,1,0.0,0.0
US.ETN,2026-05-09,700755.0,386331.0,704,456,342,171.0,35.723,-0.437181372,155906333000.0,25.5229532353121,12.76147661765605,10.751136363636363,20.727272727272727,0.23091672685611817,0.43736146048666286,311235.445039101,244725.41364476696,10267.599709224,35.723,10.751136363636363,20.727272727272727,1057.5279074702885,1267.8387096774193,0.12188045828458485,0.13737793784576546,1.500763265876565,0.0744047619047619,25.772521234385213,2,0.0,0.0
US.EXPE,2026-05-09,12610620.0,5274640.0,8074,4012,2242,747.3333333333334,47.38399999999999,0.10422903733333333,27602677268.46,45.620395544754494,15.206798514918164,25.168176866004853,59.88059701492537,1.660448845685025,3.423165933961811,5027409.520799118,5990501.777922797,85417.463451224,47.38399999999999,25.168176866004853,59.88059701492537,1647.4852199075904,2364.8966033966035,0.19847771595697805,0.4800000000000001,0.30719148946955205,0.012911632314617389,24.041178607481744,3,0.2599075467149451,0.3425340871300299
US.FBIN,2026-05-09,6339508.0,3785977.0,159817,88053,162710,81355.0,55.294,0.066118047,4530763977.66,29.89980285666271,14.949901428331355,0.9825101518459891,0.9852820034049097,0.010583441072131746,0.013686012226360874,1339600.10665769,93868.25687774499,614323.984526521,55.294,0.9825101518459891,0.9852820034049097,40.87793399159151,52.755936123961874,0.7567765567765568,0.8571428571428572,3.985648795673795,0.125,22.234156410932574,2,0.6744708169119886,1.2269801014436208
US.FCX,2026-05-09,2170208.0,601116.0,7336,2467,53976,10795.2,49.6942,-0.18220496339999998,88603479009.9,64.70420588029546,12.940841176059092,0.9229739373268391,3.439453125,0.03578554180227582,0.1027850643755069,974797.154756041,188351.95939421,83686.502264586,49.6942,0.9229739373268391,3.439453125,418.21409236371017,994.5396825396825,0.12884221839757412,0.20540540540540533,1.0965742463862929,0.039227503385090415,25.207436960275253,5,0.8560938186881326,0.7827460510328068
US.FLEX,2026-05-09,3255991.0,1424396.0,3594,2633,781,195.25,46.758250000000004,0.36613316975,52272201775.08,53.8795246527459,13.469881163186475,30.168630206444508,114.47826086956522,1.2546971086211376,4.3560709621977365,1142453.296194431,298019.556849709,25379.318953243,46.758250000000004,30.168630206444508,114.47826086956522,1784.155557099809,4076.7557603686637,0.43408340000851625,1.0886075949367084,2.4455988212247055,0.07197350771294433,24.67973055191552,4,0.7776806553850606,2.739854318418314
US.FLR,2026-05-09,3359618.0,3359618.0,4023,4023,5033,5033.0,79.661,-0.95659327,6049103195.76,15.027338132652789,15.027338132652789,0.7993244585734155,0.7993244585734155,0.15412560178325246,0.15412560178325246,3213787.96857086,18386.215024780002,70801.7655983,79.661,0.7993244585734155,0.7993244585734155,835.1026597066866,835.1026597066866,0.6114412894073911,0.6114412894073911,4.6352138154588856,0.125,22.523175866061226,1,0.0,0.0
US.FOUR,2026-05-09,486252.0,486252.0,1041,1041,275,275.0,65.478,-0.550759505,3377825583.92,13.09448434356157,13.09448434356157,3.7854545454545456,3.7854545454545456,0.41526282078654086,0.41526282078654086,267807.91082526004,27432.491541156,20732.976642924,65.478,3.7854545454545456,3.7854545454545456,467.1008645533141,467.1008645533141,0.36901408450704226,0.36901408450704226,0.7598723898522558,0.023809523809523808,21.94049802135247,1,0.0,0.0
US.FSLR,2026-05-09,779039.0,406274.0,1522,977,7141,3570.5,51.0775,-0.0774247585,23634367191.85,25.743491705111914,12.871745852555957,0.5919081532063607,1.0361216730038023,0.017506155708407495,0.03221999123547782,263444.983868355,142047.26521287998,12993.943796274001,51.0775,0.5919081532063607,1.0361216730038023,549.9053787572892,683.9724770642201,0.4872303256661248,0.529006105877704,2.1760904434574724,0.0744047619047619,23.88596772667832,2,0.9175211802871953,0.5578300921187308
US.FTNT,2026-05-09,2801376.0,716128.0,3680,1423,7333,1222.1666666666667,33.80016666666666,0.39899837299999996,83510880501.29,78.09859149947897,13.016431916579828,5.998670153252925,31.161290322580644,0.25432293113473725,1.2541450213083647,1509030.679363504,297568.946694103,49518.035503203,33.80016666666666,5.998670153252925,31.161290322580644,1413.4354899631253,3493.307317073171,0.7363383346305565,2.506207324643079,0.7076105996026657,0.05046990066435095,25.148242765730853,6,0.1429667205093169,0.20973044049967127
US.GDX,2026-05-09,7836898.0,1669907.0,45468,15746,110524,11052.4,46.5644,0.3754190532,,134.46282208768818,13.446282208768817,6.877804248522878,52.170731707317074,0.08480565906861368,0.5482041880361715,3359173.532577619,556572.841046624,363559.40149491996,46.5644,6.877804248522878,52.170731707317074,335.71487548949926,1001.5235204855842,0.4912358703808404,1.0526315789473686,2.039196885659337,0.07343226022803487,0.0,10,0.04765074930662585,0.03647305553022705
US.GE,2026-05-09,2090995.0,1103994.0,2439,1298,6824,2274.6666666666665,37.202333333333335,0.18743627966666668,310027659380.25,40.05317392519891,13.351057975066304,0.382937014737781,0.7283950617283951,0.011255921432942554,0.020848906361273855,887289.4553149571,663321.7645704111,31476.393681896,37.202333333333335,0.382937014737781,0.7283950617283951,1050.0039852521084,1614.475113122172,0.4045468428891099,0.6327271806942283,1.2788003944808324,0.057539682539682536,26.45992735425588,3,1.118533821141012,1.137598597721297
US.GEV,2026-05-09,6738295.0,2629284.0,2606,940,1401,233.5,50.1355,-0.10757805833333334,279509102799.25,82.37270960110689,13.728784933517815,158.38657996669136,940.0,142410.06502755193,854460.0,2346953.899201452,7027868.409494715,18446.983230080998,50.1355,158.38657996669136,940.0,2987.705765126666,4888.2015209125475,0.3222359558542951,0.7376930740506954,2.101316948316353,0.07214900514196289,26.35630069716955,6,5.776337357927405,3.992337164750958
US.GILD,2026-05-09,384859.0,384859.0,2376,2376,6352,6352.0,29.178,-0.386129107,163055371552.42,12.86063491077455,12.86063491077455,0.37405541561712846,0.37405541561712846,0.004613464821538067,0.004613464821538067,148605.26199091302,26589.573097811,27975.56235078,29.178,0.37405541561712846,0.37405541561712846,161.9776936026936,161.9776936026936,0.5848500444486034,0.5848500444486034,2.1202840319495126,0.125,25.817355682848966,1,0.0,0.0
US.GLD,2026-05-09,89234938.0,20760755.0,142981,22764,348960,7121.632653061224,23.34226530612245,0.19164517375510204,,675.7286595564939,13.790380807275385,18.9934501571195,262.0,8761.363955072995,429275.0,35947709.246979974,38491458.964278035,1269319.717530472,23.34226530612245,18.9934501571195,262.0,1271.1200463641471,6478.817391304347,0.18448952195474833,0.6894197952218428,0.7141994944345701,0.05345115707958026,0.0,49,0.1846402545671342,0.23256295095816487
US.GLW,2026-05-09,57372480.0,8877958.0,51942,7432,76997,1877.9756097560976,71.40443902439024,0.41916115948780486,160887635005.5,564.295593238425,13.763307152156708,15.30659976329611,440.0,7745.417556454919,317557.0,31831702.737158816,10215778.803122543,640824.007422252,71.40443902439024,15.30659976329611,440.0,1632.019365698123,4393.604838709677,0.9903958893908106,4.431372549019607,2.329206962824321,0.057256388613940765,25.803972039057598,41,0.005741771211578604,0.00497242913804779
US.GME,2026-05-09,1715816.0,509108.0,25045,14513,142114,35528.5,44.1695,0.26506157025,10886548811.96,51.79511995286924,12.94877998821731,6.874211274968787,26.666666666666668,4.415292179678847,17.644197327475744,444213.52947859094,28957.700755201,168922.435713308,44.1695,6.874211274968787,26.666666666666668,463.015911107877,1606.5041666666666,0.22461772678553557,0.49999999999999994,1.3124654802035447,0.049107142857142856,23.110793810253146,4,0.0,0.0
US.GOOG,2026-05-09,54604590.0,4343359.0,49615,6122,132541,2650.82,31.43102,0.34508538019999996,4810657800000.0,683.092095480527,13.661841909610539,1.6612623710064027,12.6875,0.0926203462989267,2.263101309658733,30899850.02999882,20508211.56306268,603109.935383055,31.43102,1.6612623710064027,12.6875,1850.310125724671,7570.8712871287125,0.1752754328836016,0.46984126984126984,1.0517253740154642,0.05873348939676197,29.20185494745283,50,0.1710482278189619,0.3071025870699194
US.GOOGL,2026-05-09,92579023.0,7674915.0,97737,9275,342745,4827.394366197183,29.19669014084507,0.30276847145070424,4855038708000.0,970.9843042725217,13.675835271443969,1.6111924243635383,22.263157894736842,0.031469590439364474,0.5581439972138551,49368618.2529268,27262635.097135745,1232080.608161936,29.19669014084507,1.6111924243635383,22.263157894736842,1740.092967561266,8791.426116838487,0.2365580512329246,0.7756410256410255,1.2076629075038274,0.08048070034758728,29.211038190451795,71,0.09652229274784505,0.15473771266540642
US.GPN,2026-05-09,1980560.0,1620982.0,4889,3028,3833,1916.5,39.911500000000004,-0.533402652,18916326736.89,27.09123249496345,13.545616247481725,3.632117536298206,6.713968957871397,0.2674169846595898,0.5194674262106113,1012606.6164170279,163003.2178914,108179.94726128201,39.911500000000004,3.632117536298206,6.713968957871397,364.2742682127831,535.3309114927345,0.10285958173282107,0.12121212121212106,1.6868831625601748,0.0744047619047619,23.66329123467518,2,0.0,0.0
US.GS,2026-05-09,3451060.0,1615518.0,923,353,409,136.33333333333334,32.729,-0.3072537893333333,276268549618.08,41.462239279463304,13.820746426487768,15.657959101844426,43.4,0.37900841925513307,0.9732188621219887,1035557.9409666259,6623162.59463135,7090.7369219619995,32.729,15.657959101844426,43.4,3528.4796978281397,4576.5382436260625,0.03242022439651492,0.05338345309759336,0.2090039595419362,0.013804434617038265,26.344639235466424,3,0.0,0.0
US.GWW,2026-05-09,1892000.0,1892000.0,215,215,34,34.0,22.281,0.995536674,58247297041.49,14.453145557135047,14.453145557135047,6.323529411764706,6.323529411764706,0.45105461432208066,0.45105461432208066,1883555.387208,42319.95328,653.708704,22.281,6.323529411764706,6.323529411764706,8800.0,8800.0,0.06664674206773606,0.06664674206773606,6.355697063283715,0.125,24.78796352561155,1,0.0,0.0
US.HAL,2026-05-09,1004056.0,613699.0,1137,572,31065,15532.5,38.1995,0.8438300894999999,33273891785.05,26.202081034143696,13.101040517071848,0.08916494779319414,0.15751324226373015,0.02326085030640358,0.042955000906067124,863325.081752893,51140.985789763,23246.000079048,38.1995,0.08916494779319414,0.15751324226373015,884.3176140231451,1086.1929203539823,0.07125606063120649,0.12526514455597682,0.1951773813300901,0.007462686567164179,24.228038895971245,2,0.0,0.0
US.HD,2026-05-09,4568986.0,4568986.0,2001,2001,47,47.0,38.234,0.753776053,316188980032.1,15.334802075279816,15.334802075279816,42.57446808510638,42.57446808510638,3.0622922691795993,3.0622922691795993,3443992.233292258,1094090.465840696,49576.257767544,38.234,42.57446808510638,42.57446808510638,2283.351324337831,2283.351324337831,0.15498118626919738,0.15498118626919738,1.0121027776820533,0.045454545454545456,26.479605909859245,1,0.0,0.0
US.HIMS,2026-05-09,8489835.0,1459669.0,46905,9934,69598,5799.833333333333,133.91033333333334,0.4150733115833334,6532378046.37,160.31821030990022,13.359850859158351,1.262685580381059,5.662273476112026,0.08509245136775467,0.38508172255183454,4703134.495651094,167604.25583839498,522565.39469539595,133.91033333333334,1.262685580381059,5.662273476112026,235.61414189291335,516.4,1.0271614014359212,1.8561151079136693,8.43882487590975,0.09889196288844176,22.600036886584704,12,0.09562459171381987,0.06285830821871247
US.HLIT,2026-05-09,312975.0,312975.0,2216,2216,301,301.0,83.068,0.595379114,1389595532.43,12.65388178926614,12.65388178926614,7.362126245847176,7.362126245847176,0.8116971531273585,0.8116971531273585,186338.77820415,5166.323706375,34269.939688725,83.068,7.362126245847176,7.362126245847176,141.2342057761733,141.2342057761733,0.4720000000000001,0.4720000000000001,1.0721341576632422,0.024390243902439025,21.052278558601316,1,0.0,0.0
US.HOOD,2026-05-09,21014634.0,3652293.0,73349,12993,142362,5475.461538461538,62.458769230769235,0.141380239,69365904540.71,346.0027543628724,13.307798244725861,1.8429600600590905,9.553719008264462,0.05825311898967981,0.22594315458399053,10908340.657588175,1713681.4416776719,669665.687753353,62.458769230769235,1.8429600600590905,9.553719008264462,709.2601136853839,6380.212765957447,0.3054054844542727,0.6615969581749049,2.6627443013191527,0.0730710314995407,24.962661294712824,26,0.4948212770086153,0.2172693628955972
US.HPE,2026-05-09,306826.0,306826.0,1271,1271,11665,11665.0,52.51,0.641151123,41596875690.15,12.63403934981813,12.63403934981813,0.10895842263180454,0.10895842263180454,0.008390152796947752,0.008390152796947752,196721.834465598,12034.046785254,20805.320920981998,52.51,0.10895842263180454,0.10895842263180454,241.40519276160504,241.40519276160504,0.40953273794838907,0.40953273794838907,0.6893060744198293,0.023809523809523808,24.45129089781509,1,0.0,0.0
US.HPQ,2026-05-09,1008000.0,1008000.0,3200,3200,4,4.0,53.442,-0.377634969,20741998513.32,13.82347971967645,13.82347971967645,800.0,800.0,111.11111111111111,111.11111111111111,380656.048752,63542.524752000005,43824.714192,53.442,800.0,800.0,315.0,315.0,0.0,0.0,0.12190615664443183,0.005076142131979695,23.7554263954873,1,0.0,0.0
US.HR,2026-05-09,5774751.0,2869338.0,5983,3000,1271,317.75,239.2225,0.731513817,,56.00608294577032,14.00152073644258,45.76350301350301,124.0,38.66652515523484,107.2148174406239,4166764.185245244,13804.342498962,32333.681841496,239.2225,45.76350301350301,124.0,1300.1632677124203,1742.2407834101382,0.039662814022834975,0.05996402158704791,3.9138896120007494,0.0744047619047619,0.0,4,0.0,0.0
US.HSIC,2026-05-09,494310.0,494310.0,1001,1001,204,204.0,31.708,0.481498264,8067584730.74,13.110920152739531,13.110920152739531,4.9068627450980395,4.9068627450980395,0.3421474492084324,0.3421474492084324,238009.40687784,102215.72182443,11972.49220065,31.708,4.9068627450980395,4.9068627450980395,493.8161838161838,493.8161838161838,0.39603960396039606,0.39603960396039606,0.0948774133639405,0.005076142131979695,22.811119984684943,1,0.0,0.0
US.HUM,2026-05-09,1630329.0,1140279.0,1637,1092,1809,904.5,45.1145,0.3045483475,33012110040.0,27.04904915055092,13.52452457527546,0.8806181035256122,0.9936305732484076,0.03731328427917177,0.05840946903416425,965443.58477178,426998.052751851,11397.249467958,45.1145,0.8806181035256122,0.9936305732484076,1270.5093910676478,2092.2550458715596,0.477258639676349,0.9188034188034189,0.5761115027141888,0.023809523809523808,24.22014030203492,2,0.42976324215389394,2.003669724770642
US.IBM,2026-05-09,856643.0,496647.0,1775,1044,5817,2908.5,32.1335,0.40226845749999995,215948041932.8,25.90948778171886,12.95474389085943,0.3256093056252961,0.4384712305753885,0.006435791615749194,0.006580575213008275,330584.61167531495,257971.49190112497,19211.656354263003,32.1335,0.3256093056252961,0.4384712305753885,512.115707763993,679.4076607387141,0.37755865351921114,0.5433526011560693,1.2634248734052225,0.06721698113207547,26.098303669091823,2,0.0,0.0
US.INSM,2026-05-09,654508.0,654508.0,1179,1179,12,12.0,57.481,0.267775725,21967860908.85,13.391640615192475,13.391640615192475,98.25,98.25,5.381581976648578,5.381581976648578,175261.35421830002,117114.31763862801,6898.832410888,57.481,98.25,98.25,555.1382527565734,555.1382527565734,0.2381150611939057,0.2381150611939057,0.2867901710684251,0.009433962264150943,23.812846354462998,1,0.0,0.0
US.INTC,2026-05-09,795206506.0,40257315.0,1222158,75642,1148708,3658.3057324840765,97.38795541401274,0.3044493351687898,627722270000.0,4447.659713804997,14.164521381544578,31.62800637049741,3254.0,21571.389487312452,2534761.0,434686113.3380993,88755131.41881001,8778154.649707265,97.38795541401274,31.62800637049741,3254.0,1522.87924517468,7998.640159045725,2.9875866952096324,133.83458646616543,3.2291884150567745,0.05456052631138963,27.165363660374013,314,0.2946451748339044,0.8818325016052019
US.INTU,2026-05-09,5441092.0,1367746.0,3038,1236,630,78.75,66.757375,0.096366749,109599530500.0,106.69577410382148,13.336971762977685,11.818667186699697,22.384615384615383,0.6850806585924728,1.768615477782544,2271441.212398121,2512221.263773035,28027.881298262,66.757375,11.818667186699697,22.384615384615383,2305.1843197082544,4499.164473684211,0.22556723839249299,0.5063906121533747,1.9065873647727778,0.05004188404966206,25.42009892770115,8,1.806089642759524,2.316593886462882
US.IRDM,2026-05-09,318439.0,318439.0,1352,1352,8161,8161.0,74.555,0.662672031,4383472266.24,12.671189353202514,12.671189353202514,0.16566597230731528,0.16566597230731528,0.009411385779187107,0.009411385779187107,211020.618879609,6369.645517202,28493.563794564,74.555,0.16566597230731528,0.16566597230731528,235.53180473372782,235.53180473372782,0.9142857142857144,0.9142857142857144,6.1960984002274095,0.14285714285714285,22.201107002348056,1,0.0,0.0
US.IRM,2026-05-09,314112.0,314112.0,225,225,322,322.0,50.755,0.952764481,,12.657508072763239,12.657508072763239,0.6987577639751553,0.6987577639751553,0.07571430499767635,0.07571430499767635,299274.756655872,5486.610637824,3440.9584366080003,50.755,0.6987577639751553,0.6987577639751553,1396.0533333333333,1396.0533333333333,0.033478966839083225,0.033478966839083225,4.060975086122146,0.125,0.0,1,0.0,0.0
US.JBL,2026-05-09,2346480.0,1992032.0,4542,2272,210,105.0,52.4765,-0.230508689,37469256203.3,27.282986033261313,13.641493016630656,384.1497584541063,757.3333333333334,1.7988550799451277,3.3267445680229013,757174.4185597759,560410.1900249921,22617.519184384,52.4765,384.1497584541063,757.3333333333334,516.7770894086989,877.5471365638766,0.331706818743265,0.5134599867967432,1.8550516591846264,0.06666666666666667,24.346786599122638,2,0.0,0.0
US.JD,2026-05-09,1362197.0,774228.0,13594,9307,511,255.5,40.3425,0.3523370625,41152178655.16,26.84405417961635,13.422027089808175,4657.702941176471,9307.0,128.6725656143639,256.96249585131096,468125.54788133205,65153.53816155,92785.45567077401,40.3425,4657.702941176471,9307.0,110.16966467847689,137.15162118031256,0.09713717485738212,0.10101010101010094,0.30835317822770003,0.014084507042253521,24.440542706924614,2,0.0,0.0
US.JNJ,2026-05-09,2927358.0,1785879.0,4622,2620,16640,5546.666666666667,18.245333333333335,0.6160976066666667,532765260021.72,40.86652046823685,13.622173489412283,0.3978344384862896,0.5822306238185255,0.024651817949198393,0.058195935232393234,1828806.8922334888,673704.029469216,66090.855572595,18.245333333333335,0.3978344384862896,0.5822306238185255,1055.1420014059502,2212.1688311688313,0.130406751626111,0.23388305847076457,0.36490904800151913,0.023809523809523808,27.001346751386745,3,0.0,0.0
US.JPM,2026-05-09,11712263.0,1812771.0,42324,9535,42924,2524.9411764705883,25.77135294117647,0.1415595804117647,809480399377.8,226.27902863916628,13.310531096421546,2.1871545405139052,17.340425531914892,0.029417483975765685,0.24171086085345841,4089588.13809097,2812844.333526729,233382.20128248,25.77135294117647,2.1871545405139052,17.340425531914892,556.3473687830476,1781.030612244898,0.7530192012067471,2.250869654184571,1.1302003130977274,0.07280546021225393,27.41965839652673,17,1.2090948459760558,1.9518761333519319
US.KBR,2026-05-09,3300000.0,1700000.0,4000,2000,2835,1417.5,50.2355,-0.7973653195,4125745200.78,28.631654209471378,14.315827104735689,1.7374559967052687,2.4906600249066004,0.4462911180045728,0.6506026494070714,2629264.7612,143259.4922,143076.52400000003,50.2355,1.7374559967052687,2.4906600249066004,825.0,850.0,0.0,0.0,0.3863997313690346,0.015636105188343994,22.14051249539388,2,0.0,0.0
US.KKR,2026-05-09,1522512.0,1113842.0,8622,8021,1535,767.5,43.9645,0.004656904500000003,91182701238.2,26.843992466307462,13.421996233153731,5.248326241134752,5.688652482269504,0.19797692475849724,0.3188997268825595,551537.010158898,142563.836632024,72719.056145914,43.9645,5.248326241134752,5.688652482269504,409.4245442651476,679.9833610648918,0.6042475466983853,1.1665370514387288,1.80207878783591,0.06721698113207547,25.236131036640547,2,0.3669012301565213,0.07492831317790799
US.KLAC,2026-05-09,5311613.0,4492774.0,837,524,640,320.0,55.11450000000001,0.519614543,244167655977.99,28.93362509245396,14.46681254622698,1.3983108650296903,1.955223880597015,0.04047934898365245,0.06461274382147128,3936032.507544394,3402510.230621757,9348.452941649,55.11450000000001,1.3983108650296903,1.955223880597015,7958.290195229618,14353.91054313099,0.9893549776091494,1.6455304670584598,4.1456448323818496,0.125,26.2211209409524,2,0.0,0.0
US.KO,2026-05-09,2636250.0,1303579.0,5331,1963,5926,1975.3333333333333,15.939666666666668,0.7158623550000001,337400671219.56,40.75809308522765,13.586031028409217,2.3976640335964956,5.741935483870968,0.1391165295358386,0.33973094720435343,2011127.7366892828,308740.0449515,110719.69301769,15.939666666666668,2.3976640335964956,5.741935483870968,476.3009420113246,664.0748853795211,0.07631749965067876,0.11192120746994118,0.14929344721406732,0.011447284530226629,26.54453699644741,3,0.0,0.0
US.LFUS,2026-05-09,370424.0,370424.0,504,504,0,0.0,54.462,-0.291064178,11557787795.12,12.822406274076934,12.822406274076934,504.0,504.0,370424.0,370424.0,107817.157071472,80329.91897712,3688.55624784,54.462,504.0,504.0,734.968253968254,734.968253968254,0.25611510791366904,0.25611510791366904,3.945323656279014,0.125,23.170625314759974,1,0.0,0.0
US.LITE,2026-05-09,18053401.0,3207474.0,4868,670,7655,546.7857142857143,94.38149999999999,0.07331892242857144,70315640000.0,193.06726648975226,13.790519034982305,1.2520151490230496,6.461538461538462,0.04125179053802725,0.22437741501693703,7277495.228878842,16820628.0364182,35672.538451,94.38149999999999,1.2520151490230496,6.461538461538462,4061.4581712481436,14423.855072463768,0.5179308827866631,0.9044251110972021,4.656896526737312,0.08464434405173178,24.97626008614002,14,0.5481884719162636,0.8232209737827715
US.LLY,2026-05-09,3440483.0,958986.0,2967,938,7504,1250.6666666666667,33.477666666666664,0.0067343390000000015,893194636520.7,79.2635431540618,13.210590525676965,0.6129112040964247,1.515850144092219,0.010500198459861486,0.028971594583290093,947171.129357736,3694411.447646912,13159.489036864,33.477666666666664,0.6129112040964247,1.515850144092219,1773.3055672213648,4655.271844660194,0.43234651895127163,0.6619199255787326,1.018864418467037,0.055143755615453725,27.518070352104527,6,1.406437014758341,0.7745215311004785
US.LRCX,2026-05-09,12326373.0,2924393.0,11754,2530,15242,1385.6363636363637,65.04590909090909,0.10738950018181818,367730402550.0,151.26277684793087,13.751161531630078,4.996704363250175,24.548387096774192,0.17018264384380297,1.1066800178855951,5366769.222820996,3424386.1611373127,109961.093060615,65.04590909090909,4.996704363250175,24.548387096774192,1405.4778547327476,3373.002306805075,0.29343230814597404,0.5910145750204517,2.7916718856588303,0.07177292404565132,26.63061590486795,11,0.2509055242765345,0.1988984088127295
US.LTH,2026-05-09,612859.0,612859.0,3655,3655,1151,1151.0,34.044,0.922665392,7107705424.34,13.325891803842682,13.325891803842682,3.1754995655951346,3.1754995655951346,0.16675786493205844,0.16675786493205844,565463.789475728,3743.79015907,61850.579702574,34.044,3.1754995655951346,3.1754995655951346,167.6768809849521,167.6768809849521,0.4558676681283377,0.4558676681283377,3.016280798136438,0.14285714285714285,22.684445303687305,1,0.0,0.0
US.LVS,2026-05-09,337443.0,337443.0,768,768,2,2.0,55.151,0.866187621,35192668330.75,12.729154849601565,12.729154849601565,384.0,384.0,31.76831105253248,31.76831105253248,292288.949393103,5320.378407921,18070.608846927,55.151,384.0,384.0,439.37890625,439.37890625,0.06821282401091402,0.06821282401091402,4.230411764709613,0.125,24.284103611826087,1,0.0,0.0
US.LYFT,2026-05-09,1735570.0,856463.0,16629,6515,9433,3144.3333333333335,62.03966666666667,-0.13276323233333334,5483477821.5,39.57004820371367,13.190016067904557,2.0475102965368115,3.2493765586034913,0.1605233394966487,0.29767497632226053,722797.933830319,43532.065613913,219911.32665185299,62.03966666666667,2.0475102965368115,3.2493765586034913,101.14446948003241,131.46016884113584,0.263317593292513,0.44333387070772207,1.9074017606285654,0.053968253968253964,22.425005375750413,3,1.0264389705101096,1.5524174980813508
US.MA,2026-05-09,905793.0,536840.0,903,503,1181,590.5,25.408,0.103075627,437798128475.4,26.011884494267605,13.005942247133802,2.027337304583718,3.6715328467153285,0.04310914065845627,0.07908573799114801,402908.809051066,425816.721480298,11817.198126658,25.408,2.027337304583718,3.6715328467153285,994.829420974155,1067.2763419483101,0.19885712342482614,0.21304009491127582,0.6437726052493835,0.04523809523809524,26.805023747189125,2,0.6872680873258327,0.7952286282306164
US.MARA,2026-05-09,6069804.0,2138147.0,117477,34567,68819,11469.833333333334,101.49416666666667,0.232438989,4932692596.16,81.6424769842893,13.60707949738155,2.037074454143252,6.318840579710145,0.10859174720555702,0.2141062779285993,2571303.362529202,51551.508394161996,1132341.2862466339,101.49416666666667,2.037074454143252,6.318840579710145,136.21444469032468,384.8537794299876,0.702674077658129,1.0666666666666667,6.092639539341392,0.10055626872058193,22.319150841659315,6,0.05392685511441032,0.006916945230136281
US.MCD,2026-05-09,10078196.0,3565957.0,8827,3044,4124,458.22222222222223,34.51244444444445,-0.3677671131111111,195921990619.25,123.4721256642269,13.719125073802989,7.660847166606682,55.583333333333336,0.48581669766393987,3.5921799133675836,4875201.860221706,986419.889566167,89745.70450048501,34.51244444444445,7.660847166606682,55.583333333333336,2217.7696589119223,4820.0,0.6455251592129225,2.8986369858936967,1.9160534820830941,0.10069691226407645,26.000982409911565,9,0.7723778577014722,0.27705439814814814
US.MCHP,2026-05-09,718453230.0,389362751.0,212255,108203,103085,10308.5,42.259100000000004,0.4047011297,53621112533.22,150.89072568720886,15.089072568720885,31.86282512233482,284.7447368421053,8.606840482611895,83.98199244705769,273710314.67333794,47021040.53218268,2328339.804825921,42.259100000000004,31.86282512233482,284.7447368421053,1645.8945338828391,4337.095527708159,0.2693993429498238,0.6123076923076923,0.43303050701812895,0.030216520743638675,24.70520871803245,10,0.002770141282594344,0.022482031716669557
US.MCK,2026-05-09,1562877.0,565853.0,1563,607,1343,335.75,29.804750000000002,0.09078075075,88330800000.0,51.37574252698208,12.84393563174552,4.011191293943167,9.0625,0.06661595257806154,0.13691303033596436,716619.0941659199,599194.815234898,19670.13010192,29.804750000000002,4.011191293943167,9.0625,1068.7139916615602,1533.4769647696478,0.5020618583101186,0.590303553994992,2.2484665599919413,0.125,25.204354694619305,4,0.7593032025665559,1.3717754172989378
US.MCY,2026-05-09,722966.0,722966.0,375,375,545,545.0,0.0,0.0,5520584453.09,13.491118856945695,13.491118856945695,0.6880733944954128,0.6880733944954128,0.13309352054440204,0.13309352054440204,0.0,0.0,0.0,0.0,0.6880733944954128,0.6880733944954128,1927.9093333333333,1927.9093333333333,0.013768870236659342,0.013768870236659342,0.0,0.14285714285714285,22.43174957099472,1,0.0,0.0
US.MELI,2026-05-09,4207250.0,1683718.0,1266,346,431,107.75,39.74275,-0.14929685125,82764163558.64,54.96566304742123,13.741415761855308,5.999893676319669,12.76,0.14302659778933763,0.34305735917477276,1119924.566738894,7934410.560084625,7827.965256496,39.74275,5.999893676319669,12.76,3248.799665108208,4866.236994219653,0.9317495451510975,2.398870364724571,1.6343391374282594,0.06954225352112675,25.139260997398807,4,6.3445336489532,3.0838709677419356
US.META,2026-05-09,126624195.0,8638519.0,133461,6678,241600,2176.5765765765764,27.73573873873874,0.1263701357117117,1547498998817.52,1515.4082397439247,13.652326484179502,3.4103644020999035,48.955882352941174,0.07990381633716649,3.728974088683645,45397001.70652032,58516975.736855924,1376287.0356971691,27.73573873873874,3.4103644020999035,48.955882352941174,1918.872029058894,26019.635542168675,0.35571296684694315,1.229032258064516,1.4813428854425676,0.09756724281995104,28.067661194537923,111,0.5734125474288269,0.434046805492876
US.MNST,2026-05-09,1409121.0,546320.0,1865,780,4796,1598.6666666666667,28.602333333333334,0.2558857153333333,84384371640.0,39.13368001051667,13.044560003505557,133.32911855786062,399.0,182106.68618219727,546320.0,1242490.407500916,65089.722452168,49044.919604802,28.602333333333334,133.32911855786062,399.0,854.5015011364098,1369.2230576441102,3.185318856479905,7.472727272727273,0.9728702475243907,0.057539682539682536,25.158648051271886,3,0.6331935173927707,0.27216916780354705
US.MOH,2026-05-09,793833.0,793833.0,1269,1269,938,938.0,45.573,-0.308572219,9687474000.0,13.584629650361434,13.584629650361434,1.3528784648187633,1.3528784648187633,0.04551488856368138,0.04551488856368138,244954.81032542698,172721.424441819,9944.203894893,45.573,1.3528784648187633,1.3528784648187633,625.5579196217494,625.5579196217494,0.8045792050757453,0.8045792050757453,0.5415437138401238,0.024390243902439025,22.994099547854532,1,0.0,0.0
US.MP,2026-05-09,7947897.0,1068399.0,14816,2156,40328,2880.5714285714284,73.74728571428571,0.3749826378571428,12003820563.13,184.55587428573315,13.18256244898094,0.5638754969944034,2.925619834710744,0.048104521036414764,0.19261033931438085,3962526.4531795317,709745.55067416,178535.864816778,73.74728571428571,0.5638754969944034,2.925619834710744,728.7035854318034,1502.4980620155038,0.949010949487283,2.398251141258921,2.1699008477354953,0.048050563508985684,23.20849081640631,14,0.1691679014826471,0.19957898145899117
US.MPC,2026-05-09,2493690.0,1133533.0,1251,490,2544,848.0,43.35433333333333,0.703184575,71486523812.45,40.51259494639315,13.504198315464384,0.5058149446691055,0.6447368421052632,0.039967128773131584,0.060989744067366444,2005921.8056005419,387762.38011845294,20870.290484600002,43.35433333333333,0.5058149446691055,0.6447368421052632,2117.9274174844686,2975.1522309711286,0.14205748310731262,0.2982456140350876,1.751360173972576,0.057539682539682536,24.99277479074857,3,0.0,0.0
US.MRK,2026-05-09,717878.0,379479.0,989,552,2707,1353.5,28.6555,-0.7180023950000001,275089043342.7,25.57854108022102,12.78927054011051,218.6019955654102,437.0,17.040943394811606,34.070659005207396,520797.36556357006,75854.573841572,24198.498888147,28.6555,218.6019955654102,437.0,740.7073321891685,868.3729977116705,0.1098268453892986,0.11891414398804068,0.35872908703120554,0.02914614121510673,26.340360676180115,2,0.0,0.0
US.MRNA,2026-05-09,28601147.0,3820337.0,90826,9933,133704,5813.217391304348,96.49278260869565,0.4549051642608696,21565333176.65,316.5414309392669,13.762670910402909,21.23319691826025,377.0,0.7056135479451846,11.234029438822446,15286729.598511774,1156422.777612358,1109419.716020678,96.49278260869565,21.23319691826025,377.0,451.7268416816745,1400.2716981132075,6.394459410499175,27.427597955706982,4.536816341805026,0.07491324760155134,23.794352916852674,23,0.011142448984959754,0.005479846342894466
US.MRVL,2026-05-09,38923646.0,2295143.0,38668,5220,130111,3025.8372093023254,74.37627906976743,0.3155485771162791,148744659000.0,583.6028970168503,13.572160395740704,3.019858979081031,42.149253731343286,0.1864670240697995,2.013511178019267,18252512.323247205,8324097.39490206,411193.623001855,74.37627906976743,3.019858979081031,42.149253731343286,1672.6631207185521,4638.67942583732,0.33946991550968475,1.3469387755102038,2.009449562444155,0.052929340239774234,25.72549697485189,43,0.3442013969337052,0.3717894139350078
US.MS,2026-05-09,356047.0,356047.0,507,507,1200,1200.0,26.653,0.359803039,304557925314.53,12.782820832205898,12.782820832205898,0.4225,0.4225,0.015366193657534484,0.015366193657534484,128106.79262683299,155155.336071008,4288.4226894270005,26.653,0.4225,0.4225,702.2623274161735,702.2623274161735,0.08923076923076924,0.08923076923076924,0.11473960616254647,0.007462686567164179,26.442127136926036,1,0.0,0.0
US.MSFT,2026-05-09,129249067.0,6602085.0,203470,13178,630177,5386.128205128205,25.93174358974359,0.1526769035982906,3083246108242.24,1591.6375668907262,13.603739887954925,2.1494162304435043,91.88541666666667,0.030231658252388605,0.46317908212448705,45532669.22344878,55023123.17647517,1718588.339868272,25.93174358974359,2.1494162304435043,91.88541666666667,1370.7184589820622,9502.5,0.22626586357917144,1.11731843575419,0.9619633392173046,0.06942222443466291,28.757004089166216,117,0.43844720345370497,0.31648075778358653
US.MSTR,2026-05-09,127809957.0,15380450.0,257224,39099,275667,4176.772727272727,62.41636363636363,0.3199167193939394,65740516308.48,910.7798410147018,13.799694560828815,22.978384235442014,516.0,17918.21472993982,852663.0,57481834.47972218,15914569.841164708,2240499.313087322,62.41636363636363,22.978384235442014,516.0,1191.4288461085096,6042.541843971631,0.5500116795334209,1.2683837833631624,2.4034656532956666,0.07102131997752238,24.908981258961806,66,0.11304631098045419,0.13152534916969097
US.MTSI,2026-05-09,7506633.0,3067093.0,1208,586,4520,1130.0,67.92775,0.67837505375,27457323147.12,57.518373460830546,14.379593365207636,73.37637411734576,293.0,10.680085352443754,42.61271812826498,4990949.3970102165,5124794.847388953,20337.944512276,67.92775,73.37637411734576,293.0,6705.304416508204,8820.0,0.07055586297751842,0.14720314033366044,0.35063123098394633,0.009433962264150943,24.03589875067441,4,0.0,0.0
US.MU,2026-05-09,1709934710.0,47951323.0,462788,23618,435566,1131.3402597402599,91.02332467532469,0.30528652281818186,842180511946.29,5675.394849420128,14.741285323169162,12.47697553504347,439.42857142857144,14875.063013106846,2227878.0,1007780439.6682985,1180182250.7615683,3572473.863213653,91.02332467532469,12.47697553504347,439.42857142857144,6425.72502328233,60930.0,1.4548617446399876,12.263374485596708,3.1811498721213614,0.06037791886593898,27.459260212947115,385,0.24095988617452296,0.5974953054236165
US.MXL,2026-05-09,24655110.0,9540006.0,11046,3563,1579,157.9,163.433,0.32212763499999997,8939373086.97,140.05172124789848,14.005172124789848,418.865559895914,2477.0,157367.07520213912,1572690.0,15071799.1121299,4683770.915883355,144584.768459381,163.433,418.865559895914,2477.0,1720.1651347573247,3322.0302785627778,1.3473250088121533,3.8081492172754534,6.459439698679067,0.06840271410232898,22.913731299284862,10,0.08865786062442098,0.10471047104710471
US.NFLX,2026-05-09,24408691.0,4703872.0,81946,12823,341404,10668.875,32.236875,-0.038253754375000004,368402763214.72,424.6050946221044,13.268909206940762,0.6272300005145804,5.609170305676856,0.04015715741508857,0.5794890844667963,11174126.897169828,1742481.8314094641,912749.871773441,32.236875,0.6272300005145804,5.609170305676856,665.32155307338,2585.0,0.14016584063341414,0.45801526717557256,1.240388565984592,0.06369886673405903,26.632442641884992,32,1.8179633148691614,0.512979579779181
US.NIO,2026-05-09,430332.0,430332.0,3313,3313,18730,18730.0,69.751,0.737213054,14658152078.7,12.972314606567032,12.972314606567032,0.1768820074746396,0.1768820074746396,0.039274439744274234,0.039274439744274234,317246.367953928,4403.457395736,64132.25144239201,69.751,0.1768820074746396,0.1768820074746396,129.89194083911863,129.89194083911863,0.10902577680865969,0.10902577680865969,0.36202426769557744,0.009433962264150943,23.408262473597503,1,0.0,0.0
US.NKE,2026-05-09,1332550.0,555179.0,6079,3196,13696,4565.333333333333,21.97266666666667,0.0015402083333333298,65366353636.62,38.96195169484211,12.987317231614036,2.9753955412743216,5.748201438848921,0.5385893882091134,1.4625214697421522,359782.684607973,36857.255775518,84076.24122865201,21.97266666666667,2.9753955412743216,5.748201438848921,813.4350675895774,2168.66796875,0.19855964933299783,0.35602094240837695,0.5366916623881517,0.03809523809523809,24.903273492651493,3,0.3676914644885693,1.108567464446757
US.NOW,2026-05-09,10975311.0,1283492.0,20866,4171,67873,3770.722222222222,66.44505555555556,0.1714984367222222,94034663440.0,238.26995492432667,13.237219718018148,1.222880509345372,15.130434782608695,0.06750168390390024,0.5191800897094774,6113013.803932454,1248444.197168865,272592.939308549,66.44505555555556,1.222880509345372,15.130434782608695,974.1878837382145,3865.9397590361446,0.17008784474669777,0.4981554783638958,2.349001462426481,0.05150091941985722,25.26692931125179,18,0.5774020385636922,0.18080470827910136
US.NRG,2026-05-09,405837.0,405837.0,326,326,113,113.0,57.191,0.820004099,29139341371.7,12.913709344177965,12.913709344177965,2.8849557522123894,2.8849557522123894,0.26004473797018274,0.26004473797018274,332788.003525863,20232.165987432,9799.634839662,57.191,2.8849557522123894,2.8849557522123894,1244.898773006135,1244.898773006135,0.1890863791070673,0.1890863791070673,4.381623120451722,0.125,24.095355035285767,1,0.0,0.0
US.NSIT,2026-05-09,4255826.0,2398448.0,3548,1774,18,9.0,48.263,0.6812660265,2530786205.43,29.12500974854192,14.56250487427096,285.10714285714283,443.5,43.6974494058275,71.56128416278793,2923804.144972694,669971.4056829801,69227.346678316,48.263,285.10714285714283,443.5,1199.5,1352.0,0.0,0.0,0.2602390121104897,0.009523809523809525,21.651795844941606,2,0.0,0.0
US.NUE,2026-05-09,570697.0,570697.0,607,607,669,669.0,34.169,0.498959282,51809859010.0,13.254615452050462,13.254615452050462,0.9073243647234679,0.9073243647234679,0.03749713365856864,0.03749713365856864,284754.565359554,173401.953571861,8748.439738314999,34.169,0.9073243647234679,0.9073243647234679,940.1927512355849,940.1927512355849,0.08555555555555551,0.08555555555555551,0.45436759350644046,0.023809523809523808,24.67084629649938,1,0.0,0.0
US.NVDA,2026-05-09,891466361.0,31048781.0,1572204,91439,4005261,12555.67711598746,42.464451410658306,0.236954414338558,5229773100000.0,4536.115340812486,14.219797306622212,1.9808061718022771,110.46153846153847,0.0682085622096633,3.495254208543005,478668126.62928534,176162960.79674956,18302712.603152294,42.464451410658306,1.9808061718022771,110.46153846153847,1370.8954016549992,10624.226765799256,0.3016342567452179,2.813559322033899,1.4019502357332143,0.060420737320398044,29.28538900874322,319,0.1677372955595531,0.239160916324142
US.NXPI,2026-05-09,720950.0,720950.0,431,431,982,982.0,37.946,0.846785461,74415850535.25,13.488326452792572,13.488326452792572,0.43890020366598775,0.43890020366598775,0.024908056639528477,0.024908056639528477,610489.97810795,69112.50122405,11079.61799695,37.946,0.43890020366598775,0.43890020366598775,1672.737819025522,1672.737819025522,0.23513484627168768,0.23513484627168768,2.991500723338811,0.125,25.032934800936697,1,0.0,0.0
US.OKTA,2026-05-09,1090075.0,758354.0,4551,3120,5502,2751.0,66.257,0.20243400850000004,14711566399.9,26.250959440447694,13.125479720223847,1560.130067260498,3120.0,45.19751501460673,90.38784266984506,361797.614864082,58549.912247365995,35033.059829727,66.257,1560.130067260498,3120.0,237.43640071493846,243.0621794871795,0.641944911021846,1.0006253908692933,2.876112159318468,0.08522727272727273,23.41189985133586,2,2.2861199622574393,2.180293501048218
US.ON,2026-05-09,2708529.0,1107558.0,3775,1947,4834,1208.5,31.0415,0.0791315295,40444409311.2,53.295544952524224,13.323886238131056,6.718341168733281,24.133333333333333,1.360269589925189,5.137861757105943,243696.54647069,73401.22730797,22628.509609790002,31.0415,6.718341168733281,24.133333333333333,1246.4057363332859,2197.074585635359,0.12983491866522542,0.3869858105202809,1.2083223074345883,0.08070987654320988,24.423194258592158,4,0.14576456598682966,0.34150675195451313
US.ONTO,2026-05-09,1717598.0,870216.0,838,429,70,35.0,66.68549999999999,0.020174158999999997,14160501217.89,27.326405940426,13.663202970213,24.025,40.9,1.7765242795751806,3.0569290757719463,756004.3834335781,645003.574716282,10663.66783135,66.68549999999999,24.025,40.9,2051.4584494560045,2127.667481662592,0.10571665125245339,0.19292604501607716,0.817018511112072,0.023809523809523808,23.373722321399796,2,1.0269465247078648,0.9533799533799534
US.ORCL,2026-05-09,94790088.0,6142301.0,170655,30839,510291,6714.355263157895,60.62176315789473,0.30004061609210525,563561213700.0,1043.8041351969466,13.73426493680193,4.77918709975527,210.0,14686.459965824615,1116147.0,42473036.45310638,18165548.153051715,1184378.236794447,60.62176315789473,4.77918709975527,210.0,1358.4044287160116,5701.758293838862,0.3074291001138892,0.6403310018717367,2.0168022607020206,0.06050501582255101,27.057541795761434,76,0.21469149222616107,0.28189623442276923
US.OSK,2026-05-09,351665.0,351665.0,358,358,362,362.0,53.974,-0.733506218,8643707502.57,12.7704371404878,12.7704371404878,0.988950276243094,0.988950276243094,0.07041025413083235,0.07041025413083235,257948.46415297,21973.1263948,11305.57539882,53.974,0.988950276243094,0.988950276243094,982.304469273743,982.304469273743,0.8037129273262392,0.8037129273262392,3.807742459083349,0.125,22.88009743693084,1,0.0,0.0
US.PANW,2026-05-09,24158143.0,6287429.0,31478,5857,68069,3094.0454545454545,44.856545454545454,0.3991718602272727,169630080000.0,297.49962386803276,13.52271017581967,3.3278514518874487,31.92,0.10284640129849003,1.1601244307613368,14177082.76237962,5560827.921457735,318258.868436369,44.856545454545454,3.3278514518874487,31.92,1284.065781619163,2950.9039145907473,1.1224923151540698,4.6360686138154845,1.3262675189719095,0.05503385139901298,25.856885903074517,22,0.10756522907617054,0.3011739417989418
US.PATH,2026-05-09,821326.0,821326.0,6330,6330,2132,2132.0,83.803,-0.466544736,5653116998.88,13.618676603898747,13.618676603898747,2.969043151969981,2.969043151969981,0.3570318219044456,0.3570318219044456,383185.321839936,11796.366951688,108172.249677052,83.803,2.969043151969981,2.969043151969981,129.75134281200633,129.75134281200633,0.20305393112410655,0.20305393112410655,0.9907495083755099,0.023809523809523808,22.455472911379214,1,0.0,0.0
US.PDD,2026-05-09,1013626.0,542523.0,4182,2655,22730,11365.0,39.9895,0.031171214000000003,140603102516.36,26.26682175846792,13.13341087923396,0.4133381854639628,0.7470455824423186,0.008141702917475678,0.01341928648248075,391395.76188336196,92120.21198265199,50936.962455991,39.9895,0.4133381854639628,0.7470455824423186,266.36338080280007,355.286836935167,0.32632432769701136,0.43988269794721413,1.6454572820368851,0.0744047619047619,25.66920688234808,2,1.1516016667268092,0.5751412429378531
US.PENG,2026-05-09,2906866.0,613743.0,15065,6326,15952,2658.6666666666665,85.43900000000001,0.388348151,2244562278.84,78.3828912720369,13.06381521200615,3.125011547644947,15.934508816120907,0.07449122631472528,0.24111710539878847,1197051.945433095,73079.40697162,105714.23655839401,85.43900000000001,3.125011547644947,15.934508816120907,347.81486147403774,811.357698289269,1.648816477003641,2.7090909090909094,4.779147711069996,0.10336817653890824,21.531776363558038,6,0.0,0.0
US.PEP,2026-05-09,737996.0,737996.0,2102,2102,281,281.0,28.545,-0.202241055,211329716865.3,13.511695038533697,13.511695038533697,7.480427046263345,7.480427046263345,0.16985644060907443,0.16985644060907443,149253.08962578,234997.13126990802,6498.114557675999,28.545,7.480427046263345,7.480427046263345,351.09229305423406,351.09229305423406,0.0943504117108875,0.0943504117108875,0.06380635228421642,0.005076142131979695,26.076685389949073,1,0.0,0.0
US.PFE,2026-05-09,817626.0,457514.0,24547,18923,71417,35708.5,23.639,0.1467517135,146361726259.92,25.82773810011385,12.913869050056926,0.432071103714673,0.5554019356112977,0.009941112171118552,0.01759427783141144,280576.42261316197,23734.462377099997,137270.060074036,23.639,0.432071103714673,0.5554019356112977,50.190335398702345,81.35028449502134,0.3303244972577697,0.375,0.29749566489932966,0.023809523809523808,25.709346971650163,2,0.7871059683419523,3.364687055476529
US.PFGC,2026-05-09,1429630.0,979848.0,5108,2608,2980,1490.0,35.8895,0.504831335,14628206925.12,26.81167428036006,13.40583714018003,3.6744562018146736,6.376528117359413,0.07951175959491794,0.11809616531814249,845428.4948349979,87481.735187202,75730.629151872,35.8895,3.6744562018146736,6.376528117359413,282.2008116564417,391.9392,0.17605373635600333,0.2933333333333333,1.7995537411073972,0.0744047619047619,23.406217483026303,2,0.0,0.0
US.PH,2026-05-09,452120.0,452120.0,254,254,11,11.0,33.533,-0.210338678,110808501244.87,13.021705122104398,13.021705122104398,23.09090909090909,23.09090909090909,0.46768792806137915,0.46768792806137915,95098.32309736,613595.56178788,829.57328624,33.533,23.09090909090909,23.09090909090909,1780.0,1780.0,0.0,0.0,0.14713822559826625,0.009433962264150943,25.43106933436206,1,0.0,0.0
US.PLTR,2026-05-09,77236068.0,5535969.0,212802,15991,611504,7367.518072289156,48.78616867469879,0.10694631846987951,330349590430.6,1122.0088916836937,13.518179417875828,0.9328527017578239,9.666666666666666,0.05495451337825619,2.2482376114451585,35897583.752634905,11234192.474829257,1917381.841538123,48.78616867469879,0.9328527017578239,9.666666666666666,763.0448832108859,3204.9014778325122,0.33897746722286576,1.1034482758620692,1.5732774767245732,0.05766265226614409,26.523417295620114,83,0.511417398536637,0.3923825351854639
US.PM,2026-05-09,372130.0,372130.0,653,653,42,42.0,25.501,0.306778085,266497977077.54,12.82700122180247,12.82700122180247,15.547619047619047,15.547619047619047,0.5181728811765656,0.5181728811765656,114161.32877104999,163687.3531865,4090.4239338599996,25.501,15.547619047619047,15.547619047619047,569.8774885145482,569.8774885145482,0.033576616537367154,0.033576616537367154,0.07574180139612957,0.005076142131979695,26.30863248982384,1,0.0,0.0
US.PPG,2026-05-09,960375.0,660000.0,730,435,141,70.5,60.167,0.931496009,24432069000.0,26.01278693135807,13.006393465679036,8.25626381724392,12.826086956521738,0.8508805285867487,1.1914772930111899,891134.2725195,19846.342477125,13688.163636375,60.167,8.25626381724392,12.826086956521738,1267.7308591466979,1517.2413793103449,0.00853178262815971,0.012062064806184486,4.63677473479407,0.125,23.919162409624658,2,0.0,0.0
US.PRKS,2026-05-09,603760.0,603760.0,2013,2013,981,981.0,53.464,0.500283614,1874948535.38,13.310933703244645,13.310933703244645,2.051987767584098,2.051987767584098,0.15692341120764178,0.15692341120764178,302051.23478864,31399.21923752,34559.360661039995,53.464,2.051987767584098,2.051987767584098,299.9304520615996,299.9304520615996,0.3409836065573771,0.3409836065573771,0.6999775238021474,0.024390243902439025,21.351847048728104,1,0.0,0.0
US.PWR,2026-05-09,518075.0,518075.0,296,296,243,243.0,42.402,-0.261896882,111794811005.0,13.157877228626283,13.157877228626283,1.2181069958847737,1.2181069958847737,0.028617394426492113,0.028617394426492113,135682.22714215,420430.7376999,1598.4276770749998,42.402,1.2181069958847737,1.2181069958847737,1750.2533783783783,1750.2533783783783,0.1857027285430609,0.1857027285430609,0.49717158384694793,0.023809523809523808,25.439930983406025,1,0.0,0.0
US.PYPL,2026-05-09,387692.0,387692.0,510,510,1338,1338.0,38.184,0.764100672,40021126217.41,12.867969068298706,12.867969068298706,0.3811659192825112,0.3811659192825112,0.06386485739409532,0.06386485739409532,296235.717729024,32682.4937538,11420.419256168001,38.184,0.3811659192825112,0.3811659192825112,760.1803921568627,760.1803921568627,0.05769065534129543,0.05769065534129543,0.17605753963664358,0.007462686567164179,24.41267330709559,1,0.0,0.0
US.QCOM,2026-05-09,305920326.0,15478575.0,287328,32835,205384,1867.1272727272728,76.71276363636365,0.28166976103636365,230920860000.0,1568.6772594790002,14.260702358900001,7.645274324995657,202.0,10050.040440608636,1105448.0,160187444.4913494,69908601.41428298,2441239.194114205,76.71276363636365,7.645274324995657,202.0,1903.582839408189,7770.192250372578,1.219128062633108,5.692695214105792,2.684922338510826,0.054598159964367364,26.16534089137004,110,0.09377525343705957,0.10689149051741074
US.QQQ,2026-05-09,1465873363.0,40358934.0,2086631,40350,2404186,4300.8694096601075,22.321742397137744,0.13083582037924865,,7931.611051045543,14.188928534965193,79.77442424091058,7665.0,27664.162983173628,3415262.0,727151803.1114546,963533943.81432,18893764.62841572,22.321742397137744,79.77442424091058,7665.0,1568.7170208102987,23416.65019762846,1.325798249406016,27.428571428571427,1.1082962502648355,0.09455604787824551,0.0,559,0.6654003225116155,1.1821616737535845
US.RCL,2026-05-09,43869071.0,30412536.0,18269,7064,24225,4037.5,48.080999999999996,0.1863834023333333,73817985744.72,89.65835681583778,14.943059469306297,17.176693434228486,97.88888888888889,0.48838156258694143,2.5682192510778474,15272514.411838513,23260390.719400126,241992.83584495398,48.080999999999996,17.176693434228486,97.88888888888889,1705.1504698533872,4305.285390713477,0.165943628235857,0.30881898795605944,1.0243927435113516,0.03632929417299819,25.024868248152153,6,5.958326876349324,2.1400825025782058
US.RDNT,2026-05-09,690422.0,690422.0,1010,1010,66,66.0,119.885,0.670089683,4554619457.85,13.445059732217313,13.445059732217313,15.303030303030303,15.303030303030303,1.7977211537960807,1.7977211537960807,462644.659116226,19151.025547189998,27223.644626524,119.885,15.303030303030303,15.303030303030303,683.5861386138614,683.5861386138614,0.3541345711370322,0.3541345711370322,9.952988961590618,0.14285714285714285,22.239407820556956,1,0.0,0.0
US.RKLB,2026-05-09,187816693.0,10089782.0,268955,22130,198587,1654.8916666666667,81.73755833333333,0.43488481525833333,61040866915.3,1660.747429866559,13.83956191555466,32.07164548267877,1206.0,17632.310114710264,1012341.0,107525375.17554115,18348364.479723245,2134623.074876055,81.73755833333333,32.07164548267877,1206.0,1210.9101485874298,4340.593548387097,3.9458050490177734,15.919282511210762,2.48781871308472,0.05855384432922752,24.834809426251315,120,0.16875748213668162,0.24750688794678888
US.RNG,2026-05-09,460790.0,460790.0,500,500,511,511.0,37.899,0.986107135,3836231414.73,13.040699856923082,13.040699856923082,0.9784735812133072,0.9784735812133072,0.19762035568147265,0.19762035568147265,454388.30673665,2479.63171698,2841.8532065,37.899,0.9784735812133072,0.9784735812133072,921.58,921.58,0.114421397661674,0.114421397661674,1.0949295908654884,0.024390243902439025,22.067756319501996,1,0.0,0.0
US.ROIV,2026-05-09,7762930.0,7762930.0,7324,7324,7394,7394.0,191.027,0.830414723,20440424472.72,15.864870527031943,15.864870527031943,0.9905328644847173,0.9905328644847173,0.3676105957665728,0.3676105957665728,6446451.36561839,77296.54200555,260528.58855800002,191.027,0.9905328644847173,0.9905328644847173,1059.9303659202621,1059.9303659202621,0.03787878787878791,0.03787878787878791,14.080591354842532,0.125,23.740780368882334,1,0.0,0.0
US.RTX,2026-05-09,4618839.0,3698909.0,10046,5035,3121,1560.5,28.0745,0.2567375255,237137484836.52,28.85560268583093,14.427801342915465,3.7495722512963896,5.164102564102564,0.07573250871867762,0.09788344274725651,1544032.903765666,1707298.900835608,54322.315573977,28.0745,3.7495722512963896,5.164102564102564,460.43245168474436,738.1578527240072,0.039889416844003614,0.05352798053527974,0.11775226299987249,0.007462686567164179,26.19190591468546,2,0.0,0.0
US.SANM,2026-05-09,5177542.0,1615415.0,4507,1347,3312,662.4,70.2572,0.5027282852,13310997487.25,69.0330776542248,13.80661553084496,15.580382721669974,56.0,0.902884077849411,3.74475091157193,2604429.495884124,1110088.860760823,57813.598963094,70.2572,15.580382721669974,56.0,1377.4856877769616,2012.943925233645,1.0010125044755118,1.9096774193548383,3.912461726604755,0.09547038327526132,23.311856409313958,5,0.0,0.0
US.SATS,2026-05-09,9381827.0,4950665.0,7672,3149,7331,1466.2,64.68199999999999,0.5008487448000001,36730565471.85,70.18740257969498,14.037480515938995,229.59437420491344,1000.0,164301.34710486553,821500.0,4851563.920900662,2442433.395750103,97872.78774707,64.68199999999999,229.59437420491344,1000.0,1090.1303549541058,1572.1387742140362,0.09319057566175722,0.1699376023982988,0.6439659540348527,0.018368929627145588,24.32687509205425,5,0.0,0.0
US.SCHW,2026-05-09,1858748.0,1078137.0,15475,11795,1900,633.3333333333334,35.654,-0.2630467006666667,154012991467.01,39.63899970519058,13.212999901730193,14.24593790858851,37.44444444444444,0.17189388517932283,0.38626082190014027,509738.72657612,151241.81778309098,88534.83496893902,35.654,14.24593790858851,37.44444444444444,172.09067291325223,224.84559643255295,0.2708853238265003,0.6323529411764706,1.1727319365606081,0.04950615643546816,25.760302795983804,3,0.0,0.0
US.SEZL,2026-05-09,1677258.0,963163.0,600,300,2102,1051.0,53.956,0.9226707395,3239627010.46,27.256751663488068,13.628375831744034,0.3827845298233218,0.5758157389635317,0.11938729363375179,0.19189136204668605,1561709.693444149,84813.351367684,8467.300814942,53.956,0.3827845298233218,0.5758157389635317,2795.4300000000003,3210.5433333333335,0.0397593970646643,0.045301376116417595,0.5707149760746674,0.014285714285714285,21.89872404020409,2,0.0,0.0
US.SFM,2026-05-09,397067.0,397067.0,617,617,1099,1099.0,40.491,0.638444255,7789689451.83,12.89186282963655,12.89186282963655,0.5614194722474978,0.5614194722474978,0.043619274796476815,0.043619274796476815,253505.145000085,41273.388599751,13242.973422129,40.491,0.5614194722474978,0.5614194722474978,643.5445705024312,643.5445705024312,0.6348179447263612,0.6348179447263612,0.5422816575119308,0.023809523809523808,22.77606683118592,1,0.0,0.0
US.SHOO,2026-05-09,422217.0,422217.0,1702,1702,610,610.0,42.097,0.581965072,2967999555.96,12.953277047310394,12.953277047310394,2.7901639344262295,2.7901639344262295,0.17044053592549682,0.17044053592549682,245715.546804624,22254.565764978,29014.68046311,42.097,2.7901639344262295,2.7901639344262295,248.0710928319624,248.0710928319624,0.19310344827586204,0.19310344827586204,0.5650616555092074,0.024390243902439025,21.811154012979298,1,0.0,0.0
US.SHOP,2026-05-09,7203809.0,1533992.0,9391,2781,6576,730.6666666666666,61.25311111111111,-0.36310331155555553,143274045490.1,121.23275464310485,13.470306071456095,16.37016157554294,124.0,1.404243125182811,11.58998279141382,4152443.2808978828,878490.406208104,143607.675145636,61.25311111111111,16.37016157554294,124.0,1075.5871396300677,2644.3937007874015,0.14778540332606221,0.39880059970014997,2.4212255409518897,0.06721064110174894,25.68802503528629,9,6.604200577191438,1.982216576691013
US.SLB,2026-05-09,305119.0,305119.0,1658,1658,6896,6896.0,33.182,0.422558525,79641721601.47,12.628460420834246,12.628460420834246,0.2404292343387471,0.2404292343387471,0.008305949814825058,0.008305949814825058,128930.63458947501,21297.313522856002,20180.674705579,33.182,0.2404292343387471,0.2404292343387471,184.02834740651386,184.02834740651386,0.1739130434782609,0.1739130434782609,0.4376217549724624,0.023809523809523808,25.10080393321752,1,0.0,0.0
US.SLV,2026-05-09,76128613.0,14389711.0,224712,57448,962054,18501.03846153846,53.18088461538461,0.3404239655,,706.7355284601107,13.591067855002128,84.54865557840996,1610.0,37821.62825588358,700648.0,38501255.18763213,6825704.237218367,3155739.026990401,53.18088461538461,84.54865557840996,1610.0,537.1922943403798,2310.9924812030076,0.26128642576674665,1.0674846625766874,1.7732583462509237,0.056214543001652455,0.0,52,0.12992288302797897,0.13683251966711354
US.SMCI,2026-05-09,21017444.0,3548776.0,144865,31079,227260,9090.4,69.60892,0.48399869768000003,21186256068.36,335.20089705629374,13.408035882251749,2.6335827860713534,24.652631578947368,0.15578142438914327,1.6894999134944448,11742776.017958736,453604.850581158,1351025.300487089,69.60892,2.6335827860713534,24.652631578947368,336.5812722477205,822.3540983606557,0.8475832144018532,1.6336409015277569,3.3982292318109675,0.08277568861444529,23.776618509772867,25,0.03730246843356916,0.021269245953414923
US.SNDK,2026-05-09,415342756.0,33185633.0,76378,6075,39702,417.9157894736842,113.43812631578946,0.2559003431473684,231366552513.72,1400.8624715458882,14.745920753114612,18.12337997278619,551.0,255492.93794499352,21993070.0,232615905.4994526,460099718.2898419,458997.603908338,113.43812631578946,18.12337997278619,551.0,8826.210967234656,57799.97,2.0300552397230627,8.773087071240104,6.088898372362093,0.09251210239684254,26.167269097242592,95,0.2906816239144397,0.626621233095517
US.SNPS,2026-05-09,782862.0,432862.0,402,202,6,3.0,48.900000000000006,0.036480924499999984,98937955704.96,25.743867850296198,12.871933925148099,116.83333333333333,200.0,175000.6984168474,350000.0,394744.03411754797,313495.569303074,6299.6145443959995,48.900000000000006,116.83333333333333,200.0,1946.4405940594058,2142.8811881188117,0.22689118059149488,0.45378236118298976,1.7935995868597254,0.06666666666666667,25.317758780575367,2,0.8085717850030726,0.9900990099009901
US.SO,2026-05-09,520517.0,520517.0,2041,2041,2310,2310.0,17.331,0.417033438,103486240796.4,13.162579748571778,13.162579748571778,0.8835497835497835,0.8835497835497835,0.02454597327146347,0.02454597327146347,217072.994047446,99969.84853788599,23816.47395214,17.331,0.8835497835497835,0.8835497835497835,255.03037726604606,255.03037726604606,0.1920860545524395,0.1920860545524395,0.10141307380525703,0.009433962264150943,25.362704501659085,1,0.0,0.0
US.SPGI,2026-05-09,1641850.0,1641850.0,350,350,0,0.0,30.099,0.843844903,124355520000.0,14.31133482188077,14.31133482188077,350.0,350.0,1641850.0,1641850.0,1385466.75399055,604406.22334645,8493.34094735,30.099,350.0,350.0,4691.0,4691.0,0.0,0.0,0.3919897429873007,0.02,25.546410397050952,1,0.0,0.0
US.STX,2026-05-09,2740217.0,635435.0,1744,525,1010,168.33333333333334,77.9035,0.0936658475,175490578298.88,77.99602147527477,12.999336912545795,8.244387085293685,29.166666666666668,0.13360482118409425,0.3441045691505673,830245.152960788,1050106.278249892,10453.003117517,77.9035,8.244387085293685,29.166666666666668,1769.0612485986721,2941.828703703704,0.4079694797881896,0.7001785455291099,5.134117566829477,0.11174242424242424,25.890851193510276,6,0.7165654871120571,1.4255910987482614
US.SYK,2026-05-09,3791077.0,2462800.0,404,204,301,150.5,17.9555,-0.487575123,109330514703.91,28.816203802520924,14.408101901260462,1.3421633554083885,1.3509933774834437,0.441643659412683,0.5751450823787672,1295269.643306142,64851.118826729995,6029.538108936,17.9555,1.3421633554083885,1.3509933774834437,9412.58088235294,12314.0,0.046620046620046644,0.09324009324009329,0.14498352125175812,0.023809523809523808,25.417641376192112,2,0.0,0.0
US.SYNA,2026-05-09,578605.0,578605.0,444,444,456,456.0,62.504,0.985946977,4846324829.55,13.268377041328684,13.268377041328684,0.9736842105263158,0.9736842105263158,0.10116165303636193,0.10116165303636193,570473.850627085,3444.093609445,1994.18990554,62.504,0.9736842105263158,0.9736842105263158,1303.1644144144145,1303.1644144144145,2.1759991350065553,2.1759991350065553,5.912974730063072,0.14285714285714285,22.301486487748438,1,0.0,0.0
US.T,2026-05-09,544977.0,544977.0,14255,14255,5228,5228.0,21.819,0.268210704,174820205088.6,13.208500705858135,13.208500705858135,2.7266641162968632,2.7266641162968632,0.04143162413955429,0.04143162413955429,146168.664833808,19767.200832648003,74750.190861654,21.819,2.7266641162968632,2.7266641162968632,38.23058575938267,38.23058575938267,0.2626050420168068,0.2626050420168068,0.17388055191573443,0.014084507042253521,25.887023883245302,1,0.0,0.0
US.TDG,2026-05-09,427700.0,427700.0,1053,1053,1011,1011.0,32.23,0.094823887,67963778031.64,12.966179632299712,12.966179632299712,1.0415430267062316,1.0415430267062316,0.00348163486046288,0.00348163486046288,40556.1764699,120634.5030709,1339.8831628,32.23,1.0415430267062316,1.0415430267062316,406.17283950617286,406.17283950617286,0.16104615582826032,0.16104615582826032,2.2904134316938305,0.125,24.94224072420967,1,0.0,0.0
US.TER,2026-05-09,3242446.0,1088977.0,2357,584,549,109.8,69.4196,0.1193328194,56319173622.74,66.52483984468856,13.304967968937712,139.9479465254802,400.0,130400.95812607037,652000.0,1017743.2692543201,1350610.2419556861,20078.423709657,69.4196,139.9479465254802,400.0,1560.9210122749155,3289.960725075529,0.31275682278443107,0.5943077665219487,3.1484500080488553,0.07837932976626302,24.754300875814614,5,1.159515780878593,0.44956949569495697
US.TEX,2026-05-09,415000.0,415000.0,500,500,1080,1080.0,43.896,0.507258462,7263120000.0,12.936036208848487,12.936036208848487,0.46296296296296297,0.46296296296296297,0.060418122525040766,0.060418122525040766,210512.26173,45909.585405,13596.806434999999,43.896,0.46296296296296297,0.46296296296296297,830.0,830.0,0.0,0.0,0.3425111443783033,0.014285714285714285,22.706075325669943,1,0.0,0.0
US.TMO,2026-05-09,646420.0,646420.0,2001,2001,1,1.0,34.088,-0.147078356,172803981225.0,13.379206273285075,13.379206273285075,2001.0,2001.0,13.901505376344087,13.901505376344087,95074.39088552,213738.98437934002,3037.4293241600003,34.088,2001.0,2001.0,323.0484757621189,323.0484757621189,0.3714296326560933,0.3714296326560933,0.46923110407206703,0.027777777777777776,25.875423732553276,1,0.0,0.0
US.TMUS,2026-05-09,2324711.0,1311977.0,8008,5091,3131,1565.5,26.2295,0.2972542455,209547299352.71,27.91521162985041,13.957605814925206,2.9404706320353906,4.403979238754325,0.039775851519577986,0.04524440810042054,718233.960191607,513017.425272907,46767.441913488,26.2295,2.9404706320353906,4.403979238754325,324.3478120557583,449.7692835104559,0.3547658887211865,0.6216216216216217,0.3461048045297137,0.023809523809523808,26.06821532339722,2,0.0,0.0
US.TPR,2026-05-09,1436999.0,780580.0,1512,784,43,21.5,41.348,0.896549346,26968928424.72,26.962349900141312,13.481174950070656,400.4651162790698,784.0,390290.5718294179,780580.0,1289771.665352034,47028.669173195005,33736.793432755,41.348,400.4651162790698,784.0,948.6561028257456,995.6377551020408,0.18217133144985803,0.19265502709211335,3.2681563491927594,0.125,24.017951241225653,2,0.0,0.0
US.TSLA,2026-05-09,1641044973.0,48608589.0,1499500,72671,1275429,2945.5635103926097,43.68286836027714,0.2150973104457275,1608764320142.85,6259.004009995675,14.454974618927656,47.27965135471833,4738.0,24381.498689338518,4875896.0,941558463.4084674,547205621.792395,18698863.72218519,43.68286836027714,47.27965135471833,4738.0,2170.678442257722,27799.781326781325,0.5895774876643173,3.235294117647059,1.8950590993216747,0.07525912392312557,28.106487497227448,433,0.2839850108552324,0.3779319534103701
US.TTD,2026-05-09,4514152.0,1305017.0,26950,7167,32119,4588.428571428572,67.81957142857142,0.05128983914285716,10850100971.88,92.66978994556248,13.238541420794641,4.201445499708202,24.377551020408163,0.1645720515353299,0.6734988622832149,2545205.070493933,111908.252357645,395802.442576578,67.81957142857142,4.201445499708202,24.377551020408163,203.82100264760493,370.1125921724333,0.3096341478773447,0.5508474576271186,1.6292680577219147,0.04171155771953451,23.107440223145797,7,1.4718365773498905,0.6175499669887762
US.TTWO,2026-05-09,1171463.0,1171463.0,551,551,135,135.0,49.225,0.931326913,40821929275.2,13.973764806624269,13.973764806624269,4.0814814814814815,4.0814814814814815,0.39362684072142,0.39362684072142,1091015.019483719,46859.519257939006,10412.347383863998,49.225,4.0814814814814815,4.0814814814814815,2126.0671506352087,2126.0671506352087,0.06609330722647688,0.06609330722647688,3.8905934830939732,0.125,24.432485256224478,1,0.0,0.0
US.TWLO,2026-05-09,723553.0,723553.0,285,285,0,0.0,56.506,-0.377877784,30612787562.0,13.491930459448833,13.491930459448833,285.0,285.0,723553.0,723553.0,273414.604246552,367244.697531025,3684.878158515,56.506,285.0,285.0,2538.782456140351,2538.782456140351,0.011505052635615699,0.011505052635615699,0.16013889856896488,0.006211180124223602,24.144683652826963,1,0.0,0.0
US.TXN,2026-05-09,2510196.0,1268907.0,2869,1160,4572,1143.0,37.15775,0.55160053325,261924705249.8,52.83479709537344,13.20869927384336,0.7319488434452209,1.5508021390374331,0.020791960523067806,0.04251676838155716,1669966.494298253,360133.006706654,43932.57554476,37.15775,0.7319488434452209,1.5508021390374331,1079.5386697004778,1812.7242857142858,0.3291113291921736,0.5840909090909091,2.285231993931887,0.09970238095238096,26.291322914865727,4,0.0,0.0
US.UAL,2026-05-09,791501.0,428601.0,3091,2660,4898,2449.0,51.7515,0.39488341150000006,32320653514.24,25.770169377143716,12.885084688571858,1.8755320720678688,3.1925925925925926,0.16323627727368706,0.31882127156278595,322758.11150028906,89294.29148810501,23536.522662507003,51.7515,1.8755320720678688,3.1925925925925926,565.4312230692741,994.4338747099767,0.3756418240968197,0.6393576685748272,2.124557874767359,0.06954225352112677,24.198972290544635,2,0.0,0.0
US.UBER,2026-05-09,3909431.0,2435612.0,18282,12480,17128,4282.0,38.16525,0.09891765500000001,153585945530.85,53.88793982647105,13.471984956617762,1.4156492283907638,3.5950248756218905,0.061537547784163676,0.14777998674618953,1893001.378585059,270203.165157086,193183.899049435,38.16525,1.4156492283907638,3.5950248756218905,682.050625857867,2230.0,0.2712071463755,0.48578319801610215,1.6233803147073609,0.0744047619047619,25.757526153029875,4,0.21481412658465426,0.01724905408413087
US.UNH,2026-05-09,26204524.0,2818680.0,38945,5435,121156,4177.793103448276,24.28148275862069,0.355092259137931,345076710631.92,391.76728792462694,13.509216824987137,33.50427498674009,627.0,18369.27482348404,532705.0,10841338.6016196,9129093.011189817,317409.86276133,24.28148275862069,33.50427498674009,627.0,1226.7620528220377,3593.8325991189427,0.6761804088693568,2.1588785046728973,0.7639189630601022,0.05942740804623001,26.567032578922387,29,0.09611434732033552,0.06462371176293705
US.UPS,2026-05-09,945432.0,493207.0,1152,841,1188,594.0,35.3245,-0.4530381595,85663632797.62,26.130623604596956,13.065311802298478,1.0354923507864684,1.601904761904762,0.08044904218117857,0.0932170971186649,409750.363359775,10444.6410581,7986.344149199999,35.3245,1.0354923507864684,1.601904761904762,1020.2763552806146,1454.0996784565916,0.11247168220226925,0.20418953164026182,2.303826647735922,0.125,25.173694217744302,2,0.91690709985868,0.3697978596908442
US.UPWK,2026-05-09,1839718.0,1839718.0,4089,4089,4962,4962.0,223.14,-0.850755117,1089429968.34,14.425123400531376,14.425123400531376,0.8240628778718259,0.8240628778718259,0.4203643838295764,0.4203643838295764,1565149.502337006,4962.5620368439995,165708.108098362,223.14,0.8240628778718259,0.8240628778718259,449.91880655416975,449.91880655416975,0.5249573472155389,0.5249573472155389,16.931656396503673,0.14285714285714285,20.808920432485888,1,0.0,0.0
US.USO,2026-05-09,30308561.0,2978443.0,51961,5403,125263,3385.4864864864867,70.92254054054054,0.19266767686486488,,495.5420337646652,13.393027939585545,29.230447941554523,401.0,34492.277915031766,911445.0,13894159.454621583,4412716.918930973,481857.040167668,70.92254054054054,29.230447941554523,401.0,1055.4460938321336,3759.7531914893616,0.17481611443418257,0.4287299505699587,3.702056865717746,0.0819255078725333,0.0,37,0.46962298768221933,0.417182599209055
US.V,2026-05-09,1548705.0,1548705.0,1050,1050,1737,1737.0,24.335,-0.411631775,603937440012.03,14.252930301513846,14.252930301513846,0.6044905008635578,0.6044905008635578,0.027968179115969653,0.027968179115969653,637496.188101375,1151889.0184746902,13255.014538965,24.335,0.6044905008635578,0.6044905008635578,1474.9571428571428,1474.9571428571428,0.10669018592543067,0.10669018592543067,0.07632308135166646,0.007462686567164179,27.12673645337948,1,0.0,0.0
US.VIAV,2026-05-09,3107932.0,2284477.0,12956,11695,19709,9854.5,90.42500000000001,0.44979677249999994,11978422022.7,28.262913506515808,14.131456753257904,0.5636071259525948,0.9595503774204135,0.028990823290610916,0.03660155769594712,1185293.8244713289,108195.996087306,148081.819709323,90.42500000000001,0.5636071259525948,0.9595503774204135,424.1776843300122,653.0174464710548,0.48715410304976353,0.7450980392156864,4.396841276631381,0.08362369337979093,23.20637270340394,2,0.0,0.0
US.VITL,2026-05-09,2591350.0,2591350.0,4460,4460,30464,30464.0,252.293,-0.918404997,383065178.76,14.767689919300075,14.767689919300075,0.14640231092436976,0.14640231092436976,0.09514843059707104,0.09514843059707104,2379908.78897595,4598.6770851,133342.37914605002,252.293,0.14640231092436976,0.14640231092436976,581.0201793721973,581.0201793721973,0.09306569343065706,0.09306569343065706,18.065998131437272,0.14285714285714285,19.763715714806576,1,0.0,0.0
US.VRT,2026-05-09,4944246.0,1455980.0,3070,723,10957,1369.625,65.601,0.09354079474999999,130585474175.52,105.68618361228415,13.21077295153552,3.021162010923607,10.632352941176471,0.14009341250074386,0.38376859044123796,2264354.09630561,1646909.336731648,29381.758544184002,65.601,3.021162010923607,10.632352941176471,1743.1373888445123,3294.072398190045,0.14743961894657276,0.4382331978502495,1.795677298573394,0.04767415265990594,25.595293823839675,8,0.8893631168354742,1.2038765254845656
US.VSH,2026-05-09,1012845.0,1012845.0,5994,5994,40,40.0,83.228,0.290708131,4662965351.1,13.828274747982043,13.828274747982043,149.85,149.85,7.390871278458844,7.390871278458844,294442.27694269497,51823.01052117,27931.351144934997,83.228,149.85,149.85,168.97647647647648,168.97647647647648,0.5276595744680852,0.5276595744680852,0.6170177860650866,0.014285714285714285,22.26291742435683,1,0.0,0.0
US.VST,2026-05-09,18421637.0,2593736.0,58630,10503,39132,2301.8823529411766,51.51105882352941,-0.03852469988235294,49781640000.0,233.0936294915358,13.711389970090341,7.145079425850101,54.42424242424242,0.15272082701075537,0.6790978830606166,5218486.932226494,3744883.594127318,170999.944494771,51.51105882352941,7.145079425850101,54.42424242424242,643.0781364527636,1740.3780241935483,0.2792432957481272,0.5783582089552238,0.4138647624784887,0.01580118643179167,24.630912078321085,17,0.5270437212124578,0.2404790115098172
US.VTRS,2026-05-09,417709.0,417709.0,2032,2032,2388,2388.0,0.0,0.0,19995369069.18,12.942542690825938,12.942542690825938,0.8509212730318257,0.8509212730318257,0.10187537376262011,0.10187537376262011,0.0,0.0,0.0,0.0,0.8509212730318257,0.8509212730318257,205.5654527559055,205.5654527559055,0.18944854001070802,0.18944854001070802,0.0,0.125,23.718766537198373,1,0.0,0.0
US.VZ,2026-05-09,1826505.0,788995.0,7483,2965,17358,5786.0,21.871333333333336,0.240299191,197169891730.2,39.70497606919019,13.234992023063397,0.44700897851908855,0.4913657770800628,0.022076679217076244,0.025319810047207302,949837.8237449909,194088.027076959,123866.473657817,21.871333333333336,0.44700897851908855,0.4913657770800628,236.04634489587048,266.10286677908937,0.07744392353982381,0.08527462304740485,0.11787561746250741,0.009669960058860626,26.007331588610473,3,0.6742012390796822,0.6518763796909492
US.WBD,2026-05-09,1909610.0,1125500.0,36311,25014,142988,47662.666666666664,27.261666666666667,0.18127812533333332,67968475991.22,39.65666158403186,13.218887194677286,0.6316953620624597,1.4988019169329074,0.01389952795945787,0.034262332610132895,384837.440817517,67938.693229599,182013.638984314,27.261666666666667,0.6316953620624597,1.4988019169329074,63.69961928444993,84.13109997362173,0.23212360693427012,0.45896328293736494,0.16495948167341526,0.013568724213612977,24.942309846282512,3,1.4353853413424138,2.2142161635832522
US.WDAY,2026-05-09,488927.0,488927.0,1066,1066,435,435.0,63.707,-0.379319848,31917303984.33,13.09997051835244,13.09997051835244,2.4505747126436783,2.4505747126436783,0.08792694320132431,0.08792694320132431,185459.715323096,32617.154768389,16667.015879481998,63.707,2.4505747126436783,2.4505747126436783,458.65572232645405,458.65572232645405,0.9523809523809521,0.9523809523809521,4.737263326210496,0.125,24.18641414434847,1,0.0,0.0
US.WDC,2026-05-09,22613424.0,10560344.0,13547,4879,5698,407.0,81.36507142857144,0.16435608964285714,165447422880.0,191.8406232484185,13.702901660601322,4.10707038710268,21.493392070484582,0.1529736233837667,1.0340447154471544,12874126.234912876,10235027.18100229,78578.795181016,81.36507142857144,4.10707038710268,21.493392070484582,2529.9362527484436,9479.662477558348,0.35536339173621384,1.291759465478842,3.8779250296171606,0.08201109480427178,25.831919294770838,14,0.22150664858685626,0.31473214285714285
US.WFC,2026-05-09,18074728.0,4306884.0,81241,27981,64237,5353.083333333333,30.700833333333332,0.013401343083333331,231472733326.16,166.89129607158685,13.907608005965571,2.7425388160120296,11.197530864197532,0.19720315564089488,1.757383904263862,10058462.871561455,2041796.24002978,612946.17020214,30.700833333333332,2.7425388160120296,11.197530864197532,389.31285477759985,1187.6061776061777,0.5681597700600033,2.8000000000000003,0.4201000955064674,0.024841521938222973,26.167727920931725,12,0.6955543443898586,4.096675031367629
US.WHR,2026-05-09,3320099.0,1385195.0,17432,11668,13014,3253.5,56.66275,-0.032373515500000005,2914447520.16,54.19935762524302,13.549839406310754,4.782321538059335,10.083743842364532,0.3445552560253604,0.8582560524516593,1948955.056697532,119174.55851630801,118649.72463889999,56.66275,4.782321538059335,10.083743842364532,344.3263196484578,635.1192113709308,0.4415146186947939,0.7881206873224192,1.2581788265317269,0.04978910691362552,21.792946109166646,4,1.6674360758364815,3.865196762489534
US.WMS,2026-05-09,1074615.0,773965.0,1719,860,48,24.0,50.676500000000004,0.12812873349999998,11154647772.0,26.172988626547347,13.086494313273674,71.84494773519164,122.71428571428571,2.158770779397738,2.999301675977654,472376.48632192996,193039.66103921502,17199.282090065,50.676500000000004,71.84494773519164,122.71428571428571,624.9796511627907,899.9593023255813,0.018716577540106933,0.037433155080213866,0.6354275106411165,0.024390243902439025,23.13512208862642,2,0.3884542582674927,0.9988372093023256
US.WMT,2026-05-09,2812518.0,623990.0,15374,7747,45423,6489.0,30.802857142857142,0.5686354627142857,1039656292871.45,90.07998896368431,12.868569851954902,0.48184605186138185,1.071481757259866,0.020963334841746808,0.09380585784877471,1634741.74836434,205610.085925068,129554.99941267501,30.802857142857142,0.48184605186138185,1.071481757259866,554.9579716519256,1223.5098039215686,0.28464737529721157,0.857142857142857,2.001976620302201,0.09608843537414967,27.669911286836115,7,0.0,0.0
US.WSC,2026-05-09,1157843.0,661078.0,3934,2416,4984,2492.0,68.519,0.453764595,5085950479.9,26.517502996833592,13.258751498416796,0.8194934422823003,0.910617876424715,0.0972118909022245,0.14112721939597844,599947.58186682,4051.6670715620003,21606.52460945,68.519,0.8194934422823003,0.910617876424715,320.5537029705346,435.4927536231884,2.8290875828950375,3.4,5.445226361949714,0.14285714285714285,22.34974776754424,2,0.0,0.0
US.WYNN,2026-05-09,46957065.0,28622792.0,31691,16692,14591,4863.666666666667,38.523,0.7755133316666667,10629836784.18,46.56761327916901,15.522537759723003,62.26195084697781,160.5,9.501366870631982,26.871622129091374,37645414.34366891,6842562.984797438,650235.3753753,38.523,62.26195084697781,160.5,1190.5102432441874,1714.7610831536065,0.0961401204407923,0.13869360192066726,0.49389013299155876,0.021918322999125883,23.086930675013058,3,0.0,0.0
US.XOM,2026-05-09,3461112.0,781613.0,5037,2276,35678,5946.333333333333,15.855833333333331,0.26275678333333335,599235011210.34,79.39425338971184,13.232375564951973,0.22301046689438367,0.4173849257289565,0.017953687888179894,0.05780373047440904,1399793.667287791,456063.522035935,44638.377465988,15.855833333333331,0.22301046689438367,0.4173849257289565,1220.2322131981061,2103.8838028169016,0.11746849927169484,0.2358974358974359,0.42302987341134163,0.03632929417299819,27.118919697367925,6,0.291701172495306,0.8243390076059399
US.XPEV,2026-05-09,307457.0,307457.0,1704,1704,16841,16841.0,61.345,0.496970329,14934739666.0,12.636093771534226,12.636093771534226,0.10118164004512796,0.10118164004512796,0.011687872890538083,0.011687872890538083,152797.006443353,11564.504046171,21205.580774530998,61.345,0.10118164004512796,0.10118164004512796,180.43251173708921,180.43251173708921,0.061111111111111165,0.061111111111111165,0.24679024655120943,0.007462686567164179,23.4269558573946,1,0.0,0.0
US.XYZ,2026-05-09,4960647.0,1279830.0,17825,6402,28162,4023.1428571428573,53.12614285714285,0.4734127434285714,44549297850.0,93.7503727365099,13.392910390929986,3.604904512086481,20.545454545454547,0.12123097872919637,0.5078885042812898,2645808.341224451,340801.156925172,230924.217390001,53.12614285714285,3.604904512086481,20.545454545454547,732.2766776371819,2357.5,0.7079805583679236,1.2623490669593853,2.0029668888778067,0.06484160828510509,24.51986222981871,7,0.22156856033527683,0.10017281817059623
US.ZS,2026-05-09,4755185.0,1983919.0,1828,920,1336,445.3333333333333,50.249,0.46423223599999996,24461089647.39,42.65279347990431,14.217597826634771,1.649064553785112,2.654970760233918,0.3714712579752539,0.7626283768537451,2249293.162986396,334493.38346163195,17144.261965099002,50.249,1.649064553785112,2.654970760233918,3156.663889420928,4369.86563876652,0.0779135342703317,0.17269076305220887,0.665825207725334,0.057539682539682536,23.920349514389404,3,0.0,0.0
US.ZTS,2026-05-09,327692.0,327692.0,1103,1103,80,80.0,35.82,0.34206631,34724665013.94,12.69983247345784,12.69983247345784,13.7875,13.7875,0.49452493058070746,0.49452493058070746,112092.39325652,43608.866977284,9271.038797868001,35.82,13.7875,13.7875,297.0915684496827,297.0915684496827,0.5190937134347411,0.5190937134347411,0.2762356253711193,0.014084507042253521,24.270716078742304,1,0.0,0.0
